sweep 1/180: alpha=1.0, beta=1.0, threshold=0.01, top_k=12, nms=0.4
creating index...
index created!
Loading and preparing results...
DONE (t=0.01s)
creating index...
index created!
Running per image evaluation...
Evaluate annotation type *bbox*
DONE (t=0.92s).
Accumulating evaluation results...
DONE (t=0.39s).
 Average Precision  (AP) @[ IoU=0.50:0.95 | area=   all | maxDets=100 ] = 0.163
 Average Precision  (AP) @[ IoU=0.50      | area=   all | maxDets=100 ] = 0.266
 Average Precision  (AP) @[ IoU=0.75      | area=   all | maxDets=100 ] = 0.171
 Average Precision  (AP) @[ IoU=0.50:0.95 | area= small | maxDets=100 ] = 0.054
 Average Precision  (AP) @[ IoU=0.50:0.95 | area=medium | maxDets=100 ] = 0.175
 Average Precision  (AP) @[ IoU=0.50:0.95 | area= large | maxDets=100 ] = 0.243
 Average Recall     (AR) @[ IoU=0.50:0.95 | area=   all | maxDets=  1 ] = 0.189
 Average Recall     (AR) @[ IoU=0.50:0.95 | area=   all | maxDets= 10 ] = 0.235
 Average Recall     (AR) @[ IoU=0.50:0.95 | area=   all | maxDets=100 ] = 0.235
 Average Recall     (AR) @[ IoU=0.50:0.95 | area= small | maxDets=100 ] = 0.064
 Average Recall     (AR) @[ IoU=0.50:0.95 | area=medium | maxDets=100 ] = 0.226
 Average Recall     (AR) @[ IoU=0.50:0.95 | area= large | maxDets=100 ] = 0.352
sweep 2/180: alpha=1.0, beta=1.0, threshold=0.01, top_k=12, nms=0.5
creating index...
index created!
Loading and preparing results...
DONE (t=0.01s)
creating index...
index created!
Running per image evaluation...
Evaluate annotation type *bbox*
DONE (t=0.88s).
Accumulating evaluation results...
DONE (t=0.38s).
 Average Precision  (AP) @[ IoU=0.50:0.95 | area=   all | maxDets=100 ] = 0.163
 Average Precision  (AP) @[ IoU=0.50      | area=   all | maxDets=100 ] = 0.262
 Average Precision  (AP) @[ IoU=0.75      | area=   all | maxDets=100 ] = 0.172
 Average Precision  (AP) @[ IoU=0.50:0.95 | area= small | maxDets=100 ] = 0.053
 Average Precision  (AP) @[ IoU=0.50:0.95 | area=medium | maxDets=100 ] = 0.173
 Average Precision  (AP) @[ IoU=0.50:0.95 | area= large | maxDets=100 ] = 0.245
 Average Recall     (AR) @[ IoU=0.50:0.95 | area=   all | maxDets=  1 ] = 0.187
 Average Recall     (AR) @[ IoU=0.50:0.95 | area=   all | maxDets= 10 ] = 0.235
 Average Recall     (AR) @[ IoU=0.50:0.95 | area=   all | maxDets=100 ] = 0.235
 Average Recall     (AR) @[ IoU=0.50:0.95 | area= small | maxDets=100 ] = 0.060
 Average Recall     (AR) @[ IoU=0.50:0.95 | area=medium | maxDets=100 ] = 0.222
 Average Recall     (AR) @[ IoU=0.50:0.95 | area= large | maxDets=100 ] = 0.355
sweep 3/180: alpha=1.0, beta=1.0, threshold=0.01, top_k=12, nms=0.6
creating index...
index created!
Loading and preparing results...
DONE (t=0.10s)
creating index...
index created!
Running per image evaluation...
Evaluate annotation type *bbox*
DONE (t=0.93s).
Accumulating evaluation results...
DONE (t=0.46s).
 Average Precision  (AP) @[ IoU=0.50:0.95 | area=   all | maxDets=100 ] = 0.162
 Average Precision  (AP) @[ IoU=0.50      | area=   all | maxDets=100 ] = 0.253
 Average Precision  (AP) @[ IoU=0.75      | area=   all | maxDets=100 ] = 0.176
 Average Precision  (AP) @[ IoU=0.50:0.95 | area= small | maxDets=100 ] = 0.052
 Average Precision  (AP) @[ IoU=0.50:0.95 | area=medium | maxDets=100 ] = 0.169
 Average Precision  (AP) @[ IoU=0.50:0.95 | area= large | maxDets=100 ] = 0.244
 Average Recall     (AR) @[ IoU=0.50:0.95 | area=   all | maxDets=  1 ] = 0.182
 Average Recall     (AR) @[ IoU=0.50:0.95 | area=   all | maxDets= 10 ] = 0.236
 Average Recall     (AR) @[ IoU=0.50:0.95 | area=   all | maxDets=100 ] = 0.236
 Average Recall     (AR) @[ IoU=0.50:0.95 | area= small | maxDets=100 ] = 0.058
 Average Recall     (AR) @[ IoU=0.50:0.95 | area=medium | maxDets=100 ] = 0.218
 Average Recall     (AR) @[ IoU=0.50:0.95 | area= large | maxDets=100 ] = 0.352
sweep 4/180: alpha=1.0, beta=1.0, threshold=0.01, top_k=12, nms=0.7
creating index...
index created!
Loading and preparing results...
DONE (t=0.01s)
creating index...
index created!
Running per image evaluation...
Evaluate annotation type *bbox*
DONE (t=0.76s).
Accumulating evaluation results...
DONE (t=0.36s).
 Average Precision  (AP) @[ IoU=0.50:0.95 | area=   all | maxDets=100 ] = 0.154
 Average Precision  (AP) @[ IoU=0.50      | area=   all | maxDets=100 ] = 0.232
 Average Precision  (AP) @[ IoU=0.75      | area=   all | maxDets=100 ] = 0.172
 Average Precision  (AP) @[ IoU=0.50:0.95 | area= small | maxDets=100 ] = 0.048
 Average Precision  (AP) @[ IoU=0.50:0.95 | area=medium | maxDets=100 ] = 0.161
 Average Precision  (AP) @[ IoU=0.50:0.95 | area= large | maxDets=100 ] = 0.232
 Average Recall     (AR) @[ IoU=0.50:0.95 | area=   all | maxDets=  1 ] = 0.171
 Average Recall     (AR) @[ IoU=0.50:0.95 | area=   all | maxDets= 10 ] = 0.228
 Average Recall     (AR) @[ IoU=0.50:0.95 | area=   all | maxDets=100 ] = 0.228
 Average Recall     (AR) @[ IoU=0.50:0.95 | area= small | maxDets=100 ] = 0.053
 Average Recall     (AR) @[ IoU=0.50:0.95 | area=medium | maxDets=100 ] = 0.209
 Average Recall     (AR) @[ IoU=0.50:0.95 | area= large | maxDets=100 ] = 0.344
sweep 5/180: alpha=1.0, beta=1.0, threshold=0.01, top_k=50, nms=0.4
creating index...
index created!
Loading and preparing results...
DONE (t=0.11s)
creating index...
index created!
Running per image evaluation...
Evaluate annotation type *bbox*
DONE (t=1.78s).
Accumulating evaluation results...
DONE (t=0.65s).
 Average Precision  (AP) @[ IoU=0.50:0.95 | area=   all | maxDets=100 ] = 0.173
 Average Precision  (AP) @[ IoU=0.50      | area=   all | maxDets=100 ] = 0.289
 Average Precision  (AP) @[ IoU=0.75      | area=   all | maxDets=100 ] = 0.178
 Average Precision  (AP) @[ IoU=0.50:0.95 | area= small | maxDets=100 ] = 0.070
 Average Precision  (AP) @[ IoU=0.50:0.95 | area=medium | maxDets=100 ] = 0.188
 Average Precision  (AP) @[ IoU=0.50:0.95 | area= large | maxDets=100 ] = 0.251
 Average Recall     (AR) @[ IoU=0.50:0.95 | area=   all | maxDets=  1 ] = 0.206
 Average Recall     (AR) @[ IoU=0.50:0.95 | area=   all | maxDets= 10 ] = 0.286
 Average Recall     (AR) @[ IoU=0.50:0.95 | area=   all | maxDets=100 ] = 0.293
 Average Recall     (AR) @[ IoU=0.50:0.95 | area= small | maxDets=100 ] = 0.107
 Average Recall     (AR) @[ IoU=0.50:0.95 | area=medium | maxDets=100 ] = 0.294
 Average Recall     (AR) @[ IoU=0.50:0.95 | area= large | maxDets=100 ] = 0.420
sweep 6/180: alpha=1.0, beta=1.0, threshold=0.01, top_k=50, nms=0.5
creating index...
index created!
Loading and preparing results...
DONE (t=0.02s)
creating index...
index created!
Running per image evaluation...
Evaluate annotation type *bbox*
DONE (t=1.76s).
Accumulating evaluation results...
DONE (t=0.63s).
 Average Precision  (AP) @[ IoU=0.50:0.95 | area=   all | maxDets=100 ] = 0.174
 Average Precision  (AP) @[ IoU=0.50      | area=   all | maxDets=100 ] = 0.286
 Average Precision  (AP) @[ IoU=0.75      | area=   all | maxDets=100 ] = 0.181
 Average Precision  (AP) @[ IoU=0.50:0.95 | area= small | maxDets=100 ] = 0.071
 Average Precision  (AP) @[ IoU=0.50:0.95 | area=medium | maxDets=100 ] = 0.191
 Average Precision  (AP) @[ IoU=0.50:0.95 | area= large | maxDets=100 ] = 0.253
 Average Recall     (AR) @[ IoU=0.50:0.95 | area=   all | maxDets=  1 ] = 0.205
 Average Recall     (AR) @[ IoU=0.50:0.95 | area=   all | maxDets= 10 ] = 0.290
 Average Recall     (AR) @[ IoU=0.50:0.95 | area=   all | maxDets=100 ] = 0.299
 Average Recall     (AR) @[ IoU=0.50:0.95 | area= small | maxDets=100 ] = 0.107
 Average Recall     (AR) @[ IoU=0.50:0.95 | area=medium | maxDets=100 ] = 0.300
 Average Recall     (AR) @[ IoU=0.50:0.95 | area= large | maxDets=100 ] = 0.429
sweep 7/180: alpha=1.0, beta=1.0, threshold=0.01, top_k=50, nms=0.6
creating index...
index created!
Loading and preparing results...
DONE (t=0.23s)
creating index...
index created!
Running per image evaluation...
Evaluate annotation type *bbox*
DONE (t=1.88s).
Accumulating evaluation results...
DONE (t=0.62s).
 Average Precision  (AP) @[ IoU=0.50:0.95 | area=   all | maxDets=100 ] = 0.173
 Average Precision  (AP) @[ IoU=0.50      | area=   all | maxDets=100 ] = 0.277
 Average Precision  (AP) @[ IoU=0.75      | area=   all | maxDets=100 ] = 0.186
 Average Precision  (AP) @[ IoU=0.50:0.95 | area= small | maxDets=100 ] = 0.068
 Average Precision  (AP) @[ IoU=0.50:0.95 | area=medium | maxDets=100 ] = 0.191
 Average Precision  (AP) @[ IoU=0.50:0.95 | area= large | maxDets=100 ] = 0.253
 Average Recall     (AR) @[ IoU=0.50:0.95 | area=   all | maxDets=  1 ] = 0.204
 Average Recall     (AR) @[ IoU=0.50:0.95 | area=   all | maxDets= 10 ] = 0.295
 Average Recall     (AR) @[ IoU=0.50:0.95 | area=   all | maxDets=100 ] = 0.307
 Average Recall     (AR) @[ IoU=0.50:0.95 | area= small | maxDets=100 ] = 0.103
 Average Recall     (AR) @[ IoU=0.50:0.95 | area=medium | maxDets=100 ] = 0.308
 Average Recall     (AR) @[ IoU=0.50:0.95 | area= large | maxDets=100 ] = 0.440
sweep 8/180: alpha=1.0, beta=1.0, threshold=0.01, top_k=50, nms=0.7
creating index...
index created!
Loading and preparing results...
DONE (t=0.18s)
creating index...
index created!
Running per image evaluation...
Evaluate annotation type *bbox*
DONE (t=1.84s).
Accumulating evaluation results...
DONE (t=0.60s).
 Average Precision  (AP) @[ IoU=0.50:0.95 | area=   all | maxDets=100 ] = 0.168
 Average Precision  (AP) @[ IoU=0.50      | area=   all | maxDets=100 ] = 0.259
 Average Precision  (AP) @[ IoU=0.75      | area=   all | maxDets=100 ] = 0.187
 Average Precision  (AP) @[ IoU=0.50:0.95 | area= small | maxDets=100 ] = 0.065
 Average Precision  (AP) @[ IoU=0.50:0.95 | area=medium | maxDets=100 ] = 0.192
 Average Precision  (AP) @[ IoU=0.50:0.95 | area= large | maxDets=100 ] = 0.244
 Average Recall     (AR) @[ IoU=0.50:0.95 | area=   all | maxDets=  1 ] = 0.201
 Average Recall     (AR) @[ IoU=0.50:0.95 | area=   all | maxDets= 10 ] = 0.295
 Average Recall     (AR) @[ IoU=0.50:0.95 | area=   all | maxDets=100 ] = 0.310
 Average Recall     (AR) @[ IoU=0.50:0.95 | area= small | maxDets=100 ] = 0.098
 Average Recall     (AR) @[ IoU=0.50:0.95 | area=medium | maxDets=100 ] = 0.314
 Average Recall     (AR) @[ IoU=0.50:0.95 | area= large | maxDets=100 ] = 0.446
sweep 9/180: alpha=1.0, beta=1.0, threshold=0.01, top_k=100, nms=0.4
creating index...
index created!
Loading and preparing results...
DONE (t=0.17s)
creating index...
index created!
Running per image evaluation...
Evaluate annotation type *bbox*
DONE (t=2.58s).
Accumulating evaluation results...
DONE (t=0.88s).
 Average Precision  (AP) @[ IoU=0.50:0.95 | area=   all | maxDets=100 ] = 0.174
 Average Precision  (AP) @[ IoU=0.50      | area=   all | maxDets=100 ] = 0.292
 Average Precision  (AP) @[ IoU=0.75      | area=   all | maxDets=100 ] = 0.179
 Average Precision  (AP) @[ IoU=0.50:0.95 | area= small | maxDets=100 ] = 0.072
 Average Precision  (AP) @[ IoU=0.50:0.95 | area=medium | maxDets=100 ] = 0.189
 Average Precision  (AP) @[ IoU=0.50:0.95 | area= large | maxDets=100 ] = 0.252
 Average Recall     (AR) @[ IoU=0.50:0.95 | area=   all | maxDets=  1 ] = 0.209
 Average Recall     (AR) @[ IoU=0.50:0.95 | area=   all | maxDets= 10 ] = 0.301
 Average Recall     (AR) @[ IoU=0.50:0.95 | area=   all | maxDets=100 ] = 0.310
 Average Recall     (AR) @[ IoU=0.50:0.95 | area= small | maxDets=100 ] = 0.119
 Average Recall     (AR) @[ IoU=0.50:0.95 | area=medium | maxDets=100 ] = 0.319
 Average Recall     (AR) @[ IoU=0.50:0.95 | area= large | maxDets=100 ] = 0.437
sweep 10/180: alpha=1.0, beta=1.0, threshold=0.01, top_k=100, nms=0.5
creating index...
index created!
Loading and preparing results...
DONE (t=0.16s)
creating index...
index created!
Running per image evaluation...
Evaluate annotation type *bbox*
DONE (t=2.57s).
Accumulating evaluation results...
DONE (t=0.85s).
 Average Precision  (AP) @[ IoU=0.50:0.95 | area=   all | maxDets=100 ] = 0.175
 Average Precision  (AP) @[ IoU=0.50      | area=   all | maxDets=100 ] = 0.289
 Average Precision  (AP) @[ IoU=0.75      | area=   all | maxDets=100 ] = 0.181
 Average Precision  (AP) @[ IoU=0.50:0.95 | area= small | maxDets=100 ] = 0.073
 Average Precision  (AP) @[ IoU=0.50:0.95 | area=medium | maxDets=100 ] = 0.192
 Average Precision  (AP) @[ IoU=0.50:0.95 | area= large | maxDets=100 ] = 0.254
 Average Recall     (AR) @[ IoU=0.50:0.95 | area=   all | maxDets=  1 ] = 0.208
 Average Recall     (AR) @[ IoU=0.50:0.95 | area=   all | maxDets= 10 ] = 0.306
 Average Recall     (AR) @[ IoU=0.50:0.95 | area=   all | maxDets=100 ] = 0.319
 Average Recall     (AR) @[ IoU=0.50:0.95 | area= small | maxDets=100 ] = 0.122
 Average Recall     (AR) @[ IoU=0.50:0.95 | area=medium | maxDets=100 ] = 0.329
 Average Recall     (AR) @[ IoU=0.50:0.95 | area= large | maxDets=100 ] = 0.448
sweep 11/180: alpha=1.0, beta=1.0, threshold=0.01, top_k=100, nms=0.6
creating index...
index created!
Loading and preparing results...
DONE (t=0.16s)
creating index...
index created!
Running per image evaluation...
Evaluate annotation type *bbox*
DONE (t=2.65s).
Accumulating evaluation results...
DONE (t=0.83s).
 Average Precision  (AP) @[ IoU=0.50:0.95 | area=   all | maxDets=100 ] = 0.175
 Average Precision  (AP) @[ IoU=0.50      | area=   all | maxDets=100 ] = 0.281
 Average Precision  (AP) @[ IoU=0.75      | area=   all | maxDets=100 ] = 0.187
 Average Precision  (AP) @[ IoU=0.50:0.95 | area= small | maxDets=100 ] = 0.073
 Average Precision  (AP) @[ IoU=0.50:0.95 | area=medium | maxDets=100 ] = 0.193
 Average Precision  (AP) @[ IoU=0.50:0.95 | area= large | maxDets=100 ] = 0.255
 Average Recall     (AR) @[ IoU=0.50:0.95 | area=   all | maxDets=  1 ] = 0.208
 Average Recall     (AR) @[ IoU=0.50:0.95 | area=   all | maxDets= 10 ] = 0.315
 Average Recall     (AR) @[ IoU=0.50:0.95 | area=   all | maxDets=100 ] = 0.332
 Average Recall     (AR) @[ IoU=0.50:0.95 | area= small | maxDets=100 ] = 0.124
 Average Recall     (AR) @[ IoU=0.50:0.95 | area=medium | maxDets=100 ] = 0.335
 Average Recall     (AR) @[ IoU=0.50:0.95 | area= large | maxDets=100 ] = 0.472
sweep 12/180: alpha=1.0, beta=1.0, threshold=0.01, top_k=100, nms=0.7
creating index...
index created!
Loading and preparing results...
DONE (t=0.18s)
creating index...
index created!
Running per image evaluation...
Evaluate annotation type *bbox*
DONE (t=2.45s).
Accumulating evaluation results...
DONE (t=0.80s).
 Average Precision  (AP) @[ IoU=0.50:0.95 | area=   all | maxDets=100 ] = 0.170
 Average Precision  (AP) @[ IoU=0.50      | area=   all | maxDets=100 ] = 0.262
 Average Precision  (AP) @[ IoU=0.75      | area=   all | maxDets=100 ] = 0.189
 Average Precision  (AP) @[ IoU=0.50:0.95 | area= small | maxDets=100 ] = 0.070
 Average Precision  (AP) @[ IoU=0.50:0.95 | area=medium | maxDets=100 ] = 0.194
 Average Precision  (AP) @[ IoU=0.50:0.95 | area= large | maxDets=100 ] = 0.246
 Average Recall     (AR) @[ IoU=0.50:0.95 | area=   all | maxDets=  1 ] = 0.206
 Average Recall     (AR) @[ IoU=0.50:0.95 | area=   all | maxDets= 10 ] = 0.315
 Average Recall     (AR) @[ IoU=0.50:0.95 | area=   all | maxDets=100 ] = 0.340
 Average Recall     (AR) @[ IoU=0.50:0.95 | area= small | maxDets=100 ] = 0.121
 Average Recall     (AR) @[ IoU=0.50:0.95 | area=medium | maxDets=100 ] = 0.348
 Average Recall     (AR) @[ IoU=0.50:0.95 | area= large | maxDets=100 ] = 0.477
sweep 13/180: alpha=1.0, beta=1.0, threshold=0.05, top_k=12, nms=0.4
creating index...
index created!
Loading and preparing results...
DONE (t=0.01s)
creating index...
index created!
Running per image evaluation...
Evaluate annotation type *bbox*
DONE (t=0.91s).
Accumulating evaluation results...
DONE (t=0.39s).
 Average Precision  (AP) @[ IoU=0.50:0.95 | area=   all | maxDets=100 ] = 0.163
 Average Precision  (AP) @[ IoU=0.50      | area=   all | maxDets=100 ] = 0.266
 Average Precision  (AP) @[ IoU=0.75      | area=   all | maxDets=100 ] = 0.171
 Average Precision  (AP) @[ IoU=0.50:0.95 | area= small | maxDets=100 ] = 0.054
 Average Precision  (AP) @[ IoU=0.50:0.95 | area=medium | maxDets=100 ] = 0.175
 Average Precision  (AP) @[ IoU=0.50:0.95 | area= large | maxDets=100 ] = 0.243
 Average Recall     (AR) @[ IoU=0.50:0.95 | area=   all | maxDets=  1 ] = 0.189
 Average Recall     (AR) @[ IoU=0.50:0.95 | area=   all | maxDets= 10 ] = 0.235
 Average Recall     (AR) @[ IoU=0.50:0.95 | area=   all | maxDets=100 ] = 0.235
 Average Recall     (AR) @[ IoU=0.50:0.95 | area= small | maxDets=100 ] = 0.064
 Average Recall     (AR) @[ IoU=0.50:0.95 | area=medium | maxDets=100 ] = 0.226
 Average Recall     (AR) @[ IoU=0.50:0.95 | area= large | maxDets=100 ] = 0.352
sweep 14/180: alpha=1.0, beta=1.0, threshold=0.05, top_k=12, nms=0.5
creating index...
index created!
Loading and preparing results...
DONE (t=0.01s)
creating index...
index created!
Running per image evaluation...
Evaluate annotation type *bbox*
DONE (t=0.80s).
Accumulating evaluation results...
DONE (t=0.38s).
 Average Precision  (AP) @[ IoU=0.50:0.95 | area=   all | maxDets=100 ] = 0.163
 Average Precision  (AP) @[ IoU=0.50      | area=   all | maxDets=100 ] = 0.262
 Average Precision  (AP) @[ IoU=0.75      | area=   all | maxDets=100 ] = 0.172
 Average Precision  (AP) @[ IoU=0.50:0.95 | area= small | maxDets=100 ] = 0.053
 Average Precision  (AP) @[ IoU=0.50:0.95 | area=medium | maxDets=100 ] = 0.173
 Average Precision  (AP) @[ IoU=0.50:0.95 | area= large | maxDets=100 ] = 0.245
 Average Recall     (AR) @[ IoU=0.50:0.95 | area=   all | maxDets=  1 ] = 0.187
 Average Recall     (AR) @[ IoU=0.50:0.95 | area=   all | maxDets= 10 ] = 0.235
 Average Recall     (AR) @[ IoU=0.50:0.95 | area=   all | maxDets=100 ] = 0.235
 Average Recall     (AR) @[ IoU=0.50:0.95 | area= small | maxDets=100 ] = 0.060
 Average Recall     (AR) @[ IoU=0.50:0.95 | area=medium | maxDets=100 ] = 0.222
 Average Recall     (AR) @[ IoU=0.50:0.95 | area= large | maxDets=100 ] = 0.355
sweep 15/180: alpha=1.0, beta=1.0, threshold=0.05, top_k=12, nms=0.6
creating index...
index created!
Loading and preparing results...
DONE (t=0.09s)
creating index...
index created!
Running per image evaluation...
Evaluate annotation type *bbox*
DONE (t=0.76s).
Accumulating evaluation results...
DONE (t=0.37s).
 Average Precision  (AP) @[ IoU=0.50:0.95 | area=   all | maxDets=100 ] = 0.162
 Average Precision  (AP) @[ IoU=0.50      | area=   all | maxDets=100 ] = 0.253
 Average Precision  (AP) @[ IoU=0.75      | area=   all | maxDets=100 ] = 0.176
 Average Precision  (AP) @[ IoU=0.50:0.95 | area= small | maxDets=100 ] = 0.052
 Average Precision  (AP) @[ IoU=0.50:0.95 | area=medium | maxDets=100 ] = 0.169
 Average Precision  (AP) @[ IoU=0.50:0.95 | area= large | maxDets=100 ] = 0.244
 Average Recall     (AR) @[ IoU=0.50:0.95 | area=   all | maxDets=  1 ] = 0.182
 Average Recall     (AR) @[ IoU=0.50:0.95 | area=   all | maxDets= 10 ] = 0.236
 Average Recall     (AR) @[ IoU=0.50:0.95 | area=   all | maxDets=100 ] = 0.236
 Average Recall     (AR) @[ IoU=0.50:0.95 | area= small | maxDets=100 ] = 0.058
 Average Recall     (AR) @[ IoU=0.50:0.95 | area=medium | maxDets=100 ] = 0.218
 Average Recall     (AR) @[ IoU=0.50:0.95 | area= large | maxDets=100 ] = 0.352
sweep 16/180: alpha=1.0, beta=1.0, threshold=0.05, top_k=12, nms=0.7
creating index...
index created!
Loading and preparing results...
DONE (t=0.01s)
creating index...
index created!
Running per image evaluation...
Evaluate annotation type *bbox*
DONE (t=0.87s).
Accumulating evaluation results...
DONE (t=0.37s).
 Average Precision  (AP) @[ IoU=0.50:0.95 | area=   all | maxDets=100 ] = 0.154
 Average Precision  (AP) @[ IoU=0.50      | area=   all | maxDets=100 ] = 0.232
 Average Precision  (AP) @[ IoU=0.75      | area=   all | maxDets=100 ] = 0.172
 Average Precision  (AP) @[ IoU=0.50:0.95 | area= small | maxDets=100 ] = 0.048
 Average Precision  (AP) @[ IoU=0.50:0.95 | area=medium | maxDets=100 ] = 0.161
 Average Precision  (AP) @[ IoU=0.50:0.95 | area= large | maxDets=100 ] = 0.232
 Average Recall     (AR) @[ IoU=0.50:0.95 | area=   all | maxDets=  1 ] = 0.171
 Average Recall     (AR) @[ IoU=0.50:0.95 | area=   all | maxDets= 10 ] = 0.228
 Average Recall     (AR) @[ IoU=0.50:0.95 | area=   all | maxDets=100 ] = 0.228
 Average Recall     (AR) @[ IoU=0.50:0.95 | area= small | maxDets=100 ] = 0.053
 Average Recall     (AR) @[ IoU=0.50:0.95 | area=medium | maxDets=100 ] = 0.209
 Average Recall     (AR) @[ IoU=0.50:0.95 | area= large | maxDets=100 ] = 0.344
sweep 17/180: alpha=1.0, beta=1.0, threshold=0.05, top_k=50, nms=0.4
creating index...
index created!
Loading and preparing results...
DONE (t=0.02s)
creating index...
index created!
Running per image evaluation...
Evaluate annotation type *bbox*
DONE (t=1.67s).
Accumulating evaluation results...
DONE (t=0.61s).
 Average Precision  (AP) @[ IoU=0.50:0.95 | area=   all | maxDets=100 ] = 0.173
 Average Precision  (AP) @[ IoU=0.50      | area=   all | maxDets=100 ] = 0.289
 Average Precision  (AP) @[ IoU=0.75      | area=   all | maxDets=100 ] = 0.178
 Average Precision  (AP) @[ IoU=0.50:0.95 | area= small | maxDets=100 ] = 0.070
 Average Precision  (AP) @[ IoU=0.50:0.95 | area=medium | maxDets=100 ] = 0.188
 Average Precision  (AP) @[ IoU=0.50:0.95 | area= large | maxDets=100 ] = 0.251
 Average Recall     (AR) @[ IoU=0.50:0.95 | area=   all | maxDets=  1 ] = 0.206
 Average Recall     (AR) @[ IoU=0.50:0.95 | area=   all | maxDets= 10 ] = 0.286
 Average Recall     (AR) @[ IoU=0.50:0.95 | area=   all | maxDets=100 ] = 0.292
 Average Recall     (AR) @[ IoU=0.50:0.95 | area= small | maxDets=100 ] = 0.107
 Average Recall     (AR) @[ IoU=0.50:0.95 | area=medium | maxDets=100 ] = 0.294
 Average Recall     (AR) @[ IoU=0.50:0.95 | area= large | maxDets=100 ] = 0.418
sweep 18/180: alpha=1.0, beta=1.0, threshold=0.05, top_k=50, nms=0.5
creating index...
index created!
Loading and preparing results...
DONE (t=0.02s)
creating index...
index created!
Running per image evaluation...
Evaluate annotation type *bbox*
DONE (t=1.71s).
Accumulating evaluation results...
DONE (t=0.60s).
 Average Precision  (AP) @[ IoU=0.50:0.95 | area=   all | maxDets=100 ] = 0.174
 Average Precision  (AP) @[ IoU=0.50      | area=   all | maxDets=100 ] = 0.286
 Average Precision  (AP) @[ IoU=0.75      | area=   all | maxDets=100 ] = 0.181
 Average Precision  (AP) @[ IoU=0.50:0.95 | area= small | maxDets=100 ] = 0.071
 Average Precision  (AP) @[ IoU=0.50:0.95 | area=medium | maxDets=100 ] = 0.191
 Average Precision  (AP) @[ IoU=0.50:0.95 | area= large | maxDets=100 ] = 0.253
 Average Recall     (AR) @[ IoU=0.50:0.95 | area=   all | maxDets=  1 ] = 0.204
 Average Recall     (AR) @[ IoU=0.50:0.95 | area=   all | maxDets= 10 ] = 0.290
 Average Recall     (AR) @[ IoU=0.50:0.95 | area=   all | maxDets=100 ] = 0.299
 Average Recall     (AR) @[ IoU=0.50:0.95 | area= small | maxDets=100 ] = 0.107
 Average Recall     (AR) @[ IoU=0.50:0.95 | area=medium | maxDets=100 ] = 0.300
 Average Recall     (AR) @[ IoU=0.50:0.95 | area= large | maxDets=100 ] = 0.427
sweep 19/180: alpha=1.0, beta=1.0, threshold=0.05, top_k=50, nms=0.6
creating index...
index created!
Loading and preparing results...
DONE (t=0.11s)
creating index...
index created!
Running per image evaluation...
Evaluate annotation type *bbox*
DONE (t=1.71s).
Accumulating evaluation results...
DONE (t=0.59s).
 Average Precision  (AP) @[ IoU=0.50:0.95 | area=   all | maxDets=100 ] = 0.173
 Average Precision  (AP) @[ IoU=0.50      | area=   all | maxDets=100 ] = 0.277
 Average Precision  (AP) @[ IoU=0.75      | area=   all | maxDets=100 ] = 0.186
 Average Precision  (AP) @[ IoU=0.50:0.95 | area= small | maxDets=100 ] = 0.068
 Average Precision  (AP) @[ IoU=0.50:0.95 | area=medium | maxDets=100 ] = 0.191
 Average Precision  (AP) @[ IoU=0.50:0.95 | area= large | maxDets=100 ] = 0.253
 Average Recall     (AR) @[ IoU=0.50:0.95 | area=   all | maxDets=  1 ] = 0.203
 Average Recall     (AR) @[ IoU=0.50:0.95 | area=   all | maxDets= 10 ] = 0.295
 Average Recall     (AR) @[ IoU=0.50:0.95 | area=   all | maxDets=100 ] = 0.306
 Average Recall     (AR) @[ IoU=0.50:0.95 | area= small | maxDets=100 ] = 0.103
 Average Recall     (AR) @[ IoU=0.50:0.95 | area=medium | maxDets=100 ] = 0.308
 Average Recall     (AR) @[ IoU=0.50:0.95 | area= large | maxDets=100 ] = 0.439
sweep 20/180: alpha=1.0, beta=1.0, threshold=0.05, top_k=50, nms=0.7
creating index...
index created!
Loading and preparing results...
DONE (t=0.12s)
creating index...
index created!
Running per image evaluation...
Evaluate annotation type *bbox*
DONE (t=1.57s).
Accumulating evaluation results...
DONE (t=0.58s).
 Average Precision  (AP) @[ IoU=0.50:0.95 | area=   all | maxDets=100 ] = 0.168
 Average Precision  (AP) @[ IoU=0.50      | area=   all | maxDets=100 ] = 0.259
 Average Precision  (AP) @[ IoU=0.75      | area=   all | maxDets=100 ] = 0.187
 Average Precision  (AP) @[ IoU=0.50:0.95 | area= small | maxDets=100 ] = 0.065
 Average Precision  (AP) @[ IoU=0.50:0.95 | area=medium | maxDets=100 ] = 0.192
 Average Precision  (AP) @[ IoU=0.50:0.95 | area= large | maxDets=100 ] = 0.244
 Average Recall     (AR) @[ IoU=0.50:0.95 | area=   all | maxDets=  1 ] = 0.201
 Average Recall     (AR) @[ IoU=0.50:0.95 | area=   all | maxDets= 10 ] = 0.294
 Average Recall     (AR) @[ IoU=0.50:0.95 | area=   all | maxDets=100 ] = 0.310
 Average Recall     (AR) @[ IoU=0.50:0.95 | area= small | maxDets=100 ] = 0.098
 Average Recall     (AR) @[ IoU=0.50:0.95 | area=medium | maxDets=100 ] = 0.314
 Average Recall     (AR) @[ IoU=0.50:0.95 | area= large | maxDets=100 ] = 0.444
sweep 21/180: alpha=1.0, beta=1.0, threshold=0.05, top_k=100, nms=0.4
creating index...
index created!
Loading and preparing results...
DONE (t=0.12s)
creating index...
index created!
Running per image evaluation...
Evaluate annotation type *bbox*
DONE (t=2.25s).
Accumulating evaluation results...
DONE (t=0.75s).
 Average Precision  (AP) @[ IoU=0.50:0.95 | area=   all | maxDets=100 ] = 0.174
 Average Precision  (AP) @[ IoU=0.50      | area=   all | maxDets=100 ] = 0.291
 Average Precision  (AP) @[ IoU=0.75      | area=   all | maxDets=100 ] = 0.179
 Average Precision  (AP) @[ IoU=0.50:0.95 | area= small | maxDets=100 ] = 0.072
 Average Precision  (AP) @[ IoU=0.50:0.95 | area=medium | maxDets=100 ] = 0.189
 Average Precision  (AP) @[ IoU=0.50:0.95 | area= large | maxDets=100 ] = 0.252
 Average Recall     (AR) @[ IoU=0.50:0.95 | area=   all | maxDets=  1 ] = 0.208
 Average Recall     (AR) @[ IoU=0.50:0.95 | area=   all | maxDets= 10 ] = 0.299
 Average Recall     (AR) @[ IoU=0.50:0.95 | area=   all | maxDets=100 ] = 0.307
 Average Recall     (AR) @[ IoU=0.50:0.95 | area= small | maxDets=100 ] = 0.118
 Average Recall     (AR) @[ IoU=0.50:0.95 | area=medium | maxDets=100 ] = 0.317
 Average Recall     (AR) @[ IoU=0.50:0.95 | area= large | maxDets=100 ] = 0.431
sweep 22/180: alpha=1.0, beta=1.0, threshold=0.05, top_k=100, nms=0.5
creating index...
index created!
Loading and preparing results...
DONE (t=0.12s)
creating index...
index created!
Running per image evaluation...
Evaluate annotation type *bbox*
DONE (t=2.32s).
Accumulating evaluation results...
DONE (t=0.75s).
 Average Precision  (AP) @[ IoU=0.50:0.95 | area=   all | maxDets=100 ] = 0.175
 Average Precision  (AP) @[ IoU=0.50      | area=   all | maxDets=100 ] = 0.289
 Average Precision  (AP) @[ IoU=0.75      | area=   all | maxDets=100 ] = 0.181
 Average Precision  (AP) @[ IoU=0.50:0.95 | area= small | maxDets=100 ] = 0.073
 Average Precision  (AP) @[ IoU=0.50:0.95 | area=medium | maxDets=100 ] = 0.192
 Average Precision  (AP) @[ IoU=0.50:0.95 | area= large | maxDets=100 ] = 0.254
 Average Recall     (AR) @[ IoU=0.50:0.95 | area=   all | maxDets=  1 ] = 0.208
 Average Recall     (AR) @[ IoU=0.50:0.95 | area=   all | maxDets= 10 ] = 0.304
 Average Recall     (AR) @[ IoU=0.50:0.95 | area=   all | maxDets=100 ] = 0.317
 Average Recall     (AR) @[ IoU=0.50:0.95 | area= small | maxDets=100 ] = 0.121
 Average Recall     (AR) @[ IoU=0.50:0.95 | area=medium | maxDets=100 ] = 0.328
 Average Recall     (AR) @[ IoU=0.50:0.95 | area= large | maxDets=100 ] = 0.443
sweep 23/180: alpha=1.0, beta=1.0, threshold=0.05, top_k=100, nms=0.6
creating index...
index created!
Loading and preparing results...
DONE (t=0.03s)
creating index...
index created!
Running per image evaluation...
Evaluate annotation type *bbox*
DONE (t=2.42s).
Accumulating evaluation results...
DONE (t=0.75s).
 Average Precision  (AP) @[ IoU=0.50:0.95 | area=   all | maxDets=100 ] = 0.175
 Average Precision  (AP) @[ IoU=0.50      | area=   all | maxDets=100 ] = 0.281
 Average Precision  (AP) @[ IoU=0.75      | area=   all | maxDets=100 ] = 0.187
 Average Precision  (AP) @[ IoU=0.50:0.95 | area= small | maxDets=100 ] = 0.073
 Average Precision  (AP) @[ IoU=0.50:0.95 | area=medium | maxDets=100 ] = 0.193
 Average Precision  (AP) @[ IoU=0.50:0.95 | area= large | maxDets=100 ] = 0.254
 Average Recall     (AR) @[ IoU=0.50:0.95 | area=   all | maxDets=  1 ] = 0.207
 Average Recall     (AR) @[ IoU=0.50:0.95 | area=   all | maxDets= 10 ] = 0.314
 Average Recall     (AR) @[ IoU=0.50:0.95 | area=   all | maxDets=100 ] = 0.331
 Average Recall     (AR) @[ IoU=0.50:0.95 | area= small | maxDets=100 ] = 0.123
 Average Recall     (AR) @[ IoU=0.50:0.95 | area=medium | maxDets=100 ] = 0.335
 Average Recall     (AR) @[ IoU=0.50:0.95 | area= large | maxDets=100 ] = 0.468
sweep 24/180: alpha=1.0, beta=1.0, threshold=0.05, top_k=100, nms=0.7
creating index...
index created!
Loading and preparing results...
DONE (t=0.14s)
creating index...
index created!
Running per image evaluation...
Evaluate annotation type *bbox*
DONE (t=2.51s).
Accumulating evaluation results...
DONE (t=0.75s).
 Average Precision  (AP) @[ IoU=0.50:0.95 | area=   all | maxDets=100 ] = 0.170
 Average Precision  (AP) @[ IoU=0.50      | area=   all | maxDets=100 ] = 0.262
 Average Precision  (AP) @[ IoU=0.75      | area=   all | maxDets=100 ] = 0.189
 Average Precision  (AP) @[ IoU=0.50:0.95 | area= small | maxDets=100 ] = 0.070
 Average Precision  (AP) @[ IoU=0.50:0.95 | area=medium | maxDets=100 ] = 0.194
 Average Precision  (AP) @[ IoU=0.50:0.95 | area= large | maxDets=100 ] = 0.246
 Average Recall     (AR) @[ IoU=0.50:0.95 | area=   all | maxDets=  1 ] = 0.206
 Average Recall     (AR) @[ IoU=0.50:0.95 | area=   all | maxDets= 10 ] = 0.315
 Average Recall     (AR) @[ IoU=0.50:0.95 | area=   all | maxDets=100 ] = 0.339
 Average Recall     (AR) @[ IoU=0.50:0.95 | area= small | maxDets=100 ] = 0.121
 Average Recall     (AR) @[ IoU=0.50:0.95 | area=medium | maxDets=100 ] = 0.348
 Average Recall     (AR) @[ IoU=0.50:0.95 | area= large | maxDets=100 ] = 0.475
sweep 25/180: alpha=1.0, beta=1.0, threshold=0.1, top_k=12, nms=0.4
creating index...
index created!
Loading and preparing results...
DONE (t=0.01s)
creating index...
index created!
Running per image evaluation...
Evaluate annotation type *bbox*
DONE (t=0.81s).
Accumulating evaluation results...
DONE (t=0.38s).
 Average Precision  (AP) @[ IoU=0.50:0.95 | area=   all | maxDets=100 ] = 0.163
 Average Precision  (AP) @[ IoU=0.50      | area=   all | maxDets=100 ] = 0.266
 Average Precision  (AP) @[ IoU=0.75      | area=   all | maxDets=100 ] = 0.171
 Average Precision  (AP) @[ IoU=0.50:0.95 | area= small | maxDets=100 ] = 0.054
 Average Precision  (AP) @[ IoU=0.50:0.95 | area=medium | maxDets=100 ] = 0.175
 Average Precision  (AP) @[ IoU=0.50:0.95 | area= large | maxDets=100 ] = 0.243
 Average Recall     (AR) @[ IoU=0.50:0.95 | area=   all | maxDets=  1 ] = 0.189
 Average Recall     (AR) @[ IoU=0.50:0.95 | area=   all | maxDets= 10 ] = 0.235
 Average Recall     (AR) @[ IoU=0.50:0.95 | area=   all | maxDets=100 ] = 0.235
 Average Recall     (AR) @[ IoU=0.50:0.95 | area= small | maxDets=100 ] = 0.064
 Average Recall     (AR) @[ IoU=0.50:0.95 | area=medium | maxDets=100 ] = 0.226
 Average Recall     (AR) @[ IoU=0.50:0.95 | area= large | maxDets=100 ] = 0.352
sweep 26/180: alpha=1.0, beta=1.0, threshold=0.1, top_k=12, nms=0.5
creating index...
index created!
Loading and preparing results...
DONE (t=0.01s)
creating index...
index created!
Running per image evaluation...
Evaluate annotation type *bbox*
DONE (t=0.88s).
Accumulating evaluation results...
DONE (t=0.38s).
 Average Precision  (AP) @[ IoU=0.50:0.95 | area=   all | maxDets=100 ] = 0.163
 Average Precision  (AP) @[ IoU=0.50      | area=   all | maxDets=100 ] = 0.262
 Average Precision  (AP) @[ IoU=0.75      | area=   all | maxDets=100 ] = 0.172
 Average Precision  (AP) @[ IoU=0.50:0.95 | area= small | maxDets=100 ] = 0.053
 Average Precision  (AP) @[ IoU=0.50:0.95 | area=medium | maxDets=100 ] = 0.173
 Average Precision  (AP) @[ IoU=0.50:0.95 | area= large | maxDets=100 ] = 0.245
 Average Recall     (AR) @[ IoU=0.50:0.95 | area=   all | maxDets=  1 ] = 0.187
 Average Recall     (AR) @[ IoU=0.50:0.95 | area=   all | maxDets= 10 ] = 0.235
 Average Recall     (AR) @[ IoU=0.50:0.95 | area=   all | maxDets=100 ] = 0.235
 Average Recall     (AR) @[ IoU=0.50:0.95 | area= small | maxDets=100 ] = 0.060
 Average Recall     (AR) @[ IoU=0.50:0.95 | area=medium | maxDets=100 ] = 0.222
 Average Recall     (AR) @[ IoU=0.50:0.95 | area= large | maxDets=100 ] = 0.355
sweep 27/180: alpha=1.0, beta=1.0, threshold=0.1, top_k=12, nms=0.6
creating index...
index created!
Loading and preparing results...
DONE (t=0.01s)
creating index...
index created!
Running per image evaluation...
Evaluate annotation type *bbox*
DONE (t=0.88s).
Accumulating evaluation results...
DONE (t=0.37s).
 Average Precision  (AP) @[ IoU=0.50:0.95 | area=   all | maxDets=100 ] = 0.162
 Average Precision  (AP) @[ IoU=0.50      | area=   all | maxDets=100 ] = 0.253
 Average Precision  (AP) @[ IoU=0.75      | area=   all | maxDets=100 ] = 0.176
 Average Precision  (AP) @[ IoU=0.50:0.95 | area= small | maxDets=100 ] = 0.052
 Average Precision  (AP) @[ IoU=0.50:0.95 | area=medium | maxDets=100 ] = 0.169
 Average Precision  (AP) @[ IoU=0.50:0.95 | area= large | maxDets=100 ] = 0.244
 Average Recall     (AR) @[ IoU=0.50:0.95 | area=   all | maxDets=  1 ] = 0.182
 Average Recall     (AR) @[ IoU=0.50:0.95 | area=   all | maxDets= 10 ] = 0.236
 Average Recall     (AR) @[ IoU=0.50:0.95 | area=   all | maxDets=100 ] = 0.236
 Average Recall     (AR) @[ IoU=0.50:0.95 | area= small | maxDets=100 ] = 0.058
 Average Recall     (AR) @[ IoU=0.50:0.95 | area=medium | maxDets=100 ] = 0.218
 Average Recall     (AR) @[ IoU=0.50:0.95 | area= large | maxDets=100 ] = 0.352
sweep 28/180: alpha=1.0, beta=1.0, threshold=0.1, top_k=12, nms=0.7
creating index...
index created!
Loading and preparing results...
DONE (t=0.01s)
creating index...
index created!
Running per image evaluation...
Evaluate annotation type *bbox*
DONE (t=0.84s).
Accumulating evaluation results...
DONE (t=0.36s).
 Average Precision  (AP) @[ IoU=0.50:0.95 | area=   all | maxDets=100 ] = 0.154
 Average Precision  (AP) @[ IoU=0.50      | area=   all | maxDets=100 ] = 0.232
 Average Precision  (AP) @[ IoU=0.75      | area=   all | maxDets=100 ] = 0.172
 Average Precision  (AP) @[ IoU=0.50:0.95 | area= small | maxDets=100 ] = 0.048
 Average Precision  (AP) @[ IoU=0.50:0.95 | area=medium | maxDets=100 ] = 0.161
 Average Precision  (AP) @[ IoU=0.50:0.95 | area= large | maxDets=100 ] = 0.232
 Average Recall     (AR) @[ IoU=0.50:0.95 | area=   all | maxDets=  1 ] = 0.171
 Average Recall     (AR) @[ IoU=0.50:0.95 | area=   all | maxDets= 10 ] = 0.228
 Average Recall     (AR) @[ IoU=0.50:0.95 | area=   all | maxDets=100 ] = 0.228
 Average Recall     (AR) @[ IoU=0.50:0.95 | area= small | maxDets=100 ] = 0.053
 Average Recall     (AR) @[ IoU=0.50:0.95 | area=medium | maxDets=100 ] = 0.209
 Average Recall     (AR) @[ IoU=0.50:0.95 | area= large | maxDets=100 ] = 0.344
sweep 29/180: alpha=1.0, beta=1.0, threshold=0.1, top_k=50, nms=0.4
creating index...
index created!
Loading and preparing results...
DONE (t=0.11s)
creating index...
index created!
Running per image evaluation...
Evaluate annotation type *bbox*
DONE (t=1.58s).
Accumulating evaluation results...
DONE (t=0.57s).
 Average Precision  (AP) @[ IoU=0.50:0.95 | area=   all | maxDets=100 ] = 0.172
 Average Precision  (AP) @[ IoU=0.50      | area=   all | maxDets=100 ] = 0.288
 Average Precision  (AP) @[ IoU=0.75      | area=   all | maxDets=100 ] = 0.178
 Average Precision  (AP) @[ IoU=0.50:0.95 | area= small | maxDets=100 ] = 0.070
 Average Precision  (AP) @[ IoU=0.50:0.95 | area=medium | maxDets=100 ] = 0.188
 Average Precision  (AP) @[ IoU=0.50:0.95 | area= large | maxDets=100 ] = 0.250
 Average Recall     (AR) @[ IoU=0.50:0.95 | area=   all | maxDets=  1 ] = 0.204
 Average Recall     (AR) @[ IoU=0.50:0.95 | area=   all | maxDets= 10 ] = 0.281
 Average Recall     (AR) @[ IoU=0.50:0.95 | area=   all | maxDets=100 ] = 0.288
 Average Recall     (AR) @[ IoU=0.50:0.95 | area= small | maxDets=100 ] = 0.104
 Average Recall     (AR) @[ IoU=0.50:0.95 | area=medium | maxDets=100 ] = 0.292
 Average Recall     (AR) @[ IoU=0.50:0.95 | area= large | maxDets=100 ] = 0.411
sweep 30/180: alpha=1.0, beta=1.0, threshold=0.1, top_k=50, nms=0.5
creating index...
index created!
Loading and preparing results...
DONE (t=0.02s)
creating index...
index created!
Running per image evaluation...
Evaluate annotation type *bbox*
DONE (t=1.61s).
Accumulating evaluation results...
DONE (t=0.57s).
 Average Precision  (AP) @[ IoU=0.50:0.95 | area=   all | maxDets=100 ] = 0.174
 Average Precision  (AP) @[ IoU=0.50      | area=   all | maxDets=100 ] = 0.286
 Average Precision  (AP) @[ IoU=0.75      | area=   all | maxDets=100 ] = 0.181
 Average Precision  (AP) @[ IoU=0.50:0.95 | area= small | maxDets=100 ] = 0.071
 Average Precision  (AP) @[ IoU=0.50:0.95 | area=medium | maxDets=100 ] = 0.191
 Average Precision  (AP) @[ IoU=0.50:0.95 | area= large | maxDets=100 ] = 0.252
 Average Recall     (AR) @[ IoU=0.50:0.95 | area=   all | maxDets=  1 ] = 0.203
 Average Recall     (AR) @[ IoU=0.50:0.95 | area=   all | maxDets= 10 ] = 0.286
 Average Recall     (AR) @[ IoU=0.50:0.95 | area=   all | maxDets=100 ] = 0.295
 Average Recall     (AR) @[ IoU=0.50:0.95 | area= small | maxDets=100 ] = 0.105
 Average Recall     (AR) @[ IoU=0.50:0.95 | area=medium | maxDets=100 ] = 0.298
 Average Recall     (AR) @[ IoU=0.50:0.95 | area= large | maxDets=100 ] = 0.423
sweep 31/180: alpha=1.0, beta=1.0, threshold=0.1, top_k=50, nms=0.6
creating index...
index created!
Loading and preparing results...
DONE (t=0.11s)
creating index...
index created!
Running per image evaluation...
Evaluate annotation type *bbox*
DONE (t=1.64s).
Accumulating evaluation results...
DONE (t=0.57s).
 Average Precision  (AP) @[ IoU=0.50:0.95 | area=   all | maxDets=100 ] = 0.173
 Average Precision  (AP) @[ IoU=0.50      | area=   all | maxDets=100 ] = 0.277
 Average Precision  (AP) @[ IoU=0.75      | area=   all | maxDets=100 ] = 0.186
 Average Precision  (AP) @[ IoU=0.50:0.95 | area= small | maxDets=100 ] = 0.068
 Average Precision  (AP) @[ IoU=0.50:0.95 | area=medium | maxDets=100 ] = 0.191
 Average Precision  (AP) @[ IoU=0.50:0.95 | area= large | maxDets=100 ] = 0.252
 Average Recall     (AR) @[ IoU=0.50:0.95 | area=   all | maxDets=  1 ] = 0.202
 Average Recall     (AR) @[ IoU=0.50:0.95 | area=   all | maxDets= 10 ] = 0.294
 Average Recall     (AR) @[ IoU=0.50:0.95 | area=   all | maxDets=100 ] = 0.305
 Average Recall     (AR) @[ IoU=0.50:0.95 | area= small | maxDets=100 ] = 0.103
 Average Recall     (AR) @[ IoU=0.50:0.95 | area=medium | maxDets=100 ] = 0.308
 Average Recall     (AR) @[ IoU=0.50:0.95 | area= large | maxDets=100 ] = 0.434
sweep 32/180: alpha=1.0, beta=1.0, threshold=0.1, top_k=50, nms=0.7
creating index...
index created!
Loading and preparing results...
DONE (t=0.02s)
creating index...
index created!
Running per image evaluation...
Evaluate annotation type *bbox*
DONE (t=1.64s).
Accumulating evaluation results...
DONE (t=0.56s).
 Average Precision  (AP) @[ IoU=0.50:0.95 | area=   all | maxDets=100 ] = 0.168
 Average Precision  (AP) @[ IoU=0.50      | area=   all | maxDets=100 ] = 0.258
 Average Precision  (AP) @[ IoU=0.75      | area=   all | maxDets=100 ] = 0.187
 Average Precision  (AP) @[ IoU=0.50:0.95 | area= small | maxDets=100 ] = 0.065
 Average Precision  (AP) @[ IoU=0.50:0.95 | area=medium | maxDets=100 ] = 0.192
 Average Precision  (AP) @[ IoU=0.50:0.95 | area= large | maxDets=100 ] = 0.244
 Average Recall     (AR) @[ IoU=0.50:0.95 | area=   all | maxDets=  1 ] = 0.199
 Average Recall     (AR) @[ IoU=0.50:0.95 | area=   all | maxDets= 10 ] = 0.293
 Average Recall     (AR) @[ IoU=0.50:0.95 | area=   all | maxDets=100 ] = 0.309
 Average Recall     (AR) @[ IoU=0.50:0.95 | area= small | maxDets=100 ] = 0.098
 Average Recall     (AR) @[ IoU=0.50:0.95 | area=medium | maxDets=100 ] = 0.314
 Average Recall     (AR) @[ IoU=0.50:0.95 | area= large | maxDets=100 ] = 0.441
sweep 33/180: alpha=1.0, beta=1.0, threshold=0.1, top_k=100, nms=0.4
creating index...
index created!
Loading and preparing results...
DONE (t=0.02s)
creating index...
index created!
Running per image evaluation...
Evaluate annotation type *bbox*
DONE (t=1.92s).
Accumulating evaluation results...
DONE (t=0.63s).
 Average Precision  (AP) @[ IoU=0.50:0.95 | area=   all | maxDets=100 ] = 0.173
 Average Precision  (AP) @[ IoU=0.50      | area=   all | maxDets=100 ] = 0.290
 Average Precision  (AP) @[ IoU=0.75      | area=   all | maxDets=100 ] = 0.179
 Average Precision  (AP) @[ IoU=0.50:0.95 | area= small | maxDets=100 ] = 0.072
 Average Precision  (AP) @[ IoU=0.50:0.95 | area=medium | maxDets=100 ] = 0.189
 Average Precision  (AP) @[ IoU=0.50:0.95 | area= large | maxDets=100 ] = 0.251
 Average Recall     (AR) @[ IoU=0.50:0.95 | area=   all | maxDets=  1 ] = 0.206
 Average Recall     (AR) @[ IoU=0.50:0.95 | area=   all | maxDets= 10 ] = 0.291
 Average Recall     (AR) @[ IoU=0.50:0.95 | area=   all | maxDets=100 ] = 0.299
 Average Recall     (AR) @[ IoU=0.50:0.95 | area= small | maxDets=100 ] = 0.114
 Average Recall     (AR) @[ IoU=0.50:0.95 | area=medium | maxDets=100 ] = 0.309
 Average Recall     (AR) @[ IoU=0.50:0.95 | area= large | maxDets=100 ] = 0.421
sweep 34/180: alpha=1.0, beta=1.0, threshold=0.1, top_k=100, nms=0.5
creating index...
index created!
Loading and preparing results...
DONE (t=0.12s)
creating index...
index created!
Running per image evaluation...
Evaluate annotation type *bbox*
DONE (t=2.09s).
Accumulating evaluation results...
DONE (t=0.66s).
 Average Precision  (AP) @[ IoU=0.50:0.95 | area=   all | maxDets=100 ] = 0.175
 Average Precision  (AP) @[ IoU=0.50      | area=   all | maxDets=100 ] = 0.289
 Average Precision  (AP) @[ IoU=0.75      | area=   all | maxDets=100 ] = 0.181
 Average Precision  (AP) @[ IoU=0.50:0.95 | area= small | maxDets=100 ] = 0.073
 Average Precision  (AP) @[ IoU=0.50:0.95 | area=medium | maxDets=100 ] = 0.192
 Average Precision  (AP) @[ IoU=0.50:0.95 | area= large | maxDets=100 ] = 0.253
 Average Recall     (AR) @[ IoU=0.50:0.95 | area=   all | maxDets=  1 ] = 0.206
 Average Recall     (AR) @[ IoU=0.50:0.95 | area=   all | maxDets= 10 ] = 0.297
 Average Recall     (AR) @[ IoU=0.50:0.95 | area=   all | maxDets=100 ] = 0.309
 Average Recall     (AR) @[ IoU=0.50:0.95 | area= small | maxDets=100 ] = 0.116
 Average Recall     (AR) @[ IoU=0.50:0.95 | area=medium | maxDets=100 ] = 0.318
 Average Recall     (AR) @[ IoU=0.50:0.95 | area= large | maxDets=100 ] = 0.435
sweep 35/180: alpha=1.0, beta=1.0, threshold=0.1, top_k=100, nms=0.6
creating index...
index created!
Loading and preparing results...
DONE (t=0.03s)
creating index...
index created!
Running per image evaluation...
Evaluate annotation type *bbox*
DONE (t=2.20s).
Accumulating evaluation results...
DONE (t=0.68s).
 Average Precision  (AP) @[ IoU=0.50:0.95 | area=   all | maxDets=100 ] = 0.175
 Average Precision  (AP) @[ IoU=0.50      | area=   all | maxDets=100 ] = 0.281
 Average Precision  (AP) @[ IoU=0.75      | area=   all | maxDets=100 ] = 0.187
 Average Precision  (AP) @[ IoU=0.50:0.95 | area= small | maxDets=100 ] = 0.072
 Average Precision  (AP) @[ IoU=0.50:0.95 | area=medium | maxDets=100 ] = 0.193
 Average Precision  (AP) @[ IoU=0.50:0.95 | area= large | maxDets=100 ] = 0.254
 Average Recall     (AR) @[ IoU=0.50:0.95 | area=   all | maxDets=  1 ] = 0.205
 Average Recall     (AR) @[ IoU=0.50:0.95 | area=   all | maxDets= 10 ] = 0.308
 Average Recall     (AR) @[ IoU=0.50:0.95 | area=   all | maxDets=100 ] = 0.324
 Average Recall     (AR) @[ IoU=0.50:0.95 | area= small | maxDets=100 ] = 0.118
 Average Recall     (AR) @[ IoU=0.50:0.95 | area=medium | maxDets=100 ] = 0.328
 Average Recall     (AR) @[ IoU=0.50:0.95 | area= large | maxDets=100 ] = 0.460
sweep 36/180: alpha=1.0, beta=1.0, threshold=0.1, top_k=100, nms=0.7
creating index...
index created!
Loading and preparing results...
DONE (t=0.14s)
creating index...
index created!
Running per image evaluation...
Evaluate annotation type *bbox*
DONE (t=2.33s).
Accumulating evaluation results...
DONE (t=0.69s).
 Average Precision  (AP) @[ IoU=0.50:0.95 | area=   all | maxDets=100 ] = 0.169
 Average Precision  (AP) @[ IoU=0.50      | area=   all | maxDets=100 ] = 0.262
 Average Precision  (AP) @[ IoU=0.75      | area=   all | maxDets=100 ] = 0.188
 Average Precision  (AP) @[ IoU=0.50:0.95 | area= small | maxDets=100 ] = 0.070
 Average Precision  (AP) @[ IoU=0.50:0.95 | area=medium | maxDets=100 ] = 0.194
 Average Precision  (AP) @[ IoU=0.50:0.95 | area= large | maxDets=100 ] = 0.245
 Average Recall     (AR) @[ IoU=0.50:0.95 | area=   all | maxDets=  1 ] = 0.204
 Average Recall     (AR) @[ IoU=0.50:0.95 | area=   all | maxDets= 10 ] = 0.310
 Average Recall     (AR) @[ IoU=0.50:0.95 | area=   all | maxDets=100 ] = 0.334
 Average Recall     (AR) @[ IoU=0.50:0.95 | area= small | maxDets=100 ] = 0.119
 Average Recall     (AR) @[ IoU=0.50:0.95 | area=medium | maxDets=100 ] = 0.343
 Average Recall     (AR) @[ IoU=0.50:0.95 | area= large | maxDets=100 ] = 0.468
sweep 37/180: alpha=1.0, beta=1.0, threshold=0.2, top_k=12, nms=0.4
creating index...
index created!
Loading and preparing results...
DONE (t=0.01s)
creating index...
index created!
Running per image evaluation...
Evaluate annotation type *bbox*
DONE (t=0.78s).
Accumulating evaluation results...
DONE (t=0.38s).
 Average Precision  (AP) @[ IoU=0.50:0.95 | area=   all | maxDets=100 ] = 0.162
 Average Precision  (AP) @[ IoU=0.50      | area=   all | maxDets=100 ] = 0.265
 Average Precision  (AP) @[ IoU=0.75      | area=   all | maxDets=100 ] = 0.170
 Average Precision  (AP) @[ IoU=0.50:0.95 | area= small | maxDets=100 ] = 0.054
 Average Precision  (AP) @[ IoU=0.50:0.95 | area=medium | maxDets=100 ] = 0.175
 Average Precision  (AP) @[ IoU=0.50:0.95 | area= large | maxDets=100 ] = 0.243
 Average Recall     (AR) @[ IoU=0.50:0.95 | area=   all | maxDets=  1 ] = 0.187
 Average Recall     (AR) @[ IoU=0.50:0.95 | area=   all | maxDets= 10 ] = 0.233
 Average Recall     (AR) @[ IoU=0.50:0.95 | area=   all | maxDets=100 ] = 0.233
 Average Recall     (AR) @[ IoU=0.50:0.95 | area= small | maxDets=100 ] = 0.064
 Average Recall     (AR) @[ IoU=0.50:0.95 | area=medium | maxDets=100 ] = 0.222
 Average Recall     (AR) @[ IoU=0.50:0.95 | area= large | maxDets=100 ] = 0.350
sweep 38/180: alpha=1.0, beta=1.0, threshold=0.2, top_k=12, nms=0.5
creating index...
index created!
Loading and preparing results...
DONE (t=0.01s)
creating index...
index created!
Running per image evaluation...
Evaluate annotation type *bbox*
DONE (t=0.87s).
Accumulating evaluation results...
DONE (t=0.37s).
 Average Precision  (AP) @[ IoU=0.50:0.95 | area=   all | maxDets=100 ] = 0.163
 Average Precision  (AP) @[ IoU=0.50      | area=   all | maxDets=100 ] = 0.261
 Average Precision  (AP) @[ IoU=0.75      | area=   all | maxDets=100 ] = 0.172
 Average Precision  (AP) @[ IoU=0.50:0.95 | area= small | maxDets=100 ] = 0.053
 Average Precision  (AP) @[ IoU=0.50:0.95 | area=medium | maxDets=100 ] = 0.173
 Average Precision  (AP) @[ IoU=0.50:0.95 | area= large | maxDets=100 ] = 0.245
 Average Recall     (AR) @[ IoU=0.50:0.95 | area=   all | maxDets=  1 ] = 0.185
 Average Recall     (AR) @[ IoU=0.50:0.95 | area=   all | maxDets= 10 ] = 0.233
 Average Recall     (AR) @[ IoU=0.50:0.95 | area=   all | maxDets=100 ] = 0.233
 Average Recall     (AR) @[ IoU=0.50:0.95 | area= small | maxDets=100 ] = 0.060
 Average Recall     (AR) @[ IoU=0.50:0.95 | area=medium | maxDets=100 ] = 0.218
 Average Recall     (AR) @[ IoU=0.50:0.95 | area= large | maxDets=100 ] = 0.354
sweep 39/180: alpha=1.0, beta=1.0, threshold=0.2, top_k=12, nms=0.6
creating index...
index created!
Loading and preparing results...
DONE (t=0.01s)
creating index...
index created!
Running per image evaluation...
Evaluate annotation type *bbox*
DONE (t=0.76s).
Accumulating evaluation results...
DONE (t=0.36s).
 Average Precision  (AP) @[ IoU=0.50:0.95 | area=   all | maxDets=100 ] = 0.161
 Average Precision  (AP) @[ IoU=0.50      | area=   all | maxDets=100 ] = 0.252
 Average Precision  (AP) @[ IoU=0.75      | area=   all | maxDets=100 ] = 0.175
 Average Precision  (AP) @[ IoU=0.50:0.95 | area= small | maxDets=100 ] = 0.052
 Average Precision  (AP) @[ IoU=0.50:0.95 | area=medium | maxDets=100 ] = 0.168
 Average Precision  (AP) @[ IoU=0.50:0.95 | area= large | maxDets=100 ] = 0.244
 Average Recall     (AR) @[ IoU=0.50:0.95 | area=   all | maxDets=  1 ] = 0.181
 Average Recall     (AR) @[ IoU=0.50:0.95 | area=   all | maxDets= 10 ] = 0.235
 Average Recall     (AR) @[ IoU=0.50:0.95 | area=   all | maxDets=100 ] = 0.235
 Average Recall     (AR) @[ IoU=0.50:0.95 | area= small | maxDets=100 ] = 0.058
 Average Recall     (AR) @[ IoU=0.50:0.95 | area=medium | maxDets=100 ] = 0.214
 Average Recall     (AR) @[ IoU=0.50:0.95 | area= large | maxDets=100 ] = 0.351
sweep 40/180: alpha=1.0, beta=1.0, threshold=0.2, top_k=12, nms=0.7
creating index...
index created!
Loading and preparing results...
DONE (t=0.09s)
creating index...
index created!
Running per image evaluation...
Evaluate annotation type *bbox*
DONE (t=0.73s).
Accumulating evaluation results...
DONE (t=0.36s).
 Average Precision  (AP) @[ IoU=0.50:0.95 | area=   all | maxDets=100 ] = 0.153
 Average Precision  (AP) @[ IoU=0.50      | area=   all | maxDets=100 ] = 0.232
 Average Precision  (AP) @[ IoU=0.75      | area=   all | maxDets=100 ] = 0.172
 Average Precision  (AP) @[ IoU=0.50:0.95 | area= small | maxDets=100 ] = 0.048
 Average Precision  (AP) @[ IoU=0.50:0.95 | area=medium | maxDets=100 ] = 0.161
 Average Precision  (AP) @[ IoU=0.50:0.95 | area= large | maxDets=100 ] = 0.232
 Average Recall     (AR) @[ IoU=0.50:0.95 | area=   all | maxDets=  1 ] = 0.171
 Average Recall     (AR) @[ IoU=0.50:0.95 | area=   all | maxDets= 10 ] = 0.227
 Average Recall     (AR) @[ IoU=0.50:0.95 | area=   all | maxDets=100 ] = 0.228
 Average Recall     (AR) @[ IoU=0.50:0.95 | area= small | maxDets=100 ] = 0.053
 Average Recall     (AR) @[ IoU=0.50:0.95 | area=medium | maxDets=100 ] = 0.209
 Average Recall     (AR) @[ IoU=0.50:0.95 | area= large | maxDets=100 ] = 0.343
sweep 41/180: alpha=1.0, beta=1.0, threshold=0.2, top_k=50, nms=0.4
creating index...
index created!
Loading and preparing results...
DONE (t=0.01s)
creating index...
index created!
Running per image evaluation...
Evaluate annotation type *bbox*
DONE (t=1.32s).
Accumulating evaluation results...
DONE (t=0.47s).
 Average Precision  (AP) @[ IoU=0.50:0.95 | area=   all | maxDets=100 ] = 0.171
 Average Precision  (AP) @[ IoU=0.50      | area=   all | maxDets=100 ] = 0.285
 Average Precision  (AP) @[ IoU=0.75      | area=   all | maxDets=100 ] = 0.177
 Average Precision  (AP) @[ IoU=0.50:0.95 | area= small | maxDets=100 ] = 0.068
 Average Precision  (AP) @[ IoU=0.50:0.95 | area=medium | maxDets=100 ] = 0.186
 Average Precision  (AP) @[ IoU=0.50:0.95 | area= large | maxDets=100 ] = 0.248
 Average Recall     (AR) @[ IoU=0.50:0.95 | area=   all | maxDets=  1 ] = 0.198
 Average Recall     (AR) @[ IoU=0.50:0.95 | area=   all | maxDets= 10 ] = 0.267
 Average Recall     (AR) @[ IoU=0.50:0.95 | area=   all | maxDets=100 ] = 0.273
 Average Recall     (AR) @[ IoU=0.50:0.95 | area= small | maxDets=100 ] = 0.094
 Average Recall     (AR) @[ IoU=0.50:0.95 | area=medium | maxDets=100 ] = 0.273
 Average Recall     (AR) @[ IoU=0.50:0.95 | area= large | maxDets=100 ] = 0.386
sweep 42/180: alpha=1.0, beta=1.0, threshold=0.2, top_k=50, nms=0.5
creating index...
index created!
Loading and preparing results...
DONE (t=0.01s)
creating index...
index created!
Running per image evaluation...
Evaluate annotation type *bbox*
DONE (t=1.34s).
Accumulating evaluation results...
DONE (t=0.47s).
 Average Precision  (AP) @[ IoU=0.50:0.95 | area=   all | maxDets=100 ] = 0.172
 Average Precision  (AP) @[ IoU=0.50      | area=   all | maxDets=100 ] = 0.283
 Average Precision  (AP) @[ IoU=0.75      | area=   all | maxDets=100 ] = 0.180
 Average Precision  (AP) @[ IoU=0.50:0.95 | area= small | maxDets=100 ] = 0.069
 Average Precision  (AP) @[ IoU=0.50:0.95 | area=medium | maxDets=100 ] = 0.189
 Average Precision  (AP) @[ IoU=0.50:0.95 | area= large | maxDets=100 ] = 0.250
 Average Recall     (AR) @[ IoU=0.50:0.95 | area=   all | maxDets=  1 ] = 0.198
 Average Recall     (AR) @[ IoU=0.50:0.95 | area=   all | maxDets= 10 ] = 0.272
 Average Recall     (AR) @[ IoU=0.50:0.95 | area=   all | maxDets=100 ] = 0.280
 Average Recall     (AR) @[ IoU=0.50:0.95 | area= small | maxDets=100 ] = 0.096
 Average Recall     (AR) @[ IoU=0.50:0.95 | area=medium | maxDets=100 ] = 0.280
 Average Recall     (AR) @[ IoU=0.50:0.95 | area= large | maxDets=100 ] = 0.395
sweep 43/180: alpha=1.0, beta=1.0, threshold=0.2, top_k=50, nms=0.6
creating index...
index created!
Loading and preparing results...
DONE (t=0.10s)
creating index...
index created!
Running per image evaluation...
Evaluate annotation type *bbox*
DONE (t=1.40s).
Accumulating evaluation results...
DONE (t=0.49s).
 Average Precision  (AP) @[ IoU=0.50:0.95 | area=   all | maxDets=100 ] = 0.172
 Average Precision  (AP) @[ IoU=0.50      | area=   all | maxDets=100 ] = 0.275
 Average Precision  (AP) @[ IoU=0.75      | area=   all | maxDets=100 ] = 0.185
 Average Precision  (AP) @[ IoU=0.50:0.95 | area= small | maxDets=100 ] = 0.066
 Average Precision  (AP) @[ IoU=0.50:0.95 | area=medium | maxDets=100 ] = 0.189
 Average Precision  (AP) @[ IoU=0.50:0.95 | area= large | maxDets=100 ] = 0.250
 Average Recall     (AR) @[ IoU=0.50:0.95 | area=   all | maxDets=  1 ] = 0.197
 Average Recall     (AR) @[ IoU=0.50:0.95 | area=   all | maxDets= 10 ] = 0.281
 Average Recall     (AR) @[ IoU=0.50:0.95 | area=   all | maxDets=100 ] = 0.291
 Average Recall     (AR) @[ IoU=0.50:0.95 | area= small | maxDets=100 ] = 0.093
 Average Recall     (AR) @[ IoU=0.50:0.95 | area=medium | maxDets=100 ] = 0.290
 Average Recall     (AR) @[ IoU=0.50:0.95 | area= large | maxDets=100 ] = 0.411
sweep 44/180: alpha=1.0, beta=1.0, threshold=0.2, top_k=50, nms=0.7
creating index...
index created!
Loading and preparing results...
DONE (t=0.01s)
creating index...
index created!
Running per image evaluation...
Evaluate annotation type *bbox*
DONE (t=1.48s).
Accumulating evaluation results...
DONE (t=0.50s).
 Average Precision  (AP) @[ IoU=0.50:0.95 | area=   all | maxDets=100 ] = 0.167
 Average Precision  (AP) @[ IoU=0.50      | area=   all | maxDets=100 ] = 0.257
 Average Precision  (AP) @[ IoU=0.75      | area=   all | maxDets=100 ] = 0.186
 Average Precision  (AP) @[ IoU=0.50:0.95 | area= small | maxDets=100 ] = 0.064
 Average Precision  (AP) @[ IoU=0.50:0.95 | area=medium | maxDets=100 ] = 0.191
 Average Precision  (AP) @[ IoU=0.50:0.95 | area= large | maxDets=100 ] = 0.242
 Average Recall     (AR) @[ IoU=0.50:0.95 | area=   all | maxDets=  1 ] = 0.195
 Average Recall     (AR) @[ IoU=0.50:0.95 | area=   all | maxDets= 10 ] = 0.282
 Average Recall     (AR) @[ IoU=0.50:0.95 | area=   all | maxDets=100 ] = 0.298
 Average Recall     (AR) @[ IoU=0.50:0.95 | area= small | maxDets=100 ] = 0.093
 Average Recall     (AR) @[ IoU=0.50:0.95 | area=medium | maxDets=100 ] = 0.298
 Average Recall     (AR) @[ IoU=0.50:0.95 | area= large | maxDets=100 ] = 0.422
sweep 45/180: alpha=1.0, beta=1.0, threshold=0.2, top_k=100, nms=0.4
creating index...
index created!
Loading and preparing results...
DONE (t=0.01s)
creating index...
index created!
Running per image evaluation...
Evaluate annotation type *bbox*
DONE (t=1.42s).
Accumulating evaluation results...
DONE (t=0.48s).
 Average Precision  (AP) @[ IoU=0.50:0.95 | area=   all | maxDets=100 ] = 0.171
 Average Precision  (AP) @[ IoU=0.50      | area=   all | maxDets=100 ] = 0.285
 Average Precision  (AP) @[ IoU=0.75      | area=   all | maxDets=100 ] = 0.177
 Average Precision  (AP) @[ IoU=0.50:0.95 | area= small | maxDets=100 ] = 0.068
 Average Precision  (AP) @[ IoU=0.50:0.95 | area=medium | maxDets=100 ] = 0.186
 Average Precision  (AP) @[ IoU=0.50:0.95 | area= large | maxDets=100 ] = 0.248
 Average Recall     (AR) @[ IoU=0.50:0.95 | area=   all | maxDets=  1 ] = 0.199
 Average Recall     (AR) @[ IoU=0.50:0.95 | area=   all | maxDets= 10 ] = 0.269
 Average Recall     (AR) @[ IoU=0.50:0.95 | area=   all | maxDets=100 ] = 0.275
 Average Recall     (AR) @[ IoU=0.50:0.95 | area= small | maxDets=100 ] = 0.095
 Average Recall     (AR) @[ IoU=0.50:0.95 | area=medium | maxDets=100 ] = 0.277
 Average Recall     (AR) @[ IoU=0.50:0.95 | area= large | maxDets=100 ] = 0.388
sweep 46/180: alpha=1.0, beta=1.0, threshold=0.2, top_k=100, nms=0.5
creating index...
index created!
Loading and preparing results...
DONE (t=0.01s)
creating index...
index created!
Running per image evaluation...
Evaluate annotation type *bbox*
DONE (t=1.55s).
Accumulating evaluation results...
DONE (t=0.49s).
 Average Precision  (AP) @[ IoU=0.50:0.95 | area=   all | maxDets=100 ] = 0.173
 Average Precision  (AP) @[ IoU=0.50      | area=   all | maxDets=100 ] = 0.284
 Average Precision  (AP) @[ IoU=0.75      | area=   all | maxDets=100 ] = 0.180
 Average Precision  (AP) @[ IoU=0.50:0.95 | area= small | maxDets=100 ] = 0.070
 Average Precision  (AP) @[ IoU=0.50:0.95 | area=medium | maxDets=100 ] = 0.189
 Average Precision  (AP) @[ IoU=0.50:0.95 | area= large | maxDets=100 ] = 0.250
 Average Recall     (AR) @[ IoU=0.50:0.95 | area=   all | maxDets=  1 ] = 0.199
 Average Recall     (AR) @[ IoU=0.50:0.95 | area=   all | maxDets= 10 ] = 0.275
 Average Recall     (AR) @[ IoU=0.50:0.95 | area=   all | maxDets=100 ] = 0.285
 Average Recall     (AR) @[ IoU=0.50:0.95 | area= small | maxDets=100 ] = 0.098
 Average Recall     (AR) @[ IoU=0.50:0.95 | area=medium | maxDets=100 ] = 0.286
 Average Recall     (AR) @[ IoU=0.50:0.95 | area= large | maxDets=100 ] = 0.398
sweep 47/180: alpha=1.0, beta=1.0, threshold=0.2, top_k=100, nms=0.6
creating index...
index created!
Loading and preparing results...
DONE (t=0.02s)
creating index...
index created!
Running per image evaluation...
Evaluate annotation type *bbox*
DONE (t=1.74s).
Accumulating evaluation results...
DONE (t=0.52s).
 Average Precision  (AP) @[ IoU=0.50:0.95 | area=   all | maxDets=100 ] = 0.173
 Average Precision  (AP) @[ IoU=0.50      | area=   all | maxDets=100 ] = 0.277
 Average Precision  (AP) @[ IoU=0.75      | area=   all | maxDets=100 ] = 0.185
 Average Precision  (AP) @[ IoU=0.50:0.95 | area= small | maxDets=100 ] = 0.070
 Average Precision  (AP) @[ IoU=0.50:0.95 | area=medium | maxDets=100 ] = 0.191
 Average Precision  (AP) @[ IoU=0.50:0.95 | area= large | maxDets=100 ] = 0.251
 Average Recall     (AR) @[ IoU=0.50:0.95 | area=   all | maxDets=  1 ] = 0.199
 Average Recall     (AR) @[ IoU=0.50:0.95 | area=   all | maxDets= 10 ] = 0.287
 Average Recall     (AR) @[ IoU=0.50:0.95 | area=   all | maxDets=100 ] = 0.300
 Average Recall     (AR) @[ IoU=0.50:0.95 | area= small | maxDets=100 ] = 0.101
 Average Recall     (AR) @[ IoU=0.50:0.95 | area=medium | maxDets=100 ] = 0.302
 Average Recall     (AR) @[ IoU=0.50:0.95 | area= large | maxDets=100 ] = 0.422
sweep 48/180: alpha=1.0, beta=1.0, threshold=0.2, top_k=100, nms=0.7
creating index...
index created!
Loading and preparing results...
DONE (t=0.11s)
creating index...
index created!
Running per image evaluation...
Evaluate annotation type *bbox*
DONE (t=1.80s).
Accumulating evaluation results...
DONE (t=0.55s).
 Average Precision  (AP) @[ IoU=0.50:0.95 | area=   all | maxDets=100 ] = 0.168
 Average Precision  (AP) @[ IoU=0.50      | area=   all | maxDets=100 ] = 0.260
 Average Precision  (AP) @[ IoU=0.75      | area=   all | maxDets=100 ] = 0.187
 Average Precision  (AP) @[ IoU=0.50:0.95 | area= small | maxDets=100 ] = 0.069
 Average Precision  (AP) @[ IoU=0.50:0.95 | area=medium | maxDets=100 ] = 0.192
 Average Precision  (AP) @[ IoU=0.50:0.95 | area= large | maxDets=100 ] = 0.243
 Average Recall     (AR) @[ IoU=0.50:0.95 | area=   all | maxDets=  1 ] = 0.199
 Average Recall     (AR) @[ IoU=0.50:0.95 | area=   all | maxDets= 10 ] = 0.291
 Average Recall     (AR) @[ IoU=0.50:0.95 | area=   all | maxDets=100 ] = 0.312
 Average Recall     (AR) @[ IoU=0.50:0.95 | area= small | maxDets=100 ] = 0.105
 Average Recall     (AR) @[ IoU=0.50:0.95 | area=medium | maxDets=100 ] = 0.317
 Average Recall     (AR) @[ IoU=0.50:0.95 | area= large | maxDets=100 ] = 0.432
sweep 49/180: alpha=1.0, beta=1.0, threshold=0.25, top_k=12, nms=0.4
creating index...
index created!
Loading and preparing results...
DONE (t=0.00s)
creating index...
index created!
Running per image evaluation...
Evaluate annotation type *bbox*
DONE (t=0.82s).
Accumulating evaluation results...
DONE (t=0.36s).
 Average Precision  (AP) @[ IoU=0.50:0.95 | area=   all | maxDets=100 ] = 0.162
 Average Precision  (AP) @[ IoU=0.50      | area=   all | maxDets=100 ] = 0.263
 Average Precision  (AP) @[ IoU=0.75      | area=   all | maxDets=100 ] = 0.170
 Average Precision  (AP) @[ IoU=0.50:0.95 | area= small | maxDets=100 ] = 0.054
 Average Precision  (AP) @[ IoU=0.50:0.95 | area=medium | maxDets=100 ] = 0.174
 Average Precision  (AP) @[ IoU=0.50:0.95 | area= large | maxDets=100 ] = 0.242
 Average Recall     (AR) @[ IoU=0.50:0.95 | area=   all | maxDets=  1 ] = 0.185
 Average Recall     (AR) @[ IoU=0.50:0.95 | area=   all | maxDets= 10 ] = 0.230
 Average Recall     (AR) @[ IoU=0.50:0.95 | area=   all | maxDets=100 ] = 0.230
 Average Recall     (AR) @[ IoU=0.50:0.95 | area= small | maxDets=100 ] = 0.064
 Average Recall     (AR) @[ IoU=0.50:0.95 | area=medium | maxDets=100 ] = 0.219
 Average Recall     (AR) @[ IoU=0.50:0.95 | area= large | maxDets=100 ] = 0.343
sweep 50/180: alpha=1.0, beta=1.0, threshold=0.25, top_k=12, nms=0.5
creating index...
index created!
Loading and preparing results...
DONE (t=0.01s)
creating index...
index created!
Running per image evaluation...
Evaluate annotation type *bbox*
DONE (t=0.83s).
Accumulating evaluation results...
DONE (t=0.36s).
 Average Precision  (AP) @[ IoU=0.50:0.95 | area=   all | maxDets=100 ] = 0.162
 Average Precision  (AP) @[ IoU=0.50      | area=   all | maxDets=100 ] = 0.260
 Average Precision  (AP) @[ IoU=0.75      | area=   all | maxDets=100 ] = 0.172
 Average Precision  (AP) @[ IoU=0.50:0.95 | area= small | maxDets=100 ] = 0.053
 Average Precision  (AP) @[ IoU=0.50:0.95 | area=medium | maxDets=100 ] = 0.172
 Average Precision  (AP) @[ IoU=0.50:0.95 | area= large | maxDets=100 ] = 0.244
 Average Recall     (AR) @[ IoU=0.50:0.95 | area=   all | maxDets=  1 ] = 0.183
 Average Recall     (AR) @[ IoU=0.50:0.95 | area=   all | maxDets= 10 ] = 0.231
 Average Recall     (AR) @[ IoU=0.50:0.95 | area=   all | maxDets=100 ] = 0.231
 Average Recall     (AR) @[ IoU=0.50:0.95 | area= small | maxDets=100 ] = 0.060
 Average Recall     (AR) @[ IoU=0.50:0.95 | area=medium | maxDets=100 ] = 0.217
 Average Recall     (AR) @[ IoU=0.50:0.95 | area= large | maxDets=100 ] = 0.349
sweep 51/180: alpha=1.0, beta=1.0, threshold=0.25, top_k=12, nms=0.6
creating index...
index created!
Loading and preparing results...
DONE (t=0.01s)
creating index...
index created!
Running per image evaluation...
Evaluate annotation type *bbox*
DONE (t=0.84s).
Accumulating evaluation results...
DONE (t=0.36s).
 Average Precision  (AP) @[ IoU=0.50:0.95 | area=   all | maxDets=100 ] = 0.161
 Average Precision  (AP) @[ IoU=0.50      | area=   all | maxDets=100 ] = 0.251
 Average Precision  (AP) @[ IoU=0.75      | area=   all | maxDets=100 ] = 0.175
 Average Precision  (AP) @[ IoU=0.50:0.95 | area= small | maxDets=100 ] = 0.052
 Average Precision  (AP) @[ IoU=0.50:0.95 | area=medium | maxDets=100 ] = 0.168
 Average Precision  (AP) @[ IoU=0.50:0.95 | area= large | maxDets=100 ] = 0.242
 Average Recall     (AR) @[ IoU=0.50:0.95 | area=   all | maxDets=  1 ] = 0.180
 Average Recall     (AR) @[ IoU=0.50:0.95 | area=   all | maxDets= 10 ] = 0.231
 Average Recall     (AR) @[ IoU=0.50:0.95 | area=   all | maxDets=100 ] = 0.231
 Average Recall     (AR) @[ IoU=0.50:0.95 | area= small | maxDets=100 ] = 0.058
 Average Recall     (AR) @[ IoU=0.50:0.95 | area=medium | maxDets=100 ] = 0.214
 Average Recall     (AR) @[ IoU=0.50:0.95 | area= large | maxDets=100 ] = 0.342
sweep 52/180: alpha=1.0, beta=1.0, threshold=0.25, top_k=12, nms=0.7
creating index...
index created!
Loading and preparing results...
DONE (t=0.09s)
creating index...
index created!
Running per image evaluation...
Evaluate annotation type *bbox*
DONE (t=0.74s).
Accumulating evaluation results...
DONE (t=0.35s).
 Average Precision  (AP) @[ IoU=0.50:0.95 | area=   all | maxDets=100 ] = 0.153
 Average Precision  (AP) @[ IoU=0.50      | area=   all | maxDets=100 ] = 0.231
 Average Precision  (AP) @[ IoU=0.75      | area=   all | maxDets=100 ] = 0.172
 Average Precision  (AP) @[ IoU=0.50:0.95 | area= small | maxDets=100 ] = 0.048
 Average Precision  (AP) @[ IoU=0.50:0.95 | area=medium | maxDets=100 ] = 0.161
 Average Precision  (AP) @[ IoU=0.50:0.95 | area= large | maxDets=100 ] = 0.231
 Average Recall     (AR) @[ IoU=0.50:0.95 | area=   all | maxDets=  1 ] = 0.170
 Average Recall     (AR) @[ IoU=0.50:0.95 | area=   all | maxDets= 10 ] = 0.224
 Average Recall     (AR) @[ IoU=0.50:0.95 | area=   all | maxDets=100 ] = 0.224
 Average Recall     (AR) @[ IoU=0.50:0.95 | area= small | maxDets=100 ] = 0.053
 Average Recall     (AR) @[ IoU=0.50:0.95 | area=medium | maxDets=100 ] = 0.209
 Average Recall     (AR) @[ IoU=0.50:0.95 | area= large | maxDets=100 ] = 0.335
sweep 53/180: alpha=1.0, beta=1.0, threshold=0.25, top_k=50, nms=0.4
creating index...
index created!
Loading and preparing results...
DONE (t=0.09s)
creating index...
index created!
Running per image evaluation...
Evaluate annotation type *bbox*
DONE (t=1.19s).
Accumulating evaluation results...
DONE (t=0.43s).
 Average Precision  (AP) @[ IoU=0.50:0.95 | area=   all | maxDets=100 ] = 0.170
 Average Precision  (AP) @[ IoU=0.50      | area=   all | maxDets=100 ] = 0.281
 Average Precision  (AP) @[ IoU=0.75      | area=   all | maxDets=100 ] = 0.177
 Average Precision  (AP) @[ IoU=0.50:0.95 | area= small | maxDets=100 ] = 0.067
 Average Precision  (AP) @[ IoU=0.50:0.95 | area=medium | maxDets=100 ] = 0.184
 Average Precision  (AP) @[ IoU=0.50:0.95 | area= large | maxDets=100 ] = 0.247
 Average Recall     (AR) @[ IoU=0.50:0.95 | area=   all | maxDets=  1 ] = 0.195
 Average Recall     (AR) @[ IoU=0.50:0.95 | area=   all | maxDets= 10 ] = 0.259
 Average Recall     (AR) @[ IoU=0.50:0.95 | area=   all | maxDets=100 ] = 0.264
 Average Recall     (AR) @[ IoU=0.50:0.95 | area= small | maxDets=100 ] = 0.091
 Average Recall     (AR) @[ IoU=0.50:0.95 | area=medium | maxDets=100 ] = 0.262
 Average Recall     (AR) @[ IoU=0.50:0.95 | area= large | maxDets=100 ] = 0.375
sweep 54/180: alpha=1.0, beta=1.0, threshold=0.25, top_k=50, nms=0.5
creating index...
index created!
Loading and preparing results...
DONE (t=0.01s)
creating index...
index created!
Running per image evaluation...
Evaluate annotation type *bbox*
DONE (t=1.15s).
Accumulating evaluation results...
DONE (t=0.43s).
 Average Precision  (AP) @[ IoU=0.50:0.95 | area=   all | maxDets=100 ] = 0.171
 Average Precision  (AP) @[ IoU=0.50      | area=   all | maxDets=100 ] = 0.281
 Average Precision  (AP) @[ IoU=0.75      | area=   all | maxDets=100 ] = 0.179
 Average Precision  (AP) @[ IoU=0.50:0.95 | area= small | maxDets=100 ] = 0.069
 Average Precision  (AP) @[ IoU=0.50:0.95 | area=medium | maxDets=100 ] = 0.188
 Average Precision  (AP) @[ IoU=0.50:0.95 | area= large | maxDets=100 ] = 0.249
 Average Recall     (AR) @[ IoU=0.50:0.95 | area=   all | maxDets=  1 ] = 0.195
 Average Recall     (AR) @[ IoU=0.50:0.95 | area=   all | maxDets= 10 ] = 0.265
 Average Recall     (AR) @[ IoU=0.50:0.95 | area=   all | maxDets=100 ] = 0.272
 Average Recall     (AR) @[ IoU=0.50:0.95 | area= small | maxDets=100 ] = 0.093
 Average Recall     (AR) @[ IoU=0.50:0.95 | area=medium | maxDets=100 ] = 0.271
 Average Recall     (AR) @[ IoU=0.50:0.95 | area= large | maxDets=100 ] = 0.384
sweep 55/180: alpha=1.0, beta=1.0, threshold=0.25, top_k=50, nms=0.6
creating index...
index created!
Loading and preparing results...
DONE (t=0.01s)
creating index...
index created!
Running per image evaluation...
Evaluate annotation type *bbox*
DONE (t=1.33s).
Accumulating evaluation results...
DONE (t=0.45s).
 Average Precision  (AP) @[ IoU=0.50:0.95 | area=   all | maxDets=100 ] = 0.171
 Average Precision  (AP) @[ IoU=0.50      | area=   all | maxDets=100 ] = 0.272
 Average Precision  (AP) @[ IoU=0.75      | area=   all | maxDets=100 ] = 0.184
 Average Precision  (AP) @[ IoU=0.50:0.95 | area= small | maxDets=100 ] = 0.066
 Average Precision  (AP) @[ IoU=0.50:0.95 | area=medium | maxDets=100 ] = 0.188
 Average Precision  (AP) @[ IoU=0.50:0.95 | area= large | maxDets=100 ] = 0.249
 Average Recall     (AR) @[ IoU=0.50:0.95 | area=   all | maxDets=  1 ] = 0.194
 Average Recall     (AR) @[ IoU=0.50:0.95 | area=   all | maxDets= 10 ] = 0.272
 Average Recall     (AR) @[ IoU=0.50:0.95 | area=   all | maxDets=100 ] = 0.280
 Average Recall     (AR) @[ IoU=0.50:0.95 | area= small | maxDets=100 ] = 0.091
 Average Recall     (AR) @[ IoU=0.50:0.95 | area=medium | maxDets=100 ] = 0.281
 Average Recall     (AR) @[ IoU=0.50:0.95 | area= large | maxDets=100 ] = 0.395
sweep 56/180: alpha=1.0, beta=1.0, threshold=0.25, top_k=50, nms=0.7
creating index...
index created!
Loading and preparing results...
DONE (t=0.01s)
creating index...
index created!
Running per image evaluation...
Evaluate annotation type *bbox*
DONE (t=1.36s).
Accumulating evaluation results...
DONE (t=0.46s).
 Average Precision  (AP) @[ IoU=0.50:0.95 | area=   all | maxDets=100 ] = 0.166
 Average Precision  (AP) @[ IoU=0.50      | area=   all | maxDets=100 ] = 0.255
 Average Precision  (AP) @[ IoU=0.75      | area=   all | maxDets=100 ] = 0.185
 Average Precision  (AP) @[ IoU=0.50:0.95 | area= small | maxDets=100 ] = 0.064
 Average Precision  (AP) @[ IoU=0.50:0.95 | area=medium | maxDets=100 ] = 0.190
 Average Precision  (AP) @[ IoU=0.50:0.95 | area= large | maxDets=100 ] = 0.241
 Average Recall     (AR) @[ IoU=0.50:0.95 | area=   all | maxDets=  1 ] = 0.193
 Average Recall     (AR) @[ IoU=0.50:0.95 | area=   all | maxDets= 10 ] = 0.275
 Average Recall     (AR) @[ IoU=0.50:0.95 | area=   all | maxDets=100 ] = 0.289
 Average Recall     (AR) @[ IoU=0.50:0.95 | area= small | maxDets=100 ] = 0.091
 Average Recall     (AR) @[ IoU=0.50:0.95 | area=medium | maxDets=100 ] = 0.292
 Average Recall     (AR) @[ IoU=0.50:0.95 | area= large | maxDets=100 ] = 0.407
sweep 57/180: alpha=1.0, beta=1.0, threshold=0.25, top_k=100, nms=0.4
creating index...
index created!
Loading and preparing results...
DONE (t=0.09s)
creating index...
index created!
Running per image evaluation...
Evaluate annotation type *bbox*
DONE (t=1.12s).
Accumulating evaluation results...
DONE (t=0.43s).
 Average Precision  (AP) @[ IoU=0.50:0.95 | area=   all | maxDets=100 ] = 0.170
 Average Precision  (AP) @[ IoU=0.50      | area=   all | maxDets=100 ] = 0.282
 Average Precision  (AP) @[ IoU=0.75      | area=   all | maxDets=100 ] = 0.177
 Average Precision  (AP) @[ IoU=0.50:0.95 | area= small | maxDets=100 ] = 0.068
 Average Precision  (AP) @[ IoU=0.50:0.95 | area=medium | maxDets=100 ] = 0.184
 Average Precision  (AP) @[ IoU=0.50:0.95 | area= large | maxDets=100 ] = 0.247
 Average Recall     (AR) @[ IoU=0.50:0.95 | area=   all | maxDets=  1 ] = 0.196
 Average Recall     (AR) @[ IoU=0.50:0.95 | area=   all | maxDets= 10 ] = 0.260
 Average Recall     (AR) @[ IoU=0.50:0.95 | area=   all | maxDets=100 ] = 0.266
 Average Recall     (AR) @[ IoU=0.50:0.95 | area= small | maxDets=100 ] = 0.092
 Average Recall     (AR) @[ IoU=0.50:0.95 | area=medium | maxDets=100 ] = 0.265
 Average Recall     (AR) @[ IoU=0.50:0.95 | area= large | maxDets=100 ] = 0.377
sweep 58/180: alpha=1.0, beta=1.0, threshold=0.25, top_k=100, nms=0.5
creating index...
index created!
Loading and preparing results...
DONE (t=0.01s)
creating index...
index created!
Running per image evaluation...
Evaluate annotation type *bbox*
DONE (t=1.36s).
Accumulating evaluation results...
DONE (t=0.44s).
 Average Precision  (AP) @[ IoU=0.50:0.95 | area=   all | maxDets=100 ] = 0.172
 Average Precision  (AP) @[ IoU=0.50      | area=   all | maxDets=100 ] = 0.282
 Average Precision  (AP) @[ IoU=0.75      | area=   all | maxDets=100 ] = 0.179
 Average Precision  (AP) @[ IoU=0.50:0.95 | area= small | maxDets=100 ] = 0.069
 Average Precision  (AP) @[ IoU=0.50:0.95 | area=medium | maxDets=100 ] = 0.188
 Average Precision  (AP) @[ IoU=0.50:0.95 | area= large | maxDets=100 ] = 0.249
 Average Recall     (AR) @[ IoU=0.50:0.95 | area=   all | maxDets=  1 ] = 0.196
 Average Recall     (AR) @[ IoU=0.50:0.95 | area=   all | maxDets= 10 ] = 0.266
 Average Recall     (AR) @[ IoU=0.50:0.95 | area=   all | maxDets=100 ] = 0.275
 Average Recall     (AR) @[ IoU=0.50:0.95 | area= small | maxDets=100 ] = 0.095
 Average Recall     (AR) @[ IoU=0.50:0.95 | area=medium | maxDets=100 ] = 0.275
 Average Recall     (AR) @[ IoU=0.50:0.95 | area= large | maxDets=100 ] = 0.386
sweep 59/180: alpha=1.0, beta=1.0, threshold=0.25, top_k=100, nms=0.6
creating index...
index created!
Loading and preparing results...
DONE (t=0.01s)
creating index...
index created!
Running per image evaluation...
Evaluate annotation type *bbox*
DONE (t=1.52s).
Accumulating evaluation results...
DONE (t=0.46s).
 Average Precision  (AP) @[ IoU=0.50:0.95 | area=   all | maxDets=100 ] = 0.172
 Average Precision  (AP) @[ IoU=0.50      | area=   all | maxDets=100 ] = 0.274
 Average Precision  (AP) @[ IoU=0.75      | area=   all | maxDets=100 ] = 0.184
 Average Precision  (AP) @[ IoU=0.50:0.95 | area= small | maxDets=100 ] = 0.069
 Average Precision  (AP) @[ IoU=0.50:0.95 | area=medium | maxDets=100 ] = 0.189
 Average Precision  (AP) @[ IoU=0.50:0.95 | area= large | maxDets=100 ] = 0.249
 Average Recall     (AR) @[ IoU=0.50:0.95 | area=   all | maxDets=  1 ] = 0.196
 Average Recall     (AR) @[ IoU=0.50:0.95 | area=   all | maxDets= 10 ] = 0.275
 Average Recall     (AR) @[ IoU=0.50:0.95 | area=   all | maxDets=100 ] = 0.286
 Average Recall     (AR) @[ IoU=0.50:0.95 | area= small | maxDets=100 ] = 0.097
 Average Recall     (AR) @[ IoU=0.50:0.95 | area=medium | maxDets=100 ] = 0.287
 Average Recall     (AR) @[ IoU=0.50:0.95 | area= large | maxDets=100 ] = 0.404
sweep 60/180: alpha=1.0, beta=1.0, threshold=0.25, top_k=100, nms=0.7
creating index...
index created!
Loading and preparing results...
DONE (t=0.10s)
creating index...
index created!
Running per image evaluation...
Evaluate annotation type *bbox*
DONE (t=1.61s).
Accumulating evaluation results...
DONE (t=0.49s).
 Average Precision  (AP) @[ IoU=0.50:0.95 | area=   all | maxDets=100 ] = 0.167
 Average Precision  (AP) @[ IoU=0.50      | area=   all | maxDets=100 ] = 0.258
 Average Precision  (AP) @[ IoU=0.75      | area=   all | maxDets=100 ] = 0.186
 Average Precision  (AP) @[ IoU=0.50:0.95 | area= small | maxDets=100 ] = 0.068
 Average Precision  (AP) @[ IoU=0.50:0.95 | area=medium | maxDets=100 ] = 0.191
 Average Precision  (AP) @[ IoU=0.50:0.95 | area= large | maxDets=100 ] = 0.242
 Average Recall     (AR) @[ IoU=0.50:0.95 | area=   all | maxDets=  1 ] = 0.195
 Average Recall     (AR) @[ IoU=0.50:0.95 | area=   all | maxDets= 10 ] = 0.280
 Average Recall     (AR) @[ IoU=0.50:0.95 | area=   all | maxDets=100 ] = 0.298
 Average Recall     (AR) @[ IoU=0.50:0.95 | area= small | maxDets=100 ] = 0.100
 Average Recall     (AR) @[ IoU=0.50:0.95 | area=medium | maxDets=100 ] = 0.304
 Average Recall     (AR) @[ IoU=0.50:0.95 | area= large | maxDets=100 ] = 0.414
sweep 61/180: alpha=1.5, beta=1.0, threshold=0.01, top_k=12, nms=0.4
creating index...
index created!
Loading and preparing results...
DONE (t=0.01s)
creating index...
index created!
Running per image evaluation...
Evaluate annotation type *bbox*
DONE (t=0.95s).
Accumulating evaluation results...
DONE (t=0.39s).
 Average Precision  (AP) @[ IoU=0.50:0.95 | area=   all | maxDets=100 ] = 0.165
 Average Precision  (AP) @[ IoU=0.50      | area=   all | maxDets=100 ] = 0.269
 Average Precision  (AP) @[ IoU=0.75      | area=   all | maxDets=100 ] = 0.173
 Average Precision  (AP) @[ IoU=0.50:0.95 | area= small | maxDets=100 ] = 0.056
 Average Precision  (AP) @[ IoU=0.50:0.95 | area=medium | maxDets=100 ] = 0.174
 Average Precision  (AP) @[ IoU=0.50:0.95 | area= large | maxDets=100 ] = 0.248
 Average Recall     (AR) @[ IoU=0.50:0.95 | area=   all | maxDets=  1 ] = 0.191
 Average Recall     (AR) @[ IoU=0.50:0.95 | area=   all | maxDets= 10 ] = 0.238
 Average Recall     (AR) @[ IoU=0.50:0.95 | area=   all | maxDets=100 ] = 0.238
 Average Recall     (AR) @[ IoU=0.50:0.95 | area= small | maxDets=100 ] = 0.066
 Average Recall     (AR) @[ IoU=0.50:0.95 | area=medium | maxDets=100 ] = 0.230
 Average Recall     (AR) @[ IoU=0.50:0.95 | area= large | maxDets=100 ] = 0.359
sweep 62/180: alpha=1.5, beta=1.0, threshold=0.01, top_k=12, nms=0.5
creating index...
index created!
Loading and preparing results...
DONE (t=0.01s)
creating index...
index created!
Running per image evaluation...
Evaluate annotation type *bbox*
DONE (t=0.82s).
Accumulating evaluation results...
DONE (t=0.38s).
 Average Precision  (AP) @[ IoU=0.50:0.95 | area=   all | maxDets=100 ] = 0.165
 Average Precision  (AP) @[ IoU=0.50      | area=   all | maxDets=100 ] = 0.265
 Average Precision  (AP) @[ IoU=0.75      | area=   all | maxDets=100 ] = 0.174
 Average Precision  (AP) @[ IoU=0.50:0.95 | area= small | maxDets=100 ] = 0.054
 Average Precision  (AP) @[ IoU=0.50:0.95 | area=medium | maxDets=100 ] = 0.175
 Average Precision  (AP) @[ IoU=0.50:0.95 | area= large | maxDets=100 ] = 0.248
 Average Recall     (AR) @[ IoU=0.50:0.95 | area=   all | maxDets=  1 ] = 0.190
 Average Recall     (AR) @[ IoU=0.50:0.95 | area=   all | maxDets= 10 ] = 0.239
 Average Recall     (AR) @[ IoU=0.50:0.95 | area=   all | maxDets=100 ] = 0.239
 Average Recall     (AR) @[ IoU=0.50:0.95 | area= small | maxDets=100 ] = 0.061
 Average Recall     (AR) @[ IoU=0.50:0.95 | area=medium | maxDets=100 ] = 0.229
 Average Recall     (AR) @[ IoU=0.50:0.95 | area= large | maxDets=100 ] = 0.360
sweep 63/180: alpha=1.5, beta=1.0, threshold=0.01, top_k=12, nms=0.6
creating index...
index created!
Loading and preparing results...
DONE (t=0.01s)
creating index...
index created!
Running per image evaluation...
Evaluate annotation type *bbox*
DONE (t=0.90s).
Accumulating evaluation results...
DONE (t=0.38s).
 Average Precision  (AP) @[ IoU=0.50:0.95 | area=   all | maxDets=100 ] = 0.164
 Average Precision  (AP) @[ IoU=0.50      | area=   all | maxDets=100 ] = 0.257
 Average Precision  (AP) @[ IoU=0.75      | area=   all | maxDets=100 ] = 0.176
 Average Precision  (AP) @[ IoU=0.50:0.95 | area= small | maxDets=100 ] = 0.054
 Average Precision  (AP) @[ IoU=0.50:0.95 | area=medium | maxDets=100 ] = 0.168
 Average Precision  (AP) @[ IoU=0.50:0.95 | area= large | maxDets=100 ] = 0.246
 Average Recall     (AR) @[ IoU=0.50:0.95 | area=   all | maxDets=  1 ] = 0.185
 Average Recall     (AR) @[ IoU=0.50:0.95 | area=   all | maxDets= 10 ] = 0.239
 Average Recall     (AR) @[ IoU=0.50:0.95 | area=   all | maxDets=100 ] = 0.239
 Average Recall     (AR) @[ IoU=0.50:0.95 | area= small | maxDets=100 ] = 0.060
 Average Recall     (AR) @[ IoU=0.50:0.95 | area=medium | maxDets=100 ] = 0.220
 Average Recall     (AR) @[ IoU=0.50:0.95 | area= large | maxDets=100 ] = 0.357
sweep 64/180: alpha=1.5, beta=1.0, threshold=0.01, top_k=12, nms=0.7
creating index...
index created!
Loading and preparing results...
DONE (t=0.01s)
creating index...
index created!
Running per image evaluation...
Evaluate annotation type *bbox*
DONE (t=0.77s).
Accumulating evaluation results...
DONE (t=0.37s).
 Average Precision  (AP) @[ IoU=0.50:0.95 | area=   all | maxDets=100 ] = 0.159
 Average Precision  (AP) @[ IoU=0.50      | area=   all | maxDets=100 ] = 0.239
 Average Precision  (AP) @[ IoU=0.75      | area=   all | maxDets=100 ] = 0.179
 Average Precision  (AP) @[ IoU=0.50:0.95 | area= small | maxDets=100 ] = 0.049
 Average Precision  (AP) @[ IoU=0.50:0.95 | area=medium | maxDets=100 ] = 0.167
 Average Precision  (AP) @[ IoU=0.50:0.95 | area= large | maxDets=100 ] = 0.241
 Average Recall     (AR) @[ IoU=0.50:0.95 | area=   all | maxDets=  1 ] = 0.178
 Average Recall     (AR) @[ IoU=0.50:0.95 | area=   all | maxDets= 10 ] = 0.236
 Average Recall     (AR) @[ IoU=0.50:0.95 | area=   all | maxDets=100 ] = 0.236
 Average Recall     (AR) @[ IoU=0.50:0.95 | area= small | maxDets=100 ] = 0.054
 Average Recall     (AR) @[ IoU=0.50:0.95 | area=medium | maxDets=100 ] = 0.220
 Average Recall     (AR) @[ IoU=0.50:0.95 | area= large | maxDets=100 ] = 0.357
sweep 65/180: alpha=1.5, beta=1.0, threshold=0.01, top_k=50, nms=0.4
creating index...
index created!
Loading and preparing results...
DONE (t=0.02s)
creating index...
index created!
Running per image evaluation...
Evaluate annotation type *bbox*
DONE (t=1.74s).
Accumulating evaluation results...
DONE (t=0.65s).
 Average Precision  (AP) @[ IoU=0.50:0.95 | area=   all | maxDets=100 ] = 0.174
 Average Precision  (AP) @[ IoU=0.50      | area=   all | maxDets=100 ] = 0.291
 Average Precision  (AP) @[ IoU=0.75      | area=   all | maxDets=100 ] = 0.181
 Average Precision  (AP) @[ IoU=0.50:0.95 | area= small | maxDets=100 ] = 0.075
 Average Precision  (AP) @[ IoU=0.50:0.95 | area=medium | maxDets=100 ] = 0.188
 Average Precision  (AP) @[ IoU=0.50:0.95 | area= large | maxDets=100 ] = 0.254
 Average Recall     (AR) @[ IoU=0.50:0.95 | area=   all | maxDets=  1 ] = 0.209
 Average Recall     (AR) @[ IoU=0.50:0.95 | area=   all | maxDets= 10 ] = 0.289
 Average Recall     (AR) @[ IoU=0.50:0.95 | area=   all | maxDets=100 ] = 0.296
 Average Recall     (AR) @[ IoU=0.50:0.95 | area= small | maxDets=100 ] = 0.111
 Average Recall     (AR) @[ IoU=0.50:0.95 | area=medium | maxDets=100 ] = 0.299
 Average Recall     (AR) @[ IoU=0.50:0.95 | area= large | maxDets=100 ] = 0.425
sweep 66/180: alpha=1.5, beta=1.0, threshold=0.01, top_k=50, nms=0.5
creating index...
index created!
Loading and preparing results...
DONE (t=0.02s)
creating index...
index created!
Running per image evaluation...
Evaluate annotation type *bbox*
DONE (t=1.86s).
Accumulating evaluation results...
DONE (t=0.68s).
 Average Precision  (AP) @[ IoU=0.50:0.95 | area=   all | maxDets=100 ] = 0.175
 Average Precision  (AP) @[ IoU=0.50      | area=   all | maxDets=100 ] = 0.288
 Average Precision  (AP) @[ IoU=0.75      | area=   all | maxDets=100 ] = 0.183
 Average Precision  (AP) @[ IoU=0.50:0.95 | area= small | maxDets=100 ] = 0.074
 Average Precision  (AP) @[ IoU=0.50:0.95 | area=medium | maxDets=100 ] = 0.191
 Average Precision  (AP) @[ IoU=0.50:0.95 | area= large | maxDets=100 ] = 0.256
 Average Recall     (AR) @[ IoU=0.50:0.95 | area=   all | maxDets=  1 ] = 0.208
 Average Recall     (AR) @[ IoU=0.50:0.95 | area=   all | maxDets= 10 ] = 0.294
 Average Recall     (AR) @[ IoU=0.50:0.95 | area=   all | maxDets=100 ] = 0.302
 Average Recall     (AR) @[ IoU=0.50:0.95 | area= small | maxDets=100 ] = 0.108
 Average Recall     (AR) @[ IoU=0.50:0.95 | area=medium | maxDets=100 ] = 0.305
 Average Recall     (AR) @[ IoU=0.50:0.95 | area= large | maxDets=100 ] = 0.434
sweep 67/180: alpha=1.5, beta=1.0, threshold=0.01, top_k=50, nms=0.6
creating index...
index created!
Loading and preparing results...
DONE (t=0.02s)
creating index...
index created!
Running per image evaluation...
Evaluate annotation type *bbox*
DONE (t=1.71s).
Accumulating evaluation results...
DONE (t=0.61s).
 Average Precision  (AP) @[ IoU=0.50:0.95 | area=   all | maxDets=100 ] = 0.176
 Average Precision  (AP) @[ IoU=0.50      | area=   all | maxDets=100 ] = 0.282
 Average Precision  (AP) @[ IoU=0.75      | area=   all | maxDets=100 ] = 0.188
 Average Precision  (AP) @[ IoU=0.50:0.95 | area= small | maxDets=100 ] = 0.073
 Average Precision  (AP) @[ IoU=0.50:0.95 | area=medium | maxDets=100 ] = 0.192
 Average Precision  (AP) @[ IoU=0.50:0.95 | area= large | maxDets=100 ] = 0.257
 Average Recall     (AR) @[ IoU=0.50:0.95 | area=   all | maxDets=  1 ] = 0.207
 Average Recall     (AR) @[ IoU=0.50:0.95 | area=   all | maxDets= 10 ] = 0.301
 Average Recall     (AR) @[ IoU=0.50:0.95 | area=   all | maxDets=100 ] = 0.311
 Average Recall     (AR) @[ IoU=0.50:0.95 | area= small | maxDets=100 ] = 0.106
 Average Recall     (AR) @[ IoU=0.50:0.95 | area=medium | maxDets=100 ] = 0.314
 Average Recall     (AR) @[ IoU=0.50:0.95 | area= large | maxDets=100 ] = 0.449
sweep 68/180: alpha=1.5, beta=1.0, threshold=0.01, top_k=50, nms=0.7
creating index...
index created!
Loading and preparing results...
DONE (t=0.13s)
creating index...
index created!
Running per image evaluation...
Evaluate annotation type *bbox*
DONE (t=1.76s).
Accumulating evaluation results...
DONE (t=0.59s).
 Average Precision  (AP) @[ IoU=0.50:0.95 | area=   all | maxDets=100 ] = 0.172
 Average Precision  (AP) @[ IoU=0.50      | area=   all | maxDets=100 ] = 0.263
 Average Precision  (AP) @[ IoU=0.75      | area=   all | maxDets=100 ] = 0.193
 Average Precision  (AP) @[ IoU=0.50:0.95 | area= small | maxDets=100 ] = 0.070
 Average Precision  (AP) @[ IoU=0.50:0.95 | area=medium | maxDets=100 ] = 0.194
 Average Precision  (AP) @[ IoU=0.50:0.95 | area= large | maxDets=100 ] = 0.250
 Average Recall     (AR) @[ IoU=0.50:0.95 | area=   all | maxDets=  1 ] = 0.203
 Average Recall     (AR) @[ IoU=0.50:0.95 | area=   all | maxDets= 10 ] = 0.300
 Average Recall     (AR) @[ IoU=0.50:0.95 | area=   all | maxDets=100 ] = 0.313
 Average Recall     (AR) @[ IoU=0.50:0.95 | area= small | maxDets=100 ] = 0.100
 Average Recall     (AR) @[ IoU=0.50:0.95 | area=medium | maxDets=100 ] = 0.317
 Average Recall     (AR) @[ IoU=0.50:0.95 | area= large | maxDets=100 ] = 0.455
sweep 69/180: alpha=1.5, beta=1.0, threshold=0.01, top_k=100, nms=0.4
creating index...
index created!
Loading and preparing results...
DONE (t=0.13s)
creating index...
index created!
Running per image evaluation...
Evaluate annotation type *bbox*
DONE (t=2.35s).
Accumulating evaluation results...
DONE (t=0.82s).
 Average Precision  (AP) @[ IoU=0.50:0.95 | area=   all | maxDets=100 ] = 0.175
 Average Precision  (AP) @[ IoU=0.50      | area=   all | maxDets=100 ] = 0.294
 Average Precision  (AP) @[ IoU=0.75      | area=   all | maxDets=100 ] = 0.181
 Average Precision  (AP) @[ IoU=0.50:0.95 | area= small | maxDets=100 ] = 0.076
 Average Precision  (AP) @[ IoU=0.50:0.95 | area=medium | maxDets=100 ] = 0.189
 Average Precision  (AP) @[ IoU=0.50:0.95 | area= large | maxDets=100 ] = 0.255
 Average Recall     (AR) @[ IoU=0.50:0.95 | area=   all | maxDets=  1 ] = 0.211
 Average Recall     (AR) @[ IoU=0.50:0.95 | area=   all | maxDets= 10 ] = 0.301
 Average Recall     (AR) @[ IoU=0.50:0.95 | area=   all | maxDets=100 ] = 0.310
 Average Recall     (AR) @[ IoU=0.50:0.95 | area= small | maxDets=100 ] = 0.122
 Average Recall     (AR) @[ IoU=0.50:0.95 | area=medium | maxDets=100 ] = 0.320
 Average Recall     (AR) @[ IoU=0.50:0.95 | area= large | maxDets=100 ] = 0.439
sweep 70/180: alpha=1.5, beta=1.0, threshold=0.01, top_k=100, nms=0.5
creating index...
index created!
Loading and preparing results...
DONE (t=0.13s)
creating index...
index created!
Running per image evaluation...
Evaluate annotation type *bbox*
DONE (t=2.46s).
Accumulating evaluation results...
DONE (t=0.82s).
 Average Precision  (AP) @[ IoU=0.50:0.95 | area=   all | maxDets=100 ] = 0.176
 Average Precision  (AP) @[ IoU=0.50      | area=   all | maxDets=100 ] = 0.291
 Average Precision  (AP) @[ IoU=0.75      | area=   all | maxDets=100 ] = 0.184
 Average Precision  (AP) @[ IoU=0.50:0.95 | area= small | maxDets=100 ] = 0.077
 Average Precision  (AP) @[ IoU=0.50:0.95 | area=medium | maxDets=100 ] = 0.192
 Average Precision  (AP) @[ IoU=0.50:0.95 | area= large | maxDets=100 ] = 0.256
 Average Recall     (AR) @[ IoU=0.50:0.95 | area=   all | maxDets=  1 ] = 0.211
 Average Recall     (AR) @[ IoU=0.50:0.95 | area=   all | maxDets= 10 ] = 0.309
 Average Recall     (AR) @[ IoU=0.50:0.95 | area=   all | maxDets=100 ] = 0.321
 Average Recall     (AR) @[ IoU=0.50:0.95 | area= small | maxDets=100 ] = 0.125
 Average Recall     (AR) @[ IoU=0.50:0.95 | area=medium | maxDets=100 ] = 0.332
 Average Recall     (AR) @[ IoU=0.50:0.95 | area= large | maxDets=100 ] = 0.450
sweep 71/180: alpha=1.5, beta=1.0, threshold=0.01, top_k=100, nms=0.6
creating index...
index created!
Loading and preparing results...
DONE (t=0.13s)
creating index...
index created!
Running per image evaluation...
Evaluate annotation type *bbox*
DONE (t=2.50s).
Accumulating evaluation results...
DONE (t=0.81s).
 Average Precision  (AP) @[ IoU=0.50:0.95 | area=   all | maxDets=100 ] = 0.178
 Average Precision  (AP) @[ IoU=0.50      | area=   all | maxDets=100 ] = 0.285
 Average Precision  (AP) @[ IoU=0.75      | area=   all | maxDets=100 ] = 0.189
 Average Precision  (AP) @[ IoU=0.50:0.95 | area= small | maxDets=100 ] = 0.077
 Average Precision  (AP) @[ IoU=0.50:0.95 | area=medium | maxDets=100 ] = 0.194
 Average Precision  (AP) @[ IoU=0.50:0.95 | area= large | maxDets=100 ] = 0.258
 Average Recall     (AR) @[ IoU=0.50:0.95 | area=   all | maxDets=  1 ] = 0.210
 Average Recall     (AR) @[ IoU=0.50:0.95 | area=   all | maxDets= 10 ] = 0.318
 Average Recall     (AR) @[ IoU=0.50:0.95 | area=   all | maxDets=100 ] = 0.334
 Average Recall     (AR) @[ IoU=0.50:0.95 | area= small | maxDets=100 ] = 0.126
 Average Recall     (AR) @[ IoU=0.50:0.95 | area=medium | maxDets=100 ] = 0.337
 Average Recall     (AR) @[ IoU=0.50:0.95 | area= large | maxDets=100 ] = 0.476
sweep 72/180: alpha=1.5, beta=1.0, threshold=0.01, top_k=100, nms=0.7
creating index...
index created!
Loading and preparing results...
DONE (t=0.13s)
creating index...
index created!
Running per image evaluation...
Evaluate annotation type *bbox*
DONE (t=2.54s).
Accumulating evaluation results...
DONE (t=0.80s).
 Average Precision  (AP) @[ IoU=0.50:0.95 | area=   all | maxDets=100 ] = 0.173
 Average Precision  (AP) @[ IoU=0.50      | area=   all | maxDets=100 ] = 0.267
 Average Precision  (AP) @[ IoU=0.75      | area=   all | maxDets=100 ] = 0.194
 Average Precision  (AP) @[ IoU=0.50:0.95 | area= small | maxDets=100 ] = 0.075
 Average Precision  (AP) @[ IoU=0.50:0.95 | area=medium | maxDets=100 ] = 0.196
 Average Precision  (AP) @[ IoU=0.50:0.95 | area= large | maxDets=100 ] = 0.252
 Average Recall     (AR) @[ IoU=0.50:0.95 | area=   all | maxDets=  1 ] = 0.209
 Average Recall     (AR) @[ IoU=0.50:0.95 | area=   all | maxDets= 10 ] = 0.320
 Average Recall     (AR) @[ IoU=0.50:0.95 | area=   all | maxDets=100 ] = 0.343
 Average Recall     (AR) @[ IoU=0.50:0.95 | area= small | maxDets=100 ] = 0.124
 Average Recall     (AR) @[ IoU=0.50:0.95 | area=medium | maxDets=100 ] = 0.352
 Average Recall     (AR) @[ IoU=0.50:0.95 | area= large | maxDets=100 ] = 0.482
sweep 73/180: alpha=1.5, beta=1.0, threshold=0.05, top_k=12, nms=0.4
creating index...
index created!
Loading and preparing results...
DONE (t=0.01s)
creating index...
index created!
Running per image evaluation...
Evaluate annotation type *bbox*
DONE (t=0.82s).
Accumulating evaluation results...
DONE (t=0.43s).
 Average Precision  (AP) @[ IoU=0.50:0.95 | area=   all | maxDets=100 ] = 0.165
 Average Precision  (AP) @[ IoU=0.50      | area=   all | maxDets=100 ] = 0.269
 Average Precision  (AP) @[ IoU=0.75      | area=   all | maxDets=100 ] = 0.173
 Average Precision  (AP) @[ IoU=0.50:0.95 | area= small | maxDets=100 ] = 0.056
 Average Precision  (AP) @[ IoU=0.50:0.95 | area=medium | maxDets=100 ] = 0.174
 Average Precision  (AP) @[ IoU=0.50:0.95 | area= large | maxDets=100 ] = 0.248
 Average Recall     (AR) @[ IoU=0.50:0.95 | area=   all | maxDets=  1 ] = 0.191
 Average Recall     (AR) @[ IoU=0.50:0.95 | area=   all | maxDets= 10 ] = 0.238
 Average Recall     (AR) @[ IoU=0.50:0.95 | area=   all | maxDets=100 ] = 0.238
 Average Recall     (AR) @[ IoU=0.50:0.95 | area= small | maxDets=100 ] = 0.066
 Average Recall     (AR) @[ IoU=0.50:0.95 | area=medium | maxDets=100 ] = 0.230
 Average Recall     (AR) @[ IoU=0.50:0.95 | area= large | maxDets=100 ] = 0.359
sweep 74/180: alpha=1.5, beta=1.0, threshold=0.05, top_k=12, nms=0.5
creating index...
index created!
Loading and preparing results...
DONE (t=0.01s)
creating index...
index created!
Running per image evaluation...
Evaluate annotation type *bbox*
DONE (t=1.09s).
Accumulating evaluation results...
DONE (t=0.47s).
 Average Precision  (AP) @[ IoU=0.50:0.95 | area=   all | maxDets=100 ] = 0.165
 Average Precision  (AP) @[ IoU=0.50      | area=   all | maxDets=100 ] = 0.265
 Average Precision  (AP) @[ IoU=0.75      | area=   all | maxDets=100 ] = 0.174
 Average Precision  (AP) @[ IoU=0.50:0.95 | area= small | maxDets=100 ] = 0.054
 Average Precision  (AP) @[ IoU=0.50:0.95 | area=medium | maxDets=100 ] = 0.175
 Average Precision  (AP) @[ IoU=0.50:0.95 | area= large | maxDets=100 ] = 0.248
 Average Recall     (AR) @[ IoU=0.50:0.95 | area=   all | maxDets=  1 ] = 0.190
 Average Recall     (AR) @[ IoU=0.50:0.95 | area=   all | maxDets= 10 ] = 0.239
 Average Recall     (AR) @[ IoU=0.50:0.95 | area=   all | maxDets=100 ] = 0.239
 Average Recall     (AR) @[ IoU=0.50:0.95 | area= small | maxDets=100 ] = 0.061
 Average Recall     (AR) @[ IoU=0.50:0.95 | area=medium | maxDets=100 ] = 0.229
 Average Recall     (AR) @[ IoU=0.50:0.95 | area= large | maxDets=100 ] = 0.360
sweep 75/180: alpha=1.5, beta=1.0, threshold=0.05, top_k=12, nms=0.6
creating index...
index created!
Loading and preparing results...
DONE (t=0.01s)
creating index...
index created!
Running per image evaluation...
Evaluate annotation type *bbox*
DONE (t=0.84s).
Accumulating evaluation results...
DONE (t=0.37s).
 Average Precision  (AP) @[ IoU=0.50:0.95 | area=   all | maxDets=100 ] = 0.164
 Average Precision  (AP) @[ IoU=0.50      | area=   all | maxDets=100 ] = 0.257
 Average Precision  (AP) @[ IoU=0.75      | area=   all | maxDets=100 ] = 0.176
 Average Precision  (AP) @[ IoU=0.50:0.95 | area= small | maxDets=100 ] = 0.054
 Average Precision  (AP) @[ IoU=0.50:0.95 | area=medium | maxDets=100 ] = 0.168
 Average Precision  (AP) @[ IoU=0.50:0.95 | area= large | maxDets=100 ] = 0.246
 Average Recall     (AR) @[ IoU=0.50:0.95 | area=   all | maxDets=  1 ] = 0.185
 Average Recall     (AR) @[ IoU=0.50:0.95 | area=   all | maxDets= 10 ] = 0.239
 Average Recall     (AR) @[ IoU=0.50:0.95 | area=   all | maxDets=100 ] = 0.239
 Average Recall     (AR) @[ IoU=0.50:0.95 | area= small | maxDets=100 ] = 0.060
 Average Recall     (AR) @[ IoU=0.50:0.95 | area=medium | maxDets=100 ] = 0.220
 Average Recall     (AR) @[ IoU=0.50:0.95 | area= large | maxDets=100 ] = 0.357
sweep 76/180: alpha=1.5, beta=1.0, threshold=0.05, top_k=12, nms=0.7
creating index...
index created!
Loading and preparing results...
DONE (t=0.01s)
creating index...
index created!
Running per image evaluation...
Evaluate annotation type *bbox*
DONE (t=0.88s).
Accumulating evaluation results...
DONE (t=0.37s).
 Average Precision  (AP) @[ IoU=0.50:0.95 | area=   all | maxDets=100 ] = 0.159
 Average Precision  (AP) @[ IoU=0.50      | area=   all | maxDets=100 ] = 0.239
 Average Precision  (AP) @[ IoU=0.75      | area=   all | maxDets=100 ] = 0.179
 Average Precision  (AP) @[ IoU=0.50:0.95 | area= small | maxDets=100 ] = 0.049
 Average Precision  (AP) @[ IoU=0.50:0.95 | area=medium | maxDets=100 ] = 0.167
 Average Precision  (AP) @[ IoU=0.50:0.95 | area= large | maxDets=100 ] = 0.241
 Average Recall     (AR) @[ IoU=0.50:0.95 | area=   all | maxDets=  1 ] = 0.178
 Average Recall     (AR) @[ IoU=0.50:0.95 | area=   all | maxDets= 10 ] = 0.236
 Average Recall     (AR) @[ IoU=0.50:0.95 | area=   all | maxDets=100 ] = 0.236
 Average Recall     (AR) @[ IoU=0.50:0.95 | area= small | maxDets=100 ] = 0.054
 Average Recall     (AR) @[ IoU=0.50:0.95 | area=medium | maxDets=100 ] = 0.220
 Average Recall     (AR) @[ IoU=0.50:0.95 | area= large | maxDets=100 ] = 0.357
sweep 77/180: alpha=1.5, beta=1.0, threshold=0.05, top_k=50, nms=0.4
creating index...
index created!
Loading and preparing results...
DONE (t=0.02s)
creating index...
index created!
Running per image evaluation...
Evaluate annotation type *bbox*
DONE (t=1.62s).
Accumulating evaluation results...
DONE (t=0.59s).
 Average Precision  (AP) @[ IoU=0.50:0.95 | area=   all | maxDets=100 ] = 0.174
 Average Precision  (AP) @[ IoU=0.50      | area=   all | maxDets=100 ] = 0.291
 Average Precision  (AP) @[ IoU=0.75      | area=   all | maxDets=100 ] = 0.181
 Average Precision  (AP) @[ IoU=0.50:0.95 | area= small | maxDets=100 ] = 0.075
 Average Precision  (AP) @[ IoU=0.50:0.95 | area=medium | maxDets=100 ] = 0.187
 Average Precision  (AP) @[ IoU=0.50:0.95 | area= large | maxDets=100 ] = 0.254
 Average Recall     (AR) @[ IoU=0.50:0.95 | area=   all | maxDets=  1 ] = 0.208
 Average Recall     (AR) @[ IoU=0.50:0.95 | area=   all | maxDets= 10 ] = 0.287
 Average Recall     (AR) @[ IoU=0.50:0.95 | area=   all | maxDets=100 ] = 0.294
 Average Recall     (AR) @[ IoU=0.50:0.95 | area= small | maxDets=100 ] = 0.111
 Average Recall     (AR) @[ IoU=0.50:0.95 | area=medium | maxDets=100 ] = 0.297
 Average Recall     (AR) @[ IoU=0.50:0.95 | area= large | maxDets=100 ] = 0.422
sweep 78/180: alpha=1.5, beta=1.0, threshold=0.05, top_k=50, nms=0.5
creating index...
index created!
Loading and preparing results...
DONE (t=0.02s)
creating index...
index created!
Running per image evaluation...
Evaluate annotation type *bbox*
DONE (t=1.63s).
Accumulating evaluation results...
DONE (t=0.59s).
 Average Precision  (AP) @[ IoU=0.50:0.95 | area=   all | maxDets=100 ] = 0.175
 Average Precision  (AP) @[ IoU=0.50      | area=   all | maxDets=100 ] = 0.288
 Average Precision  (AP) @[ IoU=0.75      | area=   all | maxDets=100 ] = 0.183
 Average Precision  (AP) @[ IoU=0.50:0.95 | area= small | maxDets=100 ] = 0.074
 Average Precision  (AP) @[ IoU=0.50:0.95 | area=medium | maxDets=100 ] = 0.191
 Average Precision  (AP) @[ IoU=0.50:0.95 | area= large | maxDets=100 ] = 0.256
 Average Recall     (AR) @[ IoU=0.50:0.95 | area=   all | maxDets=  1 ] = 0.208
 Average Recall     (AR) @[ IoU=0.50:0.95 | area=   all | maxDets= 10 ] = 0.292
 Average Recall     (AR) @[ IoU=0.50:0.95 | area=   all | maxDets=100 ] = 0.301
 Average Recall     (AR) @[ IoU=0.50:0.95 | area= small | maxDets=100 ] = 0.108
 Average Recall     (AR) @[ IoU=0.50:0.95 | area=medium | maxDets=100 ] = 0.303
 Average Recall     (AR) @[ IoU=0.50:0.95 | area= large | maxDets=100 ] = 0.433
sweep 79/180: alpha=1.5, beta=1.0, threshold=0.05, top_k=50, nms=0.6
creating index...
index created!
Loading and preparing results...
DONE (t=0.10s)
creating index...
index created!
Running per image evaluation...
Evaluate annotation type *bbox*
DONE (t=1.65s).
Accumulating evaluation results...
DONE (t=0.59s).
 Average Precision  (AP) @[ IoU=0.50:0.95 | area=   all | maxDets=100 ] = 0.176
 Average Precision  (AP) @[ IoU=0.50      | area=   all | maxDets=100 ] = 0.282
 Average Precision  (AP) @[ IoU=0.75      | area=   all | maxDets=100 ] = 0.188
 Average Precision  (AP) @[ IoU=0.50:0.95 | area= small | maxDets=100 ] = 0.073
 Average Precision  (AP) @[ IoU=0.50:0.95 | area=medium | maxDets=100 ] = 0.192
 Average Precision  (AP) @[ IoU=0.50:0.95 | area= large | maxDets=100 ] = 0.257
 Average Recall     (AR) @[ IoU=0.50:0.95 | area=   all | maxDets=  1 ] = 0.206
 Average Recall     (AR) @[ IoU=0.50:0.95 | area=   all | maxDets= 10 ] = 0.300
 Average Recall     (AR) @[ IoU=0.50:0.95 | area=   all | maxDets=100 ] = 0.310
 Average Recall     (AR) @[ IoU=0.50:0.95 | area= small | maxDets=100 ] = 0.106
 Average Recall     (AR) @[ IoU=0.50:0.95 | area=medium | maxDets=100 ] = 0.312
 Average Recall     (AR) @[ IoU=0.50:0.95 | area= large | maxDets=100 ] = 0.448
sweep 80/180: alpha=1.5, beta=1.0, threshold=0.05, top_k=50, nms=0.7
creating index...
index created!
Loading and preparing results...
DONE (t=0.02s)
creating index...
index created!
Running per image evaluation...
Evaluate annotation type *bbox*
DONE (t=1.62s).
Accumulating evaluation results...
DONE (t=0.57s).
 Average Precision  (AP) @[ IoU=0.50:0.95 | area=   all | maxDets=100 ] = 0.171
 Average Precision  (AP) @[ IoU=0.50      | area=   all | maxDets=100 ] = 0.262
 Average Precision  (AP) @[ IoU=0.75      | area=   all | maxDets=100 ] = 0.193
 Average Precision  (AP) @[ IoU=0.50:0.95 | area= small | maxDets=100 ] = 0.070
 Average Precision  (AP) @[ IoU=0.50:0.95 | area=medium | maxDets=100 ] = 0.194
 Average Precision  (AP) @[ IoU=0.50:0.95 | area= large | maxDets=100 ] = 0.250
 Average Recall     (AR) @[ IoU=0.50:0.95 | area=   all | maxDets=  1 ] = 0.203
 Average Recall     (AR) @[ IoU=0.50:0.95 | area=   all | maxDets= 10 ] = 0.299
 Average Recall     (AR) @[ IoU=0.50:0.95 | area=   all | maxDets=100 ] = 0.313
 Average Recall     (AR) @[ IoU=0.50:0.95 | area= small | maxDets=100 ] = 0.100
 Average Recall     (AR) @[ IoU=0.50:0.95 | area=medium | maxDets=100 ] = 0.317
 Average Recall     (AR) @[ IoU=0.50:0.95 | area= large | maxDets=100 ] = 0.454
sweep 81/180: alpha=1.5, beta=1.0, threshold=0.05, top_k=100, nms=0.4
creating index...
index created!
Loading and preparing results...
DONE (t=0.02s)
creating index...
index created!
Running per image evaluation...
Evaluate annotation type *bbox*
DONE (t=2.15s).
Accumulating evaluation results...
DONE (t=0.68s).
 Average Precision  (AP) @[ IoU=0.50:0.95 | area=   all | maxDets=100 ] = 0.175
 Average Precision  (AP) @[ IoU=0.50      | area=   all | maxDets=100 ] = 0.293
 Average Precision  (AP) @[ IoU=0.75      | area=   all | maxDets=100 ] = 0.181
 Average Precision  (AP) @[ IoU=0.50:0.95 | area= small | maxDets=100 ] = 0.076
 Average Precision  (AP) @[ IoU=0.50:0.95 | area=medium | maxDets=100 ] = 0.188
 Average Precision  (AP) @[ IoU=0.50:0.95 | area= large | maxDets=100 ] = 0.254
 Average Recall     (AR) @[ IoU=0.50:0.95 | area=   all | maxDets=  1 ] = 0.210
 Average Recall     (AR) @[ IoU=0.50:0.95 | area=   all | maxDets= 10 ] = 0.296
 Average Recall     (AR) @[ IoU=0.50:0.95 | area=   all | maxDets=100 ] = 0.304
 Average Recall     (AR) @[ IoU=0.50:0.95 | area= small | maxDets=100 ] = 0.121
 Average Recall     (AR) @[ IoU=0.50:0.95 | area=medium | maxDets=100 ] = 0.314
 Average Recall     (AR) @[ IoU=0.50:0.95 | area= large | maxDets=100 ] = 0.430
sweep 82/180: alpha=1.5, beta=1.0, threshold=0.05, top_k=100, nms=0.5
creating index...
index created!
Loading and preparing results...
DONE (t=0.03s)
creating index...
index created!
Running per image evaluation...
Evaluate annotation type *bbox*
DONE (t=2.16s).
Accumulating evaluation results...
DONE (t=0.70s).
 Average Precision  (AP) @[ IoU=0.50:0.95 | area=   all | maxDets=100 ] = 0.176
 Average Precision  (AP) @[ IoU=0.50      | area=   all | maxDets=100 ] = 0.290
 Average Precision  (AP) @[ IoU=0.75      | area=   all | maxDets=100 ] = 0.183
 Average Precision  (AP) @[ IoU=0.50:0.95 | area= small | maxDets=100 ] = 0.077
 Average Precision  (AP) @[ IoU=0.50:0.95 | area=medium | maxDets=100 ] = 0.192
 Average Precision  (AP) @[ IoU=0.50:0.95 | area= large | maxDets=100 ] = 0.256
 Average Recall     (AR) @[ IoU=0.50:0.95 | area=   all | maxDets=  1 ] = 0.210
 Average Recall     (AR) @[ IoU=0.50:0.95 | area=   all | maxDets= 10 ] = 0.304
 Average Recall     (AR) @[ IoU=0.50:0.95 | area=   all | maxDets=100 ] = 0.316
 Average Recall     (AR) @[ IoU=0.50:0.95 | area= small | maxDets=100 ] = 0.123
 Average Recall     (AR) @[ IoU=0.50:0.95 | area=medium | maxDets=100 ] = 0.326
 Average Recall     (AR) @[ IoU=0.50:0.95 | area= large | maxDets=100 ] = 0.444
sweep 83/180: alpha=1.5, beta=1.0, threshold=0.05, top_k=100, nms=0.6
creating index...
index created!
Loading and preparing results...
DONE (t=0.03s)
creating index...
index created!
Running per image evaluation...
Evaluate annotation type *bbox*
DONE (t=2.26s).
Accumulating evaluation results...
DONE (t=0.71s).
 Average Precision  (AP) @[ IoU=0.50:0.95 | area=   all | maxDets=100 ] = 0.178
 Average Precision  (AP) @[ IoU=0.50      | area=   all | maxDets=100 ] = 0.285
 Average Precision  (AP) @[ IoU=0.75      | area=   all | maxDets=100 ] = 0.189
 Average Precision  (AP) @[ IoU=0.50:0.95 | area= small | maxDets=100 ] = 0.077
 Average Precision  (AP) @[ IoU=0.50:0.95 | area=medium | maxDets=100 ] = 0.193
 Average Precision  (AP) @[ IoU=0.50:0.95 | area= large | maxDets=100 ] = 0.257
 Average Recall     (AR) @[ IoU=0.50:0.95 | area=   all | maxDets=  1 ] = 0.209
 Average Recall     (AR) @[ IoU=0.50:0.95 | area=   all | maxDets= 10 ] = 0.315
 Average Recall     (AR) @[ IoU=0.50:0.95 | area=   all | maxDets=100 ] = 0.330
 Average Recall     (AR) @[ IoU=0.50:0.95 | area= small | maxDets=100 ] = 0.123
 Average Recall     (AR) @[ IoU=0.50:0.95 | area=medium | maxDets=100 ] = 0.333
 Average Recall     (AR) @[ IoU=0.50:0.95 | area= large | maxDets=100 ] = 0.472
sweep 84/180: alpha=1.5, beta=1.0, threshold=0.05, top_k=100, nms=0.7
creating index...
index created!
Loading and preparing results...
DONE (t=0.13s)
creating index...
index created!
Running per image evaluation...
Evaluate annotation type *bbox*
DONE (t=2.38s).
Accumulating evaluation results...
DONE (t=0.73s).
 Average Precision  (AP) @[ IoU=0.50:0.95 | area=   all | maxDets=100 ] = 0.173
 Average Precision  (AP) @[ IoU=0.50      | area=   all | maxDets=100 ] = 0.266
 Average Precision  (AP) @[ IoU=0.75      | area=   all | maxDets=100 ] = 0.194
 Average Precision  (AP) @[ IoU=0.50:0.95 | area= small | maxDets=100 ] = 0.075
 Average Precision  (AP) @[ IoU=0.50:0.95 | area=medium | maxDets=100 ] = 0.196
 Average Precision  (AP) @[ IoU=0.50:0.95 | area= large | maxDets=100 ] = 0.252
 Average Recall     (AR) @[ IoU=0.50:0.95 | area=   all | maxDets=  1 ] = 0.208
 Average Recall     (AR) @[ IoU=0.50:0.95 | area=   all | maxDets= 10 ] = 0.319
 Average Recall     (AR) @[ IoU=0.50:0.95 | area=   all | maxDets=100 ] = 0.341
 Average Recall     (AR) @[ IoU=0.50:0.95 | area= small | maxDets=100 ] = 0.124
 Average Recall     (AR) @[ IoU=0.50:0.95 | area=medium | maxDets=100 ] = 0.350
 Average Recall     (AR) @[ IoU=0.50:0.95 | area= large | maxDets=100 ] = 0.480
sweep 85/180: alpha=1.5, beta=1.0, threshold=0.1, top_k=12, nms=0.4
creating index...
index created!
Loading and preparing results...
DONE (t=0.01s)
creating index...
index created!
Running per image evaluation...
Evaluate annotation type *bbox*
DONE (t=0.81s).
Accumulating evaluation results...
DONE (t=0.38s).
 Average Precision  (AP) @[ IoU=0.50:0.95 | area=   all | maxDets=100 ] = 0.165
 Average Precision  (AP) @[ IoU=0.50      | area=   all | maxDets=100 ] = 0.269
 Average Precision  (AP) @[ IoU=0.75      | area=   all | maxDets=100 ] = 0.173
 Average Precision  (AP) @[ IoU=0.50:0.95 | area= small | maxDets=100 ] = 0.056
 Average Precision  (AP) @[ IoU=0.50:0.95 | area=medium | maxDets=100 ] = 0.174
 Average Precision  (AP) @[ IoU=0.50:0.95 | area= large | maxDets=100 ] = 0.248
 Average Recall     (AR) @[ IoU=0.50:0.95 | area=   all | maxDets=  1 ] = 0.191
 Average Recall     (AR) @[ IoU=0.50:0.95 | area=   all | maxDets= 10 ] = 0.238
 Average Recall     (AR) @[ IoU=0.50:0.95 | area=   all | maxDets=100 ] = 0.238
 Average Recall     (AR) @[ IoU=0.50:0.95 | area= small | maxDets=100 ] = 0.066
 Average Recall     (AR) @[ IoU=0.50:0.95 | area=medium | maxDets=100 ] = 0.230
 Average Recall     (AR) @[ IoU=0.50:0.95 | area= large | maxDets=100 ] = 0.359
sweep 86/180: alpha=1.5, beta=1.0, threshold=0.1, top_k=12, nms=0.5
creating index...
index created!
Loading and preparing results...
DONE (t=0.01s)
creating index...
index created!
Running per image evaluation...
Evaluate annotation type *bbox*
DONE (t=0.88s).
Accumulating evaluation results...
DONE (t=0.38s).
 Average Precision  (AP) @[ IoU=0.50:0.95 | area=   all | maxDets=100 ] = 0.165
 Average Precision  (AP) @[ IoU=0.50      | area=   all | maxDets=100 ] = 0.265
 Average Precision  (AP) @[ IoU=0.75      | area=   all | maxDets=100 ] = 0.174
 Average Precision  (AP) @[ IoU=0.50:0.95 | area= small | maxDets=100 ] = 0.054
 Average Precision  (AP) @[ IoU=0.50:0.95 | area=medium | maxDets=100 ] = 0.175
 Average Precision  (AP) @[ IoU=0.50:0.95 | area= large | maxDets=100 ] = 0.248
 Average Recall     (AR) @[ IoU=0.50:0.95 | area=   all | maxDets=  1 ] = 0.190
 Average Recall     (AR) @[ IoU=0.50:0.95 | area=   all | maxDets= 10 ] = 0.239
 Average Recall     (AR) @[ IoU=0.50:0.95 | area=   all | maxDets=100 ] = 0.239
 Average Recall     (AR) @[ IoU=0.50:0.95 | area= small | maxDets=100 ] = 0.061
 Average Recall     (AR) @[ IoU=0.50:0.95 | area=medium | maxDets=100 ] = 0.229
 Average Recall     (AR) @[ IoU=0.50:0.95 | area= large | maxDets=100 ] = 0.360
sweep 87/180: alpha=1.5, beta=1.0, threshold=0.1, top_k=12, nms=0.6
creating index...
index created!
Loading and preparing results...
DONE (t=0.01s)
creating index...
index created!
Running per image evaluation...
Evaluate annotation type *bbox*
DONE (t=0.91s).
Accumulating evaluation results...
DONE (t=0.38s).
 Average Precision  (AP) @[ IoU=0.50:0.95 | area=   all | maxDets=100 ] = 0.164
 Average Precision  (AP) @[ IoU=0.50      | area=   all | maxDets=100 ] = 0.257
 Average Precision  (AP) @[ IoU=0.75      | area=   all | maxDets=100 ] = 0.176
 Average Precision  (AP) @[ IoU=0.50:0.95 | area= small | maxDets=100 ] = 0.054
 Average Precision  (AP) @[ IoU=0.50:0.95 | area=medium | maxDets=100 ] = 0.168
 Average Precision  (AP) @[ IoU=0.50:0.95 | area= large | maxDets=100 ] = 0.246
 Average Recall     (AR) @[ IoU=0.50:0.95 | area=   all | maxDets=  1 ] = 0.185
 Average Recall     (AR) @[ IoU=0.50:0.95 | area=   all | maxDets= 10 ] = 0.239
 Average Recall     (AR) @[ IoU=0.50:0.95 | area=   all | maxDets=100 ] = 0.239
 Average Recall     (AR) @[ IoU=0.50:0.95 | area= small | maxDets=100 ] = 0.060
 Average Recall     (AR) @[ IoU=0.50:0.95 | area=medium | maxDets=100 ] = 0.220
 Average Recall     (AR) @[ IoU=0.50:0.95 | area= large | maxDets=100 ] = 0.357
sweep 88/180: alpha=1.5, beta=1.0, threshold=0.1, top_k=12, nms=0.7
creating index...
index created!
Loading and preparing results...
DONE (t=0.01s)
creating index...
index created!
Running per image evaluation...
Evaluate annotation type *bbox*
DONE (t=0.77s).
Accumulating evaluation results...
DONE (t=0.36s).
 Average Precision  (AP) @[ IoU=0.50:0.95 | area=   all | maxDets=100 ] = 0.159
 Average Precision  (AP) @[ IoU=0.50      | area=   all | maxDets=100 ] = 0.239
 Average Precision  (AP) @[ IoU=0.75      | area=   all | maxDets=100 ] = 0.179
 Average Precision  (AP) @[ IoU=0.50:0.95 | area= small | maxDets=100 ] = 0.049
 Average Precision  (AP) @[ IoU=0.50:0.95 | area=medium | maxDets=100 ] = 0.167
 Average Precision  (AP) @[ IoU=0.50:0.95 | area= large | maxDets=100 ] = 0.241
 Average Recall     (AR) @[ IoU=0.50:0.95 | area=   all | maxDets=  1 ] = 0.178
 Average Recall     (AR) @[ IoU=0.50:0.95 | area=   all | maxDets= 10 ] = 0.236
 Average Recall     (AR) @[ IoU=0.50:0.95 | area=   all | maxDets=100 ] = 0.236
 Average Recall     (AR) @[ IoU=0.50:0.95 | area= small | maxDets=100 ] = 0.054
 Average Recall     (AR) @[ IoU=0.50:0.95 | area=medium | maxDets=100 ] = 0.220
 Average Recall     (AR) @[ IoU=0.50:0.95 | area= large | maxDets=100 ] = 0.357
sweep 89/180: alpha=1.5, beta=1.0, threshold=0.1, top_k=50, nms=0.4
creating index...
index created!
Loading and preparing results...
DONE (t=0.01s)
creating index...
index created!
Running per image evaluation...
Evaluate annotation type *bbox*
DONE (t=1.45s).
Accumulating evaluation results...
DONE (t=0.53s).
 Average Precision  (AP) @[ IoU=0.50:0.95 | area=   all | maxDets=100 ] = 0.174
 Average Precision  (AP) @[ IoU=0.50      | area=   all | maxDets=100 ] = 0.290
 Average Precision  (AP) @[ IoU=0.75      | area=   all | maxDets=100 ] = 0.180
 Average Precision  (AP) @[ IoU=0.50:0.95 | area= small | maxDets=100 ] = 0.074
 Average Precision  (AP) @[ IoU=0.50:0.95 | area=medium | maxDets=100 ] = 0.187
 Average Precision  (AP) @[ IoU=0.50:0.95 | area= large | maxDets=100 ] = 0.253
 Average Recall     (AR) @[ IoU=0.50:0.95 | area=   all | maxDets=  1 ] = 0.205
 Average Recall     (AR) @[ IoU=0.50:0.95 | area=   all | maxDets= 10 ] = 0.281
 Average Recall     (AR) @[ IoU=0.50:0.95 | area=   all | maxDets=100 ] = 0.287
 Average Recall     (AR) @[ IoU=0.50:0.95 | area= small | maxDets=100 ] = 0.105
 Average Recall     (AR) @[ IoU=0.50:0.95 | area=medium | maxDets=100 ] = 0.290
 Average Recall     (AR) @[ IoU=0.50:0.95 | area= large | maxDets=100 ] = 0.410
sweep 90/180: alpha=1.5, beta=1.0, threshold=0.1, top_k=50, nms=0.5
creating index...
index created!
Loading and preparing results...
DONE (t=0.02s)
creating index...
index created!
Running per image evaluation...
Evaluate annotation type *bbox*
DONE (t=1.49s).
Accumulating evaluation results...
DONE (t=0.54s).
 Average Precision  (AP) @[ IoU=0.50:0.95 | area=   all | maxDets=100 ] = 0.175
 Average Precision  (AP) @[ IoU=0.50      | area=   all | maxDets=100 ] = 0.287
 Average Precision  (AP) @[ IoU=0.75      | area=   all | maxDets=100 ] = 0.182
 Average Precision  (AP) @[ IoU=0.50:0.95 | area= small | maxDets=100 ] = 0.073
 Average Precision  (AP) @[ IoU=0.50:0.95 | area=medium | maxDets=100 ] = 0.190
 Average Precision  (AP) @[ IoU=0.50:0.95 | area= large | maxDets=100 ] = 0.254
 Average Recall     (AR) @[ IoU=0.50:0.95 | area=   all | maxDets=  1 ] = 0.204
 Average Recall     (AR) @[ IoU=0.50:0.95 | area=   all | maxDets= 10 ] = 0.285
 Average Recall     (AR) @[ IoU=0.50:0.95 | area=   all | maxDets=100 ] = 0.293
 Average Recall     (AR) @[ IoU=0.50:0.95 | area= small | maxDets=100 ] = 0.104
 Average Recall     (AR) @[ IoU=0.50:0.95 | area=medium | maxDets=100 ] = 0.298
 Average Recall     (AR) @[ IoU=0.50:0.95 | area= large | maxDets=100 ] = 0.417
sweep 91/180: alpha=1.5, beta=1.0, threshold=0.1, top_k=50, nms=0.6
creating index...
index created!
Loading and preparing results...
DONE (t=0.02s)
creating index...
index created!
Running per image evaluation...
Evaluate annotation type *bbox*
DONE (t=1.54s).
Accumulating evaluation results...
DONE (t=0.55s).
 Average Precision  (AP) @[ IoU=0.50:0.95 | area=   all | maxDets=100 ] = 0.176
 Average Precision  (AP) @[ IoU=0.50      | area=   all | maxDets=100 ] = 0.281
 Average Precision  (AP) @[ IoU=0.75      | area=   all | maxDets=100 ] = 0.188
 Average Precision  (AP) @[ IoU=0.50:0.95 | area= small | maxDets=100 ] = 0.073
 Average Precision  (AP) @[ IoU=0.50:0.95 | area=medium | maxDets=100 ] = 0.192
 Average Precision  (AP) @[ IoU=0.50:0.95 | area= large | maxDets=100 ] = 0.256
 Average Recall     (AR) @[ IoU=0.50:0.95 | area=   all | maxDets=  1 ] = 0.204
 Average Recall     (AR) @[ IoU=0.50:0.95 | area=   all | maxDets= 10 ] = 0.294
 Average Recall     (AR) @[ IoU=0.50:0.95 | area=   all | maxDets=100 ] = 0.304
 Average Recall     (AR) @[ IoU=0.50:0.95 | area= small | maxDets=100 ] = 0.102
 Average Recall     (AR) @[ IoU=0.50:0.95 | area=medium | maxDets=100 ] = 0.307
 Average Recall     (AR) @[ IoU=0.50:0.95 | area= large | maxDets=100 ] = 0.435
sweep 92/180: alpha=1.5, beta=1.0, threshold=0.1, top_k=50, nms=0.7
creating index...
index created!
Loading and preparing results...
DONE (t=0.11s)
creating index...
index created!
Running per image evaluation...
Evaluate annotation type *bbox*
DONE (t=1.58s).
Accumulating evaluation results...
DONE (t=0.55s).
 Average Precision  (AP) @[ IoU=0.50:0.95 | area=   all | maxDets=100 ] = 0.171
 Average Precision  (AP) @[ IoU=0.50      | area=   all | maxDets=100 ] = 0.262
 Average Precision  (AP) @[ IoU=0.75      | area=   all | maxDets=100 ] = 0.192
 Average Precision  (AP) @[ IoU=0.50:0.95 | area= small | maxDets=100 ] = 0.070
 Average Precision  (AP) @[ IoU=0.50:0.95 | area=medium | maxDets=100 ] = 0.194
 Average Precision  (AP) @[ IoU=0.50:0.95 | area= large | maxDets=100 ] = 0.250
 Average Recall     (AR) @[ IoU=0.50:0.95 | area=   all | maxDets=  1 ] = 0.201
 Average Recall     (AR) @[ IoU=0.50:0.95 | area=   all | maxDets= 10 ] = 0.296
 Average Recall     (AR) @[ IoU=0.50:0.95 | area=   all | maxDets=100 ] = 0.309
 Average Recall     (AR) @[ IoU=0.50:0.95 | area= small | maxDets=100 ] = 0.100
 Average Recall     (AR) @[ IoU=0.50:0.95 | area=medium | maxDets=100 ] = 0.314
 Average Recall     (AR) @[ IoU=0.50:0.95 | area= large | maxDets=100 ] = 0.443
sweep 93/180: alpha=1.5, beta=1.0, threshold=0.1, top_k=100, nms=0.4
creating index...
index created!
Loading and preparing results...
DONE (t=0.02s)
creating index...
index created!
Running per image evaluation...
Evaluate annotation type *bbox*
DONE (t=1.72s).
Accumulating evaluation results...
DONE (t=0.58s).
 Average Precision  (AP) @[ IoU=0.50:0.95 | area=   all | maxDets=100 ] = 0.174
 Average Precision  (AP) @[ IoU=0.50      | area=   all | maxDets=100 ] = 0.291
 Average Precision  (AP) @[ IoU=0.75      | area=   all | maxDets=100 ] = 0.181
 Average Precision  (AP) @[ IoU=0.50:0.95 | area= small | maxDets=100 ] = 0.075
 Average Precision  (AP) @[ IoU=0.50:0.95 | area=medium | maxDets=100 ] = 0.188
 Average Precision  (AP) @[ IoU=0.50:0.95 | area= large | maxDets=100 ] = 0.253
 Average Recall     (AR) @[ IoU=0.50:0.95 | area=   all | maxDets=  1 ] = 0.206
 Average Recall     (AR) @[ IoU=0.50:0.95 | area=   all | maxDets= 10 ] = 0.286
 Average Recall     (AR) @[ IoU=0.50:0.95 | area=   all | maxDets=100 ] = 0.293
 Average Recall     (AR) @[ IoU=0.50:0.95 | area= small | maxDets=100 ] = 0.109
 Average Recall     (AR) @[ IoU=0.50:0.95 | area=medium | maxDets=100 ] = 0.302
 Average Recall     (AR) @[ IoU=0.50:0.95 | area= large | maxDets=100 ] = 0.412
sweep 94/180: alpha=1.5, beta=1.0, threshold=0.1, top_k=100, nms=0.5
creating index...
index created!
Loading and preparing results...
DONE (t=0.11s)
creating index...
index created!
Running per image evaluation...
Evaluate annotation type *bbox*
DONE (t=1.83s).
Accumulating evaluation results...
DONE (t=0.59s).
 Average Precision  (AP) @[ IoU=0.50:0.95 | area=   all | maxDets=100 ] = 0.175
 Average Precision  (AP) @[ IoU=0.50      | area=   all | maxDets=100 ] = 0.289
 Average Precision  (AP) @[ IoU=0.75      | area=   all | maxDets=100 ] = 0.183
 Average Precision  (AP) @[ IoU=0.50:0.95 | area= small | maxDets=100 ] = 0.075
 Average Precision  (AP) @[ IoU=0.50:0.95 | area=medium | maxDets=100 ] = 0.191
 Average Precision  (AP) @[ IoU=0.50:0.95 | area= large | maxDets=100 ] = 0.254
 Average Recall     (AR) @[ IoU=0.50:0.95 | area=   all | maxDets=  1 ] = 0.206
 Average Recall     (AR) @[ IoU=0.50:0.95 | area=   all | maxDets= 10 ] = 0.292
 Average Recall     (AR) @[ IoU=0.50:0.95 | area=   all | maxDets=100 ] = 0.303
 Average Recall     (AR) @[ IoU=0.50:0.95 | area= small | maxDets=100 ] = 0.111
 Average Recall     (AR) @[ IoU=0.50:0.95 | area=medium | maxDets=100 ] = 0.314
 Average Recall     (AR) @[ IoU=0.50:0.95 | area= large | maxDets=100 ] = 0.423
sweep 95/180: alpha=1.5, beta=1.0, threshold=0.1, top_k=100, nms=0.6
creating index...
index created!
Loading and preparing results...
DONE (t=0.02s)
creating index...
index created!
Running per image evaluation...
Evaluate annotation type *bbox*
DONE (t=1.97s).
Accumulating evaluation results...
DONE (t=0.61s).
 Average Precision  (AP) @[ IoU=0.50:0.95 | area=   all | maxDets=100 ] = 0.177
 Average Precision  (AP) @[ IoU=0.50      | area=   all | maxDets=100 ] = 0.283
 Average Precision  (AP) @[ IoU=0.75      | area=   all | maxDets=100 ] = 0.189
 Average Precision  (AP) @[ IoU=0.50:0.95 | area= small | maxDets=100 ] = 0.076
 Average Precision  (AP) @[ IoU=0.50:0.95 | area=medium | maxDets=100 ] = 0.193
 Average Precision  (AP) @[ IoU=0.50:0.95 | area= large | maxDets=100 ] = 0.256
 Average Recall     (AR) @[ IoU=0.50:0.95 | area=   all | maxDets=  1 ] = 0.206
 Average Recall     (AR) @[ IoU=0.50:0.95 | area=   all | maxDets= 10 ] = 0.304
 Average Recall     (AR) @[ IoU=0.50:0.95 | area=   all | maxDets=100 ] = 0.318
 Average Recall     (AR) @[ IoU=0.50:0.95 | area= small | maxDets=100 ] = 0.114
 Average Recall     (AR) @[ IoU=0.50:0.95 | area=medium | maxDets=100 ] = 0.323
 Average Recall     (AR) @[ IoU=0.50:0.95 | area= large | maxDets=100 ] = 0.450
sweep 96/180: alpha=1.5, beta=1.0, threshold=0.1, top_k=100, nms=0.7
creating index...
index created!
Loading and preparing results...
DONE (t=0.12s)
creating index...
index created!
Running per image evaluation...
Evaluate annotation type *bbox*
DONE (t=2.01s).
Accumulating evaluation results...
DONE (t=0.64s).
 Average Precision  (AP) @[ IoU=0.50:0.95 | area=   all | maxDets=100 ] = 0.173
 Average Precision  (AP) @[ IoU=0.50      | area=   all | maxDets=100 ] = 0.266
 Average Precision  (AP) @[ IoU=0.75      | area=   all | maxDets=100 ] = 0.194
 Average Precision  (AP) @[ IoU=0.50:0.95 | area= small | maxDets=100 ] = 0.075
 Average Precision  (AP) @[ IoU=0.50:0.95 | area=medium | maxDets=100 ] = 0.195
 Average Precision  (AP) @[ IoU=0.50:0.95 | area= large | maxDets=100 ] = 0.251
 Average Recall     (AR) @[ IoU=0.50:0.95 | area=   all | maxDets=  1 ] = 0.205
 Average Recall     (AR) @[ IoU=0.50:0.95 | area=   all | maxDets= 10 ] = 0.310
 Average Recall     (AR) @[ IoU=0.50:0.95 | area=   all | maxDets=100 ] = 0.330
 Average Recall     (AR) @[ IoU=0.50:0.95 | area= small | maxDets=100 ] = 0.118
 Average Recall     (AR) @[ IoU=0.50:0.95 | area=medium | maxDets=100 ] = 0.340
 Average Recall     (AR) @[ IoU=0.50:0.95 | area= large | maxDets=100 ] = 0.462
sweep 97/180: alpha=1.5, beta=1.0, threshold=0.2, top_k=12, nms=0.4
creating index...
index created!
Loading and preparing results...
DONE (t=0.01s)
creating index...
index created!
Running per image evaluation...
Evaluate annotation type *bbox*
DONE (t=0.74s).
Accumulating evaluation results...
DONE (t=0.37s).
 Average Precision  (AP) @[ IoU=0.50:0.95 | area=   all | maxDets=100 ] = 0.164
 Average Precision  (AP) @[ IoU=0.50      | area=   all | maxDets=100 ] = 0.268
 Average Precision  (AP) @[ IoU=0.75      | area=   all | maxDets=100 ] = 0.172
 Average Precision  (AP) @[ IoU=0.50:0.95 | area= small | maxDets=100 ] = 0.056
 Average Precision  (AP) @[ IoU=0.50:0.95 | area=medium | maxDets=100 ] = 0.173
 Average Precision  (AP) @[ IoU=0.50:0.95 | area= large | maxDets=100 ] = 0.246
 Average Recall     (AR) @[ IoU=0.50:0.95 | area=   all | maxDets=  1 ] = 0.189
 Average Recall     (AR) @[ IoU=0.50:0.95 | area=   all | maxDets= 10 ] = 0.235
 Average Recall     (AR) @[ IoU=0.50:0.95 | area=   all | maxDets=100 ] = 0.235
 Average Recall     (AR) @[ IoU=0.50:0.95 | area= small | maxDets=100 ] = 0.066
 Average Recall     (AR) @[ IoU=0.50:0.95 | area=medium | maxDets=100 ] = 0.224
 Average Recall     (AR) @[ IoU=0.50:0.95 | area= large | maxDets=100 ] = 0.353
sweep 98/180: alpha=1.5, beta=1.0, threshold=0.2, top_k=12, nms=0.5
creating index...
index created!
Loading and preparing results...
DONE (t=0.09s)
creating index...
index created!
Running per image evaluation...
Evaluate annotation type *bbox*
DONE (t=0.74s).
Accumulating evaluation results...
DONE (t=0.37s).
 Average Precision  (AP) @[ IoU=0.50:0.95 | area=   all | maxDets=100 ] = 0.164
 Average Precision  (AP) @[ IoU=0.50      | area=   all | maxDets=100 ] = 0.264
 Average Precision  (AP) @[ IoU=0.75      | area=   all | maxDets=100 ] = 0.173
 Average Precision  (AP) @[ IoU=0.50:0.95 | area= small | maxDets=100 ] = 0.054
 Average Precision  (AP) @[ IoU=0.50:0.95 | area=medium | maxDets=100 ] = 0.174
 Average Precision  (AP) @[ IoU=0.50:0.95 | area= large | maxDets=100 ] = 0.246
 Average Recall     (AR) @[ IoU=0.50:0.95 | area=   all | maxDets=  1 ] = 0.188
 Average Recall     (AR) @[ IoU=0.50:0.95 | area=   all | maxDets= 10 ] = 0.235
 Average Recall     (AR) @[ IoU=0.50:0.95 | area=   all | maxDets=100 ] = 0.235
 Average Recall     (AR) @[ IoU=0.50:0.95 | area= small | maxDets=100 ] = 0.061
 Average Recall     (AR) @[ IoU=0.50:0.95 | area=medium | maxDets=100 ] = 0.224
 Average Recall     (AR) @[ IoU=0.50:0.95 | area= large | maxDets=100 ] = 0.353
sweep 99/180: alpha=1.5, beta=1.0, threshold=0.2, top_k=12, nms=0.6
creating index...
index created!
Loading and preparing results...
DONE (t=0.09s)
creating index...
index created!
Running per image evaluation...
Evaluate annotation type *bbox*
DONE (t=0.74s).
Accumulating evaluation results...
DONE (t=0.37s).
 Average Precision  (AP) @[ IoU=0.50:0.95 | area=   all | maxDets=100 ] = 0.163
 Average Precision  (AP) @[ IoU=0.50      | area=   all | maxDets=100 ] = 0.257
 Average Precision  (AP) @[ IoU=0.75      | area=   all | maxDets=100 ] = 0.176
 Average Precision  (AP) @[ IoU=0.50:0.95 | area= small | maxDets=100 ] = 0.054
 Average Precision  (AP) @[ IoU=0.50:0.95 | area=medium | maxDets=100 ] = 0.168
 Average Precision  (AP) @[ IoU=0.50:0.95 | area= large | maxDets=100 ] = 0.245
 Average Recall     (AR) @[ IoU=0.50:0.95 | area=   all | maxDets=  1 ] = 0.184
 Average Recall     (AR) @[ IoU=0.50:0.95 | area=   all | maxDets= 10 ] = 0.236
 Average Recall     (AR) @[ IoU=0.50:0.95 | area=   all | maxDets=100 ] = 0.236
 Average Recall     (AR) @[ IoU=0.50:0.95 | area= small | maxDets=100 ] = 0.060
 Average Recall     (AR) @[ IoU=0.50:0.95 | area=medium | maxDets=100 ] = 0.216
 Average Recall     (AR) @[ IoU=0.50:0.95 | area= large | maxDets=100 ] = 0.352
sweep 100/180: alpha=1.5, beta=1.0, threshold=0.2, top_k=12, nms=0.7
creating index...
index created!
Loading and preparing results...
DONE (t=0.08s)
creating index...
index created!
Running per image evaluation...
Evaluate annotation type *bbox*
DONE (t=0.73s).
Accumulating evaluation results...
DONE (t=0.36s).
 Average Precision  (AP) @[ IoU=0.50:0.95 | area=   all | maxDets=100 ] = 0.159
 Average Precision  (AP) @[ IoU=0.50      | area=   all | maxDets=100 ] = 0.239
 Average Precision  (AP) @[ IoU=0.75      | area=   all | maxDets=100 ] = 0.179
 Average Precision  (AP) @[ IoU=0.50:0.95 | area= small | maxDets=100 ] = 0.049
 Average Precision  (AP) @[ IoU=0.50:0.95 | area=medium | maxDets=100 ] = 0.166
 Average Precision  (AP) @[ IoU=0.50:0.95 | area= large | maxDets=100 ] = 0.240
 Average Recall     (AR) @[ IoU=0.50:0.95 | area=   all | maxDets=  1 ] = 0.177
 Average Recall     (AR) @[ IoU=0.50:0.95 | area=   all | maxDets= 10 ] = 0.235
 Average Recall     (AR) @[ IoU=0.50:0.95 | area=   all | maxDets=100 ] = 0.235
 Average Recall     (AR) @[ IoU=0.50:0.95 | area= small | maxDets=100 ] = 0.054
 Average Recall     (AR) @[ IoU=0.50:0.95 | area=medium | maxDets=100 ] = 0.216
 Average Recall     (AR) @[ IoU=0.50:0.95 | area= large | maxDets=100 ] = 0.355
sweep 101/180: alpha=1.5, beta=1.0, threshold=0.2, top_k=50, nms=0.4
creating index...
index created!
Loading and preparing results...
DONE (t=0.01s)
creating index...
index created!
Running per image evaluation...
Evaluate annotation type *bbox*
DONE (t=1.17s).
Accumulating evaluation results...
DONE (t=0.43s).
 Average Precision  (AP) @[ IoU=0.50:0.95 | area=   all | maxDets=100 ] = 0.172
 Average Precision  (AP) @[ IoU=0.50      | area=   all | maxDets=100 ] = 0.284
 Average Precision  (AP) @[ IoU=0.75      | area=   all | maxDets=100 ] = 0.179
 Average Precision  (AP) @[ IoU=0.50:0.95 | area= small | maxDets=100 ] = 0.071
 Average Precision  (AP) @[ IoU=0.50:0.95 | area=medium | maxDets=100 ] = 0.184
 Average Precision  (AP) @[ IoU=0.50:0.95 | area= large | maxDets=100 ] = 0.250
 Average Recall     (AR) @[ IoU=0.50:0.95 | area=   all | maxDets=  1 ] = 0.198
 Average Recall     (AR) @[ IoU=0.50:0.95 | area=   all | maxDets= 10 ] = 0.262
 Average Recall     (AR) @[ IoU=0.50:0.95 | area=   all | maxDets=100 ] = 0.268
 Average Recall     (AR) @[ IoU=0.50:0.95 | area= small | maxDets=100 ] = 0.093
 Average Recall     (AR) @[ IoU=0.50:0.95 | area=medium | maxDets=100 ] = 0.267
 Average Recall     (AR) @[ IoU=0.50:0.95 | area= large | maxDets=100 ] = 0.382
sweep 102/180: alpha=1.5, beta=1.0, threshold=0.2, top_k=50, nms=0.5
creating index...
index created!
Loading and preparing results...
DONE (t=0.01s)
creating index...
index created!
Running per image evaluation...
Evaluate annotation type *bbox*
DONE (t=1.24s).
Accumulating evaluation results...
DONE (t=0.44s).
 Average Precision  (AP) @[ IoU=0.50:0.95 | area=   all | maxDets=100 ] = 0.173
 Average Precision  (AP) @[ IoU=0.50      | area=   all | maxDets=100 ] = 0.282
 Average Precision  (AP) @[ IoU=0.75      | area=   all | maxDets=100 ] = 0.181
 Average Precision  (AP) @[ IoU=0.50:0.95 | area= small | maxDets=100 ] = 0.071
 Average Precision  (AP) @[ IoU=0.50:0.95 | area=medium | maxDets=100 ] = 0.188
 Average Precision  (AP) @[ IoU=0.50:0.95 | area= large | maxDets=100 ] = 0.251
 Average Recall     (AR) @[ IoU=0.50:0.95 | area=   all | maxDets=  1 ] = 0.197
 Average Recall     (AR) @[ IoU=0.50:0.95 | area=   all | maxDets= 10 ] = 0.268
 Average Recall     (AR) @[ IoU=0.50:0.95 | area=   all | maxDets=100 ] = 0.274
 Average Recall     (AR) @[ IoU=0.50:0.95 | area= small | maxDets=100 ] = 0.092
 Average Recall     (AR) @[ IoU=0.50:0.95 | area=medium | maxDets=100 ] = 0.276
 Average Recall     (AR) @[ IoU=0.50:0.95 | area= large | maxDets=100 ] = 0.389
sweep 103/180: alpha=1.5, beta=1.0, threshold=0.2, top_k=50, nms=0.6
creating index...
index created!
Loading and preparing results...
DONE (t=0.01s)
creating index...
index created!
Running per image evaluation...
Evaluate annotation type *bbox*
DONE (t=1.30s).
Accumulating evaluation results...
DONE (t=0.45s).
 Average Precision  (AP) @[ IoU=0.50:0.95 | area=   all | maxDets=100 ] = 0.174
 Average Precision  (AP) @[ IoU=0.50      | area=   all | maxDets=100 ] = 0.277
 Average Precision  (AP) @[ IoU=0.75      | area=   all | maxDets=100 ] = 0.186
 Average Precision  (AP) @[ IoU=0.50:0.95 | area= small | maxDets=100 ] = 0.071
 Average Precision  (AP) @[ IoU=0.50:0.95 | area=medium | maxDets=100 ] = 0.188
 Average Precision  (AP) @[ IoU=0.50:0.95 | area= large | maxDets=100 ] = 0.253
 Average Recall     (AR) @[ IoU=0.50:0.95 | area=   all | maxDets=  1 ] = 0.197
 Average Recall     (AR) @[ IoU=0.50:0.95 | area=   all | maxDets= 10 ] = 0.278
 Average Recall     (AR) @[ IoU=0.50:0.95 | area=   all | maxDets=100 ] = 0.286
 Average Recall     (AR) @[ IoU=0.50:0.95 | area= small | maxDets=100 ] = 0.092
 Average Recall     (AR) @[ IoU=0.50:0.95 | area=medium | maxDets=100 ] = 0.286
 Average Recall     (AR) @[ IoU=0.50:0.95 | area= large | maxDets=100 ] = 0.407
sweep 104/180: alpha=1.5, beta=1.0, threshold=0.2, top_k=50, nms=0.7
creating index...
index created!
Loading and preparing results...
DONE (t=0.01s)
creating index...
index created!
Running per image evaluation...
Evaluate annotation type *bbox*
DONE (t=1.37s).
Accumulating evaluation results...
DONE (t=0.47s).
 Average Precision  (AP) @[ IoU=0.50:0.95 | area=   all | maxDets=100 ] = 0.170
 Average Precision  (AP) @[ IoU=0.50      | area=   all | maxDets=100 ] = 0.260
 Average Precision  (AP) @[ IoU=0.75      | area=   all | maxDets=100 ] = 0.191
 Average Precision  (AP) @[ IoU=0.50:0.95 | area= small | maxDets=100 ] = 0.068
 Average Precision  (AP) @[ IoU=0.50:0.95 | area=medium | maxDets=100 ] = 0.192
 Average Precision  (AP) @[ IoU=0.50:0.95 | area= large | maxDets=100 ] = 0.248
 Average Recall     (AR) @[ IoU=0.50:0.95 | area=   all | maxDets=  1 ] = 0.196
 Average Recall     (AR) @[ IoU=0.50:0.95 | area=   all | maxDets= 10 ] = 0.283
 Average Recall     (AR) @[ IoU=0.50:0.95 | area=   all | maxDets=100 ] = 0.296
 Average Recall     (AR) @[ IoU=0.50:0.95 | area= small | maxDets=100 ] = 0.092
 Average Recall     (AR) @[ IoU=0.50:0.95 | area=medium | maxDets=100 ] = 0.296
 Average Recall     (AR) @[ IoU=0.50:0.95 | area= large | maxDets=100 ] = 0.420
sweep 105/180: alpha=1.5, beta=1.0, threshold=0.2, top_k=100, nms=0.4
creating index...
index created!
Loading and preparing results...
DONE (t=0.01s)
creating index...
index created!
Running per image evaluation...
Evaluate annotation type *bbox*
DONE (t=1.18s).
Accumulating evaluation results...
DONE (t=0.43s).
 Average Precision  (AP) @[ IoU=0.50:0.95 | area=   all | maxDets=100 ] = 0.172
 Average Precision  (AP) @[ IoU=0.50      | area=   all | maxDets=100 ] = 0.284
 Average Precision  (AP) @[ IoU=0.75      | area=   all | maxDets=100 ] = 0.179
 Average Precision  (AP) @[ IoU=0.50:0.95 | area= small | maxDets=100 ] = 0.071
 Average Precision  (AP) @[ IoU=0.50:0.95 | area=medium | maxDets=100 ] = 0.184
 Average Precision  (AP) @[ IoU=0.50:0.95 | area= large | maxDets=100 ] = 0.250
 Average Recall     (AR) @[ IoU=0.50:0.95 | area=   all | maxDets=  1 ] = 0.198
 Average Recall     (AR) @[ IoU=0.50:0.95 | area=   all | maxDets= 10 ] = 0.263
 Average Recall     (AR) @[ IoU=0.50:0.95 | area=   all | maxDets=100 ] = 0.269
 Average Recall     (AR) @[ IoU=0.50:0.95 | area= small | maxDets=100 ] = 0.093
 Average Recall     (AR) @[ IoU=0.50:0.95 | area=medium | maxDets=100 ] = 0.269
 Average Recall     (AR) @[ IoU=0.50:0.95 | area= large | maxDets=100 ] = 0.382
sweep 106/180: alpha=1.5, beta=1.0, threshold=0.2, top_k=100, nms=0.5
creating index...
index created!
Loading and preparing results...
DONE (t=0.01s)
creating index...
index created!
Running per image evaluation...
Evaluate annotation type *bbox*
DONE (t=1.29s).
Accumulating evaluation results...
DONE (t=0.45s).
 Average Precision  (AP) @[ IoU=0.50:0.95 | area=   all | maxDets=100 ] = 0.173
 Average Precision  (AP) @[ IoU=0.50      | area=   all | maxDets=100 ] = 0.283
 Average Precision  (AP) @[ IoU=0.75      | area=   all | maxDets=100 ] = 0.181
 Average Precision  (AP) @[ IoU=0.50:0.95 | area= small | maxDets=100 ] = 0.072
 Average Precision  (AP) @[ IoU=0.50:0.95 | area=medium | maxDets=100 ] = 0.188
 Average Precision  (AP) @[ IoU=0.50:0.95 | area= large | maxDets=100 ] = 0.251
 Average Recall     (AR) @[ IoU=0.50:0.95 | area=   all | maxDets=  1 ] = 0.198
 Average Recall     (AR) @[ IoU=0.50:0.95 | area=   all | maxDets= 10 ] = 0.269
 Average Recall     (AR) @[ IoU=0.50:0.95 | area=   all | maxDets=100 ] = 0.277
 Average Recall     (AR) @[ IoU=0.50:0.95 | area= small | maxDets=100 ] = 0.096
 Average Recall     (AR) @[ IoU=0.50:0.95 | area=medium | maxDets=100 ] = 0.280
 Average Recall     (AR) @[ IoU=0.50:0.95 | area= large | maxDets=100 ] = 0.389
sweep 107/180: alpha=1.5, beta=1.0, threshold=0.2, top_k=100, nms=0.6
creating index...
index created!
Loading and preparing results...
DONE (t=0.02s)
creating index...
index created!
Running per image evaluation...
Evaluate annotation type *bbox*
DONE (t=1.51s).
Accumulating evaluation results...
DONE (t=0.47s).
 Average Precision  (AP) @[ IoU=0.50:0.95 | area=   all | maxDets=100 ] = 0.175
 Average Precision  (AP) @[ IoU=0.50      | area=   all | maxDets=100 ] = 0.279
 Average Precision  (AP) @[ IoU=0.75      | area=   all | maxDets=100 ] = 0.187
 Average Precision  (AP) @[ IoU=0.50:0.95 | area= small | maxDets=100 ] = 0.073
 Average Precision  (AP) @[ IoU=0.50:0.95 | area=medium | maxDets=100 ] = 0.189
 Average Precision  (AP) @[ IoU=0.50:0.95 | area= large | maxDets=100 ] = 0.253
 Average Recall     (AR) @[ IoU=0.50:0.95 | area=   all | maxDets=  1 ] = 0.198
 Average Recall     (AR) @[ IoU=0.50:0.95 | area=   all | maxDets= 10 ] = 0.280
 Average Recall     (AR) @[ IoU=0.50:0.95 | area=   all | maxDets=100 ] = 0.291
 Average Recall     (AR) @[ IoU=0.50:0.95 | area= small | maxDets=100 ] = 0.097
 Average Recall     (AR) @[ IoU=0.50:0.95 | area=medium | maxDets=100 ] = 0.294
 Average Recall     (AR) @[ IoU=0.50:0.95 | area= large | maxDets=100 ] = 0.414
sweep 108/180: alpha=1.5, beta=1.0, threshold=0.2, top_k=100, nms=0.7
creating index...
index created!
Loading and preparing results...
DONE (t=0.02s)
creating index...
index created!
Running per image evaluation...
Evaluate annotation type *bbox*
DONE (t=1.67s).
Accumulating evaluation results...
DONE (t=0.49s).
 Average Precision  (AP) @[ IoU=0.50:0.95 | area=   all | maxDets=100 ] = 0.171
 Average Precision  (AP) @[ IoU=0.50      | area=   all | maxDets=100 ] = 0.262
 Average Precision  (AP) @[ IoU=0.75      | area=   all | maxDets=100 ] = 0.192
 Average Precision  (AP) @[ IoU=0.50:0.95 | area= small | maxDets=100 ] = 0.072
 Average Precision  (AP) @[ IoU=0.50:0.95 | area=medium | maxDets=100 ] = 0.193
 Average Precision  (AP) @[ IoU=0.50:0.95 | area= large | maxDets=100 ] = 0.248
 Average Recall     (AR) @[ IoU=0.50:0.95 | area=   all | maxDets=  1 ] = 0.198
 Average Recall     (AR) @[ IoU=0.50:0.95 | area=   all | maxDets= 10 ] = 0.288
 Average Recall     (AR) @[ IoU=0.50:0.95 | area=   all | maxDets=100 ] = 0.305
 Average Recall     (AR) @[ IoU=0.50:0.95 | area= small | maxDets=100 ] = 0.101
 Average Recall     (AR) @[ IoU=0.50:0.95 | area=medium | maxDets=100 ] = 0.310
 Average Recall     (AR) @[ IoU=0.50:0.95 | area= large | maxDets=100 ] = 0.426
sweep 109/180: alpha=1.5, beta=1.0, threshold=0.25, top_k=12, nms=0.4
creating index...
index created!
Loading and preparing results...
DONE (t=0.00s)
creating index...
index created!
Running per image evaluation...
Evaluate annotation type *bbox*
DONE (t=0.84s).
Accumulating evaluation results...
DONE (t=0.36s).
 Average Precision  (AP) @[ IoU=0.50:0.95 | area=   all | maxDets=100 ] = 0.163
 Average Precision  (AP) @[ IoU=0.50      | area=   all | maxDets=100 ] = 0.264
 Average Precision  (AP) @[ IoU=0.75      | area=   all | maxDets=100 ] = 0.172
 Average Precision  (AP) @[ IoU=0.50:0.95 | area= small | maxDets=100 ] = 0.055
 Average Precision  (AP) @[ IoU=0.50:0.95 | area=medium | maxDets=100 ] = 0.172
 Average Precision  (AP) @[ IoU=0.50:0.95 | area= large | maxDets=100 ] = 0.243
 Average Recall     (AR) @[ IoU=0.50:0.95 | area=   all | maxDets=  1 ] = 0.186
 Average Recall     (AR) @[ IoU=0.50:0.95 | area=   all | maxDets= 10 ] = 0.230
 Average Recall     (AR) @[ IoU=0.50:0.95 | area=   all | maxDets=100 ] = 0.230
 Average Recall     (AR) @[ IoU=0.50:0.95 | area= small | maxDets=100 ] = 0.064
 Average Recall     (AR) @[ IoU=0.50:0.95 | area=medium | maxDets=100 ] = 0.220
 Average Recall     (AR) @[ IoU=0.50:0.95 | area= large | maxDets=100 ] = 0.344
sweep 110/180: alpha=1.5, beta=1.0, threshold=0.25, top_k=12, nms=0.5
creating index...
index created!
Loading and preparing results...
DONE (t=0.01s)
creating index...
index created!
Running per image evaluation...
Evaluate annotation type *bbox*
DONE (t=0.74s).
Accumulating evaluation results...
DONE (t=0.36s).
 Average Precision  (AP) @[ IoU=0.50:0.95 | area=   all | maxDets=100 ] = 0.163
 Average Precision  (AP) @[ IoU=0.50      | area=   all | maxDets=100 ] = 0.261
 Average Precision  (AP) @[ IoU=0.75      | area=   all | maxDets=100 ] = 0.173
 Average Precision  (AP) @[ IoU=0.50:0.95 | area= small | maxDets=100 ] = 0.053
 Average Precision  (AP) @[ IoU=0.50:0.95 | area=medium | maxDets=100 ] = 0.173
 Average Precision  (AP) @[ IoU=0.50:0.95 | area= large | maxDets=100 ] = 0.244
 Average Recall     (AR) @[ IoU=0.50:0.95 | area=   all | maxDets=  1 ] = 0.184
 Average Recall     (AR) @[ IoU=0.50:0.95 | area=   all | maxDets= 10 ] = 0.231
 Average Recall     (AR) @[ IoU=0.50:0.95 | area=   all | maxDets=100 ] = 0.231
 Average Recall     (AR) @[ IoU=0.50:0.95 | area= small | maxDets=100 ] = 0.060
 Average Recall     (AR) @[ IoU=0.50:0.95 | area=medium | maxDets=100 ] = 0.223
 Average Recall     (AR) @[ IoU=0.50:0.95 | area= large | maxDets=100 ] = 0.344
sweep 111/180: alpha=1.5, beta=1.0, threshold=0.25, top_k=12, nms=0.6
creating index...
index created!
Loading and preparing results...
DONE (t=0.00s)
creating index...
index created!
Running per image evaluation...
Evaluate annotation type *bbox*
DONE (t=0.80s).
Accumulating evaluation results...
DONE (t=0.36s).
 Average Precision  (AP) @[ IoU=0.50:0.95 | area=   all | maxDets=100 ] = 0.162
 Average Precision  (AP) @[ IoU=0.50      | area=   all | maxDets=100 ] = 0.254
 Average Precision  (AP) @[ IoU=0.75      | area=   all | maxDets=100 ] = 0.175
 Average Precision  (AP) @[ IoU=0.50:0.95 | area= small | maxDets=100 ] = 0.053
 Average Precision  (AP) @[ IoU=0.50:0.95 | area=medium | maxDets=100 ] = 0.168
 Average Precision  (AP) @[ IoU=0.50:0.95 | area= large | maxDets=100 ] = 0.243
 Average Recall     (AR) @[ IoU=0.50:0.95 | area=   all | maxDets=  1 ] = 0.181
 Average Recall     (AR) @[ IoU=0.50:0.95 | area=   all | maxDets= 10 ] = 0.231
 Average Recall     (AR) @[ IoU=0.50:0.95 | area=   all | maxDets=100 ] = 0.232
 Average Recall     (AR) @[ IoU=0.50:0.95 | area= small | maxDets=100 ] = 0.059
 Average Recall     (AR) @[ IoU=0.50:0.95 | area=medium | maxDets=100 ] = 0.216
 Average Recall     (AR) @[ IoU=0.50:0.95 | area= large | maxDets=100 ] = 0.343
sweep 112/180: alpha=1.5, beta=1.0, threshold=0.25, top_k=12, nms=0.7
creating index...
index created!
Loading and preparing results...
DONE (t=0.01s)
creating index...
index created!
Running per image evaluation...
Evaluate annotation type *bbox*
DONE (t=0.80s).
Accumulating evaluation results...
DONE (t=0.36s).
 Average Precision  (AP) @[ IoU=0.50:0.95 | area=   all | maxDets=100 ] = 0.158
 Average Precision  (AP) @[ IoU=0.50      | area=   all | maxDets=100 ] = 0.237
 Average Precision  (AP) @[ IoU=0.75      | area=   all | maxDets=100 ] = 0.179
 Average Precision  (AP) @[ IoU=0.50:0.95 | area= small | maxDets=100 ] = 0.049
 Average Precision  (AP) @[ IoU=0.50:0.95 | area=medium | maxDets=100 ] = 0.166
 Average Precision  (AP) @[ IoU=0.50:0.95 | area= large | maxDets=100 ] = 0.239
 Average Recall     (AR) @[ IoU=0.50:0.95 | area=   all | maxDets=  1 ] = 0.175
 Average Recall     (AR) @[ IoU=0.50:0.95 | area=   all | maxDets= 10 ] = 0.230
 Average Recall     (AR) @[ IoU=0.50:0.95 | area=   all | maxDets=100 ] = 0.231
 Average Recall     (AR) @[ IoU=0.50:0.95 | area= small | maxDets=100 ] = 0.054
 Average Recall     (AR) @[ IoU=0.50:0.95 | area=medium | maxDets=100 ] = 0.216
 Average Recall     (AR) @[ IoU=0.50:0.95 | area= large | maxDets=100 ] = 0.346
sweep 113/180: alpha=1.5, beta=1.0, threshold=0.25, top_k=50, nms=0.4
creating index...
index created!
Loading and preparing results...
DONE (t=0.01s)
creating index...
index created!
Running per image evaluation...
Evaluate annotation type *bbox*
DONE (t=1.02s).
Accumulating evaluation results...
DONE (t=0.40s).
 Average Precision  (AP) @[ IoU=0.50:0.95 | area=   all | maxDets=100 ] = 0.169
 Average Precision  (AP) @[ IoU=0.50      | area=   all | maxDets=100 ] = 0.278
 Average Precision  (AP) @[ IoU=0.75      | area=   all | maxDets=100 ] = 0.178
 Average Precision  (AP) @[ IoU=0.50:0.95 | area= small | maxDets=100 ] = 0.068
 Average Precision  (AP) @[ IoU=0.50:0.95 | area=medium | maxDets=100 ] = 0.181
 Average Precision  (AP) @[ IoU=0.50:0.95 | area= large | maxDets=100 ] = 0.247
 Average Recall     (AR) @[ IoU=0.50:0.95 | area=   all | maxDets=  1 ] = 0.192
 Average Recall     (AR) @[ IoU=0.50:0.95 | area=   all | maxDets= 10 ] = 0.251
 Average Recall     (AR) @[ IoU=0.50:0.95 | area=   all | maxDets=100 ] = 0.256
 Average Recall     (AR) @[ IoU=0.50:0.95 | area= small | maxDets=100 ] = 0.086
 Average Recall     (AR) @[ IoU=0.50:0.95 | area=medium | maxDets=100 ] = 0.252
 Average Recall     (AR) @[ IoU=0.50:0.95 | area= large | maxDets=100 ] = 0.368
sweep 114/180: alpha=1.5, beta=1.0, threshold=0.25, top_k=50, nms=0.5
creating index...
index created!
Loading and preparing results...
DONE (t=0.09s)
creating index...
index created!
Running per image evaluation...
Evaluate annotation type *bbox*
DONE (t=0.99s).
Accumulating evaluation results...
DONE (t=0.40s).
 Average Precision  (AP) @[ IoU=0.50:0.95 | area=   all | maxDets=100 ] = 0.170
 Average Precision  (AP) @[ IoU=0.50      | area=   all | maxDets=100 ] = 0.277
 Average Precision  (AP) @[ IoU=0.75      | area=   all | maxDets=100 ] = 0.179
 Average Precision  (AP) @[ IoU=0.50:0.95 | area= small | maxDets=100 ] = 0.068
 Average Precision  (AP) @[ IoU=0.50:0.95 | area=medium | maxDets=100 ] = 0.184
 Average Precision  (AP) @[ IoU=0.50:0.95 | area= large | maxDets=100 ] = 0.248
 Average Recall     (AR) @[ IoU=0.50:0.95 | area=   all | maxDets=  1 ] = 0.192
 Average Recall     (AR) @[ IoU=0.50:0.95 | area=   all | maxDets= 10 ] = 0.257
 Average Recall     (AR) @[ IoU=0.50:0.95 | area=   all | maxDets=100 ] = 0.262
 Average Recall     (AR) @[ IoU=0.50:0.95 | area= small | maxDets=100 ] = 0.086
 Average Recall     (AR) @[ IoU=0.50:0.95 | area=medium | maxDets=100 ] = 0.261
 Average Recall     (AR) @[ IoU=0.50:0.95 | area= large | maxDets=100 ] = 0.375
sweep 115/180: alpha=1.5, beta=1.0, threshold=0.25, top_k=50, nms=0.6
creating index...
index created!
Loading and preparing results...
DONE (t=0.01s)
creating index...
index created!
Running per image evaluation...
Evaluate annotation type *bbox*
DONE (t=1.20s).
Accumulating evaluation results...
DONE (t=0.42s).
 Average Precision  (AP) @[ IoU=0.50:0.95 | area=   all | maxDets=100 ] = 0.171
 Average Precision  (AP) @[ IoU=0.50      | area=   all | maxDets=100 ] = 0.272
 Average Precision  (AP) @[ IoU=0.75      | area=   all | maxDets=100 ] = 0.184
 Average Precision  (AP) @[ IoU=0.50:0.95 | area= small | maxDets=100 ] = 0.068
 Average Precision  (AP) @[ IoU=0.50:0.95 | area=medium | maxDets=100 ] = 0.185
 Average Precision  (AP) @[ IoU=0.50:0.95 | area= large | maxDets=100 ] = 0.249
 Average Recall     (AR) @[ IoU=0.50:0.95 | area=   all | maxDets=  1 ] = 0.192
 Average Recall     (AR) @[ IoU=0.50:0.95 | area=   all | maxDets= 10 ] = 0.262
 Average Recall     (AR) @[ IoU=0.50:0.95 | area=   all | maxDets=100 ] = 0.270
 Average Recall     (AR) @[ IoU=0.50:0.95 | area= small | maxDets=100 ] = 0.086
 Average Recall     (AR) @[ IoU=0.50:0.95 | area=medium | maxDets=100 ] = 0.267
 Average Recall     (AR) @[ IoU=0.50:0.95 | area= large | maxDets=100 ] = 0.388
sweep 116/180: alpha=1.5, beta=1.0, threshold=0.25, top_k=50, nms=0.7
creating index...
index created!
Loading and preparing results...
DONE (t=0.01s)
creating index...
index created!
Running per image evaluation...
Evaluate annotation type *bbox*
DONE (t=1.29s).
Accumulating evaluation results...
DONE (t=0.44s).
 Average Precision  (AP) @[ IoU=0.50:0.95 | area=   all | maxDets=100 ] = 0.168
 Average Precision  (AP) @[ IoU=0.50      | area=   all | maxDets=100 ] = 0.256
 Average Precision  (AP) @[ IoU=0.75      | area=   all | maxDets=100 ] = 0.189
 Average Precision  (AP) @[ IoU=0.50:0.95 | area= small | maxDets=100 ] = 0.066
 Average Precision  (AP) @[ IoU=0.50:0.95 | area=medium | maxDets=100 ] = 0.188
 Average Precision  (AP) @[ IoU=0.50:0.95 | area= large | maxDets=100 ] = 0.245
 Average Recall     (AR) @[ IoU=0.50:0.95 | area=   all | maxDets=  1 ] = 0.191
 Average Recall     (AR) @[ IoU=0.50:0.95 | area=   all | maxDets= 10 ] = 0.270
 Average Recall     (AR) @[ IoU=0.50:0.95 | area=   all | maxDets=100 ] = 0.282
 Average Recall     (AR) @[ IoU=0.50:0.95 | area= small | maxDets=100 ] = 0.088
 Average Recall     (AR) @[ IoU=0.50:0.95 | area=medium | maxDets=100 ] = 0.281
 Average Recall     (AR) @[ IoU=0.50:0.95 | area= large | maxDets=100 ] = 0.401
sweep 117/180: alpha=1.5, beta=1.0, threshold=0.25, top_k=100, nms=0.4
creating index...
index created!
Loading and preparing results...
DONE (t=0.01s)
creating index...
index created!
Running per image evaluation...
Evaluate annotation type *bbox*
DONE (t=0.96s).
Accumulating evaluation results...
DONE (t=0.39s).
 Average Precision  (AP) @[ IoU=0.50:0.95 | area=   all | maxDets=100 ] = 0.169
 Average Precision  (AP) @[ IoU=0.50      | area=   all | maxDets=100 ] = 0.279
 Average Precision  (AP) @[ IoU=0.75      | area=   all | maxDets=100 ] = 0.178
 Average Precision  (AP) @[ IoU=0.50:0.95 | area= small | maxDets=100 ] = 0.068
 Average Precision  (AP) @[ IoU=0.50:0.95 | area=medium | maxDets=100 ] = 0.181
 Average Precision  (AP) @[ IoU=0.50:0.95 | area= large | maxDets=100 ] = 0.247
 Average Recall     (AR) @[ IoU=0.50:0.95 | area=   all | maxDets=  1 ] = 0.192
 Average Recall     (AR) @[ IoU=0.50:0.95 | area=   all | maxDets= 10 ] = 0.252
 Average Recall     (AR) @[ IoU=0.50:0.95 | area=   all | maxDets=100 ] = 0.257
 Average Recall     (AR) @[ IoU=0.50:0.95 | area= small | maxDets=100 ] = 0.086
 Average Recall     (AR) @[ IoU=0.50:0.95 | area=medium | maxDets=100 ] = 0.254
 Average Recall     (AR) @[ IoU=0.50:0.95 | area= large | maxDets=100 ] = 0.368
sweep 118/180: alpha=1.5, beta=1.0, threshold=0.25, top_k=100, nms=0.5
creating index...
index created!
Loading and preparing results...
DONE (t=0.01s)
creating index...
index created!
Running per image evaluation...
Evaluate annotation type *bbox*
DONE (t=1.14s).
Accumulating evaluation results...
DONE (t=0.41s).
 Average Precision  (AP) @[ IoU=0.50:0.95 | area=   all | maxDets=100 ] = 0.171
 Average Precision  (AP) @[ IoU=0.50      | area=   all | maxDets=100 ] = 0.277
 Average Precision  (AP) @[ IoU=0.75      | area=   all | maxDets=100 ] = 0.180
 Average Precision  (AP) @[ IoU=0.50:0.95 | area= small | maxDets=100 ] = 0.069
 Average Precision  (AP) @[ IoU=0.50:0.95 | area=medium | maxDets=100 ] = 0.185
 Average Precision  (AP) @[ IoU=0.50:0.95 | area= large | maxDets=100 ] = 0.248
 Average Recall     (AR) @[ IoU=0.50:0.95 | area=   all | maxDets=  1 ] = 0.192
 Average Recall     (AR) @[ IoU=0.50:0.95 | area=   all | maxDets= 10 ] = 0.257
 Average Recall     (AR) @[ IoU=0.50:0.95 | area=   all | maxDets=100 ] = 0.264
 Average Recall     (AR) @[ IoU=0.50:0.95 | area= small | maxDets=100 ] = 0.087
 Average Recall     (AR) @[ IoU=0.50:0.95 | area=medium | maxDets=100 ] = 0.264
 Average Recall     (AR) @[ IoU=0.50:0.95 | area= large | maxDets=100 ] = 0.375
sweep 119/180: alpha=1.5, beta=1.0, threshold=0.25, top_k=100, nms=0.6
creating index...
index created!
Loading and preparing results...
DONE (t=0.01s)
creating index...
index created!
Running per image evaluation...
Evaluate annotation type *bbox*
DONE (t=1.28s).
Accumulating evaluation results...
DONE (t=0.43s).
 Average Precision  (AP) @[ IoU=0.50:0.95 | area=   all | maxDets=100 ] = 0.172
 Average Precision  (AP) @[ IoU=0.50      | area=   all | maxDets=100 ] = 0.273
 Average Precision  (AP) @[ IoU=0.75      | area=   all | maxDets=100 ] = 0.184
 Average Precision  (AP) @[ IoU=0.50:0.95 | area= small | maxDets=100 ] = 0.070
 Average Precision  (AP) @[ IoU=0.50:0.95 | area=medium | maxDets=100 ] = 0.185
 Average Precision  (AP) @[ IoU=0.50:0.95 | area= large | maxDets=100 ] = 0.250
 Average Recall     (AR) @[ IoU=0.50:0.95 | area=   all | maxDets=  1 ] = 0.192
 Average Recall     (AR) @[ IoU=0.50:0.95 | area=   all | maxDets= 10 ] = 0.264
 Average Recall     (AR) @[ IoU=0.50:0.95 | area=   all | maxDets=100 ] = 0.273
 Average Recall     (AR) @[ IoU=0.50:0.95 | area= small | maxDets=100 ] = 0.089
 Average Recall     (AR) @[ IoU=0.50:0.95 | area=medium | maxDets=100 ] = 0.272
 Average Recall     (AR) @[ IoU=0.50:0.95 | area= large | maxDets=100 ] = 0.394
sweep 120/180: alpha=1.5, beta=1.0, threshold=0.25, top_k=100, nms=0.7
creating index...
index created!
Loading and preparing results...
DONE (t=0.01s)
creating index...
index created!
Running per image evaluation...
Evaluate annotation type *bbox*
DONE (t=1.46s).
Accumulating evaluation results...
DONE (t=0.45s).
 Average Precision  (AP) @[ IoU=0.50:0.95 | area=   all | maxDets=100 ] = 0.169
 Average Precision  (AP) @[ IoU=0.50      | area=   all | maxDets=100 ] = 0.257
 Average Precision  (AP) @[ IoU=0.75      | area=   all | maxDets=100 ] = 0.190
 Average Precision  (AP) @[ IoU=0.50:0.95 | area= small | maxDets=100 ] = 0.069
 Average Precision  (AP) @[ IoU=0.50:0.95 | area=medium | maxDets=100 ] = 0.188
 Average Precision  (AP) @[ IoU=0.50:0.95 | area= large | maxDets=100 ] = 0.245
 Average Recall     (AR) @[ IoU=0.50:0.95 | area=   all | maxDets=  1 ] = 0.192
 Average Recall     (AR) @[ IoU=0.50:0.95 | area=   all | maxDets= 10 ] = 0.273
 Average Recall     (AR) @[ IoU=0.50:0.95 | area=   all | maxDets=100 ] = 0.287
 Average Recall     (AR) @[ IoU=0.50:0.95 | area= small | maxDets=100 ] = 0.092
 Average Recall     (AR) @[ IoU=0.50:0.95 | area=medium | maxDets=100 ] = 0.289
 Average Recall     (AR) @[ IoU=0.50:0.95 | area= large | maxDets=100 ] = 0.406
sweep 121/180: alpha=2.0, beta=1.0, threshold=0.01, top_k=12, nms=0.4
creating index...
index created!
Loading and preparing results...
DONE (t=0.01s)
creating index...
index created!
Running per image evaluation...
Evaluate annotation type *bbox*
DONE (t=0.90s).
Accumulating evaluation results...
DONE (t=0.39s).
 Average Precision  (AP) @[ IoU=0.50:0.95 | area=   all | maxDets=100 ] = 0.169
 Average Precision  (AP) @[ IoU=0.50      | area=   all | maxDets=100 ] = 0.272
 Average Precision  (AP) @[ IoU=0.75      | area=   all | maxDets=100 ] = 0.180
 Average Precision  (AP) @[ IoU=0.50:0.95 | area= small | maxDets=100 ] = 0.059
 Average Precision  (AP) @[ IoU=0.50:0.95 | area=medium | maxDets=100 ] = 0.180
 Average Precision  (AP) @[ IoU=0.50:0.95 | area= large | maxDets=100 ] = 0.252
 Average Recall     (AR) @[ IoU=0.50:0.95 | area=   all | maxDets=  1 ] = 0.196
 Average Recall     (AR) @[ IoU=0.50:0.95 | area=   all | maxDets= 10 ] = 0.245
 Average Recall     (AR) @[ IoU=0.50:0.95 | area=   all | maxDets=100 ] = 0.245
 Average Recall     (AR) @[ IoU=0.50:0.95 | area= small | maxDets=100 ] = 0.071
 Average Recall     (AR) @[ IoU=0.50:0.95 | area=medium | maxDets=100 ] = 0.242
 Average Recall     (AR) @[ IoU=0.50:0.95 | area= large | maxDets=100 ] = 0.363
sweep 122/180: alpha=2.0, beta=1.0, threshold=0.01, top_k=12, nms=0.5
creating index...
index created!
Loading and preparing results...
DONE (t=0.01s)
creating index...
index created!
Running per image evaluation...
Evaluate annotation type *bbox*
DONE (t=0.91s).
Accumulating evaluation results...
DONE (t=0.39s).
 Average Precision  (AP) @[ IoU=0.50:0.95 | area=   all | maxDets=100 ] = 0.169
 Average Precision  (AP) @[ IoU=0.50      | area=   all | maxDets=100 ] = 0.269
 Average Precision  (AP) @[ IoU=0.75      | area=   all | maxDets=100 ] = 0.182
 Average Precision  (AP) @[ IoU=0.50:0.95 | area= small | maxDets=100 ] = 0.057
 Average Precision  (AP) @[ IoU=0.50:0.95 | area=medium | maxDets=100 ] = 0.180
 Average Precision  (AP) @[ IoU=0.50:0.95 | area= large | maxDets=100 ] = 0.253
 Average Recall     (AR) @[ IoU=0.50:0.95 | area=   all | maxDets=  1 ] = 0.194
 Average Recall     (AR) @[ IoU=0.50:0.95 | area=   all | maxDets= 10 ] = 0.246
 Average Recall     (AR) @[ IoU=0.50:0.95 | area=   all | maxDets=100 ] = 0.246
 Average Recall     (AR) @[ IoU=0.50:0.95 | area= small | maxDets=100 ] = 0.067
 Average Recall     (AR) @[ IoU=0.50:0.95 | area=medium | maxDets=100 ] = 0.238
 Average Recall     (AR) @[ IoU=0.50:0.95 | area= large | maxDets=100 ] = 0.369
sweep 123/180: alpha=2.0, beta=1.0, threshold=0.01, top_k=12, nms=0.6
creating index...
index created!
Loading and preparing results...
DONE (t=0.01s)
creating index...
index created!
Running per image evaluation...
Evaluate annotation type *bbox*
DONE (t=0.90s).
Accumulating evaluation results...
DONE (t=0.38s).
 Average Precision  (AP) @[ IoU=0.50:0.95 | area=   all | maxDets=100 ] = 0.168
 Average Precision  (AP) @[ IoU=0.50      | area=   all | maxDets=100 ] = 0.262
 Average Precision  (AP) @[ IoU=0.75      | area=   all | maxDets=100 ] = 0.183
 Average Precision  (AP) @[ IoU=0.50:0.95 | area= small | maxDets=100 ] = 0.054
 Average Precision  (AP) @[ IoU=0.50:0.95 | area=medium | maxDets=100 ] = 0.178
 Average Precision  (AP) @[ IoU=0.50:0.95 | area= large | maxDets=100 ] = 0.253
 Average Recall     (AR) @[ IoU=0.50:0.95 | area=   all | maxDets=  1 ] = 0.192
 Average Recall     (AR) @[ IoU=0.50:0.95 | area=   all | maxDets= 10 ] = 0.244
 Average Recall     (AR) @[ IoU=0.50:0.95 | area=   all | maxDets=100 ] = 0.244
 Average Recall     (AR) @[ IoU=0.50:0.95 | area= small | maxDets=100 ] = 0.059
 Average Recall     (AR) @[ IoU=0.50:0.95 | area=medium | maxDets=100 ] = 0.232
 Average Recall     (AR) @[ IoU=0.50:0.95 | area= large | maxDets=100 ] = 0.371
sweep 124/180: alpha=2.0, beta=1.0, threshold=0.01, top_k=12, nms=0.7
creating index...
index created!
Loading and preparing results...
DONE (t=0.01s)
creating index...
index created!
Running per image evaluation...
Evaluate annotation type *bbox*
DONE (t=0.78s).
Accumulating evaluation results...
DONE (t=0.37s).
 Average Precision  (AP) @[ IoU=0.50:0.95 | area=   all | maxDets=100 ] = 0.162
 Average Precision  (AP) @[ IoU=0.50      | area=   all | maxDets=100 ] = 0.243
 Average Precision  (AP) @[ IoU=0.75      | area=   all | maxDets=100 ] = 0.185
 Average Precision  (AP) @[ IoU=0.50:0.95 | area= small | maxDets=100 ] = 0.049
 Average Precision  (AP) @[ IoU=0.50:0.95 | area=medium | maxDets=100 ] = 0.169
 Average Precision  (AP) @[ IoU=0.50:0.95 | area= large | maxDets=100 ] = 0.247
 Average Recall     (AR) @[ IoU=0.50:0.95 | area=   all | maxDets=  1 ] = 0.183
 Average Recall     (AR) @[ IoU=0.50:0.95 | area=   all | maxDets= 10 ] = 0.238
 Average Recall     (AR) @[ IoU=0.50:0.95 | area=   all | maxDets=100 ] = 0.239
 Average Recall     (AR) @[ IoU=0.50:0.95 | area= small | maxDets=100 ] = 0.054
 Average Recall     (AR) @[ IoU=0.50:0.95 | area=medium | maxDets=100 ] = 0.222
 Average Recall     (AR) @[ IoU=0.50:0.95 | area= large | maxDets=100 ] = 0.367
sweep 125/180: alpha=2.0, beta=1.0, threshold=0.01, top_k=50, nms=0.4
creating index...
index created!
Loading and preparing results...
DONE (t=0.02s)
creating index...
index created!
Running per image evaluation...
Evaluate annotation type *bbox*
DONE (t=1.68s).
Accumulating evaluation results...
DONE (t=0.63s).
 Average Precision  (AP) @[ IoU=0.50:0.95 | area=   all | maxDets=100 ] = 0.178
 Average Precision  (AP) @[ IoU=0.50      | area=   all | maxDets=100 ] = 0.292
 Average Precision  (AP) @[ IoU=0.75      | area=   all | maxDets=100 ] = 0.187
 Average Precision  (AP) @[ IoU=0.50:0.95 | area= small | maxDets=100 ] = 0.077
 Average Precision  (AP) @[ IoU=0.50:0.95 | area=medium | maxDets=100 ] = 0.191
 Average Precision  (AP) @[ IoU=0.50:0.95 | area= large | maxDets=100 ] = 0.259
 Average Recall     (AR) @[ IoU=0.50:0.95 | area=   all | maxDets=  1 ] = 0.212
 Average Recall     (AR) @[ IoU=0.50:0.95 | area=   all | maxDets= 10 ] = 0.293
 Average Recall     (AR) @[ IoU=0.50:0.95 | area=   all | maxDets=100 ] = 0.299
 Average Recall     (AR) @[ IoU=0.50:0.95 | area= small | maxDets=100 ] = 0.113
 Average Recall     (AR) @[ IoU=0.50:0.95 | area=medium | maxDets=100 ] = 0.304
 Average Recall     (AR) @[ IoU=0.50:0.95 | area= large | maxDets=100 ] = 0.427
sweep 126/180: alpha=2.0, beta=1.0, threshold=0.01, top_k=50, nms=0.5
creating index...
index created!
Loading and preparing results...
DONE (t=0.02s)
creating index...
index created!
Running per image evaluation...
Evaluate annotation type *bbox*
DONE (t=1.84s).
Accumulating evaluation results...
DONE (t=0.63s).
 Average Precision  (AP) @[ IoU=0.50:0.95 | area=   all | maxDets=100 ] = 0.179
 Average Precision  (AP) @[ IoU=0.50      | area=   all | maxDets=100 ] = 0.291
 Average Precision  (AP) @[ IoU=0.75      | area=   all | maxDets=100 ] = 0.189
 Average Precision  (AP) @[ IoU=0.50:0.95 | area= small | maxDets=100 ] = 0.075
 Average Precision  (AP) @[ IoU=0.50:0.95 | area=medium | maxDets=100 ] = 0.194
 Average Precision  (AP) @[ IoU=0.50:0.95 | area= large | maxDets=100 ] = 0.260
 Average Recall     (AR) @[ IoU=0.50:0.95 | area=   all | maxDets=  1 ] = 0.211
 Average Recall     (AR) @[ IoU=0.50:0.95 | area=   all | maxDets= 10 ] = 0.298
 Average Recall     (AR) @[ IoU=0.50:0.95 | area=   all | maxDets=100 ] = 0.306
 Average Recall     (AR) @[ IoU=0.50:0.95 | area= small | maxDets=100 ] = 0.109
 Average Recall     (AR) @[ IoU=0.50:0.95 | area=medium | maxDets=100 ] = 0.309
 Average Recall     (AR) @[ IoU=0.50:0.95 | area= large | maxDets=100 ] = 0.441
sweep 127/180: alpha=2.0, beta=1.0, threshold=0.01, top_k=50, nms=0.6
creating index...
index created!
Loading and preparing results...
DONE (t=0.02s)
creating index...
index created!
Running per image evaluation...
Evaluate annotation type *bbox*
DONE (t=1.70s).
Accumulating evaluation results...
DONE (t=0.61s).
 Average Precision  (AP) @[ IoU=0.50:0.95 | area=   all | maxDets=100 ] = 0.179
 Average Precision  (AP) @[ IoU=0.50      | area=   all | maxDets=100 ] = 0.284
 Average Precision  (AP) @[ IoU=0.75      | area=   all | maxDets=100 ] = 0.194
 Average Precision  (AP) @[ IoU=0.50:0.95 | area= small | maxDets=100 ] = 0.075
 Average Precision  (AP) @[ IoU=0.50:0.95 | area=medium | maxDets=100 ] = 0.196
 Average Precision  (AP) @[ IoU=0.50:0.95 | area= large | maxDets=100 ] = 0.261
 Average Recall     (AR) @[ IoU=0.50:0.95 | area=   all | maxDets=  1 ] = 0.209
 Average Recall     (AR) @[ IoU=0.50:0.95 | area=   all | maxDets= 10 ] = 0.304
 Average Recall     (AR) @[ IoU=0.50:0.95 | area=   all | maxDets=100 ] = 0.312
 Average Recall     (AR) @[ IoU=0.50:0.95 | area= small | maxDets=100 ] = 0.108
 Average Recall     (AR) @[ IoU=0.50:0.95 | area=medium | maxDets=100 ] = 0.317
 Average Recall     (AR) @[ IoU=0.50:0.95 | area= large | maxDets=100 ] = 0.449
sweep 128/180: alpha=2.0, beta=1.0, threshold=0.01, top_k=50, nms=0.7
creating index...
index created!
Loading and preparing results...
DONE (t=0.11s)
creating index...
index created!
Running per image evaluation...
Evaluate annotation type *bbox*
DONE (t=1.57s).
Accumulating evaluation results...
DONE (t=0.60s).
 Average Precision  (AP) @[ IoU=0.50:0.95 | area=   all | maxDets=100 ] = 0.174
 Average Precision  (AP) @[ IoU=0.50      | area=   all | maxDets=100 ] = 0.266
 Average Precision  (AP) @[ IoU=0.75      | area=   all | maxDets=100 ] = 0.197
 Average Precision  (AP) @[ IoU=0.50:0.95 | area= small | maxDets=100 ] = 0.071
 Average Precision  (AP) @[ IoU=0.50:0.95 | area=medium | maxDets=100 ] = 0.195
 Average Precision  (AP) @[ IoU=0.50:0.95 | area= large | maxDets=100 ] = 0.257
 Average Recall     (AR) @[ IoU=0.50:0.95 | area=   all | maxDets=  1 ] = 0.206
 Average Recall     (AR) @[ IoU=0.50:0.95 | area=   all | maxDets= 10 ] = 0.301
 Average Recall     (AR) @[ IoU=0.50:0.95 | area=   all | maxDets=100 ] = 0.312
 Average Recall     (AR) @[ IoU=0.50:0.95 | area= small | maxDets=100 ] = 0.102
 Average Recall     (AR) @[ IoU=0.50:0.95 | area=medium | maxDets=100 ] = 0.319
 Average Recall     (AR) @[ IoU=0.50:0.95 | area= large | maxDets=100 ] = 0.455
sweep 129/180: alpha=2.0, beta=1.0, threshold=0.01, top_k=100, nms=0.4
creating index...
index created!
Loading and preparing results...
DONE (t=0.13s)
creating index...
index created!
Running per image evaluation...
Evaluate annotation type *bbox*
DONE (t=2.27s).
Accumulating evaluation results...
DONE (t=0.78s).
 Average Precision  (AP) @[ IoU=0.50:0.95 | area=   all | maxDets=100 ] = 0.178
 Average Precision  (AP) @[ IoU=0.50      | area=   all | maxDets=100 ] = 0.295
 Average Precision  (AP) @[ IoU=0.75      | area=   all | maxDets=100 ] = 0.187
 Average Precision  (AP) @[ IoU=0.50:0.95 | area= small | maxDets=100 ] = 0.078
 Average Precision  (AP) @[ IoU=0.50:0.95 | area=medium | maxDets=100 ] = 0.192
 Average Precision  (AP) @[ IoU=0.50:0.95 | area= large | maxDets=100 ] = 0.259
 Average Recall     (AR) @[ IoU=0.50:0.95 | area=   all | maxDets=  1 ] = 0.214
 Average Recall     (AR) @[ IoU=0.50:0.95 | area=   all | maxDets= 10 ] = 0.305
 Average Recall     (AR) @[ IoU=0.50:0.95 | area=   all | maxDets=100 ] = 0.312
 Average Recall     (AR) @[ IoU=0.50:0.95 | area= small | maxDets=100 ] = 0.124
 Average Recall     (AR) @[ IoU=0.50:0.95 | area=medium | maxDets=100 ] = 0.323
 Average Recall     (AR) @[ IoU=0.50:0.95 | area= large | maxDets=100 ] = 0.439
sweep 130/180: alpha=2.0, beta=1.0, threshold=0.01, top_k=100, nms=0.5
creating index...
index created!
Loading and preparing results...
DONE (t=0.13s)
creating index...
index created!
Running per image evaluation...
Evaluate annotation type *bbox*
DONE (t=2.36s).
Accumulating evaluation results...
DONE (t=0.78s).
 Average Precision  (AP) @[ IoU=0.50:0.95 | area=   all | maxDets=100 ] = 0.180
 Average Precision  (AP) @[ IoU=0.50      | area=   all | maxDets=100 ] = 0.293
 Average Precision  (AP) @[ IoU=0.75      | area=   all | maxDets=100 ] = 0.190
 Average Precision  (AP) @[ IoU=0.50:0.95 | area= small | maxDets=100 ] = 0.078
 Average Precision  (AP) @[ IoU=0.50:0.95 | area=medium | maxDets=100 ] = 0.196
 Average Precision  (AP) @[ IoU=0.50:0.95 | area= large | maxDets=100 ] = 0.261
 Average Recall     (AR) @[ IoU=0.50:0.95 | area=   all | maxDets=  1 ] = 0.214
 Average Recall     (AR) @[ IoU=0.50:0.95 | area=   all | maxDets= 10 ] = 0.314
 Average Recall     (AR) @[ IoU=0.50:0.95 | area=   all | maxDets=100 ] = 0.325
 Average Recall     (AR) @[ IoU=0.50:0.95 | area= small | maxDets=100 ] = 0.124
 Average Recall     (AR) @[ IoU=0.50:0.95 | area=medium | maxDets=100 ] = 0.334
 Average Recall     (AR) @[ IoU=0.50:0.95 | area= large | maxDets=100 ] = 0.460
sweep 131/180: alpha=2.0, beta=1.0, threshold=0.01, top_k=100, nms=0.6
creating index...
index created!
Loading and preparing results...
DONE (t=0.13s)
creating index...
index created!
Running per image evaluation...
Evaluate annotation type *bbox*
DONE (t=2.43s).
Accumulating evaluation results...
DONE (t=0.79s).
 Average Precision  (AP) @[ IoU=0.50:0.95 | area=   all | maxDets=100 ] = 0.181
 Average Precision  (AP) @[ IoU=0.50      | area=   all | maxDets=100 ] = 0.287
 Average Precision  (AP) @[ IoU=0.75      | area=   all | maxDets=100 ] = 0.195
 Average Precision  (AP) @[ IoU=0.50:0.95 | area= small | maxDets=100 ] = 0.079
 Average Precision  (AP) @[ IoU=0.50:0.95 | area=medium | maxDets=100 ] = 0.198
 Average Precision  (AP) @[ IoU=0.50:0.95 | area= large | maxDets=100 ] = 0.262
 Average Recall     (AR) @[ IoU=0.50:0.95 | area=   all | maxDets=  1 ] = 0.213
 Average Recall     (AR) @[ IoU=0.50:0.95 | area=   all | maxDets= 10 ] = 0.322
 Average Recall     (AR) @[ IoU=0.50:0.95 | area=   all | maxDets=100 ] = 0.335
 Average Recall     (AR) @[ IoU=0.50:0.95 | area= small | maxDets=100 ] = 0.127
 Average Recall     (AR) @[ IoU=0.50:0.95 | area=medium | maxDets=100 ] = 0.346
 Average Recall     (AR) @[ IoU=0.50:0.95 | area= large | maxDets=100 ] = 0.470
sweep 132/180: alpha=2.0, beta=1.0, threshold=0.01, top_k=100, nms=0.7
creating index...
index created!
Loading and preparing results...
DONE (t=0.13s)
creating index...
index created!
Running per image evaluation...
Evaluate annotation type *bbox*
DONE (t=2.48s).
Accumulating evaluation results...
DONE (t=0.79s).
 Average Precision  (AP) @[ IoU=0.50:0.95 | area=   all | maxDets=100 ] = 0.176
 Average Precision  (AP) @[ IoU=0.50      | area=   all | maxDets=100 ] = 0.270
 Average Precision  (AP) @[ IoU=0.75      | area=   all | maxDets=100 ] = 0.199
 Average Precision  (AP) @[ IoU=0.50:0.95 | area= small | maxDets=100 ] = 0.077
 Average Precision  (AP) @[ IoU=0.50:0.95 | area=medium | maxDets=100 ] = 0.198
 Average Precision  (AP) @[ IoU=0.50:0.95 | area= large | maxDets=100 ] = 0.258
 Average Recall     (AR) @[ IoU=0.50:0.95 | area=   all | maxDets=  1 ] = 0.212
 Average Recall     (AR) @[ IoU=0.50:0.95 | area=   all | maxDets= 10 ] = 0.322
 Average Recall     (AR) @[ IoU=0.50:0.95 | area=   all | maxDets=100 ] = 0.343
 Average Recall     (AR) @[ IoU=0.50:0.95 | area= small | maxDets=100 ] = 0.128
 Average Recall     (AR) @[ IoU=0.50:0.95 | area=medium | maxDets=100 ] = 0.353
 Average Recall     (AR) @[ IoU=0.50:0.95 | area= large | maxDets=100 ] = 0.480
sweep 133/180: alpha=2.0, beta=1.0, threshold=0.05, top_k=12, nms=0.4
creating index...
index created!
Loading and preparing results...
DONE (t=0.01s)
creating index...
index created!
Running per image evaluation...
Evaluate annotation type *bbox*
DONE (t=0.80s).
Accumulating evaluation results...
DONE (t=0.39s).
 Average Precision  (AP) @[ IoU=0.50:0.95 | area=   all | maxDets=100 ] = 0.169
 Average Precision  (AP) @[ IoU=0.50      | area=   all | maxDets=100 ] = 0.272
 Average Precision  (AP) @[ IoU=0.75      | area=   all | maxDets=100 ] = 0.180
 Average Precision  (AP) @[ IoU=0.50:0.95 | area= small | maxDets=100 ] = 0.059
 Average Precision  (AP) @[ IoU=0.50:0.95 | area=medium | maxDets=100 ] = 0.180
 Average Precision  (AP) @[ IoU=0.50:0.95 | area= large | maxDets=100 ] = 0.252
 Average Recall     (AR) @[ IoU=0.50:0.95 | area=   all | maxDets=  1 ] = 0.196
 Average Recall     (AR) @[ IoU=0.50:0.95 | area=   all | maxDets= 10 ] = 0.245
 Average Recall     (AR) @[ IoU=0.50:0.95 | area=   all | maxDets=100 ] = 0.245
 Average Recall     (AR) @[ IoU=0.50:0.95 | area= small | maxDets=100 ] = 0.071
 Average Recall     (AR) @[ IoU=0.50:0.95 | area=medium | maxDets=100 ] = 0.242
 Average Recall     (AR) @[ IoU=0.50:0.95 | area= large | maxDets=100 ] = 0.363
sweep 134/180: alpha=2.0, beta=1.0, threshold=0.05, top_k=12, nms=0.5
creating index...
index created!
Loading and preparing results...
DONE (t=0.01s)
creating index...
index created!
Running per image evaluation...
Evaluate annotation type *bbox*
DONE (t=0.91s).
Accumulating evaluation results...
DONE (t=0.39s).
 Average Precision  (AP) @[ IoU=0.50:0.95 | area=   all | maxDets=100 ] = 0.169
 Average Precision  (AP) @[ IoU=0.50      | area=   all | maxDets=100 ] = 0.269
 Average Precision  (AP) @[ IoU=0.75      | area=   all | maxDets=100 ] = 0.182
 Average Precision  (AP) @[ IoU=0.50:0.95 | area= small | maxDets=100 ] = 0.057
 Average Precision  (AP) @[ IoU=0.50:0.95 | area=medium | maxDets=100 ] = 0.180
 Average Precision  (AP) @[ IoU=0.50:0.95 | area= large | maxDets=100 ] = 0.253
 Average Recall     (AR) @[ IoU=0.50:0.95 | area=   all | maxDets=  1 ] = 0.194
 Average Recall     (AR) @[ IoU=0.50:0.95 | area=   all | maxDets= 10 ] = 0.246
 Average Recall     (AR) @[ IoU=0.50:0.95 | area=   all | maxDets=100 ] = 0.246
 Average Recall     (AR) @[ IoU=0.50:0.95 | area= small | maxDets=100 ] = 0.067
 Average Recall     (AR) @[ IoU=0.50:0.95 | area=medium | maxDets=100 ] = 0.238
 Average Recall     (AR) @[ IoU=0.50:0.95 | area= large | maxDets=100 ] = 0.369
sweep 135/180: alpha=2.0, beta=1.0, threshold=0.05, top_k=12, nms=0.6
creating index...
index created!
Loading and preparing results...
DONE (t=0.01s)
creating index...
index created!
Running per image evaluation...
Evaluate annotation type *bbox*
DONE (t=0.79s).
Accumulating evaluation results...
DONE (t=0.38s).
 Average Precision  (AP) @[ IoU=0.50:0.95 | area=   all | maxDets=100 ] = 0.168
 Average Precision  (AP) @[ IoU=0.50      | area=   all | maxDets=100 ] = 0.262
 Average Precision  (AP) @[ IoU=0.75      | area=   all | maxDets=100 ] = 0.183
 Average Precision  (AP) @[ IoU=0.50:0.95 | area= small | maxDets=100 ] = 0.054
 Average Precision  (AP) @[ IoU=0.50:0.95 | area=medium | maxDets=100 ] = 0.178
 Average Precision  (AP) @[ IoU=0.50:0.95 | area= large | maxDets=100 ] = 0.253
 Average Recall     (AR) @[ IoU=0.50:0.95 | area=   all | maxDets=  1 ] = 0.192
 Average Recall     (AR) @[ IoU=0.50:0.95 | area=   all | maxDets= 10 ] = 0.244
 Average Recall     (AR) @[ IoU=0.50:0.95 | area=   all | maxDets=100 ] = 0.244
 Average Recall     (AR) @[ IoU=0.50:0.95 | area= small | maxDets=100 ] = 0.059
 Average Recall     (AR) @[ IoU=0.50:0.95 | area=medium | maxDets=100 ] = 0.232
 Average Recall     (AR) @[ IoU=0.50:0.95 | area= large | maxDets=100 ] = 0.371
sweep 136/180: alpha=2.0, beta=1.0, threshold=0.05, top_k=12, nms=0.7
creating index...
index created!
Loading and preparing results...
DONE (t=0.01s)
creating index...
index created!
Running per image evaluation...
Evaluate annotation type *bbox*
DONE (t=0.87s).
Accumulating evaluation results...
DONE (t=0.37s).
 Average Precision  (AP) @[ IoU=0.50:0.95 | area=   all | maxDets=100 ] = 0.162
 Average Precision  (AP) @[ IoU=0.50      | area=   all | maxDets=100 ] = 0.243
 Average Precision  (AP) @[ IoU=0.75      | area=   all | maxDets=100 ] = 0.185
 Average Precision  (AP) @[ IoU=0.50:0.95 | area= small | maxDets=100 ] = 0.049
 Average Precision  (AP) @[ IoU=0.50:0.95 | area=medium | maxDets=100 ] = 0.169
 Average Precision  (AP) @[ IoU=0.50:0.95 | area= large | maxDets=100 ] = 0.247
 Average Recall     (AR) @[ IoU=0.50:0.95 | area=   all | maxDets=  1 ] = 0.183
 Average Recall     (AR) @[ IoU=0.50:0.95 | area=   all | maxDets= 10 ] = 0.238
 Average Recall     (AR) @[ IoU=0.50:0.95 | area=   all | maxDets=100 ] = 0.239
 Average Recall     (AR) @[ IoU=0.50:0.95 | area= small | maxDets=100 ] = 0.054
 Average Recall     (AR) @[ IoU=0.50:0.95 | area=medium | maxDets=100 ] = 0.222
 Average Recall     (AR) @[ IoU=0.50:0.95 | area= large | maxDets=100 ] = 0.367
sweep 137/180: alpha=2.0, beta=1.0, threshold=0.05, top_k=50, nms=0.4
creating index...
index created!
Loading and preparing results...
DONE (t=0.02s)
creating index...
index created!
Running per image evaluation...
Evaluate annotation type *bbox*
DONE (t=1.53s).
Accumulating evaluation results...
DONE (t=0.56s).
 Average Precision  (AP) @[ IoU=0.50:0.95 | area=   all | maxDets=100 ] = 0.177
 Average Precision  (AP) @[ IoU=0.50      | area=   all | maxDets=100 ] = 0.292
 Average Precision  (AP) @[ IoU=0.75      | area=   all | maxDets=100 ] = 0.187
 Average Precision  (AP) @[ IoU=0.50:0.95 | area= small | maxDets=100 ] = 0.076
 Average Precision  (AP) @[ IoU=0.50:0.95 | area=medium | maxDets=100 ] = 0.191
 Average Precision  (AP) @[ IoU=0.50:0.95 | area= large | maxDets=100 ] = 0.258
 Average Recall     (AR) @[ IoU=0.50:0.95 | area=   all | maxDets=  1 ] = 0.211
 Average Recall     (AR) @[ IoU=0.50:0.95 | area=   all | maxDets= 10 ] = 0.289
 Average Recall     (AR) @[ IoU=0.50:0.95 | area=   all | maxDets=100 ] = 0.295
 Average Recall     (AR) @[ IoU=0.50:0.95 | area= small | maxDets=100 ] = 0.110
 Average Recall     (AR) @[ IoU=0.50:0.95 | area=medium | maxDets=100 ] = 0.300
 Average Recall     (AR) @[ IoU=0.50:0.95 | area= large | maxDets=100 ] = 0.422
sweep 138/180: alpha=2.0, beta=1.0, threshold=0.05, top_k=50, nms=0.5
creating index...
index created!
Loading and preparing results...
DONE (t=0.02s)
creating index...
index created!
Running per image evaluation...
Evaluate annotation type *bbox*
DONE (t=1.57s).
Accumulating evaluation results...
DONE (t=0.57s).
 Average Precision  (AP) @[ IoU=0.50:0.95 | area=   all | maxDets=100 ] = 0.179
 Average Precision  (AP) @[ IoU=0.50      | area=   all | maxDets=100 ] = 0.290
 Average Precision  (AP) @[ IoU=0.75      | area=   all | maxDets=100 ] = 0.189
 Average Precision  (AP) @[ IoU=0.50:0.95 | area= small | maxDets=100 ] = 0.075
 Average Precision  (AP) @[ IoU=0.50:0.95 | area=medium | maxDets=100 ] = 0.194
 Average Precision  (AP) @[ IoU=0.50:0.95 | area= large | maxDets=100 ] = 0.260
 Average Recall     (AR) @[ IoU=0.50:0.95 | area=   all | maxDets=  1 ] = 0.210
 Average Recall     (AR) @[ IoU=0.50:0.95 | area=   all | maxDets= 10 ] = 0.293
 Average Recall     (AR) @[ IoU=0.50:0.95 | area=   all | maxDets=100 ] = 0.301
 Average Recall     (AR) @[ IoU=0.50:0.95 | area= small | maxDets=100 ] = 0.107
 Average Recall     (AR) @[ IoU=0.50:0.95 | area=medium | maxDets=100 ] = 0.306
 Average Recall     (AR) @[ IoU=0.50:0.95 | area= large | maxDets=100 ] = 0.434
sweep 139/180: alpha=2.0, beta=1.0, threshold=0.05, top_k=50, nms=0.6
creating index...
index created!
Loading and preparing results...
DONE (t=0.10s)
creating index...
index created!
Running per image evaluation...
Evaluate annotation type *bbox*
DONE (t=1.60s).
Accumulating evaluation results...
DONE (t=0.57s).
 Average Precision  (AP) @[ IoU=0.50:0.95 | area=   all | maxDets=100 ] = 0.179
 Average Precision  (AP) @[ IoU=0.50      | area=   all | maxDets=100 ] = 0.283
 Average Precision  (AP) @[ IoU=0.75      | area=   all | maxDets=100 ] = 0.194
 Average Precision  (AP) @[ IoU=0.50:0.95 | area= small | maxDets=100 ] = 0.075
 Average Precision  (AP) @[ IoU=0.50:0.95 | area=medium | maxDets=100 ] = 0.195
 Average Precision  (AP) @[ IoU=0.50:0.95 | area= large | maxDets=100 ] = 0.261
 Average Recall     (AR) @[ IoU=0.50:0.95 | area=   all | maxDets=  1 ] = 0.209
 Average Recall     (AR) @[ IoU=0.50:0.95 | area=   all | maxDets= 10 ] = 0.301
 Average Recall     (AR) @[ IoU=0.50:0.95 | area=   all | maxDets=100 ] = 0.309
 Average Recall     (AR) @[ IoU=0.50:0.95 | area= small | maxDets=100 ] = 0.105
 Average Recall     (AR) @[ IoU=0.50:0.95 | area=medium | maxDets=100 ] = 0.315
 Average Recall     (AR) @[ IoU=0.50:0.95 | area= large | maxDets=100 ] = 0.446
sweep 140/180: alpha=2.0, beta=1.0, threshold=0.05, top_k=50, nms=0.7
creating index...
index created!
Loading and preparing results...
DONE (t=0.02s)
creating index...
index created!
Running per image evaluation...
Evaluate annotation type *bbox*
DONE (t=1.60s).
Accumulating evaluation results...
DONE (t=0.57s).
 Average Precision  (AP) @[ IoU=0.50:0.95 | area=   all | maxDets=100 ] = 0.174
 Average Precision  (AP) @[ IoU=0.50      | area=   all | maxDets=100 ] = 0.266
 Average Precision  (AP) @[ IoU=0.75      | area=   all | maxDets=100 ] = 0.197
 Average Precision  (AP) @[ IoU=0.50:0.95 | area= small | maxDets=100 ] = 0.071
 Average Precision  (AP) @[ IoU=0.50:0.95 | area=medium | maxDets=100 ] = 0.195
 Average Precision  (AP) @[ IoU=0.50:0.95 | area= large | maxDets=100 ] = 0.257
 Average Recall     (AR) @[ IoU=0.50:0.95 | area=   all | maxDets=  1 ] = 0.206
 Average Recall     (AR) @[ IoU=0.50:0.95 | area=   all | maxDets= 10 ] = 0.300
 Average Recall     (AR) @[ IoU=0.50:0.95 | area=   all | maxDets=100 ] = 0.311
 Average Recall     (AR) @[ IoU=0.50:0.95 | area= small | maxDets=100 ] = 0.102
 Average Recall     (AR) @[ IoU=0.50:0.95 | area=medium | maxDets=100 ] = 0.318
 Average Recall     (AR) @[ IoU=0.50:0.95 | area= large | maxDets=100 ] = 0.452
sweep 141/180: alpha=2.0, beta=1.0, threshold=0.05, top_k=100, nms=0.4
creating index...
index created!
Loading and preparing results...
DONE (t=0.02s)
creating index...
index created!
Running per image evaluation...
Evaluate annotation type *bbox*
DONE (t=1.83s).
Accumulating evaluation results...
DONE (t=0.62s).
 Average Precision  (AP) @[ IoU=0.50:0.95 | area=   all | maxDets=100 ] = 0.178
 Average Precision  (AP) @[ IoU=0.50      | area=   all | maxDets=100 ] = 0.293
 Average Precision  (AP) @[ IoU=0.75      | area=   all | maxDets=100 ] = 0.187
 Average Precision  (AP) @[ IoU=0.50:0.95 | area= small | maxDets=100 ] = 0.077
 Average Precision  (AP) @[ IoU=0.50:0.95 | area=medium | maxDets=100 ] = 0.192
 Average Precision  (AP) @[ IoU=0.50:0.95 | area= large | maxDets=100 ] = 0.258
 Average Recall     (AR) @[ IoU=0.50:0.95 | area=   all | maxDets=  1 ] = 0.212
 Average Recall     (AR) @[ IoU=0.50:0.95 | area=   all | maxDets= 10 ] = 0.297
 Average Recall     (AR) @[ IoU=0.50:0.95 | area=   all | maxDets=100 ] = 0.304
 Average Recall     (AR) @[ IoU=0.50:0.95 | area= small | maxDets=100 ] = 0.118
 Average Recall     (AR) @[ IoU=0.50:0.95 | area=medium | maxDets=100 ] = 0.315
 Average Recall     (AR) @[ IoU=0.50:0.95 | area= large | maxDets=100 ] = 0.429
sweep 142/180: alpha=2.0, beta=1.0, threshold=0.05, top_k=100, nms=0.5
creating index...
index created!
Loading and preparing results...
DONE (t=0.12s)
creating index...
index created!
Running per image evaluation...
Evaluate annotation type *bbox*
DONE (t=2.01s).
Accumulating evaluation results...
DONE (t=0.65s).
 Average Precision  (AP) @[ IoU=0.50:0.95 | area=   all | maxDets=100 ] = 0.179
 Average Precision  (AP) @[ IoU=0.50      | area=   all | maxDets=100 ] = 0.292
 Average Precision  (AP) @[ IoU=0.75      | area=   all | maxDets=100 ] = 0.189
 Average Precision  (AP) @[ IoU=0.50:0.95 | area= small | maxDets=100 ] = 0.077
 Average Precision  (AP) @[ IoU=0.50:0.95 | area=medium | maxDets=100 ] = 0.195
 Average Precision  (AP) @[ IoU=0.50:0.95 | area= large | maxDets=100 ] = 0.260
 Average Recall     (AR) @[ IoU=0.50:0.95 | area=   all | maxDets=  1 ] = 0.212
 Average Recall     (AR) @[ IoU=0.50:0.95 | area=   all | maxDets= 10 ] = 0.302
 Average Recall     (AR) @[ IoU=0.50:0.95 | area=   all | maxDets=100 ] = 0.313
 Average Recall     (AR) @[ IoU=0.50:0.95 | area= small | maxDets=100 ] = 0.119
 Average Recall     (AR) @[ IoU=0.50:0.95 | area=medium | maxDets=100 ] = 0.324
 Average Recall     (AR) @[ IoU=0.50:0.95 | area= large | maxDets=100 ] = 0.442
sweep 143/180: alpha=2.0, beta=1.0, threshold=0.05, top_k=100, nms=0.6
creating index...
index created!
Loading and preparing results...
DONE (t=0.02s)
creating index...
index created!
Running per image evaluation...
Evaluate annotation type *bbox*
DONE (t=2.14s).
Accumulating evaluation results...
DONE (t=0.67s).
 Average Precision  (AP) @[ IoU=0.50:0.95 | area=   all | maxDets=100 ] = 0.180
 Average Precision  (AP) @[ IoU=0.50      | area=   all | maxDets=100 ] = 0.286
 Average Precision  (AP) @[ IoU=0.75      | area=   all | maxDets=100 ] = 0.195
 Average Precision  (AP) @[ IoU=0.50:0.95 | area= small | maxDets=100 ] = 0.078
 Average Precision  (AP) @[ IoU=0.50:0.95 | area=medium | maxDets=100 ] = 0.198
 Average Precision  (AP) @[ IoU=0.50:0.95 | area= large | maxDets=100 ] = 0.262
 Average Recall     (AR) @[ IoU=0.50:0.95 | area=   all | maxDets=  1 ] = 0.211
 Average Recall     (AR) @[ IoU=0.50:0.95 | area=   all | maxDets= 10 ] = 0.314
 Average Recall     (AR) @[ IoU=0.50:0.95 | area=   all | maxDets=100 ] = 0.327
 Average Recall     (AR) @[ IoU=0.50:0.95 | area= small | maxDets=100 ] = 0.122
 Average Recall     (AR) @[ IoU=0.50:0.95 | area=medium | maxDets=100 ] = 0.340
 Average Recall     (AR) @[ IoU=0.50:0.95 | area= large | maxDets=100 ] = 0.460
sweep 144/180: alpha=2.0, beta=1.0, threshold=0.05, top_k=100, nms=0.7
creating index...
index created!
Loading and preparing results...
DONE (t=0.03s)
creating index...
index created!
Running per image evaluation...
Evaluate annotation type *bbox*
DONE (t=2.24s).
Accumulating evaluation results...
DONE (t=0.68s).
 Average Precision  (AP) @[ IoU=0.50:0.95 | area=   all | maxDets=100 ] = 0.176
 Average Precision  (AP) @[ IoU=0.50      | area=   all | maxDets=100 ] = 0.269
 Average Precision  (AP) @[ IoU=0.75      | area=   all | maxDets=100 ] = 0.199
 Average Precision  (AP) @[ IoU=0.50:0.95 | area= small | maxDets=100 ] = 0.077
 Average Precision  (AP) @[ IoU=0.50:0.95 | area=medium | maxDets=100 ] = 0.198
 Average Precision  (AP) @[ IoU=0.50:0.95 | area= large | maxDets=100 ] = 0.257
 Average Recall     (AR) @[ IoU=0.50:0.95 | area=   all | maxDets=  1 ] = 0.211
 Average Recall     (AR) @[ IoU=0.50:0.95 | area=   all | maxDets= 10 ] = 0.317
 Average Recall     (AR) @[ IoU=0.50:0.95 | area=   all | maxDets=100 ] = 0.336
 Average Recall     (AR) @[ IoU=0.50:0.95 | area= small | maxDets=100 ] = 0.124
 Average Recall     (AR) @[ IoU=0.50:0.95 | area=medium | maxDets=100 ] = 0.349
 Average Recall     (AR) @[ IoU=0.50:0.95 | area= large | maxDets=100 ] = 0.472
sweep 145/180: alpha=2.0, beta=1.0, threshold=0.1, top_k=12, nms=0.4
creating index...
index created!
Loading and preparing results...
DONE (t=0.01s)
creating index...
index created!
Running per image evaluation...
Evaluate annotation type *bbox*
DONE (t=0.86s).
Accumulating evaluation results...
DONE (t=0.38s).
 Average Precision  (AP) @[ IoU=0.50:0.95 | area=   all | maxDets=100 ] = 0.169
 Average Precision  (AP) @[ IoU=0.50      | area=   all | maxDets=100 ] = 0.271
 Average Precision  (AP) @[ IoU=0.75      | area=   all | maxDets=100 ] = 0.180
 Average Precision  (AP) @[ IoU=0.50:0.95 | area= small | maxDets=100 ] = 0.059
 Average Precision  (AP) @[ IoU=0.50:0.95 | area=medium | maxDets=100 ] = 0.179
 Average Precision  (AP) @[ IoU=0.50:0.95 | area= large | maxDets=100 ] = 0.252
 Average Recall     (AR) @[ IoU=0.50:0.95 | area=   all | maxDets=  1 ] = 0.195
 Average Recall     (AR) @[ IoU=0.50:0.95 | area=   all | maxDets= 10 ] = 0.245
 Average Recall     (AR) @[ IoU=0.50:0.95 | area=   all | maxDets=100 ] = 0.245
 Average Recall     (AR) @[ IoU=0.50:0.95 | area= small | maxDets=100 ] = 0.071
 Average Recall     (AR) @[ IoU=0.50:0.95 | area=medium | maxDets=100 ] = 0.240
 Average Recall     (AR) @[ IoU=0.50:0.95 | area= large | maxDets=100 ] = 0.363
sweep 146/180: alpha=2.0, beta=1.0, threshold=0.1, top_k=12, nms=0.5
creating index...
index created!
Loading and preparing results...
DONE (t=0.01s)
creating index...
index created!
Running per image evaluation...
Evaluate annotation type *bbox*
DONE (t=0.88s).
Accumulating evaluation results...
DONE (t=0.38s).
 Average Precision  (AP) @[ IoU=0.50:0.95 | area=   all | maxDets=100 ] = 0.169
 Average Precision  (AP) @[ IoU=0.50      | area=   all | maxDets=100 ] = 0.269
 Average Precision  (AP) @[ IoU=0.75      | area=   all | maxDets=100 ] = 0.182
 Average Precision  (AP) @[ IoU=0.50:0.95 | area= small | maxDets=100 ] = 0.057
 Average Precision  (AP) @[ IoU=0.50:0.95 | area=medium | maxDets=100 ] = 0.179
 Average Precision  (AP) @[ IoU=0.50:0.95 | area= large | maxDets=100 ] = 0.253
 Average Recall     (AR) @[ IoU=0.50:0.95 | area=   all | maxDets=  1 ] = 0.194
 Average Recall     (AR) @[ IoU=0.50:0.95 | area=   all | maxDets= 10 ] = 0.245
 Average Recall     (AR) @[ IoU=0.50:0.95 | area=   all | maxDets=100 ] = 0.245
 Average Recall     (AR) @[ IoU=0.50:0.95 | area= small | maxDets=100 ] = 0.067
 Average Recall     (AR) @[ IoU=0.50:0.95 | area=medium | maxDets=100 ] = 0.236
 Average Recall     (AR) @[ IoU=0.50:0.95 | area= large | maxDets=100 ] = 0.369
sweep 147/180: alpha=2.0, beta=1.0, threshold=0.1, top_k=12, nms=0.6
creating index...
index created!
Loading and preparing results...
DONE (t=0.01s)
creating index...
index created!
Running per image evaluation...
Evaluate annotation type *bbox*
DONE (t=0.88s).
Accumulating evaluation results...
DONE (t=0.38s).
 Average Precision  (AP) @[ IoU=0.50:0.95 | area=   all | maxDets=100 ] = 0.168
 Average Precision  (AP) @[ IoU=0.50      | area=   all | maxDets=100 ] = 0.262
 Average Precision  (AP) @[ IoU=0.75      | area=   all | maxDets=100 ] = 0.183
 Average Precision  (AP) @[ IoU=0.50:0.95 | area= small | maxDets=100 ] = 0.054
 Average Precision  (AP) @[ IoU=0.50:0.95 | area=medium | maxDets=100 ] = 0.177
 Average Precision  (AP) @[ IoU=0.50:0.95 | area= large | maxDets=100 ] = 0.253
 Average Recall     (AR) @[ IoU=0.50:0.95 | area=   all | maxDets=  1 ] = 0.191
 Average Recall     (AR) @[ IoU=0.50:0.95 | area=   all | maxDets= 10 ] = 0.243
 Average Recall     (AR) @[ IoU=0.50:0.95 | area=   all | maxDets=100 ] = 0.243
 Average Recall     (AR) @[ IoU=0.50:0.95 | area= small | maxDets=100 ] = 0.059
 Average Recall     (AR) @[ IoU=0.50:0.95 | area=medium | maxDets=100 ] = 0.231
 Average Recall     (AR) @[ IoU=0.50:0.95 | area= large | maxDets=100 ] = 0.371
sweep 148/180: alpha=2.0, beta=1.0, threshold=0.1, top_k=12, nms=0.7
creating index...
index created!
Loading and preparing results...
DONE (t=0.01s)
creating index...
index created!
Running per image evaluation...
Evaluate annotation type *bbox*
DONE (t=0.77s).
Accumulating evaluation results...
DONE (t=0.36s).
 Average Precision  (AP) @[ IoU=0.50:0.95 | area=   all | maxDets=100 ] = 0.162
 Average Precision  (AP) @[ IoU=0.50      | area=   all | maxDets=100 ] = 0.243
 Average Precision  (AP) @[ IoU=0.75      | area=   all | maxDets=100 ] = 0.185
 Average Precision  (AP) @[ IoU=0.50:0.95 | area= small | maxDets=100 ] = 0.049
 Average Precision  (AP) @[ IoU=0.50:0.95 | area=medium | maxDets=100 ] = 0.168
 Average Precision  (AP) @[ IoU=0.50:0.95 | area= large | maxDets=100 ] = 0.247
 Average Recall     (AR) @[ IoU=0.50:0.95 | area=   all | maxDets=  1 ] = 0.183
 Average Recall     (AR) @[ IoU=0.50:0.95 | area=   all | maxDets= 10 ] = 0.238
 Average Recall     (AR) @[ IoU=0.50:0.95 | area=   all | maxDets=100 ] = 0.238
 Average Recall     (AR) @[ IoU=0.50:0.95 | area= small | maxDets=100 ] = 0.054
 Average Recall     (AR) @[ IoU=0.50:0.95 | area=medium | maxDets=100 ] = 0.220
 Average Recall     (AR) @[ IoU=0.50:0.95 | area= large | maxDets=100 ] = 0.367
sweep 149/180: alpha=2.0, beta=1.0, threshold=0.1, top_k=50, nms=0.4
creating index...
index created!
Loading and preparing results...
DONE (t=0.09s)
creating index...
index created!
Running per image evaluation...
Evaluate annotation type *bbox*
DONE (t=1.36s).
Accumulating evaluation results...
DONE (t=0.50s).
 Average Precision  (AP) @[ IoU=0.50:0.95 | area=   all | maxDets=100 ] = 0.176
 Average Precision  (AP) @[ IoU=0.50      | area=   all | maxDets=100 ] = 0.289
 Average Precision  (AP) @[ IoU=0.75      | area=   all | maxDets=100 ] = 0.186
 Average Precision  (AP) @[ IoU=0.50:0.95 | area= small | maxDets=100 ] = 0.075
 Average Precision  (AP) @[ IoU=0.50:0.95 | area=medium | maxDets=100 ] = 0.190
 Average Precision  (AP) @[ IoU=0.50:0.95 | area= large | maxDets=100 ] = 0.257
 Average Recall     (AR) @[ IoU=0.50:0.95 | area=   all | maxDets=  1 ] = 0.208
 Average Recall     (AR) @[ IoU=0.50:0.95 | area=   all | maxDets= 10 ] = 0.280
 Average Recall     (AR) @[ IoU=0.50:0.95 | area=   all | maxDets=100 ] = 0.286
 Average Recall     (AR) @[ IoU=0.50:0.95 | area= small | maxDets=100 ] = 0.103
 Average Recall     (AR) @[ IoU=0.50:0.95 | area=medium | maxDets=100 ] = 0.291
 Average Recall     (AR) @[ IoU=0.50:0.95 | area= large | maxDets=100 ] = 0.406
sweep 150/180: alpha=2.0, beta=1.0, threshold=0.1, top_k=50, nms=0.5
creating index...
index created!
Loading and preparing results...
DONE (t=0.01s)
creating index...
index created!
Running per image evaluation...
Evaluate annotation type *bbox*
DONE (t=1.41s).
Accumulating evaluation results...
DONE (t=0.51s).
 Average Precision  (AP) @[ IoU=0.50:0.95 | area=   all | maxDets=100 ] = 0.178
 Average Precision  (AP) @[ IoU=0.50      | area=   all | maxDets=100 ] = 0.288
 Average Precision  (AP) @[ IoU=0.75      | area=   all | maxDets=100 ] = 0.188
 Average Precision  (AP) @[ IoU=0.50:0.95 | area= small | maxDets=100 ] = 0.074
 Average Precision  (AP) @[ IoU=0.50:0.95 | area=medium | maxDets=100 ] = 0.193
 Average Precision  (AP) @[ IoU=0.50:0.95 | area= large | maxDets=100 ] = 0.258
 Average Recall     (AR) @[ IoU=0.50:0.95 | area=   all | maxDets=  1 ] = 0.207
 Average Recall     (AR) @[ IoU=0.50:0.95 | area=   all | maxDets= 10 ] = 0.285
 Average Recall     (AR) @[ IoU=0.50:0.95 | area=   all | maxDets=100 ] = 0.292
 Average Recall     (AR) @[ IoU=0.50:0.95 | area= small | maxDets=100 ] = 0.101
 Average Recall     (AR) @[ IoU=0.50:0.95 | area=medium | maxDets=100 ] = 0.299
 Average Recall     (AR) @[ IoU=0.50:0.95 | area= large | maxDets=100 ] = 0.417
sweep 151/180: alpha=2.0, beta=1.0, threshold=0.1, top_k=50, nms=0.6
creating index...
index created!
Loading and preparing results...
DONE (t=0.01s)
creating index...
index created!
Running per image evaluation...
Evaluate annotation type *bbox*
DONE (t=1.45s).
Accumulating evaluation results...
DONE (t=0.51s).
 Average Precision  (AP) @[ IoU=0.50:0.95 | area=   all | maxDets=100 ] = 0.178
 Average Precision  (AP) @[ IoU=0.50      | area=   all | maxDets=100 ] = 0.282
 Average Precision  (AP) @[ IoU=0.75      | area=   all | maxDets=100 ] = 0.193
 Average Precision  (AP) @[ IoU=0.50:0.95 | area= small | maxDets=100 ] = 0.073
 Average Precision  (AP) @[ IoU=0.50:0.95 | area=medium | maxDets=100 ] = 0.195
 Average Precision  (AP) @[ IoU=0.50:0.95 | area= large | maxDets=100 ] = 0.260
 Average Recall     (AR) @[ IoU=0.50:0.95 | area=   all | maxDets=  1 ] = 0.206
 Average Recall     (AR) @[ IoU=0.50:0.95 | area=   all | maxDets= 10 ] = 0.294
 Average Recall     (AR) @[ IoU=0.50:0.95 | area=   all | maxDets=100 ] = 0.302
 Average Recall     (AR) @[ IoU=0.50:0.95 | area= small | maxDets=100 ] = 0.100
 Average Recall     (AR) @[ IoU=0.50:0.95 | area=medium | maxDets=100 ] = 0.310
 Average Recall     (AR) @[ IoU=0.50:0.95 | area= large | maxDets=100 ] = 0.430
sweep 152/180: alpha=2.0, beta=1.0, threshold=0.1, top_k=50, nms=0.7
creating index...
index created!
Loading and preparing results...
DONE (t=0.11s)
creating index...
index created!
Running per image evaluation...
Evaluate annotation type *bbox*
DONE (t=1.54s).
Accumulating evaluation results...
DONE (t=0.52s).
 Average Precision  (AP) @[ IoU=0.50:0.95 | area=   all | maxDets=100 ] = 0.174
 Average Precision  (AP) @[ IoU=0.50      | area=   all | maxDets=100 ] = 0.265
 Average Precision  (AP) @[ IoU=0.75      | area=   all | maxDets=100 ] = 0.197
 Average Precision  (AP) @[ IoU=0.50:0.95 | area= small | maxDets=100 ] = 0.070
 Average Precision  (AP) @[ IoU=0.50:0.95 | area=medium | maxDets=100 ] = 0.194
 Average Precision  (AP) @[ IoU=0.50:0.95 | area= large | maxDets=100 ] = 0.256
 Average Recall     (AR) @[ IoU=0.50:0.95 | area=   all | maxDets=  1 ] = 0.203
 Average Recall     (AR) @[ IoU=0.50:0.95 | area=   all | maxDets= 10 ] = 0.295
 Average Recall     (AR) @[ IoU=0.50:0.95 | area=   all | maxDets=100 ] = 0.306
 Average Recall     (AR) @[ IoU=0.50:0.95 | area= small | maxDets=100 ] = 0.099
 Average Recall     (AR) @[ IoU=0.50:0.95 | area=medium | maxDets=100 ] = 0.313
 Average Recall     (AR) @[ IoU=0.50:0.95 | area= large | maxDets=100 ] = 0.439
sweep 153/180: alpha=2.0, beta=1.0, threshold=0.1, top_k=100, nms=0.4
creating index...
index created!
Loading and preparing results...
DONE (t=0.01s)
creating index...
index created!
Running per image evaluation...
Evaluate annotation type *bbox*
DONE (t=1.51s).
Accumulating evaluation results...
DONE (t=0.51s).
 Average Precision  (AP) @[ IoU=0.50:0.95 | area=   all | maxDets=100 ] = 0.177
 Average Precision  (AP) @[ IoU=0.50      | area=   all | maxDets=100 ] = 0.290
 Average Precision  (AP) @[ IoU=0.75      | area=   all | maxDets=100 ] = 0.186
 Average Precision  (AP) @[ IoU=0.50:0.95 | area= small | maxDets=100 ] = 0.075
 Average Precision  (AP) @[ IoU=0.50:0.95 | area=medium | maxDets=100 ] = 0.190
 Average Precision  (AP) @[ IoU=0.50:0.95 | area= large | maxDets=100 ] = 0.256
 Average Recall     (AR) @[ IoU=0.50:0.95 | area=   all | maxDets=  1 ] = 0.208
 Average Recall     (AR) @[ IoU=0.50:0.95 | area=   all | maxDets= 10 ] = 0.283
 Average Recall     (AR) @[ IoU=0.50:0.95 | area=   all | maxDets=100 ] = 0.289
 Average Recall     (AR) @[ IoU=0.50:0.95 | area= small | maxDets=100 ] = 0.105
 Average Recall     (AR) @[ IoU=0.50:0.95 | area=medium | maxDets=100 ] = 0.297
 Average Recall     (AR) @[ IoU=0.50:0.95 | area= large | maxDets=100 ] = 0.406
sweep 154/180: alpha=2.0, beta=1.0, threshold=0.1, top_k=100, nms=0.5
creating index...
index created!
Loading and preparing results...
DONE (t=0.02s)
creating index...
index created!
Running per image evaluation...
Evaluate annotation type *bbox*
DONE (t=1.62s).
Accumulating evaluation results...
DONE (t=0.53s).
 Average Precision  (AP) @[ IoU=0.50:0.95 | area=   all | maxDets=100 ] = 0.178
 Average Precision  (AP) @[ IoU=0.50      | area=   all | maxDets=100 ] = 0.290
 Average Precision  (AP) @[ IoU=0.75      | area=   all | maxDets=100 ] = 0.189
 Average Precision  (AP) @[ IoU=0.50:0.95 | area= small | maxDets=100 ] = 0.075
 Average Precision  (AP) @[ IoU=0.50:0.95 | area=medium | maxDets=100 ] = 0.194
 Average Precision  (AP) @[ IoU=0.50:0.95 | area= large | maxDets=100 ] = 0.258
 Average Recall     (AR) @[ IoU=0.50:0.95 | area=   all | maxDets=  1 ] = 0.208
 Average Recall     (AR) @[ IoU=0.50:0.95 | area=   all | maxDets= 10 ] = 0.289
 Average Recall     (AR) @[ IoU=0.50:0.95 | area=   all | maxDets=100 ] = 0.298
 Average Recall     (AR) @[ IoU=0.50:0.95 | area= small | maxDets=100 ] = 0.107
 Average Recall     (AR) @[ IoU=0.50:0.95 | area=medium | maxDets=100 ] = 0.308
 Average Recall     (AR) @[ IoU=0.50:0.95 | area= large | maxDets=100 ] = 0.418
sweep 155/180: alpha=2.0, beta=1.0, threshold=0.1, top_k=100, nms=0.6
creating index...
index created!
Loading and preparing results...
DONE (t=0.02s)
creating index...
index created!
Running per image evaluation...
Evaluate annotation type *bbox*
DONE (t=1.77s).
Accumulating evaluation results...
DONE (t=0.55s).
 Average Precision  (AP) @[ IoU=0.50:0.95 | area=   all | maxDets=100 ] = 0.179
 Average Precision  (AP) @[ IoU=0.50      | area=   all | maxDets=100 ] = 0.284
 Average Precision  (AP) @[ IoU=0.75      | area=   all | maxDets=100 ] = 0.194
 Average Precision  (AP) @[ IoU=0.50:0.95 | area= small | maxDets=100 ] = 0.076
 Average Precision  (AP) @[ IoU=0.50:0.95 | area=medium | maxDets=100 ] = 0.196
 Average Precision  (AP) @[ IoU=0.50:0.95 | area= large | maxDets=100 ] = 0.260
 Average Recall     (AR) @[ IoU=0.50:0.95 | area=   all | maxDets=  1 ] = 0.208
 Average Recall     (AR) @[ IoU=0.50:0.95 | area=   all | maxDets= 10 ] = 0.302
 Average Recall     (AR) @[ IoU=0.50:0.95 | area=   all | maxDets=100 ] = 0.313
 Average Recall     (AR) @[ IoU=0.50:0.95 | area= small | maxDets=100 ] = 0.111
 Average Recall     (AR) @[ IoU=0.50:0.95 | area=medium | maxDets=100 ] = 0.326
 Average Recall     (AR) @[ IoU=0.50:0.95 | area= large | maxDets=100 ] = 0.437
sweep 156/180: alpha=2.0, beta=1.0, threshold=0.1, top_k=100, nms=0.7
creating index...
index created!
Loading and preparing results...
DONE (t=0.02s)
creating index...
index created!
Running per image evaluation...
Evaluate annotation type *bbox*
DONE (t=1.95s).
Accumulating evaluation results...
DONE (t=0.58s).
 Average Precision  (AP) @[ IoU=0.50:0.95 | area=   all | maxDets=100 ] = 0.175
 Average Precision  (AP) @[ IoU=0.50      | area=   all | maxDets=100 ] = 0.268
 Average Precision  (AP) @[ IoU=0.75      | area=   all | maxDets=100 ] = 0.198
 Average Precision  (AP) @[ IoU=0.50:0.95 | area= small | maxDets=100 ] = 0.075
 Average Precision  (AP) @[ IoU=0.50:0.95 | area=medium | maxDets=100 ] = 0.197
 Average Precision  (AP) @[ IoU=0.50:0.95 | area= large | maxDets=100 ] = 0.256
 Average Recall     (AR) @[ IoU=0.50:0.95 | area=   all | maxDets=  1 ] = 0.208
 Average Recall     (AR) @[ IoU=0.50:0.95 | area=   all | maxDets= 10 ] = 0.306
 Average Recall     (AR) @[ IoU=0.50:0.95 | area=   all | maxDets=100 ] = 0.323
 Average Recall     (AR) @[ IoU=0.50:0.95 | area= small | maxDets=100 ] = 0.115
 Average Recall     (AR) @[ IoU=0.50:0.95 | area=medium | maxDets=100 ] = 0.336
 Average Recall     (AR) @[ IoU=0.50:0.95 | area= large | maxDets=100 ] = 0.449
sweep 157/180: alpha=2.0, beta=1.0, threshold=0.2, top_k=12, nms=0.4
creating index...
index created!
Loading and preparing results...
DONE (t=0.00s)
creating index...
index created!
Running per image evaluation...
Evaluate annotation type *bbox*
DONE (t=0.82s).
Accumulating evaluation results...
DONE (t=0.36s).
 Average Precision  (AP) @[ IoU=0.50:0.95 | area=   all | maxDets=100 ] = 0.167
 Average Precision  (AP) @[ IoU=0.50      | area=   all | maxDets=100 ] = 0.268
 Average Precision  (AP) @[ IoU=0.75      | area=   all | maxDets=100 ] = 0.179
 Average Precision  (AP) @[ IoU=0.50:0.95 | area= small | maxDets=100 ] = 0.058
 Average Precision  (AP) @[ IoU=0.50:0.95 | area=medium | maxDets=100 ] = 0.178
 Average Precision  (AP) @[ IoU=0.50:0.95 | area= large | maxDets=100 ] = 0.248
 Average Recall     (AR) @[ IoU=0.50:0.95 | area=   all | maxDets=  1 ] = 0.191
 Average Recall     (AR) @[ IoU=0.50:0.95 | area=   all | maxDets= 10 ] = 0.239
 Average Recall     (AR) @[ IoU=0.50:0.95 | area=   all | maxDets=100 ] = 0.239
 Average Recall     (AR) @[ IoU=0.50:0.95 | area= small | maxDets=100 ] = 0.070
 Average Recall     (AR) @[ IoU=0.50:0.95 | area=medium | maxDets=100 ] = 0.232
 Average Recall     (AR) @[ IoU=0.50:0.95 | area= large | maxDets=100 ] = 0.353
sweep 158/180: alpha=2.0, beta=1.0, threshold=0.2, top_k=12, nms=0.5
creating index...
index created!
Loading and preparing results...
DONE (t=0.01s)
creating index...
index created!
Running per image evaluation...
Evaluate annotation type *bbox*
DONE (t=0.83s).
Accumulating evaluation results...
DONE (t=0.36s).
 Average Precision  (AP) @[ IoU=0.50:0.95 | area=   all | maxDets=100 ] = 0.168
 Average Precision  (AP) @[ IoU=0.50      | area=   all | maxDets=100 ] = 0.266
 Average Precision  (AP) @[ IoU=0.75      | area=   all | maxDets=100 ] = 0.181
 Average Precision  (AP) @[ IoU=0.50:0.95 | area= small | maxDets=100 ] = 0.056
 Average Precision  (AP) @[ IoU=0.50:0.95 | area=medium | maxDets=100 ] = 0.178
 Average Precision  (AP) @[ IoU=0.50:0.95 | area= large | maxDets=100 ] = 0.249
 Average Recall     (AR) @[ IoU=0.50:0.95 | area=   all | maxDets=  1 ] = 0.190
 Average Recall     (AR) @[ IoU=0.50:0.95 | area=   all | maxDets= 10 ] = 0.240
 Average Recall     (AR) @[ IoU=0.50:0.95 | area=   all | maxDets=100 ] = 0.240
 Average Recall     (AR) @[ IoU=0.50:0.95 | area= small | maxDets=100 ] = 0.066
 Average Recall     (AR) @[ IoU=0.50:0.95 | area=medium | maxDets=100 ] = 0.231
 Average Recall     (AR) @[ IoU=0.50:0.95 | area= large | maxDets=100 ] = 0.357
sweep 159/180: alpha=2.0, beta=1.0, threshold=0.2, top_k=12, nms=0.6
creating index...
index created!
Loading and preparing results...
DONE (t=0.01s)
creating index...
index created!
Running per image evaluation...
Evaluate annotation type *bbox*
DONE (t=0.85s).
Accumulating evaluation results...
DONE (t=0.36s).
 Average Precision  (AP) @[ IoU=0.50:0.95 | area=   all | maxDets=100 ] = 0.167
 Average Precision  (AP) @[ IoU=0.50      | area=   all | maxDets=100 ] = 0.259
 Average Precision  (AP) @[ IoU=0.75      | area=   all | maxDets=100 ] = 0.182
 Average Precision  (AP) @[ IoU=0.50:0.95 | area= small | maxDets=100 ] = 0.053
 Average Precision  (AP) @[ IoU=0.50:0.95 | area=medium | maxDets=100 ] = 0.177
 Average Precision  (AP) @[ IoU=0.50:0.95 | area= large | maxDets=100 ] = 0.250
 Average Recall     (AR) @[ IoU=0.50:0.95 | area=   all | maxDets=  1 ] = 0.189
 Average Recall     (AR) @[ IoU=0.50:0.95 | area=   all | maxDets= 10 ] = 0.239
 Average Recall     (AR) @[ IoU=0.50:0.95 | area=   all | maxDets=100 ] = 0.239
 Average Recall     (AR) @[ IoU=0.50:0.95 | area= small | maxDets=100 ] = 0.058
 Average Recall     (AR) @[ IoU=0.50:0.95 | area=medium | maxDets=100 ] = 0.227
 Average Recall     (AR) @[ IoU=0.50:0.95 | area= large | maxDets=100 ] = 0.360
sweep 160/180: alpha=2.0, beta=1.0, threshold=0.2, top_k=12, nms=0.7
creating index...
index created!
Loading and preparing results...
DONE (t=0.01s)
creating index...
index created!
Running per image evaluation...
Evaluate annotation type *bbox*
DONE (t=0.84s).
Accumulating evaluation results...
DONE (t=0.36s).
 Average Precision  (AP) @[ IoU=0.50:0.95 | area=   all | maxDets=100 ] = 0.162
 Average Precision  (AP) @[ IoU=0.50      | area=   all | maxDets=100 ] = 0.242
 Average Precision  (AP) @[ IoU=0.75      | area=   all | maxDets=100 ] = 0.184
 Average Precision  (AP) @[ IoU=0.50:0.95 | area= small | maxDets=100 ] = 0.049
 Average Precision  (AP) @[ IoU=0.50:0.95 | area=medium | maxDets=100 ] = 0.168
 Average Precision  (AP) @[ IoU=0.50:0.95 | area= large | maxDets=100 ] = 0.247
 Average Recall     (AR) @[ IoU=0.50:0.95 | area=   all | maxDets=  1 ] = 0.182
 Average Recall     (AR) @[ IoU=0.50:0.95 | area=   all | maxDets= 10 ] = 0.236
 Average Recall     (AR) @[ IoU=0.50:0.95 | area=   all | maxDets=100 ] = 0.236
 Average Recall     (AR) @[ IoU=0.50:0.95 | area= small | maxDets=100 ] = 0.053
 Average Recall     (AR) @[ IoU=0.50:0.95 | area=medium | maxDets=100 ] = 0.216
 Average Recall     (AR) @[ IoU=0.50:0.95 | area= large | maxDets=100 ] = 0.364
sweep 161/180: alpha=2.0, beta=1.0, threshold=0.2, top_k=50, nms=0.4
creating index...
index created!
Loading and preparing results...
DONE (t=0.01s)
creating index...
index created!
Running per image evaluation...
Evaluate annotation type *bbox*
DONE (t=0.96s).
Accumulating evaluation results...
DONE (t=0.40s).
 Average Precision  (AP) @[ IoU=0.50:0.95 | area=   all | maxDets=100 ] = 0.173
 Average Precision  (AP) @[ IoU=0.50      | area=   all | maxDets=100 ] = 0.281
 Average Precision  (AP) @[ IoU=0.75      | area=   all | maxDets=100 ] = 0.184
 Average Precision  (AP) @[ IoU=0.50:0.95 | area= small | maxDets=100 ] = 0.069
 Average Precision  (AP) @[ IoU=0.50:0.95 | area=medium | maxDets=100 ] = 0.187
 Average Precision  (AP) @[ IoU=0.50:0.95 | area= large | maxDets=100 ] = 0.252
 Average Recall     (AR) @[ IoU=0.50:0.95 | area=   all | maxDets=  1 ] = 0.198
 Average Recall     (AR) @[ IoU=0.50:0.95 | area=   all | maxDets= 10 ] = 0.260
 Average Recall     (AR) @[ IoU=0.50:0.95 | area=   all | maxDets=100 ] = 0.264
 Average Recall     (AR) @[ IoU=0.50:0.95 | area= small | maxDets=100 ] = 0.087
 Average Recall     (AR) @[ IoU=0.50:0.95 | area=medium | maxDets=100 ] = 0.265
 Average Recall     (AR) @[ IoU=0.50:0.95 | area= large | maxDets=100 ] = 0.378
sweep 162/180: alpha=2.0, beta=1.0, threshold=0.2, top_k=50, nms=0.5
creating index...
index created!
Loading and preparing results...
DONE (t=0.01s)
creating index...
index created!
Running per image evaluation...
Evaluate annotation type *bbox*
DONE (t=1.11s).
Accumulating evaluation results...
DONE (t=0.40s).
 Average Precision  (AP) @[ IoU=0.50:0.95 | area=   all | maxDets=100 ] = 0.175
 Average Precision  (AP) @[ IoU=0.50      | area=   all | maxDets=100 ] = 0.281
 Average Precision  (AP) @[ IoU=0.75      | area=   all | maxDets=100 ] = 0.186
 Average Precision  (AP) @[ IoU=0.50:0.95 | area= small | maxDets=100 ] = 0.069
 Average Precision  (AP) @[ IoU=0.50:0.95 | area=medium | maxDets=100 ] = 0.189
 Average Precision  (AP) @[ IoU=0.50:0.95 | area= large | maxDets=100 ] = 0.254
 Average Recall     (AR) @[ IoU=0.50:0.95 | area=   all | maxDets=  1 ] = 0.198
 Average Recall     (AR) @[ IoU=0.50:0.95 | area=   all | maxDets= 10 ] = 0.264
 Average Recall     (AR) @[ IoU=0.50:0.95 | area=   all | maxDets=100 ] = 0.270
 Average Recall     (AR) @[ IoU=0.50:0.95 | area= small | maxDets=100 ] = 0.087
 Average Recall     (AR) @[ IoU=0.50:0.95 | area=medium | maxDets=100 ] = 0.271
 Average Recall     (AR) @[ IoU=0.50:0.95 | area= large | maxDets=100 ] = 0.385
sweep 163/180: alpha=2.0, beta=1.0, threshold=0.2, top_k=50, nms=0.6
creating index...
index created!
Loading and preparing results...
DONE (t=0.01s)
creating index...
index created!
Running per image evaluation...
Evaluate annotation type *bbox*
DONE (t=1.17s).
Accumulating evaluation results...
DONE (t=0.42s).
 Average Precision  (AP) @[ IoU=0.50:0.95 | area=   all | maxDets=100 ] = 0.175
 Average Precision  (AP) @[ IoU=0.50      | area=   all | maxDets=100 ] = 0.276
 Average Precision  (AP) @[ IoU=0.75      | area=   all | maxDets=100 ] = 0.190
 Average Precision  (AP) @[ IoU=0.50:0.95 | area= small | maxDets=100 ] = 0.069
 Average Precision  (AP) @[ IoU=0.50:0.95 | area=medium | maxDets=100 ] = 0.190
 Average Precision  (AP) @[ IoU=0.50:0.95 | area= large | maxDets=100 ] = 0.256
 Average Recall     (AR) @[ IoU=0.50:0.95 | area=   all | maxDets=  1 ] = 0.198
 Average Recall     (AR) @[ IoU=0.50:0.95 | area=   all | maxDets= 10 ] = 0.271
 Average Recall     (AR) @[ IoU=0.50:0.95 | area=   all | maxDets=100 ] = 0.278
 Average Recall     (AR) @[ IoU=0.50:0.95 | area= small | maxDets=100 ] = 0.088
 Average Recall     (AR) @[ IoU=0.50:0.95 | area=medium | maxDets=100 ] = 0.279
 Average Recall     (AR) @[ IoU=0.50:0.95 | area= large | maxDets=100 ] = 0.399
sweep 164/180: alpha=2.0, beta=1.0, threshold=0.2, top_k=50, nms=0.7
creating index...
index created!
Loading and preparing results...
DONE (t=0.01s)
creating index...
index created!
Running per image evaluation...
Evaluate annotation type *bbox*
DONE (t=1.27s).
Accumulating evaluation results...
DONE (t=0.43s).
 Average Precision  (AP) @[ IoU=0.50:0.95 | area=   all | maxDets=100 ] = 0.172
 Average Precision  (AP) @[ IoU=0.50      | area=   all | maxDets=100 ] = 0.261
 Average Precision  (AP) @[ IoU=0.75      | area=   all | maxDets=100 ] = 0.194
 Average Precision  (AP) @[ IoU=0.50:0.95 | area= small | maxDets=100 ] = 0.066
 Average Precision  (AP) @[ IoU=0.50:0.95 | area=medium | maxDets=100 ] = 0.190
 Average Precision  (AP) @[ IoU=0.50:0.95 | area= large | maxDets=100 ] = 0.253
 Average Recall     (AR) @[ IoU=0.50:0.95 | area=   all | maxDets=  1 ] = 0.196
 Average Recall     (AR) @[ IoU=0.50:0.95 | area=   all | maxDets= 10 ] = 0.277
 Average Recall     (AR) @[ IoU=0.50:0.95 | area=   all | maxDets=100 ] = 0.287
 Average Recall     (AR) @[ IoU=0.50:0.95 | area= small | maxDets=100 ] = 0.088
 Average Recall     (AR) @[ IoU=0.50:0.95 | area=medium | maxDets=100 ] = 0.289
 Average Recall     (AR) @[ IoU=0.50:0.95 | area= large | maxDets=100 ] = 0.413
sweep 165/180: alpha=2.0, beta=1.0, threshold=0.2, top_k=100, nms=0.4
creating index...
index created!
Loading and preparing results...
DONE (t=0.01s)
creating index...
index created!
Running per image evaluation...
Evaluate annotation type *bbox*
DONE (t=1.06s).
Accumulating evaluation results...
DONE (t=0.40s).
 Average Precision  (AP) @[ IoU=0.50:0.95 | area=   all | maxDets=100 ] = 0.173
 Average Precision  (AP) @[ IoU=0.50      | area=   all | maxDets=100 ] = 0.281
 Average Precision  (AP) @[ IoU=0.75      | area=   all | maxDets=100 ] = 0.184
 Average Precision  (AP) @[ IoU=0.50:0.95 | area= small | maxDets=100 ] = 0.069
 Average Precision  (AP) @[ IoU=0.50:0.95 | area=medium | maxDets=100 ] = 0.187
 Average Precision  (AP) @[ IoU=0.50:0.95 | area= large | maxDets=100 ] = 0.252
 Average Recall     (AR) @[ IoU=0.50:0.95 | area=   all | maxDets=  1 ] = 0.198
 Average Recall     (AR) @[ IoU=0.50:0.95 | area=   all | maxDets= 10 ] = 0.260
 Average Recall     (AR) @[ IoU=0.50:0.95 | area=   all | maxDets=100 ] = 0.265
 Average Recall     (AR) @[ IoU=0.50:0.95 | area= small | maxDets=100 ] = 0.088
 Average Recall     (AR) @[ IoU=0.50:0.95 | area=medium | maxDets=100 ] = 0.266
 Average Recall     (AR) @[ IoU=0.50:0.95 | area= large | maxDets=100 ] = 0.378
sweep 166/180: alpha=2.0, beta=1.0, threshold=0.2, top_k=100, nms=0.5
creating index...
index created!
Loading and preparing results...
DONE (t=0.01s)
creating index...
index created!
Running per image evaluation...
Evaluate annotation type *bbox*
DONE (t=1.16s).
Accumulating evaluation results...
DONE (t=0.41s).
 Average Precision  (AP) @[ IoU=0.50:0.95 | area=   all | maxDets=100 ] = 0.175
 Average Precision  (AP) @[ IoU=0.50      | area=   all | maxDets=100 ] = 0.281
 Average Precision  (AP) @[ IoU=0.75      | area=   all | maxDets=100 ] = 0.186
 Average Precision  (AP) @[ IoU=0.50:0.95 | area= small | maxDets=100 ] = 0.069
 Average Precision  (AP) @[ IoU=0.50:0.95 | area=medium | maxDets=100 ] = 0.190
 Average Precision  (AP) @[ IoU=0.50:0.95 | area= large | maxDets=100 ] = 0.253
 Average Recall     (AR) @[ IoU=0.50:0.95 | area=   all | maxDets=  1 ] = 0.198
 Average Recall     (AR) @[ IoU=0.50:0.95 | area=   all | maxDets= 10 ] = 0.265
 Average Recall     (AR) @[ IoU=0.50:0.95 | area=   all | maxDets=100 ] = 0.271
 Average Recall     (AR) @[ IoU=0.50:0.95 | area= small | maxDets=100 ] = 0.088
 Average Recall     (AR) @[ IoU=0.50:0.95 | area=medium | maxDets=100 ] = 0.273
 Average Recall     (AR) @[ IoU=0.50:0.95 | area= large | maxDets=100 ] = 0.385
sweep 167/180: alpha=2.0, beta=1.0, threshold=0.2, top_k=100, nms=0.6
creating index...
index created!
Loading and preparing results...
DONE (t=0.01s)
creating index...
index created!
Running per image evaluation...
Evaluate annotation type *bbox*
DONE (t=1.19s).
Accumulating evaluation results...
DONE (t=0.43s).
 Average Precision  (AP) @[ IoU=0.50:0.95 | area=   all | maxDets=100 ] = 0.176
 Average Precision  (AP) @[ IoU=0.50      | area=   all | maxDets=100 ] = 0.277
 Average Precision  (AP) @[ IoU=0.75      | area=   all | maxDets=100 ] = 0.191
 Average Precision  (AP) @[ IoU=0.50:0.95 | area= small | maxDets=100 ] = 0.070
 Average Precision  (AP) @[ IoU=0.50:0.95 | area=medium | maxDets=100 ] = 0.191
 Average Precision  (AP) @[ IoU=0.50:0.95 | area= large | maxDets=100 ] = 0.256
 Average Recall     (AR) @[ IoU=0.50:0.95 | area=   all | maxDets=  1 ] = 0.198
 Average Recall     (AR) @[ IoU=0.50:0.95 | area=   all | maxDets= 10 ] = 0.272
 Average Recall     (AR) @[ IoU=0.50:0.95 | area=   all | maxDets=100 ] = 0.281
 Average Recall     (AR) @[ IoU=0.50:0.95 | area= small | maxDets=100 ] = 0.090
 Average Recall     (AR) @[ IoU=0.50:0.95 | area=medium | maxDets=100 ] = 0.285
 Average Recall     (AR) @[ IoU=0.50:0.95 | area= large | maxDets=100 ] = 0.400
sweep 168/180: alpha=2.0, beta=1.0, threshold=0.2, top_k=100, nms=0.7
creating index...
index created!
Loading and preparing results...
DONE (t=0.01s)
creating index...
index created!
Running per image evaluation...
Evaluate annotation type *bbox*
DONE (t=1.47s).
Accumulating evaluation results...
DONE (t=0.45s).
 Average Precision  (AP) @[ IoU=0.50:0.95 | area=   all | maxDets=100 ] = 0.172
 Average Precision  (AP) @[ IoU=0.50      | area=   all | maxDets=100 ] = 0.262
 Average Precision  (AP) @[ IoU=0.75      | area=   all | maxDets=100 ] = 0.195
 Average Precision  (AP) @[ IoU=0.50:0.95 | area= small | maxDets=100 ] = 0.069
 Average Precision  (AP) @[ IoU=0.50:0.95 | area=medium | maxDets=100 ] = 0.192
 Average Precision  (AP) @[ IoU=0.50:0.95 | area= large | maxDets=100 ] = 0.253
 Average Recall     (AR) @[ IoU=0.50:0.95 | area=   all | maxDets=  1 ] = 0.198
 Average Recall     (AR) @[ IoU=0.50:0.95 | area=   all | maxDets= 10 ] = 0.280
 Average Recall     (AR) @[ IoU=0.50:0.95 | area=   all | maxDets=100 ] = 0.293
 Average Recall     (AR) @[ IoU=0.50:0.95 | area= small | maxDets=100 ] = 0.093
 Average Recall     (AR) @[ IoU=0.50:0.95 | area=medium | maxDets=100 ] = 0.298
 Average Recall     (AR) @[ IoU=0.50:0.95 | area= large | maxDets=100 ] = 0.414
sweep 169/180: alpha=2.0, beta=1.0, threshold=0.25, top_k=12, nms=0.4
creating index...
index created!
Loading and preparing results...
DONE (t=0.00s)
creating index...
index created!
Running per image evaluation...
Evaluate annotation type *bbox*
DONE (t=0.79s).
Accumulating evaluation results...
DONE (t=0.35s).
 Average Precision  (AP) @[ IoU=0.50:0.95 | area=   all | maxDets=100 ] = 0.165
 Average Precision  (AP) @[ IoU=0.50      | area=   all | maxDets=100 ] = 0.263
 Average Precision  (AP) @[ IoU=0.75      | area=   all | maxDets=100 ] = 0.178
 Average Precision  (AP) @[ IoU=0.50:0.95 | area= small | maxDets=100 ] = 0.057
 Average Precision  (AP) @[ IoU=0.50:0.95 | area=medium | maxDets=100 ] = 0.173
 Average Precision  (AP) @[ IoU=0.50:0.95 | area= large | maxDets=100 ] = 0.245
 Average Recall     (AR) @[ IoU=0.50:0.95 | area=   all | maxDets=  1 ] = 0.184
 Average Recall     (AR) @[ IoU=0.50:0.95 | area=   all | maxDets= 10 ] = 0.230
 Average Recall     (AR) @[ IoU=0.50:0.95 | area=   all | maxDets=100 ] = 0.230
 Average Recall     (AR) @[ IoU=0.50:0.95 | area= small | maxDets=100 ] = 0.067
 Average Recall     (AR) @[ IoU=0.50:0.95 | area=medium | maxDets=100 ] = 0.221
 Average Recall     (AR) @[ IoU=0.50:0.95 | area= large | maxDets=100 ] = 0.329
sweep 170/180: alpha=2.0, beta=1.0, threshold=0.25, top_k=12, nms=0.5
creating index...
index created!
Loading and preparing results...
DONE (t=0.00s)
creating index...
index created!
Running per image evaluation...
Evaluate annotation type *bbox*
DONE (t=0.82s).
Accumulating evaluation results...
DONE (t=0.35s).
 Average Precision  (AP) @[ IoU=0.50:0.95 | area=   all | maxDets=100 ] = 0.166
 Average Precision  (AP) @[ IoU=0.50      | area=   all | maxDets=100 ] = 0.261
 Average Precision  (AP) @[ IoU=0.75      | area=   all | maxDets=100 ] = 0.179
 Average Precision  (AP) @[ IoU=0.50:0.95 | area= small | maxDets=100 ] = 0.056
 Average Precision  (AP) @[ IoU=0.50:0.95 | area=medium | maxDets=100 ] = 0.175
 Average Precision  (AP) @[ IoU=0.50:0.95 | area= large | maxDets=100 ] = 0.245
 Average Recall     (AR) @[ IoU=0.50:0.95 | area=   all | maxDets=  1 ] = 0.184
 Average Recall     (AR) @[ IoU=0.50:0.95 | area=   all | maxDets= 10 ] = 0.231
 Average Recall     (AR) @[ IoU=0.50:0.95 | area=   all | maxDets=100 ] = 0.231
 Average Recall     (AR) @[ IoU=0.50:0.95 | area= small | maxDets=100 ] = 0.065
 Average Recall     (AR) @[ IoU=0.50:0.95 | area=medium | maxDets=100 ] = 0.223
 Average Recall     (AR) @[ IoU=0.50:0.95 | area= large | maxDets=100 ] = 0.332
sweep 171/180: alpha=2.0, beta=1.0, threshold=0.25, top_k=12, nms=0.6
creating index...
index created!
Loading and preparing results...
DONE (t=0.00s)
creating index...
index created!
Running per image evaluation...
Evaluate annotation type *bbox*
DONE (t=0.72s).
Accumulating evaluation results...
DONE (t=0.35s).
 Average Precision  (AP) @[ IoU=0.50:0.95 | area=   all | maxDets=100 ] = 0.165
 Average Precision  (AP) @[ IoU=0.50      | area=   all | maxDets=100 ] = 0.255
 Average Precision  (AP) @[ IoU=0.75      | area=   all | maxDets=100 ] = 0.181
 Average Precision  (AP) @[ IoU=0.50:0.95 | area= small | maxDets=100 ] = 0.053
 Average Precision  (AP) @[ IoU=0.50:0.95 | area=medium | maxDets=100 ] = 0.174
 Average Precision  (AP) @[ IoU=0.50:0.95 | area= large | maxDets=100 ] = 0.246
 Average Recall     (AR) @[ IoU=0.50:0.95 | area=   all | maxDets=  1 ] = 0.183
 Average Recall     (AR) @[ IoU=0.50:0.95 | area=   all | maxDets= 10 ] = 0.231
 Average Recall     (AR) @[ IoU=0.50:0.95 | area=   all | maxDets=100 ] = 0.231
 Average Recall     (AR) @[ IoU=0.50:0.95 | area= small | maxDets=100 ] = 0.057
 Average Recall     (AR) @[ IoU=0.50:0.95 | area=medium | maxDets=100 ] = 0.220
 Average Recall     (AR) @[ IoU=0.50:0.95 | area= large | maxDets=100 ] = 0.335
sweep 172/180: alpha=2.0, beta=1.0, threshold=0.25, top_k=12, nms=0.7
creating index...
index created!
Loading and preparing results...
DONE (t=0.01s)
creating index...
index created!
Running per image evaluation...
Evaluate annotation type *bbox*
DONE (t=0.79s).
Accumulating evaluation results...
DONE (t=0.35s).
 Average Precision  (AP) @[ IoU=0.50:0.95 | area=   all | maxDets=100 ] = 0.161
 Average Precision  (AP) @[ IoU=0.50      | area=   all | maxDets=100 ] = 0.239
 Average Precision  (AP) @[ IoU=0.75      | area=   all | maxDets=100 ] = 0.184
 Average Precision  (AP) @[ IoU=0.50:0.95 | area= small | maxDets=100 ] = 0.049
 Average Precision  (AP) @[ IoU=0.50:0.95 | area=medium | maxDets=100 ] = 0.167
 Average Precision  (AP) @[ IoU=0.50:0.95 | area= large | maxDets=100 ] = 0.244
 Average Recall     (AR) @[ IoU=0.50:0.95 | area=   all | maxDets=  1 ] = 0.178
 Average Recall     (AR) @[ IoU=0.50:0.95 | area=   all | maxDets= 10 ] = 0.231
 Average Recall     (AR) @[ IoU=0.50:0.95 | area=   all | maxDets=100 ] = 0.231
 Average Recall     (AR) @[ IoU=0.50:0.95 | area= small | maxDets=100 ] = 0.053
 Average Recall     (AR) @[ IoU=0.50:0.95 | area=medium | maxDets=100 ] = 0.214
 Average Recall     (AR) @[ IoU=0.50:0.95 | area= large | maxDets=100 ] = 0.343
sweep 173/180: alpha=2.0, beta=1.0, threshold=0.25, top_k=50, nms=0.4
creating index...
index created!
Loading and preparing results...
DONE (t=0.01s)
creating index...
index created!
Running per image evaluation...
Evaluate annotation type *bbox*
DONE (t=0.93s).
Accumulating evaluation results...
DONE (t=0.37s).
 Average Precision  (AP) @[ IoU=0.50:0.95 | area=   all | maxDets=100 ] = 0.170
 Average Precision  (AP) @[ IoU=0.50      | area=   all | maxDets=100 ] = 0.274
 Average Precision  (AP) @[ IoU=0.75      | area=   all | maxDets=100 ] = 0.182
 Average Precision  (AP) @[ IoU=0.50:0.95 | area= small | maxDets=100 ] = 0.067
 Average Precision  (AP) @[ IoU=0.50:0.95 | area=medium | maxDets=100 ] = 0.182
 Average Precision  (AP) @[ IoU=0.50:0.95 | area= large | maxDets=100 ] = 0.247
 Average Recall     (AR) @[ IoU=0.50:0.95 | area=   all | maxDets=  1 ] = 0.189
 Average Recall     (AR) @[ IoU=0.50:0.95 | area=   all | maxDets= 10 ] = 0.245
 Average Recall     (AR) @[ IoU=0.50:0.95 | area=   all | maxDets=100 ] = 0.249
 Average Recall     (AR) @[ IoU=0.50:0.95 | area= small | maxDets=100 ] = 0.081
 Average Recall     (AR) @[ IoU=0.50:0.95 | area=medium | maxDets=100 ] = 0.245
 Average Recall     (AR) @[ IoU=0.50:0.95 | area= large | maxDets=100 ] = 0.347
sweep 174/180: alpha=2.0, beta=1.0, threshold=0.25, top_k=50, nms=0.5
creating index...
index created!
Loading and preparing results...
DONE (t=0.01s)
creating index...
index created!
Running per image evaluation...
Evaluate annotation type *bbox*
DONE (t=0.98s).
Accumulating evaluation results...
DONE (t=0.37s).
 Average Precision  (AP) @[ IoU=0.50:0.95 | area=   all | maxDets=100 ] = 0.171
 Average Precision  (AP) @[ IoU=0.50      | area=   all | maxDets=100 ] = 0.273
 Average Precision  (AP) @[ IoU=0.75      | area=   all | maxDets=100 ] = 0.184
 Average Precision  (AP) @[ IoU=0.50:0.95 | area= small | maxDets=100 ] = 0.066
 Average Precision  (AP) @[ IoU=0.50:0.95 | area=medium | maxDets=100 ] = 0.184
 Average Precision  (AP) @[ IoU=0.50:0.95 | area= large | maxDets=100 ] = 0.249
 Average Recall     (AR) @[ IoU=0.50:0.95 | area=   all | maxDets=  1 ] = 0.189
 Average Recall     (AR) @[ IoU=0.50:0.95 | area=   all | maxDets= 10 ] = 0.248
 Average Recall     (AR) @[ IoU=0.50:0.95 | area=   all | maxDets=100 ] = 0.252
 Average Recall     (AR) @[ IoU=0.50:0.95 | area= small | maxDets=100 ] = 0.081
 Average Recall     (AR) @[ IoU=0.50:0.95 | area=medium | maxDets=100 ] = 0.249
 Average Recall     (AR) @[ IoU=0.50:0.95 | area= large | maxDets=100 ] = 0.353
sweep 175/180: alpha=2.0, beta=1.0, threshold=0.25, top_k=50, nms=0.6
creating index...
index created!
Loading and preparing results...
DONE (t=0.01s)
creating index...
index created!
Running per image evaluation...
Evaluate annotation type *bbox*
DONE (t=1.09s).
Accumulating evaluation results...
DONE (t=0.39s).
 Average Precision  (AP) @[ IoU=0.50:0.95 | area=   all | maxDets=100 ] = 0.172
 Average Precision  (AP) @[ IoU=0.50      | area=   all | maxDets=100 ] = 0.269
 Average Precision  (AP) @[ IoU=0.75      | area=   all | maxDets=100 ] = 0.188
 Average Precision  (AP) @[ IoU=0.50:0.95 | area= small | maxDets=100 ] = 0.067
 Average Precision  (AP) @[ IoU=0.50:0.95 | area=medium | maxDets=100 ] = 0.185
 Average Precision  (AP) @[ IoU=0.50:0.95 | area= large | maxDets=100 ] = 0.251
 Average Recall     (AR) @[ IoU=0.50:0.95 | area=   all | maxDets=  1 ] = 0.189
 Average Recall     (AR) @[ IoU=0.50:0.95 | area=   all | maxDets= 10 ] = 0.255
 Average Recall     (AR) @[ IoU=0.50:0.95 | area=   all | maxDets=100 ] = 0.260
 Average Recall     (AR) @[ IoU=0.50:0.95 | area= small | maxDets=100 ] = 0.081
 Average Recall     (AR) @[ IoU=0.50:0.95 | area=medium | maxDets=100 ] = 0.256
 Average Recall     (AR) @[ IoU=0.50:0.95 | area= large | maxDets=100 ] = 0.365
sweep 176/180: alpha=2.0, beta=1.0, threshold=0.25, top_k=50, nms=0.7
creating index...
index created!
Loading and preparing results...
DONE (t=0.01s)
creating index...
index created!
Running per image evaluation...
Evaluate annotation type *bbox*
DONE (t=1.17s).
Accumulating evaluation results...
DONE (t=0.40s).
 Average Precision  (AP) @[ IoU=0.50:0.95 | area=   all | maxDets=100 ] = 0.169
 Average Precision  (AP) @[ IoU=0.50      | area=   all | maxDets=100 ] = 0.256
 Average Precision  (AP) @[ IoU=0.75      | area=   all | maxDets=100 ] = 0.192
 Average Precision  (AP) @[ IoU=0.50:0.95 | area= small | maxDets=100 ] = 0.064
 Average Precision  (AP) @[ IoU=0.50:0.95 | area=medium | maxDets=100 ] = 0.186
 Average Precision  (AP) @[ IoU=0.50:0.95 | area= large | maxDets=100 ] = 0.249
 Average Recall     (AR) @[ IoU=0.50:0.95 | area=   all | maxDets=  1 ] = 0.188
 Average Recall     (AR) @[ IoU=0.50:0.95 | area=   all | maxDets= 10 ] = 0.261
 Average Recall     (AR) @[ IoU=0.50:0.95 | area=   all | maxDets=100 ] = 0.269
 Average Recall     (AR) @[ IoU=0.50:0.95 | area= small | maxDets=100 ] = 0.081
 Average Recall     (AR) @[ IoU=0.50:0.95 | area=medium | maxDets=100 ] = 0.267
 Average Recall     (AR) @[ IoU=0.50:0.95 | area= large | maxDets=100 ] = 0.380
sweep 177/180: alpha=2.0, beta=1.0, threshold=0.25, top_k=100, nms=0.4
creating index...
index created!
Loading and preparing results...
DONE (t=0.01s)
creating index...
index created!
Running per image evaluation...
Evaluate annotation type *bbox*
DONE (t=0.94s).
Accumulating evaluation results...
DONE (t=0.37s).
 Average Precision  (AP) @[ IoU=0.50:0.95 | area=   all | maxDets=100 ] = 0.170
 Average Precision  (AP) @[ IoU=0.50      | area=   all | maxDets=100 ] = 0.274
 Average Precision  (AP) @[ IoU=0.75      | area=   all | maxDets=100 ] = 0.182
 Average Precision  (AP) @[ IoU=0.50:0.95 | area= small | maxDets=100 ] = 0.067
 Average Precision  (AP) @[ IoU=0.50:0.95 | area=medium | maxDets=100 ] = 0.182
 Average Precision  (AP) @[ IoU=0.50:0.95 | area= large | maxDets=100 ] = 0.247
 Average Recall     (AR) @[ IoU=0.50:0.95 | area=   all | maxDets=  1 ] = 0.189
 Average Recall     (AR) @[ IoU=0.50:0.95 | area=   all | maxDets= 10 ] = 0.245
 Average Recall     (AR) @[ IoU=0.50:0.95 | area=   all | maxDets=100 ] = 0.249
 Average Recall     (AR) @[ IoU=0.50:0.95 | area= small | maxDets=100 ] = 0.081
 Average Recall     (AR) @[ IoU=0.50:0.95 | area=medium | maxDets=100 ] = 0.245
 Average Recall     (AR) @[ IoU=0.50:0.95 | area= large | maxDets=100 ] = 0.347
sweep 178/180: alpha=2.0, beta=1.0, threshold=0.25, top_k=100, nms=0.5
creating index...
index created!
Loading and preparing results...
DONE (t=0.01s)
creating index...
index created!
Running per image evaluation...
Evaluate annotation type *bbox*
DONE (t=1.02s).
Accumulating evaluation results...
DONE (t=0.38s).
 Average Precision  (AP) @[ IoU=0.50:0.95 | area=   all | maxDets=100 ] = 0.172
 Average Precision  (AP) @[ IoU=0.50      | area=   all | maxDets=100 ] = 0.273
 Average Precision  (AP) @[ IoU=0.75      | area=   all | maxDets=100 ] = 0.184
 Average Precision  (AP) @[ IoU=0.50:0.95 | area= small | maxDets=100 ] = 0.067
 Average Precision  (AP) @[ IoU=0.50:0.95 | area=medium | maxDets=100 ] = 0.184
 Average Precision  (AP) @[ IoU=0.50:0.95 | area= large | maxDets=100 ] = 0.249
 Average Recall     (AR) @[ IoU=0.50:0.95 | area=   all | maxDets=  1 ] = 0.189
 Average Recall     (AR) @[ IoU=0.50:0.95 | area=   all | maxDets= 10 ] = 0.249
 Average Recall     (AR) @[ IoU=0.50:0.95 | area=   all | maxDets=100 ] = 0.253
 Average Recall     (AR) @[ IoU=0.50:0.95 | area= small | maxDets=100 ] = 0.082
 Average Recall     (AR) @[ IoU=0.50:0.95 | area=medium | maxDets=100 ] = 0.251
 Average Recall     (AR) @[ IoU=0.50:0.95 | area= large | maxDets=100 ] = 0.353
sweep 179/180: alpha=2.0, beta=1.0, threshold=0.25, top_k=100, nms=0.6
creating index...
index created!
Loading and preparing results...
DONE (t=0.01s)
creating index...
index created!
Running per image evaluation...
Evaluate annotation type *bbox*
DONE (t=1.01s).
Accumulating evaluation results...
DONE (t=0.39s).
 Average Precision  (AP) @[ IoU=0.50:0.95 | area=   all | maxDets=100 ] = 0.173
 Average Precision  (AP) @[ IoU=0.50      | area=   all | maxDets=100 ] = 0.270
 Average Precision  (AP) @[ IoU=0.75      | area=   all | maxDets=100 ] = 0.188
 Average Precision  (AP) @[ IoU=0.50:0.95 | area= small | maxDets=100 ] = 0.068
 Average Precision  (AP) @[ IoU=0.50:0.95 | area=medium | maxDets=100 ] = 0.186
 Average Precision  (AP) @[ IoU=0.50:0.95 | area= large | maxDets=100 ] = 0.251
 Average Recall     (AR) @[ IoU=0.50:0.95 | area=   all | maxDets=  1 ] = 0.189
 Average Recall     (AR) @[ IoU=0.50:0.95 | area=   all | maxDets= 10 ] = 0.255
 Average Recall     (AR) @[ IoU=0.50:0.95 | area=   all | maxDets=100 ] = 0.262
 Average Recall     (AR) @[ IoU=0.50:0.95 | area= small | maxDets=100 ] = 0.084
 Average Recall     (AR) @[ IoU=0.50:0.95 | area=medium | maxDets=100 ] = 0.259
 Average Recall     (AR) @[ IoU=0.50:0.95 | area= large | maxDets=100 ] = 0.365
sweep 180/180: alpha=2.0, beta=1.0, threshold=0.25, top_k=100, nms=0.7
creating index...
index created!
Loading and preparing results...
DONE (t=0.01s)
creating index...
index created!
Running per image evaluation...
Evaluate annotation type *bbox*
DONE (t=1.27s).
Accumulating evaluation results...
DONE (t=0.41s).
 Average Precision  (AP) @[ IoU=0.50:0.95 | area=   all | maxDets=100 ] = 0.170
 Average Precision  (AP) @[ IoU=0.50      | area=   all | maxDets=100 ] = 0.257
 Average Precision  (AP) @[ IoU=0.75      | area=   all | maxDets=100 ] = 0.193
 Average Precision  (AP) @[ IoU=0.50:0.95 | area= small | maxDets=100 ] = 0.067
 Average Precision  (AP) @[ IoU=0.50:0.95 | area=medium | maxDets=100 ] = 0.187
 Average Precision  (AP) @[ IoU=0.50:0.95 | area= large | maxDets=100 ] = 0.249
 Average Recall     (AR) @[ IoU=0.50:0.95 | area=   all | maxDets=  1 ] = 0.189
 Average Recall     (AR) @[ IoU=0.50:0.95 | area=   all | maxDets= 10 ] = 0.263
 Average Recall     (AR) @[ IoU=0.50:0.95 | area=   all | maxDets=100 ] = 0.273
 Average Recall     (AR) @[ IoU=0.50:0.95 | area= small | maxDets=100 ] = 0.085
 Average Recall     (AR) @[ IoU=0.50:0.95 | area=medium | maxDets=100 ] = 0.274
 Average Recall     (AR) @[ IoU=0.50:0.95 | area= large | maxDets=100 ] = 0.381
{
  "anchors": {
    "p4": [
      [
        0.04,
        0.055
      ],
      [
        0.075,
        0.11
      ],
      [
        0.13,
        0.18
      ]
    ],
    "p5": [
      [
        0.18,
        0.24
      ],
      [
        0.32,
        0.42
      ],
      [
        0.52,
        0.62
      ]
    ]
  },
  "box_parameterization": "yolov5",
  "checkpoint_path": "/home/lidz/YOLO/yolo_final/outputs/dual_scale_three_box_coco_only_noobj1_416_ddp_20260430_124818/best.pth",
  "config_path": "/home/lidz/YOLO/yolo_final/configs/dual_scale_three_box_coco_only_noobj1_416.toml",
  "device": "cuda",
  "manifest_path": "/home/lidz/YOLO/DataSet/Unified/manifests/coco2017_val.jsonl",
  "max_samples": 500,
  "metadata_path": "/home/lidz/YOLO/DataSet/Unified/metadata/class_maps.json",
  "model_name": "deep_residual_dual_scale_three_box",
  "num_boxes": 3,
  "num_combinations": 180,
  "output_shape": {
    "p4": [
      1,
      26,
      26,
      255
    ],
    "p5": [
      1,
      13,
      13,
      255
    ]
  },
  "params_total": 36531294,
  "params_trainable": 36531294,
  "results": [
    {
      "coco_ap": 0.16266976213119314,
      "coco_ap50": 0.2656153909340093,
      "coco_ap75": 0.17060214380597813,
      "coco_ap_large": 0.2432475333994828,
      "coco_ap_medium": 0.17532771473779787,
      "coco_ap_small": 0.05416867710906352,
      "coco_ar1": 0.18881749889277066,
      "coco_ar10": 0.23476091775849378,
      "coco_ar100": 0.23483348084806888,
      "coco_ar_large": 0.35172207719268717,
      "coco_ar_medium": 0.22633246267563922,
      "coco_ar_small": 0.06420727757473295,
      "nms_iou_threshold": 0.4,
      "num_predictions": 5999.0,
      "num_samples": 500.0,
      "score_alpha": 1.0,
      "score_beta": 1.0,
      "score_threshold": 0.01,
      "top_k": 12
    },
    {
      "coco_ap": 0.16290366925642902,
      "coco_ap50": 0.2616016685915784,
      "coco_ap75": 0.1723864553343445,
      "coco_ap_large": 0.24497514061033787,
      "coco_ap_medium": 0.17330602521973498,
      "coco_ap_small": 0.05304702963058759,
      "coco_ar1": 0.18666908435664703,
      "coco_ar10": 0.23454353149439522,
      "coco_ar100": 0.2347325131435075,
      "coco_ar_large": 0.3554705437059551,
      "coco_ar_medium": 0.2221913431239946,
      "coco_ar_small": 0.060215446781618026,
      "nms_iou_threshold": 0.5,
      "num_predictions": 6000.0,
      "num_samples": 500.0,
      "score_alpha": 1.0,
      "score_beta": 1.0,
      "score_threshold": 0.01,
      "top_k": 12
    },
    {
      "coco_ap": 0.16173267376210781,
      "coco_ap50": 0.2529075567860942,
      "coco_ap75": 0.17574169167768208,
      "coco_ap_large": 0.2442777139978808,
      "coco_ap_medium": 0.168500785501058,
      "coco_ap_small": 0.052024705556745564,
      "coco_ar1": 0.18227264024367157,
      "coco_ar10": 0.23567013643828927,
      "coco_ar100": 0.2357839608925247,
      "coco_ar_large": 0.3521204915863978,
      "coco_ar_medium": 0.2179136012099035,
      "coco_ar_small": 0.05805214442581495,
      "nms_iou_threshold": 0.6,
      "num_predictions": 6000.0,
      "num_samples": 500.0,
      "score_alpha": 1.0,
      "score_beta": 1.0,
      "score_threshold": 0.01,
      "top_k": 12
    },
    {
      "coco_ap": 0.15358259744009445,
      "coco_ap50": 0.23199144583440034,
      "coco_ap75": 0.1719861438475143,
      "coco_ap_large": 0.23193490881393283,
      "coco_ap_medium": 0.1608202959396446,
      "coco_ap_small": 0.04821265401727004,
      "coco_ar1": 0.1711838274457445,
      "coco_ar10": 0.2275067855999515,
      "coco_ar100": 0.22819266827358853,
      "coco_ar_large": 0.343599813048636,
      "coco_ar_medium": 0.20903572282497418,
      "coco_ar_small": 0.05298367663350131,
      "nms_iou_threshold": 0.7,
      "num_predictions": 6000.0,
      "num_samples": 500.0,
      "score_alpha": 1.0,
      "score_beta": 1.0,
      "score_threshold": 0.01,
      "top_k": 12
    },
    {
      "coco_ap": 0.1727332539009355,
      "coco_ap50": 0.2888035288012237,
      "coco_ap75": 0.17848608703255076,
      "coco_ap_large": 0.2510341067396237,
      "coco_ap_medium": 0.1878466353631718,
      "coco_ap_small": 0.07019565105186441,
      "coco_ar1": 0.20632415091315226,
      "coco_ar10": 0.28623759458406856,
      "coco_ar100": 0.2926588603881381,
      "coco_ar_large": 0.4195844129246378,
      "coco_ar_medium": 0.29429230930857586,
      "coco_ar_small": 0.10749533264886116,
      "nms_iou_threshold": 0.4,
      "num_predictions": 24021.0,
      "num_samples": 500.0,
      "score_alpha": 1.0,
      "score_beta": 1.0,
      "score_threshold": 0.01,
      "top_k": 50
    },
    {
      "coco_ap": 0.17408873804263325,
      "coco_ap50": 0.2864371990768179,
      "coco_ap75": 0.18089913924567952,
      "coco_ap_large": 0.25294137676969625,
      "coco_ap_medium": 0.19067103799110643,
      "coco_ap_small": 0.07111726923049788,
      "coco_ar1": 0.20483719345591808,
      "coco_ar10": 0.2901863865904328,
      "coco_ar100": 0.2991557150964505,
      "coco_ar_large": 0.4288636963543891,
      "coco_ar_medium": 0.3004322421683471,
      "coco_ar_small": 0.10728549952035016,
      "nms_iou_threshold": 0.5,
      "num_predictions": 24369.0,
      "num_samples": 500.0,
      "score_alpha": 1.0,
      "score_beta": 1.0,
      "score_threshold": 0.01,
      "top_k": 50
    },
    {
      "coco_ap": 0.17347932607016733,
      "coco_ap50": 0.277389553473052,
      "coco_ap75": 0.18612625636697644,
      "coco_ap_large": 0.252996863823937,
      "coco_ap_medium": 0.19120022491192235,
      "coco_ap_small": 0.06803497821629231,
      "coco_ar1": 0.20365909236221746,
      "coco_ar10": 0.29548924462726617,
      "coco_ar100": 0.306585404807118,
      "coco_ar_large": 0.4403126977070842,
      "coco_ar_medium": 0.30828627357203536,
      "coco_ar_small": 0.10252898517261495,
      "nms_iou_threshold": 0.6,
      "num_predictions": 24680.0,
      "num_samples": 500.0,
      "score_alpha": 1.0,
      "score_beta": 1.0,
      "score_threshold": 0.01,
      "top_k": 50
    },
    {
      "coco_ap": 0.16792810505700675,
      "coco_ap50": 0.25866208109438044,
      "coco_ap75": 0.18712507620458194,
      "coco_ap_large": 0.24430073878049893,
      "coco_ap_medium": 0.19228628297711026,
      "coco_ap_small": 0.06495985892922934,
      "coco_ar1": 0.20089672295744526,
      "coco_ar10": 0.2948623940427465,
      "coco_ar100": 0.31026563627094284,
      "coco_ar_large": 0.44559247582443995,
      "coco_ar_medium": 0.31442446334121354,
      "coco_ar_small": 0.09772723872882068,
      "nms_iou_threshold": 0.7,
      "num_predictions": 24903.0,
      "num_samples": 500.0,
      "score_alpha": 1.0,
      "score_beta": 1.0,
      "score_threshold": 0.01,
      "top_k": 50
    },
    {
      "coco_ap": 0.17370949246405087,
      "coco_ap50": 0.29171357338453446,
      "coco_ap75": 0.17896764706217905,
      "coco_ap_large": 0.25207186758961586,
      "coco_ap_medium": 0.1890394795625663,
      "coco_ap_small": 0.07183937407600097,
      "coco_ar1": 0.20907701463456646,
      "coco_ar10": 0.30120684500896866,
      "coco_ar100": 0.3097357025084614,
      "coco_ar_large": 0.4370100217503848,
      "coco_ar_medium": 0.31906073813261226,
      "coco_ar_small": 0.11877645325257213,
      "nms_iou_threshold": 0.4,
      "num_predictions": 43924.0,
      "num_samples": 500.0,
      "score_alpha": 1.0,
      "score_beta": 1.0,
      "score_threshold": 0.01,
      "top_k": 100
    },
    {
      "coco_ap": 0.17526407555863519,
      "coco_ap50": 0.2894959727418889,
      "coco_ap75": 0.18148960109759735,
      "coco_ap_large": 0.2538517416644162,
      "coco_ap_medium": 0.1924298332909326,
      "coco_ap_small": 0.07307725050297463,
      "coco_ar1": 0.20839516771489716,
      "coco_ar10": 0.3062272816022415,
      "coco_ar100": 0.3193890807957986,
      "coco_ar_large": 0.44797227091112835,
      "coco_ar_medium": 0.3287773543270506,
      "coco_ar_small": 0.12183225476959786,
      "nms_iou_threshold": 0.5,
      "num_predictions": 45646.0,
      "num_samples": 500.0,
      "score_alpha": 1.0,
      "score_beta": 1.0,
      "score_threshold": 0.01,
      "top_k": 100
    },
    {
      "coco_ap": 0.17514057380624487,
      "coco_ap50": 0.281336413191513,
      "coco_ap75": 0.18729229140940482,
      "coco_ap_large": 0.2546127054496221,
      "coco_ap_medium": 0.19295635614042467,
      "coco_ap_small": 0.07274784519116673,
      "coco_ar1": 0.20750515425848776,
      "coco_ar10": 0.3151565021341635,
      "coco_ar100": 0.33228449440991736,
      "coco_ar_large": 0.4721762002951185,
      "coco_ar_medium": 0.33530164676159946,
      "coco_ar_small": 0.1235906131612619,
      "nms_iou_threshold": 0.6,
      "num_predictions": 47165.0,
      "num_samples": 500.0,
      "score_alpha": 1.0,
      "score_beta": 1.0,
      "score_threshold": 0.01,
      "top_k": 100
    },
    {
      "coco_ap": 0.1696024989806626,
      "coco_ap50": 0.2624541175254104,
      "coco_ap75": 0.18868143233990972,
      "coco_ap_large": 0.24584960312957377,
      "coco_ap_medium": 0.19397753175996987,
      "coco_ap_small": 0.07044679346443132,
      "coco_ar1": 0.20636517473847713,
      "coco_ar10": 0.3154396814773379,
      "coco_ar100": 0.3399756504741967,
      "coco_ar_large": 0.4768975709687518,
      "coco_ar_medium": 0.34789292705271935,
      "coco_ar_small": 0.1214673273947382,
      "nms_iou_threshold": 0.7,
      "num_predictions": 48439.0,
      "num_samples": 500.0,
      "score_alpha": 1.0,
      "score_beta": 1.0,
      "score_threshold": 0.01,
      "top_k": 100
    },
    {
      "coco_ap": 0.16266976213119314,
      "coco_ap50": 0.2656153909340093,
      "coco_ap75": 0.17060214380597813,
      "coco_ap_large": 0.2432475333994828,
      "coco_ap_medium": 0.17532771473779787,
      "coco_ap_small": 0.05416867710906352,
      "coco_ar1": 0.18881749889277066,
      "coco_ar10": 0.23476091775849378,
      "coco_ar100": 0.23483348084806888,
      "coco_ar_large": 0.35172207719268717,
      "coco_ar_medium": 0.22633246267563922,
      "coco_ar_small": 0.06420727757473295,
      "nms_iou_threshold": 0.4,
      "num_predictions": 5924.0,
      "num_samples": 500.0,
      "score_alpha": 1.0,
      "score_beta": 1.0,
      "score_threshold": 0.05,
      "top_k": 12
    },
    {
      "coco_ap": 0.16290366925642902,
      "coco_ap50": 0.2616016685915784,
      "coco_ap75": 0.1723864553343445,
      "coco_ap_large": 0.24497514061033787,
      "coco_ap_medium": 0.17330602521973498,
      "coco_ap_small": 0.05304702963058759,
      "coco_ar1": 0.18666908435664703,
      "coco_ar10": 0.23454353149439522,
      "coco_ar100": 0.2347325131435075,
      "coco_ar_large": 0.3554705437059551,
      "coco_ar_medium": 0.2221913431239946,
      "coco_ar_small": 0.060215446781618026,
      "nms_iou_threshold": 0.5,
      "num_predictions": 5958.0,
      "num_samples": 500.0,
      "score_alpha": 1.0,
      "score_beta": 1.0,
      "score_threshold": 0.05,
      "top_k": 12
    },
    {
      "coco_ap": 0.16173267376210781,
      "coco_ap50": 0.2529075567860942,
      "coco_ap75": 0.17574169167768208,
      "coco_ap_large": 0.2442777139978808,
      "coco_ap_medium": 0.168500785501058,
      "coco_ap_small": 0.052024705556745564,
      "coco_ar1": 0.18227264024367157,
      "coco_ar10": 0.23567013643828927,
      "coco_ar100": 0.2357839608925247,
      "coco_ar_large": 0.3521204915863978,
      "coco_ar_medium": 0.2179136012099035,
      "coco_ar_small": 0.05805214442581495,
      "nms_iou_threshold": 0.6,
      "num_predictions": 5986.0,
      "num_samples": 500.0,
      "score_alpha": 1.0,
      "score_beta": 1.0,
      "score_threshold": 0.05,
      "top_k": 12
    },
    {
      "coco_ap": 0.15358259744009445,
      "coco_ap50": 0.23199144583440034,
      "coco_ap75": 0.1719861438475143,
      "coco_ap_large": 0.23193490881393283,
      "coco_ap_medium": 0.1608202959396446,
      "coco_ap_small": 0.04821265401727004,
      "coco_ar1": 0.1711838274457445,
      "coco_ar10": 0.2275067855999515,
      "coco_ar100": 0.22819266827358853,
      "coco_ar_large": 0.343599813048636,
      "coco_ar_medium": 0.20903572282497418,
      "coco_ar_small": 0.05298367663350131,
      "nms_iou_threshold": 0.7,
      "num_predictions": 5996.0,
      "num_samples": 500.0,
      "score_alpha": 1.0,
      "score_beta": 1.0,
      "score_threshold": 0.05,
      "top_k": 12
    },
    {
      "coco_ap": 0.17269361397365132,
      "coco_ap50": 0.2887173395044328,
      "coco_ap75": 0.17846456421737328,
      "coco_ap_large": 0.2509137737036288,
      "coco_ap_medium": 0.1878421324996471,
      "coco_ap_small": 0.07019565105186441,
      "coco_ar1": 0.20597778719508292,
      "coco_ar10": 0.2857130481682648,
      "coco_ar100": 0.2921343139723343,
      "coco_ar_large": 0.41817718589241065,
      "coco_ar_medium": 0.2940037090199756,
      "coco_ar_small": 0.10749533264886116,
      "nms_iou_threshold": 0.4,
      "num_predictions": 21345.0,
      "num_samples": 500.0,
      "score_alpha": 1.0,
      "score_beta": 1.0,
      "score_threshold": 0.05,
      "top_k": 50
    },
    {
      "coco_ap": 0.17405064000544004,
      "coco_ap50": 0.2863506088406018,
      "coco_ap75": 0.18087575226445507,
      "coco_ap_large": 0.25281556809283545,
      "coco_ap_medium": 0.19066582213638716,
      "coco_ap_small": 0.07111726923049788,
      "coco_ar1": 0.20449082973784877,
      "coco_ar10": 0.28966184017462904,
      "coco_ar100": 0.29863116868064676,
      "coco_ar_large": 0.427456469322162,
      "coco_ar_medium": 0.3001436418797468,
      "coco_ar_small": 0.10728549952035016,
      "nms_iou_threshold": 0.5,
      "num_predictions": 22184.0,
      "num_samples": 500.0,
      "score_alpha": 1.0,
      "score_beta": 1.0,
      "score_threshold": 0.05,
      "top_k": 50
    },
    {
      "coco_ap": 0.17343248940801761,
      "coco_ap50": 0.2772992399581267,
      "coco_ap75": 0.18606592401007122,
      "coco_ap_large": 0.2528662066925396,
      "coco_ap_medium": 0.1911934916820413,
      "coco_ap_small": 0.06803497821629231,
      "coco_ar1": 0.20331272864414815,
      "coco_ar10": 0.2949096624382099,
      "coco_ar100": 0.30594090862909706,
      "coco_ar_large": 0.4386991112146218,
      "coco_ar_medium": 0.3079976732834351,
      "coco_ar_small": 0.10252898517261495,
      "nms_iou_threshold": 0.6,
      "num_predictions": 23064.0,
      "num_samples": 500.0,
      "score_alpha": 1.0,
      "score_beta": 1.0,
      "score_threshold": 0.05,
      "top_k": 50
    },
    {
      "coco_ap": 0.16788256462706452,
      "coco_ap50": 0.2585714268096063,
      "coco_ap75": 0.18707237622745415,
      "coco_ap_large": 0.2441770144469181,
      "coco_ap_medium": 0.19227985376276024,
      "coco_ap_small": 0.06495985892922934,
      "coco_ar1": 0.20055035923937597,
      "coco_ar10": 0.2943103297403164,
      "coco_ar100": 0.3097135719685128,
      "coco_ar_large": 0.4440695080514723,
      "coco_ar_medium": 0.31413586305261326,
      "coco_ar_small": 0.09772723872882068,
      "nms_iou_threshold": 0.7,
      "num_predictions": 23853.0,
      "num_samples": 500.0,
      "score_alpha": 1.0,
      "score_beta": 1.0,
      "score_threshold": 0.05,
      "top_k": 50
    },
    {
      "coco_ap": 0.17361354601912088,
      "coco_ap50": 0.2914379422972215,
      "coco_ap75": 0.17893132001286663,
      "coco_ap_large": 0.251813237461946,
      "coco_ap_medium": 0.1889656776147547,
      "coco_ap_small": 0.07180863929520581,
      "coco_ar1": 0.2084237847868462,
      "coco_ar10": 0.29881409610864135,
      "coco_ar100": 0.3070774008990478,
      "coco_ar_large": 0.431467571058057,
      "coco_ar_medium": 0.3166441114561669,
      "coco_ar_small": 0.11834355281967168,
      "nms_iou_threshold": 0.4,
      "num_predictions": 33979.0,
      "num_samples": 500.0,
      "score_alpha": 1.0,
      "score_beta": 1.0,
      "score_threshold": 0.05,
      "top_k": 100
    },
    {
      "coco_ap": 0.1751886506504212,
      "coco_ap50": 0.2892899639684306,
      "coco_ap75": 0.18146345462558602,
      "coco_ap_large": 0.2536394962473094,
      "coco_ap_medium": 0.19240003458916138,
      "coco_ap_small": 0.0730431930431746,
      "coco_ar1": 0.20774193786717687,
      "coco_ar10": 0.3043260385969059,
      "coco_ar100": 0.31734614178624176,
      "coco_ar_large": 0.443136437396323,
      "coco_ar_medium": 0.3276115524663846,
      "coco_ar_small": 0.12139935433669742,
      "nms_iou_threshold": 0.5,
      "num_predictions": 37178.0,
      "num_samples": 500.0,
      "score_alpha": 1.0,
      "score_beta": 1.0,
      "score_threshold": 0.05,
      "top_k": 100
    },
    {
      "coco_ap": 0.17507850731588406,
      "coco_ap50": 0.28118190855696884,
      "coco_ap75": 0.18725076312899894,
      "coco_ap_large": 0.2544319036860321,
      "coco_ap_medium": 0.19295134946305426,
      "coco_ap_small": 0.07270359773956206,
      "coco_ar1": 0.2071587905404184,
      "coco_ar10": 0.3137612538301983,
      "coco_ar100": 0.3308084707147492,
      "coco_ar_large": 0.4684971862104305,
      "coco_ar_medium": 0.3350130464729991,
      "coco_ar_small": 0.12313016451899506,
      "nms_iou_threshold": 0.6,
      "num_predictions": 40330.0,
      "num_samples": 500.0,
      "score_alpha": 1.0,
      "score_beta": 1.0,
      "score_threshold": 0.05,
      "top_k": 100
    },
    {
      "coco_ap": 0.16957313342887784,
      "coco_ap50": 0.2623824859407651,
      "coco_ap75": 0.1886459332021457,
      "coco_ap_large": 0.24576621759381753,
      "coco_ap_medium": 0.19397399009251276,
      "coco_ap_small": 0.07044526529803233,
      "coco_ar1": 0.20601881102040778,
      "coco_ar10": 0.31488761717490793,
      "coco_ar100": 0.3393032538185384,
      "coco_ar_large": 0.4751049692675122,
      "coco_ar_medium": 0.347604326764119,
      "coco_ar_small": 0.1214397791853718,
      "nms_iou_threshold": 0.7,
      "num_predictions": 43370.0,
      "num_samples": 500.0,
      "score_alpha": 1.0,
      "score_beta": 1.0,
      "score_threshold": 0.05,
      "top_k": 100
    },
    {
      "coco_ap": 0.16266976213119314,
      "coco_ap50": 0.2656153909340093,
      "coco_ap75": 0.17060214380597813,
      "coco_ap_large": 0.2432475333994828,
      "coco_ap_medium": 0.17532771473779787,
      "coco_ap_small": 0.05416867710906352,
      "coco_ar1": 0.18881749889277066,
      "coco_ar10": 0.23476091775849378,
      "coco_ar100": 0.23483348084806888,
      "coco_ar_large": 0.35172207719268717,
      "coco_ar_medium": 0.22633246267563922,
      "coco_ar_small": 0.06420727757473295,
      "nms_iou_threshold": 0.4,
      "num_predictions": 5790.0,
      "num_samples": 500.0,
      "score_alpha": 1.0,
      "score_beta": 1.0,
      "score_threshold": 0.1,
      "top_k": 12
    },
    {
      "coco_ap": 0.16290366925642902,
      "coco_ap50": 0.2616016685915784,
      "coco_ap75": 0.1723864553343445,
      "coco_ap_large": 0.24497514061033787,
      "coco_ap_medium": 0.17330602521973498,
      "coco_ap_small": 0.05304702963058759,
      "coco_ar1": 0.18666908435664703,
      "coco_ar10": 0.23454353149439522,
      "coco_ar100": 0.2347325131435075,
      "coco_ar_large": 0.3554705437059551,
      "coco_ar_medium": 0.2221913431239946,
      "coco_ar_small": 0.060215446781618026,
      "nms_iou_threshold": 0.5,
      "num_predictions": 5842.0,
      "num_samples": 500.0,
      "score_alpha": 1.0,
      "score_beta": 1.0,
      "score_threshold": 0.1,
      "top_k": 12
    },
    {
      "coco_ap": 0.16173267376210781,
      "coco_ap50": 0.2529075567860942,
      "coco_ap75": 0.17574169167768208,
      "coco_ap_large": 0.2442777139978808,
      "coco_ap_medium": 0.168500785501058,
      "coco_ap_small": 0.052024705556745564,
      "coco_ar1": 0.18227264024367157,
      "coco_ar10": 0.23567013643828927,
      "coco_ar100": 0.2357839608925247,
      "coco_ar_large": 0.3521204915863978,
      "coco_ar_medium": 0.2179136012099035,
      "coco_ar_small": 0.05805214442581495,
      "nms_iou_threshold": 0.6,
      "num_predictions": 5907.0,
      "num_samples": 500.0,
      "score_alpha": 1.0,
      "score_beta": 1.0,
      "score_threshold": 0.1,
      "top_k": 12
    },
    {
      "coco_ap": 0.15358259744009445,
      "coco_ap50": 0.23199144583440034,
      "coco_ap75": 0.1719861438475143,
      "coco_ap_large": 0.23193490881393283,
      "coco_ap_medium": 0.1608202959396446,
      "coco_ap_small": 0.04821265401727004,
      "coco_ar1": 0.1711838274457445,
      "coco_ar10": 0.2275067855999515,
      "coco_ar100": 0.22819266827358853,
      "coco_ar_large": 0.343599813048636,
      "coco_ar_medium": 0.20903572282497418,
      "coco_ar_small": 0.05298367663350131,
      "nms_iou_threshold": 0.7,
      "num_predictions": 5961.0,
      "num_samples": 500.0,
      "score_alpha": 1.0,
      "score_beta": 1.0,
      "score_threshold": 0.1,
      "top_k": 12
    },
    {
      "coco_ap": 0.17243985539958423,
      "coco_ap50": 0.2881531755183854,
      "coco_ap75": 0.17824118419908508,
      "coco_ap_large": 0.25007727945191827,
      "coco_ap_medium": 0.18772947001252005,
      "coco_ap_small": 0.06995277680860405,
      "coco_ar1": 0.20420323630110443,
      "coco_ar10": 0.2813931235199067,
      "coco_ar100": 0.2877683594045285,
      "coco_ar_large": 0.4111509354110107,
      "coco_ar_medium": 0.29228760584273533,
      "coco_ar_small": 0.10377934928581899,
      "nms_iou_threshold": 0.4,
      "num_predictions": 18311.0,
      "num_samples": 500.0,
      "score_alpha": 1.0,
      "score_beta": 1.0,
      "score_threshold": 0.1,
      "top_k": 50
    },
    {
      "coco_ap": 0.17385372789244757,
      "coco_ap50": 0.2859583279417899,
      "coco_ap75": 0.18068939538003895,
      "coco_ap_large": 0.2521509572134696,
      "coco_ap_medium": 0.19054506127197984,
      "coco_ap_small": 0.0709382109206265,
      "coco_ar1": 0.20310576277765796,
      "coco_ar10": 0.2862636140843806,
      "coco_ar100": 0.2952302550685622,
      "coco_ar_large": 0.42296142194920777,
      "coco_ar_medium": 0.2982994492692812,
      "coco_ar_small": 0.1049236456879081,
      "nms_iou_threshold": 0.5,
      "num_predictions": 19590.0,
      "num_samples": 500.0,
      "score_alpha": 1.0,
      "score_beta": 1.0,
      "score_threshold": 0.1,
      "top_k": 50
    },
    {
      "coco_ap": 0.1733587448257411,
      "coco_ap50": 0.2771176196711143,
      "coco_ap75": 0.1860602569601521,
      "coco_ap_large": 0.2523000008913602,
      "coco_ap_medium": 0.1911787902297013,
      "coco_ap_small": 0.06803497821629231,
      "coco_ar1": 0.20225787632347306,
      "coco_ar10": 0.29362646385636837,
      "coco_ar100": 0.3046090245555321,
      "coco_ar_large": 0.4338615929582461,
      "coco_ar_medium": 0.3077797094291076,
      "coco_ar_small": 0.10252898517261495,
      "nms_iou_threshold": 0.6,
      "num_predictions": 20899.0,
      "num_samples": 500.0,
      "score_alpha": 1.0,
      "score_beta": 1.0,
      "score_threshold": 0.1,
      "top_k": 50
    },
    {
      "coco_ap": 0.16780829943299622,
      "coco_ap50": 0.2584121243431111,
      "coco_ap75": 0.18707237622745415,
      "coco_ap_large": 0.24367503614485206,
      "coco_ap_medium": 0.19226798444396023,
      "coco_ap_small": 0.06495985892922934,
      "coco_ar1": 0.19949550691870085,
      "coco_ar10": 0.29323159397087134,
      "coco_ar100": 0.3086334924381496,
      "coco_ar_large": 0.4405925617173831,
      "coco_ar_medium": 0.31401779929818585,
      "coco_ar_small": 0.09772723872882068,
      "nms_iou_threshold": 0.7,
      "num_predictions": 22290.0,
      "num_samples": 500.0,
      "score_alpha": 1.0,
      "score_beta": 1.0,
      "score_threshold": 0.1,
      "top_k": 50
    },
    {
      "coco_ap": 0.1732298615669356,
      "coco_ap50": 0.29032480623595525,
      "coco_ap75": 0.17874523494828615,
      "coco_ap_large": 0.2508760935791028,
      "coco_ap_medium": 0.18856105372945103,
      "coco_ap_small": 0.07156528269427637,
      "coco_ar1": 0.20595372503887296,
      "coco_ar10": 0.2910329153818205,
      "coco_ar100": 0.29902654942035933,
      "coco_ar_large": 0.42132823224368077,
      "coco_ar_medium": 0.30896044950292634,
      "coco_ar_small": 0.11407624319602745,
      "nms_iou_threshold": 0.4,
      "num_predictions": 24988.0,
      "num_samples": 500.0,
      "score_alpha": 1.0,
      "score_beta": 1.0,
      "score_threshold": 0.1,
      "top_k": 100
    },
    {
      "coco_ap": 0.17482386466623942,
      "coco_ap50": 0.2885137779492027,
      "coco_ap75": 0.18120613623529427,
      "coco_ap_large": 0.2529087302283055,
      "coco_ap_medium": 0.19184704166271915,
      "coco_ap_small": 0.07271507814365032,
      "coco_ar1": 0.2056045325465115,
      "coco_ar10": 0.29716670304134246,
      "coco_ar100": 0.3094869550423526,
      "coco_ar_large": 0.4352276839975937,
      "coco_ar_medium": 0.31848051285799384,
      "coco_ar_small": 0.11639103585779069,
      "nms_iou_threshold": 0.5,
      "num_predictions": 28562.0,
      "num_samples": 500.0,
      "score_alpha": 1.0,
      "score_beta": 1.0,
      "score_threshold": 0.1,
      "top_k": 100
    },
    {
      "coco_ap": 0.1747954133130991,
      "coco_ap50": 0.28068596473087437,
      "coco_ap75": 0.18696908298628093,
      "coco_ap_large": 0.25368255256538136,
      "coco_ap_medium": 0.192584062889215,
      "coco_ap_small": 0.0723800627845976,
      "coco_ar1": 0.20538423964643993,
      "coco_ar10": 0.30830415559131974,
      "coco_ar100": 0.32411371340694667,
      "coco_ar_large": 0.4599953936875154,
      "coco_ar_medium": 0.3278440361838197,
      "coco_ar_small": 0.11788947032524837,
      "nms_iou_threshold": 0.6,
      "num_predictions": 32591.0,
      "num_samples": 500.0,
      "score_alpha": 1.0,
      "score_beta": 1.0,
      "score_threshold": 0.1,
      "top_k": 100
    },
    {
      "coco_ap": 0.16936334844809695,
      "coco_ap50": 0.2620195620826863,
      "coco_ap75": 0.18835181012125587,
      "coco_ap_large": 0.2450939446463662,
      "coco_ap_medium": 0.193653982580589,
      "coco_ap_small": 0.07029238417613669,
      "coco_ar1": 0.2042442601264293,
      "coco_ar10": 0.3103720272144811,
      "coco_ar100": 0.33384027806790656,
      "coco_ar_large": 0.4682198332531276,
      "coco_ar_medium": 0.3430573964217341,
      "coco_ar_small": 0.11860214452676526,
      "nms_iou_threshold": 0.7,
      "num_predictions": 37270.0,
      "num_samples": 500.0,
      "score_alpha": 1.0,
      "score_beta": 1.0,
      "score_threshold": 0.1,
      "top_k": 100
    },
    {
      "coco_ap": 0.16234096392561662,
      "coco_ap50": 0.2650607605159607,
      "coco_ap75": 0.17035383514876343,
      "coco_ap_large": 0.2429161272859273,
      "coco_ap_medium": 0.1746842431133534,
      "coco_ap_small": 0.05416867710906352,
      "coco_ar1": 0.18739865989897245,
      "coco_ar10": 0.2333420787646955,
      "coco_ar100": 0.2334146418542706,
      "coco_ar_large": 0.34994411308306667,
      "coco_ar_medium": 0.22218852001205913,
      "coco_ar_small": 0.06420727757473295,
      "nms_iou_threshold": 0.4,
      "num_predictions": 5327.0,
      "num_samples": 500.0,
      "score_alpha": 1.0,
      "score_beta": 1.0,
      "score_threshold": 0.2,
      "top_k": 12
    },
    {
      "coco_ap": 0.1625374288289435,
      "coco_ap50": 0.2610583909348097,
      "coco_ap75": 0.17210919166967678,
      "coco_ap_large": 0.24469626009506262,
      "coco_ap_medium": 0.17261945815214264,
      "coco_ap_small": 0.05304702963058759,
      "coco_ar1": 0.18533104256187924,
      "coco_ar10": 0.23304726185152613,
      "coco_ar100": 0.2332362435006384,
      "coco_ar_large": 0.35400916456365494,
      "coco_ar_medium": 0.21804740046041451,
      "coco_ar_small": 0.060215446781618026,
      "nms_iou_threshold": 0.5,
      "num_predictions": 5458.0,
      "num_samples": 500.0,
      "score_alpha": 1.0,
      "score_beta": 1.0,
      "score_threshold": 0.2,
      "top_k": 12
    },
    {
      "coco_ap": 0.16146995960450025,
      "coco_ap50": 0.2524714078122275,
      "coco_ap75": 0.17543072795721967,
      "coco_ap_large": 0.24404755955335652,
      "coco_ap_medium": 0.16786899338696318,
      "coco_ap_small": 0.052024705556745564,
      "coco_ar1": 0.18114954948783377,
      "coco_ar10": 0.23450621268939306,
      "coco_ar100": 0.2346200371436285,
      "coco_ar_large": 0.3507695922420773,
      "coco_ar_medium": 0.21441900919567405,
      "coco_ar_small": 0.05805214442581495,
      "nms_iou_threshold": 0.6,
      "num_predictions": 5603.0,
      "num_samples": 500.0,
      "score_alpha": 1.0,
      "score_beta": 1.0,
      "score_threshold": 0.2,
      "top_k": 12
    },
    {
      "coco_ap": 0.15348212388359325,
      "coco_ap50": 0.23173566529922351,
      "coco_ap75": 0.17191469779823354,
      "coco_ap_large": 0.2317718680609724,
      "coco_ap_medium": 0.1608171806455368,
      "coco_ap_small": 0.04821265401727004,
      "coco_ar1": 0.17083123751544332,
      "coco_ar10": 0.22711336267659188,
      "coco_ar100": 0.2277992453502289,
      "coco_ar_large": 0.34282761740801937,
      "coco_ar_medium": 0.20900433427394818,
      "coco_ar_small": 0.05298367663350131,
      "nms_iou_threshold": 0.7,
      "num_predictions": 5750.0,
      "num_samples": 500.0,
      "score_alpha": 1.0,
      "score_beta": 1.0,
      "score_threshold": 0.2,
      "top_k": 12
    },
    {
      "coco_ap": 0.17098223147503458,
      "coco_ap50": 0.28459525691453597,
      "coco_ap75": 0.17731046734630504,
      "coco_ap_large": 0.24804024372352876,
      "coco_ap_medium": 0.18576372353994924,
      "coco_ap_small": 0.06789494266906745,
      "coco_ar1": 0.198136163522382,
      "coco_ar10": 0.26733281737596654,
      "coco_ar100": 0.2729070746136619,
      "coco_ar_large": 0.3859245275643635,
      "coco_ar_medium": 0.2734151486418123,
      "coco_ar_small": 0.09388864261405881,
      "nms_iou_threshold": 0.4,
      "num_predictions": 11958.0,
      "num_samples": 500.0,
      "score_alpha": 1.0,
      "score_beta": 1.0,
      "score_threshold": 0.2,
      "top_k": 50
    },
    {
      "coco_ap": 0.1723664695020347,
      "coco_ap50": 0.2828427628409512,
      "coco_ap75": 0.17963796939840476,
      "coco_ap_large": 0.24986035380275057,
      "coco_ap_medium": 0.1887133283779575,
      "coco_ap_small": 0.0690650164138678,
      "coco_ar1": 0.1978759863783343,
      "coco_ar10": 0.27234480471711514,
      "coco_ar100": 0.2803331826873727,
      "coco_ar_large": 0.39513349401302,
      "coco_ar_medium": 0.27994334468848103,
      "coco_ar_small": 0.0957149670643545,
      "nms_iou_threshold": 0.5,
      "num_predictions": 13437.0,
      "num_samples": 500.0,
      "score_alpha": 1.0,
      "score_beta": 1.0,
      "score_threshold": 0.2,
      "top_k": 50
    },
    {
      "coco_ap": 0.17219157647338168,
      "coco_ap50": 0.2749012060109561,
      "coco_ap75": 0.18491916959885482,
      "coco_ap_large": 0.2504995880887353,
      "coco_ap_medium": 0.18942662719402226,
      "coco_ap_small": 0.06614748858168945,
      "coco_ar1": 0.1973941317003386,
      "coco_ar10": 0.2810821866835896,
      "coco_ar100": 0.29099428840309305,
      "coco_ar_large": 0.41081370127458916,
      "coco_ar_medium": 0.29040649761691456,
      "coco_ar_small": 0.09291812650370067,
      "nms_iou_threshold": 0.6,
      "num_predictions": 15250.0,
      "num_samples": 500.0,
      "score_alpha": 1.0,
      "score_beta": 1.0,
      "score_threshold": 0.2,
      "top_k": 50
    },
    {
      "coco_ap": 0.16698725488001978,
      "coco_ap50": 0.2569527738648343,
      "coco_ap75": 0.1861968098334933,
      "coco_ap_large": 0.2422820228824003,
      "coco_ap_medium": 0.19073164325604539,
      "coco_ap_small": 0.06396542905865922,
      "coco_ar1": 0.1951905065833875,
      "coco_ar10": 0.2824962000138391,
      "coco_ar100": 0.2976745960616876,
      "coco_ar_large": 0.42243800204813053,
      "coco_ar_medium": 0.2977405285819339,
      "coco_ar_small": 0.09252799135310272,
      "nms_iou_threshold": 0.7,
      "num_predictions": 17682.0,
      "num_samples": 500.0,
      "score_alpha": 1.0,
      "score_beta": 1.0,
      "score_threshold": 0.2,
      "top_k": 50
    },
    {
      "coco_ap": 0.17120064475178143,
      "coco_ap50": 0.2850963949066878,
      "coco_ap75": 0.17749332585346164,
      "coco_ap_large": 0.24844554855135273,
      "coco_ap_medium": 0.18600311560900176,
      "coco_ap_small": 0.06809641800642996,
      "coco_ar1": 0.19913124325270878,
      "coco_ar10": 0.26861198315428375,
      "coco_ar100": 0.2750169015509038,
      "coco_ar_large": 0.38781638067408974,
      "coco_ar_medium": 0.27660978517403606,
      "coco_ar_small": 0.09461131093767353,
      "nms_iou_threshold": 0.4,
      "num_predictions": 13367.0,
      "num_samples": 500.0,
      "score_alpha": 1.0,
      "score_beta": 1.0,
      "score_threshold": 0.2,
      "top_k": 100
    },
    {
      "coco_ap": 0.1727673517426969,
      "coco_ap50": 0.2839966749255393,
      "coco_ap75": 0.1798349895729375,
      "coco_ap_large": 0.2502117285564759,
      "coco_ap_medium": 0.18931467977511826,
      "coco_ap_small": 0.06966677871690706,
      "coco_ar1": 0.1987820507603474,
      "coco_ar10": 0.27458339005520643,
      "coco_ar100": 0.2845243638288925,
      "coco_ar_large": 0.3979871207210745,
      "coco_ar_medium": 0.2862207058240492,
      "coco_ar_small": 0.09833062556958302,
      "nms_iou_threshold": 0.5,
      "num_predictions": 16045.0,
      "num_samples": 500.0,
      "score_alpha": 1.0,
      "score_beta": 1.0,
      "score_threshold": 0.2,
      "top_k": 100
    },
    {
      "coco_ap": 0.17308704149924428,
      "coco_ap50": 0.2772252702451756,
      "coco_ap75": 0.1854507395871369,
      "coco_ap_large": 0.25132996649967965,
      "coco_ap_medium": 0.19054994620186735,
      "coco_ap_small": 0.06958212730455822,
      "coco_ar1": 0.1987820507603474,
      "coco_ar10": 0.28687019093208244,
      "coco_ar100": 0.3002743666978742,
      "coco_ar_large": 0.4220153939170563,
      "coco_ar_medium": 0.30154594072039287,
      "coco_ar_small": 0.10087891637868888,
      "nms_iou_threshold": 0.6,
      "num_predictions": 19595.0,
      "num_samples": 500.0,
      "score_alpha": 1.0,
      "score_beta": 1.0,
      "score_threshold": 0.2,
      "top_k": 100
    },
    {
      "coco_ap": 0.16808844585618227,
      "coco_ap50": 0.2599242410526801,
      "coco_ap75": 0.1870794221445136,
      "coco_ap_large": 0.24320961992091136,
      "coco_ap_medium": 0.1918895077924444,
      "coco_ap_small": 0.06850208972410372,
      "coco_ar1": 0.19855585228333386,
      "coco_ar10": 0.2908367460476981,
      "coco_ar100": 0.3115139031203753,
      "coco_ar_large": 0.4318144200737319,
      "coco_ar_medium": 0.31702215200085404,
      "coco_ar_small": 0.1054499680834297,
      "nms_iou_threshold": 0.7,
      "num_predictions": 24492.0,
      "num_samples": 500.0,
      "score_alpha": 1.0,
      "score_beta": 1.0,
      "score_threshold": 0.2,
      "top_k": 100
    },
    {
      "coco_ap": 0.16167720689387557,
      "coco_ap50": 0.26334693202045045,
      "coco_ap75": 0.16972938544964422,
      "coco_ap_large": 0.24156625419073338,
      "coco_ap_medium": 0.17363579158169198,
      "coco_ap_small": 0.05413281850461572,
      "coco_ar1": 0.18513998046746888,
      "coco_ar10": 0.23016437874107937,
      "coco_ar100": 0.2302369418306545,
      "coco_ar_large": 0.343483850881429,
      "coco_ar_medium": 0.21943579654504994,
      "coco_ar_small": 0.06392811972459717,
      "nms_iou_threshold": 0.4,
      "num_predictions": 4997.0,
      "num_samples": 500.0,
      "score_alpha": 1.0,
      "score_beta": 1.0,
      "score_threshold": 0.25,
      "top_k": 12
    },
    {
      "coco_ap": 0.16209790143959646,
      "coco_ap50": 0.2602715034971931,
      "coco_ap75": 0.17165235552009797,
      "coco_ap_large": 0.24380533210814093,
      "coco_ap_medium": 0.17234388007373472,
      "coco_ap_small": 0.05301327625525006,
      "coco_ar1": 0.18343395961105022,
      "coco_ar10": 0.23078252441994784,
      "coco_ar100": 0.2309715060690601,
      "coco_ar_large": 0.3489593150119257,
      "coco_ar_medium": 0.21650061391362796,
      "coco_ar_small": 0.059950627904811774,
      "nms_iou_threshold": 0.5,
      "num_predictions": 5151.0,
      "num_samples": 500.0,
      "score_alpha": 1.0,
      "score_beta": 1.0,
      "score_threshold": 0.25,
      "top_k": 12
    },
    {
      "coco_ap": 0.16051767765176625,
      "coco_ap50": 0.2506914347607154,
      "coco_ap75": 0.17504905486211284,
      "coco_ap_large": 0.24228033066484278,
      "coco_ap_medium": 0.16773960315856304,
      "coco_ap_small": 0.05197318635718204,
      "coco_ar1": 0.1797259235088427,
      "coco_ar10": 0.23061329015381085,
      "coco_ar100": 0.2307271146080463,
      "coco_ar_large": 0.3422758651393277,
      "coco_ar_medium": 0.21366143343809826,
      "coco_ar_small": 0.0577873255490087,
      "nms_iou_threshold": 0.6,
      "num_predictions": 5357.0,
      "num_samples": 500.0,
      "score_alpha": 1.0,
      "score_beta": 1.0,
      "score_threshold": 0.25,
      "top_k": 12
    },
    {
      "coco_ap": 0.15292883767022764,
      "coco_ap50": 0.23077007755600068,
      "coco_ap75": 0.17163722339618212,
      "coco_ap_large": 0.23064132599852716,
      "coco_ap_medium": 0.1608171806455368,
      "coco_ap_small": 0.04821265401727004,
      "coco_ar1": 0.16960451730297824,
      "coco_ar10": 0.22361091832870694,
      "coco_ar100": 0.22429680100234398,
      "coco_ar_large": 0.3349621971835765,
      "coco_ar_medium": 0.20900433427394818,
      "coco_ar_small": 0.05298367663350131,
      "nms_iou_threshold": 0.7,
      "num_predictions": 5584.0,
      "num_samples": 500.0,
      "score_alpha": 1.0,
      "score_beta": 1.0,
      "score_threshold": 0.25,
      "top_k": 12
    },
    {
      "coco_ap": 0.1698361371353178,
      "coco_ap50": 0.2813103219200564,
      "coco_ap75": 0.17664378515330637,
      "coco_ap_large": 0.24670737601183673,
      "coco_ap_medium": 0.18409533903555575,
      "coco_ap_small": 0.06745060684991952,
      "coco_ar1": 0.19487922559586665,
      "coco_ar10": 0.2588296235654629,
      "coco_ar100": 0.2639579359514254,
      "coco_ar_large": 0.37491816143801654,
      "coco_ar_medium": 0.2622535593580292,
      "coco_ar_small": 0.0912312297313743,
      "nms_iou_threshold": 0.4,
      "num_predictions": 9533.0,
      "num_samples": 500.0,
      "score_alpha": 1.0,
      "score_beta": 1.0,
      "score_threshold": 0.25,
      "top_k": 50
    },
    {
      "coco_ap": 0.17142599948893122,
      "coco_ap50": 0.2807753629552341,
      "coco_ap75": 0.17892067634035638,
      "coco_ap_large": 0.2485357588402809,
      "coco_ap_medium": 0.1877260743348409,
      "coco_ap_small": 0.06855281704968995,
      "coco_ar1": 0.19480757524955664,
      "coco_ar10": 0.26478060487756655,
      "coco_ar100": 0.2718800694836847,
      "coco_ar_large": 0.3835149252889321,
      "coco_ar_medium": 0.2710921017972404,
      "coco_ar_small": 0.09277829006396662,
      "nms_iou_threshold": 0.5,
      "num_predictions": 10843.0,
      "num_samples": 500.0,
      "score_alpha": 1.0,
      "score_beta": 1.0,
      "score_threshold": 0.25,
      "top_k": 50
    },
    {
      "coco_ap": 0.17083922453521858,
      "coco_ap50": 0.27243848029237183,
      "coco_ap75": 0.18402274970426216,
      "coco_ap_large": 0.24861759074951512,
      "coco_ap_medium": 0.1879792705986011,
      "coco_ap_small": 0.06577531893244554,
      "coco_ar1": 0.1944839484196622,
      "coco_ar10": 0.2715763224860142,
      "coco_ar100": 0.2802562572470024,
      "coco_ar_large": 0.3946174634204629,
      "coco_ar_medium": 0.28066833167187216,
      "coco_ar_small": 0.09062890249856856,
      "nms_iou_threshold": 0.6,
      "num_predictions": 12632.0,
      "num_samples": 500.0,
      "score_alpha": 1.0,
      "score_beta": 1.0,
      "score_threshold": 0.25,
      "top_k": 50
    },
    {
      "coco_ap": 0.16609546817543636,
      "coco_ap50": 0.25528270139765397,
      "coco_ap75": 0.18549490002627397,
      "coco_ap_large": 0.24077278964101606,
      "coco_ap_medium": 0.19023675983156127,
      "coco_ap_small": 0.0636992332504215,
      "coco_ar1": 0.19272601041855125,
      "coco_ar10": 0.27492537406823087,
      "coco_ar100": 0.2892350354884803,
      "coco_ar_large": 0.407363550517075,
      "coco_ar_medium": 0.2917401540101307,
      "coco_ar_small": 0.0905316310499252,
      "nms_iou_threshold": 0.7,
      "num_predictions": 15067.0,
      "num_samples": 500.0,
      "score_alpha": 1.0,
      "score_beta": 1.0,
      "score_threshold": 0.25,
      "top_k": 50
    },
    {
      "coco_ap": 0.17005730792363172,
      "coco_ap50": 0.28179212154123146,
      "coco_ap75": 0.17682347550884742,
      "coco_ap_large": 0.2471311539512393,
      "coco_ap_medium": 0.18434985421974506,
      "coco_ap_small": 0.06760910563863459,
      "coco_ar1": 0.19587430532619346,
      "coco_ar10": 0.259884922535071,
      "coco_ar100": 0.26574353759409103,
      "coco_ar_large": 0.376791118100275,
      "coco_ar_medium": 0.2649049324203826,
      "coco_ar_small": 0.09174277811989433,
      "nms_iou_threshold": 0.4,
      "num_predictions": 10120.0,
      "num_samples": 500.0,
      "score_alpha": 1.0,
      "score_beta": 1.0,
      "score_threshold": 0.25,
      "top_k": 100
    },
    {
      "coco_ap": 0.1717270220586782,
      "coco_ap50": 0.2815767987298162,
      "coco_ap75": 0.179097477359264,
      "coco_ap_large": 0.2488833023708239,
      "coco_ap_medium": 0.18813277142505283,
      "coco_ap_small": 0.06908739215418018,
      "coco_ar1": 0.19552511283383203,
      "coco_ar10": 0.26614404128263824,
      "coco_ar100": 0.2749265503410776,
      "coco_ar_large": 0.3861768086329743,
      "coco_ar_medium": 0.27511946181897484,
      "coco_ar_small": 0.09476818543635813,
      "nms_iou_threshold": 0.5,
      "num_predictions": 12095.0,
      "num_samples": 500.0,
      "score_alpha": 1.0,
      "score_beta": 1.0,
      "score_threshold": 0.25,
      "top_k": 100
    },
    {
      "coco_ap": 0.17151747012854515,
      "coco_ap50": 0.27419339025536194,
      "coco_ap75": 0.18442028921773704,
      "coco_ap_large": 0.24944211746979128,
      "coco_ap_medium": 0.18874499274964904,
      "coco_ap_small": 0.06902272208173564,
      "coco_ar1": 0.19552511283383203,
      "coco_ar10": 0.2745345948935932,
      "coco_ar100": 0.28612541012348314,
      "coco_ar_large": 0.40409362599687,
      "coco_ar_medium": 0.2872354551930412,
      "coco_ar_small": 0.09676954875518738,
      "nms_iou_threshold": 0.6,
      "num_predictions": 15002.0,
      "num_samples": 500.0,
      "score_alpha": 1.0,
      "score_beta": 1.0,
      "score_threshold": 0.25,
      "top_k": 100
    },
    {
      "coco_ap": 0.16691971100261052,
      "coco_ap50": 0.25761648161124895,
      "coco_ap75": 0.1861458269896951,
      "coco_ap_large": 0.24173180796618163,
      "coco_ap_medium": 0.1908412557631219,
      "coco_ap_small": 0.06784581126404936,
      "coco_ar1": 0.19529891435681845,
      "coco_ar10": 0.280049357640384,
      "coco_ar100": 0.29826130835724596,
      "coco_ar_large": 0.41423150960314004,
      "coco_ar_medium": 0.30362637937452885,
      "coco_ar_small": 0.10035655369324786,
      "nms_iou_threshold": 0.7,
      "num_predictions": 19476.0,
      "num_samples": 500.0,
      "score_alpha": 1.0,
      "score_beta": 1.0,
      "score_threshold": 0.25,
      "top_k": 100
    },
    {
      "coco_ap": 0.16492981953576075,
      "coco_ap50": 0.2690984233333811,
      "coco_ap75": 0.17326867078611102,
      "coco_ap_large": 0.24790226617555727,
      "coco_ap_medium": 0.17418167404212742,
      "coco_ap_small": 0.05607738891888017,
      "coco_ar1": 0.1914503695904318,
      "coco_ar10": 0.23828003458173186,
      "coco_ar100": 0.23838566423670177,
      "coco_ar_large": 0.35930279832368583,
      "coco_ar_medium": 0.22975291949555873,
      "coco_ar_small": 0.0656568102898917,
      "nms_iou_threshold": 0.4,
      "num_predictions": 5966.0,
      "num_samples": 500.0,
      "score_alpha": 1.5,
      "score_beta": 1.0,
      "score_threshold": 0.01,
      "top_k": 12
    },
    {
      "coco_ap": 0.16471938361979047,
      "coco_ap50": 0.26504324472083207,
      "coco_ap75": 0.1742667243718469,
      "coco_ap_large": 0.24795619072263067,
      "coco_ap_medium": 0.174945507809396,
      "coco_ap_small": 0.0544976373228553,
      "coco_ar1": 0.18977120425056232,
      "coco_ar10": 0.238851231943119,
      "coco_ar100": 0.2390415573531493,
      "coco_ar_large": 0.3601880336743909,
      "coco_ar_medium": 0.22934804003269718,
      "coco_ar_small": 0.06112212198090773,
      "nms_iou_threshold": 0.5,
      "num_predictions": 5983.0,
      "num_samples": 500.0,
      "score_alpha": 1.5,
      "score_beta": 1.0,
      "score_threshold": 0.01,
      "top_k": 12
    },
    {
      "coco_ap": 0.1640114183391906,
      "coco_ap50": 0.25747572652608786,
      "coco_ap75": 0.1764454413720879,
      "coco_ap_large": 0.2459646109157227,
      "coco_ap_medium": 0.16842305678226946,
      "coco_ap_small": 0.054343854209764245,
      "coco_ar1": 0.18493244768810133,
      "coco_ar10": 0.23853597058516,
      "coco_ar100": 0.23880713141773977,
      "coco_ar_large": 0.35664569096267684,
      "coco_ar_medium": 0.21979611567826773,
      "coco_ar_small": 0.0599831353262916,
      "nms_iou_threshold": 0.6,
      "num_predictions": 5995.0,
      "num_samples": 500.0,
      "score_alpha": 1.5,
      "score_beta": 1.0,
      "score_threshold": 0.01,
      "top_k": 12
    },
    {
      "coco_ap": 0.15908340908099838,
      "coco_ap50": 0.23911084153214987,
      "coco_ap75": 0.1794547477763518,
      "coco_ap_large": 0.2407467533173787,
      "coco_ap_medium": 0.16679695491164928,
      "coco_ap_small": 0.0491657788318419,
      "coco_ar1": 0.17771050448822395,
      "coco_ar10": 0.23605163096663473,
      "coco_ar100": 0.23636887711043608,
      "coco_ar_large": 0.35702700910215257,
      "coco_ar_medium": 0.21991646606204773,
      "coco_ar_small": 0.054469291311975185,
      "nms_iou_threshold": 0.7,
      "num_predictions": 6000.0,
      "num_samples": 500.0,
      "score_alpha": 1.5,
      "score_beta": 1.0,
      "score_threshold": 0.01,
      "top_k": 12
    },
    {
      "coco_ap": 0.17440409156703304,
      "coco_ap50": 0.29145194932942914,
      "coco_ap75": 0.1808183227147093,
      "coco_ap_large": 0.25444107122003623,
      "coco_ap_medium": 0.18750541289315495,
      "coco_ap_small": 0.07504584898446535,
      "coco_ar1": 0.20877390040660646,
      "coco_ar10": 0.28891560508927755,
      "coco_ar100": 0.2956369475859321,
      "coco_ar_large": 0.4249686786172157,
      "coco_ar_medium": 0.29923789546153207,
      "coco_ar_small": 0.11147248554897209,
      "nms_iou_threshold": 0.4,
      "num_predictions": 22773.0,
      "num_samples": 500.0,
      "score_alpha": 1.5,
      "score_beta": 1.0,
      "score_threshold": 0.01,
      "top_k": 50
    },
    {
      "coco_ap": 0.17538075244183846,
      "coco_ap50": 0.28830246373437035,
      "coco_ap75": 0.1829743051690397,
      "coco_ap_large": 0.25565829016480723,
      "coco_ap_medium": 0.190731102476813,
      "coco_ap_small": 0.07412168882491925,
      "coco_ar1": 0.20788608495852504,
      "coco_ar10": 0.29355731225705656,
      "coco_ar100": 0.3020095084789645,
      "coco_ar_large": 0.43383190176405156,
      "coco_ar_medium": 0.30509454120770746,
      "coco_ar_small": 0.10794859967290052,
      "nms_iou_threshold": 0.5,
      "num_predictions": 23379.0,
      "num_samples": 500.0,
      "score_alpha": 1.5,
      "score_beta": 1.0,
      "score_threshold": 0.01,
      "top_k": 50
    },
    {
      "coco_ap": 0.17630149222887662,
      "coco_ap50": 0.28188345888201105,
      "coco_ap75": 0.18823949696894868,
      "coco_ap_large": 0.2566145210270672,
      "coco_ap_medium": 0.19207375697449278,
      "coco_ap_small": 0.0734994548782407,
      "coco_ar1": 0.20661603843955775,
      "coco_ar10": 0.3010074998097573,
      "coco_ar100": 0.31125368335268405,
      "coco_ar_large": 0.44872156910306077,
      "coco_ar_medium": 0.31379114314717294,
      "coco_ar_small": 0.10618192925784545,
      "nms_iou_threshold": 0.6,
      "num_predictions": 23908.0,
      "num_samples": 500.0,
      "score_alpha": 1.5,
      "score_beta": 1.0,
      "score_threshold": 0.01,
      "top_k": 50
    },
    {
      "coco_ap": 0.1715271479714645,
      "coco_ap50": 0.2625083583554112,
      "coco_ap75": 0.192712572944591,
      "coco_ap_large": 0.25043121629349785,
      "coco_ap_medium": 0.19394016559641963,
      "coco_ap_small": 0.06977432723379519,
      "coco_ar1": 0.2033301651131222,
      "coco_ar10": 0.2995699255604068,
      "coco_ar100": 0.31301241636781424,
      "coco_ar_large": 0.4548217869045386,
      "coco_ar_medium": 0.3172377231077928,
      "coco_ar_small": 0.1004684260544973,
      "nms_iou_threshold": 0.7,
      "num_predictions": 24383.0,
      "num_samples": 500.0,
      "score_alpha": 1.5,
      "score_beta": 1.0,
      "score_threshold": 0.01,
      "top_k": 50
    },
    {
      "coco_ap": 0.17517839571771818,
      "coco_ap50": 0.2939053044177949,
      "coco_ap75": 0.18116278306261166,
      "coco_ap_large": 0.2548379647670965,
      "coco_ap_medium": 0.1885362266698345,
      "coco_ap_small": 0.07619170046075337,
      "coco_ar1": 0.2114553581560307,
      "coco_ar10": 0.3014863864337361,
      "coco_ar100": 0.3101188384019309,
      "coco_ar_large": 0.43851883319859264,
      "coco_ar_medium": 0.3196278062429629,
      "coco_ar_small": 0.12180914683307859,
      "nms_iou_threshold": 0.4,
      "num_predictions": 39253.0,
      "num_samples": 500.0,
      "score_alpha": 1.5,
      "score_beta": 1.0,
      "score_threshold": 0.01,
      "top_k": 100
    },
    {
      "coco_ap": 0.17643066022889178,
      "coco_ap50": 0.29095552933545576,
      "coco_ap75": 0.18358983677223636,
      "coco_ap_large": 0.25597409927253356,
      "coco_ap_medium": 0.19234147343197525,
      "coco_ap_small": 0.07700773691911994,
      "coco_ar1": 0.21089753558596688,
      "coco_ar10": 0.30936447612005674,
      "coco_ar100": 0.3214935192008172,
      "coco_ar_large": 0.44987625159095457,
      "coco_ar_medium": 0.3324563314156172,
      "coco_ar_small": 0.12539701890381194,
      "nms_iou_threshold": 0.5,
      "num_predictions": 41641.0,
      "num_samples": 500.0,
      "score_alpha": 1.5,
      "score_beta": 1.0,
      "score_threshold": 0.01,
      "top_k": 100
    },
    {
      "coco_ap": 0.17767630999303208,
      "coco_ap50": 0.28496118535152587,
      "coco_ap75": 0.1892634771689859,
      "coco_ap_large": 0.2576073031178758,
      "coco_ap_medium": 0.19361299224065756,
      "coco_ap_small": 0.07729751673407065,
      "coco_ar1": 0.20999994546993406,
      "coco_ar10": 0.3180240299281544,
      "coco_ar100": 0.33379813424636234,
      "coco_ar_large": 0.47554074020438514,
      "coco_ar_medium": 0.33717304930015163,
      "coco_ar_small": 0.12596692162056655,
      "nms_iou_threshold": 0.6,
      "num_predictions": 43856.0,
      "num_samples": 500.0,
      "score_alpha": 1.5,
      "score_beta": 1.0,
      "score_threshold": 0.01,
      "top_k": 100
    },
    {
      "coco_ap": 0.17335978201419874,
      "coco_ap50": 0.26656717988715095,
      "coco_ap75": 0.19436291742786607,
      "coco_ap_large": 0.2517897158793682,
      "coco_ap_medium": 0.1957740934371819,
      "coco_ap_small": 0.07527900998844518,
      "coco_ar1": 0.20862322433460037,
      "coco_ar10": 0.319976951110447,
      "coco_ar100": 0.34250286195168883,
      "coco_ar_large": 0.4817491454683772,
      "coco_ar_medium": 0.3515815066294086,
      "coco_ar_small": 0.12431854880666343,
      "nms_iou_threshold": 0.7,
      "num_predictions": 46111.0,
      "num_samples": 500.0,
      "score_alpha": 1.5,
      "score_beta": 1.0,
      "score_threshold": 0.01,
      "top_k": 100
    },
    {
      "coco_ap": 0.16492981953576075,
      "coco_ap50": 0.2690984233333811,
      "coco_ap75": 0.17326867078611102,
      "coco_ap_large": 0.24790226617555727,
      "coco_ap_medium": 0.17418167404212742,
      "coco_ap_small": 0.05607738891888017,
      "coco_ar1": 0.1914503695904318,
      "coco_ar10": 0.23828003458173186,
      "coco_ar100": 0.23838566423670177,
      "coco_ar_large": 0.35930279832368583,
      "coco_ar_medium": 0.22975291949555873,
      "coco_ar_small": 0.0656568102898917,
      "nms_iou_threshold": 0.4,
      "num_predictions": 5814.0,
      "num_samples": 500.0,
      "score_alpha": 1.5,
      "score_beta": 1.0,
      "score_threshold": 0.05,
      "top_k": 12
    },
    {
      "coco_ap": 0.16471938361979047,
      "coco_ap50": 0.26504324472083207,
      "coco_ap75": 0.1742667243718469,
      "coco_ap_large": 0.24795619072263067,
      "coco_ap_medium": 0.174945507809396,
      "coco_ap_small": 0.0544976373228553,
      "coco_ar1": 0.18977120425056232,
      "coco_ar10": 0.238851231943119,
      "coco_ar100": 0.2390415573531493,
      "coco_ar_large": 0.3601880336743909,
      "coco_ar_medium": 0.22934804003269718,
      "coco_ar_small": 0.06112212198090773,
      "nms_iou_threshold": 0.5,
      "num_predictions": 5870.0,
      "num_samples": 500.0,
      "score_alpha": 1.5,
      "score_beta": 1.0,
      "score_threshold": 0.05,
      "top_k": 12
    },
    {
      "coco_ap": 0.1640114183391906,
      "coco_ap50": 0.25747572652608786,
      "coco_ap75": 0.1764454413720879,
      "coco_ap_large": 0.2459646109157227,
      "coco_ap_medium": 0.16842305678226946,
      "coco_ap_small": 0.054343854209764245,
      "coco_ar1": 0.18493244768810133,
      "coco_ar10": 0.23853597058516,
      "coco_ar100": 0.23880713141773977,
      "coco_ar_large": 0.35664569096267684,
      "coco_ar_medium": 0.21979611567826773,
      "coco_ar_small": 0.0599831353262916,
      "nms_iou_threshold": 0.6,
      "num_predictions": 5926.0,
      "num_samples": 500.0,
      "score_alpha": 1.5,
      "score_beta": 1.0,
      "score_threshold": 0.05,
      "top_k": 12
    },
    {
      "coco_ap": 0.15908340908099838,
      "coco_ap50": 0.23911084153214987,
      "coco_ap75": 0.1794547477763518,
      "coco_ap_large": 0.2407467533173787,
      "coco_ap_medium": 0.16679695491164928,
      "coco_ap_small": 0.0491657788318419,
      "coco_ar1": 0.17771050448822395,
      "coco_ar10": 0.23605163096663473,
      "coco_ar100": 0.23636887711043608,
      "coco_ar_large": 0.35702700910215257,
      "coco_ar_medium": 0.21991646606204773,
      "coco_ar_small": 0.054469291311975185,
      "nms_iou_threshold": 0.7,
      "num_predictions": 5966.0,
      "num_samples": 500.0,
      "score_alpha": 1.5,
      "score_beta": 1.0,
      "score_threshold": 0.05,
      "top_k": 12
    },
    {
      "coco_ap": 0.17430899307401654,
      "coco_ap50": 0.2912375934623777,
      "coco_ap75": 0.18072304985562812,
      "coco_ap_large": 0.25419198920495256,
      "coco_ap_medium": 0.18740012106375148,
      "coco_ap_small": 0.07504584898446535,
      "coco_ar1": 0.2084654923942286,
      "coco_ar10": 0.2873578179576297,
      "coco_ar100": 0.29407647293244826,
      "coco_ar_large": 0.42174597539451253,
      "coco_ar_medium": 0.29734340861236247,
      "coco_ar_small": 0.11147248554897209,
      "nms_iou_threshold": 0.4,
      "num_predictions": 19380.0,
      "num_samples": 500.0,
      "score_alpha": 1.5,
      "score_beta": 1.0,
      "score_threshold": 0.05,
      "top_k": 50
    },
    {
      "coco_ap": 0.17531304361396238,
      "coco_ap50": 0.2881963162444382,
      "coco_ap75": 0.182887716671996,
      "coco_ap_large": 0.2555644920820803,
      "coco_ap_medium": 0.19060230502213515,
      "coco_ap_small": 0.07412168882491925,
      "coco_ar1": 0.20757767694614718,
      "coco_ar10": 0.29214686716562743,
      "coco_ar100": 0.3005990633875354,
      "coco_ar_large": 0.4326877218698717,
      "coco_ar_medium": 0.3029253215384877,
      "coco_ar_small": 0.10794859967290052,
      "nms_iou_threshold": 0.5,
      "num_predictions": 20381.0,
      "num_samples": 500.0,
      "score_alpha": 1.5,
      "score_beta": 1.0,
      "score_threshold": 0.05,
      "top_k": 50
    },
    {
      "coco_ap": 0.17622854199572865,
      "coco_ap50": 0.28177153138111477,
      "coco_ap75": 0.18810441727561653,
      "coco_ap_large": 0.2565163536291492,
      "coco_ap_medium": 0.19192066981546263,
      "coco_ap_small": 0.0734994548782407,
      "coco_ar1": 0.20630763042717984,
      "coco_ar10": 0.29967944725582946,
      "coco_ar100": 0.3099256307987563,
      "coco_ar_large": 0.44750022871505374,
      "coco_ar_medium": 0.31184420120023093,
      "coco_ar_small": 0.10618192925784545,
      "nms_iou_threshold": 0.6,
      "num_predictions": 21499.0,
      "num_samples": 500.0,
      "score_alpha": 1.5,
      "score_beta": 1.0,
      "score_threshold": 0.05,
      "top_k": 50
    },
    {
      "coco_ap": 0.1714956029842751,
      "coco_ap50": 0.26245631633208316,
      "coco_ap75": 0.19266962734654128,
      "coco_ap_large": 0.2503442228722333,
      "coco_ap_medium": 0.19393383512657786,
      "coco_ap_small": 0.06977432723379519,
      "coco_ar1": 0.20302175710074435,
      "coco_ar10": 0.29908333485029454,
      "coco_ar100": 0.31252582565770204,
      "coco_ar_large": 0.4536776070103587,
      "coco_ar_medium": 0.31694912281919246,
      "coco_ar_small": 0.1004684260544973,
      "nms_iou_threshold": 0.7,
      "num_predictions": 22735.0,
      "num_samples": 500.0,
      "score_alpha": 1.5,
      "score_beta": 1.0,
      "score_threshold": 0.05,
      "top_k": 50
    },
    {
      "coco_ap": 0.17493092836514199,
      "coco_ap50": 0.2931956056129006,
      "coco_ap75": 0.18106286840219574,
      "coco_ap_large": 0.25440088759556156,
      "coco_ap_medium": 0.18826030736340485,
      "coco_ap_small": 0.07610471474875649,
      "coco_ar1": 0.20989300368663344,
      "coco_ar10": 0.29629311131043573,
      "coco_ar100": 0.3044947568477204,
      "coco_ar_large": 0.42960861110536247,
      "coco_ar_medium": 0.31440829388039715,
      "coco_ar_small": 0.12060060709868506,
      "nms_iou_threshold": 0.4,
      "num_predictions": 27708.0,
      "num_samples": 500.0,
      "score_alpha": 1.5,
      "score_beta": 1.0,
      "score_threshold": 0.05,
      "top_k": 100
    },
    {
      "coco_ap": 0.17620232432956076,
      "coco_ap50": 0.29049054090802706,
      "coco_ap75": 0.18341201510102684,
      "coco_ap_large": 0.25576873647543,
      "coco_ap_medium": 0.1919211517970234,
      "coco_ap_small": 0.07681298875714833,
      "coco_ar1": 0.2096932550556971,
      "coco_ar10": 0.3042505211045422,
      "coco_ar100": 0.3156229599383518,
      "coco_ar_large": 0.4440622462146553,
      "coco_ar_medium": 0.3261328382738441,
      "coco_ar_small": 0.12256857246931614,
      "nms_iou_threshold": 0.5,
      "num_predictions": 31083.0,
      "num_samples": 500.0,
      "score_alpha": 1.5,
      "score_beta": 1.0,
      "score_threshold": 0.05,
      "top_k": 100
    },
    {
      "coco_ap": 0.177527026177542,
      "coco_ap50": 0.2846500349349886,
      "coco_ap75": 0.18913193469047804,
      "coco_ap_large": 0.2574422338986061,
      "coco_ap_medium": 0.19334850648829843,
      "coco_ap_small": 0.07712951081158262,
      "coco_ar1": 0.2093020535237685,
      "coco_ar10": 0.3149209702944305,
      "coco_ar100": 0.32991556001058403,
      "coco_ar_large": 0.47154802310770766,
      "coco_ar_medium": 0.3330828723852013,
      "coco_ar_small": 0.12346475711840203,
      "nms_iou_threshold": 0.6,
      "num_predictions": 34853.0,
      "num_samples": 500.0,
      "score_alpha": 1.5,
      "score_beta": 1.0,
      "score_threshold": 0.05,
      "top_k": 100
    },
    {
      "coco_ap": 0.173315797041733,
      "coco_ap50": 0.2664876146790308,
      "coco_ap75": 0.19429514847839305,
      "coco_ap_large": 0.25172535251121425,
      "coco_ap_medium": 0.19568542980908907,
      "coco_ap_small": 0.07527900998844518,
      "coco_ar1": 0.20831481632222257,
      "coco_ar10": 0.3186054647053124,
      "coco_ar100": 0.34112600050288205,
      "coco_ar_large": 0.48021611623601246,
      "coco_ar_medium": 0.34973054121348857,
      "coco_ar_small": 0.12431854880666343,
      "nms_iou_threshold": 0.7,
      "num_predictions": 39198.0,
      "num_samples": 500.0,
      "score_alpha": 1.5,
      "score_beta": 1.0,
      "score_threshold": 0.05,
      "top_k": 100
    },
    {
      "coco_ap": 0.16492981953576075,
      "coco_ap50": 0.2690984233333811,
      "coco_ap75": 0.17326867078611102,
      "coco_ap_large": 0.24790226617555727,
      "coco_ap_medium": 0.17418167404212742,
      "coco_ap_small": 0.05607738891888017,
      "coco_ar1": 0.1914503695904318,
      "coco_ar10": 0.23828003458173186,
      "coco_ar100": 0.23838566423670177,
      "coco_ar_large": 0.35930279832368583,
      "coco_ar_medium": 0.22975291949555873,
      "coco_ar_small": 0.0656568102898917,
      "nms_iou_threshold": 0.4,
      "num_predictions": 5608.0,
      "num_samples": 500.0,
      "score_alpha": 1.5,
      "score_beta": 1.0,
      "score_threshold": 0.1,
      "top_k": 12
    },
    {
      "coco_ap": 0.16471938361979047,
      "coco_ap50": 0.26504324472083207,
      "coco_ap75": 0.1742667243718469,
      "coco_ap_large": 0.24795619072263067,
      "coco_ap_medium": 0.174945507809396,
      "coco_ap_small": 0.0544976373228553,
      "coco_ar1": 0.18977120425056232,
      "coco_ar10": 0.238851231943119,
      "coco_ar100": 0.2390415573531493,
      "coco_ar_large": 0.3601880336743909,
      "coco_ar_medium": 0.22934804003269718,
      "coco_ar_small": 0.06112212198090773,
      "nms_iou_threshold": 0.5,
      "num_predictions": 5693.0,
      "num_samples": 500.0,
      "score_alpha": 1.5,
      "score_beta": 1.0,
      "score_threshold": 0.1,
      "top_k": 12
    },
    {
      "coco_ap": 0.1640114183391906,
      "coco_ap50": 0.25747572652608786,
      "coco_ap75": 0.1764454413720879,
      "coco_ap_large": 0.2459646109157227,
      "coco_ap_medium": 0.16842305678226946,
      "coco_ap_small": 0.054343854209764245,
      "coco_ar1": 0.18493244768810133,
      "coco_ar10": 0.23853597058516,
      "coco_ar100": 0.23880713141773977,
      "coco_ar_large": 0.35664569096267684,
      "coco_ar_medium": 0.21979611567826773,
      "coco_ar_small": 0.0599831353262916,
      "nms_iou_threshold": 0.6,
      "num_predictions": 5786.0,
      "num_samples": 500.0,
      "score_alpha": 1.5,
      "score_beta": 1.0,
      "score_threshold": 0.1,
      "top_k": 12
    },
    {
      "coco_ap": 0.15908340908099838,
      "coco_ap50": 0.23911084153214987,
      "coco_ap75": 0.1794547477763518,
      "coco_ap_large": 0.2407467533173787,
      "coco_ap_medium": 0.16679695491164928,
      "coco_ap_small": 0.0491657788318419,
      "coco_ar1": 0.17771050448822395,
      "coco_ar10": 0.23605163096663473,
      "coco_ar100": 0.23636887711043608,
      "coco_ar_large": 0.35702700910215257,
      "coco_ar_medium": 0.21991646606204773,
      "coco_ar_small": 0.054469291311975185,
      "nms_iou_threshold": 0.7,
      "num_predictions": 5881.0,
      "num_samples": 500.0,
      "score_alpha": 1.5,
      "score_beta": 1.0,
      "score_threshold": 0.1,
      "top_k": 12
    },
    {
      "coco_ap": 0.1737420034401627,
      "coco_ap50": 0.28993124890689204,
      "coco_ap75": 0.18029493402010668,
      "coco_ap_large": 0.25308114631121537,
      "coco_ap_medium": 0.18694282586371672,
      "coco_ap_small": 0.07389825117857271,
      "coco_ar1": 0.205182608567579,
      "coco_ar10": 0.28072665469647223,
      "coco_ar100": 0.28686253408402895,
      "coco_ar_large": 0.40979955363255327,
      "coco_ar_medium": 0.2903680260003274,
      "coco_ar_small": 0.1045222585138077,
      "nms_iou_threshold": 0.4,
      "num_predictions": 15360.0,
      "num_samples": 500.0,
      "score_alpha": 1.5,
      "score_beta": 1.0,
      "score_threshold": 0.1,
      "top_k": 50
    },
    {
      "coco_ap": 0.1746867958844672,
      "coco_ap50": 0.2868943297636923,
      "coco_ap75": 0.18233956137763474,
      "coco_ap_large": 0.25409565890878766,
      "coco_ap_medium": 0.190246409305006,
      "coco_ap_small": 0.07341407255637995,
      "coco_ar1": 0.2044874183258818,
      "coco_ar10": 0.2851813830684636,
      "coco_ar100": 0.293199643548797,
      "coco_ar_large": 0.4167659879804264,
      "coco_ar_medium": 0.2981962036335325,
      "coco_ar_small": 0.10372436084973123,
      "nms_iou_threshold": 0.5,
      "num_predictions": 16725.0,
      "num_samples": 500.0,
      "score_alpha": 1.5,
      "score_beta": 1.0,
      "score_threshold": 0.1,
      "top_k": 50
    },
    {
      "coco_ap": 0.1758096518008925,
      "coco_ap50": 0.28080437502084593,
      "coco_ap75": 0.18782909012359042,
      "coco_ap_large": 0.2555045494291975,
      "coco_ap_medium": 0.19156692658634517,
      "coco_ap_small": 0.07278446550306177,
      "coco_ar1": 0.2035475864464301,
      "coco_ar10": 0.2940252844214692,
      "coco_ar100": 0.3038585049399538,
      "coco_ar_large": 0.4351979545835976,
      "coco_ar_medium": 0.3070351632153556,
      "coco_ar_small": 0.1020573501332663,
      "nms_iou_threshold": 0.6,
      "num_predictions": 18398.0,
      "num_samples": 500.0,
      "score_alpha": 1.5,
      "score_beta": 1.0,
      "score_threshold": 0.1,
      "top_k": 50
    },
    {
      "coco_ap": 0.17125189242024316,
      "coco_ap50": 0.2619165770400919,
      "coco_ap75": 0.19249410231167197,
      "coco_ap_large": 0.24958039784745442,
      "coco_ap_medium": 0.19368449258305181,
      "coco_ap_small": 0.06952930273134494,
      "coco_ar1": 0.20075446930895333,
      "coco_ar10": 0.29550536110502434,
      "coco_ar100": 0.30894785191243185,
      "coco_ar_large": 0.4434896342879657,
      "coco_ar_medium": 0.31364621759044997,
      "coco_ar_small": 0.09962667521274646,
      "nms_iou_threshold": 0.7,
      "num_predictions": 20322.0,
      "num_samples": 500.0,
      "score_alpha": 1.5,
      "score_beta": 1.0,
      "score_threshold": 0.1,
      "top_k": 50
    },
    {
      "coco_ap": 0.1741349148422038,
      "coco_ap50": 0.29121666349569825,
      "coco_ap75": 0.18056506634043915,
      "coco_ap_large": 0.25303108287674236,
      "coco_ap_medium": 0.187555838035004,
      "coco_ap_small": 0.07470327292475909,
      "coco_ar1": 0.20583392733836622,
      "coco_ar10": 0.285683083753951,
      "coco_ar100": 0.29286162379230124,
      "coco_ar_large": 0.41182780382151774,
      "coco_ar_medium": 0.30181954508106545,
      "coco_ar_small": 0.10905435163553097,
      "nms_iou_threshold": 0.4,
      "num_predictions": 18819.0,
      "num_samples": 500.0,
      "score_alpha": 1.5,
      "score_beta": 1.0,
      "score_threshold": 0.1,
      "top_k": 100
    },
    {
      "coco_ap": 0.1753399299203469,
      "coco_ap50": 0.2885186847651938,
      "coco_ap75": 0.1827872827360961,
      "coco_ap_large": 0.25421935541376584,
      "coco_ap_medium": 0.19125127579989679,
      "coco_ap_small": 0.07539648193476753,
      "coco_ar1": 0.20583392733836622,
      "coco_ar10": 0.2919215929440142,
      "coco_ar100": 0.3025137985832545,
      "coco_ar_large": 0.422701574789166,
      "coco_ar_medium": 0.3137830644954347,
      "coco_ar_small": 0.11105839929846158,
      "nms_iou_threshold": 0.5,
      "num_predictions": 21951.0,
      "num_samples": 500.0,
      "score_alpha": 1.5,
      "score_beta": 1.0,
      "score_threshold": 0.1,
      "top_k": 100
    },
    {
      "coco_ap": 0.17687132774011058,
      "coco_ap50": 0.2833938184878002,
      "coco_ap75": 0.18854163874087024,
      "coco_ap_large": 0.25605979480563795,
      "coco_ap_medium": 0.19284482598207156,
      "coco_ap_small": 0.07602104547465453,
      "coco_ar1": 0.20583392733836622,
      "coco_ar10": 0.30407464199637296,
      "coco_ar100": 0.3180899695763731,
      "coco_ar_large": 0.4504735061369529,
      "coco_ar_medium": 0.32342018901132236,
      "coco_ar_small": 0.11407551582295067,
      "nms_iou_threshold": 0.6,
      "num_predictions": 25894.0,
      "num_samples": 500.0,
      "score_alpha": 1.5,
      "score_beta": 1.0,
      "score_threshold": 0.1,
      "top_k": 100
    },
    {
      "coco_ap": 0.17275176668801373,
      "coco_ap50": 0.265570915719737,
      "coco_ap75": 0.19360424894210143,
      "coco_ap_large": 0.2505601527032425,
      "coco_ap_medium": 0.19504336316908016,
      "coco_ap_small": 0.07464566106949637,
      "coco_ar1": 0.2052245577019571,
      "coco_ar10": 0.30977457425341276,
      "coco_ar100": 0.3302137628679898,
      "coco_ar_large": 0.4622254623658792,
      "coco_ar_medium": 0.33984263388365554,
      "coco_ar_small": 0.11827567096125195,
      "nms_iou_threshold": 0.7,
      "num_predictions": 31015.0,
      "num_samples": 500.0,
      "score_alpha": 1.5,
      "score_beta": 1.0,
      "score_threshold": 0.1,
      "top_k": 100
    },
    {
      "coco_ap": 0.16408447036896906,
      "coco_ap50": 0.2676758862190077,
      "coco_ap75": 0.17248859635139052,
      "coco_ap_large": 0.2461706118623215,
      "coco_ap_medium": 0.17318520527223083,
      "coco_ap_small": 0.05607182299126267,
      "coco_ar1": 0.18882301301795368,
      "coco_ar10": 0.2347292185473083,
      "coco_ar100": 0.23483484820227823,
      "coco_ar_large": 0.3528967430786213,
      "coco_ar_medium": 0.2236140756031542,
      "coco_ar_small": 0.06562335268545617,
      "nms_iou_threshold": 0.4,
      "num_predictions": 4975.0,
      "num_samples": 500.0,
      "score_alpha": 1.5,
      "score_beta": 1.0,
      "score_threshold": 0.2,
      "top_k": 12
    },
    {
      "coco_ap": 0.1638721939674968,
      "coco_ap50": 0.263787393509408,
      "coco_ap75": 0.17344726603001803,
      "coco_ap_large": 0.24616679072489417,
      "coco_ap_medium": 0.17400479873896657,
      "coco_ap_small": 0.054479077432240314,
      "coco_ar1": 0.18750898244746547,
      "coco_ar10": 0.23502756879293046,
      "coco_ar100": 0.23521789420296077,
      "coco_ar_large": 0.3531165443263922,
      "coco_ar_medium": 0.22376970598004292,
      "coco_ar_small": 0.061103003349801725,
      "nms_iou_threshold": 0.5,
      "num_predictions": 5144.0,
      "num_samples": 500.0,
      "score_alpha": 1.5,
      "score_beta": 1.0,
      "score_threshold": 0.2,
      "top_k": 12
    },
    {
      "coco_ap": 0.1634921981958963,
      "coco_ap50": 0.2566354748613412,
      "coco_ap75": 0.17598669824795857,
      "coco_ap_large": 0.2448843586486522,
      "coco_ap_medium": 0.1676901018448334,
      "coco_ap_small": 0.05433822073502437,
      "coco_ar1": 0.1835444660250117,
      "coco_ar10": 0.2361829448485911,
      "coco_ar100": 0.2364541056811709,
      "coco_ar_large": 0.35198340393196875,
      "coco_ar_medium": 0.21562470803253986,
      "coco_ar_small": 0.05996401669518558,
      "nms_iou_threshold": 0.6,
      "num_predictions": 5328.0,
      "num_samples": 500.0,
      "score_alpha": 1.5,
      "score_beta": 1.0,
      "score_threshold": 0.2,
      "top_k": 12
    },
    {
      "coco_ap": 0.1587610485348781,
      "coco_ap50": 0.23860404524206763,
      "coco_ap75": 0.17919634657894334,
      "coco_ap_large": 0.2403452750791365,
      "coco_ap_medium": 0.16620535773431586,
      "coco_ap_small": 0.0491657788318419,
      "coco_ar1": 0.17672500316551767,
      "coco_ar10": 0.2345005497913619,
      "coco_ar100": 0.2348177959351633,
      "coco_ar_large": 0.3549290558857783,
      "coco_ar_medium": 0.21639440906567045,
      "coco_ar_small": 0.054469291311975185,
      "nms_iou_threshold": 0.7,
      "num_predictions": 5563.0,
      "num_samples": 500.0,
      "score_alpha": 1.5,
      "score_beta": 1.0,
      "score_threshold": 0.2,
      "top_k": 12
    },
    {
      "coco_ap": 0.17151914215408118,
      "coco_ap50": 0.284217493723564,
      "coco_ap75": 0.1787401440711411,
      "coco_ap_large": 0.25025929393731833,
      "coco_ap_medium": 0.18391247240968497,
      "coco_ap_small": 0.07118141397438607,
      "coco_ar1": 0.19783639841325934,
      "coco_ar10": 0.26247504699839547,
      "coco_ar100": 0.2676641122894295,
      "coco_ar_large": 0.38226269098888505,
      "coco_ar_medium": 0.2674857902126037,
      "coco_ar_small": 0.09262863625265959,
      "nms_iou_threshold": 0.4,
      "num_predictions": 9224.0,
      "num_samples": 500.0,
      "score_alpha": 1.5,
      "score_beta": 1.0,
      "score_threshold": 0.2,
      "top_k": 50
    },
    {
      "coco_ap": 0.17260580458165506,
      "coco_ap50": 0.2823794488973998,
      "coco_ap75": 0.18077644133408965,
      "coco_ap_large": 0.25124586913184876,
      "coco_ap_medium": 0.1875218429457135,
      "coco_ap_small": 0.07107361840843389,
      "coco_ar1": 0.197359453479288,
      "coco_ar10": 0.26761329742679624,
      "coco_ar100": 0.27434518369849414,
      "coco_ar_large": 0.3885867653131301,
      "coco_ar_medium": 0.27602388005273953,
      "coco_ar_small": 0.09237182650360883,
      "nms_iou_threshold": 0.5,
      "num_predictions": 10458.0,
      "num_samples": 500.0,
      "score_alpha": 1.5,
      "score_beta": 1.0,
      "score_threshold": 0.2,
      "top_k": 50
    },
    {
      "coco_ap": 0.17401388031512668,
      "coco_ap50": 0.2771887165773875,
      "coco_ap75": 0.18623114537101496,
      "coco_ap_large": 0.252885681923568,
      "coco_ap_medium": 0.18805884343843193,
      "coco_ap_small": 0.07064041569731971,
      "coco_ar1": 0.197359453479288,
      "coco_ar10": 0.27764996147613447,
      "coco_ar100": 0.2861401531713313,
      "coco_ar_large": 0.407045649280292,
      "coco_ar_medium": 0.2862964756872501,
      "coco_ar_small": 0.09190688468140305,
      "nms_iou_threshold": 0.6,
      "num_predictions": 12118.0,
      "num_samples": 500.0,
      "score_alpha": 1.5,
      "score_beta": 1.0,
      "score_threshold": 0.2,
      "top_k": 50
    },
    {
      "coco_ap": 0.17009007866593834,
      "coco_ap50": 0.25976851087255864,
      "coco_ap75": 0.19115657672353997,
      "coco_ap_large": 0.24750250016247216,
      "coco_ap_medium": 0.19193331934368266,
      "coco_ap_small": 0.06802387493147706,
      "coco_ar1": 0.1956149008605316,
      "coco_ar10": 0.28284606204161955,
      "coco_ar100": 0.29573560904073054,
      "coco_ar_large": 0.420449095773164,
      "coco_ar_medium": 0.2955029691090879,
      "coco_ar_small": 0.09214187680635341,
      "nms_iou_threshold": 0.7,
      "num_predictions": 14608.0,
      "num_samples": 500.0,
      "score_alpha": 1.5,
      "score_beta": 1.0,
      "score_threshold": 0.2,
      "top_k": 50
    },
    {
      "coco_ap": 0.17161768936675836,
      "coco_ap50": 0.2844190600117315,
      "coco_ap75": 0.17883280772234014,
      "coco_ap_large": 0.25020513773983705,
      "coco_ap_medium": 0.18408327655380838,
      "coco_ap_small": 0.07128179323453077,
      "coco_ar1": 0.19818559090562077,
      "coco_ar10": 0.2628918181648336,
      "coco_ar100": 0.26853811132228494,
      "coco_ar_large": 0.382267415100752,
      "coco_ar_medium": 0.26917442753516124,
      "coco_ar_small": 0.09316096389697462,
      "nms_iou_threshold": 0.4,
      "num_predictions": 9640.0,
      "num_samples": 500.0,
      "score_alpha": 1.5,
      "score_beta": 1.0,
      "score_threshold": 0.2,
      "top_k": 100
    },
    {
      "coco_ap": 0.1729261739574332,
      "coco_ap50": 0.283045195958453,
      "coco_ap75": 0.18103452025022274,
      "coco_ap_large": 0.2511659313233296,
      "coco_ap_medium": 0.1880403021087178,
      "coco_ap_small": 0.07240847170052628,
      "coco_ar1": 0.19818559090562077,
      "coco_ar10": 0.26890962491456083,
      "coco_ar100": 0.277237904021425,
      "coco_ar_large": 0.38905559269082446,
      "coco_ar_medium": 0.2802844174375607,
      "coco_ar_small": 0.09559170882643107,
      "nms_iou_threshold": 0.5,
      "num_predictions": 11384.0,
      "num_samples": 500.0,
      "score_alpha": 1.5,
      "score_beta": 1.0,
      "score_threshold": 0.2,
      "top_k": 100
    },
    {
      "coco_ap": 0.17455439299119294,
      "coco_ap50": 0.2786846712187725,
      "coco_ap75": 0.1865353271729614,
      "coco_ap_large": 0.25311217913410844,
      "coco_ap_medium": 0.18878096794740798,
      "coco_ap_small": 0.07300755426094617,
      "coco_ar1": 0.19818559090562077,
      "coco_ar10": 0.28034856736440555,
      "coco_ar100": 0.29137252718671414,
      "coco_ar_large": 0.4141192568129424,
      "coco_ar_medium": 0.2935476868881659,
      "coco_ar_small": 0.09717320455626453,
      "nms_iou_threshold": 0.6,
      "num_predictions": 14016.0,
      "num_samples": 500.0,
      "score_alpha": 1.5,
      "score_beta": 1.0,
      "score_threshold": 0.2,
      "top_k": 100
    },
    {
      "coco_ap": 0.1709271278508284,
      "coco_ap50": 0.2621934164134702,
      "coco_ap75": 0.19179588992071203,
      "coco_ap_large": 0.24813400375612465,
      "coco_ap_medium": 0.19254945191032774,
      "coco_ap_small": 0.07193305176664026,
      "coco_ar1": 0.19776474806694935,
      "coco_ar10": 0.2880054877449279,
      "coco_ar100": 0.30463763176120073,
      "coco_ar_large": 0.42564791380723854,
      "coco_ar_medium": 0.30974601779786143,
      "coco_ar_small": 0.10086628577034125,
      "nms_iou_threshold": 0.7,
      "num_predictions": 18368.0,
      "num_samples": 500.0,
      "score_alpha": 1.5,
      "score_beta": 1.0,
      "score_threshold": 0.2,
      "top_k": 100
    },
    {
      "coco_ap": 0.16260736059496378,
      "coco_ap50": 0.26416711843744906,
      "coco_ap75": 0.17175172367598426,
      "coco_ap_large": 0.24341724934370498,
      "coco_ap_medium": 0.17158298023182217,
      "coco_ap_small": 0.05485129804641735,
      "coco_ar1": 0.18556716587264296,
      "coco_ar10": 0.23005022144047363,
      "coco_ar100": 0.23013219085647516,
      "coco_ar_large": 0.3436309847528295,
      "coco_ar_medium": 0.21967848119178576,
      "coco_ar_small": 0.06425188782173437,
      "nms_iou_threshold": 0.4,
      "num_predictions": 4488.0,
      "num_samples": 500.0,
      "score_alpha": 1.5,
      "score_beta": 1.0,
      "score_threshold": 0.25,
      "top_k": 12
    },
    {
      "coco_ap": 0.16259620935415442,
      "coco_ap50": 0.2605646146666048,
      "coco_ap75": 0.17283604322526566,
      "coco_ap_large": 0.2435357487637921,
      "coco_ap_medium": 0.17328628223497472,
      "coco_ap_small": 0.05345240333625929,
      "coco_ar1": 0.18430045578009155,
      "coco_ar10": 0.23109256676308026,
      "coco_ar100": 0.23128289217311057,
      "coco_ar_large": 0.34425518638608693,
      "coco_ar_medium": 0.22281732502766194,
      "coco_ar_small": 0.06006900405081819,
      "nms_iou_threshold": 0.5,
      "num_predictions": 4703.0,
      "num_samples": 500.0,
      "score_alpha": 1.5,
      "score_beta": 1.0,
      "score_threshold": 0.25,
      "top_k": 12
    },
    {
      "coco_ap": 0.16234095199926118,
      "coco_ap50": 0.2543351636168018,
      "coco_ap75": 0.17541786354808137,
      "coco_ap_large": 0.243081456216285,
      "coco_ap_medium": 0.1676901018448334,
      "coco_ap_small": 0.053318118724823345,
      "coco_ar1": 0.18117851470775337,
      "coco_ar10": 0.23139387337685255,
      "coco_ar100": 0.23166503420943232,
      "coco_ar_large": 0.3429248018893441,
      "coco_ar_medium": 0.21562470803253986,
      "coco_ar_small": 0.058953915685084575,
      "nms_iou_threshold": 0.6,
      "num_predictions": 4981.0,
      "num_samples": 500.0,
      "score_alpha": 1.5,
      "score_beta": 1.0,
      "score_threshold": 0.25,
      "top_k": 12
    },
    {
      "coco_ap": 0.15784970453170558,
      "coco_ap50": 0.23692472078306437,
      "coco_ap75": 0.1786621460263548,
      "coco_ap_large": 0.23868016937479736,
      "coco_ap_medium": 0.16594795537070284,
      "coco_ap_small": 0.0491657788318419,
      "coco_ar1": 0.17485658112464192,
      "coco_ar10": 0.23039897458253178,
      "coco_ar100": 0.23071622072633313,
      "coco_ar_large": 0.34649072973128664,
      "coco_ar_medium": 0.21580409029353348,
      "coco_ar_small": 0.054469291311975185,
      "nms_iou_threshold": 0.7,
      "num_predictions": 5300.0,
      "num_samples": 500.0,
      "score_alpha": 1.5,
      "score_beta": 1.0,
      "score_threshold": 0.25,
      "top_k": 12
    },
    {
      "coco_ap": 0.16925482309546283,
      "coco_ap50": 0.2783541405404335,
      "coco_ap75": 0.1775989587485362,
      "coco_ap_large": 0.24720035993894465,
      "coco_ap_medium": 0.18102346791569374,
      "coco_ap_small": 0.06783588033985745,
      "coco_ar1": 0.19201551457147792,
      "coco_ar10": 0.2514759362065456,
      "coco_ar100": 0.25612632984255296,
      "coco_ar_large": 0.3684838769270405,
      "coco_ar_medium": 0.25197352436395326,
      "coco_ar_small": 0.08593151542774877,
      "nms_iou_threshold": 0.4,
      "num_predictions": 7141.0,
      "num_samples": 500.0,
      "score_alpha": 1.5,
      "score_beta": 1.0,
      "score_threshold": 0.25,
      "top_k": 50
    },
    {
      "coco_ap": 0.17036793948776738,
      "coco_ap50": 0.2766016879739243,
      "coco_ap75": 0.17948563871618387,
      "coco_ap_large": 0.24826238257760636,
      "coco_ap_medium": 0.18422034278091015,
      "coco_ap_small": 0.06790273819232236,
      "coco_ar1": 0.19187762931200922,
      "coco_ar10": 0.25655205835490685,
      "coco_ar100": 0.2623239557650217,
      "coco_ar_large": 0.37487028123470056,
      "coco_ar_medium": 0.26056539261020606,
      "coco_ar_small": 0.08566284153479176,
      "nms_iou_threshold": 0.5,
      "num_predictions": 8194.0,
      "num_samples": 500.0,
      "score_alpha": 1.5,
      "score_beta": 1.0,
      "score_threshold": 0.25,
      "top_k": 50
    },
    {
      "coco_ap": 0.17126124429144104,
      "coco_ap50": 0.27181465184067594,
      "coco_ap75": 0.1837130456985115,
      "coco_ap_large": 0.2493674220363045,
      "coco_ap_medium": 0.1845960050455748,
      "coco_ap_small": 0.06807802435032276,
      "coco_ar1": 0.19187762931200922,
      "coco_ar10": 0.2619889708216063,
      "coco_ar100": 0.26981122529295404,
      "coco_ar_large": 0.3875401171131959,
      "coco_ar_medium": 0.26685747439183993,
      "coco_ar_small": 0.08627246359071436,
      "nms_iou_threshold": 0.6,
      "num_predictions": 9665.0,
      "num_samples": 500.0,
      "score_alpha": 1.5,
      "score_beta": 1.0,
      "score_threshold": 0.25,
      "top_k": 50
    },
    {
      "coco_ap": 0.16809028060545642,
      "coco_ap50": 0.25581770581151225,
      "coco_ap75": 0.18936996401770714,
      "coco_ap_large": 0.2448279755601446,
      "coco_ap_medium": 0.18765338966005876,
      "coco_ap_small": 0.06605174745348243,
      "coco_ar1": 0.1913253830970676,
      "coco_ar10": 0.2702232340630054,
      "coco_ar100": 0.28179971406035004,
      "coco_ar_large": 0.4013959187190419,
      "coco_ar_medium": 0.2814860890732847,
      "coco_ar_small": 0.08761307228933343,
      "nms_iou_threshold": 0.7,
      "num_predictions": 12053.0,
      "num_samples": 500.0,
      "score_alpha": 1.5,
      "score_beta": 1.0,
      "score_threshold": 0.25,
      "top_k": 50
    },
    {
      "coco_ap": 0.1693542278890477,
      "coco_ap50": 0.27858630328059536,
      "coco_ap75": 0.1776985972354683,
      "coco_ap_large": 0.2471987253885622,
      "coco_ap_medium": 0.18122051721194118,
      "coco_ap_small": 0.0679837375678361,
      "coco_ar1": 0.1923647070638393,
      "coco_ar10": 0.25189270737298375,
      "coco_ar100": 0.25691474998823505,
      "coco_ar_large": 0.3684838769270405,
      "coco_ar_medium": 0.2535860880454825,
      "coco_ar_small": 0.08638889803812824,
      "nms_iou_threshold": 0.4,
      "num_predictions": 7295.0,
      "num_samples": 500.0,
      "score_alpha": 1.5,
      "score_beta": 1.0,
      "score_threshold": 0.25,
      "top_k": 100
    },
    {
      "coco_ap": 0.1705959458358938,
      "coco_ap50": 0.2770352843867574,
      "coco_ap75": 0.17968806163729673,
      "coco_ap_large": 0.2482393372233591,
      "coco_ap_medium": 0.1846513817015864,
      "coco_ap_small": 0.06873667495673334,
      "coco_ar1": 0.1923647070638393,
      "coco_ar10": 0.2571963717592766,
      "coco_ar100": 0.2640852034182414,
      "coco_ar_large": 0.3753154880530601,
      "coco_ar_medium": 0.2635890373684065,
      "coco_ar_small": 0.08742022880433341,
      "nms_iou_threshold": 0.5,
      "num_predictions": 8560.0,
      "num_samples": 500.0,
      "score_alpha": 1.5,
      "score_beta": 1.0,
      "score_threshold": 0.25,
      "top_k": 100
    },
    {
      "coco_ap": 0.17167665905700627,
      "coco_ap50": 0.2728008700147401,
      "coco_ap75": 0.18396751144928836,
      "coco_ap_large": 0.24963947229049666,
      "coco_ap_medium": 0.1852891121748178,
      "coco_ap_small": 0.06964195071536917,
      "coco_ar1": 0.1923647070638393,
      "coco_ar10": 0.26350132424583417,
      "coco_ar100": 0.2733150539902991,
      "coco_ar_large": 0.39435342672822965,
      "coco_ar_medium": 0.2721113769262627,
      "coco_ar_small": 0.08941535774347814,
      "nms_iou_threshold": 0.6,
      "num_predictions": 10595.0,
      "num_samples": 500.0,
      "score_alpha": 1.5,
      "score_beta": 1.0,
      "score_threshold": 0.25,
      "top_k": 100
    },
    {
      "coco_ap": 0.16864506631570794,
      "coco_ap50": 0.2574017149739515,
      "coco_ap75": 0.18980668829775707,
      "coco_ap_large": 0.2454881198871499,
      "coco_ap_medium": 0.18820938434390902,
      "coco_ap_small": 0.06850664659296908,
      "coco_ar1": 0.19194386422516788,
      "coco_ar10": 0.27257944140535095,
      "coco_ar100": 0.2867091249863388,
      "coco_ar_large": 0.4057587683374155,
      "coco_ar_medium": 0.2889860415901357,
      "coco_ar_small": 0.09218077609889053,
      "nms_iou_threshold": 0.7,
      "num_predictions": 14095.0,
      "num_samples": 500.0,
      "score_alpha": 1.5,
      "score_beta": 1.0,
      "score_threshold": 0.25,
      "top_k": 100
    },
    {
      "coco_ap": 0.1690925782057707,
      "coco_ap50": 0.2717174571448718,
      "coco_ap75": 0.18033174885360573,
      "coco_ap_large": 0.25172110424673794,
      "coco_ap_medium": 0.17990736249731082,
      "coco_ap_small": 0.058832319205402134,
      "coco_ar1": 0.1957680064915424,
      "coco_ar10": 0.24515765840538864,
      "coco_ar100": 0.24524500286506237,
      "coco_ar_large": 0.36336203318310484,
      "coco_ar_medium": 0.24162770287163415,
      "coco_ar_small": 0.07072889917018443,
      "nms_iou_threshold": 0.4,
      "num_predictions": 5916.0,
      "num_samples": 500.0,
      "score_alpha": 2.0,
      "score_beta": 1.0,
      "score_threshold": 0.01,
      "top_k": 12
    },
    {
      "coco_ap": 0.16948604226266306,
      "coco_ap50": 0.26937331706898904,
      "coco_ap75": 0.18179180202881848,
      "coco_ap_large": 0.25322435612692074,
      "coco_ap_medium": 0.17992244851304998,
      "coco_ap_small": 0.05700632876300887,
      "coco_ar1": 0.1940312081661183,
      "coco_ar10": 0.2458435067253442,
      "coco_ar100": 0.24592010109767345,
      "coco_ar_large": 0.369119379288788,
      "coco_ar_medium": 0.23805764024358947,
      "coco_ar_small": 0.06700635504860797,
      "nms_iou_threshold": 0.5,
      "num_predictions": 5950.0,
      "num_samples": 500.0,
      "score_alpha": 2.0,
      "score_beta": 1.0,
      "score_threshold": 0.01,
      "top_k": 12
    },
    {
      "coco_ap": 0.16805461964575985,
      "coco_ap50": 0.26210780360947344,
      "coco_ap75": 0.1833448122740723,
      "coco_ap_large": 0.2529186981309958,
      "coco_ap_medium": 0.17821086152632648,
      "coco_ap_small": 0.053896948398622344,
      "coco_ar1": 0.19152946874841995,
      "coco_ar10": 0.2435637944774476,
      "coco_ar100": 0.24369872314383648,
      "coco_ar_large": 0.37125493391935055,
      "coco_ar_medium": 0.23234813288352438,
      "coco_ar_small": 0.05919132377428067,
      "nms_iou_threshold": 0.6,
      "num_predictions": 5976.0,
      "num_samples": 500.0,
      "score_alpha": 2.0,
      "score_beta": 1.0,
      "score_threshold": 0.01,
      "top_k": 12
    },
    {
      "coco_ap": 0.16199784945130857,
      "coco_ap50": 0.24280191148764185,
      "coco_ap75": 0.18509304914463137,
      "coco_ap_large": 0.2471491842581555,
      "coco_ap_medium": 0.16929727139433365,
      "coco_ap_small": 0.049176902513466514,
      "coco_ar1": 0.18319569501065214,
      "coco_ar10": 0.23839258077570227,
      "coco_ar100": 0.23865129427480827,
      "coco_ar_large": 0.3673422005404753,
      "coco_ar_medium": 0.2220425237891136,
      "coco_ar_small": 0.05361912597926754,
      "nms_iou_threshold": 0.7,
      "num_predictions": 5994.0,
      "num_samples": 500.0,
      "score_alpha": 2.0,
      "score_beta": 1.0,
      "score_threshold": 0.01,
      "top_k": 12
    },
    {
      "coco_ap": 0.17770169540006964,
      "coco_ap50": 0.29239363725215667,
      "coco_ap75": 0.1868117240899755,
      "coco_ap_large": 0.2585278016025338,
      "coco_ap_medium": 0.19126859058953505,
      "coco_ap_small": 0.07667181289443539,
      "coco_ar1": 0.21186260449249078,
      "coco_ar10": 0.2931578435337986,
      "coco_ar100": 0.29930166550288334,
      "coco_ar_large": 0.42722519328664643,
      "coco_ar_medium": 0.30378837737727243,
      "coco_ar_small": 0.11307876941391308,
      "nms_iou_threshold": 0.4,
      "num_predictions": 21593.0,
      "num_samples": 500.0,
      "score_alpha": 2.0,
      "score_beta": 1.0,
      "score_threshold": 0.01,
      "top_k": 50
    },
    {
      "coco_ap": 0.17889827379252632,
      "coco_ap50": 0.290730138893445,
      "coco_ap75": 0.18905879492539987,
      "coco_ap_large": 0.2603844855142792,
      "coco_ap_medium": 0.1942705028732689,
      "coco_ap_small": 0.07534639905606903,
      "coco_ar1": 0.21101927310591495,
      "coco_ar10": 0.29755951595052615,
      "coco_ar100": 0.30568217226259803,
      "coco_ar_large": 0.44055034172428265,
      "coco_ar_medium": 0.3091004268014063,
      "coco_ar_small": 0.10920136108232073,
      "nms_iou_threshold": 0.5,
      "num_predictions": 22366.0,
      "num_samples": 500.0,
      "score_alpha": 2.0,
      "score_beta": 1.0,
      "score_threshold": 0.01,
      "top_k": 50
    },
    {
      "coco_ap": 0.17921338724084937,
      "coco_ap50": 0.2836255689697076,
      "coco_ap75": 0.1941194020642605,
      "coco_ap_large": 0.26140505116710755,
      "coco_ap_medium": 0.19565978550418087,
      "coco_ap_small": 0.07472056022822059,
      "coco_ar1": 0.20925836520844715,
      "coco_ar10": 0.3036750376024432,
      "coco_ar100": 0.31249739343116406,
      "coco_ar_large": 0.4493476953957704,
      "coco_ar_medium": 0.31702789009286275,
      "coco_ar_small": 0.10774807165484424,
      "nms_iou_threshold": 0.6,
      "num_predictions": 23131.0,
      "num_samples": 500.0,
      "score_alpha": 2.0,
      "score_beta": 1.0,
      "score_threshold": 0.01,
      "top_k": 50
    },
    {
      "coco_ap": 0.17434295508676498,
      "coco_ap50": 0.2658941116627784,
      "coco_ap75": 0.19702255978148217,
      "coco_ap_large": 0.2569820321081282,
      "coco_ap_medium": 0.1948103239047634,
      "coco_ap_small": 0.07094316195369882,
      "coco_ar1": 0.20636382032051373,
      "coco_ar10": 0.3008862699694412,
      "coco_ar100": 0.31237168039293517,
      "coco_ar_large": 0.4548405683095663,
      "coco_ar_medium": 0.31851530064653844,
      "coco_ar_small": 0.1016819354737358,
      "nms_iou_threshold": 0.7,
      "num_predictions": 23848.0,
      "num_samples": 500.0,
      "score_alpha": 2.0,
      "score_beta": 1.0,
      "score_threshold": 0.01,
      "top_k": 50
    },
    {
      "coco_ap": 0.17832000543311297,
      "coco_ap50": 0.2945749279226807,
      "coco_ap75": 0.1869944794483104,
      "coco_ap_large": 0.258722070912535,
      "coco_ap_medium": 0.19232622527273083,
      "coco_ap_small": 0.07772035097898385,
      "coco_ar1": 0.21448574300924317,
      "coco_ar10": 0.3045516680873216,
      "coco_ar100": 0.31236687979504296,
      "coco_ar_large": 0.43873624537595773,
      "coco_ar_medium": 0.323499106467391,
      "coco_ar_small": 0.12430157632098275,
      "nms_iou_threshold": 0.4,
      "num_predictions": 35335.0,
      "num_samples": 500.0,
      "score_alpha": 2.0,
      "score_beta": 1.0,
      "score_threshold": 0.01,
      "top_k": 100
    },
    {
      "coco_ap": 0.17995014673112997,
      "coco_ap50": 0.2933604481331917,
      "coco_ap75": 0.18969310087172953,
      "coco_ap_large": 0.2612529090432834,
      "coco_ap_medium": 0.19589572951529116,
      "coco_ap_small": 0.07775132873772637,
      "coco_ar1": 0.21392790280067042,
      "coco_ar10": 0.3140376266168315,
      "coco_ar100": 0.3251936299976412,
      "coco_ar_large": 0.4597949652764646,
      "coco_ar_medium": 0.3340340179479317,
      "coco_ar_small": 0.12425779846218103,
      "nms_iou_threshold": 0.5,
      "num_predictions": 38168.0,
      "num_samples": 500.0,
      "score_alpha": 2.0,
      "score_beta": 1.0,
      "score_threshold": 0.01,
      "top_k": 100
    },
    {
      "coco_ap": 0.18059132161211078,
      "coco_ap50": 0.28694342033148024,
      "coco_ap75": 0.19503134364045177,
      "coco_ap_large": 0.26202959228120754,
      "coco_ap_medium": 0.19791383182231653,
      "coco_ap_small": 0.07851675030260077,
      "coco_ar1": 0.21318770399608225,
      "coco_ar10": 0.32150886980330545,
      "coco_ar100": 0.3353082040596352,
      "coco_ar_large": 0.47027655720121253,
      "coco_ar_medium": 0.34587131964866824,
      "coco_ar_small": 0.12683808340180425,
      "nms_iou_threshold": 0.6,
      "num_predictions": 40958.0,
      "num_samples": 500.0,
      "score_alpha": 2.0,
      "score_beta": 1.0,
      "score_threshold": 0.01,
      "top_k": 100
    },
    {
      "coco_ap": 0.17635162671035573,
      "coco_ap50": 0.2699036229141042,
      "coco_ap75": 0.19918688576401153,
      "coco_ap_large": 0.257778672639785,
      "coco_ap_medium": 0.19816134107538444,
      "coco_ap_small": 0.07669834273191074,
      "coco_ar1": 0.2120809063518116,
      "coco_ar10": 0.3223700922484577,
      "coco_ar100": 0.34285424712370227,
      "coco_ar_large": 0.48014991836852866,
      "coco_ar_medium": 0.35325293245327627,
      "coco_ar_small": 0.12772407655483886,
      "nms_iou_threshold": 0.7,
      "num_predictions": 43709.0,
      "num_samples": 500.0,
      "score_alpha": 2.0,
      "score_beta": 1.0,
      "score_threshold": 0.01,
      "top_k": 100
    },
    {
      "coco_ap": 0.169084137682049,
      "coco_ap50": 0.2717174571448718,
      "coco_ap75": 0.18033174885360573,
      "coco_ap_large": 0.25169016365267854,
      "coco_ap_medium": 0.17990736249731082,
      "coco_ap_small": 0.058832319205402134,
      "coco_ar1": 0.1957680064915424,
      "coco_ar10": 0.24511400934384345,
      "coco_ar100": 0.2452013538035172,
      "coco_ar_large": 0.36323577055684225,
      "coco_ar_medium": 0.24162770287163415,
      "coco_ar_small": 0.07072889917018443,
      "nms_iou_threshold": 0.4,
      "num_predictions": 5731.0,
      "num_samples": 500.0,
      "score_alpha": 2.0,
      "score_beta": 1.0,
      "score_threshold": 0.05,
      "top_k": 12
    },
    {
      "coco_ap": 0.16948604226266306,
      "coco_ap50": 0.26937331706898904,
      "coco_ap75": 0.18179180202881848,
      "coco_ap_large": 0.25322435612692074,
      "coco_ap_medium": 0.17992244851304998,
      "coco_ap_small": 0.05700632876300887,
      "coco_ar1": 0.1940312081661183,
      "coco_ar10": 0.2458435067253442,
      "coco_ar100": 0.24592010109767345,
      "coco_ar_large": 0.369119379288788,
      "coco_ar_medium": 0.23805764024358947,
      "coco_ar_small": 0.06700635504860797,
      "nms_iou_threshold": 0.5,
      "num_predictions": 5792.0,
      "num_samples": 500.0,
      "score_alpha": 2.0,
      "score_beta": 1.0,
      "score_threshold": 0.05,
      "top_k": 12
    },
    {
      "coco_ap": 0.16805461964575985,
      "coco_ap50": 0.26210780360947344,
      "coco_ap75": 0.1833448122740723,
      "coco_ap_large": 0.2529186981309958,
      "coco_ap_medium": 0.17821086152632648,
      "coco_ap_small": 0.053896948398622344,
      "coco_ar1": 0.19152946874841995,
      "coco_ar10": 0.2435637944774476,
      "coco_ar100": 0.24369872314383648,
      "coco_ar_large": 0.37125493391935055,
      "coco_ar_medium": 0.23234813288352438,
      "coco_ar_small": 0.05919132377428067,
      "nms_iou_threshold": 0.6,
      "num_predictions": 5856.0,
      "num_samples": 500.0,
      "score_alpha": 2.0,
      "score_beta": 1.0,
      "score_threshold": 0.05,
      "top_k": 12
    },
    {
      "coco_ap": 0.16199784945130857,
      "coco_ap50": 0.24280191148764185,
      "coco_ap75": 0.18509304914463137,
      "coco_ap_large": 0.2471491842581555,
      "coco_ap_medium": 0.16929727139433365,
      "coco_ap_small": 0.049176902513466514,
      "coco_ar1": 0.18319569501065214,
      "coco_ar10": 0.23839258077570227,
      "coco_ar100": 0.23865129427480827,
      "coco_ar_large": 0.3673422005404753,
      "coco_ar_medium": 0.2220425237891136,
      "coco_ar_small": 0.05361912597926754,
      "nms_iou_threshold": 0.7,
      "num_predictions": 5920.0,
      "num_samples": 500.0,
      "score_alpha": 2.0,
      "score_beta": 1.0,
      "score_threshold": 0.05,
      "top_k": 12
    },
    {
      "coco_ap": 0.17742806815747916,
      "coco_ap50": 0.2918144823026348,
      "coco_ap75": 0.18651108491300616,
      "coco_ap_large": 0.258054713051893,
      "coco_ap_medium": 0.1910870470317316,
      "coco_ap_small": 0.07643301118356208,
      "coco_ar1": 0.21093893445522524,
      "coco_ar10": 0.28946942984655444,
      "coco_ar100": 0.295419316934437,
      "coco_ar_large": 0.4223078222978469,
      "coco_ar_medium": 0.30041677742785666,
      "coco_ar_small": 0.1097513778512274,
      "nms_iou_threshold": 0.4,
      "num_predictions": 17391.0,
      "num_samples": 500.0,
      "score_alpha": 2.0,
      "score_beta": 1.0,
      "score_threshold": 0.05,
      "top_k": 50
    },
    {
      "coco_ap": 0.1785061928738092,
      "coco_ap50": 0.29006340052313356,
      "coco_ap75": 0.18859118858763796,
      "coco_ap_large": 0.25976867767977957,
      "coco_ap_medium": 0.19407948381613763,
      "coco_ap_small": 0.07515414629785906,
      "coco_ar1": 0.21011449594603465,
      "coco_ar10": 0.2929075670535351,
      "coco_ar100": 0.30073367890070196,
      "coco_ar_large": 0.4341263763981434,
      "coco_ar_medium": 0.3055664970144341,
      "coco_ar_small": 0.10688407052973606,
      "nms_iou_threshold": 0.5,
      "num_predictions": 18614.0,
      "num_samples": 500.0,
      "score_alpha": 2.0,
      "score_beta": 1.0,
      "score_threshold": 0.05,
      "top_k": 50
    },
    {
      "coco_ap": 0.17899788045760454,
      "coco_ap50": 0.28319057015838545,
      "coco_ap75": 0.19382733169446123,
      "coco_ap_large": 0.2611674912468176,
      "coco_ap_medium": 0.19547882048308404,
      "coco_ap_small": 0.07450755700018695,
      "coco_ar1": 0.20868380268808256,
      "coco_ar10": 0.3005489064502534,
      "coco_ar100": 0.30937126227897427,
      "coco_ar_large": 0.44632506571734354,
      "coco_ar_medium": 0.31517156460017365,
      "coco_ar_small": 0.10543078110225956,
      "nms_iou_threshold": 0.6,
      "num_predictions": 20020.0,
      "num_samples": 500.0,
      "score_alpha": 2.0,
      "score_beta": 1.0,
      "score_threshold": 0.05,
      "top_k": 50
    },
    {
      "coco_ap": 0.17424774019741068,
      "coco_ap50": 0.26567698171326304,
      "coco_ap75": 0.19692853827146103,
      "coco_ap_large": 0.2567864351391884,
      "coco_ap_medium": 0.19479529259368625,
      "coco_ap_small": 0.07094316195369882,
      "coco_ar1": 0.20578925780014914,
      "coco_ar10": 0.2997052066604286,
      "coco_ar100": 0.31119061708392265,
      "coco_ar_large": 0.4518950991249666,
      "coco_ar_medium": 0.318317316812191,
      "coco_ar_small": 0.1016819354737358,
      "nms_iou_threshold": 0.7,
      "num_predictions": 21542.0,
      "num_samples": 500.0,
      "score_alpha": 2.0,
      "score_beta": 1.0,
      "score_threshold": 0.05,
      "top_k": 50
    },
    {
      "coco_ap": 0.17790523767755856,
      "coco_ap50": 0.2934745825633285,
      "coco_ap75": 0.18671059899713277,
      "coco_ap_large": 0.25818425859579014,
      "coco_ap_medium": 0.1918501675161332,
      "coco_ap_small": 0.07729033824955014,
      "coco_ar1": 0.2119898402449639,
      "coco_ar10": 0.29658193441908803,
      "coco_ar100": 0.30401197132342955,
      "coco_ar_large": 0.4288076833710053,
      "coco_ar_medium": 0.3153291737214536,
      "coco_ar_small": 0.1183628568708301,
      "nms_iou_threshold": 0.4,
      "num_predictions": 22863.0,
      "num_samples": 500.0,
      "score_alpha": 2.0,
      "score_beta": 1.0,
      "score_threshold": 0.05,
      "top_k": 100
    },
    {
      "coco_ap": 0.17935691544708515,
      "coco_ap50": 0.29211506261746517,
      "coco_ap75": 0.1891693755294237,
      "coco_ap_large": 0.2598883205296319,
      "coco_ap_medium": 0.19524571268995855,
      "coco_ap_small": 0.07733694020670648,
      "coco_ar1": 0.21159533200862474,
      "coco_ar10": 0.3023231576695984,
      "coco_ar100": 0.3128165627429622,
      "coco_ar_large": 0.4419770109260913,
      "coco_ar_medium": 0.3244372944700676,
      "coco_ar_small": 0.11891905022581038,
      "nms_iou_threshold": 0.5,
      "num_predictions": 26197.0,
      "num_samples": 500.0,
      "score_alpha": 2.0,
      "score_beta": 1.0,
      "score_threshold": 0.05,
      "top_k": 100
    },
    {
      "coco_ap": 0.18019022665977097,
      "coco_ap50": 0.28619827659455704,
      "coco_ap75": 0.19459072993570314,
      "coco_ap_large": 0.2615256967844834,
      "coco_ap_medium": 0.19751590201387773,
      "coco_ap_small": 0.07821880717558789,
      "coco_ar1": 0.21138244153662533,
      "coco_ar10": 0.3135413761236728,
      "coco_ar100": 0.3265822473986434,
      "coco_ar_large": 0.45978708452727085,
      "coco_ar_medium": 0.3398028858970339,
      "coco_ar_small": 0.12217349863089177,
      "nms_iou_threshold": 0.6,
      "num_predictions": 30174.0,
      "num_samples": 500.0,
      "score_alpha": 2.0,
      "score_beta": 1.0,
      "score_threshold": 0.05,
      "top_k": 100
    },
    {
      "coco_ap": 0.1760372398769248,
      "coco_ap50": 0.269433700817412,
      "coco_ap75": 0.19872068628166362,
      "coco_ap_large": 0.2573728288537866,
      "coco_ap_medium": 0.19784464107302888,
      "coco_ap_small": 0.07650091227457928,
      "coco_ar1": 0.21117612919193127,
      "coco_ar10": 0.31666952345987637,
      "coco_ar100": 0.3360607278348051,
      "coco_ar_large": 0.47184619169058145,
      "coco_ar_medium": 0.349203684650986,
      "coco_ar_small": 0.1241245256552323,
      "nms_iou_threshold": 0.7,
      "num_predictions": 34826.0,
      "num_samples": 500.0,
      "score_alpha": 2.0,
      "score_beta": 1.0,
      "score_threshold": 0.05,
      "top_k": 100
    },
    {
      "coco_ap": 0.16894886880815158,
      "coco_ap50": 0.2714754425462054,
      "coco_ap75": 0.1801372728368203,
      "coco_ap_large": 0.25169016365267854,
      "coco_ap_medium": 0.179203210449453,
      "coco_ap_small": 0.058832319205402134,
      "coco_ar1": 0.19543779185202673,
      "coco_ar10": 0.2447837947043278,
      "coco_ar100": 0.24487113916400155,
      "coco_ar_large": 0.36323577055684225,
      "coco_ar_medium": 0.2400692613131926,
      "coco_ar_small": 0.07072889917018443,
      "nms_iou_threshold": 0.4,
      "num_predictions": 5443.0,
      "num_samples": 500.0,
      "score_alpha": 2.0,
      "score_beta": 1.0,
      "score_threshold": 0.1,
      "top_k": 12
    },
    {
      "coco_ap": 0.16929066077196908,
      "coco_ap50": 0.2690599945975014,
      "coco_ap75": 0.1816246967106917,
      "coco_ap_large": 0.25315131645035494,
      "coco_ap_medium": 0.17897949707504904,
      "coco_ap_small": 0.05700632876300887,
      "coco_ar1": 0.19370099352660264,
      "coco_ar10": 0.24531141517618207,
      "coco_ar100": 0.24538800954851134,
      "coco_ar_large": 0.36881950555141424,
      "coco_ar_medium": 0.2364991986851479,
      "coco_ar_small": 0.06700635504860797,
      "nms_iou_threshold": 0.5,
      "num_predictions": 5556.0,
      "num_samples": 500.0,
      "score_alpha": 2.0,
      "score_beta": 1.0,
      "score_threshold": 0.1,
      "top_k": 12
    },
    {
      "coco_ap": 0.16792131517607237,
      "coco_ap50": 0.26182296499903013,
      "coco_ap75": 0.1831739091078063,
      "coco_ap_large": 0.2529186981309958,
      "coco_ap_medium": 0.1773193438031256,
      "coco_ap_small": 0.053896948398622344,
      "coco_ar1": 0.1911992541089043,
      "coco_ar10": 0.24323357983793195,
      "coco_ar100": 0.2433685085043208,
      "coco_ar_large": 0.37125493391935055,
      "coco_ar_medium": 0.23078969132508284,
      "coco_ar_small": 0.05919132377428067,
      "nms_iou_threshold": 0.6,
      "num_predictions": 5676.0,
      "num_samples": 500.0,
      "score_alpha": 2.0,
      "score_beta": 1.0,
      "score_threshold": 0.1,
      "top_k": 12
    },
    {
      "coco_ap": 0.16189880898227246,
      "coco_ap50": 0.2426307304300486,
      "coco_ap75": 0.1849585497422367,
      "coco_ap_large": 0.2471491842581555,
      "coco_ap_medium": 0.16845228893690423,
      "coco_ap_small": 0.049176902513466514,
      "coco_ar1": 0.18286548037113642,
      "coco_ar10": 0.23806236613618656,
      "coco_ar100": 0.23832107963529262,
      "coco_ar_large": 0.3673422005404753,
      "coco_ar_medium": 0.22048408223067206,
      "coco_ar_small": 0.05361912597926754,
      "nms_iou_threshold": 0.7,
      "num_predictions": 5804.0,
      "num_samples": 500.0,
      "score_alpha": 2.0,
      "score_beta": 1.0,
      "score_threshold": 0.1,
      "top_k": 12
    },
    {
      "coco_ap": 0.17649892852414026,
      "coco_ap50": 0.2892004828642371,
      "coco_ap75": 0.18599706893979662,
      "coco_ap_large": 0.2565578597281563,
      "coco_ap_medium": 0.1901207644625184,
      "coco_ap_small": 0.0745707922225371,
      "coco_ar1": 0.207670378814155,
      "coco_ar10": 0.2802054098311382,
      "coco_ar100": 0.2855669528850638,
      "coco_ar_large": 0.4059366539227289,
      "coco_ar_medium": 0.290791296050969,
      "coco_ar_small": 0.1027641775974713,
      "nms_iou_threshold": 0.4,
      "num_predictions": 13042.0,
      "num_samples": 500.0,
      "score_alpha": 2.0,
      "score_beta": 1.0,
      "score_threshold": 0.1,
      "top_k": 50
    },
    {
      "coco_ap": 0.17777425416774267,
      "coco_ap50": 0.28837189532945373,
      "coco_ap75": 0.18818749220849498,
      "coco_ap_large": 0.25827940369316904,
      "coco_ap_medium": 0.1934321766132874,
      "coco_ap_small": 0.07361993037868463,
      "coco_ar1": 0.2072495359754836,
      "coco_ar10": 0.28518422160259715,
      "coco_ar100": 0.29231434611265344,
      "coco_ar_large": 0.41695157217474665,
      "coco_ar_medium": 0.29909644783604084,
      "coco_ar_small": 0.100741483970861,
      "nms_iou_threshold": 0.5,
      "num_predictions": 14431.0,
      "num_samples": 500.0,
      "score_alpha": 2.0,
      "score_beta": 1.0,
      "score_threshold": 0.1,
      "top_k": 50
    },
    {
      "coco_ap": 0.17837148566852837,
      "coco_ap50": 0.2816843817927406,
      "coco_ap75": 0.19338376280486594,
      "coco_ap_large": 0.2597769885858362,
      "coco_ap_medium": 0.19496561856027153,
      "coco_ap_small": 0.07297477159886039,
      "coco_ar1": 0.20581884271753148,
      "coco_ar10": 0.2936824405052449,
      "coco_ar100": 0.3015704992417515,
      "coco_ar_large": 0.4295799338164968,
      "coco_ar_medium": 0.30990363966290485,
      "coco_ar_small": 0.09981183536527598,
      "nms_iou_threshold": 0.6,
      "num_predictions": 16031.0,
      "num_samples": 500.0,
      "score_alpha": 2.0,
      "score_beta": 1.0,
      "score_threshold": 0.1,
      "top_k": 50
    },
    {
      "coco_ap": 0.17385362778569677,
      "coco_ap50": 0.26484431479018566,
      "coco_ap75": 0.1966405987589906,
      "coco_ap_large": 0.25574423633689997,
      "coco_ap_medium": 0.19434987328703127,
      "coco_ap_small": 0.0700200075939242,
      "coco_ar1": 0.20332220701108242,
      "coco_ar10": 0.2946425192486229,
      "coco_ar100": 0.30584861936700636,
      "coco_ar_large": 0.4390779845394164,
      "coco_ar_medium": 0.31310142738150315,
      "coco_ar_small": 0.09926184367768494,
      "nms_iou_threshold": 0.7,
      "num_predictions": 18361.0,
      "num_samples": 500.0,
      "score_alpha": 2.0,
      "score_beta": 1.0,
      "score_threshold": 0.1,
      "top_k": 50
    },
    {
      "coco_ap": 0.17667688390248568,
      "coco_ap50": 0.29000526062874155,
      "coco_ap75": 0.1860489305429658,
      "coco_ap_large": 0.25643485986534986,
      "coco_ap_medium": 0.19045144091135946,
      "coco_ap_small": 0.0751093322452275,
      "coco_ar1": 0.20778397829484307,
      "coco_ar10": 0.28255665045569955,
      "coco_ar100": 0.2887895741796487,
      "coco_ar_large": 0.406302772592419,
      "coco_ar_medium": 0.2972349265122542,
      "coco_ar_small": 0.10522879359040675,
      "nms_iou_threshold": 0.4,
      "num_predictions": 14693.0,
      "num_samples": 500.0,
      "score_alpha": 2.0,
      "score_beta": 1.0,
      "score_threshold": 0.1,
      "top_k": 100
    },
    {
      "coco_ap": 0.17826403745137867,
      "coco_ap50": 0.2895591599679315,
      "coco_ap75": 0.18854499628531143,
      "coco_ap_large": 0.258164743436196,
      "coco_ap_medium": 0.19411766045604534,
      "coco_ap_small": 0.07532754524687821,
      "coco_ar1": 0.20778397829484307,
      "coco_ar10": 0.289052833671716,
      "coco_ar100": 0.2982490661963214,
      "coco_ar_large": 0.41822413105735534,
      "coco_ar_medium": 0.30844563298322464,
      "coco_ar_small": 0.1070860211418923,
      "nms_iou_threshold": 0.5,
      "num_predictions": 17303.0,
      "num_samples": 500.0,
      "score_alpha": 2.0,
      "score_beta": 1.0,
      "score_threshold": 0.1,
      "top_k": 100
    },
    {
      "coco_ap": 0.17929208396527124,
      "coco_ap50": 0.28425921209771604,
      "coco_ap75": 0.19393147284554316,
      "coco_ap_large": 0.2599822316068284,
      "coco_ap_medium": 0.19643439851359387,
      "coco_ap_small": 0.07629015351628726,
      "coco_ar1": 0.20778397829484307,
      "coco_ar10": 0.30185879776749963,
      "coco_ar100": 0.3132126250171006,
      "coco_ar_large": 0.436800007040962,
      "coco_ar_medium": 0.325577329696358,
      "coco_ar_small": 0.11092873192839947,
      "nms_iou_threshold": 0.6,
      "num_predictions": 20769.0,
      "num_samples": 500.0,
      "score_alpha": 2.0,
      "score_beta": 1.0,
      "score_threshold": 0.1,
      "top_k": 100
    },
    {
      "coco_ap": 0.17532581989465362,
      "coco_ap50": 0.26810067945515176,
      "coco_ap75": 0.1979632814934313,
      "coco_ap_large": 0.25588592596046517,
      "coco_ap_medium": 0.1969208989773239,
      "coco_ap_small": 0.07481100248275588,
      "coco_ar1": 0.2077123279485331,
      "coco_ar10": 0.30623875634584247,
      "coco_ar100": 0.3232794316789455,
      "coco_ar_large": 0.44895741107367015,
      "coco_ar_medium": 0.3364278008106013,
      "coco_ar_small": 0.11544942850758068,
      "nms_iou_threshold": 0.7,
      "num_predictions": 25856.0,
      "num_samples": 500.0,
      "score_alpha": 2.0,
      "score_beta": 1.0,
      "score_threshold": 0.1,
      "top_k": 100
    },
    {
      "coco_ap": 0.16728154896610575,
      "coco_ap50": 0.26787504445710264,
      "coco_ap75": 0.17919029466739592,
      "coco_ap_large": 0.2483834168220002,
      "coco_ap_medium": 0.1779233935029954,
      "coco_ap_small": 0.057784835712589015,
      "coco_ar1": 0.1909460292714695,
      "coco_ar10": 0.2388728008312124,
      "coco_ar100": 0.23896014529088613,
      "coco_ar_large": 0.3525971043553152,
      "coco_ar_medium": 0.232350800365397,
      "coco_ar_small": 0.06963754397788287,
      "nms_iou_threshold": 0.4,
      "num_predictions": 4574.0,
      "num_samples": 500.0,
      "score_alpha": 2.0,
      "score_beta": 1.0,
      "score_threshold": 0.2,
      "top_k": 12
    },
    {
      "coco_ap": 0.16766873157939266,
      "coco_ap50": 0.26578262324903856,
      "coco_ap75": 0.1806430200257856,
      "coco_ap_large": 0.2494406514517945,
      "coco_ap_medium": 0.17802441127279,
      "coco_ap_small": 0.05595970805771097,
      "coco_ar1": 0.18955519020555686,
      "coco_ar10": 0.23957714336090022,
      "coco_ar100": 0.23965373773322948,
      "coco_ar_large": 0.35655949865951186,
      "coco_ar_medium": 0.23092086463249362,
      "coco_ar_small": 0.0659293388296359,
      "nms_iou_threshold": 0.5,
      "num_predictions": 4773.0,
      "num_samples": 500.0,
      "score_alpha": 2.0,
      "score_beta": 1.0,
      "score_threshold": 0.2,
      "top_k": 12
    },
    {
      "coco_ap": 0.16667226703954177,
      "coco_ap50": 0.25933465410961015,
      "coco_ap75": 0.1824292367966076,
      "coco_ap_large": 0.2498931984907152,
      "coco_ap_medium": 0.1766888469293641,
      "coco_ap_small": 0.05287147085086757,
      "coco_ar1": 0.18853735242956535,
      "coco_ar10": 0.23877162776825478,
      "coco_ar100": 0.23890655643464365,
      "coco_ar_large": 0.3598612523106093,
      "coco_ar_medium": 0.22726763432870561,
      "coco_ar_small": 0.05813820584419113,
      "nms_iou_threshold": 0.6,
      "num_predictions": 5031.0,
      "num_samples": 500.0,
      "score_alpha": 2.0,
      "score_beta": 1.0,
      "score_threshold": 0.2,
      "top_k": 12
    },
    {
      "coco_ap": 0.16151164239915233,
      "coco_ap50": 0.24192220581166538,
      "coco_ap75": 0.18444186896008996,
      "coco_ap_large": 0.24663593386538454,
      "coco_ap_medium": 0.16781147906880955,
      "coco_ap_small": 0.049136898513066476,
      "coco_ar1": 0.1816773702185444,
      "coco_ar10": 0.23614508245164767,
      "coco_ar100": 0.23640379595075367,
      "coco_ar_large": 0.36430023019704816,
      "coco_ar_medium": 0.21637170646215786,
      "coco_ar_small": 0.0534297320398736,
      "nms_iou_threshold": 0.7,
      "num_predictions": 5343.0,
      "num_samples": 500.0,
      "score_alpha": 2.0,
      "score_beta": 1.0,
      "score_threshold": 0.2,
      "top_k": 12
    },
    {
      "coco_ap": 0.1732619584866015,
      "coco_ap50": 0.2812411742013596,
      "coco_ap75": 0.18400798695706924,
      "coco_ap_large": 0.2520927766894974,
      "coco_ap_medium": 0.18663379158509935,
      "coco_ap_small": 0.06912118721718177,
      "coco_ar1": 0.1980895010071347,
      "coco_ar10": 0.25971802350663076,
      "coco_ar100": 0.26430697437140765,
      "coco_ar_large": 0.3779125434245431,
      "coco_ar_medium": 0.26492057823490345,
      "coco_ar_small": 0.08731368380149511,
      "nms_iou_threshold": 0.4,
      "num_predictions": 7378.0,
      "num_samples": 500.0,
      "score_alpha": 2.0,
      "score_beta": 1.0,
      "score_threshold": 0.2,
      "top_k": 50
    },
    {
      "coco_ap": 0.1745160777084745,
      "coco_ap50": 0.2806098131046893,
      "coco_ap75": 0.18606774999039463,
      "coco_ap_large": 0.253560956470011,
      "coco_ap_medium": 0.18918726684741893,
      "coco_ap_small": 0.06870638383935809,
      "coco_ar1": 0.19766865816846324,
      "coco_ar10": 0.2640757769846103,
      "coco_ar100": 0.26950283393207347,
      "coco_ar_large": 0.3847262523870392,
      "coco_ar_medium": 0.2712529520308085,
      "coco_ar_small": 0.08666073783800277,
      "nms_iou_threshold": 0.5,
      "num_predictions": 8387.0,
      "num_samples": 500.0,
      "score_alpha": 2.0,
      "score_beta": 1.0,
      "score_threshold": 0.2,
      "top_k": 50
    },
    {
      "coco_ap": 0.17530311286843434,
      "coco_ap50": 0.2758303207177715,
      "coco_ap75": 0.19028943784476812,
      "coco_ap_large": 0.2559047228182264,
      "coco_ap_medium": 0.1900947497206782,
      "coco_ap_small": 0.06885551814828669,
      "coco_ar1": 0.19751043032036197,
      "coco_ar10": 0.27130242512901104,
      "coco_ar100": 0.2779611505600541,
      "coco_ar_large": 0.3989021986841835,
      "coco_ar_medium": 0.27948200353398317,
      "coco_ar_small": 0.08752595331362754,
      "nms_iou_threshold": 0.6,
      "num_predictions": 9836.0,
      "num_samples": 500.0,
      "score_alpha": 2.0,
      "score_beta": 1.0,
      "score_threshold": 0.2,
      "top_k": 50
    },
    {
      "coco_ap": 0.1716752994715307,
      "coco_ap50": 0.26073467532882993,
      "coco_ap75": 0.1942855612557293,
      "coco_ap_large": 0.2527988971240103,
      "coco_ap_medium": 0.19028820784259376,
      "coco_ap_small": 0.066189307567297,
      "coco_ar1": 0.19615399742530817,
      "coco_ar10": 0.27686945192980505,
      "coco_ar100": 0.28664156579072686,
      "coco_ar_large": 0.41260299896979136,
      "coco_ar_medium": 0.2889265281258886,
      "coco_ar_small": 0.08756179324346947,
      "nms_iou_threshold": 0.7,
      "num_predictions": 12209.0,
      "num_samples": 500.0,
      "score_alpha": 2.0,
      "score_beta": 1.0,
      "score_threshold": 0.2,
      "top_k": 50
    },
    {
      "coco_ap": 0.17329276914905262,
      "coco_ap50": 0.2813376971660037,
      "coco_ap75": 0.18402468063836036,
      "coco_ap_large": 0.25207552076510764,
      "coco_ap_medium": 0.18666651411968269,
      "coco_ap_small": 0.06921645876675862,
      "coco_ar1": 0.1980895010071347,
      "coco_ar10": 0.2597488050067305,
      "coco_ar100": 0.26483344244686635,
      "coco_ar_large": 0.3779125434245431,
      "coco_ar_medium": 0.26567480485119904,
      "coco_ar_small": 0.08759818373899189,
      "nms_iou_threshold": 0.4,
      "num_predictions": 7526.0,
      "num_samples": 500.0,
      "score_alpha": 2.0,
      "score_beta": 1.0,
      "score_threshold": 0.2,
      "top_k": 100
    },
    {
      "coco_ap": 0.1747310682162993,
      "coco_ap50": 0.2809405308803856,
      "coco_ap75": 0.1862999893370833,
      "coco_ap_large": 0.2534584065149801,
      "coco_ap_medium": 0.18955451280722385,
      "coco_ap_small": 0.06933592019553936,
      "coco_ar1": 0.1980895010071347,
      "coco_ar10": 0.26452740132338143,
      "coco_ar100": 0.2709853680976078,
      "coco_ar_large": 0.3847262523870392,
      "coco_ar_medium": 0.2734144883912198,
      "coco_ar_small": 0.0883162203526428,
      "nms_iou_threshold": 0.5,
      "num_predictions": 8714.0,
      "num_samples": 500.0,
      "score_alpha": 2.0,
      "score_beta": 1.0,
      "score_threshold": 0.2,
      "top_k": 100
    },
    {
      "coco_ap": 0.175663495669367,
      "coco_ap50": 0.2768835976465524,
      "coco_ap75": 0.19053214756592737,
      "coco_ap_large": 0.2558446324437974,
      "coco_ap_medium": 0.19080000808573813,
      "coco_ap_small": 0.07012826238764051,
      "coco_ar1": 0.1980895010071347,
      "coco_ar10": 0.27225859370729033,
      "coco_ar100": 0.28089076545847325,
      "coco_ar_large": 0.4003194322442742,
      "coco_ar_medium": 0.2845788802747811,
      "coco_ar_small": 0.09037528532838913,
      "nms_iou_threshold": 0.6,
      "num_predictions": 10668.0,
      "num_samples": 500.0,
      "score_alpha": 2.0,
      "score_beta": 1.0,
      "score_threshold": 0.2,
      "top_k": 100
    },
    {
      "coco_ap": 0.17235936647851807,
      "coco_ap50": 0.2621851818583406,
      "coco_ap75": 0.19507611098416966,
      "coco_ap_large": 0.2526788177025027,
      "coco_ap_medium": 0.1919757680027689,
      "coco_ap_small": 0.06895668088625746,
      "coco_ar1": 0.19801785066082467,
      "coco_ar10": 0.28014750055601884,
      "coco_ar100": 0.2926195672405511,
      "coco_ar_large": 0.41417471098793185,
      "coco_ar_medium": 0.29849295146483357,
      "coco_ar_small": 0.09290204622660096,
      "nms_iou_threshold": 0.7,
      "num_predictions": 14167.0,
      "num_samples": 500.0,
      "score_alpha": 2.0,
      "score_beta": 1.0,
      "score_threshold": 0.2,
      "top_k": 100
    },
    {
      "coco_ap": 0.1652419879160339,
      "coco_ap50": 0.26261486633653863,
      "coco_ap75": 0.1777124829223418,
      "coco_ap_large": 0.24474910717580764,
      "coco_ap_medium": 0.17335758567752607,
      "coco_ap_small": 0.05692998587283982,
      "coco_ar1": 0.18422225744203724,
      "coco_ar10": 0.22994465462221853,
      "coco_ar100": 0.23003199908189229,
      "coco_ar_large": 0.32935405136407714,
      "coco_ar_medium": 0.2208955780658227,
      "coco_ar_small": 0.06713818403455034,
      "nms_iou_threshold": 0.4,
      "num_predictions": 4024.0,
      "num_samples": 500.0,
      "score_alpha": 2.0,
      "score_beta": 1.0,
      "score_threshold": 0.25,
      "top_k": 12
    },
    {
      "coco_ap": 0.16575246206994562,
      "coco_ap50": 0.2609959462307571,
      "coco_ap75": 0.1793287245486103,
      "coco_ap_large": 0.2454988131995414,
      "coco_ap_medium": 0.17524533433741488,
      "coco_ap_small": 0.05564209551248092,
      "coco_ar1": 0.18378989064780704,
      "coco_ar10": 0.23108000981352317,
      "coco_ar100": 0.23115660418585246,
      "coco_ar_large": 0.33153444436872864,
      "coco_ar_medium": 0.22302126962241087,
      "coco_ar_small": 0.06466883806633905,
      "nms_iou_threshold": 0.5,
      "num_predictions": 4216.0,
      "num_samples": 500.0,
      "score_alpha": 2.0,
      "score_beta": 1.0,
      "score_threshold": 0.25,
      "top_k": 12
    },
    {
      "coco_ap": 0.16496715956431238,
      "coco_ap50": 0.2551336169293013,
      "coco_ap75": 0.18112756996220936,
      "coco_ap_large": 0.2460909511104243,
      "coco_ap_medium": 0.17388566261177751,
      "coco_ap_small": 0.05259374787357941,
      "coco_ar1": 0.18295514593979387,
      "coco_ar10": 0.23097660082211932,
      "coco_ar100": 0.23111152948850822,
      "coco_ar_large": 0.33491825638595657,
      "coco_ar_medium": 0.2200165347658393,
      "coco_ar_small": 0.05705447275766194,
      "nms_iou_threshold": 0.6,
      "num_predictions": 4502.0,
      "num_samples": 500.0,
      "score_alpha": 2.0,
      "score_beta": 1.0,
      "score_threshold": 0.25,
      "top_k": 12
    },
    {
      "coco_ap": 0.16053595747337238,
      "coco_ap50": 0.23938913732616524,
      "coco_ap75": 0.18351263306945761,
      "coco_ap_large": 0.24362914042945075,
      "coco_ap_medium": 0.1670872337961069,
      "coco_ap_small": 0.04906815430158678,
      "coco_ar1": 0.17795868698470127,
      "coco_ar10": 0.23086634521606203,
      "coco_ar100": 0.23112505871516806,
      "coco_ar_large": 0.34302401305195623,
      "coco_ar_medium": 0.21432634922199545,
      "coco_ar_small": 0.05321166015382064,
      "nms_iou_threshold": 0.7,
      "num_predictions": 4949.0,
      "num_samples": 500.0,
      "score_alpha": 2.0,
      "score_beta": 1.0,
      "score_threshold": 0.25,
      "top_k": 12
    },
    {
      "coco_ap": 0.17027149275338552,
      "coco_ap50": 0.2736095401690606,
      "coco_ap75": 0.18213680720239675,
      "coco_ap_large": 0.2473511544927104,
      "coco_ap_medium": 0.18170766621566625,
      "coco_ap_small": 0.06668878989150161,
      "coco_ar1": 0.18941414457675854,
      "coco_ar10": 0.24505550087666952,
      "coco_ar100": 0.24877658347093345,
      "coco_ar_large": 0.3472874174410366,
      "coco_ar_medium": 0.2450099921785248,
      "coco_ar_small": 0.08111988551823011,
      "nms_iou_threshold": 0.4,
      "num_predictions": 5654.0,
      "num_samples": 500.0,
      "score_alpha": 2.0,
      "score_beta": 1.0,
      "score_threshold": 0.25,
      "top_k": 50
    },
    {
      "coco_ap": 0.17134237954730555,
      "coco_ap50": 0.2730105632562774,
      "coco_ap75": 0.1840563665142148,
      "coco_ap_large": 0.24873000541245524,
      "coco_ap_medium": 0.1841601109079426,
      "coco_ap_small": 0.06630365358983054,
      "coco_ar1": 0.18899330173808712,
      "coco_ar10": 0.24812411751581023,
      "coco_ar100": 0.2524080511822493,
      "coco_ar_large": 0.35305557168556595,
      "coco_ar_medium": 0.2493131250458717,
      "coco_ar_small": 0.08060217575417884,
      "nms_iou_threshold": 0.5,
      "num_predictions": 6405.0,
      "num_samples": 500.0,
      "score_alpha": 2.0,
      "score_beta": 1.0,
      "score_threshold": 0.25,
      "top_k": 50
    },
    {
      "coco_ap": 0.17224271833846344,
      "coco_ap50": 0.26920246502951173,
      "coco_ap75": 0.18783495874696549,
      "coco_ap_large": 0.25123879754932904,
      "coco_ap_medium": 0.18497198641591317,
      "coco_ap_small": 0.06665560952345606,
      "coco_ar1": 0.18899330173808712,
      "coco_ar10": 0.2545186017811041,
      "coco_ar100": 0.25988493547825947,
      "coco_ar_large": 0.365069665583652,
      "coco_ar_medium": 0.2557111314644717,
      "coco_ar_small": 0.08135682181324053,
      "nms_iou_threshold": 0.6,
      "num_predictions": 7538.0,
      "num_samples": 500.0,
      "score_alpha": 2.0,
      "score_beta": 1.0,
      "score_threshold": 0.25,
      "top_k": 50
    },
    {
      "coco_ap": 0.16918200759820953,
      "coco_ap50": 0.25556479317338676,
      "coco_ap75": 0.1922136448408233,
      "coco_ap_large": 0.24907817950238245,
      "coco_ap_medium": 0.1857544576397288,
      "coco_ap_small": 0.06403970943653738,
      "coco_ar1": 0.1878081441307404,
      "coco_ar10": 0.2606839839181047,
      "coco_ar100": 0.2691229907810616,
      "coco_ar_large": 0.3801406004574535,
      "coco_ar_medium": 0.26735545288769413,
      "coco_ar_small": 0.08099136690867993,
      "nms_iou_threshold": 0.7,
      "num_predictions": 9675.0,
      "num_samples": 500.0,
      "score_alpha": 2.0,
      "score_beta": 1.0,
      "score_threshold": 0.25,
      "top_k": 50
    },
    {
      "coco_ap": 0.1702848786490747,
      "coco_ap50": 0.2736788869048803,
      "coco_ap75": 0.18214188772802628,
      "coco_ap_large": 0.2473511544927104,
      "coco_ap_medium": 0.18171370880329715,
      "coco_ap_small": 0.0667138839729164,
      "coco_ar1": 0.18941414457675854,
      "coco_ar10": 0.24505550087666952,
      "coco_ar100": 0.24891723044702338,
      "coco_ar_large": 0.3472874174410366,
      "coco_ar_medium": 0.24510989227842483,
      "coco_ar_small": 0.08132190572025033,
      "nms_iou_threshold": 0.4,
      "num_predictions": 5680.0,
      "num_samples": 500.0,
      "score_alpha": 2.0,
      "score_beta": 1.0,
      "score_threshold": 0.25,
      "top_k": 100
    },
    {
      "coco_ap": 0.17151180988599254,
      "coco_ap50": 0.273313023887686,
      "coco_ap75": 0.184221507518906,
      "coco_ap_large": 0.2487299569624131,
      "coco_ap_medium": 0.18441097683250213,
      "coco_ap_small": 0.06683534733638492,
      "coco_ar1": 0.18941414457675854,
      "coco_ar10": 0.24854496035448168,
      "coco_ar100": 0.2533615859496867,
      "coco_ar_large": 0.35305557168556595,
      "coco_ar_medium": 0.250611826344573,
      "coco_ar_small": 0.0819730271250302,
      "nms_iou_threshold": 0.5,
      "num_predictions": 6487.0,
      "num_samples": 500.0,
      "score_alpha": 2.0,
      "score_beta": 1.0,
      "score_threshold": 0.25,
      "top_k": 100
    },
    {
      "coco_ap": 0.17252390644252602,
      "coco_ap50": 0.2698233075188858,
      "coco_ap75": 0.18806950867149844,
      "coco_ap_large": 0.2512082053044285,
      "coco_ap_medium": 0.18556595930340306,
      "coco_ap_small": 0.06779638147726565,
      "coco_ar1": 0.18941414457675854,
      "coco_ar10": 0.25516555690952397,
      "coco_ar100": 0.26173800550842796,
      "coco_ar_large": 0.36507911380738595,
      "coco_ar_medium": 0.25920765061053774,
      "coco_ar_small": 0.08380465176107046,
      "nms_iou_threshold": 0.6,
      "num_predictions": 7873.0,
      "num_samples": 500.0,
      "score_alpha": 2.0,
      "score_beta": 1.0,
      "score_threshold": 0.25,
      "top_k": 100
    },
    {
      "coco_ap": 0.1697806207603363,
      "coco_ap50": 0.25663018949837507,
      "coco_ap75": 0.19297039557485085,
      "coco_ap_large": 0.24902895866455457,
      "coco_ap_medium": 0.18729871594320321,
      "coco_ap_small": 0.06651502537598053,
      "coco_ar1": 0.18934249423044855,
      "coco_ar10": 0.26324377828227424,
      "coco_ar100": 0.27334480888075613,
      "coco_ar_large": 0.38115675692003853,
      "coco_ar_medium": 0.27414996329545294,
      "coco_ar_small": 0.08523686592029904,
      "nms_iou_threshold": 0.7,
      "num_predictions": 10634.0,
      "num_samples": 500.0,
      "score_alpha": 2.0,
      "score_beta": 1.0,
      "score_threshold": 0.25,
      "top_k": 100
    }
  ],
  "sweep_space": {
    "nms_iou_thresholds": [
      0.4,
      0.5,
      0.6,
      0.7
    ],
    "score_alphas": [
      1.0,
      1.5,
      2.0
    ],
    "score_betas": [
      1.0
    ],
    "score_thresholds": [
      0.01,
      0.05,
      0.1,
      0.2,
      0.25
    ],
    "top_ks": [
      12,
      50,
      100
    ]
  },
  "top_by_ap": [
    {
      "coco_ap": 0.18059132161211078,
      "coco_ap50": 0.28694342033148024,
      "coco_ap75": 0.19503134364045177,
      "coco_ap_large": 0.26202959228120754,
      "coco_ap_medium": 0.19791383182231653,
      "coco_ap_small": 0.07851675030260077,
      "coco_ar1": 0.21318770399608225,
      "coco_ar10": 0.32150886980330545,
      "coco_ar100": 0.3353082040596352,
      "coco_ar_large": 0.47027655720121253,
      "coco_ar_medium": 0.34587131964866824,
      "coco_ar_small": 0.12683808340180425,
      "nms_iou_threshold": 0.6,
      "num_predictions": 40958.0,
      "num_samples": 500.0,
      "score_alpha": 2.0,
      "score_beta": 1.0,
      "score_threshold": 0.01,
      "top_k": 100
    },
    {
      "coco_ap": 0.18019022665977097,
      "coco_ap50": 0.28619827659455704,
      "coco_ap75": 0.19459072993570314,
      "coco_ap_large": 0.2615256967844834,
      "coco_ap_medium": 0.19751590201387773,
      "coco_ap_small": 0.07821880717558789,
      "coco_ar1": 0.21138244153662533,
      "coco_ar10": 0.3135413761236728,
      "coco_ar100": 0.3265822473986434,
      "coco_ar_large": 0.45978708452727085,
      "coco_ar_medium": 0.3398028858970339,
      "coco_ar_small": 0.12217349863089177,
      "nms_iou_threshold": 0.6,
      "num_predictions": 30174.0,
      "num_samples": 500.0,
      "score_alpha": 2.0,
      "score_beta": 1.0,
      "score_threshold": 0.05,
      "top_k": 100
    },
    {
      "coco_ap": 0.17995014673112997,
      "coco_ap50": 0.2933604481331917,
      "coco_ap75": 0.18969310087172953,
      "coco_ap_large": 0.2612529090432834,
      "coco_ap_medium": 0.19589572951529116,
      "coco_ap_small": 0.07775132873772637,
      "coco_ar1": 0.21392790280067042,
      "coco_ar10": 0.3140376266168315,
      "coco_ar100": 0.3251936299976412,
      "coco_ar_large": 0.4597949652764646,
      "coco_ar_medium": 0.3340340179479317,
      "coco_ar_small": 0.12425779846218103,
      "nms_iou_threshold": 0.5,
      "num_predictions": 38168.0,
      "num_samples": 500.0,
      "score_alpha": 2.0,
      "score_beta": 1.0,
      "score_threshold": 0.01,
      "top_k": 100
    },
    {
      "coco_ap": 0.17935691544708515,
      "coco_ap50": 0.29211506261746517,
      "coco_ap75": 0.1891693755294237,
      "coco_ap_large": 0.2598883205296319,
      "coco_ap_medium": 0.19524571268995855,
      "coco_ap_small": 0.07733694020670648,
      "coco_ar1": 0.21159533200862474,
      "coco_ar10": 0.3023231576695984,
      "coco_ar100": 0.3128165627429622,
      "coco_ar_large": 0.4419770109260913,
      "coco_ar_medium": 0.3244372944700676,
      "coco_ar_small": 0.11891905022581038,
      "nms_iou_threshold": 0.5,
      "num_predictions": 26197.0,
      "num_samples": 500.0,
      "score_alpha": 2.0,
      "score_beta": 1.0,
      "score_threshold": 0.05,
      "top_k": 100
    },
    {
      "coco_ap": 0.17929208396527124,
      "coco_ap50": 0.28425921209771604,
      "coco_ap75": 0.19393147284554316,
      "coco_ap_large": 0.2599822316068284,
      "coco_ap_medium": 0.19643439851359387,
      "coco_ap_small": 0.07629015351628726,
      "coco_ar1": 0.20778397829484307,
      "coco_ar10": 0.30185879776749963,
      "coco_ar100": 0.3132126250171006,
      "coco_ar_large": 0.436800007040962,
      "coco_ar_medium": 0.325577329696358,
      "coco_ar_small": 0.11092873192839947,
      "nms_iou_threshold": 0.6,
      "num_predictions": 20769.0,
      "num_samples": 500.0,
      "score_alpha": 2.0,
      "score_beta": 1.0,
      "score_threshold": 0.1,
      "top_k": 100
    },
    {
      "coco_ap": 0.17921338724084937,
      "coco_ap50": 0.2836255689697076,
      "coco_ap75": 0.1941194020642605,
      "coco_ap_large": 0.26140505116710755,
      "coco_ap_medium": 0.19565978550418087,
      "coco_ap_small": 0.07472056022822059,
      "coco_ar1": 0.20925836520844715,
      "coco_ar10": 0.3036750376024432,
      "coco_ar100": 0.31249739343116406,
      "coco_ar_large": 0.4493476953957704,
      "coco_ar_medium": 0.31702789009286275,
      "coco_ar_small": 0.10774807165484424,
      "nms_iou_threshold": 0.6,
      "num_predictions": 23131.0,
      "num_samples": 500.0,
      "score_alpha": 2.0,
      "score_beta": 1.0,
      "score_threshold": 0.01,
      "top_k": 50
    },
    {
      "coco_ap": 0.17899788045760454,
      "coco_ap50": 0.28319057015838545,
      "coco_ap75": 0.19382733169446123,
      "coco_ap_large": 0.2611674912468176,
      "coco_ap_medium": 0.19547882048308404,
      "coco_ap_small": 0.07450755700018695,
      "coco_ar1": 0.20868380268808256,
      "coco_ar10": 0.3005489064502534,
      "coco_ar100": 0.30937126227897427,
      "coco_ar_large": 0.44632506571734354,
      "coco_ar_medium": 0.31517156460017365,
      "coco_ar_small": 0.10543078110225956,
      "nms_iou_threshold": 0.6,
      "num_predictions": 20020.0,
      "num_samples": 500.0,
      "score_alpha": 2.0,
      "score_beta": 1.0,
      "score_threshold": 0.05,
      "top_k": 50
    },
    {
      "coco_ap": 0.17889827379252632,
      "coco_ap50": 0.290730138893445,
      "coco_ap75": 0.18905879492539987,
      "coco_ap_large": 0.2603844855142792,
      "coco_ap_medium": 0.1942705028732689,
      "coco_ap_small": 0.07534639905606903,
      "coco_ar1": 0.21101927310591495,
      "coco_ar10": 0.29755951595052615,
      "coco_ar100": 0.30568217226259803,
      "coco_ar_large": 0.44055034172428265,
      "coco_ar_medium": 0.3091004268014063,
      "coco_ar_small": 0.10920136108232073,
      "nms_iou_threshold": 0.5,
      "num_predictions": 22366.0,
      "num_samples": 500.0,
      "score_alpha": 2.0,
      "score_beta": 1.0,
      "score_threshold": 0.01,
      "top_k": 50
    },
    {
      "coco_ap": 0.1785061928738092,
      "coco_ap50": 0.29006340052313356,
      "coco_ap75": 0.18859118858763796,
      "coco_ap_large": 0.25976867767977957,
      "coco_ap_medium": 0.19407948381613763,
      "coco_ap_small": 0.07515414629785906,
      "coco_ar1": 0.21011449594603465,
      "coco_ar10": 0.2929075670535351,
      "coco_ar100": 0.30073367890070196,
      "coco_ar_large": 0.4341263763981434,
      "coco_ar_medium": 0.3055664970144341,
      "coco_ar_small": 0.10688407052973606,
      "nms_iou_threshold": 0.5,
      "num_predictions": 18614.0,
      "num_samples": 500.0,
      "score_alpha": 2.0,
      "score_beta": 1.0,
      "score_threshold": 0.05,
      "top_k": 50
    },
    {
      "coco_ap": 0.17837148566852837,
      "coco_ap50": 0.2816843817927406,
      "coco_ap75": 0.19338376280486594,
      "coco_ap_large": 0.2597769885858362,
      "coco_ap_medium": 0.19496561856027153,
      "coco_ap_small": 0.07297477159886039,
      "coco_ar1": 0.20581884271753148,
      "coco_ar10": 0.2936824405052449,
      "coco_ar100": 0.3015704992417515,
      "coco_ar_large": 0.4295799338164968,
      "coco_ar_medium": 0.30990363966290485,
      "coco_ar_small": 0.09981183536527598,
      "nms_iou_threshold": 0.6,
      "num_predictions": 16031.0,
      "num_samples": 500.0,
      "score_alpha": 2.0,
      "score_beta": 1.0,
      "score_threshold": 0.1,
      "top_k": 50
    }
  ],
  "top_by_ap50": [
    {
      "coco_ap": 0.17832000543311297,
      "coco_ap50": 0.2945749279226807,
      "coco_ap75": 0.1869944794483104,
      "coco_ap_large": 0.258722070912535,
      "coco_ap_medium": 0.19232622527273083,
      "coco_ap_small": 0.07772035097898385,
      "coco_ar1": 0.21448574300924317,
      "coco_ar10": 0.3045516680873216,
      "coco_ar100": 0.31236687979504296,
      "coco_ar_large": 0.43873624537595773,
      "coco_ar_medium": 0.323499106467391,
      "coco_ar_small": 0.12430157632098275,
      "nms_iou_threshold": 0.4,
      "num_predictions": 35335.0,
      "num_samples": 500.0,
      "score_alpha": 2.0,
      "score_beta": 1.0,
      "score_threshold": 0.01,
      "top_k": 100
    },
    {
      "coco_ap": 0.17517839571771818,
      "coco_ap50": 0.2939053044177949,
      "coco_ap75": 0.18116278306261166,
      "coco_ap_large": 0.2548379647670965,
      "coco_ap_medium": 0.1885362266698345,
      "coco_ap_small": 0.07619170046075337,
      "coco_ar1": 0.2114553581560307,
      "coco_ar10": 0.3014863864337361,
      "coco_ar100": 0.3101188384019309,
      "coco_ar_large": 0.43851883319859264,
      "coco_ar_medium": 0.3196278062429629,
      "coco_ar_small": 0.12180914683307859,
      "nms_iou_threshold": 0.4,
      "num_predictions": 39253.0,
      "num_samples": 500.0,
      "score_alpha": 1.5,
      "score_beta": 1.0,
      "score_threshold": 0.01,
      "top_k": 100
    },
    {
      "coco_ap": 0.17790523767755856,
      "coco_ap50": 0.2934745825633285,
      "coco_ap75": 0.18671059899713277,
      "coco_ap_large": 0.25818425859579014,
      "coco_ap_medium": 0.1918501675161332,
      "coco_ap_small": 0.07729033824955014,
      "coco_ar1": 0.2119898402449639,
      "coco_ar10": 0.29658193441908803,
      "coco_ar100": 0.30401197132342955,
      "coco_ar_large": 0.4288076833710053,
      "coco_ar_medium": 0.3153291737214536,
      "coco_ar_small": 0.1183628568708301,
      "nms_iou_threshold": 0.4,
      "num_predictions": 22863.0,
      "num_samples": 500.0,
      "score_alpha": 2.0,
      "score_beta": 1.0,
      "score_threshold": 0.05,
      "top_k": 100
    },
    {
      "coco_ap": 0.17995014673112997,
      "coco_ap50": 0.2933604481331917,
      "coco_ap75": 0.18969310087172953,
      "coco_ap_large": 0.2612529090432834,
      "coco_ap_medium": 0.19589572951529116,
      "coco_ap_small": 0.07775132873772637,
      "coco_ar1": 0.21392790280067042,
      "coco_ar10": 0.3140376266168315,
      "coco_ar100": 0.3251936299976412,
      "coco_ar_large": 0.4597949652764646,
      "coco_ar_medium": 0.3340340179479317,
      "coco_ar_small": 0.12425779846218103,
      "nms_iou_threshold": 0.5,
      "num_predictions": 38168.0,
      "num_samples": 500.0,
      "score_alpha": 2.0,
      "score_beta": 1.0,
      "score_threshold": 0.01,
      "top_k": 100
    },
    {
      "coco_ap": 0.17493092836514199,
      "coco_ap50": 0.2931956056129006,
      "coco_ap75": 0.18106286840219574,
      "coco_ap_large": 0.25440088759556156,
      "coco_ap_medium": 0.18826030736340485,
      "coco_ap_small": 0.07610471474875649,
      "coco_ar1": 0.20989300368663344,
      "coco_ar10": 0.29629311131043573,
      "coco_ar100": 0.3044947568477204,
      "coco_ar_large": 0.42960861110536247,
      "coco_ar_medium": 0.31440829388039715,
      "coco_ar_small": 0.12060060709868506,
      "nms_iou_threshold": 0.4,
      "num_predictions": 27708.0,
      "num_samples": 500.0,
      "score_alpha": 1.5,
      "score_beta": 1.0,
      "score_threshold": 0.05,
      "top_k": 100
    },
    {
      "coco_ap": 0.17770169540006964,
      "coco_ap50": 0.29239363725215667,
      "coco_ap75": 0.1868117240899755,
      "coco_ap_large": 0.2585278016025338,
      "coco_ap_medium": 0.19126859058953505,
      "coco_ap_small": 0.07667181289443539,
      "coco_ar1": 0.21186260449249078,
      "coco_ar10": 0.2931578435337986,
      "coco_ar100": 0.29930166550288334,
      "coco_ar_large": 0.42722519328664643,
      "coco_ar_medium": 0.30378837737727243,
      "coco_ar_small": 0.11307876941391308,
      "nms_iou_threshold": 0.4,
      "num_predictions": 21593.0,
      "num_samples": 500.0,
      "score_alpha": 2.0,
      "score_beta": 1.0,
      "score_threshold": 0.01,
      "top_k": 50
    },
    {
      "coco_ap": 0.17935691544708515,
      "coco_ap50": 0.29211506261746517,
      "coco_ap75": 0.1891693755294237,
      "coco_ap_large": 0.2598883205296319,
      "coco_ap_medium": 0.19524571268995855,
      "coco_ap_small": 0.07733694020670648,
      "coco_ar1": 0.21159533200862474,
      "coco_ar10": 0.3023231576695984,
      "coco_ar100": 0.3128165627429622,
      "coco_ar_large": 0.4419770109260913,
      "coco_ar_medium": 0.3244372944700676,
      "coco_ar_small": 0.11891905022581038,
      "nms_iou_threshold": 0.5,
      "num_predictions": 26197.0,
      "num_samples": 500.0,
      "score_alpha": 2.0,
      "score_beta": 1.0,
      "score_threshold": 0.05,
      "top_k": 100
    },
    {
      "coco_ap": 0.17742806815747916,
      "coco_ap50": 0.2918144823026348,
      "coco_ap75": 0.18651108491300616,
      "coco_ap_large": 0.258054713051893,
      "coco_ap_medium": 0.1910870470317316,
      "coco_ap_small": 0.07643301118356208,
      "coco_ar1": 0.21093893445522524,
      "coco_ar10": 0.28946942984655444,
      "coco_ar100": 0.295419316934437,
      "coco_ar_large": 0.4223078222978469,
      "coco_ar_medium": 0.30041677742785666,
      "coco_ar_small": 0.1097513778512274,
      "nms_iou_threshold": 0.4,
      "num_predictions": 17391.0,
      "num_samples": 500.0,
      "score_alpha": 2.0,
      "score_beta": 1.0,
      "score_threshold": 0.05,
      "top_k": 50
    },
    {
      "coco_ap": 0.17370949246405087,
      "coco_ap50": 0.29171357338453446,
      "coco_ap75": 0.17896764706217905,
      "coco_ap_large": 0.25207186758961586,
      "coco_ap_medium": 0.1890394795625663,
      "coco_ap_small": 0.07183937407600097,
      "coco_ar1": 0.20907701463456646,
      "coco_ar10": 0.30120684500896866,
      "coco_ar100": 0.3097357025084614,
      "coco_ar_large": 0.4370100217503848,
      "coco_ar_medium": 0.31906073813261226,
      "coco_ar_small": 0.11877645325257213,
      "nms_iou_threshold": 0.4,
      "num_predictions": 43924.0,
      "num_samples": 500.0,
      "score_alpha": 1.0,
      "score_beta": 1.0,
      "score_threshold": 0.01,
      "top_k": 100
    },
    {
      "coco_ap": 0.17440409156703304,
      "coco_ap50": 0.29145194932942914,
      "coco_ap75": 0.1808183227147093,
      "coco_ap_large": 0.25444107122003623,
      "coco_ap_medium": 0.18750541289315495,
      "coco_ap_small": 0.07504584898446535,
      "coco_ar1": 0.20877390040660646,
      "coco_ar10": 0.28891560508927755,
      "coco_ar100": 0.2956369475859321,
      "coco_ar_large": 0.4249686786172157,
      "coco_ar_medium": 0.29923789546153207,
      "coco_ar_small": 0.11147248554897209,
      "nms_iou_threshold": 0.4,
      "num_predictions": 22773.0,
      "num_samples": 500.0,
      "score_alpha": 1.5,
      "score_beta": 1.0,
      "score_threshold": 0.01,
      "top_k": 50
    }
  ],
  "top_by_ar100": [
    {
      "coco_ap": 0.17635162671035573,
      "coco_ap50": 0.2699036229141042,
      "coco_ap75": 0.19918688576401153,
      "coco_ap_large": 0.257778672639785,
      "coco_ap_medium": 0.19816134107538444,
      "coco_ap_small": 0.07669834273191074,
      "coco_ar1": 0.2120809063518116,
      "coco_ar10": 0.3223700922484577,
      "coco_ar100": 0.34285424712370227,
      "coco_ar_large": 0.48014991836852866,
      "coco_ar_medium": 0.35325293245327627,
      "coco_ar_small": 0.12772407655483886,
      "nms_iou_threshold": 0.7,
      "num_predictions": 43709.0,
      "num_samples": 500.0,
      "score_alpha": 2.0,
      "score_beta": 1.0,
      "score_threshold": 0.01,
      "top_k": 100
    },
    {
      "coco_ap": 0.17335978201419874,
      "coco_ap50": 0.26656717988715095,
      "coco_ap75": 0.19436291742786607,
      "coco_ap_large": 0.2517897158793682,
      "coco_ap_medium": 0.1957740934371819,
      "coco_ap_small": 0.07527900998844518,
      "coco_ar1": 0.20862322433460037,
      "coco_ar10": 0.319976951110447,
      "coco_ar100": 0.34250286195168883,
      "coco_ar_large": 0.4817491454683772,
      "coco_ar_medium": 0.3515815066294086,
      "coco_ar_small": 0.12431854880666343,
      "nms_iou_threshold": 0.7,
      "num_predictions": 46111.0,
      "num_samples": 500.0,
      "score_alpha": 1.5,
      "score_beta": 1.0,
      "score_threshold": 0.01,
      "top_k": 100
    },
    {
      "coco_ap": 0.173315797041733,
      "coco_ap50": 0.2664876146790308,
      "coco_ap75": 0.19429514847839305,
      "coco_ap_large": 0.25172535251121425,
      "coco_ap_medium": 0.19568542980908907,
      "coco_ap_small": 0.07527900998844518,
      "coco_ar1": 0.20831481632222257,
      "coco_ar10": 0.3186054647053124,
      "coco_ar100": 0.34112600050288205,
      "coco_ar_large": 0.48021611623601246,
      "coco_ar_medium": 0.34973054121348857,
      "coco_ar_small": 0.12431854880666343,
      "nms_iou_threshold": 0.7,
      "num_predictions": 39198.0,
      "num_samples": 500.0,
      "score_alpha": 1.5,
      "score_beta": 1.0,
      "score_threshold": 0.05,
      "top_k": 100
    },
    {
      "coco_ap": 0.1696024989806626,
      "coco_ap50": 0.2624541175254104,
      "coco_ap75": 0.18868143233990972,
      "coco_ap_large": 0.24584960312957377,
      "coco_ap_medium": 0.19397753175996987,
      "coco_ap_small": 0.07044679346443132,
      "coco_ar1": 0.20636517473847713,
      "coco_ar10": 0.3154396814773379,
      "coco_ar100": 0.3399756504741967,
      "coco_ar_large": 0.4768975709687518,
      "coco_ar_medium": 0.34789292705271935,
      "coco_ar_small": 0.1214673273947382,
      "nms_iou_threshold": 0.7,
      "num_predictions": 48439.0,
      "num_samples": 500.0,
      "score_alpha": 1.0,
      "score_beta": 1.0,
      "score_threshold": 0.01,
      "top_k": 100
    },
    {
      "coco_ap": 0.16957313342887784,
      "coco_ap50": 0.2623824859407651,
      "coco_ap75": 0.1886459332021457,
      "coco_ap_large": 0.24576621759381753,
      "coco_ap_medium": 0.19397399009251276,
      "coco_ap_small": 0.07044526529803233,
      "coco_ar1": 0.20601881102040778,
      "coco_ar10": 0.31488761717490793,
      "coco_ar100": 0.3393032538185384,
      "coco_ar_large": 0.4751049692675122,
      "coco_ar_medium": 0.347604326764119,
      "coco_ar_small": 0.1214397791853718,
      "nms_iou_threshold": 0.7,
      "num_predictions": 43370.0,
      "num_samples": 500.0,
      "score_alpha": 1.0,
      "score_beta": 1.0,
      "score_threshold": 0.05,
      "top_k": 100
    },
    {
      "coco_ap": 0.1760372398769248,
      "coco_ap50": 0.269433700817412,
      "coco_ap75": 0.19872068628166362,
      "coco_ap_large": 0.2573728288537866,
      "coco_ap_medium": 0.19784464107302888,
      "coco_ap_small": 0.07650091227457928,
      "coco_ar1": 0.21117612919193127,
      "coco_ar10": 0.31666952345987637,
      "coco_ar100": 0.3360607278348051,
      "coco_ar_large": 0.47184619169058145,
      "coco_ar_medium": 0.349203684650986,
      "coco_ar_small": 0.1241245256552323,
      "nms_iou_threshold": 0.7,
      "num_predictions": 34826.0,
      "num_samples": 500.0,
      "score_alpha": 2.0,
      "score_beta": 1.0,
      "score_threshold": 0.05,
      "top_k": 100
    },
    {
      "coco_ap": 0.18059132161211078,
      "coco_ap50": 0.28694342033148024,
      "coco_ap75": 0.19503134364045177,
      "coco_ap_large": 0.26202959228120754,
      "coco_ap_medium": 0.19791383182231653,
      "coco_ap_small": 0.07851675030260077,
      "coco_ar1": 0.21318770399608225,
      "coco_ar10": 0.32150886980330545,
      "coco_ar100": 0.3353082040596352,
      "coco_ar_large": 0.47027655720121253,
      "coco_ar_medium": 0.34587131964866824,
      "coco_ar_small": 0.12683808340180425,
      "nms_iou_threshold": 0.6,
      "num_predictions": 40958.0,
      "num_samples": 500.0,
      "score_alpha": 2.0,
      "score_beta": 1.0,
      "score_threshold": 0.01,
      "top_k": 100
    },
    {
      "coco_ap": 0.16936334844809695,
      "coco_ap50": 0.2620195620826863,
      "coco_ap75": 0.18835181012125587,
      "coco_ap_large": 0.2450939446463662,
      "coco_ap_medium": 0.193653982580589,
      "coco_ap_small": 0.07029238417613669,
      "coco_ar1": 0.2042442601264293,
      "coco_ar10": 0.3103720272144811,
      "coco_ar100": 0.33384027806790656,
      "coco_ar_large": 0.4682198332531276,
      "coco_ar_medium": 0.3430573964217341,
      "coco_ar_small": 0.11860214452676526,
      "nms_iou_threshold": 0.7,
      "num_predictions": 37270.0,
      "num_samples": 500.0,
      "score_alpha": 1.0,
      "score_beta": 1.0,
      "score_threshold": 0.1,
      "top_k": 100
    },
    {
      "coco_ap": 0.17767630999303208,
      "coco_ap50": 0.28496118535152587,
      "coco_ap75": 0.1892634771689859,
      "coco_ap_large": 0.2576073031178758,
      "coco_ap_medium": 0.19361299224065756,
      "coco_ap_small": 0.07729751673407065,
      "coco_ar1": 0.20999994546993406,
      "coco_ar10": 0.3180240299281544,
      "coco_ar100": 0.33379813424636234,
      "coco_ar_large": 0.47554074020438514,
      "coco_ar_medium": 0.33717304930015163,
      "coco_ar_small": 0.12596692162056655,
      "nms_iou_threshold": 0.6,
      "num_predictions": 43856.0,
      "num_samples": 500.0,
      "score_alpha": 1.5,
      "score_beta": 1.0,
      "score_threshold": 0.01,
      "top_k": 100
    },
    {
      "coco_ap": 0.17514057380624487,
      "coco_ap50": 0.281336413191513,
      "coco_ap75": 0.18729229140940482,
      "coco_ap_large": 0.2546127054496221,
      "coco_ap_medium": 0.19295635614042467,
      "coco_ap_small": 0.07274784519116673,
      "coco_ar1": 0.20750515425848776,
      "coco_ar10": 0.3151565021341635,
      "coco_ar100": 0.33228449440991736,
      "coco_ar_large": 0.4721762002951185,
      "coco_ar_medium": 0.33530164676159946,
      "coco_ar_small": 0.1235906131612619,
      "nms_iou_threshold": 0.6,
      "num_predictions": 47165.0,
      "num_samples": 500.0,
      "score_alpha": 1.0,
      "score_beta": 1.0,
      "score_threshold": 0.01,
      "top_k": 100
    }
  ]
}
