Stage D Round 1 autopilot waiting for GPUs.
GPU gate blocked: free memory per GPU = [2019, 2015, 2075, 1999, 2011, 2075, 2119, 2023], waiting...
GPU gate blocked: free memory per GPU = [2019, 2015, 2075, 1999, 2011, 2075, 2119, 2023], waiting...
GPU gate blocked: free memory per GPU = [2019, 2015, 2075, 1999, 2011, 2075, 2119, 2023], waiting...
GPU gate blocked: free memory per GPU = [2019, 2015, 2075, 1999, 2011, 2075, 2119, 2023], waiting...
GPU gate blocked: free memory per GPU = [2019, 2015, 2075, 1999, 2011, 2075, 2119, 2023], waiting...
GPU gate blocked: free memory per GPU = [2019, 2015, 2075, 1999, 2011, 2075, 2119, 2023], waiting...
GPU gate blocked: free memory per GPU = [2019, 2015, 2075, 1999, 2011, 2075, 2119, 2023], waiting...
GPU gate blocked: free memory per GPU = [2019, 2015, 2075, 1999, 2011, 2075, 2119, 2023], waiting...
GPU gate blocked: free memory per GPU = [2019, 2015, 2075, 1999, 2011, 2075, 2119, 2023], waiting...
GPU gate blocked: free memory per GPU = [2019, 2015, 2075, 1999, 2011, 2075, 2119, 2023], waiting...
GPU gate blocked: free memory per GPU = [2019, 2015, 2075, 1999, 2011, 2075, 2119, 2023], waiting...
GPU gate blocked: free memory per GPU = [2019, 2015, 2075, 1999, 2011, 2075, 2119, 2023], waiting...
GPU gate blocked: free memory per GPU = [2019, 2015, 2075, 1999, 2011, 2075, 2119, 2023], waiting...
GPU gate blocked: free memory per GPU = [2019, 2015, 2075, 1999, 2011, 2075, 2119, 2023], waiting...
GPU gate blocked: free memory per GPU = [2019, 2015, 2075, 1999, 2011, 2075, 2119, 2023], waiting...
GPU gate blocked: free memory per GPU = [2019, 2015, 2075, 1999, 2011, 2075, 2119, 2023], waiting...
GPU gate blocked: free memory per GPU = [2019, 2015, 2075, 1999, 2011, 2075, 2119, 2023], waiting...
GPU gate blocked: free memory per GPU = [2019, 2015, 2075, 1999, 2011, 2075, 2119, 2023], waiting...
GPU gate blocked: free memory per GPU = [2019, 2015, 2075, 1999, 2011, 2075, 2119, 2023], waiting...
GPU gate blocked: free memory per GPU = [2019, 2015, 2075, 1999, 2011, 2075, 2119, 2023], waiting...
GPU gate blocked: free memory per GPU = [2019, 2015, 2075, 1999, 2011, 2075, 2119, 2023], waiting...
GPU gate blocked: free memory per GPU = [2019, 2015, 2075, 1999, 2011, 2075, 2119, 2023], waiting...
GPU gate blocked: free memory per GPU = [2019, 2015, 2075, 1999, 2011, 2075, 2119, 2023], waiting...
GPU gate blocked: free memory per GPU = [2019, 2015, 2075, 1999, 2011, 2075, 2119, 2023], waiting...
GPU gate blocked: free memory per GPU = [2019, 2015, 2075, 1999, 2011, 2075, 2119, 2023], waiting...
GPU gate blocked: free memory per GPU = [2019, 2015, 2075, 1999, 2011, 2075, 2119, 2023], waiting...
GPU gate blocked: free memory per GPU = [2019, 2015, 2075, 1999, 2011, 2075, 2119, 2023], waiting...
GPU gate blocked: free memory per GPU = [2019, 2015, 2075, 1999, 2011, 2075, 2119, 2023], waiting...
GPU gate blocked: free memory per GPU = [2019, 2015, 2075, 1999, 2011, 2075, 2119, 2023], waiting...
GPU gate blocked: free memory per GPU = [2019, 2015, 2075, 1999, 2011, 2075, 2119, 2023], waiting...
GPU gate blocked: free memory per GPU = [2019, 2015, 2075, 1999, 2011, 2075, 2119, 2023], waiting...
GPU gate blocked: free memory per GPU = [2019, 2015, 2075, 1999, 2011, 2075, 2119, 2023], waiting...
GPU gate blocked: free memory per GPU = [2019, 2015, 2075, 1999, 2011, 2075, 2119, 2023], waiting...
GPU gate blocked: free memory per GPU = [2019, 2015, 2075, 1999, 2011, 2075, 2119, 2023], waiting...
GPU gate blocked: free memory per GPU = [2019, 2015, 2075, 1999, 2011, 2075, 2119, 2023], waiting...
GPU gate blocked: free memory per GPU = [2019, 2015, 2075, 1999, 2011, 2075, 2119, 2023], waiting...
GPU gate blocked: free memory per GPU = [2019, 2015, 2075, 1999, 2011, 2075, 2119, 2023], waiting...
GPU gate blocked: free memory per GPU = [2019, 2015, 2075, 1999, 2011, 2075, 2119, 2023], waiting...
GPU gate blocked: free memory per GPU = [2019, 2015, 2075, 1999, 2011, 2075, 2119, 2023], waiting...
GPU gate blocked: free memory per GPU = [2019, 2015, 2075, 1999, 2011, 2075, 2119, 2023], waiting...
GPU gate blocked: free memory per GPU = [2019, 2015, 2075, 1999, 2011, 2075, 2119, 2023], waiting...
GPU gate blocked: free memory per GPU = [2019, 2015, 2075, 1999, 2011, 2075, 2119, 2023], waiting...
GPU gate blocked: free memory per GPU = [2019, 2015, 2075, 1999, 2011, 2075, 2119, 2023], waiting...
GPU gate blocked: free memory per GPU = [2019, 2015, 2075, 1999, 2011, 2075, 2119, 2023], waiting...
GPU gate blocked: free memory per GPU = [2019, 2015, 2075, 1999, 2011, 2075, 2119, 2023], waiting...
GPU gate blocked: free memory per GPU = [2019, 2015, 2075, 1999, 2011, 2075, 2119, 2023], waiting...
GPU gate blocked: free memory per GPU = [2019, 2015, 2075, 1999, 2011, 2075, 2119, 2023], waiting...
GPU gate blocked: free memory per GPU = [2019, 2015, 2075, 1999, 2011, 2075, 2119, 2023], waiting...
GPU gate blocked: free memory per GPU = [2019, 2015, 2075, 1999, 2011, 2075, 2119, 2023], waiting...
GPU gate blocked: free memory per GPU = [2019, 2015, 2075, 1999, 2011, 2075, 2119, 2023], waiting...
GPU gate blocked: free memory per GPU = [2019, 2015, 2075, 1999, 2011, 2075, 2119, 2023], waiting...
GPU gate blocked: free memory per GPU = [2019, 2015, 2075, 1999, 2011, 2075, 2119, 2023], waiting...
GPU gate blocked: free memory per GPU = [2019, 2015, 2075, 1999, 2011, 2075, 2119, 2023], waiting...
GPU gate blocked: free memory per GPU = [2019, 2015, 2075, 1999, 2011, 2075, 2119, 2023], waiting...
GPU gate blocked: free memory per GPU = [2019, 2015, 2075, 1999, 2011, 2075, 2119, 2023], waiting...
GPU gate blocked: free memory per GPU = [2019, 2015, 2075, 1999, 2011, 2075, 2119, 2023], waiting...
GPU gate blocked: free memory per GPU = [2019, 2015, 2075, 1999, 2011, 2075, 2119, 2023], waiting...
GPU gate blocked: free memory per GPU = [2019, 2015, 2075, 1999, 2011, 2075, 2119, 2023], waiting...
GPU gate blocked: free memory per GPU = [2019, 2015, 2075, 1999, 2011, 2075, 2119, 2023], waiting...
GPU gate blocked: free memory per GPU = [2019, 2015, 2075, 1999, 2011, 2075, 2119, 2023], waiting...
GPU gate blocked: free memory per GPU = [2019, 2015, 2075, 1999, 2011, 2075, 2119, 2023], waiting...
GPU gate blocked: free memory per GPU = [2019, 2015, 2075, 1999, 2011, 2075, 2119, 2023], waiting...
GPU gate blocked: free memory per GPU = [2019, 2015, 2075, 1999, 2011, 2075, 2119, 2023], waiting...
GPU gate blocked: free memory per GPU = [2019, 2015, 2075, 1999, 2011, 2075, 2119, 2023], waiting...
GPU gate blocked: free memory per GPU = [2019, 2015, 2075, 1999, 2011, 2075, 2119, 2023], waiting...
GPU gate blocked: free memory per GPU = [2019, 2015, 2075, 1999, 2011, 2075, 2119, 2023], waiting...
GPU gate blocked: free memory per GPU = [2019, 2015, 2075, 1999, 2011, 2075, 2119, 2023], waiting...
GPU gate blocked: free memory per GPU = [2019, 2015, 2075, 1999, 2011, 2075, 2119, 2023], waiting...
GPU gate blocked: free memory per GPU = [2019, 2015, 2075, 1999, 2011, 2075, 2119, 2023], waiting...
GPU gate blocked: free memory per GPU = [2019, 2015, 2075, 1999, 2011, 2075, 2119, 2023], waiting...
GPU gate blocked: free memory per GPU = [2019, 2015, 2075, 1999, 2011, 2075, 2119, 2023], waiting...
GPU gate blocked: free memory per GPU = [2019, 2015, 2075, 1999, 2011, 2075, 2119, 2023], waiting...
GPU gate blocked: free memory per GPU = [2019, 2015, 2075, 1999, 2011, 2075, 2119, 2023], waiting...
GPU gate blocked: free memory per GPU = [2019, 2015, 2075, 1999, 2011, 2075, 2119, 2023], waiting...
GPU gate blocked: free memory per GPU = [2019, 2015, 2075, 1999, 2011, 2075, 2119, 2023], waiting...
GPU gate blocked: free memory per GPU = [2019, 2015, 2075, 1999, 2011, 2075, 2119, 2023], waiting...
GPU gate blocked: free memory per GPU = [2019, 2015, 2075, 1999, 2011, 2075, 2119, 2023], waiting...
GPU gate blocked: free memory per GPU = [2019, 2015, 2075, 1999, 2011, 2075, 2119, 2023], waiting...
GPU gate blocked: free memory per GPU = [2019, 2015, 2075, 1999, 2011, 2075, 2119, 2023], waiting...
GPU gate blocked: free memory per GPU = [2019, 2015, 2075, 1999, 2011, 2075, 2119, 2023], waiting...
GPU gate blocked: free memory per GPU = [2019, 2015, 2075, 1999, 2011, 2075, 2119, 2023], waiting...
GPU gate blocked: free memory per GPU = [2019, 2015, 24066, 1999, 24066, 2075, 2119, 2023], waiting...
GPU gate blocked: free memory per GPU = [2019, 24066, 24066, 1999, 24066, 24066, 2119, 2023], waiting...
GPU gate blocked: free memory per GPU = [2019, 24066, 24066, 24066, 24066, 24066, 2119, 24066], waiting...
GPU gate blocked: free memory per GPU = [2019, 24066, 24066, 24066, 24066, 24066, 2119, 24066], waiting...
GPU gate blocked: free memory per GPU = [24066, 24066, 24066, 24066, 24066, 24066, 2119, 24066], waiting...
GPU gate open: free memory per GPU = [24066, 24066, 24066, 24066, 24066, 24066, 24066, 24066]
starting yolov0 training
run id: deep_residual_multiscale_singlebox_20260425_052858
Captured run id: deep_residual_multiscale_singlebox_20260425_052858
device: cuda
train dataset length: 124004
val dataset length: 10823
model output shape: {'p4': (1, 20, 20, 85), 'p5': (1, 10, 10, 85)}
parameter total: 31851786
parameter trainable: 31851786
gpu count: 8
tensorboard dir: runs/deep_residual_multiscale_singlebox_20260425_052858
output dir: outputs/deep_residual_multiscale_singlebox_20260425_052858
epoch 001 | step 0001 | total = 12.3402 | box = 1.7585 | obj = 2.1314 | cls = 1.4166 | lr = 0.001000
epoch 001 | step 0020 | total = 9.6298 | box = 1.5839 | obj = 1.4364 | cls = 0.2740 | lr = 0.001000
epoch 001 | step 0040 | total = 9.2899 | box = 1.5771 | obj = 1.3234 | cls = 0.0812 | lr = 0.001000
epoch 001 | step 0060 | total = 8.9462 | box = 1.4863 | obj = 1.4547 | cls = 0.0601 | lr = 0.001000
epoch 001 | step 0080 | total = 9.0773 | box = 1.5240 | obj = 1.4112 | cls = 0.0462 | lr = 0.001000
epoch 001 | step 0100 | total = 8.9022 | box = 1.4865 | obj = 1.4250 | cls = 0.0448 | lr = 0.001000
epoch 001 | step 0120 | total = 8.9231 | box = 1.4896 | obj = 1.4319 | cls = 0.0434 | lr = 0.001000
epoch 001 | step 0140 | total = 8.9275 | box = 1.4905 | obj = 1.4311 | cls = 0.0438 | lr = 0.001000
epoch 001 | step 0160 | total = 8.8647 | box = 1.4780 | obj = 1.4336 | cls = 0.0409 | lr = 0.001000
epoch 001 | step 0180 | total = 8.9000 | box = 1.4899 | obj = 1.4095 | cls = 0.0408 | lr = 0.001000
epoch 001 | step 0200 | total = 8.8360 | box = 1.4709 | obj = 1.4392 | cls = 0.0423 | lr = 0.001000
epoch 001 | step 0220 | total = 8.6886 | box = 1.4381 | obj = 1.4562 | cls = 0.0417 | lr = 0.001000
epoch 001 | step 0240 | total = 8.8007 | box = 1.4627 | obj = 1.4461 | cls = 0.0411 | lr = 0.001000
epoch 001 | step 0260 | total = 8.7062 | box = 1.4437 | obj = 1.4470 | cls = 0.0406 | lr = 0.001000
epoch 001 | step 0280 | total = 8.7536 | box = 1.4528 | obj = 1.4472 | cls = 0.0425 | lr = 0.001000
epoch 001 | step 0300 | total = 8.5992 | box = 1.4215 | obj = 1.4511 | cls = 0.0408 | lr = 0.001000
epoch 001 | step 0320 | total = 8.6802 | box = 1.4339 | obj = 1.4679 | cls = 0.0427 | lr = 0.001000
epoch 001 | step 0340 | total = 8.6773 | box = 1.4337 | obj = 1.4665 | cls = 0.0424 | lr = 0.001000
epoch 001 | step 0360 | total = 8.2676 | box = 1.3366 | obj = 1.5381 | cls = 0.0464 | lr = 0.001000
epoch 001 | step 0380 | total = 8.4941 | box = 1.3934 | obj = 1.4842 | cls = 0.0429 | lr = 0.001000
epoch 001 | step 0400 | total = 8.4243 | box = 1.3723 | obj = 1.5196 | cls = 0.0434 | lr = 0.001000
epoch 001 | step 0420 | total = 8.5384 | box = 1.4012 | obj = 1.4900 | cls = 0.0424 | lr = 0.001000
epoch 001 | step 0440 | total = 8.5287 | box = 1.3993 | obj = 1.4885 | cls = 0.0438 | lr = 0.001000
epoch 001 | step 0460 | total = 8.4268 | box = 1.3756 | obj = 1.5053 | cls = 0.0435 | lr = 0.001000
epoch 001 | step 0480 | total = 8.5150 | box = 1.4030 | obj = 1.4597 | cls = 0.0404 | lr = 0.001000
epoch 001 | step 0500 | total = 8.3149 | box = 1.3498 | obj = 1.5218 | cls = 0.0439 | lr = 0.001000
epoch 001 | step 0520 | total = 8.3189 | box = 1.3481 | obj = 1.5340 | cls = 0.0445 | lr = 0.001000
epoch 001 | step 0540 | total = 8.3252 | box = 1.3542 | obj = 1.5105 | cls = 0.0436 | lr = 0.001000
epoch 001 | step 0560 | total = 8.3943 | box = 1.3734 | obj = 1.4857 | cls = 0.0418 | lr = 0.001000
epoch 001 | step 0580 | total = 8.2715 | box = 1.3442 | obj = 1.5060 | cls = 0.0443 | lr = 0.001000
epoch 001 | step 0600 | total = 8.2895 | box = 1.3518 | obj = 1.4854 | cls = 0.0451 | lr = 0.001000
epoch 001 | step 0620 | total = 8.1098 | box = 1.3027 | obj = 1.5490 | cls = 0.0473 | lr = 0.001000
epoch 001 | step 0640 | total = 7.9899 | box = 1.2781 | obj = 1.5529 | cls = 0.0465 | lr = 0.001000
epoch 001 | step 0660 | total = 8.1998 | box = 1.3313 | obj = 1.4998 | cls = 0.0434 | lr = 0.001000
epoch 001 | step 0680 | total = 8.3200 | box = 1.3533 | obj = 1.5088 | cls = 0.0445 | lr = 0.001000
epoch 001 | step 0700 | total = 8.2112 | box = 1.3329 | obj = 1.5022 | cls = 0.0444 | lr = 0.001000
epoch 001 | step 0720 | total = 8.1986 | box = 1.3261 | obj = 1.5237 | cls = 0.0443 | lr = 0.001000
epoch 001 | step 0740 | total = 8.0433 | box = 1.2933 | obj = 1.5306 | cls = 0.0463 | lr = 0.001000
epoch 001 | step 0760 | total = 8.1393 | box = 1.3161 | obj = 1.5137 | cls = 0.0453 | lr = 0.001000
epoch 001 | step 0780 | total = 8.1273 | box = 1.3173 | obj = 1.4968 | cls = 0.0439 | lr = 0.001000
epoch 001 | step 0800 | total = 7.9371 | box = 1.2712 | obj = 1.5348 | cls = 0.0464 | lr = 0.001000
epoch 001 | step 0820 | total = 8.1195 | box = 1.3161 | obj = 1.4961 | cls = 0.0431 | lr = 0.001000
epoch 001 | step 0840 | total = 7.9325 | box = 1.2682 | obj = 1.5418 | cls = 0.0496 | lr = 0.001000
epoch 001 | step 0860 | total = 7.8912 | box = 1.2539 | obj = 1.5746 | cls = 0.0471 | lr = 0.001000
epoch 001 | step 0880 | total = 8.0024 | box = 1.2904 | obj = 1.5052 | cls = 0.0450 | lr = 0.001000
epoch 001 | step 0900 | total = 8.0349 | box = 1.3002 | obj = 1.4900 | cls = 0.0440 | lr = 0.001000
epoch 001 | step 0920 | total = 7.9296 | box = 1.2644 | obj = 1.5617 | cls = 0.0459 | lr = 0.001000
epoch 001 | step 0940 | total = 8.0544 | box = 1.3040 | obj = 1.4862 | cls = 0.0481 | lr = 0.001000
epoch 001 | step 0960 | total = 7.7555 | box = 1.2274 | obj = 1.5702 | cls = 0.0483 | lr = 0.001000
[epoch 001 train] total = 8.4766 | box = 1.3841 | obj = 1.4961 | cls = 0.0602 | batches = 969 | time = 267.1s
[epoch 001 val] total = 7.4505 | box = 1.1561 | obj = 1.6069 | cls = 0.0632 | batches = 85 | time = 30.4s
epoch 002 | step 0001 | total = 7.9451 | box = 1.2819 | obj = 1.4918 | cls = 0.0437 | lr = 0.000994
epoch 002 | step 0020 | total = 7.8703 | box = 1.2635 | obj = 1.5062 | cls = 0.0468 | lr = 0.000994
epoch 002 | step 0040 | total = 7.6390 | box = 1.2036 | obj = 1.5731 | cls = 0.0481 | lr = 0.000994
epoch 002 | step 0060 | total = 7.6772 | box = 1.2071 | obj = 1.5916 | cls = 0.0502 | lr = 0.000994
epoch 002 | step 0080 | total = 7.8282 | box = 1.2524 | obj = 1.5212 | cls = 0.0452 | lr = 0.000994
epoch 002 | step 0100 | total = 7.8257 | box = 1.2500 | obj = 1.5292 | cls = 0.0467 | lr = 0.000994
epoch 002 | step 0120 | total = 7.7388 | box = 1.2326 | obj = 1.5311 | cls = 0.0450 | lr = 0.000994
epoch 002 | step 0140 | total = 7.6883 | box = 1.2109 | obj = 1.5844 | cls = 0.0492 | lr = 0.000994
epoch 002 | step 0160 | total = 7.9532 | box = 1.2856 | obj = 1.4824 | cls = 0.0430 | lr = 0.000994
epoch 002 | step 0180 | total = 7.6954 | box = 1.2256 | obj = 1.5172 | cls = 0.0499 | lr = 0.000994
epoch 002 | step 0200 | total = 7.9743 | box = 1.2867 | obj = 1.4977 | cls = 0.0429 | lr = 0.000994
epoch 002 | step 0220 | total = 7.7771 | box = 1.2391 | obj = 1.5352 | cls = 0.0466 | lr = 0.000994
epoch 002 | step 0240 | total = 7.7464 | box = 1.2385 | obj = 1.5101 | cls = 0.0440 | lr = 0.000994
epoch 002 | step 0260 | total = 7.8363 | box = 1.2547 | obj = 1.5173 | cls = 0.0455 | lr = 0.000994
epoch 002 | step 0280 | total = 7.6546 | box = 1.2099 | obj = 1.5591 | cls = 0.0459 | lr = 0.000994
epoch 002 | step 0300 | total = 7.4947 | box = 1.1705 | obj = 1.5914 | cls = 0.0508 | lr = 0.000994
epoch 002 | step 0320 | total = 7.7337 | box = 1.2384 | obj = 1.4993 | cls = 0.0422 | lr = 0.000994
epoch 002 | step 0340 | total = 7.6648 | box = 1.2243 | obj = 1.4985 | cls = 0.0446 | lr = 0.000994
epoch 002 | step 0360 | total = 7.5685 | box = 1.1976 | obj = 1.5349 | cls = 0.0457 | lr = 0.000994
epoch 002 | step 0380 | total = 7.8539 | box = 1.2642 | obj = 1.4857 | cls = 0.0471 | lr = 0.000994
epoch 002 | step 0400 | total = 7.6115 | box = 1.2075 | obj = 1.5279 | cls = 0.0463 | lr = 0.000994
epoch 002 | step 0420 | total = 7.7228 | box = 1.2313 | obj = 1.5201 | cls = 0.0464 | lr = 0.000994
epoch 002 | step 0440 | total = 7.6017 | box = 1.1991 | obj = 1.5569 | cls = 0.0496 | lr = 0.000994
epoch 002 | step 0460 | total = 7.5456 | box = 1.1958 | obj = 1.5218 | cls = 0.0448 | lr = 0.000994
epoch 002 | step 0480 | total = 7.5797 | box = 1.2082 | obj = 1.4921 | cls = 0.0465 | lr = 0.000994
epoch 002 | step 0500 | total = 7.4866 | box = 1.1770 | obj = 1.5542 | cls = 0.0474 | lr = 0.000994
epoch 002 | step 0520 | total = 7.4136 | box = 1.1633 | obj = 1.5507 | cls = 0.0466 | lr = 0.000994
epoch 002 | step 0540 | total = 7.6367 | box = 1.2178 | obj = 1.5005 | cls = 0.0470 | lr = 0.000994
epoch 002 | step 0560 | total = 7.6753 | box = 1.2254 | obj = 1.5031 | cls = 0.0451 | lr = 0.000994
epoch 002 | step 0580 | total = 7.3813 | box = 1.1588 | obj = 1.5372 | cls = 0.0503 | lr = 0.000994
epoch 002 | step 0600 | total = 7.3847 | box = 1.1583 | obj = 1.5441 | cls = 0.0490 | lr = 0.000994
epoch 002 | step 0620 | total = 7.3765 | box = 1.1581 | obj = 1.5389 | cls = 0.0471 | lr = 0.000994
epoch 002 | step 0640 | total = 7.5433 | box = 1.1950 | obj = 1.5205 | cls = 0.0475 | lr = 0.000994
epoch 002 | step 0660 | total = 7.4562 | box = 1.1685 | obj = 1.5673 | cls = 0.0465 | lr = 0.000994
epoch 002 | step 0680 | total = 7.3261 | box = 1.1478 | obj = 1.5374 | cls = 0.0495 | lr = 0.000994
epoch 002 | step 0700 | total = 7.6772 | box = 1.2341 | obj = 1.4636 | cls = 0.0429 | lr = 0.000994
epoch 002 | step 0720 | total = 7.5111 | box = 1.1945 | obj = 1.4916 | cls = 0.0468 | lr = 0.000994
epoch 002 | step 0740 | total = 7.4566 | box = 1.1799 | obj = 1.5132 | cls = 0.0441 | lr = 0.000994
epoch 002 | step 0760 | total = 7.2526 | box = 1.1293 | obj = 1.5577 | cls = 0.0484 | lr = 0.000994
epoch 002 | step 0780 | total = 7.4385 | box = 1.1823 | obj = 1.4854 | cls = 0.0415 | lr = 0.000994
epoch 002 | step 0800 | total = 7.4163 | box = 1.1750 | obj = 1.4943 | cls = 0.0469 | lr = 0.000994
epoch 002 | step 0820 | total = 7.5183 | box = 1.1951 | obj = 1.4996 | cls = 0.0434 | lr = 0.000994
epoch 002 | step 0840 | total = 7.1139 | box = 1.1104 | obj = 1.5141 | cls = 0.0478 | lr = 0.000994
epoch 002 | step 0860 | total = 7.4357 | box = 1.1816 | obj = 1.4833 | cls = 0.0445 | lr = 0.000994
epoch 002 | step 0880 | total = 7.2990 | box = 1.1516 | obj = 1.4942 | cls = 0.0469 | lr = 0.000994
epoch 002 | step 0900 | total = 7.3234 | box = 1.1491 | obj = 1.5301 | cls = 0.0476 | lr = 0.000994
epoch 002 | step 0920 | total = 7.4024 | box = 1.1674 | obj = 1.5191 | cls = 0.0462 | lr = 0.000994
epoch 002 | step 0940 | total = 7.2386 | box = 1.1351 | obj = 1.5174 | cls = 0.0458 | lr = 0.000994
epoch 002 | step 0960 | total = 6.9937 | box = 1.0797 | obj = 1.5435 | cls = 0.0515 | lr = 0.000994
[epoch 002 train] total = 7.6012 | box = 1.2068 | obj = 1.5211 | cls = 0.0464 | batches = 969 | time = 245.5s
[epoch 002 val] total = 6.5391 | box = 0.9795 | obj = 1.5727 | cls = 0.0690 | batches = 85 | time = 18.6s
epoch 003 | step 0001 | total = 6.8642 | box = 1.0576 | obj = 1.5252 | cls = 0.0510 | lr = 0.000976
epoch 003 | step 0020 | total = 7.4608 | box = 1.1812 | obj = 1.5089 | cls = 0.0460 | lr = 0.000976
epoch 003 | step 0040 | total = 7.0365 | box = 1.0888 | obj = 1.5411 | cls = 0.0514 | lr = 0.000976
epoch 003 | step 0060 | total = 7.3213 | box = 1.1539 | obj = 1.5054 | cls = 0.0464 | lr = 0.000976
epoch 003 | step 0080 | total = 7.2573 | box = 1.1462 | obj = 1.4823 | cls = 0.0442 | lr = 0.000976
epoch 003 | step 0100 | total = 7.3138 | box = 1.1510 | obj = 1.5125 | cls = 0.0465 | lr = 0.000976
epoch 003 | step 0120 | total = 7.3494 | box = 1.1642 | obj = 1.4829 | cls = 0.0456 | lr = 0.000976
epoch 003 | step 0140 | total = 7.0695 | box = 1.0962 | obj = 1.5372 | cls = 0.0511 | lr = 0.000976
epoch 003 | step 0160 | total = 7.1656 | box = 1.1168 | obj = 1.5337 | cls = 0.0478 | lr = 0.000976
epoch 003 | step 0180 | total = 7.2700 | box = 1.1447 | obj = 1.4976 | cls = 0.0486 | lr = 0.000976
epoch 003 | step 0200 | total = 7.1684 | box = 1.1176 | obj = 1.5322 | cls = 0.0481 | lr = 0.000976
epoch 003 | step 0220 | total = 7.1529 | box = 1.1123 | obj = 1.5434 | cls = 0.0480 | lr = 0.000976
epoch 003 | step 0240 | total = 7.3906 | box = 1.1658 | obj = 1.5143 | cls = 0.0471 | lr = 0.000976
epoch 003 | step 0260 | total = 7.2223 | box = 1.1364 | obj = 1.4969 | cls = 0.0434 | lr = 0.000976
epoch 003 | step 0280 | total = 7.2613 | box = 1.1402 | obj = 1.5158 | cls = 0.0447 | lr = 0.000976
epoch 003 | step 0300 | total = 7.1494 | box = 1.1143 | obj = 1.5308 | cls = 0.0471 | lr = 0.000976
epoch 003 | step 0320 | total = 7.2532 | box = 1.1466 | obj = 1.4740 | cls = 0.0462 | lr = 0.000976
epoch 003 | step 0340 | total = 6.8272 | box = 1.0459 | obj = 1.5456 | cls = 0.0523 | lr = 0.000976
epoch 003 | step 0360 | total = 7.3242 | box = 1.1542 | obj = 1.5091 | cls = 0.0439 | lr = 0.000976
epoch 003 | step 0380 | total = 6.9866 | box = 1.0893 | obj = 1.4951 | cls = 0.0450 | lr = 0.000976
epoch 003 | step 0400 | total = 7.1945 | box = 1.1307 | obj = 1.4961 | cls = 0.0451 | lr = 0.000976
epoch 003 | step 0420 | total = 6.9781 | box = 1.0745 | obj = 1.5571 | cls = 0.0487 | lr = 0.000976
epoch 003 | step 0440 | total = 6.8031 | box = 1.0471 | obj = 1.5173 | cls = 0.0503 | lr = 0.000976
epoch 003 | step 0460 | total = 7.0290 | box = 1.0989 | obj = 1.4877 | cls = 0.0469 | lr = 0.000976
epoch 003 | step 0480 | total = 7.0537 | box = 1.1120 | obj = 1.4478 | cls = 0.0459 | lr = 0.000976
epoch 003 | step 0500 | total = 7.3477 | box = 1.1676 | obj = 1.4676 | cls = 0.0419 | lr = 0.000976
epoch 003 | step 0520 | total = 7.0298 | box = 1.0945 | obj = 1.5073 | cls = 0.0499 | lr = 0.000976
epoch 003 | step 0540 | total = 6.9383 | box = 1.0706 | obj = 1.5355 | cls = 0.0497 | lr = 0.000976
epoch 003 | step 0560 | total = 7.3637 | box = 1.1709 | obj = 1.4668 | cls = 0.0427 | lr = 0.000976
epoch 003 | step 0580 | total = 7.0861 | box = 1.1069 | obj = 1.5050 | cls = 0.0466 | lr = 0.000976
epoch 003 | step 0600 | total = 7.0348 | box = 1.0930 | obj = 1.5216 | cls = 0.0481 | lr = 0.000976
epoch 003 | step 0620 | total = 7.2171 | box = 1.1407 | obj = 1.4688 | cls = 0.0450 | lr = 0.000976
epoch 003 | step 0640 | total = 7.0078 | box = 1.0922 | obj = 1.4992 | cls = 0.0474 | lr = 0.000976
epoch 003 | step 0660 | total = 6.9296 | box = 1.0725 | obj = 1.5179 | cls = 0.0494 | lr = 0.000976
epoch 003 | step 0680 | total = 6.9277 | box = 1.0720 | obj = 1.5184 | cls = 0.0493 | lr = 0.000976
epoch 003 | step 0700 | total = 6.9198 | box = 1.0704 | obj = 1.5185 | cls = 0.0494 | lr = 0.000976
epoch 003 | step 0720 | total = 7.2406 | box = 1.1385 | obj = 1.5008 | cls = 0.0473 | lr = 0.000976
epoch 003 | step 0740 | total = 6.7334 | box = 1.0316 | obj = 1.5276 | cls = 0.0479 | lr = 0.000976
epoch 003 | step 0760 | total = 7.0117 | box = 1.0944 | obj = 1.4921 | cls = 0.0477 | lr = 0.000976
epoch 003 | step 0780 | total = 6.9472 | box = 1.0787 | obj = 1.5049 | cls = 0.0486 | lr = 0.000976
epoch 003 | step 0800 | total = 6.7368 | box = 1.0340 | obj = 1.5177 | cls = 0.0492 | lr = 0.000976
epoch 003 | step 0820 | total = 7.0679 | box = 1.1107 | obj = 1.4687 | cls = 0.0454 | lr = 0.000976
epoch 003 | step 0840 | total = 7.0710 | box = 1.1068 | obj = 1.4907 | cls = 0.0462 | lr = 0.000976
epoch 003 | step 0860 | total = 7.0624 | box = 1.1013 | obj = 1.5064 | cls = 0.0497 | lr = 0.000976
epoch 003 | step 0880 | total = 6.9107 | box = 1.0722 | obj = 1.5033 | cls = 0.0465 | lr = 0.000976
epoch 003 | step 0900 | total = 6.9406 | box = 1.0763 | obj = 1.5102 | cls = 0.0491 | lr = 0.000976
epoch 003 | step 0920 | total = 6.5805 | box = 1.0055 | obj = 1.5038 | cls = 0.0493 | lr = 0.000976
epoch 003 | step 0940 | total = 6.8386 | box = 1.0523 | obj = 1.5278 | cls = 0.0494 | lr = 0.000976
epoch 003 | step 0960 | total = 6.9060 | box = 1.0673 | obj = 1.5216 | cls = 0.0479 | lr = 0.000976
[epoch 003 train] total = 7.0917 | box = 1.1069 | obj = 1.5100 | cls = 0.0473 | batches = 969 | time = 253.7s
[epoch 003 val] total = 6.2940 | box = 0.9356 | obj = 1.5460 | cls = 0.0700 | batches = 85 | time = 19.3s
epoch 004 | step 0001 | total = 6.9282 | box = 1.0714 | obj = 1.5248 | cls = 0.0465 | lr = 0.000946
epoch 004 | step 0020 | total = 7.1588 | box = 1.1253 | obj = 1.4876 | cls = 0.0449 | lr = 0.000946
epoch 004 | step 0040 | total = 6.6943 | box = 1.0214 | obj = 1.5380 | cls = 0.0495 | lr = 0.000946
epoch 004 | step 0060 | total = 6.7214 | box = 1.0282 | obj = 1.5308 | cls = 0.0497 | lr = 0.000946
epoch 004 | step 0080 | total = 7.0642 | box = 1.1068 | obj = 1.4841 | cls = 0.0461 | lr = 0.000946
epoch 004 | step 0100 | total = 7.0598 | box = 1.0954 | obj = 1.5359 | cls = 0.0469 | lr = 0.000946
epoch 004 | step 0120 | total = 7.0683 | box = 1.0983 | obj = 1.5324 | cls = 0.0443 | lr = 0.000946
epoch 004 | step 0140 | total = 6.6230 | box = 1.0104 | obj = 1.5219 | cls = 0.0490 | lr = 0.000946
epoch 004 | step 0160 | total = 6.9571 | box = 1.0885 | obj = 1.4674 | cls = 0.0471 | lr = 0.000946
epoch 004 | step 0180 | total = 7.1002 | box = 1.1116 | obj = 1.4957 | cls = 0.0466 | lr = 0.000946
epoch 004 | step 0200 | total = 6.7243 | box = 1.0352 | obj = 1.4994 | cls = 0.0490 | lr = 0.000946
epoch 004 | step 0220 | total = 6.7528 | box = 1.0460 | obj = 1.4738 | cls = 0.0492 | lr = 0.000946
epoch 004 | step 0240 | total = 6.8211 | box = 1.0594 | obj = 1.4769 | cls = 0.0472 | lr = 0.000946
epoch 004 | step 0260 | total = 7.0107 | box = 1.1047 | obj = 1.4449 | cls = 0.0421 | lr = 0.000946
epoch 004 | step 0280 | total = 6.9222 | box = 1.0829 | obj = 1.4611 | cls = 0.0467 | lr = 0.000946
epoch 004 | step 0300 | total = 6.9807 | box = 1.0926 | obj = 1.4741 | cls = 0.0437 | lr = 0.000946
epoch 004 | step 0320 | total = 6.7015 | box = 1.0258 | obj = 1.5251 | cls = 0.0475 | lr = 0.000946
epoch 004 | step 0340 | total = 6.5272 | box = 0.9950 | obj = 1.5030 | cls = 0.0492 | lr = 0.000946
epoch 004 | step 0360 | total = 7.0093 | box = 1.0956 | obj = 1.4858 | cls = 0.0456 | lr = 0.000946
epoch 004 | step 0380 | total = 7.1395 | box = 1.1126 | obj = 1.5335 | cls = 0.0432 | lr = 0.000946
epoch 004 | step 0400 | total = 6.6761 | box = 1.0214 | obj = 1.5203 | cls = 0.0489 | lr = 0.000946
epoch 004 | step 0420 | total = 6.5307 | box = 0.9990 | obj = 1.4884 | cls = 0.0474 | lr = 0.000946
epoch 004 | step 0440 | total = 6.9074 | box = 1.0780 | obj = 1.4702 | cls = 0.0471 | lr = 0.000946
epoch 004 | step 0460 | total = 6.8967 | box = 1.0713 | obj = 1.4956 | cls = 0.0447 | lr = 0.000946
epoch 004 | step 0480 | total = 6.7573 | box = 1.0379 | obj = 1.5214 | cls = 0.0466 | lr = 0.000946
epoch 004 | step 0500 | total = 6.9970 | box = 1.0956 | obj = 1.4744 | cls = 0.0444 | lr = 0.000946
epoch 004 | step 0520 | total = 6.8845 | box = 1.0691 | obj = 1.4944 | cls = 0.0444 | lr = 0.000946
epoch 004 | step 0540 | total = 6.5830 | box = 1.0095 | obj = 1.4885 | cls = 0.0468 | lr = 0.000946
epoch 004 | step 0560 | total = 6.4742 | box = 0.9924 | obj = 1.4676 | cls = 0.0448 | lr = 0.000946
epoch 004 | step 0580 | total = 6.9218 | box = 1.0803 | obj = 1.4746 | cls = 0.0458 | lr = 0.000946
epoch 004 | step 0600 | total = 6.9897 | box = 1.0982 | obj = 1.4552 | cls = 0.0436 | lr = 0.000946
epoch 004 | step 0620 | total = 6.7244 | box = 1.0329 | obj = 1.5122 | cls = 0.0479 | lr = 0.000946
epoch 004 | step 0640 | total = 6.7568 | box = 1.0484 | obj = 1.4691 | cls = 0.0456 | lr = 0.000946
epoch 004 | step 0660 | total = 6.6594 | box = 1.0234 | obj = 1.4926 | cls = 0.0496 | lr = 0.000946
epoch 004 | step 0680 | total = 6.4190 | box = 0.9697 | obj = 1.5200 | cls = 0.0507 | lr = 0.000946
epoch 004 | step 0700 | total = 7.0299 | box = 1.1014 | obj = 1.4776 | cls = 0.0455 | lr = 0.000946
epoch 004 | step 0720 | total = 6.6358 | box = 1.0158 | obj = 1.5077 | cls = 0.0491 | lr = 0.000946
epoch 004 | step 0740 | total = 6.9183 | box = 1.0752 | obj = 1.4939 | cls = 0.0482 | lr = 0.000946
epoch 004 | step 0760 | total = 6.6196 | box = 1.0116 | obj = 1.5136 | cls = 0.0479 | lr = 0.000946
epoch 004 | step 0780 | total = 6.9073 | box = 1.0811 | obj = 1.4554 | cls = 0.0465 | lr = 0.000946
epoch 004 | step 0800 | total = 6.6475 | box = 1.0166 | obj = 1.5179 | cls = 0.0464 | lr = 0.000946
epoch 004 | step 0820 | total = 6.8719 | box = 1.0703 | obj = 1.4776 | cls = 0.0429 | lr = 0.000946
epoch 004 | step 0840 | total = 6.6886 | box = 1.0226 | obj = 1.5298 | cls = 0.0458 | lr = 0.000946
epoch 004 | step 0860 | total = 6.5316 | box = 1.0025 | obj = 1.4707 | cls = 0.0484 | lr = 0.000946
epoch 004 | step 0880 | total = 6.4612 | box = 0.9787 | obj = 1.5197 | cls = 0.0482 | lr = 0.000946
epoch 004 | step 0900 | total = 6.9424 | box = 1.0776 | obj = 1.5083 | cls = 0.0460 | lr = 0.000946
epoch 004 | step 0920 | total = 6.6474 | box = 1.0164 | obj = 1.5162 | cls = 0.0493 | lr = 0.000946
epoch 004 | step 0940 | total = 6.4968 | box = 0.9846 | obj = 1.5244 | cls = 0.0495 | lr = 0.000946
epoch 004 | step 0960 | total = 6.4784 | box = 0.9838 | obj = 1.5084 | cls = 0.0509 | lr = 0.000946
[epoch 004 train] total = 6.7801 | box = 1.0471 | obj = 1.4973 | cls = 0.0472 | batches = 969 | time = 250.4s
[epoch 004 val] total = 5.9627 | box = 0.8756 | obj = 1.5145 | cls = 0.0703 | batches = 85 | time = 20.8s
epoch 005 | step 0001 | total = 6.4891 | box = 0.9878 | obj = 1.5021 | cls = 0.0478 | lr = 0.000905
epoch 005 | step 0020 | total = 6.5485 | box = 1.0006 | obj = 1.4975 | cls = 0.0483 | lr = 0.000905
epoch 005 | step 0040 | total = 6.6156 | box = 1.0088 | obj = 1.5239 | cls = 0.0477 | lr = 0.000905
epoch 005 | step 0060 | total = 6.7953 | box = 1.0524 | obj = 1.4855 | cls = 0.0477 | lr = 0.000905
epoch 005 | step 0080 | total = 6.4807 | box = 0.9850 | obj = 1.5058 | cls = 0.0500 | lr = 0.000905
epoch 005 | step 0100 | total = 6.6423 | box = 1.0198 | obj = 1.4969 | cls = 0.0462 | lr = 0.000905
epoch 005 | step 0120 | total = 6.5045 | box = 0.9928 | obj = 1.4951 | cls = 0.0454 | lr = 0.000905
epoch 005 | step 0140 | total = 6.4738 | box = 0.9843 | obj = 1.5056 | cls = 0.0464 | lr = 0.000905
epoch 005 | step 0160 | total = 6.4479 | box = 0.9853 | obj = 1.4761 | cls = 0.0454 | lr = 0.000905
epoch 005 | step 0180 | total = 6.3455 | box = 0.9544 | obj = 1.5238 | cls = 0.0494 | lr = 0.000905
epoch 005 | step 0200 | total = 6.4702 | box = 0.9942 | obj = 1.4517 | cls = 0.0477 | lr = 0.000905
epoch 005 | step 0220 | total = 6.6023 | box = 1.0082 | obj = 1.5135 | cls = 0.0476 | lr = 0.000905
epoch 005 | step 0240 | total = 6.6857 | box = 1.0345 | obj = 1.4644 | cls = 0.0489 | lr = 0.000905
epoch 005 | step 0260 | total = 6.2718 | box = 0.9484 | obj = 1.4804 | cls = 0.0493 | lr = 0.000905
epoch 005 | step 0280 | total = 6.3701 | box = 0.9637 | obj = 1.5044 | cls = 0.0472 | lr = 0.000905
epoch 005 | step 0300 | total = 6.7358 | box = 1.0341 | obj = 1.5194 | cls = 0.0457 | lr = 0.000905
epoch 005 | step 0320 | total = 6.6580 | box = 1.0307 | obj = 1.4576 | cls = 0.0467 | lr = 0.000905
epoch 005 | step 0340 | total = 6.5088 | box = 1.0008 | obj = 1.4581 | cls = 0.0467 | lr = 0.000905
epoch 005 | step 0360 | total = 6.8730 | box = 1.0661 | obj = 1.4958 | cls = 0.0467 | lr = 0.000905
epoch 005 | step 0380 | total = 6.8190 | box = 1.0606 | obj = 1.4720 | cls = 0.0438 | lr = 0.000905
epoch 005 | step 0400 | total = 6.7069 | box = 1.0281 | obj = 1.5193 | cls = 0.0473 | lr = 0.000905
epoch 005 | step 0420 | total = 6.4109 | box = 0.9747 | obj = 1.4907 | cls = 0.0469 | lr = 0.000905
epoch 005 | step 0440 | total = 6.6241 | box = 1.0158 | obj = 1.4984 | cls = 0.0465 | lr = 0.000905
epoch 005 | step 0460 | total = 6.6828 | box = 1.0322 | obj = 1.4769 | cls = 0.0448 | lr = 0.000905
epoch 005 | step 0480 | total = 6.5562 | box = 1.0021 | obj = 1.4987 | cls = 0.0472 | lr = 0.000905
epoch 005 | step 0500 | total = 6.4446 | box = 0.9871 | obj = 1.4612 | cls = 0.0477 | lr = 0.000905
epoch 005 | step 0520 | total = 6.6740 | box = 1.0311 | obj = 1.4748 | cls = 0.0437 | lr = 0.000905
epoch 005 | step 0540 | total = 6.3821 | box = 0.9730 | obj = 1.4704 | cls = 0.0468 | lr = 0.000905
epoch 005 | step 0560 | total = 6.4647 | box = 0.9849 | obj = 1.4932 | cls = 0.0469 | lr = 0.000905
epoch 005 | step 0580 | total = 6.3639 | box = 0.9653 | obj = 1.4915 | cls = 0.0457 | lr = 0.000905
epoch 005 | step 0600 | total = 6.6082 | box = 1.0163 | obj = 1.4818 | cls = 0.0449 | lr = 0.000905
epoch 005 | step 0620 | total = 6.1809 | box = 0.9285 | obj = 1.4893 | cls = 0.0491 | lr = 0.000905
epoch 005 | step 0640 | total = 6.6215 | box = 1.0140 | obj = 1.5043 | cls = 0.0469 | lr = 0.000905
epoch 005 | step 0660 | total = 6.6632 | box = 1.0323 | obj = 1.4580 | cls = 0.0438 | lr = 0.000905
epoch 005 | step 0680 | total = 6.6149 | box = 1.0148 | obj = 1.4955 | cls = 0.0453 | lr = 0.000905
epoch 005 | step 0700 | total = 6.7800 | box = 1.0484 | obj = 1.4955 | cls = 0.0427 | lr = 0.000905
epoch 005 | step 0720 | total = 6.3736 | box = 0.9709 | obj = 1.4707 | cls = 0.0483 | lr = 0.000905
epoch 005 | step 0740 | total = 6.3543 | box = 0.9647 | obj = 1.4831 | cls = 0.0477 | lr = 0.000905
epoch 005 | step 0760 | total = 6.3694 | box = 0.9672 | obj = 1.4857 | cls = 0.0478 | lr = 0.000905
epoch 005 | step 0780 | total = 6.7223 | box = 1.0457 | obj = 1.4488 | cls = 0.0451 | lr = 0.000905
epoch 005 | step 0800 | total = 6.3892 | box = 0.9743 | obj = 1.4724 | cls = 0.0454 | lr = 0.000905
epoch 005 | step 0820 | total = 6.4766 | box = 0.9837 | obj = 1.5096 | cls = 0.0484 | lr = 0.000905
epoch 005 | step 0840 | total = 6.5250 | box = 1.0104 | obj = 1.4281 | cls = 0.0450 | lr = 0.000905
epoch 005 | step 0860 | total = 6.6384 | box = 1.0256 | obj = 1.4643 | cls = 0.0460 | lr = 0.000905
epoch 005 | step 0880 | total = 6.5786 | box = 1.0170 | obj = 1.4494 | cls = 0.0444 | lr = 0.000905
epoch 005 | step 0900 | total = 6.6884 | box = 1.0349 | obj = 1.4685 | cls = 0.0454 | lr = 0.000905
epoch 005 | step 0920 | total = 6.4169 | box = 0.9825 | obj = 1.4603 | cls = 0.0443 | lr = 0.000905
epoch 005 | step 0940 | total = 6.3051 | box = 0.9561 | obj = 1.4786 | cls = 0.0459 | lr = 0.000905
epoch 005 | step 0960 | total = 6.5327 | box = 0.9954 | obj = 1.5094 | cls = 0.0463 | lr = 0.000905
[epoch 005 train] total = 6.5567 | box = 1.0049 | obj = 1.4853 | cls = 0.0467 | batches = 969 | time = 260.9s
[epoch 005 val] total = 6.0696 | box = 0.8949 | obj = 1.5248 | cls = 0.0703 | batches = 85 | time = 19.8s
epoch 006 | step 0001 | total = 6.5057 | box = 1.0031 | obj = 1.4450 | cls = 0.0453 | lr = 0.000855
epoch 006 | step 0020 | total = 6.3297 | box = 0.9567 | obj = 1.4969 | cls = 0.0494 | lr = 0.000855
epoch 006 | step 0040 | total = 6.3433 | box = 0.9649 | obj = 1.4743 | cls = 0.0447 | lr = 0.000855
epoch 006 | step 0060 | total = 5.9751 | box = 0.8948 | obj = 1.4519 | cls = 0.0490 | lr = 0.000855
epoch 006 | step 0080 | total = 6.1315 | box = 0.9234 | obj = 1.4661 | cls = 0.0486 | lr = 0.000855
epoch 006 | step 0100 | total = 6.3545 | box = 0.9708 | obj = 1.4544 | cls = 0.0461 | lr = 0.000855
epoch 006 | step 0120 | total = 6.3402 | box = 0.9719 | obj = 1.4342 | cls = 0.0466 | lr = 0.000855
epoch 006 | step 0140 | total = 6.5113 | box = 1.0016 | obj = 1.4578 | cls = 0.0455 | lr = 0.000855
epoch 006 | step 0160 | total = 6.3727 | box = 0.9702 | obj = 1.4753 | cls = 0.0462 | lr = 0.000855
epoch 006 | step 0180 | total = 6.2501 | box = 0.9474 | obj = 1.4685 | cls = 0.0448 | lr = 0.000855
epoch 006 | step 0200 | total = 6.7980 | box = 1.0619 | obj = 1.4448 | cls = 0.0437 | lr = 0.000855
epoch 006 | step 0220 | total = 6.3339 | box = 0.9523 | obj = 1.5250 | cls = 0.0474 | lr = 0.000855
epoch 006 | step 0240 | total = 6.3504 | box = 0.9642 | obj = 1.4824 | cls = 0.0471 | lr = 0.000855
epoch 006 | step 0260 | total = 6.5236 | box = 1.0084 | obj = 1.4374 | cls = 0.0443 | lr = 0.000855
epoch 006 | step 0280 | total = 6.5385 | box = 1.0017 | obj = 1.4824 | cls = 0.0474 | lr = 0.000855
epoch 006 | step 0300 | total = 6.0493 | box = 0.8995 | obj = 1.5039 | cls = 0.0481 | lr = 0.000855
epoch 006 | step 0320 | total = 6.5386 | box = 1.0103 | obj = 1.4416 | cls = 0.0453 | lr = 0.000855
epoch 006 | step 0340 | total = 6.4497 | box = 0.9881 | obj = 1.4642 | cls = 0.0452 | lr = 0.000855
epoch 006 | step 0360 | total = 6.6391 | box = 1.0164 | obj = 1.5089 | cls = 0.0479 | lr = 0.000855
epoch 006 | step 0380 | total = 6.3715 | box = 0.9682 | obj = 1.4821 | cls = 0.0484 | lr = 0.000855
epoch 006 | step 0400 | total = 6.4419 | box = 0.9864 | obj = 1.4663 | cls = 0.0435 | lr = 0.000855
epoch 006 | step 0420 | total = 6.6864 | box = 1.0350 | obj = 1.4662 | cls = 0.0449 | lr = 0.000855
epoch 006 | step 0440 | total = 6.3217 | box = 0.9621 | obj = 1.4624 | cls = 0.0489 | lr = 0.000855
epoch 006 | step 0460 | total = 6.4643 | box = 0.9904 | obj = 1.4677 | cls = 0.0447 | lr = 0.000855
epoch 006 | step 0480 | total = 6.4432 | box = 0.9863 | obj = 1.4662 | cls = 0.0458 | lr = 0.000855
epoch 006 | step 0500 | total = 6.2736 | box = 0.9521 | obj = 1.4652 | cls = 0.0478 | lr = 0.000855
epoch 006 | step 0520 | total = 6.4026 | box = 0.9723 | obj = 1.4941 | cls = 0.0471 | lr = 0.000855
epoch 006 | step 0540 | total = 6.4956 | box = 0.9959 | obj = 1.4706 | cls = 0.0456 | lr = 0.000855
epoch 006 | step 0560 | total = 6.5000 | box = 0.9989 | obj = 1.4610 | cls = 0.0443 | lr = 0.000855
epoch 006 | step 0580 | total = 6.0460 | box = 0.8996 | obj = 1.5001 | cls = 0.0479 | lr = 0.000855
epoch 006 | step 0600 | total = 6.5343 | box = 0.9987 | obj = 1.4966 | cls = 0.0440 | lr = 0.000855
epoch 006 | step 0620 | total = 6.4334 | box = 0.9897 | obj = 1.4400 | cls = 0.0448 | lr = 0.000855
epoch 006 | step 0640 | total = 6.6979 | box = 1.0338 | obj = 1.4825 | cls = 0.0464 | lr = 0.000855
epoch 006 | step 0660 | total = 6.3711 | box = 0.9773 | obj = 1.4408 | cls = 0.0437 | lr = 0.000855
epoch 006 | step 0680 | total = 6.3819 | box = 0.9751 | obj = 1.4621 | cls = 0.0444 | lr = 0.000855
epoch 006 | step 0700 | total = 6.4031 | box = 0.9732 | obj = 1.4885 | cls = 0.0485 | lr = 0.000855
epoch 006 | step 0720 | total = 6.1693 | box = 0.9355 | obj = 1.4452 | cls = 0.0467 | lr = 0.000855
epoch 006 | step 0740 | total = 6.4563 | box = 0.9809 | obj = 1.5033 | cls = 0.0484 | lr = 0.000855
epoch 006 | step 0760 | total = 6.0123 | box = 0.9076 | obj = 1.4285 | cls = 0.0456 | lr = 0.000855
epoch 006 | step 0780 | total = 6.0149 | box = 0.8981 | obj = 1.4735 | cls = 0.0507 | lr = 0.000855
epoch 006 | step 0800 | total = 6.0707 | box = 0.9064 | obj = 1.4914 | cls = 0.0472 | lr = 0.000855
epoch 006 | step 0820 | total = 6.6388 | box = 1.0271 | obj = 1.4582 | cls = 0.0450 | lr = 0.000855
epoch 006 | step 0840 | total = 6.3795 | box = 0.9697 | obj = 1.4850 | cls = 0.0459 | lr = 0.000855
epoch 006 | step 0860 | total = 5.9314 | box = 0.8825 | obj = 1.4697 | cls = 0.0492 | lr = 0.000855
epoch 006 | step 0880 | total = 6.1038 | box = 0.9215 | obj = 1.4490 | cls = 0.0471 | lr = 0.000855
epoch 006 | step 0900 | total = 6.3479 | box = 0.9643 | obj = 1.4804 | cls = 0.0460 | lr = 0.000855
epoch 006 | step 0920 | total = 6.4903 | box = 0.9945 | obj = 1.4727 | cls = 0.0453 | lr = 0.000855
epoch 006 | step 0940 | total = 6.0811 | box = 0.9084 | obj = 1.4928 | cls = 0.0462 | lr = 0.000855
epoch 006 | step 0960 | total = 6.0316 | box = 0.8993 | obj = 1.4861 | cls = 0.0488 | lr = 0.000855
[epoch 006 train] total = 6.3797 | box = 0.9722 | obj = 1.4727 | cls = 0.0462 | batches = 969 | time = 248.0s
[epoch 006 val] total = 5.6758 | box = 0.8255 | obj = 1.4748 | cls = 0.0733 | batches = 85 | time = 19.2s
epoch 007 | step 0001 | total = 6.4205 | box = 0.9828 | obj = 1.4610 | cls = 0.0455 | lr = 0.000796
epoch 007 | step 0020 | total = 6.4489 | box = 0.9849 | obj = 1.4790 | cls = 0.0456 | lr = 0.000796
epoch 007 | step 0040 | total = 6.5073 | box = 1.0141 | obj = 1.3959 | cls = 0.0408 | lr = 0.000796
epoch 007 | step 0060 | total = 6.3558 | box = 0.9589 | obj = 1.5133 | cls = 0.0480 | lr = 0.000796
epoch 007 | step 0080 | total = 6.2547 | box = 0.9431 | obj = 1.4969 | cls = 0.0423 | lr = 0.000796
epoch 007 | step 0100 | total = 6.1240 | box = 0.9276 | obj = 1.4440 | cls = 0.0417 | lr = 0.000796
epoch 007 | step 0120 | total = 6.1404 | box = 0.9234 | obj = 1.4790 | cls = 0.0446 | lr = 0.000796
epoch 007 | step 0140 | total = 6.2997 | box = 0.9629 | obj = 1.4374 | cls = 0.0477 | lr = 0.000796
epoch 007 | step 0160 | total = 6.5866 | box = 1.0257 | obj = 1.4161 | cls = 0.0420 | lr = 0.000796
epoch 007 | step 0180 | total = 6.1635 | box = 0.9240 | obj = 1.4977 | cls = 0.0461 | lr = 0.000796
epoch 007 | step 0200 | total = 6.4737 | box = 0.9915 | obj = 1.4707 | cls = 0.0456 | lr = 0.000796
epoch 007 | step 0220 | total = 6.3588 | box = 0.9748 | obj = 1.4422 | cls = 0.0427 | lr = 0.000796
epoch 007 | step 0240 | total = 6.2648 | box = 0.9516 | obj = 1.4596 | cls = 0.0469 | lr = 0.000796
epoch 007 | step 0260 | total = 6.2882 | box = 0.9634 | obj = 1.4249 | cls = 0.0465 | lr = 0.000796
epoch 007 | step 0280 | total = 5.9634 | box = 0.8810 | obj = 1.5113 | cls = 0.0469 | lr = 0.000796
epoch 007 | step 0300 | total = 6.0469 | box = 0.8987 | obj = 1.5064 | cls = 0.0473 | lr = 0.000796
epoch 007 | step 0320 | total = 6.3741 | box = 0.9676 | obj = 1.4889 | cls = 0.0471 | lr = 0.000796
epoch 007 | step 0340 | total = 6.2975 | box = 0.9510 | obj = 1.4965 | cls = 0.0458 | lr = 0.000796
epoch 007 | step 0360 | total = 6.3808 | box = 0.9764 | obj = 1.4536 | cls = 0.0453 | lr = 0.000796
epoch 007 | step 0380 | total = 5.9245 | box = 0.8806 | obj = 1.4731 | cls = 0.0482 | lr = 0.000796
epoch 007 | step 0400 | total = 5.9786 | box = 0.9056 | obj = 1.4056 | cls = 0.0451 | lr = 0.000796
epoch 007 | step 0420 | total = 6.4434 | box = 0.9882 | obj = 1.4594 | cls = 0.0431 | lr = 0.000796
epoch 007 | step 0440 | total = 6.1255 | box = 0.9222 | obj = 1.4669 | cls = 0.0474 | lr = 0.000796
epoch 007 | step 0460 | total = 6.2226 | box = 0.9478 | obj = 1.4375 | cls = 0.0462 | lr = 0.000796
epoch 007 | step 0480 | total = 6.3065 | box = 0.9630 | obj = 1.4473 | cls = 0.0444 | lr = 0.000796
epoch 007 | step 0500 | total = 6.3549 | box = 0.9752 | obj = 1.4348 | cls = 0.0441 | lr = 0.000796
epoch 007 | step 0520 | total = 6.3056 | box = 0.9578 | obj = 1.4714 | cls = 0.0454 | lr = 0.000796
epoch 007 | step 0540 | total = 6.1648 | box = 0.9346 | obj = 1.4470 | cls = 0.0450 | lr = 0.000796
epoch 007 | step 0560 | total = 6.2215 | box = 0.9440 | obj = 1.4579 | cls = 0.0435 | lr = 0.000796
epoch 007 | step 0580 | total = 6.0066 | box = 0.9011 | obj = 1.4500 | cls = 0.0510 | lr = 0.000796
epoch 007 | step 0600 | total = 6.2058 | box = 0.9380 | obj = 1.4681 | cls = 0.0478 | lr = 0.000796
epoch 007 | step 0620 | total = 6.0516 | box = 0.9084 | obj = 1.4644 | cls = 0.0453 | lr = 0.000796
epoch 007 | step 0640 | total = 6.1270 | box = 0.9229 | obj = 1.4655 | cls = 0.0469 | lr = 0.000796
epoch 007 | step 0660 | total = 6.5136 | box = 0.9970 | obj = 1.4815 | cls = 0.0472 | lr = 0.000796
epoch 007 | step 0680 | total = 6.4492 | box = 0.9835 | obj = 1.4852 | cls = 0.0464 | lr = 0.000796
epoch 007 | step 0700 | total = 6.4650 | box = 0.9946 | obj = 1.4508 | cls = 0.0412 | lr = 0.000796
epoch 007 | step 0720 | total = 6.0083 | box = 0.9039 | obj = 1.4394 | cls = 0.0494 | lr = 0.000796
epoch 007 | step 0740 | total = 6.1428 | box = 0.9269 | obj = 1.4633 | cls = 0.0448 | lr = 0.000796
epoch 007 | step 0760 | total = 6.1954 | box = 0.9373 | obj = 1.4651 | cls = 0.0435 | lr = 0.000796
epoch 007 | step 0780 | total = 6.2292 | box = 0.9468 | obj = 1.4506 | cls = 0.0446 | lr = 0.000796
epoch 007 | step 0800 | total = 6.2540 | box = 0.9558 | obj = 1.4312 | cls = 0.0438 | lr = 0.000796
epoch 007 | step 0820 | total = 6.2160 | box = 0.9447 | obj = 1.4458 | cls = 0.0468 | lr = 0.000796
epoch 007 | step 0840 | total = 6.1114 | box = 0.9188 | obj = 1.4678 | cls = 0.0499 | lr = 0.000796
epoch 007 | step 0860 | total = 6.4243 | box = 0.9933 | obj = 1.4139 | cls = 0.0440 | lr = 0.000796
epoch 007 | step 0880 | total = 6.0683 | box = 0.9030 | obj = 1.5044 | cls = 0.0490 | lr = 0.000796
epoch 007 | step 0900 | total = 6.3651 | box = 0.9749 | obj = 1.4484 | cls = 0.0424 | lr = 0.000796
epoch 007 | step 0920 | total = 6.0873 | box = 0.9089 | obj = 1.4923 | cls = 0.0505 | lr = 0.000796
epoch 007 | step 0940 | total = 6.1907 | box = 0.9377 | obj = 1.4567 | cls = 0.0453 | lr = 0.000796
epoch 007 | step 0960 | total = 6.2571 | box = 0.9525 | obj = 1.4470 | cls = 0.0478 | lr = 0.000796
[epoch 007 train] total = 6.2297 | box = 0.9444 | obj = 1.4622 | cls = 0.0457 | batches = 969 | time = 245.0s
[epoch 007 val] total = 5.6488 | box = 0.8213 | obj = 1.4700 | cls = 0.0722 | batches = 85 | time = 18.8s
epoch 008 | step 0001 | total = 6.1198 | box = 0.9235 | obj = 1.4563 | cls = 0.0462 | lr = 0.000730
epoch 008 | step 0020 | total = 6.4021 | box = 0.9826 | obj = 1.4459 | cls = 0.0432 | lr = 0.000730
epoch 008 | step 0040 | total = 6.3628 | box = 0.9695 | obj = 1.4692 | cls = 0.0460 | lr = 0.000730
epoch 008 | step 0060 | total = 6.0528 | box = 0.9075 | obj = 1.4674 | cls = 0.0477 | lr = 0.000730
epoch 008 | step 0080 | total = 6.0616 | box = 0.9121 | obj = 1.4589 | cls = 0.0423 | lr = 0.000730
epoch 008 | step 0100 | total = 6.1132 | box = 0.9157 | obj = 1.4887 | cls = 0.0460 | lr = 0.000730
epoch 008 | step 0120 | total = 6.0605 | box = 0.9168 | obj = 1.4322 | cls = 0.0443 | lr = 0.000730
epoch 008 | step 0140 | total = 6.0842 | box = 0.9135 | obj = 1.4712 | cls = 0.0456 | lr = 0.000730
epoch 008 | step 0160 | total = 6.0198 | box = 0.9095 | obj = 1.4259 | cls = 0.0463 | lr = 0.000730
epoch 008 | step 0180 | total = 6.0290 | box = 0.9073 | obj = 1.4484 | cls = 0.0439 | lr = 0.000730
epoch 008 | step 0200 | total = 6.1736 | box = 0.9351 | obj = 1.4550 | cls = 0.0429 | lr = 0.000730
epoch 008 | step 0220 | total = 6.2752 | box = 0.9504 | obj = 1.4801 | cls = 0.0434 | lr = 0.000730
epoch 008 | step 0240 | total = 6.1743 | box = 0.9386 | obj = 1.4371 | cls = 0.0441 | lr = 0.000730
epoch 008 | step 0260 | total = 6.3217 | box = 0.9687 | obj = 1.4359 | cls = 0.0423 | lr = 0.000730
epoch 008 | step 0280 | total = 6.1353 | box = 0.9165 | obj = 1.5067 | cls = 0.0459 | lr = 0.000730
epoch 008 | step 0300 | total = 5.9147 | box = 0.8838 | obj = 1.4494 | cls = 0.0462 | lr = 0.000730
epoch 008 | step 0320 | total = 6.0641 | box = 0.9187 | obj = 1.4250 | cls = 0.0456 | lr = 0.000730
epoch 008 | step 0340 | total = 5.8271 | box = 0.8691 | obj = 1.4367 | cls = 0.0449 | lr = 0.000730
epoch 008 | step 0360 | total = 6.0271 | box = 0.9069 | obj = 1.4488 | cls = 0.0439 | lr = 0.000730
epoch 008 | step 0380 | total = 5.7642 | box = 0.8555 | obj = 1.4410 | cls = 0.0458 | lr = 0.000730
epoch 008 | step 0400 | total = 6.1906 | box = 0.9365 | obj = 1.4651 | cls = 0.0432 | lr = 0.000730
epoch 008 | step 0420 | total = 6.1313 | box = 0.9268 | obj = 1.4494 | cls = 0.0477 | lr = 0.000730
epoch 008 | step 0440 | total = 5.5919 | box = 0.8157 | obj = 1.4657 | cls = 0.0476 | lr = 0.000730
epoch 008 | step 0460 | total = 5.9390 | box = 0.8882 | obj = 1.4491 | cls = 0.0488 | lr = 0.000730
epoch 008 | step 0480 | total = 6.0479 | box = 0.9116 | obj = 1.4469 | cls = 0.0429 | lr = 0.000730
epoch 008 | step 0500 | total = 6.0181 | box = 0.9065 | obj = 1.4406 | cls = 0.0452 | lr = 0.000730
epoch 008 | step 0520 | total = 6.1680 | box = 0.9327 | obj = 1.4591 | cls = 0.0453 | lr = 0.000730
epoch 008 | step 0540 | total = 6.2065 | box = 0.9449 | obj = 1.4391 | cls = 0.0430 | lr = 0.000730
epoch 008 | step 0560 | total = 6.2125 | box = 0.9457 | obj = 1.4396 | cls = 0.0447 | lr = 0.000730
epoch 008 | step 0580 | total = 6.5865 | box = 1.0204 | obj = 1.4419 | cls = 0.0423 | lr = 0.000730
epoch 008 | step 0600 | total = 6.0228 | box = 0.9045 | obj = 1.4534 | cls = 0.0469 | lr = 0.000730
epoch 008 | step 0620 | total = 5.8589 | box = 0.8568 | obj = 1.5227 | cls = 0.0522 | lr = 0.000730
epoch 008 | step 0640 | total = 6.4372 | box = 0.9894 | obj = 1.4445 | cls = 0.0458 | lr = 0.000730
epoch 008 | step 0660 | total = 6.0812 | box = 0.9168 | obj = 1.4524 | cls = 0.0446 | lr = 0.000730
epoch 008 | step 0680 | total = 6.4979 | box = 0.9959 | obj = 1.4767 | cls = 0.0418 | lr = 0.000730
epoch 008 | step 0700 | total = 5.8820 | box = 0.8733 | obj = 1.4665 | cls = 0.0488 | lr = 0.000730
epoch 008 | step 0720 | total = 5.8655 | box = 0.8696 | obj = 1.4706 | cls = 0.0470 | lr = 0.000730
epoch 008 | step 0740 | total = 5.9633 | box = 0.8951 | obj = 1.4437 | cls = 0.0440 | lr = 0.000730
epoch 008 | step 0760 | total = 6.0038 | box = 0.9015 | obj = 1.4498 | cls = 0.0464 | lr = 0.000730
epoch 008 | step 0780 | total = 6.0955 | box = 0.9115 | obj = 1.4944 | cls = 0.0435 | lr = 0.000730
epoch 008 | step 0800 | total = 6.2139 | box = 0.9501 | obj = 1.4229 | cls = 0.0407 | lr = 0.000730
epoch 008 | step 0820 | total = 5.8357 | box = 0.8661 | obj = 1.4573 | cls = 0.0477 | lr = 0.000730
epoch 008 | step 0840 | total = 5.8773 | box = 0.8700 | obj = 1.4797 | cls = 0.0478 | lr = 0.000730
epoch 008 | step 0860 | total = 6.0414 | box = 0.9145 | obj = 1.4245 | cls = 0.0444 | lr = 0.000730
epoch 008 | step 0880 | total = 5.6931 | box = 0.8413 | obj = 1.4383 | cls = 0.0484 | lr = 0.000730
epoch 008 | step 0900 | total = 6.3483 | box = 0.9758 | obj = 1.4238 | cls = 0.0455 | lr = 0.000730
epoch 008 | step 0920 | total = 6.0501 | box = 0.9173 | obj = 1.4222 | cls = 0.0417 | lr = 0.000730
epoch 008 | step 0940 | total = 5.9699 | box = 0.8926 | obj = 1.4582 | cls = 0.0486 | lr = 0.000730
epoch 008 | step 0960 | total = 5.9548 | box = 0.8904 | obj = 1.4531 | cls = 0.0498 | lr = 0.000730
[epoch 008 train] total = 6.0900 | box = 0.9187 | obj = 1.4514 | cls = 0.0452 | batches = 969 | time = 244.2s
[epoch 008 val] total = 5.4634 | box = 0.7876 | obj = 1.4501 | cls = 0.0751 | batches = 85 | time = 19.3s
epoch 009 | step 0001 | total = 6.1584 | box = 0.9357 | obj = 1.4359 | cls = 0.0440 | lr = 0.000658
epoch 009 | step 0020 | total = 6.3003 | box = 0.9609 | obj = 1.4539 | cls = 0.0421 | lr = 0.000658
epoch 009 | step 0040 | total = 6.2013 | box = 0.9473 | obj = 1.4239 | cls = 0.0406 | lr = 0.000658
epoch 009 | step 0060 | total = 6.1039 | box = 0.9251 | obj = 1.4346 | cls = 0.0438 | lr = 0.000658
epoch 009 | step 0080 | total = 5.7775 | box = 0.8631 | obj = 1.4158 | cls = 0.0461 | lr = 0.000658
epoch 009 | step 0100 | total = 5.9345 | box = 0.8905 | obj = 1.4392 | cls = 0.0429 | lr = 0.000658
epoch 009 | step 0120 | total = 6.1579 | box = 0.9398 | obj = 1.4185 | cls = 0.0405 | lr = 0.000658
epoch 009 | step 0140 | total = 6.0680 | box = 0.9124 | obj = 1.4633 | cls = 0.0428 | lr = 0.000658
epoch 009 | step 0160 | total = 5.9686 | box = 0.8912 | obj = 1.4698 | cls = 0.0429 | lr = 0.000658
epoch 009 | step 0180 | total = 6.1474 | box = 0.9290 | obj = 1.4589 | cls = 0.0436 | lr = 0.000658
epoch 009 | step 0200 | total = 6.2048 | box = 0.9442 | obj = 1.4443 | cls = 0.0396 | lr = 0.000658
epoch 009 | step 0220 | total = 5.8077 | box = 0.8623 | obj = 1.4525 | cls = 0.0435 | lr = 0.000658
epoch 009 | step 0240 | total = 6.1187 | box = 0.9260 | obj = 1.4411 | cls = 0.0475 | lr = 0.000658
epoch 009 | step 0260 | total = 5.8818 | box = 0.8741 | obj = 1.4655 | cls = 0.0457 | lr = 0.000658
epoch 009 | step 0280 | total = 5.7961 | box = 0.8542 | obj = 1.4763 | cls = 0.0489 | lr = 0.000658
epoch 009 | step 0300 | total = 5.8549 | box = 0.8745 | obj = 1.4356 | cls = 0.0468 | lr = 0.000658
epoch 009 | step 0320 | total = 5.9505 | box = 0.8899 | obj = 1.4575 | cls = 0.0434 | lr = 0.000658
epoch 009 | step 0340 | total = 5.9161 | box = 0.8896 | obj = 1.4224 | cls = 0.0457 | lr = 0.000658
epoch 009 | step 0360 | total = 5.6388 | box = 0.8343 | obj = 1.4220 | cls = 0.0454 | lr = 0.000658
epoch 009 | step 0380 | total = 6.1967 | box = 0.9425 | obj = 1.4417 | cls = 0.0427 | lr = 0.000658
epoch 009 | step 0400 | total = 5.9756 | box = 0.9015 | obj = 1.4227 | cls = 0.0451 | lr = 0.000658
epoch 009 | step 0420 | total = 6.0769 | box = 0.9193 | obj = 1.4365 | cls = 0.0438 | lr = 0.000658
epoch 009 | step 0440 | total = 6.0958 | box = 0.9187 | obj = 1.4592 | cls = 0.0434 | lr = 0.000658
epoch 009 | step 0460 | total = 5.8968 | box = 0.8788 | obj = 1.4562 | cls = 0.0468 | lr = 0.000658
epoch 009 | step 0480 | total = 5.9448 | box = 0.8810 | obj = 1.4904 | cls = 0.0494 | lr = 0.000658
epoch 009 | step 0500 | total = 5.9787 | box = 0.8964 | obj = 1.4501 | cls = 0.0466 | lr = 0.000658
epoch 009 | step 0520 | total = 5.8412 | box = 0.8676 | obj = 1.4586 | cls = 0.0446 | lr = 0.000658
epoch 009 | step 0540 | total = 5.9291 | box = 0.8924 | obj = 1.4232 | cls = 0.0439 | lr = 0.000658
epoch 009 | step 0560 | total = 5.9523 | box = 0.9060 | obj = 1.3790 | cls = 0.0432 | lr = 0.000658
epoch 009 | step 0580 | total = 6.0630 | box = 0.9135 | obj = 1.4476 | cls = 0.0477 | lr = 0.000658
epoch 009 | step 0600 | total = 6.2599 | box = 0.9488 | obj = 1.4704 | cls = 0.0455 | lr = 0.000658
epoch 009 | step 0620 | total = 5.8230 | box = 0.8687 | obj = 1.4337 | cls = 0.0455 | lr = 0.000658
epoch 009 | step 0640 | total = 5.9319 | box = 0.8813 | obj = 1.4810 | cls = 0.0444 | lr = 0.000658
epoch 009 | step 0660 | total = 6.0283 | box = 0.9116 | obj = 1.4257 | cls = 0.0447 | lr = 0.000658
epoch 009 | step 0680 | total = 6.0727 | box = 0.9096 | obj = 1.4760 | cls = 0.0484 | lr = 0.000658
epoch 009 | step 0700 | total = 5.9687 | box = 0.8894 | obj = 1.4774 | cls = 0.0444 | lr = 0.000658
epoch 009 | step 0720 | total = 6.1134 | box = 0.9251 | obj = 1.4433 | cls = 0.0445 | lr = 0.000658
epoch 009 | step 0740 | total = 6.1296 | box = 0.9327 | obj = 1.4218 | cls = 0.0443 | lr = 0.000658
epoch 009 | step 0760 | total = 5.7646 | box = 0.8577 | obj = 1.4308 | cls = 0.0451 | lr = 0.000658
epoch 009 | step 0780 | total = 5.8151 | box = 0.8691 | obj = 1.4266 | cls = 0.0431 | lr = 0.000658
epoch 009 | step 0800 | total = 5.7253 | box = 0.8375 | obj = 1.4879 | cls = 0.0496 | lr = 0.000658
epoch 009 | step 0820 | total = 5.8444 | box = 0.8683 | obj = 1.4573 | cls = 0.0456 | lr = 0.000658
epoch 009 | step 0840 | total = 5.7843 | box = 0.8586 | obj = 1.4439 | cls = 0.0475 | lr = 0.000658
epoch 009 | step 0860 | total = 6.2194 | box = 0.9445 | obj = 1.4527 | cls = 0.0443 | lr = 0.000658
epoch 009 | step 0880 | total = 6.1410 | box = 0.9355 | obj = 1.4220 | cls = 0.0414 | lr = 0.000658
epoch 009 | step 0900 | total = 5.8386 | box = 0.8700 | obj = 1.4414 | cls = 0.0475 | lr = 0.000658
epoch 009 | step 0920 | total = 5.8753 | box = 0.8774 | obj = 1.4448 | cls = 0.0433 | lr = 0.000658
epoch 009 | step 0940 | total = 5.6692 | box = 0.8269 | obj = 1.4839 | cls = 0.0507 | lr = 0.000658
epoch 009 | step 0960 | total = 5.8482 | box = 0.8721 | obj = 1.4418 | cls = 0.0459 | lr = 0.000658
[epoch 009 train] total = 5.9506 | box = 0.8932 | obj = 1.4400 | cls = 0.0447 | batches = 969 | time = 243.0s
[epoch 009 val] total = 5.3489 | box = 0.7696 | obj = 1.4285 | cls = 0.0722 | batches = 85 | time = 19.3s
epoch 010 | step 0001 | total = 5.7411 | box = 0.8506 | obj = 1.4429 | cls = 0.0450 | lr = 0.000582
epoch 010 | step 0020 | total = 5.7697 | box = 0.8566 | obj = 1.4418 | cls = 0.0446 | lr = 0.000582
epoch 010 | step 0040 | total = 5.5921 | box = 0.8251 | obj = 1.4246 | cls = 0.0418 | lr = 0.000582
epoch 010 | step 0060 | total = 5.9798 | box = 0.9067 | obj = 1.4065 | cls = 0.0398 | lr = 0.000582
epoch 010 | step 0080 | total = 5.7722 | box = 0.8598 | obj = 1.4292 | cls = 0.0441 | lr = 0.000582
epoch 010 | step 0100 | total = 5.8655 | box = 0.8686 | obj = 1.4783 | cls = 0.0440 | lr = 0.000582
epoch 010 | step 0120 | total = 5.8956 | box = 0.8826 | obj = 1.4375 | cls = 0.0453 | lr = 0.000582
epoch 010 | step 0140 | total = 5.8686 | box = 0.8756 | obj = 1.4477 | cls = 0.0430 | lr = 0.000582
epoch 010 | step 0160 | total = 6.1716 | box = 0.9386 | obj = 1.4325 | cls = 0.0460 | lr = 0.000582
epoch 010 | step 0180 | total = 5.9070 | box = 0.8856 | obj = 1.4342 | cls = 0.0448 | lr = 0.000582
epoch 010 | step 0200 | total = 6.0696 | box = 0.9238 | obj = 1.4090 | cls = 0.0414 | lr = 0.000582
epoch 010 | step 0220 | total = 5.7534 | box = 0.8576 | obj = 1.4243 | cls = 0.0410 | lr = 0.000582
epoch 010 | step 0240 | total = 6.0962 | box = 0.9281 | obj = 1.4134 | cls = 0.0425 | lr = 0.000582
epoch 010 | step 0260 | total = 5.9777 | box = 0.8969 | obj = 1.4457 | cls = 0.0475 | lr = 0.000582
epoch 010 | step 0280 | total = 5.6479 | box = 0.8418 | obj = 1.3945 | cls = 0.0446 | lr = 0.000582
epoch 010 | step 0300 | total = 5.9611 | box = 0.8977 | obj = 1.4280 | cls = 0.0448 | lr = 0.000582
epoch 010 | step 0320 | total = 5.8500 | box = 0.8762 | obj = 1.4238 | cls = 0.0452 | lr = 0.000582
epoch 010 | step 0340 | total = 5.9447 | box = 0.8963 | obj = 1.4180 | cls = 0.0454 | lr = 0.000582
epoch 010 | step 0360 | total = 5.8662 | box = 0.8800 | obj = 1.4200 | cls = 0.0462 | lr = 0.000582
epoch 010 | step 0380 | total = 5.8095 | box = 0.8651 | obj = 1.4373 | cls = 0.0467 | lr = 0.000582
epoch 010 | step 0400 | total = 5.7278 | box = 0.8482 | obj = 1.4425 | cls = 0.0443 | lr = 0.000582
epoch 010 | step 0420 | total = 5.7336 | box = 0.8588 | obj = 1.3956 | cls = 0.0440 | lr = 0.000582
epoch 010 | step 0440 | total = 5.8127 | box = 0.8725 | obj = 1.4041 | cls = 0.0459 | lr = 0.000582
epoch 010 | step 0460 | total = 5.7447 | box = 0.8594 | obj = 1.4046 | cls = 0.0433 | lr = 0.000582
epoch 010 | step 0480 | total = 5.7617 | box = 0.8549 | obj = 1.4425 | cls = 0.0446 | lr = 0.000582
epoch 010 | step 0500 | total = 5.3912 | box = 0.7809 | obj = 1.4362 | cls = 0.0504 | lr = 0.000582
epoch 010 | step 0520 | total = 5.6227 | box = 0.8248 | obj = 1.4533 | cls = 0.0452 | lr = 0.000582
epoch 010 | step 0540 | total = 5.8240 | box = 0.8671 | obj = 1.4430 | cls = 0.0457 | lr = 0.000582
epoch 010 | step 0560 | total = 5.6113 | box = 0.8303 | obj = 1.4131 | cls = 0.0464 | lr = 0.000582
epoch 010 | step 0580 | total = 5.8935 | box = 0.8797 | obj = 1.4516 | cls = 0.0433 | lr = 0.000582
epoch 010 | step 0600 | total = 6.0066 | box = 0.9117 | obj = 1.4039 | cls = 0.0440 | lr = 0.000582
epoch 010 | step 0620 | total = 5.8646 | box = 0.8845 | obj = 1.3997 | cls = 0.0424 | lr = 0.000582
epoch 010 | step 0640 | total = 5.6903 | box = 0.8430 | obj = 1.4322 | cls = 0.0432 | lr = 0.000582
epoch 010 | step 0660 | total = 5.5319 | box = 0.8162 | obj = 1.4048 | cls = 0.0459 | lr = 0.000582
epoch 010 | step 0680 | total = 5.7550 | box = 0.8641 | obj = 1.3903 | cls = 0.0443 | lr = 0.000582
epoch 010 | step 0700 | total = 5.9256 | box = 0.8832 | obj = 1.4658 | cls = 0.0435 | lr = 0.000582
epoch 010 | step 0720 | total = 5.6706 | box = 0.8278 | obj = 1.4815 | cls = 0.0499 | lr = 0.000582
epoch 010 | step 0740 | total = 5.9831 | box = 0.9036 | obj = 1.4240 | cls = 0.0413 | lr = 0.000582
epoch 010 | step 0760 | total = 5.7001 | box = 0.8475 | obj = 1.4168 | cls = 0.0457 | lr = 0.000582
epoch 010 | step 0780 | total = 6.0279 | box = 0.9088 | obj = 1.4418 | cls = 0.0423 | lr = 0.000582
epoch 010 | step 0800 | total = 5.9346 | box = 0.8958 | obj = 1.4123 | cls = 0.0434 | lr = 0.000582
epoch 010 | step 0820 | total = 5.9205 | box = 0.8876 | obj = 1.4391 | cls = 0.0435 | lr = 0.000582
epoch 010 | step 0840 | total = 5.6394 | box = 0.8387 | obj = 1.3998 | cls = 0.0463 | lr = 0.000582
epoch 010 | step 0860 | total = 5.5464 | box = 0.8193 | obj = 1.4029 | cls = 0.0468 | lr = 0.000582
epoch 010 | step 0880 | total = 5.8685 | box = 0.8847 | obj = 1.3997 | cls = 0.0455 | lr = 0.000582
epoch 010 | step 0900 | total = 5.7733 | box = 0.8556 | obj = 1.4487 | cls = 0.0464 | lr = 0.000582
epoch 010 | step 0920 | total = 5.9845 | box = 0.9033 | obj = 1.4267 | cls = 0.0411 | lr = 0.000582
epoch 010 | step 0940 | total = 5.7195 | box = 0.8415 | obj = 1.4662 | cls = 0.0456 | lr = 0.000582
epoch 010 | step 0960 | total = 5.8245 | box = 0.8683 | obj = 1.4389 | cls = 0.0442 | lr = 0.000582
[epoch 010 train] total = 5.8228 | box = 0.8702 | obj = 1.4279 | cls = 0.0442 | batches = 969 | time = 246.9s
[epoch 010 val] total = 5.2575 | box = 0.7540 | obj = 1.4141 | cls = 0.0733 | batches = 85 | time = 18.9s
epoch 011 | step 0001 | total = 5.9485 | box = 0.8995 | obj = 1.4074 | cls = 0.0437 | lr = 0.000505
epoch 011 | step 0020 | total = 5.7140 | box = 0.8550 | obj = 1.3962 | cls = 0.0429 | lr = 0.000505
epoch 011 | step 0040 | total = 5.7709 | box = 0.8685 | obj = 1.3855 | cls = 0.0430 | lr = 0.000505
epoch 011 | step 0060 | total = 5.9547 | box = 0.8924 | obj = 1.4520 | cls = 0.0408 | lr = 0.000505
epoch 011 | step 0080 | total = 5.4596 | box = 0.7936 | obj = 1.4431 | cls = 0.0484 | lr = 0.000505
epoch 011 | step 0100 | total = 5.9645 | box = 0.9055 | obj = 1.3961 | cls = 0.0408 | lr = 0.000505
epoch 011 | step 0120 | total = 5.7262 | box = 0.8592 | obj = 1.3874 | cls = 0.0427 | lr = 0.000505
epoch 011 | step 0140 | total = 5.9285 | box = 0.9031 | obj = 1.3738 | cls = 0.0393 | lr = 0.000505
epoch 011 | step 0160 | total = 6.0997 | box = 0.9348 | obj = 1.3843 | cls = 0.0411 | lr = 0.000505
epoch 011 | step 0180 | total = 5.6143 | box = 0.8348 | obj = 1.3985 | cls = 0.0417 | lr = 0.000505
epoch 011 | step 0200 | total = 5.8726 | box = 0.8760 | obj = 1.4507 | cls = 0.0420 | lr = 0.000505
epoch 011 | step 0220 | total = 5.6087 | box = 0.8310 | obj = 1.4105 | cls = 0.0432 | lr = 0.000505
epoch 011 | step 0240 | total = 5.3599 | box = 0.7845 | obj = 1.3915 | cls = 0.0461 | lr = 0.000505
epoch 011 | step 0260 | total = 5.4354 | box = 0.7915 | obj = 1.4341 | cls = 0.0439 | lr = 0.000505
epoch 011 | step 0280 | total = 5.5810 | box = 0.8217 | obj = 1.4284 | cls = 0.0443 | lr = 0.000505
epoch 011 | step 0300 | total = 5.7480 | box = 0.8505 | obj = 1.4484 | cls = 0.0469 | lr = 0.000505
epoch 011 | step 0320 | total = 5.8133 | box = 0.8630 | obj = 1.4538 | cls = 0.0443 | lr = 0.000505
epoch 011 | step 0340 | total = 5.7008 | box = 0.8433 | obj = 1.4392 | cls = 0.0450 | lr = 0.000505
epoch 011 | step 0360 | total = 5.8541 | box = 0.8826 | obj = 1.4015 | cls = 0.0394 | lr = 0.000505
epoch 011 | step 0380 | total = 5.5356 | box = 0.8111 | obj = 1.4372 | cls = 0.0430 | lr = 0.000505
epoch 011 | step 0400 | total = 5.8690 | box = 0.8770 | obj = 1.4411 | cls = 0.0427 | lr = 0.000505
epoch 011 | step 0420 | total = 5.4384 | box = 0.7949 | obj = 1.4139 | cls = 0.0498 | lr = 0.000505
epoch 011 | step 0440 | total = 5.6634 | box = 0.8410 | obj = 1.4142 | cls = 0.0443 | lr = 0.000505
epoch 011 | step 0460 | total = 6.0424 | box = 0.9172 | obj = 1.4154 | cls = 0.0409 | lr = 0.000505
epoch 011 | step 0480 | total = 5.8772 | box = 0.8925 | obj = 1.3739 | cls = 0.0407 | lr = 0.000505
epoch 011 | step 0500 | total = 5.6875 | box = 0.8460 | obj = 1.4143 | cls = 0.0430 | lr = 0.000505
epoch 011 | step 0520 | total = 5.8995 | box = 0.8858 | obj = 1.4282 | cls = 0.0422 | lr = 0.000505
epoch 011 | step 0540 | total = 5.6496 | box = 0.8399 | obj = 1.4031 | cls = 0.0469 | lr = 0.000505
epoch 011 | step 0560 | total = 5.5793 | box = 0.8311 | obj = 1.3811 | cls = 0.0424 | lr = 0.000505
epoch 011 | step 0580 | total = 5.7590 | box = 0.8662 | obj = 1.3811 | cls = 0.0469 | lr = 0.000505
epoch 011 | step 0600 | total = 6.0226 | box = 0.9178 | obj = 1.3900 | cls = 0.0438 | lr = 0.000505
epoch 011 | step 0620 | total = 5.7197 | box = 0.8492 | obj = 1.4327 | cls = 0.0412 | lr = 0.000505
epoch 011 | step 0640 | total = 5.6935 | box = 0.8490 | obj = 1.4032 | cls = 0.0454 | lr = 0.000505
epoch 011 | step 0660 | total = 5.6918 | box = 0.8431 | obj = 1.4318 | cls = 0.0447 | lr = 0.000505
epoch 011 | step 0680 | total = 5.5136 | box = 0.8179 | obj = 1.3800 | cls = 0.0442 | lr = 0.000505
epoch 011 | step 0700 | total = 5.7475 | box = 0.8489 | obj = 1.4580 | cls = 0.0450 | lr = 0.000505
epoch 011 | step 0720 | total = 5.6732 | box = 0.8322 | obj = 1.4645 | cls = 0.0475 | lr = 0.000505
epoch 011 | step 0740 | total = 5.4800 | box = 0.8050 | obj = 1.4098 | cls = 0.0451 | lr = 0.000505
epoch 011 | step 0760 | total = 5.4897 | box = 0.8103 | obj = 1.3927 | cls = 0.0453 | lr = 0.000505
epoch 011 | step 0780 | total = 5.5433 | box = 0.8178 | obj = 1.4086 | cls = 0.0458 | lr = 0.000505
epoch 011 | step 0800 | total = 5.5076 | box = 0.8102 | obj = 1.4108 | cls = 0.0455 | lr = 0.000505
epoch 011 | step 0820 | total = 5.9236 | box = 0.8924 | obj = 1.4214 | cls = 0.0403 | lr = 0.000505
epoch 011 | step 0840 | total = 5.9081 | box = 0.8893 | obj = 1.4175 | cls = 0.0440 | lr = 0.000505
epoch 011 | step 0860 | total = 5.5523 | box = 0.8115 | obj = 1.4482 | cls = 0.0465 | lr = 0.000505
epoch 011 | step 0880 | total = 5.8856 | box = 0.8915 | obj = 1.3864 | cls = 0.0415 | lr = 0.000505
epoch 011 | step 0900 | total = 5.5270 | box = 0.8123 | obj = 1.4205 | cls = 0.0449 | lr = 0.000505
epoch 011 | step 0920 | total = 5.5724 | box = 0.8177 | obj = 1.4356 | cls = 0.0481 | lr = 0.000505
epoch 011 | step 0940 | total = 5.5181 | box = 0.8158 | obj = 1.3943 | cls = 0.0448 | lr = 0.000505
epoch 011 | step 0960 | total = 5.6802 | box = 0.8355 | obj = 1.4586 | cls = 0.0441 | lr = 0.000505
[epoch 011 train] total = 5.6998 | box = 0.8477 | obj = 1.4173 | cls = 0.0438 | batches = 969 | time = 253.1s
[epoch 011 val] total = 5.3701 | box = 0.7736 | obj = 1.4288 | cls = 0.0732 | batches = 85 | time = 19.4s
epoch 012 | step 0001 | total = 5.7181 | box = 0.8544 | obj = 1.4034 | cls = 0.0429 | lr = 0.000428
epoch 012 | step 0020 | total = 5.5224 | box = 0.8180 | obj = 1.3882 | cls = 0.0441 | lr = 0.000428
epoch 012 | step 0040 | total = 5.4974 | box = 0.8126 | obj = 1.3929 | cls = 0.0414 | lr = 0.000428
epoch 012 | step 0060 | total = 5.9077 | box = 0.8925 | obj = 1.4034 | cls = 0.0419 | lr = 0.000428
epoch 012 | step 0080 | total = 5.3759 | box = 0.7825 | obj = 1.4188 | cls = 0.0448 | lr = 0.000428
epoch 012 | step 0100 | total = 5.6299 | box = 0.8323 | obj = 1.4247 | cls = 0.0434 | lr = 0.000428
epoch 012 | step 0120 | total = 5.7887 | box = 0.8672 | obj = 1.4125 | cls = 0.0404 | lr = 0.000428
epoch 012 | step 0140 | total = 5.1822 | box = 0.7490 | obj = 1.3928 | cls = 0.0444 | lr = 0.000428
epoch 012 | step 0160 | total = 5.4095 | box = 0.7966 | obj = 1.3833 | cls = 0.0434 | lr = 0.000428
epoch 012 | step 0180 | total = 5.5471 | box = 0.8243 | obj = 1.3839 | cls = 0.0415 | lr = 0.000428
epoch 012 | step 0200 | total = 5.6201 | box = 0.8258 | obj = 1.4484 | cls = 0.0430 | lr = 0.000428
epoch 012 | step 0220 | total = 5.8004 | box = 0.8671 | obj = 1.4215 | cls = 0.0432 | lr = 0.000428
epoch 012 | step 0240 | total = 5.7354 | box = 0.8589 | obj = 1.4008 | cls = 0.0403 | lr = 0.000428
epoch 012 | step 0260 | total = 5.2539 | box = 0.7634 | obj = 1.3878 | cls = 0.0491 | lr = 0.000428
epoch 012 | step 0280 | total = 5.5983 | box = 0.8359 | obj = 1.3760 | cls = 0.0428 | lr = 0.000428
epoch 012 | step 0300 | total = 5.3263 | box = 0.7702 | obj = 1.4319 | cls = 0.0433 | lr = 0.000428
epoch 012 | step 0320 | total = 5.3354 | box = 0.7788 | obj = 1.3973 | cls = 0.0441 | lr = 0.000428
epoch 012 | step 0340 | total = 5.7981 | box = 0.8731 | obj = 1.3914 | cls = 0.0413 | lr = 0.000428
epoch 012 | step 0360 | total = 5.4643 | box = 0.8112 | obj = 1.3639 | cls = 0.0447 | lr = 0.000428
epoch 012 | step 0380 | total = 5.8165 | box = 0.8697 | obj = 1.4235 | cls = 0.0446 | lr = 0.000428
epoch 012 | step 0400 | total = 5.6824 | box = 0.8370 | obj = 1.4558 | cls = 0.0417 | lr = 0.000428
epoch 012 | step 0420 | total = 5.5399 | box = 0.8133 | obj = 1.4292 | cls = 0.0443 | lr = 0.000428
epoch 012 | step 0440 | total = 5.3964 | box = 0.7900 | obj = 1.4029 | cls = 0.0433 | lr = 0.000428
epoch 012 | step 0460 | total = 5.5293 | box = 0.8180 | obj = 1.3941 | cls = 0.0450 | lr = 0.000428
epoch 012 | step 0480 | total = 5.4768 | box = 0.8105 | obj = 1.3820 | cls = 0.0424 | lr = 0.000428
epoch 012 | step 0500 | total = 5.5195 | box = 0.8197 | obj = 1.3790 | cls = 0.0419 | lr = 0.000428
epoch 012 | step 0520 | total = 5.5542 | box = 0.8216 | obj = 1.4007 | cls = 0.0454 | lr = 0.000428
epoch 012 | step 0540 | total = 5.5034 | box = 0.8078 | obj = 1.4231 | cls = 0.0412 | lr = 0.000428
epoch 012 | step 0560 | total = 5.4104 | box = 0.7991 | obj = 1.3739 | cls = 0.0409 | lr = 0.000428
epoch 012 | step 0580 | total = 5.5549 | box = 0.8255 | obj = 1.3841 | cls = 0.0435 | lr = 0.000428
epoch 012 | step 0600 | total = 5.6280 | box = 0.8306 | obj = 1.4296 | cls = 0.0452 | lr = 0.000428
epoch 012 | step 0620 | total = 5.9119 | box = 0.8879 | obj = 1.4301 | cls = 0.0426 | lr = 0.000428
epoch 012 | step 0640 | total = 5.4126 | box = 0.7924 | obj = 1.4095 | cls = 0.0412 | lr = 0.000428
epoch 012 | step 0660 | total = 5.7570 | box = 0.8596 | obj = 1.4179 | cls = 0.0412 | lr = 0.000428
epoch 012 | step 0680 | total = 5.7192 | box = 0.8494 | obj = 1.4310 | cls = 0.0412 | lr = 0.000428
epoch 012 | step 0700 | total = 5.6121 | box = 0.8382 | obj = 1.3788 | cls = 0.0422 | lr = 0.000428
epoch 012 | step 0720 | total = 5.4611 | box = 0.8050 | obj = 1.3913 | cls = 0.0446 | lr = 0.000428
epoch 012 | step 0740 | total = 5.3499 | box = 0.7840 | obj = 1.3826 | cls = 0.0471 | lr = 0.000428
epoch 012 | step 0760 | total = 5.6534 | box = 0.8389 | obj = 1.4144 | cls = 0.0443 | lr = 0.000428
epoch 012 | step 0780 | total = 5.3429 | box = 0.7848 | obj = 1.3797 | cls = 0.0395 | lr = 0.000428
epoch 012 | step 0800 | total = 5.4599 | box = 0.7979 | obj = 1.4280 | cls = 0.0423 | lr = 0.000428
epoch 012 | step 0820 | total = 5.5346 | box = 0.8182 | obj = 1.3994 | cls = 0.0441 | lr = 0.000428
epoch 012 | step 0840 | total = 5.5122 | box = 0.8061 | obj = 1.4358 | cls = 0.0456 | lr = 0.000428
epoch 012 | step 0860 | total = 5.6484 | box = 0.8404 | obj = 1.4053 | cls = 0.0413 | lr = 0.000428
epoch 012 | step 0880 | total = 5.4157 | box = 0.7918 | obj = 1.4117 | cls = 0.0450 | lr = 0.000428
epoch 012 | step 0900 | total = 5.5479 | box = 0.8166 | obj = 1.4219 | cls = 0.0431 | lr = 0.000428
epoch 012 | step 0920 | total = 5.5548 | box = 0.8128 | obj = 1.4462 | cls = 0.0444 | lr = 0.000428
epoch 012 | step 0940 | total = 5.7508 | box = 0.8634 | obj = 1.3933 | cls = 0.0407 | lr = 0.000428
epoch 012 | step 0960 | total = 5.6569 | box = 0.8423 | obj = 1.4024 | cls = 0.0432 | lr = 0.000428
[epoch 012 train] total = 5.5708 | box = 0.8244 | obj = 1.4055 | cls = 0.0434 | batches = 969 | time = 247.2s
[epoch 012 val] total = 5.1509 | box = 0.7369 | obj = 1.3943 | cls = 0.0721 | batches = 85 | time = 19.1s
epoch 013 | step 0001 | total = 5.5895 | box = 0.8307 | obj = 1.3975 | cls = 0.0387 | lr = 0.000352
epoch 013 | step 0020 | total = 5.4447 | box = 0.7949 | obj = 1.4245 | cls = 0.0455 | lr = 0.000352
epoch 013 | step 0040 | total = 5.3593 | box = 0.7829 | obj = 1.4010 | cls = 0.0439 | lr = 0.000352
epoch 013 | step 0060 | total = 5.4238 | box = 0.7962 | obj = 1.4003 | cls = 0.0423 | lr = 0.000352
epoch 013 | step 0080 | total = 5.7684 | box = 0.8614 | obj = 1.4165 | cls = 0.0451 | lr = 0.000352
epoch 013 | step 0100 | total = 5.2547 | box = 0.7552 | obj = 1.4349 | cls = 0.0438 | lr = 0.000352
epoch 013 | step 0120 | total = 5.8175 | box = 0.8682 | obj = 1.4356 | cls = 0.0407 | lr = 0.000352
epoch 013 | step 0140 | total = 5.6826 | box = 0.8472 | obj = 1.4033 | cls = 0.0433 | lr = 0.000352
epoch 013 | step 0160 | total = 5.1729 | box = 0.7405 | obj = 1.4221 | cls = 0.0485 | lr = 0.000352
epoch 013 | step 0180 | total = 5.3804 | box = 0.7852 | obj = 1.4106 | cls = 0.0440 | lr = 0.000352
epoch 013 | step 0200 | total = 5.5159 | box = 0.8096 | obj = 1.4264 | cls = 0.0417 | lr = 0.000352
epoch 013 | step 0220 | total = 5.2996 | box = 0.7753 | obj = 1.3807 | cls = 0.0423 | lr = 0.000352
epoch 013 | step 0240 | total = 5.3750 | box = 0.7846 | obj = 1.4084 | cls = 0.0437 | lr = 0.000352
epoch 013 | step 0260 | total = 5.1855 | box = 0.7527 | obj = 1.3782 | cls = 0.0439 | lr = 0.000352
epoch 013 | step 0280 | total = 5.5167 | box = 0.8163 | obj = 1.3931 | cls = 0.0421 | lr = 0.000352
epoch 013 | step 0300 | total = 5.4048 | box = 0.7877 | obj = 1.4227 | cls = 0.0437 | lr = 0.000352
epoch 013 | step 0320 | total = 5.3590 | box = 0.7876 | obj = 1.3789 | cls = 0.0421 | lr = 0.000352
epoch 013 | step 0340 | total = 5.2719 | box = 0.7641 | obj = 1.4086 | cls = 0.0429 | lr = 0.000352
epoch 013 | step 0360 | total = 5.3905 | box = 0.7930 | obj = 1.3816 | cls = 0.0439 | lr = 0.000352
epoch 013 | step 0380 | total = 5.2969 | box = 0.7677 | obj = 1.4136 | cls = 0.0449 | lr = 0.000352
epoch 013 | step 0400 | total = 5.1857 | box = 0.7530 | obj = 1.3774 | cls = 0.0436 | lr = 0.000352
epoch 013 | step 0420 | total = 5.4540 | box = 0.8077 | obj = 1.3735 | cls = 0.0418 | lr = 0.000352
epoch 013 | step 0440 | total = 5.3192 | box = 0.7796 | obj = 1.3796 | cls = 0.0416 | lr = 0.000352
epoch 013 | step 0460 | total = 5.3974 | box = 0.7881 | obj = 1.4139 | cls = 0.0429 | lr = 0.000352
epoch 013 | step 0480 | total = 5.5345 | box = 0.8210 | obj = 1.3856 | cls = 0.0436 | lr = 0.000352
epoch 013 | step 0500 | total = 5.3409 | box = 0.7853 | obj = 1.3681 | cls = 0.0462 | lr = 0.000352
epoch 013 | step 0520 | total = 5.3510 | box = 0.7816 | obj = 1.3994 | cls = 0.0438 | lr = 0.000352
epoch 013 | step 0540 | total = 5.3696 | box = 0.7889 | obj = 1.3816 | cls = 0.0435 | lr = 0.000352
epoch 013 | step 0560 | total = 5.3565 | box = 0.7791 | obj = 1.4189 | cls = 0.0423 | lr = 0.000352
epoch 013 | step 0580 | total = 5.4772 | box = 0.8118 | obj = 1.3771 | cls = 0.0411 | lr = 0.000352
epoch 013 | step 0600 | total = 5.5885 | box = 0.8289 | obj = 1.4009 | cls = 0.0430 | lr = 0.000352
epoch 013 | step 0620 | total = 5.0366 | box = 0.7226 | obj = 1.3803 | cls = 0.0435 | lr = 0.000352
epoch 013 | step 0640 | total = 5.3227 | box = 0.7750 | obj = 1.4064 | cls = 0.0411 | lr = 0.000352
epoch 013 | step 0660 | total = 5.4276 | box = 0.7987 | obj = 1.3905 | cls = 0.0434 | lr = 0.000352
epoch 013 | step 0680 | total = 5.2009 | box = 0.7538 | obj = 1.3888 | cls = 0.0428 | lr = 0.000352
epoch 013 | step 0700 | total = 5.5009 | box = 0.8205 | obj = 1.3553 | cls = 0.0431 | lr = 0.000352
epoch 013 | step 0720 | total = 5.5040 | box = 0.8210 | obj = 1.3567 | cls = 0.0424 | lr = 0.000352
epoch 013 | step 0740 | total = 5.3936 | box = 0.7918 | obj = 1.3900 | cls = 0.0446 | lr = 0.000352
epoch 013 | step 0760 | total = 5.0970 | box = 0.7314 | obj = 1.3947 | cls = 0.0454 | lr = 0.000352
epoch 013 | step 0780 | total = 5.4699 | box = 0.8063 | obj = 1.3949 | cls = 0.0436 | lr = 0.000352
epoch 013 | step 0800 | total = 5.2607 | box = 0.7591 | obj = 1.4213 | cls = 0.0440 | lr = 0.000352
epoch 013 | step 0820 | total = 5.4639 | box = 0.8081 | obj = 1.3818 | cls = 0.0417 | lr = 0.000352
epoch 013 | step 0840 | total = 5.2252 | box = 0.7561 | obj = 1.4008 | cls = 0.0441 | lr = 0.000352
epoch 013 | step 0860 | total = 5.3124 | box = 0.7744 | obj = 1.3977 | cls = 0.0428 | lr = 0.000352
epoch 013 | step 0880 | total = 5.4435 | box = 0.7979 | obj = 1.4101 | cls = 0.0439 | lr = 0.000352
epoch 013 | step 0900 | total = 5.3453 | box = 0.7942 | obj = 1.3296 | cls = 0.0445 | lr = 0.000352
epoch 013 | step 0920 | total = 5.5498 | box = 0.8275 | obj = 1.3690 | cls = 0.0431 | lr = 0.000352
epoch 013 | step 0940 | total = 5.2103 | box = 0.7537 | obj = 1.3988 | cls = 0.0430 | lr = 0.000352
epoch 013 | step 0960 | total = 5.6256 | box = 0.8383 | obj = 1.3912 | cls = 0.0428 | lr = 0.000352
[epoch 013 train] total = 5.4484 | box = 0.8023 | obj = 1.3937 | cls = 0.0430 | batches = 969 | time = 249.2s
[epoch 013 val] total = 5.0951 | box = 0.7262 | obj = 1.3879 | cls = 0.0760 | batches = 85 | time = 19.2s
epoch 014 | step 0001 | total = 5.2952 | box = 0.7751 | obj = 1.3793 | cls = 0.0401 | lr = 0.000280
epoch 014 | step 0020 | total = 5.6373 | box = 0.8405 | obj = 1.3943 | cls = 0.0402 | lr = 0.000280
epoch 014 | step 0040 | total = 4.9292 | box = 0.7040 | obj = 1.3660 | cls = 0.0434 | lr = 0.000280
epoch 014 | step 0060 | total = 5.2205 | box = 0.7572 | obj = 1.3914 | cls = 0.0429 | lr = 0.000280
epoch 014 | step 0080 | total = 5.4338 | box = 0.8011 | obj = 1.3875 | cls = 0.0408 | lr = 0.000280
epoch 014 | step 0100 | total = 5.5050 | box = 0.8061 | obj = 1.4324 | cls = 0.0421 | lr = 0.000280
epoch 014 | step 0120 | total = 5.2652 | box = 0.7737 | obj = 1.3569 | cls = 0.0397 | lr = 0.000280
epoch 014 | step 0140 | total = 5.2525 | box = 0.7663 | obj = 1.3775 | cls = 0.0435 | lr = 0.000280
epoch 014 | step 0160 | total = 5.0359 | box = 0.7207 | obj = 1.3890 | cls = 0.0435 | lr = 0.000280
epoch 014 | step 0180 | total = 5.1970 | box = 0.7546 | obj = 1.3829 | cls = 0.0412 | lr = 0.000280
epoch 014 | step 0200 | total = 5.5652 | box = 0.8301 | obj = 1.3739 | cls = 0.0408 | lr = 0.000280
epoch 014 | step 0220 | total = 5.2019 | box = 0.7604 | obj = 1.3564 | cls = 0.0437 | lr = 0.000280
epoch 014 | step 0240 | total = 5.3578 | box = 0.7801 | obj = 1.4142 | cls = 0.0432 | lr = 0.000280
epoch 014 | step 0260 | total = 5.2777 | box = 0.7722 | obj = 1.3749 | cls = 0.0417 | lr = 0.000280
epoch 014 | step 0280 | total = 5.3083 | box = 0.7701 | obj = 1.4174 | cls = 0.0405 | lr = 0.000280
epoch 014 | step 0300 | total = 5.3251 | box = 0.7830 | obj = 1.3675 | cls = 0.0429 | lr = 0.000280
epoch 014 | step 0320 | total = 5.0943 | box = 0.7388 | obj = 1.3566 | cls = 0.0435 | lr = 0.000280
epoch 014 | step 0340 | total = 5.2649 | box = 0.7693 | obj = 1.3729 | cls = 0.0454 | lr = 0.000280
epoch 014 | step 0360 | total = 5.4411 | box = 0.7943 | obj = 1.4243 | cls = 0.0456 | lr = 0.000280
epoch 014 | step 0380 | total = 5.3671 | box = 0.7888 | obj = 1.3801 | cls = 0.0431 | lr = 0.000280
epoch 014 | step 0400 | total = 5.4841 | box = 0.8086 | obj = 1.3996 | cls = 0.0414 | lr = 0.000280
epoch 014 | step 0420 | total = 5.1692 | box = 0.7499 | obj = 1.3789 | cls = 0.0408 | lr = 0.000280
epoch 014 | step 0440 | total = 5.4558 | box = 0.8016 | obj = 1.4042 | cls = 0.0436 | lr = 0.000280
epoch 014 | step 0460 | total = 5.0471 | box = 0.7271 | obj = 1.3675 | cls = 0.0440 | lr = 0.000280
epoch 014 | step 0480 | total = 5.6139 | box = 0.8452 | obj = 1.3472 | cls = 0.0407 | lr = 0.000280
epoch 014 | step 0500 | total = 5.3925 | box = 0.7891 | obj = 1.4039 | cls = 0.0431 | lr = 0.000280
epoch 014 | step 0520 | total = 5.6086 | box = 0.8359 | obj = 1.3878 | cls = 0.0412 | lr = 0.000280
epoch 014 | step 0540 | total = 5.4207 | box = 0.7965 | obj = 1.3929 | cls = 0.0454 | lr = 0.000280
epoch 014 | step 0560 | total = 5.3688 | box = 0.7837 | obj = 1.4062 | cls = 0.0440 | lr = 0.000280
epoch 014 | step 0580 | total = 5.2145 | box = 0.7597 | obj = 1.3749 | cls = 0.0413 | lr = 0.000280
epoch 014 | step 0600 | total = 5.4246 | box = 0.8007 | obj = 1.3814 | cls = 0.0395 | lr = 0.000280
epoch 014 | step 0620 | total = 5.3165 | box = 0.7738 | obj = 1.4051 | cls = 0.0422 | lr = 0.000280
epoch 014 | step 0640 | total = 5.2819 | box = 0.7803 | obj = 1.3374 | cls = 0.0431 | lr = 0.000280
epoch 014 | step 0660 | total = 5.3493 | box = 0.7802 | obj = 1.4064 | cls = 0.0420 | lr = 0.000280
epoch 014 | step 0680 | total = 5.0719 | box = 0.7390 | obj = 1.3340 | cls = 0.0430 | lr = 0.000280
epoch 014 | step 0700 | total = 5.6803 | box = 0.8544 | obj = 1.3681 | cls = 0.0400 | lr = 0.000280
epoch 014 | step 0720 | total = 5.1745 | box = 0.7545 | obj = 1.3574 | cls = 0.0445 | lr = 0.000280
epoch 014 | step 0740 | total = 5.3376 | box = 0.7772 | obj = 1.4069 | cls = 0.0445 | lr = 0.000280
epoch 014 | step 0760 | total = 5.1893 | box = 0.7578 | obj = 1.3593 | cls = 0.0408 | lr = 0.000280
epoch 014 | step 0780 | total = 5.3991 | box = 0.7988 | obj = 1.3638 | cls = 0.0413 | lr = 0.000280
epoch 014 | step 0800 | total = 5.4183 | box = 0.7998 | obj = 1.3770 | cls = 0.0422 | lr = 0.000280
epoch 014 | step 0820 | total = 5.2396 | box = 0.7680 | obj = 1.3553 | cls = 0.0441 | lr = 0.000280
epoch 014 | step 0840 | total = 5.4998 | box = 0.8115 | obj = 1.3997 | cls = 0.0428 | lr = 0.000280
epoch 014 | step 0860 | total = 5.3917 | box = 0.7869 | obj = 1.4120 | cls = 0.0453 | lr = 0.000280
epoch 014 | step 0880 | total = 5.4646 | box = 0.8043 | obj = 1.4013 | cls = 0.0416 | lr = 0.000280
epoch 014 | step 0900 | total = 4.9348 | box = 0.7025 | obj = 1.3770 | cls = 0.0451 | lr = 0.000280
epoch 014 | step 0920 | total = 5.3026 | box = 0.7829 | obj = 1.3476 | cls = 0.0405 | lr = 0.000280
epoch 014 | step 0940 | total = 5.3215 | box = 0.7798 | obj = 1.3765 | cls = 0.0461 | lr = 0.000280
epoch 014 | step 0960 | total = 5.1785 | box = 0.7506 | obj = 1.3835 | cls = 0.0417 | lr = 0.000280
[epoch 014 train] total = 5.3280 | box = 0.7807 | obj = 1.3821 | cls = 0.0426 | batches = 969 | time = 247.8s
[epoch 014 val] total = 5.0887 | box = 0.7261 | obj = 1.3830 | cls = 0.0753 | batches = 85 | time = 19.9s
epoch 015 | step 0001 | total = 5.2985 | box = 0.7773 | obj = 1.3702 | cls = 0.0418 | lr = 0.000214
epoch 015 | step 0020 | total = 5.3063 | box = 0.7823 | obj = 1.3545 | cls = 0.0405 | lr = 0.000214
epoch 015 | step 0040 | total = 5.4007 | box = 0.7906 | obj = 1.4043 | cls = 0.0432 | lr = 0.000214
epoch 015 | step 0060 | total = 5.5934 | box = 0.8403 | obj = 1.3524 | cls = 0.0393 | lr = 0.000214
epoch 015 | step 0080 | total = 5.3059 | box = 0.7745 | obj = 1.3902 | cls = 0.0432 | lr = 0.000214
epoch 015 | step 0100 | total = 5.4827 | box = 0.8175 | obj = 1.3554 | cls = 0.0396 | lr = 0.000214
epoch 015 | step 0120 | total = 4.9323 | box = 0.7095 | obj = 1.3451 | cls = 0.0396 | lr = 0.000214
epoch 015 | step 0140 | total = 5.0786 | box = 0.7334 | obj = 1.3697 | cls = 0.0418 | lr = 0.000214
epoch 015 | step 0160 | total = 5.4692 | box = 0.8081 | obj = 1.3857 | cls = 0.0428 | lr = 0.000214
epoch 015 | step 0180 | total = 4.8825 | box = 0.6981 | obj = 1.3527 | cls = 0.0396 | lr = 0.000214
epoch 015 | step 0200 | total = 5.0378 | box = 0.7300 | obj = 1.3440 | cls = 0.0438 | lr = 0.000214
epoch 015 | step 0220 | total = 5.1831 | box = 0.7460 | obj = 1.4115 | cls = 0.0415 | lr = 0.000214
epoch 015 | step 0240 | total = 4.8860 | box = 0.6974 | obj = 1.3554 | cls = 0.0437 | lr = 0.000214
epoch 015 | step 0260 | total = 4.9191 | box = 0.6992 | obj = 1.3800 | cls = 0.0431 | lr = 0.000214
epoch 015 | step 0280 | total = 5.0835 | box = 0.7381 | obj = 1.3515 | cls = 0.0413 | lr = 0.000214
epoch 015 | step 0300 | total = 5.1434 | box = 0.7377 | obj = 1.4111 | cls = 0.0437 | lr = 0.000214
epoch 015 | step 0320 | total = 5.0522 | box = 0.7324 | obj = 1.3496 | cls = 0.0407 | lr = 0.000214
epoch 015 | step 0340 | total = 5.2414 | box = 0.7656 | obj = 1.3731 | cls = 0.0405 | lr = 0.000214
epoch 015 | step 0360 | total = 4.9984 | box = 0.7212 | obj = 1.3485 | cls = 0.0439 | lr = 0.000214
epoch 015 | step 0380 | total = 5.4226 | box = 0.8050 | obj = 1.3570 | cls = 0.0405 | lr = 0.000214
epoch 015 | step 0400 | total = 5.3389 | box = 0.7870 | obj = 1.3628 | cls = 0.0411 | lr = 0.000214
epoch 015 | step 0420 | total = 5.5085 | box = 0.8219 | obj = 1.3598 | cls = 0.0389 | lr = 0.000214
epoch 015 | step 0440 | total = 5.2084 | box = 0.7665 | obj = 1.3328 | cls = 0.0430 | lr = 0.000214
epoch 015 | step 0460 | total = 5.4594 | box = 0.8052 | obj = 1.3923 | cls = 0.0412 | lr = 0.000214
epoch 015 | step 0480 | total = 5.2737 | box = 0.7660 | obj = 1.3975 | cls = 0.0463 | lr = 0.000214
epoch 015 | step 0500 | total = 5.1497 | box = 0.7509 | obj = 1.3537 | cls = 0.0413 | lr = 0.000214
epoch 015 | step 0520 | total = 4.9353 | box = 0.6946 | obj = 1.4142 | cls = 0.0483 | lr = 0.000214
epoch 015 | step 0540 | total = 5.3391 | box = 0.7801 | obj = 1.3964 | cls = 0.0421 | lr = 0.000214
epoch 015 | step 0560 | total = 4.8607 | box = 0.6973 | obj = 1.3306 | cls = 0.0437 | lr = 0.000214
epoch 015 | step 0580 | total = 5.2217 | box = 0.7671 | obj = 1.3461 | cls = 0.0403 | lr = 0.000214
epoch 015 | step 0600 | total = 5.4633 | box = 0.8106 | obj = 1.3701 | cls = 0.0400 | lr = 0.000214
epoch 015 | step 0620 | total = 5.2013 | box = 0.7574 | obj = 1.3744 | cls = 0.0398 | lr = 0.000214
epoch 015 | step 0640 | total = 5.0636 | box = 0.7251 | obj = 1.3925 | cls = 0.0455 | lr = 0.000214
epoch 015 | step 0660 | total = 5.3119 | box = 0.7786 | obj = 1.3786 | cls = 0.0402 | lr = 0.000214
epoch 015 | step 0680 | total = 5.1979 | box = 0.7532 | obj = 1.3915 | cls = 0.0405 | lr = 0.000214
epoch 015 | step 0700 | total = 5.0127 | box = 0.7230 | obj = 1.3549 | cls = 0.0429 | lr = 0.000214
epoch 015 | step 0720 | total = 5.3460 | box = 0.7877 | obj = 1.3653 | cls = 0.0424 | lr = 0.000214
epoch 015 | step 0740 | total = 5.4097 | box = 0.8015 | obj = 1.3625 | cls = 0.0396 | lr = 0.000214
epoch 015 | step 0760 | total = 5.3439 | box = 0.7864 | obj = 1.3700 | cls = 0.0420 | lr = 0.000214
epoch 015 | step 0780 | total = 5.1726 | box = 0.7506 | obj = 1.3762 | cls = 0.0434 | lr = 0.000214
epoch 015 | step 0800 | total = 5.3352 | box = 0.7810 | obj = 1.3871 | cls = 0.0431 | lr = 0.000214
epoch 015 | step 0820 | total = 5.1216 | box = 0.7416 | obj = 1.3707 | cls = 0.0428 | lr = 0.000214
epoch 015 | step 0840 | total = 5.3085 | box = 0.7909 | obj = 1.3149 | cls = 0.0391 | lr = 0.000214
epoch 015 | step 0860 | total = 5.0240 | box = 0.7259 | obj = 1.3544 | cls = 0.0401 | lr = 0.000214
epoch 015 | step 0880 | total = 5.2616 | box = 0.7651 | obj = 1.3933 | cls = 0.0429 | lr = 0.000214
epoch 015 | step 0900 | total = 5.3093 | box = 0.7741 | obj = 1.3945 | cls = 0.0442 | lr = 0.000214
epoch 015 | step 0920 | total = 5.2151 | box = 0.7662 | obj = 1.3423 | cls = 0.0417 | lr = 0.000214
epoch 015 | step 0940 | total = 4.9271 | box = 0.7073 | obj = 1.3501 | cls = 0.0408 | lr = 0.000214
epoch 015 | step 0960 | total = 5.3634 | box = 0.7900 | obj = 1.3746 | cls = 0.0390 | lr = 0.000214
[epoch 015 train] total = 5.2105 | box = 0.7596 | obj = 1.3702 | cls = 0.0423 | batches = 969 | time = 252.5s
[epoch 015 val] total = 5.0391 | box = 0.7173 | obj = 1.3785 | cls = 0.0744 | batches = 85 | time = 18.8s
epoch 016 | step 0001 | total = 5.1373 | box = 0.7450 | obj = 1.3727 | cls = 0.0398 | lr = 0.000155
epoch 016 | step 0020 | total = 5.2144 | box = 0.7608 | obj = 1.3695 | cls = 0.0409 | lr = 0.000155
epoch 016 | step 0040 | total = 5.1440 | box = 0.7495 | obj = 1.3547 | cls = 0.0421 | lr = 0.000155
epoch 016 | step 0060 | total = 5.4458 | box = 0.8132 | obj = 1.3402 | cls = 0.0394 | lr = 0.000155
epoch 016 | step 0080 | total = 5.1518 | box = 0.7429 | obj = 1.3945 | cls = 0.0426 | lr = 0.000155
epoch 016 | step 0100 | total = 5.5282 | box = 0.8192 | obj = 1.3910 | cls = 0.0413 | lr = 0.000155
epoch 016 | step 0120 | total = 4.8663 | box = 0.6909 | obj = 1.3668 | cls = 0.0452 | lr = 0.000155
epoch 016 | step 0140 | total = 5.0073 | box = 0.7226 | obj = 1.3522 | cls = 0.0422 | lr = 0.000155
epoch 016 | step 0160 | total = 4.8510 | box = 0.6904 | obj = 1.3539 | cls = 0.0452 | lr = 0.000155
epoch 016 | step 0180 | total = 5.2517 | box = 0.7697 | obj = 1.3635 | cls = 0.0399 | lr = 0.000155
epoch 016 | step 0200 | total = 4.9400 | box = 0.7069 | obj = 1.3622 | cls = 0.0433 | lr = 0.000155
epoch 016 | step 0220 | total = 4.7536 | box = 0.6724 | obj = 1.3502 | cls = 0.0413 | lr = 0.000155
epoch 016 | step 0240 | total = 5.1334 | box = 0.7515 | obj = 1.3334 | cls = 0.0423 | lr = 0.000155
epoch 016 | step 0260 | total = 5.1960 | box = 0.7518 | obj = 1.3929 | cls = 0.0439 | lr = 0.000155
epoch 016 | step 0280 | total = 4.7718 | box = 0.6769 | obj = 1.3430 | cls = 0.0444 | lr = 0.000155
epoch 016 | step 0300 | total = 5.2891 | box = 0.7752 | obj = 1.3714 | cls = 0.0416 | lr = 0.000155
epoch 016 | step 0320 | total = 4.9526 | box = 0.7096 | obj = 1.3599 | cls = 0.0444 | lr = 0.000155
epoch 016 | step 0340 | total = 4.9117 | box = 0.7014 | obj = 1.3622 | cls = 0.0427 | lr = 0.000155
epoch 016 | step 0360 | total = 5.2724 | box = 0.7730 | obj = 1.3664 | cls = 0.0410 | lr = 0.000155
epoch 016 | step 0380 | total = 5.2006 | box = 0.7563 | obj = 1.3765 | cls = 0.0425 | lr = 0.000155
epoch 016 | step 0400 | total = 5.0995 | box = 0.7503 | obj = 1.3074 | cls = 0.0408 | lr = 0.000155
epoch 016 | step 0420 | total = 5.1909 | box = 0.7585 | obj = 1.3564 | cls = 0.0421 | lr = 0.000155
epoch 016 | step 0440 | total = 5.1864 | box = 0.7559 | obj = 1.3650 | cls = 0.0419 | lr = 0.000155
epoch 016 | step 0460 | total = 5.2054 | box = 0.7539 | obj = 1.3919 | cls = 0.0441 | lr = 0.000155
epoch 016 | step 0480 | total = 5.4454 | box = 0.8080 | obj = 1.3656 | cls = 0.0398 | lr = 0.000155
epoch 016 | step 0500 | total = 5.2148 | box = 0.7620 | obj = 1.3634 | cls = 0.0416 | lr = 0.000155
epoch 016 | step 0520 | total = 4.9714 | box = 0.7138 | obj = 1.3599 | cls = 0.0425 | lr = 0.000155
epoch 016 | step 0540 | total = 5.0163 | box = 0.7253 | obj = 1.3488 | cls = 0.0410 | lr = 0.000155
epoch 016 | step 0560 | total = 5.1277 | box = 0.7469 | obj = 1.3501 | cls = 0.0430 | lr = 0.000155
epoch 016 | step 0580 | total = 5.0219 | box = 0.7245 | obj = 1.3586 | cls = 0.0406 | lr = 0.000155
epoch 016 | step 0600 | total = 5.1953 | box = 0.7611 | obj = 1.3513 | cls = 0.0384 | lr = 0.000155
epoch 016 | step 0620 | total = 4.6173 | box = 0.6501 | obj = 1.3235 | cls = 0.0432 | lr = 0.000155
epoch 016 | step 0640 | total = 5.0557 | box = 0.7296 | obj = 1.3664 | cls = 0.0412 | lr = 0.000155
epoch 016 | step 0660 | total = 5.4626 | box = 0.8076 | obj = 1.3808 | cls = 0.0438 | lr = 0.000155
epoch 016 | step 0680 | total = 5.3613 | box = 0.7868 | obj = 1.3869 | cls = 0.0406 | lr = 0.000155
epoch 016 | step 0700 | total = 5.1997 | box = 0.7609 | obj = 1.3542 | cls = 0.0411 | lr = 0.000155
epoch 016 | step 0720 | total = 4.8873 | box = 0.6892 | obj = 1.3973 | cls = 0.0443 | lr = 0.000155
epoch 016 | step 0740 | total = 5.1124 | box = 0.7442 | obj = 1.3480 | cls = 0.0432 | lr = 0.000155
epoch 016 | step 0760 | total = 4.9546 | box = 0.7090 | obj = 1.3662 | cls = 0.0435 | lr = 0.000155
epoch 016 | step 0780 | total = 5.3250 | box = 0.7813 | obj = 1.3799 | cls = 0.0387 | lr = 0.000155
epoch 016 | step 0800 | total = 5.5919 | box = 0.8347 | obj = 1.3772 | cls = 0.0412 | lr = 0.000155
epoch 016 | step 0820 | total = 5.1608 | box = 0.7500 | obj = 1.3651 | cls = 0.0457 | lr = 0.000155
epoch 016 | step 0840 | total = 5.1813 | box = 0.7502 | obj = 1.3901 | cls = 0.0402 | lr = 0.000155
epoch 016 | step 0860 | total = 4.9939 | box = 0.7186 | obj = 1.3575 | cls = 0.0433 | lr = 0.000155
epoch 016 | step 0880 | total = 4.8283 | box = 0.6937 | obj = 1.3169 | cls = 0.0427 | lr = 0.000155
epoch 016 | step 0900 | total = 5.1586 | box = 0.7491 | obj = 1.3709 | cls = 0.0420 | lr = 0.000155
epoch 016 | step 0920 | total = 5.0536 | box = 0.7314 | obj = 1.3524 | cls = 0.0441 | lr = 0.000155
epoch 016 | step 0940 | total = 5.1988 | box = 0.7513 | obj = 1.4003 | cls = 0.0422 | lr = 0.000155
epoch 016 | step 0960 | total = 5.3927 | box = 0.7963 | obj = 1.3721 | cls = 0.0393 | lr = 0.000155
[epoch 016 train] total = 5.1035 | box = 0.7404 | obj = 1.3593 | cls = 0.0421 | batches = 969 | time = 242.7s
[epoch 016 val] total = 5.0231 | box = 0.7150 | obj = 1.3743 | cls = 0.0737 | batches = 85 | time = 18.3s
epoch 017 | step 0001 | total = 4.9668 | box = 0.7172 | obj = 1.3396 | cls = 0.0412 | lr = 0.000105
epoch 017 | step 0020 | total = 5.1611 | box = 0.7497 | obj = 1.3705 | cls = 0.0419 | lr = 0.000105
epoch 017 | step 0040 | total = 4.8482 | box = 0.6925 | obj = 1.3439 | cls = 0.0419 | lr = 0.000105
epoch 017 | step 0060 | total = 4.9966 | box = 0.7193 | obj = 1.3576 | cls = 0.0423 | lr = 0.000105
epoch 017 | step 0080 | total = 5.0810 | box = 0.7315 | obj = 1.3811 | cls = 0.0424 | lr = 0.000105
epoch 017 | step 0100 | total = 5.3112 | box = 0.7742 | obj = 1.3966 | cls = 0.0435 | lr = 0.000105
epoch 017 | step 0120 | total = 4.9797 | box = 0.7187 | obj = 1.3456 | cls = 0.0407 | lr = 0.000105
epoch 017 | step 0140 | total = 5.1053 | box = 0.7424 | obj = 1.3525 | cls = 0.0409 | lr = 0.000105
epoch 017 | step 0160 | total = 5.0620 | box = 0.7286 | obj = 1.3743 | cls = 0.0449 | lr = 0.000105
epoch 017 | step 0180 | total = 5.4556 | box = 0.7985 | obj = 1.4205 | cls = 0.0425 | lr = 0.000105
epoch 017 | step 0200 | total = 5.0614 | box = 0.7294 | obj = 1.3726 | cls = 0.0420 | lr = 0.000105
epoch 017 | step 0220 | total = 4.9950 | box = 0.7144 | obj = 1.3797 | cls = 0.0433 | lr = 0.000105
epoch 017 | step 0240 | total = 4.7498 | box = 0.6728 | obj = 1.3436 | cls = 0.0424 | lr = 0.000105
epoch 017 | step 0260 | total = 4.9484 | box = 0.7152 | obj = 1.3316 | cls = 0.0409 | lr = 0.000105
epoch 017 | step 0280 | total = 5.1262 | box = 0.7419 | obj = 1.3731 | cls = 0.0437 | lr = 0.000105
epoch 017 | step 0300 | total = 5.0167 | box = 0.7269 | obj = 1.3419 | cls = 0.0403 | lr = 0.000105
epoch 017 | step 0320 | total = 5.2873 | box = 0.7776 | obj = 1.3562 | cls = 0.0428 | lr = 0.000105
epoch 017 | step 0340 | total = 4.8668 | box = 0.6998 | obj = 1.3230 | cls = 0.0447 | lr = 0.000105
epoch 017 | step 0360 | total = 4.7695 | box = 0.6757 | obj = 1.3458 | cls = 0.0451 | lr = 0.000105
epoch 017 | step 0380 | total = 5.0420 | box = 0.7290 | obj = 1.3556 | cls = 0.0414 | lr = 0.000105
epoch 017 | step 0400 | total = 5.2875 | box = 0.7792 | obj = 1.3523 | cls = 0.0391 | lr = 0.000105
epoch 017 | step 0420 | total = 5.1029 | box = 0.7435 | obj = 1.3454 | cls = 0.0401 | lr = 0.000105
epoch 017 | step 0440 | total = 4.6688 | box = 0.6557 | obj = 1.3467 | cls = 0.0433 | lr = 0.000105
epoch 017 | step 0460 | total = 5.1424 | box = 0.7511 | obj = 1.3462 | cls = 0.0408 | lr = 0.000105
epoch 017 | step 0480 | total = 5.1783 | box = 0.7570 | obj = 1.3525 | cls = 0.0407 | lr = 0.000105
epoch 017 | step 0500 | total = 5.0685 | box = 0.7404 | obj = 1.3259 | cls = 0.0406 | lr = 0.000105
epoch 017 | step 0520 | total = 5.0065 | box = 0.7312 | obj = 1.3097 | cls = 0.0407 | lr = 0.000105
epoch 017 | step 0540 | total = 4.9211 | box = 0.7020 | obj = 1.3702 | cls = 0.0411 | lr = 0.000105
epoch 017 | step 0560 | total = 4.9553 | box = 0.7094 | obj = 1.3644 | cls = 0.0438 | lr = 0.000105
epoch 017 | step 0580 | total = 5.2224 | box = 0.7591 | obj = 1.3836 | cls = 0.0433 | lr = 0.000105
epoch 017 | step 0600 | total = 4.6707 | box = 0.6635 | obj = 1.3110 | cls = 0.0419 | lr = 0.000105
epoch 017 | step 0620 | total = 4.9089 | box = 0.7045 | obj = 1.3474 | cls = 0.0388 | lr = 0.000105
epoch 017 | step 0640 | total = 5.0736 | box = 0.7327 | obj = 1.3674 | cls = 0.0429 | lr = 0.000105
epoch 017 | step 0660 | total = 4.4022 | box = 0.6077 | obj = 1.3202 | cls = 0.0435 | lr = 0.000105
epoch 017 | step 0680 | total = 5.1397 | box = 0.7519 | obj = 1.3394 | cls = 0.0407 | lr = 0.000105
epoch 017 | step 0700 | total = 4.7694 | box = 0.6795 | obj = 1.3299 | cls = 0.0419 | lr = 0.000105
epoch 017 | step 0720 | total = 4.6885 | box = 0.6636 | obj = 1.3247 | cls = 0.0460 | lr = 0.000105
epoch 017 | step 0740 | total = 5.1084 | box = 0.7448 | obj = 1.3419 | cls = 0.0427 | lr = 0.000105
epoch 017 | step 0760 | total = 4.8573 | box = 0.6938 | obj = 1.3450 | cls = 0.0431 | lr = 0.000105
epoch 017 | step 0780 | total = 4.8777 | box = 0.6968 | obj = 1.3518 | cls = 0.0420 | lr = 0.000105
epoch 017 | step 0800 | total = 5.0954 | box = 0.7359 | obj = 1.3702 | cls = 0.0455 | lr = 0.000105
epoch 017 | step 0820 | total = 4.9354 | box = 0.7062 | obj = 1.3598 | cls = 0.0445 | lr = 0.000105
epoch 017 | step 0840 | total = 5.1211 | box = 0.7417 | obj = 1.3709 | cls = 0.0416 | lr = 0.000105
epoch 017 | step 0860 | total = 4.8683 | box = 0.7017 | obj = 1.3179 | cls = 0.0417 | lr = 0.000105
epoch 017 | step 0880 | total = 5.4524 | box = 0.8104 | obj = 1.3611 | cls = 0.0390 | lr = 0.000105
epoch 017 | step 0900 | total = 4.9421 | box = 0.7123 | obj = 1.3382 | cls = 0.0422 | lr = 0.000105
epoch 017 | step 0920 | total = 5.2764 | box = 0.7708 | obj = 1.3806 | cls = 0.0420 | lr = 0.000105
epoch 017 | step 0940 | total = 5.1881 | box = 0.7632 | obj = 1.3330 | cls = 0.0390 | lr = 0.000105
epoch 017 | step 0960 | total = 5.0675 | box = 0.7340 | obj = 1.3593 | cls = 0.0381 | lr = 0.000105
[epoch 017 train] total = 5.0104 | box = 0.7239 | obj = 1.3491 | cls = 0.0419 | batches = 969 | time = 247.6s
[epoch 017 val] total = 5.0306 | box = 0.7157 | obj = 1.3780 | cls = 0.0742 | batches = 85 | time = 19.0s
epoch 018 | step 0001 | total = 5.2628 | box = 0.7720 | obj = 1.3600 | cls = 0.0426 | lr = 0.000064
epoch 018 | step 0020 | total = 4.7789 | box = 0.6784 | obj = 1.3445 | cls = 0.0423 | lr = 0.000064
epoch 018 | step 0040 | total = 4.7055 | box = 0.6670 | obj = 1.3260 | cls = 0.0445 | lr = 0.000064
epoch 018 | step 0060 | total = 4.8562 | box = 0.7018 | obj = 1.3067 | cls = 0.0406 | lr = 0.000064
epoch 018 | step 0080 | total = 5.0706 | box = 0.7471 | obj = 1.2938 | cls = 0.0412 | lr = 0.000064
epoch 018 | step 0100 | total = 5.1409 | box = 0.7481 | obj = 1.3628 | cls = 0.0376 | lr = 0.000064
epoch 018 | step 0120 | total = 4.8306 | box = 0.6871 | obj = 1.3505 | cls = 0.0445 | lr = 0.000064
epoch 018 | step 0140 | total = 4.6871 | box = 0.6662 | obj = 1.3159 | cls = 0.0400 | lr = 0.000064
epoch 018 | step 0160 | total = 4.9393 | box = 0.7130 | obj = 1.3336 | cls = 0.0408 | lr = 0.000064
epoch 018 | step 0180 | total = 4.9348 | box = 0.7116 | obj = 1.3325 | cls = 0.0441 | lr = 0.000064
epoch 018 | step 0200 | total = 4.8980 | box = 0.7059 | obj = 1.3271 | cls = 0.0413 | lr = 0.000064
epoch 018 | step 0220 | total = 4.9145 | box = 0.7087 | obj = 1.3309 | cls = 0.0401 | lr = 0.000064
epoch 018 | step 0240 | total = 4.7331 | box = 0.6708 | obj = 1.3373 | cls = 0.0418 | lr = 0.000064
epoch 018 | step 0260 | total = 4.7089 | box = 0.6666 | obj = 1.3327 | cls = 0.0431 | lr = 0.000064
epoch 018 | step 0280 | total = 5.0171 | box = 0.7286 | obj = 1.3343 | cls = 0.0396 | lr = 0.000064
epoch 018 | step 0300 | total = 4.8503 | box = 0.6910 | obj = 1.3513 | cls = 0.0442 | lr = 0.000064
epoch 018 | step 0320 | total = 5.0105 | box = 0.7263 | obj = 1.3390 | cls = 0.0402 | lr = 0.000064
epoch 018 | step 0340 | total = 5.0399 | box = 0.7344 | obj = 1.3291 | cls = 0.0387 | lr = 0.000064
epoch 018 | step 0360 | total = 5.2733 | box = 0.7711 | obj = 1.3760 | cls = 0.0416 | lr = 0.000064
epoch 018 | step 0380 | total = 5.1825 | box = 0.7513 | obj = 1.3857 | cls = 0.0404 | lr = 0.000064
epoch 018 | step 0400 | total = 4.8051 | box = 0.6876 | obj = 1.3226 | cls = 0.0444 | lr = 0.000064
epoch 018 | step 0420 | total = 4.8476 | box = 0.6908 | obj = 1.3556 | cls = 0.0382 | lr = 0.000064
epoch 018 | step 0440 | total = 4.7081 | box = 0.6635 | obj = 1.3500 | cls = 0.0407 | lr = 0.000064
epoch 018 | step 0460 | total = 5.0908 | box = 0.7507 | obj = 1.2965 | cls = 0.0407 | lr = 0.000064
epoch 018 | step 0480 | total = 5.0803 | box = 0.7413 | obj = 1.3335 | cls = 0.0401 | lr = 0.000064
epoch 018 | step 0500 | total = 4.6032 | box = 0.6434 | obj = 1.3433 | cls = 0.0429 | lr = 0.000064
epoch 018 | step 0520 | total = 4.6959 | box = 0.6658 | obj = 1.3257 | cls = 0.0414 | lr = 0.000064
epoch 018 | step 0540 | total = 4.8791 | box = 0.7028 | obj = 1.3220 | cls = 0.0429 | lr = 0.000064
epoch 018 | step 0560 | total = 4.8438 | box = 0.6852 | obj = 1.3787 | cls = 0.0393 | lr = 0.000064
epoch 018 | step 0580 | total = 4.9692 | box = 0.7146 | obj = 1.3531 | cls = 0.0432 | lr = 0.000064
epoch 018 | step 0600 | total = 5.1840 | box = 0.7582 | obj = 1.3544 | cls = 0.0388 | lr = 0.000064
epoch 018 | step 0620 | total = 4.9567 | box = 0.7155 | obj = 1.3366 | cls = 0.0424 | lr = 0.000064
epoch 018 | step 0640 | total = 5.4146 | box = 0.8047 | obj = 1.3507 | cls = 0.0402 | lr = 0.000064
epoch 018 | step 0660 | total = 5.0717 | box = 0.7322 | obj = 1.3700 | cls = 0.0406 | lr = 0.000064
epoch 018 | step 0680 | total = 4.7418 | box = 0.6713 | obj = 1.3427 | cls = 0.0425 | lr = 0.000064
epoch 018 | step 0700 | total = 4.8678 | box = 0.6919 | obj = 1.3652 | cls = 0.0432 | lr = 0.000064
epoch 018 | step 0720 | total = 4.9943 | box = 0.7251 | obj = 1.3293 | cls = 0.0398 | lr = 0.000064
epoch 018 | step 0740 | total = 4.9905 | box = 0.7219 | obj = 1.3387 | cls = 0.0425 | lr = 0.000064
epoch 018 | step 0760 | total = 5.2363 | box = 0.7701 | obj = 1.3485 | cls = 0.0372 | lr = 0.000064
epoch 018 | step 0780 | total = 4.6148 | box = 0.6445 | obj = 1.3484 | cls = 0.0441 | lr = 0.000064
epoch 018 | step 0800 | total = 5.0774 | box = 0.7429 | obj = 1.3217 | cls = 0.0414 | lr = 0.000064
epoch 018 | step 0820 | total = 4.8731 | box = 0.6999 | obj = 1.3309 | cls = 0.0427 | lr = 0.000064
epoch 018 | step 0840 | total = 4.9181 | box = 0.7049 | obj = 1.3532 | cls = 0.0402 | lr = 0.000064
epoch 018 | step 0860 | total = 5.2757 | box = 0.7755 | obj = 1.3593 | cls = 0.0391 | lr = 0.000064
epoch 018 | step 0880 | total = 5.1025 | box = 0.7390 | obj = 1.3671 | cls = 0.0402 | lr = 0.000064
epoch 018 | step 0900 | total = 4.6660 | box = 0.6524 | obj = 1.3615 | cls = 0.0426 | lr = 0.000064
epoch 018 | step 0920 | total = 5.1060 | box = 0.7530 | obj = 1.3024 | cls = 0.0388 | lr = 0.000064
epoch 018 | step 0940 | total = 4.9959 | box = 0.7266 | obj = 1.3206 | cls = 0.0420 | lr = 0.000064
epoch 018 | step 0960 | total = 4.6042 | box = 0.6494 | obj = 1.3142 | cls = 0.0427 | lr = 0.000064
[epoch 018 train] total = 4.9383 | box = 0.7109 | obj = 1.3419 | cls = 0.0418 | batches = 969 | time = 242.3s
[epoch 018 val] total = 5.0500 | box = 0.7184 | obj = 1.3834 | cls = 0.0746 | batches = 85 | time = 18.9s
epoch 019 | step 0001 | total = 4.9914 | box = 0.7222 | obj = 1.3404 | cls = 0.0399 | lr = 0.000034
epoch 019 | step 0020 | total = 4.6949 | box = 0.6632 | obj = 1.3380 | cls = 0.0409 | lr = 0.000034
epoch 019 | step 0040 | total = 4.6843 | box = 0.6592 | obj = 1.3447 | cls = 0.0434 | lr = 0.000034
epoch 019 | step 0060 | total = 4.7606 | box = 0.6780 | obj = 1.3303 | cls = 0.0405 | lr = 0.000034
epoch 019 | step 0080 | total = 4.7412 | box = 0.6809 | obj = 1.2936 | cls = 0.0432 | lr = 0.000034
epoch 019 | step 0100 | total = 4.9200 | box = 0.7070 | obj = 1.3426 | cls = 0.0426 | lr = 0.000034
epoch 019 | step 0120 | total = 4.9887 | box = 0.7214 | obj = 1.3390 | cls = 0.0426 | lr = 0.000034
epoch 019 | step 0140 | total = 4.9242 | box = 0.7134 | obj = 1.3153 | cls = 0.0418 | lr = 0.000034
epoch 019 | step 0160 | total = 5.1281 | box = 0.7449 | obj = 1.3638 | cls = 0.0396 | lr = 0.000034
epoch 019 | step 0180 | total = 4.8306 | box = 0.6970 | obj = 1.3018 | cls = 0.0440 | lr = 0.000034
epoch 019 | step 0200 | total = 5.1642 | box = 0.7523 | obj = 1.3594 | cls = 0.0435 | lr = 0.000034
epoch 019 | step 0220 | total = 4.9741 | box = 0.7179 | obj = 1.3442 | cls = 0.0405 | lr = 0.000034
epoch 019 | step 0240 | total = 5.1140 | box = 0.7421 | obj = 1.3592 | cls = 0.0443 | lr = 0.000034
epoch 019 | step 0260 | total = 5.0473 | box = 0.7327 | obj = 1.3454 | cls = 0.0385 | lr = 0.000034
epoch 019 | step 0280 | total = 4.5568 | box = 0.6449 | obj = 1.2884 | cls = 0.0441 | lr = 0.000034
epoch 019 | step 0300 | total = 4.9466 | box = 0.7155 | obj = 1.3270 | cls = 0.0419 | lr = 0.000034
epoch 019 | step 0320 | total = 5.1286 | box = 0.7450 | obj = 1.3638 | cls = 0.0399 | lr = 0.000034
epoch 019 | step 0340 | total = 4.7822 | box = 0.6815 | obj = 1.3306 | cls = 0.0443 | lr = 0.000034
epoch 019 | step 0360 | total = 4.8425 | box = 0.6910 | obj = 1.3450 | cls = 0.0426 | lr = 0.000034
epoch 019 | step 0380 | total = 4.6021 | box = 0.6478 | obj = 1.3210 | cls = 0.0420 | lr = 0.000034
epoch 019 | step 0400 | total = 4.9202 | box = 0.7070 | obj = 1.3435 | cls = 0.0420 | lr = 0.000034
epoch 019 | step 0420 | total = 4.8575 | box = 0.7012 | obj = 1.3087 | cls = 0.0428 | lr = 0.000034
epoch 019 | step 0440 | total = 4.9494 | box = 0.7141 | obj = 1.3350 | cls = 0.0438 | lr = 0.000034
epoch 019 | step 0460 | total = 4.7652 | box = 0.6777 | obj = 1.3346 | cls = 0.0423 | lr = 0.000034
epoch 019 | step 0480 | total = 4.9029 | box = 0.7073 | obj = 1.3251 | cls = 0.0413 | lr = 0.000034
epoch 019 | step 0500 | total = 4.7207 | box = 0.6718 | obj = 1.3182 | cls = 0.0435 | lr = 0.000034
epoch 019 | step 0520 | total = 4.7782 | box = 0.6781 | obj = 1.3447 | cls = 0.0428 | lr = 0.000034
epoch 019 | step 0540 | total = 4.8286 | box = 0.6907 | obj = 1.3330 | cls = 0.0420 | lr = 0.000034
epoch 019 | step 0560 | total = 4.9844 | box = 0.7161 | obj = 1.3587 | cls = 0.0453 | lr = 0.000034
epoch 019 | step 0580 | total = 4.8929 | box = 0.7014 | obj = 1.3440 | cls = 0.0419 | lr = 0.000034
epoch 019 | step 0600 | total = 5.3506 | box = 0.7914 | obj = 1.3576 | cls = 0.0362 | lr = 0.000034
epoch 019 | step 0620 | total = 4.8324 | box = 0.6922 | obj = 1.3288 | cls = 0.0425 | lr = 0.000034
epoch 019 | step 0640 | total = 4.5422 | box = 0.6326 | obj = 1.3353 | cls = 0.0437 | lr = 0.000034
epoch 019 | step 0660 | total = 4.4723 | box = 0.6199 | obj = 1.3266 | cls = 0.0460 | lr = 0.000034
epoch 019 | step 0680 | total = 5.3747 | box = 0.7916 | obj = 1.3771 | cls = 0.0395 | lr = 0.000034
epoch 019 | step 0700 | total = 5.0298 | box = 0.7339 | obj = 1.3174 | cls = 0.0428 | lr = 0.000034
epoch 019 | step 0720 | total = 5.0409 | box = 0.7241 | obj = 1.3777 | cls = 0.0426 | lr = 0.000034
epoch 019 | step 0740 | total = 4.8709 | box = 0.6954 | obj = 1.3533 | cls = 0.0404 | lr = 0.000034
epoch 019 | step 0760 | total = 5.1120 | box = 0.7493 | obj = 1.3243 | cls = 0.0410 | lr = 0.000034
epoch 019 | step 0780 | total = 4.7353 | box = 0.6765 | obj = 1.3094 | cls = 0.0435 | lr = 0.000034
epoch 019 | step 0800 | total = 4.9722 | box = 0.7111 | obj = 1.3729 | cls = 0.0440 | lr = 0.000034
epoch 019 | step 0820 | total = 5.0765 | box = 0.7404 | obj = 1.3341 | cls = 0.0403 | lr = 0.000034
epoch 019 | step 0840 | total = 4.6267 | box = 0.6518 | obj = 1.3280 | cls = 0.0399 | lr = 0.000034
epoch 019 | step 0860 | total = 4.8602 | box = 0.6926 | obj = 1.3566 | cls = 0.0406 | lr = 0.000034
epoch 019 | step 0880 | total = 4.8625 | box = 0.6935 | obj = 1.3467 | cls = 0.0484 | lr = 0.000034
epoch 019 | step 0900 | total = 4.9851 | box = 0.7185 | obj = 1.3549 | cls = 0.0378 | lr = 0.000034
epoch 019 | step 0920 | total = 4.8317 | box = 0.6957 | obj = 1.3124 | cls = 0.0407 | lr = 0.000034
epoch 019 | step 0940 | total = 5.0132 | box = 0.7164 | obj = 1.3894 | cls = 0.0417 | lr = 0.000034
epoch 019 | step 0960 | total = 4.7139 | box = 0.6640 | obj = 1.3519 | cls = 0.0418 | lr = 0.000034
[epoch 019 train] total = 4.8852 | box = 0.7015 | obj = 1.3363 | cls = 0.0416 | batches = 969 | time = 245.0s
[epoch 019 val] total = 5.0236 | box = 0.7140 | obj = 1.3786 | cls = 0.0748 | batches = 85 | time = 18.7s
epoch 020 | step 0001 | total = 4.7469 | box = 0.6754 | obj = 1.3285 | cls = 0.0414 | lr = 0.000016
epoch 020 | step 0020 | total = 4.6756 | box = 0.6585 | obj = 1.3390 | cls = 0.0438 | lr = 0.000016
epoch 020 | step 0040 | total = 4.7176 | box = 0.6770 | obj = 1.2914 | cls = 0.0413 | lr = 0.000016
epoch 020 | step 0060 | total = 5.0679 | box = 0.7422 | obj = 1.3150 | cls = 0.0419 | lr = 0.000016
epoch 020 | step 0080 | total = 5.1591 | box = 0.7634 | obj = 1.3048 | cls = 0.0372 | lr = 0.000016
epoch 020 | step 0100 | total = 4.7098 | box = 0.6723 | obj = 1.3065 | cls = 0.0420 | lr = 0.000016
epoch 020 | step 0120 | total = 4.5421 | box = 0.6439 | obj = 1.2832 | cls = 0.0396 | lr = 0.000016
epoch 020 | step 0140 | total = 4.6345 | box = 0.6530 | obj = 1.3278 | cls = 0.0418 | lr = 0.000016
epoch 020 | step 0160 | total = 4.9847 | box = 0.7173 | obj = 1.3563 | cls = 0.0418 | lr = 0.000016
epoch 020 | step 0180 | total = 5.0659 | box = 0.7370 | obj = 1.3413 | cls = 0.0398 | lr = 0.000016
epoch 020 | step 0200 | total = 5.1257 | box = 0.7357 | obj = 1.4049 | cls = 0.0425 | lr = 0.000016
epoch 020 | step 0220 | total = 4.8750 | box = 0.6981 | obj = 1.3440 | cls = 0.0405 | lr = 0.000016
epoch 020 | step 0240 | total = 5.0117 | box = 0.7226 | obj = 1.3558 | cls = 0.0427 | lr = 0.000016
epoch 020 | step 0260 | total = 5.2279 | box = 0.7640 | obj = 1.3664 | cls = 0.0416 | lr = 0.000016
epoch 020 | step 0280 | total = 4.9126 | box = 0.7055 | obj = 1.3456 | cls = 0.0397 | lr = 0.000016
epoch 020 | step 0300 | total = 4.7299 | box = 0.6714 | obj = 1.3300 | cls = 0.0431 | lr = 0.000016
epoch 020 | step 0320 | total = 4.6830 | box = 0.6635 | obj = 1.3255 | cls = 0.0401 | lr = 0.000016
epoch 020 | step 0340 | total = 5.0215 | box = 0.7317 | obj = 1.3241 | cls = 0.0386 | lr = 0.000016
epoch 020 | step 0360 | total = 5.0844 | box = 0.7396 | obj = 1.3448 | cls = 0.0415 | lr = 0.000016
epoch 020 | step 0380 | total = 4.9964 | box = 0.7269 | obj = 1.3227 | cls = 0.0392 | lr = 0.000016
epoch 020 | step 0400 | total = 4.7235 | box = 0.6714 | obj = 1.3254 | cls = 0.0413 | lr = 0.000016
epoch 020 | step 0420 | total = 4.6606 | box = 0.6608 | obj = 1.3125 | cls = 0.0440 | lr = 0.000016
epoch 020 | step 0440 | total = 4.7159 | box = 0.6644 | obj = 1.3539 | cls = 0.0399 | lr = 0.000016
epoch 020 | step 0460 | total = 4.9001 | box = 0.7067 | obj = 1.3253 | cls = 0.0415 | lr = 0.000016
epoch 020 | step 0480 | total = 4.7115 | box = 0.6684 | obj = 1.3256 | cls = 0.0440 | lr = 0.000016
epoch 020 | step 0500 | total = 4.7578 | box = 0.6763 | obj = 1.3345 | cls = 0.0416 | lr = 0.000016
epoch 020 | step 0520 | total = 4.7563 | box = 0.6743 | obj = 1.3390 | cls = 0.0456 | lr = 0.000016
epoch 020 | step 0540 | total = 4.8475 | box = 0.6920 | obj = 1.3452 | cls = 0.0425 | lr = 0.000016
epoch 020 | step 0560 | total = 5.0205 | box = 0.7328 | obj = 1.3155 | cls = 0.0411 | lr = 0.000016
epoch 020 | step 0580 | total = 4.8435 | box = 0.6961 | obj = 1.3194 | cls = 0.0437 | lr = 0.000016
epoch 020 | step 0600 | total = 4.8626 | box = 0.6935 | obj = 1.3536 | cls = 0.0413 | lr = 0.000016
epoch 020 | step 0620 | total = 4.7119 | box = 0.6692 | obj = 1.3235 | cls = 0.0426 | lr = 0.000016
epoch 020 | step 0640 | total = 4.9115 | box = 0.7095 | obj = 1.3234 | cls = 0.0404 | lr = 0.000016
epoch 020 | step 0660 | total = 5.3250 | box = 0.7798 | obj = 1.3855 | cls = 0.0405 | lr = 0.000016
epoch 020 | step 0680 | total = 4.7232 | box = 0.6805 | obj = 1.2801 | cls = 0.0405 | lr = 0.000016
epoch 020 | step 0700 | total = 4.8328 | box = 0.7011 | obj = 1.2835 | cls = 0.0436 | lr = 0.000016
epoch 020 | step 0720 | total = 4.8896 | box = 0.7041 | obj = 1.3296 | cls = 0.0395 | lr = 0.000016
epoch 020 | step 0740 | total = 4.8690 | box = 0.7015 | obj = 1.3180 | cls = 0.0436 | lr = 0.000016
epoch 020 | step 0760 | total = 4.7215 | box = 0.6717 | obj = 1.3203 | cls = 0.0429 | lr = 0.000016
epoch 020 | step 0780 | total = 4.7903 | box = 0.6709 | obj = 1.3908 | cls = 0.0449 | lr = 0.000016
epoch 020 | step 0800 | total = 4.6298 | box = 0.6478 | obj = 1.3501 | cls = 0.0406 | lr = 0.000016
epoch 020 | step 0820 | total = 5.2945 | box = 0.7778 | obj = 1.3645 | cls = 0.0409 | lr = 0.000016
epoch 020 | step 0840 | total = 5.1831 | box = 0.7567 | obj = 1.3595 | cls = 0.0400 | lr = 0.000016
epoch 020 | step 0860 | total = 4.8945 | box = 0.7043 | obj = 1.3315 | cls = 0.0416 | lr = 0.000016
epoch 020 | step 0880 | total = 5.0341 | box = 0.7362 | obj = 1.3130 | cls = 0.0402 | lr = 0.000016
epoch 020 | step 0900 | total = 4.9544 | box = 0.7078 | obj = 1.3747 | cls = 0.0405 | lr = 0.000016
epoch 020 | step 0920 | total = 4.8935 | box = 0.7026 | obj = 1.3382 | cls = 0.0423 | lr = 0.000016
epoch 020 | step 0940 | total = 4.7988 | box = 0.6895 | obj = 1.3081 | cls = 0.0433 | lr = 0.000016
epoch 020 | step 0960 | total = 4.6289 | box = 0.6553 | obj = 1.3089 | cls = 0.0437 | lr = 0.000016
[epoch 020 train] total = 4.8534 | box = 0.6958 | obj = 1.3330 | cls = 0.0416 | batches = 969 | time = 251.3s
[epoch 020 val] total = 5.0317 | box = 0.7153 | obj = 1.3805 | cls = 0.0747 | batches = 85 | time = 18.9s
training status: completed
result summary: logs/records/deep_residual_multiscale_singlebox_20260425_052858/result.txt
{
  "anchors": [
    [
      0.199926,
      0.288289
    ]
  ],
  "batch_size": 1.0,
  "box_parameterization": "yolov5",
  "checkpoint_path": "/home/lidz/YOLO/yolov0/outputs/deep_residual_multiscale_singlebox_20260425_052858/best.pth",
  "config_path": "/home/lidz/YOLO/yolov0/configs/deep_residual_multiscale_singlebox.toml",
  "conv2d_flops": 45025331200.0,
  "device": "cuda",
  "duration_seconds": 1.2476239448878914,
  "false_positives": 231173.0,
  "images_per_second": 80.15235713433327,
  "linear_flops": 0.0,
  "map50": 0.1029563318213,
  "measure_iters": 100.0,
  "milliseconds_per_batch": 12.476239448878914,
  "model_name": "deep_residual_multiscale",
  "num_boxes": 1,
  "num_evaluated_classes": 79.0,
  "num_ground_truth": 52568.0,
  "num_predictions": 248214.0,
  "num_samples": 10823.0,
  "output_shape": {
    "p4": [
      1,
      20,
      20,
      85
    ],
    "p5": [
      1,
      10,
      10,
      85
    ]
  },
  "params_total": 31851786,
  "params_trainable": 31851786,
  "precision": 0.06865446751593383,
  "recall": 0.32417059808248366,
  "score_alpha": 2.0,
  "score_beta": 1.0,
  "split": "val",
  "total_flops": 45025331200.0,
  "total_gflops": 45.0253312,
  "true_positives": 17041.0,
  "warmup_iters": 20.0
}
creating index...
index created!
Loading and preparing results...
DONE (t=0.43s)
creating index...
index created!
Running per image evaluation...
Evaluate annotation type *bbox*
DONE (t=14.22s).
Accumulating evaluation results...
DONE (t=3.21s).
 Average Precision  (AP) @[ IoU=0.50:0.95 | area=   all | maxDets=100 ] = 0.000
 Average Precision  (AP) @[ IoU=0.50      | area=   all | maxDets=100 ] = 0.001
 Average Precision  (AP) @[ IoU=0.75      | area=   all | maxDets=100 ] = 0.000
 Average Precision  (AP) @[ IoU=0.50:0.95 | area= small | maxDets=100 ] = 0.000
 Average Precision  (AP) @[ IoU=0.50:0.95 | area=medium | maxDets=100 ] = 0.000
 Average Precision  (AP) @[ IoU=0.50:0.95 | area= large | maxDets=100 ] = 0.000
 Average Recall     (AR) @[ IoU=0.50:0.95 | area=   all | maxDets=  1 ] = 0.001
 Average Recall     (AR) @[ IoU=0.50:0.95 | area=   all | maxDets= 10 ] = 0.002
 Average Recall     (AR) @[ IoU=0.50:0.95 | area=   all | maxDets=100 ] = 0.002
 Average Recall     (AR) @[ IoU=0.50:0.95 | area= small | maxDets=100 ] = 0.000
 Average Recall     (AR) @[ IoU=0.50:0.95 | area=medium | maxDets=100 ] = 0.002
 Average Recall     (AR) @[ IoU=0.50:0.95 | area= large | maxDets=100 ] = 0.003
{
  "anchors": [
    [
      0.199926,
      0.288289
    ]
  ],
  "batch_size": 1.0,
  "box_parameterization": "yolov5",
  "checkpoint_path": "/home/lidz/YOLO/yolov0/outputs/deep_residual_multiscale_singlebox_20260425_052858/best.pth",
  "coco_ap": 0.0001902387059548622,
  "coco_ap50": 0.001205992528734336,
  "coco_ap75": 6.420883760198138e-06,
  "coco_ar1": 0.0009609587422182321,
  "coco_ar10": 0.0020571793973174,
  "coco_ar100": 0.002231883940588632,
  "config_path": "/home/lidz/YOLO/yolov0/configs/deep_residual_multiscale_singlebox.toml",
  "conv2d_flops": 45025331200.0,
  "device": "cuda",
  "duration_seconds": 1.0863839341327548,
  "images_per_second": 92.04848935825676,
  "linear_flops": 0.0,
  "manifest_path": "/home/lidz/YOLO/DataSet/Unified/manifests/coco2017_val.jsonl",
  "measure_iters": 100.0,
  "milliseconds_per_batch": 10.863839341327548,
  "model_name": "deep_residual_multiscale",
  "num_boxes": 1,
  "num_predictions": 127005.0,
  "num_samples": 5000.0,
  "output_shape": {
    "p4": [
      1,
      20,
      20,
      85
    ],
    "p5": [
      1,
      10,
      10,
      85
    ]
  },
  "params_total": 31851786,
  "params_trainable": 31851786,
  "score_alpha": 2.0,
  "score_beta": 1.0,
  "total_flops": 45025331200.0,
  "total_gflops": 45.0253312,
  "warmup_iters": 20.0
}
