DDP mode: ignoring train.use_data_parallel from config.
dataset storage train: pt | index = /home/lidz/YOLO/DataSet/Unified/packed/pt/coco2017_train/chunk_1024/index.json | chunks = 116 | samples = 118287 | chunk_size = 1024
dataset storage val: pt | index = /home/lidz/YOLO/DataSet/Unified/packed/pt/coco2017_val/chunk_1024/index.json | chunks = 5 | samples = 5000 | chunk_size = 1024
DDP configured global batch size: 128
DDP per-rank batch size: 16
DDP effective global batch size: 128
DDP configured workers: 64
DDP per-rank workers: 8
starting yolov0 DDP training
run id: dual_scale_three_box_coco_only_noobj1_512_k6_ddp_20260506_152934
device: cuda:0
backend: nccl
world size: 8
train dataset length: 118287
val dataset length: 5000
model output shape: {'p4': (1, 32, 32, 255), 'p5': (1, 16, 16, 255)}
parameter total: 36531294
parameter trainable: 36531294
tensorboard dir: runs/dual_scale_three_box_coco_only_noobj1_512_k6_ddp_20260506_152934
output dir: outputs/dual_scale_three_box_coco_only_noobj1_512_k6_ddp_20260506_152934
epoch 001 | step 0001 | total = 11.4841 | box = 1.4043 | obj = 3.0407 | cls = 1.4221 | lr = 0.001000
epoch 001 | step 0020 | total = 8.1473 | box = 1.1170 | obj = 2.2683 | cls = 0.2939 | lr = 0.001000
epoch 001 | step 0040 | total = 7.2817 | box = 1.0071 | obj = 2.1635 | cls = 0.0825 | lr = 0.001000
epoch 001 | step 0060 | total = 7.7066 | box = 1.1152 | obj = 2.0596 | cls = 0.0710 | lr = 0.001000
epoch 001 | step 0080 | total = 8.1254 | box = 1.2179 | obj = 1.9719 | cls = 0.0642 | lr = 0.001000
epoch 001 | step 0100 | total = 7.5590 | box = 1.1134 | obj = 1.9319 | cls = 0.0598 | lr = 0.001000
epoch 001 | step 0120 | total = 7.8417 | box = 1.1525 | obj = 2.0186 | cls = 0.0604 | lr = 0.001000
epoch 001 | step 0140 | total = 7.1276 | box = 0.9977 | obj = 2.0760 | cls = 0.0631 | lr = 0.001000
epoch 001 | step 0160 | total = 7.1402 | box = 0.9983 | obj = 2.0746 | cls = 0.0741 | lr = 0.001000
epoch 001 | step 0180 | total = 6.9715 | box = 0.9571 | obj = 2.1161 | cls = 0.0701 | lr = 0.001000
epoch 001 | step 0200 | total = 6.8886 | box = 0.9471 | obj = 2.0871 | cls = 0.0662 | lr = 0.001000
epoch 001 | step 0220 | total = 6.5173 | box = 0.8687 | obj = 2.1030 | cls = 0.0708 | lr = 0.001000
epoch 001 | step 0240 | total = 7.3507 | box = 1.0743 | obj = 1.9153 | cls = 0.0640 | lr = 0.001000
epoch 001 | step 0260 | total = 7.0956 | box = 1.0145 | obj = 1.9616 | cls = 0.0615 | lr = 0.001000
epoch 001 | step 0280 | total = 7.4692 | box = 1.0953 | obj = 1.9386 | cls = 0.0541 | lr = 0.001000
epoch 001 | step 0300 | total = 7.5800 | box = 1.1304 | obj = 1.8657 | cls = 0.0623 | lr = 0.001000
epoch 001 | step 0320 | total = 7.0182 | box = 0.9823 | obj = 2.0456 | cls = 0.0614 | lr = 0.001000
epoch 001 | step 0340 | total = 6.9146 | box = 0.9519 | obj = 2.0899 | cls = 0.0650 | lr = 0.001000
epoch 001 | step 0360 | total = 7.2057 | box = 1.0329 | obj = 1.9834 | cls = 0.0581 | lr = 0.001000
epoch 001 | step 0380 | total = 6.4210 | box = 0.8572 | obj = 2.0580 | cls = 0.0772 | lr = 0.001000
epoch 001 | step 0400 | total = 6.3983 | box = 0.8617 | obj = 2.0197 | cls = 0.0702 | lr = 0.001000
epoch 001 | step 0420 | total = 7.3753 | box = 1.0659 | obj = 1.9855 | cls = 0.0602 | lr = 0.001000
epoch 001 | step 0440 | total = 6.9142 | box = 0.9948 | obj = 1.8738 | cls = 0.0663 | lr = 0.001000
epoch 001 | step 0460 | total = 7.8062 | box = 1.1888 | obj = 1.8099 | cls = 0.0521 | lr = 0.001000
epoch 001 | step 0480 | total = 7.5796 | box = 1.1441 | obj = 1.8080 | cls = 0.0510 | lr = 0.001000
epoch 001 | step 0500 | total = 7.1077 | box = 1.0300 | obj = 1.9012 | cls = 0.0565 | lr = 0.001000
epoch 001 | step 0520 | total = 6.7616 | box = 0.9438 | obj = 1.9764 | cls = 0.0661 | lr = 0.001000
epoch 001 | step 0540 | total = 6.4440 | box = 0.8779 | obj = 1.9853 | cls = 0.0693 | lr = 0.001000
epoch 001 | step 0560 | total = 6.3981 | box = 0.8556 | obj = 2.0592 | cls = 0.0606 | lr = 0.001000
epoch 001 | step 0580 | total = 7.2775 | box = 1.0709 | obj = 1.8683 | cls = 0.0549 | lr = 0.001000
epoch 001 | step 0600 | total = 7.3539 | box = 1.0762 | obj = 1.9186 | cls = 0.0543 | lr = 0.001000
epoch 001 | step 0620 | total = 6.7512 | box = 0.9347 | obj = 2.0189 | cls = 0.0588 | lr = 0.001000
epoch 001 | step 0640 | total = 5.9505 | box = 0.7931 | obj = 1.9265 | cls = 0.0583 | lr = 0.001000
epoch 001 | step 0660 | total = 6.8701 | box = 0.9755 | obj = 1.9326 | cls = 0.0599 | lr = 0.001000
epoch 001 | step 0680 | total = 6.3117 | box = 0.8484 | obj = 2.0039 | cls = 0.0658 | lr = 0.001000
epoch 001 | step 0700 | total = 6.4737 | box = 0.8678 | obj = 2.0723 | cls = 0.0623 | lr = 0.001000
epoch 001 | step 0720 | total = 6.5813 | box = 0.9244 | obj = 1.8984 | cls = 0.0608 | lr = 0.001000
epoch 001 | step 0740 | total = 6.4296 | box = 0.8913 | obj = 1.9113 | cls = 0.0617 | lr = 0.001000
epoch 001 | step 0760 | total = 6.2707 | box = 0.8451 | obj = 1.9753 | cls = 0.0701 | lr = 0.001000
epoch 001 | step 0780 | total = 6.2931 | box = 0.8254 | obj = 2.0967 | cls = 0.0692 | lr = 0.001000
epoch 001 | step 0800 | total = 5.2133 | box = 0.6490 | obj = 1.8881 | cls = 0.0802 | lr = 0.001000
epoch 001 | step 0820 | total = 5.9503 | box = 0.7740 | obj = 2.0123 | cls = 0.0683 | lr = 0.001000
epoch 001 | step 0840 | total = 5.7604 | box = 0.7238 | obj = 2.0634 | cls = 0.0780 | lr = 0.001000
epoch 001 | step 0860 | total = 6.1326 | box = 0.8516 | obj = 1.8194 | cls = 0.0555 | lr = 0.001000
epoch 001 | step 0880 | total = 5.8657 | box = 0.7293 | obj = 2.1484 | cls = 0.0706 | lr = 0.001000
epoch 001 | step 0900 | total = 6.3582 | box = 0.8869 | obj = 1.8740 | cls = 0.0499 | lr = 0.001000
epoch 001 | step 0920 | total = 6.8535 | box = 0.9753 | obj = 1.9226 | cls = 0.0542 | lr = 0.001000
[epoch 001 train] total = 6.9893 | box = 0.9879 | obj = 1.9733 | cls = 0.0767 | steps = 925 | global_batches = 7400 | samples = 118288 | time = 814.0s
[epoch 001 val] total = 6.6401 | box = 0.9112 | obj = 2.0216 | cls = 0.0622 | steps = 40 | global_batches = 320 | samples = 5000 | time = 22.7s
epoch 002 | step 0001 | total = 5.9191 | box = 0.7766 | obj = 1.9799 | cls = 0.0562 | lr = 0.000999
epoch 002 | step 0020 | total = 5.9345 | box = 0.8052 | obj = 1.8562 | cls = 0.0525 | lr = 0.000999
epoch 002 | step 0040 | total = 6.7244 | box = 0.9450 | obj = 1.9415 | cls = 0.0582 | lr = 0.000999
epoch 002 | step 0060 | total = 6.6700 | box = 0.9618 | obj = 1.8090 | cls = 0.0521 | lr = 0.000999
epoch 002 | step 0080 | total = 6.5165 | box = 0.9022 | obj = 1.9413 | cls = 0.0641 | lr = 0.000999
epoch 002 | step 0100 | total = 5.8950 | box = 0.7928 | obj = 1.8756 | cls = 0.0552 | lr = 0.000999
epoch 002 | step 0120 | total = 6.1603 | box = 0.8563 | obj = 1.8244 | cls = 0.0542 | lr = 0.000999
epoch 002 | step 0140 | total = 6.3884 | box = 0.9025 | obj = 1.8172 | cls = 0.0589 | lr = 0.000999
epoch 002 | step 0160 | total = 6.7068 | box = 0.9501 | obj = 1.8997 | cls = 0.0566 | lr = 0.000999
epoch 002 | step 0180 | total = 5.7250 | box = 0.7585 | obj = 1.8619 | cls = 0.0708 | lr = 0.000999
epoch 002 | step 0200 | total = 6.4714 | box = 0.8811 | obj = 2.0037 | cls = 0.0623 | lr = 0.000999
epoch 002 | step 0220 | total = 6.1468 | box = 0.8266 | obj = 1.9617 | cls = 0.0520 | lr = 0.000999
epoch 002 | step 0240 | total = 5.4399 | box = 0.6698 | obj = 2.0123 | cls = 0.0786 | lr = 0.000999
epoch 002 | step 0260 | total = 6.3960 | box = 0.8999 | obj = 1.8362 | cls = 0.0606 | lr = 0.000999
epoch 002 | step 0280 | total = 6.7452 | box = 0.9724 | obj = 1.8311 | cls = 0.0523 | lr = 0.000999
epoch 002 | step 0300 | total = 6.4650 | box = 0.9106 | obj = 1.8528 | cls = 0.0590 | lr = 0.000999
epoch 002 | step 0320 | total = 6.2913 | box = 0.8778 | obj = 1.8447 | cls = 0.0576 | lr = 0.000999
epoch 002 | step 0340 | total = 6.3868 | box = 0.8376 | obj = 2.1302 | cls = 0.0687 | lr = 0.000999
epoch 002 | step 0360 | total = 5.4614 | box = 0.7234 | obj = 1.7861 | cls = 0.0583 | lr = 0.000999
epoch 002 | step 0380 | total = 6.4526 | box = 0.9292 | obj = 1.7494 | cls = 0.0574 | lr = 0.000999
epoch 002 | step 0400 | total = 6.5378 | box = 0.9246 | obj = 1.8611 | cls = 0.0538 | lr = 0.000999
epoch 002 | step 0420 | total = 5.5627 | box = 0.7273 | obj = 1.8587 | cls = 0.0676 | lr = 0.000999
epoch 002 | step 0440 | total = 6.0008 | box = 0.7916 | obj = 1.9864 | cls = 0.0562 | lr = 0.000999
epoch 002 | step 0460 | total = 6.5329 | box = 0.9259 | obj = 1.8449 | cls = 0.0587 | lr = 0.000999
epoch 002 | step 0480 | total = 5.4381 | box = 0.7143 | obj = 1.8076 | cls = 0.0592 | lr = 0.000999
epoch 002 | step 0500 | total = 5.1575 | box = 0.6605 | obj = 1.7876 | cls = 0.0675 | lr = 0.000999
epoch 002 | step 0520 | total = 5.7965 | box = 0.7820 | obj = 1.8259 | cls = 0.0606 | lr = 0.000999
epoch 002 | step 0540 | total = 6.6623 | box = 0.9799 | obj = 1.7128 | cls = 0.0501 | lr = 0.000999
epoch 002 | step 0560 | total = 5.9022 | box = 0.7910 | obj = 1.8854 | cls = 0.0618 | lr = 0.000999
epoch 002 | step 0580 | total = 5.6420 | box = 0.7310 | obj = 1.9315 | cls = 0.0555 | lr = 0.000999
epoch 002 | step 0600 | total = 6.1062 | box = 0.8136 | obj = 1.9789 | cls = 0.0591 | lr = 0.000999
epoch 002 | step 0620 | total = 5.3437 | box = 0.7078 | obj = 1.7435 | cls = 0.0613 | lr = 0.000999
epoch 002 | step 0640 | total = 4.9892 | box = 0.5927 | obj = 1.9500 | cls = 0.0757 | lr = 0.000999
epoch 002 | step 0660 | total = 5.4305 | box = 0.7238 | obj = 1.7541 | cls = 0.0572 | lr = 0.000999
epoch 002 | step 0680 | total = 5.1791 | box = 0.6703 | obj = 1.7666 | cls = 0.0609 | lr = 0.000999
epoch 002 | step 0700 | total = 6.5285 | box = 0.9201 | obj = 1.8748 | cls = 0.0529 | lr = 0.000999
epoch 002 | step 0720 | total = 5.9057 | box = 0.7825 | obj = 1.9272 | cls = 0.0663 | lr = 0.000999
epoch 002 | step 0740 | total = 6.5801 | box = 0.9531 | obj = 1.7676 | cls = 0.0470 | lr = 0.000999
epoch 002 | step 0760 | total = 7.2267 | box = 1.0721 | obj = 1.8155 | cls = 0.0509 | lr = 0.000999
epoch 002 | step 0780 | total = 5.8893 | box = 0.8017 | obj = 1.8204 | cls = 0.0603 | lr = 0.000999
epoch 002 | step 0800 | total = 5.3763 | box = 0.6938 | obj = 1.8351 | cls = 0.0722 | lr = 0.000999
epoch 002 | step 0820 | total = 6.2073 | box = 0.8525 | obj = 1.8863 | cls = 0.0585 | lr = 0.000999
epoch 002 | step 0840 | total = 5.6892 | box = 0.7562 | obj = 1.8442 | cls = 0.0641 | lr = 0.000999
epoch 002 | step 0860 | total = 6.2601 | box = 0.9025 | obj = 1.6999 | cls = 0.0479 | lr = 0.000999
epoch 002 | step 0880 | total = 6.0414 | box = 0.8396 | obj = 1.7845 | cls = 0.0588 | lr = 0.000999
epoch 002 | step 0900 | total = 6.0793 | box = 0.8615 | obj = 1.7221 | cls = 0.0498 | lr = 0.000999
epoch 002 | step 0920 | total = 6.1176 | box = 0.8552 | obj = 1.7889 | cls = 0.0529 | lr = 0.000999
[epoch 002 train] total = 6.0492 | box = 0.8273 | obj = 1.8537 | cls = 0.0589 | steps = 925 | global_batches = 7400 | samples = 118288 | time = 843.0s
[epoch 002 val] total = 5.8728 | box = 0.7995 | obj = 1.8176 | cls = 0.0576 | steps = 40 | global_batches = 320 | samples = 5000 | time = 25.3s
epoch 003 | step 0001 | total = 5.6135 | box = 0.7661 | obj = 1.7278 | cls = 0.0553 | lr = 0.000996
epoch 003 | step 0020 | total = 6.2397 | box = 0.8849 | obj = 1.7639 | cls = 0.0512 | lr = 0.000996
epoch 003 | step 0040 | total = 5.6362 | box = 0.7567 | obj = 1.7862 | cls = 0.0667 | lr = 0.000996
epoch 003 | step 0060 | total = 6.3972 | box = 0.9070 | obj = 1.8108 | cls = 0.0512 | lr = 0.000996
epoch 003 | step 0080 | total = 5.5874 | box = 0.7232 | obj = 1.9050 | cls = 0.0662 | lr = 0.000996
epoch 003 | step 0100 | total = 5.7512 | box = 0.7872 | obj = 1.7633 | cls = 0.0518 | lr = 0.000996
epoch 003 | step 0120 | total = 6.3809 | box = 0.9149 | obj = 1.7501 | cls = 0.0565 | lr = 0.000996
epoch 003 | step 0140 | total = 6.0937 | box = 0.8475 | obj = 1.8102 | cls = 0.0460 | lr = 0.000996
epoch 003 | step 0160 | total = 6.2368 | box = 0.8605 | obj = 1.8739 | cls = 0.0602 | lr = 0.000996
epoch 003 | step 0180 | total = 6.5857 | box = 0.9603 | obj = 1.7355 | cls = 0.0490 | lr = 0.000996
epoch 003 | step 0200 | total = 5.0920 | box = 0.6227 | obj = 1.9092 | cls = 0.0692 | lr = 0.000996
epoch 003 | step 0220 | total = 6.1510 | box = 0.8909 | obj = 1.6493 | cls = 0.0474 | lr = 0.000996
epoch 003 | step 0240 | total = 5.3464 | box = 0.7102 | obj = 1.7444 | cls = 0.0510 | lr = 0.000996
epoch 003 | step 0260 | total = 5.5306 | box = 0.7321 | obj = 1.8056 | cls = 0.0644 | lr = 0.000996
epoch 003 | step 0280 | total = 5.0139 | box = 0.6149 | obj = 1.8699 | cls = 0.0696 | lr = 0.000996
epoch 003 | step 0300 | total = 5.6685 | box = 0.7517 | obj = 1.8510 | cls = 0.0591 | lr = 0.000996
epoch 003 | step 0320 | total = 5.5909 | box = 0.7148 | obj = 1.9467 | cls = 0.0703 | lr = 0.000996
epoch 003 | step 0340 | total = 5.7961 | box = 0.7900 | obj = 1.7912 | cls = 0.0547 | lr = 0.000996
epoch 003 | step 0360 | total = 5.9686 | box = 0.8453 | obj = 1.6877 | cls = 0.0542 | lr = 0.000996
epoch 003 | step 0380 | total = 5.2370 | box = 0.6963 | obj = 1.7002 | cls = 0.0555 | lr = 0.000996
epoch 003 | step 0400 | total = 5.4816 | box = 0.7370 | obj = 1.7375 | cls = 0.0592 | lr = 0.000996
epoch 003 | step 0420 | total = 6.3736 | box = 0.9006 | obj = 1.8231 | cls = 0.0473 | lr = 0.000996
epoch 003 | step 0440 | total = 5.7098 | box = 0.7297 | obj = 2.0025 | cls = 0.0586 | lr = 0.000996
epoch 003 | step 0460 | total = 5.4418 | box = 0.7120 | obj = 1.8220 | cls = 0.0600 | lr = 0.000996
epoch 003 | step 0480 | total = 5.4893 | box = 0.7243 | obj = 1.8127 | cls = 0.0549 | lr = 0.000996
epoch 003 | step 0500 | total = 5.3922 | box = 0.6740 | obj = 1.9610 | cls = 0.0610 | lr = 0.000996
epoch 003 | step 0520 | total = 5.8746 | box = 0.7714 | obj = 1.9638 | cls = 0.0536 | lr = 0.000996
epoch 003 | step 0540 | total = 5.7974 | box = 0.7808 | obj = 1.8341 | cls = 0.0593 | lr = 0.000996
epoch 003 | step 0560 | total = 5.4428 | box = 0.6997 | obj = 1.8751 | cls = 0.0693 | lr = 0.000996
epoch 003 | step 0580 | total = 6.6128 | box = 0.9524 | obj = 1.7980 | cls = 0.0528 | lr = 0.000996
epoch 003 | step 0600 | total = 5.8025 | box = 0.8115 | obj = 1.6939 | cls = 0.0508 | lr = 0.000996
epoch 003 | step 0620 | total = 5.6209 | box = 0.7721 | obj = 1.7118 | cls = 0.0486 | lr = 0.000996
epoch 003 | step 0640 | total = 6.1092 | box = 0.8249 | obj = 1.9372 | cls = 0.0474 | lr = 0.000996
epoch 003 | step 0660 | total = 5.8839 | box = 0.7726 | obj = 1.9616 | cls = 0.0594 | lr = 0.000996
epoch 003 | step 0680 | total = 5.0733 | box = 0.6428 | obj = 1.8058 | cls = 0.0533 | lr = 0.000996
epoch 003 | step 0700 | total = 5.1821 | box = 0.6507 | obj = 1.8648 | cls = 0.0636 | lr = 0.000996
epoch 003 | step 0720 | total = 4.8248 | box = 0.6273 | obj = 1.6319 | cls = 0.0565 | lr = 0.000996
epoch 003 | step 0740 | total = 5.8664 | box = 0.8168 | obj = 1.7329 | cls = 0.0494 | lr = 0.000996
epoch 003 | step 0760 | total = 5.5801 | box = 0.7277 | obj = 1.8826 | cls = 0.0592 | lr = 0.000996
epoch 003 | step 0780 | total = 5.6333 | box = 0.7278 | obj = 1.9326 | cls = 0.0617 | lr = 0.000996
epoch 003 | step 0800 | total = 5.4781 | box = 0.7287 | obj = 1.7789 | cls = 0.0556 | lr = 0.000996
epoch 003 | step 0820 | total = 4.8320 | box = 0.6146 | obj = 1.7039 | cls = 0.0554 | lr = 0.000996
epoch 003 | step 0840 | total = 6.0135 | box = 0.8037 | obj = 1.9380 | cls = 0.0569 | lr = 0.000996
epoch 003 | step 0860 | total = 6.5596 | box = 0.9449 | obj = 1.7804 | cls = 0.0549 | lr = 0.000996
epoch 003 | step 0880 | total = 5.5399 | box = 0.7466 | obj = 1.7503 | cls = 0.0568 | lr = 0.000996
epoch 003 | step 0900 | total = 4.8687 | box = 0.6361 | obj = 1.6163 | cls = 0.0721 | lr = 0.000996
epoch 003 | step 0920 | total = 5.4772 | box = 0.7303 | obj = 1.7698 | cls = 0.0557 | lr = 0.000996
[epoch 003 train] total = 5.6562 | box = 0.7629 | obj = 1.7852 | cls = 0.0566 | steps = 925 | global_batches = 7400 | samples = 118288 | time = 868.6s
[epoch 003 val] total = 5.6273 | box = 0.7564 | obj = 1.7883 | cls = 0.0569 | steps = 40 | global_batches = 320 | samples = 5000 | time = 26.2s
epoch 004 | step 0001 | total = 5.9104 | box = 0.7980 | obj = 1.8692 | cls = 0.0510 | lr = 0.000991
epoch 004 | step 0020 | total = 5.7839 | box = 0.7966 | obj = 1.7489 | cls = 0.0523 | lr = 0.000991
epoch 004 | step 0040 | total = 5.4040 | box = 0.7335 | obj = 1.6875 | cls = 0.0492 | lr = 0.000991
epoch 004 | step 0060 | total = 5.7998 | box = 0.8072 | obj = 1.7161 | cls = 0.0475 | lr = 0.000991
epoch 004 | step 0080 | total = 5.8882 | box = 0.7836 | obj = 1.9120 | cls = 0.0584 | lr = 0.000991
epoch 004 | step 0100 | total = 5.2845 | box = 0.7198 | obj = 1.6199 | cls = 0.0654 | lr = 0.000991
epoch 004 | step 0120 | total = 5.0320 | box = 0.6165 | obj = 1.8865 | cls = 0.0629 | lr = 0.000991
epoch 004 | step 0140 | total = 4.7159 | box = 0.5670 | obj = 1.8190 | cls = 0.0621 | lr = 0.000991
epoch 004 | step 0160 | total = 6.9011 | box = 0.9935 | obj = 1.8703 | cls = 0.0631 | lr = 0.000991
epoch 004 | step 0180 | total = 5.7038 | box = 0.7835 | obj = 1.7374 | cls = 0.0489 | lr = 0.000991
epoch 004 | step 0200 | total = 5.1276 | box = 0.6494 | obj = 1.8232 | cls = 0.0574 | lr = 0.000991
epoch 004 | step 0220 | total = 4.9241 | box = 0.6326 | obj = 1.6980 | cls = 0.0631 | lr = 0.000991
epoch 004 | step 0240 | total = 6.1466 | box = 0.8770 | obj = 1.7166 | cls = 0.0448 | lr = 0.000991
epoch 004 | step 0260 | total = 6.0225 | box = 0.8547 | obj = 1.7033 | cls = 0.0458 | lr = 0.000991
epoch 004 | step 0280 | total = 5.4748 | box = 0.7078 | obj = 1.8805 | cls = 0.0554 | lr = 0.000991
epoch 004 | step 0300 | total = 5.2112 | box = 0.6933 | obj = 1.6882 | cls = 0.0564 | lr = 0.000991
epoch 004 | step 0320 | total = 5.5309 | box = 0.7430 | obj = 1.7500 | cls = 0.0660 | lr = 0.000991
epoch 004 | step 0340 | total = 5.8731 | box = 0.8292 | obj = 1.6787 | cls = 0.0486 | lr = 0.000991
epoch 004 | step 0360 | total = 4.8638 | box = 0.6177 | obj = 1.7075 | cls = 0.0677 | lr = 0.000991
epoch 004 | step 0380 | total = 5.8212 | box = 0.8238 | obj = 1.6618 | cls = 0.0401 | lr = 0.000991
epoch 004 | step 0400 | total = 5.5521 | box = 0.7471 | obj = 1.7614 | cls = 0.0553 | lr = 0.000991
epoch 004 | step 0420 | total = 5.6117 | box = 0.7568 | obj = 1.7738 | cls = 0.0539 | lr = 0.000991
epoch 004 | step 0440 | total = 5.0086 | box = 0.6632 | obj = 1.6384 | cls = 0.0540 | lr = 0.000991
epoch 004 | step 0460 | total = 5.2405 | box = 0.7042 | obj = 1.6733 | cls = 0.0462 | lr = 0.000991
epoch 004 | step 0480 | total = 4.9708 | box = 0.6390 | obj = 1.7121 | cls = 0.0635 | lr = 0.000991
epoch 004 | step 0500 | total = 5.3181 | box = 0.7172 | obj = 1.6757 | cls = 0.0566 | lr = 0.000991
epoch 004 | step 0520 | total = 5.5505 | box = 0.7625 | obj = 1.6879 | cls = 0.0501 | lr = 0.000991
epoch 004 | step 0540 | total = 5.3857 | box = 0.6911 | obj = 1.8738 | cls = 0.0564 | lr = 0.000991
epoch 004 | step 0560 | total = 5.4280 | box = 0.7305 | obj = 1.7178 | cls = 0.0575 | lr = 0.000991
epoch 004 | step 0580 | total = 4.9455 | box = 0.6403 | obj = 1.6994 | cls = 0.0447 | lr = 0.000991
epoch 004 | step 0600 | total = 5.2903 | box = 0.7232 | obj = 1.6247 | cls = 0.0496 | lr = 0.000991
epoch 004 | step 0620 | total = 5.9930 | box = 0.8476 | obj = 1.7071 | cls = 0.0480 | lr = 0.000991
epoch 004 | step 0640 | total = 5.3043 | box = 0.7165 | obj = 1.6766 | cls = 0.0453 | lr = 0.000991
epoch 004 | step 0660 | total = 4.8503 | box = 0.6018 | obj = 1.7735 | cls = 0.0678 | lr = 0.000991
epoch 004 | step 0680 | total = 5.6131 | box = 0.7194 | obj = 1.9504 | cls = 0.0655 | lr = 0.000991
epoch 004 | step 0700 | total = 6.0483 | box = 0.8436 | obj = 1.7766 | cls = 0.0538 | lr = 0.000991
epoch 004 | step 0720 | total = 5.3679 | box = 0.6981 | obj = 1.8266 | cls = 0.0510 | lr = 0.000991
epoch 004 | step 0740 | total = 5.2835 | box = 0.7118 | obj = 1.6740 | cls = 0.0504 | lr = 0.000991
epoch 004 | step 0760 | total = 4.7829 | box = 0.6101 | obj = 1.6836 | cls = 0.0487 | lr = 0.000991
epoch 004 | step 0780 | total = 5.7505 | box = 0.7751 | obj = 1.8172 | cls = 0.0578 | lr = 0.000991
epoch 004 | step 0800 | total = 5.3365 | box = 0.7090 | obj = 1.7389 | cls = 0.0524 | lr = 0.000991
epoch 004 | step 0820 | total = 4.9157 | box = 0.6291 | obj = 1.7155 | cls = 0.0545 | lr = 0.000991
epoch 004 | step 0840 | total = 5.8757 | box = 0.8004 | obj = 1.8198 | cls = 0.0540 | lr = 0.000991
epoch 004 | step 0860 | total = 5.6697 | box = 0.7915 | obj = 1.6599 | cls = 0.0525 | lr = 0.000991
epoch 004 | step 0880 | total = 4.7144 | box = 0.5830 | obj = 1.7434 | cls = 0.0559 | lr = 0.000991
epoch 004 | step 0900 | total = 5.1431 | box = 0.6276 | obj = 1.9364 | cls = 0.0685 | lr = 0.000991
epoch 004 | step 0920 | total = 4.7231 | box = 0.5767 | obj = 1.7766 | cls = 0.0629 | lr = 0.000991
[epoch 004 train] total = 5.4153 | box = 0.7244 | obj = 1.7386 | cls = 0.0548 | steps = 925 | global_batches = 7400 | samples = 118288 | time = 889.2s
[epoch 004 val] total = 5.3768 | box = 0.7182 | obj = 1.7311 | cls = 0.0544 | steps = 40 | global_batches = 320 | samples = 5000 | time = 26.6s
epoch 005 | step 0001 | total = 5.0987 | box = 0.6642 | obj = 1.7389 | cls = 0.0388 | lr = 0.000984
epoch 005 | step 0020 | total = 4.6878 | box = 0.5873 | obj = 1.6821 | cls = 0.0691 | lr = 0.000984
epoch 005 | step 0040 | total = 5.2089 | box = 0.6911 | obj = 1.7045 | cls = 0.0488 | lr = 0.000984
epoch 005 | step 0060 | total = 5.1740 | box = 0.6769 | obj = 1.7449 | cls = 0.0448 | lr = 0.000984
epoch 005 | step 0080 | total = 4.5779 | box = 0.5854 | obj = 1.5941 | cls = 0.0569 | lr = 0.000984
epoch 005 | step 0100 | total = 5.4059 | box = 0.7177 | obj = 1.7617 | cls = 0.0559 | lr = 0.000984
epoch 005 | step 0120 | total = 5.5897 | box = 0.7717 | obj = 1.6892 | cls = 0.0420 | lr = 0.000984
epoch 005 | step 0140 | total = 5.6656 | box = 0.7517 | obj = 1.8543 | cls = 0.0526 | lr = 0.000984
epoch 005 | step 0160 | total = 4.5482 | box = 0.5738 | obj = 1.6294 | cls = 0.0499 | lr = 0.000984
epoch 005 | step 0180 | total = 5.1895 | box = 0.6784 | obj = 1.7468 | cls = 0.0508 | lr = 0.000984
epoch 005 | step 0200 | total = 5.5219 | box = 0.7175 | obj = 1.8760 | cls = 0.0585 | lr = 0.000984
epoch 005 | step 0220 | total = 5.4873 | box = 0.7469 | obj = 1.6943 | cls = 0.0585 | lr = 0.000984
epoch 005 | step 0240 | total = 5.3849 | box = 0.7264 | obj = 1.7033 | cls = 0.0494 | lr = 0.000984
epoch 005 | step 0260 | total = 5.8320 | box = 0.8153 | obj = 1.7070 | cls = 0.0483 | lr = 0.000984
epoch 005 | step 0280 | total = 4.7058 | box = 0.6181 | obj = 1.5639 | cls = 0.0515 | lr = 0.000984
epoch 005 | step 0300 | total = 6.1252 | box = 0.8762 | obj = 1.6981 | cls = 0.0461 | lr = 0.000984
epoch 005 | step 0320 | total = 4.8768 | box = 0.6374 | obj = 1.6412 | cls = 0.0484 | lr = 0.000984
epoch 005 | step 0340 | total = 5.0811 | box = 0.6636 | obj = 1.7044 | cls = 0.0588 | lr = 0.000984
epoch 005 | step 0360 | total = 4.8770 | box = 0.6362 | obj = 1.6358 | cls = 0.0604 | lr = 0.000984
epoch 005 | step 0380 | total = 5.4387 | box = 0.7106 | obj = 1.8328 | cls = 0.0530 | lr = 0.000984
epoch 005 | step 0400 | total = 5.2778 | box = 0.7148 | obj = 1.6547 | cls = 0.0491 | lr = 0.000984
epoch 005 | step 0420 | total = 5.6576 | box = 0.7917 | obj = 1.6479 | cls = 0.0511 | lr = 0.000984
epoch 005 | step 0440 | total = 5.2056 | box = 0.7148 | obj = 1.5913 | cls = 0.0402 | lr = 0.000984
epoch 005 | step 0460 | total = 5.3414 | box = 0.7281 | obj = 1.6541 | cls = 0.0468 | lr = 0.000984
epoch 005 | step 0480 | total = 6.3803 | box = 0.9454 | obj = 1.6074 | cls = 0.0458 | lr = 0.000984
epoch 005 | step 0500 | total = 5.0859 | box = 0.6492 | obj = 1.7822 | cls = 0.0579 | lr = 0.000984
epoch 005 | step 0520 | total = 4.8641 | box = 0.6189 | obj = 1.7142 | cls = 0.0553 | lr = 0.000984
epoch 005 | step 0540 | total = 4.7386 | box = 0.5972 | obj = 1.6925 | cls = 0.0600 | lr = 0.000984
epoch 005 | step 0560 | total = 5.1193 | box = 0.7023 | obj = 1.5619 | cls = 0.0460 | lr = 0.000984
epoch 005 | step 0580 | total = 5.6086 | box = 0.7765 | obj = 1.6827 | cls = 0.0433 | lr = 0.000984
epoch 005 | step 0600 | total = 4.9650 | box = 0.6499 | obj = 1.6624 | cls = 0.0530 | lr = 0.000984
epoch 005 | step 0620 | total = 5.7386 | box = 0.7942 | obj = 1.7142 | cls = 0.0536 | lr = 0.000984
epoch 005 | step 0640 | total = 5.6851 | box = 0.8100 | obj = 1.5914 | cls = 0.0436 | lr = 0.000984
epoch 005 | step 0660 | total = 4.6820 | box = 0.5681 | obj = 1.7865 | cls = 0.0548 | lr = 0.000984
epoch 005 | step 0680 | total = 5.1183 | box = 0.6634 | obj = 1.7422 | cls = 0.0593 | lr = 0.000984
epoch 005 | step 0700 | total = 5.1193 | box = 0.6710 | obj = 1.7131 | cls = 0.0513 | lr = 0.000984
epoch 005 | step 0720 | total = 5.1853 | box = 0.6917 | obj = 1.6655 | cls = 0.0613 | lr = 0.000984
epoch 005 | step 0740 | total = 5.2629 | box = 0.6922 | obj = 1.7380 | cls = 0.0641 | lr = 0.000984
epoch 005 | step 0760 | total = 5.2993 | box = 0.6806 | obj = 1.8474 | cls = 0.0489 | lr = 0.000984
epoch 005 | step 0780 | total = 4.5141 | box = 0.5483 | obj = 1.6964 | cls = 0.0762 | lr = 0.000984
epoch 005 | step 0800 | total = 5.1036 | box = 0.6706 | obj = 1.6952 | cls = 0.0554 | lr = 0.000984
epoch 005 | step 0820 | total = 5.1402 | box = 0.6502 | obj = 1.8289 | cls = 0.0601 | lr = 0.000984
epoch 005 | step 0840 | total = 5.3625 | box = 0.7488 | obj = 1.5790 | cls = 0.0397 | lr = 0.000984
epoch 005 | step 0860 | total = 5.6904 | box = 0.7812 | obj = 1.7382 | cls = 0.0464 | lr = 0.000984
epoch 005 | step 0880 | total = 5.0217 | box = 0.6512 | obj = 1.7116 | cls = 0.0541 | lr = 0.000984
epoch 005 | step 0900 | total = 4.2303 | box = 0.5194 | obj = 1.5719 | cls = 0.0612 | lr = 0.000984
epoch 005 | step 0920 | total = 5.9764 | box = 0.8558 | obj = 1.6542 | cls = 0.0431 | lr = 0.000984
[epoch 005 train] total = 5.2328 | box = 0.6955 | obj = 1.7022 | cls = 0.0531 | steps = 925 | global_batches = 7400 | samples = 118288 | time = 897.6s
[epoch 005 val] total = 5.3340 | box = 0.7131 | obj = 1.7150 | cls = 0.0535 | steps = 40 | global_batches = 320 | samples = 5000 | time = 27.5s
epoch 006 | step 0001 | total = 5.1925 | box = 0.7209 | obj = 1.5404 | cls = 0.0475 | lr = 0.000976
epoch 006 | step 0020 | total = 5.6164 | box = 0.7735 | obj = 1.6999 | cls = 0.0488 | lr = 0.000976
epoch 006 | step 0040 | total = 4.8865 | box = 0.6415 | obj = 1.6243 | cls = 0.0548 | lr = 0.000976
epoch 006 | step 0060 | total = 4.5338 | box = 0.5777 | obj = 1.5915 | cls = 0.0541 | lr = 0.000976
epoch 006 | step 0080 | total = 5.1778 | box = 0.7033 | obj = 1.6168 | cls = 0.0447 | lr = 0.000976
epoch 006 | step 0100 | total = 5.2922 | box = 0.7218 | obj = 1.6291 | cls = 0.0540 | lr = 0.000976
epoch 006 | step 0120 | total = 5.1747 | box = 0.7260 | obj = 1.4994 | cls = 0.0455 | lr = 0.000976
epoch 006 | step 0140 | total = 6.1019 | box = 0.8870 | obj = 1.6207 | cls = 0.0463 | lr = 0.000976
epoch 006 | step 0160 | total = 4.7756 | box = 0.6178 | obj = 1.6435 | cls = 0.0432 | lr = 0.000976
epoch 006 | step 0180 | total = 5.3031 | box = 0.7129 | obj = 1.6880 | cls = 0.0505 | lr = 0.000976
epoch 006 | step 0200 | total = 4.5251 | box = 0.6092 | obj = 1.4293 | cls = 0.0499 | lr = 0.000976
epoch 006 | step 0220 | total = 4.8579 | box = 0.6059 | obj = 1.7710 | cls = 0.0575 | lr = 0.000976
epoch 006 | step 0240 | total = 5.3376 | box = 0.6847 | obj = 1.8582 | cls = 0.0560 | lr = 0.000976
epoch 006 | step 0260 | total = 5.1595 | box = 0.6721 | obj = 1.7452 | cls = 0.0537 | lr = 0.000976
epoch 006 | step 0280 | total = 4.4915 | box = 0.5627 | obj = 1.6316 | cls = 0.0463 | lr = 0.000976
epoch 006 | step 0300 | total = 6.1387 | box = 0.8675 | obj = 1.7589 | cls = 0.0422 | lr = 0.000976
epoch 006 | step 0320 | total = 4.8375 | box = 0.6396 | obj = 1.5908 | cls = 0.0486 | lr = 0.000976
epoch 006 | step 0340 | total = 4.1172 | box = 0.4764 | obj = 1.6742 | cls = 0.0613 | lr = 0.000976
epoch 006 | step 0360 | total = 6.5689 | box = 0.9919 | obj = 1.5668 | cls = 0.0428 | lr = 0.000976
epoch 006 | step 0380 | total = 5.6870 | box = 0.8271 | obj = 1.5115 | cls = 0.0403 | lr = 0.000976
epoch 006 | step 0400 | total = 4.4361 | box = 0.5426 | obj = 1.6667 | cls = 0.0564 | lr = 0.000976
epoch 006 | step 0420 | total = 4.0391 | box = 0.4500 | obj = 1.7171 | cls = 0.0720 | lr = 0.000976
epoch 006 | step 0440 | total = 5.2568 | box = 0.7222 | obj = 1.5977 | cls = 0.0482 | lr = 0.000976
epoch 006 | step 0460 | total = 5.0435 | box = 0.6777 | obj = 1.6060 | cls = 0.0489 | lr = 0.000976
epoch 006 | step 0480 | total = 4.9368 | box = 0.6436 | obj = 1.6727 | cls = 0.0459 | lr = 0.000976
epoch 006 | step 0500 | total = 5.2830 | box = 0.6692 | obj = 1.8782 | cls = 0.0590 | lr = 0.000976
epoch 006 | step 0520 | total = 4.1581 | box = 0.4793 | obj = 1.7018 | cls = 0.0600 | lr = 0.000976
epoch 006 | step 0540 | total = 4.2494 | box = 0.5262 | obj = 1.5710 | cls = 0.0473 | lr = 0.000976
epoch 006 | step 0560 | total = 5.3872 | box = 0.7181 | obj = 1.7387 | cls = 0.0581 | lr = 0.000976
epoch 006 | step 0580 | total = 6.1364 | box = 0.8947 | obj = 1.6167 | cls = 0.0465 | lr = 0.000976
epoch 006 | step 0600 | total = 5.3278 | box = 0.7105 | obj = 1.7321 | cls = 0.0430 | lr = 0.000976
epoch 006 | step 0620 | total = 4.6750 | box = 0.6019 | obj = 1.6183 | cls = 0.0473 | lr = 0.000976
epoch 006 | step 0640 | total = 5.9839 | box = 0.8305 | obj = 1.7840 | cls = 0.0475 | lr = 0.000976
epoch 006 | step 0660 | total = 5.4314 | box = 0.7689 | obj = 1.5463 | cls = 0.0406 | lr = 0.000976
epoch 006 | step 0680 | total = 4.9100 | box = 0.6140 | obj = 1.7830 | cls = 0.0568 | lr = 0.000976
epoch 006 | step 0700 | total = 4.3375 | box = 0.5352 | obj = 1.6100 | cls = 0.0514 | lr = 0.000976
epoch 006 | step 0720 | total = 4.9354 | box = 0.6849 | obj = 1.4640 | cls = 0.0470 | lr = 0.000976
epoch 006 | step 0740 | total = 5.4597 | box = 0.7383 | obj = 1.7127 | cls = 0.0556 | lr = 0.000976
epoch 006 | step 0760 | total = 4.2960 | box = 0.5464 | obj = 1.5120 | cls = 0.0520 | lr = 0.000976
epoch 006 | step 0780 | total = 5.4037 | box = 0.7188 | obj = 1.7561 | cls = 0.0537 | lr = 0.000976
epoch 006 | step 0800 | total = 4.5523 | box = 0.6035 | obj = 1.4836 | cls = 0.0511 | lr = 0.000976
epoch 006 | step 0820 | total = 4.8460 | box = 0.6155 | obj = 1.7117 | cls = 0.0569 | lr = 0.000976
epoch 006 | step 0840 | total = 4.5582 | box = 0.5874 | obj = 1.5733 | cls = 0.0478 | lr = 0.000976
epoch 006 | step 0860 | total = 5.0929 | box = 0.6411 | obj = 1.8376 | cls = 0.0500 | lr = 0.000976
epoch 006 | step 0880 | total = 5.1893 | box = 0.6524 | obj = 1.8726 | cls = 0.0545 | lr = 0.000976
epoch 006 | step 0900 | total = 4.4729 | box = 0.5744 | obj = 1.5475 | cls = 0.0536 | lr = 0.000976
epoch 006 | step 0920 | total = 4.5808 | box = 0.5692 | obj = 1.6754 | cls = 0.0594 | lr = 0.000976
[epoch 006 train] total = 5.0925 | box = 0.6735 | obj = 1.6730 | cls = 0.0518 | steps = 925 | global_batches = 7400 | samples = 118288 | time = 899.0s
[epoch 006 val] total = 5.1430 | box = 0.6837 | obj = 1.6728 | cls = 0.0514 | steps = 40 | global_batches = 320 | samples = 5000 | time = 27.2s
epoch 007 | step 0001 | total = 4.0933 | box = 0.4855 | obj = 1.6071 | cls = 0.0590 | lr = 0.000965
epoch 007 | step 0020 | total = 5.0852 | box = 0.6853 | obj = 1.6095 | cls = 0.0490 | lr = 0.000965
epoch 007 | step 0040 | total = 5.6561 | box = 0.7703 | obj = 1.7599 | cls = 0.0447 | lr = 0.000965
epoch 007 | step 0060 | total = 4.9407 | box = 0.6714 | obj = 1.5354 | cls = 0.0482 | lr = 0.000965
epoch 007 | step 0080 | total = 5.8236 | box = 0.8160 | obj = 1.7021 | cls = 0.0417 | lr = 0.000965
epoch 007 | step 0100 | total = 4.8152 | box = 0.6230 | obj = 1.6532 | cls = 0.0471 | lr = 0.000965
epoch 007 | step 0120 | total = 4.5789 | box = 0.5955 | obj = 1.5469 | cls = 0.0543 | lr = 0.000965
epoch 007 | step 0140 | total = 4.4330 | box = 0.5331 | obj = 1.7021 | cls = 0.0653 | lr = 0.000965
epoch 007 | step 0160 | total = 5.1400 | box = 0.6991 | obj = 1.5960 | cls = 0.0486 | lr = 0.000965
epoch 007 | step 0180 | total = 4.7189 | box = 0.6029 | obj = 1.6558 | cls = 0.0486 | lr = 0.000965
epoch 007 | step 0200 | total = 5.9610 | box = 0.8527 | obj = 1.6496 | cls = 0.0477 | lr = 0.000965
epoch 007 | step 0220 | total = 4.5728 | box = 0.5641 | obj = 1.6982 | cls = 0.0541 | lr = 0.000965
epoch 007 | step 0240 | total = 5.7239 | box = 0.8011 | obj = 1.6748 | cls = 0.0434 | lr = 0.000965
epoch 007 | step 0260 | total = 4.5423 | box = 0.5731 | obj = 1.6278 | cls = 0.0491 | lr = 0.000965
epoch 007 | step 0280 | total = 5.3765 | box = 0.7574 | obj = 1.5376 | cls = 0.0521 | lr = 0.000965
epoch 007 | step 0300 | total = 4.9895 | box = 0.6451 | obj = 1.7029 | cls = 0.0611 | lr = 0.000965
epoch 007 | step 0320 | total = 4.7494 | box = 0.6033 | obj = 1.6740 | cls = 0.0592 | lr = 0.000965
epoch 007 | step 0340 | total = 4.6518 | box = 0.6088 | obj = 1.5527 | cls = 0.0550 | lr = 0.000965
epoch 007 | step 0360 | total = 5.5496 | box = 0.7713 | obj = 1.6414 | cls = 0.0516 | lr = 0.000965
epoch 007 | step 0380 | total = 4.8874 | box = 0.5997 | obj = 1.8318 | cls = 0.0568 | lr = 0.000965
epoch 007 | step 0400 | total = 5.0965 | box = 0.6837 | obj = 1.6337 | cls = 0.0440 | lr = 0.000965
epoch 007 | step 0420 | total = 5.7871 | box = 0.8173 | obj = 1.6552 | cls = 0.0457 | lr = 0.000965
epoch 007 | step 0440 | total = 4.5337 | box = 0.5628 | obj = 1.6674 | cls = 0.0522 | lr = 0.000965
epoch 007 | step 0460 | total = 5.2054 | box = 0.6916 | obj = 1.6930 | cls = 0.0544 | lr = 0.000965
epoch 007 | step 0480 | total = 4.5656 | box = 0.5863 | obj = 1.5763 | cls = 0.0580 | lr = 0.000965
epoch 007 | step 0500 | total = 4.8755 | box = 0.6397 | obj = 1.6283 | cls = 0.0484 | lr = 0.000965
epoch 007 | step 0520 | total = 5.0596 | box = 0.6575 | obj = 1.7283 | cls = 0.0439 | lr = 0.000965
epoch 007 | step 0540 | total = 5.2145 | box = 0.7173 | obj = 1.5858 | cls = 0.0420 | lr = 0.000965
epoch 007 | step 0560 | total = 5.2793 | box = 0.7163 | obj = 1.6498 | cls = 0.0478 | lr = 0.000965
epoch 007 | step 0580 | total = 4.7910 | box = 0.5896 | obj = 1.7885 | cls = 0.0544 | lr = 0.000965
epoch 007 | step 0600 | total = 4.2615 | box = 0.5495 | obj = 1.4612 | cls = 0.0530 | lr = 0.000965
epoch 007 | step 0620 | total = 4.2857 | box = 0.4753 | obj = 1.8400 | cls = 0.0695 | lr = 0.000965
epoch 007 | step 0640 | total = 5.5575 | box = 0.7694 | obj = 1.6649 | cls = 0.0455 | lr = 0.000965
epoch 007 | step 0660 | total = 5.1514 | box = 0.6666 | obj = 1.7613 | cls = 0.0572 | lr = 0.000965
epoch 007 | step 0680 | total = 5.2882 | box = 0.6895 | obj = 1.7839 | cls = 0.0571 | lr = 0.000965
epoch 007 | step 0700 | total = 4.1681 | box = 0.5020 | obj = 1.6117 | cls = 0.0461 | lr = 0.000965
epoch 007 | step 0720 | total = 4.7531 | box = 0.5936 | obj = 1.7264 | cls = 0.0589 | lr = 0.000965
epoch 007 | step 0740 | total = 4.0245 | box = 0.4653 | obj = 1.6341 | cls = 0.0638 | lr = 0.000965
epoch 007 | step 0760 | total = 4.6445 | box = 0.5883 | obj = 1.6480 | cls = 0.0549 | lr = 0.000965
epoch 007 | step 0780 | total = 3.9584 | box = 0.4808 | obj = 1.4984 | cls = 0.0561 | lr = 0.000965
epoch 007 | step 0800 | total = 5.1509 | box = 0.6842 | obj = 1.6746 | cls = 0.0555 | lr = 0.000965
epoch 007 | step 0820 | total = 4.8298 | box = 0.6086 | obj = 1.7322 | cls = 0.0546 | lr = 0.000965
epoch 007 | step 0840 | total = 4.3408 | box = 0.5555 | obj = 1.5166 | cls = 0.0465 | lr = 0.000965
epoch 007 | step 0860 | total = 4.6300 | box = 0.5887 | obj = 1.6378 | cls = 0.0489 | lr = 0.000965
epoch 007 | step 0880 | total = 5.5555 | box = 0.7843 | obj = 1.5982 | cls = 0.0357 | lr = 0.000965
epoch 007 | step 0900 | total = 4.1511 | box = 0.4902 | obj = 1.6360 | cls = 0.0640 | lr = 0.000965
epoch 007 | step 0920 | total = 5.3147 | box = 0.7377 | obj = 1.5755 | cls = 0.0506 | lr = 0.000965
[epoch 007 train] total = 4.9658 | box = 0.6540 | obj = 1.6451 | cls = 0.0507 | steps = 925 | global_batches = 7400 | samples = 118288 | time = 908.7s
[epoch 007 val] total = 5.1793 | box = 0.6846 | obj = 1.7036 | cls = 0.0524 | steps = 40 | global_batches = 320 | samples = 5000 | time = 26.6s
epoch 008 | step 0001 | total = 4.4726 | box = 0.5681 | obj = 1.5783 | cls = 0.0539 | lr = 0.000953
epoch 008 | step 0020 | total = 4.8487 | box = 0.6017 | obj = 1.7796 | cls = 0.0606 | lr = 0.000953
epoch 008 | step 0040 | total = 5.5621 | box = 0.7706 | obj = 1.6637 | cls = 0.0455 | lr = 0.000953
epoch 008 | step 0060 | total = 4.8577 | box = 0.6212 | obj = 1.7071 | cls = 0.0444 | lr = 0.000953
epoch 008 | step 0080 | total = 5.0392 | box = 0.6910 | obj = 1.5319 | cls = 0.0524 | lr = 0.000953
epoch 008 | step 0100 | total = 5.7554 | box = 0.7940 | obj = 1.7333 | cls = 0.0522 | lr = 0.000953
epoch 008 | step 0120 | total = 4.3133 | box = 0.5514 | obj = 1.5124 | cls = 0.0440 | lr = 0.000953
epoch 008 | step 0140 | total = 4.2903 | box = 0.5281 | obj = 1.5990 | cls = 0.0506 | lr = 0.000953
epoch 008 | step 0160 | total = 5.1079 | box = 0.6562 | obj = 1.7783 | cls = 0.0485 | lr = 0.000953
epoch 008 | step 0180 | total = 4.5667 | box = 0.5851 | obj = 1.5897 | cls = 0.0517 | lr = 0.000953
epoch 008 | step 0200 | total = 4.1704 | box = 0.4847 | obj = 1.6861 | cls = 0.0610 | lr = 0.000953
epoch 008 | step 0220 | total = 5.2760 | box = 0.7167 | obj = 1.6408 | cls = 0.0518 | lr = 0.000953
epoch 008 | step 0240 | total = 5.3486 | box = 0.7321 | obj = 1.6302 | cls = 0.0581 | lr = 0.000953
epoch 008 | step 0260 | total = 4.9141 | box = 0.6555 | obj = 1.5854 | cls = 0.0510 | lr = 0.000953
epoch 008 | step 0280 | total = 3.8717 | box = 0.4437 | obj = 1.6061 | cls = 0.0471 | lr = 0.000953
epoch 008 | step 0300 | total = 5.0281 | box = 0.6810 | obj = 1.5761 | cls = 0.0472 | lr = 0.000953
epoch 008 | step 0320 | total = 4.7916 | box = 0.6403 | obj = 1.5487 | cls = 0.0415 | lr = 0.000953
epoch 008 | step 0340 | total = 4.9332 | box = 0.6637 | obj = 1.5664 | cls = 0.0483 | lr = 0.000953
epoch 008 | step 0360 | total = 4.7470 | box = 0.6424 | obj = 1.4929 | cls = 0.0420 | lr = 0.000953
epoch 008 | step 0380 | total = 5.6281 | box = 0.7684 | obj = 1.7369 | cls = 0.0495 | lr = 0.000953
epoch 008 | step 0400 | total = 4.3865 | box = 0.5713 | obj = 1.4801 | cls = 0.0500 | lr = 0.000953
epoch 008 | step 0420 | total = 4.4987 | box = 0.5718 | obj = 1.5854 | cls = 0.0543 | lr = 0.000953
epoch 008 | step 0440 | total = 4.4246 | box = 0.5489 | obj = 1.6286 | cls = 0.0514 | lr = 0.000953
epoch 008 | step 0460 | total = 4.1882 | box = 0.4925 | obj = 1.6758 | cls = 0.0502 | lr = 0.000953
epoch 008 | step 0480 | total = 4.6305 | box = 0.6241 | obj = 1.4698 | cls = 0.0401 | lr = 0.000953
epoch 008 | step 0500 | total = 5.4245 | box = 0.7327 | obj = 1.7189 | cls = 0.0421 | lr = 0.000953
epoch 008 | step 0520 | total = 4.3651 | box = 0.5495 | obj = 1.5683 | cls = 0.0496 | lr = 0.000953
epoch 008 | step 0540 | total = 4.2675 | box = 0.5344 | obj = 1.5471 | cls = 0.0486 | lr = 0.000953
epoch 008 | step 0560 | total = 4.5701 | box = 0.5610 | obj = 1.7104 | cls = 0.0549 | lr = 0.000953
epoch 008 | step 0580 | total = 4.4953 | box = 0.5450 | obj = 1.7199 | cls = 0.0504 | lr = 0.000953
epoch 008 | step 0600 | total = 4.5186 | box = 0.5726 | obj = 1.6030 | cls = 0.0525 | lr = 0.000953
epoch 008 | step 0620 | total = 5.0905 | box = 0.6709 | obj = 1.6957 | cls = 0.0402 | lr = 0.000953
epoch 008 | step 0640 | total = 4.8592 | box = 0.6363 | obj = 1.6227 | cls = 0.0549 | lr = 0.000953
epoch 008 | step 0660 | total = 5.2887 | box = 0.7115 | obj = 1.6831 | cls = 0.0480 | lr = 0.000953
epoch 008 | step 0680 | total = 4.7275 | box = 0.6063 | obj = 1.6464 | cls = 0.0499 | lr = 0.000953
epoch 008 | step 0700 | total = 4.4480 | box = 0.5745 | obj = 1.5266 | cls = 0.0490 | lr = 0.000953
epoch 008 | step 0720 | total = 4.9036 | box = 0.6678 | obj = 1.5129 | cls = 0.0515 | lr = 0.000953
epoch 008 | step 0740 | total = 4.1759 | box = 0.4855 | obj = 1.6895 | cls = 0.0592 | lr = 0.000953
epoch 008 | step 0760 | total = 4.5832 | box = 0.5897 | obj = 1.5829 | cls = 0.0517 | lr = 0.000953
epoch 008 | step 0780 | total = 4.4365 | box = 0.5516 | obj = 1.6339 | cls = 0.0446 | lr = 0.000953
epoch 008 | step 0800 | total = 5.2308 | box = 0.7198 | obj = 1.5880 | cls = 0.0440 | lr = 0.000953
epoch 008 | step 0820 | total = 5.3428 | box = 0.7424 | obj = 1.5877 | cls = 0.0430 | lr = 0.000953
epoch 008 | step 0840 | total = 4.4561 | box = 0.5773 | obj = 1.5256 | cls = 0.0440 | lr = 0.000953
epoch 008 | step 0860 | total = 5.7113 | box = 0.7930 | obj = 1.6946 | cls = 0.0515 | lr = 0.000953
epoch 008 | step 0880 | total = 4.8155 | box = 0.6122 | obj = 1.7065 | cls = 0.0479 | lr = 0.000953
epoch 008 | step 0900 | total = 5.7837 | box = 0.8058 | obj = 1.7089 | cls = 0.0460 | lr = 0.000953
epoch 008 | step 0920 | total = 5.5793 | box = 0.7549 | obj = 1.7605 | cls = 0.0443 | lr = 0.000953
[epoch 008 train] total = 4.8607 | box = 0.6379 | obj = 1.6214 | cls = 0.0496 | steps = 925 | global_batches = 7400 | samples = 118288 | time = 916.3s
[epoch 008 val] total = 4.9938 | box = 0.6606 | obj = 1.6419 | cls = 0.0492 | steps = 40 | global_batches = 320 | samples = 5000 | time = 28.2s
epoch 009 | step 0001 | total = 4.0759 | box = 0.5152 | obj = 1.4559 | cls = 0.0442 | lr = 0.000939
epoch 009 | step 0020 | total = 5.1447 | box = 0.6435 | obj = 1.8814 | cls = 0.0460 | lr = 0.000939
epoch 009 | step 0040 | total = 5.2450 | box = 0.7109 | obj = 1.6441 | cls = 0.0464 | lr = 0.000939
epoch 009 | step 0060 | total = 5.2003 | box = 0.7044 | obj = 1.6319 | cls = 0.0464 | lr = 0.000939
epoch 009 | step 0080 | total = 4.6606 | box = 0.6166 | obj = 1.5334 | cls = 0.0439 | lr = 0.000939
epoch 009 | step 0100 | total = 4.5615 | box = 0.5862 | obj = 1.5835 | cls = 0.0472 | lr = 0.000939
epoch 009 | step 0120 | total = 4.9343 | box = 0.6679 | obj = 1.5483 | cls = 0.0464 | lr = 0.000939
epoch 009 | step 0140 | total = 4.9439 | box = 0.6615 | obj = 1.6039 | cls = 0.0326 | lr = 0.000939
epoch 009 | step 0160 | total = 5.1908 | box = 0.7080 | obj = 1.5990 | cls = 0.0519 | lr = 0.000939
epoch 009 | step 0180 | total = 4.5838 | box = 0.5952 | obj = 1.5601 | cls = 0.0475 | lr = 0.000939
epoch 009 | step 0200 | total = 4.6863 | box = 0.6002 | obj = 1.6297 | cls = 0.0557 | lr = 0.000939
epoch 009 | step 0220 | total = 5.2095 | box = 0.7054 | obj = 1.6344 | cls = 0.0482 | lr = 0.000939
epoch 009 | step 0240 | total = 4.8322 | box = 0.6255 | obj = 1.6448 | cls = 0.0598 | lr = 0.000939
epoch 009 | step 0260 | total = 4.0620 | box = 0.5031 | obj = 1.4943 | cls = 0.0524 | lr = 0.000939
epoch 009 | step 0280 | total = 4.6839 | box = 0.5947 | obj = 1.6591 | cls = 0.0514 | lr = 0.000939
epoch 009 | step 0300 | total = 4.1567 | box = 0.4998 | obj = 1.6014 | cls = 0.0565 | lr = 0.000939
epoch 009 | step 0320 | total = 4.9631 | box = 0.6725 | obj = 1.5507 | cls = 0.0497 | lr = 0.000939
epoch 009 | step 0340 | total = 4.6673 | box = 0.6183 | obj = 1.5216 | cls = 0.0541 | lr = 0.000939
epoch 009 | step 0360 | total = 4.6437 | box = 0.6219 | obj = 1.4938 | cls = 0.0404 | lr = 0.000939
epoch 009 | step 0380 | total = 4.9933 | box = 0.6816 | obj = 1.5292 | cls = 0.0561 | lr = 0.000939
epoch 009 | step 0400 | total = 5.7230 | box = 0.7926 | obj = 1.7117 | cls = 0.0483 | lr = 0.000939
epoch 009 | step 0420 | total = 4.5698 | box = 0.6100 | obj = 1.4670 | cls = 0.0529 | lr = 0.000939
epoch 009 | step 0440 | total = 4.5754 | box = 0.5755 | obj = 1.6410 | cls = 0.0571 | lr = 0.000939
epoch 009 | step 0460 | total = 4.1026 | box = 0.5160 | obj = 1.4761 | cls = 0.0463 | lr = 0.000939
epoch 009 | step 0480 | total = 4.6531 | box = 0.6154 | obj = 1.5238 | cls = 0.0521 | lr = 0.000939
epoch 009 | step 0500 | total = 5.5084 | box = 0.7783 | obj = 1.5743 | cls = 0.0428 | lr = 0.000939
epoch 009 | step 0520 | total = 4.3559 | box = 0.5558 | obj = 1.5349 | cls = 0.0421 | lr = 0.000939
epoch 009 | step 0540 | total = 4.6427 | box = 0.6067 | obj = 1.5536 | cls = 0.0554 | lr = 0.000939
epoch 009 | step 0560 | total = 5.0959 | box = 0.6703 | obj = 1.6980 | cls = 0.0465 | lr = 0.000939
epoch 009 | step 0580 | total = 4.6331 | box = 0.6191 | obj = 1.4892 | cls = 0.0482 | lr = 0.000939
epoch 009 | step 0600 | total = 5.3789 | box = 0.7663 | obj = 1.5094 | cls = 0.0379 | lr = 0.000939
epoch 009 | step 0620 | total = 4.7704 | box = 0.6256 | obj = 1.5918 | cls = 0.0508 | lr = 0.000939
epoch 009 | step 0640 | total = 4.7494 | box = 0.6496 | obj = 1.4655 | cls = 0.0358 | lr = 0.000939
epoch 009 | step 0660 | total = 3.5095 | box = 0.3873 | obj = 1.5127 | cls = 0.0604 | lr = 0.000939
epoch 009 | step 0680 | total = 4.4728 | box = 0.5699 | obj = 1.5786 | cls = 0.0446 | lr = 0.000939
epoch 009 | step 0700 | total = 5.0861 | box = 0.7087 | obj = 1.5061 | cls = 0.0363 | lr = 0.000939
epoch 009 | step 0720 | total = 5.2643 | box = 0.7324 | obj = 1.5450 | cls = 0.0573 | lr = 0.000939
epoch 009 | step 0740 | total = 5.3863 | box = 0.7265 | obj = 1.7160 | cls = 0.0376 | lr = 0.000939
epoch 009 | step 0760 | total = 4.7604 | box = 0.6260 | obj = 1.5822 | cls = 0.0483 | lr = 0.000939
epoch 009 | step 0780 | total = 5.0063 | box = 0.6608 | obj = 1.6521 | cls = 0.0501 | lr = 0.000939
epoch 009 | step 0800 | total = 4.5535 | box = 0.5912 | obj = 1.5534 | cls = 0.0440 | lr = 0.000939
epoch 009 | step 0820 | total = 4.6902 | box = 0.5785 | obj = 1.7476 | cls = 0.0503 | lr = 0.000939
epoch 009 | step 0840 | total = 5.2798 | box = 0.7148 | obj = 1.6617 | cls = 0.0439 | lr = 0.000939
epoch 009 | step 0860 | total = 4.8966 | box = 0.6096 | obj = 1.7972 | cls = 0.0514 | lr = 0.000939
epoch 009 | step 0880 | total = 4.7818 | box = 0.6225 | obj = 1.6201 | cls = 0.0491 | lr = 0.000939
epoch 009 | step 0900 | total = 4.2879 | box = 0.5570 | obj = 1.4602 | cls = 0.0425 | lr = 0.000939
epoch 009 | step 0920 | total = 5.2840 | box = 0.7033 | obj = 1.7147 | cls = 0.0527 | lr = 0.000939
[epoch 009 train] total = 4.7653 | box = 0.6232 | obj = 1.6005 | cls = 0.0487 | steps = 925 | global_batches = 7400 | samples = 118288 | time = 920.7s
[epoch 009 val] total = 4.9500 | box = 0.6505 | obj = 1.6480 | cls = 0.0497 | steps = 40 | global_batches = 320 | samples = 5000 | time = 28.4s
epoch 010 | step 0001 | total = 4.6108 | box = 0.5974 | obj = 1.5748 | cls = 0.0491 | lr = 0.000923
epoch 010 | step 0020 | total = 5.9514 | box = 0.8708 | obj = 1.5569 | cls = 0.0405 | lr = 0.000923
epoch 010 | step 0040 | total = 4.5189 | box = 0.5736 | obj = 1.6038 | cls = 0.0469 | lr = 0.000923
epoch 010 | step 0060 | total = 4.5554 | box = 0.5835 | obj = 1.5873 | cls = 0.0506 | lr = 0.000923
epoch 010 | step 0080 | total = 4.7782 | box = 0.6215 | obj = 1.6231 | cls = 0.0473 | lr = 0.000923
epoch 010 | step 0100 | total = 5.1493 | box = 0.6855 | obj = 1.6685 | cls = 0.0533 | lr = 0.000923
epoch 010 | step 0120 | total = 4.5664 | box = 0.5622 | obj = 1.6925 | cls = 0.0628 | lr = 0.000923
epoch 010 | step 0140 | total = 4.7997 | box = 0.6296 | obj = 1.5979 | cls = 0.0538 | lr = 0.000923
epoch 010 | step 0160 | total = 4.0405 | box = 0.4891 | obj = 1.5513 | cls = 0.0437 | lr = 0.000923
epoch 010 | step 0180 | total = 4.2416 | box = 0.5267 | obj = 1.5625 | cls = 0.0453 | lr = 0.000923
epoch 010 | step 0200 | total = 4.9550 | box = 0.6843 | obj = 1.4907 | cls = 0.0426 | lr = 0.000923
epoch 010 | step 0220 | total = 4.6463 | box = 0.5723 | obj = 1.7364 | cls = 0.0481 | lr = 0.000923
epoch 010 | step 0240 | total = 4.3144 | box = 0.5574 | obj = 1.4767 | cls = 0.0506 | lr = 0.000923
epoch 010 | step 0260 | total = 4.3720 | box = 0.5609 | obj = 1.5160 | cls = 0.0514 | lr = 0.000923
epoch 010 | step 0280 | total = 4.3046 | box = 0.5518 | obj = 1.5014 | cls = 0.0439 | lr = 0.000923
epoch 010 | step 0300 | total = 4.4984 | box = 0.5838 | obj = 1.5344 | cls = 0.0449 | lr = 0.000923
epoch 010 | step 0320 | total = 4.9053 | box = 0.6484 | obj = 1.6105 | cls = 0.0530 | lr = 0.000923
epoch 010 | step 0340 | total = 4.9323 | box = 0.6794 | obj = 1.4838 | cls = 0.0513 | lr = 0.000923
epoch 010 | step 0360 | total = 4.8282 | box = 0.6372 | obj = 1.5957 | cls = 0.0463 | lr = 0.000923
epoch 010 | step 0380 | total = 4.7736 | box = 0.6251 | obj = 1.6013 | cls = 0.0469 | lr = 0.000923
epoch 010 | step 0400 | total = 3.6017 | box = 0.3961 | obj = 1.5633 | cls = 0.0580 | lr = 0.000923
epoch 010 | step 0420 | total = 5.1228 | box = 0.7120 | obj = 1.5208 | cls = 0.0420 | lr = 0.000923
epoch 010 | step 0440 | total = 4.0735 | box = 0.4851 | obj = 1.5985 | cls = 0.0494 | lr = 0.000923
epoch 010 | step 0460 | total = 4.5848 | box = 0.5820 | obj = 1.6223 | cls = 0.0524 | lr = 0.000923
epoch 010 | step 0480 | total = 5.3723 | box = 0.7201 | obj = 1.7192 | cls = 0.0524 | lr = 0.000923
epoch 010 | step 0500 | total = 4.3318 | box = 0.5106 | obj = 1.7205 | cls = 0.0582 | lr = 0.000923
epoch 010 | step 0520 | total = 4.5848 | box = 0.5896 | obj = 1.5903 | cls = 0.0467 | lr = 0.000923
epoch 010 | step 0540 | total = 4.2615 | box = 0.5641 | obj = 1.3973 | cls = 0.0435 | lr = 0.000923
epoch 010 | step 0560 | total = 4.8316 | box = 0.6432 | obj = 1.5583 | cls = 0.0571 | lr = 0.000923
epoch 010 | step 0580 | total = 4.7907 | box = 0.6188 | obj = 1.6529 | cls = 0.0438 | lr = 0.000923
epoch 010 | step 0600 | total = 4.1843 | box = 0.5153 | obj = 1.5575 | cls = 0.0505 | lr = 0.000923
epoch 010 | step 0620 | total = 5.1041 | box = 0.6876 | obj = 1.6151 | cls = 0.0509 | lr = 0.000923
epoch 010 | step 0640 | total = 4.8012 | box = 0.6648 | obj = 1.4346 | cls = 0.0426 | lr = 0.000923
epoch 010 | step 0660 | total = 3.9381 | box = 0.4808 | obj = 1.4860 | cls = 0.0480 | lr = 0.000923
epoch 010 | step 0680 | total = 4.5658 | box = 0.5985 | obj = 1.5260 | cls = 0.0471 | lr = 0.000923
epoch 010 | step 0700 | total = 5.5697 | box = 0.7604 | obj = 1.7168 | cls = 0.0511 | lr = 0.000923
epoch 010 | step 0720 | total = 4.7947 | box = 0.6515 | obj = 1.5012 | cls = 0.0358 | lr = 0.000923
epoch 010 | step 0740 | total = 5.5342 | box = 0.7373 | obj = 1.8021 | cls = 0.0457 | lr = 0.000923
epoch 010 | step 0760 | total = 5.3412 | box = 0.7522 | obj = 1.5316 | cls = 0.0487 | lr = 0.000923
epoch 010 | step 0780 | total = 3.7790 | box = 0.4726 | obj = 1.3614 | cls = 0.0547 | lr = 0.000923
epoch 010 | step 0800 | total = 5.4111 | box = 0.7651 | obj = 1.5326 | cls = 0.0528 | lr = 0.000923
epoch 010 | step 0820 | total = 4.5771 | box = 0.6156 | obj = 1.4541 | cls = 0.0449 | lr = 0.000923
epoch 010 | step 0840 | total = 4.6839 | box = 0.6167 | obj = 1.5590 | cls = 0.0416 | lr = 0.000923
epoch 010 | step 0860 | total = 4.9216 | box = 0.6436 | obj = 1.6575 | cls = 0.0459 | lr = 0.000923
epoch 010 | step 0880 | total = 4.4155 | box = 0.5761 | obj = 1.4922 | cls = 0.0427 | lr = 0.000923
epoch 010 | step 0900 | total = 4.9898 | box = 0.6676 | obj = 1.6094 | cls = 0.0423 | lr = 0.000923
epoch 010 | step 0920 | total = 4.4431 | box = 0.5654 | obj = 1.5701 | cls = 0.0459 | lr = 0.000923
[epoch 010 train] total = 4.6725 | box = 0.6091 | obj = 1.5793 | cls = 0.0479 | steps = 925 | global_batches = 7400 | samples = 118288 | time = 943.9s
[epoch 010 val] total = 4.8869 | box = 0.6404 | obj = 1.6356 | cls = 0.0494 | steps = 40 | global_batches = 320 | samples = 5000 | time = 29.1s
epoch 011 | step 0001 | total = 4.1604 | box = 0.5065 | obj = 1.5795 | cls = 0.0484 | lr = 0.000905
epoch 011 | step 0020 | total = 5.2817 | box = 0.6815 | obj = 1.8298 | cls = 0.0445 | lr = 0.000905
epoch 011 | step 0040 | total = 4.3786 | box = 0.5482 | obj = 1.5879 | cls = 0.0496 | lr = 0.000905
epoch 011 | step 0060 | total = 4.8135 | box = 0.6241 | obj = 1.6339 | cls = 0.0594 | lr = 0.000905
epoch 011 | step 0080 | total = 4.0580 | box = 0.4830 | obj = 1.5968 | cls = 0.0463 | lr = 0.000905
epoch 011 | step 0100 | total = 4.7239 | box = 0.6143 | obj = 1.5991 | cls = 0.0531 | lr = 0.000905
epoch 011 | step 0120 | total = 5.0376 | box = 0.6879 | obj = 1.5519 | cls = 0.0460 | lr = 0.000905
epoch 011 | step 0140 | total = 4.9893 | box = 0.6602 | obj = 1.6418 | cls = 0.0466 | lr = 0.000905
epoch 011 | step 0160 | total = 5.0437 | box = 0.6823 | obj = 1.5843 | cls = 0.0477 | lr = 0.000905
epoch 011 | step 0180 | total = 5.1604 | box = 0.7108 | obj = 1.5621 | cls = 0.0444 | lr = 0.000905
epoch 011 | step 0200 | total = 4.8354 | box = 0.6568 | obj = 1.5066 | cls = 0.0450 | lr = 0.000905
epoch 011 | step 0220 | total = 5.3825 | box = 0.7383 | obj = 1.6455 | cls = 0.0456 | lr = 0.000905
epoch 011 | step 0240 | total = 4.8835 | box = 0.6496 | obj = 1.5887 | cls = 0.0468 | lr = 0.000905
epoch 011 | step 0260 | total = 4.7414 | box = 0.6248 | obj = 1.5740 | cls = 0.0432 | lr = 0.000905
epoch 011 | step 0280 | total = 4.4080 | box = 0.5342 | obj = 1.6923 | cls = 0.0449 | lr = 0.000905
epoch 011 | step 0300 | total = 4.5588 | box = 0.5889 | obj = 1.5656 | cls = 0.0486 | lr = 0.000905
epoch 011 | step 0320 | total = 4.6883 | box = 0.6111 | obj = 1.5840 | cls = 0.0490 | lr = 0.000905
epoch 011 | step 0340 | total = 5.0041 | box = 0.6450 | obj = 1.7361 | cls = 0.0431 | lr = 0.000905
epoch 011 | step 0360 | total = 4.5875 | box = 0.5798 | obj = 1.6436 | cls = 0.0447 | lr = 0.000905
epoch 011 | step 0380 | total = 4.3960 | box = 0.5658 | obj = 1.5198 | cls = 0.0472 | lr = 0.000905
epoch 011 | step 0400 | total = 4.4490 | box = 0.5821 | obj = 1.4940 | cls = 0.0443 | lr = 0.000905
epoch 011 | step 0420 | total = 4.7707 | box = 0.6411 | obj = 1.5207 | cls = 0.0446 | lr = 0.000905
epoch 011 | step 0440 | total = 5.0644 | box = 0.6708 | obj = 1.6565 | cls = 0.0538 | lr = 0.000905
epoch 011 | step 0460 | total = 4.7683 | box = 0.6325 | obj = 1.5571 | cls = 0.0489 | lr = 0.000905
epoch 011 | step 0480 | total = 4.4869 | box = 0.5898 | obj = 1.4878 | cls = 0.0501 | lr = 0.000905
epoch 011 | step 0500 | total = 4.9568 | box = 0.6974 | obj = 1.4292 | cls = 0.0407 | lr = 0.000905
epoch 011 | step 0520 | total = 4.7702 | box = 0.6048 | obj = 1.6804 | cls = 0.0656 | lr = 0.000905
epoch 011 | step 0540 | total = 4.4184 | box = 0.5577 | obj = 1.5728 | cls = 0.0573 | lr = 0.000905
epoch 011 | step 0560 | total = 4.5067 | box = 0.6035 | obj = 1.4517 | cls = 0.0375 | lr = 0.000905
epoch 011 | step 0580 | total = 4.9869 | box = 0.6670 | obj = 1.6075 | cls = 0.0442 | lr = 0.000905
epoch 011 | step 0600 | total = 3.9221 | box = 0.4595 | obj = 1.5739 | cls = 0.0509 | lr = 0.000905
epoch 011 | step 0620 | total = 5.0846 | box = 0.6782 | obj = 1.6484 | cls = 0.0455 | lr = 0.000905
epoch 011 | step 0640 | total = 4.9708 | box = 0.6667 | obj = 1.5983 | cls = 0.0388 | lr = 0.000905
epoch 011 | step 0660 | total = 4.4344 | box = 0.5588 | obj = 1.5927 | cls = 0.0475 | lr = 0.000905
epoch 011 | step 0680 | total = 5.1598 | box = 0.7191 | obj = 1.5284 | cls = 0.0357 | lr = 0.000905
epoch 011 | step 0700 | total = 5.0976 | box = 0.7075 | obj = 1.5249 | cls = 0.0353 | lr = 0.000905
epoch 011 | step 0720 | total = 4.5600 | box = 0.6017 | obj = 1.4978 | cls = 0.0536 | lr = 0.000905
epoch 011 | step 0740 | total = 5.1529 | box = 0.6951 | obj = 1.6342 | cls = 0.0432 | lr = 0.000905
epoch 011 | step 0760 | total = 4.9856 | box = 0.6431 | obj = 1.7239 | cls = 0.0465 | lr = 0.000905
epoch 011 | step 0780 | total = 4.1695 | box = 0.5494 | obj = 1.3806 | cls = 0.0420 | lr = 0.000905
epoch 011 | step 0800 | total = 4.8364 | box = 0.5613 | obj = 1.9580 | cls = 0.0719 | lr = 0.000905
epoch 011 | step 0820 | total = 4.7797 | box = 0.6428 | obj = 1.5194 | cls = 0.0461 | lr = 0.000905
epoch 011 | step 0840 | total = 4.3192 | box = 0.5385 | obj = 1.5759 | cls = 0.0508 | lr = 0.000905
epoch 011 | step 0860 | total = 4.1725 | box = 0.5231 | obj = 1.5066 | cls = 0.0506 | lr = 0.000905
epoch 011 | step 0880 | total = 4.7238 | box = 0.6314 | obj = 1.5186 | cls = 0.0483 | lr = 0.000905
epoch 011 | step 0900 | total = 4.7331 | box = 0.6492 | obj = 1.4491 | cls = 0.0383 | lr = 0.000905
epoch 011 | step 0920 | total = 4.7879 | box = 0.6039 | obj = 1.7243 | cls = 0.0441 | lr = 0.000905
[epoch 011 train] total = 4.5878 | box = 0.5967 | obj = 1.5573 | cls = 0.0471 | steps = 925 | global_batches = 7400 | samples = 118288 | time = 933.2s
[epoch 011 val] total = 4.8234 | box = 0.6318 | obj = 1.6152 | cls = 0.0490 | steps = 40 | global_batches = 320 | samples = 5000 | time = 28.1s
epoch 012 | step 0001 | total = 4.3227 | box = 0.5614 | obj = 1.4771 | cls = 0.0385 | lr = 0.000886
epoch 012 | step 0020 | total = 3.8413 | box = 0.4826 | obj = 1.3839 | cls = 0.0446 | lr = 0.000886
epoch 012 | step 0040 | total = 4.8085 | box = 0.6716 | obj = 1.4070 | cls = 0.0436 | lr = 0.000886
epoch 012 | step 0060 | total = 3.3682 | box = 0.3868 | obj = 1.3769 | cls = 0.0573 | lr = 0.000886
epoch 012 | step 0080 | total = 5.2784 | box = 0.7143 | obj = 1.6604 | cls = 0.0464 | lr = 0.000886
epoch 012 | step 0100 | total = 4.2582 | box = 0.5596 | obj = 1.4191 | cls = 0.0408 | lr = 0.000886
epoch 012 | step 0120 | total = 4.9372 | box = 0.6792 | obj = 1.5025 | cls = 0.0388 | lr = 0.000886
epoch 012 | step 0140 | total = 4.1174 | box = 0.5171 | obj = 1.4805 | cls = 0.0513 | lr = 0.000886
epoch 012 | step 0160 | total = 4.5081 | box = 0.5764 | obj = 1.5849 | cls = 0.0413 | lr = 0.000886
epoch 012 | step 0180 | total = 4.0626 | box = 0.4793 | obj = 1.6188 | cls = 0.0475 | lr = 0.000886
epoch 012 | step 0200 | total = 3.7107 | box = 0.4653 | obj = 1.3329 | cls = 0.0512 | lr = 0.000886
epoch 012 | step 0220 | total = 4.6299 | box = 0.5959 | obj = 1.6052 | cls = 0.0449 | lr = 0.000886
epoch 012 | step 0240 | total = 4.8572 | box = 0.6423 | obj = 1.6004 | cls = 0.0451 | lr = 0.000886
epoch 012 | step 0260 | total = 4.7724 | box = 0.6263 | obj = 1.5972 | cls = 0.0435 | lr = 0.000886
epoch 012 | step 0280 | total = 3.6793 | box = 0.4326 | obj = 1.4741 | cls = 0.0423 | lr = 0.000886
epoch 012 | step 0300 | total = 4.8213 | box = 0.6390 | obj = 1.5866 | cls = 0.0398 | lr = 0.000886
epoch 012 | step 0320 | total = 4.5992 | box = 0.5982 | obj = 1.5647 | cls = 0.0437 | lr = 0.000886
epoch 012 | step 0340 | total = 4.9122 | box = 0.6652 | obj = 1.5436 | cls = 0.0424 | lr = 0.000886
epoch 012 | step 0360 | total = 5.5343 | box = 0.7682 | obj = 1.6479 | cls = 0.0453 | lr = 0.000886
epoch 012 | step 0380 | total = 4.3663 | box = 0.5904 | obj = 1.3706 | cls = 0.0437 | lr = 0.000886
epoch 012 | step 0400 | total = 4.4047 | box = 0.5767 | obj = 1.4643 | cls = 0.0571 | lr = 0.000886
epoch 012 | step 0420 | total = 4.7598 | box = 0.6050 | obj = 1.6889 | cls = 0.0460 | lr = 0.000886
epoch 012 | step 0440 | total = 4.0270 | box = 0.5170 | obj = 1.3978 | cls = 0.0441 | lr = 0.000886
epoch 012 | step 0460 | total = 5.5604 | box = 0.7906 | obj = 1.5721 | cls = 0.0355 | lr = 0.000886
epoch 012 | step 0480 | total = 4.1268 | box = 0.5386 | obj = 1.3910 | cls = 0.0428 | lr = 0.000886
epoch 012 | step 0500 | total = 5.4648 | box = 0.7602 | obj = 1.6218 | cls = 0.0421 | lr = 0.000886
epoch 012 | step 0520 | total = 4.5946 | box = 0.6079 | obj = 1.5139 | cls = 0.0413 | lr = 0.000886
epoch 012 | step 0540 | total = 3.4353 | box = 0.3885 | obj = 1.4437 | cls = 0.0494 | lr = 0.000886
epoch 012 | step 0560 | total = 5.0097 | box = 0.6690 | obj = 1.6182 | cls = 0.0463 | lr = 0.000886
epoch 012 | step 0580 | total = 5.2660 | box = 0.6667 | obj = 1.8837 | cls = 0.0490 | lr = 0.000886
epoch 012 | step 0600 | total = 4.4933 | box = 0.5874 | obj = 1.4993 | cls = 0.0570 | lr = 0.000886
epoch 012 | step 0620 | total = 4.3036 | box = 0.5374 | obj = 1.5561 | cls = 0.0603 | lr = 0.000886
epoch 012 | step 0640 | total = 5.0048 | box = 0.6937 | obj = 1.5016 | cls = 0.0349 | lr = 0.000886
epoch 012 | step 0660 | total = 4.6334 | box = 0.6152 | obj = 1.5103 | cls = 0.0473 | lr = 0.000886
epoch 012 | step 0680 | total = 4.2876 | box = 0.5216 | obj = 1.6341 | cls = 0.0456 | lr = 0.000886
epoch 012 | step 0700 | total = 4.2266 | box = 0.5279 | obj = 1.5367 | cls = 0.0502 | lr = 0.000886
epoch 012 | step 0720 | total = 5.2653 | box = 0.6875 | obj = 1.7801 | cls = 0.0477 | lr = 0.000886
epoch 012 | step 0740 | total = 4.7568 | box = 0.6303 | obj = 1.5622 | cls = 0.0433 | lr = 0.000886
epoch 012 | step 0760 | total = 4.2231 | box = 0.5338 | obj = 1.5109 | cls = 0.0433 | lr = 0.000886
epoch 012 | step 0780 | total = 4.8272 | box = 0.6454 | obj = 1.5617 | cls = 0.0386 | lr = 0.000886
epoch 012 | step 0800 | total = 4.1563 | box = 0.5246 | obj = 1.4927 | cls = 0.0407 | lr = 0.000886
epoch 012 | step 0820 | total = 4.7963 | box = 0.6195 | obj = 1.6526 | cls = 0.0464 | lr = 0.000886
epoch 012 | step 0840 | total = 3.9352 | box = 0.4859 | obj = 1.4494 | cls = 0.0561 | lr = 0.000886
epoch 012 | step 0860 | total = 4.3835 | box = 0.5652 | obj = 1.5080 | cls = 0.0495 | lr = 0.000886
epoch 012 | step 0880 | total = 5.0574 | box = 0.6543 | obj = 1.7397 | cls = 0.0460 | lr = 0.000886
epoch 012 | step 0900 | total = 4.9959 | box = 0.6827 | obj = 1.5323 | cls = 0.0501 | lr = 0.000886
epoch 012 | step 0920 | total = 4.3087 | box = 0.5530 | obj = 1.4960 | cls = 0.0476 | lr = 0.000886
[epoch 012 train] total = 4.5074 | box = 0.5845 | obj = 1.5386 | cls = 0.0464 | steps = 925 | global_batches = 7400 | samples = 118288 | time = 940.8s
[epoch 012 val] total = 4.6660 | box = 0.6112 | obj = 1.5637 | cls = 0.0463 | steps = 40 | global_batches = 320 | samples = 5000 | time = 28.9s
epoch 013 | step 0001 | total = 5.0190 | box = 0.6862 | obj = 1.5506 | cls = 0.0376 | lr = 0.000866
epoch 013 | step 0020 | total = 5.2111 | box = 0.6880 | obj = 1.7181 | cls = 0.0530 | lr = 0.000866
epoch 013 | step 0040 | total = 4.0891 | box = 0.5115 | obj = 1.4912 | cls = 0.0406 | lr = 0.000866
epoch 013 | step 0060 | total = 3.8770 | box = 0.4744 | obj = 1.4683 | cls = 0.0369 | lr = 0.000866
epoch 013 | step 0080 | total = 4.1096 | box = 0.5386 | obj = 1.3779 | cls = 0.0385 | lr = 0.000866
epoch 013 | step 0100 | total = 4.0385 | box = 0.5193 | obj = 1.4077 | cls = 0.0341 | lr = 0.000866
epoch 013 | step 0120 | total = 4.9301 | box = 0.6745 | obj = 1.5156 | cls = 0.0422 | lr = 0.000866
epoch 013 | step 0140 | total = 3.7217 | box = 0.4413 | obj = 1.4661 | cls = 0.0493 | lr = 0.000866
epoch 013 | step 0160 | total = 4.1394 | box = 0.5208 | obj = 1.4958 | cls = 0.0395 | lr = 0.000866
epoch 013 | step 0180 | total = 4.7085 | box = 0.6201 | obj = 1.5593 | cls = 0.0488 | lr = 0.000866
epoch 013 | step 0200 | total = 3.9150 | box = 0.4842 | obj = 1.4376 | cls = 0.0565 | lr = 0.000866
epoch 013 | step 0220 | total = 5.6626 | box = 0.7766 | obj = 1.7422 | cls = 0.0376 | lr = 0.000866
epoch 013 | step 0240 | total = 4.9321 | box = 0.6662 | obj = 1.5553 | cls = 0.0456 | lr = 0.000866
epoch 013 | step 0260 | total = 4.9856 | box = 0.6807 | obj = 1.5421 | cls = 0.0401 | lr = 0.000866
epoch 013 | step 0280 | total = 4.5099 | box = 0.5922 | obj = 1.5103 | cls = 0.0385 | lr = 0.000866
epoch 013 | step 0300 | total = 5.0415 | box = 0.7157 | obj = 1.4170 | cls = 0.0459 | lr = 0.000866
epoch 013 | step 0320 | total = 4.1568 | box = 0.4794 | obj = 1.7117 | cls = 0.0480 | lr = 0.000866
epoch 013 | step 0340 | total = 4.2119 | box = 0.5109 | obj = 1.6116 | cls = 0.0457 | lr = 0.000866
epoch 013 | step 0360 | total = 4.2066 | box = 0.5442 | obj = 1.4482 | cls = 0.0376 | lr = 0.000866
epoch 013 | step 0380 | total = 4.6350 | box = 0.5791 | obj = 1.6895 | cls = 0.0499 | lr = 0.000866
epoch 013 | step 0400 | total = 4.5279 | box = 0.5923 | obj = 1.5174 | cls = 0.0492 | lr = 0.000866
epoch 013 | step 0420 | total = 3.9505 | box = 0.4807 | obj = 1.5020 | cls = 0.0447 | lr = 0.000866
epoch 013 | step 0440 | total = 4.5984 | box = 0.6053 | obj = 1.5324 | cls = 0.0396 | lr = 0.000866
epoch 013 | step 0460 | total = 3.6517 | box = 0.4488 | obj = 1.3580 | cls = 0.0497 | lr = 0.000866
epoch 013 | step 0480 | total = 4.3208 | box = 0.5726 | obj = 1.4110 | cls = 0.0468 | lr = 0.000866
epoch 013 | step 0500 | total = 4.6542 | box = 0.6092 | obj = 1.5715 | cls = 0.0366 | lr = 0.000866
epoch 013 | step 0520 | total = 4.2074 | box = 0.5404 | obj = 1.4663 | cls = 0.0392 | lr = 0.000866
epoch 013 | step 0540 | total = 3.5315 | box = 0.4120 | obj = 1.4286 | cls = 0.0429 | lr = 0.000866
epoch 013 | step 0560 | total = 4.4302 | box = 0.5990 | obj = 1.3984 | cls = 0.0366 | lr = 0.000866
epoch 013 | step 0580 | total = 4.6185 | box = 0.6237 | obj = 1.4589 | cls = 0.0409 | lr = 0.000866
epoch 013 | step 0600 | total = 3.8071 | box = 0.4758 | obj = 1.3905 | cls = 0.0377 | lr = 0.000866
epoch 013 | step 0620 | total = 4.5535 | box = 0.5891 | obj = 1.5592 | cls = 0.0487 | lr = 0.000866
epoch 013 | step 0640 | total = 4.1175 | box = 0.5107 | obj = 1.5231 | cls = 0.0408 | lr = 0.000866
epoch 013 | step 0660 | total = 4.0050 | box = 0.4881 | obj = 1.5225 | cls = 0.0419 | lr = 0.000866
epoch 013 | step 0680 | total = 4.4164 | box = 0.5807 | obj = 1.4785 | cls = 0.0344 | lr = 0.000866
epoch 013 | step 0700 | total = 3.9508 | box = 0.4905 | obj = 1.4566 | cls = 0.0416 | lr = 0.000866
epoch 013 | step 0720 | total = 4.6981 | box = 0.6202 | obj = 1.5558 | cls = 0.0412 | lr = 0.000866
epoch 013 | step 0740 | total = 4.1477 | box = 0.5023 | obj = 1.5930 | cls = 0.0431 | lr = 0.000866
epoch 013 | step 0760 | total = 4.7197 | box = 0.6006 | obj = 1.6711 | cls = 0.0455 | lr = 0.000866
epoch 013 | step 0780 | total = 4.8794 | box = 0.6372 | obj = 1.6429 | cls = 0.0507 | lr = 0.000866
epoch 013 | step 0800 | total = 5.1715 | box = 0.7056 | obj = 1.5929 | cls = 0.0506 | lr = 0.000866
epoch 013 | step 0820 | total = 3.8388 | box = 0.4623 | obj = 1.4915 | cls = 0.0357 | lr = 0.000866
epoch 013 | step 0840 | total = 4.2189 | box = 0.5328 | obj = 1.5030 | cls = 0.0517 | lr = 0.000866
epoch 013 | step 0860 | total = 4.1758 | box = 0.5199 | obj = 1.5172 | cls = 0.0590 | lr = 0.000866
epoch 013 | step 0880 | total = 4.7018 | box = 0.5971 | obj = 1.6676 | cls = 0.0487 | lr = 0.000866
epoch 013 | step 0900 | total = 4.0715 | box = 0.5066 | obj = 1.4778 | cls = 0.0609 | lr = 0.000866
epoch 013 | step 0920 | total = 4.5553 | box = 0.5779 | obj = 1.6241 | cls = 0.0419 | lr = 0.000866
[epoch 013 train] total = 4.4275 | box = 0.5729 | obj = 1.5175 | cls = 0.0457 | steps = 925 | global_batches = 7400 | samples = 118288 | time = 944.4s
[epoch 013 val] total = 4.6594 | box = 0.6095 | obj = 1.5653 | cls = 0.0466 | steps = 40 | global_batches = 320 | samples = 5000 | time = 28.4s
epoch 014 | step 0001 | total = 4.4678 | box = 0.5817 | obj = 1.5098 | cls = 0.0492 | lr = 0.000844
epoch 014 | step 0020 | total = 4.4788 | box = 0.5676 | obj = 1.5894 | cls = 0.0516 | lr = 0.000844
epoch 014 | step 0040 | total = 4.3115 | box = 0.5551 | obj = 1.4859 | cls = 0.0502 | lr = 0.000844
epoch 014 | step 0060 | total = 4.8173 | box = 0.6612 | obj = 1.4668 | cls = 0.0443 | lr = 0.000844
epoch 014 | step 0080 | total = 3.8723 | box = 0.4813 | obj = 1.4280 | cls = 0.0378 | lr = 0.000844
epoch 014 | step 0100 | total = 3.6537 | box = 0.4473 | obj = 1.3684 | cls = 0.0491 | lr = 0.000844
epoch 014 | step 0120 | total = 4.5875 | box = 0.6311 | obj = 1.3885 | cls = 0.0438 | lr = 0.000844
epoch 014 | step 0140 | total = 5.5733 | box = 0.7978 | obj = 1.5402 | cls = 0.0441 | lr = 0.000844
epoch 014 | step 0160 | total = 4.7348 | box = 0.6527 | obj = 1.4302 | cls = 0.0414 | lr = 0.000844
epoch 014 | step 0180 | total = 4.7766 | box = 0.6605 | obj = 1.4344 | cls = 0.0397 | lr = 0.000844
epoch 014 | step 0200 | total = 4.6492 | box = 0.6378 | obj = 1.4197 | cls = 0.0406 | lr = 0.000844
epoch 014 | step 0220 | total = 5.1763 | box = 0.7175 | obj = 1.5477 | cls = 0.0412 | lr = 0.000844
epoch 014 | step 0240 | total = 4.5043 | box = 0.5963 | obj = 1.4789 | cls = 0.0438 | lr = 0.000844
epoch 014 | step 0260 | total = 3.3945 | box = 0.3995 | obj = 1.3447 | cls = 0.0522 | lr = 0.000844
epoch 014 | step 0280 | total = 4.5853 | box = 0.6116 | obj = 1.4861 | cls = 0.0414 | lr = 0.000844
epoch 014 | step 0300 | total = 5.3822 | box = 0.7258 | obj = 1.6976 | cls = 0.0558 | lr = 0.000844
epoch 014 | step 0320 | total = 3.4489 | box = 0.3826 | obj = 1.4698 | cls = 0.0661 | lr = 0.000844
epoch 014 | step 0340 | total = 4.6927 | box = 0.5819 | obj = 1.7349 | cls = 0.0485 | lr = 0.000844
epoch 014 | step 0360 | total = 5.5261 | box = 0.7822 | obj = 1.5735 | cls = 0.0414 | lr = 0.000844
epoch 014 | step 0380 | total = 3.5201 | box = 0.4319 | obj = 1.3118 | cls = 0.0489 | lr = 0.000844
epoch 014 | step 0400 | total = 4.7210 | box = 0.5989 | obj = 1.6840 | cls = 0.0425 | lr = 0.000844
epoch 014 | step 0420 | total = 4.7229 | box = 0.6400 | obj = 1.4810 | cls = 0.0421 | lr = 0.000844
epoch 014 | step 0440 | total = 4.6113 | box = 0.6314 | obj = 1.4165 | cls = 0.0380 | lr = 0.000844
epoch 014 | step 0460 | total = 4.1061 | box = 0.5102 | obj = 1.5059 | cls = 0.0491 | lr = 0.000844
epoch 014 | step 0480 | total = 3.7874 | box = 0.4796 | obj = 1.3467 | cls = 0.0427 | lr = 0.000844
epoch 014 | step 0500 | total = 4.2908 | box = 0.5482 | obj = 1.5054 | cls = 0.0443 | lr = 0.000844
epoch 014 | step 0520 | total = 5.1063 | box = 0.7224 | obj = 1.4569 | cls = 0.0373 | lr = 0.000844
epoch 014 | step 0540 | total = 4.3513 | box = 0.5627 | obj = 1.4850 | cls = 0.0528 | lr = 0.000844
epoch 014 | step 0560 | total = 4.9200 | box = 0.6755 | obj = 1.5012 | cls = 0.0412 | lr = 0.000844
epoch 014 | step 0580 | total = 4.2515 | box = 0.5513 | obj = 1.4479 | cls = 0.0472 | lr = 0.000844
epoch 014 | step 0600 | total = 4.3096 | box = 0.5339 | obj = 1.5972 | cls = 0.0431 | lr = 0.000844
epoch 014 | step 0620 | total = 4.2516 | box = 0.5354 | obj = 1.5326 | cls = 0.0421 | lr = 0.000844
epoch 014 | step 0640 | total = 3.4791 | box = 0.3979 | obj = 1.4229 | cls = 0.0665 | lr = 0.000844
epoch 014 | step 0660 | total = 4.5148 | box = 0.5955 | obj = 1.4956 | cls = 0.0419 | lr = 0.000844
epoch 014 | step 0680 | total = 5.0166 | box = 0.6989 | obj = 1.4806 | cls = 0.0416 | lr = 0.000844
epoch 014 | step 0700 | total = 4.9261 | box = 0.6692 | obj = 1.5370 | cls = 0.0431 | lr = 0.000844
epoch 014 | step 0720 | total = 3.8481 | box = 0.4933 | obj = 1.3405 | cls = 0.0413 | lr = 0.000844
epoch 014 | step 0740 | total = 4.8980 | box = 0.6660 | obj = 1.5195 | cls = 0.0484 | lr = 0.000844
epoch 014 | step 0760 | total = 4.2795 | box = 0.5507 | obj = 1.4845 | cls = 0.0415 | lr = 0.000844
epoch 014 | step 0780 | total = 4.2390 | box = 0.5187 | obj = 1.5981 | cls = 0.0473 | lr = 0.000844
epoch 014 | step 0800 | total = 4.8669 | box = 0.6691 | obj = 1.4805 | cls = 0.0409 | lr = 0.000844
epoch 014 | step 0820 | total = 4.4956 | box = 0.5888 | obj = 1.5033 | cls = 0.0481 | lr = 0.000844
epoch 014 | step 0840 | total = 5.2117 | box = 0.7001 | obj = 1.6730 | cls = 0.0384 | lr = 0.000844
epoch 014 | step 0860 | total = 4.8522 | box = 0.6665 | obj = 1.4773 | cls = 0.0423 | lr = 0.000844
epoch 014 | step 0880 | total = 5.0498 | box = 0.7049 | obj = 1.4826 | cls = 0.0426 | lr = 0.000844
epoch 014 | step 0900 | total = 4.5593 | box = 0.5752 | obj = 1.6409 | cls = 0.0422 | lr = 0.000844
epoch 014 | step 0920 | total = 4.7728 | box = 0.6423 | obj = 1.5118 | cls = 0.0494 | lr = 0.000844
[epoch 014 train] total = 4.3656 | box = 0.5637 | obj = 1.5016 | cls = 0.0452 | steps = 925 | global_batches = 7400 | samples = 118288 | time = 950.2s
[epoch 014 val] total = 4.6126 | box = 0.6031 | obj = 1.5514 | cls = 0.0456 | steps = 40 | global_batches = 320 | samples = 5000 | time = 29.2s
epoch 015 | step 0001 | total = 4.0102 | box = 0.4867 | obj = 1.5316 | cls = 0.0450 | lr = 0.000821
epoch 015 | step 0020 | total = 4.3599 | box = 0.5489 | obj = 1.5698 | cls = 0.0454 | lr = 0.000821
epoch 015 | step 0040 | total = 4.8129 | box = 0.6215 | obj = 1.6577 | cls = 0.0477 | lr = 0.000821
epoch 015 | step 0060 | total = 3.9350 | box = 0.4889 | obj = 1.4486 | cls = 0.0421 | lr = 0.000821
epoch 015 | step 0080 | total = 3.7811 | box = 0.4610 | obj = 1.4414 | cls = 0.0346 | lr = 0.000821
epoch 015 | step 0100 | total = 4.6920 | box = 0.6309 | obj = 1.4835 | cls = 0.0539 | lr = 0.000821
epoch 015 | step 0120 | total = 4.4177 | box = 0.5718 | obj = 1.5071 | cls = 0.0517 | lr = 0.000821
epoch 015 | step 0140 | total = 4.1301 | box = 0.5330 | obj = 1.4315 | cls = 0.0338 | lr = 0.000821
epoch 015 | step 0160 | total = 4.2449 | box = 0.5685 | obj = 1.3659 | cls = 0.0368 | lr = 0.000821
epoch 015 | step 0180 | total = 4.4907 | box = 0.5734 | obj = 1.5668 | cls = 0.0569 | lr = 0.000821
epoch 015 | step 0200 | total = 4.8718 | box = 0.6393 | obj = 1.6279 | cls = 0.0472 | lr = 0.000821
epoch 015 | step 0220 | total = 4.8160 | box = 0.6366 | obj = 1.5847 | cls = 0.0484 | lr = 0.000821
epoch 015 | step 0240 | total = 4.2223 | box = 0.5323 | obj = 1.5191 | cls = 0.0415 | lr = 0.000821
epoch 015 | step 0260 | total = 3.7953 | box = 0.4757 | obj = 1.3678 | cls = 0.0488 | lr = 0.000821
epoch 015 | step 0280 | total = 3.4159 | box = 0.3684 | obj = 1.5081 | cls = 0.0655 | lr = 0.000821
epoch 015 | step 0300 | total = 5.2550 | box = 0.7378 | obj = 1.5189 | cls = 0.0469 | lr = 0.000821
epoch 015 | step 0320 | total = 4.7754 | box = 0.6601 | obj = 1.4245 | cls = 0.0506 | lr = 0.000821
epoch 015 | step 0340 | total = 4.1691 | box = 0.5278 | obj = 1.4820 | cls = 0.0481 | lr = 0.000821
epoch 015 | step 0360 | total = 4.4077 | box = 0.5799 | obj = 1.4648 | cls = 0.0436 | lr = 0.000821
epoch 015 | step 0380 | total = 4.5533 | box = 0.5885 | obj = 1.5644 | cls = 0.0466 | lr = 0.000821
epoch 015 | step 0400 | total = 4.2809 | box = 0.5622 | obj = 1.4253 | cls = 0.0445 | lr = 0.000821
epoch 015 | step 0420 | total = 3.8591 | box = 0.4424 | obj = 1.6047 | cls = 0.0422 | lr = 0.000821
epoch 015 | step 0440 | total = 4.0075 | box = 0.4861 | obj = 1.5238 | cls = 0.0530 | lr = 0.000821
epoch 015 | step 0460 | total = 4.9592 | box = 0.6698 | obj = 1.5618 | cls = 0.0484 | lr = 0.000821
epoch 015 | step 0480 | total = 4.2353 | box = 0.5277 | obj = 1.5501 | cls = 0.0470 | lr = 0.000821
epoch 015 | step 0500 | total = 4.9898 | box = 0.6644 | obj = 1.6192 | cls = 0.0487 | lr = 0.000821
epoch 015 | step 0520 | total = 4.7689 | box = 0.6455 | obj = 1.5036 | cls = 0.0380 | lr = 0.000821
epoch 015 | step 0540 | total = 5.4698 | box = 0.7772 | obj = 1.5314 | cls = 0.0524 | lr = 0.000821
epoch 015 | step 0560 | total = 3.7957 | box = 0.4610 | obj = 1.4458 | cls = 0.0450 | lr = 0.000821
epoch 015 | step 0580 | total = 4.0598 | box = 0.5207 | obj = 1.4139 | cls = 0.0422 | lr = 0.000821
epoch 015 | step 0600 | total = 4.0596 | box = 0.5087 | obj = 1.4654 | cls = 0.0505 | lr = 0.000821
epoch 015 | step 0620 | total = 4.4858 | box = 0.5674 | obj = 1.6009 | cls = 0.0480 | lr = 0.000821
epoch 015 | step 0640 | total = 3.7921 | box = 0.4397 | obj = 1.5457 | cls = 0.0479 | lr = 0.000821
epoch 015 | step 0660 | total = 3.6116 | box = 0.4391 | obj = 1.3699 | cls = 0.0462 | lr = 0.000821
epoch 015 | step 0680 | total = 3.5003 | box = 0.4301 | obj = 1.3056 | cls = 0.0444 | lr = 0.000821
epoch 015 | step 0700 | total = 4.0185 | box = 0.4905 | obj = 1.5244 | cls = 0.0414 | lr = 0.000821
epoch 015 | step 0720 | total = 5.1370 | box = 0.6676 | obj = 1.7617 | cls = 0.0375 | lr = 0.000821
epoch 015 | step 0740 | total = 3.7500 | box = 0.4449 | obj = 1.4775 | cls = 0.0480 | lr = 0.000821
epoch 015 | step 0760 | total = 4.0995 | box = 0.5243 | obj = 1.4327 | cls = 0.0452 | lr = 0.000821
epoch 015 | step 0780 | total = 4.0714 | box = 0.5016 | obj = 1.5184 | cls = 0.0449 | lr = 0.000821
epoch 015 | step 0800 | total = 4.3238 | box = 0.5421 | obj = 1.5704 | cls = 0.0431 | lr = 0.000821
epoch 015 | step 0820 | total = 4.6077 | box = 0.6507 | obj = 1.3184 | cls = 0.0359 | lr = 0.000821
epoch 015 | step 0840 | total = 3.9163 | box = 0.4618 | obj = 1.5496 | cls = 0.0575 | lr = 0.000821
epoch 015 | step 0860 | total = 3.8680 | box = 0.4917 | obj = 1.3542 | cls = 0.0554 | lr = 0.000821
epoch 015 | step 0880 | total = 3.7072 | box = 0.4504 | obj = 1.4041 | cls = 0.0511 | lr = 0.000821
epoch 015 | step 0900 | total = 4.3458 | box = 0.5677 | obj = 1.4700 | cls = 0.0375 | lr = 0.000821
epoch 015 | step 0920 | total = 4.4669 | box = 0.5680 | obj = 1.5814 | cls = 0.0453 | lr = 0.000821
[epoch 015 train] total = 4.2888 | box = 0.5525 | obj = 1.4817 | cls = 0.0446 | steps = 925 | global_batches = 7400 | samples = 118288 | time = 955.2s
[epoch 015 val] total = 4.5857 | box = 0.5966 | obj = 1.5562 | cls = 0.0466 | steps = 40 | global_batches = 320 | samples = 5000 | time = 28.1s
epoch 016 | step 0001 | total = 4.4229 | box = 0.5880 | obj = 1.4333 | cls = 0.0494 | lr = 0.000796
epoch 016 | step 0020 | total = 4.3695 | box = 0.5699 | obj = 1.4828 | cls = 0.0374 | lr = 0.000796
epoch 016 | step 0040 | total = 4.6655 | box = 0.6241 | obj = 1.4979 | cls = 0.0469 | lr = 0.000796
epoch 016 | step 0060 | total = 4.3022 | box = 0.5687 | obj = 1.4150 | cls = 0.0438 | lr = 0.000796
epoch 016 | step 0080 | total = 4.7937 | box = 0.7086 | obj = 1.2059 | cls = 0.0446 | lr = 0.000796
epoch 016 | step 0100 | total = 4.1652 | box = 0.5404 | obj = 1.4218 | cls = 0.0415 | lr = 0.000796
epoch 016 | step 0120 | total = 4.0934 | box = 0.5150 | obj = 1.4706 | cls = 0.0478 | lr = 0.000796
epoch 016 | step 0140 | total = 4.7227 | box = 0.6347 | obj = 1.5103 | cls = 0.0390 | lr = 0.000796
epoch 016 | step 0160 | total = 4.9431 | box = 0.6923 | obj = 1.4404 | cls = 0.0413 | lr = 0.000796
epoch 016 | step 0180 | total = 3.6258 | box = 0.4368 | obj = 1.3942 | cls = 0.0476 | lr = 0.000796
epoch 016 | step 0200 | total = 4.2838 | box = 0.5464 | obj = 1.4986 | cls = 0.0534 | lr = 0.000796
epoch 016 | step 0220 | total = 4.2158 | box = 0.5529 | obj = 1.4075 | cls = 0.0436 | lr = 0.000796
epoch 016 | step 0240 | total = 5.0524 | box = 0.7073 | obj = 1.4849 | cls = 0.0308 | lr = 0.000796
epoch 016 | step 0260 | total = 3.4904 | box = 0.4377 | obj = 1.2645 | cls = 0.0373 | lr = 0.000796
epoch 016 | step 0280 | total = 4.4472 | box = 0.5893 | obj = 1.4609 | cls = 0.0397 | lr = 0.000796
epoch 016 | step 0300 | total = 4.1384 | box = 0.5225 | obj = 1.4844 | cls = 0.0416 | lr = 0.000796
epoch 016 | step 0320 | total = 4.3872 | box = 0.5763 | obj = 1.4601 | cls = 0.0454 | lr = 0.000796
epoch 016 | step 0340 | total = 4.1600 | box = 0.4982 | obj = 1.6241 | cls = 0.0450 | lr = 0.000796
epoch 016 | step 0360 | total = 4.5615 | box = 0.6155 | obj = 1.4450 | cls = 0.0387 | lr = 0.000796
epoch 016 | step 0380 | total = 3.8170 | box = 0.4596 | obj = 1.4679 | cls = 0.0511 | lr = 0.000796
epoch 016 | step 0400 | total = 3.7561 | box = 0.4500 | obj = 1.4538 | cls = 0.0523 | lr = 0.000796
epoch 016 | step 0420 | total = 4.8042 | box = 0.6541 | obj = 1.4915 | cls = 0.0421 | lr = 0.000796
epoch 016 | step 0440 | total = 4.3664 | box = 0.5501 | obj = 1.5705 | cls = 0.0454 | lr = 0.000796
epoch 016 | step 0460 | total = 4.4923 | box = 0.5900 | obj = 1.4977 | cls = 0.0447 | lr = 0.000796
epoch 016 | step 0480 | total = 4.8255 | box = 0.6354 | obj = 1.6067 | cls = 0.0417 | lr = 0.000796
epoch 016 | step 0500 | total = 4.2108 | box = 0.5119 | obj = 1.6027 | cls = 0.0485 | lr = 0.000796
epoch 016 | step 0520 | total = 3.5090 | box = 0.4170 | obj = 1.3752 | cls = 0.0487 | lr = 0.000796
epoch 016 | step 0540 | total = 4.6440 | box = 0.5882 | obj = 1.6663 | cls = 0.0365 | lr = 0.000796
epoch 016 | step 0560 | total = 5.1500 | box = 0.7303 | obj = 1.4630 | cls = 0.0353 | lr = 0.000796
epoch 016 | step 0580 | total = 3.9858 | box = 0.4883 | obj = 1.4901 | cls = 0.0542 | lr = 0.000796
epoch 016 | step 0600 | total = 3.8538 | box = 0.4716 | obj = 1.4518 | cls = 0.0442 | lr = 0.000796
epoch 016 | step 0620 | total = 4.2839 | box = 0.5584 | obj = 1.4596 | cls = 0.0324 | lr = 0.000796
epoch 016 | step 0640 | total = 4.4032 | box = 0.5810 | obj = 1.4582 | cls = 0.0400 | lr = 0.000796
epoch 016 | step 0660 | total = 3.9496 | box = 0.4960 | obj = 1.4287 | cls = 0.0411 | lr = 0.000796
epoch 016 | step 0680 | total = 4.0047 | box = 0.4460 | obj = 1.7250 | cls = 0.0496 | lr = 0.000796
epoch 016 | step 0700 | total = 4.1849 | box = 0.5088 | obj = 1.5949 | cls = 0.0458 | lr = 0.000796
epoch 016 | step 0720 | total = 4.4161 | box = 0.5754 | obj = 1.4964 | cls = 0.0429 | lr = 0.000796
epoch 016 | step 0740 | total = 3.9144 | box = 0.4909 | obj = 1.4210 | cls = 0.0388 | lr = 0.000796
epoch 016 | step 0760 | total = 4.3409 | box = 0.5664 | obj = 1.4685 | cls = 0.0405 | lr = 0.000796
epoch 016 | step 0780 | total = 5.0078 | box = 0.6845 | obj = 1.5404 | cls = 0.0452 | lr = 0.000796
epoch 016 | step 0800 | total = 4.2304 | box = 0.5231 | obj = 1.5682 | cls = 0.0467 | lr = 0.000796
epoch 016 | step 0820 | total = 3.6774 | box = 0.4614 | obj = 1.3292 | cls = 0.0414 | lr = 0.000796
epoch 016 | step 0840 | total = 4.0101 | box = 0.5114 | obj = 1.4070 | cls = 0.0460 | lr = 0.000796
epoch 016 | step 0860 | total = 3.5401 | box = 0.4223 | obj = 1.3802 | cls = 0.0483 | lr = 0.000796
epoch 016 | step 0880 | total = 4.2296 | box = 0.5607 | obj = 1.3758 | cls = 0.0502 | lr = 0.000796
epoch 016 | step 0900 | total = 4.2886 | box = 0.5432 | obj = 1.5291 | cls = 0.0436 | lr = 0.000796
epoch 016 | step 0920 | total = 4.9809 | box = 0.6696 | obj = 1.5890 | cls = 0.0440 | lr = 0.000796
[epoch 016 train] total = 4.2260 | box = 0.5435 | obj = 1.4642 | cls = 0.0442 | steps = 925 | global_batches = 7400 | samples = 118288 | time = 954.9s
[epoch 016 val] total = 4.5369 | box = 0.5910 | obj = 1.5359 | cls = 0.0462 | steps = 40 | global_batches = 320 | samples = 5000 | time = 29.0s
epoch 017 | step 0001 | total = 3.7828 | box = 0.4797 | obj = 1.3283 | cls = 0.0560 | lr = 0.000770
epoch 017 | step 0020 | total = 3.9759 | box = 0.5135 | obj = 1.3653 | cls = 0.0432 | lr = 0.000770
epoch 017 | step 0040 | total = 3.3715 | box = 0.4204 | obj = 1.2250 | cls = 0.0445 | lr = 0.000770
epoch 017 | step 0060 | total = 4.2782 | box = 0.5581 | obj = 1.4453 | cls = 0.0426 | lr = 0.000770
epoch 017 | step 0080 | total = 3.9988 | box = 0.4999 | obj = 1.4505 | cls = 0.0489 | lr = 0.000770
epoch 017 | step 0100 | total = 4.5450 | box = 0.6127 | obj = 1.4351 | cls = 0.0465 | lr = 0.000770
epoch 017 | step 0120 | total = 3.4810 | box = 0.4373 | obj = 1.2511 | cls = 0.0435 | lr = 0.000770
epoch 017 | step 0140 | total = 4.6061 | box = 0.6203 | obj = 1.4602 | cls = 0.0444 | lr = 0.000770
epoch 017 | step 0160 | total = 4.9476 | box = 0.6577 | obj = 1.6229 | cls = 0.0359 | lr = 0.000770
epoch 017 | step 0180 | total = 4.5094 | box = 0.5909 | obj = 1.5127 | cls = 0.0422 | lr = 0.000770
epoch 017 | step 0200 | total = 4.5580 | box = 0.6293 | obj = 1.3718 | cls = 0.0397 | lr = 0.000770
epoch 017 | step 0220 | total = 4.4888 | box = 0.5986 | obj = 1.4555 | cls = 0.0404 | lr = 0.000770
epoch 017 | step 0240 | total = 4.8181 | box = 0.6548 | obj = 1.4974 | cls = 0.0465 | lr = 0.000770
epoch 017 | step 0260 | total = 4.8147 | box = 0.6766 | obj = 1.3956 | cls = 0.0359 | lr = 0.000770
epoch 017 | step 0280 | total = 3.9843 | box = 0.5092 | obj = 1.3969 | cls = 0.0413 | lr = 0.000770
epoch 017 | step 0300 | total = 4.1545 | box = 0.5446 | obj = 1.3920 | cls = 0.0394 | lr = 0.000770
epoch 017 | step 0320 | total = 3.6807 | box = 0.4368 | obj = 1.4542 | cls = 0.0426 | lr = 0.000770
epoch 017 | step 0340 | total = 3.5126 | box = 0.4152 | obj = 1.3920 | cls = 0.0447 | lr = 0.000770
epoch 017 | step 0360 | total = 4.0527 | box = 0.5339 | obj = 1.3496 | cls = 0.0337 | lr = 0.000770
epoch 017 | step 0380 | total = 3.9515 | box = 0.5028 | obj = 1.3801 | cls = 0.0574 | lr = 0.000770
epoch 017 | step 0400 | total = 4.1313 | box = 0.5172 | obj = 1.4915 | cls = 0.0537 | lr = 0.000770
epoch 017 | step 0420 | total = 2.9485 | box = 0.3178 | obj = 1.3136 | cls = 0.0457 | lr = 0.000770
epoch 017 | step 0440 | total = 3.2259 | box = 0.3331 | obj = 1.5010 | cls = 0.0593 | lr = 0.000770
epoch 017 | step 0460 | total = 4.9429 | box = 0.6970 | obj = 1.4234 | cls = 0.0343 | lr = 0.000770
epoch 017 | step 0480 | total = 3.8754 | box = 0.4749 | obj = 1.4571 | cls = 0.0438 | lr = 0.000770
epoch 017 | step 0500 | total = 3.7922 | box = 0.4688 | obj = 1.4001 | cls = 0.0481 | lr = 0.000770
epoch 017 | step 0520 | total = 4.3765 | box = 0.5650 | obj = 1.5072 | cls = 0.0444 | lr = 0.000770
epoch 017 | step 0540 | total = 3.9369 | box = 0.4788 | obj = 1.4855 | cls = 0.0572 | lr = 0.000770
epoch 017 | step 0560 | total = 4.2032 | box = 0.5440 | obj = 1.4382 | cls = 0.0450 | lr = 0.000770
epoch 017 | step 0580 | total = 4.2724 | box = 0.5668 | obj = 1.3940 | cls = 0.0444 | lr = 0.000770
epoch 017 | step 0600 | total = 4.0939 | box = 0.5359 | obj = 1.3741 | cls = 0.0401 | lr = 0.000770
epoch 017 | step 0620 | total = 4.3175 | box = 0.5657 | obj = 1.4481 | cls = 0.0409 | lr = 0.000770
epoch 017 | step 0640 | total = 4.6025 | box = 0.6126 | obj = 1.5028 | cls = 0.0369 | lr = 0.000770
epoch 017 | step 0660 | total = 4.2660 | box = 0.5417 | obj = 1.5140 | cls = 0.0435 | lr = 0.000770
epoch 017 | step 0680 | total = 3.8742 | box = 0.4512 | obj = 1.5626 | cls = 0.0557 | lr = 0.000770
epoch 017 | step 0700 | total = 4.0220 | box = 0.5223 | obj = 1.3627 | cls = 0.0479 | lr = 0.000770
epoch 017 | step 0720 | total = 4.1647 | box = 0.5415 | obj = 1.4143 | cls = 0.0430 | lr = 0.000770
epoch 017 | step 0740 | total = 4.2477 | box = 0.5621 | obj = 1.4011 | cls = 0.0359 | lr = 0.000770
epoch 017 | step 0760 | total = 4.3225 | box = 0.5116 | obj = 1.7179 | cls = 0.0468 | lr = 0.000770
epoch 017 | step 0780 | total = 3.6495 | box = 0.4625 | obj = 1.2883 | cls = 0.0487 | lr = 0.000770
epoch 017 | step 0800 | total = 3.9925 | box = 0.5111 | obj = 1.3958 | cls = 0.0413 | lr = 0.000770
epoch 017 | step 0820 | total = 3.5597 | box = 0.4354 | obj = 1.3489 | cls = 0.0335 | lr = 0.000770
epoch 017 | step 0840 | total = 3.7692 | box = 0.4664 | obj = 1.3968 | cls = 0.0404 | lr = 0.000770
epoch 017 | step 0860 | total = 4.2283 | box = 0.5534 | obj = 1.4214 | cls = 0.0398 | lr = 0.000770
epoch 017 | step 0880 | total = 4.1769 | box = 0.5201 | obj = 1.5331 | cls = 0.0431 | lr = 0.000770
epoch 017 | step 0900 | total = 3.6083 | box = 0.4306 | obj = 1.4173 | cls = 0.0379 | lr = 0.000770
epoch 017 | step 0920 | total = 3.9380 | box = 0.4603 | obj = 1.5934 | cls = 0.0429 | lr = 0.000770
[epoch 017 train] total = 4.1530 | box = 0.5331 | obj = 1.4436 | cls = 0.0437 | steps = 925 | global_batches = 7400 | samples = 118288 | time = 958.9s
[epoch 017 val] total = 4.5728 | box = 0.5934 | obj = 1.5601 | cls = 0.0454 | steps = 40 | global_batches = 320 | samples = 5000 | time = 30.2s
epoch 018 | step 0001 | total = 3.7558 | box = 0.4580 | obj = 1.4224 | cls = 0.0432 | lr = 0.000743
epoch 018 | step 0020 | total = 3.4049 | box = 0.4005 | obj = 1.3491 | cls = 0.0534 | lr = 0.000743
epoch 018 | step 0040 | total = 4.9058 | box = 0.6910 | obj = 1.4099 | cls = 0.0411 | lr = 0.000743
epoch 018 | step 0060 | total = 3.9792 | box = 0.4665 | obj = 1.5981 | cls = 0.0486 | lr = 0.000743
epoch 018 | step 0080 | total = 3.3773 | box = 0.4156 | obj = 1.2617 | cls = 0.0378 | lr = 0.000743
epoch 018 | step 0100 | total = 4.6538 | box = 0.6272 | obj = 1.4777 | cls = 0.0402 | lr = 0.000743
epoch 018 | step 0120 | total = 3.7387 | box = 0.4813 | obj = 1.2875 | cls = 0.0447 | lr = 0.000743
epoch 018 | step 0140 | total = 4.5954 | box = 0.6155 | obj = 1.4815 | cls = 0.0362 | lr = 0.000743
epoch 018 | step 0160 | total = 4.0886 | box = 0.5109 | obj = 1.4817 | cls = 0.0526 | lr = 0.000743
epoch 018 | step 0180 | total = 4.1186 | box = 0.5374 | obj = 1.3852 | cls = 0.0467 | lr = 0.000743
epoch 018 | step 0200 | total = 3.5609 | box = 0.4284 | obj = 1.3694 | cls = 0.0495 | lr = 0.000743
epoch 018 | step 0220 | total = 4.3262 | box = 0.5805 | obj = 1.3800 | cls = 0.0437 | lr = 0.000743
epoch 018 | step 0240 | total = 3.6637 | box = 0.4449 | obj = 1.3909 | cls = 0.0484 | lr = 0.000743
epoch 018 | step 0260 | total = 4.5638 | box = 0.6022 | obj = 1.5121 | cls = 0.0406 | lr = 0.000743
epoch 018 | step 0280 | total = 4.4339 | box = 0.5901 | obj = 1.4425 | cls = 0.0411 | lr = 0.000743
epoch 018 | step 0300 | total = 4.4437 | box = 0.5354 | obj = 1.7237 | cls = 0.0432 | lr = 0.000743
epoch 018 | step 0320 | total = 4.2510 | box = 0.5588 | obj = 1.4197 | cls = 0.0375 | lr = 0.000743
epoch 018 | step 0340 | total = 3.5259 | box = 0.4263 | obj = 1.3435 | cls = 0.0508 | lr = 0.000743
epoch 018 | step 0360 | total = 3.9716 | box = 0.5023 | obj = 1.4234 | cls = 0.0365 | lr = 0.000743
epoch 018 | step 0380 | total = 4.1661 | box = 0.5212 | obj = 1.5084 | cls = 0.0519 | lr = 0.000743
epoch 018 | step 0400 | total = 4.1006 | box = 0.5366 | obj = 1.3776 | cls = 0.0400 | lr = 0.000743
epoch 018 | step 0420 | total = 4.0434 | box = 0.5195 | obj = 1.4091 | cls = 0.0368 | lr = 0.000743
epoch 018 | step 0440 | total = 4.3671 | box = 0.5659 | obj = 1.4930 | cls = 0.0445 | lr = 0.000743
epoch 018 | step 0460 | total = 4.3814 | box = 0.5540 | obj = 1.5620 | cls = 0.0493 | lr = 0.000743
epoch 018 | step 0480 | total = 4.4951 | box = 0.6151 | obj = 1.3835 | cls = 0.0360 | lr = 0.000743
epoch 018 | step 0500 | total = 4.0111 | box = 0.5242 | obj = 1.3529 | cls = 0.0373 | lr = 0.000743
epoch 018 | step 0520 | total = 4.4217 | box = 0.5995 | obj = 1.3828 | cls = 0.0415 | lr = 0.000743
epoch 018 | step 0540 | total = 4.2615 | box = 0.5645 | obj = 1.4030 | cls = 0.0359 | lr = 0.000743
epoch 018 | step 0560 | total = 3.8630 | box = 0.4832 | obj = 1.3943 | cls = 0.0526 | lr = 0.000743
epoch 018 | step 0580 | total = 3.6769 | box = 0.4632 | obj = 1.3116 | cls = 0.0491 | lr = 0.000743
epoch 018 | step 0600 | total = 3.4984 | box = 0.3953 | obj = 1.4753 | cls = 0.0464 | lr = 0.000743
epoch 018 | step 0620 | total = 4.5141 | box = 0.5891 | obj = 1.5230 | cls = 0.0453 | lr = 0.000743
epoch 018 | step 0640 | total = 4.2020 | box = 0.5466 | obj = 1.4261 | cls = 0.0428 | lr = 0.000743
epoch 018 | step 0660 | total = 4.8571 | box = 0.6827 | obj = 1.4033 | cls = 0.0402 | lr = 0.000743
epoch 018 | step 0680 | total = 4.0708 | box = 0.5408 | obj = 1.3242 | cls = 0.0427 | lr = 0.000743
epoch 018 | step 0700 | total = 3.7048 | box = 0.4679 | obj = 1.3181 | cls = 0.0471 | lr = 0.000743
epoch 018 | step 0720 | total = 4.1472 | box = 0.5477 | obj = 1.3745 | cls = 0.0341 | lr = 0.000743
epoch 018 | step 0740 | total = 5.0411 | box = 0.7083 | obj = 1.4553 | cls = 0.0441 | lr = 0.000743
epoch 018 | step 0760 | total = 4.1644 | box = 0.5299 | obj = 1.4660 | cls = 0.0490 | lr = 0.000743
epoch 018 | step 0780 | total = 4.5567 | box = 0.5641 | obj = 1.6979 | cls = 0.0381 | lr = 0.000743
epoch 018 | step 0800 | total = 3.1417 | box = 0.3658 | obj = 1.2598 | cls = 0.0527 | lr = 0.000743
epoch 018 | step 0820 | total = 3.9766 | box = 0.4769 | obj = 1.5470 | cls = 0.0449 | lr = 0.000743
epoch 018 | step 0840 | total = 3.6061 | box = 0.4371 | obj = 1.3801 | cls = 0.0403 | lr = 0.000743
epoch 018 | step 0860 | total = 3.6126 | box = 0.4117 | obj = 1.5080 | cls = 0.0459 | lr = 0.000743
epoch 018 | step 0880 | total = 4.7054 | box = 0.6602 | obj = 1.3721 | cls = 0.0322 | lr = 0.000743
epoch 018 | step 0900 | total = 3.9320 | box = 0.4746 | obj = 1.5100 | cls = 0.0489 | lr = 0.000743
epoch 018 | step 0920 | total = 4.4227 | box = 0.5926 | obj = 1.4256 | cls = 0.0343 | lr = 0.000743
[epoch 018 train] total = 4.0913 | box = 0.5244 | obj = 1.4259 | cls = 0.0433 | steps = 925 | global_batches = 7400 | samples = 118288 | time = 960.3s
[epoch 018 val] total = 4.5673 | box = 0.5924 | obj = 1.5605 | cls = 0.0448 | steps = 40 | global_batches = 320 | samples = 5000 | time = 28.9s
epoch 019 | step 0001 | total = 3.8618 | box = 0.5131 | obj = 1.2603 | cls = 0.0360 | lr = 0.000716
epoch 019 | step 0020 | total = 3.8017 | box = 0.4957 | obj = 1.2792 | cls = 0.0442 | lr = 0.000716
epoch 019 | step 0040 | total = 3.6514 | box = 0.4693 | obj = 1.2578 | cls = 0.0473 | lr = 0.000716
epoch 019 | step 0060 | total = 4.0569 | box = 0.5346 | obj = 1.3444 | cls = 0.0397 | lr = 0.000716
epoch 019 | step 0080 | total = 4.5552 | box = 0.6013 | obj = 1.5085 | cls = 0.0403 | lr = 0.000716
epoch 019 | step 0100 | total = 3.3552 | box = 0.4051 | obj = 1.2840 | cls = 0.0457 | lr = 0.000716
epoch 019 | step 0120 | total = 4.0092 | box = 0.5120 | obj = 1.3966 | cls = 0.0528 | lr = 0.000716
epoch 019 | step 0140 | total = 4.2062 | box = 0.5576 | obj = 1.3792 | cls = 0.0391 | lr = 0.000716
epoch 019 | step 0160 | total = 4.1020 | box = 0.5537 | obj = 1.3047 | cls = 0.0286 | lr = 0.000716
epoch 019 | step 0180 | total = 4.0779 | box = 0.5178 | obj = 1.4453 | cls = 0.0438 | lr = 0.000716
epoch 019 | step 0200 | total = 4.1838 | box = 0.5719 | obj = 1.2892 | cls = 0.0349 | lr = 0.000716
epoch 019 | step 0220 | total = 4.0189 | box = 0.5075 | obj = 1.4383 | cls = 0.0429 | lr = 0.000716
epoch 019 | step 0240 | total = 3.9885 | box = 0.4918 | obj = 1.4866 | cls = 0.0429 | lr = 0.000716
epoch 019 | step 0260 | total = 3.9205 | box = 0.4975 | obj = 1.3898 | cls = 0.0432 | lr = 0.000716
epoch 019 | step 0280 | total = 4.0734 | box = 0.5415 | obj = 1.3188 | cls = 0.0468 | lr = 0.000716
epoch 019 | step 0300 | total = 3.5591 | box = 0.4084 | obj = 1.4709 | cls = 0.0460 | lr = 0.000716
epoch 019 | step 0320 | total = 4.9127 | box = 0.6909 | obj = 1.4186 | cls = 0.0396 | lr = 0.000716
epoch 019 | step 0340 | total = 4.3885 | box = 0.5711 | obj = 1.4928 | cls = 0.0404 | lr = 0.000716
epoch 019 | step 0360 | total = 4.5542 | box = 0.5988 | obj = 1.5205 | cls = 0.0398 | lr = 0.000716
epoch 019 | step 0380 | total = 3.8344 | box = 0.4769 | obj = 1.4060 | cls = 0.0440 | lr = 0.000716
epoch 019 | step 0400 | total = 3.5997 | box = 0.4351 | obj = 1.3766 | cls = 0.0475 | lr = 0.000716
epoch 019 | step 0420 | total = 3.4700 | box = 0.4117 | obj = 1.3604 | cls = 0.0514 | lr = 0.000716
epoch 019 | step 0440 | total = 3.4880 | box = 0.4284 | obj = 1.3066 | cls = 0.0396 | lr = 0.000716
epoch 019 | step 0460 | total = 3.5548 | box = 0.4150 | obj = 1.4331 | cls = 0.0469 | lr = 0.000716
epoch 019 | step 0480 | total = 4.9450 | box = 0.6731 | obj = 1.5427 | cls = 0.0371 | lr = 0.000716
epoch 019 | step 0500 | total = 3.3603 | box = 0.3956 | obj = 1.3456 | cls = 0.0367 | lr = 0.000716
epoch 019 | step 0520 | total = 4.4936 | box = 0.6009 | obj = 1.4460 | cls = 0.0431 | lr = 0.000716
epoch 019 | step 0540 | total = 4.4135 | box = 0.6050 | obj = 1.3486 | cls = 0.0400 | lr = 0.000716
epoch 019 | step 0560 | total = 4.2834 | box = 0.5608 | obj = 1.4403 | cls = 0.0391 | lr = 0.000716
epoch 019 | step 0580 | total = 3.4953 | box = 0.4239 | obj = 1.3441 | cls = 0.0318 | lr = 0.000716
epoch 019 | step 0600 | total = 4.1131 | box = 0.4877 | obj = 1.6153 | cls = 0.0591 | lr = 0.000716
epoch 019 | step 0620 | total = 3.9093 | box = 0.4857 | obj = 1.4371 | cls = 0.0435 | lr = 0.000716
epoch 019 | step 0640 | total = 3.7412 | box = 0.4706 | obj = 1.3531 | cls = 0.0351 | lr = 0.000716
epoch 019 | step 0660 | total = 3.8246 | box = 0.4801 | obj = 1.3667 | cls = 0.0575 | lr = 0.000716
epoch 019 | step 0680 | total = 3.7848 | box = 0.4715 | obj = 1.3854 | cls = 0.0419 | lr = 0.000716
epoch 019 | step 0700 | total = 4.3350 | box = 0.5721 | obj = 1.4335 | cls = 0.0413 | lr = 0.000716
epoch 019 | step 0720 | total = 3.3891 | box = 0.4102 | obj = 1.2865 | cls = 0.0517 | lr = 0.000716
epoch 019 | step 0740 | total = 3.7544 | box = 0.4565 | obj = 1.4271 | cls = 0.0447 | lr = 0.000716
epoch 019 | step 0760 | total = 3.7097 | box = 0.4453 | obj = 1.4317 | cls = 0.0517 | lr = 0.000716
epoch 019 | step 0780 | total = 4.6879 | box = 0.6441 | obj = 1.4282 | cls = 0.0390 | lr = 0.000716
epoch 019 | step 0800 | total = 3.7686 | box = 0.4710 | obj = 1.3739 | cls = 0.0395 | lr = 0.000716
epoch 019 | step 0820 | total = 3.8499 | box = 0.4658 | obj = 1.4735 | cls = 0.0473 | lr = 0.000716
epoch 019 | step 0840 | total = 4.1217 | box = 0.5081 | obj = 1.5226 | cls = 0.0586 | lr = 0.000716
epoch 019 | step 0860 | total = 4.2295 | box = 0.5685 | obj = 1.3491 | cls = 0.0380 | lr = 0.000716
epoch 019 | step 0880 | total = 5.0575 | box = 0.6959 | obj = 1.5253 | cls = 0.0528 | lr = 0.000716
epoch 019 | step 0900 | total = 3.6147 | box = 0.4070 | obj = 1.5351 | cls = 0.0447 | lr = 0.000716
epoch 019 | step 0920 | total = 4.2750 | box = 0.5418 | obj = 1.5189 | cls = 0.0470 | lr = 0.000716
[epoch 019 train] total = 4.0288 | box = 0.5154 | obj = 1.4088 | cls = 0.0429 | steps = 925 | global_batches = 7400 | samples = 118288 | time = 963.6s
[epoch 019 val] total = 4.4515 | box = 0.5754 | obj = 1.5305 | cls = 0.0441 | steps = 40 | global_batches = 320 | samples = 5000 | time = 29.8s
epoch 020 | step 0001 | total = 3.4093 | box = 0.4069 | obj = 1.3282 | cls = 0.0467 | lr = 0.000687
epoch 020 | step 0020 | total = 4.0240 | box = 0.5243 | obj = 1.3608 | cls = 0.0414 | lr = 0.000687
epoch 020 | step 0040 | total = 4.7475 | box = 0.6770 | obj = 1.3279 | cls = 0.0345 | lr = 0.000687
epoch 020 | step 0060 | total = 4.0135 | box = 0.5036 | obj = 1.4447 | cls = 0.0508 | lr = 0.000687
epoch 020 | step 0080 | total = 4.1326 | box = 0.5573 | obj = 1.3082 | cls = 0.0379 | lr = 0.000687
epoch 020 | step 0100 | total = 3.8512 | box = 0.4882 | obj = 1.3625 | cls = 0.0475 | lr = 0.000687
epoch 020 | step 0120 | total = 3.9179 | box = 0.4802 | obj = 1.4670 | cls = 0.0499 | lr = 0.000687
epoch 020 | step 0140 | total = 3.7041 | box = 0.4514 | obj = 1.4012 | cls = 0.0458 | lr = 0.000687
epoch 020 | step 0160 | total = 3.8807 | box = 0.5092 | obj = 1.2893 | cls = 0.0454 | lr = 0.000687
epoch 020 | step 0180 | total = 4.1641 | box = 0.5428 | obj = 1.4081 | cls = 0.0419 | lr = 0.000687
epoch 020 | step 0200 | total = 3.0703 | box = 0.3615 | obj = 1.2189 | cls = 0.0439 | lr = 0.000687
epoch 020 | step 0220 | total = 3.6352 | box = 0.4534 | obj = 1.3276 | cls = 0.0404 | lr = 0.000687
epoch 020 | step 0240 | total = 3.7170 | box = 0.4596 | obj = 1.3710 | cls = 0.0480 | lr = 0.000687
epoch 020 | step 0260 | total = 3.9639 | box = 0.5278 | obj = 1.2835 | cls = 0.0412 | lr = 0.000687
epoch 020 | step 0280 | total = 4.4115 | box = 0.5672 | obj = 1.5348 | cls = 0.0410 | lr = 0.000687
epoch 020 | step 0300 | total = 4.2724 | box = 0.5547 | obj = 1.4585 | cls = 0.0406 | lr = 0.000687
epoch 020 | step 0320 | total = 3.9455 | box = 0.5047 | obj = 1.3722 | cls = 0.0497 | lr = 0.000687
epoch 020 | step 0340 | total = 3.9266 | box = 0.4795 | obj = 1.4961 | cls = 0.0329 | lr = 0.000687
epoch 020 | step 0360 | total = 3.4239 | box = 0.3950 | obj = 1.3919 | cls = 0.0568 | lr = 0.000687
epoch 020 | step 0380 | total = 4.3196 | box = 0.5810 | obj = 1.3667 | cls = 0.0481 | lr = 0.000687
epoch 020 | step 0400 | total = 3.5425 | box = 0.4382 | obj = 1.3140 | cls = 0.0373 | lr = 0.000687
epoch 020 | step 0420 | total = 4.5245 | box = 0.6143 | obj = 1.4175 | cls = 0.0357 | lr = 0.000687
epoch 020 | step 0440 | total = 3.9841 | box = 0.4852 | obj = 1.5127 | cls = 0.0455 | lr = 0.000687
epoch 020 | step 0460 | total = 3.5842 | box = 0.4291 | obj = 1.3816 | cls = 0.0571 | lr = 0.000687
epoch 020 | step 0480 | total = 4.0812 | box = 0.5318 | obj = 1.3875 | cls = 0.0345 | lr = 0.000687
epoch 020 | step 0500 | total = 3.7952 | box = 0.4764 | obj = 1.3772 | cls = 0.0360 | lr = 0.000687
epoch 020 | step 0520 | total = 4.5816 | box = 0.6271 | obj = 1.4071 | cls = 0.0389 | lr = 0.000687
epoch 020 | step 0540 | total = 4.0332 | box = 0.5240 | obj = 1.3751 | cls = 0.0384 | lr = 0.000687
epoch 020 | step 0560 | total = 3.4879 | box = 0.4028 | obj = 1.4272 | cls = 0.0467 | lr = 0.000687
epoch 020 | step 0580 | total = 3.6277 | box = 0.4493 | obj = 1.3305 | cls = 0.0506 | lr = 0.000687
epoch 020 | step 0600 | total = 4.8849 | box = 0.6470 | obj = 1.6051 | cls = 0.0448 | lr = 0.000687
epoch 020 | step 0620 | total = 4.5614 | box = 0.6219 | obj = 1.4129 | cls = 0.0391 | lr = 0.000687
epoch 020 | step 0640 | total = 3.9291 | box = 0.5123 | obj = 1.3281 | cls = 0.0395 | lr = 0.000687
epoch 020 | step 0660 | total = 4.3157 | box = 0.5491 | obj = 1.5338 | cls = 0.0364 | lr = 0.000687
epoch 020 | step 0680 | total = 4.7560 | box = 0.6382 | obj = 1.5293 | cls = 0.0358 | lr = 0.000687
epoch 020 | step 0700 | total = 3.1967 | box = 0.3719 | obj = 1.2927 | cls = 0.0447 | lr = 0.000687
epoch 020 | step 0720 | total = 2.9205 | box = 0.3261 | obj = 1.2307 | cls = 0.0592 | lr = 0.000687
epoch 020 | step 0740 | total = 4.3054 | box = 0.5740 | obj = 1.3914 | cls = 0.0439 | lr = 0.000687
epoch 020 | step 0760 | total = 3.5089 | box = 0.4184 | obj = 1.3789 | cls = 0.0380 | lr = 0.000687
epoch 020 | step 0780 | total = 4.3998 | box = 0.5696 | obj = 1.5101 | cls = 0.0418 | lr = 0.000687
epoch 020 | step 0800 | total = 4.4547 | box = 0.5811 | obj = 1.5005 | cls = 0.0487 | lr = 0.000687
epoch 020 | step 0820 | total = 3.8631 | box = 0.4876 | obj = 1.3721 | cls = 0.0531 | lr = 0.000687
epoch 020 | step 0840 | total = 4.2783 | box = 0.5516 | obj = 1.4843 | cls = 0.0361 | lr = 0.000687
epoch 020 | step 0860 | total = 4.5707 | box = 0.6112 | obj = 1.4722 | cls = 0.0428 | lr = 0.000687
epoch 020 | step 0880 | total = 4.2387 | box = 0.5326 | obj = 1.5338 | cls = 0.0418 | lr = 0.000687
epoch 020 | step 0900 | total = 3.9239 | box = 0.5074 | obj = 1.3481 | cls = 0.0389 | lr = 0.000687
epoch 020 | step 0920 | total = 3.9335 | box = 0.4946 | obj = 1.4160 | cls = 0.0447 | lr = 0.000687
[epoch 020 train] total = 3.9635 | box = 0.5065 | obj = 1.3887 | cls = 0.0425 | steps = 925 | global_batches = 7400 | samples = 118288 | time = 969.8s
[epoch 020 val] total = 4.4627 | box = 0.5791 | obj = 1.5231 | cls = 0.0442 | steps = 40 | global_batches = 320 | samples = 5000 | time = 29.5s
epoch 021 | step 0001 | total = 4.1585 | box = 0.5449 | obj = 1.3964 | cls = 0.0376 | lr = 0.000658
epoch 021 | step 0020 | total = 4.2332 | box = 0.5816 | obj = 1.2917 | cls = 0.0337 | lr = 0.000658
epoch 021 | step 0040 | total = 3.2414 | box = 0.4089 | obj = 1.1584 | cls = 0.0385 | lr = 0.000658
epoch 021 | step 0060 | total = 2.7025 | box = 0.3024 | obj = 1.1434 | cls = 0.0470 | lr = 0.000658
epoch 021 | step 0080 | total = 4.0548 | box = 0.5266 | obj = 1.3869 | cls = 0.0348 | lr = 0.000658
epoch 021 | step 0100 | total = 4.5003 | box = 0.6126 | obj = 1.4020 | cls = 0.0353 | lr = 0.000658
epoch 021 | step 0120 | total = 3.9276 | box = 0.5054 | obj = 1.3636 | cls = 0.0370 | lr = 0.000658
epoch 021 | step 0140 | total = 3.8879 | box = 0.4760 | obj = 1.4686 | cls = 0.0393 | lr = 0.000658
epoch 021 | step 0160 | total = 3.9525 | box = 0.5253 | obj = 1.2839 | cls = 0.0422 | lr = 0.000658
epoch 021 | step 0180 | total = 3.5285 | box = 0.4369 | obj = 1.3054 | cls = 0.0386 | lr = 0.000658
epoch 021 | step 0200 | total = 3.8180 | box = 0.5202 | obj = 1.1740 | cls = 0.0429 | lr = 0.000658
epoch 021 | step 0220 | total = 4.2042 | box = 0.5505 | obj = 1.4153 | cls = 0.0365 | lr = 0.000658
epoch 021 | step 0240 | total = 4.2657 | box = 0.5362 | obj = 1.5373 | cls = 0.0472 | lr = 0.000658
epoch 021 | step 0260 | total = 3.5881 | box = 0.4320 | obj = 1.3798 | cls = 0.0482 | lr = 0.000658
epoch 021 | step 0280 | total = 3.3026 | box = 0.3886 | obj = 1.3232 | cls = 0.0366 | lr = 0.000658
epoch 021 | step 0300 | total = 3.1901 | box = 0.3712 | obj = 1.2846 | cls = 0.0496 | lr = 0.000658
epoch 021 | step 0320 | total = 4.2367 | box = 0.5483 | obj = 1.4663 | cls = 0.0289 | lr = 0.000658
epoch 021 | step 0340 | total = 3.9190 | box = 0.4912 | obj = 1.4199 | cls = 0.0430 | lr = 0.000658
epoch 021 | step 0360 | total = 4.0556 | box = 0.5371 | obj = 1.3235 | cls = 0.0464 | lr = 0.000658
epoch 021 | step 0380 | total = 3.9165 | box = 0.4984 | obj = 1.3880 | cls = 0.0367 | lr = 0.000658
epoch 021 | step 0400 | total = 4.2419 | box = 0.5711 | obj = 1.3465 | cls = 0.0397 | lr = 0.000658
epoch 021 | step 0420 | total = 3.9702 | box = 0.5323 | obj = 1.2670 | cls = 0.0417 | lr = 0.000658
epoch 021 | step 0440 | total = 3.7691 | box = 0.4440 | obj = 1.4995 | cls = 0.0494 | lr = 0.000658
epoch 021 | step 0460 | total = 4.7653 | box = 0.6642 | obj = 1.4051 | cls = 0.0390 | lr = 0.000658
epoch 021 | step 0480 | total = 4.6099 | box = 0.6185 | obj = 1.4724 | cls = 0.0448 | lr = 0.000658
epoch 021 | step 0500 | total = 3.7763 | box = 0.4795 | obj = 1.3386 | cls = 0.0403 | lr = 0.000658
epoch 021 | step 0520 | total = 4.0442 | box = 0.5292 | obj = 1.3594 | cls = 0.0389 | lr = 0.000658
epoch 021 | step 0540 | total = 4.1607 | box = 0.5246 | obj = 1.5004 | cls = 0.0374 | lr = 0.000658
epoch 021 | step 0560 | total = 3.9812 | box = 0.4943 | obj = 1.4680 | cls = 0.0417 | lr = 0.000658
epoch 021 | step 0580 | total = 3.9280 | box = 0.5047 | obj = 1.3684 | cls = 0.0361 | lr = 0.000658
epoch 021 | step 0600 | total = 3.0997 | box = 0.3646 | obj = 1.2372 | cls = 0.0394 | lr = 0.000658
epoch 021 | step 0620 | total = 3.4605 | box = 0.4219 | obj = 1.3130 | cls = 0.0382 | lr = 0.000658
epoch 021 | step 0640 | total = 4.1125 | box = 0.5355 | obj = 1.3950 | cls = 0.0401 | lr = 0.000658
epoch 021 | step 0660 | total = 3.0384 | box = 0.3588 | obj = 1.1914 | cls = 0.0529 | lr = 0.000658
epoch 021 | step 0680 | total = 3.6978 | box = 0.4546 | obj = 1.3715 | cls = 0.0532 | lr = 0.000658
epoch 021 | step 0700 | total = 4.4604 | box = 0.6009 | obj = 1.4149 | cls = 0.0408 | lr = 0.000658
epoch 021 | step 0720 | total = 4.3305 | box = 0.5514 | obj = 1.5350 | cls = 0.0387 | lr = 0.000658
epoch 021 | step 0740 | total = 4.2416 | box = 0.5554 | obj = 1.4272 | cls = 0.0374 | lr = 0.000658
epoch 021 | step 0760 | total = 4.2165 | box = 0.5649 | obj = 1.3528 | cls = 0.0393 | lr = 0.000658
epoch 021 | step 0780 | total = 4.1388 | box = 0.5229 | obj = 1.4803 | cls = 0.0440 | lr = 0.000658
epoch 021 | step 0800 | total = 4.2538 | box = 0.5454 | obj = 1.4834 | cls = 0.0436 | lr = 0.000658
epoch 021 | step 0820 | total = 3.5090 | box = 0.4350 | obj = 1.2911 | cls = 0.0429 | lr = 0.000658
epoch 021 | step 0840 | total = 3.2931 | box = 0.4124 | obj = 1.2002 | cls = 0.0309 | lr = 0.000658
epoch 021 | step 0860 | total = 3.1121 | box = 0.3683 | obj = 1.2397 | cls = 0.0309 | lr = 0.000658
epoch 021 | step 0880 | total = 3.4858 | box = 0.4228 | obj = 1.3191 | cls = 0.0528 | lr = 0.000658
epoch 021 | step 0900 | total = 3.8976 | box = 0.5106 | obj = 1.3043 | cls = 0.0405 | lr = 0.000658
epoch 021 | step 0920 | total = 4.1190 | box = 0.5375 | obj = 1.3959 | cls = 0.0355 | lr = 0.000658
[epoch 021 train] total = 3.9000 | box = 0.4977 | obj = 1.3695 | cls = 0.0422 | steps = 925 | global_batches = 7400 | samples = 118288 | time = 971.7s
[epoch 021 val] total = 4.4302 | box = 0.5719 | obj = 1.5265 | cls = 0.0441 | steps = 40 | global_batches = 320 | samples = 5000 | time = 29.3s
epoch 022 | step 0001 | total = 3.7269 | box = 0.4789 | obj = 1.2907 | cls = 0.0416 | lr = 0.000628
epoch 022 | step 0020 | total = 3.4747 | box = 0.4307 | obj = 1.2791 | cls = 0.0420 | lr = 0.000628
epoch 022 | step 0040 | total = 4.3686 | box = 0.5625 | obj = 1.5150 | cls = 0.0412 | lr = 0.000628
epoch 022 | step 0060 | total = 3.2591 | box = 0.4119 | obj = 1.1649 | cls = 0.0346 | lr = 0.000628
epoch 022 | step 0080 | total = 3.0019 | box = 0.3335 | obj = 1.2829 | cls = 0.0513 | lr = 0.000628
epoch 022 | step 0100 | total = 3.4893 | box = 0.4305 | obj = 1.2947 | cls = 0.0421 | lr = 0.000628
epoch 022 | step 0120 | total = 3.6018 | box = 0.4424 | obj = 1.3418 | cls = 0.0480 | lr = 0.000628
epoch 022 | step 0140 | total = 4.4037 | box = 0.5863 | obj = 1.4333 | cls = 0.0388 | lr = 0.000628
epoch 022 | step 0160 | total = 4.2880 | box = 0.5714 | obj = 1.3917 | cls = 0.0393 | lr = 0.000628
epoch 022 | step 0180 | total = 4.5768 | box = 0.6335 | obj = 1.3642 | cls = 0.0453 | lr = 0.000628
epoch 022 | step 0200 | total = 4.0340 | box = 0.5326 | obj = 1.3291 | cls = 0.0418 | lr = 0.000628
epoch 022 | step 0220 | total = 4.2018 | box = 0.5754 | obj = 1.2914 | cls = 0.0335 | lr = 0.000628
epoch 022 | step 0240 | total = 4.2023 | box = 0.5606 | obj = 1.3579 | cls = 0.0414 | lr = 0.000628
epoch 022 | step 0260 | total = 4.4354 | box = 0.5962 | obj = 1.4175 | cls = 0.0369 | lr = 0.000628
epoch 022 | step 0280 | total = 3.3345 | box = 0.4065 | obj = 1.2658 | cls = 0.0362 | lr = 0.000628
epoch 022 | step 0300 | total = 3.9660 | box = 0.4938 | obj = 1.4469 | cls = 0.0503 | lr = 0.000628
epoch 022 | step 0320 | total = 3.7033 | box = 0.4520 | obj = 1.4042 | cls = 0.0392 | lr = 0.000628
epoch 022 | step 0340 | total = 4.0590 | box = 0.5120 | obj = 1.4458 | cls = 0.0532 | lr = 0.000628
epoch 022 | step 0360 | total = 3.7900 | box = 0.4823 | obj = 1.3354 | cls = 0.0432 | lr = 0.000628
epoch 022 | step 0380 | total = 3.5446 | box = 0.4233 | obj = 1.3730 | cls = 0.0549 | lr = 0.000628
epoch 022 | step 0400 | total = 3.6202 | box = 0.4545 | obj = 1.3040 | cls = 0.0437 | lr = 0.000628
epoch 022 | step 0420 | total = 3.3793 | box = 0.4004 | obj = 1.3395 | cls = 0.0379 | lr = 0.000628
epoch 022 | step 0440 | total = 3.5547 | box = 0.4319 | obj = 1.3515 | cls = 0.0439 | lr = 0.000628
epoch 022 | step 0460 | total = 4.3513 | box = 0.6067 | obj = 1.2741 | cls = 0.0437 | lr = 0.000628
epoch 022 | step 0480 | total = 4.7023 | box = 0.6489 | obj = 1.4204 | cls = 0.0373 | lr = 0.000628
epoch 022 | step 0500 | total = 4.5472 | box = 0.6166 | obj = 1.4330 | cls = 0.0310 | lr = 0.000628
epoch 022 | step 0520 | total = 3.2902 | box = 0.3598 | obj = 1.4513 | cls = 0.0399 | lr = 0.000628
epoch 022 | step 0540 | total = 4.6124 | box = 0.6361 | obj = 1.3942 | cls = 0.0379 | lr = 0.000628
epoch 022 | step 0560 | total = 3.6467 | box = 0.4342 | obj = 1.4283 | cls = 0.0475 | lr = 0.000628
epoch 022 | step 0580 | total = 3.2236 | box = 0.3651 | obj = 1.3451 | cls = 0.0530 | lr = 0.000628
epoch 022 | step 0600 | total = 3.3193 | box = 0.4120 | obj = 1.2215 | cls = 0.0376 | lr = 0.000628
epoch 022 | step 0620 | total = 3.2376 | box = 0.3830 | obj = 1.2504 | cls = 0.0720 | lr = 0.000628
epoch 022 | step 0640 | total = 4.0244 | box = 0.5120 | obj = 1.4313 | cls = 0.0331 | lr = 0.000628
epoch 022 | step 0660 | total = 2.8186 | box = 0.2968 | obj = 1.2824 | cls = 0.0520 | lr = 0.000628
epoch 022 | step 0680 | total = 3.7371 | box = 0.4676 | obj = 1.3614 | cls = 0.0376 | lr = 0.000628
epoch 022 | step 0700 | total = 4.8943 | box = 0.6812 | obj = 1.4470 | cls = 0.0415 | lr = 0.000628
epoch 022 | step 0720 | total = 4.0229 | box = 0.5152 | obj = 1.4057 | cls = 0.0415 | lr = 0.000628
epoch 022 | step 0740 | total = 4.1576 | box = 0.5319 | obj = 1.4515 | cls = 0.0465 | lr = 0.000628
epoch 022 | step 0760 | total = 3.4064 | box = 0.4205 | obj = 1.2613 | cls = 0.0429 | lr = 0.000628
epoch 022 | step 0780 | total = 3.3702 | box = 0.4033 | obj = 1.3191 | cls = 0.0346 | lr = 0.000628
epoch 022 | step 0800 | total = 3.4360 | box = 0.4115 | obj = 1.3326 | cls = 0.0461 | lr = 0.000628
epoch 022 | step 0820 | total = 3.6189 | box = 0.4600 | obj = 1.2728 | cls = 0.0462 | lr = 0.000628
epoch 022 | step 0840 | total = 4.1018 | box = 0.5317 | obj = 1.4088 | cls = 0.0343 | lr = 0.000628
epoch 022 | step 0860 | total = 3.4031 | box = 0.4148 | obj = 1.2952 | cls = 0.0337 | lr = 0.000628
epoch 022 | step 0880 | total = 3.7427 | box = 0.4632 | obj = 1.3874 | cls = 0.0393 | lr = 0.000628
epoch 022 | step 0900 | total = 3.5289 | box = 0.4461 | obj = 1.2561 | cls = 0.0423 | lr = 0.000628
epoch 022 | step 0920 | total = 4.2648 | box = 0.5521 | obj = 1.4702 | cls = 0.0343 | lr = 0.000628
[epoch 022 train] total = 3.8385 | box = 0.4893 | obj = 1.3500 | cls = 0.0418 | steps = 925 | global_batches = 7400 | samples = 118288 | time = 974.0s
[epoch 022 val] total = 4.4255 | box = 0.5706 | obj = 1.5288 | cls = 0.0437 | steps = 40 | global_batches = 320 | samples = 5000 | time = 29.8s
epoch 023 | step 0001 | total = 4.0871 | box = 0.5436 | obj = 1.3268 | cls = 0.0422 | lr = 0.000598
epoch 023 | step 0020 | total = 3.9523 | box = 0.5131 | obj = 1.3517 | cls = 0.0353 | lr = 0.000598
epoch 023 | step 0040 | total = 3.7151 | box = 0.4634 | obj = 1.3520 | cls = 0.0460 | lr = 0.000598
epoch 023 | step 0060 | total = 3.6165 | box = 0.4599 | obj = 1.2810 | cls = 0.0360 | lr = 0.000598
epoch 023 | step 0080 | total = 3.2971 | box = 0.3703 | obj = 1.3961 | cls = 0.0497 | lr = 0.000598
epoch 023 | step 0100 | total = 3.8619 | box = 0.4848 | obj = 1.3971 | cls = 0.0409 | lr = 0.000598
epoch 023 | step 0120 | total = 3.2622 | box = 0.4019 | obj = 1.2168 | cls = 0.0361 | lr = 0.000598
epoch 023 | step 0140 | total = 4.5600 | box = 0.6406 | obj = 1.3192 | cls = 0.0376 | lr = 0.000598
epoch 023 | step 0160 | total = 3.0019 | box = 0.3390 | obj = 1.2545 | cls = 0.0524 | lr = 0.000598
epoch 023 | step 0180 | total = 2.9042 | box = 0.3349 | obj = 1.1907 | cls = 0.0390 | lr = 0.000598
epoch 023 | step 0200 | total = 3.8668 | box = 0.5049 | obj = 1.3061 | cls = 0.0360 | lr = 0.000598
epoch 023 | step 0220 | total = 3.6966 | box = 0.4960 | obj = 1.1819 | cls = 0.0350 | lr = 0.000598
epoch 023 | step 0240 | total = 3.4838 | box = 0.4320 | obj = 1.2771 | cls = 0.0469 | lr = 0.000598
epoch 023 | step 0260 | total = 3.6039 | box = 0.4729 | obj = 1.2102 | cls = 0.0291 | lr = 0.000598
epoch 023 | step 0280 | total = 3.5045 | box = 0.4233 | obj = 1.3495 | cls = 0.0384 | lr = 0.000598
epoch 023 | step 0300 | total = 3.6013 | box = 0.4558 | obj = 1.2828 | cls = 0.0395 | lr = 0.000598
epoch 023 | step 0320 | total = 2.7590 | box = 0.2983 | obj = 1.2200 | cls = 0.0473 | lr = 0.000598
epoch 023 | step 0340 | total = 3.8966 | box = 0.4930 | obj = 1.3876 | cls = 0.0440 | lr = 0.000598
epoch 023 | step 0360 | total = 3.4942 | box = 0.4382 | obj = 1.2683 | cls = 0.0350 | lr = 0.000598
epoch 023 | step 0380 | total = 3.4188 | box = 0.4196 | obj = 1.2874 | cls = 0.0334 | lr = 0.000598
epoch 023 | step 0400 | total = 3.2233 | box = 0.3824 | obj = 1.2718 | cls = 0.0397 | lr = 0.000598
epoch 023 | step 0420 | total = 3.6605 | box = 0.4580 | obj = 1.3320 | cls = 0.0384 | lr = 0.000598
epoch 023 | step 0440 | total = 4.1110 | box = 0.5353 | obj = 1.4036 | cls = 0.0310 | lr = 0.000598
epoch 023 | step 0460 | total = 4.0505 | box = 0.5246 | obj = 1.3892 | cls = 0.0384 | lr = 0.000598
epoch 023 | step 0480 | total = 3.9367 | box = 0.4962 | obj = 1.4073 | cls = 0.0484 | lr = 0.000598
epoch 023 | step 0500 | total = 4.0636 | box = 0.5120 | obj = 1.4735 | cls = 0.0300 | lr = 0.000598
epoch 023 | step 0520 | total = 3.7230 | box = 0.4803 | obj = 1.2784 | cls = 0.0431 | lr = 0.000598
epoch 023 | step 0540 | total = 3.1887 | box = 0.3949 | obj = 1.1630 | cls = 0.0515 | lr = 0.000598
epoch 023 | step 0560 | total = 3.5540 | box = 0.4292 | obj = 1.3646 | cls = 0.0433 | lr = 0.000598
epoch 023 | step 0580 | total = 2.9442 | box = 0.3308 | obj = 1.2451 | cls = 0.0453 | lr = 0.000598
epoch 023 | step 0600 | total = 4.0420 | box = 0.5230 | obj = 1.3932 | cls = 0.0340 | lr = 0.000598
epoch 023 | step 0620 | total = 4.2839 | box = 0.5760 | obj = 1.3585 | cls = 0.0457 | lr = 0.000598
epoch 023 | step 0640 | total = 3.7603 | box = 0.4599 | obj = 1.4134 | cls = 0.0472 | lr = 0.000598
epoch 023 | step 0660 | total = 4.3819 | box = 0.5935 | obj = 1.3793 | cls = 0.0352 | lr = 0.000598
epoch 023 | step 0680 | total = 3.6839 | box = 0.4558 | obj = 1.3644 | cls = 0.0406 | lr = 0.000598
epoch 023 | step 0700 | total = 3.6282 | box = 0.4726 | obj = 1.2283 | cls = 0.0370 | lr = 0.000598
epoch 023 | step 0720 | total = 3.9540 | box = 0.4975 | obj = 1.4176 | cls = 0.0486 | lr = 0.000598
epoch 023 | step 0740 | total = 2.9961 | box = 0.3682 | obj = 1.1123 | cls = 0.0429 | lr = 0.000598
epoch 023 | step 0760 | total = 3.7787 | box = 0.5007 | obj = 1.2296 | cls = 0.0454 | lr = 0.000598
epoch 023 | step 0780 | total = 3.1560 | box = 0.3768 | obj = 1.2333 | cls = 0.0389 | lr = 0.000598
epoch 023 | step 0800 | total = 3.9055 | box = 0.5082 | obj = 1.3134 | cls = 0.0513 | lr = 0.000598
epoch 023 | step 0820 | total = 4.1787 | box = 0.5601 | obj = 1.3324 | cls = 0.0461 | lr = 0.000598
epoch 023 | step 0840 | total = 4.2139 | box = 0.5540 | obj = 1.4055 | cls = 0.0385 | lr = 0.000598
epoch 023 | step 0860 | total = 3.6797 | box = 0.4343 | obj = 1.4623 | cls = 0.0459 | lr = 0.000598
epoch 023 | step 0880 | total = 4.5114 | box = 0.6308 | obj = 1.3173 | cls = 0.0402 | lr = 0.000598
epoch 023 | step 0900 | total = 4.4467 | box = 0.5881 | obj = 1.4661 | cls = 0.0403 | lr = 0.000598
epoch 023 | step 0920 | total = 3.7280 | box = 0.4848 | obj = 1.2638 | cls = 0.0403 | lr = 0.000598
[epoch 023 train] total = 3.7710 | box = 0.4803 | obj = 1.3279 | cls = 0.0415 | steps = 925 | global_batches = 7400 | samples = 118288 | time = 977.7s
[epoch 023 val] total = 4.4352 | box = 0.5707 | obj = 1.5387 | cls = 0.0432 | steps = 40 | global_batches = 320 | samples = 5000 | time = 29.4s
epoch 024 | step 0001 | total = 3.7484 | box = 0.4818 | obj = 1.2926 | cls = 0.0470 | lr = 0.000567
epoch 024 | step 0020 | total = 3.2353 | box = 0.3944 | obj = 1.2226 | cls = 0.0409 | lr = 0.000567
epoch 024 | step 0040 | total = 2.9918 | box = 0.3238 | obj = 1.3251 | cls = 0.0477 | lr = 0.000567
epoch 024 | step 0060 | total = 3.4222 | box = 0.4163 | obj = 1.2928 | cls = 0.0479 | lr = 0.000567
epoch 024 | step 0080 | total = 3.5989 | box = 0.4444 | obj = 1.3479 | cls = 0.0289 | lr = 0.000567
epoch 024 | step 0100 | total = 4.1914 | box = 0.5231 | obj = 1.5314 | cls = 0.0445 | lr = 0.000567
epoch 024 | step 0120 | total = 3.5879 | box = 0.4432 | obj = 1.3166 | cls = 0.0552 | lr = 0.000567
epoch 024 | step 0140 | total = 3.9871 | box = 0.5155 | obj = 1.3799 | cls = 0.0300 | lr = 0.000567
epoch 024 | step 0160 | total = 4.1245 | box = 0.5232 | obj = 1.4622 | cls = 0.0461 | lr = 0.000567
epoch 024 | step 0180 | total = 3.2933 | box = 0.3861 | obj = 1.3057 | cls = 0.0570 | lr = 0.000567
epoch 024 | step 0200 | total = 3.5775 | box = 0.4551 | obj = 1.2614 | cls = 0.0406 | lr = 0.000567
epoch 024 | step 0220 | total = 4.6019 | box = 0.6422 | obj = 1.3538 | cls = 0.0372 | lr = 0.000567
epoch 024 | step 0240 | total = 3.7310 | box = 0.4731 | obj = 1.3301 | cls = 0.0355 | lr = 0.000567
epoch 024 | step 0260 | total = 4.5082 | box = 0.6008 | obj = 1.4671 | cls = 0.0372 | lr = 0.000567
epoch 024 | step 0280 | total = 3.6227 | box = 0.4662 | obj = 1.2560 | cls = 0.0358 | lr = 0.000567
epoch 024 | step 0300 | total = 3.4810 | box = 0.4322 | obj = 1.2713 | cls = 0.0486 | lr = 0.000567
epoch 024 | step 0320 | total = 3.7538 | box = 0.4918 | obj = 1.2534 | cls = 0.0413 | lr = 0.000567
epoch 024 | step 0340 | total = 4.3288 | box = 0.5734 | obj = 1.4236 | cls = 0.0380 | lr = 0.000567
epoch 024 | step 0360 | total = 3.9147 | box = 0.5143 | obj = 1.3073 | cls = 0.0360 | lr = 0.000567
epoch 024 | step 0380 | total = 4.3286 | box = 0.6039 | obj = 1.2739 | cls = 0.0353 | lr = 0.000567
epoch 024 | step 0400 | total = 4.3498 | box = 0.5833 | obj = 1.3972 | cls = 0.0360 | lr = 0.000567
epoch 024 | step 0420 | total = 3.5014 | box = 0.4505 | obj = 1.2118 | cls = 0.0370 | lr = 0.000567
epoch 024 | step 0440 | total = 3.0486 | box = 0.3619 | obj = 1.2050 | cls = 0.0341 | lr = 0.000567
epoch 024 | step 0460 | total = 4.0597 | box = 0.5410 | obj = 1.3064 | cls = 0.0480 | lr = 0.000567
epoch 024 | step 0480 | total = 3.6139 | box = 0.4574 | obj = 1.2888 | cls = 0.0384 | lr = 0.000567
epoch 024 | step 0500 | total = 4.3671 | box = 0.5779 | obj = 1.4381 | cls = 0.0396 | lr = 0.000567
epoch 024 | step 0520 | total = 3.5361 | box = 0.4236 | obj = 1.3762 | cls = 0.0422 | lr = 0.000567
epoch 024 | step 0540 | total = 3.6511 | box = 0.4512 | obj = 1.3558 | cls = 0.0392 | lr = 0.000567
epoch 024 | step 0560 | total = 3.7481 | box = 0.4796 | obj = 1.3133 | cls = 0.0368 | lr = 0.000567
epoch 024 | step 0580 | total = 3.4824 | box = 0.4168 | obj = 1.3556 | cls = 0.0426 | lr = 0.000567
epoch 024 | step 0600 | total = 3.3091 | box = 0.4137 | obj = 1.1940 | cls = 0.0465 | lr = 0.000567
epoch 024 | step 0620 | total = 2.9887 | box = 0.3633 | obj = 1.1210 | cls = 0.0515 | lr = 0.000567
epoch 024 | step 0640 | total = 3.5262 | box = 0.4365 | obj = 1.3018 | cls = 0.0420 | lr = 0.000567
epoch 024 | step 0660 | total = 3.9132 | box = 0.5151 | obj = 1.2997 | cls = 0.0381 | lr = 0.000567
epoch 024 | step 0680 | total = 3.3449 | box = 0.4168 | obj = 1.2225 | cls = 0.0386 | lr = 0.000567
epoch 024 | step 0700 | total = 3.9841 | box = 0.5187 | obj = 1.3470 | cls = 0.0433 | lr = 0.000567
epoch 024 | step 0720 | total = 4.6824 | box = 0.6535 | obj = 1.3745 | cls = 0.0404 | lr = 0.000567
epoch 024 | step 0740 | total = 4.1462 | box = 0.5454 | obj = 1.3839 | cls = 0.0353 | lr = 0.000567
epoch 024 | step 0760 | total = 4.0031 | box = 0.5009 | obj = 1.4514 | cls = 0.0472 | lr = 0.000567
epoch 024 | step 0780 | total = 4.2043 | box = 0.5929 | obj = 1.2091 | cls = 0.0305 | lr = 0.000567
epoch 024 | step 0800 | total = 4.0652 | box = 0.5358 | obj = 1.3444 | cls = 0.0419 | lr = 0.000567
epoch 024 | step 0820 | total = 3.9227 | box = 0.4853 | obj = 1.4564 | cls = 0.0398 | lr = 0.000567
epoch 024 | step 0840 | total = 3.6897 | box = 0.4664 | obj = 1.3139 | cls = 0.0437 | lr = 0.000567
epoch 024 | step 0860 | total = 3.8535 | box = 0.5189 | obj = 1.2186 | cls = 0.0404 | lr = 0.000567
epoch 024 | step 0880 | total = 3.4634 | box = 0.4313 | obj = 1.2612 | cls = 0.0458 | lr = 0.000567
epoch 024 | step 0900 | total = 4.2475 | box = 0.5654 | obj = 1.3780 | cls = 0.0426 | lr = 0.000567
epoch 024 | step 0920 | total = 3.6614 | box = 0.4568 | obj = 1.3346 | cls = 0.0427 | lr = 0.000567
[epoch 024 train] total = 3.7055 | box = 0.4717 | obj = 1.3057 | cls = 0.0412 | steps = 925 | global_batches = 7400 | samples = 118288 | time = 983.7s
[epoch 024 val] total = 4.4522 | box = 0.5682 | obj = 1.5683 | cls = 0.0431 | steps = 40 | global_batches = 320 | samples = 5000 | time = 29.9s
epoch 025 | step 0001 | total = 4.4981 | box = 0.6661 | obj = 1.1400 | cls = 0.0276 | lr = 0.000536
epoch 025 | step 0020 | total = 3.8858 | box = 0.5053 | obj = 1.3227 | cls = 0.0366 | lr = 0.000536
epoch 025 | step 0040 | total = 3.3631 | box = 0.4266 | obj = 1.1824 | cls = 0.0474 | lr = 0.000536
epoch 025 | step 0060 | total = 3.3639 | box = 0.4072 | obj = 1.2893 | cls = 0.0384 | lr = 0.000536
epoch 025 | step 0080 | total = 3.7031 | box = 0.4537 | obj = 1.3885 | cls = 0.0459 | lr = 0.000536
epoch 025 | step 0100 | total = 3.2177 | box = 0.4073 | obj = 1.1315 | cls = 0.0496 | lr = 0.000536
epoch 025 | step 0120 | total = 4.2244 | box = 0.5682 | obj = 1.3439 | cls = 0.0394 | lr = 0.000536
epoch 025 | step 0140 | total = 3.3569 | box = 0.4306 | obj = 1.1653 | cls = 0.0387 | lr = 0.000536
epoch 025 | step 0160 | total = 2.7372 | box = 0.3012 | obj = 1.1859 | cls = 0.0452 | lr = 0.000536
epoch 025 | step 0180 | total = 3.9833 | box = 0.5450 | obj = 1.2248 | cls = 0.0337 | lr = 0.000536
epoch 025 | step 0200 | total = 4.3578 | box = 0.5788 | obj = 1.4237 | cls = 0.0401 | lr = 0.000536
epoch 025 | step 0220 | total = 3.6990 | box = 0.4710 | obj = 1.3060 | cls = 0.0381 | lr = 0.000536
epoch 025 | step 0240 | total = 3.6850 | box = 0.4715 | obj = 1.2826 | cls = 0.0451 | lr = 0.000536
epoch 025 | step 0260 | total = 4.2878 | box = 0.5677 | obj = 1.4165 | cls = 0.0331 | lr = 0.000536
epoch 025 | step 0280 | total = 3.5566 | box = 0.4573 | obj = 1.2300 | cls = 0.0403 | lr = 0.000536
epoch 025 | step 0300 | total = 3.5313 | box = 0.4540 | obj = 1.2213 | cls = 0.0400 | lr = 0.000536
epoch 025 | step 0320 | total = 3.9961 | box = 0.5422 | obj = 1.2556 | cls = 0.0294 | lr = 0.000536
epoch 025 | step 0340 | total = 4.1012 | box = 0.5334 | obj = 1.3981 | cls = 0.0360 | lr = 0.000536
epoch 025 | step 0360 | total = 3.5023 | box = 0.4528 | obj = 1.1982 | cls = 0.0402 | lr = 0.000536
epoch 025 | step 0380 | total = 2.8792 | box = 0.3052 | obj = 1.3026 | cls = 0.0509 | lr = 0.000536
epoch 025 | step 0400 | total = 3.8778 | box = 0.4817 | obj = 1.4252 | cls = 0.0439 | lr = 0.000536
epoch 025 | step 0420 | total = 4.1257 | box = 0.5298 | obj = 1.4348 | cls = 0.0418 | lr = 0.000536
epoch 025 | step 0440 | total = 3.6893 | box = 0.4715 | obj = 1.2838 | cls = 0.0480 | lr = 0.000536
epoch 025 | step 0460 | total = 3.2234 | box = 0.4107 | obj = 1.1311 | cls = 0.0390 | lr = 0.000536
epoch 025 | step 0480 | total = 3.7007 | box = 0.4862 | obj = 1.2290 | cls = 0.0409 | lr = 0.000536
epoch 025 | step 0500 | total = 3.7420 | box = 0.4749 | obj = 1.3280 | cls = 0.0393 | lr = 0.000536
epoch 025 | step 0520 | total = 4.0713 | box = 0.5111 | obj = 1.4712 | cls = 0.0444 | lr = 0.000536
epoch 025 | step 0540 | total = 3.9431 | box = 0.5153 | obj = 1.3101 | cls = 0.0564 | lr = 0.000536
epoch 025 | step 0560 | total = 4.6011 | box = 0.6243 | obj = 1.4411 | cls = 0.0384 | lr = 0.000536
epoch 025 | step 0580 | total = 3.5846 | box = 0.4747 | obj = 1.1788 | cls = 0.0323 | lr = 0.000536
epoch 025 | step 0600 | total = 4.3533 | box = 0.5699 | obj = 1.4633 | cls = 0.0405 | lr = 0.000536
epoch 025 | step 0620 | total = 3.7791 | box = 0.4958 | obj = 1.2618 | cls = 0.0385 | lr = 0.000536
epoch 025 | step 0640 | total = 2.7088 | box = 0.3083 | obj = 1.1186 | cls = 0.0485 | lr = 0.000536
epoch 025 | step 0660 | total = 4.1003 | box = 0.5715 | obj = 1.2061 | cls = 0.0366 | lr = 0.000536
epoch 025 | step 0680 | total = 3.6056 | box = 0.4697 | obj = 1.2142 | cls = 0.0428 | lr = 0.000536
epoch 025 | step 0700 | total = 3.6822 | box = 0.4576 | obj = 1.3537 | cls = 0.0403 | lr = 0.000536
epoch 025 | step 0720 | total = 3.6449 | box = 0.4585 | obj = 1.3069 | cls = 0.0454 | lr = 0.000536
epoch 025 | step 0740 | total = 4.0770 | box = 0.5097 | obj = 1.4775 | cls = 0.0511 | lr = 0.000536
epoch 025 | step 0760 | total = 3.7567 | box = 0.4808 | obj = 1.3141 | cls = 0.0388 | lr = 0.000536
epoch 025 | step 0780 | total = 3.0970 | box = 0.3552 | obj = 1.2720 | cls = 0.0492 | lr = 0.000536
epoch 025 | step 0800 | total = 2.9540 | box = 0.3234 | obj = 1.2838 | cls = 0.0534 | lr = 0.000536
epoch 025 | step 0820 | total = 3.4868 | box = 0.4489 | obj = 1.2034 | cls = 0.0388 | lr = 0.000536
epoch 025 | step 0840 | total = 2.9832 | box = 0.3558 | obj = 1.1554 | cls = 0.0487 | lr = 0.000536
epoch 025 | step 0860 | total = 3.0139 | box = 0.3419 | obj = 1.2571 | cls = 0.0475 | lr = 0.000536
epoch 025 | step 0880 | total = 3.8433 | box = 0.5129 | obj = 1.2424 | cls = 0.0366 | lr = 0.000536
epoch 025 | step 0900 | total = 3.7041 | box = 0.4778 | obj = 1.2751 | cls = 0.0400 | lr = 0.000536
epoch 025 | step 0920 | total = 3.3191 | box = 0.4062 | obj = 1.2547 | cls = 0.0332 | lr = 0.000536
[epoch 025 train] total = 3.6426 | box = 0.4636 | obj = 1.2837 | cls = 0.0409 | steps = 925 | global_batches = 7400 | samples = 118288 | time = 983.0s
[epoch 025 val] total = 4.4534 | box = 0.5691 | obj = 1.5649 | cls = 0.0431 | steps = 40 | global_batches = 320 | samples = 5000 | time = 29.6s
epoch 026 | step 0001 | total = 2.6643 | box = 0.2858 | obj = 1.1813 | cls = 0.0541 | lr = 0.000505
epoch 026 | step 0020 | total = 2.9761 | box = 0.3538 | obj = 1.1669 | cls = 0.0403 | lr = 0.000505
epoch 026 | step 0040 | total = 3.3099 | box = 0.3952 | obj = 1.2972 | cls = 0.0370 | lr = 0.000505
epoch 026 | step 0060 | total = 3.3194 | box = 0.4036 | obj = 1.2599 | cls = 0.0414 | lr = 0.000505
epoch 026 | step 0080 | total = 3.0471 | box = 0.3665 | obj = 1.1620 | cls = 0.0528 | lr = 0.000505
epoch 026 | step 0100 | total = 3.3552 | box = 0.4063 | obj = 1.2832 | cls = 0.0403 | lr = 0.000505
epoch 026 | step 0120 | total = 4.6398 | box = 0.6295 | obj = 1.4526 | cls = 0.0395 | lr = 0.000505
epoch 026 | step 0140 | total = 3.5021 | box = 0.4315 | obj = 1.3056 | cls = 0.0388 | lr = 0.000505
epoch 026 | step 0160 | total = 2.8146 | box = 0.3216 | obj = 1.1635 | cls = 0.0432 | lr = 0.000505
epoch 026 | step 0180 | total = 2.7733 | box = 0.3124 | obj = 1.1632 | cls = 0.0482 | lr = 0.000505
epoch 026 | step 0200 | total = 4.2799 | box = 0.5671 | obj = 1.4078 | cls = 0.0367 | lr = 0.000505
epoch 026 | step 0220 | total = 3.4605 | box = 0.4166 | obj = 1.3447 | cls = 0.0328 | lr = 0.000505
epoch 026 | step 0240 | total = 2.8848 | box = 0.3581 | obj = 1.0599 | cls = 0.0346 | lr = 0.000505
epoch 026 | step 0260 | total = 3.3183 | box = 0.4355 | obj = 1.1055 | cls = 0.0351 | lr = 0.000505
epoch 026 | step 0280 | total = 3.6907 | box = 0.4776 | obj = 1.2675 | cls = 0.0353 | lr = 0.000505
epoch 026 | step 0300 | total = 3.1545 | box = 0.3896 | obj = 1.1665 | cls = 0.0401 | lr = 0.000505
epoch 026 | step 0320 | total = 3.8905 | box = 0.4991 | obj = 1.3614 | cls = 0.0336 | lr = 0.000505
epoch 026 | step 0340 | total = 3.7038 | box = 0.4586 | obj = 1.3677 | cls = 0.0433 | lr = 0.000505
epoch 026 | step 0360 | total = 2.9114 | box = 0.3345 | obj = 1.1957 | cls = 0.0431 | lr = 0.000505
epoch 026 | step 0380 | total = 3.6834 | box = 0.4623 | obj = 1.3272 | cls = 0.0447 | lr = 0.000505
epoch 026 | step 0400 | total = 3.3469 | box = 0.4041 | obj = 1.2896 | cls = 0.0369 | lr = 0.000505
epoch 026 | step 0420 | total = 4.0617 | box = 0.5254 | obj = 1.3965 | cls = 0.0383 | lr = 0.000505
epoch 026 | step 0440 | total = 3.4079 | box = 0.4194 | obj = 1.2700 | cls = 0.0408 | lr = 0.000505
epoch 026 | step 0460 | total = 3.8265 | box = 0.4929 | obj = 1.3227 | cls = 0.0391 | lr = 0.000505
epoch 026 | step 0480 | total = 4.0316 | box = 0.5271 | obj = 1.3621 | cls = 0.0341 | lr = 0.000505
epoch 026 | step 0500 | total = 4.3273 | box = 0.5869 | obj = 1.3582 | cls = 0.0348 | lr = 0.000505
epoch 026 | step 0520 | total = 3.6217 | box = 0.4733 | obj = 1.2153 | cls = 0.0400 | lr = 0.000505
epoch 026 | step 0540 | total = 3.4516 | box = 0.4206 | obj = 1.3063 | cls = 0.0423 | lr = 0.000505
epoch 026 | step 0560 | total = 3.7805 | box = 0.5022 | obj = 1.2332 | cls = 0.0361 | lr = 0.000505
epoch 026 | step 0580 | total = 4.0685 | box = 0.5366 | obj = 1.3480 | cls = 0.0375 | lr = 0.000505
epoch 026 | step 0600 | total = 3.7974 | box = 0.4790 | obj = 1.3589 | cls = 0.0433 | lr = 0.000505
epoch 026 | step 0620 | total = 3.2359 | box = 0.3963 | obj = 1.2190 | cls = 0.0352 | lr = 0.000505
epoch 026 | step 0640 | total = 3.2703 | box = 0.3862 | obj = 1.3020 | cls = 0.0374 | lr = 0.000505
epoch 026 | step 0660 | total = 4.1387 | box = 0.5574 | obj = 1.3155 | cls = 0.0362 | lr = 0.000505
epoch 026 | step 0680 | total = 3.6575 | box = 0.4804 | obj = 1.2189 | cls = 0.0367 | lr = 0.000505
epoch 026 | step 0700 | total = 3.8608 | box = 0.4530 | obj = 1.5537 | cls = 0.0422 | lr = 0.000505
epoch 026 | step 0720 | total = 3.3634 | box = 0.4212 | obj = 1.2252 | cls = 0.0319 | lr = 0.000505
epoch 026 | step 0740 | total = 2.4978 | box = 0.2743 | obj = 1.0665 | cls = 0.0600 | lr = 0.000505
epoch 026 | step 0760 | total = 3.6001 | box = 0.4384 | obj = 1.3703 | cls = 0.0380 | lr = 0.000505
epoch 026 | step 0780 | total = 3.6948 | box = 0.4673 | obj = 1.3207 | cls = 0.0378 | lr = 0.000505
epoch 026 | step 0800 | total = 4.2647 | box = 0.5684 | obj = 1.3823 | cls = 0.0402 | lr = 0.000505
epoch 026 | step 0820 | total = 4.1907 | box = 0.5646 | obj = 1.3241 | cls = 0.0435 | lr = 0.000505
epoch 026 | step 0840 | total = 3.6726 | box = 0.4368 | obj = 1.4449 | cls = 0.0436 | lr = 0.000505
epoch 026 | step 0860 | total = 4.0174 | box = 0.5194 | obj = 1.3752 | cls = 0.0450 | lr = 0.000505
epoch 026 | step 0880 | total = 3.0786 | box = 0.3718 | obj = 1.1783 | cls = 0.0410 | lr = 0.000505
epoch 026 | step 0900 | total = 4.3249 | box = 0.5750 | obj = 1.4177 | cls = 0.0324 | lr = 0.000505
epoch 026 | step 0920 | total = 2.8232 | box = 0.3273 | obj = 1.1451 | cls = 0.0416 | lr = 0.000505
[epoch 026 train] total = 3.5830 | box = 0.4557 | obj = 1.2638 | cls = 0.0407 | steps = 925 | global_batches = 7400 | samples = 118288 | time = 987.8s
[epoch 026 val] total = 4.4485 | box = 0.5659 | obj = 1.5760 | cls = 0.0428 | steps = 40 | global_batches = 320 | samples = 5000 | time = 30.2s
epoch 027 | step 0001 | total = 3.2650 | box = 0.4106 | obj = 1.1659 | cls = 0.0460 | lr = 0.000474
epoch 027 | step 0020 | total = 3.1095 | box = 0.3776 | obj = 1.1787 | cls = 0.0426 | lr = 0.000474
epoch 027 | step 0040 | total = 2.4067 | box = 0.2797 | obj = 0.9658 | cls = 0.0425 | lr = 0.000474
epoch 027 | step 0060 | total = 3.6535 | box = 0.4727 | obj = 1.2535 | cls = 0.0367 | lr = 0.000474
epoch 027 | step 0080 | total = 3.5340 | box = 0.4492 | obj = 1.2442 | cls = 0.0438 | lr = 0.000474
epoch 027 | step 0100 | total = 3.9236 | box = 0.5029 | obj = 1.3643 | cls = 0.0447 | lr = 0.000474
epoch 027 | step 0120 | total = 3.6062 | box = 0.4612 | obj = 1.2621 | cls = 0.0381 | lr = 0.000474
epoch 027 | step 0140 | total = 2.9792 | box = 0.3613 | obj = 1.1229 | cls = 0.0496 | lr = 0.000474
epoch 027 | step 0160 | total = 3.3085 | box = 0.4136 | obj = 1.2027 | cls = 0.0380 | lr = 0.000474
epoch 027 | step 0180 | total = 3.7063 | box = 0.4924 | obj = 1.2101 | cls = 0.0340 | lr = 0.000474
epoch 027 | step 0200 | total = 3.2794 | box = 0.3981 | obj = 1.2425 | cls = 0.0463 | lr = 0.000474
epoch 027 | step 0220 | total = 3.0324 | box = 0.3607 | obj = 1.1906 | cls = 0.0382 | lr = 0.000474
epoch 027 | step 0240 | total = 3.9794 | box = 0.5274 | obj = 1.2986 | cls = 0.0437 | lr = 0.000474
epoch 027 | step 0260 | total = 3.9819 | box = 0.5262 | obj = 1.3141 | cls = 0.0366 | lr = 0.000474
epoch 027 | step 0280 | total = 4.7600 | box = 0.6456 | obj = 1.4823 | cls = 0.0498 | lr = 0.000474
epoch 027 | step 0300 | total = 3.2463 | box = 0.4012 | obj = 1.1997 | cls = 0.0404 | lr = 0.000474
epoch 027 | step 0320 | total = 3.7446 | box = 0.4674 | obj = 1.3639 | cls = 0.0438 | lr = 0.000474
epoch 027 | step 0340 | total = 3.1114 | box = 0.3680 | obj = 1.2333 | cls = 0.0382 | lr = 0.000474
epoch 027 | step 0360 | total = 3.6261 | box = 0.4790 | obj = 1.1893 | cls = 0.0418 | lr = 0.000474
epoch 027 | step 0380 | total = 4.2029 | box = 0.5502 | obj = 1.4145 | cls = 0.0376 | lr = 0.000474
epoch 027 | step 0400 | total = 3.6582 | box = 0.4459 | obj = 1.3841 | cls = 0.0448 | lr = 0.000474
epoch 027 | step 0420 | total = 2.4375 | box = 0.2813 | obj = 0.9909 | cls = 0.0400 | lr = 0.000474
epoch 027 | step 0440 | total = 3.2480 | box = 0.3786 | obj = 1.3097 | cls = 0.0451 | lr = 0.000474
epoch 027 | step 0460 | total = 3.8520 | box = 0.5093 | obj = 1.2622 | cls = 0.0435 | lr = 0.000474
epoch 027 | step 0480 | total = 4.2846 | box = 0.5792 | obj = 1.3572 | cls = 0.0313 | lr = 0.000474
epoch 027 | step 0500 | total = 3.7708 | box = 0.4998 | obj = 1.2163 | cls = 0.0555 | lr = 0.000474
epoch 027 | step 0520 | total = 3.3795 | box = 0.4157 | obj = 1.2608 | cls = 0.0401 | lr = 0.000474
epoch 027 | step 0540 | total = 4.3103 | box = 0.5874 | obj = 1.3371 | cls = 0.0361 | lr = 0.000474
epoch 027 | step 0560 | total = 3.1018 | box = 0.3786 | obj = 1.1666 | cls = 0.0421 | lr = 0.000474
epoch 027 | step 0580 | total = 3.8066 | box = 0.4760 | obj = 1.3850 | cls = 0.0416 | lr = 0.000474
epoch 027 | step 0600 | total = 3.7139 | box = 0.4995 | obj = 1.1755 | cls = 0.0411 | lr = 0.000474
epoch 027 | step 0620 | total = 3.3011 | box = 0.4020 | obj = 1.2521 | cls = 0.0389 | lr = 0.000474
epoch 027 | step 0640 | total = 3.3675 | box = 0.4083 | obj = 1.2797 | cls = 0.0461 | lr = 0.000474
epoch 027 | step 0660 | total = 3.5898 | box = 0.4730 | obj = 1.1930 | cls = 0.0319 | lr = 0.000474
epoch 027 | step 0680 | total = 3.3087 | box = 0.4089 | obj = 1.2172 | cls = 0.0467 | lr = 0.000474
epoch 027 | step 0700 | total = 3.1135 | box = 0.3676 | obj = 1.2349 | cls = 0.0405 | lr = 0.000474
epoch 027 | step 0720 | total = 4.2360 | box = 0.5948 | obj = 1.2301 | cls = 0.0321 | lr = 0.000474
epoch 027 | step 0740 | total = 3.7136 | box = 0.4740 | obj = 1.3063 | cls = 0.0370 | lr = 0.000474
epoch 027 | step 0760 | total = 3.0231 | box = 0.3602 | obj = 1.1783 | cls = 0.0435 | lr = 0.000474
epoch 027 | step 0780 | total = 4.2062 | box = 0.5681 | obj = 1.3320 | cls = 0.0337 | lr = 0.000474
epoch 027 | step 0800 | total = 3.5211 | box = 0.4518 | obj = 1.2158 | cls = 0.0463 | lr = 0.000474
epoch 027 | step 0820 | total = 3.5927 | box = 0.4553 | obj = 1.2747 | cls = 0.0415 | lr = 0.000474
epoch 027 | step 0840 | total = 3.0670 | box = 0.3610 | obj = 1.2235 | cls = 0.0386 | lr = 0.000474
epoch 027 | step 0860 | total = 3.6917 | box = 0.4739 | obj = 1.2862 | cls = 0.0360 | lr = 0.000474
epoch 027 | step 0880 | total = 3.5933 | box = 0.4324 | obj = 1.3815 | cls = 0.0498 | lr = 0.000474
epoch 027 | step 0900 | total = 3.3112 | box = 0.3966 | obj = 1.2925 | cls = 0.0356 | lr = 0.000474
epoch 027 | step 0920 | total = 3.6330 | box = 0.4601 | obj = 1.2983 | cls = 0.0342 | lr = 0.000474
[epoch 027 train] total = 3.5146 | box = 0.4470 | obj = 1.2391 | cls = 0.0405 | steps = 925 | global_batches = 7400 | samples = 118288 | time = 991.7s
[epoch 027 val] total = 4.4527 | box = 0.5643 | obj = 1.5883 | cls = 0.0428 | steps = 40 | global_batches = 320 | samples = 5000 | time = 30.5s
epoch 028 | step 0001 | total = 3.8381 | box = 0.4861 | obj = 1.3539 | cls = 0.0539 | lr = 0.000443
epoch 028 | step 0020 | total = 2.9303 | box = 0.3349 | obj = 1.2153 | cls = 0.0405 | lr = 0.000443
epoch 028 | step 0040 | total = 3.8501 | box = 0.4943 | obj = 1.3340 | cls = 0.0447 | lr = 0.000443
epoch 028 | step 0060 | total = 3.3063 | box = 0.4138 | obj = 1.2044 | cls = 0.0329 | lr = 0.000443
epoch 028 | step 0080 | total = 3.3857 | box = 0.4340 | obj = 1.1800 | cls = 0.0358 | lr = 0.000443
epoch 028 | step 0100 | total = 3.9887 | box = 0.5234 | obj = 1.3363 | cls = 0.0354 | lr = 0.000443
epoch 028 | step 0120 | total = 3.6111 | box = 0.4667 | obj = 1.2334 | cls = 0.0442 | lr = 0.000443
epoch 028 | step 0140 | total = 3.4325 | box = 0.4431 | obj = 1.1769 | cls = 0.0403 | lr = 0.000443
epoch 028 | step 0160 | total = 2.9230 | box = 0.3411 | obj = 1.1736 | cls = 0.0439 | lr = 0.000443
epoch 028 | step 0180 | total = 3.3924 | box = 0.4243 | obj = 1.2270 | cls = 0.0438 | lr = 0.000443
epoch 028 | step 0200 | total = 4.0272 | box = 0.5547 | obj = 1.2210 | cls = 0.0328 | lr = 0.000443
epoch 028 | step 0220 | total = 3.1315 | box = 0.3796 | obj = 1.1952 | cls = 0.0384 | lr = 0.000443
epoch 028 | step 0240 | total = 2.9975 | box = 0.3789 | obj = 1.0657 | cls = 0.0374 | lr = 0.000443
epoch 028 | step 0260 | total = 3.3110 | box = 0.4212 | obj = 1.1737 | cls = 0.0312 | lr = 0.000443
epoch 028 | step 0280 | total = 3.2746 | box = 0.3978 | obj = 1.2305 | cls = 0.0550 | lr = 0.000443
epoch 028 | step 0300 | total = 3.3382 | box = 0.4252 | obj = 1.1715 | cls = 0.0405 | lr = 0.000443
epoch 028 | step 0320 | total = 3.7159 | box = 0.4817 | obj = 1.2700 | cls = 0.0374 | lr = 0.000443
epoch 028 | step 0340 | total = 2.9965 | box = 0.3777 | obj = 1.0707 | cls = 0.0375 | lr = 0.000443
epoch 028 | step 0360 | total = 3.4806 | box = 0.4359 | obj = 1.2587 | cls = 0.0422 | lr = 0.000443
epoch 028 | step 0380 | total = 3.7402 | box = 0.4830 | obj = 1.2838 | cls = 0.0416 | lr = 0.000443
epoch 028 | step 0400 | total = 3.8065 | box = 0.4780 | obj = 1.3822 | cls = 0.0344 | lr = 0.000443
epoch 028 | step 0420 | total = 3.4853 | box = 0.4512 | obj = 1.1964 | cls = 0.0327 | lr = 0.000443
epoch 028 | step 0440 | total = 3.5053 | box = 0.4470 | obj = 1.2321 | cls = 0.0384 | lr = 0.000443
epoch 028 | step 0460 | total = 3.8784 | box = 0.5067 | obj = 1.3021 | cls = 0.0426 | lr = 0.000443
epoch 028 | step 0480 | total = 2.8818 | box = 0.3336 | obj = 1.1717 | cls = 0.0421 | lr = 0.000443
epoch 028 | step 0500 | total = 3.7214 | box = 0.4940 | obj = 1.2119 | cls = 0.0396 | lr = 0.000443
epoch 028 | step 0520 | total = 3.2454 | box = 0.4049 | obj = 1.1862 | cls = 0.0347 | lr = 0.000443
epoch 028 | step 0540 | total = 2.6354 | box = 0.3045 | obj = 1.0712 | cls = 0.0415 | lr = 0.000443
epoch 028 | step 0560 | total = 3.8021 | box = 0.5071 | obj = 1.2227 | cls = 0.0438 | lr = 0.000443
epoch 028 | step 0580 | total = 3.8295 | box = 0.5131 | obj = 1.2287 | cls = 0.0352 | lr = 0.000443
epoch 028 | step 0600 | total = 4.1260 | box = 0.5520 | obj = 1.3284 | cls = 0.0377 | lr = 0.000443
epoch 028 | step 0620 | total = 4.1232 | box = 0.5882 | obj = 1.1477 | cls = 0.0346 | lr = 0.000443
epoch 028 | step 0640 | total = 3.6934 | box = 0.4641 | obj = 1.3298 | cls = 0.0429 | lr = 0.000443
epoch 028 | step 0660 | total = 3.6480 | box = 0.4861 | obj = 1.1792 | cls = 0.0383 | lr = 0.000443
epoch 028 | step 0680 | total = 3.0015 | box = 0.3588 | obj = 1.1699 | cls = 0.0377 | lr = 0.000443
epoch 028 | step 0700 | total = 3.7213 | box = 0.5024 | obj = 1.1736 | cls = 0.0354 | lr = 0.000443
epoch 028 | step 0720 | total = 2.9535 | box = 0.3715 | obj = 1.0630 | cls = 0.0330 | lr = 0.000443
epoch 028 | step 0740 | total = 4.1755 | box = 0.5689 | obj = 1.3023 | cls = 0.0287 | lr = 0.000443
epoch 028 | step 0760 | total = 3.5123 | box = 0.4771 | obj = 1.0954 | cls = 0.0316 | lr = 0.000443
epoch 028 | step 0780 | total = 4.1618 | box = 0.5632 | obj = 1.3095 | cls = 0.0364 | lr = 0.000443
epoch 028 | step 0800 | total = 3.3801 | box = 0.4163 | obj = 1.2600 | cls = 0.0385 | lr = 0.000443
epoch 028 | step 0820 | total = 4.2377 | box = 0.5865 | obj = 1.2766 | cls = 0.0286 | lr = 0.000443
epoch 028 | step 0840 | total = 3.1253 | box = 0.3733 | obj = 1.2127 | cls = 0.0459 | lr = 0.000443
epoch 028 | step 0860 | total = 3.6718 | box = 0.4886 | obj = 1.1943 | cls = 0.0343 | lr = 0.000443
epoch 028 | step 0880 | total = 3.0743 | box = 0.3803 | obj = 1.1319 | cls = 0.0407 | lr = 0.000443
epoch 028 | step 0900 | total = 4.1113 | box = 0.5461 | obj = 1.3447 | cls = 0.0359 | lr = 0.000443
epoch 028 | step 0920 | total = 3.4815 | box = 0.4600 | obj = 1.1406 | cls = 0.0407 | lr = 0.000443
[epoch 028 train] total = 3.4492 | box = 0.4387 | obj = 1.2156 | cls = 0.0402 | steps = 925 | global_batches = 7400 | samples = 118288 | time = 999.0s
[epoch 028 val] total = 4.5896 | box = 0.5674 | obj = 1.7094 | cls = 0.0429 | steps = 40 | global_batches = 320 | samples = 5000 | time = 30.1s
epoch 029 | step 0001 | total = 2.8062 | box = 0.3368 | obj = 1.0804 | cls = 0.0418 | lr = 0.000412
epoch 029 | step 0020 | total = 3.3500 | box = 0.4226 | obj = 1.1975 | cls = 0.0394 | lr = 0.000412
epoch 029 | step 0040 | total = 3.0179 | box = 0.3631 | obj = 1.1547 | cls = 0.0475 | lr = 0.000412
epoch 029 | step 0060 | total = 3.5821 | box = 0.4668 | obj = 1.1991 | cls = 0.0489 | lr = 0.000412
epoch 029 | step 0080 | total = 3.3654 | box = 0.4459 | obj = 1.0963 | cls = 0.0397 | lr = 0.000412
epoch 029 | step 0100 | total = 3.2997 | box = 0.4043 | obj = 1.2292 | cls = 0.0490 | lr = 0.000412
epoch 029 | step 0120 | total = 4.0623 | box = 0.5443 | obj = 1.3080 | cls = 0.0327 | lr = 0.000412
epoch 029 | step 0140 | total = 3.2689 | box = 0.4054 | obj = 1.1877 | cls = 0.0544 | lr = 0.000412
epoch 029 | step 0160 | total = 3.2905 | box = 0.4152 | obj = 1.1809 | cls = 0.0336 | lr = 0.000412
epoch 029 | step 0180 | total = 3.5438 | box = 0.4579 | obj = 1.2180 | cls = 0.0362 | lr = 0.000412
epoch 029 | step 0200 | total = 3.5195 | box = 0.4600 | obj = 1.1820 | cls = 0.0378 | lr = 0.000412
epoch 029 | step 0220 | total = 3.0708 | box = 0.3845 | obj = 1.1025 | cls = 0.0460 | lr = 0.000412
epoch 029 | step 0240 | total = 3.0189 | box = 0.3699 | obj = 1.1282 | cls = 0.0415 | lr = 0.000412
epoch 029 | step 0260 | total = 3.1225 | box = 0.3829 | obj = 1.1649 | cls = 0.0429 | lr = 0.000412
epoch 029 | step 0280 | total = 3.5571 | box = 0.4785 | obj = 1.1252 | cls = 0.0395 | lr = 0.000412
epoch 029 | step 0300 | total = 2.5158 | box = 0.2752 | obj = 1.1018 | cls = 0.0380 | lr = 0.000412
epoch 029 | step 0320 | total = 3.1537 | box = 0.3997 | obj = 1.1208 | cls = 0.0343 | lr = 0.000412
epoch 029 | step 0340 | total = 4.1921 | box = 0.5819 | obj = 1.2463 | cls = 0.0363 | lr = 0.000412
epoch 029 | step 0360 | total = 3.5393 | box = 0.4457 | obj = 1.2726 | cls = 0.0383 | lr = 0.000412
epoch 029 | step 0380 | total = 3.5839 | box = 0.4633 | obj = 1.2345 | cls = 0.0330 | lr = 0.000412
epoch 029 | step 0400 | total = 3.2832 | box = 0.3937 | obj = 1.2631 | cls = 0.0514 | lr = 0.000412
epoch 029 | step 0420 | total = 3.3655 | box = 0.4388 | obj = 1.1312 | cls = 0.0405 | lr = 0.000412
epoch 029 | step 0440 | total = 3.8947 | box = 0.5085 | obj = 1.3088 | cls = 0.0434 | lr = 0.000412
epoch 029 | step 0460 | total = 3.0877 | box = 0.3879 | obj = 1.1161 | cls = 0.0322 | lr = 0.000412
epoch 029 | step 0480 | total = 2.8205 | box = 0.3285 | obj = 1.1344 | cls = 0.0438 | lr = 0.000412
epoch 029 | step 0500 | total = 3.6196 | box = 0.4735 | obj = 1.2108 | cls = 0.0412 | lr = 0.000412
epoch 029 | step 0520 | total = 3.0101 | box = 0.3723 | obj = 1.1047 | cls = 0.0439 | lr = 0.000412
epoch 029 | step 0540 | total = 3.5994 | box = 0.4640 | obj = 1.2493 | cls = 0.0303 | lr = 0.000412
epoch 029 | step 0560 | total = 3.6716 | box = 0.4886 | obj = 1.1977 | cls = 0.0311 | lr = 0.000412
epoch 029 | step 0580 | total = 3.6754 | box = 0.4824 | obj = 1.2275 | cls = 0.0361 | lr = 0.000412
epoch 029 | step 0600 | total = 3.8384 | box = 0.5176 | obj = 1.2225 | cls = 0.0279 | lr = 0.000412
epoch 029 | step 0620 | total = 4.0988 | box = 0.5492 | obj = 1.3082 | cls = 0.0445 | lr = 0.000412
epoch 029 | step 0640 | total = 3.2208 | box = 0.4077 | obj = 1.1485 | cls = 0.0337 | lr = 0.000412
epoch 029 | step 0660 | total = 3.1693 | box = 0.3911 | obj = 1.1808 | cls = 0.0328 | lr = 0.000412
epoch 029 | step 0680 | total = 3.5972 | box = 0.4761 | obj = 1.1784 | cls = 0.0386 | lr = 0.000412
epoch 029 | step 0700 | total = 3.4241 | box = 0.4255 | obj = 1.2441 | cls = 0.0527 | lr = 0.000412
epoch 029 | step 0720 | total = 3.4677 | box = 0.4476 | obj = 1.1875 | cls = 0.0420 | lr = 0.000412
epoch 029 | step 0740 | total = 3.1960 | box = 0.3969 | obj = 1.1728 | cls = 0.0386 | lr = 0.000412
epoch 029 | step 0760 | total = 3.1662 | box = 0.3914 | obj = 1.1738 | cls = 0.0356 | lr = 0.000412
epoch 029 | step 0780 | total = 3.5938 | box = 0.4589 | obj = 1.2580 | cls = 0.0415 | lr = 0.000412
epoch 029 | step 0800 | total = 4.0499 | box = 0.5411 | obj = 1.3005 | cls = 0.0438 | lr = 0.000412
epoch 029 | step 0820 | total = 4.7625 | box = 0.6826 | obj = 1.3091 | cls = 0.0402 | lr = 0.000412
epoch 029 | step 0840 | total = 3.3995 | box = 0.4399 | obj = 1.1614 | cls = 0.0385 | lr = 0.000412
epoch 029 | step 0860 | total = 3.7224 | box = 0.4897 | obj = 1.2397 | cls = 0.0341 | lr = 0.000412
epoch 029 | step 0880 | total = 3.3192 | box = 0.4057 | obj = 1.2415 | cls = 0.0494 | lr = 0.000412
epoch 029 | step 0900 | total = 3.6019 | box = 0.4712 | obj = 1.2104 | cls = 0.0356 | lr = 0.000412
epoch 029 | step 0920 | total = 3.8396 | box = 0.4955 | obj = 1.3273 | cls = 0.0346 | lr = 0.000412
[epoch 029 train] total = 3.3877 | box = 0.4309 | obj = 1.1933 | cls = 0.0400 | steps = 925 | global_batches = 7400 | samples = 118288 | time = 996.2s
[epoch 029 val] total = 4.6550 | box = 0.5698 | obj = 1.7629 | cls = 0.0430 | steps = 40 | global_batches = 320 | samples = 5000 | time = 30.1s
epoch 030 | step 0001 | total = 3.2633 | box = 0.4003 | obj = 1.2296 | cls = 0.0322 | lr = 0.000382
epoch 030 | step 0020 | total = 3.0331 | box = 0.3765 | obj = 1.1156 | cls = 0.0348 | lr = 0.000382
epoch 030 | step 0040 | total = 3.4242 | box = 0.4420 | obj = 1.1746 | cls = 0.0394 | lr = 0.000382
epoch 030 | step 0060 | total = 3.2666 | box = 0.4239 | obj = 1.0968 | cls = 0.0502 | lr = 0.000382
epoch 030 | step 0080 | total = 3.7413 | box = 0.4979 | obj = 1.2173 | cls = 0.0343 | lr = 0.000382
epoch 030 | step 0100 | total = 3.0031 | box = 0.3536 | obj = 1.1858 | cls = 0.0492 | lr = 0.000382
epoch 030 | step 0120 | total = 2.9095 | box = 0.3512 | obj = 1.1157 | cls = 0.0378 | lr = 0.000382
epoch 030 | step 0140 | total = 3.8506 | box = 0.4974 | obj = 1.3294 | cls = 0.0341 | lr = 0.000382
epoch 030 | step 0160 | total = 3.4752 | box = 0.4450 | obj = 1.2130 | cls = 0.0369 | lr = 0.000382
epoch 030 | step 0180 | total = 2.5075 | box = 0.3019 | obj = 0.9644 | cls = 0.0337 | lr = 0.000382
epoch 030 | step 0200 | total = 3.3894 | box = 0.4422 | obj = 1.1406 | cls = 0.0378 | lr = 0.000382
epoch 030 | step 0220 | total = 2.4911 | box = 0.2893 | obj = 1.0039 | cls = 0.0407 | lr = 0.000382
epoch 030 | step 0240 | total = 2.6204 | box = 0.3043 | obj = 1.0616 | cls = 0.0371 | lr = 0.000382
epoch 030 | step 0260 | total = 3.4077 | box = 0.4429 | obj = 1.1494 | cls = 0.0436 | lr = 0.000382
epoch 030 | step 0280 | total = 3.3869 | box = 0.4387 | obj = 1.1529 | cls = 0.0405 | lr = 0.000382
epoch 030 | step 0300 | total = 3.9246 | box = 0.5026 | obj = 1.3772 | cls = 0.0344 | lr = 0.000382
epoch 030 | step 0320 | total = 4.1321 | box = 0.5742 | obj = 1.2207 | cls = 0.0404 | lr = 0.000382
epoch 030 | step 0340 | total = 3.4135 | box = 0.4110 | obj = 1.3091 | cls = 0.0495 | lr = 0.000382
epoch 030 | step 0360 | total = 3.1435 | box = 0.3801 | obj = 1.2024 | cls = 0.0406 | lr = 0.000382
epoch 030 | step 0380 | total = 3.4222 | box = 0.4446 | obj = 1.1571 | cls = 0.0423 | lr = 0.000382
epoch 030 | step 0400 | total = 3.8360 | box = 0.5068 | obj = 1.2593 | cls = 0.0427 | lr = 0.000382
epoch 030 | step 0420 | total = 3.2619 | box = 0.4132 | obj = 1.1427 | cls = 0.0534 | lr = 0.000382
epoch 030 | step 0440 | total = 3.1282 | box = 0.3738 | obj = 1.2238 | cls = 0.0354 | lr = 0.000382
epoch 030 | step 0460 | total = 3.8110 | box = 0.4894 | obj = 1.3177 | cls = 0.0462 | lr = 0.000382
epoch 030 | step 0480 | total = 3.0703 | box = 0.3746 | obj = 1.1575 | cls = 0.0401 | lr = 0.000382
epoch 030 | step 0500 | total = 2.9662 | box = 0.3641 | obj = 1.1097 | cls = 0.0362 | lr = 0.000382
epoch 030 | step 0520 | total = 4.1072 | box = 0.5609 | obj = 1.2609 | cls = 0.0420 | lr = 0.000382
epoch 030 | step 0540 | total = 3.6703 | box = 0.4687 | obj = 1.2876 | cls = 0.0390 | lr = 0.000382
epoch 030 | step 0560 | total = 3.4962 | box = 0.4425 | obj = 1.2366 | cls = 0.0470 | lr = 0.000382
epoch 030 | step 0580 | total = 3.9148 | box = 0.5706 | obj = 1.0305 | cls = 0.0314 | lr = 0.000382
epoch 030 | step 0600 | total = 2.7742 | box = 0.3322 | obj = 1.0817 | cls = 0.0316 | lr = 0.000382
epoch 030 | step 0620 | total = 4.0584 | box = 0.5636 | obj = 1.2016 | cls = 0.0387 | lr = 0.000382
epoch 030 | step 0640 | total = 3.9935 | box = 0.5418 | obj = 1.2414 | cls = 0.0431 | lr = 0.000382
epoch 030 | step 0660 | total = 3.7915 | box = 0.4853 | obj = 1.3278 | cls = 0.0372 | lr = 0.000382
epoch 030 | step 0680 | total = 3.0574 | box = 0.3763 | obj = 1.1371 | cls = 0.0389 | lr = 0.000382
epoch 030 | step 0700 | total = 3.0155 | box = 0.3788 | obj = 1.0793 | cls = 0.0420 | lr = 0.000382
epoch 030 | step 0720 | total = 3.5292 | box = 0.4267 | obj = 1.3559 | cls = 0.0398 | lr = 0.000382
epoch 030 | step 0740 | total = 3.1320 | box = 0.3986 | obj = 1.0961 | cls = 0.0426 | lr = 0.000382
epoch 030 | step 0760 | total = 2.6781 | box = 0.3083 | obj = 1.0950 | cls = 0.0415 | lr = 0.000382
epoch 030 | step 0780 | total = 3.3202 | box = 0.4380 | obj = 1.0947 | cls = 0.0353 | lr = 0.000382
epoch 030 | step 0800 | total = 2.5740 | box = 0.2968 | obj = 1.0380 | cls = 0.0520 | lr = 0.000382
epoch 030 | step 0820 | total = 3.8965 | box = 0.5267 | obj = 1.2233 | cls = 0.0394 | lr = 0.000382
epoch 030 | step 0840 | total = 3.7969 | box = 0.5038 | obj = 1.2440 | cls = 0.0339 | lr = 0.000382
epoch 030 | step 0860 | total = 3.1699 | box = 0.4031 | obj = 1.1187 | cls = 0.0355 | lr = 0.000382
epoch 030 | step 0880 | total = 3.3078 | box = 0.4102 | obj = 1.2153 | cls = 0.0413 | lr = 0.000382
epoch 030 | step 0900 | total = 3.7655 | box = 0.5128 | obj = 1.1690 | cls = 0.0325 | lr = 0.000382
epoch 030 | step 0920 | total = 3.8155 | box = 0.4875 | obj = 1.3405 | cls = 0.0374 | lr = 0.000382
[epoch 030 train] total = 3.3301 | box = 0.4235 | obj = 1.1729 | cls = 0.0398 | steps = 925 | global_batches = 7400 | samples = 118288 | time = 1003.4s
[epoch 030 val] total = 4.5523 | box = 0.5687 | obj = 1.6659 | cls = 0.0428 | steps = 40 | global_batches = 320 | samples = 5000 | time = 30.2s
epoch 031 | step 0001 | total = 3.3588 | box = 0.3929 | obj = 1.3453 | cls = 0.0492 | lr = 0.000352
epoch 031 | step 0020 | total = 4.1058 | box = 0.5665 | obj = 1.2368 | cls = 0.0366 | lr = 0.000352
epoch 031 | step 0040 | total = 3.3365 | box = 0.4083 | obj = 1.2533 | cls = 0.0415 | lr = 0.000352
epoch 031 | step 0060 | total = 2.6377 | box = 0.3198 | obj = 0.9972 | cls = 0.0414 | lr = 0.000352
epoch 031 | step 0080 | total = 3.1545 | box = 0.3960 | obj = 1.1435 | cls = 0.0309 | lr = 0.000352
epoch 031 | step 0100 | total = 3.3511 | box = 0.4221 | obj = 1.2126 | cls = 0.0280 | lr = 0.000352
epoch 031 | step 0120 | total = 3.7902 | box = 0.4919 | obj = 1.2915 | cls = 0.0391 | lr = 0.000352
epoch 031 | step 0140 | total = 3.9314 | box = 0.5196 | obj = 1.3009 | cls = 0.0327 | lr = 0.000352
epoch 031 | step 0160 | total = 3.8603 | box = 0.5103 | obj = 1.2736 | cls = 0.0351 | lr = 0.000352
epoch 031 | step 0180 | total = 3.7986 | box = 0.5188 | obj = 1.1669 | cls = 0.0379 | lr = 0.000352
epoch 031 | step 0200 | total = 3.2557 | box = 0.4165 | obj = 1.1379 | cls = 0.0354 | lr = 0.000352
epoch 031 | step 0220 | total = 3.7889 | box = 0.5007 | obj = 1.2392 | cls = 0.0464 | lr = 0.000352
epoch 031 | step 0240 | total = 3.3512 | box = 0.4358 | obj = 1.1338 | cls = 0.0384 | lr = 0.000352
epoch 031 | step 0260 | total = 3.7473 | box = 0.4796 | obj = 1.3084 | cls = 0.0411 | lr = 0.000352
epoch 031 | step 0280 | total = 2.3753 | box = 0.2817 | obj = 0.9284 | cls = 0.0383 | lr = 0.000352
epoch 031 | step 0300 | total = 3.0292 | box = 0.3891 | obj = 1.0446 | cls = 0.0392 | lr = 0.000352
epoch 031 | step 0320 | total = 2.4780 | box = 0.2922 | obj = 0.9833 | cls = 0.0335 | lr = 0.000352
epoch 031 | step 0340 | total = 2.9542 | box = 0.3487 | obj = 1.1632 | cls = 0.0477 | lr = 0.000352
epoch 031 | step 0360 | total = 2.7936 | box = 0.3519 | obj = 0.9958 | cls = 0.0382 | lr = 0.000352
epoch 031 | step 0380 | total = 3.3677 | box = 0.4414 | obj = 1.1206 | cls = 0.0403 | lr = 0.000352
epoch 031 | step 0400 | total = 3.7150 | box = 0.4871 | obj = 1.2365 | cls = 0.0432 | lr = 0.000352
epoch 031 | step 0420 | total = 3.3324 | box = 0.4151 | obj = 1.2109 | cls = 0.0460 | lr = 0.000352
epoch 031 | step 0440 | total = 3.4382 | box = 0.4461 | obj = 1.1715 | cls = 0.0362 | lr = 0.000352
epoch 031 | step 0460 | total = 3.6264 | box = 0.4818 | obj = 1.1747 | cls = 0.0426 | lr = 0.000352
epoch 031 | step 0480 | total = 3.8901 | box = 0.5129 | obj = 1.2881 | cls = 0.0375 | lr = 0.000352
epoch 031 | step 0500 | total = 3.8267 | box = 0.4967 | obj = 1.3077 | cls = 0.0353 | lr = 0.000352
epoch 031 | step 0520 | total = 3.5578 | box = 0.4616 | obj = 1.2166 | cls = 0.0332 | lr = 0.000352
epoch 031 | step 0540 | total = 4.0832 | box = 0.5131 | obj = 1.4790 | cls = 0.0389 | lr = 0.000352
epoch 031 | step 0560 | total = 3.3725 | box = 0.4222 | obj = 1.2157 | cls = 0.0458 | lr = 0.000352
epoch 031 | step 0580 | total = 2.6888 | box = 0.3044 | obj = 1.1171 | cls = 0.0495 | lr = 0.000352
epoch 031 | step 0600 | total = 3.1718 | box = 0.4114 | obj = 1.0662 | cls = 0.0487 | lr = 0.000352
epoch 031 | step 0620 | total = 3.2221 | box = 0.4007 | obj = 1.1744 | cls = 0.0443 | lr = 0.000352
epoch 031 | step 0640 | total = 3.4270 | box = 0.4464 | obj = 1.1613 | cls = 0.0337 | lr = 0.000352
epoch 031 | step 0660 | total = 3.4794 | box = 0.4430 | obj = 1.2201 | cls = 0.0442 | lr = 0.000352
epoch 031 | step 0680 | total = 3.0721 | box = 0.3701 | obj = 1.1754 | cls = 0.0462 | lr = 0.000352
epoch 031 | step 0700 | total = 3.3710 | box = 0.4260 | obj = 1.1961 | cls = 0.0446 | lr = 0.000352
epoch 031 | step 0720 | total = 3.0678 | box = 0.3825 | obj = 1.1170 | cls = 0.0385 | lr = 0.000352
epoch 031 | step 0740 | total = 3.0512 | box = 0.3653 | obj = 1.1838 | cls = 0.0407 | lr = 0.000352
epoch 031 | step 0760 | total = 3.1365 | box = 0.3911 | obj = 1.1442 | cls = 0.0369 | lr = 0.000352
epoch 031 | step 0780 | total = 3.3242 | box = 0.4160 | obj = 1.2047 | cls = 0.0395 | lr = 0.000352
epoch 031 | step 0800 | total = 3.3406 | box = 0.4388 | obj = 1.1082 | cls = 0.0383 | lr = 0.000352
epoch 031 | step 0820 | total = 2.3102 | box = 0.2598 | obj = 0.9613 | cls = 0.0498 | lr = 0.000352
epoch 031 | step 0840 | total = 2.6186 | box = 0.3023 | obj = 1.0677 | cls = 0.0393 | lr = 0.000352
epoch 031 | step 0860 | total = 3.1686 | box = 0.3998 | obj = 1.1391 | cls = 0.0306 | lr = 0.000352
epoch 031 | step 0880 | total = 2.8663 | box = 0.3376 | obj = 1.1352 | cls = 0.0428 | lr = 0.000352
epoch 031 | step 0900 | total = 3.3316 | box = 0.4257 | obj = 1.1682 | cls = 0.0350 | lr = 0.000352
epoch 031 | step 0920 | total = 3.4515 | box = 0.4349 | obj = 1.2307 | cls = 0.0464 | lr = 0.000352
[epoch 031 train] total = 3.2692 | box = 0.4158 | obj = 1.1504 | cls = 0.0396 | steps = 925 | global_batches = 7400 | samples = 118288 | time = 1003.6s
[epoch 031 val] total = 4.6845 | box = 0.5689 | obj = 1.7978 | cls = 0.0424 | steps = 40 | global_batches = 320 | samples = 5000 | time = 31.0s
epoch 032 | step 0001 | total = 3.2999 | box = 0.4282 | obj = 1.1214 | cls = 0.0372 | lr = 0.000323
epoch 032 | step 0020 | total = 3.2854 | box = 0.4203 | obj = 1.1481 | cls = 0.0359 | lr = 0.000323
epoch 032 | step 0040 | total = 3.2337 | box = 0.4275 | obj = 1.0631 | cls = 0.0330 | lr = 0.000323
epoch 032 | step 0060 | total = 3.7873 | box = 0.5159 | obj = 1.1800 | cls = 0.0280 | lr = 0.000323
epoch 032 | step 0080 | total = 3.2928 | box = 0.3850 | obj = 1.3249 | cls = 0.0430 | lr = 0.000323
epoch 032 | step 0100 | total = 3.0698 | box = 0.3895 | obj = 1.0801 | cls = 0.0424 | lr = 0.000323
epoch 032 | step 0120 | total = 2.8254 | box = 0.3520 | obj = 1.0261 | cls = 0.0392 | lr = 0.000323
epoch 032 | step 0140 | total = 2.9061 | box = 0.3560 | obj = 1.0857 | cls = 0.0402 | lr = 0.000323
epoch 032 | step 0160 | total = 3.3603 | box = 0.4448 | obj = 1.0992 | cls = 0.0373 | lr = 0.000323
epoch 032 | step 0180 | total = 2.9023 | box = 0.3677 | obj = 1.0295 | cls = 0.0343 | lr = 0.000323
epoch 032 | step 0200 | total = 2.5769 | box = 0.2973 | obj = 1.0456 | cls = 0.0446 | lr = 0.000323
epoch 032 | step 0220 | total = 4.1338 | box = 0.5754 | obj = 1.2153 | cls = 0.0416 | lr = 0.000323
epoch 032 | step 0240 | total = 2.7510 | box = 0.3295 | obj = 1.0701 | cls = 0.0336 | lr = 0.000323
epoch 032 | step 0260 | total = 3.4321 | box = 0.4550 | obj = 1.1176 | cls = 0.0396 | lr = 0.000323
epoch 032 | step 0280 | total = 2.9932 | box = 0.3672 | obj = 1.1238 | cls = 0.0336 | lr = 0.000323
epoch 032 | step 0300 | total = 3.1648 | box = 0.4035 | obj = 1.1110 | cls = 0.0363 | lr = 0.000323
epoch 032 | step 0320 | total = 2.7488 | box = 0.3416 | obj = 1.0042 | cls = 0.0364 | lr = 0.000323
epoch 032 | step 0340 | total = 3.3943 | box = 0.4393 | obj = 1.1630 | cls = 0.0350 | lr = 0.000323
epoch 032 | step 0360 | total = 3.0366 | box = 0.3886 | obj = 1.0637 | cls = 0.0298 | lr = 0.000323
epoch 032 | step 0380 | total = 2.6747 | box = 0.3008 | obj = 1.1207 | cls = 0.0502 | lr = 0.000323
epoch 032 | step 0400 | total = 3.5707 | box = 0.4909 | obj = 1.0878 | cls = 0.0285 | lr = 0.000323
epoch 032 | step 0420 | total = 2.3875 | box = 0.2844 | obj = 0.9121 | cls = 0.0536 | lr = 0.000323
epoch 032 | step 0440 | total = 2.9945 | box = 0.3422 | obj = 1.2434 | cls = 0.0399 | lr = 0.000323
epoch 032 | step 0460 | total = 2.8374 | box = 0.3474 | obj = 1.0614 | cls = 0.0389 | lr = 0.000323
epoch 032 | step 0480 | total = 3.3199 | box = 0.4384 | obj = 1.0916 | cls = 0.0364 | lr = 0.000323
epoch 032 | step 0500 | total = 2.8551 | box = 0.3254 | obj = 1.1771 | cls = 0.0512 | lr = 0.000323
epoch 032 | step 0520 | total = 3.4339 | box = 0.4289 | obj = 1.2476 | cls = 0.0418 | lr = 0.000323
epoch 032 | step 0540 | total = 3.6277 | box = 0.4736 | obj = 1.2273 | cls = 0.0322 | lr = 0.000323
epoch 032 | step 0560 | total = 3.3434 | box = 0.4312 | obj = 1.1462 | cls = 0.0409 | lr = 0.000323
epoch 032 | step 0580 | total = 3.8252 | box = 0.5178 | obj = 1.1945 | cls = 0.0415 | lr = 0.000323
epoch 032 | step 0600 | total = 2.9972 | box = 0.3801 | obj = 1.0648 | cls = 0.0317 | lr = 0.000323
epoch 032 | step 0620 | total = 3.6066 | box = 0.4621 | obj = 1.2621 | cls = 0.0342 | lr = 0.000323
epoch 032 | step 0640 | total = 3.8813 | box = 0.5408 | obj = 1.1427 | cls = 0.0345 | lr = 0.000323
epoch 032 | step 0660 | total = 2.9829 | box = 0.3565 | obj = 1.1650 | cls = 0.0355 | lr = 0.000323
epoch 032 | step 0680 | total = 2.6064 | box = 0.3130 | obj = 0.9971 | cls = 0.0440 | lr = 0.000323
epoch 032 | step 0700 | total = 3.2176 | box = 0.3970 | obj = 1.1878 | cls = 0.0447 | lr = 0.000323
epoch 032 | step 0720 | total = 3.1492 | box = 0.3900 | obj = 1.1651 | cls = 0.0344 | lr = 0.000323
epoch 032 | step 0740 | total = 2.8879 | box = 0.3515 | obj = 1.0912 | cls = 0.0391 | lr = 0.000323
epoch 032 | step 0760 | total = 3.4432 | box = 0.4393 | obj = 1.2077 | cls = 0.0390 | lr = 0.000323
epoch 032 | step 0780 | total = 3.0573 | box = 0.3696 | obj = 1.1629 | cls = 0.0463 | lr = 0.000323
epoch 032 | step 0800 | total = 3.3341 | box = 0.4313 | obj = 1.1387 | cls = 0.0387 | lr = 0.000323
epoch 032 | step 0820 | total = 2.8479 | box = 0.3433 | obj = 1.0893 | cls = 0.0423 | lr = 0.000323
epoch 032 | step 0840 | total = 2.9197 | box = 0.3768 | obj = 0.9908 | cls = 0.0446 | lr = 0.000323
epoch 032 | step 0860 | total = 2.7774 | box = 0.3412 | obj = 1.0357 | cls = 0.0358 | lr = 0.000323
epoch 032 | step 0880 | total = 2.9225 | box = 0.3432 | obj = 1.1588 | cls = 0.0477 | lr = 0.000323
epoch 032 | step 0900 | total = 3.2290 | box = 0.4131 | obj = 1.1278 | cls = 0.0356 | lr = 0.000323
epoch 032 | step 0920 | total = 3.6805 | box = 0.4813 | obj = 1.2420 | cls = 0.0320 | lr = 0.000323
[epoch 032 train] total = 3.2077 | box = 0.4081 | obj = 1.1277 | cls = 0.0394 | steps = 925 | global_batches = 7400 | samples = 118288 | time = 1007.2s
[epoch 032 val] total = 4.6739 | box = 0.5689 | obj = 1.7867 | cls = 0.0427 | steps = 40 | global_batches = 320 | samples = 5000 | time = 30.3s
epoch 033 | step 0001 | total = 3.0973 | box = 0.3865 | obj = 1.1144 | cls = 0.0503 | lr = 0.000294
epoch 033 | step 0020 | total = 3.3561 | box = 0.4311 | obj = 1.1556 | cls = 0.0452 | lr = 0.000294
epoch 033 | step 0040 | total = 3.0826 | box = 0.3521 | obj = 1.2588 | cls = 0.0631 | lr = 0.000294
epoch 033 | step 0060 | total = 2.3356 | box = 0.2801 | obj = 0.8923 | cls = 0.0426 | lr = 0.000294
epoch 033 | step 0080 | total = 3.7443 | box = 0.4941 | obj = 1.2313 | cls = 0.0423 | lr = 0.000294
epoch 033 | step 0100 | total = 3.2346 | box = 0.3949 | obj = 1.2198 | cls = 0.0401 | lr = 0.000294
epoch 033 | step 0120 | total = 3.7273 | box = 0.5192 | obj = 1.1034 | cls = 0.0278 | lr = 0.000294
epoch 033 | step 0140 | total = 3.3923 | box = 0.4452 | obj = 1.1295 | cls = 0.0366 | lr = 0.000294
epoch 033 | step 0160 | total = 3.1807 | box = 0.3929 | obj = 1.1670 | cls = 0.0492 | lr = 0.000294
epoch 033 | step 0180 | total = 3.0027 | box = 0.3813 | obj = 1.0638 | cls = 0.0322 | lr = 0.000294
epoch 033 | step 0200 | total = 3.5905 | box = 0.4592 | obj = 1.2474 | cls = 0.0469 | lr = 0.000294
epoch 033 | step 0220 | total = 3.0046 | box = 0.3852 | obj = 1.0375 | cls = 0.0410 | lr = 0.000294
epoch 033 | step 0240 | total = 3.2184 | box = 0.4156 | obj = 1.1040 | cls = 0.0365 | lr = 0.000294
epoch 033 | step 0260 | total = 3.1369 | box = 0.3798 | obj = 1.1967 | cls = 0.0413 | lr = 0.000294
epoch 033 | step 0280 | total = 3.3713 | box = 0.4435 | obj = 1.1174 | cls = 0.0362 | lr = 0.000294
epoch 033 | step 0300 | total = 3.0839 | box = 0.3864 | obj = 1.1188 | cls = 0.0333 | lr = 0.000294
epoch 033 | step 0320 | total = 2.6018 | box = 0.3085 | obj = 1.0167 | cls = 0.0425 | lr = 0.000294
epoch 033 | step 0340 | total = 4.2104 | box = 0.5705 | obj = 1.3176 | cls = 0.0405 | lr = 0.000294
epoch 033 | step 0360 | total = 3.0095 | box = 0.3727 | obj = 1.1017 | cls = 0.0441 | lr = 0.000294
epoch 033 | step 0380 | total = 2.8638 | box = 0.3487 | obj = 1.0737 | cls = 0.0468 | lr = 0.000294
epoch 033 | step 0400 | total = 3.0774 | box = 0.3827 | obj = 1.1233 | cls = 0.0405 | lr = 0.000294
epoch 033 | step 0420 | total = 3.4620 | box = 0.4725 | obj = 1.0633 | cls = 0.0363 | lr = 0.000294
epoch 033 | step 0440 | total = 2.3963 | box = 0.2817 | obj = 0.9439 | cls = 0.0441 | lr = 0.000294
epoch 033 | step 0460 | total = 3.0946 | box = 0.3775 | obj = 1.1766 | cls = 0.0306 | lr = 0.000294
epoch 033 | step 0480 | total = 2.8954 | box = 0.3680 | obj = 1.0237 | cls = 0.0314 | lr = 0.000294
epoch 033 | step 0500 | total = 4.0629 | box = 0.5449 | obj = 1.2918 | cls = 0.0467 | lr = 0.000294
epoch 033 | step 0520 | total = 2.9986 | box = 0.3756 | obj = 1.0857 | cls = 0.0349 | lr = 0.000294
epoch 033 | step 0540 | total = 3.7154 | box = 0.4929 | obj = 1.2134 | cls = 0.0376 | lr = 0.000294
epoch 033 | step 0560 | total = 2.9337 | box = 0.3702 | obj = 1.0396 | cls = 0.0431 | lr = 0.000294
epoch 033 | step 0580 | total = 3.2409 | box = 0.4201 | obj = 1.0907 | cls = 0.0497 | lr = 0.000294
epoch 033 | step 0600 | total = 2.8984 | box = 0.3446 | obj = 1.1319 | cls = 0.0437 | lr = 0.000294
epoch 033 | step 0620 | total = 3.1996 | box = 0.4170 | obj = 1.0738 | cls = 0.0406 | lr = 0.000294
epoch 033 | step 0640 | total = 3.2318 | box = 0.4115 | obj = 1.1363 | cls = 0.0382 | lr = 0.000294
epoch 033 | step 0660 | total = 3.5169 | box = 0.4686 | obj = 1.1266 | cls = 0.0473 | lr = 0.000294
epoch 033 | step 0680 | total = 3.4971 | box = 0.4774 | obj = 1.0775 | cls = 0.0324 | lr = 0.000294
epoch 033 | step 0700 | total = 2.4911 | box = 0.2894 | obj = 1.0108 | cls = 0.0331 | lr = 0.000294
epoch 033 | step 0720 | total = 2.8745 | box = 0.3425 | obj = 1.1224 | cls = 0.0398 | lr = 0.000294
epoch 033 | step 0740 | total = 3.0425 | box = 0.3880 | obj = 1.0659 | cls = 0.0368 | lr = 0.000294
epoch 033 | step 0760 | total = 3.2719 | box = 0.4260 | obj = 1.1131 | cls = 0.0286 | lr = 0.000294
epoch 033 | step 0780 | total = 2.9011 | box = 0.3545 | obj = 1.0873 | cls = 0.0415 | lr = 0.000294
epoch 033 | step 0800 | total = 3.9046 | box = 0.5269 | obj = 1.2289 | cls = 0.0414 | lr = 0.000294
epoch 033 | step 0820 | total = 3.5263 | box = 0.4636 | obj = 1.1714 | cls = 0.0371 | lr = 0.000294
epoch 033 | step 0840 | total = 2.3327 | box = 0.2645 | obj = 0.9721 | cls = 0.0381 | lr = 0.000294
epoch 033 | step 0860 | total = 3.7446 | box = 0.5040 | obj = 1.1942 | cls = 0.0305 | lr = 0.000294
epoch 033 | step 0880 | total = 3.4844 | box = 0.4350 | obj = 1.2692 | cls = 0.0403 | lr = 0.000294
epoch 033 | step 0900 | total = 2.6308 | box = 0.3112 | obj = 1.0367 | cls = 0.0381 | lr = 0.000294
epoch 033 | step 0920 | total = 2.5489 | box = 0.2972 | obj = 1.0211 | cls = 0.0417 | lr = 0.000294
[epoch 033 train] total = 3.1542 | box = 0.4012 | obj = 1.1088 | cls = 0.0392 | steps = 925 | global_batches = 7400 | samples = 118288 | time = 1009.7s
[epoch 033 val] total = 4.8062 | box = 0.5713 | obj = 1.9074 | cls = 0.0424 | steps = 40 | global_batches = 320 | samples = 5000 | time = 30.3s
epoch 034 | step 0001 | total = 2.1784 | box = 0.2473 | obj = 0.9004 | cls = 0.0417 | lr = 0.000267
epoch 034 | step 0020 | total = 3.2349 | box = 0.4061 | obj = 1.1649 | cls = 0.0397 | lr = 0.000267
epoch 034 | step 0040 | total = 2.8958 | box = 0.3633 | obj = 1.0303 | cls = 0.0492 | lr = 0.000267
epoch 034 | step 0060 | total = 3.1189 | box = 0.4102 | obj = 1.0296 | cls = 0.0381 | lr = 0.000267
epoch 034 | step 0080 | total = 2.9644 | box = 0.3647 | obj = 1.0991 | cls = 0.0420 | lr = 0.000267
epoch 034 | step 0100 | total = 2.8290 | box = 0.3420 | obj = 1.0798 | cls = 0.0391 | lr = 0.000267
epoch 034 | step 0120 | total = 3.7227 | box = 0.4754 | obj = 1.2962 | cls = 0.0497 | lr = 0.000267
epoch 034 | step 0140 | total = 2.9240 | box = 0.3611 | obj = 1.0793 | cls = 0.0394 | lr = 0.000267
epoch 034 | step 0160 | total = 3.0610 | box = 0.3997 | obj = 1.0203 | cls = 0.0421 | lr = 0.000267
epoch 034 | step 0180 | total = 3.1877 | box = 0.4101 | obj = 1.1002 | cls = 0.0368 | lr = 0.000267
epoch 034 | step 0200 | total = 2.1857 | box = 0.2442 | obj = 0.9263 | cls = 0.0383 | lr = 0.000267
epoch 034 | step 0220 | total = 3.0929 | box = 0.3876 | obj = 1.1186 | cls = 0.0363 | lr = 0.000267
epoch 034 | step 0240 | total = 2.6585 | box = 0.3165 | obj = 1.0365 | cls = 0.0395 | lr = 0.000267
epoch 034 | step 0260 | total = 2.7190 | box = 0.3255 | obj = 1.0506 | cls = 0.0409 | lr = 0.000267
epoch 034 | step 0280 | total = 2.4606 | box = 0.2913 | obj = 0.9663 | cls = 0.0378 | lr = 0.000267
epoch 034 | step 0300 | total = 3.0598 | box = 0.3921 | obj = 1.0468 | cls = 0.0524 | lr = 0.000267
epoch 034 | step 0320 | total = 2.9135 | box = 0.3681 | obj = 1.0304 | cls = 0.0426 | lr = 0.000267
epoch 034 | step 0340 | total = 3.2091 | box = 0.4061 | obj = 1.1418 | cls = 0.0367 | lr = 0.000267
epoch 034 | step 0360 | total = 2.6624 | box = 0.3210 | obj = 1.0219 | cls = 0.0353 | lr = 0.000267
epoch 034 | step 0380 | total = 2.1796 | box = 0.2623 | obj = 0.8273 | cls = 0.0407 | lr = 0.000267
epoch 034 | step 0400 | total = 2.9263 | box = 0.3598 | obj = 1.0939 | cls = 0.0335 | lr = 0.000267
epoch 034 | step 0420 | total = 3.1346 | box = 0.3903 | obj = 1.1459 | cls = 0.0370 | lr = 0.000267
epoch 034 | step 0440 | total = 3.1817 | box = 0.4033 | obj = 1.1269 | cls = 0.0384 | lr = 0.000267
epoch 034 | step 0460 | total = 3.0643 | box = 0.3657 | obj = 1.1984 | cls = 0.0375 | lr = 0.000267
epoch 034 | step 0480 | total = 2.8360 | box = 0.3534 | obj = 1.0259 | cls = 0.0432 | lr = 0.000267
epoch 034 | step 0500 | total = 3.0755 | box = 0.3709 | obj = 1.1805 | cls = 0.0406 | lr = 0.000267
epoch 034 | step 0520 | total = 3.1283 | box = 0.3961 | obj = 1.1012 | cls = 0.0464 | lr = 0.000267
epoch 034 | step 0540 | total = 3.1604 | box = 0.4066 | obj = 1.0943 | cls = 0.0331 | lr = 0.000267
epoch 034 | step 0560 | total = 3.1884 | box = 0.4008 | obj = 1.1516 | cls = 0.0330 | lr = 0.000267
epoch 034 | step 0580 | total = 3.0021 | box = 0.3944 | obj = 0.9981 | cls = 0.0318 | lr = 0.000267
epoch 034 | step 0600 | total = 2.3234 | box = 0.2914 | obj = 0.8189 | cls = 0.0477 | lr = 0.000267
epoch 034 | step 0620 | total = 3.0572 | box = 0.4017 | obj = 1.0094 | cls = 0.0394 | lr = 0.000267
epoch 034 | step 0640 | total = 3.5178 | box = 0.4612 | obj = 1.1805 | cls = 0.0313 | lr = 0.000267
epoch 034 | step 0660 | total = 2.8497 | box = 0.3576 | obj = 1.0330 | cls = 0.0288 | lr = 0.000267
epoch 034 | step 0680 | total = 3.1439 | box = 0.3965 | obj = 1.1251 | cls = 0.0361 | lr = 0.000267
epoch 034 | step 0700 | total = 3.0341 | box = 0.3744 | obj = 1.1147 | cls = 0.0473 | lr = 0.000267
epoch 034 | step 0720 | total = 3.2926 | box = 0.4326 | obj = 1.0923 | cls = 0.0375 | lr = 0.000267
epoch 034 | step 0740 | total = 2.7042 | box = 0.3308 | obj = 1.0085 | cls = 0.0418 | lr = 0.000267
epoch 034 | step 0760 | total = 2.7720 | box = 0.3247 | obj = 1.1057 | cls = 0.0427 | lr = 0.000267
epoch 034 | step 0780 | total = 2.9797 | box = 0.3807 | obj = 1.0425 | cls = 0.0338 | lr = 0.000267
epoch 034 | step 0800 | total = 3.1223 | box = 0.4000 | obj = 1.0826 | cls = 0.0399 | lr = 0.000267
epoch 034 | step 0820 | total = 2.5448 | box = 0.3054 | obj = 0.9876 | cls = 0.0301 | lr = 0.000267
epoch 034 | step 0840 | total = 3.3335 | box = 0.4197 | obj = 1.1993 | cls = 0.0354 | lr = 0.000267
epoch 034 | step 0860 | total = 3.3879 | box = 0.4549 | obj = 1.0763 | cls = 0.0369 | lr = 0.000267
epoch 034 | step 0880 | total = 4.0931 | box = 0.5781 | obj = 1.1660 | cls = 0.0365 | lr = 0.000267
epoch 034 | step 0900 | total = 2.6600 | box = 0.3101 | obj = 1.0680 | cls = 0.0417 | lr = 0.000267
epoch 034 | step 0920 | total = 2.8352 | box = 0.3465 | obj = 1.0671 | cls = 0.0357 | lr = 0.000267
[epoch 034 train] total = 3.1008 | box = 0.3943 | obj = 1.0903 | cls = 0.0390 | steps = 925 | global_batches = 7400 | samples = 118288 | time = 1012.7s
[epoch 034 val] total = 4.8159 | box = 0.5728 | obj = 1.9095 | cls = 0.0425 | steps = 40 | global_batches = 320 | samples = 5000 | time = 30.5s
epoch 035 | step 0001 | total = 3.3242 | box = 0.4329 | obj = 1.1224 | cls = 0.0373 | lr = 0.000240
epoch 035 | step 0020 | total = 2.3161 | box = 0.2728 | obj = 0.9178 | cls = 0.0344 | lr = 0.000240
epoch 035 | step 0040 | total = 3.5286 | box = 0.4522 | obj = 1.2262 | cls = 0.0416 | lr = 0.000240
epoch 035 | step 0060 | total = 2.7684 | box = 0.3416 | obj = 1.0191 | cls = 0.0414 | lr = 0.000240
epoch 035 | step 0080 | total = 4.0146 | box = 0.5467 | obj = 1.2434 | cls = 0.0377 | lr = 0.000240
epoch 035 | step 0100 | total = 2.8623 | box = 0.3503 | obj = 1.0822 | cls = 0.0283 | lr = 0.000240
epoch 035 | step 0120 | total = 3.3147 | box = 0.4348 | obj = 1.1068 | cls = 0.0337 | lr = 0.000240
epoch 035 | step 0140 | total = 3.0389 | box = 0.3710 | obj = 1.1414 | cls = 0.0424 | lr = 0.000240
epoch 035 | step 0160 | total = 3.5471 | box = 0.4749 | obj = 1.1373 | cls = 0.0354 | lr = 0.000240
epoch 035 | step 0180 | total = 2.7028 | box = 0.3330 | obj = 1.0046 | cls = 0.0332 | lr = 0.000240
epoch 035 | step 0200 | total = 2.8187 | box = 0.3611 | obj = 0.9816 | cls = 0.0316 | lr = 0.000240
epoch 035 | step 0220 | total = 3.5075 | box = 0.4772 | obj = 1.0819 | cls = 0.0396 | lr = 0.000240
epoch 035 | step 0240 | total = 3.2351 | box = 0.4360 | obj = 1.0229 | cls = 0.0320 | lr = 0.000240
epoch 035 | step 0260 | total = 2.2639 | box = 0.2578 | obj = 0.9300 | cls = 0.0451 | lr = 0.000240
epoch 035 | step 0280 | total = 3.2214 | box = 0.4245 | obj = 1.0639 | cls = 0.0352 | lr = 0.000240
epoch 035 | step 0300 | total = 2.7057 | box = 0.3315 | obj = 1.0131 | cls = 0.0352 | lr = 0.000240
epoch 035 | step 0320 | total = 2.5502 | box = 0.2930 | obj = 1.0571 | cls = 0.0280 | lr = 0.000240
epoch 035 | step 0340 | total = 3.2709 | box = 0.4249 | obj = 1.1150 | cls = 0.0315 | lr = 0.000240
epoch 035 | step 0360 | total = 2.8055 | box = 0.3530 | obj = 1.0007 | cls = 0.0401 | lr = 0.000240
epoch 035 | step 0380 | total = 3.1208 | box = 0.3766 | obj = 1.1973 | cls = 0.0403 | lr = 0.000240
epoch 035 | step 0400 | total = 3.1885 | box = 0.4206 | obj = 1.0480 | cls = 0.0376 | lr = 0.000240
epoch 035 | step 0420 | total = 3.5216 | box = 0.4748 | obj = 1.1118 | cls = 0.0356 | lr = 0.000240
epoch 035 | step 0440 | total = 2.5771 | box = 0.3133 | obj = 0.9680 | cls = 0.0426 | lr = 0.000240
epoch 035 | step 0460 | total = 2.5455 | box = 0.2992 | obj = 0.9927 | cls = 0.0570 | lr = 0.000240
epoch 035 | step 0480 | total = 3.3769 | box = 0.4259 | obj = 1.2094 | cls = 0.0380 | lr = 0.000240
epoch 035 | step 0500 | total = 2.7230 | box = 0.3302 | obj = 1.0379 | cls = 0.0342 | lr = 0.000240
epoch 035 | step 0520 | total = 2.9896 | box = 0.3751 | obj = 1.0723 | cls = 0.0416 | lr = 0.000240
epoch 035 | step 0540 | total = 2.9612 | box = 0.3673 | obj = 1.0833 | cls = 0.0413 | lr = 0.000240
epoch 035 | step 0560 | total = 2.9231 | box = 0.3729 | obj = 1.0116 | cls = 0.0468 | lr = 0.000240
epoch 035 | step 0580 | total = 2.5399 | box = 0.2998 | obj = 0.9955 | cls = 0.0453 | lr = 0.000240
epoch 035 | step 0600 | total = 3.1273 | box = 0.3849 | obj = 1.1611 | cls = 0.0416 | lr = 0.000240
epoch 035 | step 0620 | total = 2.5141 | box = 0.3110 | obj = 0.9105 | cls = 0.0485 | lr = 0.000240
epoch 035 | step 0640 | total = 2.5715 | box = 0.2981 | obj = 1.0462 | cls = 0.0349 | lr = 0.000240
epoch 035 | step 0660 | total = 3.2502 | box = 0.4161 | obj = 1.1316 | cls = 0.0381 | lr = 0.000240
epoch 035 | step 0680 | total = 3.6020 | box = 0.4900 | obj = 1.1119 | cls = 0.0400 | lr = 0.000240
epoch 035 | step 0700 | total = 2.5259 | box = 0.3111 | obj = 0.9362 | cls = 0.0342 | lr = 0.000240
epoch 035 | step 0720 | total = 2.8748 | box = 0.3677 | obj = 0.9970 | cls = 0.0395 | lr = 0.000240
epoch 035 | step 0740 | total = 3.0887 | box = 0.3867 | obj = 1.1179 | cls = 0.0372 | lr = 0.000240
epoch 035 | step 0760 | total = 3.0665 | box = 0.3855 | obj = 1.0862 | cls = 0.0527 | lr = 0.000240
epoch 035 | step 0780 | total = 2.6353 | box = 0.3262 | obj = 0.9515 | cls = 0.0529 | lr = 0.000240
epoch 035 | step 0800 | total = 2.5063 | box = 0.3012 | obj = 0.9633 | cls = 0.0369 | lr = 0.000240
epoch 035 | step 0820 | total = 3.6192 | box = 0.4706 | obj = 1.2292 | cls = 0.0369 | lr = 0.000240
epoch 035 | step 0840 | total = 2.4815 | box = 0.3003 | obj = 0.9456 | cls = 0.0341 | lr = 0.000240
epoch 035 | step 0860 | total = 2.6959 | box = 0.3197 | obj = 1.0448 | cls = 0.0527 | lr = 0.000240
epoch 035 | step 0880 | total = 2.9425 | box = 0.3761 | obj = 1.0258 | cls = 0.0360 | lr = 0.000240
epoch 035 | step 0900 | total = 2.4450 | box = 0.2738 | obj = 1.0294 | cls = 0.0469 | lr = 0.000240
epoch 035 | step 0920 | total = 3.5870 | box = 0.4746 | obj = 1.1779 | cls = 0.0360 | lr = 0.000240
[epoch 035 train] total = 3.0453 | box = 0.3872 | obj = 1.0704 | cls = 0.0388 | steps = 925 | global_batches = 7400 | samples = 118288 | time = 1010.8s
[epoch 035 val] total = 4.8756 | box = 0.5715 | obj = 1.9756 | cls = 0.0426 | steps = 40 | global_batches = 320 | samples = 5000 | time = 30.5s
epoch 036 | step 0001 | total = 3.9685 | box = 0.5175 | obj = 1.3485 | cls = 0.0324 | lr = 0.000214
epoch 036 | step 0020 | total = 2.3324 | box = 0.2693 | obj = 0.9514 | cls = 0.0343 | lr = 0.000214
epoch 036 | step 0040 | total = 3.2015 | box = 0.3929 | obj = 1.1982 | cls = 0.0386 | lr = 0.000214
epoch 036 | step 0060 | total = 3.6833 | box = 0.4877 | obj = 1.2095 | cls = 0.0353 | lr = 0.000214
epoch 036 | step 0080 | total = 3.5208 | box = 0.4633 | obj = 1.1684 | cls = 0.0359 | lr = 0.000214
epoch 036 | step 0100 | total = 3.1849 | box = 0.4111 | obj = 1.0971 | cls = 0.0323 | lr = 0.000214
epoch 036 | step 0120 | total = 3.7901 | box = 0.5049 | obj = 1.2276 | cls = 0.0382 | lr = 0.000214
epoch 036 | step 0140 | total = 3.4843 | box = 0.4578 | obj = 1.1522 | cls = 0.0433 | lr = 0.000214
epoch 036 | step 0160 | total = 2.8917 | box = 0.3522 | obj = 1.0982 | cls = 0.0322 | lr = 0.000214
epoch 036 | step 0180 | total = 2.5999 | box = 0.3323 | obj = 0.9065 | cls = 0.0321 | lr = 0.000214
epoch 036 | step 0200 | total = 3.3159 | box = 0.4233 | obj = 1.1616 | cls = 0.0377 | lr = 0.000214
epoch 036 | step 0220 | total = 3.7542 | box = 0.5012 | obj = 1.2164 | cls = 0.0317 | lr = 0.000214
epoch 036 | step 0240 | total = 2.5453 | box = 0.3108 | obj = 0.9478 | cls = 0.0434 | lr = 0.000214
epoch 036 | step 0260 | total = 3.8252 | box = 0.5189 | obj = 1.1870 | cls = 0.0439 | lr = 0.000214
epoch 036 | step 0280 | total = 2.4676 | box = 0.2880 | obj = 0.9918 | cls = 0.0359 | lr = 0.000214
epoch 036 | step 0300 | total = 2.3866 | box = 0.2874 | obj = 0.9050 | cls = 0.0448 | lr = 0.000214
epoch 036 | step 0320 | total = 2.6022 | box = 0.3092 | obj = 1.0080 | cls = 0.0482 | lr = 0.000214
epoch 036 | step 0340 | total = 2.9951 | box = 0.3563 | obj = 1.1750 | cls = 0.0386 | lr = 0.000214
epoch 036 | step 0360 | total = 3.1346 | box = 0.4085 | obj = 1.0555 | cls = 0.0365 | lr = 0.000214
epoch 036 | step 0380 | total = 2.8436 | box = 0.3721 | obj = 0.9553 | cls = 0.0278 | lr = 0.000214
epoch 036 | step 0400 | total = 2.7315 | box = 0.3192 | obj = 1.0973 | cls = 0.0382 | lr = 0.000214
epoch 036 | step 0420 | total = 2.7829 | box = 0.3484 | obj = 1.0172 | cls = 0.0235 | lr = 0.000214
epoch 036 | step 0440 | total = 3.0943 | box = 0.3969 | obj = 1.0760 | cls = 0.0339 | lr = 0.000214
epoch 036 | step 0460 | total = 3.0367 | box = 0.3803 | obj = 1.0896 | cls = 0.0457 | lr = 0.000214
epoch 036 | step 0480 | total = 2.2865 | box = 0.2730 | obj = 0.8891 | cls = 0.0325 | lr = 0.000214
epoch 036 | step 0500 | total = 2.9229 | box = 0.3678 | obj = 1.0405 | cls = 0.0435 | lr = 0.000214
epoch 036 | step 0520 | total = 2.5219 | box = 0.2977 | obj = 0.9703 | cls = 0.0633 | lr = 0.000214
epoch 036 | step 0540 | total = 2.9409 | box = 0.3666 | obj = 1.0723 | cls = 0.0355 | lr = 0.000214
epoch 036 | step 0560 | total = 3.3290 | box = 0.4062 | obj = 1.2646 | cls = 0.0335 | lr = 0.000214
epoch 036 | step 0580 | total = 3.1706 | box = 0.4047 | obj = 1.1121 | cls = 0.0351 | lr = 0.000214
epoch 036 | step 0600 | total = 3.6244 | box = 0.4811 | obj = 1.1827 | cls = 0.0360 | lr = 0.000214
epoch 036 | step 0620 | total = 3.1498 | box = 0.3856 | obj = 1.1853 | cls = 0.0367 | lr = 0.000214
epoch 036 | step 0640 | total = 3.5738 | box = 0.4789 | obj = 1.1450 | cls = 0.0346 | lr = 0.000214
epoch 036 | step 0660 | total = 3.0365 | box = 0.3937 | obj = 1.0269 | cls = 0.0409 | lr = 0.000214
epoch 036 | step 0680 | total = 2.7886 | box = 0.3583 | obj = 0.9662 | cls = 0.0307 | lr = 0.000214
epoch 036 | step 0700 | total = 2.7789 | box = 0.3588 | obj = 0.9592 | cls = 0.0258 | lr = 0.000214
epoch 036 | step 0720 | total = 3.1082 | box = 0.3801 | obj = 1.1594 | cls = 0.0481 | lr = 0.000214
epoch 036 | step 0740 | total = 2.8413 | box = 0.3406 | obj = 1.0931 | cls = 0.0450 | lr = 0.000214
epoch 036 | step 0760 | total = 3.1005 | box = 0.4202 | obj = 0.9666 | cls = 0.0332 | lr = 0.000214
epoch 036 | step 0780 | total = 2.5728 | box = 0.3063 | obj = 1.0069 | cls = 0.0346 | lr = 0.000214
epoch 036 | step 0800 | total = 3.2328 | box = 0.4263 | obj = 1.0657 | cls = 0.0357 | lr = 0.000214
epoch 036 | step 0820 | total = 2.9858 | box = 0.4101 | obj = 0.8990 | cls = 0.0363 | lr = 0.000214
epoch 036 | step 0840 | total = 3.2642 | box = 0.4128 | obj = 1.1599 | cls = 0.0402 | lr = 0.000214
epoch 036 | step 0860 | total = 2.8749 | box = 0.3732 | obj = 0.9620 | cls = 0.0470 | lr = 0.000214
epoch 036 | step 0880 | total = 2.7753 | box = 0.3597 | obj = 0.9358 | cls = 0.0411 | lr = 0.000214
epoch 036 | step 0900 | total = 2.9394 | box = 0.3536 | obj = 1.1273 | cls = 0.0442 | lr = 0.000214
epoch 036 | step 0920 | total = 3.4322 | box = 0.4496 | obj = 1.1515 | cls = 0.0330 | lr = 0.000214
[epoch 036 train] total = 2.9912 | box = 0.3803 | obj = 1.0510 | cls = 0.0386 | steps = 925 | global_batches = 7400 | samples = 118288 | time = 1016.9s
[epoch 036 val] total = 4.9046 | box = 0.5710 | obj = 2.0069 | cls = 0.0425 | steps = 40 | global_batches = 320 | samples = 5000 | time = 30.5s
epoch 037 | step 0001 | total = 3.1502 | box = 0.4205 | obj = 1.0155 | cls = 0.0320 | lr = 0.000189
epoch 037 | step 0020 | total = 3.3321 | box = 0.4209 | obj = 1.1778 | cls = 0.0498 | lr = 0.000189
epoch 037 | step 0040 | total = 2.6547 | box = 0.3128 | obj = 1.0479 | cls = 0.0426 | lr = 0.000189
epoch 037 | step 0060 | total = 2.8516 | box = 0.3724 | obj = 0.9421 | cls = 0.0476 | lr = 0.000189
epoch 037 | step 0080 | total = 2.8323 | box = 0.3551 | obj = 1.0176 | cls = 0.0392 | lr = 0.000189
epoch 037 | step 0100 | total = 2.9518 | box = 0.3744 | obj = 1.0440 | cls = 0.0358 | lr = 0.000189
epoch 037 | step 0120 | total = 3.3563 | box = 0.4244 | obj = 1.2004 | cls = 0.0337 | lr = 0.000189
epoch 037 | step 0140 | total = 2.5376 | box = 0.3193 | obj = 0.8982 | cls = 0.0427 | lr = 0.000189
epoch 037 | step 0160 | total = 2.3027 | box = 0.2701 | obj = 0.9125 | cls = 0.0396 | lr = 0.000189
epoch 037 | step 0180 | total = 3.1919 | box = 0.4085 | obj = 1.1140 | cls = 0.0355 | lr = 0.000189
epoch 037 | step 0200 | total = 2.0412 | box = 0.2265 | obj = 0.8550 | cls = 0.0537 | lr = 0.000189
epoch 037 | step 0220 | total = 3.5490 | box = 0.4803 | obj = 1.1112 | cls = 0.0363 | lr = 0.000189
epoch 037 | step 0240 | total = 2.6880 | box = 0.3313 | obj = 0.9953 | cls = 0.0361 | lr = 0.000189
epoch 037 | step 0260 | total = 3.2813 | box = 0.4289 | obj = 1.0923 | cls = 0.0446 | lr = 0.000189
epoch 037 | step 0280 | total = 2.9991 | box = 0.3900 | obj = 1.0216 | cls = 0.0276 | lr = 0.000189
epoch 037 | step 0300 | total = 3.1250 | box = 0.3994 | obj = 1.0954 | cls = 0.0325 | lr = 0.000189
epoch 037 | step 0320 | total = 2.9834 | box = 0.3882 | obj = 0.9993 | cls = 0.0430 | lr = 0.000189
epoch 037 | step 0340 | total = 3.4914 | box = 0.4723 | obj = 1.0989 | cls = 0.0307 | lr = 0.000189
epoch 037 | step 0360 | total = 2.7035 | box = 0.3337 | obj = 0.9928 | cls = 0.0420 | lr = 0.000189
epoch 037 | step 0380 | total = 2.3764 | box = 0.2895 | obj = 0.8941 | cls = 0.0347 | lr = 0.000189
epoch 037 | step 0400 | total = 3.4607 | box = 0.4407 | obj = 1.2231 | cls = 0.0343 | lr = 0.000189
epoch 037 | step 0420 | total = 2.7355 | box = 0.3562 | obj = 0.9158 | cls = 0.0387 | lr = 0.000189
epoch 037 | step 0440 | total = 3.3548 | box = 0.4360 | obj = 1.1382 | cls = 0.0364 | lr = 0.000189
epoch 037 | step 0460 | total = 2.6733 | box = 0.3377 | obj = 0.9434 | cls = 0.0415 | lr = 0.000189
epoch 037 | step 0480 | total = 3.8914 | box = 0.5473 | obj = 1.1257 | cls = 0.0293 | lr = 0.000189
epoch 037 | step 0500 | total = 2.6880 | box = 0.3543 | obj = 0.8786 | cls = 0.0380 | lr = 0.000189
epoch 037 | step 0520 | total = 3.0124 | box = 0.3658 | obj = 1.1358 | cls = 0.0476 | lr = 0.000189
epoch 037 | step 0540 | total = 2.7124 | box = 0.3407 | obj = 0.9733 | cls = 0.0354 | lr = 0.000189
epoch 037 | step 0560 | total = 2.6884 | box = 0.3240 | obj = 1.0375 | cls = 0.0309 | lr = 0.000189
epoch 037 | step 0580 | total = 2.9383 | box = 0.3766 | obj = 1.0272 | cls = 0.0282 | lr = 0.000189
epoch 037 | step 0600 | total = 3.2726 | box = 0.4252 | obj = 1.1183 | cls = 0.0282 | lr = 0.000189
epoch 037 | step 0620 | total = 2.3224 | box = 0.2636 | obj = 0.9638 | cls = 0.0405 | lr = 0.000189
epoch 037 | step 0640 | total = 2.3439 | box = 0.2794 | obj = 0.9090 | cls = 0.0381 | lr = 0.000189
epoch 037 | step 0660 | total = 3.1253 | box = 0.4097 | obj = 1.0497 | cls = 0.0271 | lr = 0.000189
epoch 037 | step 0680 | total = 3.2667 | box = 0.4250 | obj = 1.1113 | cls = 0.0304 | lr = 0.000189
epoch 037 | step 0700 | total = 3.7846 | box = 0.5172 | obj = 1.1535 | cls = 0.0451 | lr = 0.000189
epoch 037 | step 0720 | total = 2.8200 | box = 0.3485 | obj = 1.0394 | cls = 0.0382 | lr = 0.000189
epoch 037 | step 0740 | total = 2.2196 | box = 0.2620 | obj = 0.8650 | cls = 0.0448 | lr = 0.000189
epoch 037 | step 0760 | total = 2.5941 | box = 0.3205 | obj = 0.9567 | cls = 0.0351 | lr = 0.000189
epoch 037 | step 0780 | total = 3.2372 | box = 0.4199 | obj = 1.1010 | cls = 0.0365 | lr = 0.000189
epoch 037 | step 0800 | total = 3.0718 | box = 0.3963 | obj = 1.0555 | cls = 0.0348 | lr = 0.000189
epoch 037 | step 0820 | total = 2.5887 | box = 0.3071 | obj = 1.0188 | cls = 0.0347 | lr = 0.000189
epoch 037 | step 0840 | total = 3.0361 | box = 0.4001 | obj = 1.0077 | cls = 0.0281 | lr = 0.000189
epoch 037 | step 0860 | total = 2.4430 | box = 0.2937 | obj = 0.9369 | cls = 0.0377 | lr = 0.000189
epoch 037 | step 0880 | total = 3.0045 | box = 0.3853 | obj = 1.0350 | cls = 0.0432 | lr = 0.000189
epoch 037 | step 0900 | total = 2.6054 | box = 0.3236 | obj = 0.9540 | cls = 0.0332 | lr = 0.000189
epoch 037 | step 0920 | total = 2.5303 | box = 0.3153 | obj = 0.9164 | cls = 0.0375 | lr = 0.000189
[epoch 037 train] total = 2.9408 | box = 0.3736 | obj = 1.0342 | cls = 0.0384 | steps = 925 | global_batches = 7400 | samples = 118288 | time = 1016.7s
[epoch 037 val] total = 4.9936 | box = 0.5748 | obj = 2.0773 | cls = 0.0424 | steps = 40 | global_batches = 320 | samples = 5000 | time = 30.6s
epoch 038 | step 0001 | total = 2.9594 | box = 0.3917 | obj = 0.9588 | cls = 0.0422 | lr = 0.000166
epoch 038 | step 0020 | total = 3.2067 | box = 0.4022 | obj = 1.1525 | cls = 0.0430 | lr = 0.000166
epoch 038 | step 0040 | total = 3.3162 | box = 0.4262 | obj = 1.1421 | cls = 0.0433 | lr = 0.000166
epoch 038 | step 0060 | total = 3.1860 | box = 0.4035 | obj = 1.1288 | cls = 0.0398 | lr = 0.000166
epoch 038 | step 0080 | total = 2.8134 | box = 0.3365 | obj = 1.0824 | cls = 0.0488 | lr = 0.000166
epoch 038 | step 0100 | total = 2.5782 | box = 0.3181 | obj = 0.9596 | cls = 0.0280 | lr = 0.000166
epoch 038 | step 0120 | total = 3.2336 | box = 0.4294 | obj = 1.0567 | cls = 0.0301 | lr = 0.000166
epoch 038 | step 0140 | total = 2.4996 | box = 0.3036 | obj = 0.9438 | cls = 0.0379 | lr = 0.000166
epoch 038 | step 0160 | total = 3.0203 | box = 0.3768 | obj = 1.0968 | cls = 0.0394 | lr = 0.000166
epoch 038 | step 0180 | total = 3.8470 | box = 0.5476 | obj = 1.0767 | cls = 0.0321 | lr = 0.000166
epoch 038 | step 0200 | total = 3.6011 | box = 0.4783 | obj = 1.1723 | cls = 0.0375 | lr = 0.000166
epoch 038 | step 0220 | total = 2.9386 | box = 0.3774 | obj = 1.0205 | cls = 0.0314 | lr = 0.000166
epoch 038 | step 0240 | total = 3.0667 | box = 0.3764 | obj = 1.1452 | cls = 0.0395 | lr = 0.000166
epoch 038 | step 0260 | total = 3.2760 | box = 0.4555 | obj = 0.9656 | cls = 0.0328 | lr = 0.000166
epoch 038 | step 0280 | total = 2.5668 | box = 0.3139 | obj = 0.9589 | cls = 0.0382 | lr = 0.000166
epoch 038 | step 0300 | total = 2.6464 | box = 0.3267 | obj = 0.9821 | cls = 0.0310 | lr = 0.000166
epoch 038 | step 0320 | total = 2.9167 | box = 0.3715 | obj = 1.0150 | cls = 0.0444 | lr = 0.000166
epoch 038 | step 0340 | total = 2.7244 | box = 0.3242 | obj = 1.0542 | cls = 0.0495 | lr = 0.000166
epoch 038 | step 0360 | total = 3.5105 | box = 0.4683 | obj = 1.1416 | cls = 0.0272 | lr = 0.000166
epoch 038 | step 0380 | total = 2.9279 | box = 0.3577 | obj = 1.1008 | cls = 0.0383 | lr = 0.000166
epoch 038 | step 0400 | total = 2.9403 | box = 0.3877 | obj = 0.9676 | cls = 0.0344 | lr = 0.000166
epoch 038 | step 0420 | total = 2.2354 | box = 0.2517 | obj = 0.9320 | cls = 0.0448 | lr = 0.000166
epoch 038 | step 0440 | total = 3.1319 | box = 0.4215 | obj = 0.9869 | cls = 0.0376 | lr = 0.000166
epoch 038 | step 0460 | total = 3.4596 | box = 0.4653 | obj = 1.0954 | cls = 0.0377 | lr = 0.000166
epoch 038 | step 0480 | total = 3.5795 | box = 0.4869 | obj = 1.1086 | cls = 0.0365 | lr = 0.000166
epoch 038 | step 0500 | total = 2.6710 | box = 0.3366 | obj = 0.9504 | cls = 0.0377 | lr = 0.000166
epoch 038 | step 0520 | total = 3.2705 | box = 0.4312 | obj = 1.0777 | cls = 0.0369 | lr = 0.000166
epoch 038 | step 0540 | total = 3.0305 | box = 0.3852 | obj = 1.0706 | cls = 0.0341 | lr = 0.000166
epoch 038 | step 0560 | total = 3.6942 | box = 0.4970 | obj = 1.1735 | cls = 0.0359 | lr = 0.000166
epoch 038 | step 0580 | total = 3.4193 | box = 0.4660 | obj = 1.0472 | cls = 0.0421 | lr = 0.000166
epoch 038 | step 0600 | total = 2.2324 | box = 0.2721 | obj = 0.8338 | cls = 0.0384 | lr = 0.000166
epoch 038 | step 0620 | total = 2.9954 | box = 0.3752 | obj = 1.0742 | cls = 0.0453 | lr = 0.000166
epoch 038 | step 0640 | total = 2.8897 | box = 0.3512 | obj = 1.0979 | cls = 0.0360 | lr = 0.000166
epoch 038 | step 0660 | total = 2.2714 | box = 0.2647 | obj = 0.9094 | cls = 0.0382 | lr = 0.000166
epoch 038 | step 0680 | total = 2.0155 | box = 0.2254 | obj = 0.8524 | cls = 0.0362 | lr = 0.000166
epoch 038 | step 0700 | total = 3.3087 | box = 0.4419 | obj = 1.0666 | cls = 0.0328 | lr = 0.000166
epoch 038 | step 0720 | total = 2.7129 | box = 0.3387 | obj = 0.9834 | cls = 0.0359 | lr = 0.000166
epoch 038 | step 0740 | total = 2.5990 | box = 0.3077 | obj = 1.0232 | cls = 0.0374 | lr = 0.000166
epoch 038 | step 0760 | total = 2.6180 | box = 0.3103 | obj = 1.0360 | cls = 0.0306 | lr = 0.000166
epoch 038 | step 0780 | total = 2.8304 | box = 0.3652 | obj = 0.9745 | cls = 0.0298 | lr = 0.000166
epoch 038 | step 0800 | total = 2.7444 | box = 0.3373 | obj = 1.0205 | cls = 0.0375 | lr = 0.000166
epoch 038 | step 0820 | total = 3.4139 | box = 0.4625 | obj = 1.0614 | cls = 0.0400 | lr = 0.000166
epoch 038 | step 0840 | total = 3.5426 | box = 0.4660 | obj = 1.1790 | cls = 0.0334 | lr = 0.000166
epoch 038 | step 0860 | total = 2.8875 | box = 0.3645 | obj = 1.0387 | cls = 0.0261 | lr = 0.000166
epoch 038 | step 0880 | total = 1.9589 | box = 0.2338 | obj = 0.7473 | cls = 0.0424 | lr = 0.000166
epoch 038 | step 0900 | total = 3.3657 | box = 0.4358 | obj = 1.1513 | cls = 0.0353 | lr = 0.000166
epoch 038 | step 0920 | total = 3.1088 | box = 0.3955 | obj = 1.0848 | cls = 0.0468 | lr = 0.000166
[epoch 038 train] total = 2.8995 | box = 0.3683 | obj = 1.0200 | cls = 0.0382 | steps = 925 | global_batches = 7400 | samples = 118288 | time = 1021.9s
[epoch 038 val] total = 5.0637 | box = 0.5758 | obj = 2.1422 | cls = 0.0425 | steps = 40 | global_batches = 320 | samples = 5000 | time = 30.1s
epoch 039 | step 0001 | total = 2.5714 | box = 0.3229 | obj = 0.9204 | cls = 0.0366 | lr = 0.000144
epoch 039 | step 0020 | total = 3.8723 | box = 0.5300 | obj = 1.1861 | cls = 0.0363 | lr = 0.000144
epoch 039 | step 0040 | total = 2.6304 | box = 0.3111 | obj = 1.0334 | cls = 0.0417 | lr = 0.000144
epoch 039 | step 0060 | total = 2.8415 | box = 0.3597 | obj = 1.0045 | cls = 0.0387 | lr = 0.000144
epoch 039 | step 0080 | total = 2.9509 | box = 0.3891 | obj = 0.9694 | cls = 0.0358 | lr = 0.000144
epoch 039 | step 0100 | total = 1.8621 | box = 0.2154 | obj = 0.7455 | cls = 0.0394 | lr = 0.000144
epoch 039 | step 0120 | total = 2.6233 | box = 0.3269 | obj = 0.9544 | cls = 0.0346 | lr = 0.000144
epoch 039 | step 0140 | total = 2.5120 | box = 0.3103 | obj = 0.9219 | cls = 0.0386 | lr = 0.000144
epoch 039 | step 0160 | total = 3.2053 | box = 0.4105 | obj = 1.1167 | cls = 0.0363 | lr = 0.000144
epoch 039 | step 0180 | total = 3.2121 | box = 0.4098 | obj = 1.1327 | cls = 0.0306 | lr = 0.000144
epoch 039 | step 0200 | total = 2.8861 | box = 0.3689 | obj = 0.9985 | cls = 0.0430 | lr = 0.000144
epoch 039 | step 0220 | total = 2.5065 | box = 0.3018 | obj = 0.9484 | cls = 0.0493 | lr = 0.000144
epoch 039 | step 0240 | total = 2.6752 | box = 0.3381 | obj = 0.9425 | cls = 0.0421 | lr = 0.000144
epoch 039 | step 0260 | total = 3.0126 | box = 0.3734 | obj = 1.1086 | cls = 0.0369 | lr = 0.000144
epoch 039 | step 0280 | total = 2.6614 | box = 0.3350 | obj = 0.9537 | cls = 0.0328 | lr = 0.000144
epoch 039 | step 0300 | total = 2.3616 | box = 0.2909 | obj = 0.8704 | cls = 0.0366 | lr = 0.000144
epoch 039 | step 0320 | total = 2.8237 | box = 0.3516 | obj = 1.0221 | cls = 0.0436 | lr = 0.000144
epoch 039 | step 0340 | total = 2.6897 | box = 0.3355 | obj = 0.9756 | cls = 0.0368 | lr = 0.000144
epoch 039 | step 0360 | total = 2.7693 | box = 0.3561 | obj = 0.9617 | cls = 0.0273 | lr = 0.000144
epoch 039 | step 0380 | total = 3.0273 | box = 0.3939 | obj = 1.0243 | cls = 0.0334 | lr = 0.000144
epoch 039 | step 0400 | total = 2.2037 | box = 0.2569 | obj = 0.8761 | cls = 0.0428 | lr = 0.000144
epoch 039 | step 0420 | total = 3.4183 | box = 0.4519 | obj = 1.1191 | cls = 0.0395 | lr = 0.000144
epoch 039 | step 0440 | total = 2.3606 | box = 0.2783 | obj = 0.9193 | cls = 0.0499 | lr = 0.000144
epoch 039 | step 0460 | total = 3.9044 | box = 0.5382 | obj = 1.1745 | cls = 0.0392 | lr = 0.000144
epoch 039 | step 0480 | total = 2.7366 | box = 0.3299 | obj = 1.0469 | cls = 0.0404 | lr = 0.000144
epoch 039 | step 0500 | total = 3.6520 | box = 0.4932 | obj = 1.1481 | cls = 0.0380 | lr = 0.000144
epoch 039 | step 0520 | total = 3.0633 | box = 0.3903 | obj = 1.0729 | cls = 0.0390 | lr = 0.000144
epoch 039 | step 0540 | total = 2.7376 | box = 0.3494 | obj = 0.9594 | cls = 0.0314 | lr = 0.000144
epoch 039 | step 0560 | total = 2.2935 | box = 0.2642 | obj = 0.9330 | cls = 0.0393 | lr = 0.000144
epoch 039 | step 0580 | total = 2.3842 | box = 0.2810 | obj = 0.9405 | cls = 0.0389 | lr = 0.000144
epoch 039 | step 0600 | total = 2.2676 | box = 0.2715 | obj = 0.8812 | cls = 0.0291 | lr = 0.000144
epoch 039 | step 0620 | total = 3.6768 | box = 0.5144 | obj = 1.0694 | cls = 0.0356 | lr = 0.000144
epoch 039 | step 0640 | total = 2.7787 | box = 0.3547 | obj = 0.9665 | cls = 0.0388 | lr = 0.000144
epoch 039 | step 0660 | total = 2.6808 | box = 0.3407 | obj = 0.9366 | cls = 0.0407 | lr = 0.000144
epoch 039 | step 0680 | total = 3.4756 | box = 0.4507 | obj = 1.1684 | cls = 0.0535 | lr = 0.000144
epoch 039 | step 0700 | total = 3.3678 | box = 0.4560 | obj = 1.0498 | cls = 0.0378 | lr = 0.000144
epoch 039 | step 0720 | total = 3.1034 | box = 0.3970 | obj = 1.0811 | cls = 0.0374 | lr = 0.000144
epoch 039 | step 0740 | total = 2.6444 | box = 0.3260 | obj = 0.9796 | cls = 0.0349 | lr = 0.000144
epoch 039 | step 0760 | total = 2.8760 | box = 0.3660 | obj = 1.0062 | cls = 0.0400 | lr = 0.000144
epoch 039 | step 0780 | total = 2.9779 | box = 0.3829 | obj = 1.0316 | cls = 0.0320 | lr = 0.000144
epoch 039 | step 0800 | total = 2.9470 | box = 0.3721 | obj = 1.0495 | cls = 0.0371 | lr = 0.000144
epoch 039 | step 0820 | total = 2.4994 | box = 0.3166 | obj = 0.8832 | cls = 0.0334 | lr = 0.000144
epoch 039 | step 0840 | total = 2.6749 | box = 0.3326 | obj = 0.9761 | cls = 0.0357 | lr = 0.000144
epoch 039 | step 0860 | total = 3.6800 | box = 0.5279 | obj = 1.0013 | cls = 0.0392 | lr = 0.000144
epoch 039 | step 0880 | total = 2.4825 | box = 0.3046 | obj = 0.9184 | cls = 0.0411 | lr = 0.000144
epoch 039 | step 0900 | total = 3.7224 | box = 0.4937 | obj = 1.2196 | cls = 0.0342 | lr = 0.000144
epoch 039 | step 0920 | total = 2.9141 | box = 0.3644 | obj = 1.0538 | cls = 0.0385 | lr = 0.000144
[epoch 039 train] total = 2.8563 | box = 0.3627 | obj = 1.0048 | cls = 0.0381 | steps = 925 | global_batches = 7400 | samples = 118288 | time = 1019.3s
[epoch 039 val] total = 5.1111 | box = 0.5763 | obj = 2.1867 | cls = 0.0428 | steps = 40 | global_batches = 320 | samples = 5000 | time = 30.2s
epoch 040 | step 0001 | total = 2.8800 | box = 0.3682 | obj = 1.0004 | cls = 0.0388 | lr = 0.000124
epoch 040 | step 0020 | total = 3.1838 | box = 0.4239 | obj = 1.0325 | cls = 0.0318 | lr = 0.000124
epoch 040 | step 0040 | total = 3.0643 | box = 0.3844 | obj = 1.1015 | cls = 0.0410 | lr = 0.000124
epoch 040 | step 0060 | total = 3.1283 | box = 0.3935 | obj = 1.1223 | cls = 0.0385 | lr = 0.000124
epoch 040 | step 0080 | total = 2.9442 | box = 0.3661 | obj = 1.0742 | cls = 0.0398 | lr = 0.000124
epoch 040 | step 0100 | total = 2.4988 | box = 0.3001 | obj = 0.9612 | cls = 0.0369 | lr = 0.000124
epoch 040 | step 0120 | total = 2.6206 | box = 0.3316 | obj = 0.9290 | cls = 0.0337 | lr = 0.000124
epoch 040 | step 0140 | total = 2.9471 | box = 0.3767 | obj = 1.0294 | cls = 0.0339 | lr = 0.000124
epoch 040 | step 0160 | total = 2.3947 | box = 0.2873 | obj = 0.9123 | cls = 0.0461 | lr = 0.000124
epoch 040 | step 0180 | total = 2.9856 | box = 0.3928 | obj = 0.9947 | cls = 0.0270 | lr = 0.000124
epoch 040 | step 0200 | total = 2.7226 | box = 0.3371 | obj = 0.9970 | cls = 0.0402 | lr = 0.000124
epoch 040 | step 0220 | total = 2.5904 | box = 0.3212 | obj = 0.9442 | cls = 0.0405 | lr = 0.000124
epoch 040 | step 0240 | total = 2.9506 | box = 0.3679 | obj = 1.0684 | cls = 0.0427 | lr = 0.000124
epoch 040 | step 0260 | total = 2.6482 | box = 0.3303 | obj = 0.9616 | cls = 0.0351 | lr = 0.000124
epoch 040 | step 0280 | total = 2.6111 | box = 0.3282 | obj = 0.9350 | cls = 0.0352 | lr = 0.000124
epoch 040 | step 0300 | total = 2.2643 | box = 0.2597 | obj = 0.9247 | cls = 0.0409 | lr = 0.000124
epoch 040 | step 0320 | total = 2.9314 | box = 0.3674 | obj = 1.0353 | cls = 0.0591 | lr = 0.000124
epoch 040 | step 0340 | total = 2.3296 | box = 0.2835 | obj = 0.8723 | cls = 0.0400 | lr = 0.000124
epoch 040 | step 0360 | total = 3.1901 | box = 0.4170 | obj = 1.0608 | cls = 0.0444 | lr = 0.000124
epoch 040 | step 0380 | total = 3.3874 | box = 0.4442 | obj = 1.1278 | cls = 0.0386 | lr = 0.000124
epoch 040 | step 0400 | total = 2.8838 | box = 0.3639 | obj = 1.0288 | cls = 0.0355 | lr = 0.000124
epoch 040 | step 0420 | total = 3.0954 | box = 0.4023 | obj = 1.0532 | cls = 0.0309 | lr = 0.000124
epoch 040 | step 0440 | total = 2.9130 | box = 0.3813 | obj = 0.9651 | cls = 0.0414 | lr = 0.000124
epoch 040 | step 0460 | total = 2.4377 | box = 0.2941 | obj = 0.9308 | cls = 0.0363 | lr = 0.000124
epoch 040 | step 0480 | total = 3.1578 | box = 0.3986 | obj = 1.1321 | cls = 0.0326 | lr = 0.000124
epoch 040 | step 0500 | total = 2.3900 | box = 0.2952 | obj = 0.8798 | cls = 0.0343 | lr = 0.000124
epoch 040 | step 0520 | total = 2.6540 | box = 0.3421 | obj = 0.9018 | cls = 0.0418 | lr = 0.000124
epoch 040 | step 0540 | total = 2.7723 | box = 0.3593 | obj = 0.9351 | cls = 0.0405 | lr = 0.000124
epoch 040 | step 0560 | total = 3.2051 | box = 0.4243 | obj = 1.0539 | cls = 0.0299 | lr = 0.000124
epoch 040 | step 0580 | total = 2.6857 | box = 0.3336 | obj = 0.9661 | cls = 0.0517 | lr = 0.000124
epoch 040 | step 0600 | total = 3.2317 | box = 0.4195 | obj = 1.0965 | cls = 0.0377 | lr = 0.000124
epoch 040 | step 0620 | total = 2.7645 | box = 0.3546 | obj = 0.9592 | cls = 0.0325 | lr = 0.000124
epoch 040 | step 0640 | total = 2.3034 | box = 0.2671 | obj = 0.9346 | cls = 0.0336 | lr = 0.000124
epoch 040 | step 0660 | total = 2.8374 | box = 0.3461 | obj = 1.0734 | cls = 0.0333 | lr = 0.000124
epoch 040 | step 0680 | total = 3.0741 | box = 0.4000 | obj = 1.0371 | cls = 0.0370 | lr = 0.000124
epoch 040 | step 0700 | total = 3.4663 | box = 0.4623 | obj = 1.1119 | cls = 0.0431 | lr = 0.000124
epoch 040 | step 0720 | total = 2.3602 | box = 0.2797 | obj = 0.9177 | cls = 0.0442 | lr = 0.000124
epoch 040 | step 0740 | total = 2.7976 | box = 0.3572 | obj = 0.9710 | cls = 0.0407 | lr = 0.000124
epoch 040 | step 0760 | total = 2.4696 | box = 0.3035 | obj = 0.9192 | cls = 0.0327 | lr = 0.000124
epoch 040 | step 0780 | total = 2.7609 | box = 0.3384 | obj = 1.0311 | cls = 0.0377 | lr = 0.000124
epoch 040 | step 0800 | total = 2.5011 | box = 0.3047 | obj = 0.9306 | cls = 0.0471 | lr = 0.000124
epoch 040 | step 0820 | total = 2.5173 | box = 0.3124 | obj = 0.9203 | cls = 0.0351 | lr = 0.000124
epoch 040 | step 0840 | total = 3.0933 | box = 0.3837 | obj = 1.1360 | cls = 0.0387 | lr = 0.000124
epoch 040 | step 0860 | total = 2.5090 | box = 0.3051 | obj = 0.9447 | cls = 0.0386 | lr = 0.000124
epoch 040 | step 0880 | total = 3.6656 | box = 0.4860 | obj = 1.1989 | cls = 0.0365 | lr = 0.000124
epoch 040 | step 0900 | total = 3.0742 | box = 0.3846 | obj = 1.1176 | cls = 0.0337 | lr = 0.000124
epoch 040 | step 0920 | total = 2.5216 | box = 0.3156 | obj = 0.9105 | cls = 0.0331 | lr = 0.000124
[epoch 040 train] total = 2.8164 | box = 0.3572 | obj = 0.9922 | cls = 0.0379 | steps = 925 | global_batches = 7400 | samples = 118288 | time = 1023.6s
[epoch 040 val] total = 5.3655 | box = 0.5838 | obj = 2.4036 | cls = 0.0427 | steps = 40 | global_batches = 320 | samples = 5000 | time = 30.4s
epoch 041 | step 0001 | total = 2.7451 | box = 0.3472 | obj = 0.9769 | cls = 0.0320 | lr = 0.000105
epoch 041 | step 0020 | total = 1.9959 | box = 0.2340 | obj = 0.7875 | cls = 0.0383 | lr = 0.000105
epoch 041 | step 0040 | total = 2.6828 | box = 0.3400 | obj = 0.9463 | cls = 0.0368 | lr = 0.000105
epoch 041 | step 0060 | total = 2.0921 | box = 0.2441 | obj = 0.8313 | cls = 0.0400 | lr = 0.000105
epoch 041 | step 0080 | total = 2.6673 | box = 0.3501 | obj = 0.8800 | cls = 0.0366 | lr = 0.000105
epoch 041 | step 0100 | total = 2.5481 | box = 0.3072 | obj = 0.9710 | cls = 0.0410 | lr = 0.000105
epoch 041 | step 0120 | total = 2.4505 | box = 0.3091 | obj = 0.8616 | cls = 0.0433 | lr = 0.000105
epoch 041 | step 0140 | total = 2.7642 | box = 0.3494 | obj = 0.9857 | cls = 0.0314 | lr = 0.000105
epoch 041 | step 0160 | total = 2.9917 | box = 0.3964 | obj = 0.9813 | cls = 0.0282 | lr = 0.000105
epoch 041 | step 0180 | total = 2.6521 | box = 0.3481 | obj = 0.8719 | cls = 0.0400 | lr = 0.000105
epoch 041 | step 0200 | total = 2.9403 | box = 0.3779 | obj = 1.0201 | cls = 0.0304 | lr = 0.000105
epoch 041 | step 0220 | total = 3.2890 | box = 0.4399 | obj = 1.0573 | cls = 0.0320 | lr = 0.000105
epoch 041 | step 0240 | total = 1.9216 | box = 0.2208 | obj = 0.7732 | cls = 0.0444 | lr = 0.000105
epoch 041 | step 0260 | total = 2.2552 | box = 0.2638 | obj = 0.8948 | cls = 0.0416 | lr = 0.000105
epoch 041 | step 0280 | total = 1.8072 | box = 0.2065 | obj = 0.7371 | cls = 0.0377 | lr = 0.000105
epoch 041 | step 0300 | total = 3.1578 | box = 0.4162 | obj = 1.0347 | cls = 0.0419 | lr = 0.000105
epoch 041 | step 0320 | total = 2.2785 | box = 0.2738 | obj = 0.8679 | cls = 0.0416 | lr = 0.000105
epoch 041 | step 0340 | total = 3.2487 | box = 0.4481 | obj = 0.9757 | cls = 0.0326 | lr = 0.000105
epoch 041 | step 0360 | total = 3.0452 | box = 0.3886 | obj = 1.0606 | cls = 0.0416 | lr = 0.000105
epoch 041 | step 0380 | total = 2.3216 | box = 0.2738 | obj = 0.9115 | cls = 0.0409 | lr = 0.000105
epoch 041 | step 0400 | total = 2.0925 | box = 0.2413 | obj = 0.8438 | cls = 0.0420 | lr = 0.000105
epoch 041 | step 0420 | total = 3.4640 | box = 0.4780 | obj = 1.0441 | cls = 0.0300 | lr = 0.000105
epoch 041 | step 0440 | total = 2.5470 | box = 0.3265 | obj = 0.8788 | cls = 0.0357 | lr = 0.000105
epoch 041 | step 0460 | total = 2.2085 | box = 0.2721 | obj = 0.8085 | cls = 0.0395 | lr = 0.000105
epoch 041 | step 0480 | total = 2.3290 | box = 0.2817 | obj = 0.8778 | cls = 0.0429 | lr = 0.000105
epoch 041 | step 0500 | total = 2.5351 | box = 0.3047 | obj = 0.9653 | cls = 0.0461 | lr = 0.000105
epoch 041 | step 0520 | total = 2.9939 | box = 0.3805 | obj = 1.0561 | cls = 0.0351 | lr = 0.000105
epoch 041 | step 0540 | total = 2.6487 | box = 0.3316 | obj = 0.9573 | cls = 0.0334 | lr = 0.000105
epoch 041 | step 0560 | total = 3.1876 | box = 0.4127 | obj = 1.0870 | cls = 0.0371 | lr = 0.000105
epoch 041 | step 0580 | total = 2.9034 | box = 0.3541 | obj = 1.0928 | cls = 0.0401 | lr = 0.000105
epoch 041 | step 0600 | total = 2.9433 | box = 0.3820 | obj = 0.9941 | cls = 0.0392 | lr = 0.000105
epoch 041 | step 0620 | total = 2.5832 | box = 0.3175 | obj = 0.9514 | cls = 0.0443 | lr = 0.000105
epoch 041 | step 0640 | total = 2.2513 | box = 0.2739 | obj = 0.8426 | cls = 0.0392 | lr = 0.000105
epoch 041 | step 0660 | total = 2.9533 | box = 0.3396 | obj = 1.2144 | cls = 0.0410 | lr = 0.000105
epoch 041 | step 0680 | total = 2.7930 | box = 0.3593 | obj = 0.9569 | cls = 0.0398 | lr = 0.000105
epoch 041 | step 0700 | total = 3.0335 | box = 0.4054 | obj = 0.9710 | cls = 0.0353 | lr = 0.000105
epoch 041 | step 0720 | total = 3.2506 | box = 0.4357 | obj = 1.0345 | cls = 0.0376 | lr = 0.000105
epoch 041 | step 0740 | total = 3.0189 | box = 0.3951 | obj = 0.9973 | cls = 0.0459 | lr = 0.000105
epoch 041 | step 0760 | total = 2.1500 | box = 0.2517 | obj = 0.8475 | cls = 0.0437 | lr = 0.000105
epoch 041 | step 0780 | total = 3.1770 | box = 0.4232 | obj = 1.0238 | cls = 0.0372 | lr = 0.000105
epoch 041 | step 0800 | total = 2.8215 | box = 0.3635 | obj = 0.9659 | cls = 0.0381 | lr = 0.000105
epoch 041 | step 0820 | total = 2.5444 | box = 0.3030 | obj = 0.9963 | cls = 0.0331 | lr = 0.000105
epoch 041 | step 0840 | total = 2.1012 | box = 0.2481 | obj = 0.8327 | cls = 0.0281 | lr = 0.000105
epoch 041 | step 0860 | total = 2.5954 | box = 0.3181 | obj = 0.9618 | cls = 0.0430 | lr = 0.000105
epoch 041 | step 0880 | total = 3.2935 | box = 0.4209 | obj = 1.1485 | cls = 0.0403 | lr = 0.000105
epoch 041 | step 0900 | total = 2.8696 | box = 0.3768 | obj = 0.9543 | cls = 0.0313 | lr = 0.000105
epoch 041 | step 0920 | total = 3.0908 | box = 0.4058 | obj = 1.0224 | cls = 0.0394 | lr = 0.000105
[epoch 041 train] total = 2.7799 | box = 0.3525 | obj = 0.9797 | cls = 0.0378 | steps = 925 | global_batches = 7400 | samples = 118288 | time = 1018.1s
[epoch 041 val] total = 5.2906 | box = 0.5803 | obj = 2.3462 | cls = 0.0428 | steps = 40 | global_batches = 320 | samples = 5000 | time = 30.1s
epoch 042 | step 0001 | total = 2.8705 | box = 0.3686 | obj = 0.9882 | cls = 0.0391 | lr = 0.000087
epoch 042 | step 0020 | total = 2.5530 | box = 0.3097 | obj = 0.9722 | cls = 0.0324 | lr = 0.000087
epoch 042 | step 0040 | total = 2.8377 | box = 0.3700 | obj = 0.9425 | cls = 0.0453 | lr = 0.000087
epoch 042 | step 0060 | total = 2.5445 | box = 0.3189 | obj = 0.9097 | cls = 0.0402 | lr = 0.000087
epoch 042 | step 0080 | total = 3.1155 | box = 0.4116 | obj = 1.0250 | cls = 0.0328 | lr = 0.000087
epoch 042 | step 0100 | total = 2.5046 | box = 0.3091 | obj = 0.9260 | cls = 0.0331 | lr = 0.000087
epoch 042 | step 0120 | total = 2.3316 | box = 0.2802 | obj = 0.8905 | cls = 0.0400 | lr = 0.000087
epoch 042 | step 0140 | total = 3.3922 | box = 0.4589 | obj = 1.0512 | cls = 0.0466 | lr = 0.000087
epoch 042 | step 0160 | total = 3.0807 | box = 0.4090 | obj = 1.0035 | cls = 0.0320 | lr = 0.000087
epoch 042 | step 0180 | total = 3.1279 | box = 0.4125 | obj = 1.0249 | cls = 0.0403 | lr = 0.000087
epoch 042 | step 0200 | total = 3.2020 | box = 0.4186 | obj = 1.0721 | cls = 0.0368 | lr = 0.000087
epoch 042 | step 0220 | total = 2.2796 | box = 0.2743 | obj = 0.8670 | cls = 0.0411 | lr = 0.000087
epoch 042 | step 0240 | total = 2.0631 | box = 0.2486 | obj = 0.7740 | cls = 0.0459 | lr = 0.000087
epoch 042 | step 0260 | total = 2.7989 | box = 0.3507 | obj = 1.0054 | cls = 0.0398 | lr = 0.000087
epoch 042 | step 0280 | total = 3.3137 | box = 0.4375 | obj = 1.0922 | cls = 0.0340 | lr = 0.000087
epoch 042 | step 0300 | total = 2.0207 | box = 0.2291 | obj = 0.8236 | cls = 0.0514 | lr = 0.000087
epoch 042 | step 0320 | total = 2.6272 | box = 0.3379 | obj = 0.8978 | cls = 0.0399 | lr = 0.000087
epoch 042 | step 0340 | total = 2.8643 | box = 0.3682 | obj = 0.9913 | cls = 0.0318 | lr = 0.000087
epoch 042 | step 0360 | total = 3.3988 | box = 0.4425 | obj = 1.1508 | cls = 0.0354 | lr = 0.000087
epoch 042 | step 0380 | total = 2.9354 | box = 0.3808 | obj = 0.9975 | cls = 0.0341 | lr = 0.000087
epoch 042 | step 0400 | total = 3.1441 | box = 0.4189 | obj = 1.0181 | cls = 0.0313 | lr = 0.000087
epoch 042 | step 0420 | total = 2.2789 | box = 0.2888 | obj = 0.8018 | cls = 0.0329 | lr = 0.000087
epoch 042 | step 0440 | total = 2.3706 | box = 0.2864 | obj = 0.9071 | cls = 0.0313 | lr = 0.000087
epoch 042 | step 0460 | total = 3.3355 | box = 0.4590 | obj = 0.9913 | cls = 0.0493 | lr = 0.000087
epoch 042 | step 0480 | total = 2.0928 | box = 0.2538 | obj = 0.7821 | cls = 0.0415 | lr = 0.000087
epoch 042 | step 0500 | total = 2.3435 | box = 0.2794 | obj = 0.9072 | cls = 0.0392 | lr = 0.000087
epoch 042 | step 0520 | total = 2.5009 | box = 0.2984 | obj = 0.9647 | cls = 0.0443 | lr = 0.000087
epoch 042 | step 0540 | total = 2.5767 | box = 0.3270 | obj = 0.9059 | cls = 0.0357 | lr = 0.000087
epoch 042 | step 0560 | total = 2.8826 | box = 0.3573 | obj = 1.0612 | cls = 0.0348 | lr = 0.000087
epoch 042 | step 0580 | total = 2.6948 | box = 0.3427 | obj = 0.9476 | cls = 0.0338 | lr = 0.000087
epoch 042 | step 0600 | total = 2.6416 | box = 0.3311 | obj = 0.9485 | cls = 0.0378 | lr = 0.000087
epoch 042 | step 0620 | total = 2.8884 | box = 0.3607 | obj = 1.0380 | cls = 0.0470 | lr = 0.000087
epoch 042 | step 0640 | total = 2.3516 | box = 0.2834 | obj = 0.9058 | cls = 0.0291 | lr = 0.000087
epoch 042 | step 0660 | total = 3.4992 | box = 0.4748 | obj = 1.0868 | cls = 0.0386 | lr = 0.000087
epoch 042 | step 0680 | total = 2.6154 | box = 0.3156 | obj = 1.0013 | cls = 0.0359 | lr = 0.000087
epoch 042 | step 0700 | total = 3.2289 | box = 0.4366 | obj = 1.0127 | cls = 0.0332 | lr = 0.000087
epoch 042 | step 0720 | total = 3.0492 | box = 0.4023 | obj = 0.9990 | cls = 0.0387 | lr = 0.000087
epoch 042 | step 0740 | total = 2.1899 | box = 0.2463 | obj = 0.9107 | cls = 0.0478 | lr = 0.000087
epoch 042 | step 0760 | total = 3.5157 | box = 0.4810 | obj = 1.0857 | cls = 0.0249 | lr = 0.000087
epoch 042 | step 0780 | total = 2.2229 | box = 0.2605 | obj = 0.8820 | cls = 0.0386 | lr = 0.000087
epoch 042 | step 0800 | total = 2.9059 | box = 0.3574 | obj = 1.0847 | cls = 0.0343 | lr = 0.000087
epoch 042 | step 0820 | total = 2.7285 | box = 0.3476 | obj = 0.9594 | cls = 0.0310 | lr = 0.000087
epoch 042 | step 0840 | total = 2.7608 | box = 0.3488 | obj = 0.9937 | cls = 0.0230 | lr = 0.000087
epoch 042 | step 0860 | total = 2.4856 | box = 0.3217 | obj = 0.8380 | cls = 0.0390 | lr = 0.000087
epoch 042 | step 0880 | total = 2.3700 | box = 0.2832 | obj = 0.9154 | cls = 0.0388 | lr = 0.000087
epoch 042 | step 0900 | total = 2.7855 | box = 0.3614 | obj = 0.9309 | cls = 0.0475 | lr = 0.000087
epoch 042 | step 0920 | total = 2.8606 | box = 0.3497 | obj = 1.0773 | cls = 0.0348 | lr = 0.000087
[epoch 042 train] total = 2.7511 | box = 0.3486 | obj = 0.9702 | cls = 0.0377 | steps = 925 | global_batches = 7400 | samples = 118288 | time = 1020.5s
[epoch 042 val] total = 5.2652 | box = 0.5794 | obj = 2.3255 | cls = 0.0427 | steps = 40 | global_batches = 320 | samples = 5000 | time = 30.1s
epoch 043 | step 0001 | total = 2.4350 | box = 0.3009 | obj = 0.8941 | cls = 0.0364 | lr = 0.000071
epoch 043 | step 0020 | total = 2.1402 | box = 0.2527 | obj = 0.8307 | cls = 0.0459 | lr = 0.000071
epoch 043 | step 0040 | total = 2.2301 | box = 0.2518 | obj = 0.9323 | cls = 0.0387 | lr = 0.000071
epoch 043 | step 0060 | total = 3.1325 | box = 0.3936 | obj = 1.1305 | cls = 0.0339 | lr = 0.000071
epoch 043 | step 0080 | total = 2.5448 | box = 0.3193 | obj = 0.9092 | cls = 0.0390 | lr = 0.000071
epoch 043 | step 0100 | total = 2.9689 | box = 0.3999 | obj = 0.9302 | cls = 0.0393 | lr = 0.000071
epoch 043 | step 0120 | total = 2.2243 | box = 0.2658 | obj = 0.8554 | cls = 0.0397 | lr = 0.000071
epoch 043 | step 0140 | total = 2.7578 | box = 0.3523 | obj = 0.9586 | cls = 0.0375 | lr = 0.000071
epoch 043 | step 0160 | total = 2.4471 | box = 0.3059 | obj = 0.8856 | cls = 0.0321 | lr = 0.000071
epoch 043 | step 0180 | total = 2.5990 | box = 0.3201 | obj = 0.9647 | cls = 0.0339 | lr = 0.000071
epoch 043 | step 0200 | total = 2.6286 | box = 0.3217 | obj = 0.9886 | cls = 0.0317 | lr = 0.000071
epoch 043 | step 0220 | total = 2.0564 | box = 0.2386 | obj = 0.8334 | cls = 0.0298 | lr = 0.000071
epoch 043 | step 0240 | total = 3.0454 | box = 0.3987 | obj = 1.0111 | cls = 0.0408 | lr = 0.000071
epoch 043 | step 0260 | total = 2.9405 | box = 0.3815 | obj = 1.0000 | cls = 0.0328 | lr = 0.000071
epoch 043 | step 0280 | total = 2.2482 | box = 0.2526 | obj = 0.9446 | cls = 0.0406 | lr = 0.000071
epoch 043 | step 0300 | total = 3.4847 | box = 0.4695 | obj = 1.1046 | cls = 0.0328 | lr = 0.000071
epoch 043 | step 0320 | total = 2.6668 | box = 0.3388 | obj = 0.9415 | cls = 0.0313 | lr = 0.000071
epoch 043 | step 0340 | total = 2.9212 | box = 0.3651 | obj = 1.0551 | cls = 0.0406 | lr = 0.000071
epoch 043 | step 0360 | total = 3.8221 | box = 0.5247 | obj = 1.1673 | cls = 0.0313 | lr = 0.000071
epoch 043 | step 0380 | total = 2.5081 | box = 0.3005 | obj = 0.9666 | cls = 0.0391 | lr = 0.000071
epoch 043 | step 0400 | total = 2.8077 | box = 0.3453 | obj = 1.0434 | cls = 0.0378 | lr = 0.000071
epoch 043 | step 0420 | total = 2.9565 | box = 0.3884 | obj = 0.9827 | cls = 0.0317 | lr = 0.000071
epoch 043 | step 0440 | total = 2.3818 | box = 0.2838 | obj = 0.9311 | cls = 0.0317 | lr = 0.000071
epoch 043 | step 0460 | total = 3.2970 | box = 0.4335 | obj = 1.0918 | cls = 0.0376 | lr = 0.000071
epoch 043 | step 0480 | total = 2.6571 | box = 0.3353 | obj = 0.9469 | cls = 0.0337 | lr = 0.000071
epoch 043 | step 0500 | total = 2.9855 | box = 0.3968 | obj = 0.9669 | cls = 0.0345 | lr = 0.000071
epoch 043 | step 0520 | total = 2.1586 | box = 0.2510 | obj = 0.8545 | cls = 0.0493 | lr = 0.000071
epoch 043 | step 0540 | total = 2.6550 | box = 0.3128 | obj = 1.0591 | cls = 0.0317 | lr = 0.000071
epoch 043 | step 0560 | total = 2.2779 | box = 0.2645 | obj = 0.9074 | cls = 0.0479 | lr = 0.000071
epoch 043 | step 0580 | total = 2.4497 | box = 0.2932 | obj = 0.9456 | cls = 0.0381 | lr = 0.000071
epoch 043 | step 0600 | total = 2.5760 | box = 0.3197 | obj = 0.9447 | cls = 0.0329 | lr = 0.000071
epoch 043 | step 0620 | total = 3.6888 | box = 0.5190 | obj = 1.0545 | cls = 0.0394 | lr = 0.000071
epoch 043 | step 0640 | total = 3.0137 | box = 0.3713 | obj = 1.1158 | cls = 0.0411 | lr = 0.000071
epoch 043 | step 0660 | total = 2.9899 | box = 0.3785 | obj = 1.0553 | cls = 0.0421 | lr = 0.000071
epoch 043 | step 0680 | total = 2.5032 | box = 0.2901 | obj = 1.0084 | cls = 0.0443 | lr = 0.000071
epoch 043 | step 0700 | total = 2.3920 | box = 0.2904 | obj = 0.9098 | cls = 0.0303 | lr = 0.000071
epoch 043 | step 0720 | total = 2.7830 | box = 0.3559 | obj = 0.9604 | cls = 0.0433 | lr = 0.000071
epoch 043 | step 0740 | total = 2.7302 | box = 0.3317 | obj = 1.0259 | cls = 0.0457 | lr = 0.000071
epoch 043 | step 0760 | total = 3.2261 | box = 0.4165 | obj = 1.1068 | cls = 0.0370 | lr = 0.000071
epoch 043 | step 0780 | total = 2.2778 | box = 0.2746 | obj = 0.8762 | cls = 0.0288 | lr = 0.000071
epoch 043 | step 0800 | total = 2.8359 | box = 0.3557 | obj = 1.0146 | cls = 0.0428 | lr = 0.000071
epoch 043 | step 0820 | total = 3.5613 | box = 0.4790 | obj = 1.1279 | cls = 0.0384 | lr = 0.000071
epoch 043 | step 0840 | total = 3.1252 | box = 0.4223 | obj = 0.9837 | cls = 0.0300 | lr = 0.000071
epoch 043 | step 0860 | total = 2.7102 | box = 0.3464 | obj = 0.9392 | cls = 0.0387 | lr = 0.000071
epoch 043 | step 0880 | total = 2.8564 | box = 0.3522 | obj = 1.0612 | cls = 0.0341 | lr = 0.000071
epoch 043 | step 0900 | total = 2.7792 | box = 0.3357 | obj = 1.0561 | cls = 0.0445 | lr = 0.000071
epoch 043 | step 0920 | total = 3.0323 | box = 0.3823 | obj = 1.0789 | cls = 0.0420 | lr = 0.000071
[epoch 043 train] total = 2.7200 | box = 0.3445 | obj = 0.9601 | cls = 0.0376 | steps = 925 | global_batches = 7400 | samples = 118288 | time = 1019.8s
[epoch 043 val] total = 5.3249 | box = 0.5807 | obj = 2.3784 | cls = 0.0428 | steps = 40 | global_batches = 320 | samples = 5000 | time = 30.0s
epoch 044 | step 0001 | total = 3.1526 | box = 0.3884 | obj = 1.1526 | cls = 0.0579 | lr = 0.000057
epoch 044 | step 0020 | total = 3.5648 | box = 0.5011 | obj = 1.0131 | cls = 0.0459 | lr = 0.000057
epoch 044 | step 0040 | total = 2.4668 | box = 0.2974 | obj = 0.9406 | cls = 0.0391 | lr = 0.000057
epoch 044 | step 0060 | total = 3.3258 | box = 0.4310 | obj = 1.1386 | cls = 0.0325 | lr = 0.000057
epoch 044 | step 0080 | total = 2.1741 | box = 0.2638 | obj = 0.8105 | cls = 0.0445 | lr = 0.000057
epoch 044 | step 0100 | total = 3.1264 | box = 0.4128 | obj = 1.0279 | cls = 0.0347 | lr = 0.000057
epoch 044 | step 0120 | total = 2.2709 | box = 0.2682 | obj = 0.8983 | cls = 0.0318 | lr = 0.000057
epoch 044 | step 0140 | total = 3.1832 | box = 0.4105 | obj = 1.0986 | cls = 0.0322 | lr = 0.000057
epoch 044 | step 0160 | total = 2.2132 | box = 0.2646 | obj = 0.8499 | cls = 0.0402 | lr = 0.000057
epoch 044 | step 0180 | total = 2.8251 | box = 0.3642 | obj = 0.9680 | cls = 0.0362 | lr = 0.000057
epoch 044 | step 0200 | total = 2.3246 | box = 0.2922 | obj = 0.8342 | cls = 0.0295 | lr = 0.000057
epoch 044 | step 0220 | total = 3.0726 | box = 0.4128 | obj = 0.9682 | cls = 0.0406 | lr = 0.000057
epoch 044 | step 0240 | total = 2.9491 | box = 0.3990 | obj = 0.9222 | cls = 0.0320 | lr = 0.000057
epoch 044 | step 0260 | total = 2.3382 | box = 0.2819 | obj = 0.8776 | cls = 0.0511 | lr = 0.000057
epoch 044 | step 0280 | total = 2.6968 | box = 0.3377 | obj = 0.9605 | cls = 0.0480 | lr = 0.000057
epoch 044 | step 0300 | total = 2.8987 | box = 0.3753 | obj = 0.9712 | cls = 0.0510 | lr = 0.000057
epoch 044 | step 0320 | total = 2.7667 | box = 0.3399 | obj = 1.0320 | cls = 0.0352 | lr = 0.000057
epoch 044 | step 0340 | total = 2.8196 | box = 0.3571 | obj = 0.9972 | cls = 0.0371 | lr = 0.000057
epoch 044 | step 0360 | total = 2.9000 | box = 0.3740 | obj = 0.9967 | cls = 0.0335 | lr = 0.000057
epoch 044 | step 0380 | total = 2.6573 | box = 0.3346 | obj = 0.9516 | cls = 0.0327 | lr = 0.000057
epoch 044 | step 0400 | total = 2.7522 | box = 0.3476 | obj = 0.9768 | cls = 0.0373 | lr = 0.000057
epoch 044 | step 0420 | total = 2.4966 | box = 0.3058 | obj = 0.9289 | cls = 0.0386 | lr = 0.000057
epoch 044 | step 0440 | total = 2.0700 | box = 0.2453 | obj = 0.8125 | cls = 0.0311 | lr = 0.000057
epoch 044 | step 0460 | total = 2.1156 | box = 0.2393 | obj = 0.8743 | cls = 0.0447 | lr = 0.000057
epoch 044 | step 0480 | total = 3.5608 | box = 0.4698 | obj = 1.1783 | cls = 0.0336 | lr = 0.000057
epoch 044 | step 0500 | total = 1.9859 | box = 0.2152 | obj = 0.8558 | cls = 0.0540 | lr = 0.000057
epoch 044 | step 0520 | total = 2.1041 | box = 0.2449 | obj = 0.8340 | cls = 0.0456 | lr = 0.000057
epoch 044 | step 0540 | total = 1.9581 | box = 0.2222 | obj = 0.8138 | cls = 0.0336 | lr = 0.000057
epoch 044 | step 0560 | total = 2.8302 | box = 0.3523 | obj = 1.0285 | cls = 0.0401 | lr = 0.000057
epoch 044 | step 0580 | total = 2.4101 | box = 0.2853 | obj = 0.9488 | cls = 0.0347 | lr = 0.000057
epoch 044 | step 0600 | total = 2.2170 | box = 0.2639 | obj = 0.8467 | cls = 0.0507 | lr = 0.000057
epoch 044 | step 0620 | total = 3.1601 | box = 0.4104 | obj = 1.0593 | cls = 0.0488 | lr = 0.000057
epoch 044 | step 0640 | total = 2.6554 | box = 0.3234 | obj = 0.9957 | cls = 0.0429 | lr = 0.000057
epoch 044 | step 0660 | total = 2.4883 | box = 0.3109 | obj = 0.8933 | cls = 0.0405 | lr = 0.000057
epoch 044 | step 0680 | total = 3.0596 | box = 0.4159 | obj = 0.9406 | cls = 0.0393 | lr = 0.000057
epoch 044 | step 0700 | total = 2.2894 | box = 0.2798 | obj = 0.8611 | cls = 0.0291 | lr = 0.000057
epoch 044 | step 0720 | total = 2.5655 | box = 0.3268 | obj = 0.8943 | cls = 0.0374 | lr = 0.000057
epoch 044 | step 0740 | total = 2.0556 | box = 0.2278 | obj = 0.8743 | cls = 0.0422 | lr = 0.000057
epoch 044 | step 0760 | total = 2.8523 | box = 0.3666 | obj = 0.9711 | cls = 0.0481 | lr = 0.000057
epoch 044 | step 0780 | total = 2.9621 | box = 0.3908 | obj = 0.9747 | cls = 0.0334 | lr = 0.000057
epoch 044 | step 0800 | total = 2.7529 | box = 0.3519 | obj = 0.9583 | cls = 0.0351 | lr = 0.000057
epoch 044 | step 0820 | total = 2.4246 | box = 0.3040 | obj = 0.8724 | cls = 0.0322 | lr = 0.000057
epoch 044 | step 0840 | total = 2.9000 | box = 0.3751 | obj = 0.9808 | cls = 0.0437 | lr = 0.000057
epoch 044 | step 0860 | total = 3.2343 | box = 0.4310 | obj = 1.0429 | cls = 0.0363 | lr = 0.000057
epoch 044 | step 0880 | total = 2.9706 | box = 0.3857 | obj = 1.0115 | cls = 0.0307 | lr = 0.000057
epoch 044 | step 0900 | total = 2.5173 | box = 0.3004 | obj = 0.9746 | cls = 0.0407 | lr = 0.000057
epoch 044 | step 0920 | total = 3.1906 | box = 0.4382 | obj = 0.9670 | cls = 0.0328 | lr = 0.000057
[epoch 044 train] total = 2.6966 | box = 0.3414 | obj = 0.9523 | cls = 0.0374 | steps = 925 | global_batches = 7400 | samples = 118288 | time = 1024.1s
[epoch 044 val] total = 5.6255 | box = 0.5855 | obj = 2.6548 | cls = 0.0429 | steps = 40 | global_batches = 320 | samples = 5000 | time = 30.4s
epoch 045 | step 0001 | total = 2.1069 | box = 0.2512 | obj = 0.8187 | cls = 0.0322 | lr = 0.000045
epoch 045 | step 0020 | total = 2.8764 | box = 0.3636 | obj = 1.0175 | cls = 0.0410 | lr = 0.000045
epoch 045 | step 0040 | total = 2.2788 | box = 0.2708 | obj = 0.8728 | cls = 0.0519 | lr = 0.000045
epoch 045 | step 0060 | total = 3.6426 | box = 0.5220 | obj = 0.9891 | cls = 0.0438 | lr = 0.000045
epoch 045 | step 0080 | total = 2.6573 | box = 0.3243 | obj = 0.9945 | cls = 0.0414 | lr = 0.000045
epoch 045 | step 0100 | total = 2.1942 | box = 0.2663 | obj = 0.8365 | cls = 0.0261 | lr = 0.000045
epoch 045 | step 0120 | total = 2.8474 | box = 0.3552 | obj = 1.0365 | cls = 0.0349 | lr = 0.000045
epoch 045 | step 0140 | total = 2.8039 | box = 0.3765 | obj = 0.8903 | cls = 0.0309 | lr = 0.000045
epoch 045 | step 0160 | total = 3.0192 | box = 0.3960 | obj = 0.9982 | cls = 0.0408 | lr = 0.000045
epoch 045 | step 0180 | total = 2.9013 | box = 0.3895 | obj = 0.9204 | cls = 0.0334 | lr = 0.000045
epoch 045 | step 0200 | total = 2.8712 | box = 0.3695 | obj = 0.9889 | cls = 0.0348 | lr = 0.000045
epoch 045 | step 0220 | total = 2.9674 | box = 0.3694 | obj = 1.0895 | cls = 0.0309 | lr = 0.000045
epoch 045 | step 0240 | total = 2.2339 | box = 0.2861 | obj = 0.7602 | cls = 0.0431 | lr = 0.000045
epoch 045 | step 0260 | total = 2.4258 | box = 0.2942 | obj = 0.9131 | cls = 0.0415 | lr = 0.000045
epoch 045 | step 0280 | total = 3.2997 | box = 0.4321 | obj = 1.1037 | cls = 0.0357 | lr = 0.000045
epoch 045 | step 0300 | total = 2.7589 | box = 0.3444 | obj = 1.0017 | cls = 0.0352 | lr = 0.000045
epoch 045 | step 0320 | total = 2.5791 | box = 0.3167 | obj = 0.9586 | cls = 0.0368 | lr = 0.000045
epoch 045 | step 0340 | total = 2.3842 | box = 0.3007 | obj = 0.8485 | cls = 0.0324 | lr = 0.000045
epoch 045 | step 0360 | total = 3.3006 | box = 0.4403 | obj = 1.0670 | cls = 0.0318 | lr = 0.000045
epoch 045 | step 0380 | total = 2.4136 | box = 0.2911 | obj = 0.9274 | cls = 0.0307 | lr = 0.000045
epoch 045 | step 0400 | total = 2.7319 | box = 0.3433 | obj = 0.9796 | cls = 0.0356 | lr = 0.000045
epoch 045 | step 0420 | total = 3.0343 | box = 0.4103 | obj = 0.9489 | cls = 0.0341 | lr = 0.000045
epoch 045 | step 0440 | total = 2.7182 | box = 0.3203 | obj = 1.0780 | cls = 0.0389 | lr = 0.000045
epoch 045 | step 0460 | total = 2.0724 | box = 0.2490 | obj = 0.7864 | cls = 0.0412 | lr = 0.000045
epoch 045 | step 0480 | total = 2.8856 | box = 0.3792 | obj = 0.9483 | cls = 0.0414 | lr = 0.000045
epoch 045 | step 0500 | total = 2.3428 | box = 0.2875 | obj = 0.8730 | cls = 0.0322 | lr = 0.000045
epoch 045 | step 0520 | total = 2.4058 | box = 0.2976 | obj = 0.8738 | cls = 0.0439 | lr = 0.000045
epoch 045 | step 0540 | total = 2.9121 | box = 0.3696 | obj = 1.0317 | cls = 0.0325 | lr = 0.000045
epoch 045 | step 0560 | total = 2.5229 | box = 0.2959 | obj = 1.0133 | cls = 0.0301 | lr = 0.000045
epoch 045 | step 0580 | total = 2.9589 | box = 0.3717 | obj = 1.0627 | cls = 0.0379 | lr = 0.000045
epoch 045 | step 0600 | total = 2.8375 | box = 0.3737 | obj = 0.9399 | cls = 0.0291 | lr = 0.000045
epoch 045 | step 0620 | total = 2.6861 | box = 0.3452 | obj = 0.9262 | cls = 0.0339 | lr = 0.000045
epoch 045 | step 0640 | total = 2.1716 | box = 0.2528 | obj = 0.8714 | cls = 0.0362 | lr = 0.000045
epoch 045 | step 0660 | total = 3.1968 | box = 0.4340 | obj = 0.9925 | cls = 0.0343 | lr = 0.000045
epoch 045 | step 0680 | total = 3.2090 | box = 0.4151 | obj = 1.0988 | cls = 0.0345 | lr = 0.000045
epoch 045 | step 0700 | total = 3.0735 | box = 0.3995 | obj = 1.0328 | cls = 0.0429 | lr = 0.000045
epoch 045 | step 0720 | total = 2.6433 | box = 0.3177 | obj = 1.0126 | cls = 0.0424 | lr = 0.000045
epoch 045 | step 0740 | total = 2.2382 | box = 0.2710 | obj = 0.8413 | cls = 0.0417 | lr = 0.000045
epoch 045 | step 0760 | total = 2.0313 | box = 0.2450 | obj = 0.7684 | cls = 0.0377 | lr = 0.000045
epoch 045 | step 0780 | total = 2.6706 | box = 0.3258 | obj = 1.0016 | cls = 0.0402 | lr = 0.000045
epoch 045 | step 0800 | total = 2.5308 | box = 0.3076 | obj = 0.9544 | cls = 0.0383 | lr = 0.000045
epoch 045 | step 0820 | total = 2.3973 | box = 0.2881 | obj = 0.9168 | cls = 0.0398 | lr = 0.000045
epoch 045 | step 0840 | total = 3.4137 | box = 0.4618 | obj = 1.0669 | cls = 0.0380 | lr = 0.000045
epoch 045 | step 0860 | total = 2.5559 | box = 0.3230 | obj = 0.9079 | cls = 0.0329 | lr = 0.000045
epoch 045 | step 0880 | total = 2.4327 | box = 0.2924 | obj = 0.9317 | cls = 0.0390 | lr = 0.000045
epoch 045 | step 0900 | total = 3.5530 | box = 0.4954 | obj = 1.0398 | cls = 0.0361 | lr = 0.000045
epoch 045 | step 0920 | total = 2.3264 | box = 0.2807 | obj = 0.8803 | cls = 0.0424 | lr = 0.000045
[epoch 045 train] total = 2.6769 | box = 0.3386 | obj = 0.9463 | cls = 0.0374 | steps = 925 | global_batches = 7400 | samples = 118288 | time = 1021.3s
[epoch 045 val] total = 5.6207 | box = 0.5848 | obj = 2.6536 | cls = 0.0429 | steps = 40 | global_batches = 320 | samples = 5000 | time = 30.3s
epoch 046 | step 0001 | total = 2.1926 | box = 0.2669 | obj = 0.8193 | cls = 0.0386 | lr = 0.000034
epoch 046 | step 0020 | total = 2.4000 | box = 0.2974 | obj = 0.8823 | cls = 0.0307 | lr = 0.000034
epoch 046 | step 0040 | total = 2.2982 | box = 0.2827 | obj = 0.8496 | cls = 0.0348 | lr = 0.000034
epoch 046 | step 0060 | total = 2.3954 | box = 0.2846 | obj = 0.9208 | cls = 0.0516 | lr = 0.000034
epoch 046 | step 0080 | total = 2.6434 | box = 0.3302 | obj = 0.9593 | cls = 0.0333 | lr = 0.000034
epoch 046 | step 0100 | total = 3.2761 | box = 0.4336 | obj = 1.0711 | cls = 0.0372 | lr = 0.000034
epoch 046 | step 0120 | total = 1.8684 | box = 0.2239 | obj = 0.7100 | cls = 0.0391 | lr = 0.000034
epoch 046 | step 0140 | total = 2.5430 | box = 0.3024 | obj = 0.9966 | cls = 0.0346 | lr = 0.000034
epoch 046 | step 0160 | total = 2.0822 | box = 0.2457 | obj = 0.8151 | cls = 0.0387 | lr = 0.000034
epoch 046 | step 0180 | total = 2.8416 | box = 0.3369 | obj = 1.1141 | cls = 0.0428 | lr = 0.000034
epoch 046 | step 0200 | total = 2.4784 | box = 0.3133 | obj = 0.8731 | cls = 0.0387 | lr = 0.000034
epoch 046 | step 0220 | total = 2.5232 | box = 0.3227 | obj = 0.8661 | cls = 0.0435 | lr = 0.000034
epoch 046 | step 0240 | total = 2.9300 | box = 0.3627 | obj = 1.0825 | cls = 0.0338 | lr = 0.000034
epoch 046 | step 0260 | total = 3.1593 | box = 0.3945 | obj = 1.1389 | cls = 0.0480 | lr = 0.000034
epoch 046 | step 0280 | total = 1.8685 | box = 0.2159 | obj = 0.7582 | cls = 0.0309 | lr = 0.000034
epoch 046 | step 0300 | total = 3.1224 | box = 0.4169 | obj = 0.9999 | cls = 0.0381 | lr = 0.000034
epoch 046 | step 0320 | total = 3.3799 | box = 0.4400 | obj = 1.1398 | cls = 0.0402 | lr = 0.000034
epoch 046 | step 0340 | total = 2.5597 | box = 0.3236 | obj = 0.9085 | cls = 0.0333 | lr = 0.000034
epoch 046 | step 0360 | total = 2.5023 | box = 0.3118 | obj = 0.9086 | cls = 0.0347 | lr = 0.000034
epoch 046 | step 0380 | total = 2.8894 | box = 0.3742 | obj = 0.9828 | cls = 0.0355 | lr = 0.000034
epoch 046 | step 0400 | total = 2.9694 | box = 0.3907 | obj = 0.9749 | cls = 0.0412 | lr = 0.000034
epoch 046 | step 0420 | total = 2.7790 | box = 0.3606 | obj = 0.9446 | cls = 0.0316 | lr = 0.000034
epoch 046 | step 0440 | total = 3.0797 | box = 0.4094 | obj = 1.0022 | cls = 0.0306 | lr = 0.000034
epoch 046 | step 0460 | total = 1.9509 | box = 0.2236 | obj = 0.7996 | cls = 0.0333 | lr = 0.000034
epoch 046 | step 0480 | total = 2.3373 | box = 0.2748 | obj = 0.9213 | cls = 0.0419 | lr = 0.000034
epoch 046 | step 0500 | total = 2.2663 | box = 0.2793 | obj = 0.8442 | cls = 0.0254 | lr = 0.000034
epoch 046 | step 0520 | total = 1.8542 | box = 0.2160 | obj = 0.7377 | cls = 0.0363 | lr = 0.000034
epoch 046 | step 0540 | total = 2.0917 | box = 0.2509 | obj = 0.7931 | cls = 0.0439 | lr = 0.000034
epoch 046 | step 0560 | total = 3.0932 | box = 0.4125 | obj = 0.9938 | cls = 0.0371 | lr = 0.000034
epoch 046 | step 0580 | total = 2.4435 | box = 0.3026 | obj = 0.8905 | cls = 0.0402 | lr = 0.000034
epoch 046 | step 0600 | total = 2.7902 | box = 0.3675 | obj = 0.9170 | cls = 0.0355 | lr = 0.000034
epoch 046 | step 0620 | total = 3.0033 | box = 0.3720 | obj = 1.1052 | cls = 0.0379 | lr = 0.000034
epoch 046 | step 0640 | total = 2.3918 | box = 0.2971 | obj = 0.8692 | cls = 0.0372 | lr = 0.000034
epoch 046 | step 0660 | total = 3.2544 | box = 0.4050 | obj = 1.1940 | cls = 0.0356 | lr = 0.000034
epoch 046 | step 0680 | total = 2.7084 | box = 0.3334 | obj = 1.0092 | cls = 0.0322 | lr = 0.000034
epoch 046 | step 0700 | total = 2.3522 | box = 0.2908 | obj = 0.8656 | cls = 0.0325 | lr = 0.000034
epoch 046 | step 0720 | total = 2.7577 | box = 0.3583 | obj = 0.9288 | cls = 0.0375 | lr = 0.000034
epoch 046 | step 0740 | total = 2.2110 | box = 0.2549 | obj = 0.8969 | cls = 0.0399 | lr = 0.000034
epoch 046 | step 0760 | total = 2.5345 | box = 0.3208 | obj = 0.8921 | cls = 0.0383 | lr = 0.000034
epoch 046 | step 0780 | total = 3.1319 | box = 0.4096 | obj = 1.0459 | cls = 0.0378 | lr = 0.000034
epoch 046 | step 0800 | total = 3.0130 | box = 0.3959 | obj = 0.9940 | cls = 0.0396 | lr = 0.000034
epoch 046 | step 0820 | total = 3.7777 | box = 0.5081 | obj = 1.2036 | cls = 0.0336 | lr = 0.000034
epoch 046 | step 0840 | total = 2.6939 | box = 0.3400 | obj = 0.9509 | cls = 0.0431 | lr = 0.000034
epoch 046 | step 0860 | total = 2.8723 | box = 0.3690 | obj = 0.9883 | cls = 0.0390 | lr = 0.000034
epoch 046 | step 0880 | total = 2.0252 | box = 0.2353 | obj = 0.8090 | cls = 0.0399 | lr = 0.000034
epoch 046 | step 0900 | total = 2.8377 | box = 0.3625 | obj = 0.9899 | cls = 0.0352 | lr = 0.000034
epoch 046 | step 0920 | total = 2.5641 | box = 0.3231 | obj = 0.9175 | cls = 0.0312 | lr = 0.000034
[epoch 046 train] total = 2.6550 | box = 0.3356 | obj = 0.9398 | cls = 0.0373 | steps = 925 | global_batches = 7400 | samples = 118288 | time = 1019.5s
[epoch 046 val] total = 5.4947 | box = 0.5841 | obj = 2.5310 | cls = 0.0430 | steps = 40 | global_batches = 320 | samples = 5000 | time = 30.1s
epoch 047 | step 0001 | total = 3.3136 | box = 0.4586 | obj = 0.9795 | cls = 0.0412 | lr = 0.000026
epoch 047 | step 0020 | total = 2.2543 | box = 0.2666 | obj = 0.8925 | cls = 0.0288 | lr = 0.000026
epoch 047 | step 0040 | total = 1.9818 | box = 0.2209 | obj = 0.8378 | cls = 0.0396 | lr = 0.000026
epoch 047 | step 0060 | total = 2.3163 | box = 0.2685 | obj = 0.9420 | cls = 0.0320 | lr = 0.000026
epoch 047 | step 0080 | total = 2.9380 | box = 0.3812 | obj = 0.9965 | cls = 0.0354 | lr = 0.000026
epoch 047 | step 0100 | total = 2.9459 | box = 0.3708 | obj = 1.0530 | cls = 0.0388 | lr = 0.000026
epoch 047 | step 0120 | total = 2.9216 | box = 0.3908 | obj = 0.9392 | cls = 0.0287 | lr = 0.000026
epoch 047 | step 0140 | total = 2.7680 | box = 0.3435 | obj = 1.0206 | cls = 0.0300 | lr = 0.000026
epoch 047 | step 0160 | total = 3.2847 | box = 0.4272 | obj = 1.1112 | cls = 0.0374 | lr = 0.000026
epoch 047 | step 0180 | total = 2.1908 | box = 0.2609 | obj = 0.8386 | cls = 0.0480 | lr = 0.000026
epoch 047 | step 0200 | total = 2.7313 | box = 0.3533 | obj = 0.9338 | cls = 0.0310 | lr = 0.000026
epoch 047 | step 0220 | total = 3.7968 | box = 0.5412 | obj = 1.0547 | cls = 0.0361 | lr = 0.000026
epoch 047 | step 0240 | total = 2.6953 | box = 0.3409 | obj = 0.9539 | cls = 0.0369 | lr = 0.000026
epoch 047 | step 0260 | total = 2.6166 | box = 0.3262 | obj = 0.9487 | cls = 0.0367 | lr = 0.000026
epoch 047 | step 0280 | total = 3.4386 | box = 0.4508 | obj = 1.1489 | cls = 0.0356 | lr = 0.000026
epoch 047 | step 0300 | total = 3.0167 | box = 0.4153 | obj = 0.9148 | cls = 0.0254 | lr = 0.000026
epoch 047 | step 0320 | total = 2.5245 | box = 0.3011 | obj = 0.9829 | cls = 0.0359 | lr = 0.000026
epoch 047 | step 0340 | total = 2.9379 | box = 0.3829 | obj = 0.9934 | cls = 0.0302 | lr = 0.000026
epoch 047 | step 0360 | total = 2.0750 | box = 0.2538 | obj = 0.7476 | cls = 0.0586 | lr = 0.000026
epoch 047 | step 0380 | total = 2.2129 | box = 0.2667 | obj = 0.8437 | cls = 0.0360 | lr = 0.000026
epoch 047 | step 0400 | total = 2.4848 | box = 0.2913 | obj = 0.9971 | cls = 0.0313 | lr = 0.000026
epoch 047 | step 0420 | total = 3.1831 | box = 0.4388 | obj = 0.9549 | cls = 0.0342 | lr = 0.000026
epoch 047 | step 0440 | total = 2.8623 | box = 0.3596 | obj = 1.0302 | cls = 0.0341 | lr = 0.000026
epoch 047 | step 0460 | total = 2.9191 | box = 0.3697 | obj = 1.0317 | cls = 0.0390 | lr = 0.000026
epoch 047 | step 0480 | total = 2.2185 | box = 0.2743 | obj = 0.8104 | cls = 0.0368 | lr = 0.000026
epoch 047 | step 0500 | total = 2.1668 | box = 0.2537 | obj = 0.8644 | cls = 0.0337 | lr = 0.000026
epoch 047 | step 0520 | total = 2.2671 | box = 0.2663 | obj = 0.8994 | cls = 0.0363 | lr = 0.000026
epoch 047 | step 0540 | total = 2.1330 | box = 0.2613 | obj = 0.7961 | cls = 0.0304 | lr = 0.000026
epoch 047 | step 0560 | total = 2.9162 | box = 0.3728 | obj = 1.0119 | cls = 0.0405 | lr = 0.000026
epoch 047 | step 0580 | total = 2.5999 | box = 0.3376 | obj = 0.8782 | cls = 0.0338 | lr = 0.000026
epoch 047 | step 0600 | total = 3.0619 | box = 0.4041 | obj = 1.0033 | cls = 0.0380 | lr = 0.000026
epoch 047 | step 0620 | total = 2.5971 | box = 0.3321 | obj = 0.9030 | cls = 0.0337 | lr = 0.000026
epoch 047 | step 0640 | total = 2.3197 | box = 0.2719 | obj = 0.9309 | cls = 0.0295 | lr = 0.000026
epoch 047 | step 0660 | total = 2.3148 | box = 0.2653 | obj = 0.9198 | cls = 0.0685 | lr = 0.000026
epoch 047 | step 0680 | total = 2.3789 | box = 0.2853 | obj = 0.9189 | cls = 0.0333 | lr = 0.000026
epoch 047 | step 0700 | total = 2.4712 | box = 0.2970 | obj = 0.9407 | cls = 0.0453 | lr = 0.000026
epoch 047 | step 0720 | total = 2.4551 | box = 0.2931 | obj = 0.9584 | cls = 0.0310 | lr = 0.000026
epoch 047 | step 0740 | total = 2.6529 | box = 0.3342 | obj = 0.9442 | cls = 0.0379 | lr = 0.000026
epoch 047 | step 0760 | total = 3.2881 | box = 0.4413 | obj = 1.0485 | cls = 0.0330 | lr = 0.000026
epoch 047 | step 0780 | total = 2.7330 | box = 0.3391 | obj = 1.0043 | cls = 0.0331 | lr = 0.000026
epoch 047 | step 0800 | total = 3.1512 | box = 0.4180 | obj = 1.0246 | cls = 0.0368 | lr = 0.000026
epoch 047 | step 0820 | total = 2.6890 | box = 0.3325 | obj = 0.9921 | cls = 0.0342 | lr = 0.000026
epoch 047 | step 0840 | total = 2.7660 | box = 0.3610 | obj = 0.9202 | cls = 0.0410 | lr = 0.000026
epoch 047 | step 0860 | total = 3.1144 | box = 0.4169 | obj = 0.9895 | cls = 0.0406 | lr = 0.000026
epoch 047 | step 0880 | total = 2.9170 | box = 0.3725 | obj = 1.0198 | cls = 0.0348 | lr = 0.000026
epoch 047 | step 0900 | total = 3.2413 | box = 0.4387 | obj = 1.0094 | cls = 0.0383 | lr = 0.000026
epoch 047 | step 0920 | total = 2.4757 | box = 0.3198 | obj = 0.8394 | cls = 0.0373 | lr = 0.000026
[epoch 047 train] total = 2.6446 | box = 0.3342 | obj = 0.9363 | cls = 0.0373 | steps = 925 | global_batches = 7400 | samples = 118288 | time = 1022.6s
[epoch 047 val] total = 5.5560 | box = 0.5849 | obj = 2.5886 | cls = 0.0429 | steps = 40 | global_batches = 320 | samples = 5000 | time = 30.1s
epoch 048 | step 0001 | total = 2.4483 | box = 0.3015 | obj = 0.8986 | cls = 0.0424 | lr = 0.000019
epoch 048 | step 0020 | total = 2.8250 | box = 0.3582 | obj = 0.9957 | cls = 0.0382 | lr = 0.000019
epoch 048 | step 0040 | total = 2.8433 | box = 0.3770 | obj = 0.9251 | cls = 0.0332 | lr = 0.000019
epoch 048 | step 0060 | total = 2.5771 | box = 0.3291 | obj = 0.8989 | cls = 0.0328 | lr = 0.000019
epoch 048 | step 0080 | total = 2.2413 | box = 0.2729 | obj = 0.8427 | cls = 0.0342 | lr = 0.000019
epoch 048 | step 0100 | total = 3.9735 | box = 0.5694 | obj = 1.0855 | cls = 0.0412 | lr = 0.000019
epoch 048 | step 0120 | total = 2.9145 | box = 0.3908 | obj = 0.9167 | cls = 0.0435 | lr = 0.000019
epoch 048 | step 0140 | total = 2.6054 | box = 0.3232 | obj = 0.9553 | cls = 0.0344 | lr = 0.000019
epoch 048 | step 0160 | total = 3.5054 | box = 0.4596 | obj = 1.1752 | cls = 0.0323 | lr = 0.000019
epoch 048 | step 0180 | total = 2.5577 | box = 0.3168 | obj = 0.9368 | cls = 0.0366 | lr = 0.000019
epoch 048 | step 0200 | total = 2.4092 | box = 0.2903 | obj = 0.9258 | cls = 0.0320 | lr = 0.000019
epoch 048 | step 0220 | total = 2.1299 | box = 0.2541 | obj = 0.8231 | cls = 0.0361 | lr = 0.000019
epoch 048 | step 0240 | total = 2.2191 | box = 0.2678 | obj = 0.8396 | cls = 0.0403 | lr = 0.000019
epoch 048 | step 0260 | total = 2.0156 | box = 0.2367 | obj = 0.7876 | cls = 0.0444 | lr = 0.000019
epoch 048 | step 0280 | total = 3.1893 | box = 0.4119 | obj = 1.0928 | cls = 0.0367 | lr = 0.000019
epoch 048 | step 0300 | total = 2.1587 | box = 0.2535 | obj = 0.8484 | cls = 0.0426 | lr = 0.000019
epoch 048 | step 0320 | total = 2.8436 | box = 0.3667 | obj = 0.9758 | cls = 0.0341 | lr = 0.000019
epoch 048 | step 0340 | total = 2.8902 | box = 0.3797 | obj = 0.9492 | cls = 0.0423 | lr = 0.000019
epoch 048 | step 0360 | total = 2.3889 | box = 0.2792 | obj = 0.9574 | cls = 0.0357 | lr = 0.000019
epoch 048 | step 0380 | total = 2.1029 | box = 0.2502 | obj = 0.8203 | cls = 0.0314 | lr = 0.000019
epoch 048 | step 0400 | total = 1.6845 | box = 0.1865 | obj = 0.7079 | cls = 0.0440 | lr = 0.000019
epoch 048 | step 0420 | total = 2.3776 | box = 0.2855 | obj = 0.9145 | cls = 0.0356 | lr = 0.000019
epoch 048 | step 0440 | total = 2.1121 | box = 0.2517 | obj = 0.8093 | cls = 0.0441 | lr = 0.000019
epoch 048 | step 0460 | total = 3.0979 | box = 0.4115 | obj = 1.0027 | cls = 0.0376 | lr = 0.000019
epoch 048 | step 0480 | total = 2.5199 | box = 0.3155 | obj = 0.9131 | cls = 0.0294 | lr = 0.000019
epoch 048 | step 0500 | total = 2.8829 | box = 0.3635 | obj = 1.0267 | cls = 0.0388 | lr = 0.000019
epoch 048 | step 0520 | total = 2.2686 | box = 0.2819 | obj = 0.8286 | cls = 0.0305 | lr = 0.000019
epoch 048 | step 0540 | total = 3.0020 | box = 0.3974 | obj = 0.9834 | cls = 0.0316 | lr = 0.000019
epoch 048 | step 0560 | total = 2.3977 | box = 0.2994 | obj = 0.8706 | cls = 0.0300 | lr = 0.000019
epoch 048 | step 0580 | total = 3.0859 | box = 0.4140 | obj = 0.9841 | cls = 0.0317 | lr = 0.000019
epoch 048 | step 0600 | total = 3.0304 | box = 0.3966 | obj = 1.0116 | cls = 0.0357 | lr = 0.000019
epoch 048 | step 0620 | total = 2.8909 | box = 0.3573 | obj = 1.0684 | cls = 0.0363 | lr = 0.000019
epoch 048 | step 0640 | total = 2.6502 | box = 0.3381 | obj = 0.9206 | cls = 0.0393 | lr = 0.000019
epoch 048 | step 0660 | total = 2.7768 | box = 0.3549 | obj = 0.9593 | cls = 0.0430 | lr = 0.000019
epoch 048 | step 0680 | total = 2.7243 | box = 0.3252 | obj = 1.0549 | cls = 0.0434 | lr = 0.000019
epoch 048 | step 0700 | total = 3.5188 | box = 0.4896 | obj = 1.0351 | cls = 0.0355 | lr = 0.000019
epoch 048 | step 0720 | total = 2.5872 | box = 0.3211 | obj = 0.9492 | cls = 0.0325 | lr = 0.000019
epoch 048 | step 0740 | total = 2.9598 | box = 0.3783 | obj = 1.0321 | cls = 0.0360 | lr = 0.000019
epoch 048 | step 0760 | total = 2.5734 | box = 0.3210 | obj = 0.9313 | cls = 0.0372 | lr = 0.000019
epoch 048 | step 0780 | total = 2.5661 | box = 0.3231 | obj = 0.9202 | cls = 0.0305 | lr = 0.000019
epoch 048 | step 0800 | total = 1.8147 | box = 0.2114 | obj = 0.7185 | cls = 0.0393 | lr = 0.000019
epoch 048 | step 0820 | total = 2.6045 | box = 0.3183 | obj = 0.9833 | cls = 0.0295 | lr = 0.000019
epoch 048 | step 0840 | total = 2.1848 | box = 0.2732 | obj = 0.7860 | cls = 0.0330 | lr = 0.000019
epoch 048 | step 0860 | total = 1.8648 | box = 0.2214 | obj = 0.7129 | cls = 0.0448 | lr = 0.000019
epoch 048 | step 0880 | total = 3.4309 | box = 0.4601 | obj = 1.0876 | cls = 0.0430 | lr = 0.000019
epoch 048 | step 0900 | total = 2.1583 | box = 0.2527 | obj = 0.8544 | cls = 0.0403 | lr = 0.000019
epoch 048 | step 0920 | total = 2.7317 | box = 0.3276 | obj = 1.0473 | cls = 0.0463 | lr = 0.000019
[epoch 048 train] total = 2.6325 | box = 0.3325 | obj = 0.9326 | cls = 0.0373 | steps = 925 | global_batches = 7400 | samples = 118288 | time = 1023.2s
[epoch 048 val] total = 5.5841 | box = 0.5857 | obj = 2.6129 | cls = 0.0429 | steps = 40 | global_batches = 320 | samples = 5000 | time = 30.2s
epoch 049 | step 0001 | total = 2.9674 | box = 0.3927 | obj = 0.9584 | cls = 0.0454 | lr = 0.000014
epoch 049 | step 0020 | total = 2.8850 | box = 0.3691 | obj = 1.0078 | cls = 0.0317 | lr = 0.000014
epoch 049 | step 0040 | total = 2.2972 | box = 0.2891 | obj = 0.8213 | cls = 0.0304 | lr = 0.000014
epoch 049 | step 0060 | total = 2.8257 | box = 0.3601 | obj = 0.9918 | cls = 0.0331 | lr = 0.000014
epoch 049 | step 0080 | total = 2.3280 | box = 0.2860 | obj = 0.8651 | cls = 0.0330 | lr = 0.000014
epoch 049 | step 0100 | total = 3.1560 | box = 0.3944 | obj = 1.1489 | cls = 0.0350 | lr = 0.000014
epoch 049 | step 0120 | total = 1.9006 | box = 0.2248 | obj = 0.7479 | cls = 0.0287 | lr = 0.000014
epoch 049 | step 0140 | total = 3.4088 | box = 0.4618 | obj = 1.0681 | cls = 0.0315 | lr = 0.000014
epoch 049 | step 0160 | total = 2.9028 | box = 0.3559 | obj = 1.0903 | cls = 0.0328 | lr = 0.000014
epoch 049 | step 0180 | total = 2.1200 | box = 0.2478 | obj = 0.8260 | cls = 0.0547 | lr = 0.000014
epoch 049 | step 0200 | total = 2.9518 | box = 0.3866 | obj = 0.9843 | cls = 0.0345 | lr = 0.000014
epoch 049 | step 0220 | total = 2.1413 | box = 0.2558 | obj = 0.8216 | cls = 0.0406 | lr = 0.000014
epoch 049 | step 0240 | total = 3.1436 | box = 0.4195 | obj = 1.0025 | cls = 0.0437 | lr = 0.000014
epoch 049 | step 0260 | total = 3.0799 | box = 0.4027 | obj = 1.0328 | cls = 0.0336 | lr = 0.000014
epoch 049 | step 0280 | total = 2.3867 | box = 0.2933 | obj = 0.8833 | cls = 0.0368 | lr = 0.000014
epoch 049 | step 0300 | total = 2.4747 | box = 0.3038 | obj = 0.9195 | cls = 0.0361 | lr = 0.000014
epoch 049 | step 0320 | total = 2.2223 | box = 0.2623 | obj = 0.8719 | cls = 0.0389 | lr = 0.000014
epoch 049 | step 0340 | total = 2.2174 | box = 0.2629 | obj = 0.8569 | cls = 0.0461 | lr = 0.000014
epoch 049 | step 0360 | total = 3.2484 | box = 0.4407 | obj = 1.0057 | cls = 0.0392 | lr = 0.000014
epoch 049 | step 0380 | total = 2.6554 | box = 0.3560 | obj = 0.8343 | cls = 0.0411 | lr = 0.000014
epoch 049 | step 0400 | total = 2.2809 | box = 0.2848 | obj = 0.8198 | cls = 0.0374 | lr = 0.000014
epoch 049 | step 0420 | total = 2.5422 | box = 0.3190 | obj = 0.9206 | cls = 0.0268 | lr = 0.000014
epoch 049 | step 0440 | total = 2.7140 | box = 0.3411 | obj = 0.9656 | cls = 0.0428 | lr = 0.000014
epoch 049 | step 0460 | total = 2.3774 | box = 0.2872 | obj = 0.9072 | cls = 0.0340 | lr = 0.000014
epoch 049 | step 0480 | total = 2.4631 | box = 0.2930 | obj = 0.9615 | cls = 0.0368 | lr = 0.000014
epoch 049 | step 0500 | total = 2.5815 | box = 0.3178 | obj = 0.9578 | cls = 0.0345 | lr = 0.000014
epoch 049 | step 0520 | total = 2.9108 | box = 0.3789 | obj = 0.9920 | cls = 0.0245 | lr = 0.000014
epoch 049 | step 0540 | total = 2.6788 | box = 0.3459 | obj = 0.9119 | cls = 0.0375 | lr = 0.000014
epoch 049 | step 0560 | total = 2.5667 | box = 0.3165 | obj = 0.9502 | cls = 0.0337 | lr = 0.000014
epoch 049 | step 0580 | total = 2.4577 | box = 0.2981 | obj = 0.9276 | cls = 0.0395 | lr = 0.000014
epoch 049 | step 0600 | total = 2.3858 | box = 0.2954 | obj = 0.8688 | cls = 0.0399 | lr = 0.000014
epoch 049 | step 0620 | total = 2.8005 | box = 0.3558 | obj = 0.9830 | cls = 0.0385 | lr = 0.000014
epoch 049 | step 0640 | total = 2.6363 | box = 0.3386 | obj = 0.9080 | cls = 0.0352 | lr = 0.000014
epoch 049 | step 0660 | total = 2.4326 | box = 0.3022 | obj = 0.8875 | cls = 0.0343 | lr = 0.000014
epoch 049 | step 0680 | total = 2.7019 | box = 0.3447 | obj = 0.9359 | cls = 0.0425 | lr = 0.000014
epoch 049 | step 0700 | total = 3.3856 | box = 0.4675 | obj = 1.0081 | cls = 0.0402 | lr = 0.000014
epoch 049 | step 0720 | total = 2.8561 | box = 0.3660 | obj = 0.9919 | cls = 0.0342 | lr = 0.000014
epoch 049 | step 0740 | total = 2.3431 | box = 0.2753 | obj = 0.9204 | cls = 0.0463 | lr = 0.000014
epoch 049 | step 0760 | total = 3.0104 | box = 0.3861 | obj = 1.0381 | cls = 0.0418 | lr = 0.000014
epoch 049 | step 0780 | total = 2.5586 | box = 0.3291 | obj = 0.8795 | cls = 0.0337 | lr = 0.000014
epoch 049 | step 0800 | total = 2.8924 | box = 0.3586 | obj = 1.0611 | cls = 0.0385 | lr = 0.000014
epoch 049 | step 0820 | total = 3.7204 | box = 0.5138 | obj = 1.1131 | cls = 0.0383 | lr = 0.000014
epoch 049 | step 0840 | total = 2.6882 | box = 0.3309 | obj = 0.9914 | cls = 0.0424 | lr = 0.000014
epoch 049 | step 0860 | total = 2.6919 | box = 0.3355 | obj = 0.9769 | cls = 0.0377 | lr = 0.000014
epoch 049 | step 0880 | total = 1.9923 | box = 0.2365 | obj = 0.7665 | cls = 0.0432 | lr = 0.000014
epoch 049 | step 0900 | total = 2.6379 | box = 0.3223 | obj = 0.9906 | cls = 0.0356 | lr = 0.000014
epoch 049 | step 0920 | total = 3.0234 | box = 0.3978 | obj = 1.0012 | cls = 0.0330 | lr = 0.000014
[epoch 049 train] total = 2.6244 | box = 0.3314 | obj = 0.9303 | cls = 0.0372 | steps = 925 | global_batches = 7400 | samples = 118288 | time = 1023.1s
[epoch 049 val] total = 5.5537 | box = 0.5855 | obj = 2.5831 | cls = 0.0430 | steps = 40 | global_batches = 320 | samples = 5000 | time = 29.9s
epoch 050 | step 0001 | total = 3.1687 | box = 0.4149 | obj = 1.0462 | cls = 0.0482 | lr = 0.000011
epoch 050 | step 0020 | total = 2.2252 | box = 0.2693 | obj = 0.8421 | cls = 0.0368 | lr = 0.000011
epoch 050 | step 0040 | total = 1.7202 | box = 0.2026 | obj = 0.6666 | cls = 0.0405 | lr = 0.000011
epoch 050 | step 0060 | total = 2.9578 | box = 0.4022 | obj = 0.9025 | cls = 0.0442 | lr = 0.000011
epoch 050 | step 0080 | total = 3.1413 | box = 0.4120 | obj = 1.0467 | cls = 0.0347 | lr = 0.000011
epoch 050 | step 0100 | total = 2.6740 | box = 0.3392 | obj = 0.9345 | cls = 0.0433 | lr = 0.000011
epoch 050 | step 0120 | total = 2.6237 | box = 0.3256 | obj = 0.9620 | cls = 0.0339 | lr = 0.000011
epoch 050 | step 0140 | total = 2.4124 | box = 0.3147 | obj = 0.8059 | cls = 0.0328 | lr = 0.000011
epoch 050 | step 0160 | total = 3.2094 | box = 0.4068 | obj = 1.1406 | cls = 0.0346 | lr = 0.000011
epoch 050 | step 0180 | total = 2.3868 | box = 0.2952 | obj = 0.8692 | cls = 0.0416 | lr = 0.000011
epoch 050 | step 0200 | total = 2.4763 | box = 0.3020 | obj = 0.9329 | cls = 0.0335 | lr = 0.000011
epoch 050 | step 0220 | total = 2.4851 | box = 0.3239 | obj = 0.8296 | cls = 0.0359 | lr = 0.000011
epoch 050 | step 0240 | total = 2.6305 | box = 0.3324 | obj = 0.9341 | cls = 0.0344 | lr = 0.000011
epoch 050 | step 0260 | total = 2.6028 | box = 0.3248 | obj = 0.9497 | cls = 0.0290 | lr = 0.000011
epoch 050 | step 0280 | total = 2.7790 | box = 0.3545 | obj = 0.9578 | cls = 0.0485 | lr = 0.000011
epoch 050 | step 0300 | total = 2.0340 | box = 0.2451 | obj = 0.7718 | cls = 0.0369 | lr = 0.000011
epoch 050 | step 0320 | total = 3.1000 | box = 0.4097 | obj = 1.0106 | cls = 0.0409 | lr = 0.000011
epoch 050 | step 0340 | total = 2.7685 | box = 0.3469 | obj = 0.9863 | cls = 0.0479 | lr = 0.000011
epoch 050 | step 0360 | total = 2.8690 | box = 0.3818 | obj = 0.9317 | cls = 0.0281 | lr = 0.000011
epoch 050 | step 0380 | total = 2.1317 | box = 0.2582 | obj = 0.8023 | cls = 0.0383 | lr = 0.000011
epoch 050 | step 0400 | total = 2.2626 | box = 0.2638 | obj = 0.9036 | cls = 0.0400 | lr = 0.000011
epoch 050 | step 0420 | total = 3.1318 | box = 0.4147 | obj = 1.0211 | cls = 0.0372 | lr = 0.000011
epoch 050 | step 0440 | total = 3.1194 | box = 0.4230 | obj = 0.9714 | cls = 0.0332 | lr = 0.000011
epoch 050 | step 0460 | total = 2.6841 | box = 0.3388 | obj = 0.9553 | cls = 0.0348 | lr = 0.000011
epoch 050 | step 0480 | total = 3.1531 | box = 0.4120 | obj = 1.0592 | cls = 0.0338 | lr = 0.000011
epoch 050 | step 0500 | total = 2.6606 | box = 0.3139 | obj = 1.0487 | cls = 0.0426 | lr = 0.000011
epoch 050 | step 0520 | total = 3.3204 | box = 0.4654 | obj = 0.9571 | cls = 0.0365 | lr = 0.000011
epoch 050 | step 0540 | total = 2.6460 | box = 0.3137 | obj = 1.0299 | cls = 0.0475 | lr = 0.000011
epoch 050 | step 0560 | total = 2.0789 | box = 0.2460 | obj = 0.8177 | cls = 0.0314 | lr = 0.000011
epoch 050 | step 0580 | total = 2.4118 | box = 0.2893 | obj = 0.9331 | cls = 0.0324 | lr = 0.000011
epoch 050 | step 0600 | total = 2.6120 | box = 0.3308 | obj = 0.9258 | cls = 0.0324 | lr = 0.000011
epoch 050 | step 0620 | total = 3.7198 | box = 0.5287 | obj = 1.0365 | cls = 0.0397 | lr = 0.000011
epoch 050 | step 0640 | total = 2.1001 | box = 0.2558 | obj = 0.7893 | cls = 0.0318 | lr = 0.000011
epoch 050 | step 0660 | total = 2.5617 | box = 0.3262 | obj = 0.8966 | cls = 0.0339 | lr = 0.000011
epoch 050 | step 0680 | total = 2.4595 | box = 0.3020 | obj = 0.9206 | cls = 0.0286 | lr = 0.000011
epoch 050 | step 0700 | total = 2.9816 | box = 0.3778 | obj = 1.0570 | cls = 0.0354 | lr = 0.000011
epoch 050 | step 0720 | total = 2.7977 | box = 0.3550 | obj = 0.9891 | cls = 0.0336 | lr = 0.000011
epoch 050 | step 0740 | total = 2.4518 | box = 0.3116 | obj = 0.8583 | cls = 0.0355 | lr = 0.000011
epoch 050 | step 0760 | total = 2.5917 | box = 0.3193 | obj = 0.9468 | cls = 0.0484 | lr = 0.000011
epoch 050 | step 0780 | total = 2.3966 | box = 0.2904 | obj = 0.9176 | cls = 0.0268 | lr = 0.000011
epoch 050 | step 0800 | total = 2.2145 | box = 0.2567 | obj = 0.8949 | cls = 0.0363 | lr = 0.000011
epoch 050 | step 0820 | total = 3.1132 | box = 0.4187 | obj = 0.9823 | cls = 0.0376 | lr = 0.000011
epoch 050 | step 0840 | total = 3.2135 | box = 0.4417 | obj = 0.9692 | cls = 0.0360 | lr = 0.000011
epoch 050 | step 0860 | total = 1.9841 | box = 0.2306 | obj = 0.7986 | cls = 0.0325 | lr = 0.000011
epoch 050 | step 0880 | total = 3.1889 | box = 0.4232 | obj = 1.0371 | cls = 0.0356 | lr = 0.000011
epoch 050 | step 0900 | total = 2.3992 | box = 0.3033 | obj = 0.8459 | cls = 0.0366 | lr = 0.000011
epoch 050 | step 0920 | total = 2.3002 | box = 0.2668 | obj = 0.9310 | cls = 0.0350 | lr = 0.000011
[epoch 050 train] total = 2.6191 | box = 0.3307 | obj = 0.9286 | cls = 0.0372 | steps = 925 | global_batches = 7400 | samples = 118288 | time = 1019.2s
[epoch 050 val] total = 5.5886 | box = 0.5863 | obj = 2.6144 | cls = 0.0429 | steps = 40 | global_batches = 320 | samples = 5000 | time = 30.2s
training status: completed
result summary: logs/records/dual_scale_three_box_coco_only_noobj1_512_k6_ddp_20260506_152934/result.txt
W0506 15:29:31.005000 1141771 site-packages/torch/distributed/run.py:851] 
W0506 15:29:31.005000 1141771 site-packages/torch/distributed/run.py:851] *****************************************
W0506 15:29:31.005000 1141771 site-packages/torch/distributed/run.py:851] Setting OMP_NUM_THREADS environment variable for each process to be 1 in default, to avoid your system being overloaded, please further tune the variable for optimal performance in your application as needed. 
W0506 15:29:31.005000 1141771 site-packages/torch/distributed/run.py:851] *****************************************
/home/lidz/miniconda3/envs/yolov1/lib/python3.10/site-packages/torch/distributed/c10d_logger.py:83: UserWarning: barrier(): using the device under current context. You can specify `device_id` in `init_process_group` to mute this warning.
  return func(*args, **kwargs)
