W0501 02:47:59.021000 137994 site-packages/torch/distributed/run.py:851] 
W0501 02:47:59.021000 137994 site-packages/torch/distributed/run.py:851] *****************************************
W0501 02:47:59.021000 137994 site-packages/torch/distributed/run.py:851] Setting OMP_NUM_THREADS environment variable for each process to be 1 in default, to avoid your system being overloaded, please further tune the variable for optimal performance in your application as needed. 
W0501 02:47:59.021000 137994 site-packages/torch/distributed/run.py:851] *****************************************
DDP mode: ignoring train.use_data_parallel from config.
dataset storage train: pt | index = /home/lidz/YOLO/DataSet/Unified/packed/pt/coco2017_train/chunk_1024/index.json | chunks = 116 | samples = 118287 | chunk_size = 1024
dataset storage val: pt | index = /home/lidz/YOLO/DataSet/Unified/packed/pt/coco2017_val/chunk_1024/index.json | chunks = 5 | samples = 5000 | chunk_size = 1024
/home/lidz/miniconda3/envs/yolov1/lib/python3.10/site-packages/torch/distributed/c10d_logger.py:83: UserWarning: barrier(): using the device under current context. You can specify `device_id` in `init_process_group` to mute this warning.
  return func(*args, **kwargs)
DDP configured global batch size: 128
DDP per-rank batch size: 16
DDP effective global batch size: 128
DDP configured workers: 64
DDP per-rank workers: 8
starting yolov0 DDP training
run id: dual_scale_three_box_coco_only_noobj1_416_k6_ddp_20260501_024802
device: cuda:0
backend: nccl
world size: 8
train dataset length: 118287
val dataset length: 5000
model output shape: {'p4': (1, 26, 26, 255), 'p5': (1, 13, 13, 255)}
parameter total: 36531294
parameter trainable: 36531294
tensorboard dir: runs/dual_scale_three_box_coco_only_noobj1_416_k6_ddp_20260501_024802
output dir: outputs/dual_scale_three_box_coco_only_noobj1_416_k6_ddp_20260501_024802
epoch 001 | step 0001 | total = 11.6203 | box = 1.4262 | obj = 3.0667 | cls = 1.4226 | lr = 0.001000
epoch 001 | step 0020 | total = 8.1285 | box = 1.1492 | obj = 2.1814 | cls = 0.2010 | lr = 0.001000
epoch 001 | step 0040 | total = 7.7949 | box = 1.1349 | obj = 2.0396 | cls = 0.0809 | lr = 0.001000
epoch 001 | step 0060 | total = 7.8240 | box = 1.1427 | obj = 2.0378 | cls = 0.0724 | lr = 0.001000
epoch 001 | step 0080 | total = 8.1217 | box = 1.2283 | obj = 1.9172 | cls = 0.0630 | lr = 0.001000
epoch 001 | step 0100 | total = 7.8476 | box = 1.1856 | obj = 1.8594 | cls = 0.0600 | lr = 0.001000
epoch 001 | step 0120 | total = 7.9047 | box = 1.1683 | obj = 2.0054 | cls = 0.0577 | lr = 0.001000
epoch 001 | step 0140 | total = 7.3010 | box = 1.0373 | obj = 2.0529 | cls = 0.0616 | lr = 0.001000
epoch 001 | step 0160 | total = 7.2858 | box = 1.0308 | obj = 2.0600 | cls = 0.0720 | lr = 0.001000
epoch 001 | step 0180 | total = 7.4052 | box = 1.0323 | obj = 2.1766 | cls = 0.0670 | lr = 0.001000
epoch 001 | step 0200 | total = 7.0218 | box = 0.9833 | obj = 2.0413 | cls = 0.0638 | lr = 0.001000
epoch 001 | step 0220 | total = 6.8129 | box = 0.9444 | obj = 2.0244 | cls = 0.0665 | lr = 0.001000
epoch 001 | step 0240 | total = 7.4230 | box = 1.0926 | obj = 1.8972 | cls = 0.0629 | lr = 0.001000
epoch 001 | step 0260 | total = 7.2036 | box = 1.0427 | obj = 1.9305 | cls = 0.0597 | lr = 0.001000
epoch 001 | step 0280 | total = 7.6368 | box = 1.1296 | obj = 1.9354 | cls = 0.0534 | lr = 0.001000
epoch 001 | step 0300 | total = 8.0332 | box = 1.2295 | obj = 1.8287 | cls = 0.0571 | lr = 0.001000
epoch 001 | step 0320 | total = 7.2644 | box = 1.0416 | obj = 1.9970 | cls = 0.0593 | lr = 0.001000
epoch 001 | step 0340 | total = 7.0777 | box = 0.9941 | obj = 2.0446 | cls = 0.0628 | lr = 0.001000
epoch 001 | step 0360 | total = 7.4633 | box = 1.0977 | obj = 1.9204 | cls = 0.0544 | lr = 0.001000
epoch 001 | step 0380 | total = 6.5578 | box = 0.8985 | obj = 1.9902 | cls = 0.0750 | lr = 0.001000
epoch 001 | step 0400 | total = 6.6802 | box = 0.9137 | obj = 2.0431 | cls = 0.0684 | lr = 0.001000
epoch 001 | step 0420 | total = 7.5576 | box = 1.1104 | obj = 1.9483 | cls = 0.0572 | lr = 0.001000
epoch 001 | step 0440 | total = 7.0686 | box = 1.0280 | obj = 1.8654 | cls = 0.0633 | lr = 0.001000
epoch 001 | step 0460 | total = 7.7864 | box = 1.1914 | obj = 1.7778 | cls = 0.0516 | lr = 0.001000
epoch 001 | step 0480 | total = 7.6728 | box = 1.1605 | obj = 1.8187 | cls = 0.0514 | lr = 0.001000
epoch 001 | step 0500 | total = 7.3190 | box = 1.0797 | obj = 1.8657 | cls = 0.0548 | lr = 0.001000
epoch 001 | step 0520 | total = 7.0791 | box = 0.9995 | obj = 2.0177 | cls = 0.0638 | lr = 0.001000
epoch 001 | step 0540 | total = 6.8502 | box = 0.9644 | obj = 1.9633 | cls = 0.0651 | lr = 0.001000
epoch 001 | step 0560 | total = 6.6202 | box = 0.9108 | obj = 2.0085 | cls = 0.0578 | lr = 0.001000
epoch 001 | step 0580 | total = 7.5735 | box = 1.1458 | obj = 1.7913 | cls = 0.0529 | lr = 0.001000
epoch 001 | step 0600 | total = 7.5563 | box = 1.1246 | obj = 1.8830 | cls = 0.0505 | lr = 0.001000
epoch 001 | step 0620 | total = 6.9272 | box = 0.9698 | obj = 2.0220 | cls = 0.0561 | lr = 0.001000
epoch 001 | step 0640 | total = 6.3434 | box = 0.8721 | obj = 1.9283 | cls = 0.0547 | lr = 0.001000
epoch 001 | step 0660 | total = 6.7596 | box = 0.9516 | obj = 1.9419 | cls = 0.0597 | lr = 0.001000
epoch 001 | step 0680 | total = 6.5133 | box = 0.8879 | obj = 2.0081 | cls = 0.0655 | lr = 0.001000
epoch 001 | step 0700 | total = 6.6552 | box = 0.9168 | obj = 2.0124 | cls = 0.0587 | lr = 0.001000
epoch 001 | step 0720 | total = 6.9581 | box = 0.9897 | obj = 1.9494 | cls = 0.0599 | lr = 0.001000
epoch 001 | step 0740 | total = 6.5976 | box = 0.9345 | obj = 1.8656 | cls = 0.0594 | lr = 0.001000
epoch 001 | step 0760 | total = 6.4531 | box = 0.8951 | obj = 1.9086 | cls = 0.0688 | lr = 0.001000
epoch 001 | step 0780 | total = 6.4659 | box = 0.8716 | obj = 2.0428 | cls = 0.0652 | lr = 0.001000
epoch 001 | step 0800 | total = 5.5387 | box = 0.7127 | obj = 1.8976 | cls = 0.0774 | lr = 0.001000
epoch 001 | step 0820 | total = 6.3406 | box = 0.8442 | obj = 2.0528 | cls = 0.0666 | lr = 0.001000
epoch 001 | step 0840 | total = 5.9720 | box = 0.7515 | obj = 2.1393 | cls = 0.0754 | lr = 0.001000
epoch 001 | step 0860 | total = 6.3011 | box = 0.8886 | obj = 1.8063 | cls = 0.0517 | lr = 0.001000
epoch 001 | step 0880 | total = 6.1150 | box = 0.7860 | obj = 2.1197 | cls = 0.0651 | lr = 0.001000
epoch 001 | step 0900 | total = 6.6439 | box = 0.9437 | obj = 1.8777 | cls = 0.0478 | lr = 0.001000
epoch 001 | step 0920 | total = 6.9687 | box = 1.0058 | obj = 1.8871 | cls = 0.0527 | lr = 0.001000
[epoch 001 train] total = 7.1912 | box = 1.0334 | obj = 1.9493 | cls = 0.0747 | steps = 925 | global_batches = 7400 | samples = 118288 | time = 807.6s
[epoch 001 val] total = 6.6748 | box = 0.9453 | obj = 1.8905 | cls = 0.0579 | steps = 40 | global_batches = 320 | samples = 5000 | time = 20.4s
epoch 002 | step 0001 | total = 6.2250 | box = 0.8484 | obj = 1.9280 | cls = 0.0551 | lr = 0.000997
epoch 002 | step 0020 | total = 6.2589 | box = 0.8670 | obj = 1.8725 | cls = 0.0514 | lr = 0.000997
epoch 002 | step 0040 | total = 7.0571 | box = 1.0213 | obj = 1.8955 | cls = 0.0548 | lr = 0.000997
epoch 002 | step 0060 | total = 6.9004 | box = 1.0103 | obj = 1.7988 | cls = 0.0500 | lr = 0.000997
epoch 002 | step 0080 | total = 6.6656 | box = 0.9352 | obj = 1.9271 | cls = 0.0624 | lr = 0.000997
epoch 002 | step 0100 | total = 6.1324 | box = 0.8434 | obj = 1.8621 | cls = 0.0530 | lr = 0.000997
epoch 002 | step 0120 | total = 6.5044 | box = 0.9107 | obj = 1.8975 | cls = 0.0533 | lr = 0.000997
epoch 002 | step 0140 | total = 6.8152 | box = 0.9920 | obj = 1.7975 | cls = 0.0575 | lr = 0.000997
epoch 002 | step 0160 | total = 7.0316 | box = 1.0179 | obj = 1.8881 | cls = 0.0538 | lr = 0.000997
epoch 002 | step 0180 | total = 5.9336 | box = 0.7968 | obj = 1.8829 | cls = 0.0667 | lr = 0.000997
epoch 002 | step 0200 | total = 6.7774 | box = 0.9405 | obj = 2.0157 | cls = 0.0593 | lr = 0.000997
epoch 002 | step 0220 | total = 6.2526 | box = 0.8570 | obj = 1.9173 | cls = 0.0504 | lr = 0.000997
epoch 002 | step 0240 | total = 5.7375 | box = 0.7293 | obj = 2.0156 | cls = 0.0753 | lr = 0.000997
epoch 002 | step 0260 | total = 6.6692 | box = 0.9528 | obj = 1.8483 | cls = 0.0569 | lr = 0.000997
epoch 002 | step 0280 | total = 6.9913 | box = 1.0265 | obj = 1.8080 | cls = 0.0507 | lr = 0.000997
epoch 002 | step 0300 | total = 6.7771 | box = 0.9691 | obj = 1.8769 | cls = 0.0548 | lr = 0.000997
epoch 002 | step 0320 | total = 6.6493 | box = 0.9488 | obj = 1.8510 | cls = 0.0543 | lr = 0.000997
epoch 002 | step 0340 | total = 6.5344 | box = 0.8705 | obj = 2.1154 | cls = 0.0663 | lr = 0.000997
epoch 002 | step 0360 | total = 5.8743 | box = 0.7980 | obj = 1.8263 | cls = 0.0578 | lr = 0.000997
epoch 002 | step 0380 | total = 6.5605 | box = 0.9625 | obj = 1.6918 | cls = 0.0560 | lr = 0.000997
epoch 002 | step 0400 | total = 6.7320 | box = 0.9710 | obj = 1.8243 | cls = 0.0526 | lr = 0.000997
epoch 002 | step 0420 | total = 5.8206 | box = 0.7841 | obj = 1.8356 | cls = 0.0646 | lr = 0.000997
epoch 002 | step 0440 | total = 6.3314 | box = 0.8565 | obj = 1.9959 | cls = 0.0530 | lr = 0.000997
epoch 002 | step 0460 | total = 6.8315 | box = 0.9880 | obj = 1.8375 | cls = 0.0542 | lr = 0.000997
epoch 002 | step 0480 | total = 5.7818 | box = 0.7748 | obj = 1.8475 | cls = 0.0601 | lr = 0.000997
epoch 002 | step 0500 | total = 5.4795 | box = 0.7121 | obj = 1.8513 | cls = 0.0676 | lr = 0.000997
epoch 002 | step 0520 | total = 6.2640 | box = 0.8713 | obj = 1.8492 | cls = 0.0584 | lr = 0.000997
epoch 002 | step 0540 | total = 6.9423 | box = 1.0375 | obj = 1.7083 | cls = 0.0464 | lr = 0.000997
epoch 002 | step 0560 | total = 6.2935 | box = 0.8585 | obj = 1.9425 | cls = 0.0585 | lr = 0.000997
epoch 002 | step 0580 | total = 5.6908 | box = 0.7461 | obj = 1.9058 | cls = 0.0547 | lr = 0.000997
epoch 002 | step 0600 | total = 6.1790 | box = 0.8287 | obj = 1.9777 | cls = 0.0578 | lr = 0.000997
epoch 002 | step 0620 | total = 5.4795 | box = 0.7408 | obj = 1.7186 | cls = 0.0569 | lr = 0.000997
epoch 002 | step 0640 | total = 5.3188 | box = 0.6621 | obj = 1.9354 | cls = 0.0727 | lr = 0.000997
epoch 002 | step 0660 | total = 5.8047 | box = 0.7894 | obj = 1.8040 | cls = 0.0536 | lr = 0.000997
epoch 002 | step 0680 | total = 5.6533 | box = 0.7502 | obj = 1.8411 | cls = 0.0611 | lr = 0.000997
epoch 002 | step 0700 | total = 6.9449 | box = 0.9978 | obj = 1.9054 | cls = 0.0506 | lr = 0.000997
epoch 002 | step 0720 | total = 6.1847 | box = 0.8380 | obj = 1.9312 | cls = 0.0635 | lr = 0.000997
epoch 002 | step 0740 | total = 6.8540 | box = 1.0124 | obj = 1.7452 | cls = 0.0465 | lr = 0.000997
epoch 002 | step 0760 | total = 7.3020 | box = 1.0810 | obj = 1.8477 | cls = 0.0495 | lr = 0.000997
epoch 002 | step 0780 | total = 6.1440 | box = 0.8553 | obj = 1.8076 | cls = 0.0600 | lr = 0.000997
epoch 002 | step 0800 | total = 5.5678 | box = 0.7236 | obj = 1.8793 | cls = 0.0705 | lr = 0.000997
epoch 002 | step 0820 | total = 6.4879 | box = 0.9104 | obj = 1.8808 | cls = 0.0554 | lr = 0.000997
epoch 002 | step 0840 | total = 6.0839 | box = 0.8254 | obj = 1.8973 | cls = 0.0597 | lr = 0.000997
epoch 002 | step 0860 | total = 6.6085 | box = 0.9708 | obj = 1.7076 | cls = 0.0467 | lr = 0.000997
epoch 002 | step 0880 | total = 6.3669 | box = 0.9116 | obj = 1.7535 | cls = 0.0554 | lr = 0.000997
epoch 002 | step 0900 | total = 6.2491 | box = 0.8942 | obj = 1.7311 | cls = 0.0471 | lr = 0.000997
epoch 002 | step 0920 | total = 6.2997 | box = 0.8931 | obj = 1.7835 | cls = 0.0506 | lr = 0.000997
[epoch 002 train] total = 6.3308 | box = 0.8831 | obj = 1.8585 | cls = 0.0566 | steps = 925 | global_batches = 7400 | samples = 118288 | time = 803.0s
[epoch 002 val] total = 6.2702 | box = 0.8694 | obj = 1.8669 | cls = 0.0561 | steps = 40 | global_batches = 320 | samples = 5000 | time = 20.8s
epoch 003 | step 0001 | total = 6.0102 | box = 0.8387 | obj = 1.7623 | cls = 0.0545 | lr = 0.000989
epoch 003 | step 0020 | total = 6.5397 | box = 0.9379 | obj = 1.7994 | cls = 0.0507 | lr = 0.000989
epoch 003 | step 0040 | total = 5.8290 | box = 0.7935 | obj = 1.7983 | cls = 0.0632 | lr = 0.000989
epoch 003 | step 0060 | total = 6.6450 | box = 0.9573 | obj = 1.8110 | cls = 0.0473 | lr = 0.000989
epoch 003 | step 0080 | total = 6.0489 | box = 0.8116 | obj = 1.9279 | cls = 0.0630 | lr = 0.000989
epoch 003 | step 0100 | total = 6.1042 | box = 0.8550 | obj = 1.7791 | cls = 0.0503 | lr = 0.000989
epoch 003 | step 0120 | total = 6.6091 | box = 0.9604 | obj = 1.7537 | cls = 0.0534 | lr = 0.000989
epoch 003 | step 0140 | total = 6.4717 | box = 0.9310 | obj = 1.7726 | cls = 0.0441 | lr = 0.000989
epoch 003 | step 0160 | total = 6.4478 | box = 0.9124 | obj = 1.8294 | cls = 0.0563 | lr = 0.000989
epoch 003 | step 0180 | total = 7.0094 | box = 1.0351 | obj = 1.7847 | cls = 0.0493 | lr = 0.000989
epoch 003 | step 0200 | total = 5.3135 | box = 0.6668 | obj = 1.9119 | cls = 0.0676 | lr = 0.000989
epoch 003 | step 0220 | total = 6.4172 | box = 0.9452 | obj = 1.6456 | cls = 0.0458 | lr = 0.000989
epoch 003 | step 0240 | total = 5.6466 | box = 0.7705 | obj = 1.7437 | cls = 0.0503 | lr = 0.000989
epoch 003 | step 0260 | total = 5.9661 | box = 0.8106 | obj = 1.8515 | cls = 0.0615 | lr = 0.000989
epoch 003 | step 0280 | total = 5.4448 | box = 0.6931 | obj = 1.9136 | cls = 0.0658 | lr = 0.000989
epoch 003 | step 0300 | total = 5.9959 | box = 0.8045 | obj = 1.9130 | cls = 0.0605 | lr = 0.000989
epoch 003 | step 0320 | total = 5.9275 | box = 0.7830 | obj = 1.9465 | cls = 0.0659 | lr = 0.000989
epoch 003 | step 0340 | total = 6.1184 | box = 0.8597 | obj = 1.7673 | cls = 0.0526 | lr = 0.000989
epoch 003 | step 0360 | total = 5.8434 | box = 0.8083 | obj = 1.7487 | cls = 0.0530 | lr = 0.000989
epoch 003 | step 0380 | total = 5.3746 | box = 0.7316 | obj = 1.6631 | cls = 0.0534 | lr = 0.000989
epoch 003 | step 0400 | total = 5.6578 | box = 0.7797 | obj = 1.7028 | cls = 0.0563 | lr = 0.000989
epoch 003 | step 0420 | total = 6.5495 | box = 0.9372 | obj = 1.8175 | cls = 0.0459 | lr = 0.000989
epoch 003 | step 0440 | total = 6.0363 | box = 0.8073 | obj = 1.9451 | cls = 0.0546 | lr = 0.000989
epoch 003 | step 0460 | total = 5.8046 | box = 0.7743 | obj = 1.8774 | cls = 0.0559 | lr = 0.000989
epoch 003 | step 0480 | total = 5.6460 | box = 0.7606 | obj = 1.7887 | cls = 0.0542 | lr = 0.000989
epoch 003 | step 0500 | total = 5.5501 | box = 0.7111 | obj = 1.9338 | cls = 0.0606 | lr = 0.000989
epoch 003 | step 0520 | total = 6.1504 | box = 0.8300 | obj = 1.9481 | cls = 0.0523 | lr = 0.000989
epoch 003 | step 0540 | total = 6.0516 | box = 0.8353 | obj = 1.8186 | cls = 0.0566 | lr = 0.000989
epoch 003 | step 0560 | total = 5.7632 | box = 0.7710 | obj = 1.8417 | cls = 0.0663 | lr = 0.000989
epoch 003 | step 0580 | total = 6.9926 | box = 1.0185 | obj = 1.8490 | cls = 0.0510 | lr = 0.000989
epoch 003 | step 0600 | total = 6.1620 | box = 0.8779 | obj = 1.7242 | cls = 0.0481 | lr = 0.000989
epoch 003 | step 0620 | total = 6.1796 | box = 0.8770 | obj = 1.7490 | cls = 0.0459 | lr = 0.000989
epoch 003 | step 0640 | total = 6.4864 | box = 0.9071 | obj = 1.9049 | cls = 0.0458 | lr = 0.000989
epoch 003 | step 0660 | total = 6.2050 | box = 0.8453 | obj = 1.9227 | cls = 0.0559 | lr = 0.000989
epoch 003 | step 0680 | total = 5.2736 | box = 0.6802 | obj = 1.8204 | cls = 0.0521 | lr = 0.000989
epoch 003 | step 0700 | total = 5.4196 | box = 0.6912 | obj = 1.9014 | cls = 0.0622 | lr = 0.000989
epoch 003 | step 0720 | total = 5.1501 | box = 0.6797 | obj = 1.6966 | cls = 0.0552 | lr = 0.000989
epoch 003 | step 0740 | total = 6.3144 | box = 0.9071 | obj = 1.7292 | cls = 0.0498 | lr = 0.000989
epoch 003 | step 0760 | total = 5.9037 | box = 0.7924 | obj = 1.8855 | cls = 0.0561 | lr = 0.000989
epoch 003 | step 0780 | total = 5.9416 | box = 0.7863 | obj = 1.9514 | cls = 0.0588 | lr = 0.000989
epoch 003 | step 0800 | total = 5.7547 | box = 0.7938 | obj = 1.7333 | cls = 0.0521 | lr = 0.000989
epoch 003 | step 0820 | total = 5.2204 | box = 0.6840 | obj = 1.7485 | cls = 0.0520 | lr = 0.000989
epoch 003 | step 0840 | total = 6.2277 | box = 0.8377 | obj = 1.9831 | cls = 0.0558 | lr = 0.000989
epoch 003 | step 0860 | total = 6.9578 | box = 1.0334 | obj = 1.7417 | cls = 0.0491 | lr = 0.000989
epoch 003 | step 0880 | total = 5.7951 | box = 0.8021 | obj = 1.7305 | cls = 0.0543 | lr = 0.000989
epoch 003 | step 0900 | total = 5.1933 | box = 0.6903 | obj = 1.6735 | cls = 0.0685 | lr = 0.000989
epoch 003 | step 0920 | total = 5.7472 | box = 0.7726 | obj = 1.8299 | cls = 0.0543 | lr = 0.000989
[epoch 003 train] total = 5.9611 | box = 0.8212 | obj = 1.8003 | cls = 0.0545 | steps = 925 | global_batches = 7400 | samples = 118288 | time = 799.4s
[epoch 003 val] total = 5.9701 | box = 0.8271 | obj = 1.7808 | cls = 0.0539 | steps = 40 | global_batches = 320 | samples = 5000 | time = 21.5s
epoch 004 | step 0001 | total = 6.1158 | box = 0.8429 | obj = 1.8502 | cls = 0.0509 | lr = 0.000976
epoch 004 | step 0020 | total = 6.0752 | box = 0.8516 | obj = 1.7671 | cls = 0.0501 | lr = 0.000976
epoch 004 | step 0040 | total = 5.8233 | box = 0.8066 | obj = 1.7424 | cls = 0.0481 | lr = 0.000976
epoch 004 | step 0060 | total = 6.1132 | box = 0.8661 | obj = 1.7373 | cls = 0.0454 | lr = 0.000976
epoch 004 | step 0080 | total = 6.4272 | box = 0.8955 | obj = 1.8955 | cls = 0.0540 | lr = 0.000976
epoch 004 | step 0100 | total = 5.5647 | box = 0.7614 | obj = 1.6963 | cls = 0.0615 | lr = 0.000976
epoch 004 | step 0120 | total = 5.3690 | box = 0.6829 | obj = 1.8937 | cls = 0.0606 | lr = 0.000976
epoch 004 | step 0140 | total = 4.8647 | box = 0.5949 | obj = 1.8297 | cls = 0.0608 | lr = 0.000976
epoch 004 | step 0160 | total = 6.9984 | box = 1.0212 | obj = 1.8292 | cls = 0.0630 | lr = 0.000976
epoch 004 | step 0180 | total = 5.9499 | box = 0.8348 | obj = 1.7304 | cls = 0.0454 | lr = 0.000976
epoch 004 | step 0200 | total = 5.4730 | box = 0.7243 | obj = 1.7969 | cls = 0.0545 | lr = 0.000976
epoch 004 | step 0220 | total = 5.1714 | box = 0.6768 | obj = 1.7257 | cls = 0.0618 | lr = 0.000976
epoch 004 | step 0240 | total = 6.4873 | box = 0.9459 | obj = 1.7149 | cls = 0.0429 | lr = 0.000976
epoch 004 | step 0260 | total = 6.3757 | box = 0.9183 | obj = 1.7414 | cls = 0.0427 | lr = 0.000976
epoch 004 | step 0280 | total = 5.7205 | box = 0.7488 | obj = 1.9213 | cls = 0.0549 | lr = 0.000976
epoch 004 | step 0300 | total = 5.4666 | box = 0.7523 | obj = 1.6524 | cls = 0.0528 | lr = 0.000976
epoch 004 | step 0320 | total = 6.1099 | box = 0.8561 | obj = 1.7671 | cls = 0.0622 | lr = 0.000976
epoch 004 | step 0340 | total = 6.2918 | box = 0.9143 | obj = 1.6745 | cls = 0.0458 | lr = 0.000976
epoch 004 | step 0360 | total = 5.1462 | box = 0.6731 | obj = 1.7139 | cls = 0.0668 | lr = 0.000976
epoch 004 | step 0380 | total = 6.1288 | box = 0.8823 | obj = 1.6788 | cls = 0.0388 | lr = 0.000976
epoch 004 | step 0400 | total = 5.7436 | box = 0.7902 | obj = 1.7386 | cls = 0.0539 | lr = 0.000976
epoch 004 | step 0420 | total = 6.0925 | box = 0.8362 | obj = 1.8599 | cls = 0.0517 | lr = 0.000976
epoch 004 | step 0440 | total = 5.2599 | box = 0.7046 | obj = 1.6853 | cls = 0.0515 | lr = 0.000976
epoch 004 | step 0460 | total = 5.5909 | box = 0.7690 | obj = 1.7046 | cls = 0.0412 | lr = 0.000976
epoch 004 | step 0480 | total = 5.3365 | box = 0.7058 | obj = 1.7510 | cls = 0.0567 | lr = 0.000976
epoch 004 | step 0500 | total = 5.6175 | box = 0.7820 | obj = 1.6519 | cls = 0.0556 | lr = 0.000976
epoch 004 | step 0520 | total = 5.9939 | box = 0.8346 | obj = 1.7716 | cls = 0.0493 | lr = 0.000976
epoch 004 | step 0540 | total = 5.6754 | box = 0.7480 | obj = 1.8787 | cls = 0.0566 | lr = 0.000976
epoch 004 | step 0560 | total = 5.6623 | box = 0.7742 | obj = 1.7349 | cls = 0.0564 | lr = 0.000976
epoch 004 | step 0580 | total = 5.3466 | box = 0.7186 | obj = 1.7113 | cls = 0.0421 | lr = 0.000976
epoch 004 | step 0600 | total = 5.7387 | box = 0.8075 | obj = 1.6527 | cls = 0.0486 | lr = 0.000976
epoch 004 | step 0620 | total = 6.4332 | box = 0.9306 | obj = 1.7349 | cls = 0.0450 | lr = 0.000976
epoch 004 | step 0640 | total = 5.8774 | box = 0.8217 | obj = 1.7256 | cls = 0.0434 | lr = 0.000976
epoch 004 | step 0660 | total = 4.9520 | box = 0.6180 | obj = 1.7932 | cls = 0.0687 | lr = 0.000976
epoch 004 | step 0680 | total = 5.9950 | box = 0.7945 | obj = 1.9608 | cls = 0.0620 | lr = 0.000976
epoch 004 | step 0700 | total = 6.2591 | box = 0.8875 | obj = 1.7692 | cls = 0.0526 | lr = 0.000976
epoch 004 | step 0720 | total = 5.8038 | box = 0.7642 | obj = 1.9308 | cls = 0.0519 | lr = 0.000976
epoch 004 | step 0740 | total = 5.6196 | box = 0.7708 | obj = 1.7148 | cls = 0.0509 | lr = 0.000976
epoch 004 | step 0760 | total = 5.0135 | box = 0.6513 | obj = 1.7072 | cls = 0.0501 | lr = 0.000976
epoch 004 | step 0780 | total = 6.0545 | box = 0.8299 | obj = 1.8502 | cls = 0.0546 | lr = 0.000976
epoch 004 | step 0800 | total = 5.6886 | box = 0.7750 | obj = 1.7636 | cls = 0.0498 | lr = 0.000976
epoch 004 | step 0820 | total = 5.2161 | box = 0.6869 | obj = 1.7301 | cls = 0.0517 | lr = 0.000976
epoch 004 | step 0840 | total = 6.2895 | box = 0.8814 | obj = 1.8292 | cls = 0.0532 | lr = 0.000976
epoch 004 | step 0860 | total = 5.9199 | box = 0.8390 | obj = 1.6753 | cls = 0.0496 | lr = 0.000976
epoch 004 | step 0880 | total = 5.1656 | box = 0.6610 | obj = 1.8078 | cls = 0.0526 | lr = 0.000976
epoch 004 | step 0900 | total = 5.4186 | box = 0.6816 | obj = 1.9441 | cls = 0.0666 | lr = 0.000976
epoch 004 | step 0920 | total = 5.1171 | box = 0.6454 | obj = 1.8301 | cls = 0.0600 | lr = 0.000976
[epoch 004 train] total = 5.7272 | box = 0.7830 | obj = 1.7594 | cls = 0.0528 | steps = 925 | global_batches = 7400 | samples = 118288 | time = 798.5s
[epoch 004 val] total = 5.8596 | box = 0.8001 | obj = 1.8050 | cls = 0.0541 | steps = 40 | global_batches = 320 | samples = 5000 | time = 22.6s
epoch 005 | step 0001 | total = 5.2989 | box = 0.7223 | obj = 1.6494 | cls = 0.0380 | lr = 0.000957
epoch 005 | step 0020 | total = 4.9806 | box = 0.6499 | obj = 1.6663 | cls = 0.0649 | lr = 0.000957
epoch 005 | step 0040 | total = 5.4833 | box = 0.7396 | obj = 1.7375 | cls = 0.0477 | lr = 0.000957
epoch 005 | step 0060 | total = 5.4720 | box = 0.7393 | obj = 1.7338 | cls = 0.0418 | lr = 0.000957
epoch 005 | step 0080 | total = 5.0752 | box = 0.6768 | obj = 1.6351 | cls = 0.0558 | lr = 0.000957
epoch 005 | step 0100 | total = 5.7014 | box = 0.7858 | obj = 1.7223 | cls = 0.0501 | lr = 0.000957
epoch 005 | step 0120 | total = 5.8896 | box = 0.8209 | obj = 1.7414 | cls = 0.0437 | lr = 0.000957
epoch 005 | step 0140 | total = 5.9184 | box = 0.8054 | obj = 1.8383 | cls = 0.0532 | lr = 0.000957
epoch 005 | step 0160 | total = 4.6786 | box = 0.5923 | obj = 1.6678 | cls = 0.0492 | lr = 0.000957
epoch 005 | step 0180 | total = 5.4010 | box = 0.7260 | obj = 1.7230 | cls = 0.0480 | lr = 0.000957
epoch 005 | step 0200 | total = 5.7967 | box = 0.7884 | obj = 1.8004 | cls = 0.0545 | lr = 0.000957
epoch 005 | step 0220 | total = 5.9575 | box = 0.8417 | obj = 1.6905 | cls = 0.0582 | lr = 0.000957
epoch 005 | step 0240 | total = 5.8623 | box = 0.7985 | obj = 1.8192 | cls = 0.0507 | lr = 0.000957
epoch 005 | step 0260 | total = 6.0659 | box = 0.8624 | obj = 1.7057 | cls = 0.0484 | lr = 0.000957
epoch 005 | step 0280 | total = 4.9371 | box = 0.6580 | obj = 1.5983 | cls = 0.0489 | lr = 0.000957
epoch 005 | step 0300 | total = 6.4568 | box = 0.9411 | obj = 1.7060 | cls = 0.0454 | lr = 0.000957
epoch 005 | step 0320 | total = 5.3649 | box = 0.7390 | obj = 1.6234 | cls = 0.0467 | lr = 0.000957
epoch 005 | step 0340 | total = 5.3389 | box = 0.7066 | obj = 1.7490 | cls = 0.0568 | lr = 0.000957
epoch 005 | step 0360 | total = 5.0277 | box = 0.6659 | obj = 1.6391 | cls = 0.0590 | lr = 0.000957
epoch 005 | step 0380 | total = 5.8100 | box = 0.7888 | obj = 1.8138 | cls = 0.0525 | lr = 0.000957
epoch 005 | step 0400 | total = 5.6769 | box = 0.7895 | obj = 1.6827 | cls = 0.0466 | lr = 0.000957
epoch 005 | step 0420 | total = 5.8174 | box = 0.8213 | obj = 1.6632 | cls = 0.0477 | lr = 0.000957
epoch 005 | step 0440 | total = 5.4948 | box = 0.7629 | obj = 1.6419 | cls = 0.0385 | lr = 0.000957
epoch 005 | step 0460 | total = 5.5061 | box = 0.7566 | obj = 1.6763 | cls = 0.0469 | lr = 0.000957
epoch 005 | step 0480 | total = 6.5848 | box = 0.9822 | obj = 1.6312 | cls = 0.0426 | lr = 0.000957
epoch 005 | step 0500 | total = 5.3272 | box = 0.6785 | obj = 1.8771 | cls = 0.0576 | lr = 0.000957
epoch 005 | step 0520 | total = 5.2530 | box = 0.6825 | obj = 1.7875 | cls = 0.0531 | lr = 0.000957
epoch 005 | step 0540 | total = 4.9680 | box = 0.6366 | obj = 1.7262 | cls = 0.0591 | lr = 0.000957
epoch 005 | step 0560 | total = 5.4902 | box = 0.7641 | obj = 1.6269 | cls = 0.0426 | lr = 0.000957
epoch 005 | step 0580 | total = 5.9541 | box = 0.8508 | obj = 1.6567 | cls = 0.0432 | lr = 0.000957
epoch 005 | step 0600 | total = 5.2226 | box = 0.6981 | obj = 1.6805 | cls = 0.0518 | lr = 0.000957
epoch 005 | step 0620 | total = 6.0951 | box = 0.8646 | obj = 1.7197 | cls = 0.0524 | lr = 0.000957
epoch 005 | step 0640 | total = 5.9318 | box = 0.8548 | obj = 1.6152 | cls = 0.0424 | lr = 0.000957
epoch 005 | step 0660 | total = 5.0022 | box = 0.6347 | obj = 1.7780 | cls = 0.0507 | lr = 0.000957
epoch 005 | step 0680 | total = 5.4031 | box = 0.7280 | obj = 1.7051 | cls = 0.0582 | lr = 0.000957
epoch 005 | step 0700 | total = 5.3822 | box = 0.7178 | obj = 1.7427 | cls = 0.0506 | lr = 0.000957
epoch 005 | step 0720 | total = 5.6194 | box = 0.7782 | obj = 1.6718 | cls = 0.0568 | lr = 0.000957
epoch 005 | step 0740 | total = 5.5076 | box = 0.7357 | obj = 1.7637 | cls = 0.0651 | lr = 0.000957
epoch 005 | step 0760 | total = 5.5213 | box = 0.7251 | obj = 1.8493 | cls = 0.0466 | lr = 0.000957
epoch 005 | step 0780 | total = 4.9365 | box = 0.6317 | obj = 1.7104 | cls = 0.0674 | lr = 0.000957
epoch 005 | step 0800 | total = 5.2967 | box = 0.7087 | obj = 1.7017 | cls = 0.0518 | lr = 0.000957
epoch 005 | step 0820 | total = 5.3586 | box = 0.6911 | obj = 1.8470 | cls = 0.0562 | lr = 0.000957
epoch 005 | step 0840 | total = 5.5919 | box = 0.7924 | obj = 1.5921 | cls = 0.0379 | lr = 0.000957
epoch 005 | step 0860 | total = 6.1590 | box = 0.8666 | obj = 1.7798 | cls = 0.0463 | lr = 0.000957
epoch 005 | step 0880 | total = 5.1427 | box = 0.6733 | obj = 1.7246 | cls = 0.0518 | lr = 0.000957
epoch 005 | step 0900 | total = 4.6073 | box = 0.5976 | obj = 1.5585 | cls = 0.0609 | lr = 0.000957
epoch 005 | step 0920 | total = 6.2577 | box = 0.9147 | obj = 1.6425 | cls = 0.0417 | lr = 0.000957
[epoch 005 train] total = 5.5497 | box = 0.7542 | obj = 1.7272 | cls = 0.0514 | steps = 925 | global_batches = 7400 | samples = 118288 | time = 798.7s
[epoch 005 val] total = 5.6722 | box = 0.7735 | obj = 1.7534 | cls = 0.0516 | steps = 40 | global_batches = 320 | samples = 5000 | time = 22.5s
epoch 006 | step 0001 | total = 5.5228 | box = 0.7822 | obj = 1.5660 | cls = 0.0456 | lr = 0.000934
epoch 006 | step 0020 | total = 5.9467 | box = 0.8288 | obj = 1.7558 | cls = 0.0471 | lr = 0.000934
epoch 006 | step 0040 | total = 5.0271 | box = 0.6669 | obj = 1.6418 | cls = 0.0509 | lr = 0.000934
epoch 006 | step 0060 | total = 4.9001 | box = 0.6482 | obj = 1.6062 | cls = 0.0531 | lr = 0.000934
epoch 006 | step 0080 | total = 5.6322 | box = 0.7843 | obj = 1.6678 | cls = 0.0427 | lr = 0.000934
epoch 006 | step 0100 | total = 5.7135 | box = 0.7905 | obj = 1.7114 | cls = 0.0494 | lr = 0.000934
epoch 006 | step 0120 | total = 5.5577 | box = 0.7923 | obj = 1.5530 | cls = 0.0430 | lr = 0.000934
epoch 006 | step 0140 | total = 6.4328 | box = 0.9496 | obj = 1.6411 | cls = 0.0438 | lr = 0.000934
epoch 006 | step 0160 | total = 5.2494 | box = 0.7000 | obj = 1.7077 | cls = 0.0418 | lr = 0.000934
epoch 006 | step 0180 | total = 5.6837 | box = 0.7783 | obj = 1.7450 | cls = 0.0474 | lr = 0.000934
epoch 006 | step 0200 | total = 4.9845 | box = 0.6830 | obj = 1.5181 | cls = 0.0514 | lr = 0.000934
epoch 006 | step 0220 | total = 5.2676 | box = 0.6811 | obj = 1.8081 | cls = 0.0541 | lr = 0.000934
epoch 006 | step 0240 | total = 5.7928 | box = 0.7699 | obj = 1.8914 | cls = 0.0517 | lr = 0.000934
epoch 006 | step 0260 | total = 5.3451 | box = 0.6961 | obj = 1.8134 | cls = 0.0511 | lr = 0.000934
epoch 006 | step 0280 | total = 4.5448 | box = 0.5806 | obj = 1.5956 | cls = 0.0462 | lr = 0.000934
epoch 006 | step 0300 | total = 6.6158 | box = 0.9623 | obj = 1.7621 | cls = 0.0421 | lr = 0.000934
epoch 006 | step 0320 | total = 5.0691 | box = 0.6805 | obj = 1.6178 | cls = 0.0489 | lr = 0.000934
epoch 006 | step 0340 | total = 4.4690 | box = 0.5335 | obj = 1.7438 | cls = 0.0579 | lr = 0.000934
epoch 006 | step 0360 | total = 6.8120 | box = 1.0351 | obj = 1.5950 | cls = 0.0413 | lr = 0.000934
epoch 006 | step 0380 | total = 6.0607 | box = 0.8887 | obj = 1.5789 | cls = 0.0384 | lr = 0.000934
epoch 006 | step 0400 | total = 4.7544 | box = 0.6016 | obj = 1.6925 | cls = 0.0540 | lr = 0.000934
epoch 006 | step 0420 | total = 4.2123 | box = 0.4849 | obj = 1.7186 | cls = 0.0690 | lr = 0.000934
epoch 006 | step 0440 | total = 5.3770 | box = 0.7476 | obj = 1.5925 | cls = 0.0463 | lr = 0.000934
epoch 006 | step 0460 | total = 5.4080 | box = 0.7497 | obj = 1.6110 | cls = 0.0484 | lr = 0.000934
epoch 006 | step 0480 | total = 5.0437 | box = 0.6607 | obj = 1.6903 | cls = 0.0500 | lr = 0.000934
epoch 006 | step 0500 | total = 5.6521 | box = 0.7405 | obj = 1.8943 | cls = 0.0554 | lr = 0.000934
epoch 006 | step 0520 | total = 4.4452 | box = 0.5221 | obj = 1.7743 | cls = 0.0601 | lr = 0.000934
epoch 006 | step 0540 | total = 4.5507 | box = 0.5695 | obj = 1.6590 | cls = 0.0442 | lr = 0.000934
epoch 006 | step 0560 | total = 5.7313 | box = 0.7660 | obj = 1.8440 | cls = 0.0573 | lr = 0.000934
epoch 006 | step 0580 | total = 6.5443 | box = 0.9748 | obj = 1.6258 | cls = 0.0442 | lr = 0.000934
epoch 006 | step 0600 | total = 5.6525 | box = 0.7715 | obj = 1.7543 | cls = 0.0408 | lr = 0.000934
epoch 006 | step 0620 | total = 4.9928 | box = 0.6514 | obj = 1.6891 | cls = 0.0466 | lr = 0.000934
epoch 006 | step 0640 | total = 6.4311 | box = 0.9247 | obj = 1.7628 | cls = 0.0445 | lr = 0.000934
epoch 006 | step 0660 | total = 5.7380 | box = 0.8302 | obj = 1.5490 | cls = 0.0382 | lr = 0.000934
epoch 006 | step 0680 | total = 5.1332 | box = 0.6358 | obj = 1.8964 | cls = 0.0579 | lr = 0.000934
epoch 006 | step 0700 | total = 4.5836 | box = 0.5753 | obj = 1.6562 | cls = 0.0510 | lr = 0.000934
epoch 006 | step 0720 | total = 5.0513 | box = 0.7036 | obj = 1.4894 | cls = 0.0439 | lr = 0.000934
epoch 006 | step 0740 | total = 5.6935 | box = 0.7893 | obj = 1.6961 | cls = 0.0510 | lr = 0.000934
epoch 006 | step 0760 | total = 4.6056 | box = 0.6082 | obj = 1.5124 | cls = 0.0522 | lr = 0.000934
epoch 006 | step 0780 | total = 5.5121 | box = 0.7411 | obj = 1.7570 | cls = 0.0494 | lr = 0.000934
epoch 006 | step 0800 | total = 4.6557 | box = 0.6201 | obj = 1.5055 | cls = 0.0496 | lr = 0.000934
epoch 006 | step 0820 | total = 5.2232 | box = 0.6808 | obj = 1.7658 | cls = 0.0535 | lr = 0.000934
epoch 006 | step 0840 | total = 4.8035 | box = 0.6229 | obj = 1.6406 | cls = 0.0485 | lr = 0.000934
epoch 006 | step 0860 | total = 5.4849 | box = 0.7107 | obj = 1.8826 | cls = 0.0488 | lr = 0.000934
epoch 006 | step 0880 | total = 5.7921 | box = 0.7514 | obj = 1.9824 | cls = 0.0528 | lr = 0.000934
epoch 006 | step 0900 | total = 5.0672 | box = 0.6761 | obj = 1.6363 | cls = 0.0501 | lr = 0.000934
epoch 006 | step 0920 | total = 5.0142 | box = 0.6446 | obj = 1.7343 | cls = 0.0571 | lr = 0.000934
[epoch 006 train] total = 5.4073 | box = 0.7312 | obj = 1.7009 | cls = 0.0502 | steps = 925 | global_batches = 7400 | samples = 118288 | time = 797.4s
[epoch 006 val] total = 5.4915 | box = 0.7444 | obj = 1.7179 | cls = 0.0514 | steps = 40 | global_batches = 320 | samples = 5000 | time = 22.5s
epoch 007 | step 0001 | total = 4.3497 | box = 0.5193 | obj = 1.6945 | cls = 0.0587 | lr = 0.000905
epoch 007 | step 0020 | total = 5.4097 | box = 0.7461 | obj = 1.6308 | cls = 0.0483 | lr = 0.000905
epoch 007 | step 0040 | total = 5.9444 | box = 0.8278 | obj = 1.7632 | cls = 0.0420 | lr = 0.000905
epoch 007 | step 0060 | total = 5.4648 | box = 0.7654 | obj = 1.5911 | cls = 0.0468 | lr = 0.000905
epoch 007 | step 0080 | total = 6.1337 | box = 0.8836 | obj = 1.6775 | cls = 0.0385 | lr = 0.000905
epoch 007 | step 0100 | total = 5.1909 | box = 0.6929 | obj = 1.6795 | cls = 0.0471 | lr = 0.000905
epoch 007 | step 0120 | total = 4.9125 | box = 0.6474 | obj = 1.6222 | cls = 0.0532 | lr = 0.000905
epoch 007 | step 0140 | total = 4.6532 | box = 0.5598 | obj = 1.7936 | cls = 0.0608 | lr = 0.000905
epoch 007 | step 0160 | total = 5.6067 | box = 0.7859 | obj = 1.6297 | cls = 0.0478 | lr = 0.000905
epoch 007 | step 0180 | total = 5.1482 | box = 0.6781 | obj = 1.7074 | cls = 0.0502 | lr = 0.000905
epoch 007 | step 0200 | total = 6.1707 | box = 0.8900 | obj = 1.6740 | cls = 0.0467 | lr = 0.000905
epoch 007 | step 0220 | total = 5.0454 | box = 0.6434 | obj = 1.7775 | cls = 0.0510 | lr = 0.000905
epoch 007 | step 0240 | total = 6.0455 | box = 0.8686 | obj = 1.6620 | cls = 0.0407 | lr = 0.000905
epoch 007 | step 0260 | total = 4.9484 | box = 0.6443 | obj = 1.6797 | cls = 0.0470 | lr = 0.000905
epoch 007 | step 0280 | total = 5.6141 | box = 0.8066 | obj = 1.5279 | cls = 0.0533 | lr = 0.000905
epoch 007 | step 0300 | total = 5.2054 | box = 0.6876 | obj = 1.7101 | cls = 0.0572 | lr = 0.000905
epoch 007 | step 0320 | total = 5.0851 | box = 0.6640 | obj = 1.7089 | cls = 0.0562 | lr = 0.000905
epoch 007 | step 0340 | total = 4.8446 | box = 0.6529 | obj = 1.5288 | cls = 0.0514 | lr = 0.000905
epoch 007 | step 0360 | total = 5.9275 | box = 0.8270 | obj = 1.7446 | cls = 0.0480 | lr = 0.000905
epoch 007 | step 0380 | total = 5.3801 | box = 0.6775 | obj = 1.9354 | cls = 0.0572 | lr = 0.000905
epoch 007 | step 0400 | total = 5.5338 | box = 0.7573 | obj = 1.7044 | cls = 0.0426 | lr = 0.000905
epoch 007 | step 0420 | total = 6.1264 | box = 0.8866 | obj = 1.6494 | cls = 0.0439 | lr = 0.000905
epoch 007 | step 0440 | total = 4.7051 | box = 0.5900 | obj = 1.7027 | cls = 0.0524 | lr = 0.000905
epoch 007 | step 0460 | total = 5.5255 | box = 0.7548 | obj = 1.6966 | cls = 0.0551 | lr = 0.000905
epoch 007 | step 0480 | total = 4.8087 | box = 0.6311 | obj = 1.5972 | cls = 0.0561 | lr = 0.000905
epoch 007 | step 0500 | total = 5.3855 | box = 0.7235 | obj = 1.7209 | cls = 0.0473 | lr = 0.000905
epoch 007 | step 0520 | total = 5.2679 | box = 0.6975 | obj = 1.7376 | cls = 0.0430 | lr = 0.000905
epoch 007 | step 0540 | total = 5.2668 | box = 0.7208 | obj = 1.6201 | cls = 0.0427 | lr = 0.000905
epoch 007 | step 0560 | total = 5.6858 | box = 0.7839 | obj = 1.7182 | cls = 0.0482 | lr = 0.000905
epoch 007 | step 0580 | total = 5.2598 | box = 0.6715 | obj = 1.8509 | cls = 0.0514 | lr = 0.000905
epoch 007 | step 0600 | total = 4.6666 | box = 0.6128 | obj = 1.5484 | cls = 0.0544 | lr = 0.000905
epoch 007 | step 0620 | total = 4.3113 | box = 0.4908 | obj = 1.7908 | cls = 0.0663 | lr = 0.000905
epoch 007 | step 0640 | total = 5.9521 | box = 0.8492 | obj = 1.6621 | cls = 0.0439 | lr = 0.000905
epoch 007 | step 0660 | total = 5.3417 | box = 0.7082 | obj = 1.7442 | cls = 0.0565 | lr = 0.000905
epoch 007 | step 0680 | total = 5.7235 | box = 0.7586 | obj = 1.8723 | cls = 0.0580 | lr = 0.000905
epoch 007 | step 0700 | total = 4.4559 | box = 0.5530 | obj = 1.6461 | cls = 0.0447 | lr = 0.000905
epoch 007 | step 0720 | total = 5.1692 | box = 0.6586 | obj = 1.8176 | cls = 0.0584 | lr = 0.000905
epoch 007 | step 0740 | total = 3.9839 | box = 0.4701 | obj = 1.5722 | cls = 0.0613 | lr = 0.000905
epoch 007 | step 0760 | total = 5.0747 | box = 0.6671 | obj = 1.6891 | cls = 0.0502 | lr = 0.000905
epoch 007 | step 0780 | total = 4.2489 | box = 0.5280 | obj = 1.5512 | cls = 0.0577 | lr = 0.000905
epoch 007 | step 0800 | total = 5.6864 | box = 0.7479 | obj = 1.8903 | cls = 0.0567 | lr = 0.000905
epoch 007 | step 0820 | total = 5.0798 | box = 0.6702 | obj = 1.6777 | cls = 0.0512 | lr = 0.000905
epoch 007 | step 0840 | total = 4.5742 | box = 0.5943 | obj = 1.5571 | cls = 0.0454 | lr = 0.000905
epoch 007 | step 0860 | total = 4.9166 | box = 0.6426 | obj = 1.6552 | cls = 0.0484 | lr = 0.000905
epoch 007 | step 0880 | total = 5.9711 | box = 0.8631 | obj = 1.6217 | cls = 0.0337 | lr = 0.000905
epoch 007 | step 0900 | total = 4.4518 | box = 0.5406 | obj = 1.6884 | cls = 0.0606 | lr = 0.000905
epoch 007 | step 0920 | total = 5.6037 | box = 0.7956 | obj = 1.5763 | cls = 0.0495 | lr = 0.000905
[epoch 007 train] total = 5.2826 | box = 0.7114 | obj = 1.6765 | cls = 0.0492 | steps = 925 | global_batches = 7400 | samples = 118288 | time = 797.5s
[epoch 007 val] total = 5.4406 | box = 0.7397 | obj = 1.6924 | cls = 0.0500 | steps = 40 | global_batches = 320 | samples = 5000 | time = 23.1s
epoch 008 | step 0001 | total = 4.5215 | box = 0.5858 | obj = 1.5438 | cls = 0.0489 | lr = 0.000873
epoch 008 | step 0020 | total = 5.3663 | box = 0.7022 | obj = 1.7939 | cls = 0.0615 | lr = 0.000873
epoch 008 | step 0040 | total = 6.0151 | box = 0.8617 | obj = 1.6628 | cls = 0.0435 | lr = 0.000873
epoch 008 | step 0060 | total = 5.0668 | box = 0.6453 | obj = 1.7979 | cls = 0.0426 | lr = 0.000873
epoch 008 | step 0080 | total = 5.2636 | box = 0.7386 | obj = 1.5200 | cls = 0.0504 | lr = 0.000873
epoch 008 | step 0100 | total = 6.2413 | box = 0.9011 | obj = 1.6857 | cls = 0.0503 | lr = 0.000873
epoch 008 | step 0120 | total = 4.6172 | box = 0.6137 | obj = 1.5078 | cls = 0.0409 | lr = 0.000873
epoch 008 | step 0140 | total = 4.6469 | box = 0.5914 | obj = 1.6381 | cls = 0.0518 | lr = 0.000873
epoch 008 | step 0160 | total = 5.4619 | box = 0.7248 | obj = 1.7893 | cls = 0.0484 | lr = 0.000873
epoch 008 | step 0180 | total = 4.8296 | box = 0.6275 | obj = 1.6379 | cls = 0.0539 | lr = 0.000873
epoch 008 | step 0200 | total = 4.4744 | box = 0.5272 | obj = 1.7802 | cls = 0.0580 | lr = 0.000873
epoch 008 | step 0220 | total = 5.4323 | box = 0.7487 | obj = 1.6389 | cls = 0.0499 | lr = 0.000873
epoch 008 | step 0240 | total = 5.7870 | box = 0.7937 | obj = 1.7589 | cls = 0.0597 | lr = 0.000873
epoch 008 | step 0260 | total = 5.3779 | box = 0.7370 | obj = 1.6433 | cls = 0.0495 | lr = 0.000873
epoch 008 | step 0280 | total = 4.1851 | box = 0.5080 | obj = 1.5986 | cls = 0.0464 | lr = 0.000873
epoch 008 | step 0300 | total = 5.3126 | box = 0.7348 | obj = 1.5967 | cls = 0.0421 | lr = 0.000873
epoch 008 | step 0320 | total = 5.0472 | box = 0.6840 | obj = 1.5859 | cls = 0.0413 | lr = 0.000873
epoch 008 | step 0340 | total = 5.3640 | box = 0.7373 | obj = 1.6304 | cls = 0.0469 | lr = 0.000873
epoch 008 | step 0360 | total = 5.2047 | box = 0.7281 | obj = 1.5251 | cls = 0.0393 | lr = 0.000873
epoch 008 | step 0380 | total = 6.0065 | box = 0.8322 | obj = 1.7966 | cls = 0.0489 | lr = 0.000873
epoch 008 | step 0400 | total = 4.5794 | box = 0.5979 | obj = 1.5437 | cls = 0.0462 | lr = 0.000873
epoch 008 | step 0420 | total = 4.6571 | box = 0.5959 | obj = 1.6249 | cls = 0.0527 | lr = 0.000873
epoch 008 | step 0440 | total = 4.5853 | box = 0.5718 | obj = 1.6766 | cls = 0.0497 | lr = 0.000873
epoch 008 | step 0460 | total = 4.4318 | box = 0.5371 | obj = 1.6974 | cls = 0.0489 | lr = 0.000873
epoch 008 | step 0480 | total = 5.0413 | box = 0.7012 | obj = 1.4948 | cls = 0.0406 | lr = 0.000873
epoch 008 | step 0500 | total = 5.7302 | box = 0.7863 | obj = 1.7579 | cls = 0.0409 | lr = 0.000873
epoch 008 | step 0520 | total = 4.7122 | box = 0.6029 | obj = 1.6455 | cls = 0.0523 | lr = 0.000873
epoch 008 | step 0540 | total = 4.6221 | box = 0.5902 | obj = 1.6237 | cls = 0.0475 | lr = 0.000873
epoch 008 | step 0560 | total = 4.7656 | box = 0.6051 | obj = 1.6854 | cls = 0.0549 | lr = 0.000873
epoch 008 | step 0580 | total = 4.7914 | box = 0.5970 | obj = 1.7594 | cls = 0.0471 | lr = 0.000873
epoch 008 | step 0600 | total = 4.7306 | box = 0.6070 | obj = 1.6439 | cls = 0.0515 | lr = 0.000873
epoch 008 | step 0620 | total = 5.3456 | box = 0.7148 | obj = 1.7316 | cls = 0.0401 | lr = 0.000873
epoch 008 | step 0640 | total = 5.2589 | box = 0.7012 | obj = 1.6992 | cls = 0.0537 | lr = 0.000873
epoch 008 | step 0660 | total = 5.6638 | box = 0.7833 | obj = 1.7014 | cls = 0.0461 | lr = 0.000873
epoch 008 | step 0680 | total = 5.0757 | box = 0.6794 | obj = 1.6306 | cls = 0.0481 | lr = 0.000873
epoch 008 | step 0700 | total = 4.5860 | box = 0.5962 | obj = 1.5588 | cls = 0.0461 | lr = 0.000873
epoch 008 | step 0720 | total = 5.1189 | box = 0.6970 | obj = 1.5868 | cls = 0.0473 | lr = 0.000873
epoch 008 | step 0740 | total = 4.3652 | box = 0.5171 | obj = 1.7222 | cls = 0.0576 | lr = 0.000873
epoch 008 | step 0760 | total = 4.8775 | box = 0.6323 | obj = 1.6665 | cls = 0.0493 | lr = 0.000873
epoch 008 | step 0780 | total = 4.5931 | box = 0.5705 | obj = 1.6960 | cls = 0.0445 | lr = 0.000873
epoch 008 | step 0800 | total = 5.7465 | box = 0.8157 | obj = 1.6233 | cls = 0.0447 | lr = 0.000873
epoch 008 | step 0820 | total = 5.7142 | box = 0.8145 | obj = 1.5983 | cls = 0.0432 | lr = 0.000873
epoch 008 | step 0840 | total = 4.8768 | box = 0.6562 | obj = 1.5557 | cls = 0.0400 | lr = 0.000873
epoch 008 | step 0860 | total = 6.1373 | box = 0.8799 | obj = 1.6892 | cls = 0.0485 | lr = 0.000873
epoch 008 | step 0880 | total = 5.0757 | box = 0.6572 | obj = 1.7425 | cls = 0.0473 | lr = 0.000873
epoch 008 | step 0900 | total = 6.1858 | box = 0.8960 | obj = 1.6609 | cls = 0.0450 | lr = 0.000873
epoch 008 | step 0920 | total = 6.0224 | box = 0.8309 | obj = 1.8254 | cls = 0.0426 | lr = 0.000873
[epoch 008 train] total = 5.1736 | box = 0.6941 | obj = 1.6548 | cls = 0.0482 | steps = 925 | global_batches = 7400 | samples = 118288 | time = 798.0s
[epoch 008 val] total = 5.3357 | box = 0.7199 | obj = 1.6870 | cls = 0.0493 | steps = 40 | global_batches = 320 | samples = 5000 | time = 23.7s
epoch 009 | step 0001 | total = 4.4768 | box = 0.5809 | obj = 1.5287 | cls = 0.0438 | lr = 0.000836
epoch 009 | step 0020 | total = 5.3927 | box = 0.6842 | obj = 1.9284 | cls = 0.0435 | lr = 0.000836
epoch 009 | step 0040 | total = 5.7019 | box = 0.8041 | obj = 1.6345 | cls = 0.0470 | lr = 0.000836
epoch 009 | step 0060 | total = 5.3443 | box = 0.7379 | obj = 1.6101 | cls = 0.0448 | lr = 0.000836
epoch 009 | step 0080 | total = 4.9542 | box = 0.6669 | obj = 1.5773 | cls = 0.0425 | lr = 0.000836
epoch 009 | step 0100 | total = 4.7997 | box = 0.6237 | obj = 1.6355 | cls = 0.0459 | lr = 0.000836
epoch 009 | step 0120 | total = 5.2354 | box = 0.7185 | obj = 1.5974 | cls = 0.0456 | lr = 0.000836
epoch 009 | step 0140 | total = 5.2570 | box = 0.7171 | obj = 1.6387 | cls = 0.0326 | lr = 0.000836
epoch 009 | step 0160 | total = 5.3668 | box = 0.7473 | obj = 1.5791 | cls = 0.0509 | lr = 0.000836
epoch 009 | step 0180 | total = 4.9138 | box = 0.6487 | obj = 1.6241 | cls = 0.0462 | lr = 0.000836
epoch 009 | step 0200 | total = 5.1385 | box = 0.6876 | obj = 1.6450 | cls = 0.0556 | lr = 0.000836
epoch 009 | step 0220 | total = 5.4720 | box = 0.7602 | obj = 1.6229 | cls = 0.0481 | lr = 0.000836
epoch 009 | step 0240 | total = 5.2873 | box = 0.7109 | obj = 1.6719 | cls = 0.0609 | lr = 0.000836
epoch 009 | step 0260 | total = 4.3640 | box = 0.5469 | obj = 1.5769 | cls = 0.0527 | lr = 0.000836
epoch 009 | step 0280 | total = 5.0275 | box = 0.6499 | obj = 1.7286 | cls = 0.0497 | lr = 0.000836
epoch 009 | step 0300 | total = 4.2796 | box = 0.5270 | obj = 1.5902 | cls = 0.0544 | lr = 0.000836
epoch 009 | step 0320 | total = 5.3398 | box = 0.7276 | obj = 1.6516 | cls = 0.0501 | lr = 0.000836
epoch 009 | step 0340 | total = 5.2034 | box = 0.7152 | obj = 1.5755 | cls = 0.0517 | lr = 0.000836
epoch 009 | step 0360 | total = 4.8792 | box = 0.6566 | obj = 1.5527 | cls = 0.0433 | lr = 0.000836
epoch 009 | step 0380 | total = 5.3913 | box = 0.7499 | obj = 1.5908 | cls = 0.0512 | lr = 0.000836
epoch 009 | step 0400 | total = 5.9686 | box = 0.8266 | obj = 1.7868 | cls = 0.0486 | lr = 0.000836
epoch 009 | step 0420 | total = 5.0060 | box = 0.6835 | obj = 1.5348 | cls = 0.0537 | lr = 0.000836
epoch 009 | step 0440 | total = 4.8380 | box = 0.6270 | obj = 1.6484 | cls = 0.0548 | lr = 0.000836
epoch 009 | step 0460 | total = 4.3616 | box = 0.5598 | obj = 1.5160 | cls = 0.0463 | lr = 0.000836
epoch 009 | step 0480 | total = 5.0030 | box = 0.6722 | obj = 1.5885 | cls = 0.0534 | lr = 0.000836
epoch 009 | step 0500 | total = 5.8551 | box = 0.8407 | obj = 1.6104 | cls = 0.0414 | lr = 0.000836
epoch 009 | step 0520 | total = 4.5387 | box = 0.5870 | obj = 1.5623 | cls = 0.0415 | lr = 0.000836
epoch 009 | step 0540 | total = 5.0030 | box = 0.6683 | obj = 1.6084 | cls = 0.0529 | lr = 0.000836
epoch 009 | step 0560 | total = 5.6052 | box = 0.7584 | obj = 1.7664 | cls = 0.0468 | lr = 0.000836
epoch 009 | step 0580 | total = 4.8725 | box = 0.6691 | obj = 1.4809 | cls = 0.0462 | lr = 0.000836
epoch 009 | step 0600 | total = 5.6853 | box = 0.8288 | obj = 1.5043 | cls = 0.0370 | lr = 0.000836
epoch 009 | step 0620 | total = 5.1488 | box = 0.6897 | obj = 1.6524 | cls = 0.0480 | lr = 0.000836
epoch 009 | step 0640 | total = 5.1893 | box = 0.7384 | obj = 1.4627 | cls = 0.0346 | lr = 0.000836
epoch 009 | step 0660 | total = 3.6337 | box = 0.4015 | obj = 1.5650 | cls = 0.0612 | lr = 0.000836
epoch 009 | step 0680 | total = 4.9478 | box = 0.6630 | obj = 1.5920 | cls = 0.0407 | lr = 0.000836
epoch 009 | step 0700 | total = 5.1734 | box = 0.7166 | obj = 1.5542 | cls = 0.0363 | lr = 0.000836
epoch 009 | step 0720 | total = 5.5127 | box = 0.7733 | obj = 1.5915 | cls = 0.0548 | lr = 0.000836
epoch 009 | step 0740 | total = 5.6899 | box = 0.7824 | obj = 1.7392 | cls = 0.0386 | lr = 0.000836
epoch 009 | step 0760 | total = 5.2068 | box = 0.7069 | obj = 1.6251 | cls = 0.0471 | lr = 0.000836
epoch 009 | step 0780 | total = 5.2537 | box = 0.7078 | obj = 1.6630 | cls = 0.0517 | lr = 0.000836
epoch 009 | step 0800 | total = 4.9758 | box = 0.6725 | obj = 1.5707 | cls = 0.0427 | lr = 0.000836
epoch 009 | step 0820 | total = 5.1645 | box = 0.6634 | obj = 1.7988 | cls = 0.0488 | lr = 0.000836
epoch 009 | step 0840 | total = 5.4321 | box = 0.7473 | obj = 1.6536 | cls = 0.0420 | lr = 0.000836
epoch 009 | step 0860 | total = 5.1516 | box = 0.6651 | obj = 1.7701 | cls = 0.0559 | lr = 0.000836
epoch 009 | step 0880 | total = 5.2113 | box = 0.6926 | obj = 1.7014 | cls = 0.0467 | lr = 0.000836
epoch 009 | step 0900 | total = 4.7718 | box = 0.6341 | obj = 1.5568 | cls = 0.0444 | lr = 0.000836
epoch 009 | step 0920 | total = 5.4947 | box = 0.7380 | obj = 1.7516 | cls = 0.0533 | lr = 0.000836
[epoch 009 train] total = 5.0713 | box = 0.6782 | obj = 1.6328 | cls = 0.0473 | steps = 925 | global_batches = 7400 | samples = 118288 | time = 798.0s
[epoch 009 val] total = 5.2379 | box = 0.7048 | obj = 1.6653 | cls = 0.0485 | steps = 40 | global_batches = 320 | samples = 5000 | time = 23.6s
epoch 010 | step 0001 | total = 4.8569 | box = 0.6391 | obj = 1.6157 | cls = 0.0457 | lr = 0.000796
epoch 010 | step 0020 | total = 6.1349 | box = 0.9042 | obj = 1.5746 | cls = 0.0393 | lr = 0.000796
epoch 010 | step 0040 | total = 4.6691 | box = 0.6074 | obj = 1.5856 | cls = 0.0467 | lr = 0.000796
epoch 010 | step 0060 | total = 4.9364 | box = 0.6561 | obj = 1.6083 | cls = 0.0474 | lr = 0.000796
epoch 010 | step 0080 | total = 5.0648 | box = 0.6753 | obj = 1.6434 | cls = 0.0447 | lr = 0.000796
epoch 010 | step 0100 | total = 5.2222 | box = 0.7006 | obj = 1.6676 | cls = 0.0515 | lr = 0.000796
epoch 010 | step 0120 | total = 4.8786 | box = 0.6122 | obj = 1.7599 | cls = 0.0575 | lr = 0.000796
epoch 010 | step 0140 | total = 5.2282 | box = 0.7155 | obj = 1.6007 | cls = 0.0499 | lr = 0.000796
epoch 010 | step 0160 | total = 4.4090 | box = 0.5586 | obj = 1.5698 | cls = 0.0460 | lr = 0.000796
epoch 010 | step 0180 | total = 4.6786 | box = 0.6117 | obj = 1.5769 | cls = 0.0431 | lr = 0.000796
epoch 010 | step 0200 | total = 5.2650 | box = 0.7538 | obj = 1.4577 | cls = 0.0385 | lr = 0.000796
epoch 010 | step 0220 | total = 4.8818 | box = 0.6300 | obj = 1.6834 | cls = 0.0486 | lr = 0.000796
epoch 010 | step 0240 | total = 4.4673 | box = 0.5857 | obj = 1.4888 | cls = 0.0498 | lr = 0.000796
epoch 010 | step 0260 | total = 4.5226 | box = 0.5943 | obj = 1.5017 | cls = 0.0492 | lr = 0.000796
epoch 010 | step 0280 | total = 4.8630 | box = 0.6650 | obj = 1.4960 | cls = 0.0420 | lr = 0.000796
epoch 010 | step 0300 | total = 4.6667 | box = 0.6130 | obj = 1.5577 | cls = 0.0442 | lr = 0.000796
epoch 010 | step 0320 | total = 5.2155 | box = 0.7025 | obj = 1.6493 | cls = 0.0536 | lr = 0.000796
epoch 010 | step 0340 | total = 5.2933 | box = 0.7449 | obj = 1.5162 | cls = 0.0526 | lr = 0.000796
epoch 010 | step 0360 | total = 5.2848 | box = 0.7216 | obj = 1.6313 | cls = 0.0457 | lr = 0.000796
epoch 010 | step 0380 | total = 5.0059 | box = 0.6746 | obj = 1.5885 | cls = 0.0447 | lr = 0.000796
epoch 010 | step 0400 | total = 3.7548 | box = 0.4132 | obj = 1.6304 | cls = 0.0585 | lr = 0.000796
epoch 010 | step 0420 | total = 5.3077 | box = 0.7464 | obj = 1.5358 | cls = 0.0400 | lr = 0.000796
epoch 010 | step 0440 | total = 4.3721 | box = 0.5357 | obj = 1.6469 | cls = 0.0466 | lr = 0.000796
epoch 010 | step 0460 | total = 5.0952 | box = 0.6779 | obj = 1.6583 | cls = 0.0477 | lr = 0.000796
epoch 010 | step 0480 | total = 5.5487 | box = 0.7559 | obj = 1.7186 | cls = 0.0505 | lr = 0.000796
epoch 010 | step 0500 | total = 4.6150 | box = 0.5602 | obj = 1.7656 | cls = 0.0484 | lr = 0.000796
epoch 010 | step 0520 | total = 5.0187 | box = 0.6678 | obj = 1.6344 | cls = 0.0452 | lr = 0.000796
epoch 010 | step 0540 | total = 4.6652 | box = 0.6349 | obj = 1.4470 | cls = 0.0437 | lr = 0.000796
epoch 010 | step 0560 | total = 5.1976 | box = 0.7133 | obj = 1.5787 | cls = 0.0526 | lr = 0.000796
epoch 010 | step 0580 | total = 5.0612 | box = 0.6560 | obj = 1.7367 | cls = 0.0445 | lr = 0.000796
epoch 010 | step 0600 | total = 4.4890 | box = 0.5782 | obj = 1.5501 | cls = 0.0481 | lr = 0.000796
epoch 010 | step 0620 | total = 5.3386 | box = 0.7168 | obj = 1.7024 | cls = 0.0521 | lr = 0.000796
epoch 010 | step 0640 | total = 4.8131 | box = 0.6597 | obj = 1.4703 | cls = 0.0443 | lr = 0.000796
epoch 010 | step 0660 | total = 4.2678 | box = 0.5275 | obj = 1.5848 | cls = 0.0457 | lr = 0.000796
epoch 010 | step 0680 | total = 4.9771 | box = 0.6744 | obj = 1.5574 | cls = 0.0476 | lr = 0.000796
epoch 010 | step 0700 | total = 5.7997 | box = 0.8000 | obj = 1.7489 | cls = 0.0511 | lr = 0.000796
epoch 010 | step 0720 | total = 5.1707 | box = 0.7165 | obj = 1.5539 | cls = 0.0341 | lr = 0.000796
epoch 010 | step 0740 | total = 5.8227 | box = 0.8009 | obj = 1.7755 | cls = 0.0427 | lr = 0.000796
epoch 010 | step 0760 | total = 5.7244 | box = 0.8224 | obj = 1.5652 | cls = 0.0473 | lr = 0.000796
epoch 010 | step 0780 | total = 4.1276 | box = 0.5314 | obj = 1.4138 | cls = 0.0569 | lr = 0.000796
epoch 010 | step 0800 | total = 5.7060 | box = 0.8214 | obj = 1.5492 | cls = 0.0499 | lr = 0.000796
epoch 010 | step 0820 | total = 5.1153 | box = 0.7130 | obj = 1.5064 | cls = 0.0440 | lr = 0.000796
epoch 010 | step 0840 | total = 4.9399 | box = 0.6639 | obj = 1.5771 | cls = 0.0433 | lr = 0.000796
epoch 010 | step 0860 | total = 5.2512 | box = 0.7119 | obj = 1.6482 | cls = 0.0437 | lr = 0.000796
epoch 010 | step 0880 | total = 4.9018 | box = 0.6733 | obj = 1.4936 | cls = 0.0418 | lr = 0.000796
epoch 010 | step 0900 | total = 5.3121 | box = 0.7127 | obj = 1.7047 | cls = 0.0440 | lr = 0.000796
epoch 010 | step 0920 | total = 4.5995 | box = 0.5959 | obj = 1.5742 | cls = 0.0458 | lr = 0.000796
[epoch 010 train] total = 4.9701 | box = 0.6626 | obj = 1.6106 | cls = 0.0466 | steps = 925 | global_batches = 7400 | samples = 118288 | time = 796.8s
[epoch 010 val] total = 5.2106 | box = 0.6986 | obj = 1.6698 | cls = 0.0480 | steps = 40 | global_batches = 320 | samples = 5000 | time = 24.0s
epoch 011 | step 0001 | total = 4.4357 | box = 0.5574 | obj = 1.6045 | cls = 0.0440 | lr = 0.000753
epoch 011 | step 0020 | total = 5.8847 | box = 0.7784 | obj = 1.9465 | cls = 0.0460 | lr = 0.000753
epoch 011 | step 0040 | total = 4.9076 | box = 0.6501 | obj = 1.6141 | cls = 0.0430 | lr = 0.000753
epoch 011 | step 0060 | total = 4.9886 | box = 0.6545 | obj = 1.6568 | cls = 0.0591 | lr = 0.000753
epoch 011 | step 0080 | total = 4.4500 | box = 0.5487 | obj = 1.6597 | cls = 0.0469 | lr = 0.000753
epoch 011 | step 0100 | total = 5.1715 | box = 0.6875 | obj = 1.6819 | cls = 0.0523 | lr = 0.000753
epoch 011 | step 0120 | total = 5.5244 | box = 0.7801 | obj = 1.5786 | cls = 0.0452 | lr = 0.000753
epoch 011 | step 0140 | total = 5.1783 | box = 0.7073 | obj = 1.5977 | cls = 0.0441 | lr = 0.000753
epoch 011 | step 0160 | total = 5.3854 | box = 0.7496 | obj = 1.5920 | cls = 0.0453 | lr = 0.000753
epoch 011 | step 0180 | total = 5.4715 | box = 0.7780 | obj = 1.5415 | cls = 0.0398 | lr = 0.000753
epoch 011 | step 0200 | total = 5.0960 | box = 0.6998 | obj = 1.5562 | cls = 0.0407 | lr = 0.000753
epoch 011 | step 0220 | total = 5.5926 | box = 0.7708 | obj = 1.6929 | cls = 0.0456 | lr = 0.000753
epoch 011 | step 0240 | total = 5.1506 | box = 0.6939 | obj = 1.6359 | cls = 0.0450 | lr = 0.000753
epoch 011 | step 0260 | total = 5.1145 | box = 0.6768 | obj = 1.6866 | cls = 0.0440 | lr = 0.000753
epoch 011 | step 0280 | total = 4.6530 | box = 0.5943 | obj = 1.6397 | cls = 0.0416 | lr = 0.000753
epoch 011 | step 0300 | total = 4.8763 | box = 0.6342 | obj = 1.6560 | cls = 0.0491 | lr = 0.000753
epoch 011 | step 0320 | total = 5.0603 | box = 0.6840 | obj = 1.5921 | cls = 0.0480 | lr = 0.000753
epoch 011 | step 0340 | total = 5.3268 | box = 0.7015 | obj = 1.7762 | cls = 0.0433 | lr = 0.000753
epoch 011 | step 0360 | total = 4.7206 | box = 0.6065 | obj = 1.6445 | cls = 0.0438 | lr = 0.000753
epoch 011 | step 0380 | total = 4.7801 | box = 0.6332 | obj = 1.5669 | cls = 0.0474 | lr = 0.000753
epoch 011 | step 0400 | total = 4.7928 | box = 0.6466 | obj = 1.5179 | cls = 0.0421 | lr = 0.000753
epoch 011 | step 0420 | total = 5.2231 | box = 0.7219 | obj = 1.5709 | cls = 0.0425 | lr = 0.000753
epoch 011 | step 0440 | total = 5.2433 | box = 0.6906 | obj = 1.7393 | cls = 0.0508 | lr = 0.000753
epoch 011 | step 0460 | total = 5.0961 | box = 0.6844 | obj = 1.6297 | cls = 0.0446 | lr = 0.000753
epoch 011 | step 0480 | total = 4.8891 | box = 0.6593 | obj = 1.5451 | cls = 0.0474 | lr = 0.000753
epoch 011 | step 0500 | total = 5.3422 | box = 0.7760 | obj = 1.4230 | cls = 0.0389 | lr = 0.000753
epoch 011 | step 0520 | total = 5.0904 | box = 0.6647 | obj = 1.7013 | cls = 0.0656 | lr = 0.000753
epoch 011 | step 0540 | total = 4.6237 | box = 0.5925 | obj = 1.5997 | cls = 0.0617 | lr = 0.000753
epoch 011 | step 0560 | total = 4.8500 | box = 0.6588 | obj = 1.5196 | cls = 0.0366 | lr = 0.000753
epoch 011 | step 0580 | total = 5.4723 | box = 0.7559 | obj = 1.6536 | cls = 0.0395 | lr = 0.000753
epoch 011 | step 0600 | total = 4.0676 | box = 0.4953 | obj = 1.5409 | cls = 0.0501 | lr = 0.000753
epoch 011 | step 0620 | total = 5.3838 | box = 0.7356 | obj = 1.6618 | cls = 0.0440 | lr = 0.000753
epoch 011 | step 0640 | total = 5.2578 | box = 0.7153 | obj = 1.6417 | cls = 0.0397 | lr = 0.000753
epoch 011 | step 0660 | total = 4.9443 | box = 0.6486 | obj = 1.6535 | cls = 0.0479 | lr = 0.000753
epoch 011 | step 0680 | total = 5.5503 | box = 0.7914 | obj = 1.5583 | cls = 0.0351 | lr = 0.000753
epoch 011 | step 0700 | total = 5.5065 | box = 0.7801 | obj = 1.5706 | cls = 0.0354 | lr = 0.000753
epoch 011 | step 0720 | total = 4.9236 | box = 0.6668 | obj = 1.5351 | cls = 0.0545 | lr = 0.000753
epoch 011 | step 0740 | total = 5.5392 | box = 0.7572 | obj = 1.7114 | cls = 0.0417 | lr = 0.000753
epoch 011 | step 0760 | total = 5.2756 | box = 0.7055 | obj = 1.7025 | cls = 0.0457 | lr = 0.000753
epoch 011 | step 0780 | total = 4.1543 | box = 0.5480 | obj = 1.3715 | cls = 0.0426 | lr = 0.000753
epoch 011 | step 0800 | total = 5.1364 | box = 0.6130 | obj = 2.0058 | cls = 0.0654 | lr = 0.000753
epoch 011 | step 0820 | total = 5.1104 | box = 0.7111 | obj = 1.5131 | cls = 0.0416 | lr = 0.000753
epoch 011 | step 0840 | total = 4.5683 | box = 0.5735 | obj = 1.6499 | cls = 0.0511 | lr = 0.000753
epoch 011 | step 0860 | total = 4.3745 | box = 0.5593 | obj = 1.5280 | cls = 0.0500 | lr = 0.000753
epoch 011 | step 0880 | total = 4.9969 | box = 0.6878 | obj = 1.5127 | cls = 0.0451 | lr = 0.000753
epoch 011 | step 0900 | total = 4.7594 | box = 0.6491 | obj = 1.4785 | cls = 0.0356 | lr = 0.000753
epoch 011 | step 0920 | total = 4.8396 | box = 0.6114 | obj = 1.7380 | cls = 0.0447 | lr = 0.000753
[epoch 011 train] total = 4.9042 | box = 0.6520 | obj = 1.5981 | cls = 0.0460 | steps = 925 | global_batches = 7400 | samples = 118288 | time = 797.7s
[epoch 011 val] total = 5.1140 | box = 0.6834 | obj = 1.6494 | cls = 0.0474 | steps = 40 | global_batches = 320 | samples = 5000 | time = 22.6s
epoch 012 | step 0001 | total = 4.7665 | box = 0.6346 | obj = 1.5531 | cls = 0.0404 | lr = 0.000706
epoch 012 | step 0020 | total = 4.2188 | box = 0.5516 | obj = 1.4202 | cls = 0.0406 | lr = 0.000706
epoch 012 | step 0040 | total = 5.0884 | box = 0.7204 | obj = 1.4434 | cls = 0.0432 | lr = 0.000706
epoch 012 | step 0060 | total = 3.4661 | box = 0.4098 | obj = 1.3556 | cls = 0.0617 | lr = 0.000706
epoch 012 | step 0080 | total = 5.7274 | box = 0.7988 | obj = 1.6911 | cls = 0.0424 | lr = 0.000706
epoch 012 | step 0100 | total = 4.4800 | box = 0.5959 | obj = 1.4616 | cls = 0.0389 | lr = 0.000706
epoch 012 | step 0120 | total = 5.2371 | box = 0.7349 | obj = 1.5257 | cls = 0.0370 | lr = 0.000706
epoch 012 | step 0140 | total = 4.1831 | box = 0.5369 | obj = 1.4478 | cls = 0.0507 | lr = 0.000706
epoch 012 | step 0160 | total = 4.5688 | box = 0.5923 | obj = 1.5669 | cls = 0.0403 | lr = 0.000706
epoch 012 | step 0180 | total = 4.4398 | box = 0.5295 | obj = 1.7444 | cls = 0.0477 | lr = 0.000706
epoch 012 | step 0200 | total = 3.8872 | box = 0.4893 | obj = 1.3934 | cls = 0.0474 | lr = 0.000706
epoch 012 | step 0220 | total = 5.1157 | box = 0.6873 | obj = 1.6345 | cls = 0.0448 | lr = 0.000706
epoch 012 | step 0240 | total = 5.2293 | box = 0.7050 | obj = 1.6605 | cls = 0.0436 | lr = 0.000706
epoch 012 | step 0260 | total = 5.0177 | box = 0.6648 | obj = 1.6497 | cls = 0.0441 | lr = 0.000706
epoch 012 | step 0280 | total = 3.9881 | box = 0.4810 | obj = 1.5388 | cls = 0.0441 | lr = 0.000706
epoch 012 | step 0300 | total = 5.1307 | box = 0.7055 | obj = 1.5656 | cls = 0.0374 | lr = 0.000706
epoch 012 | step 0320 | total = 4.9054 | box = 0.6408 | obj = 1.6573 | cls = 0.0441 | lr = 0.000706
epoch 012 | step 0340 | total = 4.9912 | box = 0.6771 | obj = 1.5623 | cls = 0.0434 | lr = 0.000706
epoch 012 | step 0360 | total = 5.6799 | box = 0.8074 | obj = 1.5982 | cls = 0.0448 | lr = 0.000706
epoch 012 | step 0380 | total = 4.8416 | box = 0.6726 | obj = 1.4355 | cls = 0.0429 | lr = 0.000706
epoch 012 | step 0400 | total = 4.7655 | box = 0.6354 | obj = 1.5342 | cls = 0.0542 | lr = 0.000706
epoch 012 | step 0420 | total = 5.0395 | box = 0.6448 | obj = 1.7690 | cls = 0.0467 | lr = 0.000706
epoch 012 | step 0440 | total = 4.2719 | box = 0.5579 | obj = 1.4388 | cls = 0.0435 | lr = 0.000706
epoch 012 | step 0460 | total = 5.6217 | box = 0.8004 | obj = 1.5847 | cls = 0.0352 | lr = 0.000706
epoch 012 | step 0480 | total = 4.4140 | box = 0.5761 | obj = 1.4927 | cls = 0.0410 | lr = 0.000706
epoch 012 | step 0500 | total = 5.7950 | box = 0.8161 | obj = 1.6735 | cls = 0.0411 | lr = 0.000706
epoch 012 | step 0520 | total = 5.0445 | box = 0.6897 | obj = 1.5586 | cls = 0.0375 | lr = 0.000706
epoch 012 | step 0540 | total = 3.6838 | box = 0.4366 | obj = 1.4562 | cls = 0.0448 | lr = 0.000706
epoch 012 | step 0560 | total = 5.4091 | box = 0.7513 | obj = 1.6062 | cls = 0.0462 | lr = 0.000706
epoch 012 | step 0580 | total = 5.6311 | box = 0.7358 | obj = 1.9037 | cls = 0.0483 | lr = 0.000706
epoch 012 | step 0600 | total = 4.7790 | box = 0.6377 | obj = 1.5373 | cls = 0.0533 | lr = 0.000706
epoch 012 | step 0620 | total = 4.4510 | box = 0.5660 | obj = 1.5669 | cls = 0.0542 | lr = 0.000706
epoch 012 | step 0640 | total = 5.4797 | box = 0.7776 | obj = 1.5571 | cls = 0.0345 | lr = 0.000706
epoch 012 | step 0660 | total = 5.0570 | box = 0.6803 | obj = 1.6082 | cls = 0.0470 | lr = 0.000706
epoch 012 | step 0680 | total = 4.8626 | box = 0.6044 | obj = 1.7969 | cls = 0.0435 | lr = 0.000706
epoch 012 | step 0700 | total = 4.4312 | box = 0.5701 | obj = 1.5283 | cls = 0.0522 | lr = 0.000706
epoch 012 | step 0720 | total = 5.6872 | box = 0.7651 | obj = 1.8119 | cls = 0.0496 | lr = 0.000706
epoch 012 | step 0740 | total = 5.0226 | box = 0.6701 | obj = 1.6283 | cls = 0.0437 | lr = 0.000706
epoch 012 | step 0760 | total = 4.3428 | box = 0.5587 | obj = 1.5085 | cls = 0.0410 | lr = 0.000706
epoch 012 | step 0780 | total = 5.1554 | box = 0.7038 | obj = 1.5982 | cls = 0.0383 | lr = 0.000706
epoch 012 | step 0800 | total = 4.4814 | box = 0.5843 | obj = 1.5189 | cls = 0.0409 | lr = 0.000706
epoch 012 | step 0820 | total = 5.0378 | box = 0.6637 | obj = 1.6761 | cls = 0.0434 | lr = 0.000706
epoch 012 | step 0840 | total = 4.1642 | box = 0.5110 | obj = 1.5553 | cls = 0.0539 | lr = 0.000706
epoch 012 | step 0860 | total = 4.4859 | box = 0.5843 | obj = 1.5189 | cls = 0.0456 | lr = 0.000706
epoch 012 | step 0880 | total = 5.3171 | box = 0.7031 | obj = 1.7579 | cls = 0.0435 | lr = 0.000706
epoch 012 | step 0900 | total = 5.0263 | box = 0.6873 | obj = 1.5397 | cls = 0.0499 | lr = 0.000706
epoch 012 | step 0920 | total = 4.4093 | box = 0.5714 | obj = 1.5028 | cls = 0.0494 | lr = 0.000706
[epoch 012 train] total = 4.8020 | box = 0.6365 | obj = 1.5744 | cls = 0.0453 | steps = 925 | global_batches = 7400 | samples = 118288 | time = 798.5s
[epoch 012 val] total = 5.0027 | box = 0.6704 | obj = 1.6050 | cls = 0.0456 | steps = 40 | global_batches = 320 | samples = 5000 | time = 24.0s
epoch 013 | step 0001 | total = 5.4466 | box = 0.7654 | obj = 1.5840 | cls = 0.0355 | lr = 0.000658
epoch 013 | step 0020 | total = 5.3870 | box = 0.7140 | obj = 1.7677 | cls = 0.0495 | lr = 0.000658
epoch 013 | step 0040 | total = 4.4277 | box = 0.5748 | obj = 1.5124 | cls = 0.0415 | lr = 0.000658
epoch 013 | step 0060 | total = 4.2521 | box = 0.5358 | obj = 1.5368 | cls = 0.0363 | lr = 0.000658
epoch 013 | step 0080 | total = 4.2312 | box = 0.5592 | obj = 1.3965 | cls = 0.0388 | lr = 0.000658
epoch 013 | step 0100 | total = 4.2491 | box = 0.5560 | obj = 1.4313 | cls = 0.0377 | lr = 0.000658
epoch 013 | step 0120 | total = 5.3021 | box = 0.7402 | obj = 1.5574 | cls = 0.0436 | lr = 0.000658
epoch 013 | step 0140 | total = 3.7770 | box = 0.4438 | obj = 1.5109 | cls = 0.0473 | lr = 0.000658
epoch 013 | step 0160 | total = 4.4525 | box = 0.5841 | obj = 1.4952 | cls = 0.0368 | lr = 0.000658
epoch 013 | step 0180 | total = 5.1161 | box = 0.7011 | obj = 1.5651 | cls = 0.0456 | lr = 0.000658
epoch 013 | step 0200 | total = 4.3599 | box = 0.5535 | obj = 1.5379 | cls = 0.0546 | lr = 0.000658
epoch 013 | step 0220 | total = 5.7446 | box = 0.7893 | obj = 1.7607 | cls = 0.0374 | lr = 0.000658
epoch 013 | step 0240 | total = 5.1710 | box = 0.7096 | obj = 1.5778 | cls = 0.0453 | lr = 0.000658
epoch 013 | step 0260 | total = 5.4888 | box = 0.7764 | obj = 1.5691 | cls = 0.0377 | lr = 0.000658
epoch 013 | step 0280 | total = 4.8728 | box = 0.6489 | obj = 1.5879 | cls = 0.0403 | lr = 0.000658
epoch 013 | step 0300 | total = 5.2839 | box = 0.7669 | obj = 1.4046 | cls = 0.0447 | lr = 0.000658
epoch 013 | step 0320 | total = 4.4346 | box = 0.5312 | obj = 1.7325 | cls = 0.0462 | lr = 0.000658
epoch 013 | step 0340 | total = 4.4802 | box = 0.5651 | obj = 1.6055 | cls = 0.0491 | lr = 0.000658
epoch 013 | step 0360 | total = 4.4405 | box = 0.5770 | obj = 1.5169 | cls = 0.0387 | lr = 0.000658
epoch 013 | step 0380 | total = 4.7898 | box = 0.6009 | obj = 1.7355 | cls = 0.0499 | lr = 0.000658
epoch 013 | step 0400 | total = 4.8594 | box = 0.6522 | obj = 1.5494 | cls = 0.0489 | lr = 0.000658
epoch 013 | step 0420 | total = 4.3907 | box = 0.5596 | obj = 1.5469 | cls = 0.0458 | lr = 0.000658
epoch 013 | step 0440 | total = 4.8819 | box = 0.6561 | obj = 1.5623 | cls = 0.0391 | lr = 0.000658
epoch 013 | step 0460 | total = 4.0407 | box = 0.5060 | obj = 1.4622 | cls = 0.0483 | lr = 0.000658
epoch 013 | step 0480 | total = 4.7182 | box = 0.6325 | obj = 1.5102 | cls = 0.0458 | lr = 0.000658
epoch 013 | step 0500 | total = 4.7820 | box = 0.6365 | obj = 1.5608 | cls = 0.0388 | lr = 0.000658
epoch 013 | step 0520 | total = 4.4259 | box = 0.5859 | obj = 1.4550 | cls = 0.0414 | lr = 0.000658
epoch 013 | step 0540 | total = 3.7770 | box = 0.4535 | obj = 1.4694 | cls = 0.0399 | lr = 0.000658
epoch 013 | step 0560 | total = 4.7663 | box = 0.6590 | obj = 1.4362 | cls = 0.0353 | lr = 0.000658
epoch 013 | step 0580 | total = 4.9072 | box = 0.6730 | obj = 1.5009 | cls = 0.0414 | lr = 0.000658
epoch 013 | step 0600 | total = 4.1816 | box = 0.5416 | obj = 1.4371 | cls = 0.0365 | lr = 0.000658
epoch 013 | step 0620 | total = 4.8201 | box = 0.6405 | obj = 1.5716 | cls = 0.0462 | lr = 0.000658
epoch 013 | step 0640 | total = 4.3668 | box = 0.5635 | obj = 1.5081 | cls = 0.0413 | lr = 0.000658
epoch 013 | step 0660 | total = 4.0729 | box = 0.5038 | obj = 1.5139 | cls = 0.0398 | lr = 0.000658
epoch 013 | step 0680 | total = 4.6598 | box = 0.6164 | obj = 1.5412 | cls = 0.0368 | lr = 0.000658
epoch 013 | step 0700 | total = 4.1639 | box = 0.5242 | obj = 1.5027 | cls = 0.0403 | lr = 0.000658
epoch 013 | step 0720 | total = 4.9184 | box = 0.6630 | obj = 1.5598 | cls = 0.0434 | lr = 0.000658
epoch 013 | step 0740 | total = 4.4828 | box = 0.5678 | obj = 1.6015 | cls = 0.0424 | lr = 0.000658
epoch 013 | step 0760 | total = 5.0827 | box = 0.6739 | obj = 1.6688 | cls = 0.0445 | lr = 0.000658
epoch 013 | step 0780 | total = 5.1388 | box = 0.6889 | obj = 1.6434 | cls = 0.0507 | lr = 0.000658
epoch 013 | step 0800 | total = 5.3129 | box = 0.7261 | obj = 1.6358 | cls = 0.0465 | lr = 0.000658
epoch 013 | step 0820 | total = 4.2125 | box = 0.5257 | obj = 1.5490 | cls = 0.0352 | lr = 0.000658
epoch 013 | step 0840 | total = 4.2399 | box = 0.5308 | obj = 1.5365 | cls = 0.0492 | lr = 0.000658
epoch 013 | step 0860 | total = 4.5368 | box = 0.5926 | obj = 1.5211 | cls = 0.0529 | lr = 0.000658
epoch 013 | step 0880 | total = 5.1985 | box = 0.6888 | obj = 1.7023 | cls = 0.0521 | lr = 0.000658
epoch 013 | step 0900 | total = 4.1927 | box = 0.5310 | obj = 1.4814 | cls = 0.0564 | lr = 0.000658
epoch 013 | step 0920 | total = 4.8138 | box = 0.6355 | obj = 1.5957 | cls = 0.0408 | lr = 0.000658
[epoch 013 train] total = 4.7129 | box = 0.6230 | obj = 1.5532 | cls = 0.0446 | steps = 925 | global_batches = 7400 | samples = 118288 | time = 800.6s
[epoch 013 val] total = 4.9408 | box = 0.6595 | obj = 1.5983 | cls = 0.0449 | steps = 40 | global_batches = 320 | samples = 5000 | time = 24.4s
epoch 014 | step 0001 | total = 4.8566 | box = 0.6486 | obj = 1.5666 | cls = 0.0470 | lr = 0.000608
epoch 014 | step 0020 | total = 4.6082 | box = 0.5860 | obj = 1.6304 | cls = 0.0476 | lr = 0.000608
epoch 014 | step 0040 | total = 4.7900 | box = 0.6362 | obj = 1.5633 | cls = 0.0455 | lr = 0.000608
epoch 014 | step 0060 | total = 5.0854 | box = 0.7003 | obj = 1.5421 | cls = 0.0418 | lr = 0.000608
epoch 014 | step 0080 | total = 4.0902 | box = 0.5220 | obj = 1.4442 | cls = 0.0358 | lr = 0.000608
epoch 014 | step 0100 | total = 3.9669 | box = 0.4965 | obj = 1.4375 | cls = 0.0471 | lr = 0.000608
epoch 014 | step 0120 | total = 4.9038 | box = 0.6805 | obj = 1.4579 | cls = 0.0432 | lr = 0.000608
epoch 014 | step 0140 | total = 5.9859 | box = 0.8799 | obj = 1.5452 | cls = 0.0412 | lr = 0.000608
epoch 014 | step 0160 | total = 5.1857 | box = 0.7286 | obj = 1.5043 | cls = 0.0384 | lr = 0.000608
epoch 014 | step 0180 | total = 5.0913 | box = 0.7150 | obj = 1.4757 | cls = 0.0407 | lr = 0.000608
epoch 014 | step 0200 | total = 4.7253 | box = 0.6589 | obj = 1.3915 | cls = 0.0393 | lr = 0.000608
epoch 014 | step 0220 | total = 5.4472 | box = 0.7748 | obj = 1.5355 | cls = 0.0376 | lr = 0.000608
epoch 014 | step 0240 | total = 4.7714 | box = 0.6356 | obj = 1.5500 | cls = 0.0434 | lr = 0.000608
epoch 014 | step 0260 | total = 3.7224 | box = 0.4431 | obj = 1.4519 | cls = 0.0550 | lr = 0.000608
epoch 014 | step 0280 | total = 4.6574 | box = 0.6233 | obj = 1.5012 | cls = 0.0395 | lr = 0.000608
epoch 014 | step 0300 | total = 5.8532 | box = 0.8191 | obj = 1.7069 | cls = 0.0507 | lr = 0.000608
epoch 014 | step 0320 | total = 3.8262 | box = 0.4374 | obj = 1.5794 | cls = 0.0597 | lr = 0.000608
epoch 014 | step 0340 | total = 5.0548 | box = 0.6417 | obj = 1.7994 | cls = 0.0470 | lr = 0.000608
epoch 014 | step 0360 | total = 5.8877 | box = 0.8525 | obj = 1.5863 | cls = 0.0387 | lr = 0.000608
epoch 014 | step 0380 | total = 3.7453 | box = 0.4677 | obj = 1.3577 | cls = 0.0491 | lr = 0.000608
epoch 014 | step 0400 | total = 5.0175 | box = 0.6486 | obj = 1.7319 | cls = 0.0424 | lr = 0.000608
epoch 014 | step 0420 | total = 5.0471 | box = 0.6953 | obj = 1.5273 | cls = 0.0433 | lr = 0.000608
epoch 014 | step 0440 | total = 4.8628 | box = 0.6711 | obj = 1.4715 | cls = 0.0357 | lr = 0.000608
epoch 014 | step 0460 | total = 4.5281 | box = 0.5759 | obj = 1.6024 | cls = 0.0464 | lr = 0.000608
epoch 014 | step 0480 | total = 4.0907 | box = 0.5329 | obj = 1.3828 | cls = 0.0435 | lr = 0.000608
epoch 014 | step 0500 | total = 4.4240 | box = 0.5691 | obj = 1.5349 | cls = 0.0437 | lr = 0.000608
epoch 014 | step 0520 | total = 5.3077 | box = 0.7461 | obj = 1.5397 | cls = 0.0376 | lr = 0.000608
epoch 014 | step 0540 | total = 4.6629 | box = 0.6219 | obj = 1.5051 | cls = 0.0483 | lr = 0.000608
epoch 014 | step 0560 | total = 5.2518 | box = 0.7391 | obj = 1.5176 | cls = 0.0386 | lr = 0.000608
epoch 014 | step 0580 | total = 4.5842 | box = 0.6126 | obj = 1.4766 | cls = 0.0445 | lr = 0.000608
epoch 014 | step 0600 | total = 4.4649 | box = 0.5679 | obj = 1.5832 | cls = 0.0419 | lr = 0.000608
epoch 014 | step 0620 | total = 4.4491 | box = 0.5678 | obj = 1.5681 | cls = 0.0417 | lr = 0.000608
epoch 014 | step 0640 | total = 3.6574 | box = 0.4225 | obj = 1.4821 | cls = 0.0628 | lr = 0.000608
epoch 014 | step 0660 | total = 4.6656 | box = 0.6181 | obj = 1.5328 | cls = 0.0421 | lr = 0.000608
epoch 014 | step 0680 | total = 5.4419 | box = 0.7761 | obj = 1.5203 | cls = 0.0411 | lr = 0.000608
epoch 014 | step 0700 | total = 5.3225 | box = 0.7452 | obj = 1.5554 | cls = 0.0412 | lr = 0.000608
epoch 014 | step 0720 | total = 4.1688 | box = 0.5477 | obj = 1.3897 | cls = 0.0405 | lr = 0.000608
epoch 014 | step 0740 | total = 5.1793 | box = 0.7158 | obj = 1.5552 | cls = 0.0453 | lr = 0.000608
epoch 014 | step 0760 | total = 4.7996 | box = 0.6596 | obj = 1.4635 | cls = 0.0380 | lr = 0.000608
epoch 014 | step 0780 | total = 4.4398 | box = 0.5558 | obj = 1.6168 | cls = 0.0439 | lr = 0.000608
epoch 014 | step 0800 | total = 5.1605 | box = 0.7191 | obj = 1.5250 | cls = 0.0397 | lr = 0.000608
epoch 014 | step 0820 | total = 4.8026 | box = 0.6411 | obj = 1.5484 | cls = 0.0487 | lr = 0.000608
epoch 014 | step 0840 | total = 5.4688 | box = 0.7708 | obj = 1.5769 | cls = 0.0380 | lr = 0.000608
epoch 014 | step 0860 | total = 5.1666 | box = 0.7306 | obj = 1.4726 | cls = 0.0410 | lr = 0.000608
epoch 014 | step 0880 | total = 5.3262 | box = 0.7626 | obj = 1.4701 | cls = 0.0432 | lr = 0.000608
epoch 014 | step 0900 | total = 5.0455 | box = 0.6594 | obj = 1.7071 | cls = 0.0415 | lr = 0.000608
epoch 014 | step 0920 | total = 5.1824 | box = 0.7285 | obj = 1.4938 | cls = 0.0461 | lr = 0.000608
[epoch 014 train] total = 4.6323 | box = 0.6110 | obj = 1.5331 | cls = 0.0440 | steps = 925 | global_batches = 7400 | samples = 118288 | time = 801.0s
[epoch 014 val] total = 4.9136 | box = 0.6551 | obj = 1.5930 | cls = 0.0449 | steps = 40 | global_batches = 320 | samples = 5000 | time = 23.9s
epoch 015 | step 0001 | total = 4.2743 | box = 0.5321 | obj = 1.5722 | cls = 0.0415 | lr = 0.000557
epoch 015 | step 0020 | total = 4.7683 | box = 0.6103 | obj = 1.6730 | cls = 0.0439 | lr = 0.000557
epoch 015 | step 0040 | total = 5.1082 | box = 0.6753 | obj = 1.6852 | cls = 0.0464 | lr = 0.000557
epoch 015 | step 0060 | total = 4.2384 | box = 0.5398 | obj = 1.5008 | cls = 0.0385 | lr = 0.000557
epoch 015 | step 0080 | total = 4.2650 | box = 0.5485 | obj = 1.4884 | cls = 0.0340 | lr = 0.000557
epoch 015 | step 0100 | total = 5.0399 | box = 0.6937 | obj = 1.5181 | cls = 0.0536 | lr = 0.000557
epoch 015 | step 0120 | total = 4.4918 | box = 0.5761 | obj = 1.5586 | cls = 0.0526 | lr = 0.000557
epoch 015 | step 0140 | total = 4.5586 | box = 0.6122 | obj = 1.4634 | cls = 0.0343 | lr = 0.000557
epoch 015 | step 0160 | total = 4.5581 | box = 0.6282 | obj = 1.3834 | cls = 0.0338 | lr = 0.000557
epoch 015 | step 0180 | total = 4.7684 | box = 0.6173 | obj = 1.6276 | cls = 0.0545 | lr = 0.000557
epoch 015 | step 0200 | total = 5.2161 | box = 0.7041 | obj = 1.6517 | cls = 0.0437 | lr = 0.000557
epoch 015 | step 0220 | total = 5.1553 | box = 0.6888 | obj = 1.6636 | cls = 0.0478 | lr = 0.000557
epoch 015 | step 0240 | total = 4.3875 | box = 0.5669 | obj = 1.5132 | cls = 0.0399 | lr = 0.000557
epoch 015 | step 0260 | total = 3.9703 | box = 0.5105 | obj = 1.3699 | cls = 0.0479 | lr = 0.000557
epoch 015 | step 0280 | total = 3.7367 | box = 0.4224 | obj = 1.5635 | cls = 0.0612 | lr = 0.000557
epoch 015 | step 0300 | total = 5.4109 | box = 0.7665 | obj = 1.5326 | cls = 0.0457 | lr = 0.000557
epoch 015 | step 0320 | total = 5.0682 | box = 0.7060 | obj = 1.4880 | cls = 0.0503 | lr = 0.000557
epoch 015 | step 0340 | total = 4.3543 | box = 0.5634 | obj = 1.4905 | cls = 0.0466 | lr = 0.000557
epoch 015 | step 0360 | total = 4.5304 | box = 0.6054 | obj = 1.4616 | cls = 0.0419 | lr = 0.000557
epoch 015 | step 0380 | total = 4.7952 | box = 0.6307 | obj = 1.5972 | cls = 0.0447 | lr = 0.000557
epoch 015 | step 0400 | total = 4.5050 | box = 0.6112 | obj = 1.4058 | cls = 0.0433 | lr = 0.000557
epoch 015 | step 0420 | total = 4.0859 | box = 0.4867 | obj = 1.6121 | cls = 0.0402 | lr = 0.000557
epoch 015 | step 0440 | total = 4.0454 | box = 0.5017 | obj = 1.4822 | cls = 0.0545 | lr = 0.000557
epoch 015 | step 0460 | total = 5.3234 | box = 0.7453 | obj = 1.5518 | cls = 0.0450 | lr = 0.000557
epoch 015 | step 0480 | total = 4.5675 | box = 0.5795 | obj = 1.6257 | cls = 0.0444 | lr = 0.000557
epoch 015 | step 0500 | total = 5.2633 | box = 0.7170 | obj = 1.6319 | cls = 0.0463 | lr = 0.000557
epoch 015 | step 0520 | total = 5.1206 | box = 0.7157 | obj = 1.5037 | cls = 0.0384 | lr = 0.000557
epoch 015 | step 0540 | total = 5.8522 | box = 0.8329 | obj = 1.6369 | cls = 0.0509 | lr = 0.000557
epoch 015 | step 0560 | total = 4.0819 | box = 0.5110 | obj = 1.4814 | cls = 0.0452 | lr = 0.000557
epoch 015 | step 0580 | total = 4.2554 | box = 0.5599 | obj = 1.4130 | cls = 0.0431 | lr = 0.000557
epoch 015 | step 0600 | total = 4.2033 | box = 0.5407 | obj = 1.4508 | cls = 0.0491 | lr = 0.000557
epoch 015 | step 0620 | total = 4.8912 | box = 0.6519 | obj = 1.5843 | cls = 0.0472 | lr = 0.000557
epoch 015 | step 0640 | total = 3.8960 | box = 0.4632 | obj = 1.5308 | cls = 0.0491 | lr = 0.000557
epoch 015 | step 0660 | total = 3.8268 | box = 0.4757 | obj = 1.4021 | cls = 0.0464 | lr = 0.000557
epoch 015 | step 0680 | total = 3.7051 | box = 0.4641 | obj = 1.3429 | cls = 0.0418 | lr = 0.000557
epoch 015 | step 0700 | total = 4.3809 | box = 0.5473 | obj = 1.6044 | cls = 0.0401 | lr = 0.000557
epoch 015 | step 0720 | total = 5.3248 | box = 0.7065 | obj = 1.7539 | cls = 0.0383 | lr = 0.000557
epoch 015 | step 0740 | total = 4.1115 | box = 0.5192 | obj = 1.4688 | cls = 0.0467 | lr = 0.000557
epoch 015 | step 0760 | total = 4.3152 | box = 0.5595 | obj = 1.4766 | cls = 0.0412 | lr = 0.000557
epoch 015 | step 0780 | total = 4.1908 | box = 0.5190 | obj = 1.5526 | cls = 0.0432 | lr = 0.000557
epoch 015 | step 0800 | total = 4.7946 | box = 0.6206 | obj = 1.6491 | cls = 0.0425 | lr = 0.000557
epoch 015 | step 0820 | total = 4.7956 | box = 0.6843 | obj = 1.3398 | cls = 0.0342 | lr = 0.000557
epoch 015 | step 0840 | total = 4.1912 | box = 0.4982 | obj = 1.6442 | cls = 0.0562 | lr = 0.000557
epoch 015 | step 0860 | total = 4.1317 | box = 0.5291 | obj = 1.4279 | cls = 0.0585 | lr = 0.000557
epoch 015 | step 0880 | total = 4.0110 | box = 0.5126 | obj = 1.4009 | cls = 0.0471 | lr = 0.000557
epoch 015 | step 0900 | total = 4.7086 | box = 0.6261 | obj = 1.5417 | cls = 0.0365 | lr = 0.000557
epoch 015 | step 0920 | total = 4.9370 | box = 0.6586 | obj = 1.6033 | cls = 0.0406 | lr = 0.000557
[epoch 015 train] total = 4.5499 | box = 0.5988 | obj = 1.5127 | cls = 0.0434 | steps = 925 | global_batches = 7400 | samples = 118288 | time = 799.5s
[epoch 015 val] total = 4.8331 | box = 0.6434 | obj = 1.5716 | cls = 0.0444 | steps = 40 | global_batches = 320 | samples = 5000 | time = 24.0s
epoch 016 | step 0001 | total = 4.8835 | box = 0.6801 | obj = 1.4385 | cls = 0.0444 | lr = 0.000505
epoch 016 | step 0020 | total = 4.8840 | box = 0.6649 | obj = 1.5222 | cls = 0.0373 | lr = 0.000505
epoch 016 | step 0040 | total = 5.0464 | box = 0.6827 | obj = 1.5849 | cls = 0.0481 | lr = 0.000505
epoch 016 | step 0060 | total = 4.5510 | box = 0.6123 | obj = 1.4489 | cls = 0.0405 | lr = 0.000505
epoch 016 | step 0080 | total = 4.8799 | box = 0.7173 | obj = 1.2517 | cls = 0.0414 | lr = 0.000505
epoch 016 | step 0100 | total = 4.5188 | box = 0.5928 | obj = 1.5136 | cls = 0.0411 | lr = 0.000505
epoch 016 | step 0120 | total = 4.5978 | box = 0.6133 | obj = 1.4847 | cls = 0.0464 | lr = 0.000505
epoch 016 | step 0140 | total = 5.1649 | box = 0.7321 | obj = 1.4673 | cls = 0.0370 | lr = 0.000505
epoch 016 | step 0160 | total = 4.9276 | box = 0.6852 | obj = 1.4637 | cls = 0.0379 | lr = 0.000505
epoch 016 | step 0180 | total = 3.8894 | box = 0.4869 | obj = 1.4063 | cls = 0.0484 | lr = 0.000505
epoch 016 | step 0200 | total = 4.5885 | box = 0.6088 | obj = 1.4946 | cls = 0.0501 | lr = 0.000505
epoch 016 | step 0220 | total = 4.5618 | box = 0.6083 | obj = 1.4765 | cls = 0.0440 | lr = 0.000505
epoch 016 | step 0240 | total = 5.1661 | box = 0.7274 | obj = 1.4979 | cls = 0.0313 | lr = 0.000505
epoch 016 | step 0260 | total = 3.6767 | box = 0.4678 | obj = 1.3025 | cls = 0.0354 | lr = 0.000505
epoch 016 | step 0280 | total = 4.6135 | box = 0.6260 | obj = 1.4461 | cls = 0.0375 | lr = 0.000505
epoch 016 | step 0300 | total = 4.4453 | box = 0.5757 | obj = 1.5289 | cls = 0.0380 | lr = 0.000505
epoch 016 | step 0320 | total = 4.7184 | box = 0.6417 | obj = 1.4657 | cls = 0.0440 | lr = 0.000505
epoch 016 | step 0340 | total = 4.3238 | box = 0.5558 | obj = 1.5020 | cls = 0.0429 | lr = 0.000505
epoch 016 | step 0360 | total = 4.8862 | box = 0.6786 | obj = 1.4562 | cls = 0.0368 | lr = 0.000505
epoch 016 | step 0380 | total = 4.0219 | box = 0.5066 | obj = 1.4428 | cls = 0.0461 | lr = 0.000505
epoch 016 | step 0400 | total = 3.8967 | box = 0.4740 | obj = 1.4748 | cls = 0.0519 | lr = 0.000505
epoch 016 | step 0420 | total = 5.0137 | box = 0.6869 | obj = 1.5368 | cls = 0.0425 | lr = 0.000505
epoch 016 | step 0440 | total = 4.6852 | box = 0.6139 | obj = 1.5707 | cls = 0.0449 | lr = 0.000505
epoch 016 | step 0460 | total = 4.8847 | box = 0.6547 | obj = 1.5682 | cls = 0.0433 | lr = 0.000505
epoch 016 | step 0480 | total = 5.1864 | box = 0.7080 | obj = 1.6047 | cls = 0.0418 | lr = 0.000505
epoch 016 | step 0500 | total = 4.2327 | box = 0.5308 | obj = 1.5350 | cls = 0.0438 | lr = 0.000505
epoch 016 | step 0520 | total = 3.6975 | box = 0.4442 | obj = 1.4286 | cls = 0.0480 | lr = 0.000505
epoch 016 | step 0540 | total = 4.8788 | box = 0.6402 | obj = 1.6407 | cls = 0.0371 | lr = 0.000505
epoch 016 | step 0560 | total = 5.4467 | box = 0.7817 | obj = 1.5064 | cls = 0.0318 | lr = 0.000505
epoch 016 | step 0580 | total = 3.9748 | box = 0.4854 | obj = 1.4989 | cls = 0.0491 | lr = 0.000505
epoch 016 | step 0600 | total = 4.0573 | box = 0.5184 | obj = 1.4226 | cls = 0.0428 | lr = 0.000505
epoch 016 | step 0620 | total = 4.7551 | box = 0.6404 | obj = 1.5180 | cls = 0.0351 | lr = 0.000505
epoch 016 | step 0640 | total = 4.7888 | box = 0.6552 | obj = 1.4751 | cls = 0.0376 | lr = 0.000505
epoch 016 | step 0660 | total = 4.2385 | box = 0.5544 | obj = 1.4279 | cls = 0.0387 | lr = 0.000505
epoch 016 | step 0680 | total = 4.2701 | box = 0.5101 | obj = 1.6699 | cls = 0.0496 | lr = 0.000505
epoch 016 | step 0700 | total = 4.4281 | box = 0.5585 | obj = 1.5928 | cls = 0.0430 | lr = 0.000505
epoch 016 | step 0720 | total = 4.6982 | box = 0.6178 | obj = 1.5646 | cls = 0.0444 | lr = 0.000505
epoch 016 | step 0740 | total = 4.1691 | box = 0.5321 | obj = 1.4705 | cls = 0.0380 | lr = 0.000505
epoch 016 | step 0760 | total = 4.6876 | box = 0.6240 | obj = 1.5272 | cls = 0.0403 | lr = 0.000505
epoch 016 | step 0780 | total = 5.1374 | box = 0.7169 | obj = 1.5105 | cls = 0.0422 | lr = 0.000505
epoch 016 | step 0800 | total = 4.3551 | box = 0.5505 | obj = 1.5556 | cls = 0.0470 | lr = 0.000505
epoch 016 | step 0820 | total = 3.9561 | box = 0.5035 | obj = 1.3983 | cls = 0.0402 | lr = 0.000505
epoch 016 | step 0840 | total = 4.0414 | box = 0.5221 | obj = 1.3893 | cls = 0.0417 | lr = 0.000505
epoch 016 | step 0860 | total = 3.8771 | box = 0.4887 | obj = 1.3884 | cls = 0.0452 | lr = 0.000505
epoch 016 | step 0880 | total = 4.4140 | box = 0.5845 | obj = 1.4441 | cls = 0.0476 | lr = 0.000505
epoch 016 | step 0900 | total = 4.5777 | box = 0.5997 | obj = 1.5356 | cls = 0.0437 | lr = 0.000505
epoch 016 | step 0920 | total = 5.1969 | box = 0.7112 | obj = 1.5940 | cls = 0.0468 | lr = 0.000505
[epoch 016 train] total = 4.4736 | box = 0.5874 | obj = 1.4936 | cls = 0.0429 | steps = 925 | global_batches = 7400 | samples = 118288 | time = 802.0s
[epoch 016 val] total = 4.8331 | box = 0.6430 | obj = 1.5727 | cls = 0.0454 | steps = 40 | global_batches = 320 | samples = 5000 | time = 23.4s
epoch 017 | step 0001 | total = 3.8306 | box = 0.4695 | obj = 1.4302 | cls = 0.0528 | lr = 0.000453
epoch 017 | step 0020 | total = 4.2046 | box = 0.5480 | obj = 1.4200 | cls = 0.0444 | lr = 0.000453
epoch 017 | step 0040 | total = 3.3803 | box = 0.4185 | obj = 1.2447 | cls = 0.0429 | lr = 0.000453
epoch 017 | step 0060 | total = 4.6074 | box = 0.6291 | obj = 1.4211 | cls = 0.0409 | lr = 0.000453
epoch 017 | step 0080 | total = 4.3756 | box = 0.5538 | obj = 1.5651 | cls = 0.0414 | lr = 0.000453
epoch 017 | step 0100 | total = 4.8512 | box = 0.6666 | obj = 1.4738 | cls = 0.0443 | lr = 0.000453
epoch 017 | step 0120 | total = 3.5401 | box = 0.4371 | obj = 1.3099 | cls = 0.0449 | lr = 0.000453
epoch 017 | step 0140 | total = 4.9165 | box = 0.6762 | obj = 1.4925 | cls = 0.0428 | lr = 0.000453
epoch 017 | step 0160 | total = 5.2820 | box = 0.7250 | obj = 1.6218 | cls = 0.0353 | lr = 0.000453
epoch 017 | step 0180 | total = 4.6835 | box = 0.6266 | obj = 1.5077 | cls = 0.0426 | lr = 0.000453
epoch 017 | step 0200 | total = 4.7259 | box = 0.6631 | obj = 1.3724 | cls = 0.0381 | lr = 0.000453
epoch 017 | step 0220 | total = 4.8022 | box = 0.6508 | obj = 1.5110 | cls = 0.0371 | lr = 0.000453
epoch 017 | step 0240 | total = 4.8959 | box = 0.6789 | obj = 1.4591 | cls = 0.0423 | lr = 0.000453
epoch 017 | step 0260 | total = 4.8869 | box = 0.6931 | obj = 1.3868 | cls = 0.0344 | lr = 0.000453
epoch 017 | step 0280 | total = 4.3029 | box = 0.5652 | obj = 1.4344 | cls = 0.0426 | lr = 0.000453
epoch 017 | step 0300 | total = 4.3557 | box = 0.5727 | obj = 1.4551 | cls = 0.0371 | lr = 0.000453
epoch 017 | step 0320 | total = 4.0852 | box = 0.4955 | obj = 1.5662 | cls = 0.0415 | lr = 0.000453
epoch 017 | step 0340 | total = 3.9319 | box = 0.4900 | obj = 1.4441 | cls = 0.0379 | lr = 0.000453
epoch 017 | step 0360 | total = 4.2184 | box = 0.5752 | obj = 1.3094 | cls = 0.0332 | lr = 0.000453
epoch 017 | step 0380 | total = 4.3143 | box = 0.5671 | obj = 1.4235 | cls = 0.0555 | lr = 0.000453
epoch 017 | step 0400 | total = 4.3541 | box = 0.5480 | obj = 1.5627 | cls = 0.0516 | lr = 0.000453
epoch 017 | step 0420 | total = 3.0264 | box = 0.3197 | obj = 1.3835 | cls = 0.0444 | lr = 0.000453
epoch 017 | step 0440 | total = 3.5069 | box = 0.3779 | obj = 1.5586 | cls = 0.0589 | lr = 0.000453
epoch 017 | step 0460 | total = 5.2557 | box = 0.7551 | obj = 1.4481 | cls = 0.0319 | lr = 0.000453
epoch 017 | step 0480 | total = 4.1658 | box = 0.5311 | obj = 1.4665 | cls = 0.0436 | lr = 0.000453
epoch 017 | step 0500 | total = 4.1321 | box = 0.5286 | obj = 1.4428 | cls = 0.0464 | lr = 0.000453
epoch 017 | step 0520 | total = 4.5506 | box = 0.5917 | obj = 1.5494 | cls = 0.0425 | lr = 0.000453
epoch 017 | step 0540 | total = 4.0566 | box = 0.5052 | obj = 1.4783 | cls = 0.0525 | lr = 0.000453
epoch 017 | step 0560 | total = 4.4322 | box = 0.5826 | obj = 1.4776 | cls = 0.0418 | lr = 0.000453
epoch 017 | step 0580 | total = 4.6915 | box = 0.6419 | obj = 1.4393 | cls = 0.0429 | lr = 0.000453
epoch 017 | step 0600 | total = 4.6019 | box = 0.6223 | obj = 1.4532 | cls = 0.0375 | lr = 0.000453
epoch 017 | step 0620 | total = 4.5407 | box = 0.5969 | obj = 1.5159 | cls = 0.0400 | lr = 0.000453
epoch 017 | step 0640 | total = 4.8149 | box = 0.6478 | obj = 1.5396 | cls = 0.0365 | lr = 0.000453
epoch 017 | step 0660 | total = 4.5886 | box = 0.6005 | obj = 1.5432 | cls = 0.0428 | lr = 0.000453
epoch 017 | step 0680 | total = 4.0007 | box = 0.4771 | obj = 1.5599 | cls = 0.0553 | lr = 0.000453
epoch 017 | step 0700 | total = 4.2028 | box = 0.5559 | obj = 1.3738 | cls = 0.0493 | lr = 0.000453
epoch 017 | step 0720 | total = 4.5310 | box = 0.6251 | obj = 1.3657 | cls = 0.0397 | lr = 0.000453
epoch 017 | step 0740 | total = 4.6888 | box = 0.6377 | obj = 1.4653 | cls = 0.0350 | lr = 0.000453
epoch 017 | step 0760 | total = 4.4782 | box = 0.5488 | obj = 1.6858 | cls = 0.0485 | lr = 0.000453
epoch 017 | step 0780 | total = 3.7688 | box = 0.4762 | obj = 1.3405 | cls = 0.0470 | lr = 0.000453
epoch 017 | step 0800 | total = 4.2140 | box = 0.5427 | obj = 1.4568 | cls = 0.0436 | lr = 0.000453
epoch 017 | step 0820 | total = 3.8150 | box = 0.4849 | obj = 1.3567 | cls = 0.0336 | lr = 0.000453
epoch 017 | step 0840 | total = 3.9499 | box = 0.5007 | obj = 1.4085 | cls = 0.0378 | lr = 0.000453
epoch 017 | step 0860 | total = 4.6440 | box = 0.6213 | obj = 1.4987 | cls = 0.0388 | lr = 0.000453
epoch 017 | step 0880 | total = 4.4521 | box = 0.5615 | obj = 1.6020 | cls = 0.0429 | lr = 0.000453
epoch 017 | step 0900 | total = 3.6770 | box = 0.4531 | obj = 1.3741 | cls = 0.0373 | lr = 0.000453
epoch 017 | step 0920 | total = 4.2979 | box = 0.5117 | obj = 1.6987 | cls = 0.0406 | lr = 0.000453
[epoch 017 train] total = 4.3870 | box = 0.5747 | obj = 1.4711 | cls = 0.0425 | steps = 925 | global_batches = 7400 | samples = 118288 | time = 803.2s
[epoch 017 val] total = 4.8164 | box = 0.6369 | obj = 1.5879 | cls = 0.0440 | steps = 40 | global_batches = 320 | samples = 5000 | time = 24.4s
epoch 018 | step 0001 | total = 4.0388 | box = 0.5031 | obj = 1.4828 | cls = 0.0408 | lr = 0.000402
epoch 018 | step 0020 | total = 3.6001 | box = 0.4197 | obj = 1.4496 | cls = 0.0519 | lr = 0.000402
epoch 018 | step 0040 | total = 5.0359 | box = 0.7158 | obj = 1.4159 | cls = 0.0409 | lr = 0.000402
epoch 018 | step 0060 | total = 4.1342 | box = 0.5078 | obj = 1.5501 | cls = 0.0452 | lr = 0.000402
epoch 018 | step 0080 | total = 3.4659 | box = 0.4369 | obj = 1.2470 | cls = 0.0342 | lr = 0.000402
epoch 018 | step 0100 | total = 4.9264 | box = 0.6722 | obj = 1.5267 | cls = 0.0389 | lr = 0.000402
epoch 018 | step 0120 | total = 3.8349 | box = 0.5027 | obj = 1.2775 | cls = 0.0438 | lr = 0.000402
epoch 018 | step 0140 | total = 4.7166 | box = 0.6447 | obj = 1.4531 | cls = 0.0399 | lr = 0.000402
epoch 018 | step 0160 | total = 4.2874 | box = 0.5361 | obj = 1.5545 | cls = 0.0526 | lr = 0.000402
epoch 018 | step 0180 | total = 4.3204 | box = 0.5665 | obj = 1.4431 | cls = 0.0448 | lr = 0.000402
epoch 018 | step 0200 | total = 3.8431 | box = 0.4698 | obj = 1.4452 | cls = 0.0488 | lr = 0.000402
epoch 018 | step 0220 | total = 4.4288 | box = 0.6048 | obj = 1.3662 | cls = 0.0384 | lr = 0.000402
epoch 018 | step 0240 | total = 3.9303 | box = 0.4953 | obj = 1.4096 | cls = 0.0444 | lr = 0.000402
epoch 018 | step 0260 | total = 4.6793 | box = 0.6360 | obj = 1.4591 | cls = 0.0400 | lr = 0.000402
epoch 018 | step 0280 | total = 4.7788 | box = 0.6498 | obj = 1.4896 | cls = 0.0402 | lr = 0.000402
epoch 018 | step 0300 | total = 4.5963 | box = 0.5660 | obj = 1.7218 | cls = 0.0445 | lr = 0.000402
epoch 018 | step 0320 | total = 4.4139 | box = 0.5875 | obj = 1.4405 | cls = 0.0357 | lr = 0.000402
epoch 018 | step 0340 | total = 3.6301 | box = 0.4435 | obj = 1.3638 | cls = 0.0488 | lr = 0.000402
epoch 018 | step 0360 | total = 4.0482 | box = 0.5126 | obj = 1.4480 | cls = 0.0372 | lr = 0.000402
epoch 018 | step 0380 | total = 4.4989 | box = 0.5869 | obj = 1.5150 | cls = 0.0497 | lr = 0.000402
epoch 018 | step 0400 | total = 4.3490 | box = 0.5816 | obj = 1.4033 | cls = 0.0376 | lr = 0.000402
epoch 018 | step 0420 | total = 4.3128 | box = 0.5568 | obj = 1.4937 | cls = 0.0351 | lr = 0.000402
epoch 018 | step 0440 | total = 4.6784 | box = 0.6201 | obj = 1.5319 | cls = 0.0461 | lr = 0.000402
epoch 018 | step 0460 | total = 4.6243 | box = 0.5961 | obj = 1.5955 | cls = 0.0481 | lr = 0.000402
epoch 018 | step 0480 | total = 4.5653 | box = 0.6388 | obj = 1.3378 | cls = 0.0337 | lr = 0.000402
epoch 018 | step 0500 | total = 4.4452 | box = 0.6032 | obj = 1.3942 | cls = 0.0352 | lr = 0.000402
epoch 018 | step 0520 | total = 4.6028 | box = 0.6312 | obj = 1.4079 | cls = 0.0389 | lr = 0.000402
epoch 018 | step 0540 | total = 4.6175 | box = 0.6334 | obj = 1.4165 | cls = 0.0341 | lr = 0.000402
epoch 018 | step 0560 | total = 4.0639 | box = 0.5139 | obj = 1.4464 | cls = 0.0482 | lr = 0.000402
epoch 018 | step 0580 | total = 3.9931 | box = 0.4901 | obj = 1.4933 | cls = 0.0493 | lr = 0.000402
epoch 018 | step 0600 | total = 3.4933 | box = 0.4052 | obj = 1.4230 | cls = 0.0442 | lr = 0.000402
epoch 018 | step 0620 | total = 4.6589 | box = 0.6199 | obj = 1.5166 | cls = 0.0426 | lr = 0.000402
epoch 018 | step 0640 | total = 4.3626 | box = 0.5824 | obj = 1.4076 | cls = 0.0428 | lr = 0.000402
epoch 018 | step 0660 | total = 5.0812 | box = 0.7233 | obj = 1.4259 | cls = 0.0388 | lr = 0.000402
epoch 018 | step 0680 | total = 4.2684 | box = 0.5666 | obj = 1.3947 | cls = 0.0407 | lr = 0.000402
epoch 018 | step 0700 | total = 3.9961 | box = 0.5139 | obj = 1.3812 | cls = 0.0455 | lr = 0.000402
epoch 018 | step 0720 | total = 4.3523 | box = 0.5866 | obj = 1.3858 | cls = 0.0337 | lr = 0.000402
epoch 018 | step 0740 | total = 5.3558 | box = 0.7702 | obj = 1.4601 | cls = 0.0447 | lr = 0.000402
epoch 018 | step 0760 | total = 4.5257 | box = 0.5884 | obj = 1.5371 | cls = 0.0468 | lr = 0.000402
epoch 018 | step 0780 | total = 4.9488 | box = 0.6305 | obj = 1.7585 | cls = 0.0379 | lr = 0.000402
epoch 018 | step 0800 | total = 3.5069 | box = 0.4198 | obj = 1.3591 | cls = 0.0486 | lr = 0.000402
epoch 018 | step 0820 | total = 4.3952 | box = 0.5454 | obj = 1.6225 | cls = 0.0457 | lr = 0.000402
epoch 018 | step 0840 | total = 3.8168 | box = 0.4734 | obj = 1.4081 | cls = 0.0419 | lr = 0.000402
epoch 018 | step 0860 | total = 3.9269 | box = 0.4660 | obj = 1.5524 | cls = 0.0447 | lr = 0.000402
epoch 018 | step 0880 | total = 4.9450 | box = 0.7017 | obj = 1.4043 | cls = 0.0323 | lr = 0.000402
epoch 018 | step 0900 | total = 4.1697 | box = 0.5248 | obj = 1.4989 | cls = 0.0468 | lr = 0.000402
epoch 018 | step 0920 | total = 4.7372 | box = 0.6547 | obj = 1.4286 | cls = 0.0353 | lr = 0.000402
[epoch 018 train] total = 4.3105 | box = 0.5636 | obj = 1.4505 | cls = 0.0421 | steps = 925 | global_batches = 7400 | samples = 118288 | time = 805.6s
[epoch 018 val] total = 4.8026 | box = 0.6362 | obj = 1.5784 | cls = 0.0431 | steps = 40 | global_batches = 320 | samples = 5000 | time = 24.4s
epoch 019 | step 0001 | total = 3.9654 | box = 0.5271 | obj = 1.2935 | cls = 0.0362 | lr = 0.000352
epoch 019 | step 0020 | total = 3.8122 | box = 0.5020 | obj = 1.2627 | cls = 0.0395 | lr = 0.000352
epoch 019 | step 0040 | total = 3.6287 | box = 0.4534 | obj = 1.3179 | cls = 0.0438 | lr = 0.000352
epoch 019 | step 0060 | total = 4.1632 | box = 0.5727 | obj = 1.2631 | cls = 0.0366 | lr = 0.000352
epoch 019 | step 0080 | total = 4.6784 | box = 0.6255 | obj = 1.5127 | cls = 0.0380 | lr = 0.000352
epoch 019 | step 0100 | total = 3.5242 | box = 0.4315 | obj = 1.3240 | cls = 0.0429 | lr = 0.000352
epoch 019 | step 0120 | total = 4.2611 | box = 0.5531 | obj = 1.4492 | cls = 0.0466 | lr = 0.000352
epoch 019 | step 0140 | total = 4.5499 | box = 0.6201 | obj = 1.4145 | cls = 0.0349 | lr = 0.000352
epoch 019 | step 0160 | total = 4.2101 | box = 0.5698 | obj = 1.3311 | cls = 0.0297 | lr = 0.000352
epoch 019 | step 0180 | total = 4.0145 | box = 0.5185 | obj = 1.3787 | cls = 0.0433 | lr = 0.000352
epoch 019 | step 0200 | total = 4.5302 | box = 0.6297 | obj = 1.3463 | cls = 0.0355 | lr = 0.000352
epoch 019 | step 0220 | total = 4.3252 | box = 0.5551 | obj = 1.5083 | cls = 0.0415 | lr = 0.000352
epoch 019 | step 0240 | total = 3.9995 | box = 0.5051 | obj = 1.4313 | cls = 0.0424 | lr = 0.000352
epoch 019 | step 0260 | total = 4.1301 | box = 0.5268 | obj = 1.4538 | cls = 0.0421 | lr = 0.000352
epoch 019 | step 0280 | total = 4.2953 | box = 0.5897 | obj = 1.3033 | cls = 0.0434 | lr = 0.000352
epoch 019 | step 0300 | total = 3.5723 | box = 0.3983 | obj = 1.5323 | cls = 0.0482 | lr = 0.000352
epoch 019 | step 0320 | total = 5.1601 | box = 0.7299 | obj = 1.4692 | cls = 0.0415 | lr = 0.000352
epoch 019 | step 0340 | total = 4.6212 | box = 0.6190 | obj = 1.4875 | cls = 0.0389 | lr = 0.000352
epoch 019 | step 0360 | total = 4.7999 | box = 0.6446 | obj = 1.5380 | cls = 0.0391 | lr = 0.000352
epoch 019 | step 0380 | total = 3.9616 | box = 0.4876 | obj = 1.4787 | cls = 0.0450 | lr = 0.000352
epoch 019 | step 0400 | total = 3.6520 | box = 0.4497 | obj = 1.3590 | cls = 0.0448 | lr = 0.000352
epoch 019 | step 0420 | total = 3.6350 | box = 0.4315 | obj = 1.4306 | cls = 0.0469 | lr = 0.000352
epoch 019 | step 0440 | total = 3.7119 | box = 0.4574 | obj = 1.3851 | cls = 0.0399 | lr = 0.000352
epoch 019 | step 0460 | total = 3.8626 | box = 0.4676 | obj = 1.4772 | cls = 0.0475 | lr = 0.000352
epoch 019 | step 0480 | total = 5.1290 | box = 0.7143 | obj = 1.5190 | cls = 0.0384 | lr = 0.000352
epoch 019 | step 0500 | total = 3.5503 | box = 0.4284 | obj = 1.3706 | cls = 0.0376 | lr = 0.000352
epoch 019 | step 0520 | total = 4.5900 | box = 0.6148 | obj = 1.4757 | cls = 0.0405 | lr = 0.000352
epoch 019 | step 0540 | total = 4.5584 | box = 0.6396 | obj = 1.3231 | cls = 0.0372 | lr = 0.000352
epoch 019 | step 0560 | total = 4.4479 | box = 0.6007 | obj = 1.4091 | cls = 0.0353 | lr = 0.000352
epoch 019 | step 0580 | total = 3.7415 | box = 0.4647 | obj = 1.3859 | cls = 0.0320 | lr = 0.000352
epoch 019 | step 0600 | total = 4.1168 | box = 0.4848 | obj = 1.6369 | cls = 0.0560 | lr = 0.000352
epoch 019 | step 0620 | total = 4.0092 | box = 0.4912 | obj = 1.5098 | cls = 0.0434 | lr = 0.000352
epoch 019 | step 0640 | total = 3.7823 | box = 0.4854 | obj = 1.3186 | cls = 0.0365 | lr = 0.000352
epoch 019 | step 0660 | total = 3.8981 | box = 0.4936 | obj = 1.3754 | cls = 0.0547 | lr = 0.000352
epoch 019 | step 0680 | total = 3.9398 | box = 0.4991 | obj = 1.4043 | cls = 0.0400 | lr = 0.000352
epoch 019 | step 0700 | total = 4.4364 | box = 0.5879 | obj = 1.4567 | cls = 0.0405 | lr = 0.000352
epoch 019 | step 0720 | total = 3.6823 | box = 0.4511 | obj = 1.3752 | cls = 0.0517 | lr = 0.000352
epoch 019 | step 0740 | total = 3.9290 | box = 0.4852 | obj = 1.4608 | cls = 0.0421 | lr = 0.000352
epoch 019 | step 0760 | total = 3.7923 | box = 0.4575 | obj = 1.4541 | cls = 0.0506 | lr = 0.000352
epoch 019 | step 0780 | total = 4.7435 | box = 0.6637 | obj = 1.3856 | cls = 0.0394 | lr = 0.000352
epoch 019 | step 0800 | total = 4.0732 | box = 0.5240 | obj = 1.4130 | cls = 0.0403 | lr = 0.000352
epoch 019 | step 0820 | total = 4.0439 | box = 0.5037 | obj = 1.4827 | cls = 0.0429 | lr = 0.000352
epoch 019 | step 0840 | total = 4.4166 | box = 0.5554 | obj = 1.5861 | cls = 0.0536 | lr = 0.000352
epoch 019 | step 0860 | total = 4.3110 | box = 0.5828 | obj = 1.3594 | cls = 0.0376 | lr = 0.000352
epoch 019 | step 0880 | total = 5.1907 | box = 0.7151 | obj = 1.5667 | cls = 0.0484 | lr = 0.000352
epoch 019 | step 0900 | total = 3.6969 | box = 0.4235 | obj = 1.5352 | cls = 0.0440 | lr = 0.000352
epoch 019 | step 0920 | total = 4.5926 | box = 0.5940 | obj = 1.5785 | cls = 0.0440 | lr = 0.000352
[epoch 019 train] total = 4.2357 | box = 0.5526 | obj = 1.4312 | cls = 0.0416 | steps = 925 | global_batches = 7400 | samples = 118288 | time = 806.7s
[epoch 019 val] total = 4.7309 | box = 0.6264 | obj = 1.5561 | cls = 0.0429 | steps = 40 | global_batches = 320 | samples = 5000 | time = 24.2s
epoch 020 | step 0001 | total = 3.5875 | box = 0.4412 | obj = 1.3343 | cls = 0.0475 | lr = 0.000304
epoch 020 | step 0020 | total = 4.1859 | box = 0.5580 | obj = 1.3560 | cls = 0.0398 | lr = 0.000304
epoch 020 | step 0040 | total = 4.8459 | box = 0.6982 | obj = 1.3218 | cls = 0.0332 | lr = 0.000304
epoch 020 | step 0060 | total = 4.1822 | box = 0.5428 | obj = 1.4238 | cls = 0.0446 | lr = 0.000304
epoch 020 | step 0080 | total = 4.4385 | box = 0.6041 | obj = 1.3784 | cls = 0.0398 | lr = 0.000304
epoch 020 | step 0100 | total = 3.9517 | box = 0.5041 | obj = 1.3847 | cls = 0.0465 | lr = 0.000304
epoch 020 | step 0120 | total = 4.0492 | box = 0.5054 | obj = 1.4756 | cls = 0.0465 | lr = 0.000304
epoch 020 | step 0140 | total = 3.8379 | box = 0.4649 | obj = 1.4697 | cls = 0.0435 | lr = 0.000304
epoch 020 | step 0160 | total = 4.0275 | box = 0.5235 | obj = 1.3643 | cls = 0.0455 | lr = 0.000304
epoch 020 | step 0180 | total = 4.4177 | box = 0.5941 | obj = 1.4054 | cls = 0.0417 | lr = 0.000304
epoch 020 | step 0200 | total = 3.1720 | box = 0.3693 | obj = 1.2793 | cls = 0.0464 | lr = 0.000304
epoch 020 | step 0220 | total = 3.7347 | box = 0.4732 | obj = 1.3303 | cls = 0.0383 | lr = 0.000304
epoch 020 | step 0240 | total = 3.9549 | box = 0.5085 | obj = 1.3658 | cls = 0.0465 | lr = 0.000304
epoch 020 | step 0260 | total = 4.1838 | box = 0.5673 | obj = 1.3076 | cls = 0.0396 | lr = 0.000304
epoch 020 | step 0280 | total = 4.6720 | box = 0.6212 | obj = 1.5227 | cls = 0.0433 | lr = 0.000304
epoch 020 | step 0300 | total = 4.4711 | box = 0.5897 | obj = 1.4811 | cls = 0.0412 | lr = 0.000304
epoch 020 | step 0320 | total = 4.2502 | box = 0.5584 | obj = 1.4065 | cls = 0.0516 | lr = 0.000304
epoch 020 | step 0340 | total = 4.1148 | box = 0.5140 | obj = 1.5119 | cls = 0.0328 | lr = 0.000304
epoch 020 | step 0360 | total = 3.4332 | box = 0.3986 | obj = 1.3832 | cls = 0.0569 | lr = 0.000304
epoch 020 | step 0380 | total = 4.8162 | box = 0.6770 | obj = 1.3835 | cls = 0.0478 | lr = 0.000304
epoch 020 | step 0400 | total = 3.8160 | box = 0.4793 | obj = 1.3838 | cls = 0.0356 | lr = 0.000304
epoch 020 | step 0420 | total = 4.7088 | box = 0.6506 | obj = 1.4181 | cls = 0.0376 | lr = 0.000304
epoch 020 | step 0440 | total = 4.2613 | box = 0.5164 | obj = 1.6331 | cls = 0.0463 | lr = 0.000304
epoch 020 | step 0460 | total = 3.7115 | box = 0.4469 | obj = 1.4242 | cls = 0.0530 | lr = 0.000304
epoch 020 | step 0480 | total = 4.2986 | box = 0.5761 | obj = 1.3837 | cls = 0.0342 | lr = 0.000304
epoch 020 | step 0500 | total = 4.0702 | box = 0.5311 | obj = 1.3789 | cls = 0.0357 | lr = 0.000304
epoch 020 | step 0520 | total = 4.9178 | box = 0.6833 | obj = 1.4607 | cls = 0.0408 | lr = 0.000304
epoch 020 | step 0540 | total = 4.3100 | box = 0.5738 | obj = 1.4029 | cls = 0.0381 | lr = 0.000304
epoch 020 | step 0560 | total = 3.8049 | box = 0.4478 | obj = 1.5211 | cls = 0.0449 | lr = 0.000304
epoch 020 | step 0580 | total = 3.7515 | box = 0.4639 | obj = 1.3803 | cls = 0.0517 | lr = 0.000304
epoch 020 | step 0600 | total = 5.0738 | box = 0.6819 | obj = 1.6238 | cls = 0.0406 | lr = 0.000304
epoch 020 | step 0620 | total = 4.7504 | box = 0.6646 | obj = 1.3906 | cls = 0.0370 | lr = 0.000304
epoch 020 | step 0640 | total = 3.9447 | box = 0.5273 | obj = 1.2698 | cls = 0.0385 | lr = 0.000304
epoch 020 | step 0660 | total = 4.3772 | box = 0.5720 | obj = 1.4831 | cls = 0.0341 | lr = 0.000304
epoch 020 | step 0680 | total = 4.9476 | box = 0.6888 | obj = 1.4688 | cls = 0.0349 | lr = 0.000304
epoch 020 | step 0700 | total = 3.3092 | box = 0.3896 | obj = 1.3180 | cls = 0.0434 | lr = 0.000304
epoch 020 | step 0720 | total = 2.9399 | box = 0.3257 | obj = 1.2535 | cls = 0.0581 | lr = 0.000304
epoch 020 | step 0740 | total = 4.4997 | box = 0.6061 | obj = 1.4257 | cls = 0.0433 | lr = 0.000304
epoch 020 | step 0760 | total = 3.7604 | box = 0.4568 | obj = 1.4385 | cls = 0.0378 | lr = 0.000304
epoch 020 | step 0780 | total = 4.4560 | box = 0.5789 | obj = 1.5182 | cls = 0.0431 | lr = 0.000304
epoch 020 | step 0800 | total = 4.7477 | box = 0.6278 | obj = 1.5585 | cls = 0.0503 | lr = 0.000304
epoch 020 | step 0820 | total = 4.0928 | box = 0.5245 | obj = 1.4211 | cls = 0.0490 | lr = 0.000304
epoch 020 | step 0840 | total = 4.4719 | box = 0.5836 | obj = 1.5155 | cls = 0.0382 | lr = 0.000304
epoch 020 | step 0860 | total = 4.6472 | box = 0.6298 | obj = 1.4551 | cls = 0.0429 | lr = 0.000304
epoch 020 | step 0880 | total = 4.6102 | box = 0.5872 | obj = 1.6306 | cls = 0.0438 | lr = 0.000304
epoch 020 | step 0900 | total = 4.1089 | box = 0.5372 | obj = 1.3858 | cls = 0.0372 | lr = 0.000304
epoch 020 | step 0920 | total = 4.0562 | box = 0.5117 | obj = 1.4548 | cls = 0.0431 | lr = 0.000304
[epoch 020 train] total = 4.1559 | box = 0.5413 | obj = 1.4084 | cls = 0.0413 | steps = 925 | global_batches = 7400 | samples = 118288 | time = 806.4s
[epoch 020 val] total = 4.7318 | box = 0.6271 | obj = 1.5536 | cls = 0.0428 | steps = 40 | global_batches = 320 | samples = 5000 | time = 24.0s
epoch 021 | step 0001 | total = 4.4849 | box = 0.5958 | obj = 1.4678 | cls = 0.0380 | lr = 0.000258
epoch 021 | step 0020 | total = 4.4549 | box = 0.6196 | obj = 1.3232 | cls = 0.0338 | lr = 0.000258
epoch 021 | step 0040 | total = 3.4887 | box = 0.4529 | obj = 1.1859 | cls = 0.0382 | lr = 0.000258
epoch 021 | step 0060 | total = 2.9493 | box = 0.3400 | obj = 1.2028 | cls = 0.0467 | lr = 0.000258
epoch 021 | step 0080 | total = 4.4388 | box = 0.5996 | obj = 1.4046 | cls = 0.0362 | lr = 0.000258
epoch 021 | step 0100 | total = 4.6572 | box = 0.6350 | obj = 1.4454 | cls = 0.0366 | lr = 0.000258
epoch 021 | step 0120 | total = 4.0089 | box = 0.5244 | obj = 1.3497 | cls = 0.0371 | lr = 0.000258
epoch 021 | step 0140 | total = 4.0277 | box = 0.5095 | obj = 1.4406 | cls = 0.0398 | lr = 0.000258
epoch 021 | step 0160 | total = 4.1704 | box = 0.5547 | obj = 1.3531 | cls = 0.0435 | lr = 0.000258
epoch 021 | step 0180 | total = 3.7035 | box = 0.4582 | obj = 1.3720 | cls = 0.0403 | lr = 0.000258
epoch 021 | step 0200 | total = 3.9698 | box = 0.5378 | obj = 1.2367 | cls = 0.0441 | lr = 0.000258
epoch 021 | step 0220 | total = 4.4514 | box = 0.5907 | obj = 1.4623 | cls = 0.0357 | lr = 0.000258
epoch 021 | step 0240 | total = 4.5415 | box = 0.5787 | obj = 1.6032 | cls = 0.0450 | lr = 0.000258
epoch 021 | step 0260 | total = 3.7403 | box = 0.4612 | obj = 1.3882 | cls = 0.0461 | lr = 0.000258
epoch 021 | step 0280 | total = 3.3969 | box = 0.4025 | obj = 1.3507 | cls = 0.0336 | lr = 0.000258
epoch 021 | step 0300 | total = 3.4929 | box = 0.4210 | obj = 1.3397 | cls = 0.0483 | lr = 0.000258
epoch 021 | step 0320 | total = 4.4102 | box = 0.5852 | obj = 1.4532 | cls = 0.0310 | lr = 0.000258
epoch 021 | step 0340 | total = 4.1351 | box = 0.5275 | obj = 1.4525 | cls = 0.0449 | lr = 0.000258
epoch 021 | step 0360 | total = 4.1991 | box = 0.5769 | obj = 1.2679 | cls = 0.0469 | lr = 0.000258
epoch 021 | step 0380 | total = 4.3124 | box = 0.5602 | obj = 1.4782 | cls = 0.0334 | lr = 0.000258
epoch 021 | step 0400 | total = 4.4875 | box = 0.6106 | obj = 1.3979 | cls = 0.0365 | lr = 0.000258
epoch 021 | step 0420 | total = 4.2968 | box = 0.5842 | obj = 1.3335 | cls = 0.0424 | lr = 0.000258
epoch 021 | step 0440 | total = 3.8411 | box = 0.4780 | obj = 1.4051 | cls = 0.0461 | lr = 0.000258
epoch 021 | step 0460 | total = 4.9146 | box = 0.6974 | obj = 1.3884 | cls = 0.0395 | lr = 0.000258
epoch 021 | step 0480 | total = 4.7825 | box = 0.6613 | obj = 1.4315 | cls = 0.0443 | lr = 0.000258
epoch 021 | step 0500 | total = 3.9092 | box = 0.4926 | obj = 1.4076 | cls = 0.0388 | lr = 0.000258
epoch 021 | step 0520 | total = 4.2187 | box = 0.5625 | obj = 1.3672 | cls = 0.0392 | lr = 0.000258
epoch 021 | step 0540 | total = 4.3965 | box = 0.5636 | obj = 1.5428 | cls = 0.0358 | lr = 0.000258
epoch 021 | step 0560 | total = 4.2889 | box = 0.5546 | obj = 1.4730 | cls = 0.0428 | lr = 0.000258
epoch 021 | step 0580 | total = 4.2468 | box = 0.5630 | obj = 1.3962 | cls = 0.0354 | lr = 0.000258
epoch 021 | step 0600 | total = 3.2244 | box = 0.3833 | obj = 1.2670 | cls = 0.0410 | lr = 0.000258
epoch 021 | step 0620 | total = 3.6371 | box = 0.4582 | obj = 1.3102 | cls = 0.0357 | lr = 0.000258
epoch 021 | step 0640 | total = 4.0539 | box = 0.5289 | obj = 1.3735 | cls = 0.0362 | lr = 0.000258
epoch 021 | step 0660 | total = 3.1031 | box = 0.3752 | obj = 1.1792 | cls = 0.0477 | lr = 0.000258
epoch 021 | step 0680 | total = 3.6611 | box = 0.4494 | obj = 1.3640 | cls = 0.0499 | lr = 0.000258
epoch 021 | step 0700 | total = 4.6925 | box = 0.6413 | obj = 1.4469 | cls = 0.0391 | lr = 0.000258
epoch 021 | step 0720 | total = 4.6676 | box = 0.6015 | obj = 1.6221 | cls = 0.0381 | lr = 0.000258
epoch 021 | step 0740 | total = 4.3750 | box = 0.5805 | obj = 1.4353 | cls = 0.0374 | lr = 0.000258
epoch 021 | step 0760 | total = 4.1941 | box = 0.5615 | obj = 1.3476 | cls = 0.0388 | lr = 0.000258
epoch 021 | step 0780 | total = 4.2830 | box = 0.5528 | obj = 1.4734 | cls = 0.0457 | lr = 0.000258
epoch 021 | step 0800 | total = 4.5399 | box = 0.6124 | obj = 1.4354 | cls = 0.0422 | lr = 0.000258
epoch 021 | step 0820 | total = 3.8270 | box = 0.4818 | obj = 1.3754 | cls = 0.0426 | lr = 0.000258
epoch 021 | step 0840 | total = 3.4778 | box = 0.4502 | obj = 1.1985 | cls = 0.0282 | lr = 0.000258
epoch 021 | step 0860 | total = 3.3766 | box = 0.4047 | obj = 1.3211 | cls = 0.0320 | lr = 0.000258
epoch 021 | step 0880 | total = 3.7404 | box = 0.4624 | obj = 1.3780 | cls = 0.0504 | lr = 0.000258
epoch 021 | step 0900 | total = 4.1728 | box = 0.5573 | obj = 1.3471 | cls = 0.0390 | lr = 0.000258
epoch 021 | step 0920 | total = 4.1002 | box = 0.5301 | obj = 1.4115 | cls = 0.0381 | lr = 0.000258
[epoch 021 train] total = 4.0799 | box = 0.5303 | obj = 1.3872 | cls = 0.0409 | steps = 925 | global_batches = 7400 | samples = 118288 | time = 813.5s
[epoch 021 val] total = 4.6968 | box = 0.6203 | obj = 1.5525 | cls = 0.0427 | steps = 40 | global_batches = 320 | samples = 5000 | time = 24.2s
epoch 022 | step 0001 | total = 3.8863 | box = 0.5065 | obj = 1.3126 | cls = 0.0412 | lr = 0.000214
epoch 022 | step 0020 | total = 3.5329 | box = 0.4426 | obj = 1.2757 | cls = 0.0441 | lr = 0.000214
epoch 022 | step 0040 | total = 4.6827 | box = 0.6028 | obj = 1.6266 | cls = 0.0423 | lr = 0.000214
epoch 022 | step 0060 | total = 3.4326 | box = 0.4461 | obj = 1.1711 | cls = 0.0313 | lr = 0.000214
epoch 022 | step 0080 | total = 3.3764 | box = 0.3829 | obj = 1.4123 | cls = 0.0494 | lr = 0.000214
epoch 022 | step 0100 | total = 3.5537 | box = 0.4465 | obj = 1.2827 | cls = 0.0384 | lr = 0.000214
epoch 022 | step 0120 | total = 3.7822 | box = 0.4762 | obj = 1.3558 | cls = 0.0455 | lr = 0.000214
epoch 022 | step 0140 | total = 4.5137 | box = 0.6126 | obj = 1.4097 | cls = 0.0410 | lr = 0.000214
epoch 022 | step 0160 | total = 4.3692 | box = 0.5847 | obj = 1.4086 | cls = 0.0369 | lr = 0.000214
epoch 022 | step 0180 | total = 4.6824 | box = 0.6479 | obj = 1.3967 | cls = 0.0464 | lr = 0.000214
epoch 022 | step 0200 | total = 4.2741 | box = 0.5797 | obj = 1.3338 | cls = 0.0418 | lr = 0.000214
epoch 022 | step 0220 | total = 4.0854 | box = 0.5553 | obj = 1.2770 | cls = 0.0316 | lr = 0.000214
epoch 022 | step 0240 | total = 4.3102 | box = 0.5714 | obj = 1.4126 | cls = 0.0407 | lr = 0.000214
epoch 022 | step 0260 | total = 4.7240 | box = 0.6492 | obj = 1.4420 | cls = 0.0361 | lr = 0.000214
epoch 022 | step 0280 | total = 3.3755 | box = 0.4247 | obj = 1.2158 | cls = 0.0361 | lr = 0.000214
epoch 022 | step 0300 | total = 4.2596 | box = 0.5497 | obj = 1.4656 | cls = 0.0457 | lr = 0.000214
epoch 022 | step 0320 | total = 3.9798 | box = 0.4974 | obj = 1.4538 | cls = 0.0389 | lr = 0.000214
epoch 022 | step 0340 | total = 4.1483 | box = 0.5307 | obj = 1.4462 | cls = 0.0483 | lr = 0.000214
epoch 022 | step 0360 | total = 3.9554 | box = 0.5183 | obj = 1.3227 | cls = 0.0410 | lr = 0.000214
epoch 022 | step 0380 | total = 3.9457 | box = 0.4947 | obj = 1.4206 | cls = 0.0518 | lr = 0.000214
epoch 022 | step 0400 | total = 3.7725 | box = 0.4823 | obj = 1.3197 | cls = 0.0414 | lr = 0.000214
epoch 022 | step 0420 | total = 3.4010 | box = 0.4035 | obj = 1.3456 | cls = 0.0381 | lr = 0.000214
epoch 022 | step 0440 | total = 3.5372 | box = 0.4383 | obj = 1.3007 | cls = 0.0447 | lr = 0.000214
epoch 022 | step 0460 | total = 4.6677 | box = 0.6599 | obj = 1.3240 | cls = 0.0442 | lr = 0.000214
epoch 022 | step 0480 | total = 4.8927 | box = 0.6833 | obj = 1.4403 | cls = 0.0359 | lr = 0.000214
epoch 022 | step 0500 | total = 4.6259 | box = 0.6287 | obj = 1.4498 | cls = 0.0325 | lr = 0.000214
epoch 022 | step 0520 | total = 3.4258 | box = 0.3866 | obj = 1.4498 | cls = 0.0430 | lr = 0.000214
epoch 022 | step 0540 | total = 4.8757 | box = 0.6854 | obj = 1.4079 | cls = 0.0405 | lr = 0.000214
epoch 022 | step 0560 | total = 3.6697 | box = 0.4603 | obj = 1.3204 | cls = 0.0479 | lr = 0.000214
epoch 022 | step 0580 | total = 3.4748 | box = 0.4050 | obj = 1.3985 | cls = 0.0516 | lr = 0.000214
epoch 022 | step 0600 | total = 3.4571 | box = 0.4231 | obj = 1.3035 | cls = 0.0383 | lr = 0.000214
epoch 022 | step 0620 | total = 3.4367 | box = 0.4164 | obj = 1.2832 | cls = 0.0713 | lr = 0.000214
epoch 022 | step 0640 | total = 3.9713 | box = 0.5013 | obj = 1.4321 | cls = 0.0327 | lr = 0.000214
epoch 022 | step 0660 | total = 2.7728 | box = 0.3002 | obj = 1.2233 | cls = 0.0486 | lr = 0.000214
epoch 022 | step 0680 | total = 3.9271 | box = 0.5113 | obj = 1.3330 | cls = 0.0374 | lr = 0.000214
epoch 022 | step 0700 | total = 5.1311 | box = 0.7243 | obj = 1.4676 | cls = 0.0422 | lr = 0.000214
epoch 022 | step 0720 | total = 4.1507 | box = 0.5627 | obj = 1.2968 | cls = 0.0401 | lr = 0.000214
epoch 022 | step 0740 | total = 4.2279 | box = 0.5528 | obj = 1.4149 | cls = 0.0489 | lr = 0.000214
epoch 022 | step 0760 | total = 3.5688 | box = 0.4434 | obj = 1.3092 | cls = 0.0423 | lr = 0.000214
epoch 022 | step 0780 | total = 3.5333 | box = 0.4362 | obj = 1.3192 | cls = 0.0332 | lr = 0.000214
epoch 022 | step 0800 | total = 3.5124 | box = 0.4270 | obj = 1.3350 | cls = 0.0421 | lr = 0.000214
epoch 022 | step 0820 | total = 3.7497 | box = 0.4876 | obj = 1.2699 | cls = 0.0418 | lr = 0.000214
epoch 022 | step 0840 | total = 4.3988 | box = 0.5870 | obj = 1.4320 | cls = 0.0315 | lr = 0.000214
epoch 022 | step 0860 | total = 3.6313 | box = 0.4431 | obj = 1.3834 | cls = 0.0326 | lr = 0.000214
epoch 022 | step 0880 | total = 3.9797 | box = 0.4971 | obj = 1.4565 | cls = 0.0375 | lr = 0.000214
epoch 022 | step 0900 | total = 3.5468 | box = 0.4614 | obj = 1.2003 | cls = 0.0395 | lr = 0.000214
epoch 022 | step 0920 | total = 4.3016 | box = 0.5720 | obj = 1.4054 | cls = 0.0362 | lr = 0.000214
[epoch 022 train] total = 4.0072 | box = 0.5201 | obj = 1.3659 | cls = 0.0406 | steps = 925 | global_batches = 7400 | samples = 118288 | time = 810.6s
[epoch 022 val] total = 4.6969 | box = 0.6191 | obj = 1.5588 | cls = 0.0426 | steps = 40 | global_batches = 320 | samples = 5000 | time = 24.1s
epoch 023 | step 0001 | total = 4.0373 | box = 0.5372 | obj = 1.3084 | cls = 0.0431 | lr = 0.000174
epoch 023 | step 0020 | total = 4.0386 | box = 0.5351 | obj = 1.3285 | cls = 0.0346 | lr = 0.000174
epoch 023 | step 0040 | total = 3.8118 | box = 0.4776 | obj = 1.3790 | cls = 0.0450 | lr = 0.000174
epoch 023 | step 0060 | total = 3.7066 | box = 0.4822 | obj = 1.2589 | cls = 0.0366 | lr = 0.000174
epoch 023 | step 0080 | total = 3.5192 | box = 0.3896 | obj = 1.5270 | cls = 0.0442 | lr = 0.000174
epoch 023 | step 0100 | total = 4.1414 | box = 0.5402 | obj = 1.4001 | cls = 0.0401 | lr = 0.000174
epoch 023 | step 0120 | total = 3.3897 | box = 0.4277 | obj = 1.2147 | cls = 0.0364 | lr = 0.000174
epoch 023 | step 0140 | total = 4.6195 | box = 0.6455 | obj = 1.3549 | cls = 0.0369 | lr = 0.000174
epoch 023 | step 0160 | total = 2.9895 | box = 0.3419 | obj = 1.2288 | cls = 0.0511 | lr = 0.000174
epoch 023 | step 0180 | total = 2.9827 | box = 0.3453 | obj = 1.2186 | cls = 0.0376 | lr = 0.000174
epoch 023 | step 0200 | total = 4.0314 | box = 0.5364 | obj = 1.3126 | cls = 0.0367 | lr = 0.000174
epoch 023 | step 0220 | total = 3.5179 | box = 0.4663 | obj = 1.1508 | cls = 0.0355 | lr = 0.000174
epoch 023 | step 0240 | total = 3.7878 | box = 0.4909 | obj = 1.2891 | cls = 0.0444 | lr = 0.000174
epoch 023 | step 0260 | total = 3.8253 | box = 0.5100 | obj = 1.2466 | cls = 0.0289 | lr = 0.000174
epoch 023 | step 0280 | total = 3.6451 | box = 0.4563 | obj = 1.3228 | cls = 0.0409 | lr = 0.000174
epoch 023 | step 0300 | total = 3.6992 | box = 0.4626 | obj = 1.3493 | cls = 0.0368 | lr = 0.000174
epoch 023 | step 0320 | total = 3.0160 | box = 0.3389 | obj = 1.2699 | cls = 0.0514 | lr = 0.000174
epoch 023 | step 0340 | total = 4.0159 | box = 0.5137 | obj = 1.4018 | cls = 0.0454 | lr = 0.000174
epoch 023 | step 0360 | total = 3.5179 | box = 0.4370 | obj = 1.2985 | cls = 0.0345 | lr = 0.000174
epoch 023 | step 0380 | total = 3.5603 | box = 0.4400 | obj = 1.3264 | cls = 0.0342 | lr = 0.000174
epoch 023 | step 0400 | total = 3.3871 | box = 0.4021 | obj = 1.3378 | cls = 0.0386 | lr = 0.000174
epoch 023 | step 0420 | total = 3.9284 | box = 0.5083 | obj = 1.3490 | cls = 0.0380 | lr = 0.000174
epoch 023 | step 0440 | total = 4.2872 | box = 0.5670 | obj = 1.4220 | cls = 0.0304 | lr = 0.000174
epoch 023 | step 0460 | total = 4.0407 | box = 0.5282 | obj = 1.3616 | cls = 0.0382 | lr = 0.000174
epoch 023 | step 0480 | total = 4.1121 | box = 0.5297 | obj = 1.4173 | cls = 0.0463 | lr = 0.000174
epoch 023 | step 0500 | total = 4.1980 | box = 0.5353 | obj = 1.4906 | cls = 0.0309 | lr = 0.000174
epoch 023 | step 0520 | total = 3.8297 | box = 0.5004 | obj = 1.2887 | cls = 0.0392 | lr = 0.000174
epoch 023 | step 0540 | total = 3.3790 | box = 0.4258 | obj = 1.2002 | cls = 0.0498 | lr = 0.000174
epoch 023 | step 0560 | total = 3.6589 | box = 0.4515 | obj = 1.3604 | cls = 0.0409 | lr = 0.000174
epoch 023 | step 0580 | total = 3.0206 | box = 0.3350 | obj = 1.3025 | cls = 0.0429 | lr = 0.000174
epoch 023 | step 0600 | total = 4.3245 | box = 0.5796 | obj = 1.3915 | cls = 0.0348 | lr = 0.000174
epoch 023 | step 0620 | total = 4.4505 | box = 0.6108 | obj = 1.3545 | cls = 0.0418 | lr = 0.000174
epoch 023 | step 0640 | total = 3.9038 | box = 0.4970 | obj = 1.3770 | cls = 0.0419 | lr = 0.000174
epoch 023 | step 0660 | total = 4.7231 | box = 0.6603 | obj = 1.3877 | cls = 0.0341 | lr = 0.000174
epoch 023 | step 0680 | total = 3.8961 | box = 0.5101 | obj = 1.3096 | cls = 0.0361 | lr = 0.000174
epoch 023 | step 0700 | total = 3.5569 | box = 0.4537 | obj = 1.2522 | cls = 0.0360 | lr = 0.000174
epoch 023 | step 0720 | total = 4.0471 | box = 0.5151 | obj = 1.4269 | cls = 0.0448 | lr = 0.000174
epoch 023 | step 0740 | total = 3.1968 | box = 0.4015 | obj = 1.1447 | cls = 0.0444 | lr = 0.000174
epoch 023 | step 0760 | total = 3.7466 | box = 0.5033 | obj = 1.1876 | cls = 0.0425 | lr = 0.000174
epoch 023 | step 0780 | total = 3.2423 | box = 0.3902 | obj = 1.2546 | cls = 0.0368 | lr = 0.000174
epoch 023 | step 0800 | total = 4.1357 | box = 0.5411 | obj = 1.3802 | cls = 0.0501 | lr = 0.000174
epoch 023 | step 0820 | total = 4.4512 | box = 0.6065 | obj = 1.3768 | cls = 0.0419 | lr = 0.000174
epoch 023 | step 0840 | total = 4.4965 | box = 0.6067 | obj = 1.4286 | cls = 0.0345 | lr = 0.000174
epoch 023 | step 0860 | total = 3.6368 | box = 0.4291 | obj = 1.4454 | cls = 0.0458 | lr = 0.000174
epoch 023 | step 0880 | total = 4.4083 | box = 0.6099 | obj = 1.3193 | cls = 0.0393 | lr = 0.000174
epoch 023 | step 0900 | total = 4.6317 | box = 0.6187 | obj = 1.4982 | cls = 0.0399 | lr = 0.000174
epoch 023 | step 0920 | total = 3.7369 | box = 0.4852 | obj = 1.2736 | cls = 0.0373 | lr = 0.000174
[epoch 023 train] total = 3.9368 | box = 0.5102 | obj = 1.3452 | cls = 0.0404 | steps = 925 | global_batches = 7400 | samples = 118288 | time = 814.0s
[epoch 023 val] total = 4.6941 | box = 0.6185 | obj = 1.5592 | cls = 0.0425 | steps = 40 | global_batches = 320 | samples = 5000 | time = 24.7s
epoch 024 | step 0001 | total = 4.0315 | box = 0.5342 | obj = 1.3116 | cls = 0.0486 | lr = 0.000137
epoch 024 | step 0020 | total = 3.2552 | box = 0.4025 | obj = 1.2056 | cls = 0.0368 | lr = 0.000137
epoch 024 | step 0040 | total = 3.1469 | box = 0.3483 | obj = 1.3597 | cls = 0.0455 | lr = 0.000137
epoch 024 | step 0060 | total = 3.4736 | box = 0.4232 | obj = 1.3136 | cls = 0.0440 | lr = 0.000137
epoch 024 | step 0080 | total = 3.7016 | box = 0.4666 | obj = 1.3388 | cls = 0.0301 | lr = 0.000137
epoch 024 | step 0100 | total = 4.3738 | box = 0.5739 | obj = 1.4621 | cls = 0.0422 | lr = 0.000137
epoch 024 | step 0120 | total = 3.5835 | box = 0.4343 | obj = 1.3566 | cls = 0.0555 | lr = 0.000137
epoch 024 | step 0140 | total = 4.0668 | box = 0.5415 | obj = 1.3301 | cls = 0.0292 | lr = 0.000137
epoch 024 | step 0160 | total = 4.1295 | box = 0.5424 | obj = 1.3729 | cls = 0.0446 | lr = 0.000137
epoch 024 | step 0180 | total = 3.4568 | box = 0.4211 | obj = 1.2994 | cls = 0.0519 | lr = 0.000137
epoch 024 | step 0200 | total = 3.7016 | box = 0.4711 | obj = 1.3064 | cls = 0.0396 | lr = 0.000137
epoch 024 | step 0220 | total = 4.7562 | box = 0.6628 | obj = 1.4072 | cls = 0.0350 | lr = 0.000137
epoch 024 | step 0240 | total = 3.8777 | box = 0.5010 | obj = 1.3367 | cls = 0.0361 | lr = 0.000137
epoch 024 | step 0260 | total = 4.6718 | box = 0.6346 | obj = 1.4641 | cls = 0.0347 | lr = 0.000137
epoch 024 | step 0280 | total = 3.8230 | box = 0.5067 | obj = 1.2535 | cls = 0.0357 | lr = 0.000137
epoch 024 | step 0300 | total = 3.5221 | box = 0.4430 | obj = 1.2591 | cls = 0.0479 | lr = 0.000137
epoch 024 | step 0320 | total = 3.9581 | box = 0.5319 | obj = 1.2587 | cls = 0.0400 | lr = 0.000137
epoch 024 | step 0340 | total = 4.3185 | box = 0.5794 | obj = 1.3831 | cls = 0.0384 | lr = 0.000137
epoch 024 | step 0360 | total = 4.2141 | box = 0.5595 | obj = 1.3789 | cls = 0.0379 | lr = 0.000137
epoch 024 | step 0380 | total = 4.7694 | box = 0.6818 | obj = 1.3259 | cls = 0.0345 | lr = 0.000137
epoch 024 | step 0400 | total = 4.6458 | box = 0.6309 | obj = 1.4579 | cls = 0.0333 | lr = 0.000137
epoch 024 | step 0420 | total = 3.9694 | box = 0.5289 | obj = 1.2868 | cls = 0.0382 | lr = 0.000137
epoch 024 | step 0440 | total = 3.1586 | box = 0.3749 | obj = 1.2491 | cls = 0.0352 | lr = 0.000137
epoch 024 | step 0460 | total = 4.2366 | box = 0.5655 | obj = 1.3614 | cls = 0.0476 | lr = 0.000137
epoch 024 | step 0480 | total = 3.9402 | box = 0.5192 | obj = 1.3064 | cls = 0.0378 | lr = 0.000137
epoch 024 | step 0500 | total = 4.4268 | box = 0.5870 | obj = 1.4533 | cls = 0.0385 | lr = 0.000137
epoch 024 | step 0520 | total = 3.7072 | box = 0.4650 | obj = 1.3383 | cls = 0.0437 | lr = 0.000137
epoch 024 | step 0540 | total = 4.0673 | box = 0.5038 | obj = 1.5097 | cls = 0.0388 | lr = 0.000137
epoch 024 | step 0560 | total = 3.6932 | box = 0.4752 | obj = 1.2814 | cls = 0.0355 | lr = 0.000137
epoch 024 | step 0580 | total = 3.6314 | box = 0.4559 | obj = 1.3114 | cls = 0.0404 | lr = 0.000137
epoch 024 | step 0600 | total = 3.5884 | box = 0.4587 | obj = 1.2532 | cls = 0.0416 | lr = 0.000137
epoch 024 | step 0620 | total = 3.1358 | box = 0.4000 | obj = 1.0870 | cls = 0.0485 | lr = 0.000137
epoch 024 | step 0640 | total = 3.6280 | box = 0.4499 | obj = 1.3348 | cls = 0.0435 | lr = 0.000137
epoch 024 | step 0660 | total = 4.0413 | box = 0.5449 | obj = 1.2811 | cls = 0.0360 | lr = 0.000137
epoch 024 | step 0680 | total = 3.4176 | box = 0.4303 | obj = 1.2270 | cls = 0.0391 | lr = 0.000137
epoch 024 | step 0700 | total = 4.0681 | box = 0.5473 | obj = 1.2905 | cls = 0.0411 | lr = 0.000137
epoch 024 | step 0720 | total = 4.8438 | box = 0.6888 | obj = 1.3617 | cls = 0.0379 | lr = 0.000137
epoch 024 | step 0740 | total = 4.1330 | box = 0.5498 | obj = 1.3496 | cls = 0.0343 | lr = 0.000137
epoch 024 | step 0760 | total = 4.3528 | box = 0.5596 | obj = 1.5071 | cls = 0.0480 | lr = 0.000137
epoch 024 | step 0780 | total = 4.1173 | box = 0.5732 | obj = 1.2215 | cls = 0.0297 | lr = 0.000137
epoch 024 | step 0800 | total = 4.3437 | box = 0.5887 | obj = 1.3580 | cls = 0.0422 | lr = 0.000137
epoch 024 | step 0820 | total = 3.9960 | box = 0.5023 | obj = 1.4455 | cls = 0.0393 | lr = 0.000137
epoch 024 | step 0840 | total = 3.7992 | box = 0.4918 | obj = 1.3014 | cls = 0.0386 | lr = 0.000137
epoch 024 | step 0860 | total = 4.1012 | box = 0.5596 | obj = 1.2647 | cls = 0.0383 | lr = 0.000137
epoch 024 | step 0880 | total = 3.4838 | box = 0.4294 | obj = 1.2954 | cls = 0.0415 | lr = 0.000137
epoch 024 | step 0900 | total = 4.4921 | box = 0.6154 | obj = 1.3747 | cls = 0.0402 | lr = 0.000137
epoch 024 | step 0920 | total = 3.7961 | box = 0.4901 | obj = 1.3068 | cls = 0.0389 | lr = 0.000137
[epoch 024 train] total = 3.8754 | box = 0.5017 | obj = 1.3265 | cls = 0.0402 | steps = 925 | global_batches = 7400 | samples = 118288 | time = 820.0s
[epoch 024 val] total = 4.7322 | box = 0.6184 | obj = 1.5976 | cls = 0.0425 | steps = 40 | global_batches = 320 | samples = 5000 | time = 25.2s
epoch 025 | step 0001 | total = 4.6679 | box = 0.6870 | obj = 1.2054 | cls = 0.0276 | lr = 0.000105
epoch 025 | step 0020 | total = 4.0368 | box = 0.5405 | obj = 1.2985 | cls = 0.0359 | lr = 0.000105
epoch 025 | step 0040 | total = 3.6530 | box = 0.4745 | obj = 1.2347 | cls = 0.0460 | lr = 0.000105
epoch 025 | step 0060 | total = 3.4666 | box = 0.4248 | obj = 1.3017 | cls = 0.0407 | lr = 0.000105
epoch 025 | step 0080 | total = 4.1307 | box = 0.5292 | obj = 1.4380 | cls = 0.0465 | lr = 0.000105
epoch 025 | step 0100 | total = 3.1891 | box = 0.4016 | obj = 1.1347 | cls = 0.0466 | lr = 0.000105
epoch 025 | step 0120 | total = 4.6725 | box = 0.6450 | obj = 1.4088 | cls = 0.0385 | lr = 0.000105
epoch 025 | step 0140 | total = 3.5352 | box = 0.4608 | obj = 1.1929 | cls = 0.0382 | lr = 0.000105
epoch 025 | step 0160 | total = 2.8648 | box = 0.3229 | obj = 1.2057 | cls = 0.0446 | lr = 0.000105
epoch 025 | step 0180 | total = 4.2475 | box = 0.5798 | obj = 1.3149 | cls = 0.0334 | lr = 0.000105
epoch 025 | step 0200 | total = 4.5125 | box = 0.6240 | obj = 1.3534 | cls = 0.0391 | lr = 0.000105
epoch 025 | step 0220 | total = 3.9042 | box = 0.5066 | obj = 1.3351 | cls = 0.0362 | lr = 0.000105
epoch 025 | step 0240 | total = 3.7814 | box = 0.4838 | obj = 1.3201 | cls = 0.0422 | lr = 0.000105
epoch 025 | step 0260 | total = 4.3183 | box = 0.5825 | obj = 1.3714 | cls = 0.0345 | lr = 0.000105
epoch 025 | step 0280 | total = 3.5520 | box = 0.4486 | obj = 1.2661 | cls = 0.0428 | lr = 0.000105
epoch 025 | step 0300 | total = 3.9105 | box = 0.5088 | obj = 1.3284 | cls = 0.0382 | lr = 0.000105
epoch 025 | step 0320 | total = 4.3555 | box = 0.6030 | obj = 1.3102 | cls = 0.0304 | lr = 0.000105
epoch 025 | step 0340 | total = 4.4421 | box = 0.5909 | obj = 1.4528 | cls = 0.0349 | lr = 0.000105
epoch 025 | step 0360 | total = 3.7817 | box = 0.4965 | obj = 1.2596 | cls = 0.0397 | lr = 0.000105
epoch 025 | step 0380 | total = 3.0042 | box = 0.3435 | obj = 1.2393 | cls = 0.0474 | lr = 0.000105
epoch 025 | step 0400 | total = 4.2793 | box = 0.5575 | obj = 1.4494 | cls = 0.0425 | lr = 0.000105
epoch 025 | step 0420 | total = 4.3876 | box = 0.5808 | obj = 1.4407 | cls = 0.0430 | lr = 0.000105
epoch 025 | step 0440 | total = 3.9556 | box = 0.5118 | obj = 1.3516 | cls = 0.0451 | lr = 0.000105
epoch 025 | step 0460 | total = 3.6012 | box = 0.4739 | obj = 1.1930 | cls = 0.0387 | lr = 0.000105
epoch 025 | step 0480 | total = 4.0397 | box = 0.5426 | obj = 1.2851 | cls = 0.0414 | lr = 0.000105
epoch 025 | step 0500 | total = 4.0133 | box = 0.5267 | obj = 1.3415 | cls = 0.0384 | lr = 0.000105
epoch 025 | step 0520 | total = 4.3589 | box = 0.5631 | obj = 1.4989 | cls = 0.0446 | lr = 0.000105
epoch 025 | step 0540 | total = 3.9965 | box = 0.5238 | obj = 1.3242 | cls = 0.0533 | lr = 0.000105
epoch 025 | step 0560 | total = 4.5451 | box = 0.6234 | obj = 1.3920 | cls = 0.0363 | lr = 0.000105
epoch 025 | step 0580 | total = 3.6233 | box = 0.4873 | obj = 1.1542 | cls = 0.0328 | lr = 0.000105
epoch 025 | step 0600 | total = 4.4526 | box = 0.5977 | obj = 1.4247 | cls = 0.0392 | lr = 0.000105
epoch 025 | step 0620 | total = 3.7798 | box = 0.4961 | obj = 1.2612 | cls = 0.0380 | lr = 0.000105
epoch 025 | step 0640 | total = 3.0034 | box = 0.3493 | obj = 1.2091 | cls = 0.0479 | lr = 0.000105
epoch 025 | step 0660 | total = 4.3237 | box = 0.6091 | obj = 1.2443 | cls = 0.0338 | lr = 0.000105
epoch 025 | step 0680 | total = 3.7656 | box = 0.4971 | obj = 1.2342 | cls = 0.0461 | lr = 0.000105
epoch 025 | step 0700 | total = 3.8833 | box = 0.5013 | obj = 1.3393 | cls = 0.0375 | lr = 0.000105
epoch 025 | step 0720 | total = 3.8381 | box = 0.4817 | obj = 1.3838 | cls = 0.0457 | lr = 0.000105
epoch 025 | step 0740 | total = 4.3418 | box = 0.5596 | obj = 1.4936 | cls = 0.0504 | lr = 0.000105
epoch 025 | step 0760 | total = 3.9633 | box = 0.5236 | obj = 1.3089 | cls = 0.0365 | lr = 0.000105
epoch 025 | step 0780 | total = 3.0747 | box = 0.3485 | obj = 1.2805 | cls = 0.0516 | lr = 0.000105
epoch 025 | step 0800 | total = 2.9377 | box = 0.3333 | obj = 1.2184 | cls = 0.0528 | lr = 0.000105
epoch 025 | step 0820 | total = 3.6967 | box = 0.4870 | obj = 1.2249 | cls = 0.0369 | lr = 0.000105
epoch 025 | step 0840 | total = 3.2301 | box = 0.3971 | obj = 1.1986 | cls = 0.0461 | lr = 0.000105
epoch 025 | step 0860 | total = 3.0909 | box = 0.3639 | obj = 1.2234 | cls = 0.0479 | lr = 0.000105
epoch 025 | step 0880 | total = 4.1768 | box = 0.5710 | obj = 1.2828 | cls = 0.0388 | lr = 0.000105
epoch 025 | step 0900 | total = 3.9503 | box = 0.5152 | obj = 1.3336 | cls = 0.0405 | lr = 0.000105
epoch 025 | step 0920 | total = 3.4382 | box = 0.4295 | obj = 1.2569 | cls = 0.0336 | lr = 0.000105
[epoch 025 train] total = 3.8189 | box = 0.4940 | obj = 1.3090 | cls = 0.0400 | steps = 925 | global_batches = 7400 | samples = 118288 | time = 816.7s
[epoch 025 val] total = 4.7418 | box = 0.6190 | obj = 1.6044 | cls = 0.0423 | steps = 40 | global_batches = 320 | samples = 5000 | time = 24.7s
epoch 026 | step 0001 | total = 2.9143 | box = 0.3131 | obj = 1.2962 | cls = 0.0525 | lr = 0.000076
epoch 026 | step 0020 | total = 3.3005 | box = 0.3935 | obj = 1.2931 | cls = 0.0398 | lr = 0.000076
epoch 026 | step 0040 | total = 3.4043 | box = 0.4216 | obj = 1.2594 | cls = 0.0371 | lr = 0.000076
epoch 026 | step 0060 | total = 3.6323 | box = 0.4579 | obj = 1.3021 | cls = 0.0408 | lr = 0.000076
epoch 026 | step 0080 | total = 3.2676 | box = 0.3974 | obj = 1.2321 | cls = 0.0486 | lr = 0.000076
epoch 026 | step 0100 | total = 3.4510 | box = 0.4175 | obj = 1.3268 | cls = 0.0367 | lr = 0.000076
epoch 026 | step 0120 | total = 4.7609 | box = 0.6577 | obj = 1.4349 | cls = 0.0377 | lr = 0.000076
epoch 026 | step 0140 | total = 3.7505 | box = 0.4700 | obj = 1.3634 | cls = 0.0371 | lr = 0.000076
epoch 026 | step 0160 | total = 3.0000 | box = 0.3425 | obj = 1.2425 | cls = 0.0449 | lr = 0.000076
epoch 026 | step 0180 | total = 2.9573 | box = 0.3348 | obj = 1.2372 | cls = 0.0461 | lr = 0.000076
epoch 026 | step 0200 | total = 4.5839 | box = 0.6132 | obj = 1.4824 | cls = 0.0358 | lr = 0.000076
epoch 026 | step 0220 | total = 3.4499 | box = 0.4140 | obj = 1.3474 | cls = 0.0326 | lr = 0.000076
epoch 026 | step 0240 | total = 2.9788 | box = 0.3674 | obj = 1.1063 | cls = 0.0355 | lr = 0.000076
epoch 026 | step 0260 | total = 3.4931 | box = 0.4651 | obj = 1.1329 | cls = 0.0349 | lr = 0.000076
epoch 026 | step 0280 | total = 3.7108 | box = 0.4746 | obj = 1.3027 | cls = 0.0351 | lr = 0.000076
epoch 026 | step 0300 | total = 3.2063 | box = 0.3924 | obj = 1.2081 | cls = 0.0362 | lr = 0.000076
epoch 026 | step 0320 | total = 4.2029 | box = 0.5585 | obj = 1.3784 | cls = 0.0319 | lr = 0.000076
epoch 026 | step 0340 | total = 3.9633 | box = 0.5060 | obj = 1.3888 | cls = 0.0444 | lr = 0.000076
epoch 026 | step 0360 | total = 3.0403 | box = 0.3675 | obj = 1.1587 | cls = 0.0439 | lr = 0.000076
epoch 026 | step 0380 | total = 3.9791 | box = 0.5064 | obj = 1.4052 | cls = 0.0419 | lr = 0.000076
epoch 026 | step 0400 | total = 3.4057 | box = 0.4104 | obj = 1.3165 | cls = 0.0371 | lr = 0.000076
epoch 026 | step 0420 | total = 4.3008 | box = 0.5793 | obj = 1.3671 | cls = 0.0374 | lr = 0.000076
epoch 026 | step 0440 | total = 3.4617 | box = 0.4307 | obj = 1.2678 | cls = 0.0405 | lr = 0.000076
epoch 026 | step 0460 | total = 3.9377 | box = 0.5104 | obj = 1.3475 | cls = 0.0381 | lr = 0.000076
epoch 026 | step 0480 | total = 4.3128 | box = 0.5844 | obj = 1.3554 | cls = 0.0353 | lr = 0.000076
epoch 026 | step 0500 | total = 4.5206 | box = 0.6362 | obj = 1.3063 | cls = 0.0334 | lr = 0.000076
epoch 026 | step 0520 | total = 3.8041 | box = 0.5113 | obj = 1.2084 | cls = 0.0390 | lr = 0.000076
epoch 026 | step 0540 | total = 3.7025 | box = 0.4611 | obj = 1.3562 | cls = 0.0407 | lr = 0.000076
epoch 026 | step 0560 | total = 4.0266 | box = 0.5384 | obj = 1.2990 | cls = 0.0358 | lr = 0.000076
epoch 026 | step 0580 | total = 4.3374 | box = 0.5851 | obj = 1.3771 | cls = 0.0350 | lr = 0.000076
epoch 026 | step 0600 | total = 4.0008 | box = 0.5125 | obj = 1.3957 | cls = 0.0427 | lr = 0.000076
epoch 026 | step 0620 | total = 3.6511 | box = 0.4565 | obj = 1.3313 | cls = 0.0374 | lr = 0.000076
epoch 026 | step 0640 | total = 3.4117 | box = 0.4155 | obj = 1.2954 | cls = 0.0386 | lr = 0.000076
epoch 026 | step 0660 | total = 4.2389 | box = 0.5727 | obj = 1.3401 | cls = 0.0351 | lr = 0.000076
epoch 026 | step 0680 | total = 3.7525 | box = 0.5005 | obj = 1.2123 | cls = 0.0379 | lr = 0.000076
epoch 026 | step 0700 | total = 3.9238 | box = 0.4763 | obj = 1.5032 | cls = 0.0389 | lr = 0.000076
epoch 026 | step 0720 | total = 3.2482 | box = 0.4089 | obj = 1.1735 | cls = 0.0304 | lr = 0.000076
epoch 026 | step 0740 | total = 2.6825 | box = 0.3011 | obj = 1.1220 | cls = 0.0550 | lr = 0.000076
epoch 026 | step 0760 | total = 3.9103 | box = 0.4853 | obj = 1.4464 | cls = 0.0372 | lr = 0.000076
epoch 026 | step 0780 | total = 4.0139 | box = 0.5271 | obj = 1.3411 | cls = 0.0371 | lr = 0.000076
epoch 026 | step 0800 | total = 4.5183 | box = 0.6159 | obj = 1.4022 | cls = 0.0369 | lr = 0.000076
epoch 026 | step 0820 | total = 4.5427 | box = 0.6192 | obj = 1.4062 | cls = 0.0405 | lr = 0.000076
epoch 026 | step 0840 | total = 3.9454 | box = 0.4898 | obj = 1.4538 | cls = 0.0424 | lr = 0.000076
epoch 026 | step 0860 | total = 4.0125 | box = 0.5186 | obj = 1.3750 | cls = 0.0445 | lr = 0.000076
epoch 026 | step 0880 | total = 3.3601 | box = 0.4220 | obj = 1.2101 | cls = 0.0401 | lr = 0.000076
epoch 026 | step 0900 | total = 4.6012 | box = 0.6307 | obj = 1.4156 | cls = 0.0322 | lr = 0.000076
epoch 026 | step 0920 | total = 2.8224 | box = 0.3321 | obj = 1.1220 | cls = 0.0397 | lr = 0.000076
[epoch 026 train] total = 3.7717 | box = 0.4874 | obj = 1.2949 | cls = 0.0398 | steps = 925 | global_batches = 7400 | samples = 118288 | time = 813.4s
[epoch 026 val] total = 4.7492 | box = 0.6177 | obj = 1.6183 | cls = 0.0425 | steps = 40 | global_batches = 320 | samples = 5000 | time = 24.6s
epoch 027 | step 0001 | total = 3.6228 | box = 0.4623 | obj = 1.2673 | cls = 0.0438 | lr = 0.000053
epoch 027 | step 0020 | total = 3.5404 | box = 0.4418 | obj = 1.2907 | cls = 0.0407 | lr = 0.000053
epoch 027 | step 0040 | total = 2.3972 | box = 0.2798 | obj = 0.9571 | cls = 0.0409 | lr = 0.000053
epoch 027 | step 0060 | total = 3.8915 | box = 0.5157 | obj = 1.2777 | cls = 0.0352 | lr = 0.000053
epoch 027 | step 0080 | total = 3.8883 | box = 0.5103 | obj = 1.2952 | cls = 0.0414 | lr = 0.000053
epoch 027 | step 0100 | total = 4.1761 | box = 0.5406 | obj = 1.4306 | cls = 0.0426 | lr = 0.000053
epoch 027 | step 0120 | total = 3.8877 | box = 0.5082 | obj = 1.3088 | cls = 0.0381 | lr = 0.000053
epoch 027 | step 0140 | total = 3.3247 | box = 0.4147 | obj = 1.2002 | cls = 0.0507 | lr = 0.000053
epoch 027 | step 0160 | total = 3.5973 | box = 0.4631 | obj = 1.2445 | cls = 0.0373 | lr = 0.000053
epoch 027 | step 0180 | total = 4.0086 | box = 0.5392 | obj = 1.2809 | cls = 0.0317 | lr = 0.000053
epoch 027 | step 0200 | total = 3.7751 | box = 0.4790 | obj = 1.3353 | cls = 0.0447 | lr = 0.000053
epoch 027 | step 0220 | total = 3.1578 | box = 0.3806 | obj = 1.2159 | cls = 0.0387 | lr = 0.000053
epoch 027 | step 0240 | total = 4.1503 | box = 0.5595 | obj = 1.3079 | cls = 0.0447 | lr = 0.000053
epoch 027 | step 0260 | total = 4.2411 | box = 0.5777 | obj = 1.3178 | cls = 0.0348 | lr = 0.000053
epoch 027 | step 0280 | total = 4.9150 | box = 0.6803 | obj = 1.4673 | cls = 0.0460 | lr = 0.000053
epoch 027 | step 0300 | total = 3.4245 | box = 0.4303 | obj = 1.2312 | cls = 0.0419 | lr = 0.000053
epoch 027 | step 0320 | total = 3.7684 | box = 0.4777 | obj = 1.3400 | cls = 0.0402 | lr = 0.000053
epoch 027 | step 0340 | total = 3.1876 | box = 0.3857 | obj = 1.2228 | cls = 0.0362 | lr = 0.000053
epoch 027 | step 0360 | total = 3.8613 | box = 0.5198 | obj = 1.2244 | cls = 0.0381 | lr = 0.000053
epoch 027 | step 0380 | total = 4.4185 | box = 0.5924 | obj = 1.4220 | cls = 0.0347 | lr = 0.000053
epoch 027 | step 0400 | total = 3.9435 | box = 0.5120 | obj = 1.3410 | cls = 0.0422 | lr = 0.000053
epoch 027 | step 0420 | total = 2.6175 | box = 0.3141 | obj = 1.0054 | cls = 0.0415 | lr = 0.000053
epoch 027 | step 0440 | total = 3.3745 | box = 0.3971 | obj = 1.3441 | cls = 0.0451 | lr = 0.000053
epoch 027 | step 0460 | total = 4.0321 | box = 0.5417 | obj = 1.2820 | cls = 0.0417 | lr = 0.000053
epoch 027 | step 0480 | total = 4.3594 | box = 0.5949 | obj = 1.3530 | cls = 0.0317 | lr = 0.000053
epoch 027 | step 0500 | total = 4.0382 | box = 0.5292 | obj = 1.3353 | cls = 0.0568 | lr = 0.000053
epoch 027 | step 0520 | total = 3.5586 | box = 0.4358 | obj = 1.3402 | cls = 0.0392 | lr = 0.000053
epoch 027 | step 0540 | total = 4.7825 | box = 0.6692 | obj = 1.3996 | cls = 0.0370 | lr = 0.000053
epoch 027 | step 0560 | total = 3.3636 | box = 0.4210 | obj = 1.2218 | cls = 0.0370 | lr = 0.000053
epoch 027 | step 0580 | total = 4.2314 | box = 0.5426 | obj = 1.4778 | cls = 0.0403 | lr = 0.000053
epoch 027 | step 0600 | total = 3.8221 | box = 0.5160 | obj = 1.2015 | cls = 0.0406 | lr = 0.000053
epoch 027 | step 0620 | total = 3.5623 | box = 0.4369 | obj = 1.3360 | cls = 0.0420 | lr = 0.000053
epoch 027 | step 0640 | total = 3.7058 | box = 0.4772 | obj = 1.2784 | cls = 0.0412 | lr = 0.000053
epoch 027 | step 0660 | total = 3.8083 | box = 0.5103 | obj = 1.2253 | cls = 0.0316 | lr = 0.000053
epoch 027 | step 0680 | total = 3.5977 | box = 0.4587 | obj = 1.2629 | cls = 0.0414 | lr = 0.000053
epoch 027 | step 0700 | total = 3.3613 | box = 0.4100 | obj = 1.2739 | cls = 0.0375 | lr = 0.000053
epoch 027 | step 0720 | total = 4.6259 | box = 0.6714 | obj = 1.2400 | cls = 0.0291 | lr = 0.000053
epoch 027 | step 0740 | total = 3.8660 | box = 0.5004 | obj = 1.3257 | cls = 0.0384 | lr = 0.000053
epoch 027 | step 0760 | total = 3.3826 | box = 0.4118 | obj = 1.2837 | cls = 0.0399 | lr = 0.000053
epoch 027 | step 0780 | total = 4.3392 | box = 0.5930 | obj = 1.3420 | cls = 0.0324 | lr = 0.000053
epoch 027 | step 0800 | total = 3.4837 | box = 0.4510 | obj = 1.1877 | cls = 0.0407 | lr = 0.000053
epoch 027 | step 0820 | total = 3.9915 | box = 0.5192 | obj = 1.3556 | cls = 0.0399 | lr = 0.000053
epoch 027 | step 0840 | total = 3.0953 | box = 0.3744 | obj = 1.1847 | cls = 0.0386 | lr = 0.000053
epoch 027 | step 0860 | total = 3.8807 | box = 0.5128 | obj = 1.2793 | cls = 0.0374 | lr = 0.000053
epoch 027 | step 0880 | total = 3.9473 | box = 0.5093 | obj = 1.3534 | cls = 0.0475 | lr = 0.000053
epoch 027 | step 0900 | total = 3.5263 | box = 0.4295 | obj = 1.3423 | cls = 0.0367 | lr = 0.000053
epoch 027 | step 0920 | total = 3.8949 | box = 0.5033 | obj = 1.3448 | cls = 0.0334 | lr = 0.000053
[epoch 027 train] total = 3.7301 | box = 0.4816 | obj = 1.2826 | cls = 0.0397 | steps = 925 | global_batches = 7400 | samples = 118288 | time = 815.4s
[epoch 027 val] total = 4.7552 | box = 0.6184 | obj = 1.6209 | cls = 0.0423 | steps = 40 | global_batches = 320 | samples = 5000 | time = 24.3s
epoch 028 | step 0001 | total = 3.9959 | box = 0.5148 | obj = 1.3699 | cls = 0.0522 | lr = 0.000034
epoch 028 | step 0020 | total = 2.9681 | box = 0.3509 | obj = 1.1728 | cls = 0.0410 | lr = 0.000034
epoch 028 | step 0040 | total = 4.3089 | box = 0.5631 | obj = 1.4511 | cls = 0.0423 | lr = 0.000034
epoch 028 | step 0060 | total = 3.5984 | box = 0.4530 | obj = 1.3029 | cls = 0.0304 | lr = 0.000034
epoch 028 | step 0080 | total = 3.5822 | box = 0.4582 | obj = 1.2564 | cls = 0.0348 | lr = 0.000034
epoch 028 | step 0100 | total = 4.4678 | box = 0.6108 | obj = 1.3792 | cls = 0.0349 | lr = 0.000034
epoch 028 | step 0120 | total = 4.0309 | box = 0.5269 | obj = 1.3541 | cls = 0.0422 | lr = 0.000034
epoch 028 | step 0140 | total = 3.7208 | box = 0.4818 | obj = 1.2741 | cls = 0.0377 | lr = 0.000034
epoch 028 | step 0160 | total = 3.1149 | box = 0.3721 | obj = 1.2133 | cls = 0.0411 | lr = 0.000034
epoch 028 | step 0180 | total = 3.9297 | box = 0.5136 | obj = 1.3196 | cls = 0.0420 | lr = 0.000034
epoch 028 | step 0200 | total = 4.1140 | box = 0.5694 | obj = 1.2338 | cls = 0.0332 | lr = 0.000034
epoch 028 | step 0220 | total = 3.3213 | box = 0.3963 | obj = 1.3017 | cls = 0.0381 | lr = 0.000034
epoch 028 | step 0240 | total = 3.2495 | box = 0.4090 | obj = 1.1671 | cls = 0.0373 | lr = 0.000034
epoch 028 | step 0260 | total = 3.5177 | box = 0.4649 | obj = 1.1625 | cls = 0.0304 | lr = 0.000034
epoch 028 | step 0280 | total = 3.4372 | box = 0.4150 | obj = 1.3096 | cls = 0.0528 | lr = 0.000034
epoch 028 | step 0300 | total = 3.6345 | box = 0.4703 | obj = 1.2407 | cls = 0.0425 | lr = 0.000034
epoch 028 | step 0320 | total = 4.1131 | box = 0.5379 | obj = 1.3877 | cls = 0.0359 | lr = 0.000034
epoch 028 | step 0340 | total = 3.2927 | box = 0.4184 | obj = 1.1634 | cls = 0.0374 | lr = 0.000034
epoch 028 | step 0360 | total = 3.6898 | box = 0.4722 | obj = 1.2920 | cls = 0.0369 | lr = 0.000034
epoch 028 | step 0380 | total = 3.7839 | box = 0.4973 | obj = 1.2545 | cls = 0.0426 | lr = 0.000034
epoch 028 | step 0400 | total = 3.8878 | box = 0.5010 | obj = 1.3509 | cls = 0.0319 | lr = 0.000034
epoch 028 | step 0420 | total = 3.9083 | box = 0.5125 | obj = 1.3114 | cls = 0.0344 | lr = 0.000034
epoch 028 | step 0440 | total = 3.8969 | box = 0.4965 | obj = 1.3771 | cls = 0.0373 | lr = 0.000034
epoch 028 | step 0460 | total = 4.2233 | box = 0.5588 | obj = 1.3863 | cls = 0.0432 | lr = 0.000034
epoch 028 | step 0480 | total = 3.0384 | box = 0.3609 | obj = 1.1927 | cls = 0.0413 | lr = 0.000034
epoch 028 | step 0500 | total = 4.0518 | box = 0.5559 | obj = 1.2341 | cls = 0.0384 | lr = 0.000034
epoch 028 | step 0520 | total = 3.4493 | box = 0.4519 | obj = 1.1577 | cls = 0.0318 | lr = 0.000034
epoch 028 | step 0540 | total = 2.7434 | box = 0.3241 | obj = 1.0815 | cls = 0.0414 | lr = 0.000034
epoch 028 | step 0560 | total = 4.1861 | box = 0.5694 | obj = 1.2961 | cls = 0.0429 | lr = 0.000034
epoch 028 | step 0580 | total = 3.9299 | box = 0.5276 | obj = 1.2555 | cls = 0.0363 | lr = 0.000034
epoch 028 | step 0600 | total = 4.2367 | box = 0.5618 | obj = 1.3924 | cls = 0.0356 | lr = 0.000034
epoch 028 | step 0620 | total = 4.2076 | box = 0.6047 | obj = 1.1517 | cls = 0.0322 | lr = 0.000034
epoch 028 | step 0640 | total = 3.9876 | box = 0.5091 | obj = 1.3992 | cls = 0.0430 | lr = 0.000034
epoch 028 | step 0660 | total = 3.9227 | box = 0.5078 | obj = 1.3439 | cls = 0.0399 | lr = 0.000034
epoch 028 | step 0680 | total = 3.1228 | box = 0.3777 | obj = 1.1985 | cls = 0.0356 | lr = 0.000034
epoch 028 | step 0700 | total = 4.0608 | box = 0.5435 | obj = 1.3080 | cls = 0.0355 | lr = 0.000034
epoch 028 | step 0720 | total = 3.1694 | box = 0.3980 | obj = 1.1470 | cls = 0.0321 | lr = 0.000034
epoch 028 | step 0740 | total = 4.4000 | box = 0.6173 | obj = 1.2845 | cls = 0.0291 | lr = 0.000034
epoch 028 | step 0760 | total = 3.5310 | box = 0.4780 | obj = 1.1074 | cls = 0.0335 | lr = 0.000034
epoch 028 | step 0780 | total = 4.2428 | box = 0.5651 | obj = 1.3788 | cls = 0.0385 | lr = 0.000034
epoch 028 | step 0800 | total = 3.5589 | box = 0.4555 | obj = 1.2423 | cls = 0.0391 | lr = 0.000034
epoch 028 | step 0820 | total = 4.3877 | box = 0.6014 | obj = 1.3535 | cls = 0.0273 | lr = 0.000034
epoch 028 | step 0840 | total = 3.2909 | box = 0.4013 | obj = 1.2403 | cls = 0.0443 | lr = 0.000034
epoch 028 | step 0860 | total = 4.1217 | box = 0.5512 | obj = 1.3278 | cls = 0.0380 | lr = 0.000034
epoch 028 | step 0880 | total = 3.3280 | box = 0.4102 | obj = 1.2346 | cls = 0.0425 | lr = 0.000034
epoch 028 | step 0900 | total = 4.2228 | box = 0.5674 | obj = 1.3511 | cls = 0.0346 | lr = 0.000034
epoch 028 | step 0920 | total = 3.7641 | box = 0.4928 | obj = 1.2614 | cls = 0.0385 | lr = 0.000034
[epoch 028 train] total = 3.6990 | box = 0.4773 | obj = 1.2731 | cls = 0.0396 | steps = 925 | global_batches = 7400 | samples = 118288 | time = 817.6s
[epoch 028 val] total = 4.7562 | box = 0.6181 | obj = 1.6236 | cls = 0.0423 | steps = 40 | global_batches = 320 | samples = 5000 | time = 24.3s
epoch 029 | step 0001 | total = 2.9378 | box = 0.3526 | obj = 1.1351 | cls = 0.0397 | lr = 0.000021
epoch 029 | step 0020 | total = 3.8279 | box = 0.4903 | obj = 1.3346 | cls = 0.0417 | lr = 0.000021
epoch 029 | step 0040 | total = 3.2607 | box = 0.3973 | obj = 1.2297 | cls = 0.0444 | lr = 0.000021
epoch 029 | step 0060 | total = 4.0839 | box = 0.5533 | obj = 1.2728 | cls = 0.0448 | lr = 0.000021
epoch 029 | step 0080 | total = 3.7503 | box = 0.4947 | obj = 1.2382 | cls = 0.0387 | lr = 0.000021
epoch 029 | step 0100 | total = 3.7564 | box = 0.4828 | obj = 1.2963 | cls = 0.0462 | lr = 0.000021
epoch 029 | step 0120 | total = 4.2415 | box = 0.5765 | obj = 1.3260 | cls = 0.0330 | lr = 0.000021
epoch 029 | step 0140 | total = 3.5671 | box = 0.4525 | obj = 1.2483 | cls = 0.0562 | lr = 0.000021
epoch 029 | step 0160 | total = 3.8077 | box = 0.4799 | obj = 1.3732 | cls = 0.0351 | lr = 0.000021
epoch 029 | step 0180 | total = 3.9299 | box = 0.5227 | obj = 1.2778 | cls = 0.0386 | lr = 0.000021
epoch 029 | step 0200 | total = 3.9625 | box = 0.5358 | obj = 1.2469 | cls = 0.0365 | lr = 0.000021
epoch 029 | step 0220 | total = 3.3153 | box = 0.4206 | obj = 1.1699 | cls = 0.0424 | lr = 0.000021
epoch 029 | step 0240 | total = 3.2237 | box = 0.4020 | obj = 1.1721 | cls = 0.0414 | lr = 0.000021
epoch 029 | step 0260 | total = 3.4783 | box = 0.4294 | obj = 1.2905 | cls = 0.0405 | lr = 0.000021
epoch 029 | step 0280 | total = 4.1170 | box = 0.5799 | obj = 1.1779 | cls = 0.0397 | lr = 0.000021
epoch 029 | step 0300 | total = 2.9051 | box = 0.3366 | obj = 1.1839 | cls = 0.0382 | lr = 0.000021
epoch 029 | step 0320 | total = 3.3264 | box = 0.4221 | obj = 1.1816 | cls = 0.0341 | lr = 0.000021
epoch 029 | step 0340 | total = 4.5894 | box = 0.6525 | obj = 1.2931 | cls = 0.0338 | lr = 0.000021
epoch 029 | step 0360 | total = 3.7677 | box = 0.4725 | obj = 1.3665 | cls = 0.0386 | lr = 0.000021
epoch 029 | step 0380 | total = 3.8693 | box = 0.5030 | obj = 1.3221 | cls = 0.0322 | lr = 0.000021
epoch 029 | step 0400 | total = 3.7306 | box = 0.4672 | obj = 1.3431 | cls = 0.0516 | lr = 0.000021
epoch 029 | step 0420 | total = 3.6616 | box = 0.4859 | obj = 1.1925 | cls = 0.0398 | lr = 0.000021
epoch 029 | step 0440 | total = 4.3326 | box = 0.5805 | obj = 1.3857 | cls = 0.0446 | lr = 0.000021
epoch 029 | step 0460 | total = 3.3985 | box = 0.4383 | obj = 1.1762 | cls = 0.0306 | lr = 0.000021
epoch 029 | step 0480 | total = 3.0895 | box = 0.3652 | obj = 1.2159 | cls = 0.0475 | lr = 0.000021
epoch 029 | step 0500 | total = 3.9333 | box = 0.5104 | obj = 1.3385 | cls = 0.0425 | lr = 0.000021
epoch 029 | step 0520 | total = 3.3082 | box = 0.4134 | obj = 1.2001 | cls = 0.0412 | lr = 0.000021
epoch 029 | step 0540 | total = 3.8359 | box = 0.4998 | obj = 1.3044 | cls = 0.0326 | lr = 0.000021
epoch 029 | step 0560 | total = 4.2987 | box = 0.5857 | obj = 1.3392 | cls = 0.0308 | lr = 0.000021
epoch 029 | step 0580 | total = 3.8766 | box = 0.5125 | obj = 1.2813 | cls = 0.0327 | lr = 0.000021
epoch 029 | step 0600 | total = 3.8323 | box = 0.5106 | obj = 1.2518 | cls = 0.0274 | lr = 0.000021
epoch 029 | step 0620 | total = 4.3314 | box = 0.5805 | obj = 1.3858 | cls = 0.0431 | lr = 0.000021
epoch 029 | step 0640 | total = 3.5442 | box = 0.4600 | obj = 1.2103 | cls = 0.0340 | lr = 0.000021
epoch 029 | step 0660 | total = 3.6680 | box = 0.4735 | obj = 1.2675 | cls = 0.0332 | lr = 0.000021
epoch 029 | step 0680 | total = 3.8992 | box = 0.5241 | obj = 1.2438 | cls = 0.0348 | lr = 0.000021
epoch 029 | step 0700 | total = 3.6941 | box = 0.4621 | obj = 1.3356 | cls = 0.0480 | lr = 0.000021
epoch 029 | step 0720 | total = 3.8226 | box = 0.4918 | obj = 1.3186 | cls = 0.0449 | lr = 0.000021
epoch 029 | step 0740 | total = 3.2692 | box = 0.3980 | obj = 1.2412 | cls = 0.0379 | lr = 0.000021
epoch 029 | step 0760 | total = 3.6058 | box = 0.4510 | obj = 1.3151 | cls = 0.0357 | lr = 0.000021
epoch 029 | step 0780 | total = 3.9491 | box = 0.5107 | obj = 1.3546 | cls = 0.0410 | lr = 0.000021
epoch 029 | step 0800 | total = 4.3403 | box = 0.5866 | obj = 1.3630 | cls = 0.0441 | lr = 0.000021
epoch 029 | step 0820 | total = 5.0153 | box = 0.7251 | obj = 1.3534 | cls = 0.0365 | lr = 0.000021
epoch 029 | step 0840 | total = 3.4790 | box = 0.4536 | obj = 1.1730 | cls = 0.0379 | lr = 0.000021
epoch 029 | step 0860 | total = 4.0936 | box = 0.5521 | obj = 1.2983 | cls = 0.0347 | lr = 0.000021
epoch 029 | step 0880 | total = 3.7724 | box = 0.4788 | obj = 1.3298 | cls = 0.0487 | lr = 0.000021
epoch 029 | step 0900 | total = 3.8442 | box = 0.5066 | obj = 1.2765 | cls = 0.0349 | lr = 0.000021
epoch 029 | step 0920 | total = 3.9557 | box = 0.5196 | obj = 1.3228 | cls = 0.0351 | lr = 0.000021
[epoch 029 train] total = 3.6789 | box = 0.4744 | obj = 1.2672 | cls = 0.0395 | steps = 925 | global_batches = 7400 | samples = 118288 | time = 817.5s
[epoch 029 val] total = 4.7919 | box = 0.6185 | obj = 1.6573 | cls = 0.0423 | steps = 40 | global_batches = 320 | samples = 5000 | time = 24.6s
epoch 030 | step 0001 | total = 3.6152 | box = 0.4365 | obj = 1.3985 | cls = 0.0340 | lr = 0.000013
epoch 030 | step 0020 | total = 3.1456 | box = 0.3919 | obj = 1.1524 | cls = 0.0337 | lr = 0.000013
epoch 030 | step 0040 | total = 3.6495 | box = 0.4747 | obj = 1.2372 | cls = 0.0388 | lr = 0.000013
epoch 030 | step 0060 | total = 3.5679 | box = 0.4670 | obj = 1.1836 | cls = 0.0495 | lr = 0.000013
epoch 030 | step 0080 | total = 4.1897 | box = 0.5694 | obj = 1.3086 | cls = 0.0342 | lr = 0.000013
epoch 030 | step 0100 | total = 3.4441 | box = 0.4220 | obj = 1.2904 | cls = 0.0439 | lr = 0.000013
epoch 030 | step 0120 | total = 3.3950 | box = 0.4112 | obj = 1.3051 | cls = 0.0339 | lr = 0.000013
epoch 030 | step 0140 | total = 4.2734 | box = 0.5646 | obj = 1.4175 | cls = 0.0328 | lr = 0.000013
epoch 030 | step 0160 | total = 3.8919 | box = 0.5010 | obj = 1.3480 | cls = 0.0389 | lr = 0.000013
epoch 030 | step 0180 | total = 2.7980 | box = 0.3372 | obj = 1.0764 | cls = 0.0354 | lr = 0.000013
epoch 030 | step 0200 | total = 3.6725 | box = 0.4808 | obj = 1.2345 | cls = 0.0341 | lr = 0.000013
epoch 030 | step 0220 | total = 2.7660 | box = 0.3279 | obj = 1.0854 | cls = 0.0409 | lr = 0.000013
epoch 030 | step 0240 | total = 3.0569 | box = 0.3610 | obj = 1.2145 | cls = 0.0375 | lr = 0.000013
epoch 030 | step 0260 | total = 3.6027 | box = 0.4634 | obj = 1.2378 | cls = 0.0479 | lr = 0.000013
epoch 030 | step 0280 | total = 3.7928 | box = 0.5095 | obj = 1.2063 | cls = 0.0392 | lr = 0.000013
epoch 030 | step 0300 | total = 4.1914 | box = 0.5333 | obj = 1.4905 | cls = 0.0343 | lr = 0.000013
epoch 030 | step 0320 | total = 4.3882 | box = 0.6155 | obj = 1.2700 | cls = 0.0406 | lr = 0.000013
epoch 030 | step 0340 | total = 3.6193 | box = 0.4464 | obj = 1.3365 | cls = 0.0511 | lr = 0.000013
epoch 030 | step 0360 | total = 3.5171 | box = 0.4333 | obj = 1.3098 | cls = 0.0408 | lr = 0.000013
epoch 030 | step 0380 | total = 3.9587 | box = 0.5244 | obj = 1.2962 | cls = 0.0406 | lr = 0.000013
epoch 030 | step 0400 | total = 4.0969 | box = 0.5633 | obj = 1.2388 | cls = 0.0417 | lr = 0.000013
epoch 030 | step 0420 | total = 3.6939 | box = 0.4702 | obj = 1.2948 | cls = 0.0483 | lr = 0.000013
epoch 030 | step 0440 | total = 3.6694 | box = 0.4505 | obj = 1.3826 | cls = 0.0343 | lr = 0.000013
epoch 030 | step 0460 | total = 4.1157 | box = 0.5399 | obj = 1.3719 | cls = 0.0442 | lr = 0.000013
epoch 030 | step 0480 | total = 3.3066 | box = 0.4007 | obj = 1.2611 | cls = 0.0419 | lr = 0.000013
epoch 030 | step 0500 | total = 3.3193 | box = 0.4069 | obj = 1.2449 | cls = 0.0400 | lr = 0.000013
epoch 030 | step 0520 | total = 4.4153 | box = 0.6095 | obj = 1.3277 | cls = 0.0402 | lr = 0.000013
epoch 030 | step 0540 | total = 4.0297 | box = 0.5104 | obj = 1.4415 | cls = 0.0363 | lr = 0.000013
epoch 030 | step 0560 | total = 3.8389 | box = 0.4998 | obj = 1.2951 | cls = 0.0450 | lr = 0.000013
epoch 030 | step 0580 | total = 4.1302 | box = 0.5888 | obj = 1.1538 | cls = 0.0325 | lr = 0.000013
epoch 030 | step 0600 | total = 3.0658 | box = 0.3583 | obj = 1.2408 | cls = 0.0332 | lr = 0.000013
epoch 030 | step 0620 | total = 4.4237 | box = 0.6224 | obj = 1.2742 | cls = 0.0377 | lr = 0.000013
epoch 030 | step 0640 | total = 4.2705 | box = 0.5840 | obj = 1.3066 | cls = 0.0439 | lr = 0.000013
epoch 030 | step 0660 | total = 4.1649 | box = 0.5462 | obj = 1.3994 | cls = 0.0346 | lr = 0.000013
epoch 030 | step 0680 | total = 3.4498 | box = 0.4333 | obj = 1.2463 | cls = 0.0369 | lr = 0.000013
epoch 030 | step 0700 | total = 3.2512 | box = 0.4056 | obj = 1.1855 | cls = 0.0376 | lr = 0.000013
epoch 030 | step 0720 | total = 3.7535 | box = 0.4625 | obj = 1.4002 | cls = 0.0408 | lr = 0.000013
epoch 030 | step 0740 | total = 3.4813 | box = 0.4475 | obj = 1.2028 | cls = 0.0411 | lr = 0.000013
epoch 030 | step 0760 | total = 3.1566 | box = 0.3940 | obj = 1.1438 | cls = 0.0426 | lr = 0.000013
epoch 030 | step 0780 | total = 3.5978 | box = 0.4763 | obj = 1.1833 | cls = 0.0329 | lr = 0.000013
epoch 030 | step 0800 | total = 2.8027 | box = 0.3204 | obj = 1.1508 | cls = 0.0499 | lr = 0.000013
epoch 030 | step 0820 | total = 4.3386 | box = 0.6049 | obj = 1.2739 | cls = 0.0403 | lr = 0.000013
epoch 030 | step 0840 | total = 4.2109 | box = 0.5875 | obj = 1.2405 | cls = 0.0328 | lr = 0.000013
epoch 030 | step 0860 | total = 3.4047 | box = 0.4325 | obj = 1.2068 | cls = 0.0353 | lr = 0.000013
epoch 030 | step 0880 | total = 3.6748 | box = 0.4571 | obj = 1.3462 | cls = 0.0429 | lr = 0.000013
epoch 030 | step 0900 | total = 4.1344 | box = 0.5737 | obj = 1.2319 | cls = 0.0343 | lr = 0.000013
epoch 030 | step 0920 | total = 4.0025 | box = 0.5299 | obj = 1.3143 | cls = 0.0387 | lr = 0.000013
[epoch 030 train] total = 3.6651 | box = 0.4724 | obj = 1.2634 | cls = 0.0395 | steps = 925 | global_batches = 7400 | samples = 118288 | time = 819.8s
[epoch 030 val] total = 4.7576 | box = 0.6178 | obj = 1.6261 | cls = 0.0424 | steps = 40 | global_batches = 320 | samples = 5000 | time = 24.4s
training status: completed
result summary: logs/records/dual_scale_three_box_coco_only_noobj1_416_k6_ddp_20260501_024802/result.txt
