W0501 14:04:13.274000 248527 site-packages/torch/distributed/run.py:851] 
W0501 14:04:13.274000 248527 site-packages/torch/distributed/run.py:851] *****************************************
W0501 14:04:13.274000 248527 site-packages/torch/distributed/run.py:851] Setting OMP_NUM_THREADS environment variable for each process to be 1 in default, to avoid your system being overloaded, please further tune the variable for optimal performance in your application as needed. 
W0501 14:04:13.274000 248527 site-packages/torch/distributed/run.py:851] *****************************************
DDP mode: ignoring train.use_data_parallel from config.
dataset storage train: pt | index = /home/lidz/YOLO/DataSet/Unified/packed/pt/coco2017_train/chunk_1024/index.json | chunks = 116 | samples = 118287 | chunk_size = 1024
dataset storage val: pt | index = /home/lidz/YOLO/DataSet/Unified/packed/pt/coco2017_val/chunk_1024/index.json | chunks = 5 | samples = 5000 | chunk_size = 1024
/home/lidz/miniconda3/envs/yolov1/lib/python3.10/site-packages/torch/distributed/c10d_logger.py:83: UserWarning: barrier(): using the device under current context. You can specify `device_id` in `init_process_group` to mute this warning.
  return func(*args, **kwargs)
DDP configured global batch size: 128
DDP per-rank batch size: 16
DDP effective global batch size: 128
DDP configured workers: 64
DDP per-rank workers: 8
starting yolov0 DDP training
run id: dual_scale_three_box_coco_only_noobj1_416_p3p4p5_k9_ddp_20260501_140417
device: cuda:0
backend: nccl
world size: 8
train dataset length: 118287
val dataset length: 5000
model output shape: {'p3': (1, 52, 52, 255), 'p4': (1, 26, 26, 255), 'p5': (1, 13, 13, 255)}
parameter total: 41451613
parameter trainable: 41451613
tensorboard dir: runs/dual_scale_three_box_coco_only_noobj1_416_p3p4p5_k9_ddp_20260501_140417
output dir: outputs/dual_scale_three_box_coco_only_noobj1_416_p3p4p5_k9_ddp_20260501_140417
epoch 001 | step 0001 | total = 16.6364 | box = 2.0739 | obj = 4.1024 | cls = 2.1644 | lr = 0.001000
epoch 001 | step 0020 | total = 12.1921 | box = 1.7601 | obj = 3.0633 | cls = 0.3282 | lr = 0.001000
epoch 001 | step 0040 | total = 11.0468 | box = 1.5680 | obj = 3.0795 | cls = 0.1273 | lr = 0.001000
epoch 001 | step 0060 | total = 11.6989 | box = 1.6914 | obj = 3.1199 | cls = 0.1221 | lr = 0.001000
epoch 001 | step 0080 | total = 12.1183 | box = 1.8213 | obj = 2.9140 | cls = 0.0976 | lr = 0.001000
epoch 001 | step 0100 | total = 11.3738 | box = 1.6830 | obj = 2.8681 | cls = 0.0905 | lr = 0.001000
epoch 001 | step 0120 | total = 11.6617 | box = 1.7174 | obj = 2.9866 | cls = 0.0880 | lr = 0.001000
epoch 001 | step 0140 | total = 10.6026 | box = 1.4913 | obj = 3.0510 | cls = 0.0953 | lr = 0.001000
epoch 001 | step 0160 | total = 10.5381 | box = 1.4607 | obj = 3.1224 | cls = 0.1122 | lr = 0.001000
epoch 001 | step 0180 | total = 10.5128 | box = 1.4516 | obj = 3.1467 | cls = 0.1080 | lr = 0.001000
epoch 001 | step 0200 | total = 10.3726 | box = 1.4413 | obj = 3.0668 | cls = 0.0991 | lr = 0.001000
epoch 001 | step 0220 | total = 9.9935 | box = 1.3390 | obj = 3.1940 | cls = 0.1047 | lr = 0.001000
epoch 001 | step 0240 | total = 10.6654 | box = 1.5405 | obj = 2.8649 | cls = 0.0981 | lr = 0.001000
epoch 001 | step 0260 | total = 10.5483 | box = 1.4956 | obj = 2.9780 | cls = 0.0924 | lr = 0.001000
epoch 001 | step 0280 | total = 10.7682 | box = 1.5498 | obj = 2.9342 | cls = 0.0852 | lr = 0.001000
epoch 001 | step 0300 | total = 11.0783 | box = 1.6286 | obj = 2.8373 | cls = 0.0980 | lr = 0.001000
epoch 001 | step 0320 | total = 10.2382 | box = 1.4182 | obj = 3.0524 | cls = 0.0947 | lr = 0.001000
epoch 001 | step 0340 | total = 10.0767 | box = 1.3872 | obj = 3.0425 | cls = 0.0983 | lr = 0.001000
epoch 001 | step 0360 | total = 10.4852 | box = 1.4926 | obj = 2.9340 | cls = 0.0882 | lr = 0.001000
epoch 001 | step 0380 | total = 9.4949 | box = 1.2664 | obj = 3.0448 | cls = 0.1180 | lr = 0.001000
epoch 001 | step 0400 | total = 9.4092 | box = 1.2610 | obj = 2.9984 | cls = 0.1058 | lr = 0.001000
epoch 001 | step 0420 | total = 10.8394 | box = 1.5681 | obj = 2.9075 | cls = 0.0911 | lr = 0.001000
epoch 001 | step 0440 | total = 10.0125 | box = 1.4206 | obj = 2.8087 | cls = 0.1006 | lr = 0.001000
epoch 001 | step 0460 | total = 11.3016 | box = 1.6974 | obj = 2.7332 | cls = 0.0813 | lr = 0.001000
epoch 001 | step 0480 | total = 11.2703 | box = 1.6808 | obj = 2.7860 | cls = 0.0803 | lr = 0.001000
epoch 001 | step 0500 | total = 10.6405 | box = 1.5402 | obj = 2.8534 | cls = 0.0860 | lr = 0.001000
epoch 001 | step 0520 | total = 10.1066 | box = 1.4017 | obj = 2.9986 | cls = 0.0994 | lr = 0.001000
epoch 001 | step 0540 | total = 10.0478 | box = 1.3918 | obj = 2.9865 | cls = 0.1024 | lr = 0.001000
epoch 001 | step 0560 | total = 9.3456 | box = 1.2597 | obj = 2.9549 | cls = 0.0920 | lr = 0.001000
epoch 001 | step 0580 | total = 10.4684 | box = 1.5211 | obj = 2.7752 | cls = 0.0878 | lr = 0.001000
epoch 001 | step 0600 | total = 10.7641 | box = 1.5784 | obj = 2.7908 | cls = 0.0814 | lr = 0.001000
epoch 001 | step 0620 | total = 9.8705 | box = 1.3557 | obj = 3.0024 | cls = 0.0894 | lr = 0.001000
epoch 001 | step 0640 | total = 8.7823 | box = 1.1676 | obj = 2.8565 | cls = 0.0877 | lr = 0.001000
epoch 001 | step 0660 | total = 9.6666 | box = 1.3350 | obj = 2.8943 | cls = 0.0972 | lr = 0.001000
epoch 001 | step 0680 | total = 9.4076 | box = 1.2561 | obj = 3.0256 | cls = 0.1017 | lr = 0.001000
epoch 001 | step 0700 | total = 9.3389 | box = 1.2538 | obj = 2.9763 | cls = 0.0938 | lr = 0.001000
epoch 001 | step 0720 | total = 9.7332 | box = 1.3570 | obj = 2.8561 | cls = 0.0920 | lr = 0.001000
epoch 001 | step 0740 | total = 9.2401 | box = 1.2706 | obj = 2.7921 | cls = 0.0952 | lr = 0.001000
epoch 001 | step 0760 | total = 8.9800 | box = 1.2140 | obj = 2.7999 | cls = 0.1099 | lr = 0.001000
epoch 001 | step 0780 | total = 9.1215 | box = 1.1812 | obj = 3.1126 | cls = 0.1028 | lr = 0.001000
epoch 001 | step 0800 | total = 7.8142 | box = 0.9877 | obj = 2.7613 | cls = 0.1146 | lr = 0.001000
epoch 001 | step 0820 | total = 8.8839 | box = 1.1569 | obj = 2.9933 | cls = 0.1062 | lr = 0.001000
epoch 001 | step 0840 | total = 8.6291 | box = 1.0694 | obj = 3.1661 | cls = 0.1161 | lr = 0.001000
epoch 001 | step 0860 | total = 8.9829 | box = 1.2425 | obj = 2.6875 | cls = 0.0830 | lr = 0.001000
epoch 001 | step 0880 | total = 9.0309 | box = 1.1738 | obj = 3.0598 | cls = 0.1023 | lr = 0.001000
epoch 001 | step 0900 | total = 9.2751 | box = 1.2751 | obj = 2.8211 | cls = 0.0784 | lr = 0.001000
epoch 001 | step 0920 | total = 9.8504 | box = 1.3796 | obj = 2.8663 | cls = 0.0859 | lr = 0.001000
[epoch 001 train] total = 10.3115 | box = 1.4530 | obj = 2.9302 | cls = 0.1164 | steps = 925 | global_batches = 7400 | samples = 118288 | time = 1083.0s
[epoch 001 val] total = 9.5606 | box = 1.3170 | obj = 2.8817 | cls = 0.0938 | steps = 40 | global_batches = 320 | samples = 5000 | time = 38.1s
epoch 002 | step 0001 | total = 8.6393 | box = 1.1223 | obj = 2.9400 | cls = 0.0879 | lr = 0.000997
epoch 002 | step 0020 | total = 8.9081 | box = 1.2082 | obj = 2.7840 | cls = 0.0832 | lr = 0.000997
epoch 002 | step 0040 | total = 9.9179 | box = 1.4078 | obj = 2.7907 | cls = 0.0881 | lr = 0.000997
epoch 002 | step 0060 | total = 9.9217 | box = 1.4383 | obj = 2.6498 | cls = 0.0806 | lr = 0.000997
epoch 002 | step 0080 | total = 9.3883 | box = 1.2959 | obj = 2.8109 | cls = 0.0978 | lr = 0.000997
epoch 002 | step 0100 | total = 8.4031 | box = 1.1261 | obj = 2.6887 | cls = 0.0841 | lr = 0.000997
epoch 002 | step 0120 | total = 9.0353 | box = 1.2326 | obj = 2.7856 | cls = 0.0868 | lr = 0.000997
epoch 002 | step 0140 | total = 9.0909 | box = 1.2706 | obj = 2.6454 | cls = 0.0927 | lr = 0.000997
epoch 002 | step 0160 | total = 9.9087 | box = 1.4034 | obj = 2.8029 | cls = 0.0889 | lr = 0.000997
epoch 002 | step 0180 | total = 8.3594 | box = 1.1050 | obj = 2.7288 | cls = 0.1055 | lr = 0.000997
epoch 002 | step 0200 | total = 9.5261 | box = 1.2982 | obj = 2.9364 | cls = 0.0986 | lr = 0.000997
epoch 002 | step 0220 | total = 9.0034 | box = 1.2201 | obj = 2.8242 | cls = 0.0788 | lr = 0.000997
epoch 002 | step 0240 | total = 8.2059 | box = 1.0425 | obj = 2.8765 | cls = 0.1168 | lr = 0.000997
epoch 002 | step 0260 | total = 9.5668 | box = 1.3547 | obj = 2.7021 | cls = 0.0912 | lr = 0.000997
epoch 002 | step 0280 | total = 9.7858 | box = 1.4024 | obj = 2.6900 | cls = 0.0840 | lr = 0.000997
epoch 002 | step 0300 | total = 9.4501 | box = 1.3210 | obj = 2.7528 | cls = 0.0921 | lr = 0.000997
epoch 002 | step 0320 | total = 9.2133 | box = 1.2773 | obj = 2.7370 | cls = 0.0899 | lr = 0.000997
epoch 002 | step 0340 | total = 9.3266 | box = 1.2084 | obj = 3.1830 | cls = 0.1016 | lr = 0.000997
epoch 002 | step 0360 | total = 8.1416 | box = 1.0772 | obj = 2.6643 | cls = 0.0913 | lr = 0.000997
epoch 002 | step 0380 | total = 9.4624 | box = 1.3548 | obj = 2.6010 | cls = 0.0876 | lr = 0.000997
epoch 002 | step 0400 | total = 9.6795 | box = 1.3713 | obj = 2.7385 | cls = 0.0843 | lr = 0.000997
epoch 002 | step 0420 | total = 8.1689 | box = 1.0746 | obj = 2.6920 | cls = 0.1036 | lr = 0.000997
epoch 002 | step 0440 | total = 8.8554 | box = 1.1716 | obj = 2.9129 | cls = 0.0843 | lr = 0.000997
epoch 002 | step 0460 | total = 9.4493 | box = 1.3310 | obj = 2.7019 | cls = 0.0925 | lr = 0.000997
epoch 002 | step 0480 | total = 7.8730 | box = 1.0337 | obj = 2.6107 | cls = 0.0938 | lr = 0.000997
epoch 002 | step 0500 | total = 7.9909 | box = 1.0301 | obj = 2.7369 | cls = 0.1032 | lr = 0.000997
epoch 002 | step 0520 | total = 8.6574 | box = 1.1619 | obj = 2.7550 | cls = 0.0927 | lr = 0.000997
epoch 002 | step 0540 | total = 9.7545 | box = 1.4287 | obj = 2.5364 | cls = 0.0744 | lr = 0.000997
epoch 002 | step 0560 | total = 8.7022 | box = 1.1555 | obj = 2.8320 | cls = 0.0927 | lr = 0.000997
epoch 002 | step 0580 | total = 7.9694 | box = 1.0141 | obj = 2.8117 | cls = 0.0872 | lr = 0.000997
epoch 002 | step 0600 | total = 8.8166 | box = 1.1406 | obj = 3.0209 | cls = 0.0927 | lr = 0.000997
epoch 002 | step 0620 | total = 7.8115 | box = 1.0419 | obj = 2.5119 | cls = 0.0900 | lr = 0.000997
epoch 002 | step 0640 | total = 7.1418 | box = 0.8581 | obj = 2.7366 | cls = 0.1147 | lr = 0.000997
epoch 002 | step 0660 | total = 7.9837 | box = 1.0525 | obj = 2.6338 | cls = 0.0876 | lr = 0.000997
epoch 002 | step 0680 | total = 7.6470 | box = 0.9890 | obj = 2.6091 | cls = 0.0928 | lr = 0.000997
epoch 002 | step 0700 | total = 9.6390 | box = 1.3523 | obj = 2.7969 | cls = 0.0807 | lr = 0.000997
epoch 002 | step 0720 | total = 8.8279 | box = 1.1694 | obj = 2.8830 | cls = 0.0980 | lr = 0.000997
epoch 002 | step 0740 | total = 9.7039 | box = 1.3832 | obj = 2.7143 | cls = 0.0735 | lr = 0.000997
epoch 002 | step 0760 | total = 10.3907 | box = 1.5137 | obj = 2.7420 | cls = 0.0800 | lr = 0.000997
epoch 002 | step 0780 | total = 8.7271 | box = 1.1914 | obj = 2.6734 | cls = 0.0966 | lr = 0.000997
epoch 002 | step 0800 | total = 7.8230 | box = 1.0021 | obj = 2.7035 | cls = 0.1090 | lr = 0.000997
epoch 002 | step 0820 | total = 8.9962 | box = 1.2197 | obj = 2.8074 | cls = 0.0904 | lr = 0.000997
epoch 002 | step 0840 | total = 8.4366 | box = 1.1059 | obj = 2.8101 | cls = 0.0973 | lr = 0.000997
epoch 002 | step 0860 | total = 9.5307 | box = 1.3670 | obj = 2.6234 | cls = 0.0723 | lr = 0.000997
epoch 002 | step 0880 | total = 9.0961 | box = 1.2560 | obj = 2.7280 | cls = 0.0880 | lr = 0.000997
epoch 002 | step 0900 | total = 8.7122 | box = 1.2173 | obj = 2.5493 | cls = 0.0766 | lr = 0.000997
epoch 002 | step 0920 | total = 9.0154 | box = 1.2608 | obj = 2.6269 | cls = 0.0843 | lr = 0.000997
[epoch 002 train] total = 8.8690 | box = 1.2071 | obj = 2.7425 | cls = 0.0909 | steps = 925 | global_batches = 7400 | samples = 118288 | time = 1199.4s
[epoch 002 val] total = 8.8039 | box = 1.1936 | obj = 2.7454 | cls = 0.0904 | steps = 40 | global_batches = 320 | samples = 5000 | time = 38.3s
epoch 003 | step 0001 | total = 8.3539 | box = 1.1433 | obj = 2.5537 | cls = 0.0836 | lr = 0.000989
epoch 003 | step 0020 | total = 9.0695 | box = 1.2714 | obj = 2.6316 | cls = 0.0806 | lr = 0.000989
epoch 003 | step 0040 | total = 8.3132 | box = 1.1279 | obj = 2.5749 | cls = 0.0989 | lr = 0.000989
epoch 003 | step 0060 | total = 9.3510 | box = 1.3291 | obj = 2.6266 | cls = 0.0789 | lr = 0.000989
epoch 003 | step 0080 | total = 8.2354 | box = 1.0655 | obj = 2.8069 | cls = 0.1010 | lr = 0.000989
epoch 003 | step 0100 | total = 8.4588 | box = 1.1540 | obj = 2.6096 | cls = 0.0790 | lr = 0.000989
epoch 003 | step 0120 | total = 9.3151 | box = 1.3179 | obj = 2.6399 | cls = 0.0857 | lr = 0.000989
epoch 003 | step 0140 | total = 8.6902 | box = 1.2001 | obj = 2.6165 | cls = 0.0729 | lr = 0.000989
epoch 003 | step 0160 | total = 9.1296 | box = 1.2683 | obj = 2.6962 | cls = 0.0918 | lr = 0.000989
epoch 003 | step 0180 | total = 9.7836 | box = 1.4150 | obj = 2.6305 | cls = 0.0780 | lr = 0.000989
epoch 003 | step 0200 | total = 7.4709 | box = 0.9188 | obj = 2.7695 | cls = 0.1073 | lr = 0.000989
epoch 003 | step 0220 | total = 8.9906 | box = 1.2970 | obj = 2.4302 | cls = 0.0756 | lr = 0.000989
epoch 003 | step 0240 | total = 7.7641 | box = 1.0337 | obj = 2.5166 | cls = 0.0787 | lr = 0.000989
epoch 003 | step 0260 | total = 8.3438 | box = 1.1000 | obj = 2.7447 | cls = 0.0990 | lr = 0.000989
epoch 003 | step 0280 | total = 7.3764 | box = 0.9020 | obj = 2.7605 | cls = 0.1058 | lr = 0.000989
epoch 003 | step 0300 | total = 8.3192 | box = 1.0925 | obj = 2.7596 | cls = 0.0971 | lr = 0.000989
epoch 003 | step 0320 | total = 8.0599 | box = 1.0320 | obj = 2.7928 | cls = 0.1072 | lr = 0.000989
epoch 003 | step 0340 | total = 8.6332 | box = 1.1826 | obj = 2.6330 | cls = 0.0873 | lr = 0.000989
epoch 003 | step 0360 | total = 8.6179 | box = 1.1801 | obj = 2.6316 | cls = 0.0858 | lr = 0.000989
epoch 003 | step 0380 | total = 7.5008 | box = 0.9899 | obj = 2.4644 | cls = 0.0867 | lr = 0.000989
epoch 003 | step 0400 | total = 8.0232 | box = 1.0890 | obj = 2.4855 | cls = 0.0925 | lr = 0.000989
epoch 003 | step 0420 | total = 9.3077 | box = 1.3121 | obj = 2.6760 | cls = 0.0713 | lr = 0.000989
epoch 003 | step 0440 | total = 8.3572 | box = 1.0888 | obj = 2.8227 | cls = 0.0903 | lr = 0.000989
epoch 003 | step 0460 | total = 7.9630 | box = 1.0227 | obj = 2.7560 | cls = 0.0933 | lr = 0.000989
epoch 003 | step 0480 | total = 8.0957 | box = 1.0709 | obj = 2.6577 | cls = 0.0832 | lr = 0.000989
epoch 003 | step 0500 | total = 7.8929 | box = 0.9994 | obj = 2.7991 | cls = 0.0969 | lr = 0.000989
epoch 003 | step 0520 | total = 8.6224 | box = 1.1203 | obj = 2.9387 | cls = 0.0820 | lr = 0.000989
epoch 003 | step 0540 | total = 8.4340 | box = 1.1366 | obj = 2.6585 | cls = 0.0926 | lr = 0.000989
epoch 003 | step 0560 | total = 7.6888 | box = 0.9777 | obj = 2.6931 | cls = 0.1069 | lr = 0.000989
epoch 003 | step 0580 | total = 9.6989 | box = 1.3946 | obj = 2.6451 | cls = 0.0809 | lr = 0.000989
epoch 003 | step 0600 | total = 8.5387 | box = 1.1831 | obj = 2.5423 | cls = 0.0810 | lr = 0.000989
epoch 003 | step 0620 | total = 8.2229 | box = 1.1242 | obj = 2.5287 | cls = 0.0732 | lr = 0.000989
epoch 003 | step 0640 | total = 8.8334 | box = 1.1860 | obj = 2.8290 | cls = 0.0745 | lr = 0.000989
epoch 003 | step 0660 | total = 8.3893 | box = 1.0898 | obj = 2.8460 | cls = 0.0943 | lr = 0.000989
epoch 003 | step 0680 | total = 7.4781 | box = 0.9378 | obj = 2.7070 | cls = 0.0823 | lr = 0.000989
epoch 003 | step 0700 | total = 7.4454 | box = 0.9322 | obj = 2.6843 | cls = 0.1000 | lr = 0.000989
epoch 003 | step 0720 | total = 7.2397 | box = 0.9481 | obj = 2.4130 | cls = 0.0863 | lr = 0.000989
epoch 003 | step 0740 | total = 8.6870 | box = 1.2059 | obj = 2.5818 | cls = 0.0759 | lr = 0.000989
epoch 003 | step 0760 | total = 8.1220 | box = 1.0645 | obj = 2.7079 | cls = 0.0916 | lr = 0.000989
epoch 003 | step 0780 | total = 8.2234 | box = 1.0599 | obj = 2.8307 | cls = 0.0931 | lr = 0.000989
epoch 003 | step 0800 | total = 7.9280 | box = 1.0602 | obj = 2.5426 | cls = 0.0843 | lr = 0.000989
epoch 003 | step 0820 | total = 7.0146 | box = 0.8720 | obj = 2.5672 | cls = 0.0875 | lr = 0.000989
epoch 003 | step 0840 | total = 8.7061 | box = 1.1365 | obj = 2.9370 | cls = 0.0868 | lr = 0.000989
epoch 003 | step 0860 | total = 9.3256 | box = 1.3483 | obj = 2.5017 | cls = 0.0824 | lr = 0.000989
epoch 003 | step 0880 | total = 8.0317 | box = 1.0764 | obj = 2.5622 | cls = 0.0873 | lr = 0.000989
epoch 003 | step 0900 | total = 7.4755 | box = 0.9719 | obj = 2.5064 | cls = 0.1096 | lr = 0.000989
epoch 003 | step 0920 | total = 8.0507 | box = 1.0620 | obj = 2.6571 | cls = 0.0838 | lr = 0.000989
[epoch 003 train] total = 8.2999 | box = 1.1148 | obj = 2.6382 | cls = 0.0875 | steps = 925 | global_batches = 7400 | samples = 118288 | time = 1260.1s
[epoch 003 val] total = 8.3362 | box = 1.1138 | obj = 2.6787 | cls = 0.0883 | steps = 40 | global_batches = 320 | samples = 5000 | time = 43.6s
epoch 004 | step 0001 | total = 8.4848 | box = 1.1401 | obj = 2.7030 | cls = 0.0811 | lr = 0.000976
epoch 004 | step 0020 | total = 8.5050 | box = 1.1677 | obj = 2.5868 | cls = 0.0795 | lr = 0.000976
epoch 004 | step 0040 | total = 7.9612 | box = 1.0727 | obj = 2.5202 | cls = 0.0777 | lr = 0.000976
epoch 004 | step 0060 | total = 8.6038 | box = 1.1991 | obj = 2.5343 | cls = 0.0740 | lr = 0.000976
epoch 004 | step 0080 | total = 8.7427 | box = 1.1581 | obj = 2.8631 | cls = 0.0891 | lr = 0.000976
epoch 004 | step 0100 | total = 7.9903 | box = 1.0901 | obj = 2.4397 | cls = 0.1000 | lr = 0.000976
epoch 004 | step 0120 | total = 7.5191 | box = 0.9128 | obj = 2.8578 | cls = 0.0975 | lr = 0.000976
epoch 004 | step 0140 | total = 6.9074 | box = 0.8319 | obj = 2.6500 | cls = 0.0981 | lr = 0.000976
epoch 004 | step 0160 | total = 9.9860 | box = 1.4324 | obj = 2.7278 | cls = 0.0960 | lr = 0.000976
epoch 004 | step 0180 | total = 8.4370 | box = 1.1599 | obj = 2.5662 | cls = 0.0710 | lr = 0.000976
epoch 004 | step 0200 | total = 7.6724 | box = 0.9891 | obj = 2.6404 | cls = 0.0864 | lr = 0.000976
epoch 004 | step 0220 | total = 7.1009 | box = 0.9000 | obj = 2.5019 | cls = 0.0988 | lr = 0.000976
epoch 004 | step 0240 | total = 9.0136 | box = 1.2737 | obj = 2.5732 | cls = 0.0718 | lr = 0.000976
epoch 004 | step 0260 | total = 8.7347 | box = 1.2223 | obj = 2.5488 | cls = 0.0745 | lr = 0.000976
epoch 004 | step 0280 | total = 8.1459 | box = 1.0341 | obj = 2.8872 | cls = 0.0881 | lr = 0.000976
epoch 004 | step 0300 | total = 7.6902 | box = 1.0264 | obj = 2.4705 | cls = 0.0879 | lr = 0.000976
epoch 004 | step 0320 | total = 8.3862 | box = 1.1330 | obj = 2.6191 | cls = 0.1022 | lr = 0.000976
epoch 004 | step 0340 | total = 8.5024 | box = 1.1823 | obj = 2.5149 | cls = 0.0759 | lr = 0.000976
epoch 004 | step 0360 | total = 7.2069 | box = 0.9161 | obj = 2.5223 | cls = 0.1042 | lr = 0.000976
epoch 004 | step 0380 | total = 8.3731 | box = 1.1821 | obj = 2.4011 | cls = 0.0618 | lr = 0.000976
epoch 004 | step 0400 | total = 7.9266 | box = 1.0624 | obj = 2.5266 | cls = 0.0883 | lr = 0.000976
epoch 004 | step 0420 | total = 8.2349 | box = 1.1119 | obj = 2.5920 | cls = 0.0837 | lr = 0.000976
epoch 004 | step 0440 | total = 7.3035 | box = 0.9453 | obj = 2.4916 | cls = 0.0854 | lr = 0.000976
epoch 004 | step 0460 | total = 7.6786 | box = 1.0322 | obj = 2.4502 | cls = 0.0673 | lr = 0.000976
epoch 004 | step 0480 | total = 7.3210 | box = 0.9439 | obj = 2.5106 | cls = 0.0911 | lr = 0.000976
epoch 004 | step 0500 | total = 8.1243 | box = 1.1164 | obj = 2.4608 | cls = 0.0813 | lr = 0.000976
epoch 004 | step 0520 | total = 7.9828 | box = 1.0795 | obj = 2.5085 | cls = 0.0769 | lr = 0.000976
epoch 004 | step 0540 | total = 8.0903 | box = 1.0607 | obj = 2.6982 | cls = 0.0884 | lr = 0.000976
epoch 004 | step 0560 | total = 8.1182 | box = 1.0996 | obj = 2.5291 | cls = 0.0909 | lr = 0.000976
epoch 004 | step 0580 | total = 7.2036 | box = 0.9419 | obj = 2.4242 | cls = 0.0697 | lr = 0.000976
epoch 004 | step 0600 | total = 7.7640 | box = 1.0594 | obj = 2.3895 | cls = 0.0776 | lr = 0.000976
epoch 004 | step 0620 | total = 9.0047 | box = 1.2597 | obj = 2.6306 | cls = 0.0757 | lr = 0.000976
epoch 004 | step 0640 | total = 8.2040 | box = 1.1210 | obj = 2.5278 | cls = 0.0714 | lr = 0.000976
epoch 004 | step 0660 | total = 6.9682 | box = 0.8606 | obj = 2.5621 | cls = 0.1030 | lr = 0.000976
epoch 004 | step 0680 | total = 8.3196 | box = 1.0710 | obj = 2.8680 | cls = 0.0968 | lr = 0.000976
epoch 004 | step 0700 | total = 8.8375 | box = 1.2263 | obj = 2.6217 | cls = 0.0843 | lr = 0.000976
epoch 004 | step 0720 | total = 7.9196 | box = 1.0325 | obj = 2.6777 | cls = 0.0791 | lr = 0.000976
epoch 004 | step 0740 | total = 7.6860 | box = 1.0276 | obj = 2.4724 | cls = 0.0758 | lr = 0.000976
epoch 004 | step 0760 | total = 6.9641 | box = 0.8860 | obj = 2.4529 | cls = 0.0813 | lr = 0.000976
epoch 004 | step 0780 | total = 8.2760 | box = 1.1013 | obj = 2.6812 | cls = 0.0882 | lr = 0.000976
epoch 004 | step 0800 | total = 7.9332 | box = 1.0659 | obj = 2.5236 | cls = 0.0801 | lr = 0.000976
epoch 004 | step 0820 | total = 7.2984 | box = 0.9400 | obj = 2.5171 | cls = 0.0814 | lr = 0.000976
epoch 004 | step 0840 | total = 8.5834 | box = 1.1732 | obj = 2.6326 | cls = 0.0848 | lr = 0.000976
epoch 004 | step 0860 | total = 8.3475 | box = 1.1604 | obj = 2.4666 | cls = 0.0791 | lr = 0.000976
epoch 004 | step 0880 | total = 7.0871 | box = 0.8927 | obj = 2.5380 | cls = 0.0854 | lr = 0.000976
epoch 004 | step 0900 | total = 7.8218 | box = 0.9438 | obj = 2.9962 | cls = 0.1066 | lr = 0.000976
epoch 004 | step 0920 | total = 7.0872 | box = 0.8678 | obj = 2.6548 | cls = 0.0933 | lr = 0.000976
[epoch 004 train] total = 7.9417 | box = 1.0577 | obj = 2.5687 | cls = 0.0844 | steps = 925 | global_batches = 7400 | samples = 118288 | time = 1299.2s
[epoch 004 val] total = 8.0015 | box = 1.0589 | obj = 2.6216 | cls = 0.0853 | steps = 40 | global_batches = 320 | samples = 5000 | time = 42.6s
epoch 005 | step 0001 | total = 7.4788 | box = 0.9847 | obj = 2.4964 | cls = 0.0590 | lr = 0.000957
epoch 005 | step 0020 | total = 6.7708 | box = 0.8423 | obj = 2.4560 | cls = 0.1034 | lr = 0.000957
epoch 005 | step 0040 | total = 7.5913 | box = 1.0115 | obj = 2.4605 | cls = 0.0733 | lr = 0.000957
epoch 005 | step 0060 | total = 7.7599 | box = 1.0291 | obj = 2.5474 | cls = 0.0672 | lr = 0.000957
epoch 005 | step 0080 | total = 6.6488 | box = 0.8588 | obj = 2.2656 | cls = 0.0889 | lr = 0.000957
epoch 005 | step 0100 | total = 7.9291 | box = 1.0657 | obj = 2.5188 | cls = 0.0816 | lr = 0.000957
epoch 005 | step 0120 | total = 8.2896 | box = 1.1388 | obj = 2.5278 | cls = 0.0677 | lr = 0.000957
epoch 005 | step 0140 | total = 8.2913 | box = 1.0930 | obj = 2.7421 | cls = 0.0840 | lr = 0.000957
epoch 005 | step 0160 | total = 6.5925 | box = 0.8220 | obj = 2.4007 | cls = 0.0817 | lr = 0.000957
epoch 005 | step 0180 | total = 7.6418 | box = 1.0035 | obj = 2.5469 | cls = 0.0773 | lr = 0.000957
epoch 005 | step 0200 | total = 8.0427 | box = 1.0562 | obj = 2.6765 | cls = 0.0851 | lr = 0.000957
epoch 005 | step 0220 | total = 8.3425 | box = 1.1365 | obj = 2.5675 | cls = 0.0926 | lr = 0.000957
epoch 005 | step 0240 | total = 8.0833 | box = 1.0875 | obj = 2.5690 | cls = 0.0770 | lr = 0.000957
epoch 005 | step 0260 | total = 8.5779 | box = 1.2041 | obj = 2.4793 | cls = 0.0782 | lr = 0.000957
epoch 005 | step 0280 | total = 6.6868 | box = 0.8668 | obj = 2.2734 | cls = 0.0792 | lr = 0.000957
epoch 005 | step 0300 | total = 9.1472 | box = 1.3206 | obj = 2.4754 | cls = 0.0686 | lr = 0.000957
epoch 005 | step 0320 | total = 7.1816 | box = 0.9596 | obj = 2.3062 | cls = 0.0772 | lr = 0.000957
epoch 005 | step 0340 | total = 7.4694 | box = 0.9707 | obj = 2.5230 | cls = 0.0929 | lr = 0.000957
epoch 005 | step 0360 | total = 6.9848 | box = 0.9063 | obj = 2.3600 | cls = 0.0936 | lr = 0.000957
epoch 005 | step 0380 | total = 7.9967 | box = 1.0357 | obj = 2.7340 | cls = 0.0843 | lr = 0.000957
epoch 005 | step 0400 | total = 7.7794 | box = 1.0450 | obj = 2.4790 | cls = 0.0756 | lr = 0.000957
epoch 005 | step 0420 | total = 8.2961 | box = 1.1439 | obj = 2.4983 | cls = 0.0782 | lr = 0.000957
epoch 005 | step 0440 | total = 7.4909 | box = 1.0221 | obj = 2.3200 | cls = 0.0603 | lr = 0.000957
epoch 005 | step 0460 | total = 7.8427 | box = 1.0667 | obj = 2.4353 | cls = 0.0741 | lr = 0.000957
epoch 005 | step 0480 | total = 9.2964 | box = 1.3820 | obj = 2.3149 | cls = 0.0716 | lr = 0.000957
epoch 005 | step 0500 | total = 7.4052 | box = 0.9146 | obj = 2.7476 | cls = 0.0847 | lr = 0.000957
epoch 005 | step 0520 | total = 7.4199 | box = 0.9591 | obj = 2.5402 | cls = 0.0841 | lr = 0.000957
epoch 005 | step 0540 | total = 6.7578 | box = 0.8340 | obj = 2.4950 | cls = 0.0928 | lr = 0.000957
epoch 005 | step 0560 | total = 7.8230 | box = 1.0790 | obj = 2.3601 | cls = 0.0679 | lr = 0.000957
epoch 005 | step 0580 | total = 8.3112 | box = 1.1649 | obj = 2.4186 | cls = 0.0680 | lr = 0.000957
epoch 005 | step 0600 | total = 7.4483 | box = 0.9720 | obj = 2.5075 | cls = 0.0807 | lr = 0.000957
epoch 005 | step 0620 | total = 8.4324 | box = 1.1628 | obj = 2.5354 | cls = 0.0829 | lr = 0.000957
epoch 005 | step 0640 | total = 8.2654 | box = 1.1532 | obj = 2.4339 | cls = 0.0655 | lr = 0.000957
epoch 005 | step 0660 | total = 7.0582 | box = 0.8678 | obj = 2.6384 | cls = 0.0811 | lr = 0.000957
epoch 005 | step 0680 | total = 7.6657 | box = 1.0208 | obj = 2.4722 | cls = 0.0897 | lr = 0.000957
epoch 005 | step 0700 | total = 7.3954 | box = 0.9545 | obj = 2.5419 | cls = 0.0808 | lr = 0.000957
epoch 005 | step 0720 | total = 7.7164 | box = 1.0302 | obj = 2.4762 | cls = 0.0890 | lr = 0.000957
epoch 005 | step 0740 | total = 7.6856 | box = 1.0033 | obj = 2.5671 | cls = 0.1020 | lr = 0.000957
epoch 005 | step 0760 | total = 7.4193 | box = 0.9438 | obj = 2.6227 | cls = 0.0774 | lr = 0.000957
epoch 005 | step 0780 | total = 6.7004 | box = 0.8275 | obj = 2.4478 | cls = 0.1152 | lr = 0.000957
epoch 005 | step 0800 | total = 7.5659 | box = 0.9927 | obj = 2.5190 | cls = 0.0834 | lr = 0.000957
epoch 005 | step 0820 | total = 7.8988 | box = 1.0121 | obj = 2.7514 | cls = 0.0871 | lr = 0.000957
epoch 005 | step 0840 | total = 7.8052 | box = 1.0771 | obj = 2.3590 | cls = 0.0607 | lr = 0.000957
epoch 005 | step 0860 | total = 8.3429 | box = 1.1477 | obj = 2.5330 | cls = 0.0713 | lr = 0.000957
epoch 005 | step 0880 | total = 7.1531 | box = 0.8952 | obj = 2.5932 | cls = 0.0838 | lr = 0.000957
epoch 005 | step 0900 | total = 6.4965 | box = 0.8174 | obj = 2.3126 | cls = 0.0968 | lr = 0.000957
epoch 005 | step 0920 | total = 8.6623 | box = 1.2326 | obj = 2.4329 | cls = 0.0665 | lr = 0.000957
[epoch 005 train] total = 7.6773 | box = 1.0162 | obj = 2.5144 | cls = 0.0818 | steps = 925 | global_batches = 7400 | samples = 118288 | time = 1328.4s
[epoch 005 val] total = 7.7754 | box = 1.0272 | obj = 2.5566 | cls = 0.0827 | steps = 40 | global_batches = 320 | samples = 5000 | time = 43.7s
epoch 006 | step 0001 | total = 7.5655 | box = 1.0476 | obj = 2.2498 | cls = 0.0778 | lr = 0.000934
epoch 006 | step 0020 | total = 8.0947 | box = 1.1096 | obj = 2.4731 | cls = 0.0736 | lr = 0.000934
epoch 006 | step 0040 | total = 7.0963 | box = 0.9149 | obj = 2.4362 | cls = 0.0856 | lr = 0.000934
epoch 006 | step 0060 | total = 6.6698 | box = 0.8517 | obj = 2.3279 | cls = 0.0836 | lr = 0.000934
epoch 006 | step 0080 | total = 7.5399 | box = 1.0188 | obj = 2.3780 | cls = 0.0681 | lr = 0.000934
epoch 006 | step 0100 | total = 7.8076 | box = 1.0627 | obj = 2.4100 | cls = 0.0841 | lr = 0.000934
epoch 006 | step 0120 | total = 7.4852 | box = 1.0452 | obj = 2.1904 | cls = 0.0687 | lr = 0.000934
epoch 006 | step 0140 | total = 9.2382 | box = 1.3446 | obj = 2.4472 | cls = 0.0678 | lr = 0.000934
epoch 006 | step 0160 | total = 6.9550 | box = 0.8909 | obj = 2.4317 | cls = 0.0690 | lr = 0.000934
epoch 006 | step 0180 | total = 7.6326 | box = 1.0124 | obj = 2.4925 | cls = 0.0780 | lr = 0.000934
epoch 006 | step 0200 | total = 7.0188 | box = 0.9437 | obj = 2.2237 | cls = 0.0769 | lr = 0.000934
epoch 006 | step 0220 | total = 7.2032 | box = 0.9079 | obj = 2.5777 | cls = 0.0858 | lr = 0.000934
epoch 006 | step 0240 | total = 7.9272 | box = 1.0245 | obj = 2.7213 | cls = 0.0833 | lr = 0.000934
epoch 006 | step 0260 | total = 7.3583 | box = 0.9374 | obj = 2.5893 | cls = 0.0821 | lr = 0.000934
epoch 006 | step 0280 | total = 6.5642 | box = 0.8410 | obj = 2.2855 | cls = 0.0736 | lr = 0.000934
epoch 006 | step 0300 | total = 9.1434 | box = 1.2960 | obj = 2.5964 | cls = 0.0672 | lr = 0.000934
epoch 006 | step 0320 | total = 7.1733 | box = 0.9512 | obj = 2.3422 | cls = 0.0749 | lr = 0.000934
epoch 006 | step 0340 | total = 6.2026 | box = 0.7079 | obj = 2.5708 | cls = 0.0925 | lr = 0.000934
epoch 006 | step 0360 | total = 9.3932 | box = 1.4025 | obj = 2.3119 | cls = 0.0688 | lr = 0.000934
epoch 006 | step 0380 | total = 8.2195 | box = 1.1699 | obj = 2.3076 | cls = 0.0625 | lr = 0.000934
epoch 006 | step 0400 | total = 6.7214 | box = 0.8358 | obj = 2.4611 | cls = 0.0814 | lr = 0.000934
epoch 006 | step 0420 | total = 6.1521 | box = 0.7091 | obj = 2.5027 | cls = 0.1040 | lr = 0.000934
epoch 006 | step 0440 | total = 7.6798 | box = 1.0592 | obj = 2.3067 | cls = 0.0772 | lr = 0.000934
epoch 006 | step 0460 | total = 7.6028 | box = 1.0302 | obj = 2.3794 | cls = 0.0722 | lr = 0.000934
epoch 006 | step 0480 | total = 7.3944 | box = 0.9525 | obj = 2.5583 | cls = 0.0736 | lr = 0.000934
epoch 006 | step 0500 | total = 7.6009 | box = 0.9631 | obj = 2.6988 | cls = 0.0866 | lr = 0.000934
epoch 006 | step 0520 | total = 6.2385 | box = 0.7253 | obj = 2.5160 | cls = 0.0961 | lr = 0.000934
epoch 006 | step 0540 | total = 6.1262 | box = 0.7587 | obj = 2.2630 | cls = 0.0694 | lr = 0.000934
epoch 006 | step 0560 | total = 8.0785 | box = 1.0797 | obj = 2.5892 | cls = 0.0908 | lr = 0.000934
epoch 006 | step 0580 | total = 8.9564 | box = 1.2866 | obj = 2.4505 | cls = 0.0729 | lr = 0.000934
epoch 006 | step 0600 | total = 7.8461 | box = 1.0486 | obj = 2.5388 | cls = 0.0644 | lr = 0.000934
epoch 006 | step 0620 | total = 6.9158 | box = 0.8958 | obj = 2.3631 | cls = 0.0738 | lr = 0.000934
epoch 006 | step 0640 | total = 8.6419 | box = 1.1862 | obj = 2.6361 | cls = 0.0750 | lr = 0.000934
epoch 006 | step 0660 | total = 8.0903 | box = 1.1368 | obj = 2.3417 | cls = 0.0644 | lr = 0.000934
epoch 006 | step 0680 | total = 6.8569 | box = 0.8395 | obj = 2.5676 | cls = 0.0919 | lr = 0.000934
epoch 006 | step 0700 | total = 6.3785 | box = 0.7876 | obj = 2.3640 | cls = 0.0766 | lr = 0.000934
epoch 006 | step 0720 | total = 7.1465 | box = 0.9850 | obj = 2.1519 | cls = 0.0698 | lr = 0.000934
epoch 006 | step 0740 | total = 7.8504 | box = 1.0546 | obj = 2.4936 | cls = 0.0838 | lr = 0.000934
epoch 006 | step 0760 | total = 6.1847 | box = 0.7918 | obj = 2.1434 | cls = 0.0824 | lr = 0.000934
epoch 006 | step 0780 | total = 7.7900 | box = 1.0196 | obj = 2.6130 | cls = 0.0792 | lr = 0.000934
epoch 006 | step 0800 | total = 6.4882 | box = 0.8527 | obj = 2.1502 | cls = 0.0743 | lr = 0.000934
epoch 006 | step 0820 | total = 7.2258 | box = 0.9155 | obj = 2.5580 | cls = 0.0903 | lr = 0.000934
epoch 006 | step 0840 | total = 6.9914 | box = 0.8926 | obj = 2.4522 | cls = 0.0762 | lr = 0.000934
epoch 006 | step 0860 | total = 7.3259 | box = 0.9267 | obj = 2.6138 | cls = 0.0786 | lr = 0.000934
epoch 006 | step 0880 | total = 7.8262 | box = 0.9922 | obj = 2.7822 | cls = 0.0828 | lr = 0.000934
epoch 006 | step 0900 | total = 6.5200 | box = 0.8339 | obj = 2.2683 | cls = 0.0823 | lr = 0.000934
epoch 006 | step 0920 | total = 6.6847 | box = 0.8291 | obj = 2.4437 | cls = 0.0956 | lr = 0.000934
[epoch 006 train] total = 7.4591 | box = 0.9825 | obj = 2.4671 | cls = 0.0797 | steps = 925 | global_batches = 7400 | samples = 118288 | time = 1349.1s
[epoch 006 val] total = 7.6285 | box = 1.0074 | obj = 2.5112 | cls = 0.0804 | steps = 40 | global_batches = 320 | samples = 5000 | time = 45.0s
epoch 007 | step 0001 | total = 6.1474 | box = 0.7189 | obj = 2.4596 | cls = 0.0931 | lr = 0.000905
epoch 007 | step 0020 | total = 7.4585 | box = 0.9963 | obj = 2.3995 | cls = 0.0773 | lr = 0.000905
epoch 007 | step 0040 | total = 8.0564 | box = 1.0847 | obj = 2.5643 | cls = 0.0685 | lr = 0.000905
epoch 007 | step 0060 | total = 7.3756 | box = 1.0004 | obj = 2.3006 | cls = 0.0730 | lr = 0.000905
epoch 007 | step 0080 | total = 8.3690 | box = 1.1691 | obj = 2.4594 | cls = 0.0641 | lr = 0.000905
epoch 007 | step 0100 | total = 6.9746 | box = 0.9016 | obj = 2.3954 | cls = 0.0711 | lr = 0.000905
epoch 007 | step 0120 | total = 6.7732 | box = 0.8820 | obj = 2.2826 | cls = 0.0804 | lr = 0.000905
epoch 007 | step 0140 | total = 6.5971 | box = 0.7956 | obj = 2.5208 | cls = 0.0985 | lr = 0.000905
epoch 007 | step 0160 | total = 7.5651 | box = 1.0237 | obj = 2.3753 | cls = 0.0712 | lr = 0.000905
epoch 007 | step 0180 | total = 6.9994 | box = 0.8933 | obj = 2.4591 | cls = 0.0737 | lr = 0.000905
epoch 007 | step 0200 | total = 8.9043 | box = 1.2735 | obj = 2.4632 | cls = 0.0734 | lr = 0.000905
epoch 007 | step 0220 | total = 6.9356 | box = 0.8559 | obj = 2.5759 | cls = 0.0800 | lr = 0.000905
epoch 007 | step 0240 | total = 8.5372 | box = 1.1702 | obj = 2.6182 | cls = 0.0681 | lr = 0.000905
epoch 007 | step 0260 | total = 6.6761 | box = 0.8461 | obj = 2.3711 | cls = 0.0746 | lr = 0.000905
epoch 007 | step 0280 | total = 7.9443 | box = 1.1166 | obj = 2.2775 | cls = 0.0840 | lr = 0.000905
epoch 007 | step 0300 | total = 7.3793 | box = 0.9458 | obj = 2.5613 | cls = 0.0889 | lr = 0.000905
epoch 007 | step 0320 | total = 6.9102 | box = 0.8799 | obj = 2.4199 | cls = 0.0905 | lr = 0.000905
epoch 007 | step 0340 | total = 6.6260 | box = 0.8573 | obj = 2.2593 | cls = 0.0800 | lr = 0.000905
epoch 007 | step 0360 | total = 8.0408 | box = 1.1075 | obj = 2.4267 | cls = 0.0766 | lr = 0.000905
epoch 007 | step 0380 | total = 7.2338 | box = 0.8918 | obj = 2.6872 | cls = 0.0874 | lr = 0.000905
epoch 007 | step 0400 | total = 7.5391 | box = 0.9951 | obj = 2.4970 | cls = 0.0664 | lr = 0.000905
epoch 007 | step 0420 | total = 8.2790 | box = 1.1609 | obj = 2.4043 | cls = 0.0703 | lr = 0.000905
epoch 007 | step 0440 | total = 6.4760 | box = 0.8102 | obj = 2.3409 | cls = 0.0842 | lr = 0.000905
epoch 007 | step 0460 | total = 7.5828 | box = 1.0110 | obj = 2.4460 | cls = 0.0819 | lr = 0.000905
epoch 007 | step 0480 | total = 6.5395 | box = 0.8327 | obj = 2.2909 | cls = 0.0852 | lr = 0.000905
epoch 007 | step 0500 | total = 7.1236 | box = 0.9262 | obj = 2.4172 | cls = 0.0754 | lr = 0.000905
epoch 007 | step 0520 | total = 7.2735 | box = 0.9358 | obj = 2.5246 | cls = 0.0700 | lr = 0.000905
epoch 007 | step 0540 | total = 7.6263 | box = 1.0369 | obj = 2.3779 | cls = 0.0640 | lr = 0.000905
epoch 007 | step 0560 | total = 7.4885 | box = 0.9804 | obj = 2.5131 | cls = 0.0732 | lr = 0.000905
epoch 007 | step 0580 | total = 7.2172 | box = 0.8948 | obj = 2.6588 | cls = 0.0845 | lr = 0.000905
epoch 007 | step 0600 | total = 6.2304 | box = 0.7936 | obj = 2.1784 | cls = 0.0838 | lr = 0.000905
epoch 007 | step 0620 | total = 6.1529 | box = 0.6768 | obj = 2.6659 | cls = 0.1033 | lr = 0.000905
epoch 007 | step 0640 | total = 8.1322 | box = 1.1268 | obj = 2.4286 | cls = 0.0698 | lr = 0.000905
epoch 007 | step 0660 | total = 7.1359 | box = 0.9147 | obj = 2.4751 | cls = 0.0872 | lr = 0.000905
epoch 007 | step 0680 | total = 7.7092 | box = 0.9987 | obj = 2.6219 | cls = 0.0940 | lr = 0.000905
epoch 007 | step 0700 | total = 6.4596 | box = 0.7828 | obj = 2.4775 | cls = 0.0682 | lr = 0.000905
epoch 007 | step 0720 | total = 6.9927 | box = 0.8610 | obj = 2.5946 | cls = 0.0933 | lr = 0.000905
epoch 007 | step 0740 | total = 5.5682 | box = 0.6391 | obj = 2.2706 | cls = 0.1022 | lr = 0.000905
epoch 007 | step 0760 | total = 6.7843 | box = 0.8587 | obj = 2.4131 | cls = 0.0776 | lr = 0.000905
epoch 007 | step 0780 | total = 5.6774 | box = 0.6974 | obj = 2.0976 | cls = 0.0927 | lr = 0.000905
epoch 007 | step 0800 | total = 7.4333 | box = 0.9731 | obj = 2.4795 | cls = 0.0880 | lr = 0.000905
epoch 007 | step 0820 | total = 7.0175 | box = 0.8925 | obj = 2.4687 | cls = 0.0863 | lr = 0.000905
epoch 007 | step 0840 | total = 6.2574 | box = 0.7845 | obj = 2.2663 | cls = 0.0687 | lr = 0.000905
epoch 007 | step 0860 | total = 6.8044 | box = 0.8659 | obj = 2.3998 | cls = 0.0752 | lr = 0.000905
epoch 007 | step 0880 | total = 8.1484 | box = 1.1410 | obj = 2.3887 | cls = 0.0545 | lr = 0.000905
epoch 007 | step 0900 | total = 5.9455 | box = 0.6953 | obj = 2.3714 | cls = 0.0974 | lr = 0.000905
epoch 007 | step 0920 | total = 7.8311 | box = 1.0763 | obj = 2.3715 | cls = 0.0783 | lr = 0.000905
[epoch 007 train] total = 7.2685 | box = 0.9531 | obj = 2.4249 | cls = 0.0779 | steps = 925 | global_batches = 7400 | samples = 118288 | time = 1369.0s
[epoch 007 val] total = 7.5595 | box = 0.9899 | obj = 2.5264 | cls = 0.0834 | steps = 40 | global_batches = 320 | samples = 5000 | time = 46.5s
epoch 008 | step 0001 | total = 6.5626 | box = 0.8242 | obj = 2.3624 | cls = 0.0791 | lr = 0.000873
epoch 008 | step 0020 | total = 7.4821 | box = 0.9416 | obj = 2.6797 | cls = 0.0944 | lr = 0.000873
epoch 008 | step 0040 | total = 8.2863 | box = 1.1685 | obj = 2.3724 | cls = 0.0712 | lr = 0.000873
epoch 008 | step 0060 | total = 7.0653 | box = 0.8852 | obj = 2.5673 | cls = 0.0721 | lr = 0.000873
epoch 008 | step 0080 | total = 7.1181 | box = 0.9637 | obj = 2.2182 | cls = 0.0813 | lr = 0.000873
epoch 008 | step 0100 | total = 8.4480 | box = 1.1657 | obj = 2.5393 | cls = 0.0803 | lr = 0.000873
epoch 008 | step 0120 | total = 6.1807 | box = 0.7928 | obj = 2.1504 | cls = 0.0664 | lr = 0.000873
epoch 008 | step 0140 | total = 6.1463 | box = 0.7653 | obj = 2.2403 | cls = 0.0796 | lr = 0.000873
epoch 008 | step 0160 | total = 7.5668 | box = 0.9865 | obj = 2.5636 | cls = 0.0707 | lr = 0.000873
epoch 008 | step 0180 | total = 6.7809 | box = 0.8671 | obj = 2.3643 | cls = 0.0811 | lr = 0.000873
epoch 008 | step 0200 | total = 6.1843 | box = 0.7058 | obj = 2.5577 | cls = 0.0977 | lr = 0.000873
epoch 008 | step 0220 | total = 7.5884 | box = 1.0087 | obj = 2.4673 | cls = 0.0777 | lr = 0.000873
epoch 008 | step 0240 | total = 7.8046 | box = 1.0534 | obj = 2.4505 | cls = 0.0872 | lr = 0.000873
epoch 008 | step 0260 | total = 7.3282 | box = 0.9789 | obj = 2.3554 | cls = 0.0781 | lr = 0.000873
epoch 008 | step 0280 | total = 5.8588 | box = 0.6888 | obj = 2.3457 | cls = 0.0692 | lr = 0.000873
epoch 008 | step 0300 | total = 7.3430 | box = 0.9940 | obj = 2.2996 | cls = 0.0731 | lr = 0.000873
epoch 008 | step 0320 | total = 6.9604 | box = 0.9009 | obj = 2.3858 | cls = 0.0701 | lr = 0.000873
epoch 008 | step 0340 | total = 7.3515 | box = 0.9927 | obj = 2.3135 | cls = 0.0744 | lr = 0.000873
epoch 008 | step 0360 | total = 6.8238 | box = 0.9217 | obj = 2.1519 | cls = 0.0634 | lr = 0.000873
epoch 008 | step 0380 | total = 8.2829 | box = 1.1130 | obj = 2.6413 | cls = 0.0765 | lr = 0.000873
epoch 008 | step 0400 | total = 6.6452 | box = 0.8647 | obj = 2.2483 | cls = 0.0732 | lr = 0.000873
epoch 008 | step 0420 | total = 6.4741 | box = 0.8127 | obj = 2.3240 | cls = 0.0865 | lr = 0.000873
epoch 008 | step 0440 | total = 6.4291 | box = 0.7824 | obj = 2.4376 | cls = 0.0794 | lr = 0.000873
epoch 008 | step 0460 | total = 6.0524 | box = 0.7210 | obj = 2.3658 | cls = 0.0818 | lr = 0.000873
epoch 008 | step 0480 | total = 6.7512 | box = 0.8946 | obj = 2.2174 | cls = 0.0609 | lr = 0.000873
epoch 008 | step 0500 | total = 7.5420 | box = 1.0108 | obj = 2.4184 | cls = 0.0696 | lr = 0.000873
epoch 008 | step 0520 | total = 6.4403 | box = 0.8185 | obj = 2.2710 | cls = 0.0767 | lr = 0.000873
epoch 008 | step 0540 | total = 6.3738 | box = 0.7956 | obj = 2.3227 | cls = 0.0731 | lr = 0.000873
epoch 008 | step 0560 | total = 6.6173 | box = 0.8237 | obj = 2.4173 | cls = 0.0816 | lr = 0.000873
epoch 008 | step 0580 | total = 6.4669 | box = 0.7845 | obj = 2.4704 | cls = 0.0741 | lr = 0.000873
epoch 008 | step 0600 | total = 6.8752 | box = 0.8736 | obj = 2.4221 | cls = 0.0851 | lr = 0.000873
epoch 008 | step 0620 | total = 7.4109 | box = 0.9697 | obj = 2.5017 | cls = 0.0608 | lr = 0.000873
epoch 008 | step 0640 | total = 7.2325 | box = 0.9478 | obj = 2.4138 | cls = 0.0798 | lr = 0.000873
epoch 008 | step 0660 | total = 7.6234 | box = 1.0186 | obj = 2.4589 | cls = 0.0715 | lr = 0.000873
epoch 008 | step 0680 | total = 7.1740 | box = 0.9072 | obj = 2.5636 | cls = 0.0743 | lr = 0.000873
epoch 008 | step 0700 | total = 6.4853 | box = 0.8305 | obj = 2.2637 | cls = 0.0691 | lr = 0.000873
epoch 008 | step 0720 | total = 6.9646 | box = 0.9364 | obj = 2.2093 | cls = 0.0733 | lr = 0.000873
epoch 008 | step 0740 | total = 5.8847 | box = 0.6832 | obj = 2.3832 | cls = 0.0852 | lr = 0.000873
epoch 008 | step 0760 | total = 6.9137 | box = 0.9163 | obj = 2.2543 | cls = 0.0779 | lr = 0.000873
epoch 008 | step 0780 | total = 6.2164 | box = 0.7412 | obj = 2.4435 | cls = 0.0670 | lr = 0.000873
epoch 008 | step 0800 | total = 7.7193 | box = 1.0616 | obj = 2.3448 | cls = 0.0663 | lr = 0.000873
epoch 008 | step 0820 | total = 7.5729 | box = 1.0394 | obj = 2.3075 | cls = 0.0684 | lr = 0.000873
epoch 008 | step 0840 | total = 6.8207 | box = 0.9077 | obj = 2.2190 | cls = 0.0632 | lr = 0.000873
epoch 008 | step 0860 | total = 8.4651 | box = 1.1686 | obj = 2.5427 | cls = 0.0796 | lr = 0.000873
epoch 008 | step 0880 | total = 7.2904 | box = 0.9266 | obj = 2.5836 | cls = 0.0739 | lr = 0.000873
epoch 008 | step 0900 | total = 8.6174 | box = 1.1995 | obj = 2.5499 | cls = 0.0702 | lr = 0.000873
epoch 008 | step 0920 | total = 8.3237 | box = 1.1204 | obj = 2.6536 | cls = 0.0679 | lr = 0.000873
[epoch 008 train] total = 7.1130 | box = 0.9295 | obj = 2.3892 | cls = 0.0762 | steps = 925 | global_batches = 7400 | samples = 118288 | time = 1377.2s
[epoch 008 val] total = 7.2873 | box = 0.9523 | obj = 2.4479 | cls = 0.0781 | steps = 40 | global_batches = 320 | samples = 5000 | time = 46.2s
epoch 009 | step 0001 | total = 5.8547 | box = 0.7293 | obj = 2.1413 | cls = 0.0666 | lr = 0.000836
epoch 009 | step 0020 | total = 7.4686 | box = 0.9137 | obj = 2.8319 | cls = 0.0681 | lr = 0.000836
epoch 009 | step 0040 | total = 7.6934 | box = 1.0386 | obj = 2.4233 | cls = 0.0769 | lr = 0.000836
epoch 009 | step 0060 | total = 7.4163 | box = 0.9930 | obj = 2.3761 | cls = 0.0749 | lr = 0.000836
epoch 009 | step 0080 | total = 6.6903 | box = 0.8779 | obj = 2.2356 | cls = 0.0654 | lr = 0.000836
epoch 009 | step 0100 | total = 6.5359 | box = 0.8406 | obj = 2.2589 | cls = 0.0740 | lr = 0.000836
epoch 009 | step 0120 | total = 7.2805 | box = 0.9756 | obj = 2.3319 | cls = 0.0706 | lr = 0.000836
epoch 009 | step 0140 | total = 7.2838 | box = 0.9761 | obj = 2.3506 | cls = 0.0526 | lr = 0.000836
epoch 009 | step 0160 | total = 7.4018 | box = 1.0028 | obj = 2.3127 | cls = 0.0750 | lr = 0.000836
epoch 009 | step 0180 | total = 6.7373 | box = 0.8740 | obj = 2.2959 | cls = 0.0713 | lr = 0.000836
epoch 009 | step 0200 | total = 6.9382 | box = 0.8859 | obj = 2.4221 | cls = 0.0864 | lr = 0.000836
epoch 009 | step 0220 | total = 7.2278 | box = 0.9542 | obj = 2.3789 | cls = 0.0779 | lr = 0.000836
epoch 009 | step 0240 | total = 7.1645 | box = 0.9386 | obj = 2.3759 | cls = 0.0956 | lr = 0.000836
epoch 009 | step 0260 | total = 5.9991 | box = 0.7335 | obj = 2.2502 | cls = 0.0811 | lr = 0.000836
epoch 009 | step 0280 | total = 6.7809 | box = 0.8507 | obj = 2.4521 | cls = 0.0755 | lr = 0.000836
epoch 009 | step 0300 | total = 6.0126 | box = 0.7362 | obj = 2.2488 | cls = 0.0828 | lr = 0.000836
epoch 009 | step 0320 | total = 7.1442 | box = 0.9625 | obj = 2.2527 | cls = 0.0789 | lr = 0.000836
epoch 009 | step 0340 | total = 6.8614 | box = 0.9101 | obj = 2.2243 | cls = 0.0864 | lr = 0.000836
epoch 009 | step 0360 | total = 6.8060 | box = 0.9030 | obj = 2.2257 | cls = 0.0654 | lr = 0.000836
epoch 009 | step 0380 | total = 7.1110 | box = 0.9491 | obj = 2.2824 | cls = 0.0831 | lr = 0.000836
epoch 009 | step 0400 | total = 8.3277 | box = 1.1363 | obj = 2.5690 | cls = 0.0770 | lr = 0.000836
epoch 009 | step 0420 | total = 6.7792 | box = 0.8961 | obj = 2.2152 | cls = 0.0836 | lr = 0.000836
epoch 009 | step 0440 | total = 6.8775 | box = 0.8633 | obj = 2.4791 | cls = 0.0819 | lr = 0.000836
epoch 009 | step 0460 | total = 6.0147 | box = 0.7308 | obj = 2.2898 | cls = 0.0710 | lr = 0.000836
epoch 009 | step 0480 | total = 6.8663 | box = 0.9040 | obj = 2.2641 | cls = 0.0822 | lr = 0.000836
epoch 009 | step 0500 | total = 7.8818 | box = 1.1052 | obj = 2.2885 | cls = 0.0674 | lr = 0.000836
epoch 009 | step 0520 | total = 6.5779 | box = 0.8515 | obj = 2.2578 | cls = 0.0625 | lr = 0.000836
epoch 009 | step 0540 | total = 6.7556 | box = 0.8521 | obj = 2.4098 | cls = 0.0853 | lr = 0.000836
epoch 009 | step 0560 | total = 7.6307 | box = 1.0126 | obj = 2.4934 | cls = 0.0741 | lr = 0.000836
epoch 009 | step 0580 | total = 6.7893 | box = 0.9035 | obj = 2.1967 | cls = 0.0751 | lr = 0.000836
epoch 009 | step 0600 | total = 7.7260 | box = 1.0930 | obj = 2.2045 | cls = 0.0562 | lr = 0.000836
epoch 009 | step 0620 | total = 7.0075 | box = 0.9237 | obj = 2.3165 | cls = 0.0723 | lr = 0.000836
epoch 009 | step 0640 | total = 7.1914 | box = 0.9859 | obj = 2.2049 | cls = 0.0570 | lr = 0.000836
epoch 009 | step 0660 | total = 5.5879 | box = 0.6284 | obj = 2.3472 | cls = 0.0989 | lr = 0.000836
epoch 009 | step 0680 | total = 6.7216 | box = 0.8630 | obj = 2.3432 | cls = 0.0637 | lr = 0.000836
epoch 009 | step 0700 | total = 7.4565 | box = 1.0169 | obj = 2.3146 | cls = 0.0576 | lr = 0.000836
epoch 009 | step 0720 | total = 7.7738 | box = 1.0901 | obj = 2.2319 | cls = 0.0914 | lr = 0.000836
epoch 009 | step 0740 | total = 7.8323 | box = 1.0381 | obj = 2.5829 | cls = 0.0591 | lr = 0.000836
epoch 009 | step 0760 | total = 6.8625 | box = 0.9115 | obj = 2.2276 | cls = 0.0773 | lr = 0.000836
epoch 009 | step 0780 | total = 6.9979 | box = 0.9087 | obj = 2.3739 | cls = 0.0805 | lr = 0.000836
epoch 009 | step 0800 | total = 7.0083 | box = 0.9219 | obj = 2.3321 | cls = 0.0669 | lr = 0.000836
epoch 009 | step 0820 | total = 6.8105 | box = 0.8290 | obj = 2.5859 | cls = 0.0799 | lr = 0.000836
epoch 009 | step 0840 | total = 7.4977 | box = 1.0087 | obj = 2.3867 | cls = 0.0675 | lr = 0.000836
epoch 009 | step 0860 | total = 6.8271 | box = 0.8436 | obj = 2.5236 | cls = 0.0858 | lr = 0.000836
epoch 009 | step 0880 | total = 7.1314 | box = 0.9125 | obj = 2.4909 | cls = 0.0777 | lr = 0.000836
epoch 009 | step 0900 | total = 6.6151 | box = 0.8723 | obj = 2.1869 | cls = 0.0666 | lr = 0.000836
epoch 009 | step 0920 | total = 7.5307 | box = 0.9962 | obj = 2.4695 | cls = 0.0802 | lr = 0.000836
[epoch 009 train] total = 6.9569 | box = 0.9061 | obj = 2.3517 | cls = 0.0747 | steps = 925 | global_batches = 7400 | samples = 118288 | time = 1391.0s
[epoch 009 val] total = 7.2521 | box = 0.9491 | obj = 2.4306 | cls = 0.0758 | steps = 40 | global_batches = 320 | samples = 5000 | time = 46.4s
epoch 010 | step 0001 | total = 6.8700 | box = 0.8980 | obj = 2.3088 | cls = 0.0711 | lr = 0.000796
epoch 010 | step 0020 | total = 8.5952 | box = 1.2465 | obj = 2.3003 | cls = 0.0622 | lr = 0.000796
epoch 010 | step 0040 | total = 6.6284 | box = 0.8430 | obj = 2.3419 | cls = 0.0716 | lr = 0.000796
epoch 010 | step 0060 | total = 6.4977 | box = 0.8230 | obj = 2.3049 | cls = 0.0777 | lr = 0.000796
epoch 010 | step 0080 | total = 7.1495 | box = 0.9440 | obj = 2.3572 | cls = 0.0723 | lr = 0.000796
epoch 010 | step 0100 | total = 7.1152 | box = 0.9379 | obj = 2.3428 | cls = 0.0831 | lr = 0.000796
epoch 010 | step 0120 | total = 6.6071 | box = 0.8176 | obj = 2.4266 | cls = 0.0927 | lr = 0.000796
epoch 010 | step 0140 | total = 7.1760 | box = 0.9529 | obj = 2.3330 | cls = 0.0786 | lr = 0.000796
epoch 010 | step 0160 | total = 5.9521 | box = 0.7266 | obj = 2.2504 | cls = 0.0686 | lr = 0.000796
epoch 010 | step 0180 | total = 6.3455 | box = 0.7960 | obj = 2.2967 | cls = 0.0688 | lr = 0.000796
epoch 010 | step 0200 | total = 7.1002 | box = 0.9663 | obj = 2.2047 | cls = 0.0638 | lr = 0.000796
epoch 010 | step 0220 | total = 6.8878 | box = 0.8519 | obj = 2.5535 | cls = 0.0748 | lr = 0.000796
epoch 010 | step 0240 | total = 6.1608 | box = 0.7888 | obj = 2.1421 | cls = 0.0746 | lr = 0.000796
epoch 010 | step 0260 | total = 6.1686 | box = 0.7840 | obj = 2.1713 | cls = 0.0774 | lr = 0.000796
epoch 010 | step 0280 | total = 6.3737 | box = 0.8387 | obj = 2.1122 | cls = 0.0679 | lr = 0.000796
epoch 010 | step 0300 | total = 6.7300 | box = 0.8778 | obj = 2.2686 | cls = 0.0726 | lr = 0.000796
epoch 010 | step 0320 | total = 7.1133 | box = 0.9260 | obj = 2.3960 | cls = 0.0872 | lr = 0.000796
epoch 010 | step 0340 | total = 7.3243 | box = 1.0159 | obj = 2.1679 | cls = 0.0767 | lr = 0.000796
epoch 010 | step 0360 | total = 7.1004 | box = 0.9396 | obj = 2.3283 | cls = 0.0741 | lr = 0.000796
epoch 010 | step 0380 | total = 6.8631 | box = 0.8866 | obj = 2.3600 | cls = 0.0702 | lr = 0.000796
epoch 010 | step 0400 | total = 5.0289 | box = 0.5493 | obj = 2.1856 | cls = 0.0968 | lr = 0.000796
epoch 010 | step 0420 | total = 7.2787 | box = 1.0113 | obj = 2.1610 | cls = 0.0611 | lr = 0.000796
epoch 010 | step 0440 | total = 5.9430 | box = 0.7125 | obj = 2.3076 | cls = 0.0729 | lr = 0.000796
epoch 010 | step 0460 | total = 7.0780 | box = 0.9066 | obj = 2.4686 | cls = 0.0765 | lr = 0.000796
epoch 010 | step 0480 | total = 7.6176 | box = 1.0076 | obj = 2.5002 | cls = 0.0796 | lr = 0.000796
epoch 010 | step 0500 | total = 6.4778 | box = 0.7852 | obj = 2.4693 | cls = 0.0825 | lr = 0.000796
epoch 010 | step 0520 | total = 6.8693 | box = 0.8593 | obj = 2.5003 | cls = 0.0727 | lr = 0.000796
epoch 010 | step 0540 | total = 6.1857 | box = 0.8008 | obj = 2.1158 | cls = 0.0658 | lr = 0.000796
epoch 010 | step 0560 | total = 7.1692 | box = 0.9651 | obj = 2.2607 | cls = 0.0828 | lr = 0.000796
epoch 010 | step 0580 | total = 7.0587 | box = 0.9020 | obj = 2.4784 | cls = 0.0703 | lr = 0.000796
epoch 010 | step 0600 | total = 6.2494 | box = 0.7817 | obj = 2.2654 | cls = 0.0757 | lr = 0.000796
epoch 010 | step 0620 | total = 7.2876 | box = 0.9677 | obj = 2.3690 | cls = 0.0803 | lr = 0.000796
epoch 010 | step 0640 | total = 6.9635 | box = 0.9588 | obj = 2.1013 | cls = 0.0683 | lr = 0.000796
epoch 010 | step 0660 | total = 5.6681 | box = 0.6917 | obj = 2.1419 | cls = 0.0679 | lr = 0.000796
epoch 010 | step 0680 | total = 6.9208 | box = 0.9095 | obj = 2.2982 | cls = 0.0751 | lr = 0.000796
epoch 010 | step 0700 | total = 8.1620 | box = 1.1045 | obj = 2.5597 | cls = 0.0796 | lr = 0.000796
epoch 010 | step 0720 | total = 7.0249 | box = 0.9503 | obj = 2.2206 | cls = 0.0528 | lr = 0.000796
epoch 010 | step 0740 | total = 8.0852 | box = 1.0697 | obj = 2.6692 | cls = 0.0673 | lr = 0.000796
epoch 010 | step 0760 | total = 8.0138 | box = 1.1132 | obj = 2.3743 | cls = 0.0736 | lr = 0.000796
epoch 010 | step 0780 | total = 5.4095 | box = 0.6743 | obj = 1.9514 | cls = 0.0864 | lr = 0.000796
epoch 010 | step 0800 | total = 7.8716 | box = 1.1017 | obj = 2.2840 | cls = 0.0793 | lr = 0.000796
epoch 010 | step 0820 | total = 6.9862 | box = 0.9522 | obj = 2.1559 | cls = 0.0695 | lr = 0.000796
epoch 010 | step 0840 | total = 6.7747 | box = 0.8862 | obj = 2.2799 | cls = 0.0639 | lr = 0.000796
epoch 010 | step 0860 | total = 7.2930 | box = 0.9728 | obj = 2.3585 | cls = 0.0706 | lr = 0.000796
epoch 010 | step 0880 | total = 6.5622 | box = 0.8580 | obj = 2.2024 | cls = 0.0696 | lr = 0.000796
epoch 010 | step 0900 | total = 7.1555 | box = 0.9415 | obj = 2.3839 | cls = 0.0639 | lr = 0.000796
epoch 010 | step 0920 | total = 6.6413 | box = 0.8545 | obj = 2.2959 | cls = 0.0729 | lr = 0.000796
[epoch 010 train] total = 6.8100 | box = 0.8841 | obj = 2.3164 | cls = 0.0733 | steps = 925 | global_batches = 7400 | samples = 118288 | time = 1402.6s
[epoch 010 val] total = 7.1002 | box = 0.9263 | obj = 2.3941 | cls = 0.0747 | steps = 40 | global_batches = 320 | samples = 5000 | time = 46.3s
epoch 011 | step 0001 | total = 5.8142 | box = 0.7105 | obj = 2.1947 | cls = 0.0671 | lr = 0.000753
epoch 011 | step 0020 | total = 7.5824 | box = 0.9784 | obj = 2.6213 | cls = 0.0689 | lr = 0.000753
epoch 011 | step 0040 | total = 6.7031 | box = 0.8577 | obj = 2.3462 | cls = 0.0685 | lr = 0.000753
epoch 011 | step 0060 | total = 6.8525 | box = 0.8801 | obj = 2.3584 | cls = 0.0935 | lr = 0.000753
epoch 011 | step 0080 | total = 5.9811 | box = 0.7019 | obj = 2.3990 | cls = 0.0727 | lr = 0.000753
epoch 011 | step 0100 | total = 7.0052 | box = 0.9121 | obj = 2.3573 | cls = 0.0875 | lr = 0.000753
epoch 011 | step 0120 | total = 7.6203 | box = 1.0379 | obj = 2.3591 | cls = 0.0717 | lr = 0.000753
epoch 011 | step 0140 | total = 6.9678 | box = 0.9155 | obj = 2.3207 | cls = 0.0696 | lr = 0.000753
epoch 011 | step 0160 | total = 7.4674 | box = 1.0059 | obj = 2.3664 | cls = 0.0715 | lr = 0.000753
epoch 011 | step 0180 | total = 7.5461 | box = 1.0438 | obj = 2.2621 | cls = 0.0651 | lr = 0.000753
epoch 011 | step 0200 | total = 6.8238 | box = 0.9250 | obj = 2.1336 | cls = 0.0652 | lr = 0.000753
epoch 011 | step 0220 | total = 7.7129 | box = 1.0258 | obj = 2.5115 | cls = 0.0723 | lr = 0.000753
epoch 011 | step 0240 | total = 7.1577 | box = 0.9037 | obj = 2.5673 | cls = 0.0717 | lr = 0.000753
epoch 011 | step 0260 | total = 6.8099 | box = 0.8983 | obj = 2.2507 | cls = 0.0679 | lr = 0.000753
epoch 011 | step 0280 | total = 6.1628 | box = 0.7539 | obj = 2.3213 | cls = 0.0721 | lr = 0.000753
epoch 011 | step 0300 | total = 6.5978 | box = 0.8511 | obj = 2.2659 | cls = 0.0763 | lr = 0.000753
epoch 011 | step 0320 | total = 6.8495 | box = 0.8948 | obj = 2.3011 | cls = 0.0741 | lr = 0.000753
epoch 011 | step 0340 | total = 7.2780 | box = 0.9181 | obj = 2.6209 | cls = 0.0667 | lr = 0.000753
epoch 011 | step 0360 | total = 6.5872 | box = 0.8469 | obj = 2.2832 | cls = 0.0697 | lr = 0.000753
epoch 011 | step 0380 | total = 6.4092 | box = 0.8142 | obj = 2.2669 | cls = 0.0715 | lr = 0.000753
epoch 011 | step 0400 | total = 6.5057 | box = 0.8495 | obj = 2.1942 | cls = 0.0638 | lr = 0.000753
epoch 011 | step 0420 | total = 6.9514 | box = 0.9340 | obj = 2.2161 | cls = 0.0651 | lr = 0.000753
epoch 011 | step 0440 | total = 7.0943 | box = 0.9139 | obj = 2.4434 | cls = 0.0813 | lr = 0.000753
epoch 011 | step 0460 | total = 6.9020 | box = 0.9114 | obj = 2.2686 | cls = 0.0762 | lr = 0.000753
epoch 011 | step 0480 | total = 6.6452 | box = 0.8840 | obj = 2.1473 | cls = 0.0779 | lr = 0.000753
epoch 011 | step 0500 | total = 7.4628 | box = 1.0481 | obj = 2.1580 | cls = 0.0643 | lr = 0.000753
epoch 011 | step 0520 | total = 7.0071 | box = 0.8978 | obj = 2.4141 | cls = 0.1041 | lr = 0.000753
epoch 011 | step 0540 | total = 6.9322 | box = 0.8882 | obj = 2.4012 | cls = 0.0899 | lr = 0.000753
epoch 011 | step 0560 | total = 6.7561 | box = 0.8888 | obj = 2.2579 | cls = 0.0543 | lr = 0.000753
epoch 011 | step 0580 | total = 7.2718 | box = 0.9729 | obj = 2.3418 | cls = 0.0657 | lr = 0.000753
epoch 011 | step 0600 | total = 5.7070 | box = 0.6747 | obj = 2.2546 | cls = 0.0789 | lr = 0.000753
epoch 011 | step 0620 | total = 7.3822 | box = 0.9903 | obj = 2.3633 | cls = 0.0672 | lr = 0.000753
epoch 011 | step 0640 | total = 7.1762 | box = 0.9473 | obj = 2.3788 | cls = 0.0609 | lr = 0.000753
epoch 011 | step 0660 | total = 6.4249 | box = 0.8176 | obj = 2.2626 | cls = 0.0745 | lr = 0.000753
epoch 011 | step 0680 | total = 7.4840 | box = 1.0495 | obj = 2.1831 | cls = 0.0533 | lr = 0.000753
epoch 011 | step 0700 | total = 7.6347 | box = 1.0587 | obj = 2.2860 | cls = 0.0550 | lr = 0.000753
epoch 011 | step 0720 | total = 6.8068 | box = 0.9146 | obj = 2.1489 | cls = 0.0848 | lr = 0.000753
epoch 011 | step 0740 | total = 7.3152 | box = 0.9843 | obj = 2.3263 | cls = 0.0676 | lr = 0.000753
epoch 011 | step 0760 | total = 7.2166 | box = 0.9484 | obj = 2.4039 | cls = 0.0707 | lr = 0.000753
epoch 011 | step 0780 | total = 5.7677 | box = 0.7414 | obj = 1.9947 | cls = 0.0659 | lr = 0.000753
epoch 011 | step 0800 | total = 7.1662 | box = 0.8292 | obj = 2.9209 | cls = 0.0992 | lr = 0.000753
epoch 011 | step 0820 | total = 6.9134 | box = 0.9251 | obj = 2.2193 | cls = 0.0687 | lr = 0.000753
epoch 011 | step 0840 | total = 6.4792 | box = 0.8115 | obj = 2.3448 | cls = 0.0768 | lr = 0.000753
epoch 011 | step 0860 | total = 6.0781 | box = 0.7583 | obj = 2.2042 | cls = 0.0822 | lr = 0.000753
epoch 011 | step 0880 | total = 6.8790 | box = 0.9206 | obj = 2.2048 | cls = 0.0713 | lr = 0.000753
epoch 011 | step 0900 | total = 6.6767 | box = 0.8906 | obj = 2.1664 | cls = 0.0574 | lr = 0.000753
epoch 011 | step 0920 | total = 6.9976 | box = 0.8680 | obj = 2.5902 | cls = 0.0674 | lr = 0.000753
[epoch 011 train] total = 6.6643 | box = 0.8629 | obj = 2.2776 | cls = 0.0720 | steps = 925 | global_batches = 7400 | samples = 118288 | time = 1413.9s
[epoch 011 val] total = 7.1068 | box = 0.9203 | obj = 2.4309 | cls = 0.0744 | steps = 40 | global_batches = 320 | samples = 5000 | time = 47.3s
epoch 012 | step 0001 | total = 6.2439 | box = 0.8162 | obj = 2.1055 | cls = 0.0573 | lr = 0.000706
epoch 012 | step 0020 | total = 5.7852 | box = 0.7299 | obj = 2.0721 | cls = 0.0639 | lr = 0.000706
epoch 012 | step 0040 | total = 7.2301 | box = 1.0085 | obj = 2.1222 | cls = 0.0654 | lr = 0.000706
epoch 012 | step 0060 | total = 4.8399 | box = 0.5508 | obj = 1.9887 | cls = 0.0972 | lr = 0.000706
epoch 012 | step 0080 | total = 7.6649 | box = 1.0253 | obj = 2.4722 | cls = 0.0661 | lr = 0.000706
epoch 012 | step 0100 | total = 5.9955 | box = 0.7749 | obj = 2.0621 | cls = 0.0587 | lr = 0.000706
epoch 012 | step 0120 | total = 7.0022 | box = 0.9483 | obj = 2.1994 | cls = 0.0611 | lr = 0.000706
epoch 012 | step 0140 | total = 5.7105 | box = 0.6994 | obj = 2.1328 | cls = 0.0809 | lr = 0.000706
epoch 012 | step 0160 | total = 6.2467 | box = 0.7921 | obj = 2.2230 | cls = 0.0631 | lr = 0.000706
epoch 012 | step 0180 | total = 6.0346 | box = 0.7119 | obj = 2.4057 | cls = 0.0691 | lr = 0.000706
epoch 012 | step 0200 | total = 5.6711 | box = 0.7193 | obj = 2.0006 | cls = 0.0738 | lr = 0.000706
epoch 012 | step 0220 | total = 6.7428 | box = 0.8819 | obj = 2.2655 | cls = 0.0677 | lr = 0.000706
epoch 012 | step 0240 | total = 6.8025 | box = 0.8839 | obj = 2.3166 | cls = 0.0665 | lr = 0.000706
epoch 012 | step 0260 | total = 6.8292 | box = 0.8964 | obj = 2.2786 | cls = 0.0684 | lr = 0.000706
epoch 012 | step 0280 | total = 5.5737 | box = 0.6614 | obj = 2.1973 | cls = 0.0695 | lr = 0.000706
epoch 012 | step 0300 | total = 6.8582 | box = 0.8929 | obj = 2.3340 | cls = 0.0595 | lr = 0.000706
epoch 012 | step 0320 | total = 6.8287 | box = 0.8907 | obj = 2.3056 | cls = 0.0698 | lr = 0.000706
epoch 012 | step 0340 | total = 6.8793 | box = 0.9227 | obj = 2.1942 | cls = 0.0714 | lr = 0.000706
epoch 012 | step 0360 | total = 8.2072 | box = 1.1253 | obj = 2.5113 | cls = 0.0694 | lr = 0.000706
epoch 012 | step 0380 | total = 6.3619 | box = 0.8413 | obj = 2.0887 | cls = 0.0665 | lr = 0.000706
epoch 012 | step 0400 | total = 6.6271 | box = 0.8760 | obj = 2.1611 | cls = 0.0858 | lr = 0.000706
epoch 012 | step 0420 | total = 7.1618 | box = 0.9045 | obj = 2.5673 | cls = 0.0719 | lr = 0.000706
epoch 012 | step 0440 | total = 5.7963 | box = 0.7272 | obj = 2.0899 | cls = 0.0702 | lr = 0.000706
epoch 012 | step 0460 | total = 7.7829 | box = 1.0845 | obj = 2.3047 | cls = 0.0558 | lr = 0.000706
epoch 012 | step 0480 | total = 6.3257 | box = 0.8171 | obj = 2.1709 | cls = 0.0695 | lr = 0.000706
epoch 012 | step 0500 | total = 8.1258 | box = 1.1239 | obj = 2.4430 | cls = 0.0633 | lr = 0.000706
epoch 012 | step 0520 | total = 6.7190 | box = 0.8896 | obj = 2.2103 | cls = 0.0606 | lr = 0.000706
epoch 012 | step 0540 | total = 4.9326 | box = 0.5591 | obj = 2.0593 | cls = 0.0777 | lr = 0.000706
epoch 012 | step 0560 | total = 7.2102 | box = 0.9518 | obj = 2.3766 | cls = 0.0744 | lr = 0.000706
epoch 012 | step 0580 | total = 7.5663 | box = 0.9488 | obj = 2.7459 | cls = 0.0764 | lr = 0.000706
epoch 012 | step 0600 | total = 6.5018 | box = 0.8514 | obj = 2.1540 | cls = 0.0910 | lr = 0.000706
epoch 012 | step 0620 | total = 6.2828 | box = 0.7740 | obj = 2.3238 | cls = 0.0890 | lr = 0.000706
epoch 012 | step 0640 | total = 7.2278 | box = 1.0005 | obj = 2.1721 | cls = 0.0534 | lr = 0.000706
epoch 012 | step 0660 | total = 6.8996 | box = 0.9226 | obj = 2.2138 | cls = 0.0727 | lr = 0.000706
epoch 012 | step 0680 | total = 6.3781 | box = 0.7852 | obj = 2.3833 | cls = 0.0690 | lr = 0.000706
epoch 012 | step 0700 | total = 6.0101 | box = 0.7419 | obj = 2.2225 | cls = 0.0782 | lr = 0.000706
epoch 012 | step 0720 | total = 7.7155 | box = 1.0124 | obj = 2.5761 | cls = 0.0773 | lr = 0.000706
epoch 012 | step 0740 | total = 6.8161 | box = 0.8956 | obj = 2.2689 | cls = 0.0690 | lr = 0.000706
epoch 012 | step 0760 | total = 5.9884 | box = 0.7443 | obj = 2.2010 | cls = 0.0661 | lr = 0.000706
epoch 012 | step 0780 | total = 7.0772 | box = 0.9362 | obj = 2.3358 | cls = 0.0604 | lr = 0.000706
epoch 012 | step 0800 | total = 6.1207 | box = 0.7597 | obj = 2.2609 | cls = 0.0611 | lr = 0.000706
epoch 012 | step 0820 | total = 6.8821 | box = 0.8760 | obj = 2.4315 | cls = 0.0704 | lr = 0.000706
epoch 012 | step 0840 | total = 5.7008 | box = 0.6963 | obj = 2.1359 | cls = 0.0834 | lr = 0.000706
epoch 012 | step 0860 | total = 6.3605 | box = 0.8026 | obj = 2.2753 | cls = 0.0723 | lr = 0.000706
epoch 012 | step 0880 | total = 7.2726 | box = 0.9471 | obj = 2.4694 | cls = 0.0675 | lr = 0.000706
epoch 012 | step 0900 | total = 7.0456 | box = 0.9313 | obj = 2.3120 | cls = 0.0770 | lr = 0.000706
epoch 012 | step 0920 | total = 6.3305 | box = 0.8128 | obj = 2.1892 | cls = 0.0774 | lr = 0.000706
[epoch 012 train] total = 6.5388 | box = 0.8443 | obj = 2.2463 | cls = 0.0709 | steps = 925 | global_batches = 7400 | samples = 118288 | time = 1434.0s
[epoch 012 val] total = 6.9087 | box = 0.8958 | obj = 2.3573 | cls = 0.0722 | steps = 40 | global_batches = 320 | samples = 5000 | time = 47.5s
epoch 013 | step 0001 | total = 7.3542 | box = 1.0057 | obj = 2.2707 | cls = 0.0549 | lr = 0.000658
epoch 013 | step 0020 | total = 7.3188 | box = 0.9449 | obj = 2.5154 | cls = 0.0786 | lr = 0.000658
epoch 013 | step 0040 | total = 6.0098 | box = 0.7523 | obj = 2.1871 | cls = 0.0612 | lr = 0.000658
epoch 013 | step 0060 | total = 5.7552 | box = 0.7114 | obj = 2.1439 | cls = 0.0545 | lr = 0.000658
epoch 013 | step 0080 | total = 5.7984 | box = 0.7487 | obj = 1.9970 | cls = 0.0579 | lr = 0.000658
epoch 013 | step 0100 | total = 5.7229 | box = 0.7432 | obj = 1.9500 | cls = 0.0570 | lr = 0.000658
epoch 013 | step 0120 | total = 7.0519 | box = 0.9452 | obj = 2.2608 | cls = 0.0649 | lr = 0.000658
epoch 013 | step 0140 | total = 4.9992 | box = 0.5746 | obj = 2.0537 | cls = 0.0726 | lr = 0.000658
epoch 013 | step 0160 | total = 5.8636 | box = 0.7391 | obj = 2.1074 | cls = 0.0606 | lr = 0.000658
epoch 013 | step 0180 | total = 6.7179 | box = 0.8836 | obj = 2.2278 | cls = 0.0720 | lr = 0.000658
epoch 013 | step 0200 | total = 5.8048 | box = 0.7031 | obj = 2.2061 | cls = 0.0832 | lr = 0.000658
epoch 013 | step 0220 | total = 8.0855 | box = 1.0717 | obj = 2.6691 | cls = 0.0580 | lr = 0.000658
epoch 013 | step 0240 | total = 7.0908 | box = 0.9528 | obj = 2.2565 | cls = 0.0704 | lr = 0.000658
epoch 013 | step 0260 | total = 7.3588 | box = 1.0096 | obj = 2.2492 | cls = 0.0615 | lr = 0.000658
epoch 013 | step 0280 | total = 6.6168 | box = 0.8606 | obj = 2.2528 | cls = 0.0612 | lr = 0.000658
epoch 013 | step 0300 | total = 7.3572 | box = 1.0457 | obj = 2.0566 | cls = 0.0719 | lr = 0.000658
epoch 013 | step 0320 | total = 6.1824 | box = 0.7040 | obj = 2.5923 | cls = 0.0703 | lr = 0.000658
epoch 013 | step 0340 | total = 6.0919 | box = 0.7488 | obj = 2.2760 | cls = 0.0720 | lr = 0.000658
epoch 013 | step 0360 | total = 5.9131 | box = 0.7505 | obj = 2.1022 | cls = 0.0586 | lr = 0.000658
epoch 013 | step 0380 | total = 6.6269 | box = 0.8209 | obj = 2.4477 | cls = 0.0746 | lr = 0.000658
epoch 013 | step 0400 | total = 6.7566 | box = 0.8752 | obj = 2.3045 | cls = 0.0762 | lr = 0.000658
epoch 013 | step 0420 | total = 5.6548 | box = 0.6867 | obj = 2.1498 | cls = 0.0717 | lr = 0.000658
epoch 013 | step 0440 | total = 6.6567 | box = 0.8645 | obj = 2.2717 | cls = 0.0623 | lr = 0.000658
epoch 013 | step 0460 | total = 5.6141 | box = 0.6961 | obj = 2.0575 | cls = 0.0759 | lr = 0.000658
epoch 013 | step 0480 | total = 6.3132 | box = 0.8316 | obj = 2.0834 | cls = 0.0717 | lr = 0.000658
epoch 013 | step 0500 | total = 6.5600 | box = 0.8516 | obj = 2.2395 | cls = 0.0622 | lr = 0.000658
epoch 013 | step 0520 | total = 5.9514 | box = 0.7643 | obj = 2.0651 | cls = 0.0649 | lr = 0.000658
epoch 013 | step 0540 | total = 5.1320 | box = 0.6100 | obj = 2.0199 | cls = 0.0623 | lr = 0.000658
epoch 013 | step 0560 | total = 6.2465 | box = 0.8447 | obj = 1.9663 | cls = 0.0568 | lr = 0.000658
epoch 013 | step 0580 | total = 6.6911 | box = 0.8916 | obj = 2.1650 | cls = 0.0680 | lr = 0.000658
epoch 013 | step 0600 | total = 5.6043 | box = 0.7050 | obj = 2.0217 | cls = 0.0575 | lr = 0.000658
epoch 013 | step 0620 | total = 6.5722 | box = 0.8500 | obj = 2.2459 | cls = 0.0762 | lr = 0.000658
epoch 013 | step 0640 | total = 5.9179 | box = 0.7310 | obj = 2.1996 | cls = 0.0632 | lr = 0.000658
epoch 013 | step 0660 | total = 5.8218 | box = 0.7168 | obj = 2.1734 | cls = 0.0644 | lr = 0.000658
epoch 013 | step 0680 | total = 6.5128 | box = 0.8466 | obj = 2.2224 | cls = 0.0575 | lr = 0.000658
epoch 013 | step 0700 | total = 5.4320 | box = 0.6520 | obj = 2.1079 | cls = 0.0643 | lr = 0.000658
epoch 013 | step 0720 | total = 6.6214 | box = 0.8686 | obj = 2.2087 | cls = 0.0697 | lr = 0.000658
epoch 013 | step 0740 | total = 5.8248 | box = 0.7000 | obj = 2.2569 | cls = 0.0679 | lr = 0.000658
epoch 013 | step 0760 | total = 6.7223 | box = 0.8631 | obj = 2.3373 | cls = 0.0697 | lr = 0.000658
epoch 013 | step 0780 | total = 6.9982 | box = 0.9157 | obj = 2.3413 | cls = 0.0786 | lr = 0.000658
epoch 013 | step 0800 | total = 7.4794 | box = 1.0048 | obj = 2.3818 | cls = 0.0735 | lr = 0.000658
epoch 013 | step 0820 | total = 5.8616 | box = 0.7096 | obj = 2.2558 | cls = 0.0576 | lr = 0.000658
epoch 013 | step 0840 | total = 5.9411 | box = 0.7473 | obj = 2.1273 | cls = 0.0771 | lr = 0.000658
epoch 013 | step 0860 | total = 5.7831 | box = 0.7144 | obj = 2.1255 | cls = 0.0858 | lr = 0.000658
epoch 013 | step 0880 | total = 6.8845 | box = 0.8750 | obj = 2.4357 | cls = 0.0739 | lr = 0.000658
epoch 013 | step 0900 | total = 5.8289 | box = 0.7205 | obj = 2.1373 | cls = 0.0892 | lr = 0.000658
epoch 013 | step 0920 | total = 6.6344 | box = 0.8602 | obj = 2.2631 | cls = 0.0701 | lr = 0.000658
[epoch 013 train] total = 6.4053 | box = 0.8252 | obj = 2.2094 | cls = 0.0698 | steps = 925 | global_batches = 7400 | samples = 118288 | time = 1443.0s
[epoch 013 val] total = 6.8331 | box = 0.8843 | obj = 2.3389 | cls = 0.0725 | steps = 40 | global_batches = 320 | samples = 5000 | time = 49.1s
epoch 014 | step 0001 | total = 6.3218 | box = 0.8161 | obj = 2.1650 | cls = 0.0764 | lr = 0.000608
epoch 014 | step 0020 | total = 6.5787 | box = 0.8266 | obj = 2.3696 | cls = 0.0759 | lr = 0.000608
epoch 014 | step 0040 | total = 6.2052 | box = 0.7845 | obj = 2.2022 | cls = 0.0804 | lr = 0.000608
epoch 014 | step 0060 | total = 6.7861 | box = 0.9160 | obj = 2.1396 | cls = 0.0665 | lr = 0.000608
epoch 014 | step 0080 | total = 5.6383 | box = 0.7127 | obj = 2.0220 | cls = 0.0531 | lr = 0.000608
epoch 014 | step 0100 | total = 5.3253 | box = 0.6589 | obj = 1.9566 | cls = 0.0744 | lr = 0.000608
epoch 014 | step 0120 | total = 6.7458 | box = 0.9296 | obj = 2.0300 | cls = 0.0678 | lr = 0.000608
epoch 014 | step 0140 | total = 7.9749 | box = 1.1293 | obj = 2.2611 | cls = 0.0671 | lr = 0.000608
epoch 014 | step 0160 | total = 7.0022 | box = 0.9632 | obj = 2.1267 | cls = 0.0594 | lr = 0.000608
epoch 014 | step 0180 | total = 6.9490 | box = 0.9500 | obj = 2.1366 | cls = 0.0626 | lr = 0.000608
epoch 014 | step 0200 | total = 6.8613 | box = 0.9385 | obj = 2.1061 | cls = 0.0627 | lr = 0.000608
epoch 014 | step 0220 | total = 7.3622 | box = 1.0148 | obj = 2.2276 | cls = 0.0606 | lr = 0.000608
epoch 014 | step 0240 | total = 6.4681 | box = 0.8453 | obj = 2.1733 | cls = 0.0683 | lr = 0.000608
epoch 014 | step 0260 | total = 4.9789 | box = 0.5897 | obj = 1.9446 | cls = 0.0856 | lr = 0.000608
epoch 014 | step 0280 | total = 6.5024 | box = 0.8579 | obj = 2.1488 | cls = 0.0640 | lr = 0.000608
epoch 014 | step 0300 | total = 7.7434 | box = 1.0369 | obj = 2.4771 | cls = 0.0820 | lr = 0.000608
epoch 014 | step 0320 | total = 5.0796 | box = 0.5582 | obj = 2.1882 | cls = 0.1002 | lr = 0.000608
epoch 014 | step 0340 | total = 6.8040 | box = 0.8633 | obj = 2.4107 | cls = 0.0765 | lr = 0.000608
epoch 014 | step 0360 | total = 8.0318 | box = 1.1351 | obj = 2.2929 | cls = 0.0636 | lr = 0.000608
epoch 014 | step 0380 | total = 5.1694 | box = 0.6376 | obj = 1.9049 | cls = 0.0764 | lr = 0.000608
epoch 014 | step 0400 | total = 6.4848 | box = 0.8083 | obj = 2.3770 | cls = 0.0661 | lr = 0.000608
epoch 014 | step 0420 | total = 6.8369 | box = 0.9171 | obj = 2.1844 | cls = 0.0670 | lr = 0.000608
epoch 014 | step 0440 | total = 6.6255 | box = 0.8962 | obj = 2.0896 | cls = 0.0547 | lr = 0.000608
epoch 014 | step 0460 | total = 5.9039 | box = 0.7284 | obj = 2.1896 | cls = 0.0724 | lr = 0.000608
epoch 014 | step 0480 | total = 5.6749 | box = 0.7184 | obj = 2.0169 | cls = 0.0660 | lr = 0.000608
epoch 014 | step 0500 | total = 6.1200 | box = 0.7949 | obj = 2.0737 | cls = 0.0717 | lr = 0.000608
epoch 014 | step 0520 | total = 7.2864 | box = 0.9987 | obj = 2.2341 | cls = 0.0585 | lr = 0.000608
epoch 014 | step 0540 | total = 6.3184 | box = 0.8173 | obj = 2.1585 | cls = 0.0737 | lr = 0.000608
epoch 014 | step 0560 | total = 7.2067 | box = 0.9832 | obj = 2.2290 | cls = 0.0616 | lr = 0.000608
epoch 014 | step 0580 | total = 6.0762 | box = 0.7833 | obj = 2.0865 | cls = 0.0730 | lr = 0.000608
epoch 014 | step 0600 | total = 5.9414 | box = 0.7333 | obj = 2.2102 | cls = 0.0644 | lr = 0.000608
epoch 014 | step 0620 | total = 6.2083 | box = 0.7848 | obj = 2.2223 | cls = 0.0622 | lr = 0.000608
epoch 014 | step 0640 | total = 5.1465 | box = 0.6030 | obj = 2.0358 | cls = 0.0958 | lr = 0.000608
epoch 014 | step 0660 | total = 6.3182 | box = 0.8270 | obj = 2.1177 | cls = 0.0656 | lr = 0.000608
epoch 014 | step 0680 | total = 7.3895 | box = 1.0081 | obj = 2.2835 | cls = 0.0654 | lr = 0.000608
epoch 014 | step 0700 | total = 7.2385 | box = 0.9826 | obj = 2.2611 | cls = 0.0642 | lr = 0.000608
epoch 014 | step 0720 | total = 5.6771 | box = 0.7236 | obj = 1.9978 | cls = 0.0614 | lr = 0.000608
epoch 014 | step 0740 | total = 7.0839 | box = 0.9757 | obj = 2.1402 | cls = 0.0650 | lr = 0.000608
epoch 014 | step 0760 | total = 6.3582 | box = 0.8317 | obj = 2.1387 | cls = 0.0610 | lr = 0.000608
epoch 014 | step 0780 | total = 6.2174 | box = 0.7447 | obj = 2.4211 | cls = 0.0728 | lr = 0.000608
epoch 014 | step 0800 | total = 7.0549 | box = 0.9614 | obj = 2.1886 | cls = 0.0595 | lr = 0.000608
epoch 014 | step 0820 | total = 6.5370 | box = 0.8584 | obj = 2.1692 | cls = 0.0757 | lr = 0.000608
epoch 014 | step 0840 | total = 7.2816 | box = 0.9891 | obj = 2.2824 | cls = 0.0539 | lr = 0.000608
epoch 014 | step 0860 | total = 7.0792 | box = 0.9760 | obj = 2.1328 | cls = 0.0662 | lr = 0.000608
epoch 014 | step 0880 | total = 7.2631 | box = 1.0160 | obj = 2.1187 | cls = 0.0646 | lr = 0.000608
epoch 014 | step 0900 | total = 6.7298 | box = 0.8332 | obj = 2.4983 | cls = 0.0656 | lr = 0.000608
epoch 014 | step 0920 | total = 6.8521 | box = 0.9171 | obj = 2.1946 | cls = 0.0721 | lr = 0.000608
[epoch 014 train] total = 6.2890 | box = 0.8085 | obj = 2.1776 | cls = 0.0689 | steps = 925 | global_batches = 7400 | samples = 118288 | time = 1450.8s
[epoch 014 val] total = 6.7958 | box = 0.8789 | obj = 2.3304 | cls = 0.0709 | steps = 40 | global_batches = 320 | samples = 5000 | time = 49.4s
epoch 015 | step 0001 | total = 5.9564 | box = 0.7479 | obj = 2.1466 | cls = 0.0701 | lr = 0.000557
epoch 015 | step 0020 | total = 6.6579 | box = 0.8365 | obj = 2.4082 | cls = 0.0672 | lr = 0.000557
epoch 015 | step 0040 | total = 7.3019 | box = 0.9416 | obj = 2.5186 | cls = 0.0754 | lr = 0.000557
epoch 015 | step 0060 | total = 5.7131 | box = 0.7251 | obj = 2.0265 | cls = 0.0613 | lr = 0.000557
epoch 015 | step 0080 | total = 5.4294 | box = 0.6650 | obj = 2.0535 | cls = 0.0511 | lr = 0.000557
epoch 015 | step 0100 | total = 6.8932 | box = 0.9256 | obj = 2.1802 | cls = 0.0848 | lr = 0.000557
epoch 015 | step 0120 | total = 6.1354 | box = 0.7634 | obj = 2.2333 | cls = 0.0851 | lr = 0.000557
epoch 015 | step 0140 | total = 5.7909 | box = 0.7280 | obj = 2.0988 | cls = 0.0519 | lr = 0.000557
epoch 015 | step 0160 | total = 6.1040 | box = 0.8054 | obj = 2.0241 | cls = 0.0527 | lr = 0.000557
epoch 015 | step 0180 | total = 6.2637 | box = 0.7803 | obj = 2.2811 | cls = 0.0809 | lr = 0.000557
epoch 015 | step 0200 | total = 6.9622 | box = 0.9121 | obj = 2.3336 | cls = 0.0683 | lr = 0.000557
epoch 015 | step 0220 | total = 6.8492 | box = 0.9040 | obj = 2.2581 | cls = 0.0713 | lr = 0.000557
epoch 015 | step 0240 | total = 6.2670 | box = 0.8151 | obj = 2.1302 | cls = 0.0611 | lr = 0.000557
epoch 015 | step 0260 | total = 5.5356 | box = 0.6984 | obj = 1.9692 | cls = 0.0744 | lr = 0.000557
epoch 015 | step 0280 | total = 4.7969 | box = 0.5227 | obj = 2.0886 | cls = 0.0948 | lr = 0.000557
epoch 015 | step 0300 | total = 7.5501 | box = 1.0442 | obj = 2.2543 | cls = 0.0747 | lr = 0.000557
epoch 015 | step 0320 | total = 7.0433 | box = 0.9724 | obj = 2.1059 | cls = 0.0755 | lr = 0.000557
epoch 015 | step 0340 | total = 5.9860 | box = 0.7520 | obj = 2.1546 | cls = 0.0713 | lr = 0.000557
epoch 015 | step 0360 | total = 6.1709 | box = 0.8095 | obj = 2.0591 | cls = 0.0642 | lr = 0.000557
epoch 015 | step 0380 | total = 6.6165 | box = 0.8496 | obj = 2.2972 | cls = 0.0714 | lr = 0.000557
epoch 015 | step 0400 | total = 5.8642 | box = 0.7682 | obj = 1.9543 | cls = 0.0690 | lr = 0.000557
epoch 015 | step 0420 | total = 5.5799 | box = 0.6673 | obj = 2.1789 | cls = 0.0646 | lr = 0.000557
epoch 015 | step 0440 | total = 5.9316 | box = 0.7404 | obj = 2.1495 | cls = 0.0799 | lr = 0.000557
epoch 015 | step 0460 | total = 7.0271 | box = 0.9315 | obj = 2.2919 | cls = 0.0777 | lr = 0.000557
epoch 015 | step 0480 | total = 6.1463 | box = 0.7579 | obj = 2.2867 | cls = 0.0702 | lr = 0.000557
epoch 015 | step 0500 | total = 7.2217 | box = 0.9354 | obj = 2.4726 | cls = 0.0724 | lr = 0.000557
epoch 015 | step 0520 | total = 6.8187 | box = 0.9196 | obj = 2.1642 | cls = 0.0568 | lr = 0.000557
epoch 015 | step 0540 | total = 7.8547 | box = 1.0852 | obj = 2.3483 | cls = 0.0803 | lr = 0.000557
epoch 015 | step 0560 | total = 5.2802 | box = 0.6457 | obj = 1.9829 | cls = 0.0687 | lr = 0.000557
epoch 015 | step 0580 | total = 5.8061 | box = 0.7527 | obj = 1.9765 | cls = 0.0659 | lr = 0.000557
epoch 015 | step 0600 | total = 5.3219 | box = 0.6655 | obj = 1.9204 | cls = 0.0739 | lr = 0.000557
epoch 015 | step 0620 | total = 7.0155 | box = 0.9113 | obj = 2.3879 | cls = 0.0713 | lr = 0.000557
epoch 015 | step 0640 | total = 5.4248 | box = 0.6276 | obj = 2.2134 | cls = 0.0736 | lr = 0.000557
epoch 015 | step 0660 | total = 5.0784 | box = 0.6159 | obj = 1.9265 | cls = 0.0724 | lr = 0.000557
epoch 015 | step 0680 | total = 5.0405 | box = 0.6196 | obj = 1.8759 | cls = 0.0663 | lr = 0.000557
epoch 015 | step 0700 | total = 5.7686 | box = 0.6927 | obj = 2.2411 | cls = 0.0639 | lr = 0.000557
epoch 015 | step 0720 | total = 7.1777 | box = 0.9238 | obj = 2.5002 | cls = 0.0585 | lr = 0.000557
epoch 015 | step 0740 | total = 5.5231 | box = 0.6723 | obj = 2.0911 | cls = 0.0705 | lr = 0.000557
epoch 015 | step 0760 | total = 5.6574 | box = 0.7080 | obj = 2.0503 | cls = 0.0674 | lr = 0.000557
epoch 015 | step 0780 | total = 6.0222 | box = 0.7491 | obj = 2.2076 | cls = 0.0692 | lr = 0.000557
epoch 015 | step 0800 | total = 6.4308 | box = 0.8050 | obj = 2.3414 | cls = 0.0645 | lr = 0.000557
epoch 015 | step 0820 | total = 6.7722 | box = 0.9500 | obj = 1.9655 | cls = 0.0565 | lr = 0.000557
epoch 015 | step 0840 | total = 5.6441 | box = 0.6435 | obj = 2.3384 | cls = 0.0879 | lr = 0.000557
epoch 015 | step 0860 | total = 5.4812 | box = 0.6935 | obj = 1.9275 | cls = 0.0864 | lr = 0.000557
epoch 015 | step 0880 | total = 5.3065 | box = 0.6512 | obj = 1.9767 | cls = 0.0740 | lr = 0.000557
epoch 015 | step 0900 | total = 6.1305 | box = 0.7955 | obj = 2.0975 | cls = 0.0554 | lr = 0.000557
epoch 015 | step 0920 | total = 6.5577 | box = 0.8514 | obj = 2.2365 | cls = 0.0641 | lr = 0.000557
[epoch 015 train] total = 6.1666 | box = 0.7913 | obj = 2.1422 | cls = 0.0680 | steps = 925 | global_batches = 7400 | samples = 118288 | time = 1462.8s
[epoch 015 val] total = 6.6961 | box = 0.8632 | obj = 2.3100 | cls = 0.0703 | steps = 40 | global_batches = 320 | samples = 5000 | time = 48.9s
epoch 016 | step 0001 | total = 6.4171 | box = 0.8615 | obj = 2.0389 | cls = 0.0705 | lr = 0.000505
epoch 016 | step 0020 | total = 6.2481 | box = 0.7941 | obj = 2.2180 | cls = 0.0598 | lr = 0.000505
epoch 016 | step 0040 | total = 6.9763 | box = 0.9391 | obj = 2.2125 | cls = 0.0684 | lr = 0.000505
epoch 016 | step 0060 | total = 5.8690 | box = 0.7675 | obj = 1.9664 | cls = 0.0653 | lr = 0.000505
epoch 016 | step 0080 | total = 6.6574 | box = 0.9349 | obj = 1.9166 | cls = 0.0664 | lr = 0.000505
epoch 016 | step 0100 | total = 5.8380 | box = 0.7475 | obj = 2.0373 | cls = 0.0632 | lr = 0.000505
epoch 016 | step 0120 | total = 6.3643 | box = 0.8319 | obj = 2.1342 | cls = 0.0704 | lr = 0.000505
epoch 016 | step 0140 | total = 6.7229 | box = 0.9073 | obj = 2.1273 | cls = 0.0589 | lr = 0.000505
epoch 016 | step 0160 | total = 6.9927 | box = 0.9881 | obj = 1.9909 | cls = 0.0610 | lr = 0.000505
epoch 016 | step 0180 | total = 5.2660 | box = 0.6432 | obj = 1.9754 | cls = 0.0748 | lr = 0.000505
epoch 016 | step 0200 | total = 6.1449 | box = 0.7906 | obj = 2.1129 | cls = 0.0788 | lr = 0.000505
epoch 016 | step 0220 | total = 6.1974 | box = 0.8126 | obj = 2.0640 | cls = 0.0704 | lr = 0.000505
epoch 016 | step 0240 | total = 6.8140 | box = 0.9358 | obj = 2.0860 | cls = 0.0490 | lr = 0.000505
epoch 016 | step 0260 | total = 4.9381 | box = 0.6040 | obj = 1.8589 | cls = 0.0593 | lr = 0.000505
epoch 016 | step 0280 | total = 6.6715 | box = 0.8823 | obj = 2.2044 | cls = 0.0558 | lr = 0.000505
epoch 016 | step 0300 | total = 6.0322 | box = 0.7517 | obj = 2.2123 | cls = 0.0614 | lr = 0.000505
epoch 016 | step 0320 | total = 5.9804 | box = 0.7838 | obj = 1.9946 | cls = 0.0670 | lr = 0.000505
epoch 016 | step 0340 | total = 5.7680 | box = 0.7072 | obj = 2.1662 | cls = 0.0657 | lr = 0.000505
epoch 016 | step 0360 | total = 6.5792 | box = 0.8872 | obj = 2.0847 | cls = 0.0584 | lr = 0.000505
epoch 016 | step 0380 | total = 5.0403 | box = 0.6057 | obj = 1.9335 | cls = 0.0781 | lr = 0.000505
epoch 016 | step 0400 | total = 5.3911 | box = 0.6551 | obj = 2.0343 | cls = 0.0814 | lr = 0.000505
epoch 016 | step 0420 | total = 6.9417 | box = 0.9372 | obj = 2.1934 | cls = 0.0625 | lr = 0.000505
epoch 016 | step 0440 | total = 6.1957 | box = 0.7861 | obj = 2.1986 | cls = 0.0669 | lr = 0.000505
epoch 016 | step 0460 | total = 6.5474 | box = 0.8596 | obj = 2.1804 | cls = 0.0688 | lr = 0.000505
epoch 016 | step 0480 | total = 6.8292 | box = 0.8871 | obj = 2.3246 | cls = 0.0690 | lr = 0.000505
epoch 016 | step 0500 | total = 5.9703 | box = 0.7302 | obj = 2.2488 | cls = 0.0703 | lr = 0.000505
epoch 016 | step 0520 | total = 4.9057 | box = 0.5710 | obj = 1.9761 | cls = 0.0746 | lr = 0.000505
epoch 016 | step 0540 | total = 6.5992 | box = 0.8435 | obj = 2.3227 | cls = 0.0592 | lr = 0.000505
epoch 016 | step 0560 | total = 7.3399 | box = 1.0295 | obj = 2.1360 | cls = 0.0563 | lr = 0.000505
epoch 016 | step 0580 | total = 5.4887 | box = 0.6622 | obj = 2.0983 | cls = 0.0792 | lr = 0.000505
epoch 016 | step 0600 | total = 5.6617 | box = 0.6970 | obj = 2.1092 | cls = 0.0674 | lr = 0.000505
epoch 016 | step 0620 | total = 6.3491 | box = 0.8263 | obj = 2.1660 | cls = 0.0517 | lr = 0.000505
epoch 016 | step 0640 | total = 6.5473 | box = 0.8741 | obj = 2.1187 | cls = 0.0582 | lr = 0.000505
epoch 016 | step 0660 | total = 5.5853 | box = 0.7067 | obj = 1.9923 | cls = 0.0594 | lr = 0.000505
epoch 016 | step 0680 | total = 5.5254 | box = 0.6325 | obj = 2.2859 | cls = 0.0769 | lr = 0.000505
epoch 016 | step 0700 | total = 5.8679 | box = 0.7113 | obj = 2.2434 | cls = 0.0682 | lr = 0.000505
epoch 016 | step 0720 | total = 6.2301 | box = 0.7799 | obj = 2.2615 | cls = 0.0693 | lr = 0.000505
epoch 016 | step 0740 | total = 5.6441 | box = 0.7151 | obj = 2.0119 | cls = 0.0566 | lr = 0.000505
epoch 016 | step 0760 | total = 6.2246 | box = 0.8025 | obj = 2.1508 | cls = 0.0615 | lr = 0.000505
epoch 016 | step 0780 | total = 6.9286 | box = 0.9304 | obj = 2.2060 | cls = 0.0706 | lr = 0.000505
epoch 016 | step 0800 | total = 6.1498 | box = 0.7501 | obj = 2.3288 | cls = 0.0703 | lr = 0.000505
epoch 016 | step 0820 | total = 5.4153 | box = 0.6742 | obj = 1.9816 | cls = 0.0629 | lr = 0.000505
epoch 016 | step 0840 | total = 5.3317 | box = 0.6635 | obj = 1.9476 | cls = 0.0667 | lr = 0.000505
epoch 016 | step 0860 | total = 5.3930 | box = 0.6680 | obj = 1.9819 | cls = 0.0710 | lr = 0.000505
epoch 016 | step 0880 | total = 5.7330 | box = 0.7396 | obj = 1.9559 | cls = 0.0790 | lr = 0.000505
epoch 016 | step 0900 | total = 6.1586 | box = 0.7838 | obj = 2.1729 | cls = 0.0669 | lr = 0.000505
epoch 016 | step 0920 | total = 7.0841 | box = 0.9483 | obj = 2.2707 | cls = 0.0720 | lr = 0.000505
[epoch 016 train] total = 6.0437 | box = 0.7740 | obj = 2.1065 | cls = 0.0672 | steps = 925 | global_batches = 7400 | samples = 118288 | time = 1475.5s
[epoch 016 val] total = 6.6873 | box = 0.8628 | obj = 2.3035 | cls = 0.0697 | steps = 40 | global_batches = 320 | samples = 5000 | time = 48.6s
epoch 017 | step 0001 | total = 5.5341 | box = 0.6882 | obj = 2.0100 | cls = 0.0830 | lr = 0.000453
epoch 017 | step 0020 | total = 5.5810 | box = 0.7086 | obj = 1.9698 | cls = 0.0680 | lr = 0.000453
epoch 017 | step 0040 | total = 4.7756 | box = 0.5915 | obj = 1.7496 | cls = 0.0683 | lr = 0.000453
epoch 017 | step 0060 | total = 6.4948 | box = 0.8628 | obj = 2.1096 | cls = 0.0710 | lr = 0.000453
epoch 017 | step 0080 | total = 5.8066 | box = 0.7295 | obj = 2.0914 | cls = 0.0674 | lr = 0.000453
epoch 017 | step 0100 | total = 6.5276 | box = 0.8732 | obj = 2.0892 | cls = 0.0723 | lr = 0.000453
epoch 017 | step 0120 | total = 4.7206 | box = 0.5663 | obj = 1.8214 | cls = 0.0675 | lr = 0.000453
epoch 017 | step 0140 | total = 6.6854 | box = 0.8858 | obj = 2.1902 | cls = 0.0662 | lr = 0.000453
epoch 017 | step 0160 | total = 7.2232 | box = 0.9684 | obj = 2.3282 | cls = 0.0530 | lr = 0.000453
epoch 017 | step 0180 | total = 6.1547 | box = 0.7885 | obj = 2.1480 | cls = 0.0641 | lr = 0.000453
epoch 017 | step 0200 | total = 6.3700 | box = 0.8818 | obj = 1.8999 | cls = 0.0611 | lr = 0.000453
epoch 017 | step 0220 | total = 6.4121 | box = 0.8488 | obj = 2.1085 | cls = 0.0594 | lr = 0.000453
epoch 017 | step 0240 | total = 6.8429 | box = 0.9271 | obj = 2.1410 | cls = 0.0662 | lr = 0.000453
epoch 017 | step 0260 | total = 6.8036 | box = 0.9233 | obj = 2.1315 | cls = 0.0554 | lr = 0.000453
epoch 017 | step 0280 | total = 5.7372 | box = 0.7344 | obj = 2.0007 | cls = 0.0647 | lr = 0.000453
epoch 017 | step 0300 | total = 5.9472 | box = 0.7703 | obj = 2.0335 | cls = 0.0622 | lr = 0.000453
epoch 017 | step 0320 | total = 5.5577 | box = 0.6451 | obj = 2.2692 | cls = 0.0629 | lr = 0.000453
epoch 017 | step 0340 | total = 5.0561 | box = 0.5979 | obj = 2.0019 | cls = 0.0645 | lr = 0.000453
epoch 017 | step 0360 | total = 5.6990 | box = 0.7477 | obj = 1.9070 | cls = 0.0532 | lr = 0.000453
epoch 017 | step 0380 | total = 5.7345 | box = 0.7225 | obj = 2.0323 | cls = 0.0896 | lr = 0.000453
epoch 017 | step 0400 | total = 6.0964 | box = 0.7645 | obj = 2.1918 | cls = 0.0819 | lr = 0.000453
epoch 017 | step 0420 | total = 4.2435 | box = 0.4639 | obj = 1.8529 | cls = 0.0713 | lr = 0.000453
epoch 017 | step 0440 | total = 4.7527 | box = 0.5018 | obj = 2.1590 | cls = 0.0848 | lr = 0.000453
epoch 017 | step 0460 | total = 7.0566 | box = 0.9949 | obj = 2.0320 | cls = 0.0501 | lr = 0.000453
epoch 017 | step 0480 | total = 5.6059 | box = 0.6883 | obj = 2.0973 | cls = 0.0672 | lr = 0.000453
epoch 017 | step 0500 | total = 5.4596 | box = 0.6682 | obj = 2.0491 | cls = 0.0693 | lr = 0.000453
epoch 017 | step 0520 | total = 6.3871 | box = 0.8062 | obj = 2.2879 | cls = 0.0682 | lr = 0.000453
epoch 017 | step 0540 | total = 5.5380 | box = 0.6681 | obj = 2.1179 | cls = 0.0796 | lr = 0.000453
epoch 017 | step 0560 | total = 6.2799 | box = 0.8105 | obj = 2.1640 | cls = 0.0635 | lr = 0.000453
epoch 017 | step 0580 | total = 5.9640 | box = 0.7920 | obj = 1.9356 | cls = 0.0682 | lr = 0.000453
epoch 017 | step 0600 | total = 6.1799 | box = 0.8253 | obj = 1.9919 | cls = 0.0617 | lr = 0.000453
epoch 017 | step 0620 | total = 5.9638 | box = 0.7734 | obj = 2.0331 | cls = 0.0638 | lr = 0.000453
epoch 017 | step 0640 | total = 6.3921 | box = 0.8397 | obj = 2.1372 | cls = 0.0562 | lr = 0.000453
epoch 017 | step 0660 | total = 6.1756 | box = 0.7793 | obj = 2.2129 | cls = 0.0663 | lr = 0.000453
epoch 017 | step 0680 | total = 5.5328 | box = 0.6411 | obj = 2.2417 | cls = 0.0854 | lr = 0.000453
epoch 017 | step 0700 | total = 5.7880 | box = 0.7371 | obj = 2.0230 | cls = 0.0793 | lr = 0.000453
epoch 017 | step 0720 | total = 5.8921 | box = 0.7819 | obj = 1.9186 | cls = 0.0642 | lr = 0.000453
epoch 017 | step 0740 | total = 6.5194 | box = 0.8698 | obj = 2.1138 | cls = 0.0568 | lr = 0.000453
epoch 017 | step 0760 | total = 5.8273 | box = 0.6548 | obj = 2.4768 | cls = 0.0765 | lr = 0.000453
epoch 017 | step 0780 | total = 5.1604 | box = 0.6437 | obj = 1.8732 | cls = 0.0688 | lr = 0.000453
epoch 017 | step 0800 | total = 5.8498 | box = 0.7563 | obj = 2.0067 | cls = 0.0614 | lr = 0.000453
epoch 017 | step 0820 | total = 5.1656 | box = 0.6404 | obj = 1.9147 | cls = 0.0491 | lr = 0.000453
epoch 017 | step 0840 | total = 5.5559 | box = 0.6898 | obj = 2.0479 | cls = 0.0587 | lr = 0.000453
epoch 017 | step 0860 | total = 6.1568 | box = 0.8038 | obj = 2.0757 | cls = 0.0619 | lr = 0.000453
epoch 017 | step 0880 | total = 6.1225 | box = 0.7673 | obj = 2.2163 | cls = 0.0698 | lr = 0.000453
epoch 017 | step 0900 | total = 4.9687 | box = 0.6002 | obj = 1.9093 | cls = 0.0582 | lr = 0.000453
epoch 017 | step 0920 | total = 5.8125 | box = 0.6665 | obj = 2.4120 | cls = 0.0681 | lr = 0.000453
[epoch 017 train] total = 5.9141 | box = 0.7561 | obj = 2.0670 | cls = 0.0665 | steps = 925 | global_batches = 7400 | samples = 118288 | time = 1482.8s
[epoch 017 val] total = 6.7115 | box = 0.8612 | obj = 2.3353 | cls = 0.0702 | steps = 40 | global_batches = 320 | samples = 5000 | time = 50.0s
epoch 018 | step 0001 | total = 5.3649 | box = 0.6609 | obj = 1.9937 | cls = 0.0669 | lr = 0.000402
epoch 018 | step 0020 | total = 4.8117 | box = 0.5581 | obj = 1.9418 | cls = 0.0793 | lr = 0.000402
epoch 018 | step 0040 | total = 7.0655 | box = 0.9854 | obj = 2.0792 | cls = 0.0594 | lr = 0.000402
epoch 018 | step 0060 | total = 5.4015 | box = 0.6439 | obj = 2.1091 | cls = 0.0729 | lr = 0.000402
epoch 018 | step 0080 | total = 4.8302 | box = 0.5947 | obj = 1.7973 | cls = 0.0594 | lr = 0.000402
epoch 018 | step 0100 | total = 6.8004 | box = 0.9078 | obj = 2.1980 | cls = 0.0633 | lr = 0.000402
epoch 018 | step 0120 | total = 5.3731 | box = 0.6810 | obj = 1.8976 | cls = 0.0706 | lr = 0.000402
epoch 018 | step 0140 | total = 6.3921 | box = 0.8367 | obj = 2.1528 | cls = 0.0556 | lr = 0.000402
epoch 018 | step 0160 | total = 5.6738 | box = 0.6967 | obj = 2.1066 | cls = 0.0838 | lr = 0.000402
epoch 018 | step 0180 | total = 5.9607 | box = 0.7737 | obj = 2.0182 | cls = 0.0740 | lr = 0.000402
epoch 018 | step 0200 | total = 5.0775 | box = 0.6059 | obj = 1.9684 | cls = 0.0796 | lr = 0.000402
epoch 018 | step 0220 | total = 5.9237 | box = 0.7844 | obj = 1.9355 | cls = 0.0664 | lr = 0.000402
epoch 018 | step 0240 | total = 5.1306 | box = 0.6190 | obj = 1.9619 | cls = 0.0735 | lr = 0.000402
epoch 018 | step 0260 | total = 6.2789 | box = 0.8090 | obj = 2.1713 | cls = 0.0627 | lr = 0.000402
epoch 018 | step 0280 | total = 6.3760 | box = 0.8452 | obj = 2.0874 | cls = 0.0627 | lr = 0.000402
epoch 018 | step 0300 | total = 6.3788 | box = 0.7721 | obj = 2.4527 | cls = 0.0657 | lr = 0.000402
epoch 018 | step 0320 | total = 5.8445 | box = 0.7582 | obj = 1.9992 | cls = 0.0542 | lr = 0.000402
epoch 018 | step 0340 | total = 5.1366 | box = 0.6277 | obj = 1.9185 | cls = 0.0795 | lr = 0.000402
epoch 018 | step 0360 | total = 5.4208 | box = 0.6758 | obj = 1.9822 | cls = 0.0597 | lr = 0.000402
epoch 018 | step 0380 | total = 6.0060 | box = 0.7616 | obj = 2.1263 | cls = 0.0715 | lr = 0.000402
epoch 018 | step 0400 | total = 5.5897 | box = 0.7132 | obj = 1.9646 | cls = 0.0589 | lr = 0.000402
epoch 018 | step 0420 | total = 5.9682 | box = 0.7651 | obj = 2.0900 | cls = 0.0526 | lr = 0.000402
epoch 018 | step 0440 | total = 6.2196 | box = 0.7860 | obj = 2.2221 | cls = 0.0673 | lr = 0.000402
epoch 018 | step 0460 | total = 6.1274 | box = 0.7661 | obj = 2.2198 | cls = 0.0773 | lr = 0.000402
epoch 018 | step 0480 | total = 6.1134 | box = 0.8187 | obj = 1.9642 | cls = 0.0555 | lr = 0.000402
epoch 018 | step 0500 | total = 6.0294 | box = 0.8028 | obj = 1.9602 | cls = 0.0554 | lr = 0.000402
epoch 018 | step 0520 | total = 6.3345 | box = 0.8508 | obj = 2.0172 | cls = 0.0631 | lr = 0.000402
epoch 018 | step 0540 | total = 5.9325 | box = 0.7805 | obj = 1.9796 | cls = 0.0505 | lr = 0.000402
epoch 018 | step 0560 | total = 5.4600 | box = 0.6925 | obj = 1.9180 | cls = 0.0797 | lr = 0.000402
epoch 018 | step 0580 | total = 5.3813 | box = 0.6732 | obj = 1.9388 | cls = 0.0764 | lr = 0.000402
epoch 018 | step 0600 | total = 4.7665 | box = 0.5546 | obj = 1.9250 | cls = 0.0685 | lr = 0.000402
epoch 018 | step 0620 | total = 6.2944 | box = 0.8260 | obj = 2.0941 | cls = 0.0702 | lr = 0.000402
epoch 018 | step 0640 | total = 5.9799 | box = 0.7765 | obj = 2.0306 | cls = 0.0671 | lr = 0.000402
epoch 018 | step 0660 | total = 7.0128 | box = 0.9889 | obj = 2.0100 | cls = 0.0580 | lr = 0.000402
epoch 018 | step 0680 | total = 5.8849 | box = 0.7727 | obj = 1.9599 | cls = 0.0615 | lr = 0.000402
epoch 018 | step 0700 | total = 5.2671 | box = 0.6540 | obj = 1.9274 | cls = 0.0697 | lr = 0.000402
epoch 018 | step 0720 | total = 6.1469 | box = 0.8177 | obj = 2.0068 | cls = 0.0514 | lr = 0.000402
epoch 018 | step 0740 | total = 7.2593 | box = 1.0027 | obj = 2.1685 | cls = 0.0771 | lr = 0.000402
epoch 018 | step 0760 | total = 5.9921 | box = 0.7561 | obj = 2.1426 | cls = 0.0690 | lr = 0.000402
epoch 018 | step 0780 | total = 6.6201 | box = 0.8183 | obj = 2.4712 | cls = 0.0573 | lr = 0.000402
epoch 018 | step 0800 | total = 4.9179 | box = 0.5944 | obj = 1.8672 | cls = 0.0786 | lr = 0.000402
epoch 018 | step 0820 | total = 5.6966 | box = 0.6803 | obj = 2.2259 | cls = 0.0692 | lr = 0.000402
epoch 018 | step 0840 | total = 5.0586 | box = 0.6120 | obj = 1.9378 | cls = 0.0606 | lr = 0.000402
epoch 018 | step 0860 | total = 5.4063 | box = 0.6341 | obj = 2.1661 | cls = 0.0699 | lr = 0.000402
epoch 018 | step 0880 | total = 6.5190 | box = 0.9020 | obj = 1.9567 | cls = 0.0523 | lr = 0.000402
epoch 018 | step 0900 | total = 5.4747 | box = 0.6630 | obj = 2.0853 | cls = 0.0745 | lr = 0.000402
epoch 018 | step 0920 | total = 6.3836 | box = 0.8532 | obj = 2.0642 | cls = 0.0534 | lr = 0.000402
[epoch 018 train] total = 5.7968 | box = 0.7404 | obj = 2.0290 | cls = 0.0659 | steps = 925 | global_batches = 7400 | samples = 118288 | time = 1492.2s
[epoch 018 val] total = 6.6700 | box = 0.8550 | obj = 2.3259 | cls = 0.0690 | steps = 40 | global_batches = 320 | samples = 5000 | time = 48.9s
epoch 019 | step 0001 | total = 5.2926 | box = 0.6905 | obj = 1.7839 | cls = 0.0560 | lr = 0.000352
epoch 019 | step 0020 | total = 5.2831 | box = 0.6849 | obj = 1.7943 | cls = 0.0644 | lr = 0.000352
epoch 019 | step 0040 | total = 5.2148 | box = 0.6712 | obj = 1.7884 | cls = 0.0702 | lr = 0.000352
epoch 019 | step 0060 | total = 5.8039 | box = 0.7843 | obj = 1.8223 | cls = 0.0603 | lr = 0.000352
epoch 019 | step 0080 | total = 6.3265 | box = 0.8327 | obj = 2.1024 | cls = 0.0604 | lr = 0.000352
epoch 019 | step 0100 | total = 4.7323 | box = 0.5651 | obj = 1.8408 | cls = 0.0659 | lr = 0.000352
epoch 019 | step 0120 | total = 5.6666 | box = 0.7292 | obj = 1.9440 | cls = 0.0764 | lr = 0.000352
epoch 019 | step 0140 | total = 6.2228 | box = 0.8385 | obj = 1.9726 | cls = 0.0575 | lr = 0.000352
epoch 019 | step 0160 | total = 5.5902 | box = 0.7401 | obj = 1.8450 | cls = 0.0450 | lr = 0.000352
epoch 019 | step 0180 | total = 5.4065 | box = 0.6765 | obj = 1.9581 | cls = 0.0657 | lr = 0.000352
epoch 019 | step 0200 | total = 6.2239 | box = 0.8582 | obj = 1.8790 | cls = 0.0538 | lr = 0.000352
epoch 019 | step 0220 | total = 5.7447 | box = 0.7226 | obj = 2.0668 | cls = 0.0648 | lr = 0.000352
epoch 019 | step 0240 | total = 5.3857 | box = 0.6596 | obj = 2.0161 | cls = 0.0716 | lr = 0.000352
epoch 019 | step 0260 | total = 5.4562 | box = 0.6827 | obj = 1.9735 | cls = 0.0691 | lr = 0.000352
epoch 019 | step 0280 | total = 5.8323 | box = 0.7648 | obj = 1.9391 | cls = 0.0691 | lr = 0.000352
epoch 019 | step 0300 | total = 4.8804 | box = 0.5742 | obj = 1.9339 | cls = 0.0753 | lr = 0.000352
epoch 019 | step 0320 | total = 6.7560 | box = 0.9198 | obj = 2.0929 | cls = 0.0641 | lr = 0.000352
epoch 019 | step 0340 | total = 6.1932 | box = 0.8006 | obj = 2.1292 | cls = 0.0610 | lr = 0.000352
epoch 019 | step 0360 | total = 6.4209 | box = 0.8396 | obj = 2.1580 | cls = 0.0650 | lr = 0.000352
epoch 019 | step 0380 | total = 5.3175 | box = 0.6531 | obj = 1.9843 | cls = 0.0675 | lr = 0.000352
epoch 019 | step 0400 | total = 5.2557 | box = 0.6521 | obj = 1.9226 | cls = 0.0727 | lr = 0.000352
epoch 019 | step 0420 | total = 4.9986 | box = 0.5998 | obj = 1.9238 | cls = 0.0760 | lr = 0.000352
epoch 019 | step 0440 | total = 4.8590 | box = 0.5905 | obj = 1.8459 | cls = 0.0604 | lr = 0.000352
epoch 019 | step 0460 | total = 5.1373 | box = 0.6173 | obj = 1.9791 | cls = 0.0715 | lr = 0.000352
epoch 019 | step 0480 | total = 7.1624 | box = 0.9780 | obj = 2.2136 | cls = 0.0588 | lr = 0.000352
epoch 019 | step 0500 | total = 4.8156 | box = 0.5725 | obj = 1.8954 | cls = 0.0578 | lr = 0.000352
epoch 019 | step 0520 | total = 6.0918 | box = 0.7970 | obj = 2.0435 | cls = 0.0633 | lr = 0.000352
epoch 019 | step 0540 | total = 6.3785 | box = 0.8679 | obj = 1.9859 | cls = 0.0533 | lr = 0.000352
epoch 019 | step 0560 | total = 5.9600 | box = 0.7854 | obj = 1.9764 | cls = 0.0564 | lr = 0.000352
epoch 019 | step 0580 | total = 5.1209 | box = 0.6258 | obj = 1.9410 | cls = 0.0509 | lr = 0.000352
epoch 019 | step 0600 | total = 5.3854 | box = 0.6534 | obj = 2.0288 | cls = 0.0895 | lr = 0.000352
epoch 019 | step 0620 | total = 5.2325 | box = 0.6249 | obj = 2.0412 | cls = 0.0668 | lr = 0.000352
epoch 019 | step 0640 | total = 5.2277 | box = 0.6600 | obj = 1.8734 | cls = 0.0544 | lr = 0.000352
epoch 019 | step 0660 | total = 5.2892 | box = 0.6620 | obj = 1.8913 | cls = 0.0877 | lr = 0.000352
epoch 019 | step 0680 | total = 5.3616 | box = 0.6695 | obj = 1.9513 | cls = 0.0630 | lr = 0.000352
epoch 019 | step 0700 | total = 6.1533 | box = 0.7880 | obj = 2.1485 | cls = 0.0651 | lr = 0.000352
epoch 019 | step 0720 | total = 4.9263 | box = 0.5979 | obj = 1.8620 | cls = 0.0748 | lr = 0.000352
epoch 019 | step 0740 | total = 5.2987 | box = 0.6352 | obj = 2.0562 | cls = 0.0663 | lr = 0.000352
epoch 019 | step 0760 | total = 5.3536 | box = 0.6342 | obj = 2.1057 | cls = 0.0771 | lr = 0.000352
epoch 019 | step 0780 | total = 6.0491 | box = 0.8067 | obj = 1.9554 | cls = 0.0603 | lr = 0.000352
epoch 019 | step 0800 | total = 5.4009 | box = 0.6746 | obj = 1.9671 | cls = 0.0607 | lr = 0.000352
epoch 019 | step 0820 | total = 5.2450 | box = 0.6345 | obj = 2.0038 | cls = 0.0686 | lr = 0.000352
epoch 019 | step 0840 | total = 5.8619 | box = 0.7176 | obj = 2.1840 | cls = 0.0899 | lr = 0.000352
epoch 019 | step 0860 | total = 5.8148 | box = 0.7769 | obj = 1.8692 | cls = 0.0613 | lr = 0.000352
epoch 019 | step 0880 | total = 7.0336 | box = 0.9658 | obj = 2.1282 | cls = 0.0763 | lr = 0.000352
epoch 019 | step 0900 | total = 5.1017 | box = 0.5766 | obj = 2.1496 | cls = 0.0688 | lr = 0.000352
epoch 019 | step 0920 | total = 6.0527 | box = 0.7617 | obj = 2.1748 | cls = 0.0695 | lr = 0.000352
[epoch 019 train] total = 5.6799 | box = 0.7249 | obj = 1.9904 | cls = 0.0652 | steps = 925 | global_batches = 7400 | samples = 118288 | time = 1496.1s
[epoch 019 val] total = 6.6054 | box = 0.8451 | obj = 2.3120 | cls = 0.0680 | steps = 40 | global_batches = 320 | samples = 5000 | time = 48.8s
epoch 020 | step 0001 | total = 4.7295 | box = 0.5694 | obj = 1.8112 | cls = 0.0712 | lr = 0.000304
epoch 020 | step 0020 | total = 5.5527 | box = 0.7357 | obj = 1.8095 | cls = 0.0648 | lr = 0.000304
epoch 020 | step 0040 | total = 6.9361 | box = 1.0037 | obj = 1.8668 | cls = 0.0507 | lr = 0.000304
epoch 020 | step 0060 | total = 5.2903 | box = 0.6676 | obj = 1.8808 | cls = 0.0714 | lr = 0.000304
epoch 020 | step 0080 | total = 5.7296 | box = 0.7570 | obj = 1.8859 | cls = 0.0585 | lr = 0.000304
epoch 020 | step 0100 | total = 5.1883 | box = 0.6552 | obj = 1.8389 | cls = 0.0734 | lr = 0.000304
epoch 020 | step 0120 | total = 5.4972 | box = 0.6874 | obj = 1.9800 | cls = 0.0802 | lr = 0.000304
epoch 020 | step 0140 | total = 5.3933 | box = 0.6545 | obj = 2.0517 | cls = 0.0693 | lr = 0.000304
epoch 020 | step 0160 | total = 5.5949 | box = 0.7366 | obj = 1.8399 | cls = 0.0720 | lr = 0.000304
epoch 020 | step 0180 | total = 5.7416 | box = 0.7503 | obj = 1.9256 | cls = 0.0647 | lr = 0.000304
epoch 020 | step 0200 | total = 4.2324 | box = 0.4897 | obj = 1.7126 | cls = 0.0713 | lr = 0.000304
epoch 020 | step 0220 | total = 5.1018 | box = 0.6343 | obj = 1.8695 | cls = 0.0607 | lr = 0.000304
epoch 020 | step 0240 | total = 5.1342 | box = 0.6328 | obj = 1.8981 | cls = 0.0723 | lr = 0.000304
epoch 020 | step 0260 | total = 5.4374 | box = 0.7114 | obj = 1.8190 | cls = 0.0613 | lr = 0.000304
epoch 020 | step 0280 | total = 5.9440 | box = 0.7572 | obj = 2.0968 | cls = 0.0612 | lr = 0.000304
epoch 020 | step 0300 | total = 5.9860 | box = 0.7718 | obj = 2.0637 | cls = 0.0632 | lr = 0.000304
epoch 020 | step 0320 | total = 5.4944 | box = 0.6882 | obj = 1.9717 | cls = 0.0814 | lr = 0.000304
epoch 020 | step 0340 | total = 5.4253 | box = 0.6523 | obj = 2.1131 | cls = 0.0507 | lr = 0.000304
epoch 020 | step 0360 | total = 4.5894 | box = 0.5340 | obj = 1.8345 | cls = 0.0850 | lr = 0.000304
epoch 020 | step 0380 | total = 6.2351 | box = 0.8453 | obj = 1.9363 | cls = 0.0724 | lr = 0.000304
epoch 020 | step 0400 | total = 5.0774 | box = 0.6353 | obj = 1.8442 | cls = 0.0567 | lr = 0.000304
epoch 020 | step 0420 | total = 6.4691 | box = 0.8918 | obj = 1.9533 | cls = 0.0569 | lr = 0.000304
epoch 020 | step 0440 | total = 5.4851 | box = 0.6649 | obj = 2.0913 | cls = 0.0695 | lr = 0.000304
epoch 020 | step 0460 | total = 4.9360 | box = 0.5798 | obj = 1.9483 | cls = 0.0888 | lr = 0.000304
epoch 020 | step 0480 | total = 5.6574 | box = 0.7301 | obj = 1.9552 | cls = 0.0518 | lr = 0.000304
epoch 020 | step 0500 | total = 5.1324 | box = 0.6449 | obj = 1.8556 | cls = 0.0524 | lr = 0.000304
epoch 020 | step 0520 | total = 6.4081 | box = 0.8663 | obj = 2.0135 | cls = 0.0629 | lr = 0.000304
epoch 020 | step 0540 | total = 5.8073 | box = 0.7610 | obj = 1.9445 | cls = 0.0578 | lr = 0.000304
epoch 020 | step 0560 | total = 4.8051 | box = 0.5475 | obj = 1.9984 | cls = 0.0693 | lr = 0.000304
epoch 020 | step 0580 | total = 5.1509 | box = 0.6379 | obj = 1.8855 | cls = 0.0758 | lr = 0.000304
epoch 020 | step 0600 | total = 6.8595 | box = 0.9067 | obj = 2.2595 | cls = 0.0663 | lr = 0.000304
epoch 020 | step 0620 | total = 6.4297 | box = 0.8843 | obj = 1.9491 | cls = 0.0591 | lr = 0.000304
epoch 020 | step 0640 | total = 5.4937 | box = 0.7315 | obj = 1.7788 | cls = 0.0574 | lr = 0.000304
epoch 020 | step 0660 | total = 6.1745 | box = 0.7865 | obj = 2.1870 | cls = 0.0552 | lr = 0.000304
epoch 020 | step 0680 | total = 6.5878 | box = 0.8895 | obj = 2.0868 | cls = 0.0535 | lr = 0.000304
epoch 020 | step 0700 | total = 4.4973 | box = 0.5297 | obj = 1.7786 | cls = 0.0704 | lr = 0.000304
epoch 020 | step 0720 | total = 4.2022 | box = 0.4877 | obj = 1.6779 | cls = 0.0859 | lr = 0.000304
epoch 020 | step 0740 | total = 5.8663 | box = 0.7672 | obj = 1.9607 | cls = 0.0696 | lr = 0.000304
epoch 020 | step 0760 | total = 4.9402 | box = 0.5958 | obj = 1.8994 | cls = 0.0618 | lr = 0.000304
epoch 020 | step 0780 | total = 5.8741 | box = 0.7565 | obj = 2.0251 | cls = 0.0664 | lr = 0.000304
epoch 020 | step 0800 | total = 6.2398 | box = 0.8010 | obj = 2.1550 | cls = 0.0799 | lr = 0.000304
epoch 020 | step 0820 | total = 5.3347 | box = 0.6698 | obj = 1.9079 | cls = 0.0780 | lr = 0.000304
epoch 020 | step 0840 | total = 6.1102 | box = 0.7908 | obj = 2.1009 | cls = 0.0551 | lr = 0.000304
epoch 020 | step 0860 | total = 6.3311 | box = 0.8409 | obj = 2.0594 | cls = 0.0674 | lr = 0.000304
epoch 020 | step 0880 | total = 6.2469 | box = 0.7884 | obj = 2.2372 | cls = 0.0677 | lr = 0.000304
epoch 020 | step 0900 | total = 5.6284 | box = 0.7201 | obj = 1.9671 | cls = 0.0609 | lr = 0.000304
epoch 020 | step 0920 | total = 5.5998 | box = 0.6942 | obj = 2.0606 | cls = 0.0684 | lr = 0.000304
[epoch 020 train] total = 5.5577 | box = 0.7088 | obj = 1.9491 | cls = 0.0647 | steps = 925 | global_batches = 7400 | samples = 118288 | time = 1504.9s
[epoch 020 val] total = 6.6135 | box = 0.8428 | obj = 2.3317 | cls = 0.0679 | steps = 40 | global_batches = 320 | samples = 5000 | time = 48.6s
epoch 021 | step 0001 | total = 5.9542 | box = 0.7756 | obj = 2.0175 | cls = 0.0587 | lr = 0.000258
epoch 021 | step 0020 | total = 6.0092 | box = 0.8162 | obj = 1.8761 | cls = 0.0521 | lr = 0.000258
epoch 021 | step 0040 | total = 4.8035 | box = 0.6170 | obj = 1.6575 | cls = 0.0612 | lr = 0.000258
epoch 021 | step 0060 | total = 3.8325 | box = 0.4381 | obj = 1.5695 | cls = 0.0727 | lr = 0.000258
epoch 021 | step 0080 | total = 5.8253 | box = 0.7633 | obj = 1.9536 | cls = 0.0554 | lr = 0.000258
epoch 021 | step 0100 | total = 6.0952 | box = 0.8209 | obj = 1.9334 | cls = 0.0571 | lr = 0.000258
epoch 021 | step 0120 | total = 5.4199 | box = 0.7006 | obj = 1.8617 | cls = 0.0552 | lr = 0.000258
epoch 021 | step 0140 | total = 5.4711 | box = 0.6717 | obj = 2.0523 | cls = 0.0601 | lr = 0.000258
epoch 021 | step 0160 | total = 5.5495 | box = 0.7243 | obj = 1.8632 | cls = 0.0649 | lr = 0.000258
epoch 021 | step 0180 | total = 4.7840 | box = 0.5882 | obj = 1.7836 | cls = 0.0594 | lr = 0.000258
epoch 021 | step 0200 | total = 5.3865 | box = 0.7349 | obj = 1.6479 | cls = 0.0642 | lr = 0.000258
epoch 021 | step 0220 | total = 5.8376 | box = 0.7541 | obj = 2.0132 | cls = 0.0537 | lr = 0.000258
epoch 021 | step 0240 | total = 6.1134 | box = 0.7792 | obj = 2.1489 | cls = 0.0682 | lr = 0.000258
epoch 021 | step 0260 | total = 4.6594 | box = 0.5559 | obj = 1.8070 | cls = 0.0731 | lr = 0.000258
epoch 021 | step 0280 | total = 4.4940 | box = 0.5206 | obj = 1.8340 | cls = 0.0568 | lr = 0.000258
epoch 021 | step 0300 | total = 4.7860 | box = 0.5647 | obj = 1.8825 | cls = 0.0798 | lr = 0.000258
epoch 021 | step 0320 | total = 5.8142 | box = 0.7487 | obj = 2.0234 | cls = 0.0473 | lr = 0.000258
epoch 021 | step 0340 | total = 5.2469 | box = 0.6437 | obj = 1.9592 | cls = 0.0692 | lr = 0.000258
epoch 021 | step 0360 | total = 5.6550 | box = 0.7599 | obj = 1.7869 | cls = 0.0686 | lr = 0.000258
epoch 021 | step 0380 | total = 5.6810 | box = 0.7168 | obj = 2.0407 | cls = 0.0565 | lr = 0.000258
epoch 021 | step 0400 | total = 5.6506 | box = 0.7472 | obj = 1.8560 | cls = 0.0586 | lr = 0.000258
epoch 021 | step 0420 | total = 5.6621 | box = 0.7443 | obj = 1.8779 | cls = 0.0625 | lr = 0.000258
epoch 021 | step 0440 | total = 5.1740 | box = 0.6310 | obj = 1.9504 | cls = 0.0685 | lr = 0.000258
epoch 021 | step 0460 | total = 6.6146 | box = 0.9140 | obj = 1.9846 | cls = 0.0599 | lr = 0.000258
epoch 021 | step 0480 | total = 6.5130 | box = 0.8751 | obj = 2.0729 | cls = 0.0646 | lr = 0.000258
epoch 021 | step 0500 | total = 5.3229 | box = 0.6680 | obj = 1.9221 | cls = 0.0607 | lr = 0.000258
epoch 021 | step 0520 | total = 5.6577 | box = 0.7436 | obj = 1.8831 | cls = 0.0565 | lr = 0.000258
epoch 021 | step 0540 | total = 5.8469 | box = 0.7299 | obj = 2.1402 | cls = 0.0574 | lr = 0.000258
epoch 021 | step 0560 | total = 5.3827 | box = 0.6782 | obj = 1.9272 | cls = 0.0643 | lr = 0.000258
epoch 021 | step 0580 | total = 5.6301 | box = 0.7211 | obj = 1.9724 | cls = 0.0522 | lr = 0.000258
epoch 021 | step 0600 | total = 4.4914 | box = 0.5371 | obj = 1.7439 | cls = 0.0621 | lr = 0.000258
epoch 021 | step 0620 | total = 4.8074 | box = 0.5867 | obj = 1.8139 | cls = 0.0601 | lr = 0.000258
epoch 021 | step 0640 | total = 5.5301 | box = 0.7187 | obj = 1.8787 | cls = 0.0579 | lr = 0.000258
epoch 021 | step 0660 | total = 4.1067 | box = 0.4907 | obj = 1.5794 | cls = 0.0739 | lr = 0.000258
epoch 021 | step 0680 | total = 5.1111 | box = 0.6146 | obj = 1.9580 | cls = 0.0803 | lr = 0.000258
epoch 021 | step 0700 | total = 6.2627 | box = 0.8386 | obj = 2.0106 | cls = 0.0589 | lr = 0.000258
epoch 021 | step 0720 | total = 6.0851 | box = 0.7828 | obj = 2.1131 | cls = 0.0581 | lr = 0.000258
epoch 021 | step 0740 | total = 5.9918 | box = 0.7916 | obj = 1.9761 | cls = 0.0578 | lr = 0.000258
epoch 021 | step 0760 | total = 5.8604 | box = 0.7749 | obj = 1.9237 | cls = 0.0620 | lr = 0.000258
epoch 021 | step 0780 | total = 5.8296 | box = 0.7498 | obj = 2.0109 | cls = 0.0698 | lr = 0.000258
epoch 021 | step 0800 | total = 6.1130 | box = 0.7953 | obj = 2.0712 | cls = 0.0651 | lr = 0.000258
epoch 021 | step 0820 | total = 4.9086 | box = 0.6093 | obj = 1.7947 | cls = 0.0672 | lr = 0.000258
epoch 021 | step 0840 | total = 4.8471 | box = 0.6159 | obj = 1.7233 | cls = 0.0443 | lr = 0.000258
epoch 021 | step 0860 | total = 4.3346 | box = 0.5072 | obj = 1.7483 | cls = 0.0501 | lr = 0.000258
epoch 021 | step 0880 | total = 4.9261 | box = 0.6083 | obj = 1.8037 | cls = 0.0812 | lr = 0.000258
epoch 021 | step 0900 | total = 5.6355 | box = 0.7489 | obj = 1.8205 | cls = 0.0705 | lr = 0.000258
epoch 021 | step 0920 | total = 5.6169 | box = 0.7291 | obj = 1.9126 | cls = 0.0589 | lr = 0.000258
[epoch 021 train] total = 5.4407 | box = 0.6933 | obj = 1.9096 | cls = 0.0643 | steps = 925 | global_batches = 7400 | samples = 118288 | time = 1518.5s
[epoch 021 val] total = 6.6185 | box = 0.8403 | obj = 2.3495 | cls = 0.0677 | steps = 40 | global_batches = 320 | samples = 5000 | time = 50.0s
epoch 022 | step 0001 | total = 5.2772 | box = 0.6861 | obj = 1.7856 | cls = 0.0613 | lr = 0.000214
epoch 022 | step 0020 | total = 4.8158 | box = 0.6063 | obj = 1.7165 | cls = 0.0681 | lr = 0.000214
epoch 022 | step 0040 | total = 6.2018 | box = 0.7913 | obj = 2.1807 | cls = 0.0648 | lr = 0.000214
epoch 022 | step 0060 | total = 4.6354 | box = 0.5870 | obj = 1.6454 | cls = 0.0549 | lr = 0.000214
epoch 022 | step 0080 | total = 4.2186 | box = 0.4677 | obj = 1.8019 | cls = 0.0781 | lr = 0.000214
epoch 022 | step 0100 | total = 4.5304 | box = 0.5453 | obj = 1.7386 | cls = 0.0655 | lr = 0.000214
epoch 022 | step 0120 | total = 4.7983 | box = 0.5749 | obj = 1.8514 | cls = 0.0726 | lr = 0.000214
epoch 022 | step 0140 | total = 6.0834 | box = 0.8117 | obj = 1.9663 | cls = 0.0583 | lr = 0.000214
epoch 022 | step 0160 | total = 5.8011 | box = 0.7721 | obj = 1.8831 | cls = 0.0576 | lr = 0.000214
epoch 022 | step 0180 | total = 6.4813 | box = 0.9036 | obj = 1.8960 | cls = 0.0671 | lr = 0.000214
epoch 022 | step 0200 | total = 5.5515 | box = 0.7434 | obj = 1.7717 | cls = 0.0628 | lr = 0.000214
epoch 022 | step 0220 | total = 5.6517 | box = 0.7492 | obj = 1.8536 | cls = 0.0520 | lr = 0.000214
epoch 022 | step 0240 | total = 5.7615 | box = 0.7485 | obj = 1.9581 | cls = 0.0611 | lr = 0.000214
epoch 022 | step 0260 | total = 6.2348 | box = 0.8425 | obj = 1.9640 | cls = 0.0583 | lr = 0.000214
epoch 022 | step 0280 | total = 4.5674 | box = 0.5412 | obj = 1.8032 | cls = 0.0585 | lr = 0.000214
epoch 022 | step 0300 | total = 5.7309 | box = 0.7164 | obj = 2.0775 | cls = 0.0713 | lr = 0.000214
epoch 022 | step 0320 | total = 5.0910 | box = 0.6213 | obj = 1.9253 | cls = 0.0592 | lr = 0.000214
epoch 022 | step 0340 | total = 5.1886 | box = 0.6330 | obj = 1.9418 | cls = 0.0817 | lr = 0.000214
epoch 022 | step 0360 | total = 5.4600 | box = 0.7136 | obj = 1.8240 | cls = 0.0681 | lr = 0.000214
epoch 022 | step 0380 | total = 5.0701 | box = 0.6097 | obj = 1.9355 | cls = 0.0859 | lr = 0.000214
epoch 022 | step 0400 | total = 4.9251 | box = 0.6062 | obj = 1.8277 | cls = 0.0663 | lr = 0.000214
epoch 022 | step 0420 | total = 4.5015 | box = 0.5292 | obj = 1.7952 | cls = 0.0605 | lr = 0.000214
epoch 022 | step 0440 | total = 4.7401 | box = 0.5592 | obj = 1.8732 | cls = 0.0710 | lr = 0.000214
epoch 022 | step 0460 | total = 6.1059 | box = 0.8356 | obj = 1.8630 | cls = 0.0650 | lr = 0.000214
epoch 022 | step 0480 | total = 6.5416 | box = 0.8893 | obj = 2.0400 | cls = 0.0549 | lr = 0.000214
epoch 022 | step 0500 | total = 6.2630 | box = 0.8444 | obj = 1.9899 | cls = 0.0514 | lr = 0.000214
epoch 022 | step 0520 | total = 4.4710 | box = 0.5115 | obj = 1.8511 | cls = 0.0623 | lr = 0.000214
epoch 022 | step 0540 | total = 6.5540 | box = 0.8969 | obj = 2.0105 | cls = 0.0590 | lr = 0.000214
epoch 022 | step 0560 | total = 5.1726 | box = 0.6313 | obj = 1.9445 | cls = 0.0716 | lr = 0.000214
epoch 022 | step 0580 | total = 4.5931 | box = 0.5250 | obj = 1.8878 | cls = 0.0801 | lr = 0.000214
epoch 022 | step 0600 | total = 4.4123 | box = 0.5282 | obj = 1.7094 | cls = 0.0616 | lr = 0.000214
epoch 022 | step 0620 | total = 4.5049 | box = 0.5305 | obj = 1.7420 | cls = 0.1106 | lr = 0.000214
epoch 022 | step 0640 | total = 5.3625 | box = 0.6689 | obj = 1.9676 | cls = 0.0504 | lr = 0.000214
epoch 022 | step 0660 | total = 3.8441 | box = 0.4335 | obj = 1.6008 | cls = 0.0760 | lr = 0.000214
epoch 022 | step 0680 | total = 5.3711 | box = 0.6691 | obj = 1.9678 | cls = 0.0579 | lr = 0.000214
epoch 022 | step 0700 | total = 6.7890 | box = 0.9381 | obj = 2.0318 | cls = 0.0666 | lr = 0.000214
epoch 022 | step 0720 | total = 5.5787 | box = 0.7417 | obj = 1.8033 | cls = 0.0667 | lr = 0.000214
epoch 022 | step 0740 | total = 5.7145 | box = 0.7382 | obj = 1.9504 | cls = 0.0732 | lr = 0.000214
epoch 022 | step 0760 | total = 4.6507 | box = 0.5677 | obj = 1.7412 | cls = 0.0712 | lr = 0.000214
epoch 022 | step 0780 | total = 4.6836 | box = 0.5633 | obj = 1.8159 | cls = 0.0513 | lr = 0.000214
epoch 022 | step 0800 | total = 4.7584 | box = 0.5770 | obj = 1.8044 | cls = 0.0690 | lr = 0.000214
epoch 022 | step 0820 | total = 5.4929 | box = 0.7192 | obj = 1.8258 | cls = 0.0709 | lr = 0.000214
epoch 022 | step 0840 | total = 5.7716 | box = 0.7515 | obj = 1.9647 | cls = 0.0494 | lr = 0.000214
epoch 022 | step 0860 | total = 4.7769 | box = 0.5888 | obj = 1.7793 | cls = 0.0538 | lr = 0.000214
epoch 022 | step 0880 | total = 5.1944 | box = 0.6343 | obj = 1.9651 | cls = 0.0580 | lr = 0.000214
epoch 022 | step 0900 | total = 4.8440 | box = 0.6132 | obj = 1.7140 | cls = 0.0638 | lr = 0.000214
epoch 022 | step 0920 | total = 5.9055 | box = 0.7633 | obj = 2.0337 | cls = 0.0551 | lr = 0.000214
[epoch 022 train] total = 5.3301 | box = 0.6794 | obj = 1.8693 | cls = 0.0639 | steps = 925 | global_batches = 7400 | samples = 118288 | time = 1520.8s
[epoch 022 val] total = 6.6573 | box = 0.8413 | obj = 2.3834 | cls = 0.0672 | steps = 40 | global_batches = 320 | samples = 5000 | time = 49.4s
epoch 023 | step 0001 | total = 5.5183 | box = 0.7108 | obj = 1.8970 | cls = 0.0671 | lr = 0.000174
epoch 023 | step 0020 | total = 5.3440 | box = 0.6822 | obj = 1.8771 | cls = 0.0558 | lr = 0.000174
epoch 023 | step 0040 | total = 5.0745 | box = 0.6247 | obj = 1.8841 | cls = 0.0672 | lr = 0.000174
epoch 023 | step 0060 | total = 4.9163 | box = 0.6142 | obj = 1.7898 | cls = 0.0555 | lr = 0.000174
epoch 023 | step 0080 | total = 4.7043 | box = 0.5207 | obj = 2.0269 | cls = 0.0738 | lr = 0.000174
epoch 023 | step 0100 | total = 5.4018 | box = 0.6762 | obj = 1.9575 | cls = 0.0634 | lr = 0.000174
epoch 023 | step 0120 | total = 4.6611 | box = 0.5938 | obj = 1.6427 | cls = 0.0495 | lr = 0.000174
epoch 023 | step 0140 | total = 6.4160 | box = 0.8979 | obj = 1.8725 | cls = 0.0540 | lr = 0.000174
epoch 023 | step 0160 | total = 3.8093 | box = 0.4312 | obj = 1.5724 | cls = 0.0812 | lr = 0.000174
epoch 023 | step 0180 | total = 4.2065 | box = 0.4873 | obj = 1.7114 | cls = 0.0588 | lr = 0.000174
epoch 023 | step 0200 | total = 5.1986 | box = 0.6781 | obj = 1.7521 | cls = 0.0559 | lr = 0.000174
epoch 023 | step 0220 | total = 4.6929 | box = 0.6043 | obj = 1.6197 | cls = 0.0518 | lr = 0.000174
epoch 023 | step 0240 | total = 4.8872 | box = 0.6131 | obj = 1.7496 | cls = 0.0721 | lr = 0.000174
epoch 023 | step 0260 | total = 5.1204 | box = 0.6657 | obj = 1.7475 | cls = 0.0445 | lr = 0.000174
epoch 023 | step 0280 | total = 4.6966 | box = 0.5628 | obj = 1.8208 | cls = 0.0617 | lr = 0.000174
epoch 023 | step 0300 | total = 5.0785 | box = 0.6244 | obj = 1.8995 | cls = 0.0571 | lr = 0.000174
epoch 023 | step 0320 | total = 3.9383 | box = 0.4389 | obj = 1.6619 | cls = 0.0819 | lr = 0.000174
epoch 023 | step 0340 | total = 5.4112 | box = 0.6810 | obj = 1.9366 | cls = 0.0697 | lr = 0.000174
epoch 023 | step 0360 | total = 4.7055 | box = 0.5886 | obj = 1.7105 | cls = 0.0519 | lr = 0.000174
epoch 023 | step 0380 | total = 4.6812 | box = 0.5752 | obj = 1.7542 | cls = 0.0510 | lr = 0.000174
epoch 023 | step 0400 | total = 4.6626 | box = 0.5643 | obj = 1.7779 | cls = 0.0633 | lr = 0.000174
epoch 023 | step 0420 | total = 5.1244 | box = 0.6373 | obj = 1.8792 | cls = 0.0589 | lr = 0.000174
epoch 023 | step 0440 | total = 5.7696 | box = 0.7513 | obj = 1.9666 | cls = 0.0463 | lr = 0.000174
epoch 023 | step 0460 | total = 5.2720 | box = 0.6867 | obj = 1.7809 | cls = 0.0577 | lr = 0.000174
epoch 023 | step 0480 | total = 5.5121 | box = 0.7020 | obj = 1.9309 | cls = 0.0711 | lr = 0.000174
epoch 023 | step 0500 | total = 5.6306 | box = 0.7096 | obj = 2.0346 | cls = 0.0481 | lr = 0.000174
epoch 023 | step 0520 | total = 4.9591 | box = 0.6328 | obj = 1.7320 | cls = 0.0628 | lr = 0.000174
epoch 023 | step 0540 | total = 4.4512 | box = 0.5558 | obj = 1.5929 | cls = 0.0793 | lr = 0.000174
epoch 023 | step 0560 | total = 4.9565 | box = 0.5908 | obj = 1.9340 | cls = 0.0684 | lr = 0.000174
epoch 023 | step 0580 | total = 3.9885 | box = 0.4535 | obj = 1.6516 | cls = 0.0695 | lr = 0.000174
epoch 023 | step 0600 | total = 5.4480 | box = 0.7092 | obj = 1.8493 | cls = 0.0524 | lr = 0.000174
epoch 023 | step 0620 | total = 5.8389 | box = 0.7763 | obj = 1.8859 | cls = 0.0716 | lr = 0.000174
epoch 023 | step 0640 | total = 5.2622 | box = 0.6518 | obj = 1.9363 | cls = 0.0671 | lr = 0.000174
epoch 023 | step 0660 | total = 6.2987 | box = 0.8552 | obj = 1.9682 | cls = 0.0544 | lr = 0.000174
epoch 023 | step 0680 | total = 4.9574 | box = 0.6303 | obj = 1.7464 | cls = 0.0597 | lr = 0.000174
epoch 023 | step 0700 | total = 4.9290 | box = 0.6165 | obj = 1.7883 | cls = 0.0584 | lr = 0.000174
epoch 023 | step 0720 | total = 5.3953 | box = 0.6878 | obj = 1.8854 | cls = 0.0709 | lr = 0.000174
epoch 023 | step 0740 | total = 4.2562 | box = 0.5210 | obj = 1.5880 | cls = 0.0633 | lr = 0.000174
epoch 023 | step 0760 | total = 5.3045 | box = 0.7165 | obj = 1.6568 | cls = 0.0654 | lr = 0.000174
epoch 023 | step 0780 | total = 4.3349 | box = 0.5202 | obj = 1.6762 | cls = 0.0577 | lr = 0.000174
epoch 023 | step 0800 | total = 5.3811 | box = 0.6856 | obj = 1.8727 | cls = 0.0803 | lr = 0.000174
epoch 023 | step 0820 | total = 5.8579 | box = 0.7803 | obj = 1.8888 | cls = 0.0675 | lr = 0.000174
epoch 023 | step 0840 | total = 5.7331 | box = 0.7504 | obj = 1.9216 | cls = 0.0597 | lr = 0.000174
epoch 023 | step 0860 | total = 4.5860 | box = 0.5389 | obj = 1.8235 | cls = 0.0681 | lr = 0.000174
epoch 023 | step 0880 | total = 6.2332 | box = 0.8580 | obj = 1.8785 | cls = 0.0649 | lr = 0.000174
epoch 023 | step 0900 | total = 6.0428 | box = 0.7933 | obj = 2.0130 | cls = 0.0631 | lr = 0.000174
epoch 023 | step 0920 | total = 5.0991 | box = 0.6646 | obj = 1.7189 | cls = 0.0572 | lr = 0.000174
[epoch 023 train] total = 5.2254 | box = 0.6657 | obj = 1.8332 | cls = 0.0636 | steps = 925 | global_batches = 7400 | samples = 118288 | time = 1530.0s
[epoch 023 val] total = 6.6854 | box = 0.8403 | obj = 2.4169 | cls = 0.0669 | steps = 40 | global_batches = 320 | samples = 5000 | time = 48.9s
epoch 024 | step 0001 | total = 5.0699 | box = 0.6373 | obj = 1.8112 | cls = 0.0721 | lr = 0.000137
epoch 024 | step 0020 | total = 4.7259 | box = 0.5703 | obj = 1.8102 | cls = 0.0641 | lr = 0.000137
epoch 024 | step 0040 | total = 4.1507 | box = 0.4606 | obj = 1.7768 | cls = 0.0706 | lr = 0.000137
epoch 024 | step 0060 | total = 4.7453 | box = 0.5741 | obj = 1.8076 | cls = 0.0673 | lr = 0.000137
epoch 024 | step 0080 | total = 4.9748 | box = 0.6294 | obj = 1.7816 | cls = 0.0464 | lr = 0.000137
epoch 024 | step 0100 | total = 5.8267 | box = 0.7605 | obj = 1.9605 | cls = 0.0638 | lr = 0.000137
epoch 024 | step 0120 | total = 4.7865 | box = 0.5779 | obj = 1.8086 | cls = 0.0885 | lr = 0.000137
epoch 024 | step 0140 | total = 5.4026 | box = 0.6902 | obj = 1.9047 | cls = 0.0471 | lr = 0.000137
epoch 024 | step 0160 | total = 5.4900 | box = 0.7153 | obj = 1.8469 | cls = 0.0668 | lr = 0.000137
epoch 024 | step 0180 | total = 4.3330 | box = 0.5086 | obj = 1.7038 | cls = 0.0861 | lr = 0.000137
epoch 024 | step 0200 | total = 4.8394 | box = 0.6104 | obj = 1.7285 | cls = 0.0592 | lr = 0.000137
epoch 024 | step 0220 | total = 6.4193 | box = 0.8866 | obj = 1.9320 | cls = 0.0545 | lr = 0.000137
epoch 024 | step 0240 | total = 5.0986 | box = 0.6436 | obj = 1.8252 | cls = 0.0554 | lr = 0.000137
epoch 024 | step 0260 | total = 6.2763 | box = 0.8390 | obj = 2.0245 | cls = 0.0571 | lr = 0.000137
epoch 024 | step 0280 | total = 5.1422 | box = 0.6640 | obj = 1.7669 | cls = 0.0555 | lr = 0.000137
epoch 024 | step 0300 | total = 4.7032 | box = 0.5952 | obj = 1.6588 | cls = 0.0681 | lr = 0.000137
epoch 024 | step 0320 | total = 4.8690 | box = 0.6270 | obj = 1.6710 | cls = 0.0629 | lr = 0.000137
epoch 024 | step 0340 | total = 5.6316 | box = 0.7340 | obj = 1.9020 | cls = 0.0596 | lr = 0.000137
epoch 024 | step 0360 | total = 5.5940 | box = 0.7336 | obj = 1.8692 | cls = 0.0566 | lr = 0.000137
epoch 024 | step 0380 | total = 6.3626 | box = 0.9010 | obj = 1.8058 | cls = 0.0520 | lr = 0.000137
epoch 024 | step 0400 | total = 6.1231 | box = 0.8137 | obj = 2.0007 | cls = 0.0537 | lr = 0.000137
epoch 024 | step 0420 | total = 4.8296 | box = 0.6127 | obj = 1.7080 | cls = 0.0579 | lr = 0.000137
epoch 024 | step 0440 | total = 4.1755 | box = 0.4822 | obj = 1.7102 | cls = 0.0543 | lr = 0.000137
epoch 024 | step 0460 | total = 5.7438 | box = 0.7558 | obj = 1.8939 | cls = 0.0708 | lr = 0.000137
epoch 024 | step 0480 | total = 5.0383 | box = 0.6532 | obj = 1.7138 | cls = 0.0584 | lr = 0.000137
epoch 024 | step 0500 | total = 5.6677 | box = 0.7295 | obj = 1.9626 | cls = 0.0578 | lr = 0.000137
epoch 024 | step 0520 | total = 4.8937 | box = 0.5983 | obj = 1.8354 | cls = 0.0668 | lr = 0.000137
epoch 024 | step 0540 | total = 5.4137 | box = 0.6658 | obj = 2.0253 | cls = 0.0594 | lr = 0.000137
epoch 024 | step 0560 | total = 4.7455 | box = 0.5900 | obj = 1.7346 | cls = 0.0612 | lr = 0.000137
epoch 024 | step 0580 | total = 4.7845 | box = 0.5893 | obj = 1.7679 | cls = 0.0700 | lr = 0.000137
epoch 024 | step 0600 | total = 4.8008 | box = 0.6093 | obj = 1.6872 | cls = 0.0673 | lr = 0.000137
epoch 024 | step 0620 | total = 4.2055 | box = 0.5453 | obj = 1.3990 | cls = 0.0800 | lr = 0.000137
epoch 024 | step 0640 | total = 4.7089 | box = 0.5720 | obj = 1.7809 | cls = 0.0682 | lr = 0.000137
epoch 024 | step 0660 | total = 5.3820 | box = 0.7036 | obj = 1.8085 | cls = 0.0553 | lr = 0.000137
epoch 024 | step 0680 | total = 4.7077 | box = 0.5859 | obj = 1.7152 | cls = 0.0627 | lr = 0.000137
epoch 024 | step 0700 | total = 5.2441 | box = 0.6898 | obj = 1.7283 | cls = 0.0668 | lr = 0.000137
epoch 024 | step 0720 | total = 6.4553 | box = 0.8833 | obj = 1.9747 | cls = 0.0642 | lr = 0.000137
epoch 024 | step 0740 | total = 5.5868 | box = 0.7337 | obj = 1.8625 | cls = 0.0557 | lr = 0.000137
epoch 024 | step 0760 | total = 5.6678 | box = 0.6905 | obj = 2.1441 | cls = 0.0711 | lr = 0.000137
epoch 024 | step 0780 | total = 5.7015 | box = 0.7893 | obj = 1.7102 | cls = 0.0450 | lr = 0.000137
epoch 024 | step 0800 | total = 5.8665 | box = 0.7885 | obj = 1.8585 | cls = 0.0654 | lr = 0.000137
epoch 024 | step 0820 | total = 5.1248 | box = 0.6312 | obj = 1.9081 | cls = 0.0605 | lr = 0.000137
epoch 024 | step 0840 | total = 5.0488 | box = 0.6392 | obj = 1.7888 | cls = 0.0638 | lr = 0.000137
epoch 024 | step 0860 | total = 5.4482 | box = 0.7347 | obj = 1.7160 | cls = 0.0587 | lr = 0.000137
epoch 024 | step 0880 | total = 4.6784 | box = 0.5681 | obj = 1.7706 | cls = 0.0673 | lr = 0.000137
epoch 024 | step 0900 | total = 6.0894 | box = 0.8240 | obj = 1.9015 | cls = 0.0677 | lr = 0.000137
epoch 024 | step 0920 | total = 5.1075 | box = 0.6493 | obj = 1.7992 | cls = 0.0620 | lr = 0.000137
[epoch 024 train] total = 5.1295 | box = 0.6538 | obj = 1.7975 | cls = 0.0632 | steps = 925 | global_batches = 7400 | samples = 118288 | time = 1540.6s
[epoch 024 val] total = 6.7549 | box = 0.8431 | obj = 2.4725 | cls = 0.0671 | steps = 40 | global_batches = 320 | samples = 5000 | time = 49.7s
epoch 025 | step 0001 | total = 6.3491 | box = 0.9306 | obj = 1.6533 | cls = 0.0430 | lr = 0.000105
epoch 025 | step 0020 | total = 5.2240 | box = 0.6794 | obj = 1.7707 | cls = 0.0564 | lr = 0.000105
epoch 025 | step 0040 | total = 4.6468 | box = 0.5869 | obj = 1.6380 | cls = 0.0741 | lr = 0.000105
epoch 025 | step 0060 | total = 4.7219 | box = 0.5828 | obj = 1.7476 | cls = 0.0603 | lr = 0.000105
epoch 025 | step 0080 | total = 5.0494 | box = 0.6145 | obj = 1.9016 | cls = 0.0752 | lr = 0.000105
epoch 025 | step 0100 | total = 4.4343 | box = 0.5568 | obj = 1.5768 | cls = 0.0735 | lr = 0.000105
epoch 025 | step 0120 | total = 6.2623 | box = 0.8480 | obj = 1.9632 | cls = 0.0591 | lr = 0.000105
epoch 025 | step 0140 | total = 4.7445 | box = 0.5937 | obj = 1.7097 | cls = 0.0662 | lr = 0.000105
epoch 025 | step 0160 | total = 4.0793 | box = 0.4733 | obj = 1.6390 | cls = 0.0738 | lr = 0.000105
epoch 025 | step 0180 | total = 5.4438 | box = 0.7341 | obj = 1.7219 | cls = 0.0516 | lr = 0.000105
epoch 025 | step 0200 | total = 5.7081 | box = 0.7519 | obj = 1.8866 | cls = 0.0620 | lr = 0.000105
epoch 025 | step 0220 | total = 5.3942 | box = 0.6944 | obj = 1.8669 | cls = 0.0552 | lr = 0.000105
epoch 025 | step 0240 | total = 4.9416 | box = 0.6275 | obj = 1.7357 | cls = 0.0686 | lr = 0.000105
epoch 025 | step 0260 | total = 5.8011 | box = 0.7795 | obj = 1.8500 | cls = 0.0535 | lr = 0.000105
epoch 025 | step 0280 | total = 4.9018 | box = 0.6387 | obj = 1.6403 | cls = 0.0679 | lr = 0.000105
epoch 025 | step 0300 | total = 5.3849 | box = 0.7136 | obj = 1.7557 | cls = 0.0612 | lr = 0.000105
epoch 025 | step 0320 | total = 5.5507 | box = 0.7443 | obj = 1.7835 | cls = 0.0455 | lr = 0.000105
epoch 025 | step 0340 | total = 6.0127 | box = 0.7958 | obj = 1.9812 | cls = 0.0525 | lr = 0.000105
epoch 025 | step 0360 | total = 4.8279 | box = 0.6165 | obj = 1.6803 | cls = 0.0650 | lr = 0.000105
epoch 025 | step 0380 | total = 3.9757 | box = 0.4483 | obj = 1.6602 | cls = 0.0742 | lr = 0.000105
epoch 025 | step 0400 | total = 5.2892 | box = 0.6557 | obj = 1.9410 | cls = 0.0695 | lr = 0.000105
epoch 025 | step 0420 | total = 5.8642 | box = 0.7667 | obj = 1.9659 | cls = 0.0646 | lr = 0.000105
epoch 025 | step 0440 | total = 5.0612 | box = 0.6535 | obj = 1.7226 | cls = 0.0713 | lr = 0.000105
epoch 025 | step 0460 | total = 4.6151 | box = 0.5904 | obj = 1.6005 | cls = 0.0627 | lr = 0.000105
epoch 025 | step 0480 | total = 5.5061 | box = 0.7207 | obj = 1.8396 | cls = 0.0629 | lr = 0.000105
epoch 025 | step 0500 | total = 5.3480 | box = 0.6838 | obj = 1.8697 | cls = 0.0592 | lr = 0.000105
epoch 025 | step 0520 | total = 5.7765 | box = 0.7203 | obj = 2.1045 | cls = 0.0703 | lr = 0.000105
epoch 025 | step 0540 | total = 5.3132 | box = 0.6897 | obj = 1.7791 | cls = 0.0858 | lr = 0.000105
epoch 025 | step 0560 | total = 6.1110 | box = 0.8294 | obj = 1.9026 | cls = 0.0612 | lr = 0.000105
epoch 025 | step 0580 | total = 5.0664 | box = 0.6771 | obj = 1.6324 | cls = 0.0487 | lr = 0.000105
epoch 025 | step 0600 | total = 5.8877 | box = 0.7768 | obj = 1.9375 | cls = 0.0662 | lr = 0.000105
epoch 025 | step 0620 | total = 5.0177 | box = 0.6441 | obj = 1.7367 | cls = 0.0605 | lr = 0.000105
epoch 025 | step 0640 | total = 4.1371 | box = 0.5017 | obj = 1.5495 | cls = 0.0791 | lr = 0.000105
epoch 025 | step 0660 | total = 5.6605 | box = 0.7784 | obj = 1.7170 | cls = 0.0515 | lr = 0.000105
epoch 025 | step 0680 | total = 5.0074 | box = 0.6543 | obj = 1.6665 | cls = 0.0694 | lr = 0.000105
epoch 025 | step 0700 | total = 5.0457 | box = 0.6344 | obj = 1.8145 | cls = 0.0594 | lr = 0.000105
epoch 025 | step 0720 | total = 4.9138 | box = 0.6038 | obj = 1.8240 | cls = 0.0710 | lr = 0.000105
epoch 025 | step 0740 | total = 5.6351 | box = 0.6988 | obj = 2.0621 | cls = 0.0790 | lr = 0.000105
epoch 025 | step 0760 | total = 5.2194 | box = 0.6686 | obj = 1.8179 | cls = 0.0586 | lr = 0.000105
epoch 025 | step 0780 | total = 4.0256 | box = 0.4737 | obj = 1.5802 | cls = 0.0770 | lr = 0.000105
epoch 025 | step 0800 | total = 3.9373 | box = 0.4496 | obj = 1.6099 | cls = 0.0797 | lr = 0.000105
epoch 025 | step 0820 | total = 4.8937 | box = 0.6222 | obj = 1.7190 | cls = 0.0637 | lr = 0.000105
epoch 025 | step 0840 | total = 4.3061 | box = 0.5311 | obj = 1.5785 | cls = 0.0721 | lr = 0.000105
epoch 025 | step 0860 | total = 4.0809 | box = 0.4714 | obj = 1.6469 | cls = 0.0769 | lr = 0.000105
epoch 025 | step 0880 | total = 5.5809 | box = 0.7581 | obj = 1.7357 | cls = 0.0546 | lr = 0.000105
epoch 025 | step 0900 | total = 5.2764 | box = 0.6815 | obj = 1.8029 | cls = 0.0661 | lr = 0.000105
epoch 025 | step 0920 | total = 4.4712 | box = 0.5574 | obj = 1.6360 | cls = 0.0479 | lr = 0.000105
[epoch 025 train] total = 5.0440 | box = 0.6430 | obj = 1.7662 | cls = 0.0630 | steps = 925 | global_batches = 7400 | samples = 118288 | time = 1537.2s
[epoch 025 val] total = 6.7471 | box = 0.8417 | obj = 2.4723 | cls = 0.0665 | steps = 40 | global_batches = 320 | samples = 5000 | time = 49.9s
epoch 026 | step 0001 | total = 3.7733 | box = 0.4031 | obj = 1.6705 | cls = 0.0873 | lr = 0.000076
epoch 026 | step 0020 | total = 4.1858 | box = 0.5049 | obj = 1.5958 | cls = 0.0654 | lr = 0.000076
epoch 026 | step 0040 | total = 4.5355 | box = 0.5643 | obj = 1.6558 | cls = 0.0580 | lr = 0.000076
epoch 026 | step 0060 | total = 4.1722 | box = 0.5027 | obj = 1.5928 | cls = 0.0661 | lr = 0.000076
epoch 026 | step 0080 | total = 4.5244 | box = 0.5568 | obj = 1.6635 | cls = 0.0768 | lr = 0.000076
epoch 026 | step 0100 | total = 4.3829 | box = 0.5227 | obj = 1.7087 | cls = 0.0607 | lr = 0.000076
epoch 026 | step 0120 | total = 6.3056 | box = 0.8545 | obj = 1.9673 | cls = 0.0656 | lr = 0.000076
epoch 026 | step 0140 | total = 4.8964 | box = 0.6070 | obj = 1.8027 | cls = 0.0585 | lr = 0.000076
epoch 026 | step 0160 | total = 4.0517 | box = 0.4623 | obj = 1.6684 | cls = 0.0716 | lr = 0.000076
epoch 026 | step 0180 | total = 4.1452 | box = 0.4827 | obj = 1.6617 | cls = 0.0701 | lr = 0.000076
epoch 026 | step 0200 | total = 5.9559 | box = 0.7863 | obj = 1.9691 | cls = 0.0555 | lr = 0.000076
epoch 026 | step 0220 | total = 4.5577 | box = 0.5397 | obj = 1.8108 | cls = 0.0485 | lr = 0.000076
epoch 026 | step 0240 | total = 4.2160 | box = 0.5327 | obj = 1.4972 | cls = 0.0552 | lr = 0.000076
epoch 026 | step 0260 | total = 4.8129 | box = 0.6453 | obj = 1.5390 | cls = 0.0473 | lr = 0.000076
epoch 026 | step 0280 | total = 4.8848 | box = 0.6169 | obj = 1.7483 | cls = 0.0522 | lr = 0.000076
epoch 026 | step 0300 | total = 4.2472 | box = 0.5149 | obj = 1.6136 | cls = 0.0593 | lr = 0.000076
epoch 026 | step 0320 | total = 5.4528 | box = 0.7047 | obj = 1.8817 | cls = 0.0479 | lr = 0.000076
epoch 026 | step 0340 | total = 5.0277 | box = 0.6271 | obj = 1.8233 | cls = 0.0688 | lr = 0.000076
epoch 026 | step 0360 | total = 4.0536 | box = 0.4880 | obj = 1.5430 | cls = 0.0704 | lr = 0.000076
epoch 026 | step 0380 | total = 5.0477 | box = 0.6230 | obj = 1.8671 | cls = 0.0655 | lr = 0.000076
epoch 026 | step 0400 | total = 4.7157 | box = 0.5664 | obj = 1.8242 | cls = 0.0597 | lr = 0.000076
epoch 026 | step 0420 | total = 5.9615 | box = 0.7868 | obj = 1.9698 | cls = 0.0575 | lr = 0.000076
epoch 026 | step 0440 | total = 4.7530 | box = 0.5950 | obj = 1.7134 | cls = 0.0647 | lr = 0.000076
epoch 026 | step 0460 | total = 5.1763 | box = 0.6662 | obj = 1.7858 | cls = 0.0594 | lr = 0.000076
epoch 026 | step 0480 | total = 5.5878 | box = 0.7358 | obj = 1.8560 | cls = 0.0525 | lr = 0.000076
epoch 026 | step 0500 | total = 6.1191 | box = 0.8343 | obj = 1.8963 | cls = 0.0512 | lr = 0.000076
epoch 026 | step 0520 | total = 5.1545 | box = 0.6816 | obj = 1.6866 | cls = 0.0601 | lr = 0.000076
epoch 026 | step 0540 | total = 4.7576 | box = 0.5745 | obj = 1.8207 | cls = 0.0642 | lr = 0.000076
epoch 026 | step 0560 | total = 5.3266 | box = 0.6982 | obj = 1.7821 | cls = 0.0534 | lr = 0.000076
epoch 026 | step 0580 | total = 5.7090 | box = 0.7618 | obj = 1.8425 | cls = 0.0576 | lr = 0.000076
epoch 026 | step 0600 | total = 5.4219 | box = 0.6883 | obj = 1.9146 | cls = 0.0655 | lr = 0.000076
epoch 026 | step 0620 | total = 4.7287 | box = 0.5789 | obj = 1.7782 | cls = 0.0559 | lr = 0.000076
epoch 026 | step 0640 | total = 4.5328 | box = 0.5361 | obj = 1.7922 | cls = 0.0603 | lr = 0.000076
epoch 026 | step 0660 | total = 5.6090 | box = 0.7460 | obj = 1.8217 | cls = 0.0574 | lr = 0.000076
epoch 026 | step 0680 | total = 5.0805 | box = 0.6543 | obj = 1.7513 | cls = 0.0577 | lr = 0.000076
epoch 026 | step 0700 | total = 5.3075 | box = 0.6425 | obj = 2.0289 | cls = 0.0662 | lr = 0.000076
epoch 026 | step 0720 | total = 4.3517 | box = 0.5353 | obj = 1.6232 | cls = 0.0520 | lr = 0.000076
epoch 026 | step 0740 | total = 3.4642 | box = 0.3896 | obj = 1.4275 | cls = 0.0888 | lr = 0.000076
epoch 026 | step 0760 | total = 5.1015 | box = 0.6202 | obj = 1.9386 | cls = 0.0617 | lr = 0.000076
epoch 026 | step 0780 | total = 5.0797 | box = 0.6515 | obj = 1.7603 | cls = 0.0622 | lr = 0.000076
epoch 026 | step 0800 | total = 6.0031 | box = 0.7957 | obj = 1.9630 | cls = 0.0618 | lr = 0.000076
epoch 026 | step 0820 | total = 5.9751 | box = 0.8115 | obj = 1.8555 | cls = 0.0622 | lr = 0.000076
epoch 026 | step 0840 | total = 5.2697 | box = 0.6363 | obj = 2.0183 | cls = 0.0700 | lr = 0.000076
epoch 026 | step 0860 | total = 5.5100 | box = 0.7099 | obj = 1.8943 | cls = 0.0663 | lr = 0.000076
epoch 026 | step 0880 | total = 4.5235 | box = 0.5623 | obj = 1.6458 | cls = 0.0661 | lr = 0.000076
epoch 026 | step 0900 | total = 6.0048 | box = 0.7956 | obj = 1.9762 | cls = 0.0507 | lr = 0.000076
epoch 026 | step 0920 | total = 3.8946 | box = 0.4560 | obj = 1.5492 | cls = 0.0654 | lr = 0.000076
[epoch 026 train] total = 4.9734 | box = 0.6340 | obj = 1.7405 | cls = 0.0628 | steps = 925 | global_batches = 7400 | samples = 118288 | time = 1541.5s
[epoch 026 val] total = 6.8650 | box = 0.8444 | obj = 2.5763 | cls = 0.0666 | steps = 40 | global_batches = 320 | samples = 5000 | time = 49.7s
epoch 027 | step 0001 | total = 4.5771 | box = 0.5773 | obj = 1.6163 | cls = 0.0744 | lr = 0.000053
epoch 027 | step 0020 | total = 4.3998 | box = 0.5493 | obj = 1.5878 | cls = 0.0656 | lr = 0.000053
epoch 027 | step 0040 | total = 3.3359 | box = 0.3920 | obj = 1.3141 | cls = 0.0619 | lr = 0.000053
epoch 027 | step 0060 | total = 5.3048 | box = 0.6889 | obj = 1.8028 | cls = 0.0575 | lr = 0.000053
epoch 027 | step 0080 | total = 5.0447 | box = 0.6518 | obj = 1.7202 | cls = 0.0654 | lr = 0.000053
epoch 027 | step 0100 | total = 5.5568 | box = 0.7165 | obj = 1.9083 | cls = 0.0659 | lr = 0.000053
epoch 027 | step 0120 | total = 5.2505 | box = 0.6741 | obj = 1.8255 | cls = 0.0546 | lr = 0.000053
epoch 027 | step 0140 | total = 4.4455 | box = 0.5601 | obj = 1.5718 | cls = 0.0733 | lr = 0.000053
epoch 027 | step 0160 | total = 4.7335 | box = 0.6089 | obj = 1.6333 | cls = 0.0555 | lr = 0.000053
epoch 027 | step 0180 | total = 5.0355 | box = 0.6513 | obj = 1.7283 | cls = 0.0507 | lr = 0.000053
epoch 027 | step 0200 | total = 4.5077 | box = 0.5495 | obj = 1.6905 | cls = 0.0698 | lr = 0.000053
epoch 027 | step 0220 | total = 4.2412 | box = 0.5109 | obj = 1.6261 | cls = 0.0608 | lr = 0.000053
epoch 027 | step 0240 | total = 5.5348 | box = 0.7382 | obj = 1.7768 | cls = 0.0670 | lr = 0.000053
epoch 027 | step 0260 | total = 5.4024 | box = 0.7032 | obj = 1.8296 | cls = 0.0566 | lr = 0.000053
epoch 027 | step 0280 | total = 6.5370 | box = 0.8797 | obj = 2.0657 | cls = 0.0728 | lr = 0.000053
epoch 027 | step 0300 | total = 4.5781 | box = 0.5718 | obj = 1.6552 | cls = 0.0642 | lr = 0.000053
epoch 027 | step 0320 | total = 5.1425 | box = 0.6467 | obj = 1.8463 | cls = 0.0629 | lr = 0.000053
epoch 027 | step 0340 | total = 4.2442 | box = 0.5151 | obj = 1.6095 | cls = 0.0590 | lr = 0.000053
epoch 027 | step 0360 | total = 5.1924 | box = 0.6930 | obj = 1.6629 | cls = 0.0644 | lr = 0.000053
epoch 027 | step 0380 | total = 5.8304 | box = 0.7445 | obj = 2.0472 | cls = 0.0604 | lr = 0.000053
epoch 027 | step 0400 | total = 5.0085 | box = 0.6379 | obj = 1.7528 | cls = 0.0662 | lr = 0.000053
epoch 027 | step 0420 | total = 3.5889 | box = 0.4324 | obj = 1.3590 | cls = 0.0678 | lr = 0.000053
epoch 027 | step 0440 | total = 4.4230 | box = 0.5176 | obj = 1.7626 | cls = 0.0726 | lr = 0.000053
epoch 027 | step 0460 | total = 5.2618 | box = 0.6895 | obj = 1.7485 | cls = 0.0659 | lr = 0.000053
epoch 027 | step 0480 | total = 5.7486 | box = 0.7614 | obj = 1.8914 | cls = 0.0500 | lr = 0.000053
epoch 027 | step 0500 | total = 5.7154 | box = 0.7534 | obj = 1.8659 | cls = 0.0825 | lr = 0.000053
epoch 027 | step 0520 | total = 4.7296 | box = 0.5676 | obj = 1.8335 | cls = 0.0581 | lr = 0.000053
epoch 027 | step 0540 | total = 6.3052 | box = 0.8647 | obj = 1.9269 | cls = 0.0550 | lr = 0.000053
epoch 027 | step 0560 | total = 4.4954 | box = 0.5464 | obj = 1.7018 | cls = 0.0615 | lr = 0.000053
epoch 027 | step 0580 | total = 5.3756 | box = 0.6797 | obj = 1.9147 | cls = 0.0626 | lr = 0.000053
epoch 027 | step 0600 | total = 5.0649 | box = 0.6659 | obj = 1.6727 | cls = 0.0629 | lr = 0.000053
epoch 027 | step 0620 | total = 4.6146 | box = 0.5606 | obj = 1.7444 | cls = 0.0673 | lr = 0.000053
epoch 027 | step 0640 | total = 4.8018 | box = 0.6071 | obj = 1.7041 | cls = 0.0624 | lr = 0.000053
epoch 027 | step 0660 | total = 5.0983 | box = 0.6794 | obj = 1.6518 | cls = 0.0497 | lr = 0.000053
epoch 027 | step 0680 | total = 4.5152 | box = 0.5682 | obj = 1.6040 | cls = 0.0705 | lr = 0.000053
epoch 027 | step 0700 | total = 4.4834 | box = 0.5420 | obj = 1.7154 | cls = 0.0581 | lr = 0.000053
epoch 027 | step 0720 | total = 5.9773 | box = 0.8336 | obj = 1.7593 | cls = 0.0498 | lr = 0.000053
epoch 027 | step 0740 | total = 5.1221 | box = 0.6618 | obj = 1.7581 | cls = 0.0550 | lr = 0.000053
epoch 027 | step 0760 | total = 4.4181 | box = 0.5342 | obj = 1.6826 | cls = 0.0647 | lr = 0.000053
epoch 027 | step 0780 | total = 5.8149 | box = 0.7832 | obj = 1.8486 | cls = 0.0503 | lr = 0.000053
epoch 027 | step 0800 | total = 4.7610 | box = 0.6099 | obj = 1.6450 | cls = 0.0663 | lr = 0.000053
epoch 027 | step 0820 | total = 5.2620 | box = 0.6775 | obj = 1.8113 | cls = 0.0632 | lr = 0.000053
epoch 027 | step 0840 | total = 3.9427 | box = 0.4547 | obj = 1.6105 | cls = 0.0586 | lr = 0.000053
epoch 027 | step 0860 | total = 5.2095 | box = 0.6686 | obj = 1.8096 | cls = 0.0569 | lr = 0.000053
epoch 027 | step 0880 | total = 5.1247 | box = 0.6390 | obj = 1.8552 | cls = 0.0745 | lr = 0.000053
epoch 027 | step 0900 | total = 4.6096 | box = 0.5546 | obj = 1.7820 | cls = 0.0547 | lr = 0.000053
epoch 027 | step 0920 | total = 5.3531 | box = 0.6709 | obj = 1.9462 | cls = 0.0522 | lr = 0.000053
[epoch 027 train] total = 4.9131 | box = 0.6262 | obj = 1.7195 | cls = 0.0626 | steps = 925 | global_batches = 7400 | samples = 118288 | time = 1547.7s
[epoch 027 val] total = 6.9450 | box = 0.8461 | obj = 2.6483 | cls = 0.0664 | steps = 40 | global_batches = 320 | samples = 5000 | time = 50.7s
epoch 028 | step 0001 | total = 5.1259 | box = 0.6285 | obj = 1.8985 | cls = 0.0849 | lr = 0.000034
epoch 028 | step 0020 | total = 3.8753 | box = 0.4485 | obj = 1.5744 | cls = 0.0583 | lr = 0.000034
epoch 028 | step 0040 | total = 5.4987 | box = 0.7088 | obj = 1.8839 | cls = 0.0706 | lr = 0.000034
epoch 028 | step 0060 | total = 4.6037 | box = 0.5744 | obj = 1.6797 | cls = 0.0520 | lr = 0.000034
epoch 028 | step 0080 | total = 4.8520 | box = 0.6164 | obj = 1.7131 | cls = 0.0566 | lr = 0.000034
epoch 028 | step 0100 | total = 5.6087 | box = 0.7280 | obj = 1.9110 | cls = 0.0577 | lr = 0.000034
epoch 028 | step 0120 | total = 5.3199 | box = 0.6927 | obj = 1.7914 | cls = 0.0651 | lr = 0.000034
epoch 028 | step 0140 | total = 4.9485 | box = 0.6407 | obj = 1.6861 | cls = 0.0590 | lr = 0.000034
epoch 028 | step 0160 | total = 4.3604 | box = 0.5073 | obj = 1.7581 | cls = 0.0657 | lr = 0.000034
epoch 028 | step 0180 | total = 4.8000 | box = 0.6055 | obj = 1.7110 | cls = 0.0613 | lr = 0.000034
epoch 028 | step 0200 | total = 5.6476 | box = 0.7693 | obj = 1.7494 | cls = 0.0515 | lr = 0.000034
epoch 028 | step 0220 | total = 4.4063 | box = 0.5264 | obj = 1.7144 | cls = 0.0601 | lr = 0.000034
epoch 028 | step 0240 | total = 4.4887 | box = 0.5644 | obj = 1.6080 | cls = 0.0584 | lr = 0.000034
epoch 028 | step 0260 | total = 4.6547 | box = 0.5975 | obj = 1.6177 | cls = 0.0494 | lr = 0.000034
epoch 028 | step 0280 | total = 4.6214 | box = 0.5591 | obj = 1.7329 | cls = 0.0930 | lr = 0.000034
epoch 028 | step 0300 | total = 4.8309 | box = 0.6199 | obj = 1.6663 | cls = 0.0649 | lr = 0.000034
epoch 028 | step 0320 | total = 5.1593 | box = 0.6570 | obj = 1.8176 | cls = 0.0567 | lr = 0.000034
epoch 028 | step 0340 | total = 4.3437 | box = 0.5546 | obj = 1.5108 | cls = 0.0600 | lr = 0.000034
epoch 028 | step 0360 | total = 4.6021 | box = 0.5781 | obj = 1.6484 | cls = 0.0632 | lr = 0.000034
epoch 028 | step 0380 | total = 5.0903 | box = 0.6552 | obj = 1.7468 | cls = 0.0676 | lr = 0.000034
epoch 028 | step 0400 | total = 5.1244 | box = 0.6587 | obj = 1.7767 | cls = 0.0544 | lr = 0.000034
epoch 028 | step 0420 | total = 4.9681 | box = 0.6372 | obj = 1.7301 | cls = 0.0521 | lr = 0.000034
epoch 028 | step 0440 | total = 5.0181 | box = 0.6389 | obj = 1.7607 | cls = 0.0628 | lr = 0.000034
epoch 028 | step 0460 | total = 5.5156 | box = 0.7089 | obj = 1.9031 | cls = 0.0680 | lr = 0.000034
epoch 028 | step 0480 | total = 4.1827 | box = 0.5043 | obj = 1.5963 | cls = 0.0647 | lr = 0.000034
epoch 028 | step 0500 | total = 5.3617 | box = 0.7137 | obj = 1.7299 | cls = 0.0634 | lr = 0.000034
epoch 028 | step 0520 | total = 4.5598 | box = 0.5698 | obj = 1.6582 | cls = 0.0526 | lr = 0.000034
epoch 028 | step 0540 | total = 3.9134 | box = 0.4576 | obj = 1.5592 | cls = 0.0661 | lr = 0.000034
epoch 028 | step 0560 | total = 5.4576 | box = 0.7303 | obj = 1.7472 | cls = 0.0590 | lr = 0.000034
epoch 028 | step 0580 | total = 5.4576 | box = 0.7345 | obj = 1.7290 | cls = 0.0559 | lr = 0.000034
epoch 028 | step 0600 | total = 5.6921 | box = 0.7502 | obj = 1.8825 | cls = 0.0588 | lr = 0.000034
epoch 028 | step 0620 | total = 5.6871 | box = 0.7968 | obj = 1.6511 | cls = 0.0518 | lr = 0.000034
epoch 028 | step 0640 | total = 5.2526 | box = 0.6528 | obj = 1.9196 | cls = 0.0690 | lr = 0.000034
epoch 028 | step 0660 | total = 5.2262 | box = 0.6940 | obj = 1.6975 | cls = 0.0589 | lr = 0.000034
epoch 028 | step 0680 | total = 4.2421 | box = 0.5218 | obj = 1.5715 | cls = 0.0616 | lr = 0.000034
epoch 028 | step 0700 | total = 5.5201 | box = 0.7570 | obj = 1.6808 | cls = 0.0540 | lr = 0.000034
epoch 028 | step 0720 | total = 4.2936 | box = 0.5467 | obj = 1.5069 | cls = 0.0531 | lr = 0.000034
epoch 028 | step 0740 | total = 6.0812 | box = 0.8368 | obj = 1.8523 | cls = 0.0447 | lr = 0.000034
epoch 028 | step 0760 | total = 4.8087 | box = 0.6335 | obj = 1.5856 | cls = 0.0555 | lr = 0.000034
epoch 028 | step 0780 | total = 5.7076 | box = 0.7604 | obj = 1.8477 | cls = 0.0579 | lr = 0.000034
epoch 028 | step 0800 | total = 4.5640 | box = 0.5574 | obj = 1.7164 | cls = 0.0606 | lr = 0.000034
epoch 028 | step 0820 | total = 6.1347 | box = 0.8428 | obj = 1.8784 | cls = 0.0425 | lr = 0.000034
epoch 028 | step 0840 | total = 4.1206 | box = 0.5012 | obj = 1.5445 | cls = 0.0701 | lr = 0.000034
epoch 028 | step 0860 | total = 5.1800 | box = 0.6774 | obj = 1.7407 | cls = 0.0525 | lr = 0.000034
epoch 028 | step 0880 | total = 4.4560 | box = 0.5395 | obj = 1.6938 | cls = 0.0648 | lr = 0.000034
epoch 028 | step 0900 | total = 5.7253 | box = 0.7684 | obj = 1.8294 | cls = 0.0537 | lr = 0.000034
epoch 028 | step 0920 | total = 5.0253 | box = 0.6505 | obj = 1.7135 | cls = 0.0594 | lr = 0.000034
[epoch 028 train] total = 4.8675 | box = 0.6203 | obj = 1.7032 | cls = 0.0625 | steps = 925 | global_batches = 7400 | samples = 118288 | time = 1553.4s
[epoch 028 val] total = 6.9303 | box = 0.8464 | obj = 2.6318 | cls = 0.0666 | steps = 40 | global_batches = 320 | samples = 5000 | time = 49.7s
epoch 029 | step 0001 | total = 4.0317 | box = 0.4966 | obj = 1.4847 | cls = 0.0640 | lr = 0.000021
epoch 029 | step 0020 | total = 4.9169 | box = 0.6238 | obj = 1.7348 | cls = 0.0631 | lr = 0.000021
epoch 029 | step 0040 | total = 4.0374 | box = 0.4862 | obj = 1.5345 | cls = 0.0718 | lr = 0.000021
epoch 029 | step 0060 | total = 5.3469 | box = 0.7023 | obj = 1.7610 | cls = 0.0743 | lr = 0.000021
epoch 029 | step 0080 | total = 4.9586 | box = 0.6554 | obj = 1.6232 | cls = 0.0586 | lr = 0.000021
epoch 029 | step 0100 | total = 4.8413 | box = 0.6018 | obj = 1.7535 | cls = 0.0789 | lr = 0.000021
epoch 029 | step 0120 | total = 5.9296 | box = 0.7878 | obj = 1.9381 | cls = 0.0524 | lr = 0.000021
epoch 029 | step 0140 | total = 4.7314 | box = 0.5909 | obj = 1.6929 | cls = 0.0841 | lr = 0.000021
epoch 029 | step 0160 | total = 4.6573 | box = 0.5861 | obj = 1.6711 | cls = 0.0558 | lr = 0.000021
epoch 029 | step 0180 | total = 5.2673 | box = 0.6880 | obj = 1.7684 | cls = 0.0592 | lr = 0.000021
epoch 029 | step 0200 | total = 5.1778 | box = 0.6756 | obj = 1.7469 | cls = 0.0531 | lr = 0.000021
epoch 029 | step 0220 | total = 4.3999 | box = 0.5500 | obj = 1.5848 | cls = 0.0653 | lr = 0.000021
epoch 029 | step 0240 | total = 4.2930 | box = 0.5246 | obj = 1.6089 | cls = 0.0613 | lr = 0.000021
epoch 029 | step 0260 | total = 4.5143 | box = 0.5582 | obj = 1.6606 | cls = 0.0629 | lr = 0.000021
epoch 029 | step 0280 | total = 5.4418 | box = 0.7517 | obj = 1.6215 | cls = 0.0617 | lr = 0.000021
epoch 029 | step 0300 | total = 3.6164 | box = 0.4076 | obj = 1.5176 | cls = 0.0608 | lr = 0.000021
epoch 029 | step 0320 | total = 4.4693 | box = 0.5663 | obj = 1.5836 | cls = 0.0542 | lr = 0.000021
epoch 029 | step 0340 | total = 6.0984 | box = 0.8508 | obj = 1.7926 | cls = 0.0519 | lr = 0.000021
epoch 029 | step 0360 | total = 5.0117 | box = 0.6313 | obj = 1.7937 | cls = 0.0613 | lr = 0.000021
epoch 029 | step 0380 | total = 5.1026 | box = 0.6491 | obj = 1.8031 | cls = 0.0538 | lr = 0.000021
epoch 029 | step 0400 | total = 4.6665 | box = 0.5635 | obj = 1.7704 | cls = 0.0789 | lr = 0.000021
epoch 029 | step 0420 | total = 4.7432 | box = 0.6208 | obj = 1.5768 | cls = 0.0622 | lr = 0.000021
epoch 029 | step 0440 | total = 5.6035 | box = 0.7158 | obj = 1.9571 | cls = 0.0675 | lr = 0.000021
epoch 029 | step 0460 | total = 4.3632 | box = 0.5506 | obj = 1.5605 | cls = 0.0499 | lr = 0.000021
epoch 029 | step 0480 | total = 4.0449 | box = 0.4701 | obj = 1.6219 | cls = 0.0722 | lr = 0.000021
epoch 029 | step 0500 | total = 5.3375 | box = 0.7071 | obj = 1.7388 | cls = 0.0630 | lr = 0.000021
epoch 029 | step 0520 | total = 4.5015 | box = 0.5787 | obj = 1.5431 | cls = 0.0650 | lr = 0.000021
epoch 029 | step 0540 | total = 5.2372 | box = 0.6697 | obj = 1.8374 | cls = 0.0511 | lr = 0.000021
epoch 029 | step 0560 | total = 5.0261 | box = 0.6533 | obj = 1.7108 | cls = 0.0486 | lr = 0.000021
epoch 029 | step 0580 | total = 5.2174 | box = 0.6758 | obj = 1.7849 | cls = 0.0537 | lr = 0.000021
epoch 029 | step 0600 | total = 5.0432 | box = 0.6712 | obj = 1.6422 | cls = 0.0451 | lr = 0.000021
epoch 029 | step 0620 | total = 5.8652 | box = 0.7750 | obj = 1.9240 | cls = 0.0661 | lr = 0.000021
epoch 029 | step 0640 | total = 4.6233 | box = 0.5889 | obj = 1.6290 | cls = 0.0498 | lr = 0.000021
epoch 029 | step 0660 | total = 4.8530 | box = 0.6095 | obj = 1.7534 | cls = 0.0521 | lr = 0.000021
epoch 029 | step 0680 | total = 5.1793 | box = 0.6808 | obj = 1.7174 | cls = 0.0580 | lr = 0.000021
epoch 029 | step 0700 | total = 4.6598 | box = 0.5731 | obj = 1.7125 | cls = 0.0817 | lr = 0.000021
epoch 029 | step 0720 | total = 4.9844 | box = 0.6364 | obj = 1.7339 | cls = 0.0685 | lr = 0.000021
epoch 029 | step 0740 | total = 4.3272 | box = 0.5305 | obj = 1.6147 | cls = 0.0598 | lr = 0.000021
epoch 029 | step 0760 | total = 4.5234 | box = 0.5543 | obj = 1.6973 | cls = 0.0548 | lr = 0.000021
epoch 029 | step 0780 | total = 5.1644 | box = 0.6432 | obj = 1.8824 | cls = 0.0660 | lr = 0.000021
epoch 029 | step 0800 | total = 6.0423 | box = 0.8250 | obj = 1.8504 | cls = 0.0670 | lr = 0.000021
epoch 029 | step 0820 | total = 6.6253 | box = 0.9363 | obj = 1.8849 | cls = 0.0590 | lr = 0.000021
epoch 029 | step 0840 | total = 4.6679 | box = 0.5947 | obj = 1.6332 | cls = 0.0612 | lr = 0.000021
epoch 029 | step 0860 | total = 5.1073 | box = 0.6719 | obj = 1.6911 | cls = 0.0568 | lr = 0.000021
epoch 029 | step 0880 | total = 4.9063 | box = 0.6216 | obj = 1.7226 | cls = 0.0755 | lr = 0.000021
epoch 029 | step 0900 | total = 5.0154 | box = 0.6604 | obj = 1.6600 | cls = 0.0534 | lr = 0.000021
epoch 029 | step 0920 | total = 5.3040 | box = 0.6840 | obj = 1.8326 | cls = 0.0515 | lr = 0.000021
[epoch 029 train] total = 4.8367 | box = 0.6164 | obj = 1.6922 | cls = 0.0624 | steps = 925 | global_batches = 7400 | samples = 118288 | time = 1551.7s
[epoch 029 val] total = 7.0565 | box = 0.8481 | obj = 2.7491 | cls = 0.0668 | steps = 40 | global_batches = 320 | samples = 5000 | time = 50.3s
epoch 030 | step 0001 | total = 4.8411 | box = 0.5832 | obj = 1.8741 | cls = 0.0509 | lr = 0.000013
epoch 030 | step 0020 | total = 4.1083 | box = 0.5009 | obj = 1.5510 | cls = 0.0529 | lr = 0.000013
epoch 030 | step 0040 | total = 4.9614 | box = 0.6462 | obj = 1.6689 | cls = 0.0614 | lr = 0.000013
epoch 030 | step 0060 | total = 4.7924 | box = 0.6237 | obj = 1.5960 | cls = 0.0780 | lr = 0.000013
epoch 030 | step 0080 | total = 5.3490 | box = 0.7008 | obj = 1.7936 | cls = 0.0515 | lr = 0.000013
epoch 030 | step 0100 | total = 4.4395 | box = 0.5366 | obj = 1.6879 | cls = 0.0686 | lr = 0.000013
epoch 030 | step 0120 | total = 4.3488 | box = 0.5367 | obj = 1.6054 | cls = 0.0599 | lr = 0.000013
epoch 030 | step 0140 | total = 5.6793 | box = 0.7326 | obj = 1.9624 | cls = 0.0541 | lr = 0.000013
epoch 030 | step 0160 | total = 5.1881 | box = 0.6626 | obj = 1.8137 | cls = 0.0612 | lr = 0.000013
epoch 030 | step 0180 | total = 3.8257 | box = 0.4677 | obj = 1.4354 | cls = 0.0518 | lr = 0.000013
epoch 030 | step 0200 | total = 5.4061 | box = 0.7169 | obj = 1.7647 | cls = 0.0570 | lr = 0.000013
epoch 030 | step 0220 | total = 3.7298 | box = 0.4387 | obj = 1.4681 | cls = 0.0682 | lr = 0.000013
epoch 030 | step 0240 | total = 3.9751 | box = 0.4706 | obj = 1.5600 | cls = 0.0621 | lr = 0.000013
epoch 030 | step 0260 | total = 4.8745 | box = 0.6404 | obj = 1.6040 | cls = 0.0686 | lr = 0.000013
epoch 030 | step 0280 | total = 5.0404 | box = 0.6694 | obj = 1.6321 | cls = 0.0613 | lr = 0.000013
epoch 030 | step 0300 | total = 5.5662 | box = 0.7064 | obj = 1.9786 | cls = 0.0556 | lr = 0.000013
epoch 030 | step 0320 | total = 5.9744 | box = 0.8354 | obj = 1.7355 | cls = 0.0617 | lr = 0.000013
epoch 030 | step 0340 | total = 4.5296 | box = 0.5511 | obj = 1.6982 | cls = 0.0758 | lr = 0.000013
epoch 030 | step 0360 | total = 4.4476 | box = 0.5261 | obj = 1.7534 | cls = 0.0637 | lr = 0.000013
epoch 030 | step 0380 | total = 5.0856 | box = 0.6537 | obj = 1.7536 | cls = 0.0634 | lr = 0.000013
epoch 030 | step 0400 | total = 5.4824 | box = 0.7323 | obj = 1.7555 | cls = 0.0655 | lr = 0.000013
epoch 030 | step 0420 | total = 4.6569 | box = 0.5794 | obj = 1.6814 | cls = 0.0784 | lr = 0.000013
epoch 030 | step 0440 | total = 4.8711 | box = 0.5834 | obj = 1.8976 | cls = 0.0564 | lr = 0.000013
epoch 030 | step 0460 | total = 5.3978 | box = 0.7008 | obj = 1.8252 | cls = 0.0684 | lr = 0.000013
epoch 030 | step 0480 | total = 4.4321 | box = 0.5423 | obj = 1.6523 | cls = 0.0682 | lr = 0.000013
epoch 030 | step 0500 | total = 4.1095 | box = 0.4935 | obj = 1.5839 | cls = 0.0579 | lr = 0.000013
epoch 030 | step 0520 | total = 5.8779 | box = 0.8012 | obj = 1.8072 | cls = 0.0646 | lr = 0.000013
epoch 030 | step 0540 | total = 5.1260 | box = 0.6442 | obj = 1.8467 | cls = 0.0581 | lr = 0.000013
epoch 030 | step 0560 | total = 5.1476 | box = 0.6534 | obj = 1.8104 | cls = 0.0703 | lr = 0.000013
epoch 030 | step 0580 | total = 5.3100 | box = 0.7369 | obj = 1.5749 | cls = 0.0504 | lr = 0.000013
epoch 030 | step 0600 | total = 4.1092 | box = 0.4955 | obj = 1.5801 | cls = 0.0515 | lr = 0.000013
epoch 030 | step 0620 | total = 5.7374 | box = 0.7815 | obj = 1.7690 | cls = 0.0608 | lr = 0.000013
epoch 030 | step 0640 | total = 5.4712 | box = 0.7297 | obj = 1.7547 | cls = 0.0680 | lr = 0.000013
epoch 030 | step 0660 | total = 5.4244 | box = 0.7076 | obj = 1.8340 | cls = 0.0523 | lr = 0.000013
epoch 030 | step 0680 | total = 4.2819 | box = 0.5152 | obj = 1.6496 | cls = 0.0565 | lr = 0.000013
epoch 030 | step 0700 | total = 4.2325 | box = 0.5282 | obj = 1.5303 | cls = 0.0614 | lr = 0.000013
epoch 030 | step 0720 | total = 4.7375 | box = 0.5776 | obj = 1.7839 | cls = 0.0654 | lr = 0.000013
epoch 030 | step 0740 | total = 4.9367 | box = 0.6321 | obj = 1.7080 | cls = 0.0683 | lr = 0.000013
epoch 030 | step 0760 | total = 3.7293 | box = 0.4473 | obj = 1.4225 | cls = 0.0702 | lr = 0.000013
epoch 030 | step 0780 | total = 4.4346 | box = 0.5801 | obj = 1.4788 | cls = 0.0554 | lr = 0.000013
epoch 030 | step 0800 | total = 3.9064 | box = 0.4561 | obj = 1.5441 | cls = 0.0818 | lr = 0.000013
epoch 030 | step 0820 | total = 5.7792 | box = 0.7832 | obj = 1.8029 | cls = 0.0605 | lr = 0.000013
epoch 030 | step 0840 | total = 5.3366 | box = 0.7105 | obj = 1.7291 | cls = 0.0551 | lr = 0.000013
epoch 030 | step 0860 | total = 4.5616 | box = 0.5718 | obj = 1.6495 | cls = 0.0529 | lr = 0.000013
epoch 030 | step 0880 | total = 4.7095 | box = 0.5880 | obj = 1.7038 | cls = 0.0658 | lr = 0.000013
epoch 030 | step 0900 | total = 5.0937 | box = 0.6760 | obj = 1.6612 | cls = 0.0524 | lr = 0.000013
epoch 030 | step 0920 | total = 5.3912 | box = 0.6989 | obj = 1.8389 | cls = 0.0579 | lr = 0.000013
[epoch 030 train] total = 4.8168 | box = 0.6137 | obj = 1.6857 | cls = 0.0623 | steps = 925 | global_batches = 7400 | samples = 118288 | time = 1554.9s
[epoch 030 val] total = 6.9521 | box = 0.8466 | obj = 2.6523 | cls = 0.0666 | steps = 40 | global_batches = 320 | samples = 5000 | time = 50.0s
training status: completed
result summary: logs/records/dual_scale_three_box_coco_only_noobj1_416_p3p4p5_k9_ddp_20260501_140417/result.txt
