W0502 14:18:48.360000 441538 site-packages/torch/distributed/run.py:851] 
W0502 14:18:48.360000 441538 site-packages/torch/distributed/run.py:851] *****************************************
W0502 14:18:48.360000 441538 site-packages/torch/distributed/run.py:851] Setting OMP_NUM_THREADS environment variable for each process to be 1 in default, to avoid your system being overloaded, please further tune the variable for optimal performance in your application as needed. 
W0502 14:18:48.360000 441538 site-packages/torch/distributed/run.py:851] *****************************************
DDP mode: ignoring train.use_data_parallel from config.
dataset storage train: pt | index = /home/lidz/YOLO/DataSet/Unified/packed/pt/coco2017_train/chunk_1024/index.json | chunks = 116 | samples = 118287 | chunk_size = 1024
dataset storage val: pt | index = /home/lidz/YOLO/DataSet/Unified/packed/pt/coco2017_val/chunk_1024/index.json | chunks = 5 | samples = 5000 | chunk_size = 1024
/home/lidz/miniconda3/envs/yolov1/lib/python3.10/site-packages/torch/distributed/c10d_logger.py:83: UserWarning: barrier(): using the device under current context. You can specify `device_id` in `init_process_group` to mute this warning.
  return func(*args, **kwargs)
DDP configured global batch size: 128
DDP per-rank batch size: 16
DDP effective global batch size: 128
DDP configured workers: 64
DDP per-rank workers: 8
starting yolov0 DDP training
run id: dual_scale_three_box_coco_only_noobj1_416_p3p4p5_k9_scaleaware_ddp_20260502_141852
device: cuda:0
backend: nccl
world size: 8
train dataset length: 118287
val dataset length: 5000
model output shape: {'p3': (1, 52, 52, 255), 'p4': (1, 26, 26, 255), 'p5': (1, 13, 13, 255)}
parameter total: 41451613
parameter trainable: 41451613
tensorboard dir: runs/dual_scale_three_box_coco_only_noobj1_416_p3p4p5_k9_scaleaware_ddp_20260502_141852
output dir: outputs/dual_scale_three_box_coco_only_noobj1_416_p3p4p5_k9_scaleaware_ddp_20260502_141852
epoch 001 | step 0001 | total = 12.7988 | box = 1.2772 | obj = 4.2180 | cls = 2.1948 | lr = 0.001000
epoch 001 | step 0020 | total = 9.7541 | box = 1.1206 | obj = 3.7133 | cls = 0.4378 | lr = 0.001000
epoch 001 | step 0040 | total = 9.0106 | box = 1.1079 | obj = 3.3303 | cls = 0.1406 | lr = 0.001000
epoch 001 | step 0060 | total = 9.4890 | box = 1.2044 | obj = 3.3293 | cls = 0.1378 | lr = 0.001000
epoch 001 | step 0080 | total = 9.5813 | box = 1.2195 | obj = 3.3616 | cls = 0.1221 | lr = 0.001000
epoch 001 | step 0100 | total = 8.8570 | box = 1.1110 | obj = 3.1847 | cls = 0.1173 | lr = 0.001000
epoch 001 | step 0120 | total = 9.2987 | box = 1.1676 | obj = 3.3364 | cls = 0.1244 | lr = 0.001000
epoch 001 | step 0140 | total = 8.6362 | box = 1.0469 | obj = 3.2882 | cls = 0.1134 | lr = 0.001000
epoch 001 | step 0160 | total = 8.5815 | box = 1.0372 | obj = 3.2681 | cls = 0.1272 | lr = 0.001000
epoch 001 | step 0180 | total = 8.2548 | box = 0.9953 | obj = 3.1566 | cls = 0.1220 | lr = 0.001000
epoch 001 | step 0200 | total = 8.0016 | box = 0.9438 | obj = 3.1690 | cls = 0.1135 | lr = 0.001000
epoch 001 | step 0220 | total = 8.0195 | box = 0.9108 | obj = 3.3511 | cls = 0.1144 | lr = 0.001000
epoch 001 | step 0240 | total = 8.0241 | box = 0.9916 | obj = 2.9373 | cls = 0.1286 | lr = 0.001000
epoch 001 | step 0260 | total = 8.2628 | box = 1.0041 | obj = 3.1313 | cls = 0.1108 | lr = 0.001000
epoch 001 | step 0280 | total = 7.8865 | box = 0.8969 | obj = 3.2864 | cls = 0.1154 | lr = 0.001000
epoch 001 | step 0300 | total = 8.4295 | box = 1.0616 | obj = 3.0028 | cls = 0.1185 | lr = 0.001000
epoch 001 | step 0320 | total = 7.9323 | box = 0.9341 | obj = 3.1462 | cls = 0.1156 | lr = 0.001000
epoch 001 | step 0340 | total = 8.0363 | box = 0.8841 | obj = 3.4976 | cls = 0.1183 | lr = 0.001000
epoch 001 | step 0360 | total = 7.7069 | box = 0.9108 | obj = 3.0369 | cls = 0.1158 | lr = 0.001000
epoch 001 | step 0380 | total = 7.3093 | box = 0.8494 | obj = 2.9326 | cls = 0.1298 | lr = 0.001000
epoch 001 | step 0400 | total = 7.8691 | box = 0.9388 | obj = 3.0513 | cls = 0.1239 | lr = 0.001000
epoch 001 | step 0420 | total = 8.2291 | box = 1.0129 | obj = 3.0445 | cls = 0.1199 | lr = 0.001000
epoch 001 | step 0440 | total = 7.6593 | box = 0.9016 | obj = 3.0286 | cls = 0.1229 | lr = 0.001000
epoch 001 | step 0460 | total = 8.4311 | box = 1.0683 | obj = 2.9857 | cls = 0.1038 | lr = 0.001000
epoch 001 | step 0480 | total = 7.5916 | box = 0.9048 | obj = 2.9675 | cls = 0.1001 | lr = 0.001000
epoch 001 | step 0500 | total = 7.7811 | box = 0.9213 | obj = 3.0598 | cls = 0.1146 | lr = 0.001000
epoch 001 | step 0520 | total = 7.6940 | box = 0.8866 | obj = 3.1460 | cls = 0.1150 | lr = 0.001000
epoch 001 | step 0540 | total = 7.5070 | box = 0.9066 | obj = 2.8485 | cls = 0.1254 | lr = 0.001000
epoch 001 | step 0560 | total = 6.6938 | box = 0.7395 | obj = 2.8849 | cls = 0.1111 | lr = 0.001000
epoch 001 | step 0580 | total = 7.7078 | box = 0.9235 | obj = 2.9870 | cls = 0.1035 | lr = 0.001000
epoch 001 | step 0600 | total = 7.8849 | box = 0.9728 | obj = 2.9100 | cls = 0.1109 | lr = 0.001000
epoch 001 | step 0620 | total = 7.7569 | box = 0.9171 | obj = 3.0715 | cls = 0.0998 | lr = 0.001000
epoch 001 | step 0640 | total = 6.8428 | box = 0.7452 | obj = 3.0075 | cls = 0.1092 | lr = 0.001000
epoch 001 | step 0660 | total = 7.2884 | box = 0.8727 | obj = 2.8114 | cls = 0.1134 | lr = 0.001000
epoch 001 | step 0680 | total = 7.4300 | box = 0.8505 | obj = 3.0599 | cls = 0.1175 | lr = 0.001000
epoch 001 | step 0700 | total = 7.1938 | box = 0.8357 | obj = 2.9074 | cls = 0.1079 | lr = 0.001000
epoch 001 | step 0720 | total = 7.2930 | box = 0.7989 | obj = 3.1734 | cls = 0.1251 | lr = 0.001000
epoch 001 | step 0740 | total = 6.7329 | box = 0.7646 | obj = 2.7974 | cls = 0.1124 | lr = 0.001000
epoch 001 | step 0760 | total = 6.4790 | box = 0.7240 | obj = 2.7351 | cls = 0.1240 | lr = 0.001000
epoch 001 | step 0780 | total = 6.8613 | box = 0.7407 | obj = 3.0401 | cls = 0.1175 | lr = 0.001000
epoch 001 | step 0800 | total = 6.1319 | box = 0.6699 | obj = 2.6448 | cls = 0.1377 | lr = 0.001000
epoch 001 | step 0820 | total = 6.7567 | box = 0.7210 | obj = 3.0291 | cls = 0.1225 | lr = 0.001000
epoch 001 | step 0840 | total = 6.7795 | box = 0.7461 | obj = 2.9204 | cls = 0.1286 | lr = 0.001000
epoch 001 | step 0860 | total = 6.5163 | box = 0.7590 | obj = 2.6180 | cls = 0.1034 | lr = 0.001000
epoch 001 | step 0880 | total = 7.5287 | box = 0.9080 | obj = 2.8734 | cls = 0.1152 | lr = 0.001000
epoch 001 | step 0900 | total = 6.6780 | box = 0.7579 | obj = 2.8010 | cls = 0.0875 | lr = 0.001000
epoch 001 | step 0920 | total = 7.1221 | box = 0.7861 | obj = 3.0812 | cls = 0.1106 | lr = 0.001000
[epoch 001 train] total = 7.8700 | box = 0.9373 | obj = 3.0448 | cls = 0.1386 | steps = 925 | global_batches = 7400 | samples = 118288 | time = 835.2s
[epoch 001 val] total = 6.9288 | box = 0.7990 | obj = 2.8234 | cls = 0.1106 | steps = 40 | global_batches = 320 | samples = 5000 | time = 20.1s
epoch 002 | step 0001 | total = 6.8275 | box = 0.7802 | obj = 2.8278 | cls = 0.0985 | lr = 0.000997
epoch 002 | step 0020 | total = 6.8272 | box = 0.7961 | obj = 2.7513 | cls = 0.0954 | lr = 0.000997
epoch 002 | step 0040 | total = 6.8640 | box = 0.8032 | obj = 2.7474 | cls = 0.1009 | lr = 0.000997
epoch 002 | step 0060 | total = 7.0345 | box = 0.8671 | obj = 2.6046 | cls = 0.0944 | lr = 0.000997
epoch 002 | step 0080 | total = 7.1220 | box = 0.8099 | obj = 2.9466 | cls = 0.1261 | lr = 0.000997
epoch 002 | step 0100 | total = 6.1975 | box = 0.6983 | obj = 2.6188 | cls = 0.0871 | lr = 0.000997
epoch 002 | step 0120 | total = 6.4495 | box = 0.7494 | obj = 2.6034 | cls = 0.0990 | lr = 0.000997
epoch 002 | step 0140 | total = 6.4513 | box = 0.7526 | obj = 2.5552 | cls = 0.1330 | lr = 0.000997
epoch 002 | step 0160 | total = 6.8989 | box = 0.8068 | obj = 2.7482 | cls = 0.1169 | lr = 0.000997
epoch 002 | step 0180 | total = 6.7552 | box = 0.8089 | obj = 2.5988 | cls = 0.1117 | lr = 0.000997
epoch 002 | step 0200 | total = 7.1963 | box = 0.8416 | obj = 2.8779 | cls = 0.1103 | lr = 0.000997
epoch 002 | step 0220 | total = 6.9044 | box = 0.7874 | obj = 2.8756 | cls = 0.0920 | lr = 0.000997
epoch 002 | step 0240 | total = 6.0599 | box = 0.6500 | obj = 2.6818 | cls = 0.1281 | lr = 0.000997
epoch 002 | step 0260 | total = 6.6761 | box = 0.7877 | obj = 2.6279 | cls = 0.1095 | lr = 0.000997
epoch 002 | step 0280 | total = 6.9318 | box = 0.8349 | obj = 2.6613 | cls = 0.0959 | lr = 0.000997
epoch 002 | step 0300 | total = 6.8615 | box = 0.8357 | obj = 2.5663 | cls = 0.1166 | lr = 0.000997
epoch 002 | step 0320 | total = 6.4848 | box = 0.7066 | obj = 2.8474 | cls = 0.1046 | lr = 0.000997
epoch 002 | step 0340 | total = 7.1463 | box = 0.7508 | obj = 3.2792 | cls = 0.1133 | lr = 0.000997
epoch 002 | step 0360 | total = 5.9253 | box = 0.6619 | obj = 2.5123 | cls = 0.1033 | lr = 0.000997
epoch 002 | step 0380 | total = 6.6970 | box = 0.8058 | obj = 2.5608 | cls = 0.1070 | lr = 0.000997
epoch 002 | step 0400 | total = 6.8401 | box = 0.8191 | obj = 2.6494 | cls = 0.0951 | lr = 0.000997
epoch 002 | step 0420 | total = 5.8138 | box = 0.6325 | obj = 2.5380 | cls = 0.1134 | lr = 0.000997
epoch 002 | step 0440 | total = 6.4224 | box = 0.7131 | obj = 2.7577 | cls = 0.0990 | lr = 0.000997
epoch 002 | step 0460 | total = 6.7759 | box = 0.8184 | obj = 2.5813 | cls = 0.1026 | lr = 0.000997
epoch 002 | step 0480 | total = 5.9369 | box = 0.6375 | obj = 2.6472 | cls = 0.1024 | lr = 0.000997
epoch 002 | step 0500 | total = 6.0178 | box = 0.6832 | obj = 2.4910 | cls = 0.1107 | lr = 0.000997
epoch 002 | step 0520 | total = 6.0199 | box = 0.6796 | obj = 2.5121 | cls = 0.1098 | lr = 0.000997
epoch 002 | step 0540 | total = 6.8545 | box = 0.8648 | obj = 2.4477 | cls = 0.0830 | lr = 0.000997
epoch 002 | step 0560 | total = 5.9260 | box = 0.6534 | obj = 2.5512 | cls = 0.1078 | lr = 0.000997
epoch 002 | step 0580 | total = 5.9756 | box = 0.6461 | obj = 2.6521 | cls = 0.0930 | lr = 0.000997
epoch 002 | step 0600 | total = 6.5055 | box = 0.6922 | obj = 2.9273 | cls = 0.1172 | lr = 0.000997
epoch 002 | step 0620 | total = 5.7558 | box = 0.6481 | obj = 2.4158 | cls = 0.0997 | lr = 0.000997
epoch 002 | step 0640 | total = 5.7150 | box = 0.6028 | obj = 2.5797 | cls = 0.1211 | lr = 0.000997
epoch 002 | step 0660 | total = 5.9672 | box = 0.6795 | obj = 2.4710 | cls = 0.0986 | lr = 0.000997
epoch 002 | step 0680 | total = 5.7544 | box = 0.6471 | obj = 2.4147 | cls = 0.1042 | lr = 0.000997
epoch 002 | step 0700 | total = 6.4986 | box = 0.7650 | obj = 2.5787 | cls = 0.0951 | lr = 0.000997
epoch 002 | step 0720 | total = 6.2312 | box = 0.6751 | obj = 2.7409 | cls = 0.1148 | lr = 0.000997
epoch 002 | step 0740 | total = 6.5078 | box = 0.7805 | obj = 2.5229 | cls = 0.0821 | lr = 0.000997
epoch 002 | step 0760 | total = 6.6654 | box = 0.7792 | obj = 2.6621 | cls = 0.1076 | lr = 0.000997
epoch 002 | step 0780 | total = 6.4897 | box = 0.7262 | obj = 2.7387 | cls = 0.1202 | lr = 0.000997
epoch 002 | step 0800 | total = 6.0800 | box = 0.6735 | obj = 2.5818 | cls = 0.1308 | lr = 0.000997
epoch 002 | step 0820 | total = 6.2251 | box = 0.7138 | obj = 2.5471 | cls = 0.1089 | lr = 0.000997
epoch 002 | step 0840 | total = 6.3778 | box = 0.6981 | obj = 2.7714 | cls = 0.1160 | lr = 0.000997
epoch 002 | step 0860 | total = 6.5179 | box = 0.7573 | obj = 2.6431 | cls = 0.0880 | lr = 0.000997
epoch 002 | step 0880 | total = 6.1842 | box = 0.7041 | obj = 2.5538 | cls = 0.1101 | lr = 0.000997
epoch 002 | step 0900 | total = 6.4657 | box = 0.7706 | obj = 2.5323 | cls = 0.0804 | lr = 0.000997
epoch 002 | step 0920 | total = 6.5947 | box = 0.7800 | obj = 2.5934 | cls = 0.1011 | lr = 0.000997
[epoch 002 train] total = 6.4206 | box = 0.7350 | obj = 2.6396 | cls = 0.1060 | steps = 925 | global_batches = 7400 | samples = 118288 | time = 839.1s
[epoch 002 val] total = 6.5198 | box = 0.7425 | obj = 2.6928 | cls = 0.1146 | steps = 40 | global_batches = 320 | samples = 5000 | time = 19.9s
epoch 003 | step 0001 | total = 5.9664 | box = 0.7083 | obj = 2.3154 | cls = 0.1094 | lr = 0.000989
epoch 003 | step 0020 | total = 6.5146 | box = 0.7813 | obj = 2.4996 | cls = 0.1083 | lr = 0.000989
epoch 003 | step 0040 | total = 6.4665 | box = 0.7694 | obj = 2.5095 | cls = 0.1101 | lr = 0.000989
epoch 003 | step 0060 | total = 6.7955 | box = 0.8093 | obj = 2.6540 | cls = 0.0950 | lr = 0.000989
epoch 003 | step 0080 | total = 5.8721 | box = 0.6246 | obj = 2.6413 | cls = 0.1078 | lr = 0.000989
epoch 003 | step 0100 | total = 5.8524 | box = 0.6612 | obj = 2.4515 | cls = 0.0951 | lr = 0.000989
epoch 003 | step 0120 | total = 6.6931 | box = 0.7881 | obj = 2.6561 | cls = 0.0963 | lr = 0.000989
epoch 003 | step 0140 | total = 5.6994 | box = 0.6451 | obj = 2.3901 | cls = 0.0837 | lr = 0.000989
epoch 003 | step 0160 | total = 6.2861 | box = 0.6769 | obj = 2.7895 | cls = 0.1119 | lr = 0.000989
epoch 003 | step 0180 | total = 6.5873 | box = 0.7638 | obj = 2.6669 | cls = 0.1014 | lr = 0.000989
epoch 003 | step 0200 | total = 5.6932 | box = 0.6056 | obj = 2.5566 | cls = 0.1084 | lr = 0.000989
epoch 003 | step 0220 | total = 6.1953 | box = 0.7532 | obj = 2.3349 | cls = 0.0942 | lr = 0.000989
epoch 003 | step 0240 | total = 5.5869 | box = 0.6500 | obj = 2.2426 | cls = 0.0942 | lr = 0.000989
epoch 003 | step 0260 | total = 5.6189 | box = 0.6159 | obj = 2.4248 | cls = 0.1147 | lr = 0.000989
epoch 003 | step 0280 | total = 5.6208 | box = 0.5883 | obj = 2.5646 | cls = 0.1146 | lr = 0.000989
epoch 003 | step 0300 | total = 5.6716 | box = 0.5825 | obj = 2.6459 | cls = 0.1131 | lr = 0.000989
epoch 003 | step 0320 | total = 5.8031 | box = 0.6347 | obj = 2.4992 | cls = 0.1302 | lr = 0.000989
epoch 003 | step 0340 | total = 6.4478 | box = 0.7390 | obj = 2.6628 | cls = 0.0899 | lr = 0.000989
epoch 003 | step 0360 | total = 6.5111 | box = 0.7965 | obj = 2.4284 | cls = 0.1002 | lr = 0.000989
epoch 003 | step 0380 | total = 5.2844 | box = 0.5961 | obj = 2.2111 | cls = 0.0927 | lr = 0.000989
epoch 003 | step 0400 | total = 5.7784 | box = 0.6743 | obj = 2.3070 | cls = 0.1000 | lr = 0.000989
epoch 003 | step 0420 | total = 6.7015 | box = 0.8061 | obj = 2.5875 | cls = 0.0833 | lr = 0.000989
epoch 003 | step 0440 | total = 6.4074 | box = 0.7044 | obj = 2.7826 | cls = 0.1028 | lr = 0.000989
epoch 003 | step 0460 | total = 5.6686 | box = 0.6081 | obj = 2.5163 | cls = 0.1118 | lr = 0.000989
epoch 003 | step 0480 | total = 5.5957 | box = 0.6261 | obj = 2.3687 | cls = 0.0967 | lr = 0.000989
epoch 003 | step 0500 | total = 5.8521 | box = 0.6298 | obj = 2.5885 | cls = 0.1149 | lr = 0.000989
epoch 003 | step 0520 | total = 6.1243 | box = 0.6815 | obj = 2.6208 | cls = 0.0960 | lr = 0.000989
epoch 003 | step 0540 | total = 6.0403 | box = 0.6840 | obj = 2.5089 | cls = 0.1114 | lr = 0.000989
epoch 003 | step 0560 | total = 5.4491 | box = 0.5850 | obj = 2.4087 | cls = 0.1154 | lr = 0.000989
epoch 003 | step 0580 | total = 6.5187 | box = 0.7568 | obj = 2.6379 | cls = 0.0966 | lr = 0.000989
epoch 003 | step 0600 | total = 6.1405 | box = 0.7389 | obj = 2.3462 | cls = 0.0999 | lr = 0.000989
epoch 003 | step 0620 | total = 5.7237 | box = 0.6491 | obj = 2.4001 | cls = 0.0781 | lr = 0.000989
epoch 003 | step 0640 | total = 6.4649 | box = 0.7298 | obj = 2.7327 | cls = 0.0833 | lr = 0.000989
epoch 003 | step 0660 | total = 6.1582 | box = 0.6748 | obj = 2.6848 | cls = 0.0992 | lr = 0.000989
epoch 003 | step 0680 | total = 5.3146 | box = 0.5706 | obj = 2.3713 | cls = 0.0901 | lr = 0.000989
epoch 003 | step 0700 | total = 5.6682 | box = 0.5896 | obj = 2.6142 | cls = 0.1060 | lr = 0.000989
epoch 003 | step 0720 | total = 5.5621 | box = 0.6329 | obj = 2.3067 | cls = 0.0907 | lr = 0.000989
epoch 003 | step 0740 | total = 6.4006 | box = 0.7731 | obj = 2.4491 | cls = 0.0858 | lr = 0.000989
epoch 003 | step 0760 | total = 5.7115 | box = 0.6311 | obj = 2.4529 | cls = 0.1032 | lr = 0.000989
epoch 003 | step 0780 | total = 5.8978 | box = 0.6346 | obj = 2.6179 | cls = 0.1069 | lr = 0.000989
epoch 003 | step 0800 | total = 5.6345 | box = 0.6331 | obj = 2.3734 | cls = 0.0956 | lr = 0.000989
epoch 003 | step 0820 | total = 5.4924 | box = 0.5925 | obj = 2.4385 | cls = 0.0914 | lr = 0.000989
epoch 003 | step 0840 | total = 6.3348 | box = 0.6895 | obj = 2.7920 | cls = 0.0953 | lr = 0.000989
epoch 003 | step 0860 | total = 6.1038 | box = 0.7133 | obj = 2.4323 | cls = 0.1049 | lr = 0.000989
epoch 003 | step 0880 | total = 6.0600 | box = 0.7141 | obj = 2.3942 | cls = 0.0950 | lr = 0.000989
epoch 003 | step 0900 | total = 5.9190 | box = 0.6732 | obj = 2.4354 | cls = 0.1178 | lr = 0.000989
epoch 003 | step 0920 | total = 5.9815 | box = 0.6439 | obj = 2.6670 | cls = 0.0948 | lr = 0.000989
[epoch 003 train] total = 5.9330 | box = 0.6709 | obj = 2.4788 | cls = 0.0996 | steps = 925 | global_batches = 7400 | samples = 118288 | time = 834.1s
[epoch 003 val] total = 6.0654 | box = 0.6708 | obj = 2.6069 | cls = 0.1043 | steps = 40 | global_batches = 320 | samples = 5000 | time = 21.5s
epoch 004 | step 0001 | total = 6.5938 | box = 0.7572 | obj = 2.7094 | cls = 0.0983 | lr = 0.000976
epoch 004 | step 0020 | total = 5.6172 | box = 0.6300 | obj = 2.3737 | cls = 0.0934 | lr = 0.000976
epoch 004 | step 0040 | total = 5.4794 | box = 0.6157 | obj = 2.3075 | cls = 0.0933 | lr = 0.000976
epoch 004 | step 0060 | total = 5.6818 | box = 0.6461 | obj = 2.3554 | cls = 0.0961 | lr = 0.000976
epoch 004 | step 0080 | total = 6.2955 | box = 0.7054 | obj = 2.6708 | cls = 0.0977 | lr = 0.000976
epoch 004 | step 0100 | total = 5.7768 | box = 0.6638 | obj = 2.3424 | cls = 0.1156 | lr = 0.000976
epoch 004 | step 0120 | total = 5.6736 | box = 0.6209 | obj = 2.4592 | cls = 0.1102 | lr = 0.000976
epoch 004 | step 0140 | total = 5.4835 | box = 0.5856 | obj = 2.4536 | cls = 0.1017 | lr = 0.000976
epoch 004 | step 0160 | total = 6.9864 | box = 0.8188 | obj = 2.7723 | cls = 0.1199 | lr = 0.000976
epoch 004 | step 0180 | total = 5.9561 | box = 0.6963 | obj = 2.3859 | cls = 0.0886 | lr = 0.000976
epoch 004 | step 0200 | total = 5.5371 | box = 0.6230 | obj = 2.3323 | cls = 0.0900 | lr = 0.000976
epoch 004 | step 0220 | total = 5.0537 | box = 0.5451 | obj = 2.2170 | cls = 0.1110 | lr = 0.000976
epoch 004 | step 0240 | total = 5.9815 | box = 0.7065 | obj = 2.3654 | cls = 0.0836 | lr = 0.000976
epoch 004 | step 0260 | total = 5.8727 | box = 0.7089 | obj = 2.2493 | cls = 0.0789 | lr = 0.000976
epoch 004 | step 0280 | total = 5.4543 | box = 0.5881 | obj = 2.4197 | cls = 0.0943 | lr = 0.000976
epoch 004 | step 0300 | total = 5.4767 | box = 0.6176 | obj = 2.2956 | cls = 0.0932 | lr = 0.000976
epoch 004 | step 0320 | total = 5.6036 | box = 0.6214 | obj = 2.3829 | cls = 0.1138 | lr = 0.000976
epoch 004 | step 0340 | total = 5.2835 | box = 0.6023 | obj = 2.1858 | cls = 0.0864 | lr = 0.000976
epoch 004 | step 0360 | total = 5.4294 | box = 0.5942 | obj = 2.3515 | cls = 0.1069 | lr = 0.000976
epoch 004 | step 0380 | total = 5.4639 | box = 0.6500 | obj = 2.1384 | cls = 0.0757 | lr = 0.000976
epoch 004 | step 0400 | total = 5.4072 | box = 0.6127 | obj = 2.2543 | cls = 0.0896 | lr = 0.000976
epoch 004 | step 0420 | total = 5.4229 | box = 0.5968 | obj = 2.3388 | cls = 0.1002 | lr = 0.000976
epoch 004 | step 0440 | total = 5.5053 | box = 0.6149 | obj = 2.3396 | cls = 0.0913 | lr = 0.000976
epoch 004 | step 0460 | total = 5.4586 | box = 0.6236 | obj = 2.2584 | cls = 0.0824 | lr = 0.000976
epoch 004 | step 0480 | total = 5.3944 | box = 0.6091 | obj = 2.2470 | cls = 0.1021 | lr = 0.000976
epoch 004 | step 0500 | total = 5.4857 | box = 0.6451 | obj = 2.1512 | cls = 0.1090 | lr = 0.000976
epoch 004 | step 0520 | total = 5.5016 | box = 0.6343 | obj = 2.2421 | cls = 0.0880 | lr = 0.000976
epoch 004 | step 0540 | total = 5.8691 | box = 0.6651 | obj = 2.4471 | cls = 0.0963 | lr = 0.000976
epoch 004 | step 0560 | total = 5.5162 | box = 0.6109 | obj = 2.3533 | cls = 0.1083 | lr = 0.000976
epoch 004 | step 0580 | total = 5.5414 | box = 0.6430 | obj = 2.2540 | cls = 0.0724 | lr = 0.000976
epoch 004 | step 0600 | total = 4.6157 | box = 0.4905 | obj = 2.0749 | cls = 0.0883 | lr = 0.000976
epoch 004 | step 0620 | total = 5.9429 | box = 0.6567 | obj = 2.5703 | cls = 0.0889 | lr = 0.000976
epoch 004 | step 0640 | total = 5.7233 | box = 0.6438 | obj = 2.4274 | cls = 0.0769 | lr = 0.000976
epoch 004 | step 0660 | total = 5.2851 | box = 0.5667 | obj = 2.3392 | cls = 0.1123 | lr = 0.000976
epoch 004 | step 0680 | total = 6.1537 | box = 0.6654 | obj = 2.7205 | cls = 0.1060 | lr = 0.000976
epoch 004 | step 0700 | total = 6.1976 | box = 0.7198 | obj = 2.5053 | cls = 0.0933 | lr = 0.000976
epoch 004 | step 0720 | total = 5.2394 | box = 0.5345 | obj = 2.4754 | cls = 0.0915 | lr = 0.000976
epoch 004 | step 0740 | total = 5.6883 | box = 0.6607 | obj = 2.3014 | cls = 0.0835 | lr = 0.000976
epoch 004 | step 0760 | total = 4.9893 | box = 0.5373 | obj = 2.2202 | cls = 0.0826 | lr = 0.000976
epoch 004 | step 0780 | total = 5.6360 | box = 0.6181 | obj = 2.4348 | cls = 0.1106 | lr = 0.000976
epoch 004 | step 0800 | total = 5.4535 | box = 0.6030 | obj = 2.3342 | cls = 0.1043 | lr = 0.000976
epoch 004 | step 0820 | total = 5.1614 | box = 0.5734 | obj = 2.2016 | cls = 0.0930 | lr = 0.000976
epoch 004 | step 0840 | total = 6.1109 | box = 0.6928 | obj = 2.5463 | cls = 0.1004 | lr = 0.000976
epoch 004 | step 0860 | total = 5.7928 | box = 0.6828 | obj = 2.2864 | cls = 0.0921 | lr = 0.000976
epoch 004 | step 0880 | total = 5.1621 | box = 0.5278 | obj = 2.4352 | cls = 0.0879 | lr = 0.000976
epoch 004 | step 0900 | total = 6.1614 | box = 0.6299 | obj = 2.8949 | cls = 0.1171 | lr = 0.000976
epoch 004 | step 0920 | total = 5.1962 | box = 0.5471 | obj = 2.3549 | cls = 0.1058 | lr = 0.000976
[epoch 004 train] total = 5.6416 | box = 0.6339 | obj = 2.3779 | cls = 0.0941 | steps = 925 | global_batches = 7400 | samples = 118288 | time = 831.4s
[epoch 004 val] total = 5.7052 | box = 0.6379 | obj = 2.4191 | cls = 0.0965 | steps = 40 | global_batches = 320 | samples = 5000 | time = 22.3s
epoch 005 | step 0001 | total = 5.2002 | box = 0.5646 | obj = 2.3085 | cls = 0.0688 | lr = 0.000957
epoch 005 | step 0020 | total = 4.8160 | box = 0.5223 | obj = 2.0991 | cls = 0.1052 | lr = 0.000957
epoch 005 | step 0040 | total = 5.5134 | box = 0.6204 | obj = 2.3349 | cls = 0.0766 | lr = 0.000957
epoch 005 | step 0060 | total = 5.7309 | box = 0.6455 | obj = 2.4282 | cls = 0.0752 | lr = 0.000957
epoch 005 | step 0080 | total = 4.9804 | box = 0.5486 | obj = 2.1355 | cls = 0.1021 | lr = 0.000957
epoch 005 | step 0100 | total = 5.6623 | box = 0.6585 | obj = 2.2806 | cls = 0.0890 | lr = 0.000957
epoch 005 | step 0120 | total = 5.6734 | box = 0.6480 | obj = 2.3614 | cls = 0.0718 | lr = 0.000957
epoch 005 | step 0140 | total = 5.7440 | box = 0.6446 | obj = 2.4378 | cls = 0.0833 | lr = 0.000957
epoch 005 | step 0160 | total = 4.9614 | box = 0.5270 | obj = 2.2464 | cls = 0.0802 | lr = 0.000957
epoch 005 | step 0180 | total = 5.7878 | box = 0.6468 | obj = 2.4718 | cls = 0.0821 | lr = 0.000957
epoch 005 | step 0200 | total = 5.6928 | box = 0.6244 | obj = 2.4800 | cls = 0.0909 | lr = 0.000957
epoch 005 | step 0220 | total = 5.8769 | box = 0.7124 | obj = 2.2039 | cls = 0.1109 | lr = 0.000957
epoch 005 | step 0240 | total = 5.9229 | box = 0.6466 | obj = 2.6047 | cls = 0.0852 | lr = 0.000957
epoch 005 | step 0260 | total = 5.8859 | box = 0.6983 | obj = 2.3118 | cls = 0.0828 | lr = 0.000957
epoch 005 | step 0280 | total = 4.7940 | box = 0.5350 | obj = 2.0448 | cls = 0.0742 | lr = 0.000957
epoch 005 | step 0300 | total = 5.7600 | box = 0.6856 | obj = 2.2464 | cls = 0.0855 | lr = 0.000957
epoch 005 | step 0320 | total = 4.9787 | box = 0.5676 | obj = 2.0531 | cls = 0.0873 | lr = 0.000957
epoch 005 | step 0340 | total = 5.6052 | box = 0.5986 | obj = 2.5164 | cls = 0.0959 | lr = 0.000957
epoch 005 | step 0360 | total = 5.5182 | box = 0.6365 | obj = 2.2322 | cls = 0.1034 | lr = 0.000957
epoch 005 | step 0380 | total = 5.5815 | box = 0.5977 | obj = 2.5019 | cls = 0.0911 | lr = 0.000957
epoch 005 | step 0400 | total = 5.4344 | box = 0.6131 | obj = 2.2898 | cls = 0.0791 | lr = 0.000957
epoch 005 | step 0420 | total = 5.4846 | box = 0.6430 | obj = 2.1897 | cls = 0.0798 | lr = 0.000957
epoch 005 | step 0440 | total = 5.4112 | box = 0.6213 | obj = 2.2324 | cls = 0.0721 | lr = 0.000957
epoch 005 | step 0460 | total = 5.6728 | box = 0.6804 | obj = 2.1941 | cls = 0.0767 | lr = 0.000957
epoch 005 | step 0480 | total = 6.1268 | box = 0.7863 | obj = 2.1011 | cls = 0.0941 | lr = 0.000957
epoch 005 | step 0500 | total = 4.9329 | box = 0.5088 | obj = 2.2930 | cls = 0.0958 | lr = 0.000957
epoch 005 | step 0520 | total = 5.2224 | box = 0.5764 | obj = 2.2471 | cls = 0.0931 | lr = 0.000957
epoch 005 | step 0540 | total = 5.0521 | box = 0.5366 | obj = 2.2645 | cls = 0.1045 | lr = 0.000957
epoch 005 | step 0560 | total = 5.2293 | box = 0.6056 | obj = 2.1221 | cls = 0.0795 | lr = 0.000957
epoch 005 | step 0580 | total = 5.7197 | box = 0.6854 | obj = 2.2142 | cls = 0.0786 | lr = 0.000957
epoch 005 | step 0600 | total = 5.0582 | box = 0.5705 | obj = 2.1166 | cls = 0.0891 | lr = 0.000957
epoch 005 | step 0620 | total = 5.9648 | box = 0.6796 | obj = 2.4652 | cls = 0.1014 | lr = 0.000957
epoch 005 | step 0640 | total = 5.5203 | box = 0.6382 | obj = 2.2542 | cls = 0.0753 | lr = 0.000957
epoch 005 | step 0660 | total = 5.2372 | box = 0.5520 | obj = 2.3869 | cls = 0.0906 | lr = 0.000957
epoch 005 | step 0680 | total = 5.2720 | box = 0.5660 | obj = 2.3412 | cls = 0.1008 | lr = 0.000957
epoch 005 | step 0700 | total = 5.3707 | box = 0.5753 | obj = 2.4057 | cls = 0.0885 | lr = 0.000957
epoch 005 | step 0720 | total = 5.4951 | box = 0.6169 | obj = 2.2992 | cls = 0.1112 | lr = 0.000957
epoch 005 | step 0740 | total = 5.2851 | box = 0.5892 | obj = 2.2289 | cls = 0.1100 | lr = 0.000957
epoch 005 | step 0760 | total = 5.6141 | box = 0.6141 | obj = 2.4609 | cls = 0.0827 | lr = 0.000957
epoch 005 | step 0780 | total = 5.0532 | box = 0.4997 | obj = 2.4529 | cls = 0.1017 | lr = 0.000957
epoch 005 | step 0800 | total = 5.3318 | box = 0.5874 | obj = 2.3045 | cls = 0.0901 | lr = 0.000957
epoch 005 | step 0820 | total = 5.7919 | box = 0.6458 | obj = 2.4676 | cls = 0.0953 | lr = 0.000957
epoch 005 | step 0840 | total = 5.6590 | box = 0.6766 | obj = 2.2132 | cls = 0.0628 | lr = 0.000957
epoch 005 | step 0860 | total = 5.6464 | box = 0.6543 | obj = 2.2970 | cls = 0.0778 | lr = 0.000957
epoch 005 | step 0880 | total = 5.3983 | box = 0.5901 | obj = 2.3554 | cls = 0.0924 | lr = 0.000957
epoch 005 | step 0900 | total = 4.8225 | box = 0.5284 | obj = 2.0761 | cls = 0.1046 | lr = 0.000957
epoch 005 | step 0920 | total = 5.7520 | box = 0.6841 | obj = 2.2607 | cls = 0.0710 | lr = 0.000957
[epoch 005 train] total = 5.4251 | box = 0.6065 | obj = 2.3024 | cls = 0.0900 | steps = 925 | global_batches = 7400 | samples = 118288 | time = 830.5s
[epoch 005 val] total = 5.4340 | box = 0.6047 | obj = 2.3210 | cls = 0.0896 | steps = 40 | global_batches = 320 | samples = 5000 | time = 23.1s
epoch 006 | step 0001 | total = 4.9273 | box = 0.5710 | obj = 1.9934 | cls = 0.0791 | lr = 0.000934
epoch 006 | step 0020 | total = 5.9445 | box = 0.7018 | obj = 2.3331 | cls = 0.1025 | lr = 0.000934
epoch 006 | step 0040 | total = 4.9827 | box = 0.5577 | obj = 2.1045 | cls = 0.0896 | lr = 0.000934
epoch 006 | step 0060 | total = 4.7991 | box = 0.5057 | obj = 2.1832 | cls = 0.0871 | lr = 0.000934
epoch 006 | step 0080 | total = 4.7595 | box = 0.5263 | obj = 2.0492 | cls = 0.0788 | lr = 0.000934
epoch 006 | step 0100 | total = 5.4560 | box = 0.6229 | obj = 2.2496 | cls = 0.0919 | lr = 0.000934
epoch 006 | step 0120 | total = 4.9243 | box = 0.5733 | obj = 1.9812 | cls = 0.0765 | lr = 0.000934
epoch 006 | step 0140 | total = 6.0607 | box = 0.7488 | obj = 2.2406 | cls = 0.0763 | lr = 0.000934
epoch 006 | step 0160 | total = 5.0570 | box = 0.5448 | obj = 2.2668 | cls = 0.0661 | lr = 0.000934
epoch 006 | step 0180 | total = 5.5202 | box = 0.6096 | obj = 2.3802 | cls = 0.0920 | lr = 0.000934
epoch 006 | step 0200 | total = 5.1323 | box = 0.6186 | obj = 1.9598 | cls = 0.0795 | lr = 0.000934
epoch 006 | step 0220 | total = 5.2764 | box = 0.5435 | obj = 2.4647 | cls = 0.0943 | lr = 0.000934
epoch 006 | step 0240 | total = 5.4617 | box = 0.5899 | obj = 2.4210 | cls = 0.0913 | lr = 0.000934
epoch 006 | step 0260 | total = 5.1207 | box = 0.5443 | obj = 2.3000 | cls = 0.0992 | lr = 0.000934
epoch 006 | step 0280 | total = 4.7225 | box = 0.5084 | obj = 2.1063 | cls = 0.0741 | lr = 0.000934
epoch 006 | step 0300 | total = 5.9823 | box = 0.6809 | obj = 2.5001 | cls = 0.0776 | lr = 0.000934
epoch 006 | step 0320 | total = 5.1954 | box = 0.6082 | obj = 2.0716 | cls = 0.0830 | lr = 0.000934
epoch 006 | step 0340 | total = 4.9850 | box = 0.5003 | obj = 2.3824 | cls = 0.1011 | lr = 0.000934
epoch 006 | step 0360 | total = 6.1944 | box = 0.7784 | obj = 2.2186 | cls = 0.0835 | lr = 0.000934
epoch 006 | step 0380 | total = 5.5697 | box = 0.6730 | obj = 2.1370 | cls = 0.0676 | lr = 0.000934
epoch 006 | step 0400 | total = 4.8125 | box = 0.5086 | obj = 2.1896 | cls = 0.0798 | lr = 0.000934
epoch 006 | step 0420 | total = 4.7835 | box = 0.4966 | obj = 2.1996 | cls = 0.1010 | lr = 0.000934
epoch 006 | step 0440 | total = 4.9825 | box = 0.5428 | obj = 2.1860 | cls = 0.0826 | lr = 0.000934
epoch 006 | step 0460 | total = 5.0637 | box = 0.5768 | obj = 2.0912 | cls = 0.0887 | lr = 0.000934
epoch 006 | step 0480 | total = 5.4118 | box = 0.6173 | obj = 2.2462 | cls = 0.0792 | lr = 0.000934
epoch 006 | step 0500 | total = 5.3749 | box = 0.5927 | obj = 2.3110 | cls = 0.1003 | lr = 0.000934
epoch 006 | step 0520 | total = 5.0047 | box = 0.4826 | obj = 2.4980 | cls = 0.0936 | lr = 0.000934
epoch 006 | step 0540 | total = 4.7395 | box = 0.5218 | obj = 2.0569 | cls = 0.0739 | lr = 0.000934
epoch 006 | step 0560 | total = 5.9028 | box = 0.6657 | obj = 2.4727 | cls = 0.1013 | lr = 0.000934
epoch 006 | step 0580 | total = 6.2020 | box = 0.7233 | obj = 2.4971 | cls = 0.0883 | lr = 0.000934
epoch 006 | step 0600 | total = 5.2287 | box = 0.5726 | obj = 2.2783 | cls = 0.0872 | lr = 0.000934
epoch 006 | step 0620 | total = 4.9551 | box = 0.5439 | obj = 2.1512 | cls = 0.0843 | lr = 0.000934
epoch 006 | step 0640 | total = 5.6983 | box = 0.6126 | obj = 2.5493 | cls = 0.0861 | lr = 0.000934
epoch 006 | step 0660 | total = 5.3938 | box = 0.6457 | obj = 2.0974 | cls = 0.0678 | lr = 0.000934
epoch 006 | step 0680 | total = 5.1590 | box = 0.5517 | obj = 2.3086 | cls = 0.0919 | lr = 0.000934
epoch 006 | step 0700 | total = 4.8992 | box = 0.5217 | obj = 2.2107 | cls = 0.0800 | lr = 0.000934
epoch 006 | step 0720 | total = 5.4341 | box = 0.6831 | obj = 1.9447 | cls = 0.0741 | lr = 0.000934
epoch 006 | step 0740 | total = 5.5124 | box = 0.6276 | obj = 2.2832 | cls = 0.0912 | lr = 0.000934
epoch 006 | step 0760 | total = 4.3356 | box = 0.4738 | obj = 1.8905 | cls = 0.0760 | lr = 0.000934
epoch 006 | step 0780 | total = 5.8263 | box = 0.6622 | obj = 2.4258 | cls = 0.0893 | lr = 0.000934
epoch 006 | step 0800 | total = 4.5191 | box = 0.5086 | obj = 1.8953 | cls = 0.0807 | lr = 0.000934
epoch 006 | step 0820 | total = 5.2971 | box = 0.5736 | obj = 2.3395 | cls = 0.0894 | lr = 0.000934
epoch 006 | step 0840 | total = 5.4296 | box = 0.6307 | obj = 2.1842 | cls = 0.0920 | lr = 0.000934
epoch 006 | step 0860 | total = 5.2627 | box = 0.5057 | obj = 2.6410 | cls = 0.0932 | lr = 0.000934
epoch 006 | step 0880 | total = 5.6724 | box = 0.6125 | obj = 2.5105 | cls = 0.0993 | lr = 0.000934
epoch 006 | step 0900 | total = 4.6221 | box = 0.5084 | obj = 1.9963 | cls = 0.0838 | lr = 0.000934
epoch 006 | step 0920 | total = 4.8592 | box = 0.5117 | obj = 2.1966 | cls = 0.1044 | lr = 0.000934
[epoch 006 train] total = 5.2561 | box = 0.5859 | obj = 2.2400 | cls = 0.0866 | steps = 925 | global_batches = 7400 | samples = 118288 | time = 828.4s
[epoch 006 val] total = 5.4481 | box = 0.6074 | obj = 2.3212 | cls = 0.0900 | steps = 40 | global_batches = 320 | samples = 5000 | time = 22.5s
epoch 007 | step 0001 | total = 4.3108 | box = 0.4470 | obj = 1.9699 | cls = 0.1061 | lr = 0.000905
epoch 007 | step 0020 | total = 4.9224 | box = 0.5448 | obj = 2.1166 | cls = 0.0820 | lr = 0.000905
epoch 007 | step 0040 | total = 6.0658 | box = 0.7067 | obj = 2.4653 | cls = 0.0669 | lr = 0.000905
epoch 007 | step 0060 | total = 4.6246 | box = 0.5242 | obj = 1.9266 | cls = 0.0772 | lr = 0.000905
epoch 007 | step 0080 | total = 5.4778 | box = 0.6370 | obj = 2.2247 | cls = 0.0682 | lr = 0.000905
epoch 007 | step 0100 | total = 5.1893 | box = 0.5857 | obj = 2.1868 | cls = 0.0737 | lr = 0.000905
epoch 007 | step 0120 | total = 5.1428 | box = 0.5974 | obj = 2.0696 | cls = 0.0864 | lr = 0.000905
epoch 007 | step 0140 | total = 4.4843 | box = 0.4566 | obj = 2.0992 | cls = 0.1023 | lr = 0.000905
epoch 007 | step 0160 | total = 5.0347 | box = 0.5843 | obj = 2.0311 | cls = 0.0820 | lr = 0.000905
epoch 007 | step 0180 | total = 5.0752 | box = 0.5554 | obj = 2.2155 | cls = 0.0825 | lr = 0.000905
epoch 007 | step 0200 | total = 5.7564 | box = 0.7000 | obj = 2.1760 | cls = 0.0805 | lr = 0.000905
epoch 007 | step 0220 | total = 5.2845 | box = 0.5923 | obj = 2.2431 | cls = 0.0800 | lr = 0.000905
epoch 007 | step 0240 | total = 5.1482 | box = 0.5933 | obj = 2.1077 | cls = 0.0740 | lr = 0.000905
epoch 007 | step 0260 | total = 5.0233 | box = 0.5282 | obj = 2.2941 | cls = 0.0882 | lr = 0.000905
epoch 007 | step 0280 | total = 5.3049 | box = 0.6176 | obj = 2.1238 | cls = 0.0929 | lr = 0.000905
epoch 007 | step 0300 | total = 4.9705 | box = 0.5385 | obj = 2.1789 | cls = 0.0988 | lr = 0.000905
epoch 007 | step 0320 | total = 5.0994 | box = 0.5574 | obj = 2.2181 | cls = 0.0943 | lr = 0.000905
epoch 007 | step 0340 | total = 4.5227 | box = 0.5153 | obj = 1.8689 | cls = 0.0773 | lr = 0.000905
epoch 007 | step 0360 | total = 5.0203 | box = 0.5579 | obj = 2.1467 | cls = 0.0841 | lr = 0.000905
epoch 007 | step 0380 | total = 5.3856 | box = 0.5680 | obj = 2.4529 | cls = 0.0928 | lr = 0.000905
epoch 007 | step 0400 | total = 5.4341 | box = 0.6048 | obj = 2.3495 | cls = 0.0606 | lr = 0.000905
epoch 007 | step 0420 | total = 5.4147 | box = 0.6409 | obj = 2.1409 | cls = 0.0692 | lr = 0.000905
epoch 007 | step 0440 | total = 4.7880 | box = 0.5061 | obj = 2.1651 | cls = 0.0922 | lr = 0.000905
epoch 007 | step 0460 | total = 5.3437 | box = 0.6099 | obj = 2.2012 | cls = 0.0933 | lr = 0.000905
epoch 007 | step 0480 | total = 4.4487 | box = 0.4710 | obj = 1.9988 | cls = 0.0949 | lr = 0.000905
epoch 007 | step 0500 | total = 4.9052 | box = 0.5198 | obj = 2.2204 | cls = 0.0859 | lr = 0.000905
epoch 007 | step 0520 | total = 5.3875 | box = 0.5904 | obj = 2.3667 | cls = 0.0688 | lr = 0.000905
epoch 007 | step 0540 | total = 5.2580 | box = 0.6195 | obj = 2.0867 | cls = 0.0738 | lr = 0.000905
epoch 007 | step 0560 | total = 5.2183 | box = 0.5934 | obj = 2.1568 | cls = 0.0948 | lr = 0.000905
epoch 007 | step 0580 | total = 5.1496 | box = 0.5324 | obj = 2.3880 | cls = 0.0996 | lr = 0.000905
epoch 007 | step 0600 | total = 4.4610 | box = 0.4896 | obj = 1.9137 | cls = 0.0995 | lr = 0.000905
epoch 007 | step 0620 | total = 4.6440 | box = 0.4444 | obj = 2.3147 | cls = 0.1074 | lr = 0.000905
epoch 007 | step 0640 | total = 5.6019 | box = 0.6321 | obj = 2.3622 | cls = 0.0791 | lr = 0.000905
epoch 007 | step 0660 | total = 5.4787 | box = 0.6231 | obj = 2.2542 | cls = 0.1093 | lr = 0.000905
epoch 007 | step 0680 | total = 5.6952 | box = 0.6228 | obj = 2.4807 | cls = 0.1007 | lr = 0.000905
epoch 007 | step 0700 | total = 4.6151 | box = 0.4931 | obj = 2.0844 | cls = 0.0653 | lr = 0.000905
epoch 007 | step 0720 | total = 4.8315 | box = 0.5169 | obj = 2.1522 | cls = 0.0949 | lr = 0.000905
epoch 007 | step 0740 | total = 4.4567 | box = 0.4574 | obj = 2.0671 | cls = 0.1026 | lr = 0.000905
epoch 007 | step 0760 | total = 5.0718 | box = 0.5524 | obj = 2.2245 | cls = 0.0851 | lr = 0.000905
epoch 007 | step 0780 | total = 4.4540 | box = 0.4730 | obj = 1.9880 | cls = 0.1008 | lr = 0.000905
epoch 007 | step 0800 | total = 5.3784 | box = 0.5416 | obj = 2.5706 | cls = 0.1000 | lr = 0.000905
epoch 007 | step 0820 | total = 5.4896 | box = 0.6112 | obj = 2.3440 | cls = 0.0897 | lr = 0.000905
epoch 007 | step 0840 | total = 4.1617 | box = 0.4410 | obj = 1.8729 | cls = 0.0841 | lr = 0.000905
epoch 007 | step 0860 | total = 4.9892 | box = 0.5324 | obj = 2.2459 | cls = 0.0814 | lr = 0.000905
epoch 007 | step 0880 | total = 5.2795 | box = 0.6240 | obj = 2.0831 | cls = 0.0764 | lr = 0.000905
epoch 007 | step 0900 | total = 4.6299 | box = 0.4693 | obj = 2.1789 | cls = 0.1046 | lr = 0.000905
epoch 007 | step 0920 | total = 5.0011 | box = 0.5797 | obj = 2.0274 | cls = 0.0752 | lr = 0.000905
[epoch 007 train] total = 5.1103 | box = 0.5681 | obj = 2.1858 | cls = 0.0838 | steps = 925 | global_batches = 7400 | samples = 118288 | time = 827.4s
[epoch 007 val] total = 5.2456 | box = 0.5785 | obj = 2.2670 | cls = 0.0861 | steps = 40 | global_batches = 320 | samples = 5000 | time = 22.8s
epoch 008 | step 0001 | total = 4.3757 | box = 0.4634 | obj = 1.9711 | cls = 0.0877 | lr = 0.000873
epoch 008 | step 0020 | total = 4.8852 | box = 0.5064 | obj = 2.2607 | cls = 0.0926 | lr = 0.000873
epoch 008 | step 0040 | total = 5.2670 | box = 0.6014 | obj = 2.1785 | cls = 0.0813 | lr = 0.000873
epoch 008 | step 0060 | total = 5.0984 | box = 0.5327 | obj = 2.3643 | cls = 0.0704 | lr = 0.000873
epoch 008 | step 0080 | total = 4.7343 | box = 0.5361 | obj = 1.9634 | cls = 0.0906 | lr = 0.000873
epoch 008 | step 0100 | total = 5.7363 | box = 0.6804 | obj = 2.2413 | cls = 0.0928 | lr = 0.000873
epoch 008 | step 0120 | total = 4.3419 | box = 0.4840 | obj = 1.8493 | cls = 0.0728 | lr = 0.000873
epoch 008 | step 0140 | total = 4.7449 | box = 0.5109 | obj = 2.1113 | cls = 0.0790 | lr = 0.000873
epoch 008 | step 0160 | total = 5.1775 | box = 0.5683 | obj = 2.2607 | cls = 0.0755 | lr = 0.000873
epoch 008 | step 0180 | total = 4.7567 | box = 0.5381 | obj = 1.9874 | cls = 0.0789 | lr = 0.000873
epoch 008 | step 0200 | total = 5.0019 | box = 0.5299 | obj = 2.2611 | cls = 0.0910 | lr = 0.000873
epoch 008 | step 0220 | total = 5.2168 | box = 0.6094 | obj = 2.0851 | cls = 0.0846 | lr = 0.000873
epoch 008 | step 0240 | total = 5.3262 | box = 0.5998 | obj = 2.2315 | cls = 0.0957 | lr = 0.000873
epoch 008 | step 0260 | total = 5.3113 | box = 0.5771 | obj = 2.3437 | cls = 0.0823 | lr = 0.000873
epoch 008 | step 0280 | total = 4.4491 | box = 0.4719 | obj = 2.0214 | cls = 0.0683 | lr = 0.000873
epoch 008 | step 0300 | total = 5.0008 | box = 0.5890 | obj = 1.9736 | cls = 0.0823 | lr = 0.000873
epoch 008 | step 0320 | total = 4.8629 | box = 0.5385 | obj = 2.0991 | cls = 0.0715 | lr = 0.000873
epoch 008 | step 0340 | total = 5.0933 | box = 0.5850 | obj = 2.0966 | cls = 0.0715 | lr = 0.000873
epoch 008 | step 0360 | total = 4.3485 | box = 0.4951 | obj = 1.8011 | cls = 0.0722 | lr = 0.000873
epoch 008 | step 0380 | total = 5.4784 | box = 0.6058 | obj = 2.3711 | cls = 0.0782 | lr = 0.000873
epoch 008 | step 0400 | total = 4.9022 | box = 0.5548 | obj = 2.0504 | cls = 0.0779 | lr = 0.000873
epoch 008 | step 0420 | total = 4.9133 | box = 0.5447 | obj = 2.1045 | cls = 0.0852 | lr = 0.000873
epoch 008 | step 0440 | total = 4.8305 | box = 0.5313 | obj = 2.0927 | cls = 0.0816 | lr = 0.000873
epoch 008 | step 0460 | total = 4.4409 | box = 0.4612 | obj = 2.0635 | cls = 0.0716 | lr = 0.000873
epoch 008 | step 0480 | total = 4.7376 | box = 0.5419 | obj = 1.9505 | cls = 0.0775 | lr = 0.000873
epoch 008 | step 0500 | total = 5.0412 | box = 0.5773 | obj = 2.0769 | cls = 0.0776 | lr = 0.000873
epoch 008 | step 0520 | total = 4.4522 | box = 0.4834 | obj = 1.9443 | cls = 0.0909 | lr = 0.000873
epoch 008 | step 0540 | total = 4.4856 | box = 0.4587 | obj = 2.1070 | cls = 0.0852 | lr = 0.000873
epoch 008 | step 0560 | total = 4.6446 | box = 0.5096 | obj = 2.0081 | cls = 0.0885 | lr = 0.000873
epoch 008 | step 0580 | total = 4.6900 | box = 0.4665 | obj = 2.2699 | cls = 0.0874 | lr = 0.000873
epoch 008 | step 0600 | total = 4.9640 | box = 0.5593 | obj = 2.0832 | cls = 0.0845 | lr = 0.000873
epoch 008 | step 0620 | total = 5.2073 | box = 0.5710 | obj = 2.2767 | cls = 0.0755 | lr = 0.000873
epoch 008 | step 0640 | total = 5.2649 | box = 0.5800 | obj = 2.2796 | cls = 0.0854 | lr = 0.000873
epoch 008 | step 0660 | total = 5.1039 | box = 0.5495 | obj = 2.2666 | cls = 0.0898 | lr = 0.000873
epoch 008 | step 0680 | total = 4.7846 | box = 0.5274 | obj = 2.0777 | cls = 0.0700 | lr = 0.000873
epoch 008 | step 0700 | total = 4.5666 | box = 0.4958 | obj = 2.0194 | cls = 0.0681 | lr = 0.000873
epoch 008 | step 0720 | total = 4.8323 | box = 0.5578 | obj = 1.9722 | cls = 0.0709 | lr = 0.000873
epoch 008 | step 0740 | total = 4.8053 | box = 0.4714 | obj = 2.3636 | cls = 0.0848 | lr = 0.000873
epoch 008 | step 0760 | total = 5.1159 | box = 0.5815 | obj = 2.1294 | cls = 0.0790 | lr = 0.000873
epoch 008 | step 0780 | total = 4.2164 | box = 0.4423 | obj = 1.9446 | cls = 0.0606 | lr = 0.000873
epoch 008 | step 0800 | total = 4.9661 | box = 0.5405 | obj = 2.1885 | cls = 0.0751 | lr = 0.000873
epoch 008 | step 0820 | total = 5.1289 | box = 0.5997 | obj = 2.0566 | cls = 0.0739 | lr = 0.000873
epoch 008 | step 0840 | total = 4.6188 | box = 0.5100 | obj = 2.0018 | cls = 0.0670 | lr = 0.000873
epoch 008 | step 0860 | total = 5.7875 | box = 0.6764 | obj = 2.3253 | cls = 0.0802 | lr = 0.000873
epoch 008 | step 0880 | total = 4.9795 | box = 0.5295 | obj = 2.2488 | cls = 0.0834 | lr = 0.000873
epoch 008 | step 0900 | total = 5.8804 | box = 0.6856 | obj = 2.3774 | cls = 0.0750 | lr = 0.000873
epoch 008 | step 0920 | total = 5.6174 | box = 0.6079 | obj = 2.5038 | cls = 0.0740 | lr = 0.000873
[epoch 008 train] total = 4.9751 | box = 0.5517 | obj = 2.1355 | cls = 0.0810 | steps = 925 | global_batches = 7400 | samples = 118288 | time = 828.4s
[epoch 008 val] total = 5.1700 | box = 0.5662 | obj = 2.2545 | cls = 0.0845 | steps = 40 | global_batches = 320 | samples = 5000 | time = 22.6s
epoch 009 | step 0001 | total = 4.2886 | box = 0.4637 | obj = 1.9043 | cls = 0.0656 | lr = 0.000836
epoch 009 | step 0020 | total = 5.3579 | box = 0.5586 | obj = 2.4930 | cls = 0.0716 | lr = 0.000836
epoch 009 | step 0040 | total = 5.5289 | box = 0.6459 | obj = 2.2234 | cls = 0.0763 | lr = 0.000836
epoch 009 | step 0060 | total = 4.9385 | box = 0.5573 | obj = 2.0828 | cls = 0.0695 | lr = 0.000836
epoch 009 | step 0080 | total = 4.7526 | box = 0.5359 | obj = 2.0054 | cls = 0.0675 | lr = 0.000836
epoch 009 | step 0100 | total = 4.3282 | box = 0.4538 | obj = 1.9896 | cls = 0.0698 | lr = 0.000836
epoch 009 | step 0120 | total = 4.9809 | box = 0.5539 | obj = 2.1368 | cls = 0.0748 | lr = 0.000836
epoch 009 | step 0140 | total = 4.5677 | box = 0.5121 | obj = 1.9486 | cls = 0.0589 | lr = 0.000836
epoch 009 | step 0160 | total = 5.0194 | box = 0.5665 | obj = 2.1049 | cls = 0.0822 | lr = 0.000836
epoch 009 | step 0180 | total = 4.7383 | box = 0.5389 | obj = 1.9756 | cls = 0.0680 | lr = 0.000836
epoch 009 | step 0200 | total = 4.7439 | box = 0.5010 | obj = 2.1436 | cls = 0.0954 | lr = 0.000836
epoch 009 | step 0220 | total = 5.0741 | box = 0.5852 | obj = 2.0693 | cls = 0.0787 | lr = 0.000836
epoch 009 | step 0240 | total = 5.2895 | box = 0.5880 | obj = 2.2427 | cls = 0.1069 | lr = 0.000836
epoch 009 | step 0260 | total = 4.7512 | box = 0.5344 | obj = 1.9984 | cls = 0.0807 | lr = 0.000836
epoch 009 | step 0280 | total = 4.8506 | box = 0.5242 | obj = 2.1463 | cls = 0.0831 | lr = 0.000836
epoch 009 | step 0300 | total = 4.4950 | box = 0.4755 | obj = 2.0250 | cls = 0.0926 | lr = 0.000836
epoch 009 | step 0320 | total = 5.1192 | box = 0.5898 | obj = 2.0899 | cls = 0.0802 | lr = 0.000836
epoch 009 | step 0340 | total = 4.6984 | box = 0.5515 | obj = 1.8502 | cls = 0.0907 | lr = 0.000836
epoch 009 | step 0360 | total = 5.3095 | box = 0.5735 | obj = 2.3728 | cls = 0.0694 | lr = 0.000836
epoch 009 | step 0380 | total = 4.4372 | box = 0.4981 | obj = 1.8547 | cls = 0.0922 | lr = 0.000836
epoch 009 | step 0400 | total = 5.6484 | box = 0.6438 | obj = 2.3501 | cls = 0.0791 | lr = 0.000836
epoch 009 | step 0420 | total = 4.6368 | box = 0.5147 | obj = 1.9700 | cls = 0.0932 | lr = 0.000836
epoch 009 | step 0440 | total = 5.1887 | box = 0.5733 | obj = 2.2276 | cls = 0.0945 | lr = 0.000836
epoch 009 | step 0460 | total = 4.4387 | box = 0.4761 | obj = 1.9806 | cls = 0.0774 | lr = 0.000836
epoch 009 | step 0480 | total = 4.8770 | box = 0.5543 | obj = 2.0295 | cls = 0.0757 | lr = 0.000836
epoch 009 | step 0500 | total = 5.5502 | box = 0.6749 | obj = 2.0986 | cls = 0.0774 | lr = 0.000836
epoch 009 | step 0520 | total = 5.3213 | box = 0.5773 | obj = 2.3644 | cls = 0.0706 | lr = 0.000836
epoch 009 | step 0540 | total = 4.6698 | box = 0.5006 | obj = 2.0805 | cls = 0.0862 | lr = 0.000836
epoch 009 | step 0560 | total = 5.0140 | box = 0.5545 | obj = 2.1670 | cls = 0.0744 | lr = 0.000836
epoch 009 | step 0580 | total = 4.5104 | box = 0.5133 | obj = 1.8685 | cls = 0.0754 | lr = 0.000836
epoch 009 | step 0600 | total = 4.8683 | box = 0.5737 | obj = 1.9293 | cls = 0.0704 | lr = 0.000836
epoch 009 | step 0620 | total = 4.7904 | box = 0.5254 | obj = 2.0828 | cls = 0.0805 | lr = 0.000836
epoch 009 | step 0640 | total = 4.3069 | box = 0.4812 | obj = 1.8484 | cls = 0.0525 | lr = 0.000836
epoch 009 | step 0660 | total = 4.2489 | box = 0.4181 | obj = 2.0521 | cls = 0.1062 | lr = 0.000836
epoch 009 | step 0680 | total = 4.5951 | box = 0.5073 | obj = 1.9986 | cls = 0.0599 | lr = 0.000836
epoch 009 | step 0700 | total = 4.6949 | box = 0.5442 | obj = 1.9207 | cls = 0.0531 | lr = 0.000836
epoch 009 | step 0720 | total = 6.0335 | box = 0.7464 | obj = 2.2067 | cls = 0.0950 | lr = 0.000836
epoch 009 | step 0740 | total = 5.2999 | box = 0.5465 | obj = 2.5053 | cls = 0.0619 | lr = 0.000836
epoch 009 | step 0760 | total = 4.6460 | box = 0.5177 | obj = 1.9808 | cls = 0.0766 | lr = 0.000836
epoch 009 | step 0780 | total = 5.3307 | box = 0.6077 | obj = 2.2090 | cls = 0.0830 | lr = 0.000836
epoch 009 | step 0800 | total = 4.9329 | box = 0.5646 | obj = 2.0446 | cls = 0.0651 | lr = 0.000836
epoch 009 | step 0820 | total = 4.7599 | box = 0.4947 | obj = 2.2037 | cls = 0.0824 | lr = 0.000836
epoch 009 | step 0840 | total = 5.2870 | box = 0.5889 | obj = 2.2664 | cls = 0.0759 | lr = 0.000836
epoch 009 | step 0860 | total = 5.0350 | box = 0.5074 | obj = 2.4047 | cls = 0.0930 | lr = 0.000836
epoch 009 | step 0880 | total = 5.0327 | box = 0.5426 | obj = 2.2327 | cls = 0.0869 | lr = 0.000836
epoch 009 | step 0900 | total = 4.3364 | box = 0.4770 | obj = 1.8769 | cls = 0.0743 | lr = 0.000836
epoch 009 | step 0920 | total = 5.5311 | box = 0.6226 | obj = 2.3314 | cls = 0.0864 | lr = 0.000836
[epoch 009 train] total = 4.8595 | box = 0.5381 | obj = 2.0903 | cls = 0.0785 | steps = 925 | global_batches = 7400 | samples = 118288 | time = 825.3s
[epoch 009 val] total = 5.1568 | box = 0.5708 | obj = 2.2203 | cls = 0.0825 | steps = 40 | global_batches = 320 | samples = 5000 | time = 22.8s
epoch 010 | step 0001 | total = 4.4212 | box = 0.4714 | obj = 1.9940 | cls = 0.0703 | lr = 0.000796
epoch 010 | step 0020 | total = 5.3599 | box = 0.6507 | obj = 2.0282 | cls = 0.0782 | lr = 0.000796
epoch 010 | step 0040 | total = 4.8050 | box = 0.5151 | obj = 2.1564 | cls = 0.0729 | lr = 0.000796
epoch 010 | step 0060 | total = 4.5632 | box = 0.4933 | obj = 2.0103 | cls = 0.0867 | lr = 0.000796
epoch 010 | step 0080 | total = 5.4182 | box = 0.6137 | obj = 2.2677 | cls = 0.0819 | lr = 0.000796
epoch 010 | step 0100 | total = 5.3100 | box = 0.5980 | obj = 2.2463 | cls = 0.0738 | lr = 0.000796
epoch 010 | step 0120 | total = 5.2362 | box = 0.5709 | obj = 2.2835 | cls = 0.0981 | lr = 0.000796
epoch 010 | step 0140 | total = 4.7526 | box = 0.5286 | obj = 2.0284 | cls = 0.0811 | lr = 0.000796
epoch 010 | step 0160 | total = 4.5606 | box = 0.4970 | obj = 2.0056 | cls = 0.0702 | lr = 0.000796
epoch 010 | step 0180 | total = 4.3447 | box = 0.4655 | obj = 1.9487 | cls = 0.0683 | lr = 0.000796
epoch 010 | step 0200 | total = 4.6427 | box = 0.5547 | obj = 1.8048 | cls = 0.0646 | lr = 0.000796
epoch 010 | step 0220 | total = 4.8104 | box = 0.4964 | obj = 2.2549 | cls = 0.0737 | lr = 0.000796
epoch 010 | step 0240 | total = 4.3461 | box = 0.4851 | obj = 1.8377 | cls = 0.0830 | lr = 0.000796
epoch 010 | step 0260 | total = 4.4820 | box = 0.4822 | obj = 1.9952 | cls = 0.0757 | lr = 0.000796
epoch 010 | step 0280 | total = 4.3241 | box = 0.4636 | obj = 1.9388 | cls = 0.0671 | lr = 0.000796
epoch 010 | step 0300 | total = 4.4588 | box = 0.4751 | obj = 2.0098 | cls = 0.0732 | lr = 0.000796
epoch 010 | step 0320 | total = 5.0987 | box = 0.5329 | obj = 2.3448 | cls = 0.0892 | lr = 0.000796
epoch 010 | step 0340 | total = 4.3186 | box = 0.4916 | obj = 1.7741 | cls = 0.0863 | lr = 0.000796
epoch 010 | step 0360 | total = 4.9619 | box = 0.5538 | obj = 2.1189 | cls = 0.0741 | lr = 0.000796
epoch 010 | step 0380 | total = 4.5609 | box = 0.4670 | obj = 2.1491 | cls = 0.0770 | lr = 0.000796
epoch 010 | step 0400 | total = 4.1672 | box = 0.4160 | obj = 2.0003 | cls = 0.0871 | lr = 0.000796
epoch 010 | step 0420 | total = 4.3898 | box = 0.5196 | obj = 1.7224 | cls = 0.0696 | lr = 0.000796
epoch 010 | step 0440 | total = 4.2868 | box = 0.4426 | obj = 1.9971 | cls = 0.0767 | lr = 0.000796
epoch 010 | step 0460 | total = 4.6205 | box = 0.5013 | obj = 2.0376 | cls = 0.0762 | lr = 0.000796
epoch 010 | step 0480 | total = 5.4112 | box = 0.6208 | obj = 2.2242 | cls = 0.0828 | lr = 0.000796
epoch 010 | step 0500 | total = 4.4379 | box = 0.4411 | obj = 2.1485 | cls = 0.0837 | lr = 0.000796
epoch 010 | step 0520 | total = 5.1593 | box = 0.5680 | obj = 2.2348 | cls = 0.0844 | lr = 0.000796
epoch 010 | step 0540 | total = 4.1422 | box = 0.4665 | obj = 1.7418 | cls = 0.0680 | lr = 0.000796
epoch 010 | step 0560 | total = 4.4903 | box = 0.4960 | obj = 1.9174 | cls = 0.0928 | lr = 0.000796
epoch 010 | step 0580 | total = 5.1627 | box = 0.5809 | obj = 2.1829 | cls = 0.0754 | lr = 0.000796
epoch 010 | step 0600 | total = 4.8478 | box = 0.5380 | obj = 2.0813 | cls = 0.0764 | lr = 0.000796
epoch 010 | step 0620 | total = 4.8509 | box = 0.5430 | obj = 2.0546 | cls = 0.0812 | lr = 0.000796
epoch 010 | step 0640 | total = 4.6435 | box = 0.5491 | obj = 1.8218 | cls = 0.0762 | lr = 0.000796
epoch 010 | step 0660 | total = 4.4827 | box = 0.4860 | obj = 1.9914 | cls = 0.0615 | lr = 0.000796
epoch 010 | step 0680 | total = 4.7028 | box = 0.5297 | obj = 1.9923 | cls = 0.0622 | lr = 0.000796
epoch 010 | step 0700 | total = 5.9377 | box = 0.6848 | obj = 2.4287 | cls = 0.0849 | lr = 0.000796
epoch 010 | step 0720 | total = 4.5874 | box = 0.5065 | obj = 2.0042 | cls = 0.0509 | lr = 0.000796
epoch 010 | step 0740 | total = 5.2108 | box = 0.5768 | obj = 2.2543 | cls = 0.0724 | lr = 0.000796
epoch 010 | step 0760 | total = 5.1846 | box = 0.5965 | obj = 2.0971 | cls = 0.1048 | lr = 0.000796
epoch 010 | step 0780 | total = 3.3689 | box = 0.3420 | obj = 1.5520 | cls = 0.1070 | lr = 0.000796
epoch 010 | step 0800 | total = 5.4224 | box = 0.6750 | obj = 1.9536 | cls = 0.0939 | lr = 0.000796
epoch 010 | step 0820 | total = 5.0267 | box = 0.5939 | obj = 1.9853 | cls = 0.0721 | lr = 0.000796
epoch 010 | step 0840 | total = 4.7076 | box = 0.5286 | obj = 1.9966 | cls = 0.0678 | lr = 0.000796
epoch 010 | step 0860 | total = 4.8084 | box = 0.5294 | obj = 2.0952 | cls = 0.0665 | lr = 0.000796
epoch 010 | step 0880 | total = 4.1584 | box = 0.4673 | obj = 1.7529 | cls = 0.0688 | lr = 0.000796
epoch 010 | step 0900 | total = 4.9104 | box = 0.5410 | obj = 2.1439 | cls = 0.0613 | lr = 0.000796
epoch 010 | step 0920 | total = 4.6176 | box = 0.4801 | obj = 2.1481 | cls = 0.0691 | lr = 0.000796
[epoch 010 train] total = 4.7349 | box = 0.5231 | obj = 2.0431 | cls = 0.0763 | steps = 925 | global_batches = 7400 | samples = 118288 | time = 825.6s
[epoch 010 val] total = 4.9092 | box = 0.5399 | obj = 2.1291 | cls = 0.0804 | steps = 40 | global_batches = 320 | samples = 5000 | time = 23.5s
epoch 011 | step 0001 | total = 4.0950 | box = 0.4394 | obj = 1.8268 | cls = 0.0711 | lr = 0.000753
epoch 011 | step 0020 | total = 5.1715 | box = 0.5599 | obj = 2.3023 | cls = 0.0699 | lr = 0.000753
epoch 011 | step 0040 | total = 4.5365 | box = 0.4845 | obj = 2.0450 | cls = 0.0689 | lr = 0.000753
epoch 011 | step 0060 | total = 5.1678 | box = 0.5643 | obj = 2.2452 | cls = 0.1009 | lr = 0.000753
epoch 011 | step 0080 | total = 4.3196 | box = 0.4397 | obj = 2.0547 | cls = 0.0662 | lr = 0.000753
epoch 011 | step 0100 | total = 4.9885 | box = 0.5323 | obj = 2.2446 | cls = 0.0825 | lr = 0.000753
epoch 011 | step 0120 | total = 5.0918 | box = 0.5631 | obj = 2.2035 | cls = 0.0730 | lr = 0.000753
epoch 011 | step 0140 | total = 4.7194 | box = 0.5029 | obj = 2.1355 | cls = 0.0693 | lr = 0.000753
epoch 011 | step 0160 | total = 4.7379 | box = 0.5293 | obj = 2.0158 | cls = 0.0759 | lr = 0.000753
epoch 011 | step 0180 | total = 4.8225 | box = 0.5801 | obj = 1.8375 | cls = 0.0843 | lr = 0.000753
epoch 011 | step 0200 | total = 4.5081 | box = 0.5121 | obj = 1.8739 | cls = 0.0739 | lr = 0.000753
epoch 011 | step 0220 | total = 5.3832 | box = 0.6088 | obj = 2.2523 | cls = 0.0867 | lr = 0.000753
epoch 011 | step 0240 | total = 4.7972 | box = 0.5253 | obj = 2.1039 | cls = 0.0669 | lr = 0.000753
epoch 011 | step 0260 | total = 4.4054 | box = 0.4699 | obj = 1.9792 | cls = 0.0768 | lr = 0.000753
epoch 011 | step 0280 | total = 4.6163 | box = 0.5040 | obj = 2.0266 | cls = 0.0697 | lr = 0.000753
epoch 011 | step 0300 | total = 4.9451 | box = 0.5522 | obj = 2.1032 | cls = 0.0810 | lr = 0.000753
epoch 011 | step 0320 | total = 4.5927 | box = 0.5036 | obj = 1.9938 | cls = 0.0810 | lr = 0.000753
epoch 011 | step 0340 | total = 5.2380 | box = 0.5433 | obj = 2.4601 | cls = 0.0616 | lr = 0.000753
epoch 011 | step 0360 | total = 4.7934 | box = 0.5260 | obj = 2.0843 | cls = 0.0792 | lr = 0.000753
epoch 011 | step 0380 | total = 4.5052 | box = 0.5056 | obj = 1.9035 | cls = 0.0736 | lr = 0.000753
epoch 011 | step 0400 | total = 4.3283 | box = 0.4817 | obj = 1.8471 | cls = 0.0728 | lr = 0.000753
epoch 011 | step 0420 | total = 4.4617 | box = 0.5002 | obj = 1.8973 | cls = 0.0636 | lr = 0.000753
epoch 011 | step 0440 | total = 5.3183 | box = 0.5871 | obj = 2.2950 | cls = 0.0876 | lr = 0.000753
epoch 011 | step 0460 | total = 4.6751 | box = 0.5356 | obj = 1.9235 | cls = 0.0736 | lr = 0.000753
epoch 011 | step 0480 | total = 4.5048 | box = 0.4881 | obj = 1.9896 | cls = 0.0746 | lr = 0.000753
epoch 011 | step 0500 | total = 4.6039 | box = 0.5588 | obj = 1.7454 | cls = 0.0645 | lr = 0.000753
epoch 011 | step 0520 | total = 5.0628 | box = 0.5349 | obj = 2.2826 | cls = 0.1056 | lr = 0.000753
epoch 011 | step 0540 | total = 5.2510 | box = 0.5858 | obj = 2.2266 | cls = 0.0952 | lr = 0.000753
epoch 011 | step 0560 | total = 4.5928 | box = 0.4936 | obj = 2.0695 | cls = 0.0553 | lr = 0.000753
epoch 011 | step 0580 | total = 5.0697 | box = 0.5884 | obj = 2.0644 | cls = 0.0632 | lr = 0.000753
epoch 011 | step 0600 | total = 4.2164 | box = 0.4282 | obj = 1.9903 | cls = 0.0852 | lr = 0.000753
epoch 011 | step 0620 | total = 5.1466 | box = 0.5686 | obj = 2.2355 | cls = 0.0681 | lr = 0.000753
epoch 011 | step 0640 | total = 4.6593 | box = 0.5103 | obj = 2.0376 | cls = 0.0700 | lr = 0.000753
epoch 011 | step 0660 | total = 4.2763 | box = 0.4631 | obj = 1.8943 | cls = 0.0667 | lr = 0.000753
epoch 011 | step 0680 | total = 4.9426 | box = 0.5690 | obj = 2.0414 | cls = 0.0559 | lr = 0.000753
epoch 011 | step 0700 | total = 5.1309 | box = 0.5997 | obj = 2.0680 | cls = 0.0644 | lr = 0.000753
epoch 011 | step 0720 | total = 4.1813 | box = 0.4607 | obj = 1.7754 | cls = 0.1023 | lr = 0.000753
epoch 011 | step 0740 | total = 4.9761 | box = 0.5520 | obj = 2.1441 | cls = 0.0722 | lr = 0.000753
epoch 011 | step 0760 | total = 5.4346 | box = 0.6165 | obj = 2.2682 | cls = 0.0839 | lr = 0.000753
epoch 011 | step 0780 | total = 4.2239 | box = 0.4885 | obj = 1.7087 | cls = 0.0727 | lr = 0.000753
epoch 011 | step 0800 | total = 5.2829 | box = 0.5572 | obj = 2.4029 | cls = 0.0942 | lr = 0.000753
epoch 011 | step 0820 | total = 4.2266 | box = 0.4826 | obj = 1.7417 | cls = 0.0717 | lr = 0.000753
epoch 011 | step 0840 | total = 4.6155 | box = 0.4874 | obj = 2.0902 | cls = 0.0884 | lr = 0.000753
epoch 011 | step 0860 | total = 4.3885 | box = 0.4664 | obj = 1.9778 | cls = 0.0789 | lr = 0.000753
epoch 011 | step 0880 | total = 4.7591 | box = 0.5475 | obj = 1.9490 | cls = 0.0728 | lr = 0.000753
epoch 011 | step 0900 | total = 4.2952 | box = 0.4930 | obj = 1.7737 | cls = 0.0564 | lr = 0.000753
epoch 011 | step 0920 | total = 4.7821 | box = 0.5025 | obj = 2.1977 | cls = 0.0717 | lr = 0.000753
[epoch 011 train] total = 4.6316 | box = 0.5114 | obj = 2.0007 | cls = 0.0741 | steps = 925 | global_batches = 7400 | samples = 118288 | time = 826.6s
[epoch 011 val] total = 4.8487 | box = 0.5330 | obj = 2.1058 | cls = 0.0779 | steps = 40 | global_batches = 320 | samples = 5000 | time = 23.2s
epoch 012 | step 0001 | total = 3.8079 | box = 0.4120 | obj = 1.6784 | cls = 0.0693 | lr = 0.000706
epoch 012 | step 0020 | total = 3.7627 | box = 0.4088 | obj = 1.6590 | cls = 0.0597 | lr = 0.000706
epoch 012 | step 0040 | total = 4.2359 | box = 0.4987 | obj = 1.6783 | cls = 0.0643 | lr = 0.000706
epoch 012 | step 0060 | total = 3.7414 | box = 0.3894 | obj = 1.7085 | cls = 0.0858 | lr = 0.000706
epoch 012 | step 0080 | total = 5.6196 | box = 0.6506 | obj = 2.2951 | cls = 0.0714 | lr = 0.000706
epoch 012 | step 0100 | total = 4.3267 | box = 0.5030 | obj = 1.7565 | cls = 0.0553 | lr = 0.000706
epoch 012 | step 0120 | total = 4.2716 | box = 0.4884 | obj = 1.7606 | cls = 0.0692 | lr = 0.000706
epoch 012 | step 0140 | total = 4.2473 | box = 0.4752 | obj = 1.7916 | cls = 0.0796 | lr = 0.000706
epoch 012 | step 0160 | total = 4.3475 | box = 0.4798 | obj = 1.8806 | cls = 0.0682 | lr = 0.000706
epoch 012 | step 0180 | total = 3.8738 | box = 0.3730 | obj = 1.9437 | cls = 0.0652 | lr = 0.000706
epoch 012 | step 0200 | total = 3.9231 | box = 0.4228 | obj = 1.7302 | cls = 0.0790 | lr = 0.000706
epoch 012 | step 0220 | total = 4.8494 | box = 0.5445 | obj = 2.0569 | cls = 0.0700 | lr = 0.000706
epoch 012 | step 0240 | total = 4.5536 | box = 0.5058 | obj = 1.9580 | cls = 0.0667 | lr = 0.000706
epoch 012 | step 0260 | total = 4.6592 | box = 0.5282 | obj = 1.9557 | cls = 0.0623 | lr = 0.000706
epoch 012 | step 0280 | total = 4.2350 | box = 0.4451 | obj = 1.9490 | cls = 0.0606 | lr = 0.000706
epoch 012 | step 0300 | total = 4.1157 | box = 0.4521 | obj = 1.7953 | cls = 0.0597 | lr = 0.000706
epoch 012 | step 0320 | total = 4.4785 | box = 0.5004 | obj = 1.9170 | cls = 0.0594 | lr = 0.000706
epoch 012 | step 0340 | total = 4.7187 | box = 0.5517 | obj = 1.8860 | cls = 0.0742 | lr = 0.000706
epoch 012 | step 0360 | total = 5.2340 | box = 0.6117 | obj = 2.1040 | cls = 0.0713 | lr = 0.000706
epoch 012 | step 0380 | total = 4.1470 | box = 0.4805 | obj = 1.6756 | cls = 0.0689 | lr = 0.000706
epoch 012 | step 0400 | total = 4.4771 | box = 0.5096 | obj = 1.8493 | cls = 0.0800 | lr = 0.000706
epoch 012 | step 0420 | total = 4.8989 | box = 0.5196 | obj = 2.2295 | cls = 0.0715 | lr = 0.000706
epoch 012 | step 0440 | total = 4.2112 | box = 0.4679 | obj = 1.8009 | cls = 0.0707 | lr = 0.000706
epoch 012 | step 0460 | total = 5.5772 | box = 0.6844 | obj = 2.0937 | cls = 0.0614 | lr = 0.000706
epoch 012 | step 0480 | total = 4.4741 | box = 0.5333 | obj = 1.7424 | cls = 0.0651 | lr = 0.000706
epoch 012 | step 0500 | total = 5.1779 | box = 0.5971 | obj = 2.1306 | cls = 0.0618 | lr = 0.000706
epoch 012 | step 0520 | total = 4.3315 | box = 0.4693 | obj = 1.9292 | cls = 0.0559 | lr = 0.000706
epoch 012 | step 0540 | total = 3.9960 | box = 0.4115 | obj = 1.8649 | cls = 0.0737 | lr = 0.000706
epoch 012 | step 0560 | total = 5.0229 | box = 0.5331 | obj = 2.2740 | cls = 0.0834 | lr = 0.000706
epoch 012 | step 0580 | total = 5.1737 | box = 0.5431 | obj = 2.3806 | cls = 0.0774 | lr = 0.000706
epoch 012 | step 0600 | total = 5.0652 | box = 0.6046 | obj = 1.9485 | cls = 0.0936 | lr = 0.000706
epoch 012 | step 0620 | total = 4.6509 | box = 0.5058 | obj = 2.0397 | cls = 0.0824 | lr = 0.000706
epoch 012 | step 0640 | total = 4.6509 | box = 0.5646 | obj = 1.7624 | cls = 0.0658 | lr = 0.000706
epoch 012 | step 0660 | total = 4.6592 | box = 0.5283 | obj = 1.9520 | cls = 0.0657 | lr = 0.000706
epoch 012 | step 0680 | total = 4.7775 | box = 0.5031 | obj = 2.1965 | cls = 0.0658 | lr = 0.000706
epoch 012 | step 0700 | total = 4.5146 | box = 0.4930 | obj = 1.9668 | cls = 0.0826 | lr = 0.000706
epoch 012 | step 0720 | total = 5.7493 | box = 0.6349 | obj = 2.5006 | cls = 0.0744 | lr = 0.000706
epoch 012 | step 0740 | total = 4.6036 | box = 0.5132 | obj = 1.9658 | cls = 0.0719 | lr = 0.000706
epoch 012 | step 0760 | total = 4.7010 | box = 0.5289 | obj = 1.9905 | cls = 0.0662 | lr = 0.000706
epoch 012 | step 0780 | total = 4.8102 | box = 0.5579 | obj = 1.9581 | cls = 0.0626 | lr = 0.000706
epoch 012 | step 0800 | total = 4.4810 | box = 0.4835 | obj = 1.9978 | cls = 0.0660 | lr = 0.000706
epoch 012 | step 0820 | total = 4.8374 | box = 0.5147 | obj = 2.1953 | cls = 0.0686 | lr = 0.000706
epoch 012 | step 0840 | total = 3.9440 | box = 0.4149 | obj = 1.7882 | cls = 0.0811 | lr = 0.000706
epoch 012 | step 0860 | total = 4.3709 | box = 0.4789 | obj = 1.9008 | cls = 0.0755 | lr = 0.000706
epoch 012 | step 0880 | total = 5.0133 | box = 0.5271 | obj = 2.3047 | cls = 0.0732 | lr = 0.000706
epoch 012 | step 0900 | total = 4.3534 | box = 0.4778 | obj = 1.8944 | cls = 0.0700 | lr = 0.000706
epoch 012 | step 0920 | total = 4.5985 | box = 0.5298 | obj = 1.8751 | cls = 0.0746 | lr = 0.000706
[epoch 012 train] total = 4.5217 | box = 0.4985 | obj = 1.9572 | cls = 0.0722 | steps = 925 | global_batches = 7400 | samples = 118288 | time = 825.2s
[epoch 012 val] total = 4.8504 | box = 0.5271 | obj = 2.1358 | cls = 0.0791 | steps = 40 | global_batches = 320 | samples = 5000 | time = 23.9s
epoch 013 | step 0001 | total = 4.6494 | box = 0.5327 | obj = 1.9313 | cls = 0.0549 | lr = 0.000658
epoch 013 | step 0020 | total = 5.6745 | box = 0.5852 | obj = 2.6677 | cls = 0.0810 | lr = 0.000658
epoch 013 | step 0040 | total = 4.4367 | box = 0.4513 | obj = 2.1218 | cls = 0.0582 | lr = 0.000658
epoch 013 | step 0060 | total = 4.2801 | box = 0.4604 | obj = 1.9207 | cls = 0.0574 | lr = 0.000658
epoch 013 | step 0080 | total = 3.8397 | box = 0.4207 | obj = 1.6704 | cls = 0.0661 | lr = 0.000658
epoch 013 | step 0100 | total = 4.2530 | box = 0.4768 | obj = 1.8119 | cls = 0.0572 | lr = 0.000658
epoch 013 | step 0120 | total = 5.0103 | box = 0.5640 | obj = 2.1301 | cls = 0.0601 | lr = 0.000658
epoch 013 | step 0140 | total = 3.6215 | box = 0.3550 | obj = 1.7699 | cls = 0.0767 | lr = 0.000658
epoch 013 | step 0160 | total = 4.2307 | box = 0.4627 | obj = 1.8587 | cls = 0.0585 | lr = 0.000658
epoch 013 | step 0180 | total = 4.7752 | box = 0.5425 | obj = 1.9958 | cls = 0.0668 | lr = 0.000658
epoch 013 | step 0200 | total = 3.7936 | box = 0.3984 | obj = 1.7284 | cls = 0.0731 | lr = 0.000658
epoch 013 | step 0220 | total = 5.0217 | box = 0.5383 | obj = 2.2766 | cls = 0.0535 | lr = 0.000658
epoch 013 | step 0240 | total = 4.6060 | box = 0.5405 | obj = 1.8386 | cls = 0.0651 | lr = 0.000658
epoch 013 | step 0260 | total = 4.5017 | box = 0.5279 | obj = 1.7965 | cls = 0.0659 | lr = 0.000658
epoch 013 | step 0280 | total = 4.5681 | box = 0.5173 | obj = 1.9281 | cls = 0.0537 | lr = 0.000658
epoch 013 | step 0300 | total = 4.8888 | box = 0.5962 | obj = 1.8339 | cls = 0.0737 | lr = 0.000658
epoch 013 | step 0320 | total = 4.4170 | box = 0.4353 | obj = 2.1694 | cls = 0.0710 | lr = 0.000658
epoch 013 | step 0340 | total = 4.5046 | box = 0.4794 | obj = 2.0359 | cls = 0.0717 | lr = 0.000658
epoch 013 | step 0360 | total = 4.0968 | box = 0.4431 | obj = 1.8094 | cls = 0.0722 | lr = 0.000658
epoch 013 | step 0380 | total = 4.4477 | box = 0.4573 | obj = 2.0878 | cls = 0.0733 | lr = 0.000658
epoch 013 | step 0400 | total = 4.7531 | box = 0.5314 | obj = 2.0120 | cls = 0.0841 | lr = 0.000658
epoch 013 | step 0420 | total = 4.2873 | box = 0.4605 | obj = 1.9156 | cls = 0.0693 | lr = 0.000658
epoch 013 | step 0440 | total = 4.1552 | box = 0.4460 | obj = 1.8615 | cls = 0.0638 | lr = 0.000658
epoch 013 | step 0460 | total = 3.5564 | box = 0.3807 | obj = 1.5842 | cls = 0.0688 | lr = 0.000658
epoch 013 | step 0480 | total = 4.1365 | box = 0.4528 | obj = 1.8104 | cls = 0.0623 | lr = 0.000658
epoch 013 | step 0500 | total = 4.3530 | box = 0.4748 | obj = 1.9073 | cls = 0.0717 | lr = 0.000658
epoch 013 | step 0520 | total = 4.4139 | box = 0.5004 | obj = 1.8421 | cls = 0.0700 | lr = 0.000658
epoch 013 | step 0540 | total = 3.8597 | box = 0.4052 | obj = 1.7694 | cls = 0.0642 | lr = 0.000658
epoch 013 | step 0560 | total = 3.9115 | box = 0.4459 | obj = 1.6189 | cls = 0.0632 | lr = 0.000658
epoch 013 | step 0580 | total = 4.8097 | box = 0.5783 | obj = 1.8430 | cls = 0.0751 | lr = 0.000658
epoch 013 | step 0600 | total = 3.9732 | box = 0.4261 | obj = 1.7898 | cls = 0.0530 | lr = 0.000658
epoch 013 | step 0620 | total = 4.4111 | box = 0.5013 | obj = 1.8360 | cls = 0.0685 | lr = 0.000658
epoch 013 | step 0640 | total = 3.9474 | box = 0.4095 | obj = 1.8347 | cls = 0.0652 | lr = 0.000658
epoch 013 | step 0660 | total = 4.5249 | box = 0.4873 | obj = 2.0302 | cls = 0.0582 | lr = 0.000658
epoch 013 | step 0680 | total = 4.4653 | box = 0.4794 | obj = 2.0160 | cls = 0.0524 | lr = 0.000658
epoch 013 | step 0700 | total = 3.5887 | box = 0.3760 | obj = 1.6454 | cls = 0.0632 | lr = 0.000658
epoch 013 | step 0720 | total = 4.4461 | box = 0.4773 | obj = 1.9902 | cls = 0.0692 | lr = 0.000658
epoch 013 | step 0740 | total = 3.9032 | box = 0.3939 | obj = 1.8639 | cls = 0.0699 | lr = 0.000658
epoch 013 | step 0760 | total = 5.0931 | box = 0.5706 | obj = 2.1721 | cls = 0.0678 | lr = 0.000658
epoch 013 | step 0780 | total = 4.4561 | box = 0.4790 | obj = 1.9851 | cls = 0.0758 | lr = 0.000658
epoch 013 | step 0800 | total = 5.6423 | box = 0.6421 | obj = 2.3561 | cls = 0.0756 | lr = 0.000658
epoch 013 | step 0820 | total = 4.5382 | box = 0.4839 | obj = 2.0603 | cls = 0.0582 | lr = 0.000658
epoch 013 | step 0840 | total = 4.1290 | box = 0.4422 | obj = 1.8384 | cls = 0.0796 | lr = 0.000658
epoch 013 | step 0860 | total = 3.8615 | box = 0.3981 | obj = 1.7926 | cls = 0.0786 | lr = 0.000658
epoch 013 | step 0880 | total = 4.7235 | box = 0.5109 | obj = 2.0832 | cls = 0.0858 | lr = 0.000658
epoch 013 | step 0900 | total = 4.4661 | box = 0.4765 | obj = 1.9917 | cls = 0.0919 | lr = 0.000658
epoch 013 | step 0920 | total = 4.8233 | box = 0.5557 | obj = 1.9824 | cls = 0.0626 | lr = 0.000658
[epoch 013 train] total = 4.4240 | box = 0.4874 | obj = 1.9170 | cls = 0.0702 | steps = 925 | global_batches = 7400 | samples = 118288 | time = 826.0s
[epoch 013 val] total = 4.7581 | box = 0.5152 | obj = 2.1065 | cls = 0.0754 | steps = 40 | global_batches = 320 | samples = 5000 | time = 23.8s
epoch 014 | step 0001 | total = 4.4692 | box = 0.4991 | obj = 1.8850 | cls = 0.0886 | lr = 0.000608
epoch 014 | step 0020 | total = 4.9063 | box = 0.5325 | obj = 2.1641 | cls = 0.0798 | lr = 0.000608
epoch 014 | step 0040 | total = 4.2917 | box = 0.4784 | obj = 1.8224 | cls = 0.0772 | lr = 0.000608
epoch 014 | step 0060 | total = 4.4210 | box = 0.5102 | obj = 1.7976 | cls = 0.0723 | lr = 0.000608
epoch 014 | step 0080 | total = 4.2024 | box = 0.4542 | obj = 1.8782 | cls = 0.0531 | lr = 0.000608
epoch 014 | step 0100 | total = 3.7658 | box = 0.4000 | obj = 1.6936 | cls = 0.0719 | lr = 0.000608
epoch 014 | step 0120 | total = 4.7715 | box = 0.5752 | obj = 1.8085 | cls = 0.0869 | lr = 0.000608
epoch 014 | step 0140 | total = 5.2253 | box = 0.6394 | obj = 1.9488 | cls = 0.0796 | lr = 0.000608
epoch 014 | step 0160 | total = 4.3354 | box = 0.4928 | obj = 1.8097 | cls = 0.0620 | lr = 0.000608
epoch 014 | step 0180 | total = 4.5766 | box = 0.5479 | obj = 1.7747 | cls = 0.0624 | lr = 0.000608
epoch 014 | step 0200 | total = 4.7787 | box = 0.5735 | obj = 1.8471 | cls = 0.0642 | lr = 0.000608
epoch 014 | step 0220 | total = 4.9167 | box = 0.5796 | obj = 1.9537 | cls = 0.0651 | lr = 0.000608
epoch 014 | step 0240 | total = 4.3320 | box = 0.4979 | obj = 1.7642 | cls = 0.0785 | lr = 0.000608
epoch 014 | step 0260 | total = 3.5414 | box = 0.3831 | obj = 1.5540 | cls = 0.0718 | lr = 0.000608
epoch 014 | step 0280 | total = 4.1141 | box = 0.4442 | obj = 1.8199 | cls = 0.0733 | lr = 0.000608
epoch 014 | step 0300 | total = 5.2551 | box = 0.5884 | obj = 2.2286 | cls = 0.0845 | lr = 0.000608
epoch 014 | step 0320 | total = 3.6310 | box = 0.3494 | obj = 1.7891 | cls = 0.0949 | lr = 0.000608
epoch 014 | step 0340 | total = 4.6703 | box = 0.5137 | obj = 2.0269 | cls = 0.0749 | lr = 0.000608
epoch 014 | step 0360 | total = 4.7724 | box = 0.5538 | obj = 1.9418 | cls = 0.0619 | lr = 0.000608
epoch 014 | step 0380 | total = 4.1813 | box = 0.4733 | obj = 1.7458 | cls = 0.0692 | lr = 0.000608
epoch 014 | step 0400 | total = 4.8875 | box = 0.5313 | obj = 2.1707 | cls = 0.0602 | lr = 0.000608
epoch 014 | step 0420 | total = 4.2546 | box = 0.4800 | obj = 1.7819 | cls = 0.0726 | lr = 0.000608
epoch 014 | step 0440 | total = 4.5572 | box = 0.5430 | obj = 1.7864 | cls = 0.0557 | lr = 0.000608
epoch 014 | step 0460 | total = 3.9289 | box = 0.4183 | obj = 1.7619 | cls = 0.0758 | lr = 0.000608
epoch 014 | step 0480 | total = 3.8043 | box = 0.4182 | obj = 1.6512 | cls = 0.0619 | lr = 0.000608
epoch 014 | step 0500 | total = 4.2236 | box = 0.4582 | obj = 1.8578 | cls = 0.0746 | lr = 0.000608
epoch 014 | step 0520 | total = 4.8891 | box = 0.5732 | obj = 1.9524 | cls = 0.0708 | lr = 0.000608
epoch 014 | step 0540 | total = 4.4201 | box = 0.5016 | obj = 1.8298 | cls = 0.0825 | lr = 0.000608
epoch 014 | step 0560 | total = 4.7520 | box = 0.5333 | obj = 2.0259 | cls = 0.0598 | lr = 0.000608
epoch 014 | step 0580 | total = 4.1453 | box = 0.4549 | obj = 1.8023 | cls = 0.0684 | lr = 0.000608
epoch 014 | step 0600 | total = 4.2127 | box = 0.4334 | obj = 1.9788 | cls = 0.0667 | lr = 0.000608
epoch 014 | step 0620 | total = 4.2819 | box = 0.4855 | obj = 1.7950 | cls = 0.0596 | lr = 0.000608
epoch 014 | step 0640 | total = 3.5761 | box = 0.3631 | obj = 1.6631 | cls = 0.0973 | lr = 0.000608
epoch 014 | step 0660 | total = 4.4164 | box = 0.5043 | obj = 1.8210 | cls = 0.0738 | lr = 0.000608
epoch 014 | step 0680 | total = 4.1927 | box = 0.4917 | obj = 1.6762 | cls = 0.0580 | lr = 0.000608
epoch 014 | step 0700 | total = 4.9371 | box = 0.5488 | obj = 2.1256 | cls = 0.0673 | lr = 0.000608
epoch 014 | step 0720 | total = 4.2406 | box = 0.5036 | obj = 1.6554 | cls = 0.0672 | lr = 0.000608
epoch 014 | step 0740 | total = 4.4152 | box = 0.5077 | obj = 1.7961 | cls = 0.0807 | lr = 0.000608
epoch 014 | step 0760 | total = 4.1539 | box = 0.4675 | obj = 1.7589 | cls = 0.0576 | lr = 0.000608
epoch 014 | step 0780 | total = 4.5645 | box = 0.4693 | obj = 2.1495 | cls = 0.0687 | lr = 0.000608
epoch 014 | step 0800 | total = 4.7929 | box = 0.5551 | obj = 1.9444 | cls = 0.0728 | lr = 0.000608
epoch 014 | step 0820 | total = 4.5087 | box = 0.4876 | obj = 2.0056 | cls = 0.0650 | lr = 0.000608
epoch 014 | step 0840 | total = 4.6493 | box = 0.5235 | obj = 1.9749 | cls = 0.0569 | lr = 0.000608
epoch 014 | step 0860 | total = 4.8288 | box = 0.5468 | obj = 2.0251 | cls = 0.0697 | lr = 0.000608
epoch 014 | step 0880 | total = 4.5886 | box = 0.5258 | obj = 1.8993 | cls = 0.0603 | lr = 0.000608
epoch 014 | step 0900 | total = 4.3766 | box = 0.4459 | obj = 2.0807 | cls = 0.0665 | lr = 0.000608
epoch 014 | step 0920 | total = 4.4260 | box = 0.5072 | obj = 1.8060 | cls = 0.0840 | lr = 0.000608
[epoch 014 train] total = 4.3289 | box = 0.4770 | obj = 1.8755 | cls = 0.0685 | steps = 925 | global_batches = 7400 | samples = 118288 | time = 824.7s
[epoch 014 val] total = 4.7377 | box = 0.5114 | obj = 2.1032 | cls = 0.0775 | steps = 40 | global_batches = 320 | samples = 5000 | time = 24.0s
epoch 015 | step 0001 | total = 4.2997 | box = 0.4898 | obj = 1.7849 | cls = 0.0658 | lr = 0.000557
epoch 015 | step 0020 | total = 4.9220 | box = 0.5264 | obj = 2.2161 | cls = 0.0738 | lr = 0.000557
epoch 015 | step 0040 | total = 5.2821 | box = 0.5969 | obj = 2.2173 | cls = 0.0803 | lr = 0.000557
epoch 015 | step 0060 | total = 3.8633 | box = 0.4180 | obj = 1.7198 | cls = 0.0535 | lr = 0.000557
epoch 015 | step 0080 | total = 3.9635 | box = 0.4221 | obj = 1.8010 | cls = 0.0519 | lr = 0.000557
epoch 015 | step 0100 | total = 4.9875 | box = 0.5972 | obj = 1.9075 | cls = 0.0941 | lr = 0.000557
epoch 015 | step 0120 | total = 4.4439 | box = 0.4762 | obj = 1.9847 | cls = 0.0780 | lr = 0.000557
epoch 015 | step 0140 | total = 4.1494 | box = 0.4580 | obj = 1.8091 | cls = 0.0505 | lr = 0.000557
epoch 015 | step 0160 | total = 3.7945 | box = 0.4165 | obj = 1.6585 | cls = 0.0534 | lr = 0.000557
epoch 015 | step 0180 | total = 4.8849 | box = 0.5616 | obj = 1.9984 | cls = 0.0783 | lr = 0.000557
epoch 015 | step 0200 | total = 4.7046 | box = 0.5090 | obj = 2.0876 | cls = 0.0718 | lr = 0.000557
epoch 015 | step 0220 | total = 4.5956 | box = 0.5122 | obj = 1.9661 | cls = 0.0686 | lr = 0.000557
epoch 015 | step 0240 | total = 4.1428 | box = 0.4567 | obj = 1.8084 | cls = 0.0507 | lr = 0.000557
epoch 015 | step 0260 | total = 3.9232 | box = 0.4558 | obj = 1.5812 | cls = 0.0632 | lr = 0.000557
epoch 015 | step 0280 | total = 3.9362 | box = 0.3634 | obj = 2.0294 | cls = 0.0899 | lr = 0.000557
epoch 015 | step 0300 | total = 4.9822 | box = 0.5844 | obj = 1.9777 | cls = 0.0826 | lr = 0.000557
epoch 015 | step 0320 | total = 4.6150 | box = 0.5372 | obj = 1.8533 | cls = 0.0757 | lr = 0.000557
epoch 015 | step 0340 | total = 4.0911 | box = 0.4380 | obj = 1.8311 | cls = 0.0700 | lr = 0.000557
epoch 015 | step 0360 | total = 3.9762 | box = 0.4459 | obj = 1.6878 | cls = 0.0590 | lr = 0.000557
epoch 015 | step 0380 | total = 4.5700 | box = 0.4861 | obj = 2.0677 | cls = 0.0719 | lr = 0.000557
epoch 015 | step 0400 | total = 4.0236 | box = 0.4448 | obj = 1.7314 | cls = 0.0683 | lr = 0.000557
epoch 015 | step 0420 | total = 4.3545 | box = 0.4639 | obj = 1.9744 | cls = 0.0605 | lr = 0.000557
epoch 015 | step 0440 | total = 4.8537 | box = 0.5475 | obj = 2.0418 | cls = 0.0746 | lr = 0.000557
epoch 015 | step 0460 | total = 4.6660 | box = 0.5179 | obj = 2.0107 | cls = 0.0658 | lr = 0.000557
epoch 015 | step 0480 | total = 4.4776 | box = 0.4858 | obj = 1.9880 | cls = 0.0605 | lr = 0.000557
epoch 015 | step 0500 | total = 4.4456 | box = 0.4740 | obj = 2.0044 | cls = 0.0713 | lr = 0.000557
epoch 015 | step 0520 | total = 4.1755 | box = 0.4813 | obj = 1.7112 | cls = 0.0577 | lr = 0.000557
epoch 015 | step 0540 | total = 5.1090 | box = 0.5996 | obj = 2.0237 | cls = 0.0872 | lr = 0.000557
epoch 015 | step 0560 | total = 3.8265 | box = 0.4267 | obj = 1.6342 | cls = 0.0590 | lr = 0.000557
epoch 015 | step 0580 | total = 3.8571 | box = 0.4285 | obj = 1.6576 | cls = 0.0568 | lr = 0.000557
epoch 015 | step 0600 | total = 4.2591 | box = 0.4643 | obj = 1.8610 | cls = 0.0764 | lr = 0.000557
epoch 015 | step 0620 | total = 4.4778 | box = 0.4997 | obj = 1.8978 | cls = 0.0814 | lr = 0.000557
epoch 015 | step 0640 | total = 3.9533 | box = 0.4062 | obj = 1.8588 | cls = 0.0633 | lr = 0.000557
epoch 015 | step 0660 | total = 3.8730 | box = 0.4255 | obj = 1.6746 | cls = 0.0708 | lr = 0.000557
epoch 015 | step 0680 | total = 3.3967 | box = 0.3573 | obj = 1.5477 | cls = 0.0626 | lr = 0.000557
epoch 015 | step 0700 | total = 4.3140 | box = 0.4659 | obj = 1.9212 | cls = 0.0630 | lr = 0.000557
epoch 015 | step 0720 | total = 4.8160 | box = 0.5206 | obj = 2.1569 | cls = 0.0563 | lr = 0.000557
epoch 015 | step 0740 | total = 4.1732 | box = 0.4558 | obj = 1.8218 | cls = 0.0723 | lr = 0.000557
epoch 015 | step 0760 | total = 4.0805 | box = 0.4492 | obj = 1.7608 | cls = 0.0735 | lr = 0.000557
epoch 015 | step 0780 | total = 4.5979 | box = 0.5227 | obj = 1.9102 | cls = 0.0741 | lr = 0.000557
epoch 015 | step 0800 | total = 4.7080 | box = 0.5190 | obj = 2.0412 | cls = 0.0717 | lr = 0.000557
epoch 015 | step 0820 | total = 3.9897 | box = 0.4764 | obj = 1.5537 | cls = 0.0539 | lr = 0.000557
epoch 015 | step 0840 | total = 4.3021 | box = 0.4450 | obj = 1.9992 | cls = 0.0779 | lr = 0.000557
epoch 015 | step 0860 | total = 3.8767 | box = 0.4237 | obj = 1.6830 | cls = 0.0753 | lr = 0.000557
epoch 015 | step 0880 | total = 3.7724 | box = 0.4277 | obj = 1.5561 | cls = 0.0777 | lr = 0.000557
epoch 015 | step 0900 | total = 4.2076 | box = 0.4691 | obj = 1.8088 | cls = 0.0533 | lr = 0.000557
epoch 015 | step 0920 | total = 4.3801 | box = 0.4810 | obj = 1.9133 | cls = 0.0619 | lr = 0.000557
[epoch 015 train] total = 4.2347 | box = 0.4664 | obj = 1.8357 | cls = 0.0667 | steps = 925 | global_batches = 7400 | samples = 118288 | time = 825.2s
[epoch 015 val] total = 4.6447 | box = 0.5021 | obj = 2.0578 | cls = 0.0762 | steps = 40 | global_batches = 320 | samples = 5000 | time = 24.2s
epoch 016 | step 0001 | total = 4.1037 | box = 0.4699 | obj = 1.6853 | cls = 0.0691 | lr = 0.000505
epoch 016 | step 0020 | total = 3.8273 | box = 0.4038 | obj = 1.7498 | cls = 0.0585 | lr = 0.000505
epoch 016 | step 0040 | total = 4.7350 | box = 0.5428 | obj = 1.9560 | cls = 0.0651 | lr = 0.000505
epoch 016 | step 0060 | total = 3.7149 | box = 0.4207 | obj = 1.5467 | cls = 0.0646 | lr = 0.000505
epoch 016 | step 0080 | total = 4.3367 | box = 0.5562 | obj = 1.4951 | cls = 0.0604 | lr = 0.000505
epoch 016 | step 0100 | total = 3.6812 | box = 0.3981 | obj = 1.6378 | cls = 0.0527 | lr = 0.000505
epoch 016 | step 0120 | total = 4.1693 | box = 0.4512 | obj = 1.8404 | cls = 0.0730 | lr = 0.000505
epoch 016 | step 0140 | total = 4.3968 | box = 0.4936 | obj = 1.8808 | cls = 0.0482 | lr = 0.000505
epoch 016 | step 0160 | total = 4.3053 | box = 0.5158 | obj = 1.6651 | cls = 0.0613 | lr = 0.000505
epoch 016 | step 0180 | total = 4.0161 | box = 0.4297 | obj = 1.8004 | cls = 0.0674 | lr = 0.000505
epoch 016 | step 0200 | total = 4.1481 | box = 0.4556 | obj = 1.7969 | cls = 0.0730 | lr = 0.000505
epoch 016 | step 0220 | total = 4.1579 | box = 0.4712 | obj = 1.7361 | cls = 0.0658 | lr = 0.000505
epoch 016 | step 0240 | total = 4.1302 | box = 0.4782 | obj = 1.6930 | cls = 0.0464 | lr = 0.000505
epoch 016 | step 0260 | total = 3.5271 | box = 0.3886 | obj = 1.5202 | cls = 0.0640 | lr = 0.000505
epoch 016 | step 0280 | total = 4.2885 | box = 0.5190 | obj = 1.6367 | cls = 0.0566 | lr = 0.000505
epoch 016 | step 0300 | total = 3.8037 | box = 0.4068 | obj = 1.7150 | cls = 0.0549 | lr = 0.000505
epoch 016 | step 0320 | total = 3.8976 | box = 0.4366 | obj = 1.6498 | cls = 0.0646 | lr = 0.000505
epoch 016 | step 0340 | total = 4.1618 | box = 0.4523 | obj = 1.8429 | cls = 0.0574 | lr = 0.000505
epoch 016 | step 0360 | total = 4.2763 | box = 0.4897 | obj = 1.7832 | cls = 0.0448 | lr = 0.000505
epoch 016 | step 0380 | total = 3.9227 | box = 0.4158 | obj = 1.7744 | cls = 0.0695 | lr = 0.000505
epoch 016 | step 0400 | total = 3.9612 | box = 0.4088 | obj = 1.8376 | cls = 0.0796 | lr = 0.000505
epoch 016 | step 0420 | total = 4.5680 | box = 0.5320 | obj = 1.8406 | cls = 0.0674 | lr = 0.000505
epoch 016 | step 0440 | total = 4.1462 | box = 0.4448 | obj = 1.8645 | cls = 0.0577 | lr = 0.000505
epoch 016 | step 0460 | total = 4.3730 | box = 0.5101 | obj = 1.7563 | cls = 0.0662 | lr = 0.000505
epoch 016 | step 0480 | total = 4.3674 | box = 0.4838 | obj = 1.8815 | cls = 0.0671 | lr = 0.000505
epoch 016 | step 0500 | total = 4.4727 | box = 0.4896 | obj = 1.9576 | cls = 0.0672 | lr = 0.000505
epoch 016 | step 0520 | total = 3.5661 | box = 0.3740 | obj = 1.6319 | cls = 0.0642 | lr = 0.000505
epoch 016 | step 0540 | total = 4.9302 | box = 0.5499 | obj = 2.1185 | cls = 0.0623 | lr = 0.000505
epoch 016 | step 0560 | total = 4.3760 | box = 0.5147 | obj = 1.7439 | cls = 0.0586 | lr = 0.000505
epoch 016 | step 0580 | total = 3.8473 | box = 0.3970 | obj = 1.7798 | cls = 0.0826 | lr = 0.000505
epoch 016 | step 0600 | total = 3.7635 | box = 0.4201 | obj = 1.5993 | cls = 0.0636 | lr = 0.000505
epoch 016 | step 0620 | total = 4.2474 | box = 0.4668 | obj = 1.8673 | cls = 0.0463 | lr = 0.000505
epoch 016 | step 0640 | total = 4.0898 | box = 0.4567 | obj = 1.7569 | cls = 0.0492 | lr = 0.000505
epoch 016 | step 0660 | total = 3.7205 | box = 0.4105 | obj = 1.6066 | cls = 0.0612 | lr = 0.000505
epoch 016 | step 0680 | total = 3.9575 | box = 0.3995 | obj = 1.8876 | cls = 0.0723 | lr = 0.000505
epoch 016 | step 0700 | total = 4.0113 | box = 0.4087 | obj = 1.8994 | cls = 0.0683 | lr = 0.000505
epoch 016 | step 0720 | total = 4.2596 | box = 0.4545 | obj = 1.9195 | cls = 0.0674 | lr = 0.000505
epoch 016 | step 0740 | total = 3.9556 | box = 0.4373 | obj = 1.7081 | cls = 0.0608 | lr = 0.000505
epoch 016 | step 0760 | total = 4.4292 | box = 0.4949 | obj = 1.9007 | cls = 0.0540 | lr = 0.000505
epoch 016 | step 0780 | total = 5.2251 | box = 0.6162 | obj = 2.0794 | cls = 0.0649 | lr = 0.000505
epoch 016 | step 0800 | total = 4.1791 | box = 0.4324 | obj = 1.9500 | cls = 0.0669 | lr = 0.000505
epoch 016 | step 0820 | total = 3.6495 | box = 0.3991 | obj = 1.5925 | cls = 0.0616 | lr = 0.000505
epoch 016 | step 0840 | total = 3.7572 | box = 0.4204 | obj = 1.5939 | cls = 0.0611 | lr = 0.000505
epoch 016 | step 0860 | total = 3.9538 | box = 0.4448 | obj = 1.6723 | cls = 0.0576 | lr = 0.000505
epoch 016 | step 0880 | total = 4.6222 | box = 0.5513 | obj = 1.7919 | cls = 0.0739 | lr = 0.000505
epoch 016 | step 0900 | total = 3.8983 | box = 0.4152 | obj = 1.7676 | cls = 0.0544 | lr = 0.000505
epoch 016 | step 0920 | total = 4.4199 | box = 0.4730 | obj = 1.9876 | cls = 0.0672 | lr = 0.000505
[epoch 016 train] total = 4.1283 | box = 0.4554 | obj = 1.7867 | cls = 0.0649 | steps = 925 | global_batches = 7400 | samples = 118288 | time = 826.2s
[epoch 016 val] total = 4.5987 | box = 0.4996 | obj = 2.0256 | cls = 0.0752 | steps = 40 | global_batches = 320 | samples = 5000 | time = 23.5s
epoch 017 | step 0001 | total = 4.0364 | box = 0.4507 | obj = 1.7099 | cls = 0.0728 | lr = 0.000453
epoch 017 | step 0020 | total = 3.7411 | box = 0.4174 | obj = 1.6002 | cls = 0.0539 | lr = 0.000453
epoch 017 | step 0040 | total = 3.2697 | box = 0.3542 | obj = 1.4386 | cls = 0.0602 | lr = 0.000453
epoch 017 | step 0060 | total = 4.2846 | box = 0.4868 | obj = 1.7837 | cls = 0.0668 | lr = 0.000453
epoch 017 | step 0080 | total = 4.1038 | box = 0.4464 | obj = 1.8150 | cls = 0.0567 | lr = 0.000453
epoch 017 | step 0100 | total = 4.7741 | box = 0.5872 | obj = 1.7704 | cls = 0.0679 | lr = 0.000453
epoch 017 | step 0120 | total = 3.1064 | box = 0.3404 | obj = 1.3540 | cls = 0.0501 | lr = 0.000453
epoch 017 | step 0140 | total = 4.3374 | box = 0.4871 | obj = 1.8378 | cls = 0.0640 | lr = 0.000453
epoch 017 | step 0160 | total = 4.3926 | box = 0.4775 | obj = 1.9388 | cls = 0.0661 | lr = 0.000453
epoch 017 | step 0180 | total = 3.9026 | box = 0.4355 | obj = 1.6623 | cls = 0.0629 | lr = 0.000453
epoch 017 | step 0200 | total = 3.9261 | box = 0.4816 | obj = 1.4697 | cls = 0.0482 | lr = 0.000453
epoch 017 | step 0220 | total = 3.8828 | box = 0.4434 | obj = 1.5957 | cls = 0.0701 | lr = 0.000453
epoch 017 | step 0240 | total = 4.2344 | box = 0.4797 | obj = 1.7719 | cls = 0.0641 | lr = 0.000453
epoch 017 | step 0260 | total = 4.3952 | box = 0.5159 | obj = 1.7608 | cls = 0.0550 | lr = 0.000453
epoch 017 | step 0280 | total = 4.0310 | box = 0.4398 | obj = 1.7740 | cls = 0.0578 | lr = 0.000453
epoch 017 | step 0300 | total = 3.8366 | box = 0.4346 | obj = 1.6173 | cls = 0.0461 | lr = 0.000453
epoch 017 | step 0320 | total = 3.8538 | box = 0.3852 | obj = 1.8654 | cls = 0.0624 | lr = 0.000453
epoch 017 | step 0340 | total = 3.7156 | box = 0.4092 | obj = 1.6099 | cls = 0.0595 | lr = 0.000453
epoch 017 | step 0360 | total = 3.7962 | box = 0.4191 | obj = 1.6503 | cls = 0.0502 | lr = 0.000453
epoch 017 | step 0380 | total = 4.3497 | box = 0.4866 | obj = 1.8421 | cls = 0.0748 | lr = 0.000453
epoch 017 | step 0400 | total = 4.0587 | box = 0.4400 | obj = 1.7762 | cls = 0.0823 | lr = 0.000453
epoch 017 | step 0420 | total = 3.4946 | box = 0.3636 | obj = 1.6191 | cls = 0.0574 | lr = 0.000453
epoch 017 | step 0440 | total = 3.7798 | box = 0.3614 | obj = 1.8879 | cls = 0.0850 | lr = 0.000453
epoch 017 | step 0460 | total = 4.2188 | box = 0.5071 | obj = 1.6408 | cls = 0.0424 | lr = 0.000453
epoch 017 | step 0480 | total = 3.9314 | box = 0.4514 | obj = 1.6138 | cls = 0.0605 | lr = 0.000453
epoch 017 | step 0500 | total = 3.9550 | box = 0.4208 | obj = 1.7778 | cls = 0.0733 | lr = 0.000453
epoch 017 | step 0520 | total = 4.4156 | box = 0.5032 | obj = 1.8378 | cls = 0.0619 | lr = 0.000453
epoch 017 | step 0540 | total = 4.2111 | box = 0.4197 | obj = 2.0384 | cls = 0.0744 | lr = 0.000453
epoch 017 | step 0560 | total = 4.1149 | box = 0.4617 | obj = 1.7367 | cls = 0.0699 | lr = 0.000453
epoch 017 | step 0580 | total = 3.9014 | box = 0.4538 | obj = 1.5700 | cls = 0.0623 | lr = 0.000453
epoch 017 | step 0600 | total = 4.0026 | box = 0.4758 | obj = 1.5713 | cls = 0.0522 | lr = 0.000453
epoch 017 | step 0620 | total = 4.1557 | box = 0.4643 | obj = 1.7594 | cls = 0.0749 | lr = 0.000453
epoch 017 | step 0640 | total = 4.0215 | box = 0.4475 | obj = 1.7343 | cls = 0.0498 | lr = 0.000453
epoch 017 | step 0660 | total = 4.1685 | box = 0.4464 | obj = 1.8795 | cls = 0.0571 | lr = 0.000453
epoch 017 | step 0680 | total = 3.8364 | box = 0.3834 | obj = 1.8447 | cls = 0.0747 | lr = 0.000453
epoch 017 | step 0700 | total = 3.9574 | box = 0.4387 | obj = 1.6944 | cls = 0.0693 | lr = 0.000453
epoch 017 | step 0720 | total = 3.7032 | box = 0.4270 | obj = 1.5095 | cls = 0.0589 | lr = 0.000453
epoch 017 | step 0740 | total = 4.3090 | box = 0.5013 | obj = 1.7513 | cls = 0.0514 | lr = 0.000453
epoch 017 | step 0760 | total = 4.2742 | box = 0.4589 | obj = 1.9007 | cls = 0.0792 | lr = 0.000453
epoch 017 | step 0780 | total = 3.7553 | box = 0.4150 | obj = 1.6110 | cls = 0.0693 | lr = 0.000453
epoch 017 | step 0800 | total = 4.0572 | box = 0.4502 | obj = 1.7454 | cls = 0.0609 | lr = 0.000453
epoch 017 | step 0820 | total = 3.5871 | box = 0.3923 | obj = 1.5812 | cls = 0.0442 | lr = 0.000453
epoch 017 | step 0840 | total = 3.8895 | box = 0.4373 | obj = 1.6444 | cls = 0.0587 | lr = 0.000453
epoch 017 | step 0860 | total = 3.9004 | box = 0.4317 | obj = 1.6893 | cls = 0.0525 | lr = 0.000453
epoch 017 | step 0880 | total = 4.1591 | box = 0.4404 | obj = 1.8919 | cls = 0.0652 | lr = 0.000453
epoch 017 | step 0900 | total = 3.5778 | box = 0.3890 | obj = 1.5772 | cls = 0.0559 | lr = 0.000453
epoch 017 | step 0920 | total = 4.3183 | box = 0.4000 | obj = 2.2624 | cls = 0.0557 | lr = 0.000453
[epoch 017 train] total = 4.0193 | box = 0.4440 | obj = 1.7360 | cls = 0.0632 | steps = 925 | global_batches = 7400 | samples = 118288 | time = 826.1s
[epoch 017 val] total = 4.5577 | box = 0.4920 | obj = 2.0252 | cls = 0.0723 | steps = 40 | global_batches = 320 | samples = 5000 | time = 24.5s
epoch 018 | step 0001 | total = 3.7027 | box = 0.3811 | obj = 1.7335 | cls = 0.0635 | lr = 0.000402
epoch 018 | step 0020 | total = 3.7948 | box = 0.3874 | obj = 1.7848 | cls = 0.0732 | lr = 0.000402
epoch 018 | step 0040 | total = 4.2027 | box = 0.5046 | obj = 1.6202 | cls = 0.0596 | lr = 0.000402
epoch 018 | step 0060 | total = 4.0950 | box = 0.3931 | obj = 2.0580 | cls = 0.0717 | lr = 0.000402
epoch 018 | step 0080 | total = 3.7548 | box = 0.4112 | obj = 1.6334 | cls = 0.0654 | lr = 0.000402
epoch 018 | step 0100 | total = 4.5460 | box = 0.5316 | obj = 1.8242 | cls = 0.0640 | lr = 0.000402
epoch 018 | step 0120 | total = 3.6223 | box = 0.4166 | obj = 1.4695 | cls = 0.0697 | lr = 0.000402
epoch 018 | step 0140 | total = 3.9406 | box = 0.4486 | obj = 1.6473 | cls = 0.0505 | lr = 0.000402
epoch 018 | step 0160 | total = 4.4306 | box = 0.4577 | obj = 2.0727 | cls = 0.0694 | lr = 0.000402
epoch 018 | step 0180 | total = 3.9392 | box = 0.4517 | obj = 1.6060 | cls = 0.0748 | lr = 0.000402
epoch 018 | step 0200 | total = 3.4308 | box = 0.3559 | obj = 1.5878 | cls = 0.0632 | lr = 0.000402
epoch 018 | step 0220 | total = 4.0117 | box = 0.4642 | obj = 1.6306 | cls = 0.0598 | lr = 0.000402
epoch 018 | step 0240 | total = 3.5418 | box = 0.3710 | obj = 1.6186 | cls = 0.0682 | lr = 0.000402
epoch 018 | step 0260 | total = 4.0995 | box = 0.4584 | obj = 1.7471 | cls = 0.0605 | lr = 0.000402
epoch 018 | step 0280 | total = 3.6625 | box = 0.4113 | obj = 1.5504 | cls = 0.0556 | lr = 0.000402
epoch 018 | step 0300 | total = 3.9847 | box = 0.4151 | obj = 1.8515 | cls = 0.0578 | lr = 0.000402
epoch 018 | step 0320 | total = 3.7485 | box = 0.4177 | obj = 1.6116 | cls = 0.0486 | lr = 0.000402
epoch 018 | step 0340 | total = 4.1208 | box = 0.4626 | obj = 1.7322 | cls = 0.0758 | lr = 0.000402
epoch 018 | step 0360 | total = 3.8626 | box = 0.4262 | obj = 1.6777 | cls = 0.0540 | lr = 0.000402
epoch 018 | step 0380 | total = 4.1177 | box = 0.4264 | obj = 1.9127 | cls = 0.0732 | lr = 0.000402
epoch 018 | step 0400 | total = 3.5160 | box = 0.3877 | obj = 1.5207 | cls = 0.0570 | lr = 0.000402
epoch 018 | step 0420 | total = 4.2972 | box = 0.4884 | obj = 1.7978 | cls = 0.0574 | lr = 0.000402
epoch 018 | step 0440 | total = 3.6973 | box = 0.3946 | obj = 1.6614 | cls = 0.0628 | lr = 0.000402
epoch 018 | step 0460 | total = 4.3504 | box = 0.4766 | obj = 1.8993 | cls = 0.0679 | lr = 0.000402
epoch 018 | step 0480 | total = 3.7992 | box = 0.4440 | obj = 1.5147 | cls = 0.0646 | lr = 0.000402
epoch 018 | step 0500 | total = 3.7382 | box = 0.4251 | obj = 1.5589 | cls = 0.0540 | lr = 0.000402
epoch 018 | step 0520 | total = 4.0964 | box = 0.4657 | obj = 1.6939 | cls = 0.0738 | lr = 0.000402
epoch 018 | step 0540 | total = 3.7997 | box = 0.4292 | obj = 1.5948 | cls = 0.0589 | lr = 0.000402
epoch 018 | step 0560 | total = 3.9144 | box = 0.4484 | obj = 1.6023 | cls = 0.0701 | lr = 0.000402
epoch 018 | step 0580 | total = 3.5144 | box = 0.3881 | obj = 1.5080 | cls = 0.0661 | lr = 0.000402
epoch 018 | step 0600 | total = 3.4897 | box = 0.3461 | obj = 1.7053 | cls = 0.0539 | lr = 0.000402
epoch 018 | step 0620 | total = 4.0294 | box = 0.4586 | obj = 1.6728 | cls = 0.0635 | lr = 0.000402
epoch 018 | step 0640 | total = 3.7446 | box = 0.4160 | obj = 1.6104 | cls = 0.0544 | lr = 0.000402
epoch 018 | step 0660 | total = 4.0385 | box = 0.4881 | obj = 1.5417 | cls = 0.0562 | lr = 0.000402
epoch 018 | step 0680 | total = 4.0146 | box = 0.4586 | obj = 1.6578 | cls = 0.0636 | lr = 0.000402
epoch 018 | step 0700 | total = 3.7268 | box = 0.4230 | obj = 1.5500 | cls = 0.0619 | lr = 0.000402
epoch 018 | step 0720 | total = 3.8213 | box = 0.4366 | obj = 1.5969 | cls = 0.0414 | lr = 0.000402
epoch 018 | step 0740 | total = 4.6404 | box = 0.5562 | obj = 1.7859 | cls = 0.0736 | lr = 0.000402
epoch 018 | step 0760 | total = 4.3388 | box = 0.4554 | obj = 1.9888 | cls = 0.0729 | lr = 0.000402
epoch 018 | step 0780 | total = 4.2959 | box = 0.4383 | obj = 2.0535 | cls = 0.0510 | lr = 0.000402
epoch 018 | step 0800 | total = 3.5401 | box = 0.3706 | obj = 1.6188 | cls = 0.0685 | lr = 0.000402
epoch 018 | step 0820 | total = 3.7746 | box = 0.3716 | obj = 1.8464 | cls = 0.0705 | lr = 0.000402
epoch 018 | step 0840 | total = 3.2169 | box = 0.3325 | obj = 1.4822 | cls = 0.0721 | lr = 0.000402
epoch 018 | step 0860 | total = 4.1337 | box = 0.4323 | obj = 1.9087 | cls = 0.0633 | lr = 0.000402
epoch 018 | step 0880 | total = 3.9180 | box = 0.4374 | obj = 1.6862 | cls = 0.0450 | lr = 0.000402
epoch 018 | step 0900 | total = 4.1105 | box = 0.4456 | obj = 1.8157 | cls = 0.0668 | lr = 0.000402
epoch 018 | step 0920 | total = 3.5673 | box = 0.3833 | obj = 1.5869 | cls = 0.0637 | lr = 0.000402
[epoch 018 train] total = 3.9200 | box = 0.4341 | obj = 1.6878 | cls = 0.0617 | steps = 925 | global_batches = 7400 | samples = 118288 | time = 826.2s
[epoch 018 val] total = 4.5452 | box = 0.4886 | obj = 2.0307 | cls = 0.0716 | steps = 40 | global_batches = 320 | samples = 5000 | time = 23.9s
epoch 019 | step 0001 | total = 3.4435 | box = 0.3868 | obj = 1.4631 | cls = 0.0463 | lr = 0.000352
epoch 019 | step 0020 | total = 3.9853 | box = 0.4736 | obj = 1.5668 | cls = 0.0503 | lr = 0.000352
epoch 019 | step 0040 | total = 3.7348 | box = 0.4312 | obj = 1.5143 | cls = 0.0643 | lr = 0.000352
epoch 019 | step 0060 | total = 3.4924 | box = 0.3930 | obj = 1.4720 | cls = 0.0552 | lr = 0.000352
epoch 019 | step 0080 | total = 4.2270 | box = 0.4691 | obj = 1.8321 | cls = 0.0496 | lr = 0.000352
epoch 019 | step 0100 | total = 3.2682 | box = 0.3499 | obj = 1.4623 | cls = 0.0565 | lr = 0.000352
epoch 019 | step 0120 | total = 3.6628 | box = 0.4084 | obj = 1.5681 | cls = 0.0525 | lr = 0.000352
epoch 019 | step 0140 | total = 3.7151 | box = 0.4185 | obj = 1.5676 | cls = 0.0550 | lr = 0.000352
epoch 019 | step 0160 | total = 3.4147 | box = 0.3973 | obj = 1.3799 | cls = 0.0484 | lr = 0.000352
epoch 019 | step 0180 | total = 3.8534 | box = 0.4290 | obj = 1.6468 | cls = 0.0617 | lr = 0.000352
epoch 019 | step 0200 | total = 3.9555 | box = 0.4883 | obj = 1.4635 | cls = 0.0506 | lr = 0.000352
epoch 019 | step 0220 | total = 3.7942 | box = 0.4208 | obj = 1.6345 | cls = 0.0557 | lr = 0.000352
epoch 019 | step 0240 | total = 3.7110 | box = 0.4075 | obj = 1.6034 | cls = 0.0698 | lr = 0.000352
epoch 019 | step 0260 | total = 3.7161 | box = 0.3937 | obj = 1.6867 | cls = 0.0607 | lr = 0.000352
epoch 019 | step 0280 | total = 3.6463 | box = 0.4355 | obj = 1.4029 | cls = 0.0660 | lr = 0.000352
epoch 019 | step 0300 | total = 3.8665 | box = 0.3825 | obj = 1.8885 | cls = 0.0657 | lr = 0.000352
epoch 019 | step 0320 | total = 4.1632 | box = 0.5036 | obj = 1.5818 | cls = 0.0636 | lr = 0.000352
epoch 019 | step 0340 | total = 3.8990 | box = 0.4197 | obj = 1.7459 | cls = 0.0549 | lr = 0.000352
epoch 019 | step 0360 | total = 4.4821 | box = 0.4835 | obj = 2.0052 | cls = 0.0593 | lr = 0.000352
epoch 019 | step 0380 | total = 3.8346 | box = 0.4250 | obj = 1.6363 | cls = 0.0734 | lr = 0.000352
epoch 019 | step 0400 | total = 4.1076 | box = 0.4487 | obj = 1.7940 | cls = 0.0700 | lr = 0.000352
epoch 019 | step 0420 | total = 3.4933 | box = 0.3772 | obj = 1.5387 | cls = 0.0686 | lr = 0.000352
epoch 019 | step 0440 | total = 3.3589 | box = 0.3575 | obj = 1.5151 | cls = 0.0565 | lr = 0.000352
epoch 019 | step 0460 | total = 3.1932 | box = 0.3258 | obj = 1.4998 | cls = 0.0641 | lr = 0.000352
epoch 019 | step 0480 | total = 4.3858 | box = 0.5144 | obj = 1.7619 | cls = 0.0518 | lr = 0.000352
epoch 019 | step 0500 | total = 3.5154 | box = 0.3769 | obj = 1.5779 | cls = 0.0529 | lr = 0.000352
epoch 019 | step 0520 | total = 4.2230 | box = 0.4807 | obj = 1.7622 | cls = 0.0572 | lr = 0.000352
epoch 019 | step 0540 | total = 3.9577 | box = 0.4528 | obj = 1.6417 | cls = 0.0518 | lr = 0.000352
epoch 019 | step 0560 | total = 3.9105 | box = 0.4316 | obj = 1.7022 | cls = 0.0504 | lr = 0.000352
epoch 019 | step 0580 | total = 3.4961 | box = 0.3624 | obj = 1.6415 | cls = 0.0423 | lr = 0.000352
epoch 019 | step 0600 | total = 3.9428 | box = 0.4305 | obj = 1.7202 | cls = 0.0698 | lr = 0.000352
epoch 019 | step 0620 | total = 3.9516 | box = 0.4192 | obj = 1.7859 | cls = 0.0696 | lr = 0.000352
epoch 019 | step 0640 | total = 3.4067 | box = 0.3743 | obj = 1.4848 | cls = 0.0504 | lr = 0.000352
epoch 019 | step 0660 | total = 3.6868 | box = 0.4005 | obj = 1.5970 | cls = 0.0874 | lr = 0.000352
epoch 019 | step 0680 | total = 3.5874 | box = 0.3778 | obj = 1.6319 | cls = 0.0666 | lr = 0.000352
epoch 019 | step 0700 | total = 3.8640 | box = 0.4408 | obj = 1.6036 | cls = 0.0563 | lr = 0.000352
epoch 019 | step 0720 | total = 3.5299 | box = 0.3821 | obj = 1.5539 | cls = 0.0654 | lr = 0.000352
epoch 019 | step 0740 | total = 3.4440 | box = 0.3594 | obj = 1.5858 | cls = 0.0610 | lr = 0.000352
epoch 019 | step 0760 | total = 3.6689 | box = 0.3655 | obj = 1.7702 | cls = 0.0712 | lr = 0.000352
epoch 019 | step 0780 | total = 3.9735 | box = 0.4587 | obj = 1.6263 | cls = 0.0537 | lr = 0.000352
epoch 019 | step 0800 | total = 3.7028 | box = 0.4091 | obj = 1.6035 | cls = 0.0538 | lr = 0.000352
epoch 019 | step 0820 | total = 3.9621 | box = 0.4291 | obj = 1.7595 | cls = 0.0571 | lr = 0.000352
epoch 019 | step 0840 | total = 3.8610 | box = 0.4233 | obj = 1.6635 | cls = 0.0812 | lr = 0.000352
epoch 019 | step 0860 | total = 3.8518 | box = 0.4499 | obj = 1.5453 | cls = 0.0568 | lr = 0.000352
epoch 019 | step 0880 | total = 4.6976 | box = 0.5650 | obj = 1.8043 | cls = 0.0684 | lr = 0.000352
epoch 019 | step 0900 | total = 3.9175 | box = 0.3952 | obj = 1.8770 | cls = 0.0642 | lr = 0.000352
epoch 019 | step 0920 | total = 4.1819 | box = 0.4390 | obj = 1.9170 | cls = 0.0700 | lr = 0.000352
[epoch 019 train] total = 3.8211 | box = 0.4240 | obj = 1.6411 | cls = 0.0602 | steps = 925 | global_batches = 7400 | samples = 118288 | time = 825.8s
[epoch 019 val] total = 4.4909 | box = 0.4814 | obj = 2.0131 | cls = 0.0710 | steps = 40 | global_batches = 320 | samples = 5000 | time = 23.9s
epoch 020 | step 0001 | total = 3.4250 | box = 0.3831 | obj = 1.4507 | cls = 0.0587 | lr = 0.000304
epoch 020 | step 0020 | total = 4.0018 | box = 0.4661 | obj = 1.6123 | cls = 0.0592 | lr = 0.000304
epoch 020 | step 0040 | total = 4.2076 | box = 0.5354 | obj = 1.4853 | cls = 0.0450 | lr = 0.000304
epoch 020 | step 0060 | total = 3.6672 | box = 0.4081 | obj = 1.5704 | cls = 0.0565 | lr = 0.000304
epoch 020 | step 0080 | total = 3.6449 | box = 0.4207 | obj = 1.4970 | cls = 0.0445 | lr = 0.000304
epoch 020 | step 0100 | total = 3.6311 | box = 0.3975 | obj = 1.5859 | cls = 0.0579 | lr = 0.000304
epoch 020 | step 0120 | total = 4.0770 | box = 0.4641 | obj = 1.6804 | cls = 0.0761 | lr = 0.000304
epoch 020 | step 0140 | total = 3.7499 | box = 0.4221 | obj = 1.5795 | cls = 0.0597 | lr = 0.000304
epoch 020 | step 0160 | total = 3.9200 | box = 0.4728 | obj = 1.4946 | cls = 0.0613 | lr = 0.000304
epoch 020 | step 0180 | total = 3.9560 | box = 0.4706 | obj = 1.5478 | cls = 0.0552 | lr = 0.000304
epoch 020 | step 0200 | total = 3.0249 | box = 0.3328 | obj = 1.3023 | cls = 0.0586 | lr = 0.000304
epoch 020 | step 0220 | total = 3.6684 | box = 0.4059 | obj = 1.5840 | cls = 0.0550 | lr = 0.000304
epoch 020 | step 0240 | total = 3.5554 | box = 0.4006 | obj = 1.4915 | cls = 0.0609 | lr = 0.000304
epoch 020 | step 0260 | total = 3.5941 | box = 0.4223 | obj = 1.4255 | cls = 0.0573 | lr = 0.000304
epoch 020 | step 0280 | total = 4.0227 | box = 0.4460 | obj = 1.7359 | cls = 0.0571 | lr = 0.000304
epoch 020 | step 0300 | total = 3.6089 | box = 0.3920 | obj = 1.5957 | cls = 0.0533 | lr = 0.000304
epoch 020 | step 0320 | total = 3.4616 | box = 0.3782 | obj = 1.4942 | cls = 0.0763 | lr = 0.000304
epoch 020 | step 0340 | total = 3.7029 | box = 0.3693 | obj = 1.8011 | cls = 0.0556 | lr = 0.000304
epoch 020 | step 0360 | total = 3.5132 | box = 0.3637 | obj = 1.6148 | cls = 0.0798 | lr = 0.000304
epoch 020 | step 0380 | total = 3.9004 | box = 0.4576 | obj = 1.5383 | cls = 0.0743 | lr = 0.000304
epoch 020 | step 0400 | total = 3.5743 | box = 0.3941 | obj = 1.5502 | cls = 0.0534 | lr = 0.000304
epoch 020 | step 0420 | total = 3.9146 | box = 0.4675 | obj = 1.5291 | cls = 0.0481 | lr = 0.000304
epoch 020 | step 0440 | total = 3.6955 | box = 0.3769 | obj = 1.7403 | cls = 0.0707 | lr = 0.000304
epoch 020 | step 0460 | total = 3.6825 | box = 0.3867 | obj = 1.6763 | cls = 0.0729 | lr = 0.000304
epoch 020 | step 0480 | total = 3.7046 | box = 0.4254 | obj = 1.5329 | cls = 0.0444 | lr = 0.000304
epoch 020 | step 0500 | total = 3.2014 | box = 0.3514 | obj = 1.4005 | cls = 0.0437 | lr = 0.000304
epoch 020 | step 0520 | total = 3.9337 | box = 0.4466 | obj = 1.6439 | cls = 0.0569 | lr = 0.000304
epoch 020 | step 0540 | total = 3.8485 | box = 0.4374 | obj = 1.6114 | cls = 0.0499 | lr = 0.000304
epoch 020 | step 0560 | total = 3.6186 | box = 0.3792 | obj = 1.6634 | cls = 0.0594 | lr = 0.000304
epoch 020 | step 0580 | total = 3.3587 | box = 0.3647 | obj = 1.4663 | cls = 0.0691 | lr = 0.000304
epoch 020 | step 0600 | total = 4.3252 | box = 0.4715 | obj = 1.8970 | cls = 0.0708 | lr = 0.000304
epoch 020 | step 0620 | total = 4.0533 | box = 0.4736 | obj = 1.6250 | cls = 0.0602 | lr = 0.000304
epoch 020 | step 0640 | total = 3.6503 | box = 0.4233 | obj = 1.4802 | cls = 0.0535 | lr = 0.000304
epoch 020 | step 0660 | total = 4.0718 | box = 0.4706 | obj = 1.6723 | cls = 0.0463 | lr = 0.000304
epoch 020 | step 0680 | total = 4.1405 | box = 0.4873 | obj = 1.6561 | cls = 0.0478 | lr = 0.000304
epoch 020 | step 0700 | total = 3.3747 | box = 0.3696 | obj = 1.4621 | cls = 0.0648 | lr = 0.000304
epoch 020 | step 0720 | total = 3.2600 | box = 0.3351 | obj = 1.5075 | cls = 0.0770 | lr = 0.000304
epoch 020 | step 0740 | total = 3.9433 | box = 0.4660 | obj = 1.5534 | cls = 0.0601 | lr = 0.000304
epoch 020 | step 0760 | total = 3.5690 | box = 0.3835 | obj = 1.5971 | cls = 0.0543 | lr = 0.000304
epoch 020 | step 0780 | total = 3.9905 | box = 0.4386 | obj = 1.7317 | cls = 0.0658 | lr = 0.000304
epoch 020 | step 0800 | total = 3.8276 | box = 0.4234 | obj = 1.6477 | cls = 0.0631 | lr = 0.000304
epoch 020 | step 0820 | total = 3.8929 | box = 0.4392 | obj = 1.6257 | cls = 0.0714 | lr = 0.000304
epoch 020 | step 0840 | total = 4.2076 | box = 0.4581 | obj = 1.8729 | cls = 0.0441 | lr = 0.000304
epoch 020 | step 0860 | total = 4.0410 | box = 0.4693 | obj = 1.6397 | cls = 0.0548 | lr = 0.000304
epoch 020 | step 0880 | total = 4.4292 | box = 0.4696 | obj = 2.0104 | cls = 0.0707 | lr = 0.000304
epoch 020 | step 0900 | total = 3.5984 | box = 0.4178 | obj = 1.4491 | cls = 0.0604 | lr = 0.000304
epoch 020 | step 0920 | total = 3.8846 | box = 0.4358 | obj = 1.6555 | cls = 0.0500 | lr = 0.000304
[epoch 020 train] total = 3.7233 | box = 0.4144 | obj = 1.5928 | cls = 0.0587 | steps = 925 | global_batches = 7400 | samples = 118288 | time = 823.4s
[epoch 020 val] total = 4.5068 | box = 0.4791 | obj = 2.0397 | cls = 0.0714 | steps = 40 | global_batches = 320 | samples = 5000 | time = 24.0s
epoch 021 | step 0001 | total = 3.7848 | box = 0.4184 | obj = 1.6426 | cls = 0.0502 | lr = 0.000258
epoch 021 | step 0020 | total = 3.8923 | box = 0.4706 | obj = 1.4890 | cls = 0.0505 | lr = 0.000258
epoch 021 | step 0040 | total = 3.3466 | box = 0.3789 | obj = 1.3976 | cls = 0.0545 | lr = 0.000258
epoch 021 | step 0060 | total = 3.0308 | box = 0.3113 | obj = 1.4151 | cls = 0.0591 | lr = 0.000258
epoch 021 | step 0080 | total = 3.9871 | box = 0.4358 | obj = 1.7557 | cls = 0.0524 | lr = 0.000258
epoch 021 | step 0100 | total = 3.6276 | box = 0.4222 | obj = 1.4593 | cls = 0.0573 | lr = 0.000258
epoch 021 | step 0120 | total = 3.4758 | box = 0.3862 | obj = 1.4883 | cls = 0.0566 | lr = 0.000258
epoch 021 | step 0140 | total = 3.7442 | box = 0.4110 | obj = 1.6359 | cls = 0.0535 | lr = 0.000258
epoch 021 | step 0160 | total = 3.4891 | box = 0.4050 | obj = 1.4112 | cls = 0.0529 | lr = 0.000258
epoch 021 | step 0180 | total = 3.4198 | box = 0.3704 | obj = 1.5173 | cls = 0.0505 | lr = 0.000258
epoch 021 | step 0200 | total = 3.5806 | box = 0.4189 | obj = 1.4194 | cls = 0.0669 | lr = 0.000258
epoch 021 | step 0220 | total = 3.9126 | box = 0.4262 | obj = 1.7314 | cls = 0.0502 | lr = 0.000258
epoch 021 | step 0240 | total = 4.2270 | box = 0.4492 | obj = 1.9124 | cls = 0.0686 | lr = 0.000258
epoch 021 | step 0260 | total = 3.4092 | box = 0.3713 | obj = 1.5024 | cls = 0.0501 | lr = 0.000258
epoch 021 | step 0280 | total = 3.0643 | box = 0.3247 | obj = 1.3835 | cls = 0.0574 | lr = 0.000258
epoch 021 | step 0300 | total = 3.4030 | box = 0.3682 | obj = 1.4993 | cls = 0.0628 | lr = 0.000258
epoch 021 | step 0320 | total = 3.6720 | box = 0.4171 | obj = 1.5463 | cls = 0.0403 | lr = 0.000258
epoch 021 | step 0340 | total = 3.4496 | box = 0.3748 | obj = 1.5191 | cls = 0.0566 | lr = 0.000258
epoch 021 | step 0360 | total = 3.6514 | box = 0.4250 | obj = 1.4637 | cls = 0.0626 | lr = 0.000258
epoch 021 | step 0380 | total = 3.6330 | box = 0.3999 | obj = 1.5840 | cls = 0.0496 | lr = 0.000258
epoch 021 | step 0400 | total = 3.4683 | box = 0.3882 | obj = 1.4781 | cls = 0.0491 | lr = 0.000258
epoch 021 | step 0420 | total = 3.5230 | box = 0.4048 | obj = 1.4344 | cls = 0.0645 | lr = 0.000258
epoch 021 | step 0440 | total = 3.5339 | box = 0.3773 | obj = 1.5833 | cls = 0.0640 | lr = 0.000258
epoch 021 | step 0460 | total = 3.9587 | box = 0.4833 | obj = 1.4840 | cls = 0.0581 | lr = 0.000258
epoch 021 | step 0480 | total = 3.9400 | box = 0.4452 | obj = 1.6470 | cls = 0.0667 | lr = 0.000258
epoch 021 | step 0500 | total = 3.5820 | box = 0.3999 | obj = 1.5344 | cls = 0.0480 | lr = 0.000258
epoch 021 | step 0520 | total = 3.9028 | box = 0.4579 | obj = 1.5567 | cls = 0.0564 | lr = 0.000258
epoch 021 | step 0540 | total = 3.8767 | box = 0.4263 | obj = 1.6945 | cls = 0.0507 | lr = 0.000258
epoch 021 | step 0560 | total = 3.5010 | box = 0.3845 | obj = 1.5228 | cls = 0.0559 | lr = 0.000258
epoch 021 | step 0580 | total = 3.5840 | box = 0.4066 | obj = 1.4962 | cls = 0.0549 | lr = 0.000258
epoch 021 | step 0600 | total = 3.1981 | box = 0.3341 | obj = 1.4686 | cls = 0.0592 | lr = 0.000258
epoch 021 | step 0620 | total = 3.1854 | box = 0.3335 | obj = 1.4669 | cls = 0.0508 | lr = 0.000258
epoch 021 | step 0640 | total = 3.5873 | box = 0.4095 | obj = 1.4864 | cls = 0.0533 | lr = 0.000258
epoch 021 | step 0660 | total = 3.1806 | box = 0.3298 | obj = 1.4632 | cls = 0.0685 | lr = 0.000258
epoch 021 | step 0680 | total = 3.4547 | box = 0.3618 | obj = 1.5702 | cls = 0.0756 | lr = 0.000258
epoch 021 | step 0700 | total = 4.0111 | box = 0.4713 | obj = 1.5996 | cls = 0.0552 | lr = 0.000258
epoch 021 | step 0720 | total = 3.8840 | box = 0.4180 | obj = 1.7419 | cls = 0.0520 | lr = 0.000258
epoch 021 | step 0740 | total = 3.7685 | box = 0.4221 | obj = 1.5909 | cls = 0.0672 | lr = 0.000258
epoch 021 | step 0760 | total = 3.7693 | box = 0.4344 | obj = 1.5374 | cls = 0.0601 | lr = 0.000258
epoch 021 | step 0780 | total = 3.8006 | box = 0.4130 | obj = 1.6765 | cls = 0.0593 | lr = 0.000258
epoch 021 | step 0800 | total = 4.0731 | box = 0.4699 | obj = 1.6640 | cls = 0.0598 | lr = 0.000258
epoch 021 | step 0820 | total = 3.5063 | box = 0.3984 | obj = 1.4494 | cls = 0.0648 | lr = 0.000258
epoch 021 | step 0840 | total = 2.8296 | box = 0.3166 | obj = 1.2072 | cls = 0.0395 | lr = 0.000258
epoch 021 | step 0860 | total = 3.1266 | box = 0.3392 | obj = 1.3868 | cls = 0.0438 | lr = 0.000258
epoch 021 | step 0880 | total = 3.6043 | box = 0.4070 | obj = 1.4986 | cls = 0.0708 | lr = 0.000258
epoch 021 | step 0900 | total = 3.5476 | box = 0.4032 | obj = 1.4768 | cls = 0.0549 | lr = 0.000258
epoch 021 | step 0920 | total = 3.7762 | box = 0.4288 | obj = 1.5843 | cls = 0.0478 | lr = 0.000258
[epoch 021 train] total = 3.6266 | box = 0.4048 | obj = 1.5451 | cls = 0.0574 | steps = 925 | global_batches = 7400 | samples = 118288 | time = 826.2s
[epoch 021 val] total = 4.4854 | box = 0.4761 | obj = 2.0338 | cls = 0.0711 | steps = 40 | global_batches = 320 | samples = 5000 | time = 24.1s
epoch 022 | step 0001 | total = 3.5595 | box = 0.4024 | obj = 1.4965 | cls = 0.0509 | lr = 0.000214
epoch 022 | step 0020 | total = 3.0978 | box = 0.3445 | obj = 1.3197 | cls = 0.0557 | lr = 0.000214
epoch 022 | step 0040 | total = 3.8533 | box = 0.4159 | obj = 1.7239 | cls = 0.0500 | lr = 0.000214
epoch 022 | step 0060 | total = 2.9123 | box = 0.3231 | obj = 1.2583 | cls = 0.0386 | lr = 0.000214
epoch 022 | step 0080 | total = 3.0906 | box = 0.3153 | obj = 1.4501 | cls = 0.0641 | lr = 0.000214
epoch 022 | step 0100 | total = 3.3330 | box = 0.3722 | obj = 1.4205 | cls = 0.0516 | lr = 0.000214
epoch 022 | step 0120 | total = 3.3751 | box = 0.3796 | obj = 1.4113 | cls = 0.0657 | lr = 0.000214
epoch 022 | step 0140 | total = 3.4825 | box = 0.4014 | obj = 1.4135 | cls = 0.0618 | lr = 0.000214
epoch 022 | step 0160 | total = 3.8430 | box = 0.4510 | obj = 1.5386 | cls = 0.0493 | lr = 0.000214
epoch 022 | step 0180 | total = 4.0961 | box = 0.5004 | obj = 1.5319 | cls = 0.0623 | lr = 0.000214
epoch 022 | step 0200 | total = 3.3924 | box = 0.3981 | obj = 1.3470 | cls = 0.0551 | lr = 0.000214
epoch 022 | step 0220 | total = 3.6390 | box = 0.4147 | obj = 1.5193 | cls = 0.0461 | lr = 0.000214
epoch 022 | step 0240 | total = 3.4329 | box = 0.3792 | obj = 1.4845 | cls = 0.0527 | lr = 0.000214
epoch 022 | step 0260 | total = 3.4407 | box = 0.4054 | obj = 1.3693 | cls = 0.0443 | lr = 0.000214
epoch 022 | step 0280 | total = 3.3262 | box = 0.3664 | obj = 1.4456 | cls = 0.0489 | lr = 0.000214
epoch 022 | step 0300 | total = 3.6979 | box = 0.4100 | obj = 1.5870 | cls = 0.0611 | lr = 0.000214
epoch 022 | step 0320 | total = 3.3901 | box = 0.3693 | obj = 1.4893 | cls = 0.0542 | lr = 0.000214
epoch 022 | step 0340 | total = 3.5561 | box = 0.3759 | obj = 1.6055 | cls = 0.0708 | lr = 0.000214
epoch 022 | step 0360 | total = 3.5708 | box = 0.3829 | obj = 1.5938 | cls = 0.0627 | lr = 0.000214
epoch 022 | step 0380 | total = 3.8728 | box = 0.4129 | obj = 1.7287 | cls = 0.0796 | lr = 0.000214
epoch 022 | step 0400 | total = 3.4389 | box = 0.3809 | obj = 1.4693 | cls = 0.0650 | lr = 0.000214
epoch 022 | step 0420 | total = 3.2911 | box = 0.3476 | obj = 1.5040 | cls = 0.0492 | lr = 0.000214
epoch 022 | step 0440 | total = 3.4704 | box = 0.3579 | obj = 1.6196 | cls = 0.0614 | lr = 0.000214
epoch 022 | step 0460 | total = 3.9914 | box = 0.4659 | obj = 1.5984 | cls = 0.0634 | lr = 0.000214
epoch 022 | step 0480 | total = 4.0563 | box = 0.4597 | obj = 1.7085 | cls = 0.0491 | lr = 0.000214
epoch 022 | step 0500 | total = 4.0992 | box = 0.4643 | obj = 1.7325 | cls = 0.0449 | lr = 0.000214
epoch 022 | step 0520 | total = 3.1824 | box = 0.3264 | obj = 1.4910 | cls = 0.0592 | lr = 0.000214
epoch 022 | step 0540 | total = 3.9643 | box = 0.4717 | obj = 1.5531 | cls = 0.0530 | lr = 0.000214
epoch 022 | step 0560 | total = 3.1642 | box = 0.3525 | obj = 1.3419 | cls = 0.0598 | lr = 0.000214
epoch 022 | step 0580 | total = 3.2930 | box = 0.3565 | obj = 1.4173 | cls = 0.0931 | lr = 0.000214
epoch 022 | step 0600 | total = 3.0958 | box = 0.3352 | obj = 1.3727 | cls = 0.0473 | lr = 0.000214
epoch 022 | step 0620 | total = 3.4743 | box = 0.3798 | obj = 1.4824 | cls = 0.0926 | lr = 0.000214
epoch 022 | step 0640 | total = 3.5506 | box = 0.3800 | obj = 1.6031 | cls = 0.0475 | lr = 0.000214
epoch 022 | step 0660 | total = 2.9330 | box = 0.3008 | obj = 1.3648 | cls = 0.0642 | lr = 0.000214
epoch 022 | step 0680 | total = 3.5480 | box = 0.4129 | obj = 1.4398 | cls = 0.0438 | lr = 0.000214
epoch 022 | step 0700 | total = 4.1838 | box = 0.4819 | obj = 1.7137 | cls = 0.0607 | lr = 0.000214
epoch 022 | step 0720 | total = 3.4971 | box = 0.4073 | obj = 1.3881 | cls = 0.0723 | lr = 0.000214
epoch 022 | step 0740 | total = 3.8996 | box = 0.4201 | obj = 1.7304 | cls = 0.0688 | lr = 0.000214
epoch 022 | step 0760 | total = 3.4038 | box = 0.3780 | obj = 1.4559 | cls = 0.0578 | lr = 0.000214
epoch 022 | step 0780 | total = 3.4774 | box = 0.3896 | obj = 1.4823 | cls = 0.0469 | lr = 0.000214
epoch 022 | step 0800 | total = 3.3473 | box = 0.3634 | obj = 1.4627 | cls = 0.0676 | lr = 0.000214
epoch 022 | step 0820 | total = 3.7680 | box = 0.4303 | obj = 1.5562 | cls = 0.0602 | lr = 0.000214
epoch 022 | step 0840 | total = 3.6817 | box = 0.4117 | obj = 1.5786 | cls = 0.0446 | lr = 0.000214
epoch 022 | step 0860 | total = 3.4051 | box = 0.3764 | obj = 1.4754 | cls = 0.0476 | lr = 0.000214
epoch 022 | step 0880 | total = 3.2758 | box = 0.3467 | obj = 1.4891 | cls = 0.0533 | lr = 0.000214
epoch 022 | step 0900 | total = 3.3820 | box = 0.3896 | obj = 1.3824 | cls = 0.0514 | lr = 0.000214
epoch 022 | step 0920 | total = 3.3277 | box = 0.3548 | obj = 1.5082 | cls = 0.0455 | lr = 0.000214
[epoch 022 train] total = 3.5391 | box = 0.3961 | obj = 1.5025 | cls = 0.0561 | steps = 925 | global_batches = 7400 | samples = 118288 | time = 825.4s
[epoch 022 val] total = 4.5424 | box = 0.4751 | obj = 2.0973 | cls = 0.0697 | steps = 40 | global_batches = 320 | samples = 5000 | time = 24.3s
epoch 023 | step 0001 | total = 3.4370 | box = 0.4043 | obj = 1.3553 | cls = 0.0602 | lr = 0.000174
epoch 023 | step 0020 | total = 3.6622 | box = 0.4251 | obj = 1.4859 | cls = 0.0505 | lr = 0.000174
epoch 023 | step 0040 | total = 3.3052 | box = 0.3439 | obj = 1.5188 | cls = 0.0668 | lr = 0.000174
epoch 023 | step 0060 | total = 3.2119 | box = 0.3614 | obj = 1.3611 | cls = 0.0437 | lr = 0.000174
epoch 023 | step 0080 | total = 3.3672 | box = 0.3342 | obj = 1.6367 | cls = 0.0593 | lr = 0.000174
epoch 023 | step 0100 | total = 3.6483 | box = 0.4047 | obj = 1.5803 | cls = 0.0443 | lr = 0.000174
epoch 023 | step 0120 | total = 2.9098 | box = 0.3218 | obj = 1.2653 | cls = 0.0354 | lr = 0.000174
epoch 023 | step 0140 | total = 3.6163 | box = 0.4425 | obj = 1.3613 | cls = 0.0425 | lr = 0.000174
epoch 023 | step 0160 | total = 3.2287 | box = 0.3580 | obj = 1.3758 | cls = 0.0628 | lr = 0.000174
epoch 023 | step 0180 | total = 3.3329 | box = 0.3669 | obj = 1.4494 | cls = 0.0491 | lr = 0.000174
epoch 023 | step 0200 | total = 3.4050 | box = 0.3987 | obj = 1.3681 | cls = 0.0436 | lr = 0.000174
epoch 023 | step 0220 | total = 3.2029 | box = 0.3868 | obj = 1.2297 | cls = 0.0393 | lr = 0.000174
epoch 023 | step 0240 | total = 3.3235 | box = 0.3711 | obj = 1.4049 | cls = 0.0633 | lr = 0.000174
epoch 023 | step 0260 | total = 2.9177 | box = 0.3273 | obj = 1.2451 | cls = 0.0363 | lr = 0.000174
epoch 023 | step 0280 | total = 3.1537 | box = 0.3451 | obj = 1.3840 | cls = 0.0443 | lr = 0.000174
epoch 023 | step 0300 | total = 3.5538 | box = 0.3931 | obj = 1.5433 | cls = 0.0449 | lr = 0.000174
epoch 023 | step 0320 | total = 2.9975 | box = 0.2897 | obj = 1.4815 | cls = 0.0676 | lr = 0.000174
epoch 023 | step 0340 | total = 3.3354 | box = 0.3590 | obj = 1.4760 | cls = 0.0642 | lr = 0.000174
epoch 023 | step 0360 | total = 2.9055 | box = 0.3114 | obj = 1.3037 | cls = 0.0449 | lr = 0.000174
epoch 023 | step 0380 | total = 3.0115 | box = 0.3184 | obj = 1.3821 | cls = 0.0373 | lr = 0.000174
epoch 023 | step 0400 | total = 2.9528 | box = 0.3105 | obj = 1.3443 | cls = 0.0562 | lr = 0.000174
epoch 023 | step 0420 | total = 3.5432 | box = 0.3902 | obj = 1.5445 | cls = 0.0478 | lr = 0.000174
epoch 023 | step 0440 | total = 3.5588 | box = 0.4029 | obj = 1.5065 | cls = 0.0378 | lr = 0.000174
epoch 023 | step 0460 | total = 3.6125 | box = 0.4172 | obj = 1.4795 | cls = 0.0472 | lr = 0.000174
epoch 023 | step 0480 | total = 3.8991 | box = 0.4254 | obj = 1.7134 | cls = 0.0585 | lr = 0.000174
epoch 023 | step 0500 | total = 3.5076 | box = 0.3956 | obj = 1.4953 | cls = 0.0345 | lr = 0.000174
epoch 023 | step 0520 | total = 3.2224 | box = 0.3544 | obj = 1.3983 | cls = 0.0521 | lr = 0.000174
epoch 023 | step 0540 | total = 3.1630 | box = 0.3484 | obj = 1.3546 | cls = 0.0665 | lr = 0.000174
epoch 023 | step 0560 | total = 3.2549 | box = 0.3491 | obj = 1.4456 | cls = 0.0639 | lr = 0.000174
epoch 023 | step 0580 | total = 2.9012 | box = 0.2842 | obj = 1.4274 | cls = 0.0529 | lr = 0.000174
epoch 023 | step 0600 | total = 3.2334 | box = 0.3609 | obj = 1.3721 | cls = 0.0571 | lr = 0.000174
epoch 023 | step 0620 | total = 3.9457 | box = 0.4615 | obj = 1.5753 | cls = 0.0627 | lr = 0.000174
epoch 023 | step 0640 | total = 3.4264 | box = 0.3800 | obj = 1.4706 | cls = 0.0557 | lr = 0.000174
epoch 023 | step 0660 | total = 4.0257 | box = 0.4968 | obj = 1.4989 | cls = 0.0429 | lr = 0.000174
epoch 023 | step 0680 | total = 3.6363 | box = 0.4371 | obj = 1.4069 | cls = 0.0441 | lr = 0.000174
epoch 023 | step 0700 | total = 3.3552 | box = 0.3693 | obj = 1.4604 | cls = 0.0481 | lr = 0.000174
epoch 023 | step 0720 | total = 3.7165 | box = 0.4328 | obj = 1.4909 | cls = 0.0615 | lr = 0.000174
epoch 023 | step 0740 | total = 2.8890 | box = 0.3195 | obj = 1.2401 | cls = 0.0513 | lr = 0.000174
epoch 023 | step 0760 | total = 3.4591 | box = 0.4100 | obj = 1.3565 | cls = 0.0526 | lr = 0.000174
epoch 023 | step 0780 | total = 2.8189 | box = 0.2883 | obj = 1.3252 | cls = 0.0525 | lr = 0.000174
epoch 023 | step 0800 | total = 3.7998 | box = 0.4322 | obj = 1.5727 | cls = 0.0660 | lr = 0.000174
epoch 023 | step 0820 | total = 3.4973 | box = 0.4075 | obj = 1.4064 | cls = 0.0532 | lr = 0.000174
epoch 023 | step 0840 | total = 4.2391 | box = 0.4838 | obj = 1.7662 | cls = 0.0540 | lr = 0.000174
epoch 023 | step 0860 | total = 3.3047 | box = 0.3492 | obj = 1.5047 | cls = 0.0541 | lr = 0.000174
epoch 023 | step 0880 | total = 4.1610 | box = 0.5164 | obj = 1.5184 | cls = 0.0607 | lr = 0.000174
epoch 023 | step 0900 | total = 3.8543 | box = 0.4499 | obj = 1.5430 | cls = 0.0617 | lr = 0.000174
epoch 023 | step 0920 | total = 3.4841 | box = 0.4123 | obj = 1.3755 | cls = 0.0473 | lr = 0.000174
[epoch 023 train] total = 3.4507 | box = 0.3875 | obj = 1.4581 | cls = 0.0550 | steps = 925 | global_batches = 7400 | samples = 118288 | time = 827.6s
[epoch 023 val] total = 4.5829 | box = 0.4732 | obj = 2.1470 | cls = 0.0699 | steps = 40 | global_batches = 320 | samples = 5000 | time = 24.5s
epoch 024 | step 0001 | total = 3.2083 | box = 0.3620 | obj = 1.3325 | cls = 0.0659 | lr = 0.000137
epoch 024 | step 0020 | total = 3.0417 | box = 0.3251 | obj = 1.3539 | cls = 0.0625 | lr = 0.000137
epoch 024 | step 0040 | total = 3.1203 | box = 0.3087 | obj = 1.5148 | cls = 0.0622 | lr = 0.000137
epoch 024 | step 0060 | total = 3.2919 | box = 0.3589 | obj = 1.4449 | cls = 0.0526 | lr = 0.000137
epoch 024 | step 0080 | total = 3.1754 | box = 0.3445 | obj = 1.4158 | cls = 0.0371 | lr = 0.000137
epoch 024 | step 0100 | total = 3.6390 | box = 0.4226 | obj = 1.4671 | cls = 0.0590 | lr = 0.000137
epoch 024 | step 0120 | total = 3.1327 | box = 0.3207 | obj = 1.4589 | cls = 0.0704 | lr = 0.000137
epoch 024 | step 0140 | total = 3.5213 | box = 0.4118 | obj = 1.4187 | cls = 0.0434 | lr = 0.000137
epoch 024 | step 0160 | total = 3.9126 | box = 0.4382 | obj = 1.6557 | cls = 0.0657 | lr = 0.000137
epoch 024 | step 0180 | total = 3.2264 | box = 0.3546 | obj = 1.3924 | cls = 0.0608 | lr = 0.000137
epoch 024 | step 0200 | total = 3.2353 | box = 0.3644 | obj = 1.3670 | cls = 0.0464 | lr = 0.000137
epoch 024 | step 0220 | total = 3.6801 | box = 0.4443 | obj = 1.4042 | cls = 0.0545 | lr = 0.000137
epoch 024 | step 0240 | total = 3.1754 | box = 0.3471 | obj = 1.3858 | cls = 0.0541 | lr = 0.000137
epoch 024 | step 0260 | total = 4.2062 | box = 0.5042 | obj = 1.6325 | cls = 0.0526 | lr = 0.000137
epoch 024 | step 0280 | total = 3.3721 | box = 0.3785 | obj = 1.4291 | cls = 0.0506 | lr = 0.000137
epoch 024 | step 0300 | total = 3.5248 | box = 0.4161 | obj = 1.3958 | cls = 0.0485 | lr = 0.000137
epoch 024 | step 0320 | total = 3.2934 | box = 0.3738 | obj = 1.3735 | cls = 0.0508 | lr = 0.000137
epoch 024 | step 0340 | total = 3.5641 | box = 0.3965 | obj = 1.5251 | cls = 0.0567 | lr = 0.000137
epoch 024 | step 0360 | total = 3.2387 | box = 0.3716 | obj = 1.3330 | cls = 0.0475 | lr = 0.000137
epoch 024 | step 0380 | total = 3.6000 | box = 0.4472 | obj = 1.3252 | cls = 0.0385 | lr = 0.000137
epoch 024 | step 0400 | total = 3.6900 | box = 0.4259 | obj = 1.5155 | cls = 0.0448 | lr = 0.000137
epoch 024 | step 0420 | total = 3.1333 | box = 0.3469 | obj = 1.3525 | cls = 0.0465 | lr = 0.000137
epoch 024 | step 0440 | total = 3.1431 | box = 0.3323 | obj = 1.4387 | cls = 0.0428 | lr = 0.000137
epoch 024 | step 0460 | total = 3.5748 | box = 0.4100 | obj = 1.4708 | cls = 0.0542 | lr = 0.000137
epoch 024 | step 0480 | total = 3.1503 | box = 0.3574 | obj = 1.3159 | cls = 0.0473 | lr = 0.000137
epoch 024 | step 0500 | total = 3.6757 | box = 0.4233 | obj = 1.5054 | cls = 0.0538 | lr = 0.000137
epoch 024 | step 0520 | total = 3.3333 | box = 0.3481 | obj = 1.5390 | cls = 0.0540 | lr = 0.000137
epoch 024 | step 0540 | total = 3.2177 | box = 0.3487 | obj = 1.4169 | cls = 0.0571 | lr = 0.000137
epoch 024 | step 0560 | total = 3.3163 | box = 0.3821 | obj = 1.3559 | cls = 0.0497 | lr = 0.000137
epoch 024 | step 0580 | total = 3.3332 | box = 0.3722 | obj = 1.4186 | cls = 0.0537 | lr = 0.000137
epoch 024 | step 0600 | total = 3.1061 | box = 0.3486 | obj = 1.3124 | cls = 0.0504 | lr = 0.000137
epoch 024 | step 0620 | total = 2.9568 | box = 0.3471 | obj = 1.1556 | cls = 0.0654 | lr = 0.000137
epoch 024 | step 0640 | total = 3.3629 | box = 0.3781 | obj = 1.4053 | cls = 0.0671 | lr = 0.000137
epoch 024 | step 0660 | total = 3.1353 | box = 0.3640 | obj = 1.2656 | cls = 0.0499 | lr = 0.000137
epoch 024 | step 0680 | total = 3.4135 | box = 0.3902 | obj = 1.4124 | cls = 0.0502 | lr = 0.000137
epoch 024 | step 0700 | total = 3.3326 | box = 0.3719 | obj = 1.4104 | cls = 0.0627 | lr = 0.000137
epoch 024 | step 0720 | total = 4.1009 | box = 0.4841 | obj = 1.6206 | cls = 0.0596 | lr = 0.000137
epoch 024 | step 0740 | total = 3.5126 | box = 0.4015 | obj = 1.4594 | cls = 0.0460 | lr = 0.000137
epoch 024 | step 0760 | total = 3.6745 | box = 0.3924 | obj = 1.6540 | cls = 0.0584 | lr = 0.000137
epoch 024 | step 0780 | total = 3.7087 | box = 0.4670 | obj = 1.3346 | cls = 0.0393 | lr = 0.000137
epoch 024 | step 0800 | total = 3.7754 | box = 0.4342 | obj = 1.5449 | cls = 0.0595 | lr = 0.000137
epoch 024 | step 0820 | total = 3.5360 | box = 0.3907 | obj = 1.5277 | cls = 0.0550 | lr = 0.000137
epoch 024 | step 0840 | total = 3.3229 | box = 0.3752 | obj = 1.3846 | cls = 0.0625 | lr = 0.000137
epoch 024 | step 0860 | total = 3.3405 | box = 0.3922 | obj = 1.3271 | cls = 0.0523 | lr = 0.000137
epoch 024 | step 0880 | total = 3.1221 | box = 0.3401 | obj = 1.3661 | cls = 0.0555 | lr = 0.000137
epoch 024 | step 0900 | total = 3.7702 | box = 0.4292 | obj = 1.5648 | cls = 0.0595 | lr = 0.000137
epoch 024 | step 0920 | total = 3.5361 | box = 0.4046 | obj = 1.4677 | cls = 0.0454 | lr = 0.000137
[epoch 024 train] total = 3.3741 | box = 0.3798 | obj = 1.4214 | cls = 0.0539 | steps = 925 | global_batches = 7400 | samples = 118288 | time = 828.6s
[epoch 024 val] total = 4.6716 | box = 0.4734 | obj = 2.2349 | cls = 0.0699 | steps = 40 | global_batches = 320 | samples = 5000 | time = 25.0s
epoch 025 | step 0001 | total = 3.7771 | box = 0.4841 | obj = 1.3176 | cls = 0.0390 | lr = 0.000105
epoch 025 | step 0020 | total = 3.4733 | box = 0.4012 | obj = 1.4165 | cls = 0.0508 | lr = 0.000105
epoch 025 | step 0040 | total = 3.0995 | box = 0.3451 | obj = 1.3131 | cls = 0.0607 | lr = 0.000105
epoch 025 | step 0060 | total = 3.1092 | box = 0.3321 | obj = 1.3914 | cls = 0.0573 | lr = 0.000105
epoch 025 | step 0080 | total = 3.4908 | box = 0.3732 | obj = 1.5622 | cls = 0.0625 | lr = 0.000105
epoch 025 | step 0100 | total = 2.8363 | box = 0.3216 | obj = 1.1706 | cls = 0.0577 | lr = 0.000105
epoch 025 | step 0120 | total = 3.7696 | box = 0.4440 | obj = 1.4844 | cls = 0.0654 | lr = 0.000105
epoch 025 | step 0140 | total = 3.4367 | box = 0.3867 | obj = 1.4433 | cls = 0.0597 | lr = 0.000105
epoch 025 | step 0160 | total = 3.0534 | box = 0.3050 | obj = 1.4704 | cls = 0.0582 | lr = 0.000105
epoch 025 | step 0180 | total = 3.3830 | box = 0.4154 | obj = 1.2650 | cls = 0.0410 | lr = 0.000105
epoch 025 | step 0200 | total = 3.4367 | box = 0.3777 | obj = 1.4972 | cls = 0.0510 | lr = 0.000105
epoch 025 | step 0220 | total = 3.7460 | box = 0.4338 | obj = 1.5228 | cls = 0.0541 | lr = 0.000105
epoch 025 | step 0240 | total = 3.1469 | box = 0.3562 | obj = 1.2993 | cls = 0.0667 | lr = 0.000105
epoch 025 | step 0260 | total = 3.6392 | box = 0.4277 | obj = 1.4417 | cls = 0.0589 | lr = 0.000105
epoch 025 | step 0280 | total = 3.4877 | box = 0.3843 | obj = 1.5108 | cls = 0.0553 | lr = 0.000105
epoch 025 | step 0300 | total = 3.3735 | box = 0.3932 | obj = 1.3627 | cls = 0.0448 | lr = 0.000105
epoch 025 | step 0320 | total = 3.0787 | box = 0.3530 | obj = 1.2747 | cls = 0.0389 | lr = 0.000105
epoch 025 | step 0340 | total = 3.7571 | box = 0.4269 | obj = 1.5776 | cls = 0.0449 | lr = 0.000105
epoch 025 | step 0360 | total = 3.1508 | box = 0.3694 | obj = 1.2573 | cls = 0.0467 | lr = 0.000105
epoch 025 | step 0380 | total = 3.0402 | box = 0.3155 | obj = 1.3971 | cls = 0.0654 | lr = 0.000105
epoch 025 | step 0400 | total = 3.3246 | box = 0.3556 | obj = 1.4909 | cls = 0.0556 | lr = 0.000105
epoch 025 | step 0420 | total = 3.5635 | box = 0.3994 | obj = 1.5101 | cls = 0.0564 | lr = 0.000105
epoch 025 | step 0440 | total = 3.1737 | box = 0.3502 | obj = 1.3485 | cls = 0.0741 | lr = 0.000105
epoch 025 | step 0460 | total = 3.0338 | box = 0.3407 | obj = 1.2774 | cls = 0.0528 | lr = 0.000105
epoch 025 | step 0480 | total = 3.2317 | box = 0.3746 | obj = 1.3086 | cls = 0.0501 | lr = 0.000105
epoch 025 | step 0500 | total = 3.4127 | box = 0.3921 | obj = 1.3974 | cls = 0.0549 | lr = 0.000105
epoch 025 | step 0520 | total = 3.3630 | box = 0.3616 | obj = 1.4941 | cls = 0.0606 | lr = 0.000105
epoch 025 | step 0540 | total = 3.5497 | box = 0.4087 | obj = 1.4380 | cls = 0.0683 | lr = 0.000105
epoch 025 | step 0560 | total = 3.4597 | box = 0.3959 | obj = 1.4269 | cls = 0.0535 | lr = 0.000105
epoch 025 | step 0580 | total = 3.0173 | box = 0.3506 | obj = 1.2245 | cls = 0.0399 | lr = 0.000105
epoch 025 | step 0600 | total = 3.8412 | box = 0.4422 | obj = 1.5776 | cls = 0.0524 | lr = 0.000105
epoch 025 | step 0620 | total = 3.1150 | box = 0.3460 | obj = 1.3363 | cls = 0.0486 | lr = 0.000105
epoch 025 | step 0640 | total = 2.8507 | box = 0.3186 | obj = 1.1892 | cls = 0.0687 | lr = 0.000105
epoch 025 | step 0660 | total = 3.4356 | box = 0.4013 | obj = 1.3794 | cls = 0.0499 | lr = 0.000105
epoch 025 | step 0680 | total = 3.5097 | box = 0.4233 | obj = 1.3449 | cls = 0.0485 | lr = 0.000105
epoch 025 | step 0700 | total = 3.2881 | box = 0.3633 | obj = 1.4252 | cls = 0.0464 | lr = 0.000105
epoch 025 | step 0720 | total = 3.4043 | box = 0.3657 | obj = 1.5156 | cls = 0.0600 | lr = 0.000105
epoch 025 | step 0740 | total = 3.7194 | box = 0.3895 | obj = 1.7032 | cls = 0.0686 | lr = 0.000105
epoch 025 | step 0760 | total = 3.4310 | box = 0.3863 | obj = 1.4523 | cls = 0.0470 | lr = 0.000105
epoch 025 | step 0780 | total = 3.0160 | box = 0.3195 | obj = 1.3520 | cls = 0.0664 | lr = 0.000105
epoch 025 | step 0800 | total = 2.6478 | box = 0.2795 | obj = 1.1881 | cls = 0.0624 | lr = 0.000105
epoch 025 | step 0820 | total = 3.4123 | box = 0.3836 | obj = 1.4426 | cls = 0.0515 | lr = 0.000105
epoch 025 | step 0840 | total = 2.6781 | box = 0.2791 | obj = 1.2291 | cls = 0.0534 | lr = 0.000105
epoch 025 | step 0860 | total = 2.8810 | box = 0.3039 | obj = 1.2974 | cls = 0.0643 | lr = 0.000105
epoch 025 | step 0880 | total = 3.6147 | box = 0.4303 | obj = 1.4131 | cls = 0.0504 | lr = 0.000105
epoch 025 | step 0900 | total = 3.3078 | box = 0.3824 | obj = 1.3441 | cls = 0.0517 | lr = 0.000105
epoch 025 | step 0920 | total = 3.1701 | box = 0.3517 | obj = 1.3681 | cls = 0.0437 | lr = 0.000105
[epoch 025 train] total = 3.3034 | box = 0.3724 | obj = 1.3888 | cls = 0.0529 | steps = 925 | global_batches = 7400 | samples = 118288 | time = 828.1s
[epoch 025 val] total = 4.6865 | box = 0.4722 | obj = 2.2553 | cls = 0.0700 | steps = 40 | global_batches = 320 | samples = 5000 | time = 24.3s
epoch 026 | step 0001 | total = 2.7904 | box = 0.2718 | obj = 1.3707 | cls = 0.0605 | lr = 0.000076
epoch 026 | step 0020 | total = 2.7877 | box = 0.2842 | obj = 1.3208 | cls = 0.0459 | lr = 0.000076
epoch 026 | step 0040 | total = 3.0925 | box = 0.3417 | obj = 1.3340 | cls = 0.0498 | lr = 0.000076
epoch 026 | step 0060 | total = 2.9041 | box = 0.3126 | obj = 1.2824 | cls = 0.0584 | lr = 0.000076
epoch 026 | step 0080 | total = 3.1534 | box = 0.3584 | obj = 1.2866 | cls = 0.0746 | lr = 0.000076
epoch 026 | step 0100 | total = 3.1979 | box = 0.3480 | obj = 1.4056 | cls = 0.0524 | lr = 0.000076
epoch 026 | step 0120 | total = 3.8948 | box = 0.4602 | obj = 1.5464 | cls = 0.0475 | lr = 0.000076
epoch 026 | step 0140 | total = 3.2930 | box = 0.3541 | obj = 1.4808 | cls = 0.0419 | lr = 0.000076
epoch 026 | step 0160 | total = 2.7264 | box = 0.2867 | obj = 1.2336 | cls = 0.0592 | lr = 0.000076
epoch 026 | step 0180 | total = 2.6577 | box = 0.2747 | obj = 1.2263 | cls = 0.0578 | lr = 0.000076
epoch 026 | step 0200 | total = 3.6826 | box = 0.4199 | obj = 1.5357 | cls = 0.0475 | lr = 0.000076
epoch 026 | step 0220 | total = 3.2961 | box = 0.3681 | obj = 1.4114 | cls = 0.0440 | lr = 0.000076
epoch 026 | step 0240 | total = 2.8212 | box = 0.2998 | obj = 1.2801 | cls = 0.0420 | lr = 0.000076
epoch 026 | step 0260 | total = 2.9915 | box = 0.3614 | obj = 1.1523 | cls = 0.0321 | lr = 0.000076
epoch 026 | step 0280 | total = 3.1988 | box = 0.3682 | obj = 1.3108 | cls = 0.0472 | lr = 0.000076
epoch 026 | step 0300 | total = 3.1085 | box = 0.3443 | obj = 1.3407 | cls = 0.0463 | lr = 0.000076
epoch 026 | step 0320 | total = 3.4403 | box = 0.3929 | obj = 1.4290 | cls = 0.0469 | lr = 0.000076
epoch 026 | step 0340 | total = 3.2641 | box = 0.3478 | obj = 1.4692 | cls = 0.0558 | lr = 0.000076
epoch 026 | step 0360 | total = 3.1108 | box = 0.3446 | obj = 1.3323 | cls = 0.0554 | lr = 0.000076
epoch 026 | step 0380 | total = 3.5342 | box = 0.3909 | obj = 1.5236 | cls = 0.0560 | lr = 0.000076
epoch 026 | step 0400 | total = 3.1300 | box = 0.3383 | obj = 1.3941 | cls = 0.0446 | lr = 0.000076
epoch 026 | step 0420 | total = 3.4484 | box = 0.3939 | obj = 1.4363 | cls = 0.0426 | lr = 0.000076
epoch 026 | step 0440 | total = 2.8090 | box = 0.3018 | obj = 1.2380 | cls = 0.0619 | lr = 0.000076
epoch 026 | step 0460 | total = 3.1645 | box = 0.3522 | obj = 1.3517 | cls = 0.0520 | lr = 0.000076
epoch 026 | step 0480 | total = 3.5985 | box = 0.4149 | obj = 1.4743 | cls = 0.0495 | lr = 0.000076
epoch 026 | step 0500 | total = 3.4387 | box = 0.4080 | obj = 1.3557 | cls = 0.0429 | lr = 0.000076
epoch 026 | step 0520 | total = 3.1378 | box = 0.3658 | obj = 1.2573 | cls = 0.0514 | lr = 0.000076
epoch 026 | step 0540 | total = 3.4323 | box = 0.3697 | obj = 1.5280 | cls = 0.0557 | lr = 0.000076
epoch 026 | step 0560 | total = 3.3071 | box = 0.3853 | obj = 1.3343 | cls = 0.0462 | lr = 0.000076
epoch 026 | step 0580 | total = 3.5400 | box = 0.4050 | obj = 1.4642 | cls = 0.0507 | lr = 0.000076
epoch 026 | step 0600 | total = 3.4454 | box = 0.3943 | obj = 1.4240 | cls = 0.0498 | lr = 0.000076
epoch 026 | step 0620 | total = 3.0048 | box = 0.3328 | obj = 1.2997 | cls = 0.0411 | lr = 0.000076
epoch 026 | step 0640 | total = 3.2393 | box = 0.3475 | obj = 1.4494 | cls = 0.0523 | lr = 0.000076
epoch 026 | step 0660 | total = 3.6952 | box = 0.4243 | obj = 1.5298 | cls = 0.0442 | lr = 0.000076
epoch 026 | step 0680 | total = 3.1949 | box = 0.3583 | obj = 1.3538 | cls = 0.0494 | lr = 0.000076
epoch 026 | step 0700 | total = 3.4920 | box = 0.3683 | obj = 1.5995 | cls = 0.0508 | lr = 0.000076
epoch 026 | step 0720 | total = 3.1751 | box = 0.3668 | obj = 1.2972 | cls = 0.0441 | lr = 0.000076
epoch 026 | step 0740 | total = 2.5284 | box = 0.2568 | obj = 1.1758 | cls = 0.0685 | lr = 0.000076
epoch 026 | step 0760 | total = 3.5004 | box = 0.3621 | obj = 1.6431 | cls = 0.0467 | lr = 0.000076
epoch 026 | step 0780 | total = 3.4165 | box = 0.3893 | obj = 1.4085 | cls = 0.0613 | lr = 0.000076
epoch 026 | step 0800 | total = 3.2512 | box = 0.3667 | obj = 1.3643 | cls = 0.0533 | lr = 0.000076
epoch 026 | step 0820 | total = 3.6574 | box = 0.4249 | obj = 1.4624 | cls = 0.0705 | lr = 0.000076
epoch 026 | step 0840 | total = 3.3205 | box = 0.3463 | obj = 1.5300 | cls = 0.0589 | lr = 0.000076
epoch 026 | step 0860 | total = 3.4776 | box = 0.3973 | obj = 1.4346 | cls = 0.0567 | lr = 0.000076
epoch 026 | step 0880 | total = 3.2133 | box = 0.3314 | obj = 1.5086 | cls = 0.0480 | lr = 0.000076
epoch 026 | step 0900 | total = 3.6649 | box = 0.4214 | obj = 1.5105 | cls = 0.0475 | lr = 0.000076
epoch 026 | step 0920 | total = 2.7878 | box = 0.3065 | obj = 1.2126 | cls = 0.0428 | lr = 0.000076
[epoch 026 train] total = 3.2458 | box = 0.3665 | obj = 1.3610 | cls = 0.0522 | steps = 925 | global_batches = 7400 | samples = 118288 | time = 827.3s
[epoch 026 val] total = 4.7524 | box = 0.4730 | obj = 2.3168 | cls = 0.0705 | steps = 40 | global_batches = 320 | samples = 5000 | time = 24.4s
epoch 027 | step 0001 | total = 2.9352 | box = 0.3269 | obj = 1.2364 | cls = 0.0645 | lr = 0.000053
epoch 027 | step 0020 | total = 3.0881 | box = 0.3470 | obj = 1.2993 | cls = 0.0537 | lr = 0.000053
epoch 027 | step 0040 | total = 2.5002 | box = 0.2760 | obj = 1.0652 | cls = 0.0552 | lr = 0.000053
epoch 027 | step 0060 | total = 3.1134 | box = 0.3529 | obj = 1.3075 | cls = 0.0414 | lr = 0.000053
epoch 027 | step 0080 | total = 2.9549 | box = 0.3326 | obj = 1.2311 | cls = 0.0611 | lr = 0.000053
epoch 027 | step 0100 | total = 3.4224 | box = 0.3938 | obj = 1.3973 | cls = 0.0562 | lr = 0.000053
epoch 027 | step 0120 | total = 3.0244 | box = 0.3438 | obj = 1.2530 | cls = 0.0523 | lr = 0.000053
epoch 027 | step 0140 | total = 2.9881 | box = 0.3343 | obj = 1.2572 | cls = 0.0592 | lr = 0.000053
epoch 027 | step 0160 | total = 3.2931 | box = 0.3939 | obj = 1.2818 | cls = 0.0418 | lr = 0.000053
epoch 027 | step 0180 | total = 3.3930 | box = 0.3893 | obj = 1.3962 | cls = 0.0502 | lr = 0.000053
epoch 027 | step 0200 | total = 3.0890 | box = 0.3309 | obj = 1.3646 | cls = 0.0698 | lr = 0.000053
epoch 027 | step 0220 | total = 3.0175 | box = 0.3193 | obj = 1.3686 | cls = 0.0523 | lr = 0.000053
epoch 027 | step 0240 | total = 3.4121 | box = 0.3948 | obj = 1.3828 | cls = 0.0551 | lr = 0.000053
epoch 027 | step 0260 | total = 3.7372 | box = 0.4433 | obj = 1.4690 | cls = 0.0515 | lr = 0.000053
epoch 027 | step 0280 | total = 4.0628 | box = 0.4758 | obj = 1.6084 | cls = 0.0753 | lr = 0.000053
epoch 027 | step 0300 | total = 3.0496 | box = 0.3456 | obj = 1.2709 | cls = 0.0505 | lr = 0.000053
epoch 027 | step 0320 | total = 3.0602 | box = 0.3418 | obj = 1.2983 | cls = 0.0531 | lr = 0.000053
epoch 027 | step 0340 | total = 2.6764 | box = 0.2910 | obj = 1.1822 | cls = 0.0392 | lr = 0.000053
epoch 027 | step 0360 | total = 3.2184 | box = 0.3846 | obj = 1.2469 | cls = 0.0484 | lr = 0.000053
epoch 027 | step 0380 | total = 3.4187 | box = 0.3822 | obj = 1.4543 | cls = 0.0532 | lr = 0.000053
epoch 027 | step 0400 | total = 3.2359 | box = 0.3524 | obj = 1.4155 | cls = 0.0582 | lr = 0.000053
epoch 027 | step 0420 | total = 2.5434 | box = 0.2619 | obj = 1.1726 | cls = 0.0611 | lr = 0.000053
epoch 027 | step 0440 | total = 3.0875 | box = 0.3242 | obj = 1.4093 | cls = 0.0572 | lr = 0.000053
epoch 027 | step 0460 | total = 3.4261 | box = 0.4007 | obj = 1.3654 | cls = 0.0571 | lr = 0.000053
epoch 027 | step 0480 | total = 3.7097 | box = 0.4353 | obj = 1.4950 | cls = 0.0381 | lr = 0.000053
epoch 027 | step 0500 | total = 3.3231 | box = 0.3865 | obj = 1.3055 | cls = 0.0851 | lr = 0.000053
epoch 027 | step 0520 | total = 3.0340 | box = 0.3240 | obj = 1.3683 | cls = 0.0455 | lr = 0.000053
epoch 027 | step 0540 | total = 3.7461 | box = 0.4470 | obj = 1.4627 | cls = 0.0483 | lr = 0.000053
epoch 027 | step 0560 | total = 3.1926 | box = 0.3556 | obj = 1.3651 | cls = 0.0495 | lr = 0.000053
epoch 027 | step 0580 | total = 3.5159 | box = 0.3772 | obj = 1.5772 | cls = 0.0529 | lr = 0.000053
epoch 027 | step 0600 | total = 3.1783 | box = 0.3705 | obj = 1.2818 | cls = 0.0443 | lr = 0.000053
epoch 027 | step 0620 | total = 3.3369 | box = 0.3720 | obj = 1.4261 | cls = 0.0507 | lr = 0.000053
epoch 027 | step 0640 | total = 3.1384 | box = 0.3510 | obj = 1.3319 | cls = 0.0516 | lr = 0.000053
epoch 027 | step 0660 | total = 3.2939 | box = 0.3835 | obj = 1.3410 | cls = 0.0356 | lr = 0.000053
epoch 027 | step 0680 | total = 3.0514 | box = 0.3386 | obj = 1.3106 | cls = 0.0479 | lr = 0.000053
epoch 027 | step 0700 | total = 3.1088 | box = 0.3322 | obj = 1.4009 | cls = 0.0470 | lr = 0.000053
epoch 027 | step 0720 | total = 3.5277 | box = 0.4227 | obj = 1.3767 | cls = 0.0375 | lr = 0.000053
epoch 027 | step 0740 | total = 3.2220 | box = 0.3675 | obj = 1.3316 | cls = 0.0527 | lr = 0.000053
epoch 027 | step 0760 | total = 2.8725 | box = 0.3015 | obj = 1.3104 | cls = 0.0545 | lr = 0.000053
epoch 027 | step 0780 | total = 3.7668 | box = 0.4620 | obj = 1.4107 | cls = 0.0462 | lr = 0.000053
epoch 027 | step 0800 | total = 2.9946 | box = 0.3401 | obj = 1.2370 | cls = 0.0569 | lr = 0.000053
epoch 027 | step 0820 | total = 3.0927 | box = 0.3298 | obj = 1.3914 | cls = 0.0523 | lr = 0.000053
epoch 027 | step 0840 | total = 2.7417 | box = 0.2948 | obj = 1.2155 | cls = 0.0521 | lr = 0.000053
epoch 027 | step 0860 | total = 3.1295 | box = 0.3583 | obj = 1.2946 | cls = 0.0436 | lr = 0.000053
epoch 027 | step 0880 | total = 3.6889 | box = 0.4243 | obj = 1.4923 | cls = 0.0751 | lr = 0.000053
epoch 027 | step 0900 | total = 3.0860 | box = 0.3359 | obj = 1.3635 | cls = 0.0429 | lr = 0.000053
epoch 027 | step 0920 | total = 3.6331 | box = 0.4036 | obj = 1.5701 | cls = 0.0450 | lr = 0.000053
[epoch 027 train] total = 3.1949 | box = 0.3611 | obj = 1.3376 | cls = 0.0516 | steps = 925 | global_batches = 7400 | samples = 118288 | time = 828.4s
[epoch 027 val] total = 4.8230 | box = 0.4716 | obj = 2.3948 | cls = 0.0702 | steps = 40 | global_batches = 320 | samples = 5000 | time = 24.5s
epoch 028 | step 0001 | total = 3.3135 | box = 0.3450 | obj = 1.5094 | cls = 0.0789 | lr = 0.000034
epoch 028 | step 0020 | total = 2.6411 | box = 0.2795 | obj = 1.1955 | cls = 0.0480 | lr = 0.000034
epoch 028 | step 0040 | total = 3.5612 | box = 0.3950 | obj = 1.5295 | cls = 0.0567 | lr = 0.000034
epoch 028 | step 0060 | total = 3.3475 | box = 0.3729 | obj = 1.4360 | cls = 0.0469 | lr = 0.000034
epoch 028 | step 0080 | total = 3.1508 | box = 0.3583 | obj = 1.3107 | cls = 0.0488 | lr = 0.000034
epoch 028 | step 0100 | total = 3.6544 | box = 0.3876 | obj = 1.6630 | cls = 0.0533 | lr = 0.000034
epoch 028 | step 0120 | total = 3.4898 | box = 0.4101 | obj = 1.3917 | cls = 0.0478 | lr = 0.000034
epoch 028 | step 0140 | total = 3.0805 | box = 0.3480 | obj = 1.2947 | cls = 0.0457 | lr = 0.000034
epoch 028 | step 0160 | total = 2.7060 | box = 0.2867 | obj = 1.2187 | cls = 0.0540 | lr = 0.000034
epoch 028 | step 0180 | total = 3.3667 | box = 0.3920 | obj = 1.3523 | cls = 0.0545 | lr = 0.000034
epoch 028 | step 0200 | total = 3.2730 | box = 0.3790 | obj = 1.3329 | cls = 0.0450 | lr = 0.000034
epoch 028 | step 0220 | total = 2.7664 | box = 0.2940 | obj = 1.2476 | cls = 0.0488 | lr = 0.000034
epoch 028 | step 0240 | total = 2.7132 | box = 0.3022 | obj = 1.1595 | cls = 0.0429 | lr = 0.000034
epoch 028 | step 0260 | total = 3.0015 | box = 0.3438 | obj = 1.2460 | cls = 0.0367 | lr = 0.000034
epoch 028 | step 0280 | total = 3.3397 | box = 0.3558 | obj = 1.4879 | cls = 0.0728 | lr = 0.000034
epoch 028 | step 0300 | total = 3.2194 | box = 0.3745 | obj = 1.2862 | cls = 0.0608 | lr = 0.000034
epoch 028 | step 0320 | total = 3.1531 | box = 0.3470 | obj = 1.3670 | cls = 0.0513 | lr = 0.000034
epoch 028 | step 0340 | total = 2.9128 | box = 0.3366 | obj = 1.1782 | cls = 0.0517 | lr = 0.000034
epoch 028 | step 0360 | total = 3.1360 | box = 0.3536 | obj = 1.3207 | cls = 0.0471 | lr = 0.000034
epoch 028 | step 0380 | total = 3.5044 | box = 0.4067 | obj = 1.4216 | cls = 0.0495 | lr = 0.000034
epoch 028 | step 0400 | total = 3.3452 | box = 0.3682 | obj = 1.4606 | cls = 0.0437 | lr = 0.000034
epoch 028 | step 0420 | total = 3.0575 | box = 0.3534 | obj = 1.2509 | cls = 0.0394 | lr = 0.000034
epoch 028 | step 0440 | total = 2.9448 | box = 0.3141 | obj = 1.3255 | cls = 0.0488 | lr = 0.000034
epoch 028 | step 0460 | total = 3.3066 | box = 0.3766 | obj = 1.3723 | cls = 0.0513 | lr = 0.000034
epoch 028 | step 0480 | total = 2.7532 | box = 0.3054 | obj = 1.1756 | cls = 0.0506 | lr = 0.000034
epoch 028 | step 0500 | total = 3.4093 | box = 0.4003 | obj = 1.3491 | cls = 0.0586 | lr = 0.000034
epoch 028 | step 0520 | total = 3.0359 | box = 0.3326 | obj = 1.3220 | cls = 0.0512 | lr = 0.000034
epoch 028 | step 0540 | total = 3.0272 | box = 0.3367 | obj = 1.2984 | cls = 0.0455 | lr = 0.000034
epoch 028 | step 0560 | total = 3.4904 | box = 0.4117 | obj = 1.3754 | cls = 0.0566 | lr = 0.000034
epoch 028 | step 0580 | total = 3.4813 | box = 0.4182 | obj = 1.3400 | cls = 0.0503 | lr = 0.000034
epoch 028 | step 0600 | total = 3.6000 | box = 0.4177 | obj = 1.4662 | cls = 0.0455 | lr = 0.000034
epoch 028 | step 0620 | total = 3.2323 | box = 0.3891 | obj = 1.2418 | cls = 0.0452 | lr = 0.000034
epoch 028 | step 0640 | total = 3.7396 | box = 0.4124 | obj = 1.6131 | cls = 0.0647 | lr = 0.000034
epoch 028 | step 0660 | total = 3.4778 | box = 0.4086 | obj = 1.3830 | cls = 0.0520 | lr = 0.000034
epoch 028 | step 0680 | total = 3.1941 | box = 0.3397 | obj = 1.4538 | cls = 0.0419 | lr = 0.000034
epoch 028 | step 0700 | total = 3.5538 | box = 0.4356 | obj = 1.3223 | cls = 0.0534 | lr = 0.000034
epoch 028 | step 0720 | total = 3.1415 | box = 0.3692 | obj = 1.2519 | cls = 0.0437 | lr = 0.000034
epoch 028 | step 0740 | total = 3.1936 | box = 0.3826 | obj = 1.2463 | cls = 0.0343 | lr = 0.000034
epoch 028 | step 0760 | total = 2.8721 | box = 0.3385 | obj = 1.1337 | cls = 0.0456 | lr = 0.000034
epoch 028 | step 0780 | total = 3.5700 | box = 0.4223 | obj = 1.4016 | cls = 0.0570 | lr = 0.000034
epoch 028 | step 0800 | total = 3.1162 | box = 0.3459 | obj = 1.3386 | cls = 0.0481 | lr = 0.000034
epoch 028 | step 0820 | total = 3.6885 | box = 0.4539 | obj = 1.3867 | cls = 0.0325 | lr = 0.000034
epoch 028 | step 0840 | total = 2.8130 | box = 0.3008 | obj = 1.2478 | cls = 0.0615 | lr = 0.000034
epoch 028 | step 0860 | total = 3.3721 | box = 0.3983 | obj = 1.3318 | cls = 0.0490 | lr = 0.000034
epoch 028 | step 0880 | total = 2.7997 | box = 0.3055 | obj = 1.2258 | cls = 0.0462 | lr = 0.000034
epoch 028 | step 0900 | total = 3.4191 | box = 0.4007 | obj = 1.3649 | cls = 0.0510 | lr = 0.000034
epoch 028 | step 0920 | total = 3.0936 | box = 0.3559 | obj = 1.2674 | cls = 0.0465 | lr = 0.000034
[epoch 028 train] total = 3.1590 | box = 0.3573 | obj = 1.3216 | cls = 0.0511 | steps = 925 | global_batches = 7400 | samples = 118288 | time = 828.2s
[epoch 028 val] total = 4.7954 | box = 0.4712 | obj = 2.3689 | cls = 0.0706 | steps = 40 | global_batches = 320 | samples = 5000 | time = 24.1s
epoch 029 | step 0001 | total = 2.8169 | box = 0.3091 | obj = 1.2148 | cls = 0.0563 | lr = 0.000021
epoch 029 | step 0020 | total = 3.5797 | box = 0.4079 | obj = 1.4838 | cls = 0.0566 | lr = 0.000021
epoch 029 | step 0040 | total = 3.0513 | box = 0.3332 | obj = 1.3238 | cls = 0.0616 | lr = 0.000021
epoch 029 | step 0060 | total = 3.3639 | box = 0.3814 | obj = 1.4043 | cls = 0.0525 | lr = 0.000021
epoch 029 | step 0080 | total = 3.1191 | box = 0.3683 | obj = 1.2314 | cls = 0.0463 | lr = 0.000021
epoch 029 | step 0100 | total = 3.3308 | box = 0.3769 | obj = 1.3781 | cls = 0.0680 | lr = 0.000021
epoch 029 | step 0120 | total = 3.5339 | box = 0.4187 | obj = 1.3972 | cls = 0.0429 | lr = 0.000021
epoch 029 | step 0140 | total = 3.1191 | box = 0.3361 | obj = 1.3738 | cls = 0.0650 | lr = 0.000021
epoch 029 | step 0160 | total = 3.0296 | box = 0.3318 | obj = 1.3253 | cls = 0.0452 | lr = 0.000021
epoch 029 | step 0180 | total = 3.3296 | box = 0.3899 | obj = 1.3358 | cls = 0.0442 | lr = 0.000021
epoch 029 | step 0200 | total = 3.3077 | box = 0.3763 | obj = 1.3826 | cls = 0.0438 | lr = 0.000021
epoch 029 | step 0220 | total = 2.9625 | box = 0.3315 | obj = 1.2539 | cls = 0.0510 | lr = 0.000021
epoch 029 | step 0240 | total = 3.0791 | box = 0.3529 | obj = 1.2665 | cls = 0.0479 | lr = 0.000021
epoch 029 | step 0260 | total = 2.7077 | box = 0.2947 | obj = 1.1887 | cls = 0.0455 | lr = 0.000021
epoch 029 | step 0280 | total = 3.2737 | box = 0.3885 | obj = 1.2760 | cls = 0.0551 | lr = 0.000021
epoch 029 | step 0300 | total = 2.6487 | box = 0.2754 | obj = 1.2284 | cls = 0.0435 | lr = 0.000021
epoch 029 | step 0320 | total = 2.8908 | box = 0.3286 | obj = 1.2101 | cls = 0.0377 | lr = 0.000021
epoch 029 | step 0340 | total = 3.4731 | box = 0.4215 | obj = 1.3143 | cls = 0.0511 | lr = 0.000021
epoch 029 | step 0360 | total = 2.9393 | box = 0.3235 | obj = 1.2679 | cls = 0.0536 | lr = 0.000021
epoch 029 | step 0380 | total = 3.0510 | box = 0.3355 | obj = 1.3348 | cls = 0.0387 | lr = 0.000021
epoch 029 | step 0400 | total = 3.0884 | box = 0.3270 | obj = 1.3886 | cls = 0.0648 | lr = 0.000021
epoch 029 | step 0420 | total = 3.0303 | box = 0.3451 | obj = 1.2538 | cls = 0.0509 | lr = 0.000021
epoch 029 | step 0440 | total = 3.4108 | box = 0.3837 | obj = 1.4300 | cls = 0.0622 | lr = 0.000021
epoch 029 | step 0460 | total = 2.8297 | box = 0.3161 | obj = 1.1993 | cls = 0.0500 | lr = 0.000021
epoch 029 | step 0480 | total = 2.6329 | box = 0.2713 | obj = 1.2180 | cls = 0.0586 | lr = 0.000021
epoch 029 | step 0500 | total = 3.5735 | box = 0.4396 | obj = 1.3240 | cls = 0.0513 | lr = 0.000021
epoch 029 | step 0520 | total = 2.9814 | box = 0.3364 | obj = 1.2489 | cls = 0.0505 | lr = 0.000021
epoch 029 | step 0540 | total = 3.1554 | box = 0.3582 | obj = 1.3208 | cls = 0.0436 | lr = 0.000021
epoch 029 | step 0560 | total = 3.2059 | box = 0.3763 | obj = 1.2876 | cls = 0.0368 | lr = 0.000021
epoch 029 | step 0580 | total = 3.1797 | box = 0.3543 | obj = 1.3679 | cls = 0.0404 | lr = 0.000021
epoch 029 | step 0600 | total = 3.2628 | box = 0.3918 | obj = 1.2736 | cls = 0.0302 | lr = 0.000021
epoch 029 | step 0620 | total = 3.6483 | box = 0.4227 | obj = 1.4822 | cls = 0.0524 | lr = 0.000021
epoch 029 | step 0640 | total = 2.7351 | box = 0.3118 | obj = 1.1375 | cls = 0.0387 | lr = 0.000021
epoch 029 | step 0660 | total = 3.1323 | box = 0.3577 | obj = 1.3059 | cls = 0.0381 | lr = 0.000021
epoch 029 | step 0680 | total = 3.2512 | box = 0.3803 | obj = 1.2987 | cls = 0.0512 | lr = 0.000021
epoch 029 | step 0700 | total = 3.3278 | box = 0.3696 | obj = 1.4241 | cls = 0.0558 | lr = 0.000021
epoch 029 | step 0720 | total = 3.1662 | box = 0.3621 | obj = 1.2979 | cls = 0.0576 | lr = 0.000021
epoch 029 | step 0740 | total = 3.0358 | box = 0.3399 | obj = 1.2884 | cls = 0.0481 | lr = 0.000021
epoch 029 | step 0760 | total = 2.9965 | box = 0.3394 | obj = 1.2546 | cls = 0.0450 | lr = 0.000021
epoch 029 | step 0780 | total = 3.0160 | box = 0.3363 | obj = 1.2887 | cls = 0.0455 | lr = 0.000021
epoch 029 | step 0800 | total = 3.3953 | box = 0.4003 | obj = 1.3293 | cls = 0.0645 | lr = 0.000021
epoch 029 | step 0820 | total = 3.4760 | box = 0.4341 | obj = 1.2589 | cls = 0.0465 | lr = 0.000021
epoch 029 | step 0840 | total = 3.0644 | box = 0.3452 | obj = 1.2883 | cls = 0.0502 | lr = 0.000021
epoch 029 | step 0860 | total = 3.1434 | box = 0.3701 | obj = 1.2443 | cls = 0.0488 | lr = 0.000021
epoch 029 | step 0880 | total = 3.3481 | box = 0.3745 | obj = 1.4103 | cls = 0.0654 | lr = 0.000021
epoch 029 | step 0900 | total = 3.1281 | box = 0.3656 | obj = 1.2537 | cls = 0.0465 | lr = 0.000021
epoch 029 | step 0920 | total = 3.1845 | box = 0.3575 | obj = 1.3538 | cls = 0.0430 | lr = 0.000021
[epoch 029 train] total = 3.1334 | box = 0.3545 | obj = 1.3102 | cls = 0.0508 | steps = 925 | global_batches = 7400 | samples = 118288 | time = 826.9s
[epoch 029 val] total = 4.9471 | box = 0.4720 | obj = 2.5165 | cls = 0.0706 | steps = 40 | global_batches = 320 | samples = 5000 | time = 24.2s
epoch 030 | step 0001 | total = 3.0993 | box = 0.3388 | obj = 1.3657 | cls = 0.0396 | lr = 0.000013
epoch 030 | step 0020 | total = 3.2142 | box = 0.3682 | obj = 1.3341 | cls = 0.0393 | lr = 0.000013
epoch 030 | step 0040 | total = 3.1521 | box = 0.3514 | obj = 1.3348 | cls = 0.0605 | lr = 0.000013
epoch 030 | step 0060 | total = 3.2589 | box = 0.3850 | obj = 1.2788 | cls = 0.0550 | lr = 0.000013
epoch 030 | step 0080 | total = 3.4387 | box = 0.3912 | obj = 1.4323 | cls = 0.0507 | lr = 0.000013
epoch 030 | step 0100 | total = 2.7495 | box = 0.3033 | obj = 1.1814 | cls = 0.0516 | lr = 0.000013
epoch 030 | step 0120 | total = 2.9453 | box = 0.3252 | obj = 1.2762 | cls = 0.0430 | lr = 0.000013
epoch 030 | step 0140 | total = 3.4223 | box = 0.4020 | obj = 1.3635 | cls = 0.0488 | lr = 0.000013
epoch 030 | step 0160 | total = 3.2336 | box = 0.3568 | obj = 1.3954 | cls = 0.0542 | lr = 0.000013
epoch 030 | step 0180 | total = 2.8678 | box = 0.3243 | obj = 1.2091 | cls = 0.0372 | lr = 0.000013
epoch 030 | step 0200 | total = 3.4812 | box = 0.4236 | obj = 1.3187 | cls = 0.0447 | lr = 0.000013
epoch 030 | step 0220 | total = 2.5090 | box = 0.2701 | obj = 1.1027 | cls = 0.0559 | lr = 0.000013
epoch 030 | step 0240 | total = 2.9053 | box = 0.3097 | obj = 1.3049 | cls = 0.0520 | lr = 0.000013
epoch 030 | step 0260 | total = 3.0928 | box = 0.3544 | obj = 1.2613 | cls = 0.0593 | lr = 0.000013
epoch 030 | step 0280 | total = 3.1249 | box = 0.3732 | obj = 1.2032 | cls = 0.0557 | lr = 0.000013
epoch 030 | step 0300 | total = 3.7098 | box = 0.4178 | obj = 1.5773 | cls = 0.0434 | lr = 0.000013
epoch 030 | step 0320 | total = 3.4121 | box = 0.4256 | obj = 1.2253 | cls = 0.0588 | lr = 0.000013
epoch 030 | step 0340 | total = 3.0703 | box = 0.3404 | obj = 1.3116 | cls = 0.0567 | lr = 0.000013
epoch 030 | step 0360 | total = 2.8955 | box = 0.2999 | obj = 1.3430 | cls = 0.0532 | lr = 0.000013
epoch 030 | step 0380 | total = 3.3373 | box = 0.3751 | obj = 1.3999 | cls = 0.0617 | lr = 0.000013
epoch 030 | step 0400 | total = 3.2523 | box = 0.3849 | obj = 1.2792 | cls = 0.0486 | lr = 0.000013
epoch 030 | step 0420 | total = 3.2351 | box = 0.3783 | obj = 1.2774 | cls = 0.0659 | lr = 0.000013
epoch 030 | step 0440 | total = 3.1974 | box = 0.3484 | obj = 1.4107 | cls = 0.0445 | lr = 0.000013
epoch 030 | step 0460 | total = 3.1876 | box = 0.3674 | obj = 1.2945 | cls = 0.0562 | lr = 0.000013
epoch 030 | step 0480 | total = 3.1491 | box = 0.3363 | obj = 1.4207 | cls = 0.0468 | lr = 0.000013
epoch 030 | step 0500 | total = 2.7889 | box = 0.3006 | obj = 1.2355 | cls = 0.0506 | lr = 0.000013
epoch 030 | step 0520 | total = 3.6138 | box = 0.4185 | obj = 1.4620 | cls = 0.0593 | lr = 0.000013
epoch 030 | step 0540 | total = 3.2689 | box = 0.3742 | obj = 1.3537 | cls = 0.0442 | lr = 0.000013
epoch 030 | step 0560 | total = 3.5160 | box = 0.3913 | obj = 1.4989 | cls = 0.0605 | lr = 0.000013
epoch 030 | step 0580 | total = 3.2537 | box = 0.4056 | obj = 1.1826 | cls = 0.0433 | lr = 0.000013
epoch 030 | step 0600 | total = 2.8235 | box = 0.3071 | obj = 1.2450 | cls = 0.0432 | lr = 0.000013
epoch 030 | step 0620 | total = 3.5126 | box = 0.4218 | obj = 1.3602 | cls = 0.0433 | lr = 0.000013
epoch 030 | step 0640 | total = 3.3646 | box = 0.3977 | obj = 1.3271 | cls = 0.0493 | lr = 0.000013
epoch 030 | step 0660 | total = 3.2548 | box = 0.3622 | obj = 1.3986 | cls = 0.0453 | lr = 0.000013
epoch 030 | step 0680 | total = 3.1832 | box = 0.3549 | obj = 1.3631 | cls = 0.0457 | lr = 0.000013
epoch 030 | step 0700 | total = 2.9202 | box = 0.3258 | obj = 1.2318 | cls = 0.0593 | lr = 0.000013
epoch 030 | step 0720 | total = 3.2828 | box = 0.3639 | obj = 1.4058 | cls = 0.0576 | lr = 0.000013
epoch 030 | step 0740 | total = 2.9271 | box = 0.3284 | obj = 1.2348 | cls = 0.0501 | lr = 0.000013
epoch 030 | step 0760 | total = 2.9031 | box = 0.2978 | obj = 1.3491 | cls = 0.0648 | lr = 0.000013
epoch 030 | step 0780 | total = 2.7653 | box = 0.3168 | obj = 1.1346 | cls = 0.0467 | lr = 0.000013
epoch 030 | step 0800 | total = 2.7307 | box = 0.2933 | obj = 1.1954 | cls = 0.0686 | lr = 0.000013
epoch 030 | step 0820 | total = 3.3246 | box = 0.3873 | obj = 1.3315 | cls = 0.0567 | lr = 0.000013
epoch 030 | step 0840 | total = 3.2815 | box = 0.3937 | obj = 1.2728 | cls = 0.0405 | lr = 0.000013
epoch 030 | step 0860 | total = 2.9468 | box = 0.3338 | obj = 1.2373 | cls = 0.0407 | lr = 0.000013
epoch 030 | step 0880 | total = 3.0448 | box = 0.3346 | obj = 1.3170 | cls = 0.0549 | lr = 0.000013
epoch 030 | step 0900 | total = 3.3035 | box = 0.3920 | obj = 1.2998 | cls = 0.0440 | lr = 0.000013
epoch 030 | step 0920 | total = 3.3872 | box = 0.3935 | obj = 1.3667 | cls = 0.0530 | lr = 0.000013
[epoch 030 train] total = 3.1161 | box = 0.3526 | obj = 1.3027 | cls = 0.0506 | steps = 925 | global_batches = 7400 | samples = 118288 | time = 826.4s
[epoch 030 val] total = 4.8700 | box = 0.4713 | obj = 2.4424 | cls = 0.0712 | steps = 40 | global_batches = 320 | samples = 5000 | time = 24.0s
training status: completed
result summary: logs/records/dual_scale_three_box_coco_only_noobj1_416_p3p4p5_k9_scaleaware_ddp_20260502_141852/result.txt
