session=train_416_basic_aug_40
config=configs/dual_scale_three_box_coco_only_noobj1_416_basic_aug_40.toml
log=logs/training_tmux/dual_scale_three_box_coco_only_noobj1_416_basic_aug_40_ddp_20260508_235719.log
stage=train_ddp_8gpu
W0508 23:57:21.136000 1675850 site-packages/torch/distributed/run.py:851] 
W0508 23:57:21.136000 1675850 site-packages/torch/distributed/run.py:851] *****************************************
W0508 23:57:21.136000 1675850 site-packages/torch/distributed/run.py:851] Setting OMP_NUM_THREADS environment variable for each process to be 1 in default, to avoid your system being overloaded, please further tune the variable for optimal performance in your application as needed. 
W0508 23:57:21.136000 1675850 site-packages/torch/distributed/run.py:851] *****************************************
DDP mode: ignoring train.use_data_parallel from config.
dataset storage train: pt | index = /home/lidz/YOLO/DataSet/Unified/packed/pt/coco2017_train/chunk_1024/index.json | chunks = 116 | samples = 118287 | chunk_size = 1024
dataset storage val: pt | index = /home/lidz/YOLO/DataSet/Unified/packed/pt/coco2017_val/chunk_1024/index.json | chunks = 5 | samples = 5000 | chunk_size = 1024
/home/lidz/miniconda3/envs/yolov1/lib/python3.10/site-packages/torch/distributed/c10d_logger.py:83: UserWarning: barrier(): using the device under current context. You can specify `device_id` in `init_process_group` to mute this warning.
  return func(*args, **kwargs)
DDP configured global batch size: 128
DDP per-rank batch size: 16
DDP effective global batch size: 128
DDP configured workers: 64
DDP per-rank workers: 8
starting yolov0 DDP training
run id: dual_scale_three_box_coco_only_noobj1_416_basic_aug_40_ddp_20260508_235724
device: cuda:0
backend: nccl
world size: 8
train dataset length: 118287
val dataset length: 5000
model output shape: {'p4': (1, 26, 26, 255), 'p5': (1, 13, 13, 255)}
train augmentation: {'enabled': True, 'horizontal_flip_p': 0.5, 'color_jitter_p': 0.8, 'brightness': 0.15, 'contrast': 0.15, 'saturation': 0.15, 'affine_p': 0.3, 'degrees': 3.0, 'translate': 0.04, 'scale_min': 0.96, 'scale_max': 1.04, 'shear': 0.0, 'min_box_size': 1.0}
parameter total: 36531294
parameter trainable: 36531294
tensorboard dir: runs/dual_scale_three_box_coco_only_noobj1_416_basic_aug_40_ddp_20260508_235724
output dir: outputs/dual_scale_three_box_coco_only_noobj1_416_basic_aug_40_ddp_20260508_235724
epoch 001 | step 0001 | total = 11.3930 | box = 1.3882 | obj = 3.0280 | cls = 1.4240 | lr = 0.001000
epoch 001 | step 0020 | total = 8.2660 | box = 1.1872 | obj = 2.1304 | cls = 0.1998 | lr = 0.001000
epoch 001 | step 0040 | total = 7.8658 | box = 1.1547 | obj = 2.0058 | cls = 0.0865 | lr = 0.001000
epoch 001 | step 0060 | total = 7.7938 | box = 1.1387 | obj = 2.0240 | cls = 0.0766 | lr = 0.001000
epoch 001 | step 0080 | total = 8.0194 | box = 1.2019 | obj = 1.9427 | cls = 0.0672 | lr = 0.001000
epoch 001 | step 0100 | total = 7.7033 | box = 1.1562 | obj = 1.8647 | cls = 0.0574 | lr = 0.001000
epoch 001 | step 0120 | total = 8.0479 | box = 1.2017 | obj = 1.9813 | cls = 0.0582 | lr = 0.001000
epoch 001 | step 0140 | total = 7.3051 | box = 1.0399 | obj = 2.0432 | cls = 0.0621 | lr = 0.001000
epoch 001 | step 0160 | total = 7.4192 | box = 1.0620 | obj = 2.0399 | cls = 0.0696 | lr = 0.001000
epoch 001 | step 0180 | total = 7.2171 | box = 1.0202 | obj = 2.0490 | cls = 0.0668 | lr = 0.001000
epoch 001 | step 0200 | total = 7.0391 | box = 0.9840 | obj = 2.0546 | cls = 0.0648 | lr = 0.001000
epoch 001 | step 0220 | total = 6.9597 | box = 0.9524 | obj = 2.1308 | cls = 0.0668 | lr = 0.001000
epoch 001 | step 0240 | total = 7.4441 | box = 1.0965 | obj = 1.8993 | cls = 0.0621 | lr = 0.001000
epoch 001 | step 0260 | total = 7.2744 | box = 1.0540 | obj = 1.9449 | cls = 0.0597 | lr = 0.001000
epoch 001 | step 0280 | total = 7.6022 | box = 1.1262 | obj = 1.9177 | cls = 0.0535 | lr = 0.001000
epoch 001 | step 0300 | total = 7.9189 | box = 1.2005 | obj = 1.8583 | cls = 0.0582 | lr = 0.001000
epoch 001 | step 0320 | total = 7.2054 | box = 1.0322 | obj = 1.9866 | cls = 0.0579 | lr = 0.001000
epoch 001 | step 0340 | total = 7.0762 | box = 0.9862 | obj = 2.0827 | cls = 0.0623 | lr = 0.001000
epoch 001 | step 0360 | total = 7.3366 | box = 1.0758 | obj = 1.9030 | cls = 0.0549 | lr = 0.001000
epoch 001 | step 0380 | total = 6.5899 | box = 0.9099 | obj = 1.9650 | cls = 0.0755 | lr = 0.001000
epoch 001 | step 0400 | total = 6.6799 | box = 0.9156 | obj = 2.0341 | cls = 0.0677 | lr = 0.001000
epoch 001 | step 0420 | total = 7.5933 | box = 1.1155 | obj = 1.9575 | cls = 0.0582 | lr = 0.001000
epoch 001 | step 0440 | total = 6.9710 | box = 1.0071 | obj = 1.8705 | cls = 0.0648 | lr = 0.001000
epoch 001 | step 0460 | total = 7.8935 | box = 1.2129 | obj = 1.7787 | cls = 0.0503 | lr = 0.001000
epoch 001 | step 0480 | total = 7.7193 | box = 1.1704 | obj = 1.8174 | cls = 0.0500 | lr = 0.001000
epoch 001 | step 0500 | total = 7.3106 | box = 1.0787 | obj = 1.8632 | cls = 0.0540 | lr = 0.001000
epoch 001 | step 0520 | total = 7.1712 | box = 1.0222 | obj = 1.9986 | cls = 0.0617 | lr = 0.001000
epoch 001 | step 0540 | total = 7.1356 | box = 1.0157 | obj = 1.9936 | cls = 0.0636 | lr = 0.001000
epoch 001 | step 0560 | total = 6.7351 | box = 0.9381 | obj = 1.9859 | cls = 0.0586 | lr = 0.001000
epoch 001 | step 0580 | total = 7.4842 | box = 1.1306 | obj = 1.7793 | cls = 0.0518 | lr = 0.001000
epoch 001 | step 0600 | total = 7.4691 | box = 1.1073 | obj = 1.8810 | cls = 0.0513 | lr = 0.001000
epoch 001 | step 0620 | total = 6.8617 | box = 0.9599 | obj = 2.0063 | cls = 0.0559 | lr = 0.001000
epoch 001 | step 0640 | total = 6.3666 | box = 0.8699 | obj = 1.9612 | cls = 0.0560 | lr = 0.001000
epoch 001 | step 0660 | total = 6.7939 | box = 0.9628 | obj = 1.9189 | cls = 0.0610 | lr = 0.001000
epoch 001 | step 0680 | total = 6.5385 | box = 0.8907 | obj = 2.0212 | cls = 0.0636 | lr = 0.001000
epoch 001 | step 0700 | total = 6.6978 | box = 0.9180 | obj = 2.0480 | cls = 0.0597 | lr = 0.001000
epoch 001 | step 0720 | total = 7.0125 | box = 1.0137 | obj = 1.8871 | cls = 0.0569 | lr = 0.001000
epoch 001 | step 0740 | total = 6.6263 | box = 0.9365 | obj = 1.8848 | cls = 0.0589 | lr = 0.001000
epoch 001 | step 0760 | total = 6.4839 | box = 0.8952 | obj = 1.9364 | cls = 0.0714 | lr = 0.001000
epoch 001 | step 0780 | total = 6.4928 | box = 0.8829 | obj = 2.0162 | cls = 0.0623 | lr = 0.001000
epoch 001 | step 0800 | total = 5.5759 | box = 0.7178 | obj = 1.9143 | cls = 0.0726 | lr = 0.001000
epoch 001 | step 0820 | total = 6.2487 | box = 0.8383 | obj = 1.9909 | cls = 0.0664 | lr = 0.001000
epoch 001 | step 0840 | total = 6.0354 | box = 0.7749 | obj = 2.0852 | cls = 0.0756 | lr = 0.001000
epoch 001 | step 0860 | total = 6.3543 | box = 0.8985 | obj = 1.8099 | cls = 0.0520 | lr = 0.001000
epoch 001 | step 0880 | total = 6.1395 | box = 0.7986 | obj = 2.0795 | cls = 0.0670 | lr = 0.001000
epoch 001 | step 0900 | total = 6.6175 | box = 0.9419 | obj = 1.8599 | cls = 0.0479 | lr = 0.001000
epoch 001 | step 0920 | total = 6.9003 | box = 0.9992 | obj = 1.8503 | cls = 0.0541 | lr = 0.001000
[epoch 001 train] total = 7.1941 | box = 1.0354 | obj = 1.9417 | cls = 0.0753 | steps = 925 | global_batches = 7400 | samples = 118288 | time = 808.9s
[epoch 001 val] total = 6.7620 | box = 0.9548 | obj = 1.9291 | cls = 0.0588 | steps = 40 | global_batches = 320 | samples = 5000 | time = 20.3s
epoch 002 | step 0001 | total = 6.1478 | box = 0.8295 | obj = 1.9454 | cls = 0.0550 | lr = 0.000998
epoch 002 | step 0020 | total = 6.3562 | box = 0.8892 | obj = 1.8563 | cls = 0.0538 | lr = 0.000998
epoch 002 | step 0040 | total = 6.9205 | box = 0.9952 | obj = 1.8890 | cls = 0.0555 | lr = 0.000998
epoch 002 | step 0060 | total = 6.8851 | box = 1.0073 | obj = 1.7986 | cls = 0.0500 | lr = 0.000998
epoch 002 | step 0080 | total = 6.6803 | box = 0.9365 | obj = 1.9362 | cls = 0.0615 | lr = 0.000998
epoch 002 | step 0100 | total = 6.1277 | box = 0.8509 | obj = 1.8220 | cls = 0.0514 | lr = 0.000998
epoch 002 | step 0120 | total = 6.2872 | box = 0.8707 | obj = 1.8786 | cls = 0.0549 | lr = 0.000998
epoch 002 | step 0140 | total = 6.7127 | box = 0.9769 | obj = 1.7730 | cls = 0.0553 | lr = 0.000998
epoch 002 | step 0160 | total = 7.0415 | box = 1.0190 | obj = 1.8926 | cls = 0.0540 | lr = 0.000998
epoch 002 | step 0180 | total = 5.9642 | box = 0.8010 | obj = 1.8918 | cls = 0.0675 | lr = 0.000998
epoch 002 | step 0200 | total = 6.7276 | box = 0.9386 | obj = 1.9740 | cls = 0.0608 | lr = 0.000998
epoch 002 | step 0220 | total = 6.3455 | box = 0.8844 | obj = 1.8744 | cls = 0.0490 | lr = 0.000998
epoch 002 | step 0240 | total = 5.7944 | box = 0.7395 | obj = 2.0224 | cls = 0.0745 | lr = 0.000998
epoch 002 | step 0260 | total = 6.8234 | box = 0.9882 | obj = 1.8259 | cls = 0.0563 | lr = 0.000998
epoch 002 | step 0280 | total = 6.9627 | box = 1.0191 | obj = 1.8158 | cls = 0.0515 | lr = 0.000998
epoch 002 | step 0300 | total = 6.8269 | box = 0.9811 | obj = 1.8623 | cls = 0.0588 | lr = 0.000998
epoch 002 | step 0320 | total = 6.7065 | box = 0.9608 | obj = 1.8482 | cls = 0.0542 | lr = 0.000998
epoch 002 | step 0340 | total = 6.4380 | box = 0.8450 | obj = 2.1450 | cls = 0.0680 | lr = 0.000998
epoch 002 | step 0360 | total = 5.7951 | box = 0.7823 | obj = 1.8255 | cls = 0.0584 | lr = 0.000998
epoch 002 | step 0380 | total = 6.6389 | box = 0.9717 | obj = 1.7247 | cls = 0.0555 | lr = 0.000998
epoch 002 | step 0400 | total = 6.9223 | box = 1.0077 | obj = 1.8337 | cls = 0.0500 | lr = 0.000998
epoch 002 | step 0420 | total = 5.9223 | box = 0.8059 | obj = 1.8290 | cls = 0.0637 | lr = 0.000998
epoch 002 | step 0440 | total = 6.1735 | box = 0.8315 | obj = 1.9605 | cls = 0.0554 | lr = 0.000998
epoch 002 | step 0460 | total = 6.7547 | box = 0.9673 | obj = 1.8613 | cls = 0.0570 | lr = 0.000998
epoch 002 | step 0480 | total = 5.6540 | box = 0.7626 | obj = 1.7825 | cls = 0.0585 | lr = 0.000998
epoch 002 | step 0500 | total = 5.6563 | box = 0.7587 | obj = 1.7968 | cls = 0.0657 | lr = 0.000998
epoch 002 | step 0520 | total = 6.1347 | box = 0.8444 | obj = 1.8555 | cls = 0.0574 | lr = 0.000998
epoch 002 | step 0540 | total = 6.8945 | box = 1.0251 | obj = 1.7235 | cls = 0.0454 | lr = 0.000998
epoch 002 | step 0560 | total = 6.3139 | box = 0.8672 | obj = 1.9196 | cls = 0.0582 | lr = 0.000998
epoch 002 | step 0580 | total = 5.7763 | box = 0.7496 | obj = 1.9749 | cls = 0.0533 | lr = 0.000998
epoch 002 | step 0600 | total = 6.3168 | box = 0.8669 | obj = 1.9254 | cls = 0.0568 | lr = 0.000998
epoch 002 | step 0620 | total = 5.6020 | box = 0.7617 | obj = 1.7390 | cls = 0.0544 | lr = 0.000998
epoch 002 | step 0640 | total = 5.4046 | box = 0.6677 | obj = 1.9937 | cls = 0.0724 | lr = 0.000998
epoch 002 | step 0660 | total = 5.8479 | box = 0.7944 | obj = 1.8222 | cls = 0.0536 | lr = 0.000998
epoch 002 | step 0680 | total = 5.5279 | box = 0.7239 | obj = 1.8480 | cls = 0.0603 | lr = 0.000998
epoch 002 | step 0700 | total = 6.8312 | box = 0.9819 | obj = 1.8723 | cls = 0.0496 | lr = 0.000998
epoch 002 | step 0720 | total = 6.2108 | box = 0.8534 | obj = 1.8791 | cls = 0.0645 | lr = 0.000998
epoch 002 | step 0740 | total = 6.9250 | box = 1.0270 | obj = 1.7453 | cls = 0.0448 | lr = 0.000998
epoch 002 | step 0760 | total = 7.3888 | box = 1.1043 | obj = 1.8173 | cls = 0.0499 | lr = 0.000998
epoch 002 | step 0780 | total = 6.1502 | box = 0.8549 | obj = 1.8153 | cls = 0.0605 | lr = 0.000998
epoch 002 | step 0800 | total = 5.7288 | box = 0.7596 | obj = 1.8591 | cls = 0.0715 | lr = 0.000998
epoch 002 | step 0820 | total = 6.3965 | box = 0.8971 | obj = 1.8559 | cls = 0.0550 | lr = 0.000998
epoch 002 | step 0840 | total = 6.1558 | box = 0.8486 | obj = 1.8548 | cls = 0.0580 | lr = 0.000998
epoch 002 | step 0860 | total = 6.5333 | box = 0.9542 | obj = 1.7156 | cls = 0.0466 | lr = 0.000998
epoch 002 | step 0880 | total = 6.4315 | box = 0.9218 | obj = 1.7677 | cls = 0.0548 | lr = 0.000998
epoch 002 | step 0900 | total = 6.3404 | box = 0.9089 | obj = 1.7485 | cls = 0.0472 | lr = 0.000998
epoch 002 | step 0920 | total = 6.3008 | box = 0.8966 | obj = 1.7655 | cls = 0.0525 | lr = 0.000998
[epoch 002 train] total = 6.3538 | box = 0.8884 | obj = 1.8553 | cls = 0.0565 | steps = 925 | global_batches = 7400 | samples = 118288 | time = 812.2s
[epoch 002 val] total = 6.2148 | box = 0.8653 | obj = 1.8334 | cls = 0.0550 | steps = 40 | global_batches = 320 | samples = 5000 | time = 21.3s
epoch 003 | step 0001 | total = 5.9861 | box = 0.8380 | obj = 1.7432 | cls = 0.0529 | lr = 0.000994
epoch 003 | step 0020 | total = 6.6409 | box = 0.9603 | obj = 1.7894 | cls = 0.0500 | lr = 0.000994
epoch 003 | step 0040 | total = 5.9731 | box = 0.8278 | obj = 1.7730 | cls = 0.0611 | lr = 0.000994
epoch 003 | step 0060 | total = 6.7175 | box = 0.9752 | obj = 1.7934 | cls = 0.0480 | lr = 0.000994
epoch 003 | step 0080 | total = 5.8346 | box = 0.7722 | obj = 1.9112 | cls = 0.0625 | lr = 0.000994
epoch 003 | step 0100 | total = 6.0390 | box = 0.8486 | obj = 1.7451 | cls = 0.0507 | lr = 0.000994
epoch 003 | step 0120 | total = 6.6405 | box = 0.9696 | obj = 1.7396 | cls = 0.0529 | lr = 0.000994
epoch 003 | step 0140 | total = 6.3015 | box = 0.9034 | obj = 1.7413 | cls = 0.0430 | lr = 0.000994
epoch 003 | step 0160 | total = 6.5539 | box = 0.9284 | obj = 1.8564 | cls = 0.0554 | lr = 0.000994
epoch 003 | step 0180 | total = 6.9353 | box = 1.0247 | obj = 1.7643 | cls = 0.0477 | lr = 0.000994
epoch 003 | step 0200 | total = 5.4292 | box = 0.7002 | obj = 1.8607 | cls = 0.0673 | lr = 0.000994
epoch 003 | step 0220 | total = 6.3685 | box = 0.9402 | obj = 1.6221 | cls = 0.0453 | lr = 0.000994
epoch 003 | step 0240 | total = 5.6732 | box = 0.7730 | obj = 1.7593 | cls = 0.0491 | lr = 0.000994
epoch 003 | step 0260 | total = 5.9289 | box = 0.8134 | obj = 1.8005 | cls = 0.0615 | lr = 0.000994
epoch 003 | step 0280 | total = 5.2578 | box = 0.6651 | obj = 1.8672 | cls = 0.0652 | lr = 0.000994
epoch 003 | step 0300 | total = 6.0788 | box = 0.8256 | obj = 1.8916 | cls = 0.0593 | lr = 0.000994
epoch 003 | step 0320 | total = 6.0473 | box = 0.8034 | obj = 1.9643 | cls = 0.0661 | lr = 0.000994
epoch 003 | step 0340 | total = 6.1708 | box = 0.8699 | obj = 1.7699 | cls = 0.0512 | lr = 0.000994
epoch 003 | step 0360 | total = 5.9960 | box = 0.8476 | obj = 1.7031 | cls = 0.0547 | lr = 0.000994
epoch 003 | step 0380 | total = 5.5724 | box = 0.7644 | obj = 1.6995 | cls = 0.0508 | lr = 0.000994
epoch 003 | step 0400 | total = 5.7147 | box = 0.7793 | obj = 1.7631 | cls = 0.0550 | lr = 0.000994
epoch 003 | step 0420 | total = 6.6403 | box = 0.9641 | obj = 1.7755 | cls = 0.0444 | lr = 0.000994
epoch 003 | step 0440 | total = 6.0618 | box = 0.8094 | obj = 1.9585 | cls = 0.0561 | lr = 0.000994
epoch 003 | step 0460 | total = 5.7449 | box = 0.7622 | obj = 1.8765 | cls = 0.0572 | lr = 0.000994
epoch 003 | step 0480 | total = 5.6394 | box = 0.7627 | obj = 1.7743 | cls = 0.0516 | lr = 0.000994
epoch 003 | step 0500 | total = 5.6968 | box = 0.7254 | obj = 2.0099 | cls = 0.0602 | lr = 0.000994
epoch 003 | step 0520 | total = 6.2415 | box = 0.8438 | obj = 1.9697 | cls = 0.0530 | lr = 0.000994
epoch 003 | step 0540 | total = 6.0797 | box = 0.8450 | obj = 1.7975 | cls = 0.0571 | lr = 0.000994
epoch 003 | step 0560 | total = 5.9190 | box = 0.8056 | obj = 1.8277 | cls = 0.0632 | lr = 0.000994
epoch 003 | step 0580 | total = 6.8618 | box = 0.9947 | obj = 1.8371 | cls = 0.0510 | lr = 0.000994
epoch 003 | step 0600 | total = 6.1080 | box = 0.8647 | obj = 1.7359 | cls = 0.0488 | lr = 0.000994
epoch 003 | step 0620 | total = 5.9833 | box = 0.8423 | obj = 1.7281 | cls = 0.0436 | lr = 0.000994
epoch 003 | step 0640 | total = 6.5346 | box = 0.9174 | obj = 1.9025 | cls = 0.0450 | lr = 0.000994
epoch 003 | step 0660 | total = 6.2487 | box = 0.8535 | obj = 1.9245 | cls = 0.0569 | lr = 0.000994
epoch 003 | step 0680 | total = 5.4332 | box = 0.7083 | obj = 1.8422 | cls = 0.0494 | lr = 0.000994
epoch 003 | step 0700 | total = 5.4323 | box = 0.6936 | obj = 1.9016 | cls = 0.0628 | lr = 0.000994
epoch 003 | step 0720 | total = 5.2956 | box = 0.7100 | obj = 1.6918 | cls = 0.0540 | lr = 0.000994
epoch 003 | step 0740 | total = 6.3170 | box = 0.9019 | obj = 1.7583 | cls = 0.0492 | lr = 0.000994
epoch 003 | step 0760 | total = 5.9611 | box = 0.8091 | obj = 1.8609 | cls = 0.0547 | lr = 0.000994
epoch 003 | step 0780 | total = 5.9868 | box = 0.7935 | obj = 1.9603 | cls = 0.0592 | lr = 0.000994
epoch 003 | step 0800 | total = 5.8666 | box = 0.8185 | obj = 1.7204 | cls = 0.0535 | lr = 0.000994
epoch 003 | step 0820 | total = 5.2380 | box = 0.6833 | obj = 1.7673 | cls = 0.0540 | lr = 0.000994
epoch 003 | step 0840 | total = 6.2977 | box = 0.8520 | obj = 1.9833 | cls = 0.0546 | lr = 0.000994
epoch 003 | step 0860 | total = 6.9134 | box = 1.0252 | obj = 1.7342 | cls = 0.0531 | lr = 0.000994
epoch 003 | step 0880 | total = 5.9168 | box = 0.8225 | obj = 1.7497 | cls = 0.0545 | lr = 0.000994
epoch 003 | step 0900 | total = 5.5392 | box = 0.7573 | obj = 1.6833 | cls = 0.0694 | lr = 0.000994
epoch 003 | step 0920 | total = 5.7813 | box = 0.7790 | obj = 1.8319 | cls = 0.0543 | lr = 0.000994
[epoch 003 train] total = 6.0103 | box = 0.8310 | obj = 1.8011 | cls = 0.0542 | steps = 925 | global_batches = 7400 | samples = 118288 | time = 808.1s
[epoch 003 val] total = 6.1212 | box = 0.8506 | obj = 1.8150 | cls = 0.0530 | steps = 40 | global_batches = 320 | samples = 5000 | time = 21.5s
epoch 004 | step 0001 | total = 6.0616 | box = 0.8265 | obj = 1.8780 | cls = 0.0509 | lr = 0.000986
epoch 004 | step 0020 | total = 6.0821 | box = 0.8615 | obj = 1.7234 | cls = 0.0515 | lr = 0.000986
epoch 004 | step 0040 | total = 5.8066 | box = 0.8064 | obj = 1.7278 | cls = 0.0467 | lr = 0.000986
epoch 004 | step 0060 | total = 6.2923 | box = 0.8981 | obj = 1.7554 | cls = 0.0465 | lr = 0.000986
epoch 004 | step 0080 | total = 6.5116 | box = 0.9054 | obj = 1.9309 | cls = 0.0537 | lr = 0.000986
epoch 004 | step 0100 | total = 5.5685 | box = 0.7633 | obj = 1.6904 | cls = 0.0616 | lr = 0.000986
epoch 004 | step 0120 | total = 5.3853 | box = 0.6725 | obj = 1.9607 | cls = 0.0622 | lr = 0.000986
epoch 004 | step 0140 | total = 4.9461 | box = 0.6185 | obj = 1.7940 | cls = 0.0595 | lr = 0.000986
epoch 004 | step 0160 | total = 7.0281 | box = 1.0274 | obj = 1.8293 | cls = 0.0616 | lr = 0.000986
epoch 004 | step 0180 | total = 5.9179 | box = 0.8281 | obj = 1.7330 | cls = 0.0445 | lr = 0.000986
epoch 004 | step 0200 | total = 5.6446 | box = 0.7524 | obj = 1.8310 | cls = 0.0518 | lr = 0.000986
epoch 004 | step 0220 | total = 5.3618 | box = 0.7080 | obj = 1.7627 | cls = 0.0591 | lr = 0.000986
epoch 004 | step 0240 | total = 6.5102 | box = 0.9518 | obj = 1.7079 | cls = 0.0434 | lr = 0.000986
epoch 004 | step 0260 | total = 6.3557 | box = 0.9076 | obj = 1.7737 | cls = 0.0442 | lr = 0.000986
epoch 004 | step 0280 | total = 5.7941 | box = 0.7639 | obj = 1.9236 | cls = 0.0509 | lr = 0.000986
epoch 004 | step 0300 | total = 5.5710 | box = 0.7643 | obj = 1.6972 | cls = 0.0524 | lr = 0.000986
epoch 004 | step 0320 | total = 6.1831 | box = 0.8621 | obj = 1.8103 | cls = 0.0623 | lr = 0.000986
epoch 004 | step 0340 | total = 6.3987 | box = 0.9209 | obj = 1.7477 | cls = 0.0463 | lr = 0.000986
epoch 004 | step 0360 | total = 5.3538 | box = 0.7068 | obj = 1.7586 | cls = 0.0611 | lr = 0.000986
epoch 004 | step 0380 | total = 6.1851 | box = 0.8896 | obj = 1.6975 | cls = 0.0395 | lr = 0.000986
epoch 004 | step 0400 | total = 5.6556 | box = 0.7745 | obj = 1.7288 | cls = 0.0541 | lr = 0.000986
epoch 004 | step 0420 | total = 5.9568 | box = 0.8249 | obj = 1.7798 | cls = 0.0526 | lr = 0.000986
epoch 004 | step 0440 | total = 5.4668 | box = 0.7397 | obj = 1.7170 | cls = 0.0513 | lr = 0.000986
epoch 004 | step 0460 | total = 5.6960 | box = 0.7909 | obj = 1.6977 | cls = 0.0438 | lr = 0.000986
epoch 004 | step 0480 | total = 5.7205 | box = 0.7831 | obj = 1.7498 | cls = 0.0550 | lr = 0.000986
epoch 004 | step 0500 | total = 5.8495 | box = 0.8174 | obj = 1.7103 | cls = 0.0521 | lr = 0.000986
epoch 004 | step 0520 | total = 5.9959 | box = 0.8403 | obj = 1.7455 | cls = 0.0487 | lr = 0.000986
epoch 004 | step 0540 | total = 5.5822 | box = 0.7307 | obj = 1.8731 | cls = 0.0558 | lr = 0.000986
epoch 004 | step 0560 | total = 5.8954 | box = 0.8102 | obj = 1.7896 | cls = 0.0551 | lr = 0.000986
epoch 004 | step 0580 | total = 5.3632 | box = 0.7237 | obj = 1.7037 | cls = 0.0409 | lr = 0.000986
epoch 004 | step 0600 | total = 5.7828 | box = 0.8126 | obj = 1.6716 | cls = 0.0481 | lr = 0.000986
epoch 004 | step 0620 | total = 6.4891 | box = 0.9453 | obj = 1.7178 | cls = 0.0449 | lr = 0.000986
epoch 004 | step 0640 | total = 6.0358 | box = 0.8549 | obj = 1.7174 | cls = 0.0437 | lr = 0.000986
epoch 004 | step 0660 | total = 5.0922 | box = 0.6406 | obj = 1.8260 | cls = 0.0631 | lr = 0.000986
epoch 004 | step 0680 | total = 5.9470 | box = 0.7918 | obj = 1.9246 | cls = 0.0633 | lr = 0.000986
epoch 004 | step 0700 | total = 6.3700 | box = 0.9012 | obj = 1.8121 | cls = 0.0521 | lr = 0.000986
epoch 004 | step 0720 | total = 5.8424 | box = 0.7840 | obj = 1.8704 | cls = 0.0520 | lr = 0.000986
epoch 004 | step 0740 | total = 5.5745 | box = 0.7718 | obj = 1.6673 | cls = 0.0480 | lr = 0.000986
epoch 004 | step 0760 | total = 5.0780 | box = 0.6611 | obj = 1.7214 | cls = 0.0513 | lr = 0.000986
epoch 004 | step 0780 | total = 6.0937 | box = 0.8295 | obj = 1.8895 | cls = 0.0569 | lr = 0.000986
epoch 004 | step 0800 | total = 5.6152 | box = 0.7646 | obj = 1.7421 | cls = 0.0500 | lr = 0.000986
epoch 004 | step 0820 | total = 5.3978 | box = 0.7244 | obj = 1.7223 | cls = 0.0535 | lr = 0.000986
epoch 004 | step 0840 | total = 6.3125 | box = 0.8911 | obj = 1.8041 | cls = 0.0530 | lr = 0.000986
epoch 004 | step 0860 | total = 6.0638 | box = 0.8659 | obj = 1.6841 | cls = 0.0500 | lr = 0.000986
epoch 004 | step 0880 | total = 5.1890 | box = 0.6496 | obj = 1.8874 | cls = 0.0536 | lr = 0.000986
epoch 004 | step 0900 | total = 5.5326 | box = 0.6971 | obj = 1.9785 | cls = 0.0685 | lr = 0.000986
epoch 004 | step 0920 | total = 5.1947 | box = 0.6742 | obj = 1.7655 | cls = 0.0581 | lr = 0.000986
[epoch 004 train] total = 5.7937 | box = 0.7955 | obj = 1.7636 | cls = 0.0525 | steps = 925 | global_batches = 7400 | samples = 118288 | time = 805.8s
[epoch 004 val] total = 5.8416 | box = 0.7994 | obj = 1.7916 | cls = 0.0528 | steps = 40 | global_batches = 320 | samples = 5000 | time = 21.7s
epoch 005 | step 0001 | total = 5.5756 | box = 0.7525 | obj = 1.7749 | cls = 0.0381 | lr = 0.000976
epoch 005 | step 0020 | total = 5.2826 | box = 0.6943 | obj = 1.7469 | cls = 0.0640 | lr = 0.000976
epoch 005 | step 0040 | total = 5.5705 | box = 0.7505 | obj = 1.7723 | cls = 0.0455 | lr = 0.000976
epoch 005 | step 0060 | total = 5.7740 | box = 0.7858 | obj = 1.8028 | cls = 0.0420 | lr = 0.000976
epoch 005 | step 0080 | total = 5.0434 | box = 0.6729 | obj = 1.6233 | cls = 0.0557 | lr = 0.000976
epoch 005 | step 0100 | total = 5.8729 | box = 0.8201 | obj = 1.7200 | cls = 0.0523 | lr = 0.000976
epoch 005 | step 0120 | total = 6.0868 | box = 0.8644 | obj = 1.7213 | cls = 0.0434 | lr = 0.000976
epoch 005 | step 0140 | total = 5.9691 | box = 0.8101 | obj = 1.8651 | cls = 0.0536 | lr = 0.000976
epoch 005 | step 0160 | total = 4.8643 | box = 0.6233 | obj = 1.7008 | cls = 0.0472 | lr = 0.000976
epoch 005 | step 0180 | total = 5.5990 | box = 0.7629 | obj = 1.7359 | cls = 0.0487 | lr = 0.000976
epoch 005 | step 0200 | total = 5.7253 | box = 0.7693 | obj = 1.8232 | cls = 0.0553 | lr = 0.000976
epoch 005 | step 0220 | total = 6.0280 | box = 0.8639 | obj = 1.6538 | cls = 0.0545 | lr = 0.000976
epoch 005 | step 0240 | total = 5.9271 | box = 0.8113 | obj = 1.8224 | cls = 0.0483 | lr = 0.000976
epoch 005 | step 0260 | total = 6.1918 | box = 0.8833 | obj = 1.7257 | cls = 0.0497 | lr = 0.000976
epoch 005 | step 0280 | total = 5.0550 | box = 0.6751 | obj = 1.6292 | cls = 0.0504 | lr = 0.000976
epoch 005 | step 0300 | total = 6.5251 | box = 0.9622 | obj = 1.6708 | cls = 0.0432 | lr = 0.000976
epoch 005 | step 0320 | total = 5.5058 | box = 0.7684 | obj = 1.6179 | cls = 0.0459 | lr = 0.000976
epoch 005 | step 0340 | total = 5.2755 | box = 0.7008 | obj = 1.7143 | cls = 0.0574 | lr = 0.000976
epoch 005 | step 0360 | total = 5.3029 | box = 0.7132 | obj = 1.6805 | cls = 0.0562 | lr = 0.000976
epoch 005 | step 0380 | total = 5.8917 | box = 0.8102 | obj = 1.7899 | cls = 0.0509 | lr = 0.000976
epoch 005 | step 0400 | total = 5.7327 | box = 0.8038 | obj = 1.6669 | cls = 0.0467 | lr = 0.000976
epoch 005 | step 0420 | total = 6.0097 | box = 0.8464 | obj = 1.7300 | cls = 0.0475 | lr = 0.000976
epoch 005 | step 0440 | total = 5.4501 | box = 0.7608 | obj = 1.6072 | cls = 0.0387 | lr = 0.000976
epoch 005 | step 0460 | total = 5.5874 | box = 0.7804 | obj = 1.6392 | cls = 0.0460 | lr = 0.000976
epoch 005 | step 0480 | total = 6.5841 | box = 0.9788 | obj = 1.6418 | cls = 0.0480 | lr = 0.000976
epoch 005 | step 0500 | total = 5.5077 | box = 0.7148 | obj = 1.8766 | cls = 0.0571 | lr = 0.000976
epoch 005 | step 0520 | total = 5.3394 | box = 0.7069 | obj = 1.7519 | cls = 0.0530 | lr = 0.000976
epoch 005 | step 0540 | total = 5.1670 | box = 0.6697 | obj = 1.7608 | cls = 0.0575 | lr = 0.000976
epoch 005 | step 0560 | total = 5.4748 | box = 0.7638 | obj = 1.6103 | cls = 0.0455 | lr = 0.000976
epoch 005 | step 0580 | total = 6.1293 | box = 0.8824 | obj = 1.6745 | cls = 0.0428 | lr = 0.000976
epoch 005 | step 0600 | total = 5.4694 | box = 0.7331 | obj = 1.7539 | cls = 0.0500 | lr = 0.000976
epoch 005 | step 0620 | total = 6.2060 | box = 0.8835 | obj = 1.7368 | cls = 0.0515 | lr = 0.000976
epoch 005 | step 0640 | total = 6.0946 | box = 0.8822 | obj = 1.6420 | cls = 0.0418 | lr = 0.000976
epoch 005 | step 0660 | total = 5.0899 | box = 0.6443 | obj = 1.8166 | cls = 0.0517 | lr = 0.000976
epoch 005 | step 0680 | total = 5.6402 | box = 0.7682 | obj = 1.7420 | cls = 0.0571 | lr = 0.000976
epoch 005 | step 0700 | total = 5.5136 | box = 0.7394 | obj = 1.7658 | cls = 0.0511 | lr = 0.000976
epoch 005 | step 0720 | total = 5.7393 | box = 0.7921 | obj = 1.7198 | cls = 0.0592 | lr = 0.000976
epoch 005 | step 0740 | total = 5.5798 | box = 0.7495 | obj = 1.7677 | cls = 0.0647 | lr = 0.000976
epoch 005 | step 0760 | total = 5.6372 | box = 0.7440 | obj = 1.8679 | cls = 0.0493 | lr = 0.000976
epoch 005 | step 0780 | total = 4.9278 | box = 0.6370 | obj = 1.6742 | cls = 0.0686 | lr = 0.000976
epoch 005 | step 0800 | total = 5.3729 | box = 0.7162 | obj = 1.7402 | cls = 0.0517 | lr = 0.000976
epoch 005 | step 0820 | total = 5.6634 | box = 0.7469 | obj = 1.8692 | cls = 0.0598 | lr = 0.000976
epoch 005 | step 0840 | total = 5.7053 | box = 0.8113 | obj = 1.6100 | cls = 0.0390 | lr = 0.000976
epoch 005 | step 0860 | total = 6.1499 | box = 0.8686 | obj = 1.7604 | cls = 0.0468 | lr = 0.000976
epoch 005 | step 0880 | total = 5.3298 | box = 0.7047 | obj = 1.7544 | cls = 0.0521 | lr = 0.000976
epoch 005 | step 0900 | total = 4.9479 | box = 0.6495 | obj = 1.6426 | cls = 0.0576 | lr = 0.000976
epoch 005 | step 0920 | total = 6.3621 | box = 0.9347 | obj = 1.6479 | cls = 0.0406 | lr = 0.000976
[epoch 005 train] total = 5.6410 | box = 0.7706 | obj = 1.7368 | cls = 0.0512 | steps = 925 | global_batches = 7400 | samples = 118288 | time = 806.3s
[epoch 005 val] total = 5.6758 | box = 0.7724 | obj = 1.7630 | cls = 0.0507 | steps = 40 | global_batches = 320 | samples = 5000 | time = 21.2s
epoch 006 | step 0001 | total = 5.6591 | box = 0.7973 | obj = 1.6272 | cls = 0.0452 | lr = 0.000962
epoch 006 | step 0020 | total = 6.0336 | box = 0.8598 | obj = 1.6881 | cls = 0.0466 | lr = 0.000962
epoch 006 | step 0040 | total = 5.3272 | box = 0.7133 | obj = 1.7081 | cls = 0.0524 | lr = 0.000962
epoch 006 | step 0060 | total = 5.1560 | box = 0.6990 | obj = 1.6104 | cls = 0.0508 | lr = 0.000962
epoch 006 | step 0080 | total = 5.7103 | box = 0.7968 | obj = 1.6854 | cls = 0.0408 | lr = 0.000962
epoch 006 | step 0100 | total = 5.7367 | box = 0.7967 | obj = 1.7009 | cls = 0.0522 | lr = 0.000962
epoch 006 | step 0120 | total = 5.6254 | box = 0.8040 | obj = 1.5615 | cls = 0.0441 | lr = 0.000962
epoch 006 | step 0140 | total = 6.7728 | box = 1.0112 | obj = 1.6732 | cls = 0.0435 | lr = 0.000962
epoch 006 | step 0160 | total = 5.1538 | box = 0.6908 | obj = 1.6582 | cls = 0.0416 | lr = 0.000962
epoch 006 | step 0180 | total = 5.7834 | box = 0.7940 | obj = 1.7651 | cls = 0.0481 | lr = 0.000962
epoch 006 | step 0200 | total = 4.9099 | box = 0.6729 | obj = 1.4952 | cls = 0.0501 | lr = 0.000962
epoch 006 | step 0220 | total = 5.1584 | box = 0.6685 | obj = 1.7594 | cls = 0.0566 | lr = 0.000962
epoch 006 | step 0240 | total = 5.8129 | box = 0.7700 | obj = 1.9105 | cls = 0.0525 | lr = 0.000962
epoch 006 | step 0260 | total = 5.5816 | box = 0.7479 | obj = 1.7918 | cls = 0.0500 | lr = 0.000962
epoch 006 | step 0280 | total = 4.7274 | box = 0.6172 | obj = 1.5955 | cls = 0.0459 | lr = 0.000962
epoch 006 | step 0300 | total = 6.5696 | box = 0.9556 | obj = 1.7495 | cls = 0.0418 | lr = 0.000962
epoch 006 | step 0320 | total = 5.2621 | box = 0.7216 | obj = 1.6063 | cls = 0.0476 | lr = 0.000962
epoch 006 | step 0340 | total = 4.6780 | box = 0.5584 | obj = 1.8258 | cls = 0.0602 | lr = 0.000962
epoch 006 | step 0360 | total = 6.9739 | box = 1.0692 | obj = 1.5877 | cls = 0.0401 | lr = 0.000962
epoch 006 | step 0380 | total = 6.1133 | box = 0.8987 | obj = 1.5816 | cls = 0.0381 | lr = 0.000962
epoch 006 | step 0400 | total = 5.0448 | box = 0.6537 | obj = 1.7216 | cls = 0.0547 | lr = 0.000962
epoch 006 | step 0420 | total = 4.3356 | box = 0.5349 | obj = 1.5967 | cls = 0.0646 | lr = 0.000962
epoch 006 | step 0440 | total = 5.5861 | box = 0.7834 | obj = 1.6230 | cls = 0.0460 | lr = 0.000962
epoch 006 | step 0460 | total = 5.4813 | box = 0.7595 | obj = 1.6370 | cls = 0.0469 | lr = 0.000962
epoch 006 | step 0480 | total = 5.3311 | box = 0.7145 | obj = 1.7102 | cls = 0.0483 | lr = 0.000962
epoch 006 | step 0500 | total = 5.6623 | box = 0.7412 | obj = 1.9009 | cls = 0.0551 | lr = 0.000962
epoch 006 | step 0520 | total = 4.7209 | box = 0.5650 | obj = 1.8330 | cls = 0.0628 | lr = 0.000962
epoch 006 | step 0540 | total = 4.7662 | box = 0.6123 | obj = 1.6611 | cls = 0.0436 | lr = 0.000962
epoch 006 | step 0560 | total = 5.8877 | box = 0.8030 | obj = 1.8140 | cls = 0.0587 | lr = 0.000962
epoch 006 | step 0580 | total = 6.5265 | box = 0.9763 | obj = 1.5997 | cls = 0.0452 | lr = 0.000962
epoch 006 | step 0600 | total = 5.7118 | box = 0.7817 | obj = 1.7630 | cls = 0.0403 | lr = 0.000962
epoch 006 | step 0620 | total = 5.0903 | box = 0.6756 | obj = 1.6674 | cls = 0.0452 | lr = 0.000962
epoch 006 | step 0640 | total = 6.3895 | box = 0.9138 | obj = 1.7729 | cls = 0.0478 | lr = 0.000962
epoch 006 | step 0660 | total = 5.7874 | box = 0.8347 | obj = 1.5760 | cls = 0.0381 | lr = 0.000962
epoch 006 | step 0680 | total = 5.0949 | box = 0.6380 | obj = 1.8467 | cls = 0.0580 | lr = 0.000962
epoch 006 | step 0700 | total = 4.7733 | box = 0.5984 | obj = 1.7341 | cls = 0.0471 | lr = 0.000962
epoch 006 | step 0720 | total = 5.4121 | box = 0.7626 | obj = 1.5537 | cls = 0.0455 | lr = 0.000962
epoch 006 | step 0740 | total = 5.9032 | box = 0.8186 | obj = 1.7579 | cls = 0.0522 | lr = 0.000962
epoch 006 | step 0760 | total = 4.7415 | box = 0.6154 | obj = 1.6111 | cls = 0.0531 | lr = 0.000962
epoch 006 | step 0780 | total = 5.7848 | box = 0.7935 | obj = 1.7678 | cls = 0.0497 | lr = 0.000962
epoch 006 | step 0800 | total = 4.9935 | box = 0.6761 | obj = 1.5672 | cls = 0.0456 | lr = 0.000962
epoch 006 | step 0820 | total = 5.3252 | box = 0.6927 | obj = 1.8058 | cls = 0.0559 | lr = 0.000962
epoch 006 | step 0840 | total = 4.8337 | box = 0.6212 | obj = 1.6787 | cls = 0.0488 | lr = 0.000962
epoch 006 | step 0860 | total = 5.6043 | box = 0.7301 | obj = 1.9038 | cls = 0.0500 | lr = 0.000962
epoch 006 | step 0880 | total = 5.7096 | box = 0.7520 | obj = 1.8987 | cls = 0.0511 | lr = 0.000962
epoch 006 | step 0900 | total = 4.9753 | box = 0.6596 | obj = 1.6263 | cls = 0.0508 | lr = 0.000962
epoch 006 | step 0920 | total = 5.0702 | box = 0.6525 | obj = 1.7474 | cls = 0.0605 | lr = 0.000962
[epoch 006 train] total = 5.5064 | box = 0.7490 | obj = 1.7115 | cls = 0.0500 | steps = 925 | global_batches = 7400 | samples = 118288 | time = 803.1s
[epoch 006 val] total = 5.5444 | box = 0.7554 | obj = 1.7174 | cls = 0.0501 | steps = 40 | global_batches = 320 | samples = 5000 | time = 21.8s
epoch 007 | step 0001 | total = 4.5577 | box = 0.5640 | obj = 1.6803 | cls = 0.0572 | lr = 0.000946
epoch 007 | step 0020 | total = 5.4519 | box = 0.7541 | obj = 1.6346 | cls = 0.0468 | lr = 0.000946
epoch 007 | step 0040 | total = 5.8199 | box = 0.8110 | obj = 1.7224 | cls = 0.0426 | lr = 0.000946
epoch 007 | step 0060 | total = 5.4746 | box = 0.7705 | obj = 1.5759 | cls = 0.0460 | lr = 0.000946
epoch 007 | step 0080 | total = 6.3486 | box = 0.9236 | obj = 1.6906 | cls = 0.0403 | lr = 0.000946
epoch 007 | step 0100 | total = 5.2753 | box = 0.7117 | obj = 1.6701 | cls = 0.0469 | lr = 0.000946
epoch 007 | step 0120 | total = 5.0192 | box = 0.6692 | obj = 1.6207 | cls = 0.0523 | lr = 0.000946
epoch 007 | step 0140 | total = 4.8537 | box = 0.6083 | obj = 1.7482 | cls = 0.0638 | lr = 0.000946
epoch 007 | step 0160 | total = 5.8289 | box = 0.8266 | obj = 1.6490 | cls = 0.0467 | lr = 0.000946
epoch 007 | step 0180 | total = 5.1189 | box = 0.6632 | obj = 1.7555 | cls = 0.0475 | lr = 0.000946
epoch 007 | step 0200 | total = 6.3331 | box = 0.9183 | obj = 1.6941 | cls = 0.0473 | lr = 0.000946
epoch 007 | step 0220 | total = 5.1977 | box = 0.6735 | obj = 1.7765 | cls = 0.0536 | lr = 0.000946
epoch 007 | step 0240 | total = 6.1606 | box = 0.8896 | obj = 1.6689 | cls = 0.0434 | lr = 0.000946
epoch 007 | step 0260 | total = 5.0560 | box = 0.6666 | obj = 1.6769 | cls = 0.0463 | lr = 0.000946
epoch 007 | step 0280 | total = 5.7296 | box = 0.8250 | obj = 1.5522 | cls = 0.0522 | lr = 0.000946
epoch 007 | step 0300 | total = 5.3882 | box = 0.7246 | obj = 1.7096 | cls = 0.0556 | lr = 0.000946
epoch 007 | step 0320 | total = 5.2134 | box = 0.6877 | obj = 1.7195 | cls = 0.0552 | lr = 0.000946
epoch 007 | step 0340 | total = 4.7997 | box = 0.6457 | obj = 1.5208 | cls = 0.0503 | lr = 0.000946
epoch 007 | step 0360 | total = 5.9174 | box = 0.8350 | obj = 1.6940 | cls = 0.0483 | lr = 0.000946
epoch 007 | step 0380 | total = 5.4206 | box = 0.6997 | obj = 1.8666 | cls = 0.0553 | lr = 0.000946
epoch 007 | step 0400 | total = 5.6700 | box = 0.7824 | obj = 1.7142 | cls = 0.0438 | lr = 0.000946
epoch 007 | step 0420 | total = 6.2266 | box = 0.9034 | obj = 1.6639 | cls = 0.0456 | lr = 0.000946
epoch 007 | step 0440 | total = 5.1608 | box = 0.6727 | obj = 1.7459 | cls = 0.0514 | lr = 0.000946
epoch 007 | step 0460 | total = 5.6410 | box = 0.7782 | obj = 1.6961 | cls = 0.0542 | lr = 0.000946
epoch 007 | step 0480 | total = 5.0285 | box = 0.6652 | obj = 1.6437 | cls = 0.0587 | lr = 0.000946
epoch 007 | step 0500 | total = 5.3576 | box = 0.7314 | obj = 1.6545 | cls = 0.0460 | lr = 0.000946
epoch 007 | step 0520 | total = 5.4813 | box = 0.7363 | obj = 1.7596 | cls = 0.0404 | lr = 0.000946
epoch 007 | step 0540 | total = 5.5100 | box = 0.7727 | obj = 1.6049 | cls = 0.0417 | lr = 0.000946
epoch 007 | step 0560 | total = 5.6164 | box = 0.7653 | obj = 1.7409 | cls = 0.0492 | lr = 0.000946
epoch 007 | step 0580 | total = 5.5965 | box = 0.7339 | obj = 1.8767 | cls = 0.0503 | lr = 0.000946
epoch 007 | step 0600 | total = 4.7111 | box = 0.6245 | obj = 1.5379 | cls = 0.0508 | lr = 0.000946
epoch 007 | step 0620 | total = 4.4798 | box = 0.5235 | obj = 1.7970 | cls = 0.0651 | lr = 0.000946
epoch 007 | step 0640 | total = 5.9395 | box = 0.8532 | obj = 1.6330 | cls = 0.0407 | lr = 0.000946
epoch 007 | step 0660 | total = 5.3403 | box = 0.7224 | obj = 1.6739 | cls = 0.0545 | lr = 0.000946
epoch 007 | step 0680 | total = 5.8984 | box = 0.7982 | obj = 1.8507 | cls = 0.0568 | lr = 0.000946
epoch 007 | step 0700 | total = 4.6556 | box = 0.5821 | obj = 1.7022 | cls = 0.0431 | lr = 0.000946
epoch 007 | step 0720 | total = 5.1698 | box = 0.6659 | obj = 1.7822 | cls = 0.0583 | lr = 0.000946
epoch 007 | step 0740 | total = 4.2799 | box = 0.5296 | obj = 1.5705 | cls = 0.0616 | lr = 0.000946
epoch 007 | step 0760 | total = 4.9831 | box = 0.6610 | obj = 1.6279 | cls = 0.0503 | lr = 0.000946
epoch 007 | step 0780 | total = 4.5343 | box = 0.5797 | obj = 1.5796 | cls = 0.0564 | lr = 0.000946
epoch 007 | step 0800 | total = 5.8091 | box = 0.7796 | obj = 1.8560 | cls = 0.0551 | lr = 0.000946
epoch 007 | step 0820 | total = 5.2298 | box = 0.6895 | obj = 1.7289 | cls = 0.0532 | lr = 0.000946
epoch 007 | step 0840 | total = 4.8724 | box = 0.6513 | obj = 1.5701 | cls = 0.0457 | lr = 0.000946
epoch 007 | step 0860 | total = 5.0547 | box = 0.6759 | obj = 1.6283 | cls = 0.0469 | lr = 0.000946
epoch 007 | step 0880 | total = 5.9109 | box = 0.8519 | obj = 1.6164 | cls = 0.0352 | lr = 0.000946
epoch 007 | step 0900 | total = 4.4288 | box = 0.5351 | obj = 1.6929 | cls = 0.0604 | lr = 0.000946
epoch 007 | step 0920 | total = 5.6083 | box = 0.7869 | obj = 1.6222 | cls = 0.0514 | lr = 0.000946
[epoch 007 train] total = 5.3987 | box = 0.7318 | obj = 1.6905 | cls = 0.0491 | steps = 925 | global_batches = 7400 | samples = 118288 | time = 804.1s
[epoch 007 val] total = 5.5961 | box = 0.7617 | obj = 1.7378 | cls = 0.0496 | steps = 40 | global_batches = 320 | samples = 5000 | time = 21.2s
epoch 008 | step 0001 | total = 4.9052 | box = 0.6537 | obj = 1.5902 | cls = 0.0468 | lr = 0.000927
epoch 008 | step 0020 | total = 5.6207 | box = 0.7478 | obj = 1.8250 | cls = 0.0565 | lr = 0.000927
epoch 008 | step 0040 | total = 6.1773 | box = 0.9005 | obj = 1.6324 | cls = 0.0423 | lr = 0.000927
epoch 008 | step 0060 | total = 5.3203 | box = 0.6911 | obj = 1.8179 | cls = 0.0470 | lr = 0.000927
epoch 008 | step 0080 | total = 5.2909 | box = 0.7398 | obj = 1.5410 | cls = 0.0509 | lr = 0.000927
epoch 008 | step 0100 | total = 6.2759 | box = 0.8989 | obj = 1.7304 | cls = 0.0512 | lr = 0.000927
epoch 008 | step 0120 | total = 4.5247 | box = 0.5918 | obj = 1.5230 | cls = 0.0426 | lr = 0.000927
epoch 008 | step 0140 | total = 4.7140 | box = 0.5938 | obj = 1.6928 | cls = 0.0523 | lr = 0.000927
epoch 008 | step 0160 | total = 5.5022 | box = 0.7426 | obj = 1.7393 | cls = 0.0501 | lr = 0.000927
epoch 008 | step 0180 | total = 5.0387 | box = 0.6610 | obj = 1.6813 | cls = 0.0522 | lr = 0.000927
epoch 008 | step 0200 | total = 4.7794 | box = 0.5797 | obj = 1.8252 | cls = 0.0560 | lr = 0.000927
epoch 008 | step 0220 | total = 5.6254 | box = 0.7761 | obj = 1.6946 | cls = 0.0505 | lr = 0.000927
epoch 008 | step 0240 | total = 5.8132 | box = 0.8057 | obj = 1.7291 | cls = 0.0555 | lr = 0.000927
epoch 008 | step 0260 | total = 5.4632 | box = 0.7475 | obj = 1.6772 | cls = 0.0483 | lr = 0.000927
epoch 008 | step 0280 | total = 4.3137 | box = 0.5326 | obj = 1.6081 | cls = 0.0428 | lr = 0.000927
epoch 008 | step 0300 | total = 5.4235 | box = 0.7602 | obj = 1.5781 | cls = 0.0442 | lr = 0.000927
epoch 008 | step 0320 | total = 5.2401 | box = 0.7154 | obj = 1.6212 | cls = 0.0419 | lr = 0.000927
epoch 008 | step 0340 | total = 5.4336 | box = 0.7489 | obj = 1.6413 | cls = 0.0478 | lr = 0.000927
epoch 008 | step 0360 | total = 5.3468 | box = 0.7526 | obj = 1.5433 | cls = 0.0405 | lr = 0.000927
epoch 008 | step 0380 | total = 6.0611 | box = 0.8342 | obj = 1.8401 | cls = 0.0499 | lr = 0.000927
epoch 008 | step 0400 | total = 4.8532 | box = 0.6501 | obj = 1.5543 | cls = 0.0484 | lr = 0.000927
epoch 008 | step 0420 | total = 4.7355 | box = 0.6159 | obj = 1.6048 | cls = 0.0510 | lr = 0.000927
epoch 008 | step 0440 | total = 4.8394 | box = 0.6170 | obj = 1.7050 | cls = 0.0496 | lr = 0.000927
epoch 008 | step 0460 | total = 4.5214 | box = 0.5551 | obj = 1.6969 | cls = 0.0488 | lr = 0.000927
epoch 008 | step 0480 | total = 5.0849 | box = 0.7004 | obj = 1.5426 | cls = 0.0404 | lr = 0.000927
epoch 008 | step 0500 | total = 5.8016 | box = 0.8025 | obj = 1.7490 | cls = 0.0400 | lr = 0.000927
epoch 008 | step 0520 | total = 4.9880 | box = 0.6599 | obj = 1.6378 | cls = 0.0509 | lr = 0.000927
epoch 008 | step 0540 | total = 4.7554 | box = 0.6146 | obj = 1.6349 | cls = 0.0475 | lr = 0.000927
epoch 008 | step 0560 | total = 5.0289 | box = 0.6437 | obj = 1.7596 | cls = 0.0511 | lr = 0.000927
epoch 008 | step 0580 | total = 4.9605 | box = 0.6131 | obj = 1.8465 | cls = 0.0483 | lr = 0.000927
epoch 008 | step 0600 | total = 4.9227 | box = 0.6459 | obj = 1.6436 | cls = 0.0496 | lr = 0.000927
epoch 008 | step 0620 | total = 5.6274 | box = 0.7655 | obj = 1.7620 | cls = 0.0378 | lr = 0.000927
epoch 008 | step 0640 | total = 5.3550 | box = 0.7334 | obj = 1.6369 | cls = 0.0513 | lr = 0.000927
epoch 008 | step 0660 | total = 5.8043 | box = 0.8159 | obj = 1.6800 | cls = 0.0447 | lr = 0.000927
epoch 008 | step 0680 | total = 5.2004 | box = 0.6856 | obj = 1.7239 | cls = 0.0484 | lr = 0.000927
epoch 008 | step 0700 | total = 4.7392 | box = 0.6334 | obj = 1.5250 | cls = 0.0473 | lr = 0.000927
epoch 008 | step 0720 | total = 5.1688 | box = 0.7086 | obj = 1.5796 | cls = 0.0461 | lr = 0.000927
epoch 008 | step 0740 | total = 4.5858 | box = 0.5597 | obj = 1.7293 | cls = 0.0580 | lr = 0.000927
epoch 008 | step 0760 | total = 5.0107 | box = 0.6720 | obj = 1.6026 | cls = 0.0481 | lr = 0.000927
epoch 008 | step 0780 | total = 4.7218 | box = 0.6046 | obj = 1.6552 | cls = 0.0435 | lr = 0.000927
epoch 008 | step 0800 | total = 5.7678 | box = 0.8141 | obj = 1.6521 | cls = 0.0453 | lr = 0.000927
epoch 008 | step 0820 | total = 5.4896 | box = 0.7729 | obj = 1.5783 | cls = 0.0469 | lr = 0.000927
epoch 008 | step 0840 | total = 4.9902 | box = 0.6687 | obj = 1.6040 | cls = 0.0428 | lr = 0.000927
epoch 008 | step 0860 | total = 6.2899 | box = 0.8972 | obj = 1.7546 | cls = 0.0492 | lr = 0.000927
epoch 008 | step 0880 | total = 5.2694 | box = 0.6854 | obj = 1.7945 | cls = 0.0479 | lr = 0.000927
epoch 008 | step 0900 | total = 6.1738 | box = 0.8916 | obj = 1.6719 | cls = 0.0440 | lr = 0.000927
epoch 008 | step 0920 | total = 6.1599 | box = 0.8567 | obj = 1.8335 | cls = 0.0427 | lr = 0.000927
[epoch 008 train] total = 5.3094 | box = 0.7178 | obj = 1.6723 | cls = 0.0482 | steps = 925 | global_batches = 7400 | samples = 118288 | time = 804.2s
[epoch 008 val] total = 5.3914 | box = 0.7306 | obj = 1.6903 | cls = 0.0479 | steps = 40 | global_batches = 320 | samples = 5000 | time = 22.7s
epoch 009 | step 0001 | total = 4.6368 | box = 0.6093 | obj = 1.5473 | cls = 0.0430 | lr = 0.000905
epoch 009 | step 0020 | total = 5.4597 | box = 0.7175 | obj = 1.8256 | cls = 0.0466 | lr = 0.000905
epoch 009 | step 0040 | total = 5.5947 | box = 0.7757 | obj = 1.6655 | cls = 0.0509 | lr = 0.000905
epoch 009 | step 0060 | total = 5.5677 | box = 0.7731 | obj = 1.6579 | cls = 0.0440 | lr = 0.000905
epoch 009 | step 0080 | total = 5.1164 | box = 0.7047 | obj = 1.5528 | cls = 0.0400 | lr = 0.000905
epoch 009 | step 0100 | total = 4.8732 | box = 0.6402 | obj = 1.6225 | cls = 0.0498 | lr = 0.000905
epoch 009 | step 0120 | total = 5.3866 | box = 0.7488 | obj = 1.5965 | cls = 0.0459 | lr = 0.000905
epoch 009 | step 0140 | total = 5.3611 | box = 0.7369 | obj = 1.6431 | cls = 0.0332 | lr = 0.000905
epoch 009 | step 0160 | total = 5.4768 | box = 0.7690 | obj = 1.5813 | cls = 0.0505 | lr = 0.000905
epoch 009 | step 0180 | total = 5.2307 | box = 0.7064 | obj = 1.6548 | cls = 0.0438 | lr = 0.000905
epoch 009 | step 0200 | total = 5.3754 | box = 0.7207 | obj = 1.7161 | cls = 0.0558 | lr = 0.000905
epoch 009 | step 0220 | total = 5.4475 | box = 0.7574 | obj = 1.6129 | cls = 0.0477 | lr = 0.000905
epoch 009 | step 0240 | total = 5.0655 | box = 0.6654 | obj = 1.6757 | cls = 0.0627 | lr = 0.000905
epoch 009 | step 0260 | total = 4.5456 | box = 0.5789 | obj = 1.6001 | cls = 0.0509 | lr = 0.000905
epoch 009 | step 0280 | total = 5.0922 | box = 0.6723 | obj = 1.6804 | cls = 0.0500 | lr = 0.000905
epoch 009 | step 0300 | total = 4.6118 | box = 0.5853 | obj = 1.6302 | cls = 0.0550 | lr = 0.000905
epoch 009 | step 0320 | total = 5.4123 | box = 0.7399 | obj = 1.6602 | cls = 0.0525 | lr = 0.000905
epoch 009 | step 0340 | total = 5.1434 | box = 0.7031 | obj = 1.5742 | cls = 0.0538 | lr = 0.000905
epoch 009 | step 0360 | total = 5.1700 | box = 0.7137 | obj = 1.5609 | cls = 0.0409 | lr = 0.000905
epoch 009 | step 0380 | total = 5.5329 | box = 0.7688 | obj = 1.6329 | cls = 0.0557 | lr = 0.000905
epoch 009 | step 0400 | total = 6.2097 | box = 0.8706 | obj = 1.8062 | cls = 0.0505 | lr = 0.000905
epoch 009 | step 0420 | total = 5.1179 | box = 0.6949 | obj = 1.5907 | cls = 0.0526 | lr = 0.000905
epoch 009 | step 0440 | total = 5.1579 | box = 0.6711 | obj = 1.7473 | cls = 0.0553 | lr = 0.000905
epoch 009 | step 0460 | total = 4.8628 | box = 0.6391 | obj = 1.6230 | cls = 0.0441 | lr = 0.000905
epoch 009 | step 0480 | total = 5.1761 | box = 0.7084 | obj = 1.5804 | cls = 0.0540 | lr = 0.000905
epoch 009 | step 0500 | total = 6.0491 | box = 0.8719 | obj = 1.6479 | cls = 0.0415 | lr = 0.000905
epoch 009 | step 0520 | total = 4.8106 | box = 0.6348 | obj = 1.5952 | cls = 0.0414 | lr = 0.000905
epoch 009 | step 0540 | total = 5.1811 | box = 0.6985 | obj = 1.6359 | cls = 0.0527 | lr = 0.000905
epoch 009 | step 0560 | total = 5.5673 | box = 0.7626 | obj = 1.7079 | cls = 0.0465 | lr = 0.000905
epoch 009 | step 0580 | total = 5.0781 | box = 0.6912 | obj = 1.5744 | cls = 0.0476 | lr = 0.000905
epoch 009 | step 0600 | total = 5.8122 | box = 0.8531 | obj = 1.5098 | cls = 0.0370 | lr = 0.000905
epoch 009 | step 0620 | total = 5.3455 | box = 0.7189 | obj = 1.7025 | cls = 0.0485 | lr = 0.000905
epoch 009 | step 0640 | total = 5.1935 | box = 0.7359 | obj = 1.4797 | cls = 0.0344 | lr = 0.000905
epoch 009 | step 0660 | total = 3.9318 | box = 0.4479 | obj = 1.6297 | cls = 0.0625 | lr = 0.000905
epoch 009 | step 0680 | total = 5.3032 | box = 0.7207 | obj = 1.6582 | cls = 0.0415 | lr = 0.000905
epoch 009 | step 0700 | total = 5.7460 | box = 0.8213 | obj = 1.6041 | cls = 0.0355 | lr = 0.000905
epoch 009 | step 0720 | total = 5.6509 | box = 0.8049 | obj = 1.5712 | cls = 0.0552 | lr = 0.000905
epoch 009 | step 0740 | total = 5.7845 | box = 0.8045 | obj = 1.7249 | cls = 0.0372 | lr = 0.000905
epoch 009 | step 0760 | total = 5.2168 | box = 0.7139 | obj = 1.6008 | cls = 0.0463 | lr = 0.000905
epoch 009 | step 0780 | total = 5.3012 | box = 0.7166 | obj = 1.6718 | cls = 0.0466 | lr = 0.000905
epoch 009 | step 0800 | total = 5.0932 | box = 0.6833 | obj = 1.6350 | cls = 0.0420 | lr = 0.000905
epoch 009 | step 0820 | total = 5.1210 | box = 0.6515 | obj = 1.8130 | cls = 0.0506 | lr = 0.000905
epoch 009 | step 0840 | total = 5.5353 | box = 0.7618 | obj = 1.6834 | cls = 0.0431 | lr = 0.000905
epoch 009 | step 0860 | total = 5.2543 | box = 0.6844 | obj = 1.7771 | cls = 0.0554 | lr = 0.000905
epoch 009 | step 0880 | total = 5.3323 | box = 0.7110 | obj = 1.7284 | cls = 0.0491 | lr = 0.000905
epoch 009 | step 0900 | total = 4.8485 | box = 0.6524 | obj = 1.5434 | cls = 0.0430 | lr = 0.000905
epoch 009 | step 0920 | total = 5.5313 | box = 0.7436 | obj = 1.7616 | cls = 0.0514 | lr = 0.000905
[epoch 009 train] total = 5.2248 | box = 0.7044 | obj = 1.6553 | cls = 0.0474 | steps = 925 | global_batches = 7400 | samples = 118288 | time = 803.1s
[epoch 009 val] total = 5.2345 | box = 0.7083 | obj = 1.6456 | cls = 0.0472 | steps = 40 | global_batches = 320 | samples = 5000 | time = 22.6s
epoch 010 | step 0001 | total = 5.0354 | box = 0.6765 | obj = 1.6084 | cls = 0.0447 | lr = 0.000881
epoch 010 | step 0020 | total = 6.3996 | box = 0.9467 | obj = 1.6260 | cls = 0.0401 | lr = 0.000881
epoch 010 | step 0040 | total = 4.9474 | box = 0.6519 | obj = 1.6407 | cls = 0.0472 | lr = 0.000881
epoch 010 | step 0060 | total = 5.1336 | box = 0.6831 | obj = 1.6714 | cls = 0.0466 | lr = 0.000881
epoch 010 | step 0080 | total = 5.2520 | box = 0.7065 | obj = 1.6739 | cls = 0.0455 | lr = 0.000881
epoch 010 | step 0100 | total = 5.3398 | box = 0.7248 | obj = 1.6655 | cls = 0.0502 | lr = 0.000881
epoch 010 | step 0120 | total = 5.1379 | box = 0.6695 | obj = 1.7337 | cls = 0.0567 | lr = 0.000881
epoch 010 | step 0140 | total = 5.2266 | box = 0.7097 | obj = 1.6287 | cls = 0.0493 | lr = 0.000881
epoch 010 | step 0160 | total = 4.5062 | box = 0.5704 | obj = 1.6099 | cls = 0.0442 | lr = 0.000881
epoch 010 | step 0180 | total = 4.8019 | box = 0.6279 | obj = 1.6207 | cls = 0.0416 | lr = 0.000881
epoch 010 | step 0200 | total = 5.3123 | box = 0.7574 | obj = 1.4854 | cls = 0.0398 | lr = 0.000881
epoch 010 | step 0220 | total = 5.1266 | box = 0.6651 | obj = 1.7560 | cls = 0.0451 | lr = 0.000881
epoch 010 | step 0240 | total = 4.8244 | box = 0.6396 | obj = 1.5769 | cls = 0.0494 | lr = 0.000881
epoch 010 | step 0260 | total = 4.5948 | box = 0.5984 | obj = 1.5540 | cls = 0.0488 | lr = 0.000881
epoch 010 | step 0280 | total = 4.8856 | box = 0.6604 | obj = 1.5389 | cls = 0.0448 | lr = 0.000881
epoch 010 | step 0300 | total = 4.9830 | box = 0.6631 | obj = 1.6210 | cls = 0.0466 | lr = 0.000881
epoch 010 | step 0320 | total = 5.4943 | box = 0.7547 | obj = 1.6685 | cls = 0.0521 | lr = 0.000881
epoch 010 | step 0340 | total = 5.4321 | box = 0.7750 | obj = 1.5053 | cls = 0.0519 | lr = 0.000881
epoch 010 | step 0360 | total = 5.4067 | box = 0.7359 | obj = 1.6800 | cls = 0.0475 | lr = 0.000881
epoch 010 | step 0380 | total = 5.0735 | box = 0.6747 | obj = 1.6546 | cls = 0.0456 | lr = 0.000881
epoch 010 | step 0400 | total = 3.9728 | box = 0.4512 | obj = 1.6578 | cls = 0.0591 | lr = 0.000881
epoch 010 | step 0420 | total = 5.4997 | box = 0.7857 | obj = 1.5304 | cls = 0.0406 | lr = 0.000881
epoch 010 | step 0440 | total = 4.5825 | box = 0.5672 | obj = 1.6962 | cls = 0.0504 | lr = 0.000881
epoch 010 | step 0460 | total = 5.2991 | box = 0.7070 | obj = 1.7146 | cls = 0.0493 | lr = 0.000881
epoch 010 | step 0480 | total = 5.7379 | box = 0.7923 | obj = 1.7245 | cls = 0.0519 | lr = 0.000881
epoch 010 | step 0500 | total = 5.0270 | box = 0.6438 | obj = 1.7615 | cls = 0.0465 | lr = 0.000881
epoch 010 | step 0520 | total = 4.9660 | box = 0.6505 | obj = 1.6682 | cls = 0.0453 | lr = 0.000881
epoch 010 | step 0540 | total = 4.6308 | box = 0.6246 | obj = 1.4625 | cls = 0.0454 | lr = 0.000881
epoch 010 | step 0560 | total = 5.4774 | box = 0.7509 | obj = 1.6717 | cls = 0.0513 | lr = 0.000881
epoch 010 | step 0580 | total = 5.2783 | box = 0.7045 | obj = 1.7112 | cls = 0.0446 | lr = 0.000881
epoch 010 | step 0600 | total = 4.5107 | box = 0.5736 | obj = 1.5959 | cls = 0.0467 | lr = 0.000881
epoch 010 | step 0620 | total = 5.5246 | box = 0.7608 | obj = 1.6698 | cls = 0.0510 | lr = 0.000881
epoch 010 | step 0640 | total = 4.9401 | box = 0.6721 | obj = 1.5369 | cls = 0.0425 | lr = 0.000881
epoch 010 | step 0660 | total = 4.4836 | box = 0.5486 | obj = 1.6950 | cls = 0.0454 | lr = 0.000881
epoch 010 | step 0680 | total = 5.1361 | box = 0.6969 | obj = 1.6045 | cls = 0.0472 | lr = 0.000881
epoch 010 | step 0700 | total = 6.0868 | box = 0.8488 | obj = 1.7919 | cls = 0.0510 | lr = 0.000881
epoch 010 | step 0720 | total = 5.2258 | box = 0.7270 | obj = 1.5572 | cls = 0.0335 | lr = 0.000881
epoch 010 | step 0740 | total = 6.1109 | box = 0.8420 | obj = 1.8579 | cls = 0.0428 | lr = 0.000881
epoch 010 | step 0760 | total = 6.0327 | box = 0.8662 | obj = 1.6521 | cls = 0.0495 | lr = 0.000881
epoch 010 | step 0780 | total = 4.2254 | box = 0.5496 | obj = 1.4242 | cls = 0.0532 | lr = 0.000881
epoch 010 | step 0800 | total = 5.9988 | box = 0.8738 | obj = 1.5808 | cls = 0.0490 | lr = 0.000881
epoch 010 | step 0820 | total = 5.0553 | box = 0.7054 | obj = 1.4852 | cls = 0.0433 | lr = 0.000881
epoch 010 | step 0840 | total = 5.1337 | box = 0.6957 | obj = 1.6146 | cls = 0.0406 | lr = 0.000881
epoch 010 | step 0860 | total = 5.4455 | box = 0.7482 | obj = 1.6599 | cls = 0.0448 | lr = 0.000881
epoch 010 | step 0880 | total = 5.0147 | box = 0.6791 | obj = 1.5745 | cls = 0.0445 | lr = 0.000881
epoch 010 | step 0900 | total = 5.4867 | box = 0.7484 | obj = 1.7029 | cls = 0.0420 | lr = 0.000881
epoch 010 | step 0920 | total = 4.7108 | box = 0.6090 | obj = 1.6187 | cls = 0.0473 | lr = 0.000881
[epoch 010 train] total = 5.1388 | box = 0.6912 | obj = 1.6360 | cls = 0.0466 | steps = 925 | global_batches = 7400 | samples = 118288 | time = 803.5s
[epoch 010 val] total = 5.2141 | box = 0.7042 | obj = 1.6465 | cls = 0.0464 | steps = 40 | global_batches = 320 | samples = 5000 | time = 22.6s
epoch 011 | step 0001 | total = 4.6695 | box = 0.5958 | obj = 1.6469 | cls = 0.0439 | lr = 0.000855
epoch 011 | step 0020 | total = 5.6353 | box = 0.7604 | obj = 1.7892 | cls = 0.0439 | lr = 0.000855
epoch 011 | step 0040 | total = 4.9854 | box = 0.6752 | obj = 1.5678 | cls = 0.0416 | lr = 0.000855
epoch 011 | step 0060 | total = 5.2156 | box = 0.6900 | obj = 1.7116 | cls = 0.0540 | lr = 0.000855
epoch 011 | step 0080 | total = 4.5232 | box = 0.5595 | obj = 1.6782 | cls = 0.0474 | lr = 0.000855
epoch 011 | step 0100 | total = 5.1471 | box = 0.6811 | obj = 1.6861 | cls = 0.0553 | lr = 0.000855
epoch 011 | step 0120 | total = 5.6900 | box = 0.8100 | obj = 1.5952 | cls = 0.0449 | lr = 0.000855
epoch 011 | step 0140 | total = 5.1879 | box = 0.6995 | obj = 1.6447 | cls = 0.0455 | lr = 0.000855
epoch 011 | step 0160 | total = 5.6664 | box = 0.8013 | obj = 1.6149 | cls = 0.0448 | lr = 0.000855
epoch 011 | step 0180 | total = 5.5819 | box = 0.7959 | obj = 1.5620 | cls = 0.0407 | lr = 0.000855
epoch 011 | step 0200 | total = 5.2157 | box = 0.7215 | obj = 1.5669 | cls = 0.0413 | lr = 0.000855
epoch 011 | step 0220 | total = 5.8912 | box = 0.8236 | obj = 1.7288 | cls = 0.0443 | lr = 0.000855
epoch 011 | step 0240 | total = 5.3101 | box = 0.7163 | obj = 1.6800 | cls = 0.0487 | lr = 0.000855
epoch 011 | step 0260 | total = 5.2853 | box = 0.7163 | obj = 1.6598 | cls = 0.0439 | lr = 0.000855
epoch 011 | step 0280 | total = 4.9481 | box = 0.6387 | obj = 1.7099 | cls = 0.0444 | lr = 0.000855
epoch 011 | step 0300 | total = 5.0256 | box = 0.6648 | obj = 1.6519 | cls = 0.0499 | lr = 0.000855
epoch 011 | step 0320 | total = 5.2048 | box = 0.6963 | obj = 1.6731 | cls = 0.0505 | lr = 0.000855
epoch 011 | step 0340 | total = 5.5598 | box = 0.7350 | obj = 1.8424 | cls = 0.0425 | lr = 0.000855
epoch 011 | step 0360 | total = 4.9566 | box = 0.6470 | obj = 1.6789 | cls = 0.0425 | lr = 0.000855
epoch 011 | step 0380 | total = 4.9012 | box = 0.6533 | obj = 1.5876 | cls = 0.0472 | lr = 0.000855
epoch 011 | step 0400 | total = 5.1183 | box = 0.6924 | obj = 1.6162 | cls = 0.0400 | lr = 0.000855
epoch 011 | step 0420 | total = 5.3164 | box = 0.7358 | obj = 1.5940 | cls = 0.0434 | lr = 0.000855
epoch 011 | step 0440 | total = 5.4142 | box = 0.7207 | obj = 1.7607 | cls = 0.0500 | lr = 0.000855
epoch 011 | step 0460 | total = 5.2898 | box = 0.7209 | obj = 1.6394 | cls = 0.0457 | lr = 0.000855
epoch 011 | step 0480 | total = 4.9585 | box = 0.6629 | obj = 1.5944 | cls = 0.0495 | lr = 0.000855
epoch 011 | step 0500 | total = 5.3880 | box = 0.7625 | obj = 1.5349 | cls = 0.0407 | lr = 0.000855
epoch 011 | step 0520 | total = 5.3296 | box = 0.7119 | obj = 1.7086 | cls = 0.0614 | lr = 0.000855
epoch 011 | step 0540 | total = 5.1900 | box = 0.6746 | obj = 1.7597 | cls = 0.0570 | lr = 0.000855
epoch 011 | step 0560 | total = 4.9741 | box = 0.6793 | obj = 1.5419 | cls = 0.0354 | lr = 0.000855
epoch 011 | step 0580 | total = 5.5229 | box = 0.7677 | obj = 1.6448 | cls = 0.0396 | lr = 0.000855
epoch 011 | step 0600 | total = 4.2552 | box = 0.5116 | obj = 1.6434 | cls = 0.0540 | lr = 0.000855
epoch 011 | step 0620 | total = 5.4307 | box = 0.7529 | obj = 1.6205 | cls = 0.0456 | lr = 0.000855
epoch 011 | step 0640 | total = 5.5386 | box = 0.7635 | obj = 1.6836 | cls = 0.0374 | lr = 0.000855
epoch 011 | step 0660 | total = 4.9700 | box = 0.6487 | obj = 1.6769 | cls = 0.0497 | lr = 0.000855
epoch 011 | step 0680 | total = 5.6769 | box = 0.8153 | obj = 1.5656 | cls = 0.0346 | lr = 0.000855
epoch 011 | step 0700 | total = 5.5796 | box = 0.7935 | obj = 1.5769 | cls = 0.0351 | lr = 0.000855
epoch 011 | step 0720 | total = 5.0906 | box = 0.7022 | obj = 1.5269 | cls = 0.0527 | lr = 0.000855
epoch 011 | step 0740 | total = 5.8881 | box = 0.8216 | obj = 1.7378 | cls = 0.0422 | lr = 0.000855
epoch 011 | step 0760 | total = 5.4343 | box = 0.7382 | obj = 1.6989 | cls = 0.0444 | lr = 0.000855
epoch 011 | step 0780 | total = 4.4118 | box = 0.5907 | obj = 1.4156 | cls = 0.0429 | lr = 0.000855
epoch 011 | step 0800 | total = 5.2328 | box = 0.6395 | obj = 1.9740 | cls = 0.0614 | lr = 0.000855
epoch 011 | step 0820 | total = 5.3589 | box = 0.7563 | obj = 1.5328 | cls = 0.0444 | lr = 0.000855
epoch 011 | step 0840 | total = 4.8088 | box = 0.6237 | obj = 1.6415 | cls = 0.0486 | lr = 0.000855
epoch 011 | step 0860 | total = 4.6122 | box = 0.5931 | obj = 1.5956 | cls = 0.0510 | lr = 0.000855
epoch 011 | step 0880 | total = 5.3040 | box = 0.7211 | obj = 1.6540 | cls = 0.0446 | lr = 0.000855
epoch 011 | step 0900 | total = 4.9887 | box = 0.6875 | obj = 1.5158 | cls = 0.0352 | lr = 0.000855
epoch 011 | step 0920 | total = 5.3751 | box = 0.7036 | obj = 1.8138 | cls = 0.0434 | lr = 0.000855
[epoch 011 train] total = 5.0715 | box = 0.6809 | obj = 1.6208 | cls = 0.0460 | steps = 925 | global_batches = 7400 | samples = 118288 | time = 803.5s
[epoch 011 val] total = 5.1452 | box = 0.6926 | obj = 1.6365 | cls = 0.0458 | steps = 40 | global_batches = 320 | samples = 5000 | time = 23.1s
epoch 012 | step 0001 | total = 4.8644 | box = 0.6457 | obj = 1.5964 | cls = 0.0395 | lr = 0.000826
epoch 012 | step 0020 | total = 4.5842 | box = 0.6104 | obj = 1.4912 | cls = 0.0411 | lr = 0.000826
epoch 012 | step 0040 | total = 5.3251 | box = 0.7620 | obj = 1.4729 | cls = 0.0422 | lr = 0.000826
epoch 012 | step 0060 | total = 3.4915 | box = 0.4112 | obj = 1.3729 | cls = 0.0629 | lr = 0.000826
epoch 012 | step 0080 | total = 5.8111 | box = 0.8152 | obj = 1.6934 | cls = 0.0419 | lr = 0.000826
epoch 012 | step 0100 | total = 4.6456 | box = 0.6144 | obj = 1.5332 | cls = 0.0403 | lr = 0.000826
epoch 012 | step 0120 | total = 5.4091 | box = 0.7642 | obj = 1.5517 | cls = 0.0364 | lr = 0.000826
epoch 012 | step 0140 | total = 4.4242 | box = 0.5721 | obj = 1.5154 | cls = 0.0484 | lr = 0.000826
epoch 012 | step 0160 | total = 4.9470 | box = 0.6544 | obj = 1.6324 | cls = 0.0423 | lr = 0.000826
epoch 012 | step 0180 | total = 4.6878 | box = 0.5649 | obj = 1.8157 | cls = 0.0477 | lr = 0.000826
epoch 012 | step 0200 | total = 4.0838 | box = 0.5290 | obj = 1.3918 | cls = 0.0469 | lr = 0.000826
epoch 012 | step 0220 | total = 5.0523 | box = 0.6728 | obj = 1.6421 | cls = 0.0460 | lr = 0.000826
epoch 012 | step 0240 | total = 5.2540 | box = 0.7154 | obj = 1.6343 | cls = 0.0425 | lr = 0.000826
epoch 012 | step 0260 | total = 5.0754 | box = 0.6769 | obj = 1.6470 | cls = 0.0437 | lr = 0.000826
epoch 012 | step 0280 | total = 4.4423 | box = 0.5569 | obj = 1.6118 | cls = 0.0458 | lr = 0.000826
epoch 012 | step 0300 | total = 5.3562 | box = 0.7367 | obj = 1.6361 | cls = 0.0366 | lr = 0.000826
epoch 012 | step 0320 | total = 5.0789 | box = 0.6773 | obj = 1.6479 | cls = 0.0446 | lr = 0.000826
epoch 012 | step 0340 | total = 5.2458 | box = 0.7236 | obj = 1.5868 | cls = 0.0408 | lr = 0.000826
epoch 012 | step 0360 | total = 5.9490 | box = 0.8474 | obj = 1.6684 | cls = 0.0433 | lr = 0.000826
epoch 012 | step 0380 | total = 4.8453 | box = 0.6681 | obj = 1.4627 | cls = 0.0423 | lr = 0.000826
epoch 012 | step 0400 | total = 4.7875 | box = 0.6399 | obj = 1.5327 | cls = 0.0554 | lr = 0.000826
epoch 012 | step 0420 | total = 5.4043 | box = 0.6997 | obj = 1.8582 | cls = 0.0476 | lr = 0.000826
epoch 012 | step 0440 | total = 4.4892 | box = 0.5892 | obj = 1.4976 | cls = 0.0453 | lr = 0.000826
epoch 012 | step 0460 | total = 5.8729 | box = 0.8349 | obj = 1.6633 | cls = 0.0349 | lr = 0.000826
epoch 012 | step 0480 | total = 4.7277 | box = 0.6402 | obj = 1.4851 | cls = 0.0417 | lr = 0.000826
epoch 012 | step 0500 | total = 6.1027 | box = 0.8717 | obj = 1.7044 | cls = 0.0395 | lr = 0.000826
epoch 012 | step 0520 | total = 5.1333 | box = 0.7021 | obj = 1.5838 | cls = 0.0393 | lr = 0.000826
epoch 012 | step 0540 | total = 3.8953 | box = 0.4633 | obj = 1.5328 | cls = 0.0463 | lr = 0.000826
epoch 012 | step 0560 | total = 5.6520 | box = 0.7858 | obj = 1.6768 | cls = 0.0460 | lr = 0.000826
epoch 012 | step 0580 | total = 5.7653 | box = 0.7584 | obj = 1.9225 | cls = 0.0510 | lr = 0.000826
epoch 012 | step 0600 | total = 5.0918 | box = 0.6810 | obj = 1.6306 | cls = 0.0563 | lr = 0.000826
epoch 012 | step 0620 | total = 4.6639 | box = 0.5955 | obj = 1.6279 | cls = 0.0587 | lr = 0.000826
epoch 012 | step 0640 | total = 5.3097 | box = 0.7556 | obj = 1.4985 | cls = 0.0330 | lr = 0.000826
epoch 012 | step 0660 | total = 5.0434 | box = 0.6905 | obj = 1.5454 | cls = 0.0457 | lr = 0.000826
epoch 012 | step 0680 | total = 5.0260 | box = 0.6366 | obj = 1.7969 | cls = 0.0462 | lr = 0.000826
epoch 012 | step 0700 | total = 4.6519 | box = 0.5976 | obj = 1.6133 | cls = 0.0503 | lr = 0.000826
epoch 012 | step 0720 | total = 5.7214 | box = 0.7725 | obj = 1.8100 | cls = 0.0489 | lr = 0.000826
epoch 012 | step 0740 | total = 5.1418 | box = 0.6986 | obj = 1.6055 | cls = 0.0431 | lr = 0.000826
epoch 012 | step 0760 | total = 4.8059 | box = 0.6238 | obj = 1.6431 | cls = 0.0438 | lr = 0.000826
epoch 012 | step 0780 | total = 5.3243 | box = 0.7282 | obj = 1.6445 | cls = 0.0387 | lr = 0.000826
epoch 012 | step 0800 | total = 4.8454 | box = 0.6456 | obj = 1.5770 | cls = 0.0402 | lr = 0.000826
epoch 012 | step 0820 | total = 5.3107 | box = 0.7161 | obj = 1.6845 | cls = 0.0460 | lr = 0.000826
epoch 012 | step 0840 | total = 4.3198 | box = 0.5360 | obj = 1.5830 | cls = 0.0570 | lr = 0.000826
epoch 012 | step 0860 | total = 4.8147 | box = 0.6322 | obj = 1.6079 | cls = 0.0458 | lr = 0.000826
epoch 012 | step 0880 | total = 5.5415 | box = 0.7425 | obj = 1.7834 | cls = 0.0455 | lr = 0.000826
epoch 012 | step 0900 | total = 5.3700 | box = 0.7335 | obj = 1.6490 | cls = 0.0536 | lr = 0.000826
epoch 012 | step 0920 | total = 4.7745 | box = 0.6354 | obj = 1.5467 | cls = 0.0510 | lr = 0.000826
[epoch 012 train] total = 5.0087 | box = 0.6710 | obj = 1.6083 | cls = 0.0453 | steps = 925 | global_batches = 7400 | samples = 118288 | time = 802.9s
[epoch 012 val] total = 5.0849 | box = 0.6833 | obj = 1.6226 | cls = 0.0460 | steps = 40 | global_batches = 320 | samples = 5000 | time = 22.4s
epoch 013 | step 0001 | total = 5.4974 | box = 0.7772 | obj = 1.5762 | cls = 0.0353 | lr = 0.000796
epoch 013 | step 0020 | total = 5.8972 | box = 0.8042 | obj = 1.8262 | cls = 0.0501 | lr = 0.000796
epoch 013 | step 0040 | total = 4.6579 | box = 0.6121 | obj = 1.5579 | cls = 0.0397 | lr = 0.000796
epoch 013 | step 0060 | total = 4.4956 | box = 0.5844 | obj = 1.5344 | cls = 0.0394 | lr = 0.000796
epoch 013 | step 0080 | total = 4.7800 | box = 0.6533 | obj = 1.4757 | cls = 0.0378 | lr = 0.000796
epoch 013 | step 0100 | total = 4.7158 | box = 0.6362 | obj = 1.4967 | cls = 0.0381 | lr = 0.000796
epoch 013 | step 0120 | total = 5.4017 | box = 0.7580 | obj = 1.5689 | cls = 0.0427 | lr = 0.000796
epoch 013 | step 0140 | total = 4.2322 | box = 0.5335 | obj = 1.5186 | cls = 0.0459 | lr = 0.000796
epoch 013 | step 0160 | total = 4.7164 | box = 0.6160 | obj = 1.5978 | cls = 0.0388 | lr = 0.000796
epoch 013 | step 0180 | total = 5.1599 | box = 0.7094 | obj = 1.5658 | cls = 0.0471 | lr = 0.000796
epoch 013 | step 0200 | total = 4.5183 | box = 0.5781 | obj = 1.5707 | cls = 0.0572 | lr = 0.000796
epoch 013 | step 0220 | total = 6.0612 | box = 0.8479 | obj = 1.7845 | cls = 0.0372 | lr = 0.000796
epoch 013 | step 0240 | total = 5.2714 | box = 0.7226 | obj = 1.6125 | cls = 0.0456 | lr = 0.000796
epoch 013 | step 0260 | total = 5.5424 | box = 0.7834 | obj = 1.5880 | cls = 0.0372 | lr = 0.000796
epoch 013 | step 0280 | total = 5.0370 | box = 0.6758 | obj = 1.6157 | cls = 0.0422 | lr = 0.000796
epoch 013 | step 0300 | total = 5.3139 | box = 0.7655 | obj = 1.4411 | cls = 0.0453 | lr = 0.000796
epoch 013 | step 0320 | total = 4.6157 | box = 0.5499 | obj = 1.8186 | cls = 0.0478 | lr = 0.000796
epoch 013 | step 0340 | total = 5.0729 | box = 0.6335 | obj = 1.8542 | cls = 0.0511 | lr = 0.000796
epoch 013 | step 0360 | total = 4.6261 | box = 0.6075 | obj = 1.5477 | cls = 0.0411 | lr = 0.000796
epoch 013 | step 0380 | total = 5.1643 | box = 0.6666 | obj = 1.7814 | cls = 0.0499 | lr = 0.000796
epoch 013 | step 0400 | total = 5.1056 | box = 0.6950 | obj = 1.5826 | cls = 0.0479 | lr = 0.000796
epoch 013 | step 0420 | total = 4.7126 | box = 0.6070 | obj = 1.6297 | cls = 0.0477 | lr = 0.000796
epoch 013 | step 0440 | total = 5.1392 | box = 0.6919 | obj = 1.6395 | cls = 0.0404 | lr = 0.000796
epoch 013 | step 0460 | total = 4.1961 | box = 0.5353 | obj = 1.4693 | cls = 0.0502 | lr = 0.000796
epoch 013 | step 0480 | total = 4.9806 | box = 0.6836 | obj = 1.5197 | cls = 0.0430 | lr = 0.000796
epoch 013 | step 0500 | total = 5.0255 | box = 0.6757 | obj = 1.6089 | cls = 0.0381 | lr = 0.000796
epoch 013 | step 0520 | total = 4.6549 | box = 0.6166 | obj = 1.5315 | cls = 0.0406 | lr = 0.000796
epoch 013 | step 0540 | total = 4.0341 | box = 0.4898 | obj = 1.5457 | cls = 0.0396 | lr = 0.000796
epoch 013 | step 0560 | total = 4.9165 | box = 0.6779 | obj = 1.4889 | cls = 0.0383 | lr = 0.000796
epoch 013 | step 0580 | total = 5.2284 | box = 0.7294 | obj = 1.5404 | cls = 0.0409 | lr = 0.000796
epoch 013 | step 0600 | total = 4.3588 | box = 0.5673 | obj = 1.4859 | cls = 0.0366 | lr = 0.000796
epoch 013 | step 0620 | total = 5.0220 | box = 0.6721 | obj = 1.6147 | cls = 0.0467 | lr = 0.000796
epoch 013 | step 0640 | total = 4.4343 | box = 0.5668 | obj = 1.5587 | cls = 0.0416 | lr = 0.000796
epoch 013 | step 0660 | total = 4.4408 | box = 0.5713 | obj = 1.5430 | cls = 0.0415 | lr = 0.000796
epoch 013 | step 0680 | total = 4.9348 | box = 0.6591 | obj = 1.5997 | cls = 0.0398 | lr = 0.000796
epoch 013 | step 0700 | total = 4.4536 | box = 0.5676 | obj = 1.5720 | cls = 0.0437 | lr = 0.000796
epoch 013 | step 0720 | total = 5.1020 | box = 0.6799 | obj = 1.6578 | cls = 0.0447 | lr = 0.000796
epoch 013 | step 0740 | total = 4.6514 | box = 0.5942 | obj = 1.6358 | cls = 0.0445 | lr = 0.000796
epoch 013 | step 0760 | total = 5.2844 | box = 0.6976 | obj = 1.7523 | cls = 0.0443 | lr = 0.000796
epoch 013 | step 0780 | total = 5.3512 | box = 0.7208 | obj = 1.6972 | cls = 0.0499 | lr = 0.000796
epoch 013 | step 0800 | total = 5.5119 | box = 0.7726 | obj = 1.6001 | cls = 0.0487 | lr = 0.000796
epoch 013 | step 0820 | total = 4.3017 | box = 0.5407 | obj = 1.5620 | cls = 0.0360 | lr = 0.000796
epoch 013 | step 0840 | total = 4.6408 | box = 0.5873 | obj = 1.6536 | cls = 0.0505 | lr = 0.000796
epoch 013 | step 0860 | total = 4.5480 | box = 0.5827 | obj = 1.5756 | cls = 0.0591 | lr = 0.000796
epoch 013 | step 0880 | total = 5.4840 | box = 0.7227 | obj = 1.8193 | cls = 0.0513 | lr = 0.000796
epoch 013 | step 0900 | total = 4.6663 | box = 0.6071 | obj = 1.5740 | cls = 0.0570 | lr = 0.000796
epoch 013 | step 0920 | total = 4.9933 | box = 0.6599 | obj = 1.6521 | cls = 0.0419 | lr = 0.000796
[epoch 013 train] total = 4.9457 | box = 0.6614 | obj = 1.5939 | cls = 0.0448 | steps = 925 | global_batches = 7400 | samples = 118288 | time = 803.3s
[epoch 013 val] total = 5.0220 | box = 0.6746 | obj = 1.6034 | cls = 0.0455 | steps = 40 | global_batches = 320 | samples = 5000 | time = 22.6s
epoch 014 | step 0001 | total = 4.9558 | box = 0.6626 | obj = 1.5953 | cls = 0.0476 | lr = 0.000764
epoch 014 | step 0020 | total = 4.9361 | box = 0.6358 | obj = 1.7085 | cls = 0.0488 | lr = 0.000764
epoch 014 | step 0040 | total = 4.9507 | box = 0.6540 | obj = 1.6347 | cls = 0.0462 | lr = 0.000764
epoch 014 | step 0060 | total = 5.1312 | box = 0.7040 | obj = 1.5662 | cls = 0.0449 | lr = 0.000764
epoch 014 | step 0080 | total = 4.3790 | box = 0.5710 | obj = 1.4882 | cls = 0.0360 | lr = 0.000764
epoch 014 | step 0100 | total = 4.3150 | box = 0.5437 | obj = 1.5491 | cls = 0.0471 | lr = 0.000764
epoch 014 | step 0120 | total = 5.3340 | box = 0.7595 | obj = 1.4963 | cls = 0.0400 | lr = 0.000764
epoch 014 | step 0140 | total = 6.0651 | box = 0.8921 | obj = 1.5569 | cls = 0.0475 | lr = 0.000764
epoch 014 | step 0160 | total = 5.3685 | box = 0.7680 | obj = 1.4896 | cls = 0.0388 | lr = 0.000764
epoch 014 | step 0180 | total = 5.0854 | box = 0.7134 | obj = 1.4791 | cls = 0.0393 | lr = 0.000764
epoch 014 | step 0200 | total = 5.1072 | box = 0.7070 | obj = 1.5322 | cls = 0.0401 | lr = 0.000764
epoch 014 | step 0220 | total = 5.6150 | box = 0.8066 | obj = 1.5443 | cls = 0.0378 | lr = 0.000764
epoch 014 | step 0240 | total = 5.0686 | box = 0.6900 | obj = 1.5754 | cls = 0.0430 | lr = 0.000764
epoch 014 | step 0260 | total = 3.8442 | box = 0.4623 | obj = 1.4810 | cls = 0.0515 | lr = 0.000764
epoch 014 | step 0280 | total = 4.9851 | box = 0.6765 | obj = 1.5608 | cls = 0.0420 | lr = 0.000764
epoch 014 | step 0300 | total = 5.9266 | box = 0.8397 | obj = 1.6774 | cls = 0.0505 | lr = 0.000764
epoch 014 | step 0320 | total = 4.1008 | box = 0.4793 | obj = 1.6393 | cls = 0.0650 | lr = 0.000764
epoch 014 | step 0340 | total = 5.4147 | box = 0.6997 | obj = 1.8666 | cls = 0.0494 | lr = 0.000764
epoch 014 | step 0360 | total = 6.0809 | box = 0.8787 | obj = 1.6463 | cls = 0.0410 | lr = 0.000764
epoch 014 | step 0380 | total = 3.9273 | box = 0.5021 | obj = 1.3677 | cls = 0.0490 | lr = 0.000764
epoch 014 | step 0400 | total = 5.3274 | box = 0.7021 | obj = 1.7735 | cls = 0.0435 | lr = 0.000764
epoch 014 | step 0420 | total = 5.3236 | box = 0.7395 | obj = 1.5865 | cls = 0.0396 | lr = 0.000764
epoch 014 | step 0440 | total = 5.0916 | box = 0.7109 | obj = 1.5033 | cls = 0.0339 | lr = 0.000764
epoch 014 | step 0460 | total = 4.7908 | box = 0.6270 | obj = 1.6102 | cls = 0.0456 | lr = 0.000764
epoch 014 | step 0480 | total = 4.6234 | box = 0.6097 | obj = 1.5293 | cls = 0.0458 | lr = 0.000764
epoch 014 | step 0500 | total = 4.8634 | box = 0.6492 | obj = 1.5733 | cls = 0.0443 | lr = 0.000764
epoch 014 | step 0520 | total = 5.5267 | box = 0.7917 | obj = 1.5308 | cls = 0.0375 | lr = 0.000764
epoch 014 | step 0540 | total = 4.7541 | box = 0.6246 | obj = 1.5800 | cls = 0.0510 | lr = 0.000764
epoch 014 | step 0560 | total = 5.4766 | box = 0.7719 | obj = 1.5792 | cls = 0.0381 | lr = 0.000764
epoch 014 | step 0580 | total = 4.7763 | box = 0.6437 | obj = 1.5142 | cls = 0.0434 | lr = 0.000764
epoch 014 | step 0600 | total = 4.7325 | box = 0.6086 | obj = 1.6503 | cls = 0.0393 | lr = 0.000764
epoch 014 | step 0620 | total = 4.6031 | box = 0.6010 | obj = 1.5583 | cls = 0.0399 | lr = 0.000764
epoch 014 | step 0640 | total = 3.9882 | box = 0.4774 | obj = 1.5378 | cls = 0.0632 | lr = 0.000764
epoch 014 | step 0660 | total = 4.9917 | box = 0.6797 | obj = 1.5499 | cls = 0.0434 | lr = 0.000764
epoch 014 | step 0680 | total = 5.6880 | box = 0.8220 | obj = 1.5371 | cls = 0.0411 | lr = 0.000764
epoch 014 | step 0700 | total = 5.5873 | box = 0.7836 | obj = 1.6273 | cls = 0.0423 | lr = 0.000764
epoch 014 | step 0720 | total = 4.3621 | box = 0.5725 | obj = 1.4588 | cls = 0.0409 | lr = 0.000764
epoch 014 | step 0740 | total = 5.2524 | box = 0.7464 | obj = 1.4769 | cls = 0.0437 | lr = 0.000764
epoch 014 | step 0760 | total = 4.7628 | box = 0.6413 | obj = 1.5168 | cls = 0.0393 | lr = 0.000764
epoch 014 | step 0780 | total = 4.8480 | box = 0.6268 | obj = 1.6710 | cls = 0.0429 | lr = 0.000764
epoch 014 | step 0800 | total = 5.2624 | box = 0.7389 | obj = 1.5281 | cls = 0.0396 | lr = 0.000764
epoch 014 | step 0820 | total = 4.9182 | box = 0.6653 | obj = 1.5428 | cls = 0.0488 | lr = 0.000764
epoch 014 | step 0840 | total = 5.6753 | box = 0.7989 | obj = 1.6418 | cls = 0.0392 | lr = 0.000764
epoch 014 | step 0860 | total = 5.3085 | box = 0.7509 | obj = 1.5118 | cls = 0.0420 | lr = 0.000764
epoch 014 | step 0880 | total = 5.5137 | box = 0.7954 | obj = 1.4946 | cls = 0.0423 | lr = 0.000764
epoch 014 | step 0900 | total = 5.2473 | box = 0.6828 | obj = 1.7891 | cls = 0.0439 | lr = 0.000764
epoch 014 | step 0920 | total = 5.0422 | box = 0.6868 | obj = 1.5599 | cls = 0.0484 | lr = 0.000764
[epoch 014 train] total = 4.8903 | box = 0.6532 | obj = 1.5798 | cls = 0.0443 | steps = 925 | global_batches = 7400 | samples = 118288 | time = 803.8s
[epoch 014 val] total = 4.9731 | box = 0.6667 | obj = 1.5955 | cls = 0.0441 | steps = 40 | global_batches = 320 | samples = 5000 | time = 22.9s
epoch 015 | step 0001 | total = 4.6015 | box = 0.5867 | obj = 1.6228 | cls = 0.0454 | lr = 0.000730
epoch 015 | step 0020 | total = 4.8902 | box = 0.6278 | obj = 1.7067 | cls = 0.0444 | lr = 0.000730
epoch 015 | step 0040 | total = 5.4964 | box = 0.7345 | obj = 1.7756 | cls = 0.0484 | lr = 0.000730
epoch 015 | step 0060 | total = 4.4700 | box = 0.5788 | obj = 1.5349 | cls = 0.0408 | lr = 0.000730
epoch 015 | step 0080 | total = 4.4579 | box = 0.5784 | obj = 1.5322 | cls = 0.0336 | lr = 0.000730
epoch 015 | step 0100 | total = 5.1848 | box = 0.7131 | obj = 1.5661 | cls = 0.0533 | lr = 0.000730
epoch 015 | step 0120 | total = 4.6759 | box = 0.6070 | obj = 1.5870 | cls = 0.0539 | lr = 0.000730
epoch 015 | step 0140 | total = 4.8723 | box = 0.6546 | obj = 1.5644 | cls = 0.0349 | lr = 0.000730
epoch 015 | step 0160 | total = 4.7830 | box = 0.6559 | obj = 1.4666 | cls = 0.0371 | lr = 0.000730
epoch 015 | step 0180 | total = 4.6928 | box = 0.6092 | obj = 1.5909 | cls = 0.0560 | lr = 0.000730
epoch 015 | step 0200 | total = 5.4533 | box = 0.7552 | obj = 1.6326 | cls = 0.0446 | lr = 0.000730
epoch 015 | step 0220 | total = 5.3097 | box = 0.7206 | obj = 1.6613 | cls = 0.0457 | lr = 0.000730
epoch 015 | step 0240 | total = 4.7346 | box = 0.6245 | obj = 1.5740 | cls = 0.0383 | lr = 0.000730
epoch 015 | step 0260 | total = 4.3405 | box = 0.5682 | obj = 1.4534 | cls = 0.0460 | lr = 0.000730
epoch 015 | step 0280 | total = 3.9052 | box = 0.4491 | obj = 1.5973 | cls = 0.0626 | lr = 0.000730
epoch 015 | step 0300 | total = 5.8104 | box = 0.8297 | obj = 1.6163 | cls = 0.0457 | lr = 0.000730
epoch 015 | step 0320 | total = 5.3338 | box = 0.7497 | obj = 1.5339 | cls = 0.0514 | lr = 0.000730
epoch 015 | step 0340 | total = 4.7095 | box = 0.6215 | obj = 1.5555 | cls = 0.0467 | lr = 0.000730
epoch 015 | step 0360 | total = 4.7367 | box = 0.6425 | obj = 1.4810 | cls = 0.0431 | lr = 0.000730
epoch 015 | step 0380 | total = 5.1250 | box = 0.6824 | obj = 1.6675 | cls = 0.0456 | lr = 0.000730
epoch 015 | step 0400 | total = 4.9739 | box = 0.6961 | obj = 1.4487 | cls = 0.0449 | lr = 0.000730
epoch 015 | step 0420 | total = 4.3607 | box = 0.5315 | obj = 1.6590 | cls = 0.0442 | lr = 0.000730
epoch 015 | step 0440 | total = 4.5270 | box = 0.5742 | obj = 1.6010 | cls = 0.0549 | lr = 0.000730
epoch 015 | step 0460 | total = 5.5433 | box = 0.7783 | obj = 1.6053 | cls = 0.0466 | lr = 0.000730
epoch 015 | step 0480 | total = 4.8326 | box = 0.6209 | obj = 1.6819 | cls = 0.0464 | lr = 0.000730
epoch 015 | step 0500 | total = 5.5026 | box = 0.7556 | obj = 1.6748 | cls = 0.0498 | lr = 0.000730
epoch 015 | step 0520 | total = 5.3417 | box = 0.7487 | obj = 1.5589 | cls = 0.0392 | lr = 0.000730
epoch 015 | step 0540 | total = 6.0630 | box = 0.8691 | obj = 1.6650 | cls = 0.0523 | lr = 0.000730
epoch 015 | step 0560 | total = 4.3379 | box = 0.5532 | obj = 1.5247 | cls = 0.0474 | lr = 0.000730
epoch 015 | step 0580 | total = 4.4482 | box = 0.5831 | obj = 1.4885 | cls = 0.0440 | lr = 0.000730
epoch 015 | step 0600 | total = 4.6496 | box = 0.6077 | obj = 1.5608 | cls = 0.0502 | lr = 0.000730
epoch 015 | step 0620 | total = 5.1146 | box = 0.6892 | obj = 1.6228 | cls = 0.0459 | lr = 0.000730
epoch 015 | step 0640 | total = 4.0899 | box = 0.4909 | obj = 1.5863 | cls = 0.0489 | lr = 0.000730
epoch 015 | step 0660 | total = 4.2064 | box = 0.5390 | obj = 1.4640 | cls = 0.0476 | lr = 0.000730
epoch 015 | step 0680 | total = 4.2635 | box = 0.5401 | obj = 1.5169 | cls = 0.0460 | lr = 0.000730
epoch 015 | step 0700 | total = 4.6088 | box = 0.5751 | obj = 1.6931 | cls = 0.0400 | lr = 0.000730
epoch 015 | step 0720 | total = 5.6279 | box = 0.7577 | obj = 1.7999 | cls = 0.0392 | lr = 0.000730
epoch 015 | step 0740 | total = 4.3763 | box = 0.5432 | obj = 1.6137 | cls = 0.0465 | lr = 0.000730
epoch 015 | step 0760 | total = 4.6437 | box = 0.6196 | obj = 1.5045 | cls = 0.0413 | lr = 0.000730
epoch 015 | step 0780 | total = 4.7422 | box = 0.6059 | obj = 1.6669 | cls = 0.0459 | lr = 0.000730
epoch 015 | step 0800 | total = 5.0194 | box = 0.6676 | obj = 1.6399 | cls = 0.0414 | lr = 0.000730
epoch 015 | step 0820 | total = 5.0626 | box = 0.7293 | obj = 1.3816 | cls = 0.0347 | lr = 0.000730
epoch 015 | step 0840 | total = 4.6609 | box = 0.5548 | obj = 1.8262 | cls = 0.0607 | lr = 0.000730
epoch 015 | step 0860 | total = 4.4332 | box = 0.5824 | obj = 1.4639 | cls = 0.0572 | lr = 0.000730
epoch 015 | step 0880 | total = 4.3932 | box = 0.5603 | obj = 1.5372 | cls = 0.0545 | lr = 0.000730
epoch 015 | step 0900 | total = 4.7609 | box = 0.6281 | obj = 1.5847 | cls = 0.0359 | lr = 0.000730
epoch 015 | step 0920 | total = 5.0342 | box = 0.6820 | obj = 1.5803 | cls = 0.0439 | lr = 0.000730
[epoch 015 train] total = 4.8371 | box = 0.6452 | obj = 1.5671 | cls = 0.0437 | steps = 925 | global_batches = 7400 | samples = 118288 | time = 801.8s
[epoch 015 val] total = 4.9301 | box = 0.6611 | obj = 1.5805 | cls = 0.0442 | steps = 40 | global_batches = 320 | samples = 5000 | time = 23.2s
epoch 016 | step 0001 | total = 5.2360 | box = 0.7347 | obj = 1.5169 | cls = 0.0457 | lr = 0.000694
epoch 016 | step 0020 | total = 5.2014 | box = 0.7031 | obj = 1.6485 | cls = 0.0375 | lr = 0.000694
epoch 016 | step 0040 | total = 5.3866 | box = 0.7471 | obj = 1.6070 | cls = 0.0441 | lr = 0.000694
epoch 016 | step 0060 | total = 4.8852 | box = 0.6724 | obj = 1.4808 | cls = 0.0426 | lr = 0.000694
epoch 016 | step 0080 | total = 5.1611 | box = 0.7448 | obj = 1.3974 | cls = 0.0400 | lr = 0.000694
epoch 016 | step 0100 | total = 4.6672 | box = 0.6200 | obj = 1.5271 | cls = 0.0399 | lr = 0.000694
epoch 016 | step 0120 | total = 4.8828 | box = 0.6532 | obj = 1.5722 | cls = 0.0445 | lr = 0.000694
epoch 016 | step 0140 | total = 5.3523 | box = 0.7573 | obj = 1.5293 | cls = 0.0367 | lr = 0.000694
epoch 016 | step 0160 | total = 5.3342 | box = 0.7638 | obj = 1.4775 | cls = 0.0378 | lr = 0.000694
epoch 016 | step 0180 | total = 4.2574 | box = 0.5508 | obj = 1.4572 | cls = 0.0460 | lr = 0.000694
epoch 016 | step 0200 | total = 5.0634 | box = 0.6826 | obj = 1.6011 | cls = 0.0494 | lr = 0.000694
epoch 016 | step 0220 | total = 4.8228 | box = 0.6506 | obj = 1.5258 | cls = 0.0441 | lr = 0.000694
epoch 016 | step 0240 | total = 5.4992 | box = 0.7798 | obj = 1.5685 | cls = 0.0317 | lr = 0.000694
epoch 016 | step 0260 | total = 4.1263 | box = 0.5347 | obj = 1.4178 | cls = 0.0349 | lr = 0.000694
epoch 016 | step 0280 | total = 4.7434 | box = 0.6364 | obj = 1.5227 | cls = 0.0388 | lr = 0.000694
epoch 016 | step 0300 | total = 4.6365 | box = 0.6083 | obj = 1.5545 | cls = 0.0405 | lr = 0.000694
epoch 016 | step 0320 | total = 4.7410 | box = 0.6438 | obj = 1.4797 | cls = 0.0422 | lr = 0.000694
epoch 016 | step 0340 | total = 4.7746 | box = 0.6190 | obj = 1.6355 | cls = 0.0439 | lr = 0.000694
epoch 016 | step 0360 | total = 5.1370 | box = 0.7101 | obj = 1.5467 | cls = 0.0399 | lr = 0.000694
epoch 016 | step 0380 | total = 4.2048 | box = 0.5412 | obj = 1.4524 | cls = 0.0462 | lr = 0.000694
epoch 016 | step 0400 | total = 4.2663 | box = 0.5317 | obj = 1.5582 | cls = 0.0498 | lr = 0.000694
epoch 016 | step 0420 | total = 5.3124 | box = 0.7399 | obj = 1.5711 | cls = 0.0417 | lr = 0.000694
epoch 016 | step 0440 | total = 4.9126 | box = 0.6448 | obj = 1.6427 | cls = 0.0459 | lr = 0.000694
epoch 016 | step 0460 | total = 5.1937 | box = 0.7071 | obj = 1.6148 | cls = 0.0435 | lr = 0.000694
epoch 016 | step 0480 | total = 5.5200 | box = 0.7578 | obj = 1.6896 | cls = 0.0416 | lr = 0.000694
epoch 016 | step 0500 | total = 4.6755 | box = 0.6012 | obj = 1.6249 | cls = 0.0448 | lr = 0.000694
epoch 016 | step 0520 | total = 4.0277 | box = 0.5017 | obj = 1.4728 | cls = 0.0463 | lr = 0.000694
epoch 016 | step 0540 | total = 5.1816 | box = 0.7033 | obj = 1.6281 | cls = 0.0371 | lr = 0.000694
epoch 016 | step 0560 | total = 5.7241 | box = 0.8302 | obj = 1.5384 | cls = 0.0344 | lr = 0.000694
epoch 016 | step 0580 | total = 4.4297 | box = 0.5651 | obj = 1.5520 | cls = 0.0521 | lr = 0.000694
epoch 016 | step 0600 | total = 4.5835 | box = 0.5901 | obj = 1.5899 | cls = 0.0431 | lr = 0.000694
epoch 016 | step 0620 | total = 4.9082 | box = 0.6644 | obj = 1.5516 | cls = 0.0344 | lr = 0.000694
epoch 016 | step 0640 | total = 5.1343 | box = 0.7177 | obj = 1.5073 | cls = 0.0386 | lr = 0.000694
epoch 016 | step 0660 | total = 4.5233 | box = 0.5932 | obj = 1.5207 | cls = 0.0366 | lr = 0.000694
epoch 016 | step 0680 | total = 4.5043 | box = 0.5379 | obj = 1.7613 | cls = 0.0537 | lr = 0.000694
epoch 016 | step 0700 | total = 4.7623 | box = 0.6052 | obj = 1.6946 | cls = 0.0417 | lr = 0.000694
epoch 016 | step 0720 | total = 4.9526 | box = 0.6493 | obj = 1.6622 | cls = 0.0440 | lr = 0.000694
epoch 016 | step 0740 | total = 4.5549 | box = 0.6008 | obj = 1.5114 | cls = 0.0394 | lr = 0.000694
epoch 016 | step 0760 | total = 5.1901 | box = 0.7157 | obj = 1.5725 | cls = 0.0391 | lr = 0.000694
epoch 016 | step 0780 | total = 5.4587 | box = 0.7724 | obj = 1.5533 | cls = 0.0435 | lr = 0.000694
epoch 016 | step 0800 | total = 4.7352 | box = 0.6062 | obj = 1.6571 | cls = 0.0470 | lr = 0.000694
epoch 016 | step 0820 | total = 4.2642 | box = 0.5536 | obj = 1.4551 | cls = 0.0412 | lr = 0.000694
epoch 016 | step 0840 | total = 4.2283 | box = 0.5462 | obj = 1.4505 | cls = 0.0468 | lr = 0.000694
epoch 016 | step 0860 | total = 4.2465 | box = 0.5379 | obj = 1.5112 | cls = 0.0458 | lr = 0.000694
epoch 016 | step 0880 | total = 4.8595 | box = 0.6645 | obj = 1.4877 | cls = 0.0493 | lr = 0.000694
epoch 016 | step 0900 | total = 5.0111 | box = 0.6631 | obj = 1.6544 | cls = 0.0414 | lr = 0.000694
epoch 016 | step 0920 | total = 5.5625 | box = 0.7756 | obj = 1.6370 | cls = 0.0474 | lr = 0.000694
[epoch 016 train] total = 4.7855 | box = 0.6375 | obj = 1.5546 | cls = 0.0433 | steps = 925 | global_batches = 7400 | samples = 118288 | time = 801.2s
[epoch 016 val] total = 4.8913 | box = 0.6547 | obj = 1.5743 | cls = 0.0436 | steps = 40 | global_batches = 320 | samples = 5000 | time = 23.4s
epoch 017 | step 0001 | total = 4.4126 | box = 0.5620 | obj = 1.5489 | cls = 0.0537 | lr = 0.000658
epoch 017 | step 0020 | total = 4.4761 | box = 0.5890 | obj = 1.4850 | cls = 0.0462 | lr = 0.000658
epoch 017 | step 0040 | total = 3.6266 | box = 0.4558 | obj = 1.3034 | cls = 0.0442 | lr = 0.000658
epoch 017 | step 0060 | total = 5.0846 | box = 0.7074 | obj = 1.5058 | cls = 0.0417 | lr = 0.000658
epoch 017 | step 0080 | total = 4.6937 | box = 0.6092 | obj = 1.6045 | cls = 0.0433 | lr = 0.000658
epoch 017 | step 0100 | total = 5.3946 | box = 0.7590 | obj = 1.5537 | cls = 0.0460 | lr = 0.000658
epoch 017 | step 0120 | total = 3.8691 | box = 0.4921 | obj = 1.3635 | cls = 0.0449 | lr = 0.000658
epoch 017 | step 0140 | total = 5.0781 | box = 0.6893 | obj = 1.5889 | cls = 0.0429 | lr = 0.000658
epoch 017 | step 0160 | total = 5.4057 | box = 0.7498 | obj = 1.6210 | cls = 0.0355 | lr = 0.000658
epoch 017 | step 0180 | total = 4.9121 | box = 0.6596 | obj = 1.5720 | cls = 0.0419 | lr = 0.000658
epoch 017 | step 0200 | total = 5.1150 | box = 0.7293 | obj = 1.4281 | cls = 0.0403 | lr = 0.000658
epoch 017 | step 0220 | total = 5.0275 | box = 0.6905 | obj = 1.5353 | cls = 0.0394 | lr = 0.000658
epoch 017 | step 0240 | total = 5.2989 | box = 0.7392 | obj = 1.5608 | cls = 0.0419 | lr = 0.000658
epoch 017 | step 0260 | total = 5.3866 | box = 0.7732 | obj = 1.4861 | cls = 0.0345 | lr = 0.000658
epoch 017 | step 0280 | total = 4.6316 | box = 0.6172 | obj = 1.5060 | cls = 0.0396 | lr = 0.000658
epoch 017 | step 0300 | total = 4.5610 | box = 0.6078 | obj = 1.4834 | cls = 0.0388 | lr = 0.000658
epoch 017 | step 0320 | total = 4.3675 | box = 0.5459 | obj = 1.5969 | cls = 0.0412 | lr = 0.000658
epoch 017 | step 0340 | total = 4.2569 | box = 0.5408 | obj = 1.5117 | cls = 0.0410 | lr = 0.000658
epoch 017 | step 0360 | total = 4.6305 | box = 0.6398 | obj = 1.3978 | cls = 0.0339 | lr = 0.000658
epoch 017 | step 0380 | total = 4.5417 | box = 0.5879 | obj = 1.5476 | cls = 0.0545 | lr = 0.000658
epoch 017 | step 0400 | total = 4.6404 | box = 0.6014 | obj = 1.5816 | cls = 0.0521 | lr = 0.000658
epoch 017 | step 0420 | total = 3.6200 | box = 0.4027 | obj = 1.5597 | cls = 0.0470 | lr = 0.000658
epoch 017 | step 0440 | total = 4.0524 | box = 0.4424 | obj = 1.7831 | cls = 0.0574 | lr = 0.000658
epoch 017 | step 0460 | total = 5.5860 | box = 0.8090 | obj = 1.5083 | cls = 0.0326 | lr = 0.000658
epoch 017 | step 0480 | total = 4.6478 | box = 0.5914 | obj = 1.6471 | cls = 0.0435 | lr = 0.000658
epoch 017 | step 0500 | total = 4.4378 | box = 0.5839 | obj = 1.4695 | cls = 0.0487 | lr = 0.000658
epoch 017 | step 0520 | total = 4.8597 | box = 0.6431 | obj = 1.6018 | cls = 0.0422 | lr = 0.000658
epoch 017 | step 0540 | total = 4.4696 | box = 0.5698 | obj = 1.5666 | cls = 0.0542 | lr = 0.000658
epoch 017 | step 0560 | total = 4.9600 | box = 0.6663 | obj = 1.5849 | cls = 0.0435 | lr = 0.000658
epoch 017 | step 0580 | total = 4.9593 | box = 0.6821 | obj = 1.5044 | cls = 0.0443 | lr = 0.000658
epoch 017 | step 0600 | total = 4.8246 | box = 0.6590 | obj = 1.4890 | cls = 0.0404 | lr = 0.000658
epoch 017 | step 0620 | total = 4.6555 | box = 0.6228 | obj = 1.5025 | cls = 0.0392 | lr = 0.000658
epoch 017 | step 0640 | total = 5.2024 | box = 0.7213 | obj = 1.5612 | cls = 0.0346 | lr = 0.000658
epoch 017 | step 0660 | total = 4.8285 | box = 0.6395 | obj = 1.5887 | cls = 0.0422 | lr = 0.000658
epoch 017 | step 0680 | total = 4.3614 | box = 0.5294 | obj = 1.6602 | cls = 0.0543 | lr = 0.000658
epoch 017 | step 0700 | total = 4.6649 | box = 0.6306 | obj = 1.4637 | cls = 0.0484 | lr = 0.000658
epoch 017 | step 0720 | total = 4.8067 | box = 0.6571 | obj = 1.4806 | cls = 0.0408 | lr = 0.000658
epoch 017 | step 0740 | total = 4.9215 | box = 0.6782 | obj = 1.4949 | cls = 0.0357 | lr = 0.000658
epoch 017 | step 0760 | total = 4.7222 | box = 0.6013 | obj = 1.6689 | cls = 0.0470 | lr = 0.000658
epoch 017 | step 0780 | total = 4.1269 | box = 0.5365 | obj = 1.3952 | cls = 0.0491 | lr = 0.000658
epoch 017 | step 0800 | total = 4.6394 | box = 0.6164 | obj = 1.5151 | cls = 0.0424 | lr = 0.000658
epoch 017 | step 0820 | total = 4.2484 | box = 0.5484 | obj = 1.4724 | cls = 0.0342 | lr = 0.000658
epoch 017 | step 0840 | total = 4.2942 | box = 0.5506 | obj = 1.5016 | cls = 0.0396 | lr = 0.000658
epoch 017 | step 0860 | total = 4.9632 | box = 0.6725 | obj = 1.5606 | cls = 0.0403 | lr = 0.000658
epoch 017 | step 0880 | total = 4.7268 | box = 0.5973 | obj = 1.6975 | cls = 0.0429 | lr = 0.000658
epoch 017 | step 0900 | total = 4.1725 | box = 0.5375 | obj = 1.4465 | cls = 0.0387 | lr = 0.000658
epoch 017 | step 0920 | total = 4.6893 | box = 0.5746 | obj = 1.7738 | cls = 0.0423 | lr = 0.000658
[epoch 017 train] total = 4.7367 | box = 0.6300 | obj = 1.5437 | cls = 0.0430 | steps = 925 | global_batches = 7400 | samples = 118288 | time = 800.4s
[epoch 017 val] total = 4.8832 | box = 0.6519 | obj = 1.5793 | cls = 0.0442 | steps = 40 | global_batches = 320 | samples = 5000 | time = 23.2s
epoch 018 | step 0001 | total = 4.4169 | box = 0.5679 | obj = 1.5342 | cls = 0.0429 | lr = 0.000621
epoch 018 | step 0020 | total = 3.8664 | box = 0.4612 | obj = 1.5070 | cls = 0.0535 | lr = 0.000621
epoch 018 | step 0040 | total = 5.5144 | box = 0.7831 | obj = 1.5563 | cls = 0.0424 | lr = 0.000621
epoch 018 | step 0060 | total = 4.4624 | box = 0.5459 | obj = 1.6846 | cls = 0.0483 | lr = 0.000621
epoch 018 | step 0080 | total = 3.9596 | box = 0.5073 | obj = 1.3853 | cls = 0.0376 | lr = 0.000621
epoch 018 | step 0100 | total = 5.5109 | box = 0.7620 | obj = 1.6623 | cls = 0.0388 | lr = 0.000621
epoch 018 | step 0120 | total = 3.9892 | box = 0.5203 | obj = 1.3453 | cls = 0.0424 | lr = 0.000621
epoch 018 | step 0140 | total = 5.1314 | box = 0.7068 | obj = 1.5603 | cls = 0.0371 | lr = 0.000621
epoch 018 | step 0160 | total = 4.6598 | box = 0.5930 | obj = 1.6399 | cls = 0.0547 | lr = 0.000621
epoch 018 | step 0180 | total = 4.5779 | box = 0.6073 | obj = 1.4939 | cls = 0.0476 | lr = 0.000621
epoch 018 | step 0200 | total = 3.9986 | box = 0.4988 | obj = 1.4538 | cls = 0.0507 | lr = 0.000621
epoch 018 | step 0220 | total = 4.8600 | box = 0.6771 | obj = 1.4351 | cls = 0.0395 | lr = 0.000621
epoch 018 | step 0240 | total = 4.2272 | box = 0.5226 | obj = 1.5679 | cls = 0.0466 | lr = 0.000621
epoch 018 | step 0260 | total = 5.0264 | box = 0.6712 | obj = 1.6297 | cls = 0.0408 | lr = 0.000621
epoch 018 | step 0280 | total = 4.9921 | box = 0.6889 | obj = 1.5077 | cls = 0.0397 | lr = 0.000621
epoch 018 | step 0300 | total = 4.9573 | box = 0.6430 | obj = 1.6986 | cls = 0.0435 | lr = 0.000621
epoch 018 | step 0320 | total = 4.8015 | box = 0.6465 | obj = 1.5337 | cls = 0.0353 | lr = 0.000621
epoch 018 | step 0340 | total = 4.1223 | box = 0.5163 | obj = 1.4925 | cls = 0.0483 | lr = 0.000621
epoch 018 | step 0360 | total = 4.6094 | box = 0.5984 | obj = 1.5789 | cls = 0.0385 | lr = 0.000621
epoch 018 | step 0380 | total = 4.9115 | box = 0.6517 | obj = 1.6045 | cls = 0.0485 | lr = 0.000621
epoch 018 | step 0400 | total = 4.6715 | box = 0.6357 | obj = 1.4569 | cls = 0.0360 | lr = 0.000621
epoch 018 | step 0420 | total = 4.7335 | box = 0.6381 | obj = 1.5063 | cls = 0.0366 | lr = 0.000621
epoch 018 | step 0440 | total = 4.9745 | box = 0.6643 | obj = 1.6069 | cls = 0.0460 | lr = 0.000621
epoch 018 | step 0460 | total = 4.8568 | box = 0.6439 | obj = 1.5901 | cls = 0.0474 | lr = 0.000621
epoch 018 | step 0480 | total = 5.0019 | box = 0.7085 | obj = 1.4254 | cls = 0.0338 | lr = 0.000621
epoch 018 | step 0500 | total = 4.6631 | box = 0.6506 | obj = 1.3761 | cls = 0.0340 | lr = 0.000621
epoch 018 | step 0520 | total = 4.8569 | box = 0.6694 | obj = 1.4681 | cls = 0.0419 | lr = 0.000621
epoch 018 | step 0540 | total = 4.8612 | box = 0.6746 | obj = 1.4512 | cls = 0.0369 | lr = 0.000621
epoch 018 | step 0560 | total = 4.3156 | box = 0.5465 | obj = 1.5339 | cls = 0.0491 | lr = 0.000621
epoch 018 | step 0580 | total = 4.2804 | box = 0.5420 | obj = 1.5194 | cls = 0.0511 | lr = 0.000621
epoch 018 | step 0600 | total = 4.0723 | box = 0.4840 | obj = 1.6089 | cls = 0.0435 | lr = 0.000621
epoch 018 | step 0620 | total = 4.9634 | box = 0.6758 | obj = 1.5403 | cls = 0.0441 | lr = 0.000621
epoch 018 | step 0640 | total = 4.7233 | box = 0.6324 | obj = 1.5178 | cls = 0.0435 | lr = 0.000621
epoch 018 | step 0660 | total = 5.4313 | box = 0.7849 | obj = 1.4687 | cls = 0.0383 | lr = 0.000621
epoch 018 | step 0680 | total = 4.4695 | box = 0.5879 | obj = 1.4872 | cls = 0.0427 | lr = 0.000621
epoch 018 | step 0700 | total = 4.2890 | box = 0.5418 | obj = 1.5327 | cls = 0.0472 | lr = 0.000621
epoch 018 | step 0720 | total = 4.6074 | box = 0.6218 | obj = 1.4629 | cls = 0.0353 | lr = 0.000621
epoch 018 | step 0740 | total = 5.8702 | box = 0.8470 | obj = 1.5900 | cls = 0.0453 | lr = 0.000621
epoch 018 | step 0760 | total = 4.5338 | box = 0.5894 | obj = 1.5419 | cls = 0.0449 | lr = 0.000621
epoch 018 | step 0780 | total = 5.0623 | box = 0.6578 | obj = 1.7350 | cls = 0.0385 | lr = 0.000621
epoch 018 | step 0800 | total = 3.8969 | box = 0.4743 | obj = 1.4771 | cls = 0.0484 | lr = 0.000621
epoch 018 | step 0820 | total = 4.5741 | box = 0.5789 | obj = 1.6348 | cls = 0.0450 | lr = 0.000621
epoch 018 | step 0840 | total = 4.1394 | box = 0.5209 | obj = 1.4955 | cls = 0.0394 | lr = 0.000621
epoch 018 | step 0860 | total = 4.2748 | box = 0.5233 | obj = 1.6128 | cls = 0.0455 | lr = 0.000621
epoch 018 | step 0880 | total = 5.0408 | box = 0.7118 | obj = 1.4463 | cls = 0.0354 | lr = 0.000621
epoch 018 | step 0900 | total = 4.5919 | box = 0.5784 | obj = 1.6525 | cls = 0.0477 | lr = 0.000621
epoch 018 | step 0920 | total = 4.9736 | box = 0.6874 | obj = 1.5000 | cls = 0.0364 | lr = 0.000621
[epoch 018 train] total = 4.6879 | box = 0.6229 | obj = 1.5311 | cls = 0.0425 | steps = 925 | global_batches = 7400 | samples = 118288 | time = 801.9s
[epoch 018 val] total = 4.8300 | box = 0.6435 | obj = 1.5699 | cls = 0.0427 | steps = 40 | global_batches = 320 | samples = 5000 | time = 23.6s
epoch 019 | step 0001 | total = 4.4095 | box = 0.5887 | obj = 1.4289 | cls = 0.0373 | lr = 0.000582
epoch 019 | step 0020 | total = 4.2667 | box = 0.5585 | obj = 1.4298 | cls = 0.0445 | lr = 0.000582
epoch 019 | step 0040 | total = 4.1085 | box = 0.5222 | obj = 1.4496 | cls = 0.0479 | lr = 0.000582
epoch 019 | step 0060 | total = 4.4750 | box = 0.6156 | obj = 1.3581 | cls = 0.0390 | lr = 0.000582
epoch 019 | step 0080 | total = 4.9885 | box = 0.6663 | obj = 1.6187 | cls = 0.0383 | lr = 0.000582
epoch 019 | step 0100 | total = 4.0624 | box = 0.5144 | obj = 1.4465 | cls = 0.0442 | lr = 0.000582
epoch 019 | step 0120 | total = 4.7047 | box = 0.6122 | obj = 1.5957 | cls = 0.0482 | lr = 0.000582
epoch 019 | step 0140 | total = 4.9236 | box = 0.6740 | obj = 1.5162 | cls = 0.0372 | lr = 0.000582
epoch 019 | step 0160 | total = 4.7739 | box = 0.6560 | obj = 1.4625 | cls = 0.0313 | lr = 0.000582
epoch 019 | step 0180 | total = 4.5709 | box = 0.6008 | obj = 1.5245 | cls = 0.0422 | lr = 0.000582
epoch 019 | step 0200 | total = 4.9674 | box = 0.7055 | obj = 1.4033 | cls = 0.0366 | lr = 0.000582
epoch 019 | step 0220 | total = 4.8029 | box = 0.6328 | obj = 1.5975 | cls = 0.0412 | lr = 0.000582
epoch 019 | step 0240 | total = 4.8053 | box = 0.6133 | obj = 1.6954 | cls = 0.0435 | lr = 0.000582
epoch 019 | step 0260 | total = 4.8159 | box = 0.6373 | obj = 1.5869 | cls = 0.0424 | lr = 0.000582
epoch 019 | step 0280 | total = 4.8158 | box = 0.6562 | obj = 1.4922 | cls = 0.0427 | lr = 0.000582
epoch 019 | step 0300 | total = 4.2236 | box = 0.5043 | obj = 1.6585 | cls = 0.0437 | lr = 0.000582
epoch 019 | step 0320 | total = 5.4044 | box = 0.7685 | obj = 1.5214 | cls = 0.0406 | lr = 0.000582
epoch 019 | step 0340 | total = 5.0534 | box = 0.6810 | obj = 1.6078 | cls = 0.0405 | lr = 0.000582
epoch 019 | step 0360 | total = 5.0651 | box = 0.6872 | obj = 1.5884 | cls = 0.0405 | lr = 0.000582
epoch 019 | step 0380 | total = 4.2640 | box = 0.5403 | obj = 1.5158 | cls = 0.0465 | lr = 0.000582
epoch 019 | step 0400 | total = 4.2295 | box = 0.5415 | obj = 1.4777 | cls = 0.0442 | lr = 0.000582
epoch 019 | step 0420 | total = 4.1974 | box = 0.5310 | obj = 1.4949 | cls = 0.0475 | lr = 0.000582
epoch 019 | step 0440 | total = 4.1705 | box = 0.5411 | obj = 1.4243 | cls = 0.0405 | lr = 0.000582
epoch 019 | step 0460 | total = 4.2208 | box = 0.5206 | obj = 1.5715 | cls = 0.0463 | lr = 0.000582
epoch 019 | step 0480 | total = 5.6116 | box = 0.7938 | obj = 1.6053 | cls = 0.0373 | lr = 0.000582
epoch 019 | step 0500 | total = 4.0405 | box = 0.5059 | obj = 1.4747 | cls = 0.0362 | lr = 0.000582
epoch 019 | step 0520 | total = 4.9643 | box = 0.6740 | obj = 1.5535 | cls = 0.0409 | lr = 0.000582
epoch 019 | step 0540 | total = 4.8905 | box = 0.6926 | obj = 1.3900 | cls = 0.0374 | lr = 0.000582
epoch 019 | step 0560 | total = 4.9114 | box = 0.6793 | obj = 1.4786 | cls = 0.0365 | lr = 0.000582
epoch 019 | step 0580 | total = 4.3452 | box = 0.5564 | obj = 1.5281 | cls = 0.0349 | lr = 0.000582
epoch 019 | step 0600 | total = 4.4781 | box = 0.5503 | obj = 1.6698 | cls = 0.0566 | lr = 0.000582
epoch 019 | step 0620 | total = 4.4637 | box = 0.5735 | obj = 1.5545 | cls = 0.0415 | lr = 0.000582
epoch 019 | step 0640 | total = 4.3029 | box = 0.5603 | obj = 1.4642 | cls = 0.0372 | lr = 0.000582
epoch 019 | step 0660 | total = 4.2866 | box = 0.5590 | obj = 1.4350 | cls = 0.0564 | lr = 0.000582
epoch 019 | step 0680 | total = 4.4048 | box = 0.5741 | obj = 1.4950 | cls = 0.0394 | lr = 0.000582
epoch 019 | step 0700 | total = 4.9031 | box = 0.6440 | obj = 1.6425 | cls = 0.0406 | lr = 0.000582
epoch 019 | step 0720 | total = 4.0109 | box = 0.5111 | obj = 1.4088 | cls = 0.0469 | lr = 0.000582
epoch 019 | step 0740 | total = 4.2412 | box = 0.5249 | obj = 1.5728 | cls = 0.0439 | lr = 0.000582
epoch 019 | step 0760 | total = 4.2031 | box = 0.5060 | obj = 1.6234 | cls = 0.0499 | lr = 0.000582
epoch 019 | step 0780 | total = 5.1510 | box = 0.7084 | obj = 1.5703 | cls = 0.0389 | lr = 0.000582
epoch 019 | step 0800 | total = 4.3644 | box = 0.5748 | obj = 1.4525 | cls = 0.0381 | lr = 0.000582
epoch 019 | step 0820 | total = 4.5079 | box = 0.5747 | obj = 1.5896 | cls = 0.0449 | lr = 0.000582
epoch 019 | step 0840 | total = 4.7373 | box = 0.6135 | obj = 1.6144 | cls = 0.0555 | lr = 0.000582
epoch 019 | step 0860 | total = 4.7402 | box = 0.6469 | obj = 1.4668 | cls = 0.0386 | lr = 0.000582
epoch 019 | step 0880 | total = 5.5724 | box = 0.7858 | obj = 1.5958 | cls = 0.0477 | lr = 0.000582
epoch 019 | step 0900 | total = 4.0988 | box = 0.4836 | obj = 1.6369 | cls = 0.0439 | lr = 0.000582
epoch 019 | step 0920 | total = 4.9700 | box = 0.6583 | obj = 1.6336 | cls = 0.0452 | lr = 0.000582
[epoch 019 train] total = 4.6554 | box = 0.6178 | obj = 1.5244 | cls = 0.0422 | steps = 925 | global_batches = 7400 | samples = 118288 | time = 801.9s
[epoch 019 val] total = 4.7895 | box = 0.6383 | obj = 1.5550 | cls = 0.0429 | steps = 40 | global_batches = 320 | samples = 5000 | time = 23.2s
epoch 020 | step 0001 | total = 3.9759 | box = 0.5041 | obj = 1.4079 | cls = 0.0475 | lr = 0.000544
epoch 020 | step 0020 | total = 4.5196 | box = 0.5984 | obj = 1.4861 | cls = 0.0415 | lr = 0.000544
epoch 020 | step 0040 | total = 5.4082 | box = 0.7737 | obj = 1.5035 | cls = 0.0364 | lr = 0.000544
epoch 020 | step 0060 | total = 4.8193 | box = 0.6373 | obj = 1.5862 | cls = 0.0467 | lr = 0.000544
epoch 020 | step 0080 | total = 4.9799 | box = 0.7069 | obj = 1.4063 | cls = 0.0391 | lr = 0.000544
epoch 020 | step 0100 | total = 4.5445 | box = 0.5932 | obj = 1.5315 | cls = 0.0469 | lr = 0.000544
epoch 020 | step 0120 | total = 4.5934 | box = 0.6013 | obj = 1.5353 | cls = 0.0517 | lr = 0.000544
epoch 020 | step 0140 | total = 4.3830 | box = 0.5534 | obj = 1.5711 | cls = 0.0451 | lr = 0.000544
epoch 020 | step 0160 | total = 4.4888 | box = 0.6035 | obj = 1.4273 | cls = 0.0439 | lr = 0.000544
epoch 020 | step 0180 | total = 4.6906 | box = 0.6355 | obj = 1.4722 | cls = 0.0409 | lr = 0.000544
epoch 020 | step 0200 | total = 3.4514 | box = 0.4048 | obj = 1.3780 | cls = 0.0493 | lr = 0.000544
epoch 020 | step 0220 | total = 4.3093 | box = 0.5694 | obj = 1.4203 | cls = 0.0418 | lr = 0.000544
epoch 020 | step 0240 | total = 4.5160 | box = 0.6052 | obj = 1.4446 | cls = 0.0454 | lr = 0.000544
epoch 020 | step 0260 | total = 4.5501 | box = 0.6202 | obj = 1.4076 | cls = 0.0416 | lr = 0.000544
epoch 020 | step 0280 | total = 4.9967 | box = 0.6674 | obj = 1.6189 | cls = 0.0405 | lr = 0.000544
epoch 020 | step 0300 | total = 5.0877 | box = 0.6951 | obj = 1.5714 | cls = 0.0406 | lr = 0.000544
epoch 020 | step 0320 | total = 4.7228 | box = 0.6263 | obj = 1.5351 | cls = 0.0561 | lr = 0.000544
epoch 020 | step 0340 | total = 4.6332 | box = 0.5793 | obj = 1.7034 | cls = 0.0335 | lr = 0.000544
epoch 020 | step 0360 | total = 4.0334 | box = 0.4832 | obj = 1.5640 | cls = 0.0532 | lr = 0.000544
epoch 020 | step 0380 | total = 5.0759 | box = 0.6892 | obj = 1.5834 | cls = 0.0466 | lr = 0.000544
epoch 020 | step 0400 | total = 4.2539 | box = 0.5405 | obj = 1.5147 | cls = 0.0368 | lr = 0.000544
epoch 020 | step 0420 | total = 5.3341 | box = 0.7584 | obj = 1.5056 | cls = 0.0365 | lr = 0.000544
epoch 020 | step 0440 | total = 4.6599 | box = 0.5845 | obj = 1.6902 | cls = 0.0474 | lr = 0.000544
epoch 020 | step 0460 | total = 4.2959 | box = 0.5243 | obj = 1.6212 | cls = 0.0535 | lr = 0.000544
epoch 020 | step 0480 | total = 4.8569 | box = 0.6649 | obj = 1.4987 | cls = 0.0339 | lr = 0.000544
epoch 020 | step 0500 | total = 4.5676 | box = 0.6039 | obj = 1.5121 | cls = 0.0360 | lr = 0.000544
epoch 020 | step 0520 | total = 5.3611 | box = 0.7563 | obj = 1.5403 | cls = 0.0392 | lr = 0.000544
epoch 020 | step 0540 | total = 4.6645 | box = 0.6246 | obj = 1.5006 | cls = 0.0410 | lr = 0.000544
epoch 020 | step 0560 | total = 4.2606 | box = 0.5101 | obj = 1.6633 | cls = 0.0469 | lr = 0.000544
epoch 020 | step 0580 | total = 4.1380 | box = 0.5198 | obj = 1.4887 | cls = 0.0504 | lr = 0.000544
epoch 020 | step 0600 | total = 5.6471 | box = 0.7657 | obj = 1.7768 | cls = 0.0420 | lr = 0.000544
epoch 020 | step 0620 | total = 5.2149 | box = 0.7223 | obj = 1.5648 | cls = 0.0383 | lr = 0.000544
epoch 020 | step 0640 | total = 4.5105 | box = 0.6145 | obj = 1.3990 | cls = 0.0391 | lr = 0.000544
epoch 020 | step 0660 | total = 4.8435 | box = 0.6482 | obj = 1.5692 | cls = 0.0332 | lr = 0.000544
epoch 020 | step 0680 | total = 5.2794 | box = 0.7270 | obj = 1.6096 | cls = 0.0349 | lr = 0.000544
epoch 020 | step 0700 | total = 3.7895 | box = 0.4623 | obj = 1.4340 | cls = 0.0442 | lr = 0.000544
epoch 020 | step 0720 | total = 3.3364 | box = 0.3955 | obj = 1.3039 | cls = 0.0547 | lr = 0.000544
epoch 020 | step 0740 | total = 4.9773 | box = 0.6895 | obj = 1.4868 | cls = 0.0428 | lr = 0.000544
epoch 020 | step 0760 | total = 4.3454 | box = 0.5503 | obj = 1.5571 | cls = 0.0370 | lr = 0.000544
epoch 020 | step 0780 | total = 4.8279 | box = 0.6310 | obj = 1.6257 | cls = 0.0474 | lr = 0.000544
epoch 020 | step 0800 | total = 5.0378 | box = 0.6785 | obj = 1.5977 | cls = 0.0475 | lr = 0.000544
epoch 020 | step 0820 | total = 4.5329 | box = 0.5814 | obj = 1.5770 | cls = 0.0490 | lr = 0.000544
epoch 020 | step 0840 | total = 4.9787 | box = 0.6726 | obj = 1.5784 | cls = 0.0372 | lr = 0.000544
epoch 020 | step 0860 | total = 5.2428 | box = 0.7190 | obj = 1.6049 | cls = 0.0428 | lr = 0.000544
epoch 020 | step 0880 | total = 4.9913 | box = 0.6447 | obj = 1.7220 | cls = 0.0460 | lr = 0.000544
epoch 020 | step 0900 | total = 4.6207 | box = 0.6296 | obj = 1.4344 | cls = 0.0382 | lr = 0.000544
epoch 020 | step 0920 | total = 4.5820 | box = 0.5810 | obj = 1.6327 | cls = 0.0445 | lr = 0.000544
[epoch 020 train] total = 4.6049 | box = 0.6105 | obj = 1.5108 | cls = 0.0417 | steps = 925 | global_batches = 7400 | samples = 118288 | time = 800.8s
[epoch 020 val] total = 4.7420 | box = 0.6322 | obj = 1.5389 | cls = 0.0419 | steps = 40 | global_batches = 320 | samples = 5000 | time = 22.5s
epoch 021 | step 0001 | total = 4.9190 | box = 0.6691 | obj = 1.5357 | cls = 0.0380 | lr = 0.000505
epoch 021 | step 0020 | total = 4.8621 | box = 0.6821 | obj = 1.4204 | cls = 0.0312 | lr = 0.000505
epoch 021 | step 0040 | total = 4.0205 | box = 0.5272 | obj = 1.3422 | cls = 0.0423 | lr = 0.000505
epoch 021 | step 0060 | total = 3.4348 | box = 0.4031 | obj = 1.3731 | cls = 0.0460 | lr = 0.000505
epoch 021 | step 0080 | total = 4.9100 | box = 0.6732 | obj = 1.5068 | cls = 0.0374 | lr = 0.000505
epoch 021 | step 0100 | total = 5.2619 | box = 0.7352 | obj = 1.5483 | cls = 0.0375 | lr = 0.000505
epoch 021 | step 0120 | total = 4.4588 | box = 0.5984 | obj = 1.4308 | cls = 0.0362 | lr = 0.000505
epoch 021 | step 0140 | total = 4.7693 | box = 0.6100 | obj = 1.6790 | cls = 0.0402 | lr = 0.000505
epoch 021 | step 0160 | total = 4.7725 | box = 0.6546 | obj = 1.4569 | cls = 0.0426 | lr = 0.000505
epoch 021 | step 0180 | total = 4.1961 | box = 0.5426 | obj = 1.4431 | cls = 0.0402 | lr = 0.000505
epoch 021 | step 0200 | total = 4.5289 | box = 0.6302 | obj = 1.3393 | cls = 0.0387 | lr = 0.000505
epoch 021 | step 0220 | total = 4.9399 | box = 0.6617 | obj = 1.5950 | cls = 0.0363 | lr = 0.000505
epoch 021 | step 0240 | total = 5.1017 | box = 0.6694 | obj = 1.7075 | cls = 0.0473 | lr = 0.000505
epoch 021 | step 0260 | total = 4.1815 | box = 0.5365 | obj = 1.4547 | cls = 0.0445 | lr = 0.000505
epoch 021 | step 0280 | total = 3.9004 | box = 0.4775 | obj = 1.4750 | cls = 0.0377 | lr = 0.000505
epoch 021 | step 0300 | total = 4.1002 | box = 0.5070 | obj = 1.5156 | cls = 0.0495 | lr = 0.000505
epoch 021 | step 0320 | total = 4.9251 | box = 0.6624 | obj = 1.5839 | cls = 0.0294 | lr = 0.000505
epoch 021 | step 0340 | total = 4.4904 | box = 0.5866 | obj = 1.5142 | cls = 0.0434 | lr = 0.000505
epoch 021 | step 0360 | total = 4.6171 | box = 0.6248 | obj = 1.4444 | cls = 0.0488 | lr = 0.000505
epoch 021 | step 0380 | total = 4.6678 | box = 0.6201 | obj = 1.5304 | cls = 0.0372 | lr = 0.000505
epoch 021 | step 0400 | total = 5.0086 | box = 0.6988 | obj = 1.4770 | cls = 0.0374 | lr = 0.000505
epoch 021 | step 0420 | total = 4.6684 | box = 0.6433 | obj = 1.4107 | cls = 0.0411 | lr = 0.000505
epoch 021 | step 0440 | total = 4.2063 | box = 0.5214 | obj = 1.5481 | cls = 0.0511 | lr = 0.000505
epoch 021 | step 0460 | total = 5.3826 | box = 0.7679 | obj = 1.5037 | cls = 0.0392 | lr = 0.000505
epoch 021 | step 0480 | total = 5.3635 | box = 0.7554 | obj = 1.5463 | cls = 0.0401 | lr = 0.000505
epoch 021 | step 0500 | total = 4.3189 | box = 0.5599 | obj = 1.4801 | cls = 0.0395 | lr = 0.000505
epoch 021 | step 0520 | total = 4.8228 | box = 0.6404 | obj = 1.5825 | cls = 0.0382 | lr = 0.000505
epoch 021 | step 0540 | total = 4.8351 | box = 0.6337 | obj = 1.6289 | cls = 0.0377 | lr = 0.000505
epoch 021 | step 0560 | total = 4.7652 | box = 0.6266 | obj = 1.5908 | cls = 0.0414 | lr = 0.000505
epoch 021 | step 0580 | total = 4.8153 | box = 0.6530 | obj = 1.5135 | cls = 0.0369 | lr = 0.000505
epoch 021 | step 0600 | total = 3.5241 | box = 0.4234 | obj = 1.3670 | cls = 0.0402 | lr = 0.000505
epoch 021 | step 0620 | total = 4.0350 | box = 0.5174 | obj = 1.4111 | cls = 0.0372 | lr = 0.000505
epoch 021 | step 0640 | total = 4.7583 | box = 0.6413 | obj = 1.5133 | cls = 0.0383 | lr = 0.000505
epoch 021 | step 0660 | total = 3.6941 | box = 0.4646 | obj = 1.3221 | cls = 0.0492 | lr = 0.000505
epoch 021 | step 0680 | total = 4.1299 | box = 0.5221 | obj = 1.4685 | cls = 0.0511 | lr = 0.000505
epoch 021 | step 0700 | total = 5.1304 | box = 0.7170 | obj = 1.5083 | cls = 0.0373 | lr = 0.000505
epoch 021 | step 0720 | total = 5.0913 | box = 0.6673 | obj = 1.7156 | cls = 0.0390 | lr = 0.000505
epoch 021 | step 0740 | total = 4.8270 | box = 0.6629 | obj = 1.4735 | cls = 0.0393 | lr = 0.000505
epoch 021 | step 0760 | total = 4.7317 | box = 0.6606 | obj = 1.3909 | cls = 0.0378 | lr = 0.000505
epoch 021 | step 0780 | total = 4.7396 | box = 0.6207 | obj = 1.5920 | cls = 0.0439 | lr = 0.000505
epoch 021 | step 0800 | total = 4.9871 | box = 0.6719 | obj = 1.5872 | cls = 0.0405 | lr = 0.000505
epoch 021 | step 0820 | total = 4.2853 | box = 0.5568 | obj = 1.4543 | cls = 0.0470 | lr = 0.000505
epoch 021 | step 0840 | total = 3.7008 | box = 0.4671 | obj = 1.3362 | cls = 0.0289 | lr = 0.000505
epoch 021 | step 0860 | total = 3.6715 | box = 0.4432 | obj = 1.4215 | cls = 0.0339 | lr = 0.000505
epoch 021 | step 0880 | total = 4.0493 | box = 0.5077 | obj = 1.4590 | cls = 0.0520 | lr = 0.000505
epoch 021 | step 0900 | total = 4.7129 | box = 0.6514 | obj = 1.4153 | cls = 0.0407 | lr = 0.000505
epoch 021 | step 0920 | total = 4.7204 | box = 0.6307 | obj = 1.5291 | cls = 0.0377 | lr = 0.000505
[epoch 021 train] total = 4.5644 | box = 0.6043 | obj = 1.5013 | cls = 0.0414 | steps = 925 | global_batches = 7400 | samples = 118288 | time = 801.3s
[epoch 021 val] total = 4.7160 | box = 0.6270 | obj = 1.5391 | cls = 0.0421 | steps = 40 | global_batches = 320 | samples = 5000 | time = 22.8s
epoch 022 | step 0001 | total = 4.4850 | box = 0.5994 | obj = 1.4492 | cls = 0.0387 | lr = 0.000466
epoch 022 | step 0020 | total = 4.1477 | box = 0.5476 | obj = 1.3673 | cls = 0.0424 | lr = 0.000466
epoch 022 | step 0040 | total = 5.1609 | box = 0.6929 | obj = 1.6535 | cls = 0.0427 | lr = 0.000466
epoch 022 | step 0060 | total = 4.3143 | box = 0.5786 | obj = 1.3871 | cls = 0.0343 | lr = 0.000466
epoch 022 | step 0080 | total = 3.8375 | box = 0.4586 | obj = 1.4967 | cls = 0.0478 | lr = 0.000466
epoch 022 | step 0100 | total = 4.1418 | box = 0.5328 | obj = 1.4345 | cls = 0.0432 | lr = 0.000466
epoch 022 | step 0120 | total = 4.2892 | box = 0.5500 | obj = 1.4926 | cls = 0.0468 | lr = 0.000466
epoch 022 | step 0140 | total = 4.9873 | box = 0.6708 | obj = 1.5953 | cls = 0.0381 | lr = 0.000466
epoch 022 | step 0160 | total = 4.8645 | box = 0.6657 | obj = 1.4980 | cls = 0.0379 | lr = 0.000466
epoch 022 | step 0180 | total = 5.2283 | box = 0.7349 | obj = 1.5135 | cls = 0.0401 | lr = 0.000466
epoch 022 | step 0200 | total = 4.7564 | box = 0.6483 | obj = 1.4727 | cls = 0.0421 | lr = 0.000466
epoch 022 | step 0220 | total = 4.7889 | box = 0.6641 | obj = 1.4346 | cls = 0.0340 | lr = 0.000466
epoch 022 | step 0240 | total = 4.8698 | box = 0.6677 | obj = 1.4922 | cls = 0.0392 | lr = 0.000466
epoch 022 | step 0260 | total = 5.2082 | box = 0.7245 | obj = 1.5481 | cls = 0.0376 | lr = 0.000466
epoch 022 | step 0280 | total = 3.9304 | box = 0.5060 | obj = 1.3646 | cls = 0.0359 | lr = 0.000466
epoch 022 | step 0300 | total = 4.7002 | box = 0.6159 | obj = 1.5729 | cls = 0.0478 | lr = 0.000466
epoch 022 | step 0320 | total = 4.4976 | box = 0.5851 | obj = 1.5340 | cls = 0.0383 | lr = 0.000466
epoch 022 | step 0340 | total = 4.9150 | box = 0.6457 | obj = 1.6389 | cls = 0.0476 | lr = 0.000466
epoch 022 | step 0360 | total = 4.5784 | box = 0.6145 | obj = 1.4611 | cls = 0.0449 | lr = 0.000466
epoch 022 | step 0380 | total = 4.4177 | box = 0.5529 | obj = 1.5964 | cls = 0.0566 | lr = 0.000466
epoch 022 | step 0400 | total = 4.2947 | box = 0.5543 | obj = 1.4814 | cls = 0.0418 | lr = 0.000466
epoch 022 | step 0420 | total = 3.9628 | box = 0.4925 | obj = 1.4617 | cls = 0.0384 | lr = 0.000466
epoch 022 | step 0440 | total = 4.0888 | box = 0.5081 | obj = 1.5017 | cls = 0.0468 | lr = 0.000466
epoch 022 | step 0460 | total = 4.8982 | box = 0.6926 | obj = 1.3916 | cls = 0.0435 | lr = 0.000466
epoch 022 | step 0480 | total = 5.2837 | box = 0.7399 | obj = 1.5462 | cls = 0.0380 | lr = 0.000466
epoch 022 | step 0500 | total = 5.1665 | box = 0.7165 | obj = 1.5520 | cls = 0.0322 | lr = 0.000466
epoch 022 | step 0520 | total = 3.9497 | box = 0.4698 | obj = 1.5614 | cls = 0.0395 | lr = 0.000466
epoch 022 | step 0540 | total = 5.4829 | box = 0.7853 | obj = 1.5173 | cls = 0.0393 | lr = 0.000466
epoch 022 | step 0560 | total = 4.3891 | box = 0.5609 | obj = 1.5400 | cls = 0.0444 | lr = 0.000466
epoch 022 | step 0580 | total = 3.8491 | box = 0.4553 | obj = 1.5198 | cls = 0.0525 | lr = 0.000466
epoch 022 | step 0600 | total = 3.7761 | box = 0.4774 | obj = 1.3525 | cls = 0.0368 | lr = 0.000466
epoch 022 | step 0620 | total = 3.9286 | box = 0.4739 | obj = 1.4863 | cls = 0.0726 | lr = 0.000466
epoch 022 | step 0640 | total = 4.5669 | box = 0.6006 | obj = 1.5322 | cls = 0.0316 | lr = 0.000466
epoch 022 | step 0660 | total = 3.3067 | box = 0.3731 | obj = 1.3919 | cls = 0.0495 | lr = 0.000466
epoch 022 | step 0680 | total = 4.4722 | box = 0.5930 | obj = 1.4669 | cls = 0.0403 | lr = 0.000466
epoch 022 | step 0700 | total = 5.7494 | box = 0.8320 | obj = 1.5484 | cls = 0.0412 | lr = 0.000466
epoch 022 | step 0720 | total = 4.6898 | box = 0.6317 | obj = 1.4907 | cls = 0.0407 | lr = 0.000466
epoch 022 | step 0740 | total = 4.6364 | box = 0.6001 | obj = 1.5864 | cls = 0.0496 | lr = 0.000466
epoch 022 | step 0760 | total = 4.1605 | box = 0.5272 | obj = 1.4772 | cls = 0.0476 | lr = 0.000466
epoch 022 | step 0780 | total = 4.0973 | box = 0.5236 | obj = 1.4436 | cls = 0.0356 | lr = 0.000466
epoch 022 | step 0800 | total = 4.2054 | box = 0.5352 | obj = 1.4843 | cls = 0.0448 | lr = 0.000466
epoch 022 | step 0820 | total = 4.4326 | box = 0.5925 | obj = 1.4225 | cls = 0.0476 | lr = 0.000466
epoch 022 | step 0840 | total = 4.8148 | box = 0.6595 | obj = 1.4833 | cls = 0.0340 | lr = 0.000466
epoch 022 | step 0860 | total = 4.1271 | box = 0.5222 | obj = 1.4843 | cls = 0.0317 | lr = 0.000466
epoch 022 | step 0880 | total = 4.3864 | box = 0.5550 | obj = 1.5731 | cls = 0.0381 | lr = 0.000466
epoch 022 | step 0900 | total = 4.0598 | box = 0.5242 | obj = 1.3988 | cls = 0.0400 | lr = 0.000466
epoch 022 | step 0920 | total = 4.7816 | box = 0.6397 | obj = 1.5480 | cls = 0.0353 | lr = 0.000466
[epoch 022 train] total = 4.5277 | box = 0.5990 | obj = 1.4918 | cls = 0.0410 | steps = 925 | global_batches = 7400 | samples = 118288 | time = 801.1s
[epoch 022 val] total = 4.6869 | box = 0.6247 | obj = 1.5220 | cls = 0.0415 | steps = 40 | global_batches = 320 | samples = 5000 | time = 23.9s
epoch 023 | step 0001 | total = 4.6093 | box = 0.6207 | obj = 1.4643 | cls = 0.0417 | lr = 0.000428
epoch 023 | step 0020 | total = 4.7094 | box = 0.6470 | obj = 1.4418 | cls = 0.0328 | lr = 0.000428
epoch 023 | step 0040 | total = 4.4746 | box = 0.5672 | obj = 1.5945 | cls = 0.0441 | lr = 0.000428
epoch 023 | step 0060 | total = 4.2420 | box = 0.5442 | obj = 1.4847 | cls = 0.0365 | lr = 0.000428
epoch 023 | step 0080 | total = 3.9378 | box = 0.4655 | obj = 1.5666 | cls = 0.0435 | lr = 0.000428
epoch 023 | step 0100 | total = 4.5829 | box = 0.6178 | obj = 1.4555 | cls = 0.0383 | lr = 0.000428
epoch 023 | step 0120 | total = 3.9990 | box = 0.5129 | obj = 1.4009 | cls = 0.0337 | lr = 0.000428
epoch 023 | step 0140 | total = 5.1439 | box = 0.7270 | obj = 1.4721 | cls = 0.0369 | lr = 0.000428
epoch 023 | step 0160 | total = 3.6974 | box = 0.4468 | obj = 1.4130 | cls = 0.0505 | lr = 0.000428
epoch 023 | step 0180 | total = 3.6076 | box = 0.4356 | obj = 1.3920 | cls = 0.0379 | lr = 0.000428
epoch 023 | step 0200 | total = 4.3826 | box = 0.5813 | obj = 1.4407 | cls = 0.0355 | lr = 0.000428
epoch 023 | step 0220 | total = 4.1783 | box = 0.5636 | obj = 1.3242 | cls = 0.0362 | lr = 0.000428
epoch 023 | step 0240 | total = 4.3938 | box = 0.5633 | obj = 1.5316 | cls = 0.0454 | lr = 0.000428
epoch 023 | step 0260 | total = 4.3787 | box = 0.6060 | obj = 1.3182 | cls = 0.0305 | lr = 0.000428
epoch 023 | step 0280 | total = 4.2886 | box = 0.5593 | obj = 1.4519 | cls = 0.0400 | lr = 0.000428
epoch 023 | step 0300 | total = 4.2518 | box = 0.5559 | obj = 1.4339 | cls = 0.0386 | lr = 0.000428
epoch 023 | step 0320 | total = 3.8023 | box = 0.4493 | obj = 1.5066 | cls = 0.0494 | lr = 0.000428
epoch 023 | step 0340 | total = 4.4133 | box = 0.5745 | obj = 1.4953 | cls = 0.0453 | lr = 0.000428
epoch 023 | step 0360 | total = 3.9592 | box = 0.5062 | obj = 1.3947 | cls = 0.0334 | lr = 0.000428
epoch 023 | step 0380 | total = 4.2487 | box = 0.5454 | obj = 1.4864 | cls = 0.0352 | lr = 0.000428
epoch 023 | step 0400 | total = 3.8060 | box = 0.4595 | obj = 1.4669 | cls = 0.0415 | lr = 0.000428
epoch 023 | step 0420 | total = 4.3969 | box = 0.5761 | obj = 1.4789 | cls = 0.0374 | lr = 0.000428
epoch 023 | step 0440 | total = 4.8164 | box = 0.6535 | obj = 1.5188 | cls = 0.0303 | lr = 0.000428
epoch 023 | step 0460 | total = 4.6747 | box = 0.6239 | obj = 1.5184 | cls = 0.0368 | lr = 0.000428
epoch 023 | step 0480 | total = 4.7071 | box = 0.6006 | obj = 1.6576 | cls = 0.0464 | lr = 0.000428
epoch 023 | step 0500 | total = 4.8949 | box = 0.6513 | obj = 1.6069 | cls = 0.0313 | lr = 0.000428
epoch 023 | step 0520 | total = 4.4899 | box = 0.6047 | obj = 1.4265 | cls = 0.0398 | lr = 0.000428
epoch 023 | step 0540 | total = 3.8627 | box = 0.5018 | obj = 1.3031 | cls = 0.0505 | lr = 0.000428
epoch 023 | step 0560 | total = 4.2515 | box = 0.5395 | obj = 1.5127 | cls = 0.0412 | lr = 0.000428
epoch 023 | step 0580 | total = 3.5618 | box = 0.4110 | obj = 1.4662 | cls = 0.0404 | lr = 0.000428
epoch 023 | step 0600 | total = 4.9437 | box = 0.6712 | obj = 1.5546 | cls = 0.0329 | lr = 0.000428
epoch 023 | step 0620 | total = 5.1069 | box = 0.6972 | obj = 1.5759 | cls = 0.0451 | lr = 0.000428
epoch 023 | step 0640 | total = 4.5115 | box = 0.5805 | obj = 1.5634 | cls = 0.0453 | lr = 0.000428
epoch 023 | step 0660 | total = 5.1687 | box = 0.7363 | obj = 1.4518 | cls = 0.0355 | lr = 0.000428
epoch 023 | step 0680 | total = 4.3449 | box = 0.5771 | obj = 1.4220 | cls = 0.0374 | lr = 0.000428
epoch 023 | step 0700 | total = 4.2994 | box = 0.5620 | obj = 1.4530 | cls = 0.0366 | lr = 0.000428
epoch 023 | step 0720 | total = 4.6286 | box = 0.6021 | obj = 1.5691 | cls = 0.0492 | lr = 0.000428
epoch 023 | step 0740 | total = 3.6485 | box = 0.4611 | obj = 1.3018 | cls = 0.0410 | lr = 0.000428
epoch 023 | step 0760 | total = 4.3543 | box = 0.5990 | obj = 1.3197 | cls = 0.0398 | lr = 0.000428
epoch 023 | step 0780 | total = 3.9639 | box = 0.4968 | obj = 1.4394 | cls = 0.0405 | lr = 0.000428
epoch 023 | step 0800 | total = 4.6800 | box = 0.6221 | obj = 1.5183 | cls = 0.0511 | lr = 0.000428
epoch 023 | step 0820 | total = 4.8868 | box = 0.6805 | obj = 1.4416 | cls = 0.0428 | lr = 0.000428
epoch 023 | step 0840 | total = 4.8933 | box = 0.6702 | obj = 1.5050 | cls = 0.0374 | lr = 0.000428
epoch 023 | step 0860 | total = 4.2195 | box = 0.5338 | obj = 1.5076 | cls = 0.0431 | lr = 0.000428
epoch 023 | step 0880 | total = 5.3680 | box = 0.7482 | obj = 1.5849 | cls = 0.0419 | lr = 0.000428
epoch 023 | step 0900 | total = 4.8862 | box = 0.6614 | obj = 1.5410 | cls = 0.0384 | lr = 0.000428
epoch 023 | step 0920 | total = 4.3909 | box = 0.5854 | obj = 1.4246 | cls = 0.0394 | lr = 0.000428
[epoch 023 train] total = 4.4876 | box = 0.5932 | obj = 1.4809 | cls = 0.0408 | steps = 925 | global_batches = 7400 | samples = 118288 | time = 802.9s
[epoch 023 val] total = 4.6776 | box = 0.6218 | obj = 1.5270 | cls = 0.0416 | steps = 40 | global_batches = 320 | samples = 5000 | time = 22.3s
epoch 024 | step 0001 | total = 4.3198 | box = 0.5758 | obj = 1.3926 | cls = 0.0481 | lr = 0.000389
epoch 024 | step 0020 | total = 4.0183 | box = 0.5094 | obj = 1.4288 | cls = 0.0425 | lr = 0.000389
epoch 024 | step 0040 | total = 3.9213 | box = 0.4618 | obj = 1.5627 | cls = 0.0495 | lr = 0.000389
epoch 024 | step 0060 | total = 4.0755 | box = 0.5085 | obj = 1.4897 | cls = 0.0434 | lr = 0.000389
epoch 024 | step 0080 | total = 4.2886 | box = 0.5489 | obj = 1.5138 | cls = 0.0302 | lr = 0.000389
epoch 024 | step 0100 | total = 5.0068 | box = 0.6625 | obj = 1.6506 | cls = 0.0439 | lr = 0.000389
epoch 024 | step 0120 | total = 4.3542 | box = 0.5531 | obj = 1.5372 | cls = 0.0513 | lr = 0.000389
epoch 024 | step 0140 | total = 4.4715 | box = 0.5995 | obj = 1.4447 | cls = 0.0292 | lr = 0.000389
epoch 024 | step 0160 | total = 4.8046 | box = 0.6344 | obj = 1.5880 | cls = 0.0448 | lr = 0.000389
epoch 024 | step 0180 | total = 3.9913 | box = 0.4874 | obj = 1.4975 | cls = 0.0569 | lr = 0.000389
epoch 024 | step 0200 | total = 4.2839 | box = 0.5697 | obj = 1.3986 | cls = 0.0369 | lr = 0.000389
epoch 024 | step 0220 | total = 5.3398 | box = 0.7629 | obj = 1.4893 | cls = 0.0361 | lr = 0.000389
epoch 024 | step 0240 | total = 4.4675 | box = 0.5926 | obj = 1.4683 | cls = 0.0360 | lr = 0.000389
epoch 024 | step 0260 | total = 5.2382 | box = 0.7249 | obj = 1.5792 | cls = 0.0346 | lr = 0.000389
epoch 024 | step 0280 | total = 4.3551 | box = 0.5881 | obj = 1.3797 | cls = 0.0349 | lr = 0.000389
epoch 024 | step 0300 | total = 4.0368 | box = 0.5248 | obj = 1.3699 | cls = 0.0431 | lr = 0.000389
epoch 024 | step 0320 | total = 4.5549 | box = 0.6147 | obj = 1.4445 | cls = 0.0371 | lr = 0.000389
epoch 024 | step 0340 | total = 5.0761 | box = 0.6884 | obj = 1.5992 | cls = 0.0351 | lr = 0.000389
epoch 024 | step 0360 | total = 4.7724 | box = 0.6423 | obj = 1.5243 | cls = 0.0367 | lr = 0.000389
epoch 024 | step 0380 | total = 5.1866 | box = 0.7499 | obj = 1.4031 | cls = 0.0341 | lr = 0.000389
epoch 024 | step 0400 | total = 5.2862 | box = 0.7351 | obj = 1.5773 | cls = 0.0334 | lr = 0.000389
epoch 024 | step 0420 | total = 4.3141 | box = 0.5819 | obj = 1.3661 | cls = 0.0383 | lr = 0.000389
epoch 024 | step 0440 | total = 3.7414 | box = 0.4583 | obj = 1.4138 | cls = 0.0363 | lr = 0.000389
epoch 024 | step 0460 | total = 5.0288 | box = 0.6997 | obj = 1.4827 | cls = 0.0475 | lr = 0.000389
epoch 024 | step 0480 | total = 4.4380 | box = 0.5924 | obj = 1.4387 | cls = 0.0375 | lr = 0.000389
epoch 024 | step 0500 | total = 5.1566 | box = 0.7040 | obj = 1.5977 | cls = 0.0391 | lr = 0.000389
epoch 024 | step 0520 | total = 4.6509 | box = 0.6048 | obj = 1.5853 | cls = 0.0414 | lr = 0.000389
epoch 024 | step 0540 | total = 4.6881 | box = 0.6030 | obj = 1.6326 | cls = 0.0403 | lr = 0.000389
epoch 024 | step 0560 | total = 4.0579 | box = 0.5317 | obj = 1.3628 | cls = 0.0366 | lr = 0.000389
epoch 024 | step 0580 | total = 4.1536 | box = 0.5365 | obj = 1.4322 | cls = 0.0390 | lr = 0.000389
epoch 024 | step 0600 | total = 4.0449 | box = 0.5259 | obj = 1.3726 | cls = 0.0425 | lr = 0.000389
epoch 024 | step 0620 | total = 3.7063 | box = 0.4863 | obj = 1.2232 | cls = 0.0518 | lr = 0.000389
epoch 024 | step 0640 | total = 4.1194 | box = 0.5308 | obj = 1.4184 | cls = 0.0469 | lr = 0.000389
epoch 024 | step 0660 | total = 4.5980 | box = 0.6294 | obj = 1.4173 | cls = 0.0335 | lr = 0.000389
epoch 024 | step 0680 | total = 4.0273 | box = 0.5246 | obj = 1.3660 | cls = 0.0382 | lr = 0.000389
epoch 024 | step 0700 | total = 4.5438 | box = 0.6119 | obj = 1.4424 | cls = 0.0422 | lr = 0.000389
epoch 024 | step 0720 | total = 5.3128 | box = 0.7569 | obj = 1.4889 | cls = 0.0392 | lr = 0.000389
epoch 024 | step 0740 | total = 4.8594 | box = 0.6615 | obj = 1.5175 | cls = 0.0343 | lr = 0.000389
epoch 024 | step 0760 | total = 4.8117 | box = 0.6341 | obj = 1.5965 | cls = 0.0445 | lr = 0.000389
epoch 024 | step 0780 | total = 4.7929 | box = 0.6845 | obj = 1.3406 | cls = 0.0297 | lr = 0.000389
epoch 024 | step 0800 | total = 4.9655 | box = 0.6817 | obj = 1.5162 | cls = 0.0409 | lr = 0.000389
epoch 024 | step 0820 | total = 4.8391 | box = 0.6369 | obj = 1.6146 | cls = 0.0400 | lr = 0.000389
epoch 024 | step 0840 | total = 4.5809 | box = 0.6179 | obj = 1.4521 | cls = 0.0395 | lr = 0.000389
epoch 024 | step 0860 | total = 4.5139 | box = 0.6197 | obj = 1.3770 | cls = 0.0385 | lr = 0.000389
epoch 024 | step 0880 | total = 4.4453 | box = 0.5767 | obj = 1.5159 | cls = 0.0458 | lr = 0.000389
epoch 024 | step 0900 | total = 5.1661 | box = 0.7335 | obj = 1.4603 | cls = 0.0383 | lr = 0.000389
epoch 024 | step 0920 | total = 4.5063 | box = 0.5986 | obj = 1.4727 | cls = 0.0405 | lr = 0.000389
[epoch 024 train] total = 4.4502 | box = 0.5878 | obj = 1.4707 | cls = 0.0404 | steps = 925 | global_batches = 7400 | samples = 118288 | time = 802.4s
[epoch 024 val] total = 4.6452 | box = 0.6169 | obj = 1.5192 | cls = 0.0414 | steps = 40 | global_batches = 320 | samples = 5000 | time = 23.3s
epoch 025 | step 0001 | total = 5.4087 | box = 0.8060 | obj = 1.3521 | cls = 0.0265 | lr = 0.000352
epoch 025 | step 0020 | total = 4.5168 | box = 0.6041 | obj = 1.4592 | cls = 0.0370 | lr = 0.000352
epoch 025 | step 0040 | total = 4.3365 | box = 0.5760 | obj = 1.4101 | cls = 0.0462 | lr = 0.000352
epoch 025 | step 0060 | total = 3.9079 | box = 0.4846 | obj = 1.4457 | cls = 0.0394 | lr = 0.000352
epoch 025 | step 0080 | total = 4.5724 | box = 0.5863 | obj = 1.5931 | cls = 0.0480 | lr = 0.000352
epoch 025 | step 0100 | total = 3.8370 | box = 0.4885 | obj = 1.3455 | cls = 0.0491 | lr = 0.000352
epoch 025 | step 0120 | total = 5.1938 | box = 0.7249 | obj = 1.5298 | cls = 0.0396 | lr = 0.000352
epoch 025 | step 0140 | total = 4.2423 | box = 0.5669 | obj = 1.3664 | cls = 0.0412 | lr = 0.000352
epoch 025 | step 0160 | total = 4.0572 | box = 0.4866 | obj = 1.5769 | cls = 0.0473 | lr = 0.000352
epoch 025 | step 0180 | total = 4.8911 | box = 0.6817 | obj = 1.4474 | cls = 0.0353 | lr = 0.000352
epoch 025 | step 0200 | total = 5.0402 | box = 0.6998 | obj = 1.5002 | cls = 0.0408 | lr = 0.000352
epoch 025 | step 0220 | total = 4.4924 | box = 0.5936 | obj = 1.4879 | cls = 0.0365 | lr = 0.000352
epoch 025 | step 0240 | total = 4.3637 | box = 0.5642 | obj = 1.5019 | cls = 0.0407 | lr = 0.000352
epoch 025 | step 0260 | total = 4.8778 | box = 0.6677 | obj = 1.5066 | cls = 0.0326 | lr = 0.000352
epoch 025 | step 0280 | total = 4.4439 | box = 0.5762 | obj = 1.5199 | cls = 0.0429 | lr = 0.000352
epoch 025 | step 0300 | total = 4.5218 | box = 0.6000 | obj = 1.4826 | cls = 0.0393 | lr = 0.000352
epoch 025 | step 0320 | total = 4.8103 | box = 0.6784 | obj = 1.3887 | cls = 0.0297 | lr = 0.000352
epoch 025 | step 0340 | total = 4.8322 | box = 0.6565 | obj = 1.5167 | cls = 0.0331 | lr = 0.000352
epoch 025 | step 0360 | total = 4.2656 | box = 0.5623 | obj = 1.4140 | cls = 0.0398 | lr = 0.000352
epoch 025 | step 0380 | total = 3.8394 | box = 0.4661 | obj = 1.4600 | cls = 0.0488 | lr = 0.000352
epoch 025 | step 0400 | total = 4.9042 | box = 0.6554 | obj = 1.5825 | cls = 0.0447 | lr = 0.000352
epoch 025 | step 0420 | total = 5.3202 | box = 0.7300 | obj = 1.6272 | cls = 0.0428 | lr = 0.000352
epoch 025 | step 0440 | total = 4.5487 | box = 0.6017 | obj = 1.4944 | cls = 0.0459 | lr = 0.000352
epoch 025 | step 0460 | total = 4.0085 | box = 0.5219 | obj = 1.3611 | cls = 0.0380 | lr = 0.000352
epoch 025 | step 0480 | total = 4.6197 | box = 0.6342 | obj = 1.4083 | cls = 0.0403 | lr = 0.000352
epoch 025 | step 0500 | total = 4.4472 | box = 0.5878 | obj = 1.4689 | cls = 0.0392 | lr = 0.000352
epoch 025 | step 0520 | total = 4.9608 | box = 0.6539 | obj = 1.6457 | cls = 0.0457 | lr = 0.000352
epoch 025 | step 0540 | total = 4.7173 | box = 0.6309 | obj = 1.5094 | cls = 0.0534 | lr = 0.000352
epoch 025 | step 0560 | total = 5.1243 | box = 0.7129 | obj = 1.5189 | cls = 0.0407 | lr = 0.000352
epoch 025 | step 0580 | total = 4.2993 | box = 0.6000 | obj = 1.2667 | cls = 0.0328 | lr = 0.000352
epoch 025 | step 0600 | total = 5.0346 | box = 0.6969 | obj = 1.5117 | cls = 0.0383 | lr = 0.000352
epoch 025 | step 0620 | total = 4.2283 | box = 0.5638 | obj = 1.3711 | cls = 0.0381 | lr = 0.000352
epoch 025 | step 0640 | total = 3.7546 | box = 0.4355 | obj = 1.5294 | cls = 0.0478 | lr = 0.000352
epoch 025 | step 0660 | total = 4.9595 | box = 0.6989 | obj = 1.4325 | cls = 0.0325 | lr = 0.000352
epoch 025 | step 0680 | total = 4.2898 | box = 0.5761 | obj = 1.3662 | cls = 0.0432 | lr = 0.000352
epoch 025 | step 0700 | total = 4.4268 | box = 0.5896 | obj = 1.4415 | cls = 0.0374 | lr = 0.000352
epoch 025 | step 0720 | total = 4.5096 | box = 0.5906 | obj = 1.5099 | cls = 0.0465 | lr = 0.000352
epoch 025 | step 0740 | total = 4.8788 | box = 0.6429 | obj = 1.6124 | cls = 0.0518 | lr = 0.000352
epoch 025 | step 0760 | total = 4.5590 | box = 0.6042 | obj = 1.5019 | cls = 0.0361 | lr = 0.000352
epoch 025 | step 0780 | total = 3.8402 | box = 0.4615 | obj = 1.4833 | cls = 0.0494 | lr = 0.000352
epoch 025 | step 0800 | total = 3.6093 | box = 0.4162 | obj = 1.4772 | cls = 0.0513 | lr = 0.000352
epoch 025 | step 0820 | total = 4.3202 | box = 0.5666 | obj = 1.4481 | cls = 0.0392 | lr = 0.000352
epoch 025 | step 0840 | total = 3.8371 | box = 0.4848 | obj = 1.3653 | cls = 0.0478 | lr = 0.000352
epoch 025 | step 0860 | total = 3.7954 | box = 0.4661 | obj = 1.4164 | cls = 0.0484 | lr = 0.000352
epoch 025 | step 0880 | total = 4.6712 | box = 0.6518 | obj = 1.3739 | cls = 0.0381 | lr = 0.000352
epoch 025 | step 0900 | total = 4.5842 | box = 0.6075 | obj = 1.5044 | cls = 0.0421 | lr = 0.000352
epoch 025 | step 0920 | total = 3.9891 | box = 0.5128 | obj = 1.3940 | cls = 0.0312 | lr = 0.000352
[epoch 025 train] total = 4.4142 | box = 0.5824 | obj = 1.4618 | cls = 0.0401 | steps = 925 | global_batches = 7400 | samples = 118288 | time = 801.8s
[epoch 025 val] total = 4.6116 | box = 0.6127 | obj = 1.5072 | cls = 0.0408 | steps = 40 | global_batches = 320 | samples = 5000 | time = 24.3s
epoch 026 | step 0001 | total = 3.5875 | box = 0.4132 | obj = 1.4664 | cls = 0.0550 | lr = 0.000316
epoch 026 | step 0020 | total = 3.7775 | box = 0.4660 | obj = 1.4077 | cls = 0.0399 | lr = 0.000316
epoch 026 | step 0040 | total = 4.2167 | box = 0.5379 | obj = 1.4900 | cls = 0.0372 | lr = 0.000316
epoch 026 | step 0060 | total = 4.0084 | box = 0.5081 | obj = 1.4270 | cls = 0.0408 | lr = 0.000316
epoch 026 | step 0080 | total = 3.7741 | box = 0.4637 | obj = 1.4056 | cls = 0.0502 | lr = 0.000316
epoch 026 | step 0100 | total = 4.1791 | box = 0.5257 | obj = 1.5106 | cls = 0.0398 | lr = 0.000316
epoch 026 | step 0120 | total = 5.4252 | box = 0.7641 | obj = 1.5649 | cls = 0.0399 | lr = 0.000316
epoch 026 | step 0140 | total = 4.4479 | box = 0.5758 | obj = 1.5320 | cls = 0.0368 | lr = 0.000316
epoch 026 | step 0160 | total = 3.6821 | box = 0.4383 | obj = 1.4441 | cls = 0.0465 | lr = 0.000316
epoch 026 | step 0180 | total = 3.5484 | box = 0.4172 | obj = 1.4159 | cls = 0.0463 | lr = 0.000316
epoch 026 | step 0200 | total = 5.0092 | box = 0.6790 | obj = 1.5786 | cls = 0.0355 | lr = 0.000316
epoch 026 | step 0220 | total = 4.0433 | box = 0.5037 | obj = 1.4922 | cls = 0.0326 | lr = 0.000316
epoch 026 | step 0240 | total = 3.9143 | box = 0.5086 | obj = 1.3334 | cls = 0.0378 | lr = 0.000316
epoch 026 | step 0260 | total = 4.0596 | box = 0.5612 | obj = 1.2222 | cls = 0.0311 | lr = 0.000316
epoch 026 | step 0280 | total = 4.3776 | box = 0.5777 | obj = 1.4538 | cls = 0.0352 | lr = 0.000316
epoch 026 | step 0300 | total = 3.8891 | box = 0.4901 | obj = 1.4019 | cls = 0.0370 | lr = 0.000316
epoch 026 | step 0320 | total = 4.7789 | box = 0.6597 | obj = 1.4497 | cls = 0.0305 | lr = 0.000316
epoch 026 | step 0340 | total = 4.7135 | box = 0.6293 | obj = 1.5243 | cls = 0.0426 | lr = 0.000316
epoch 026 | step 0360 | total = 4.0383 | box = 0.5125 | obj = 1.4335 | cls = 0.0423 | lr = 0.000316
epoch 026 | step 0380 | total = 4.5485 | box = 0.5758 | obj = 1.6263 | cls = 0.0432 | lr = 0.000316
epoch 026 | step 0400 | total = 3.9266 | box = 0.4922 | obj = 1.4288 | cls = 0.0366 | lr = 0.000316
epoch 026 | step 0420 | total = 4.8567 | box = 0.6552 | obj = 1.5438 | cls = 0.0369 | lr = 0.000316
epoch 026 | step 0440 | total = 4.0237 | box = 0.5140 | obj = 1.4118 | cls = 0.0418 | lr = 0.000316
epoch 026 | step 0460 | total = 4.4851 | box = 0.5834 | obj = 1.5315 | cls = 0.0367 | lr = 0.000316
epoch 026 | step 0480 | total = 4.9278 | box = 0.6766 | obj = 1.5131 | cls = 0.0319 | lr = 0.000316
epoch 026 | step 0500 | total = 5.0968 | box = 0.7334 | obj = 1.3983 | cls = 0.0317 | lr = 0.000316
epoch 026 | step 0520 | total = 4.4084 | box = 0.5950 | obj = 1.3929 | cls = 0.0405 | lr = 0.000316
epoch 026 | step 0540 | total = 4.2204 | box = 0.5411 | obj = 1.4759 | cls = 0.0387 | lr = 0.000316
epoch 026 | step 0560 | total = 4.5706 | box = 0.6280 | obj = 1.3959 | cls = 0.0349 | lr = 0.000316
epoch 026 | step 0580 | total = 4.7776 | box = 0.6480 | obj = 1.5005 | cls = 0.0369 | lr = 0.000316
epoch 026 | step 0600 | total = 4.5573 | box = 0.6117 | obj = 1.4607 | cls = 0.0380 | lr = 0.000316
epoch 026 | step 0620 | total = 4.2355 | box = 0.5462 | obj = 1.4658 | cls = 0.0385 | lr = 0.000316
epoch 026 | step 0640 | total = 3.8724 | box = 0.4807 | obj = 1.4300 | cls = 0.0390 | lr = 0.000316
epoch 026 | step 0660 | total = 5.0490 | box = 0.7036 | obj = 1.4964 | cls = 0.0346 | lr = 0.000316
epoch 026 | step 0680 | total = 4.3819 | box = 0.5913 | obj = 1.3868 | cls = 0.0386 | lr = 0.000316
epoch 026 | step 0700 | total = 4.4701 | box = 0.5649 | obj = 1.6049 | cls = 0.0406 | lr = 0.000316
epoch 026 | step 0720 | total = 3.8097 | box = 0.4819 | obj = 1.3694 | cls = 0.0309 | lr = 0.000316
epoch 026 | step 0740 | total = 3.3493 | box = 0.3935 | obj = 1.3271 | cls = 0.0545 | lr = 0.000316
epoch 026 | step 0760 | total = 4.5559 | box = 0.5795 | obj = 1.6218 | cls = 0.0365 | lr = 0.000316
epoch 026 | step 0780 | total = 4.4563 | box = 0.5932 | obj = 1.4527 | cls = 0.0376 | lr = 0.000316
epoch 026 | step 0800 | total = 4.9631 | box = 0.6886 | obj = 1.4787 | cls = 0.0412 | lr = 0.000316
epoch 026 | step 0820 | total = 5.0061 | box = 0.6859 | obj = 1.5358 | cls = 0.0406 | lr = 0.000316
epoch 026 | step 0840 | total = 4.5297 | box = 0.5828 | obj = 1.5717 | cls = 0.0439 | lr = 0.000316
epoch 026 | step 0860 | total = 4.7208 | box = 0.6246 | obj = 1.5538 | cls = 0.0439 | lr = 0.000316
epoch 026 | step 0880 | total = 3.9035 | box = 0.4954 | obj = 1.3848 | cls = 0.0416 | lr = 0.000316
epoch 026 | step 0900 | total = 5.1611 | box = 0.7239 | obj = 1.5097 | cls = 0.0319 | lr = 0.000316
epoch 026 | step 0920 | total = 3.5075 | box = 0.4374 | obj = 1.2808 | cls = 0.0397 | lr = 0.000316
[epoch 026 train] total = 4.3825 | box = 0.5779 | obj = 1.4529 | cls = 0.0399 | steps = 925 | global_batches = 7400 | samples = 118288 | time = 802.8s
[epoch 026 val] total = 4.5799 | box = 0.6075 | obj = 1.5017 | cls = 0.0405 | steps = 40 | global_batches = 320 | samples = 5000 | time = 23.6s
epoch 027 | step 0001 | total = 4.3926 | box = 0.5890 | obj = 1.3992 | cls = 0.0484 | lr = 0.000280
epoch 027 | step 0020 | total = 3.9595 | box = 0.5041 | obj = 1.3972 | cls = 0.0420 | lr = 0.000280
epoch 027 | step 0040 | total = 2.9239 | box = 0.3589 | obj = 1.0865 | cls = 0.0431 | lr = 0.000280
epoch 027 | step 0060 | total = 4.3641 | box = 0.5778 | obj = 1.4409 | cls = 0.0341 | lr = 0.000280
epoch 027 | step 0080 | total = 4.4393 | box = 0.5771 | obj = 1.5117 | cls = 0.0423 | lr = 0.000280
epoch 027 | step 0100 | total = 4.9186 | box = 0.6484 | obj = 1.6367 | cls = 0.0399 | lr = 0.000280
epoch 027 | step 0120 | total = 4.6172 | box = 0.6273 | obj = 1.4429 | cls = 0.0377 | lr = 0.000280
epoch 027 | step 0140 | total = 4.1284 | box = 0.5412 | obj = 1.3724 | cls = 0.0501 | lr = 0.000280
epoch 027 | step 0160 | total = 4.1741 | box = 0.5522 | obj = 1.3742 | cls = 0.0391 | lr = 0.000280
epoch 027 | step 0180 | total = 4.5809 | box = 0.6324 | obj = 1.3850 | cls = 0.0339 | lr = 0.000280
epoch 027 | step 0200 | total = 4.2769 | box = 0.5545 | obj = 1.4607 | cls = 0.0435 | lr = 0.000280
epoch 027 | step 0220 | total = 3.9763 | box = 0.4989 | obj = 1.4429 | cls = 0.0389 | lr = 0.000280
epoch 027 | step 0240 | total = 4.6693 | box = 0.6434 | obj = 1.4124 | cls = 0.0401 | lr = 0.000280
epoch 027 | step 0260 | total = 4.6662 | box = 0.6445 | obj = 1.4089 | cls = 0.0349 | lr = 0.000280
epoch 027 | step 0280 | total = 5.4704 | box = 0.7742 | obj = 1.5521 | cls = 0.0474 | lr = 0.000280
epoch 027 | step 0300 | total = 4.0117 | box = 0.5227 | obj = 1.3579 | cls = 0.0404 | lr = 0.000280
epoch 027 | step 0320 | total = 4.4813 | box = 0.5909 | obj = 1.4864 | cls = 0.0405 | lr = 0.000280
epoch 027 | step 0340 | total = 3.9192 | box = 0.4830 | obj = 1.4654 | cls = 0.0387 | lr = 0.000280
epoch 027 | step 0360 | total = 4.5291 | box = 0.6213 | obj = 1.3856 | cls = 0.0373 | lr = 0.000280
epoch 027 | step 0380 | total = 4.9624 | box = 0.6777 | obj = 1.5386 | cls = 0.0351 | lr = 0.000280
epoch 027 | step 0400 | total = 4.6588 | box = 0.6182 | obj = 1.5278 | cls = 0.0402 | lr = 0.000280
epoch 027 | step 0420 | total = 3.1535 | box = 0.3743 | obj = 1.2436 | cls = 0.0384 | lr = 0.000280
epoch 027 | step 0440 | total = 4.2558 | box = 0.5153 | obj = 1.6357 | cls = 0.0437 | lr = 0.000280
epoch 027 | step 0460 | total = 4.5156 | box = 0.6214 | obj = 1.3695 | cls = 0.0394 | lr = 0.000280
epoch 027 | step 0480 | total = 4.8961 | box = 0.6841 | obj = 1.4445 | cls = 0.0309 | lr = 0.000280
epoch 027 | step 0500 | total = 4.6258 | box = 0.6025 | obj = 1.5551 | cls = 0.0583 | lr = 0.000280
epoch 027 | step 0520 | total = 4.2136 | box = 0.5420 | obj = 1.4662 | cls = 0.0376 | lr = 0.000280
epoch 027 | step 0540 | total = 5.4088 | box = 0.7757 | obj = 1.4948 | cls = 0.0353 | lr = 0.000280
epoch 027 | step 0560 | total = 4.0676 | box = 0.5121 | obj = 1.4656 | cls = 0.0417 | lr = 0.000280
epoch 027 | step 0580 | total = 4.8245 | box = 0.6421 | obj = 1.5749 | cls = 0.0394 | lr = 0.000280
epoch 027 | step 0600 | total = 4.3272 | box = 0.5903 | obj = 1.3353 | cls = 0.0407 | lr = 0.000280
epoch 027 | step 0620 | total = 4.2648 | box = 0.5341 | obj = 1.5519 | cls = 0.0422 | lr = 0.000280
epoch 027 | step 0640 | total = 4.2920 | box = 0.5643 | obj = 1.4314 | cls = 0.0390 | lr = 0.000280
epoch 027 | step 0660 | total = 4.4571 | box = 0.6147 | obj = 1.3539 | cls = 0.0298 | lr = 0.000280
epoch 027 | step 0680 | total = 4.1733 | box = 0.5576 | obj = 1.3446 | cls = 0.0406 | lr = 0.000280
epoch 027 | step 0700 | total = 4.1067 | box = 0.5230 | obj = 1.4543 | cls = 0.0372 | lr = 0.000280
epoch 027 | step 0720 | total = 4.9442 | box = 0.7121 | obj = 1.3545 | cls = 0.0290 | lr = 0.000280
epoch 027 | step 0740 | total = 4.6397 | box = 0.6146 | obj = 1.5312 | cls = 0.0354 | lr = 0.000280
epoch 027 | step 0760 | total = 3.8915 | box = 0.4914 | obj = 1.3941 | cls = 0.0403 | lr = 0.000280
epoch 027 | step 0780 | total = 4.8724 | box = 0.6590 | obj = 1.5455 | cls = 0.0321 | lr = 0.000280
epoch 027 | step 0800 | total = 4.2007 | box = 0.5629 | obj = 1.3431 | cls = 0.0429 | lr = 0.000280
epoch 027 | step 0820 | total = 4.4747 | box = 0.5889 | obj = 1.4910 | cls = 0.0390 | lr = 0.000280
epoch 027 | step 0840 | total = 3.6931 | box = 0.4517 | obj = 1.3953 | cls = 0.0393 | lr = 0.000280
epoch 027 | step 0860 | total = 4.3639 | box = 0.5805 | obj = 1.4241 | cls = 0.0375 | lr = 0.000280
epoch 027 | step 0880 | total = 4.5402 | box = 0.5819 | obj = 1.5850 | cls = 0.0456 | lr = 0.000280
epoch 027 | step 0900 | total = 4.4027 | box = 0.5506 | obj = 1.6123 | cls = 0.0374 | lr = 0.000280
epoch 027 | step 0920 | total = 4.5217 | box = 0.6024 | obj = 1.4768 | cls = 0.0329 | lr = 0.000280
[epoch 027 train] total = 4.3463 | box = 0.5729 | obj = 1.4424 | cls = 0.0396 | steps = 925 | global_batches = 7400 | samples = 118288 | time = 802.5s
[epoch 027 val] total = 4.5780 | box = 0.6066 | obj = 1.5049 | cls = 0.0402 | steps = 40 | global_batches = 320 | samples = 5000 | time = 23.6s
epoch 028 | step 0001 | total = 4.6139 | box = 0.5965 | obj = 1.5808 | cls = 0.0507 | lr = 0.000246
epoch 028 | step 0020 | total = 3.5343 | box = 0.4277 | obj = 1.3562 | cls = 0.0394 | lr = 0.000246
epoch 028 | step 0040 | total = 4.9079 | box = 0.6277 | obj = 1.7247 | cls = 0.0447 | lr = 0.000246
epoch 028 | step 0060 | total = 4.1054 | box = 0.5300 | obj = 1.4220 | cls = 0.0332 | lr = 0.000246
epoch 028 | step 0080 | total = 4.1935 | box = 0.5512 | obj = 1.4016 | cls = 0.0357 | lr = 0.000246
epoch 028 | step 0100 | total = 4.9986 | box = 0.6904 | obj = 1.5105 | cls = 0.0360 | lr = 0.000246
epoch 028 | step 0120 | total = 4.6133 | box = 0.6165 | obj = 1.4893 | cls = 0.0414 | lr = 0.000246
epoch 028 | step 0140 | total = 4.2126 | box = 0.5590 | obj = 1.3806 | cls = 0.0371 | lr = 0.000246
epoch 028 | step 0160 | total = 3.9315 | box = 0.4783 | obj = 1.4981 | cls = 0.0421 | lr = 0.000246
epoch 028 | step 0180 | total = 4.3449 | box = 0.5663 | obj = 1.4735 | cls = 0.0400 | lr = 0.000246
epoch 028 | step 0200 | total = 4.6123 | box = 0.6387 | obj = 1.3871 | cls = 0.0319 | lr = 0.000246
epoch 028 | step 0220 | total = 4.0292 | box = 0.5111 | obj = 1.4362 | cls = 0.0375 | lr = 0.000246
epoch 028 | step 0240 | total = 3.8110 | box = 0.5037 | obj = 1.2576 | cls = 0.0350 | lr = 0.000246
epoch 028 | step 0260 | total = 4.1860 | box = 0.5521 | obj = 1.3923 | cls = 0.0334 | lr = 0.000246
epoch 028 | step 0280 | total = 4.2508 | box = 0.5348 | obj = 1.5244 | cls = 0.0525 | lr = 0.000246
epoch 028 | step 0300 | total = 4.1761 | box = 0.5366 | obj = 1.4519 | cls = 0.0411 | lr = 0.000246
epoch 028 | step 0320 | total = 4.5514 | box = 0.6112 | obj = 1.4603 | cls = 0.0350 | lr = 0.000246
epoch 028 | step 0340 | total = 3.8206 | box = 0.5011 | obj = 1.2799 | cls = 0.0353 | lr = 0.000246
epoch 028 | step 0360 | total = 4.3416 | box = 0.5652 | obj = 1.4731 | cls = 0.0424 | lr = 0.000246
epoch 028 | step 0380 | total = 4.5519 | box = 0.6104 | obj = 1.4590 | cls = 0.0408 | lr = 0.000246
epoch 028 | step 0400 | total = 4.4111 | box = 0.5778 | obj = 1.4884 | cls = 0.0338 | lr = 0.000246
epoch 028 | step 0420 | total = 4.4904 | box = 0.6005 | obj = 1.4559 | cls = 0.0320 | lr = 0.000246
epoch 028 | step 0440 | total = 4.5251 | box = 0.6023 | obj = 1.4758 | cls = 0.0376 | lr = 0.000246
epoch 028 | step 0460 | total = 4.6987 | box = 0.6326 | obj = 1.4937 | cls = 0.0421 | lr = 0.000246
epoch 028 | step 0480 | total = 3.8753 | box = 0.4855 | obj = 1.4086 | cls = 0.0394 | lr = 0.000246
epoch 028 | step 0500 | total = 4.7029 | box = 0.6506 | obj = 1.4131 | cls = 0.0369 | lr = 0.000246
epoch 028 | step 0520 | total = 3.9914 | box = 0.5189 | obj = 1.3631 | cls = 0.0340 | lr = 0.000246
epoch 028 | step 0540 | total = 3.3380 | box = 0.4040 | obj = 1.2774 | cls = 0.0407 | lr = 0.000246
epoch 028 | step 0560 | total = 4.6145 | box = 0.6298 | obj = 1.4244 | cls = 0.0408 | lr = 0.000246
epoch 028 | step 0580 | total = 4.7598 | box = 0.6620 | obj = 1.4159 | cls = 0.0341 | lr = 0.000246
epoch 028 | step 0600 | total = 5.1005 | box = 0.6956 | obj = 1.5872 | cls = 0.0352 | lr = 0.000246
epoch 028 | step 0620 | total = 4.9629 | box = 0.7347 | obj = 1.2572 | cls = 0.0324 | lr = 0.000246
epoch 028 | step 0640 | total = 4.6242 | box = 0.6028 | obj = 1.5682 | cls = 0.0419 | lr = 0.000246
epoch 028 | step 0660 | total = 4.4099 | box = 0.5960 | obj = 1.3927 | cls = 0.0372 | lr = 0.000246
epoch 028 | step 0680 | total = 3.8843 | box = 0.4840 | obj = 1.4269 | cls = 0.0376 | lr = 0.000246
epoch 028 | step 0700 | total = 4.5257 | box = 0.6130 | obj = 1.4238 | cls = 0.0368 | lr = 0.000246
epoch 028 | step 0720 | total = 3.7116 | box = 0.4823 | obj = 1.2670 | cls = 0.0332 | lr = 0.000246
epoch 028 | step 0740 | total = 5.0149 | box = 0.7142 | obj = 1.4155 | cls = 0.0283 | lr = 0.000246
epoch 028 | step 0760 | total = 4.3228 | box = 0.5945 | obj = 1.3177 | cls = 0.0327 | lr = 0.000246
epoch 028 | step 0780 | total = 4.8119 | box = 0.6528 | obj = 1.5095 | cls = 0.0386 | lr = 0.000246
epoch 028 | step 0800 | total = 4.2246 | box = 0.5505 | obj = 1.4310 | cls = 0.0410 | lr = 0.000246
epoch 028 | step 0820 | total = 4.9585 | box = 0.6948 | obj = 1.4563 | cls = 0.0284 | lr = 0.000246
epoch 028 | step 0840 | total = 3.8782 | box = 0.4707 | obj = 1.4789 | cls = 0.0457 | lr = 0.000246
epoch 028 | step 0860 | total = 4.7107 | box = 0.6379 | obj = 1.4858 | cls = 0.0356 | lr = 0.000246
epoch 028 | step 0880 | total = 4.0142 | box = 0.5114 | obj = 1.4165 | cls = 0.0408 | lr = 0.000246
epoch 028 | step 0900 | total = 4.8860 | box = 0.6737 | obj = 1.4823 | cls = 0.0352 | lr = 0.000246
epoch 028 | step 0920 | total = 4.3582 | box = 0.5939 | obj = 1.3491 | cls = 0.0395 | lr = 0.000246
[epoch 028 train] total = 4.3152 | box = 0.5681 | obj = 1.4354 | cls = 0.0394 | steps = 925 | global_batches = 7400 | samples = 118288 | time = 803.9s
[epoch 028 val] total = 4.5534 | box = 0.6027 | obj = 1.5000 | cls = 0.0400 | steps = 40 | global_batches = 320 | samples = 5000 | time = 23.8s
epoch 029 | step 0001 | total = 3.5432 | box = 0.4377 | obj = 1.3132 | cls = 0.0414 | lr = 0.000214
epoch 029 | step 0020 | total = 4.2803 | box = 0.5613 | obj = 1.4347 | cls = 0.0390 | lr = 0.000214
epoch 029 | step 0040 | total = 3.7230 | box = 0.4636 | obj = 1.3620 | cls = 0.0432 | lr = 0.000214
epoch 029 | step 0060 | total = 4.5283 | box = 0.6121 | obj = 1.4227 | cls = 0.0448 | lr = 0.000214
epoch 029 | step 0080 | total = 4.3099 | box = 0.5802 | obj = 1.3711 | cls = 0.0377 | lr = 0.000214
epoch 029 | step 0100 | total = 4.1732 | box = 0.5439 | obj = 1.4084 | cls = 0.0452 | lr = 0.000214
epoch 029 | step 0120 | total = 4.9621 | box = 0.6940 | obj = 1.4584 | cls = 0.0336 | lr = 0.000214
epoch 029 | step 0140 | total = 4.5687 | box = 0.6094 | obj = 1.4662 | cls = 0.0557 | lr = 0.000214
epoch 029 | step 0160 | total = 4.3073 | box = 0.5632 | obj = 1.4570 | cls = 0.0342 | lr = 0.000214
epoch 029 | step 0180 | total = 4.3346 | box = 0.5845 | obj = 1.3743 | cls = 0.0376 | lr = 0.000214
epoch 029 | step 0200 | total = 4.2986 | box = 0.5814 | obj = 1.3591 | cls = 0.0326 | lr = 0.000214
epoch 029 | step 0220 | total = 4.0070 | box = 0.5137 | obj = 1.3967 | cls = 0.0417 | lr = 0.000214
epoch 029 | step 0240 | total = 3.8938 | box = 0.4908 | obj = 1.4001 | cls = 0.0395 | lr = 0.000214
epoch 029 | step 0260 | total = 4.1082 | box = 0.5241 | obj = 1.4475 | cls = 0.0401 | lr = 0.000214
epoch 029 | step 0280 | total = 4.1140 | box = 0.5577 | obj = 1.2871 | cls = 0.0383 | lr = 0.000214
epoch 029 | step 0300 | total = 3.4582 | box = 0.4053 | obj = 1.3946 | cls = 0.0373 | lr = 0.000214
epoch 029 | step 0320 | total = 3.9165 | box = 0.4985 | obj = 1.3886 | cls = 0.0355 | lr = 0.000214
epoch 029 | step 0340 | total = 5.0213 | box = 0.7035 | obj = 1.4678 | cls = 0.0362 | lr = 0.000214
epoch 029 | step 0360 | total = 4.4220 | box = 0.5768 | obj = 1.4994 | cls = 0.0386 | lr = 0.000214
epoch 029 | step 0380 | total = 4.4317 | box = 0.5969 | obj = 1.4132 | cls = 0.0340 | lr = 0.000214
epoch 029 | step 0400 | total = 4.3234 | box = 0.5478 | obj = 1.5368 | cls = 0.0475 | lr = 0.000214
epoch 029 | step 0420 | total = 4.3131 | box = 0.5857 | obj = 1.3444 | cls = 0.0403 | lr = 0.000214
epoch 029 | step 0440 | total = 4.8482 | box = 0.6584 | obj = 1.5139 | cls = 0.0424 | lr = 0.000214
epoch 029 | step 0460 | total = 3.9859 | box = 0.5254 | obj = 1.3266 | cls = 0.0322 | lr = 0.000214
epoch 029 | step 0480 | total = 3.7144 | box = 0.4541 | obj = 1.3994 | cls = 0.0446 | lr = 0.000214
epoch 029 | step 0500 | total = 4.6181 | box = 0.6239 | obj = 1.4552 | cls = 0.0432 | lr = 0.000214
epoch 029 | step 0520 | total = 4.0248 | box = 0.5165 | obj = 1.4031 | cls = 0.0393 | lr = 0.000214
epoch 029 | step 0540 | total = 4.4149 | box = 0.5880 | obj = 1.4427 | cls = 0.0324 | lr = 0.000214
epoch 029 | step 0560 | total = 4.6459 | box = 0.6341 | obj = 1.4447 | cls = 0.0305 | lr = 0.000214
epoch 029 | step 0580 | total = 4.3286 | box = 0.5810 | obj = 1.3913 | cls = 0.0323 | lr = 0.000214
epoch 029 | step 0600 | total = 4.3821 | box = 0.6006 | obj = 1.3524 | cls = 0.0269 | lr = 0.000214
epoch 029 | step 0620 | total = 5.1290 | box = 0.7033 | obj = 1.5679 | cls = 0.0448 | lr = 0.000214
epoch 029 | step 0640 | total = 4.3118 | box = 0.5890 | obj = 1.3331 | cls = 0.0336 | lr = 0.000214
epoch 029 | step 0660 | total = 4.2848 | box = 0.5744 | obj = 1.3800 | cls = 0.0329 | lr = 0.000214
epoch 029 | step 0680 | total = 4.6429 | box = 0.6236 | obj = 1.4865 | cls = 0.0385 | lr = 0.000214
epoch 029 | step 0700 | total = 4.4675 | box = 0.5782 | obj = 1.5241 | cls = 0.0521 | lr = 0.000214
epoch 029 | step 0720 | total = 4.2995 | box = 0.5518 | obj = 1.4988 | cls = 0.0419 | lr = 0.000214
epoch 029 | step 0740 | total = 3.9589 | box = 0.5051 | obj = 1.3961 | cls = 0.0375 | lr = 0.000214
epoch 029 | step 0760 | total = 4.0887 | box = 0.5323 | obj = 1.3912 | cls = 0.0362 | lr = 0.000214
epoch 029 | step 0780 | total = 4.4694 | box = 0.5888 | obj = 1.4845 | cls = 0.0407 | lr = 0.000214
epoch 029 | step 0800 | total = 4.8748 | box = 0.6654 | obj = 1.5049 | cls = 0.0431 | lr = 0.000214
epoch 029 | step 0820 | total = 5.3499 | box = 0.7726 | obj = 1.4495 | cls = 0.0375 | lr = 0.000214
epoch 029 | step 0840 | total = 4.0456 | box = 0.5376 | obj = 1.3215 | cls = 0.0361 | lr = 0.000214
epoch 029 | step 0860 | total = 4.5676 | box = 0.6251 | obj = 1.4082 | cls = 0.0338 | lr = 0.000214
epoch 029 | step 0880 | total = 4.3991 | box = 0.5717 | obj = 1.4921 | cls = 0.0488 | lr = 0.000214
epoch 029 | step 0900 | total = 4.3624 | box = 0.5943 | obj = 1.3552 | cls = 0.0354 | lr = 0.000214
epoch 029 | step 0920 | total = 4.6648 | box = 0.6304 | obj = 1.4780 | cls = 0.0346 | lr = 0.000214
[epoch 029 train] total = 4.2854 | box = 0.5641 | obj = 1.4258 | cls = 0.0392 | steps = 925 | global_batches = 7400 | samples = 118288 | time = 803.4s
[epoch 029 val] total = 4.5511 | box = 0.6015 | obj = 1.5033 | cls = 0.0400 | steps = 40 | global_batches = 320 | samples = 5000 | time = 23.3s
epoch 030 | step 0001 | total = 4.1796 | box = 0.5227 | obj = 1.5327 | cls = 0.0336 | lr = 0.000184
epoch 030 | step 0020 | total = 3.7594 | box = 0.4818 | obj = 1.3177 | cls = 0.0325 | lr = 0.000184
epoch 030 | step 0040 | total = 4.3062 | box = 0.5798 | obj = 1.3701 | cls = 0.0371 | lr = 0.000184
epoch 030 | step 0060 | total = 4.1820 | box = 0.5453 | obj = 1.4081 | cls = 0.0474 | lr = 0.000184
epoch 030 | step 0080 | total = 4.6601 | box = 0.6374 | obj = 1.4381 | cls = 0.0350 | lr = 0.000184
epoch 030 | step 0100 | total = 3.9653 | box = 0.4999 | obj = 1.4215 | cls = 0.0443 | lr = 0.000184
epoch 030 | step 0120 | total = 3.9117 | box = 0.4901 | obj = 1.4247 | cls = 0.0365 | lr = 0.000184
epoch 030 | step 0140 | total = 5.0538 | box = 0.6952 | obj = 1.5456 | cls = 0.0325 | lr = 0.000184
epoch 030 | step 0160 | total = 4.4388 | box = 0.5896 | obj = 1.4532 | cls = 0.0377 | lr = 0.000184
epoch 030 | step 0180 | total = 3.4414 | box = 0.4331 | obj = 1.2431 | cls = 0.0326 | lr = 0.000184
epoch 030 | step 0200 | total = 4.2512 | box = 0.5615 | obj = 1.4109 | cls = 0.0329 | lr = 0.000184
epoch 030 | step 0220 | total = 3.2784 | box = 0.3989 | obj = 1.2445 | cls = 0.0392 | lr = 0.000184
epoch 030 | step 0240 | total = 3.8796 | box = 0.4866 | obj = 1.4087 | cls = 0.0378 | lr = 0.000184
epoch 030 | step 0260 | total = 4.4847 | box = 0.6034 | obj = 1.4243 | cls = 0.0433 | lr = 0.000184
epoch 030 | step 0280 | total = 4.3510 | box = 0.5841 | obj = 1.3891 | cls = 0.0412 | lr = 0.000184
epoch 030 | step 0300 | total = 4.7702 | box = 0.6330 | obj = 1.5705 | cls = 0.0348 | lr = 0.000184
epoch 030 | step 0320 | total = 4.8573 | box = 0.6902 | obj = 1.3663 | cls = 0.0399 | lr = 0.000184
epoch 030 | step 0340 | total = 4.3848 | box = 0.5604 | obj = 1.5352 | cls = 0.0475 | lr = 0.000184
epoch 030 | step 0360 | total = 4.1341 | box = 0.5261 | obj = 1.4613 | cls = 0.0423 | lr = 0.000184
epoch 030 | step 0380 | total = 4.3512 | box = 0.5792 | obj = 1.4168 | cls = 0.0384 | lr = 0.000184
epoch 030 | step 0400 | total = 4.7394 | box = 0.6548 | obj = 1.4224 | cls = 0.0428 | lr = 0.000184
epoch 030 | step 0420 | total = 4.4363 | box = 0.5552 | obj = 1.6089 | cls = 0.0514 | lr = 0.000184
epoch 030 | step 0440 | total = 4.1368 | box = 0.5248 | obj = 1.4799 | cls = 0.0331 | lr = 0.000184
epoch 030 | step 0460 | total = 4.5899 | box = 0.6113 | obj = 1.4862 | cls = 0.0473 | lr = 0.000184
epoch 030 | step 0480 | total = 4.0583 | box = 0.5178 | obj = 1.4280 | cls = 0.0413 | lr = 0.000184
epoch 030 | step 0500 | total = 4.0187 | box = 0.5103 | obj = 1.4311 | cls = 0.0361 | lr = 0.000184
epoch 030 | step 0520 | total = 5.0110 | box = 0.7000 | obj = 1.4705 | cls = 0.0402 | lr = 0.000184
epoch 030 | step 0540 | total = 4.6437 | box = 0.6107 | obj = 1.5537 | cls = 0.0364 | lr = 0.000184
epoch 030 | step 0560 | total = 4.4227 | box = 0.5846 | obj = 1.4567 | cls = 0.0431 | lr = 0.000184
epoch 030 | step 0580 | total = 4.6965 | box = 0.6752 | obj = 1.2858 | cls = 0.0350 | lr = 0.000184
epoch 030 | step 0600 | total = 3.4745 | box = 0.4276 | obj = 1.3020 | cls = 0.0343 | lr = 0.000184
epoch 030 | step 0620 | total = 4.9597 | box = 0.7017 | obj = 1.4155 | cls = 0.0356 | lr = 0.000184
epoch 030 | step 0640 | total = 5.0139 | box = 0.7008 | obj = 1.4636 | cls = 0.0465 | lr = 0.000184
epoch 030 | step 0660 | total = 4.6056 | box = 0.6189 | obj = 1.4775 | cls = 0.0337 | lr = 0.000184
epoch 030 | step 0680 | total = 3.8371 | box = 0.4818 | obj = 1.3921 | cls = 0.0360 | lr = 0.000184
epoch 030 | step 0700 | total = 3.9440 | box = 0.5025 | obj = 1.3907 | cls = 0.0409 | lr = 0.000184
epoch 030 | step 0720 | total = 4.3393 | box = 0.5426 | obj = 1.5841 | cls = 0.0423 | lr = 0.000184
epoch 030 | step 0740 | total = 4.3068 | box = 0.5804 | obj = 1.3658 | cls = 0.0390 | lr = 0.000184
epoch 030 | step 0760 | total = 3.8278 | box = 0.4737 | obj = 1.4167 | cls = 0.0424 | lr = 0.000184
epoch 030 | step 0780 | total = 4.4365 | box = 0.6055 | obj = 1.3745 | cls = 0.0347 | lr = 0.000184
epoch 030 | step 0800 | total = 3.4885 | box = 0.4095 | obj = 1.3870 | cls = 0.0537 | lr = 0.000184
epoch 030 | step 0820 | total = 4.8143 | box = 0.6796 | obj = 1.3750 | cls = 0.0412 | lr = 0.000184
epoch 030 | step 0840 | total = 4.5987 | box = 0.6357 | obj = 1.3879 | cls = 0.0324 | lr = 0.000184
epoch 030 | step 0860 | total = 3.8286 | box = 0.4907 | obj = 1.3395 | cls = 0.0353 | lr = 0.000184
epoch 030 | step 0880 | total = 4.2097 | box = 0.5356 | obj = 1.4906 | cls = 0.0410 | lr = 0.000184
epoch 030 | step 0900 | total = 4.6168 | box = 0.6388 | obj = 1.3905 | cls = 0.0320 | lr = 0.000184
epoch 030 | step 0920 | total = 4.5461 | box = 0.6160 | obj = 1.4297 | cls = 0.0364 | lr = 0.000184
[epoch 030 train] total = 4.2601 | box = 0.5605 | obj = 1.4188 | cls = 0.0390 | steps = 925 | global_batches = 7400 | samples = 118288 | time = 803.7s
[epoch 030 val] total = 4.5151 | box = 0.5976 | obj = 1.4872 | cls = 0.0399 | steps = 40 | global_batches = 320 | samples = 5000 | time = 23.8s
epoch 031 | step 0001 | total = 4.2591 | box = 0.5346 | obj = 1.5406 | cls = 0.0457 | lr = 0.000155
epoch 031 | step 0020 | total = 4.8858 | box = 0.6819 | obj = 1.4431 | cls = 0.0334 | lr = 0.000155
epoch 031 | step 0040 | total = 4.2247 | box = 0.5451 | obj = 1.4556 | cls = 0.0434 | lr = 0.000155
epoch 031 | step 0060 | total = 3.5729 | box = 0.4362 | obj = 1.3486 | cls = 0.0434 | lr = 0.000155
epoch 031 | step 0080 | total = 4.1512 | box = 0.5362 | obj = 1.4385 | cls = 0.0316 | lr = 0.000155
epoch 031 | step 0100 | total = 4.1509 | box = 0.5588 | obj = 1.3288 | cls = 0.0280 | lr = 0.000155
epoch 031 | step 0120 | total = 4.9120 | box = 0.6753 | obj = 1.4985 | cls = 0.0369 | lr = 0.000155
epoch 031 | step 0140 | total = 4.7794 | box = 0.6580 | obj = 1.4585 | cls = 0.0311 | lr = 0.000155
epoch 031 | step 0160 | total = 4.8646 | box = 0.6583 | obj = 1.5385 | cls = 0.0345 | lr = 0.000155
epoch 031 | step 0180 | total = 4.7349 | box = 0.6483 | obj = 1.4550 | cls = 0.0385 | lr = 0.000155
epoch 031 | step 0200 | total = 4.1209 | box = 0.5478 | obj = 1.3463 | cls = 0.0357 | lr = 0.000155
epoch 031 | step 0220 | total = 4.8844 | box = 0.6652 | obj = 1.5148 | cls = 0.0435 | lr = 0.000155
epoch 031 | step 0240 | total = 4.5099 | box = 0.6071 | obj = 1.4364 | cls = 0.0378 | lr = 0.000155
epoch 031 | step 0260 | total = 4.6570 | box = 0.6108 | obj = 1.5620 | cls = 0.0409 | lr = 0.000155
epoch 031 | step 0280 | total = 3.2832 | box = 0.3903 | obj = 1.2919 | cls = 0.0399 | lr = 0.000155
epoch 031 | step 0300 | total = 3.8296 | box = 0.5032 | obj = 1.2748 | cls = 0.0385 | lr = 0.000155
epoch 031 | step 0320 | total = 3.3692 | box = 0.4126 | obj = 1.2725 | cls = 0.0338 | lr = 0.000155
epoch 031 | step 0340 | total = 3.7993 | box = 0.4659 | obj = 1.4240 | cls = 0.0459 | lr = 0.000155
epoch 031 | step 0360 | total = 3.5705 | box = 0.4489 | obj = 1.2900 | cls = 0.0362 | lr = 0.000155
epoch 031 | step 0380 | total = 4.1963 | box = 0.5550 | obj = 1.3797 | cls = 0.0418 | lr = 0.000155
epoch 031 | step 0400 | total = 4.5579 | box = 0.6116 | obj = 1.4579 | cls = 0.0419 | lr = 0.000155
epoch 031 | step 0420 | total = 4.3081 | box = 0.5782 | obj = 1.3716 | cls = 0.0458 | lr = 0.000155
epoch 031 | step 0440 | total = 4.1904 | box = 0.5457 | obj = 1.4277 | cls = 0.0344 | lr = 0.000155
epoch 031 | step 0460 | total = 4.4991 | box = 0.6184 | obj = 1.3662 | cls = 0.0408 | lr = 0.000155
epoch 031 | step 0480 | total = 4.6867 | box = 0.6417 | obj = 1.4424 | cls = 0.0357 | lr = 0.000155
epoch 031 | step 0500 | total = 4.8948 | box = 0.6601 | obj = 1.5593 | cls = 0.0351 | lr = 0.000155
epoch 031 | step 0520 | total = 4.3753 | box = 0.5856 | obj = 1.4124 | cls = 0.0348 | lr = 0.000155
epoch 031 | step 0540 | total = 4.9153 | box = 0.6408 | obj = 1.6762 | cls = 0.0350 | lr = 0.000155
epoch 031 | step 0560 | total = 4.2325 | box = 0.5417 | obj = 1.4778 | cls = 0.0462 | lr = 0.000155
epoch 031 | step 0580 | total = 3.5478 | box = 0.4427 | obj = 1.2926 | cls = 0.0419 | lr = 0.000155
epoch 031 | step 0600 | total = 4.2879 | box = 0.5779 | obj = 1.3539 | cls = 0.0444 | lr = 0.000155
epoch 031 | step 0620 | total = 4.1619 | box = 0.5212 | obj = 1.5140 | cls = 0.0418 | lr = 0.000155
epoch 031 | step 0640 | total = 4.3675 | box = 0.5915 | obj = 1.3777 | cls = 0.0322 | lr = 0.000155
epoch 031 | step 0660 | total = 4.5683 | box = 0.6043 | obj = 1.5063 | cls = 0.0404 | lr = 0.000155
epoch 031 | step 0680 | total = 4.0841 | box = 0.5087 | obj = 1.4972 | cls = 0.0433 | lr = 0.000155
epoch 031 | step 0700 | total = 4.1298 | box = 0.5376 | obj = 1.3959 | cls = 0.0458 | lr = 0.000155
epoch 031 | step 0720 | total = 4.1660 | box = 0.5294 | obj = 1.4806 | cls = 0.0384 | lr = 0.000155
epoch 031 | step 0740 | total = 3.9396 | box = 0.4887 | obj = 1.4560 | cls = 0.0398 | lr = 0.000155
epoch 031 | step 0760 | total = 4.2051 | box = 0.5515 | obj = 1.4108 | cls = 0.0366 | lr = 0.000155
epoch 031 | step 0780 | total = 4.2952 | box = 0.5548 | obj = 1.4809 | cls = 0.0404 | lr = 0.000155
epoch 031 | step 0800 | total = 4.2964 | box = 0.5741 | obj = 1.3881 | cls = 0.0376 | lr = 0.000155
epoch 031 | step 0820 | total = 3.2222 | box = 0.3694 | obj = 1.3231 | cls = 0.0520 | lr = 0.000155
epoch 031 | step 0840 | total = 3.5315 | box = 0.4310 | obj = 1.3345 | cls = 0.0421 | lr = 0.000155
epoch 031 | step 0860 | total = 3.9685 | box = 0.5197 | obj = 1.3372 | cls = 0.0326 | lr = 0.000155
epoch 031 | step 0880 | total = 3.6201 | box = 0.4294 | obj = 1.4307 | cls = 0.0424 | lr = 0.000155
epoch 031 | step 0900 | total = 4.2877 | box = 0.5639 | obj = 1.4341 | cls = 0.0342 | lr = 0.000155
epoch 031 | step 0920 | total = 4.4728 | box = 0.5779 | obj = 1.5390 | cls = 0.0441 | lr = 0.000155
[epoch 031 train] total = 4.2350 | box = 0.5568 | obj = 1.4122 | cls = 0.0389 | steps = 925 | global_batches = 7400 | samples = 118288 | time = 803.0s
[epoch 031 val] total = 4.5085 | box = 0.5954 | obj = 1.4920 | cls = 0.0396 | steps = 40 | global_batches = 320 | samples = 5000 | time = 24.3s
epoch 032 | step 0001 | total = 4.4420 | box = 0.5956 | obj = 1.4269 | cls = 0.0370 | lr = 0.000129
epoch 032 | step 0020 | total = 4.0707 | box = 0.5350 | obj = 1.3614 | cls = 0.0346 | lr = 0.000129
epoch 032 | step 0040 | total = 4.3407 | box = 0.6006 | obj = 1.3064 | cls = 0.0314 | lr = 0.000129
epoch 032 | step 0060 | total = 4.6364 | box = 0.6549 | obj = 1.3349 | cls = 0.0272 | lr = 0.000129
epoch 032 | step 0080 | total = 4.4388 | box = 0.5647 | obj = 1.5743 | cls = 0.0408 | lr = 0.000129
epoch 032 | step 0100 | total = 4.2074 | box = 0.5698 | obj = 1.3160 | cls = 0.0423 | lr = 0.000129
epoch 032 | step 0120 | total = 3.9376 | box = 0.5114 | obj = 1.3427 | cls = 0.0381 | lr = 0.000129
epoch 032 | step 0140 | total = 3.7302 | box = 0.4714 | obj = 1.3357 | cls = 0.0373 | lr = 0.000129
epoch 032 | step 0160 | total = 4.2925 | box = 0.5902 | obj = 1.3071 | cls = 0.0344 | lr = 0.000129
epoch 032 | step 0180 | total = 3.9987 | box = 0.5176 | obj = 1.3761 | cls = 0.0344 | lr = 0.000129
epoch 032 | step 0200 | total = 3.6478 | box = 0.4441 | obj = 1.3789 | cls = 0.0486 | lr = 0.000129
epoch 032 | step 0220 | total = 5.1120 | box = 0.7179 | obj = 1.4837 | cls = 0.0389 | lr = 0.000129
epoch 032 | step 0240 | total = 3.6056 | box = 0.4535 | obj = 1.3057 | cls = 0.0324 | lr = 0.000129
epoch 032 | step 0260 | total = 4.4877 | box = 0.6190 | obj = 1.3553 | cls = 0.0374 | lr = 0.000129
epoch 032 | step 0280 | total = 4.2893 | box = 0.5392 | obj = 1.5617 | cls = 0.0317 | lr = 0.000129
epoch 032 | step 0300 | total = 3.9276 | box = 0.5053 | obj = 1.3651 | cls = 0.0362 | lr = 0.000129
epoch 032 | step 0320 | total = 3.8850 | box = 0.4992 | obj = 1.3507 | cls = 0.0384 | lr = 0.000129
epoch 032 | step 0340 | total = 4.6062 | box = 0.6178 | obj = 1.4825 | cls = 0.0347 | lr = 0.000129
epoch 032 | step 0360 | total = 3.9741 | box = 0.5252 | obj = 1.3169 | cls = 0.0314 | lr = 0.000129
epoch 032 | step 0380 | total = 3.9553 | box = 0.4495 | obj = 1.6600 | cls = 0.0477 | lr = 0.000129
epoch 032 | step 0400 | total = 4.5154 | box = 0.6453 | obj = 1.2599 | cls = 0.0290 | lr = 0.000129
epoch 032 | step 0420 | total = 3.2499 | box = 0.3842 | obj = 1.2783 | cls = 0.0508 | lr = 0.000129
epoch 032 | step 0440 | total = 4.4075 | box = 0.5456 | obj = 1.6390 | cls = 0.0404 | lr = 0.000129
epoch 032 | step 0460 | total = 3.8842 | box = 0.4889 | obj = 1.4029 | cls = 0.0368 | lr = 0.000129
epoch 032 | step 0480 | total = 4.1547 | box = 0.5483 | obj = 1.3757 | cls = 0.0377 | lr = 0.000129
epoch 032 | step 0500 | total = 3.7094 | box = 0.4395 | obj = 1.4620 | cls = 0.0499 | lr = 0.000129
epoch 032 | step 0520 | total = 4.4155 | box = 0.5889 | obj = 1.4298 | cls = 0.0410 | lr = 0.000129
epoch 032 | step 0540 | total = 4.5590 | box = 0.6218 | obj = 1.4165 | cls = 0.0333 | lr = 0.000129
epoch 032 | step 0560 | total = 4.4029 | box = 0.5856 | obj = 1.4349 | cls = 0.0402 | lr = 0.000129
epoch 032 | step 0580 | total = 4.8251 | box = 0.6645 | obj = 1.4654 | cls = 0.0374 | lr = 0.000129
epoch 032 | step 0600 | total = 3.7027 | box = 0.4746 | obj = 1.2975 | cls = 0.0322 | lr = 0.000129
epoch 032 | step 0620 | total = 4.4911 | box = 0.5952 | obj = 1.4833 | cls = 0.0320 | lr = 0.000129
epoch 032 | step 0640 | total = 4.8583 | box = 0.6943 | obj = 1.3519 | cls = 0.0348 | lr = 0.000129
epoch 032 | step 0660 | total = 3.8191 | box = 0.4715 | obj = 1.4270 | cls = 0.0349 | lr = 0.000129
epoch 032 | step 0680 | total = 3.5823 | box = 0.4463 | obj = 1.3092 | cls = 0.0417 | lr = 0.000129
epoch 032 | step 0700 | total = 4.1486 | box = 0.5507 | obj = 1.3541 | cls = 0.0412 | lr = 0.000129
epoch 032 | step 0720 | total = 4.0307 | box = 0.5106 | obj = 1.4439 | cls = 0.0340 | lr = 0.000129
epoch 032 | step 0740 | total = 3.9195 | box = 0.4966 | obj = 1.3975 | cls = 0.0389 | lr = 0.000129
epoch 032 | step 0760 | total = 4.2678 | box = 0.5663 | obj = 1.3966 | cls = 0.0398 | lr = 0.000129
epoch 032 | step 0780 | total = 4.2638 | box = 0.5544 | obj = 1.4465 | cls = 0.0456 | lr = 0.000129
epoch 032 | step 0800 | total = 4.0492 | box = 0.5318 | obj = 1.3538 | cls = 0.0365 | lr = 0.000129
epoch 032 | step 0820 | total = 3.8372 | box = 0.4803 | obj = 1.3910 | cls = 0.0446 | lr = 0.000129
epoch 032 | step 0840 | total = 3.8967 | box = 0.5220 | obj = 1.2443 | cls = 0.0425 | lr = 0.000129
epoch 032 | step 0860 | total = 3.6244 | box = 0.4678 | obj = 1.2493 | cls = 0.0359 | lr = 0.000129
epoch 032 | step 0880 | total = 3.9732 | box = 0.4830 | obj = 1.5121 | cls = 0.0459 | lr = 0.000129
epoch 032 | step 0900 | total = 4.2052 | box = 0.5583 | obj = 1.3811 | cls = 0.0327 | lr = 0.000129
epoch 032 | step 0920 | total = 4.5384 | box = 0.6257 | obj = 1.3760 | cls = 0.0338 | lr = 0.000129
[epoch 032 train] total = 4.2077 | box = 0.5528 | obj = 1.4050 | cls = 0.0387 | steps = 925 | global_batches = 7400 | samples = 118288 | time = 804.1s
[epoch 032 val] total = 4.4967 | box = 0.5942 | obj = 1.4863 | cls = 0.0396 | steps = 40 | global_batches = 320 | samples = 5000 | time = 24.0s
epoch 033 | step 0001 | total = 4.2678 | box = 0.5586 | obj = 1.4282 | cls = 0.0468 | lr = 0.000105
epoch 033 | step 0020 | total = 4.3926 | box = 0.5901 | obj = 1.3999 | cls = 0.0421 | lr = 0.000105
epoch 033 | step 0040 | total = 4.1095 | box = 0.4932 | obj = 1.5816 | cls = 0.0620 | lr = 0.000105
epoch 033 | step 0060 | total = 3.2484 | box = 0.4038 | obj = 1.1825 | cls = 0.0469 | lr = 0.000105
epoch 033 | step 0080 | total = 4.9315 | box = 0.6844 | obj = 1.4721 | cls = 0.0373 | lr = 0.000105
epoch 033 | step 0100 | total = 4.4155 | box = 0.5682 | obj = 1.5330 | cls = 0.0414 | lr = 0.000105
epoch 033 | step 0120 | total = 5.0204 | box = 0.7405 | obj = 1.2900 | cls = 0.0280 | lr = 0.000105
epoch 033 | step 0140 | total = 4.7229 | box = 0.6456 | obj = 1.4606 | cls = 0.0344 | lr = 0.000105
epoch 033 | step 0160 | total = 4.4093 | box = 0.5665 | obj = 1.5269 | cls = 0.0497 | lr = 0.000105
epoch 033 | step 0180 | total = 4.0815 | box = 0.5418 | obj = 1.3393 | cls = 0.0331 | lr = 0.000105
epoch 033 | step 0200 | total = 4.5738 | box = 0.6226 | obj = 1.4176 | cls = 0.0432 | lr = 0.000105
epoch 033 | step 0220 | total = 3.8702 | box = 0.5146 | obj = 1.2580 | cls = 0.0391 | lr = 0.000105
epoch 033 | step 0240 | total = 4.2334 | box = 0.5643 | obj = 1.3740 | cls = 0.0377 | lr = 0.000105
epoch 033 | step 0260 | total = 4.0427 | box = 0.5044 | obj = 1.4821 | cls = 0.0386 | lr = 0.000105
epoch 033 | step 0280 | total = 4.2496 | box = 0.5779 | obj = 1.3216 | cls = 0.0386 | lr = 0.000105
epoch 033 | step 0300 | total = 4.1539 | box = 0.5286 | obj = 1.4757 | cls = 0.0353 | lr = 0.000105
epoch 033 | step 0320 | total = 3.4165 | box = 0.4101 | obj = 1.3236 | cls = 0.0422 | lr = 0.000105
epoch 033 | step 0340 | total = 5.1293 | box = 0.6994 | obj = 1.5914 | cls = 0.0408 | lr = 0.000105
epoch 033 | step 0360 | total = 3.7747 | box = 0.4721 | obj = 1.3678 | cls = 0.0464 | lr = 0.000105
epoch 033 | step 0380 | total = 3.9548 | box = 0.5203 | obj = 1.3064 | cls = 0.0469 | lr = 0.000105
epoch 033 | step 0400 | total = 3.9662 | box = 0.5052 | obj = 1.3993 | cls = 0.0411 | lr = 0.000105
epoch 033 | step 0420 | total = 4.5842 | box = 0.6584 | obj = 1.2581 | cls = 0.0340 | lr = 0.000105
epoch 033 | step 0440 | total = 3.4142 | box = 0.4079 | obj = 1.3312 | cls = 0.0434 | lr = 0.000105
epoch 033 | step 0460 | total = 4.0354 | box = 0.5290 | obj = 1.3614 | cls = 0.0292 | lr = 0.000105
epoch 033 | step 0480 | total = 3.8300 | box = 0.4850 | obj = 1.3721 | cls = 0.0332 | lr = 0.000105
epoch 033 | step 0500 | total = 5.2467 | box = 0.7119 | obj = 1.6437 | cls = 0.0433 | lr = 0.000105
epoch 033 | step 0520 | total = 3.9115 | box = 0.4982 | obj = 1.3866 | cls = 0.0340 | lr = 0.000105
epoch 033 | step 0540 | total = 4.5470 | box = 0.6133 | obj = 1.4425 | cls = 0.0380 | lr = 0.000105
epoch 033 | step 0560 | total = 4.0954 | box = 0.5418 | obj = 1.3465 | cls = 0.0397 | lr = 0.000105
epoch 033 | step 0580 | total = 4.3083 | box = 0.5586 | obj = 1.4692 | cls = 0.0460 | lr = 0.000105
epoch 033 | step 0600 | total = 3.9649 | box = 0.4883 | obj = 1.4829 | cls = 0.0405 | lr = 0.000105
epoch 033 | step 0620 | total = 4.3754 | box = 0.5947 | obj = 1.3626 | cls = 0.0392 | lr = 0.000105
epoch 033 | step 0640 | total = 4.3653 | box = 0.5924 | obj = 1.3653 | cls = 0.0379 | lr = 0.000105
epoch 033 | step 0660 | total = 4.7771 | box = 0.6636 | obj = 1.4174 | cls = 0.0415 | lr = 0.000105
epoch 033 | step 0680 | total = 4.5218 | box = 0.6543 | obj = 1.2181 | cls = 0.0323 | lr = 0.000105
epoch 033 | step 0700 | total = 3.3282 | box = 0.3922 | obj = 1.3320 | cls = 0.0353 | lr = 0.000105
epoch 033 | step 0720 | total = 3.9316 | box = 0.4952 | obj = 1.4126 | cls = 0.0431 | lr = 0.000105
epoch 033 | step 0740 | total = 3.8724 | box = 0.5159 | obj = 1.2590 | cls = 0.0337 | lr = 0.000105
epoch 033 | step 0760 | total = 4.1336 | box = 0.5571 | obj = 1.3196 | cls = 0.0286 | lr = 0.000105
epoch 033 | step 0780 | total = 4.0029 | box = 0.5055 | obj = 1.4331 | cls = 0.0422 | lr = 0.000105
epoch 033 | step 0800 | total = 4.8969 | box = 0.6848 | obj = 1.4348 | cls = 0.0381 | lr = 0.000105
epoch 033 | step 0820 | total = 4.5833 | box = 0.6182 | obj = 1.4565 | cls = 0.0356 | lr = 0.000105
epoch 033 | step 0840 | total = 3.3008 | box = 0.3879 | obj = 1.3225 | cls = 0.0386 | lr = 0.000105
epoch 033 | step 0860 | total = 4.7182 | box = 0.6626 | obj = 1.3772 | cls = 0.0282 | lr = 0.000105
epoch 033 | step 0880 | total = 4.6893 | box = 0.6139 | obj = 1.5778 | cls = 0.0421 | lr = 0.000105
epoch 033 | step 0900 | total = 3.5704 | box = 0.4417 | obj = 1.3249 | cls = 0.0371 | lr = 0.000105
epoch 033 | step 0920 | total = 3.4640 | box = 0.4291 | obj = 1.2767 | cls = 0.0419 | lr = 0.000105
[epoch 033 train] total = 4.1895 | box = 0.5503 | obj = 1.3993 | cls = 0.0386 | steps = 925 | global_batches = 7400 | samples = 118288 | time = 804.8s
[epoch 033 val] total = 4.4947 | box = 0.5936 | obj = 1.4875 | cls = 0.0394 | steps = 40 | global_batches = 320 | samples = 5000 | time = 24.1s
epoch 034 | step 0001 | total = 3.3817 | box = 0.3914 | obj = 1.3795 | cls = 0.0451 | lr = 0.000083
epoch 034 | step 0020 | total = 4.2561 | box = 0.5440 | obj = 1.4960 | cls = 0.0401 | lr = 0.000083
epoch 034 | step 0040 | total = 3.8329 | box = 0.4939 | obj = 1.3147 | cls = 0.0485 | lr = 0.000083
epoch 034 | step 0060 | total = 3.9540 | box = 0.5354 | obj = 1.2362 | cls = 0.0406 | lr = 0.000083
epoch 034 | step 0080 | total = 4.3138 | box = 0.5527 | obj = 1.5093 | cls = 0.0411 | lr = 0.000083
epoch 034 | step 0100 | total = 3.9720 | box = 0.5124 | obj = 1.3698 | cls = 0.0402 | lr = 0.000083
epoch 034 | step 0120 | total = 4.9129 | box = 0.6599 | obj = 1.5663 | cls = 0.0473 | lr = 0.000083
epoch 034 | step 0140 | total = 4.1413 | box = 0.5413 | obj = 1.3977 | cls = 0.0372 | lr = 0.000083
epoch 034 | step 0160 | total = 4.0224 | box = 0.5193 | obj = 1.3838 | cls = 0.0419 | lr = 0.000083
epoch 034 | step 0180 | total = 4.2050 | box = 0.5461 | obj = 1.4359 | cls = 0.0384 | lr = 0.000083
epoch 034 | step 0200 | total = 3.1326 | box = 0.3647 | obj = 1.2722 | cls = 0.0372 | lr = 0.000083
epoch 034 | step 0220 | total = 4.1210 | box = 0.5328 | obj = 1.4222 | cls = 0.0348 | lr = 0.000083
epoch 034 | step 0240 | total = 3.8574 | box = 0.4775 | obj = 1.4291 | cls = 0.0410 | lr = 0.000083
epoch 034 | step 0260 | total = 3.7056 | box = 0.4670 | obj = 1.3328 | cls = 0.0377 | lr = 0.000083
epoch 034 | step 0280 | total = 3.2885 | box = 0.4083 | obj = 1.2073 | cls = 0.0398 | lr = 0.000083
epoch 034 | step 0300 | total = 3.8454 | box = 0.5087 | obj = 1.2501 | cls = 0.0518 | lr = 0.000083
epoch 034 | step 0320 | total = 3.7272 | box = 0.4829 | obj = 1.2692 | cls = 0.0438 | lr = 0.000083
epoch 034 | step 0340 | total = 4.1065 | box = 0.5436 | obj = 1.3477 | cls = 0.0406 | lr = 0.000083
epoch 034 | step 0360 | total = 3.4698 | box = 0.4258 | obj = 1.3067 | cls = 0.0343 | lr = 0.000083
epoch 034 | step 0380 | total = 3.2624 | box = 0.4037 | obj = 1.1982 | cls = 0.0459 | lr = 0.000083
epoch 034 | step 0400 | total = 3.9334 | box = 0.5115 | obj = 1.3436 | cls = 0.0322 | lr = 0.000083
epoch 034 | step 0420 | total = 4.2763 | box = 0.5473 | obj = 1.5018 | cls = 0.0379 | lr = 0.000083
epoch 034 | step 0440 | total = 4.3891 | box = 0.5571 | obj = 1.5633 | cls = 0.0404 | lr = 0.000083
epoch 034 | step 0460 | total = 4.4138 | box = 0.5750 | obj = 1.5030 | cls = 0.0359 | lr = 0.000083
epoch 034 | step 0480 | total = 3.6978 | box = 0.4686 | obj = 1.3144 | cls = 0.0405 | lr = 0.000083
epoch 034 | step 0500 | total = 4.0907 | box = 0.5288 | obj = 1.4082 | cls = 0.0388 | lr = 0.000083
epoch 034 | step 0520 | total = 4.1194 | box = 0.5300 | obj = 1.4239 | cls = 0.0454 | lr = 0.000083
epoch 034 | step 0540 | total = 4.1928 | box = 0.5619 | obj = 1.3491 | cls = 0.0341 | lr = 0.000083
epoch 034 | step 0560 | total = 4.3148 | box = 0.5555 | obj = 1.5040 | cls = 0.0335 | lr = 0.000083
epoch 034 | step 0580 | total = 3.8493 | box = 0.5175 | obj = 1.2319 | cls = 0.0300 | lr = 0.000083
epoch 034 | step 0600 | total = 3.4122 | box = 0.4204 | obj = 1.2669 | cls = 0.0430 | lr = 0.000083
epoch 034 | step 0620 | total = 4.2371 | box = 0.5538 | obj = 1.4295 | cls = 0.0388 | lr = 0.000083
epoch 034 | step 0640 | total = 4.5657 | box = 0.6184 | obj = 1.4397 | cls = 0.0338 | lr = 0.000083
epoch 034 | step 0660 | total = 3.8900 | box = 0.5099 | obj = 1.3104 | cls = 0.0301 | lr = 0.000083
epoch 034 | step 0680 | total = 4.2103 | box = 0.5485 | obj = 1.4314 | cls = 0.0365 | lr = 0.000083
epoch 034 | step 0700 | total = 3.9951 | box = 0.5061 | obj = 1.4169 | cls = 0.0475 | lr = 0.000083
epoch 034 | step 0720 | total = 4.8714 | box = 0.6455 | obj = 1.6058 | cls = 0.0380 | lr = 0.000083
epoch 034 | step 0740 | total = 3.9751 | box = 0.5124 | obj = 1.3730 | cls = 0.0401 | lr = 0.000083
epoch 034 | step 0760 | total = 4.1239 | box = 0.4967 | obj = 1.5993 | cls = 0.0410 | lr = 0.000083
epoch 034 | step 0780 | total = 4.1278 | box = 0.5416 | obj = 1.3855 | cls = 0.0344 | lr = 0.000083
epoch 034 | step 0800 | total = 4.2045 | box = 0.5639 | obj = 1.3495 | cls = 0.0355 | lr = 0.000083
epoch 034 | step 0820 | total = 3.6188 | box = 0.4578 | obj = 1.2991 | cls = 0.0306 | lr = 0.000083
epoch 034 | step 0840 | total = 4.2173 | box = 0.5443 | obj = 1.4607 | cls = 0.0352 | lr = 0.000083
epoch 034 | step 0860 | total = 4.4052 | box = 0.6029 | obj = 1.3548 | cls = 0.0359 | lr = 0.000083
epoch 034 | step 0880 | total = 5.1981 | box = 0.7514 | obj = 1.4043 | cls = 0.0369 | lr = 0.000083
epoch 034 | step 0900 | total = 3.8633 | box = 0.4599 | obj = 1.5214 | cls = 0.0422 | lr = 0.000083
epoch 034 | step 0920 | total = 3.8356 | box = 0.4769 | obj = 1.4173 | cls = 0.0339 | lr = 0.000083
[epoch 034 train] total = 4.1709 | box = 0.5478 | obj = 1.3934 | cls = 0.0384 | steps = 925 | global_batches = 7400 | samples = 118288 | time = 805.9s
[epoch 034 val] total = 4.4922 | box = 0.5926 | obj = 1.4900 | cls = 0.0394 | steps = 40 | global_batches = 320 | samples = 5000 | time = 24.2s
epoch 035 | step 0001 | total = 4.6492 | box = 0.6396 | obj = 1.4162 | cls = 0.0350 | lr = 0.000064
epoch 035 | step 0020 | total = 3.4625 | box = 0.4208 | obj = 1.3206 | cls = 0.0377 | lr = 0.000064
epoch 035 | step 0040 | total = 4.5023 | box = 0.5905 | obj = 1.5086 | cls = 0.0411 | lr = 0.000064
epoch 035 | step 0060 | total = 3.8942 | box = 0.5089 | obj = 1.3095 | cls = 0.0401 | lr = 0.000064
epoch 035 | step 0080 | total = 5.1669 | box = 0.7211 | obj = 1.5259 | cls = 0.0357 | lr = 0.000064
epoch 035 | step 0100 | total = 3.9135 | box = 0.4949 | obj = 1.4085 | cls = 0.0304 | lr = 0.000064
epoch 035 | step 0120 | total = 4.1435 | box = 0.5617 | obj = 1.3031 | cls = 0.0317 | lr = 0.000064
epoch 035 | step 0140 | total = 4.0589 | box = 0.5142 | obj = 1.4463 | cls = 0.0418 | lr = 0.000064
epoch 035 | step 0160 | total = 4.6579 | box = 0.6361 | obj = 1.4401 | cls = 0.0373 | lr = 0.000064
epoch 035 | step 0180 | total = 3.9401 | box = 0.5133 | obj = 1.3407 | cls = 0.0331 | lr = 0.000064
epoch 035 | step 0200 | total = 3.8847 | box = 0.5100 | obj = 1.3021 | cls = 0.0327 | lr = 0.000064
epoch 035 | step 0220 | total = 4.7120 | box = 0.6600 | obj = 1.3703 | cls = 0.0416 | lr = 0.000064
epoch 035 | step 0240 | total = 4.2529 | box = 0.5711 | obj = 1.3626 | cls = 0.0349 | lr = 0.000064
epoch 035 | step 0260 | total = 3.4654 | box = 0.4212 | obj = 1.3166 | cls = 0.0429 | lr = 0.000064
epoch 035 | step 0280 | total = 4.2134 | box = 0.5654 | obj = 1.3524 | cls = 0.0342 | lr = 0.000064
epoch 035 | step 0300 | total = 3.7434 | box = 0.4790 | obj = 1.3129 | cls = 0.0357 | lr = 0.000064
epoch 035 | step 0320 | total = 3.8894 | box = 0.4791 | obj = 1.4642 | cls = 0.0295 | lr = 0.000064
epoch 035 | step 0340 | total = 4.3103 | box = 0.5837 | obj = 1.3584 | cls = 0.0334 | lr = 0.000064
epoch 035 | step 0360 | total = 3.7331 | box = 0.4798 | obj = 1.2980 | cls = 0.0363 | lr = 0.000064
epoch 035 | step 0380 | total = 4.2281 | box = 0.5216 | obj = 1.5787 | cls = 0.0414 | lr = 0.000064
epoch 035 | step 0400 | total = 4.3074 | box = 0.5676 | obj = 1.4316 | cls = 0.0380 | lr = 0.000064
epoch 035 | step 0420 | total = 4.6914 | box = 0.6351 | obj = 1.4824 | cls = 0.0334 | lr = 0.000064
epoch 035 | step 0440 | total = 3.6220 | box = 0.4477 | obj = 1.3420 | cls = 0.0416 | lr = 0.000064
epoch 035 | step 0460 | total = 3.5947 | box = 0.4400 | obj = 1.3326 | cls = 0.0621 | lr = 0.000064
epoch 035 | step 0480 | total = 4.6176 | box = 0.6147 | obj = 1.5070 | cls = 0.0371 | lr = 0.000064
epoch 035 | step 0500 | total = 3.8954 | box = 0.5020 | obj = 1.3511 | cls = 0.0346 | lr = 0.000064
epoch 035 | step 0520 | total = 4.2039 | box = 0.5545 | obj = 1.3921 | cls = 0.0392 | lr = 0.000064
epoch 035 | step 0540 | total = 4.1695 | box = 0.5296 | obj = 1.4786 | cls = 0.0427 | lr = 0.000064
epoch 035 | step 0560 | total = 4.1897 | box = 0.5455 | obj = 1.4151 | cls = 0.0468 | lr = 0.000064
epoch 035 | step 0580 | total = 3.4836 | box = 0.4302 | obj = 1.2896 | cls = 0.0431 | lr = 0.000064
epoch 035 | step 0600 | total = 4.3192 | box = 0.5503 | obj = 1.5259 | cls = 0.0418 | lr = 0.000064
epoch 035 | step 0620 | total = 3.4634 | box = 0.4387 | obj = 1.2205 | cls = 0.0494 | lr = 0.000064
epoch 035 | step 0640 | total = 3.4647 | box = 0.4122 | obj = 1.3688 | cls = 0.0349 | lr = 0.000064
epoch 035 | step 0660 | total = 4.3966 | box = 0.5846 | obj = 1.4366 | cls = 0.0371 | lr = 0.000064
epoch 035 | step 0680 | total = 4.7874 | box = 0.6812 | obj = 1.3435 | cls = 0.0380 | lr = 0.000064
epoch 035 | step 0700 | total = 3.6733 | box = 0.4767 | obj = 1.2567 | cls = 0.0329 | lr = 0.000064
epoch 035 | step 0720 | total = 3.9418 | box = 0.5198 | obj = 1.3077 | cls = 0.0353 | lr = 0.000064
epoch 035 | step 0740 | total = 4.3689 | box = 0.5634 | obj = 1.5137 | cls = 0.0381 | lr = 0.000064
epoch 035 | step 0760 | total = 4.2275 | box = 0.5431 | obj = 1.4618 | cls = 0.0501 | lr = 0.000064
epoch 035 | step 0780 | total = 3.7151 | box = 0.4925 | obj = 1.2001 | cls = 0.0526 | lr = 0.000064
epoch 035 | step 0800 | total = 3.5554 | box = 0.4538 | obj = 1.2521 | cls = 0.0342 | lr = 0.000064
epoch 035 | step 0820 | total = 4.9520 | box = 0.6784 | obj = 1.5242 | cls = 0.0358 | lr = 0.000064
epoch 035 | step 0840 | total = 3.5521 | box = 0.4498 | obj = 1.2673 | cls = 0.0360 | lr = 0.000064
epoch 035 | step 0860 | total = 3.6075 | box = 0.4275 | obj = 1.4194 | cls = 0.0508 | lr = 0.000064
epoch 035 | step 0880 | total = 4.0306 | box = 0.5229 | obj = 1.3780 | cls = 0.0382 | lr = 0.000064
epoch 035 | step 0900 | total = 3.5799 | box = 0.4202 | obj = 1.4366 | cls = 0.0424 | lr = 0.000064
epoch 035 | step 0920 | total = 4.7420 | box = 0.6591 | obj = 1.4112 | cls = 0.0352 | lr = 0.000064
[epoch 035 train] total = 4.1541 | box = 0.5453 | obj = 1.3893 | cls = 0.0383 | steps = 925 | global_batches = 7400 | samples = 118288 | time = 804.4s
[epoch 035 val] total = 4.4844 | box = 0.5911 | obj = 1.4897 | cls = 0.0395 | steps = 40 | global_batches = 320 | samples = 5000 | time = 23.9s
epoch 036 | step 0001 | total = 5.1321 | box = 0.6954 | obj = 1.6204 | cls = 0.0348 | lr = 0.000048
epoch 036 | step 0020 | total = 3.3801 | box = 0.4069 | obj = 1.3114 | cls = 0.0344 | lr = 0.000048
epoch 036 | step 0040 | total = 4.4740 | box = 0.5753 | obj = 1.5601 | cls = 0.0373 | lr = 0.000048
epoch 036 | step 0060 | total = 4.8192 | box = 0.6394 | obj = 1.5868 | cls = 0.0354 | lr = 0.000048
epoch 036 | step 0080 | total = 4.6644 | box = 0.6436 | obj = 1.4105 | cls = 0.0360 | lr = 0.000048
epoch 036 | step 0100 | total = 4.3126 | box = 0.5753 | obj = 1.4019 | cls = 0.0342 | lr = 0.000048
epoch 036 | step 0120 | total = 5.1480 | box = 0.7303 | obj = 1.4582 | cls = 0.0384 | lr = 0.000048
epoch 036 | step 0140 | total = 4.6846 | box = 0.6408 | obj = 1.4394 | cls = 0.0414 | lr = 0.000048
epoch 036 | step 0160 | total = 4.1061 | box = 0.5204 | obj = 1.4719 | cls = 0.0320 | lr = 0.000048
epoch 036 | step 0180 | total = 3.8017 | box = 0.5149 | obj = 1.1980 | cls = 0.0291 | lr = 0.000048
epoch 036 | step 0200 | total = 4.5024 | box = 0.5987 | obj = 1.4709 | cls = 0.0381 | lr = 0.000048
epoch 036 | step 0220 | total = 4.7121 | box = 0.6454 | obj = 1.4519 | cls = 0.0330 | lr = 0.000048
epoch 036 | step 0240 | total = 3.7398 | box = 0.4786 | obj = 1.3052 | cls = 0.0415 | lr = 0.000048
epoch 036 | step 0260 | total = 5.0061 | box = 0.6813 | obj = 1.5591 | cls = 0.0405 | lr = 0.000048
epoch 036 | step 0280 | total = 3.5690 | box = 0.4440 | obj = 1.3159 | cls = 0.0333 | lr = 0.000048
epoch 036 | step 0300 | total = 3.2810 | box = 0.3977 | obj = 1.2481 | cls = 0.0442 | lr = 0.000048
epoch 036 | step 0320 | total = 3.8080 | box = 0.4672 | obj = 1.4266 | cls = 0.0455 | lr = 0.000048
epoch 036 | step 0340 | total = 4.1919 | box = 0.5323 | obj = 1.4905 | cls = 0.0398 | lr = 0.000048
epoch 036 | step 0360 | total = 4.4267 | box = 0.6027 | obj = 1.3742 | cls = 0.0388 | lr = 0.000048
epoch 036 | step 0380 | total = 4.0648 | box = 0.5382 | obj = 1.3455 | cls = 0.0284 | lr = 0.000048
epoch 036 | step 0400 | total = 3.9547 | box = 0.4855 | obj = 1.4912 | cls = 0.0362 | lr = 0.000048
epoch 036 | step 0420 | total = 3.8566 | box = 0.5139 | obj = 1.2633 | cls = 0.0239 | lr = 0.000048
epoch 036 | step 0440 | total = 4.2958 | box = 0.5872 | obj = 1.3280 | cls = 0.0320 | lr = 0.000048
epoch 036 | step 0460 | total = 4.2157 | box = 0.5341 | obj = 1.5047 | cls = 0.0403 | lr = 0.000048
epoch 036 | step 0480 | total = 3.4984 | box = 0.4470 | obj = 1.2299 | cls = 0.0337 | lr = 0.000048
epoch 036 | step 0500 | total = 4.1088 | box = 0.5370 | obj = 1.3829 | cls = 0.0409 | lr = 0.000048
epoch 036 | step 0520 | total = 3.6828 | box = 0.4387 | obj = 1.4288 | cls = 0.0606 | lr = 0.000048
epoch 036 | step 0540 | total = 4.0196 | box = 0.5270 | obj = 1.3525 | cls = 0.0320 | lr = 0.000048
epoch 036 | step 0560 | total = 4.4505 | box = 0.5824 | obj = 1.5042 | cls = 0.0343 | lr = 0.000048
epoch 036 | step 0580 | total = 4.3814 | box = 0.5782 | obj = 1.4546 | cls = 0.0357 | lr = 0.000048
epoch 036 | step 0600 | total = 4.7259 | box = 0.6370 | obj = 1.5054 | cls = 0.0353 | lr = 0.000048
epoch 036 | step 0620 | total = 4.5505 | box = 0.6059 | obj = 1.4844 | cls = 0.0364 | lr = 0.000048
epoch 036 | step 0640 | total = 4.6148 | box = 0.6334 | obj = 1.4127 | cls = 0.0349 | lr = 0.000048
epoch 036 | step 0660 | total = 4.2948 | box = 0.5773 | obj = 1.3688 | cls = 0.0398 | lr = 0.000048
epoch 036 | step 0680 | total = 3.9196 | box = 0.5131 | obj = 1.3212 | cls = 0.0328 | lr = 0.000048
epoch 036 | step 0700 | total = 3.7878 | box = 0.4917 | obj = 1.2990 | cls = 0.0303 | lr = 0.000048
epoch 036 | step 0720 | total = 4.2445 | box = 0.5319 | obj = 1.5406 | cls = 0.0445 | lr = 0.000048
epoch 036 | step 0740 | total = 3.9883 | box = 0.4807 | obj = 1.5405 | cls = 0.0445 | lr = 0.000048
epoch 036 | step 0760 | total = 3.9533 | box = 0.5373 | obj = 1.2320 | cls = 0.0346 | lr = 0.000048
epoch 036 | step 0780 | total = 3.5436 | box = 0.4400 | obj = 1.3084 | cls = 0.0352 | lr = 0.000048
epoch 036 | step 0800 | total = 4.1855 | box = 0.5662 | obj = 1.3182 | cls = 0.0360 | lr = 0.000048
epoch 036 | step 0820 | total = 3.9938 | box = 0.5489 | obj = 1.2132 | cls = 0.0360 | lr = 0.000048
epoch 036 | step 0840 | total = 4.6368 | box = 0.6313 | obj = 1.4414 | cls = 0.0388 | lr = 0.000048
epoch 036 | step 0860 | total = 3.9187 | box = 0.5121 | obj = 1.3086 | cls = 0.0494 | lr = 0.000048
epoch 036 | step 0880 | total = 3.8096 | box = 0.5090 | obj = 1.2242 | cls = 0.0405 | lr = 0.000048
epoch 036 | step 0900 | total = 4.0892 | box = 0.5120 | obj = 1.4826 | cls = 0.0465 | lr = 0.000048
epoch 036 | step 0920 | total = 4.7447 | box = 0.6586 | obj = 1.4188 | cls = 0.0332 | lr = 0.000048
[epoch 036 train] total = 4.1380 | box = 0.5431 | obj = 1.3842 | cls = 0.0382 | steps = 925 | global_batches = 7400 | samples = 118288 | time = 806.2s
[epoch 036 val] total = 4.4776 | box = 0.5903 | obj = 1.4870 | cls = 0.0393 | steps = 40 | global_batches = 320 | samples = 5000 | time = 24.1s
epoch 037 | step 0001 | total = 4.1135 | box = 0.5636 | obj = 1.2634 | cls = 0.0321 | lr = 0.000034
epoch 037 | step 0020 | total = 4.7920 | box = 0.6484 | obj = 1.5071 | cls = 0.0431 | lr = 0.000034
epoch 037 | step 0040 | total = 4.0092 | box = 0.4830 | obj = 1.5528 | cls = 0.0412 | lr = 0.000034
epoch 037 | step 0060 | total = 4.0456 | box = 0.5533 | obj = 1.2297 | cls = 0.0494 | lr = 0.000034
epoch 037 | step 0080 | total = 4.0155 | box = 0.5282 | obj = 1.3388 | cls = 0.0359 | lr = 0.000034
epoch 037 | step 0100 | total = 4.0625 | box = 0.5475 | obj = 1.2925 | cls = 0.0322 | lr = 0.000034
epoch 037 | step 0120 | total = 4.8991 | box = 0.6604 | obj = 1.5643 | cls = 0.0328 | lr = 0.000034
epoch 037 | step 0140 | total = 3.6755 | box = 0.4732 | obj = 1.2706 | cls = 0.0390 | lr = 0.000034
epoch 037 | step 0160 | total = 3.2199 | box = 0.3757 | obj = 1.2986 | cls = 0.0430 | lr = 0.000034
epoch 037 | step 0180 | total = 4.2224 | box = 0.5516 | obj = 1.4283 | cls = 0.0362 | lr = 0.000034
epoch 037 | step 0200 | total = 3.0577 | box = 0.3474 | obj = 1.2706 | cls = 0.0501 | lr = 0.000034
epoch 037 | step 0220 | total = 4.4968 | box = 0.6319 | obj = 1.3009 | cls = 0.0363 | lr = 0.000034
epoch 037 | step 0240 | total = 3.7481 | box = 0.4769 | obj = 1.3267 | cls = 0.0367 | lr = 0.000034
epoch 037 | step 0260 | total = 4.4002 | box = 0.5719 | obj = 1.4974 | cls = 0.0435 | lr = 0.000034
epoch 037 | step 0280 | total = 4.0142 | box = 0.5472 | obj = 1.2496 | cls = 0.0285 | lr = 0.000034
epoch 037 | step 0300 | total = 4.4649 | box = 0.5949 | obj = 1.4603 | cls = 0.0299 | lr = 0.000034
epoch 037 | step 0320 | total = 4.0581 | box = 0.5522 | obj = 1.2558 | cls = 0.0411 | lr = 0.000034
epoch 037 | step 0340 | total = 4.4554 | box = 0.6053 | obj = 1.3976 | cls = 0.0311 | lr = 0.000034
epoch 037 | step 0360 | total = 3.9962 | box = 0.4852 | obj = 1.5285 | cls = 0.0416 | lr = 0.000034
epoch 037 | step 0380 | total = 3.2289 | box = 0.3902 | obj = 1.2423 | cls = 0.0354 | lr = 0.000034
epoch 037 | step 0400 | total = 4.6615 | box = 0.6203 | obj = 1.5265 | cls = 0.0336 | lr = 0.000034
epoch 037 | step 0420 | total = 4.0048 | box = 0.5066 | obj = 1.4310 | cls = 0.0407 | lr = 0.000034
epoch 037 | step 0440 | total = 4.4836 | box = 0.6027 | obj = 1.4337 | cls = 0.0364 | lr = 0.000034
epoch 037 | step 0460 | total = 3.5492 | box = 0.4467 | obj = 1.2750 | cls = 0.0405 | lr = 0.000034
epoch 037 | step 0480 | total = 5.0429 | box = 0.7199 | obj = 1.4130 | cls = 0.0304 | lr = 0.000034
epoch 037 | step 0500 | total = 3.3776 | box = 0.4525 | obj = 1.0835 | cls = 0.0314 | lr = 0.000034
epoch 037 | step 0520 | total = 4.3615 | box = 0.5510 | obj = 1.5580 | cls = 0.0482 | lr = 0.000034
epoch 037 | step 0540 | total = 4.0031 | box = 0.5327 | obj = 1.3042 | cls = 0.0357 | lr = 0.000034
epoch 037 | step 0560 | total = 3.9679 | box = 0.5189 | obj = 1.3416 | cls = 0.0320 | lr = 0.000034
epoch 037 | step 0580 | total = 4.3140 | box = 0.5791 | obj = 1.3902 | cls = 0.0285 | lr = 0.000034
epoch 037 | step 0600 | total = 4.4265 | box = 0.5979 | obj = 1.4071 | cls = 0.0299 | lr = 0.000034
epoch 037 | step 0620 | total = 3.4199 | box = 0.4184 | obj = 1.2864 | cls = 0.0415 | lr = 0.000034
epoch 037 | step 0640 | total = 3.7566 | box = 0.4670 | obj = 1.3801 | cls = 0.0417 | lr = 0.000034
epoch 037 | step 0660 | total = 4.1948 | box = 0.5667 | obj = 1.3330 | cls = 0.0285 | lr = 0.000034
epoch 037 | step 0680 | total = 4.2763 | box = 0.5724 | obj = 1.3837 | cls = 0.0308 | lr = 0.000034
epoch 037 | step 0700 | total = 4.9902 | box = 0.7035 | obj = 1.4304 | cls = 0.0424 | lr = 0.000034
epoch 037 | step 0720 | total = 3.9575 | box = 0.5166 | obj = 1.3369 | cls = 0.0378 | lr = 0.000034
epoch 037 | step 0740 | total = 3.3490 | box = 0.4068 | obj = 1.2672 | cls = 0.0477 | lr = 0.000034
epoch 037 | step 0760 | total = 3.8388 | box = 0.5107 | obj = 1.2477 | cls = 0.0377 | lr = 0.000034
epoch 037 | step 0780 | total = 4.3771 | box = 0.5730 | obj = 1.4774 | cls = 0.0349 | lr = 0.000034
epoch 037 | step 0800 | total = 3.9818 | box = 0.5224 | obj = 1.3332 | cls = 0.0365 | lr = 0.000034
epoch 037 | step 0820 | total = 3.5565 | box = 0.4392 | obj = 1.3241 | cls = 0.0364 | lr = 0.000034
epoch 037 | step 0840 | total = 4.3390 | box = 0.5799 | obj = 1.4094 | cls = 0.0299 | lr = 0.000034
epoch 037 | step 0860 | total = 3.4624 | box = 0.4151 | obj = 1.3528 | cls = 0.0342 | lr = 0.000034
epoch 037 | step 0880 | total = 4.2021 | box = 0.5704 | obj = 1.3062 | cls = 0.0439 | lr = 0.000034
epoch 037 | step 0900 | total = 3.5414 | box = 0.4459 | obj = 1.2745 | cls = 0.0372 | lr = 0.000034
epoch 037 | step 0920 | total = 3.5934 | box = 0.4584 | obj = 1.2627 | cls = 0.0384 | lr = 0.000034
[epoch 037 train] total = 4.1264 | box = 0.5412 | obj = 1.3822 | cls = 0.0382 | steps = 925 | global_batches = 7400 | samples = 118288 | time = 806.2s
[epoch 037 val] total = 4.4691 | box = 0.5894 | obj = 1.4829 | cls = 0.0392 | steps = 40 | global_batches = 320 | samples = 5000 | time = 24.1s
epoch 038 | step 0001 | total = 4.0498 | box = 0.5414 | obj = 1.3024 | cls = 0.0404 | lr = 0.000024
epoch 038 | step 0020 | total = 4.3873 | box = 0.5686 | obj = 1.5025 | cls = 0.0418 | lr = 0.000024
epoch 038 | step 0040 | total = 4.5509 | box = 0.6069 | obj = 1.4757 | cls = 0.0407 | lr = 0.000024
epoch 038 | step 0060 | total = 4.3505 | box = 0.5827 | obj = 1.3979 | cls = 0.0393 | lr = 0.000024
epoch 038 | step 0080 | total = 3.9143 | box = 0.4785 | obj = 1.4740 | cls = 0.0477 | lr = 0.000024
epoch 038 | step 0100 | total = 3.7404 | box = 0.4922 | obj = 1.2505 | cls = 0.0291 | lr = 0.000024
epoch 038 | step 0120 | total = 4.4455 | box = 0.5915 | obj = 1.4586 | cls = 0.0295 | lr = 0.000024
epoch 038 | step 0140 | total = 3.5414 | box = 0.4370 | obj = 1.3203 | cls = 0.0360 | lr = 0.000024
epoch 038 | step 0160 | total = 4.4400 | box = 0.5774 | obj = 1.5147 | cls = 0.0382 | lr = 0.000024
epoch 038 | step 0180 | total = 5.0554 | box = 0.7410 | obj = 1.3208 | cls = 0.0297 | lr = 0.000024
epoch 038 | step 0200 | total = 4.7210 | box = 0.6476 | obj = 1.4460 | cls = 0.0368 | lr = 0.000024
epoch 038 | step 0220 | total = 4.3352 | box = 0.5882 | obj = 1.3627 | cls = 0.0313 | lr = 0.000024
epoch 038 | step 0240 | total = 4.4572 | box = 0.5842 | obj = 1.4977 | cls = 0.0386 | lr = 0.000024
epoch 038 | step 0260 | total = 4.4389 | box = 0.6258 | obj = 1.2790 | cls = 0.0309 | lr = 0.000024
epoch 038 | step 0280 | total = 4.0472 | box = 0.5238 | obj = 1.3904 | cls = 0.0381 | lr = 0.000024
epoch 038 | step 0300 | total = 3.7968 | box = 0.5006 | obj = 1.2604 | cls = 0.0335 | lr = 0.000024
epoch 038 | step 0320 | total = 3.9799 | box = 0.5101 | obj = 1.3855 | cls = 0.0438 | lr = 0.000024
epoch 038 | step 0340 | total = 3.8591 | box = 0.4855 | obj = 1.3867 | cls = 0.0450 | lr = 0.000024
epoch 038 | step 0360 | total = 4.6879 | box = 0.6442 | obj = 1.4389 | cls = 0.0278 | lr = 0.000024
epoch 038 | step 0380 | total = 4.3516 | box = 0.5628 | obj = 1.5011 | cls = 0.0362 | lr = 0.000024
epoch 038 | step 0400 | total = 3.9271 | box = 0.5189 | obj = 1.2983 | cls = 0.0342 | lr = 0.000024
epoch 038 | step 0420 | total = 3.5856 | box = 0.4097 | obj = 1.4861 | cls = 0.0512 | lr = 0.000024
epoch 038 | step 0440 | total = 4.3066 | box = 0.5794 | obj = 1.3719 | cls = 0.0376 | lr = 0.000024
epoch 038 | step 0460 | total = 4.7198 | box = 0.6569 | obj = 1.3968 | cls = 0.0384 | lr = 0.000024
epoch 038 | step 0480 | total = 4.6477 | box = 0.6458 | obj = 1.3842 | cls = 0.0347 | lr = 0.000024
epoch 038 | step 0500 | total = 4.0128 | box = 0.5068 | obj = 1.4442 | cls = 0.0346 | lr = 0.000024
epoch 038 | step 0520 | total = 4.3947 | box = 0.6032 | obj = 1.3415 | cls = 0.0372 | lr = 0.000024
epoch 038 | step 0540 | total = 4.2043 | box = 0.5525 | obj = 1.4035 | cls = 0.0382 | lr = 0.000024
epoch 038 | step 0560 | total = 4.8615 | box = 0.6722 | obj = 1.4639 | cls = 0.0366 | lr = 0.000024
epoch 038 | step 0580 | total = 4.4895 | box = 0.6095 | obj = 1.4010 | cls = 0.0411 | lr = 0.000024
epoch 038 | step 0600 | total = 3.6325 | box = 0.4574 | obj = 1.3111 | cls = 0.0344 | lr = 0.000024
epoch 038 | step 0620 | total = 4.4452 | box = 0.5936 | obj = 1.4342 | cls = 0.0428 | lr = 0.000024
epoch 038 | step 0640 | total = 4.1874 | box = 0.5260 | obj = 1.5205 | cls = 0.0369 | lr = 0.000024
epoch 038 | step 0660 | total = 3.2489 | box = 0.3970 | obj = 1.2280 | cls = 0.0361 | lr = 0.000024
epoch 038 | step 0680 | total = 2.9132 | box = 0.3377 | obj = 1.1872 | cls = 0.0376 | lr = 0.000024
epoch 038 | step 0700 | total = 4.3663 | box = 0.6059 | obj = 1.3066 | cls = 0.0303 | lr = 0.000024
epoch 038 | step 0720 | total = 3.8693 | box = 0.4970 | obj = 1.3475 | cls = 0.0368 | lr = 0.000024
epoch 038 | step 0740 | total = 3.7940 | box = 0.4591 | obj = 1.4614 | cls = 0.0371 | lr = 0.000024
epoch 038 | step 0760 | total = 3.6355 | box = 0.4560 | obj = 1.3221 | cls = 0.0332 | lr = 0.000024
epoch 038 | step 0780 | total = 3.9017 | box = 0.5254 | obj = 1.2445 | cls = 0.0302 | lr = 0.000024
epoch 038 | step 0800 | total = 3.8827 | box = 0.4952 | obj = 1.3681 | cls = 0.0387 | lr = 0.000024
epoch 038 | step 0820 | total = 4.6989 | box = 0.6373 | obj = 1.4737 | cls = 0.0386 | lr = 0.000024
epoch 038 | step 0840 | total = 4.6980 | box = 0.6455 | obj = 1.4373 | cls = 0.0330 | lr = 0.000024
epoch 038 | step 0860 | total = 3.9965 | box = 0.5282 | obj = 1.3272 | cls = 0.0284 | lr = 0.000024
epoch 038 | step 0880 | total = 3.0820 | box = 0.3671 | obj = 1.2018 | cls = 0.0446 | lr = 0.000024
epoch 038 | step 0900 | total = 4.3857 | box = 0.5882 | obj = 1.4105 | cls = 0.0340 | lr = 0.000024
epoch 038 | step 0920 | total = 4.3092 | box = 0.5532 | obj = 1.4943 | cls = 0.0491 | lr = 0.000024
[epoch 038 train] total = 4.1202 | box = 0.5406 | obj = 1.3789 | cls = 0.0381 | steps = 925 | global_batches = 7400 | samples = 118288 | time = 805.4s
[epoch 038 val] total = 4.4724 | box = 0.5894 | obj = 1.4862 | cls = 0.0391 | steps = 40 | global_batches = 320 | samples = 5000 | time = 24.2s
epoch 039 | step 0001 | total = 3.9270 | box = 0.5166 | obj = 1.3085 | cls = 0.0355 | lr = 0.000016
epoch 039 | step 0020 | total = 5.0131 | box = 0.7217 | obj = 1.3727 | cls = 0.0321 | lr = 0.000016
epoch 039 | step 0040 | total = 3.7797 | box = 0.4601 | obj = 1.4391 | cls = 0.0401 | lr = 0.000016
epoch 039 | step 0060 | total = 4.3263 | box = 0.5780 | obj = 1.3981 | cls = 0.0382 | lr = 0.000016
epoch 039 | step 0080 | total = 4.4375 | box = 0.5939 | obj = 1.4306 | cls = 0.0376 | lr = 0.000016
epoch 039 | step 0100 | total = 2.9405 | box = 0.3531 | obj = 1.1350 | cls = 0.0400 | lr = 0.000016
epoch 039 | step 0120 | total = 3.7683 | box = 0.4865 | obj = 1.3005 | cls = 0.0351 | lr = 0.000016
epoch 039 | step 0140 | total = 3.9604 | box = 0.4907 | obj = 1.4717 | cls = 0.0354 | lr = 0.000016
epoch 039 | step 0160 | total = 4.3695 | box = 0.5854 | obj = 1.4077 | cls = 0.0346 | lr = 0.000016
epoch 039 | step 0180 | total = 4.6008 | box = 0.6152 | obj = 1.4911 | cls = 0.0339 | lr = 0.000016
epoch 039 | step 0200 | total = 4.3317 | box = 0.5722 | obj = 1.4302 | cls = 0.0406 | lr = 0.000016
epoch 039 | step 0220 | total = 3.7532 | box = 0.4568 | obj = 1.4170 | cls = 0.0522 | lr = 0.000016
epoch 039 | step 0240 | total = 3.9617 | box = 0.5227 | obj = 1.3098 | cls = 0.0383 | lr = 0.000016
epoch 039 | step 0260 | total = 4.2527 | box = 0.5555 | obj = 1.4378 | cls = 0.0374 | lr = 0.000016
epoch 039 | step 0280 | total = 3.9479 | box = 0.5172 | obj = 1.3256 | cls = 0.0363 | lr = 0.000016
epoch 039 | step 0300 | total = 3.6603 | box = 0.4731 | obj = 1.2574 | cls = 0.0372 | lr = 0.000016
epoch 039 | step 0320 | total = 4.0907 | box = 0.5396 | obj = 1.3499 | cls = 0.0429 | lr = 0.000016
epoch 039 | step 0340 | total = 3.8822 | box = 0.5114 | obj = 1.2873 | cls = 0.0378 | lr = 0.000016
epoch 039 | step 0360 | total = 3.7347 | box = 0.4932 | obj = 1.2422 | cls = 0.0264 | lr = 0.000016
epoch 039 | step 0380 | total = 4.4402 | box = 0.6205 | obj = 1.3031 | cls = 0.0347 | lr = 0.000016
epoch 039 | step 0400 | total = 3.2910 | box = 0.3857 | obj = 1.3183 | cls = 0.0442 | lr = 0.000016
epoch 039 | step 0420 | total = 4.7577 | box = 0.6586 | obj = 1.4281 | cls = 0.0368 | lr = 0.000016
epoch 039 | step 0440 | total = 3.6557 | box = 0.4315 | obj = 1.4528 | cls = 0.0456 | lr = 0.000016
epoch 039 | step 0460 | total = 5.2514 | box = 0.7599 | obj = 1.4118 | cls = 0.0401 | lr = 0.000016
epoch 039 | step 0480 | total = 4.0553 | box = 0.5057 | obj = 1.4830 | cls = 0.0437 | lr = 0.000016
epoch 039 | step 0500 | total = 4.9551 | box = 0.6667 | obj = 1.5820 | cls = 0.0398 | lr = 0.000016
epoch 039 | step 0520 | total = 4.2442 | box = 0.5602 | obj = 1.4047 | cls = 0.0383 | lr = 0.000016
epoch 039 | step 0540 | total = 4.3208 | box = 0.5617 | obj = 1.4805 | cls = 0.0318 | lr = 0.000016
epoch 039 | step 0560 | total = 3.3734 | box = 0.3943 | obj = 1.3622 | cls = 0.0395 | lr = 0.000016
epoch 039 | step 0580 | total = 3.8113 | box = 0.4737 | obj = 1.4034 | cls = 0.0393 | lr = 0.000016
epoch 039 | step 0600 | total = 3.2828 | box = 0.4086 | obj = 1.2024 | cls = 0.0371 | lr = 0.000016
epoch 039 | step 0620 | total = 4.9805 | box = 0.7082 | obj = 1.4055 | cls = 0.0339 | lr = 0.000016
epoch 039 | step 0640 | total = 3.8781 | box = 0.4919 | obj = 1.3802 | cls = 0.0383 | lr = 0.000016
epoch 039 | step 0660 | total = 3.8404 | box = 0.5052 | obj = 1.2757 | cls = 0.0387 | lr = 0.000016
epoch 039 | step 0680 | total = 4.7024 | box = 0.6131 | obj = 1.5856 | cls = 0.0515 | lr = 0.000016
epoch 039 | step 0700 | total = 4.3672 | box = 0.6044 | obj = 1.3063 | cls = 0.0387 | lr = 0.000016
epoch 039 | step 0720 | total = 4.4521 | box = 0.6011 | obj = 1.4091 | cls = 0.0375 | lr = 0.000016
epoch 039 | step 0740 | total = 4.0090 | box = 0.5184 | obj = 1.3774 | cls = 0.0397 | lr = 0.000016
epoch 039 | step 0760 | total = 3.9971 | box = 0.5184 | obj = 1.3672 | cls = 0.0381 | lr = 0.000016
epoch 039 | step 0780 | total = 4.3515 | box = 0.5902 | obj = 1.3679 | cls = 0.0325 | lr = 0.000016
epoch 039 | step 0800 | total = 4.1681 | box = 0.5468 | obj = 1.3980 | cls = 0.0359 | lr = 0.000016
epoch 039 | step 0820 | total = 3.4785 | box = 0.4520 | obj = 1.1825 | cls = 0.0359 | lr = 0.000016
epoch 039 | step 0840 | total = 3.6802 | box = 0.4684 | obj = 1.3036 | cls = 0.0347 | lr = 0.000016
epoch 039 | step 0860 | total = 4.7396 | box = 0.6798 | obj = 1.3060 | cls = 0.0348 | lr = 0.000016
epoch 039 | step 0880 | total = 3.8026 | box = 0.4757 | obj = 1.3807 | cls = 0.0433 | lr = 0.000016
epoch 039 | step 0900 | total = 4.9878 | box = 0.6855 | obj = 1.5250 | cls = 0.0351 | lr = 0.000016
epoch 039 | step 0920 | total = 4.1546 | box = 0.5425 | obj = 1.4019 | cls = 0.0404 | lr = 0.000016
[epoch 039 train] total = 4.1174 | box = 0.5402 | obj = 1.3781 | cls = 0.0381 | steps = 925 | global_batches = 7400 | samples = 118288 | time = 805.1s
[epoch 039 val] total = 4.4656 | box = 0.5893 | obj = 1.4797 | cls = 0.0392 | steps = 40 | global_batches = 320 | samples = 5000 | time = 24.3s
epoch 040 | step 0001 | total = 4.3537 | box = 0.5876 | obj = 1.3765 | cls = 0.0390 | lr = 0.000012
epoch 040 | step 0020 | total = 4.4190 | box = 0.6102 | obj = 1.3380 | cls = 0.0298 | lr = 0.000012
epoch 040 | step 0040 | total = 4.4526 | box = 0.5871 | obj = 1.4762 | cls = 0.0411 | lr = 0.000012
epoch 040 | step 0060 | total = 4.4917 | box = 0.6065 | obj = 1.4178 | cls = 0.0415 | lr = 0.000012
epoch 040 | step 0080 | total = 4.0500 | box = 0.5271 | obj = 1.3733 | cls = 0.0413 | lr = 0.000012
epoch 040 | step 0100 | total = 3.6756 | box = 0.4497 | obj = 1.3892 | cls = 0.0381 | lr = 0.000012
epoch 040 | step 0120 | total = 3.8590 | box = 0.5122 | obj = 1.2628 | cls = 0.0353 | lr = 0.000012
epoch 040 | step 0140 | total = 4.0519 | box = 0.5220 | obj = 1.4048 | cls = 0.0369 | lr = 0.000012
epoch 040 | step 0160 | total = 3.8826 | box = 0.4857 | obj = 1.4067 | cls = 0.0476 | lr = 0.000012
epoch 040 | step 0180 | total = 4.2611 | box = 0.5874 | obj = 1.2958 | cls = 0.0285 | lr = 0.000012
epoch 040 | step 0200 | total = 4.0155 | box = 0.5122 | obj = 1.4162 | cls = 0.0384 | lr = 0.000012
epoch 040 | step 0220 | total = 3.8505 | box = 0.5022 | obj = 1.2970 | cls = 0.0428 | lr = 0.000012
epoch 040 | step 0240 | total = 4.5476 | box = 0.5923 | obj = 1.5416 | cls = 0.0446 | lr = 0.000012
epoch 040 | step 0260 | total = 4.1596 | box = 0.5536 | obj = 1.3553 | cls = 0.0364 | lr = 0.000012
epoch 040 | step 0280 | total = 3.8633 | box = 0.4973 | obj = 1.3410 | cls = 0.0360 | lr = 0.000012
epoch 040 | step 0300 | total = 3.7778 | box = 0.4586 | obj = 1.4410 | cls = 0.0438 | lr = 0.000012
epoch 040 | step 0320 | total = 4.2575 | box = 0.5559 | obj = 1.4242 | cls = 0.0539 | lr = 0.000012
epoch 040 | step 0340 | total = 3.6858 | box = 0.4623 | obj = 1.3339 | cls = 0.0406 | lr = 0.000012
epoch 040 | step 0360 | total = 4.4749 | box = 0.6046 | obj = 1.4077 | cls = 0.0441 | lr = 0.000012
epoch 040 | step 0380 | total = 4.6445 | box = 0.6308 | obj = 1.4497 | cls = 0.0405 | lr = 0.000012
epoch 040 | step 0400 | total = 3.9930 | box = 0.5035 | obj = 1.4395 | cls = 0.0358 | lr = 0.000012
epoch 040 | step 0420 | total = 4.1641 | box = 0.5632 | obj = 1.3182 | cls = 0.0300 | lr = 0.000012
epoch 040 | step 0440 | total = 4.0906 | box = 0.5587 | obj = 1.2589 | cls = 0.0381 | lr = 0.000012
epoch 040 | step 0460 | total = 3.7908 | box = 0.4847 | obj = 1.3331 | cls = 0.0342 | lr = 0.000012
epoch 040 | step 0480 | total = 4.3615 | box = 0.5696 | obj = 1.4790 | cls = 0.0347 | lr = 0.000012
epoch 040 | step 0500 | total = 3.6570 | box = 0.4678 | obj = 1.2795 | cls = 0.0386 | lr = 0.000012
epoch 040 | step 0520 | total = 3.7837 | box = 0.5021 | obj = 1.2315 | cls = 0.0417 | lr = 0.000012
epoch 040 | step 0540 | total = 3.7682 | box = 0.4845 | obj = 1.3065 | cls = 0.0390 | lr = 0.000012
epoch 040 | step 0560 | total = 4.7249 | box = 0.6474 | obj = 1.4560 | cls = 0.0320 | lr = 0.000012
epoch 040 | step 0580 | total = 4.1997 | box = 0.5405 | obj = 1.4498 | cls = 0.0474 | lr = 0.000012
epoch 040 | step 0600 | total = 4.5941 | box = 0.6159 | obj = 1.4752 | cls = 0.0396 | lr = 0.000012
epoch 040 | step 0620 | total = 4.0716 | box = 0.5397 | obj = 1.3395 | cls = 0.0337 | lr = 0.000012
epoch 040 | step 0640 | total = 3.5579 | box = 0.4381 | obj = 1.3341 | cls = 0.0334 | lr = 0.000012
epoch 040 | step 0660 | total = 4.3393 | box = 0.5762 | obj = 1.4242 | cls = 0.0339 | lr = 0.000012
epoch 040 | step 0680 | total = 4.4445 | box = 0.6065 | obj = 1.3775 | cls = 0.0347 | lr = 0.000012
epoch 040 | step 0700 | total = 4.7745 | box = 0.6461 | obj = 1.5023 | cls = 0.0415 | lr = 0.000012
epoch 040 | step 0720 | total = 3.7854 | box = 0.4534 | obj = 1.4782 | cls = 0.0405 | lr = 0.000012
epoch 040 | step 0740 | total = 3.7775 | box = 0.4989 | obj = 1.2439 | cls = 0.0393 | lr = 0.000012
epoch 040 | step 0760 | total = 3.4686 | box = 0.4301 | obj = 1.2832 | cls = 0.0348 | lr = 0.000012
epoch 040 | step 0780 | total = 4.1199 | box = 0.5235 | obj = 1.4650 | cls = 0.0372 | lr = 0.000012
epoch 040 | step 0800 | total = 3.8279 | box = 0.4940 | obj = 1.3126 | cls = 0.0455 | lr = 0.000012
epoch 040 | step 0820 | total = 3.8083 | box = 0.4899 | obj = 1.3210 | cls = 0.0380 | lr = 0.000012
epoch 040 | step 0840 | total = 4.5470 | box = 0.5759 | obj = 1.6301 | cls = 0.0373 | lr = 0.000012
epoch 040 | step 0860 | total = 4.2472 | box = 0.5495 | obj = 1.4602 | cls = 0.0394 | lr = 0.000012
epoch 040 | step 0880 | total = 5.0278 | box = 0.7000 | obj = 1.4939 | cls = 0.0340 | lr = 0.000012
epoch 040 | step 0900 | total = 4.2393 | box = 0.5535 | obj = 1.4379 | cls = 0.0338 | lr = 0.000012
epoch 040 | step 0920 | total = 3.7230 | box = 0.4699 | obj = 1.3391 | cls = 0.0342 | lr = 0.000012
[epoch 040 train] total = 4.1088 | box = 0.5389 | obj = 1.3764 | cls = 0.0381 | steps = 925 | global_batches = 7400 | samples = 118288 | time = 805.7s
[epoch 040 val] total = 4.4847 | box = 0.5900 | obj = 1.4954 | cls = 0.0393 | steps = 40 | global_batches = 320 | samples = 5000 | time = 24.3s
training status: completed
result summary: logs/records/dual_scale_three_box_coco_only_noobj1_416_basic_aug_40_ddp_20260508_235724/result.txt
training_exit=0
postrun_run_id=dual_scale_three_box_coco_only_noobj1_416_basic_aug_40_ddp_20260508_235724
best_checkpoint=outputs/dual_scale_three_box_coco_only_noobj1_416_basic_aug_40_ddp_20260508_235724/best.pth
stage=coco_eval_full_val2017
creating index...
index created!
Loading and preparing results...
DONE (t=0.69s)
creating index...
index created!
Running per image evaluation...
Evaluate annotation type *bbox*
DONE (t=20.91s).
Accumulating evaluation results...
DONE (t=4.47s).
 Average Precision  (AP) @[ IoU=0.50:0.95 | area=   all | maxDets=100 ] = 0.180
 Average Precision  (AP) @[ IoU=0.50      | area=   all | maxDets=100 ] = 0.293
 Average Precision  (AP) @[ IoU=0.75      | area=   all | maxDets=100 ] = 0.188
 Average Precision  (AP) @[ IoU=0.50:0.95 | area= small | maxDets=100 ] = 0.079
 Average Precision  (AP) @[ IoU=0.50:0.95 | area=medium | maxDets=100 ] = 0.190
 Average Precision  (AP) @[ IoU=0.50:0.95 | area= large | maxDets=100 ] = 0.248
 Average Recall     (AR) @[ IoU=0.50:0.95 | area=   all | maxDets=  1 ] = 0.213
 Average Recall     (AR) @[ IoU=0.50:0.95 | area=   all | maxDets= 10 ] = 0.327
 Average Recall     (AR) @[ IoU=0.50:0.95 | area=   all | maxDets=100 ] = 0.342
 Average Recall     (AR) @[ IoU=0.50:0.95 | area= small | maxDets=100 ] = 0.133
 Average Recall     (AR) @[ IoU=0.50:0.95 | area=medium | maxDets=100 ] = 0.364
 Average Recall     (AR) @[ IoU=0.50:0.95 | area= large | maxDets=100 ] = 0.479
{
  "anchors": {
    "p4": [
      [
        0.04,
        0.055
      ],
      [
        0.075,
        0.11
      ],
      [
        0.13,
        0.18
      ]
    ],
    "p5": [
      [
        0.18,
        0.24
      ],
      [
        0.32,
        0.42
      ],
      [
        0.52,
        0.62
      ]
    ]
  },
  "batch_size": 1.0,
  "box_parameterization": "yolov5",
  "checkpoint_path": "/home/lidz/YOLO/yolo_final/outputs/dual_scale_three_box_coco_only_noobj1_416_basic_aug_40_ddp_20260508_235724/best.pth",
  "coco_ap": 0.17984546811952906,
  "coco_ap50": 0.29283194334969126,
  "coco_ap75": 0.18824259793158354,
  "coco_ap_large": 0.24801250595907853,
  "coco_ap_medium": 0.18961827166757797,
  "coco_ap_small": 0.0790659164223562,
  "coco_ar1": 0.2130779103055241,
  "coco_ar10": 0.32651333451468106,
  "coco_ar100": 0.34151070749808754,
  "coco_ar_large": 0.4788045555762971,
  "coco_ar_medium": 0.36404517426889627,
  "coco_ar_small": 0.13349707248292264,
  "config_path": "/home/lidz/YOLO/yolo_final/configs/dual_scale_three_box_coco_only_noobj1_416_basic_aug_40.toml",
  "conv2d_flops": 78381475328.0,
  "device": "cuda",
  "duration_seconds": 0.3505406561307609,
  "images_per_second": 285.2736144896624,
  "linear_flops": 0.0,
  "manifest_path": "/home/lidz/YOLO/DataSet/Unified/manifests/coco2017_val.jsonl",
  "measure_iters": 100.0,
  "milliseconds_per_batch": 3.505406561307609,
  "model_name": "deep_residual_dual_scale_three_box",
  "num_boxes": 3,
  "num_predictions": 236571.0,
  "num_samples": 5000.0,
  "output_shape": {
    "p4": [
      1,
      26,
      26,
      255
    ],
    "p5": [
      1,
      13,
      13,
      255
    ]
  },
  "params_total": 36531294,
  "params_trainable": 36531294,
  "score_alpha": 2.0,
  "score_beta": 1.0,
  "total_flops": 78381475328.0,
  "total_gflops": 78.381475328,
  "warmup_iters": 20.0
}
coco_eval_exit=0
stage=sweep_500
sweep 1/96: alpha=1.5, beta=1.0, threshold=0.03, top_k=20, nms=0.4
creating index...
index created!
Loading and preparing results...
DONE (t=0.01s)
creating index...
index created!
Running per image evaluation...
Evaluate annotation type *bbox*
DONE (t=1.13s).
Accumulating evaluation results...
DONE (t=0.46s).
 Average Precision  (AP) @[ IoU=0.50:0.95 | area=   all | maxDets=100 ] = 0.202
 Average Precision  (AP) @[ IoU=0.50      | area=   all | maxDets=100 ] = 0.311
 Average Precision  (AP) @[ IoU=0.75      | area=   all | maxDets=100 ] = 0.222
 Average Precision  (AP) @[ IoU=0.50:0.95 | area= small | maxDets=100 ] = 0.068
 Average Precision  (AP) @[ IoU=0.50:0.95 | area=medium | maxDets=100 ] = 0.213
 Average Precision  (AP) @[ IoU=0.50:0.95 | area= large | maxDets=100 ] = 0.288
 Average Recall     (AR) @[ IoU=0.50:0.95 | area=   all | maxDets=  1 ] = 0.224
 Average Recall     (AR) @[ IoU=0.50:0.95 | area=   all | maxDets= 10 ] = 0.301
 Average Recall     (AR) @[ IoU=0.50:0.95 | area=   all | maxDets=100 ] = 0.303
 Average Recall     (AR) @[ IoU=0.50:0.95 | area= small | maxDets=100 ] = 0.094
 Average Recall     (AR) @[ IoU=0.50:0.95 | area=medium | maxDets=100 ] = 0.307
 Average Recall     (AR) @[ IoU=0.50:0.95 | area= large | maxDets=100 ] = 0.458
sweep 2/96: alpha=1.5, beta=1.0, threshold=0.03, top_k=20, nms=0.5
creating index...
index created!
Loading and preparing results...
DONE (t=0.01s)
creating index...
index created!
Running per image evaluation...
Evaluate annotation type *bbox*
DONE (t=1.09s).
Accumulating evaluation results...
DONE (t=0.45s).
 Average Precision  (AP) @[ IoU=0.50:0.95 | area=   all | maxDets=100 ] = 0.202
 Average Precision  (AP) @[ IoU=0.50      | area=   all | maxDets=100 ] = 0.307
 Average Precision  (AP) @[ IoU=0.75      | area=   all | maxDets=100 ] = 0.223
 Average Precision  (AP) @[ IoU=0.50:0.95 | area= small | maxDets=100 ] = 0.069
 Average Precision  (AP) @[ IoU=0.50:0.95 | area=medium | maxDets=100 ] = 0.211
 Average Precision  (AP) @[ IoU=0.50:0.95 | area= large | maxDets=100 ] = 0.287
 Average Recall     (AR) @[ IoU=0.50:0.95 | area=   all | maxDets=  1 ] = 0.222
 Average Recall     (AR) @[ IoU=0.50:0.95 | area=   all | maxDets= 10 ] = 0.302
 Average Recall     (AR) @[ IoU=0.50:0.95 | area=   all | maxDets=100 ] = 0.305
 Average Recall     (AR) @[ IoU=0.50:0.95 | area= small | maxDets=100 ] = 0.094
 Average Recall     (AR) @[ IoU=0.50:0.95 | area=medium | maxDets=100 ] = 0.306
 Average Recall     (AR) @[ IoU=0.50:0.95 | area= large | maxDets=100 ] = 0.453
sweep 3/96: alpha=1.5, beta=1.0, threshold=0.03, top_k=20, nms=0.6
creating index...
index created!
Loading and preparing results...
DONE (t=0.01s)
creating index...
index created!
Running per image evaluation...
Evaluate annotation type *bbox*
DONE (t=1.09s).
Accumulating evaluation results...
DONE (t=0.44s).
 Average Precision  (AP) @[ IoU=0.50:0.95 | area=   all | maxDets=100 ] = 0.198
 Average Precision  (AP) @[ IoU=0.50      | area=   all | maxDets=100 ] = 0.296
 Average Precision  (AP) @[ IoU=0.75      | area=   all | maxDets=100 ] = 0.222
 Average Precision  (AP) @[ IoU=0.50:0.95 | area= small | maxDets=100 ] = 0.068
 Average Precision  (AP) @[ IoU=0.50:0.95 | area=medium | maxDets=100 ] = 0.211
 Average Precision  (AP) @[ IoU=0.50:0.95 | area= large | maxDets=100 ] = 0.283
 Average Recall     (AR) @[ IoU=0.50:0.95 | area=   all | maxDets=  1 ] = 0.219
 Average Recall     (AR) @[ IoU=0.50:0.95 | area=   all | maxDets= 10 ] = 0.302
 Average Recall     (AR) @[ IoU=0.50:0.95 | area=   all | maxDets=100 ] = 0.305
 Average Recall     (AR) @[ IoU=0.50:0.95 | area= small | maxDets=100 ] = 0.088
 Average Recall     (AR) @[ IoU=0.50:0.95 | area=medium | maxDets=100 ] = 0.307
 Average Recall     (AR) @[ IoU=0.50:0.95 | area= large | maxDets=100 ] = 0.451
sweep 4/96: alpha=1.5, beta=1.0, threshold=0.03, top_k=50, nms=0.4
creating index...
index created!
Loading and preparing results...
DONE (t=0.02s)
creating index...
index created!
Running per image evaluation...
Evaluate annotation type *bbox*
DONE (t=1.76s).
Accumulating evaluation results...
DONE (t=0.62s).
 Average Precision  (AP) @[ IoU=0.50:0.95 | area=   all | maxDets=100 ] = 0.208
 Average Precision  (AP) @[ IoU=0.50      | area=   all | maxDets=100 ] = 0.324
 Average Precision  (AP) @[ IoU=0.75      | area=   all | maxDets=100 ] = 0.226
 Average Precision  (AP) @[ IoU=0.50:0.95 | area= small | maxDets=100 ] = 0.077
 Average Precision  (AP) @[ IoU=0.50:0.95 | area=medium | maxDets=100 ] = 0.222
 Average Precision  (AP) @[ IoU=0.50:0.95 | area= large | maxDets=100 ] = 0.292
 Average Recall     (AR) @[ IoU=0.50:0.95 | area=   all | maxDets=  1 ] = 0.235
 Average Recall     (AR) @[ IoU=0.50:0.95 | area=   all | maxDets= 10 ] = 0.333
 Average Recall     (AR) @[ IoU=0.50:0.95 | area=   all | maxDets=100 ] = 0.341
 Average Recall     (AR) @[ IoU=0.50:0.95 | area= small | maxDets=100 ] = 0.117
 Average Recall     (AR) @[ IoU=0.50:0.95 | area=medium | maxDets=100 ] = 0.362
 Average Recall     (AR) @[ IoU=0.50:0.95 | area= large | maxDets=100 ] = 0.492
sweep 5/96: alpha=1.5, beta=1.0, threshold=0.03, top_k=50, nms=0.5
creating index...
index created!
Loading and preparing results...
DONE (t=0.02s)
creating index...
index created!
Running per image evaluation...
Evaluate annotation type *bbox*
DONE (t=1.72s).
Accumulating evaluation results...
DONE (t=0.60s).
 Average Precision  (AP) @[ IoU=0.50:0.95 | area=   all | maxDets=100 ] = 0.208
 Average Precision  (AP) @[ IoU=0.50      | area=   all | maxDets=100 ] = 0.321
 Average Precision  (AP) @[ IoU=0.75      | area=   all | maxDets=100 ] = 0.226
 Average Precision  (AP) @[ IoU=0.50:0.95 | area= small | maxDets=100 ] = 0.078
 Average Precision  (AP) @[ IoU=0.50:0.95 | area=medium | maxDets=100 ] = 0.221
 Average Precision  (AP) @[ IoU=0.50:0.95 | area= large | maxDets=100 ] = 0.292
 Average Recall     (AR) @[ IoU=0.50:0.95 | area=   all | maxDets=  1 ] = 0.234
 Average Recall     (AR) @[ IoU=0.50:0.95 | area=   all | maxDets= 10 ] = 0.337
 Average Recall     (AR) @[ IoU=0.50:0.95 | area=   all | maxDets=100 ] = 0.346
 Average Recall     (AR) @[ IoU=0.50:0.95 | area= small | maxDets=100 ] = 0.121
 Average Recall     (AR) @[ IoU=0.50:0.95 | area=medium | maxDets=100 ] = 0.361
 Average Recall     (AR) @[ IoU=0.50:0.95 | area= large | maxDets=100 ] = 0.497
sweep 6/96: alpha=1.5, beta=1.0, threshold=0.03, top_k=50, nms=0.6
creating index...
index created!
Loading and preparing results...
DONE (t=0.02s)
creating index...
index created!
Running per image evaluation...
Evaluate annotation type *bbox*
DONE (t=1.66s).
Accumulating evaluation results...
DONE (t=0.59s).
 Average Precision  (AP) @[ IoU=0.50:0.95 | area=   all | maxDets=100 ] = 0.204
 Average Precision  (AP) @[ IoU=0.50      | area=   all | maxDets=100 ] = 0.309
 Average Precision  (AP) @[ IoU=0.75      | area=   all | maxDets=100 ] = 0.227
 Average Precision  (AP) @[ IoU=0.50:0.95 | area= small | maxDets=100 ] = 0.079
 Average Precision  (AP) @[ IoU=0.50:0.95 | area=medium | maxDets=100 ] = 0.220
 Average Precision  (AP) @[ IoU=0.50:0.95 | area= large | maxDets=100 ] = 0.287
 Average Recall     (AR) @[ IoU=0.50:0.95 | area=   all | maxDets=  1 ] = 0.233
 Average Recall     (AR) @[ IoU=0.50:0.95 | area=   all | maxDets= 10 ] = 0.336
 Average Recall     (AR) @[ IoU=0.50:0.95 | area=   all | maxDets=100 ] = 0.349
 Average Recall     (AR) @[ IoU=0.50:0.95 | area= small | maxDets=100 ] = 0.119
 Average Recall     (AR) @[ IoU=0.50:0.95 | area=medium | maxDets=100 ] = 0.368
 Average Recall     (AR) @[ IoU=0.50:0.95 | area= large | maxDets=100 ] = 0.504
sweep 7/96: alpha=1.5, beta=1.0, threshold=0.03, top_k=100, nms=0.4
creating index...
index created!
Loading and preparing results...
DONE (t=0.18s)
creating index...
index created!
Running per image evaluation...
Evaluate annotation type *bbox*
DONE (t=2.28s).
Accumulating evaluation results...
DONE (t=0.71s).
 Average Precision  (AP) @[ IoU=0.50:0.95 | area=   all | maxDets=100 ] = 0.208
 Average Precision  (AP) @[ IoU=0.50      | area=   all | maxDets=100 ] = 0.327
 Average Precision  (AP) @[ IoU=0.75      | area=   all | maxDets=100 ] = 0.227
 Average Precision  (AP) @[ IoU=0.50:0.95 | area= small | maxDets=100 ] = 0.079
 Average Precision  (AP) @[ IoU=0.50:0.95 | area=medium | maxDets=100 ] = 0.223
 Average Precision  (AP) @[ IoU=0.50:0.95 | area= large | maxDets=100 ] = 0.292
 Average Recall     (AR) @[ IoU=0.50:0.95 | area=   all | maxDets=  1 ] = 0.242
 Average Recall     (AR) @[ IoU=0.50:0.95 | area=   all | maxDets= 10 ] = 0.345
 Average Recall     (AR) @[ IoU=0.50:0.95 | area=   all | maxDets=100 ] = 0.355
 Average Recall     (AR) @[ IoU=0.50:0.95 | area= small | maxDets=100 ] = 0.128
 Average Recall     (AR) @[ IoU=0.50:0.95 | area=medium | maxDets=100 ] = 0.379
 Average Recall     (AR) @[ IoU=0.50:0.95 | area= large | maxDets=100 ] = 0.501
sweep 8/96: alpha=1.5, beta=1.0, threshold=0.03, top_k=100, nms=0.5
creating index...
index created!
Loading and preparing results...
DONE (t=0.03s)
creating index...
index created!
Running per image evaluation...
Evaluate annotation type *bbox*
DONE (t=2.23s).
Accumulating evaluation results...
DONE (t=0.72s).
 Average Precision  (AP) @[ IoU=0.50:0.95 | area=   all | maxDets=100 ] = 0.209
 Average Precision  (AP) @[ IoU=0.50      | area=   all | maxDets=100 ] = 0.324
 Average Precision  (AP) @[ IoU=0.75      | area=   all | maxDets=100 ] = 0.228
 Average Precision  (AP) @[ IoU=0.50:0.95 | area= small | maxDets=100 ] = 0.080
 Average Precision  (AP) @[ IoU=0.50:0.95 | area=medium | maxDets=100 ] = 0.223
 Average Precision  (AP) @[ IoU=0.50:0.95 | area= large | maxDets=100 ] = 0.292
 Average Recall     (AR) @[ IoU=0.50:0.95 | area=   all | maxDets=  1 ] = 0.241
 Average Recall     (AR) @[ IoU=0.50:0.95 | area=   all | maxDets= 10 ] = 0.354
 Average Recall     (AR) @[ IoU=0.50:0.95 | area=   all | maxDets=100 ] = 0.367
 Average Recall     (AR) @[ IoU=0.50:0.95 | area= small | maxDets=100 ] = 0.131
 Average Recall     (AR) @[ IoU=0.50:0.95 | area=medium | maxDets=100 ] = 0.388
 Average Recall     (AR) @[ IoU=0.50:0.95 | area= large | maxDets=100 ] = 0.517
sweep 9/96: alpha=1.5, beta=1.0, threshold=0.03, top_k=100, nms=0.6
creating index...
index created!
Loading and preparing results...
DONE (t=0.13s)
creating index...
index created!
Running per image evaluation...
Evaluate annotation type *bbox*
DONE (t=2.20s).
Accumulating evaluation results...
DONE (t=0.72s).
 Average Precision  (AP) @[ IoU=0.50:0.95 | area=   all | maxDets=100 ] = 0.206
 Average Precision  (AP) @[ IoU=0.50      | area=   all | maxDets=100 ] = 0.313
 Average Precision  (AP) @[ IoU=0.75      | area=   all | maxDets=100 ] = 0.228
 Average Precision  (AP) @[ IoU=0.50:0.95 | area= small | maxDets=100 ] = 0.082
 Average Precision  (AP) @[ IoU=0.50:0.95 | area=medium | maxDets=100 ] = 0.222
 Average Precision  (AP) @[ IoU=0.50:0.95 | area= large | maxDets=100 ] = 0.288
 Average Recall     (AR) @[ IoU=0.50:0.95 | area=   all | maxDets=  1 ] = 0.236
 Average Recall     (AR) @[ IoU=0.50:0.95 | area=   all | maxDets= 10 ] = 0.352
 Average Recall     (AR) @[ IoU=0.50:0.95 | area=   all | maxDets=100 ] = 0.372
 Average Recall     (AR) @[ IoU=0.50:0.95 | area= small | maxDets=100 ] = 0.134
 Average Recall     (AR) @[ IoU=0.50:0.95 | area=medium | maxDets=100 ] = 0.398
 Average Recall     (AR) @[ IoU=0.50:0.95 | area= large | maxDets=100 ] = 0.522
sweep 10/96: alpha=1.5, beta=1.0, threshold=0.03, top_k=200, nms=0.4
creating index...
index created!
Loading and preparing results...
DONE (t=0.14s)
creating index...
index created!
Running per image evaluation...
Evaluate annotation type *bbox*
DONE (t=2.41s).
Accumulating evaluation results...
DONE (t=0.75s).
 Average Precision  (AP) @[ IoU=0.50:0.95 | area=   all | maxDets=100 ] = 0.209
 Average Precision  (AP) @[ IoU=0.50      | area=   all | maxDets=100 ] = 0.327
 Average Precision  (AP) @[ IoU=0.75      | area=   all | maxDets=100 ] = 0.227
 Average Precision  (AP) @[ IoU=0.50:0.95 | area= small | maxDets=100 ] = 0.079
 Average Precision  (AP) @[ IoU=0.50:0.95 | area=medium | maxDets=100 ] = 0.223
 Average Precision  (AP) @[ IoU=0.50:0.95 | area= large | maxDets=100 ] = 0.292
 Average Recall     (AR) @[ IoU=0.50:0.95 | area=   all | maxDets=  1 ] = 0.242
 Average Recall     (AR) @[ IoU=0.50:0.95 | area=   all | maxDets= 10 ] = 0.347
 Average Recall     (AR) @[ IoU=0.50:0.95 | area=   all | maxDets=100 ] = 0.359
 Average Recall     (AR) @[ IoU=0.50:0.95 | area= small | maxDets=100 ] = 0.132
 Average Recall     (AR) @[ IoU=0.50:0.95 | area=medium | maxDets=100 ] = 0.383
 Average Recall     (AR) @[ IoU=0.50:0.95 | area= large | maxDets=100 ] = 0.505
sweep 11/96: alpha=1.5, beta=1.0, threshold=0.03, top_k=200, nms=0.5
creating index...
index created!
Loading and preparing results...
DONE (t=0.15s)
creating index...
index created!
Running per image evaluation...
Evaluate annotation type *bbox*
DONE (t=2.56s).
Accumulating evaluation results...
DONE (t=0.81s).
 Average Precision  (AP) @[ IoU=0.50:0.95 | area=   all | maxDets=100 ] = 0.209
 Average Precision  (AP) @[ IoU=0.50      | area=   all | maxDets=100 ] = 0.325
 Average Precision  (AP) @[ IoU=0.75      | area=   all | maxDets=100 ] = 0.228
 Average Precision  (AP) @[ IoU=0.50:0.95 | area= small | maxDets=100 ] = 0.081
 Average Precision  (AP) @[ IoU=0.50:0.95 | area=medium | maxDets=100 ] = 0.223
 Average Precision  (AP) @[ IoU=0.50:0.95 | area= large | maxDets=100 ] = 0.293
 Average Recall     (AR) @[ IoU=0.50:0.95 | area=   all | maxDets=  1 ] = 0.242
 Average Recall     (AR) @[ IoU=0.50:0.95 | area=   all | maxDets= 10 ] = 0.358
 Average Recall     (AR) @[ IoU=0.50:0.95 | area=   all | maxDets=100 ] = 0.375
 Average Recall     (AR) @[ IoU=0.50:0.95 | area= small | maxDets=100 ] = 0.138
 Average Recall     (AR) @[ IoU=0.50:0.95 | area=medium | maxDets=100 ] = 0.396
 Average Recall     (AR) @[ IoU=0.50:0.95 | area= large | maxDets=100 ] = 0.524
sweep 12/96: alpha=1.5, beta=1.0, threshold=0.03, top_k=200, nms=0.6
creating index...
index created!
Loading and preparing results...
DONE (t=0.16s)
creating index...
index created!
Running per image evaluation...
Evaluate annotation type *bbox*
DONE (t=2.77s).
Accumulating evaluation results...
DONE (t=0.85s).
 Average Precision  (AP) @[ IoU=0.50:0.95 | area=   all | maxDets=100 ] = 0.207
 Average Precision  (AP) @[ IoU=0.50      | area=   all | maxDets=100 ] = 0.314
 Average Precision  (AP) @[ IoU=0.75      | area=   all | maxDets=100 ] = 0.229
 Average Precision  (AP) @[ IoU=0.50:0.95 | area= small | maxDets=100 ] = 0.083
 Average Precision  (AP) @[ IoU=0.50:0.95 | area=medium | maxDets=100 ] = 0.223
 Average Precision  (AP) @[ IoU=0.50:0.95 | area= large | maxDets=100 ] = 0.288
 Average Recall     (AR) @[ IoU=0.50:0.95 | area=   all | maxDets=  1 ] = 0.242
 Average Recall     (AR) @[ IoU=0.50:0.95 | area=   all | maxDets= 10 ] = 0.362
 Average Recall     (AR) @[ IoU=0.50:0.95 | area=   all | maxDets=100 ] = 0.386
 Average Recall     (AR) @[ IoU=0.50:0.95 | area= small | maxDets=100 ] = 0.144
 Average Recall     (AR) @[ IoU=0.50:0.95 | area=medium | maxDets=100 ] = 0.415
 Average Recall     (AR) @[ IoU=0.50:0.95 | area= large | maxDets=100 ] = 0.530
sweep 13/96: alpha=1.5, beta=1.0, threshold=0.05, top_k=20, nms=0.4
creating index...
index created!
Loading and preparing results...
DONE (t=0.01s)
creating index...
index created!
Running per image evaluation...
Evaluate annotation type *bbox*
DONE (t=1.09s).
Accumulating evaluation results...
DONE (t=0.45s).
 Average Precision  (AP) @[ IoU=0.50:0.95 | area=   all | maxDets=100 ] = 0.202
 Average Precision  (AP) @[ IoU=0.50      | area=   all | maxDets=100 ] = 0.311
 Average Precision  (AP) @[ IoU=0.75      | area=   all | maxDets=100 ] = 0.222
 Average Precision  (AP) @[ IoU=0.50:0.95 | area= small | maxDets=100 ] = 0.068
 Average Precision  (AP) @[ IoU=0.50:0.95 | area=medium | maxDets=100 ] = 0.213
 Average Precision  (AP) @[ IoU=0.50:0.95 | area= large | maxDets=100 ] = 0.288
 Average Recall     (AR) @[ IoU=0.50:0.95 | area=   all | maxDets=  1 ] = 0.224
 Average Recall     (AR) @[ IoU=0.50:0.95 | area=   all | maxDets= 10 ] = 0.301
 Average Recall     (AR) @[ IoU=0.50:0.95 | area=   all | maxDets=100 ] = 0.303
 Average Recall     (AR) @[ IoU=0.50:0.95 | area= small | maxDets=100 ] = 0.094
 Average Recall     (AR) @[ IoU=0.50:0.95 | area=medium | maxDets=100 ] = 0.307
 Average Recall     (AR) @[ IoU=0.50:0.95 | area= large | maxDets=100 ] = 0.457
sweep 14/96: alpha=1.5, beta=1.0, threshold=0.05, top_k=20, nms=0.5
creating index...
index created!
Loading and preparing results...
DONE (t=0.01s)
creating index...
index created!
Running per image evaluation...
Evaluate annotation type *bbox*
DONE (t=1.09s).
Accumulating evaluation results...
DONE (t=0.45s).
 Average Precision  (AP) @[ IoU=0.50:0.95 | area=   all | maxDets=100 ] = 0.202
 Average Precision  (AP) @[ IoU=0.50      | area=   all | maxDets=100 ] = 0.307
 Average Precision  (AP) @[ IoU=0.75      | area=   all | maxDets=100 ] = 0.223
 Average Precision  (AP) @[ IoU=0.50:0.95 | area= small | maxDets=100 ] = 0.069
 Average Precision  (AP) @[ IoU=0.50:0.95 | area=medium | maxDets=100 ] = 0.211
 Average Precision  (AP) @[ IoU=0.50:0.95 | area= large | maxDets=100 ] = 0.287
 Average Recall     (AR) @[ IoU=0.50:0.95 | area=   all | maxDets=  1 ] = 0.222
 Average Recall     (AR) @[ IoU=0.50:0.95 | area=   all | maxDets= 10 ] = 0.302
 Average Recall     (AR) @[ IoU=0.50:0.95 | area=   all | maxDets=100 ] = 0.305
 Average Recall     (AR) @[ IoU=0.50:0.95 | area= small | maxDets=100 ] = 0.094
 Average Recall     (AR) @[ IoU=0.50:0.95 | area=medium | maxDets=100 ] = 0.306
 Average Recall     (AR) @[ IoU=0.50:0.95 | area= large | maxDets=100 ] = 0.453
sweep 15/96: alpha=1.5, beta=1.0, threshold=0.05, top_k=20, nms=0.6
creating index...
index created!
Loading and preparing results...
DONE (t=0.01s)
creating index...
index created!
Running per image evaluation...
Evaluate annotation type *bbox*
DONE (t=1.07s).
Accumulating evaluation results...
DONE (t=0.44s).
 Average Precision  (AP) @[ IoU=0.50:0.95 | area=   all | maxDets=100 ] = 0.198
 Average Precision  (AP) @[ IoU=0.50      | area=   all | maxDets=100 ] = 0.296
 Average Precision  (AP) @[ IoU=0.75      | area=   all | maxDets=100 ] = 0.222
 Average Precision  (AP) @[ IoU=0.50:0.95 | area= small | maxDets=100 ] = 0.068
 Average Precision  (AP) @[ IoU=0.50:0.95 | area=medium | maxDets=100 ] = 0.211
 Average Precision  (AP) @[ IoU=0.50:0.95 | area= large | maxDets=100 ] = 0.283
 Average Recall     (AR) @[ IoU=0.50:0.95 | area=   all | maxDets=  1 ] = 0.219
 Average Recall     (AR) @[ IoU=0.50:0.95 | area=   all | maxDets= 10 ] = 0.302
 Average Recall     (AR) @[ IoU=0.50:0.95 | area=   all | maxDets=100 ] = 0.305
 Average Recall     (AR) @[ IoU=0.50:0.95 | area= small | maxDets=100 ] = 0.088
 Average Recall     (AR) @[ IoU=0.50:0.95 | area=medium | maxDets=100 ] = 0.307
 Average Recall     (AR) @[ IoU=0.50:0.95 | area= large | maxDets=100 ] = 0.451
sweep 16/96: alpha=1.5, beta=1.0, threshold=0.05, top_k=50, nms=0.4
creating index...
index created!
Loading and preparing results...
DONE (t=0.02s)
creating index...
index created!
Running per image evaluation...
Evaluate annotation type *bbox*
DONE (t=1.56s).
Accumulating evaluation results...
DONE (t=0.57s).
 Average Precision  (AP) @[ IoU=0.50:0.95 | area=   all | maxDets=100 ] = 0.207
 Average Precision  (AP) @[ IoU=0.50      | area=   all | maxDets=100 ] = 0.324
 Average Precision  (AP) @[ IoU=0.75      | area=   all | maxDets=100 ] = 0.226
 Average Precision  (AP) @[ IoU=0.50:0.95 | area= small | maxDets=100 ] = 0.076
 Average Precision  (AP) @[ IoU=0.50:0.95 | area=medium | maxDets=100 ] = 0.222
 Average Precision  (AP) @[ IoU=0.50:0.95 | area= large | maxDets=100 ] = 0.292
 Average Recall     (AR) @[ IoU=0.50:0.95 | area=   all | maxDets=  1 ] = 0.235
 Average Recall     (AR) @[ IoU=0.50:0.95 | area=   all | maxDets= 10 ] = 0.332
 Average Recall     (AR) @[ IoU=0.50:0.95 | area=   all | maxDets=100 ] = 0.339
 Average Recall     (AR) @[ IoU=0.50:0.95 | area= small | maxDets=100 ] = 0.114
 Average Recall     (AR) @[ IoU=0.50:0.95 | area=medium | maxDets=100 ] = 0.361
 Average Recall     (AR) @[ IoU=0.50:0.95 | area= large | maxDets=100 ] = 0.491
sweep 17/96: alpha=1.5, beta=1.0, threshold=0.05, top_k=50, nms=0.5
creating index...
index created!
Loading and preparing results...
DONE (t=0.02s)
creating index...
index created!
Running per image evaluation...
Evaluate annotation type *bbox*
DONE (t=1.58s).
Accumulating evaluation results...
DONE (t=0.57s).
 Average Precision  (AP) @[ IoU=0.50:0.95 | area=   all | maxDets=100 ] = 0.208
 Average Precision  (AP) @[ IoU=0.50      | area=   all | maxDets=100 ] = 0.321
 Average Precision  (AP) @[ IoU=0.75      | area=   all | maxDets=100 ] = 0.226
 Average Precision  (AP) @[ IoU=0.50:0.95 | area= small | maxDets=100 ] = 0.078
 Average Precision  (AP) @[ IoU=0.50:0.95 | area=medium | maxDets=100 ] = 0.221
 Average Precision  (AP) @[ IoU=0.50:0.95 | area= large | maxDets=100 ] = 0.292
 Average Recall     (AR) @[ IoU=0.50:0.95 | area=   all | maxDets=  1 ] = 0.234
 Average Recall     (AR) @[ IoU=0.50:0.95 | area=   all | maxDets= 10 ] = 0.336
 Average Recall     (AR) @[ IoU=0.50:0.95 | area=   all | maxDets=100 ] = 0.344
 Average Recall     (AR) @[ IoU=0.50:0.95 | area= small | maxDets=100 ] = 0.119
 Average Recall     (AR) @[ IoU=0.50:0.95 | area=medium | maxDets=100 ] = 0.361
 Average Recall     (AR) @[ IoU=0.50:0.95 | area= large | maxDets=100 ] = 0.496
sweep 18/96: alpha=1.5, beta=1.0, threshold=0.05, top_k=50, nms=0.6
creating index...
index created!
Loading and preparing results...
DONE (t=0.02s)
creating index...
index created!
Running per image evaluation...
Evaluate annotation type *bbox*
DONE (t=1.61s).
Accumulating evaluation results...
DONE (t=0.57s).
 Average Precision  (AP) @[ IoU=0.50:0.95 | area=   all | maxDets=100 ] = 0.204
 Average Precision  (AP) @[ IoU=0.50      | area=   all | maxDets=100 ] = 0.309
 Average Precision  (AP) @[ IoU=0.75      | area=   all | maxDets=100 ] = 0.227
 Average Precision  (AP) @[ IoU=0.50:0.95 | area= small | maxDets=100 ] = 0.079
 Average Precision  (AP) @[ IoU=0.50:0.95 | area=medium | maxDets=100 ] = 0.220
 Average Precision  (AP) @[ IoU=0.50:0.95 | area= large | maxDets=100 ] = 0.287
 Average Recall     (AR) @[ IoU=0.50:0.95 | area=   all | maxDets=  1 ] = 0.232
 Average Recall     (AR) @[ IoU=0.50:0.95 | area=   all | maxDets= 10 ] = 0.335
 Average Recall     (AR) @[ IoU=0.50:0.95 | area=   all | maxDets=100 ] = 0.348
 Average Recall     (AR) @[ IoU=0.50:0.95 | area= small | maxDets=100 ] = 0.116
 Average Recall     (AR) @[ IoU=0.50:0.95 | area=medium | maxDets=100 ] = 0.368
 Average Recall     (AR) @[ IoU=0.50:0.95 | area= large | maxDets=100 ] = 0.503
sweep 19/96: alpha=1.5, beta=1.0, threshold=0.05, top_k=100, nms=0.4
creating index...
index created!
Loading and preparing results...
DONE (t=0.02s)
creating index...
index created!
Running per image evaluation...
Evaluate annotation type *bbox*
DONE (t=1.94s).
Accumulating evaluation results...
DONE (t=0.64s).
 Average Precision  (AP) @[ IoU=0.50:0.95 | area=   all | maxDets=100 ] = 0.208
 Average Precision  (AP) @[ IoU=0.50      | area=   all | maxDets=100 ] = 0.326
 Average Precision  (AP) @[ IoU=0.75      | area=   all | maxDets=100 ] = 0.227
 Average Precision  (AP) @[ IoU=0.50:0.95 | area= small | maxDets=100 ] = 0.079
 Average Precision  (AP) @[ IoU=0.50:0.95 | area=medium | maxDets=100 ] = 0.223
 Average Precision  (AP) @[ IoU=0.50:0.95 | area= large | maxDets=100 ] = 0.292
 Average Recall     (AR) @[ IoU=0.50:0.95 | area=   all | maxDets=  1 ] = 0.242
 Average Recall     (AR) @[ IoU=0.50:0.95 | area=   all | maxDets= 10 ] = 0.342
 Average Recall     (AR) @[ IoU=0.50:0.95 | area=   all | maxDets=100 ] = 0.353
 Average Recall     (AR) @[ IoU=0.50:0.95 | area= small | maxDets=100 ] = 0.124
 Average Recall     (AR) @[ IoU=0.50:0.95 | area=medium | maxDets=100 ] = 0.378
 Average Recall     (AR) @[ IoU=0.50:0.95 | area= large | maxDets=100 ] = 0.496
sweep 20/96: alpha=1.5, beta=1.0, threshold=0.05, top_k=100, nms=0.5
creating index...
index created!
Loading and preparing results...
DONE (t=0.02s)
creating index...
index created!
Running per image evaluation...
Evaluate annotation type *bbox*
DONE (t=2.08s).
Accumulating evaluation results...
DONE (t=0.66s).
 Average Precision  (AP) @[ IoU=0.50:0.95 | area=   all | maxDets=100 ] = 0.209
 Average Precision  (AP) @[ IoU=0.50      | area=   all | maxDets=100 ] = 0.324
 Average Precision  (AP) @[ IoU=0.75      | area=   all | maxDets=100 ] = 0.227
 Average Precision  (AP) @[ IoU=0.50:0.95 | area= small | maxDets=100 ] = 0.080
 Average Precision  (AP) @[ IoU=0.50:0.95 | area=medium | maxDets=100 ] = 0.223
 Average Precision  (AP) @[ IoU=0.50:0.95 | area= large | maxDets=100 ] = 0.292
 Average Recall     (AR) @[ IoU=0.50:0.95 | area=   all | maxDets=  1 ] = 0.240
 Average Recall     (AR) @[ IoU=0.50:0.95 | area=   all | maxDets= 10 ] = 0.352
 Average Recall     (AR) @[ IoU=0.50:0.95 | area=   all | maxDets=100 ] = 0.364
 Average Recall     (AR) @[ IoU=0.50:0.95 | area= small | maxDets=100 ] = 0.129
 Average Recall     (AR) @[ IoU=0.50:0.95 | area=medium | maxDets=100 ] = 0.386
 Average Recall     (AR) @[ IoU=0.50:0.95 | area= large | maxDets=100 ] = 0.515
sweep 21/96: alpha=1.5, beta=1.0, threshold=0.05, top_k=100, nms=0.6
creating index...
index created!
Loading and preparing results...
DONE (t=0.03s)
creating index...
index created!
Running per image evaluation...
Evaluate annotation type *bbox*
DONE (t=2.22s).
Accumulating evaluation results...
DONE (t=0.69s).
 Average Precision  (AP) @[ IoU=0.50:0.95 | area=   all | maxDets=100 ] = 0.206
 Average Precision  (AP) @[ IoU=0.50      | area=   all | maxDets=100 ] = 0.313
 Average Precision  (AP) @[ IoU=0.75      | area=   all | maxDets=100 ] = 0.228
 Average Precision  (AP) @[ IoU=0.50:0.95 | area= small | maxDets=100 ] = 0.082
 Average Precision  (AP) @[ IoU=0.50:0.95 | area=medium | maxDets=100 ] = 0.222
 Average Precision  (AP) @[ IoU=0.50:0.95 | area= large | maxDets=100 ] = 0.288
 Average Recall     (AR) @[ IoU=0.50:0.95 | area=   all | maxDets=  1 ] = 0.235
 Average Recall     (AR) @[ IoU=0.50:0.95 | area=   all | maxDets= 10 ] = 0.351
 Average Recall     (AR) @[ IoU=0.50:0.95 | area=   all | maxDets=100 ] = 0.371
 Average Recall     (AR) @[ IoU=0.50:0.95 | area= small | maxDets=100 ] = 0.131
 Average Recall     (AR) @[ IoU=0.50:0.95 | area=medium | maxDets=100 ] = 0.397
 Average Recall     (AR) @[ IoU=0.50:0.95 | area= large | maxDets=100 ] = 0.521
sweep 22/96: alpha=1.5, beta=1.0, threshold=0.05, top_k=200, nms=0.4
creating index...
index created!
Loading and preparing results...
DONE (t=0.02s)
creating index...
index created!
Running per image evaluation...
Evaluate annotation type *bbox*
DONE (t=2.12s).
Accumulating evaluation results...
DONE (t=0.67s).
 Average Precision  (AP) @[ IoU=0.50:0.95 | area=   all | maxDets=100 ] = 0.208
 Average Precision  (AP) @[ IoU=0.50      | area=   all | maxDets=100 ] = 0.327
 Average Precision  (AP) @[ IoU=0.75      | area=   all | maxDets=100 ] = 0.227
 Average Precision  (AP) @[ IoU=0.50:0.95 | area= small | maxDets=100 ] = 0.079
 Average Precision  (AP) @[ IoU=0.50:0.95 | area=medium | maxDets=100 ] = 0.223
 Average Precision  (AP) @[ IoU=0.50:0.95 | area= large | maxDets=100 ] = 0.292
 Average Recall     (AR) @[ IoU=0.50:0.95 | area=   all | maxDets=  1 ] = 0.242
 Average Recall     (AR) @[ IoU=0.50:0.95 | area=   all | maxDets= 10 ] = 0.344
 Average Recall     (AR) @[ IoU=0.50:0.95 | area=   all | maxDets=100 ] = 0.356
 Average Recall     (AR) @[ IoU=0.50:0.95 | area= small | maxDets=100 ] = 0.128
 Average Recall     (AR) @[ IoU=0.50:0.95 | area=medium | maxDets=100 ] = 0.382
 Average Recall     (AR) @[ IoU=0.50:0.95 | area= large | maxDets=100 ] = 0.498
sweep 23/96: alpha=1.5, beta=1.0, threshold=0.05, top_k=200, nms=0.5
creating index...
index created!
Loading and preparing results...
DONE (t=0.12s)
creating index...
index created!
Running per image evaluation...
Evaluate annotation type *bbox*
DONE (t=2.41s).
Accumulating evaluation results...
DONE (t=0.71s).
 Average Precision  (AP) @[ IoU=0.50:0.95 | area=   all | maxDets=100 ] = 0.209
 Average Precision  (AP) @[ IoU=0.50      | area=   all | maxDets=100 ] = 0.325
 Average Precision  (AP) @[ IoU=0.75      | area=   all | maxDets=100 ] = 0.228
 Average Precision  (AP) @[ IoU=0.50:0.95 | area= small | maxDets=100 ] = 0.081
 Average Precision  (AP) @[ IoU=0.50:0.95 | area=medium | maxDets=100 ] = 0.223
 Average Precision  (AP) @[ IoU=0.50:0.95 | area= large | maxDets=100 ] = 0.292
 Average Recall     (AR) @[ IoU=0.50:0.95 | area=   all | maxDets=  1 ] = 0.242
 Average Recall     (AR) @[ IoU=0.50:0.95 | area=   all | maxDets= 10 ] = 0.355
 Average Recall     (AR) @[ IoU=0.50:0.95 | area=   all | maxDets=100 ] = 0.370
 Average Recall     (AR) @[ IoU=0.50:0.95 | area= small | maxDets=100 ] = 0.134
 Average Recall     (AR) @[ IoU=0.50:0.95 | area=medium | maxDets=100 ] = 0.394
 Average Recall     (AR) @[ IoU=0.50:0.95 | area= large | maxDets=100 ] = 0.518
sweep 24/96: alpha=1.5, beta=1.0, threshold=0.05, top_k=200, nms=0.6
creating index...
index created!
Loading and preparing results...
DONE (t=0.13s)
creating index...
index created!
Running per image evaluation...
Evaluate annotation type *bbox*
DONE (t=2.65s).
Accumulating evaluation results...
DONE (t=0.75s).
 Average Precision  (AP) @[ IoU=0.50:0.95 | area=   all | maxDets=100 ] = 0.206
 Average Precision  (AP) @[ IoU=0.50      | area=   all | maxDets=100 ] = 0.314
 Average Precision  (AP) @[ IoU=0.75      | area=   all | maxDets=100 ] = 0.229
 Average Precision  (AP) @[ IoU=0.50:0.95 | area= small | maxDets=100 ] = 0.083
 Average Precision  (AP) @[ IoU=0.50:0.95 | area=medium | maxDets=100 ] = 0.223
 Average Precision  (AP) @[ IoU=0.50:0.95 | area= large | maxDets=100 ] = 0.288
 Average Recall     (AR) @[ IoU=0.50:0.95 | area=   all | maxDets=  1 ] = 0.242
 Average Recall     (AR) @[ IoU=0.50:0.95 | area=   all | maxDets= 10 ] = 0.360
 Average Recall     (AR) @[ IoU=0.50:0.95 | area=   all | maxDets=100 ] = 0.383
 Average Recall     (AR) @[ IoU=0.50:0.95 | area= small | maxDets=100 ] = 0.140
 Average Recall     (AR) @[ IoU=0.50:0.95 | area=medium | maxDets=100 ] = 0.413
 Average Recall     (AR) @[ IoU=0.50:0.95 | area= large | maxDets=100 ] = 0.527
sweep 25/96: alpha=1.5, beta=1.0, threshold=0.1, top_k=20, nms=0.4
creating index...
index created!
Loading and preparing results...
DONE (t=0.01s)
creating index...
index created!
Running per image evaluation...
Evaluate annotation type *bbox*
DONE (t=0.96s).
Accumulating evaluation results...
DONE (t=0.43s).
 Average Precision  (AP) @[ IoU=0.50:0.95 | area=   all | maxDets=100 ] = 0.202
 Average Precision  (AP) @[ IoU=0.50      | area=   all | maxDets=100 ] = 0.310
 Average Precision  (AP) @[ IoU=0.75      | area=   all | maxDets=100 ] = 0.222
 Average Precision  (AP) @[ IoU=0.50:0.95 | area= small | maxDets=100 ] = 0.068
 Average Precision  (AP) @[ IoU=0.50:0.95 | area=medium | maxDets=100 ] = 0.213
 Average Precision  (AP) @[ IoU=0.50:0.95 | area= large | maxDets=100 ] = 0.288
 Average Recall     (AR) @[ IoU=0.50:0.95 | area=   all | maxDets=  1 ] = 0.223
 Average Recall     (AR) @[ IoU=0.50:0.95 | area=   all | maxDets= 10 ] = 0.300
 Average Recall     (AR) @[ IoU=0.50:0.95 | area=   all | maxDets=100 ] = 0.302
 Average Recall     (AR) @[ IoU=0.50:0.95 | area= small | maxDets=100 ] = 0.094
 Average Recall     (AR) @[ IoU=0.50:0.95 | area=medium | maxDets=100 ] = 0.307
 Average Recall     (AR) @[ IoU=0.50:0.95 | area= large | maxDets=100 ] = 0.455
sweep 26/96: alpha=1.5, beta=1.0, threshold=0.1, top_k=20, nms=0.5
creating index...
index created!
Loading and preparing results...
DONE (t=0.01s)
creating index...
index created!
Running per image evaluation...
Evaluate annotation type *bbox*
DONE (t=1.04s).
Accumulating evaluation results...
DONE (t=0.43s).
 Average Precision  (AP) @[ IoU=0.50:0.95 | area=   all | maxDets=100 ] = 0.202
 Average Precision  (AP) @[ IoU=0.50      | area=   all | maxDets=100 ] = 0.307
 Average Precision  (AP) @[ IoU=0.75      | area=   all | maxDets=100 ] = 0.223
 Average Precision  (AP) @[ IoU=0.50:0.95 | area= small | maxDets=100 ] = 0.069
 Average Precision  (AP) @[ IoU=0.50:0.95 | area=medium | maxDets=100 ] = 0.211
 Average Precision  (AP) @[ IoU=0.50:0.95 | area= large | maxDets=100 ] = 0.287
 Average Recall     (AR) @[ IoU=0.50:0.95 | area=   all | maxDets=  1 ] = 0.221
 Average Recall     (AR) @[ IoU=0.50:0.95 | area=   all | maxDets= 10 ] = 0.302
 Average Recall     (AR) @[ IoU=0.50:0.95 | area=   all | maxDets=100 ] = 0.304
 Average Recall     (AR) @[ IoU=0.50:0.95 | area= small | maxDets=100 ] = 0.094
 Average Recall     (AR) @[ IoU=0.50:0.95 | area=medium | maxDets=100 ] = 0.306
 Average Recall     (AR) @[ IoU=0.50:0.95 | area= large | maxDets=100 ] = 0.451
sweep 27/96: alpha=1.5, beta=1.0, threshold=0.1, top_k=20, nms=0.6
creating index...
index created!
Loading and preparing results...
DONE (t=0.10s)
creating index...
index created!
Running per image evaluation...
Evaluate annotation type *bbox*
DONE (t=0.96s).
Accumulating evaluation results...
DONE (t=0.43s).
 Average Precision  (AP) @[ IoU=0.50:0.95 | area=   all | maxDets=100 ] = 0.198
 Average Precision  (AP) @[ IoU=0.50      | area=   all | maxDets=100 ] = 0.296
 Average Precision  (AP) @[ IoU=0.75      | area=   all | maxDets=100 ] = 0.222
 Average Precision  (AP) @[ IoU=0.50:0.95 | area= small | maxDets=100 ] = 0.068
 Average Precision  (AP) @[ IoU=0.50:0.95 | area=medium | maxDets=100 ] = 0.211
 Average Precision  (AP) @[ IoU=0.50:0.95 | area= large | maxDets=100 ] = 0.282
 Average Recall     (AR) @[ IoU=0.50:0.95 | area=   all | maxDets=  1 ] = 0.219
 Average Recall     (AR) @[ IoU=0.50:0.95 | area=   all | maxDets= 10 ] = 0.301
 Average Recall     (AR) @[ IoU=0.50:0.95 | area=   all | maxDets=100 ] = 0.304
 Average Recall     (AR) @[ IoU=0.50:0.95 | area= small | maxDets=100 ] = 0.088
 Average Recall     (AR) @[ IoU=0.50:0.95 | area=medium | maxDets=100 ] = 0.307
 Average Recall     (AR) @[ IoU=0.50:0.95 | area= large | maxDets=100 ] = 0.448
sweep 28/96: alpha=1.5, beta=1.0, threshold=0.1, top_k=50, nms=0.4
creating index...
index created!
Loading and preparing results...
DONE (t=0.01s)
creating index...
index created!
Running per image evaluation...
Evaluate annotation type *bbox*
DONE (t=1.39s).
Accumulating evaluation results...
DONE (t=0.51s).
 Average Precision  (AP) @[ IoU=0.50:0.95 | area=   all | maxDets=100 ] = 0.207
 Average Precision  (AP) @[ IoU=0.50      | area=   all | maxDets=100 ] = 0.322
 Average Precision  (AP) @[ IoU=0.75      | area=   all | maxDets=100 ] = 0.225
 Average Precision  (AP) @[ IoU=0.50:0.95 | area= small | maxDets=100 ] = 0.076
 Average Precision  (AP) @[ IoU=0.50:0.95 | area=medium | maxDets=100 ] = 0.221
 Average Precision  (AP) @[ IoU=0.50:0.95 | area= large | maxDets=100 ] = 0.290
 Average Recall     (AR) @[ IoU=0.50:0.95 | area=   all | maxDets=  1 ] = 0.232
 Average Recall     (AR) @[ IoU=0.50:0.95 | area=   all | maxDets= 10 ] = 0.325
 Average Recall     (AR) @[ IoU=0.50:0.95 | area=   all | maxDets=100 ] = 0.332
 Average Recall     (AR) @[ IoU=0.50:0.95 | area= small | maxDets=100 ] = 0.112
 Average Recall     (AR) @[ IoU=0.50:0.95 | area=medium | maxDets=100 ] = 0.355
 Average Recall     (AR) @[ IoU=0.50:0.95 | area= large | maxDets=100 ] = 0.479
sweep 29/96: alpha=1.5, beta=1.0, threshold=0.1, top_k=50, nms=0.5
creating index...
index created!
Loading and preparing results...
DONE (t=0.10s)
creating index...
index created!
Running per image evaluation...
Evaluate annotation type *bbox*
DONE (t=1.47s).
Accumulating evaluation results...
DONE (t=0.52s).
 Average Precision  (AP) @[ IoU=0.50:0.95 | area=   all | maxDets=100 ] = 0.207
 Average Precision  (AP) @[ IoU=0.50      | area=   all | maxDets=100 ] = 0.320
 Average Precision  (AP) @[ IoU=0.75      | area=   all | maxDets=100 ] = 0.226
 Average Precision  (AP) @[ IoU=0.50:0.95 | area= small | maxDets=100 ] = 0.077
 Average Precision  (AP) @[ IoU=0.50:0.95 | area=medium | maxDets=100 ] = 0.220
 Average Precision  (AP) @[ IoU=0.50:0.95 | area= large | maxDets=100 ] = 0.291
 Average Recall     (AR) @[ IoU=0.50:0.95 | area=   all | maxDets=  1 ] = 0.231
 Average Recall     (AR) @[ IoU=0.50:0.95 | area=   all | maxDets= 10 ] = 0.329
 Average Recall     (AR) @[ IoU=0.50:0.95 | area=   all | maxDets=100 ] = 0.338
 Average Recall     (AR) @[ IoU=0.50:0.95 | area= small | maxDets=100 ] = 0.115
 Average Recall     (AR) @[ IoU=0.50:0.95 | area=medium | maxDets=100 ] = 0.356
 Average Recall     (AR) @[ IoU=0.50:0.95 | area= large | maxDets=100 ] = 0.485
sweep 30/96: alpha=1.5, beta=1.0, threshold=0.1, top_k=50, nms=0.6
creating index...
index created!
Loading and preparing results...
DONE (t=0.02s)
creating index...
index created!
Running per image evaluation...
Evaluate annotation type *bbox*
DONE (t=1.55s).
Accumulating evaluation results...
DONE (t=0.53s).
 Average Precision  (AP) @[ IoU=0.50:0.95 | area=   all | maxDets=100 ] = 0.204
 Average Precision  (AP) @[ IoU=0.50      | area=   all | maxDets=100 ] = 0.308
 Average Precision  (AP) @[ IoU=0.75      | area=   all | maxDets=100 ] = 0.226
 Average Precision  (AP) @[ IoU=0.50:0.95 | area= small | maxDets=100 ] = 0.078
 Average Precision  (AP) @[ IoU=0.50:0.95 | area=medium | maxDets=100 ] = 0.219
 Average Precision  (AP) @[ IoU=0.50:0.95 | area= large | maxDets=100 ] = 0.286
 Average Recall     (AR) @[ IoU=0.50:0.95 | area=   all | maxDets=  1 ] = 0.230
 Average Recall     (AR) @[ IoU=0.50:0.95 | area=   all | maxDets= 10 ] = 0.330
 Average Recall     (AR) @[ IoU=0.50:0.95 | area=   all | maxDets=100 ] = 0.342
 Average Recall     (AR) @[ IoU=0.50:0.95 | area= small | maxDets=100 ] = 0.114
 Average Recall     (AR) @[ IoU=0.50:0.95 | area=medium | maxDets=100 ] = 0.366
 Average Recall     (AR) @[ IoU=0.50:0.95 | area= large | maxDets=100 ] = 0.489
sweep 31/96: alpha=1.5, beta=1.0, threshold=0.1, top_k=100, nms=0.4
creating index...
index created!
Loading and preparing results...
DONE (t=0.01s)
creating index...
index created!
Running per image evaluation...
Evaluate annotation type *bbox*
DONE (t=1.59s).
Accumulating evaluation results...
DONE (t=0.54s).
 Average Precision  (AP) @[ IoU=0.50:0.95 | area=   all | maxDets=100 ] = 0.207
 Average Precision  (AP) @[ IoU=0.50      | area=   all | maxDets=100 ] = 0.324
 Average Precision  (AP) @[ IoU=0.75      | area=   all | maxDets=100 ] = 0.226
 Average Precision  (AP) @[ IoU=0.50:0.95 | area= small | maxDets=100 ] = 0.078
 Average Precision  (AP) @[ IoU=0.50:0.95 | area=medium | maxDets=100 ] = 0.222
 Average Precision  (AP) @[ IoU=0.50:0.95 | area= large | maxDets=100 ] = 0.290
 Average Recall     (AR) @[ IoU=0.50:0.95 | area=   all | maxDets=  1 ] = 0.234
 Average Recall     (AR) @[ IoU=0.50:0.95 | area=   all | maxDets= 10 ] = 0.329
 Average Recall     (AR) @[ IoU=0.50:0.95 | area=   all | maxDets=100 ] = 0.337
 Average Recall     (AR) @[ IoU=0.50:0.95 | area= small | maxDets=100 ] = 0.118
 Average Recall     (AR) @[ IoU=0.50:0.95 | area=medium | maxDets=100 ] = 0.361
 Average Recall     (AR) @[ IoU=0.50:0.95 | area= large | maxDets=100 ] = 0.481
sweep 32/96: alpha=1.5, beta=1.0, threshold=0.1, top_k=100, nms=0.5
creating index...
index created!
Loading and preparing results...
DONE (t=0.10s)
creating index...
index created!
Running per image evaluation...
Evaluate annotation type *bbox*
DONE (t=1.75s).
Accumulating evaluation results...
DONE (t=0.56s).
 Average Precision  (AP) @[ IoU=0.50:0.95 | area=   all | maxDets=100 ] = 0.208
 Average Precision  (AP) @[ IoU=0.50      | area=   all | maxDets=100 ] = 0.322
 Average Precision  (AP) @[ IoU=0.75      | area=   all | maxDets=100 ] = 0.227
 Average Precision  (AP) @[ IoU=0.50:0.95 | area= small | maxDets=100 ] = 0.080
 Average Precision  (AP) @[ IoU=0.50:0.95 | area=medium | maxDets=100 ] = 0.222
 Average Precision  (AP) @[ IoU=0.50:0.95 | area= large | maxDets=100 ] = 0.291
 Average Recall     (AR) @[ IoU=0.50:0.95 | area=   all | maxDets=  1 ] = 0.233
 Average Recall     (AR) @[ IoU=0.50:0.95 | area=   all | maxDets= 10 ] = 0.336
 Average Recall     (AR) @[ IoU=0.50:0.95 | area=   all | maxDets=100 ] = 0.347
 Average Recall     (AR) @[ IoU=0.50:0.95 | area= small | maxDets=100 ] = 0.122
 Average Recall     (AR) @[ IoU=0.50:0.95 | area=medium | maxDets=100 ] = 0.370
 Average Recall     (AR) @[ IoU=0.50:0.95 | area= large | maxDets=100 ] = 0.491
sweep 33/96: alpha=1.5, beta=1.0, threshold=0.1, top_k=100, nms=0.6
creating index...
index created!
Loading and preparing results...
DONE (t=0.11s)
creating index...
index created!
Running per image evaluation...
Evaluate annotation type *bbox*
DONE (t=1.82s).
Accumulating evaluation results...
DONE (t=0.59s).
 Average Precision  (AP) @[ IoU=0.50:0.95 | area=   all | maxDets=100 ] = 0.205
 Average Precision  (AP) @[ IoU=0.50      | area=   all | maxDets=100 ] = 0.311
 Average Precision  (AP) @[ IoU=0.75      | area=   all | maxDets=100 ] = 0.228
 Average Precision  (AP) @[ IoU=0.50:0.95 | area= small | maxDets=100 ] = 0.081
 Average Precision  (AP) @[ IoU=0.50:0.95 | area=medium | maxDets=100 ] = 0.221
 Average Precision  (AP) @[ IoU=0.50:0.95 | area= large | maxDets=100 ] = 0.286
 Average Recall     (AR) @[ IoU=0.50:0.95 | area=   all | maxDets=  1 ] = 0.232
 Average Recall     (AR) @[ IoU=0.50:0.95 | area=   all | maxDets= 10 ] = 0.341
 Average Recall     (AR) @[ IoU=0.50:0.95 | area=   all | maxDets=100 ] = 0.357
 Average Recall     (AR) @[ IoU=0.50:0.95 | area= small | maxDets=100 ] = 0.126
 Average Recall     (AR) @[ IoU=0.50:0.95 | area=medium | maxDets=100 ] = 0.388
 Average Recall     (AR) @[ IoU=0.50:0.95 | area= large | maxDets=100 ] = 0.498
sweep 34/96: alpha=1.5, beta=1.0, threshold=0.1, top_k=200, nms=0.4
creating index...
index created!
Loading and preparing results...
DONE (t=0.02s)
creating index...
index created!
Running per image evaluation...
Evaluate annotation type *bbox*
DONE (t=1.62s).
Accumulating evaluation results...
DONE (t=0.54s).
 Average Precision  (AP) @[ IoU=0.50:0.95 | area=   all | maxDets=100 ] = 0.207
 Average Precision  (AP) @[ IoU=0.50      | area=   all | maxDets=100 ] = 0.324
 Average Precision  (AP) @[ IoU=0.75      | area=   all | maxDets=100 ] = 0.226
 Average Precision  (AP) @[ IoU=0.50:0.95 | area= small | maxDets=100 ] = 0.078
 Average Precision  (AP) @[ IoU=0.50:0.95 | area=medium | maxDets=100 ] = 0.222
 Average Precision  (AP) @[ IoU=0.50:0.95 | area= large | maxDets=100 ] = 0.291
 Average Recall     (AR) @[ IoU=0.50:0.95 | area=   all | maxDets=  1 ] = 0.234
 Average Recall     (AR) @[ IoU=0.50:0.95 | area=   all | maxDets= 10 ] = 0.329
 Average Recall     (AR) @[ IoU=0.50:0.95 | area=   all | maxDets=100 ] = 0.338
 Average Recall     (AR) @[ IoU=0.50:0.95 | area= small | maxDets=100 ] = 0.118
 Average Recall     (AR) @[ IoU=0.50:0.95 | area=medium | maxDets=100 ] = 0.362
 Average Recall     (AR) @[ IoU=0.50:0.95 | area= large | maxDets=100 ] = 0.482
sweep 35/96: alpha=1.5, beta=1.0, threshold=0.1, top_k=200, nms=0.5
creating index...
index created!
Loading and preparing results...
DONE (t=0.02s)
creating index...
index created!
Running per image evaluation...
Evaluate annotation type *bbox*
DONE (t=1.86s).
Accumulating evaluation results...
DONE (t=0.57s).
 Average Precision  (AP) @[ IoU=0.50:0.95 | area=   all | maxDets=100 ] = 0.208
 Average Precision  (AP) @[ IoU=0.50      | area=   all | maxDets=100 ] = 0.322
 Average Precision  (AP) @[ IoU=0.75      | area=   all | maxDets=100 ] = 0.227
 Average Precision  (AP) @[ IoU=0.50:0.95 | area= small | maxDets=100 ] = 0.080
 Average Precision  (AP) @[ IoU=0.50:0.95 | area=medium | maxDets=100 ] = 0.222
 Average Precision  (AP) @[ IoU=0.50:0.95 | area= large | maxDets=100 ] = 0.291
 Average Recall     (AR) @[ IoU=0.50:0.95 | area=   all | maxDets=  1 ] = 0.234
 Average Recall     (AR) @[ IoU=0.50:0.95 | area=   all | maxDets= 10 ] = 0.337
 Average Recall     (AR) @[ IoU=0.50:0.95 | area=   all | maxDets=100 ] = 0.349
 Average Recall     (AR) @[ IoU=0.50:0.95 | area= small | maxDets=100 ] = 0.124
 Average Recall     (AR) @[ IoU=0.50:0.95 | area=medium | maxDets=100 ] = 0.372
 Average Recall     (AR) @[ IoU=0.50:0.95 | area= large | maxDets=100 ] = 0.492
sweep 36/96: alpha=1.5, beta=1.0, threshold=0.1, top_k=200, nms=0.6
creating index...
index created!
Loading and preparing results...
DONE (t=0.11s)
creating index...
index created!
Running per image evaluation...
Evaluate annotation type *bbox*
DONE (t=2.12s).
Accumulating evaluation results...
DONE (t=0.60s).
 Average Precision  (AP) @[ IoU=0.50:0.95 | area=   all | maxDets=100 ] = 0.205
 Average Precision  (AP) @[ IoU=0.50      | area=   all | maxDets=100 ] = 0.312
 Average Precision  (AP) @[ IoU=0.75      | area=   all | maxDets=100 ] = 0.228
 Average Precision  (AP) @[ IoU=0.50:0.95 | area= small | maxDets=100 ] = 0.082
 Average Precision  (AP) @[ IoU=0.50:0.95 | area=medium | maxDets=100 ] = 0.222
 Average Precision  (AP) @[ IoU=0.50:0.95 | area= large | maxDets=100 ] = 0.287
 Average Recall     (AR) @[ IoU=0.50:0.95 | area=   all | maxDets=  1 ] = 0.234
 Average Recall     (AR) @[ IoU=0.50:0.95 | area=   all | maxDets= 10 ] = 0.343
 Average Recall     (AR) @[ IoU=0.50:0.95 | area=   all | maxDets=100 ] = 0.361
 Average Recall     (AR) @[ IoU=0.50:0.95 | area= small | maxDets=100 ] = 0.129
 Average Recall     (AR) @[ IoU=0.50:0.95 | area=medium | maxDets=100 ] = 0.393
 Average Recall     (AR) @[ IoU=0.50:0.95 | area= large | maxDets=100 ] = 0.500
sweep 37/96: alpha=1.5, beta=1.0, threshold=0.2, top_k=20, nms=0.4
creating index...
index created!
Loading and preparing results...
DONE (t=0.01s)
creating index...
index created!
Running per image evaluation...
Evaluate annotation type *bbox*
DONE (t=0.87s).
Accumulating evaluation results...
DONE (t=0.40s).
 Average Precision  (AP) @[ IoU=0.50:0.95 | area=   all | maxDets=100 ] = 0.200
 Average Precision  (AP) @[ IoU=0.50      | area=   all | maxDets=100 ] = 0.307
 Average Precision  (AP) @[ IoU=0.75      | area=   all | maxDets=100 ] = 0.220
 Average Precision  (AP) @[ IoU=0.50:0.95 | area= small | maxDets=100 ] = 0.065
 Average Precision  (AP) @[ IoU=0.50:0.95 | area=medium | maxDets=100 ] = 0.211
 Average Precision  (AP) @[ IoU=0.50:0.95 | area= large | maxDets=100 ] = 0.285
 Average Recall     (AR) @[ IoU=0.50:0.95 | area=   all | maxDets=  1 ] = 0.219
 Average Recall     (AR) @[ IoU=0.50:0.95 | area=   all | maxDets= 10 ] = 0.292
 Average Recall     (AR) @[ IoU=0.50:0.95 | area=   all | maxDets=100 ] = 0.294
 Average Recall     (AR) @[ IoU=0.50:0.95 | area= small | maxDets=100 ] = 0.088
 Average Recall     (AR) @[ IoU=0.50:0.95 | area=medium | maxDets=100 ] = 0.299
 Average Recall     (AR) @[ IoU=0.50:0.95 | area= large | maxDets=100 ] = 0.443
sweep 38/96: alpha=1.5, beta=1.0, threshold=0.2, top_k=20, nms=0.5
creating index...
index created!
Loading and preparing results...
DONE (t=0.01s)
creating index...
index created!
Running per image evaluation...
Evaluate annotation type *bbox*
DONE (t=0.95s).
Accumulating evaluation results...
DONE (t=0.39s).
 Average Precision  (AP) @[ IoU=0.50:0.95 | area=   all | maxDets=100 ] = 0.200
 Average Precision  (AP) @[ IoU=0.50      | area=   all | maxDets=100 ] = 0.304
 Average Precision  (AP) @[ IoU=0.75      | area=   all | maxDets=100 ] = 0.221
 Average Precision  (AP) @[ IoU=0.50:0.95 | area= small | maxDets=100 ] = 0.067
 Average Precision  (AP) @[ IoU=0.50:0.95 | area=medium | maxDets=100 ] = 0.209
 Average Precision  (AP) @[ IoU=0.50:0.95 | area= large | maxDets=100 ] = 0.284
 Average Recall     (AR) @[ IoU=0.50:0.95 | area=   all | maxDets=  1 ] = 0.218
 Average Recall     (AR) @[ IoU=0.50:0.95 | area=   all | maxDets= 10 ] = 0.294
 Average Recall     (AR) @[ IoU=0.50:0.95 | area=   all | maxDets=100 ] = 0.296
 Average Recall     (AR) @[ IoU=0.50:0.95 | area= small | maxDets=100 ] = 0.090
 Average Recall     (AR) @[ IoU=0.50:0.95 | area=medium | maxDets=100 ] = 0.298
 Average Recall     (AR) @[ IoU=0.50:0.95 | area= large | maxDets=100 ] = 0.439
sweep 39/96: alpha=1.5, beta=1.0, threshold=0.2, top_k=20, nms=0.6
creating index...
index created!
Loading and preparing results...
DONE (t=0.09s)
creating index...
index created!
Running per image evaluation...
Evaluate annotation type *bbox*
DONE (t=0.87s).
Accumulating evaluation results...
DONE (t=0.40s).
 Average Precision  (AP) @[ IoU=0.50:0.95 | area=   all | maxDets=100 ] = 0.197
 Average Precision  (AP) @[ IoU=0.50      | area=   all | maxDets=100 ] = 0.294
 Average Precision  (AP) @[ IoU=0.75      | area=   all | maxDets=100 ] = 0.221
 Average Precision  (AP) @[ IoU=0.50:0.95 | area= small | maxDets=100 ] = 0.067
 Average Precision  (AP) @[ IoU=0.50:0.95 | area=medium | maxDets=100 ] = 0.207
 Average Precision  (AP) @[ IoU=0.50:0.95 | area= large | maxDets=100 ] = 0.280
 Average Recall     (AR) @[ IoU=0.50:0.95 | area=   all | maxDets=  1 ] = 0.216
 Average Recall     (AR) @[ IoU=0.50:0.95 | area=   all | maxDets= 10 ] = 0.294
 Average Recall     (AR) @[ IoU=0.50:0.95 | area=   all | maxDets=100 ] = 0.297
 Average Recall     (AR) @[ IoU=0.50:0.95 | area= small | maxDets=100 ] = 0.086
 Average Recall     (AR) @[ IoU=0.50:0.95 | area=medium | maxDets=100 ] = 0.297
 Average Recall     (AR) @[ IoU=0.50:0.95 | area= large | maxDets=100 ] = 0.438
sweep 40/96: alpha=1.5, beta=1.0, threshold=0.2, top_k=50, nms=0.4
creating index...
index created!
Loading and preparing results...
DONE (t=0.01s)
creating index...
index created!
Running per image evaluation...
Evaluate annotation type *bbox*
DONE (t=1.17s).
Accumulating evaluation results...
DONE (t=0.43s).
 Average Precision  (AP) @[ IoU=0.50:0.95 | area=   all | maxDets=100 ] = 0.203
 Average Precision  (AP) @[ IoU=0.50      | area=   all | maxDets=100 ] = 0.315
 Average Precision  (AP) @[ IoU=0.75      | area=   all | maxDets=100 ] = 0.222
 Average Precision  (AP) @[ IoU=0.50:0.95 | area= small | maxDets=100 ] = 0.073
 Average Precision  (AP) @[ IoU=0.50:0.95 | area=medium | maxDets=100 ] = 0.216
 Average Precision  (AP) @[ IoU=0.50:0.95 | area= large | maxDets=100 ] = 0.286
 Average Recall     (AR) @[ IoU=0.50:0.95 | area=   all | maxDets=  1 ] = 0.224
 Average Recall     (AR) @[ IoU=0.50:0.95 | area=   all | maxDets= 10 ] = 0.303
 Average Recall     (AR) @[ IoU=0.50:0.95 | area=   all | maxDets=100 ] = 0.309
 Average Recall     (AR) @[ IoU=0.50:0.95 | area= small | maxDets=100 ] = 0.103
 Average Recall     (AR) @[ IoU=0.50:0.95 | area=medium | maxDets=100 ] = 0.321
 Average Recall     (AR) @[ IoU=0.50:0.95 | area= large | maxDets=100 ] = 0.450
sweep 41/96: alpha=1.5, beta=1.0, threshold=0.2, top_k=50, nms=0.5
creating index...
index created!
Loading and preparing results...
DONE (t=0.01s)
creating index...
index created!
Running per image evaluation...
Evaluate annotation type *bbox*
DONE (t=1.20s).
Accumulating evaluation results...
DONE (t=0.43s).
 Average Precision  (AP) @[ IoU=0.50:0.95 | area=   all | maxDets=100 ] = 0.204
 Average Precision  (AP) @[ IoU=0.50      | area=   all | maxDets=100 ] = 0.313
 Average Precision  (AP) @[ IoU=0.75      | area=   all | maxDets=100 ] = 0.223
 Average Precision  (AP) @[ IoU=0.50:0.95 | area= small | maxDets=100 ] = 0.074
 Average Precision  (AP) @[ IoU=0.50:0.95 | area=medium | maxDets=100 ] = 0.216
 Average Precision  (AP) @[ IoU=0.50:0.95 | area= large | maxDets=100 ] = 0.286
 Average Recall     (AR) @[ IoU=0.50:0.95 | area=   all | maxDets=  1 ] = 0.223
 Average Recall     (AR) @[ IoU=0.50:0.95 | area=   all | maxDets= 10 ] = 0.309
 Average Recall     (AR) @[ IoU=0.50:0.95 | area=   all | maxDets=100 ] = 0.316
 Average Recall     (AR) @[ IoU=0.50:0.95 | area= small | maxDets=100 ] = 0.106
 Average Recall     (AR) @[ IoU=0.50:0.95 | area=medium | maxDets=100 ] = 0.328
 Average Recall     (AR) @[ IoU=0.50:0.95 | area= large | maxDets=100 ] = 0.456
sweep 42/96: alpha=1.5, beta=1.0, threshold=0.2, top_k=50, nms=0.6
creating index...
index created!
Loading and preparing results...
DONE (t=0.01s)
creating index...
index created!
Running per image evaluation...
Evaluate annotation type *bbox*
DONE (t=1.29s).
Accumulating evaluation results...
DONE (t=0.45s).
 Average Precision  (AP) @[ IoU=0.50:0.95 | area=   all | maxDets=100 ] = 0.201
 Average Precision  (AP) @[ IoU=0.50      | area=   all | maxDets=100 ] = 0.303
 Average Precision  (AP) @[ IoU=0.75      | area=   all | maxDets=100 ] = 0.224
 Average Precision  (AP) @[ IoU=0.50:0.95 | area= small | maxDets=100 ] = 0.076
 Average Precision  (AP) @[ IoU=0.50:0.95 | area=medium | maxDets=100 ] = 0.214
 Average Precision  (AP) @[ IoU=0.50:0.95 | area= large | maxDets=100 ] = 0.282
 Average Recall     (AR) @[ IoU=0.50:0.95 | area=   all | maxDets=  1 ] = 0.223
 Average Recall     (AR) @[ IoU=0.50:0.95 | area=   all | maxDets= 10 ] = 0.312
 Average Recall     (AR) @[ IoU=0.50:0.95 | area=   all | maxDets=100 ] = 0.322
 Average Recall     (AR) @[ IoU=0.50:0.95 | area= small | maxDets=100 ] = 0.107
 Average Recall     (AR) @[ IoU=0.50:0.95 | area=medium | maxDets=100 ] = 0.334
 Average Recall     (AR) @[ IoU=0.50:0.95 | area= large | maxDets=100 ] = 0.464
sweep 43/96: alpha=1.5, beta=1.0, threshold=0.2, top_k=100, nms=0.4
creating index...
index created!
Loading and preparing results...
DONE (t=0.01s)
creating index...
index created!
Running per image evaluation...
Evaluate annotation type *bbox*
DONE (t=1.20s).
Accumulating evaluation results...
DONE (t=0.43s).
 Average Precision  (AP) @[ IoU=0.50:0.95 | area=   all | maxDets=100 ] = 0.203
 Average Precision  (AP) @[ IoU=0.50      | area=   all | maxDets=100 ] = 0.315
 Average Precision  (AP) @[ IoU=0.75      | area=   all | maxDets=100 ] = 0.222
 Average Precision  (AP) @[ IoU=0.50:0.95 | area= small | maxDets=100 ] = 0.074
 Average Precision  (AP) @[ IoU=0.50:0.95 | area=medium | maxDets=100 ] = 0.216
 Average Precision  (AP) @[ IoU=0.50:0.95 | area= large | maxDets=100 ] = 0.286
 Average Recall     (AR) @[ IoU=0.50:0.95 | area=   all | maxDets=  1 ] = 0.224
 Average Recall     (AR) @[ IoU=0.50:0.95 | area=   all | maxDets= 10 ] = 0.304
 Average Recall     (AR) @[ IoU=0.50:0.95 | area=   all | maxDets=100 ] = 0.310
 Average Recall     (AR) @[ IoU=0.50:0.95 | area= small | maxDets=100 ] = 0.106
 Average Recall     (AR) @[ IoU=0.50:0.95 | area=medium | maxDets=100 ] = 0.323
 Average Recall     (AR) @[ IoU=0.50:0.95 | area= large | maxDets=100 ] = 0.450
sweep 44/96: alpha=1.5, beta=1.0, threshold=0.2, top_k=100, nms=0.5
creating index...
index created!
Loading and preparing results...
DONE (t=0.01s)
creating index...
index created!
Running per image evaluation...
Evaluate annotation type *bbox*
DONE (t=1.18s).
Accumulating evaluation results...
DONE (t=0.43s).
 Average Precision  (AP) @[ IoU=0.50:0.95 | area=   all | maxDets=100 ] = 0.204
 Average Precision  (AP) @[ IoU=0.50      | area=   all | maxDets=100 ] = 0.314
 Average Precision  (AP) @[ IoU=0.75      | area=   all | maxDets=100 ] = 0.223
 Average Precision  (AP) @[ IoU=0.50:0.95 | area= small | maxDets=100 ] = 0.076
 Average Precision  (AP) @[ IoU=0.50:0.95 | area=medium | maxDets=100 ] = 0.216
 Average Precision  (AP) @[ IoU=0.50:0.95 | area= large | maxDets=100 ] = 0.286
 Average Recall     (AR) @[ IoU=0.50:0.95 | area=   all | maxDets=  1 ] = 0.224
 Average Recall     (AR) @[ IoU=0.50:0.95 | area=   all | maxDets= 10 ] = 0.310
 Average Recall     (AR) @[ IoU=0.50:0.95 | area=   all | maxDets=100 ] = 0.319
 Average Recall     (AR) @[ IoU=0.50:0.95 | area= small | maxDets=100 ] = 0.110
 Average Recall     (AR) @[ IoU=0.50:0.95 | area=medium | maxDets=100 ] = 0.331
 Average Recall     (AR) @[ IoU=0.50:0.95 | area= large | maxDets=100 ] = 0.456
sweep 45/96: alpha=1.5, beta=1.0, threshold=0.2, top_k=100, nms=0.6
creating index...
index created!
Loading and preparing results...
DONE (t=0.01s)
creating index...
index created!
Running per image evaluation...
Evaluate annotation type *bbox*
DONE (t=1.44s).
Accumulating evaluation results...
DONE (t=0.46s).
 Average Precision  (AP) @[ IoU=0.50:0.95 | area=   all | maxDets=100 ] = 0.202
 Average Precision  (AP) @[ IoU=0.50      | area=   all | maxDets=100 ] = 0.305
 Average Precision  (AP) @[ IoU=0.75      | area=   all | maxDets=100 ] = 0.224
 Average Precision  (AP) @[ IoU=0.50:0.95 | area= small | maxDets=100 ] = 0.078
 Average Precision  (AP) @[ IoU=0.50:0.95 | area=medium | maxDets=100 ] = 0.215
 Average Precision  (AP) @[ IoU=0.50:0.95 | area= large | maxDets=100 ] = 0.282
 Average Recall     (AR) @[ IoU=0.50:0.95 | area=   all | maxDets=  1 ] = 0.224
 Average Recall     (AR) @[ IoU=0.50:0.95 | area=   all | maxDets= 10 ] = 0.315
 Average Recall     (AR) @[ IoU=0.50:0.95 | area=   all | maxDets=100 ] = 0.327
 Average Recall     (AR) @[ IoU=0.50:0.95 | area= small | maxDets=100 ] = 0.113
 Average Recall     (AR) @[ IoU=0.50:0.95 | area=medium | maxDets=100 ] = 0.340
 Average Recall     (AR) @[ IoU=0.50:0.95 | area= large | maxDets=100 ] = 0.465
sweep 46/96: alpha=1.5, beta=1.0, threshold=0.2, top_k=200, nms=0.4
creating index...
index created!
Loading and preparing results...
DONE (t=0.01s)
creating index...
index created!
Running per image evaluation...
Evaluate annotation type *bbox*
DONE (t=1.18s).
Accumulating evaluation results...
DONE (t=0.43s).
 Average Precision  (AP) @[ IoU=0.50:0.95 | area=   all | maxDets=100 ] = 0.203
 Average Precision  (AP) @[ IoU=0.50      | area=   all | maxDets=100 ] = 0.315
 Average Precision  (AP) @[ IoU=0.75      | area=   all | maxDets=100 ] = 0.222
 Average Precision  (AP) @[ IoU=0.50:0.95 | area= small | maxDets=100 ] = 0.074
 Average Precision  (AP) @[ IoU=0.50:0.95 | area=medium | maxDets=100 ] = 0.216
 Average Precision  (AP) @[ IoU=0.50:0.95 | area= large | maxDets=100 ] = 0.286
 Average Recall     (AR) @[ IoU=0.50:0.95 | area=   all | maxDets=  1 ] = 0.224
 Average Recall     (AR) @[ IoU=0.50:0.95 | area=   all | maxDets= 10 ] = 0.304
 Average Recall     (AR) @[ IoU=0.50:0.95 | area=   all | maxDets=100 ] = 0.310
 Average Recall     (AR) @[ IoU=0.50:0.95 | area= small | maxDets=100 ] = 0.106
 Average Recall     (AR) @[ IoU=0.50:0.95 | area=medium | maxDets=100 ] = 0.323
 Average Recall     (AR) @[ IoU=0.50:0.95 | area= large | maxDets=100 ] = 0.450
sweep 47/96: alpha=1.5, beta=1.0, threshold=0.2, top_k=200, nms=0.5
creating index...
index created!
Loading and preparing results...
DONE (t=0.01s)
creating index...
index created!
Running per image evaluation...
Evaluate annotation type *bbox*
DONE (t=1.30s).
Accumulating evaluation results...
DONE (t=0.44s).
 Average Precision  (AP) @[ IoU=0.50:0.95 | area=   all | maxDets=100 ] = 0.204
 Average Precision  (AP) @[ IoU=0.50      | area=   all | maxDets=100 ] = 0.314
 Average Precision  (AP) @[ IoU=0.75      | area=   all | maxDets=100 ] = 0.223
 Average Precision  (AP) @[ IoU=0.50:0.95 | area= small | maxDets=100 ] = 0.076
 Average Precision  (AP) @[ IoU=0.50:0.95 | area=medium | maxDets=100 ] = 0.216
 Average Precision  (AP) @[ IoU=0.50:0.95 | area= large | maxDets=100 ] = 0.286
 Average Recall     (AR) @[ IoU=0.50:0.95 | area=   all | maxDets=  1 ] = 0.224
 Average Recall     (AR) @[ IoU=0.50:0.95 | area=   all | maxDets= 10 ] = 0.310
 Average Recall     (AR) @[ IoU=0.50:0.95 | area=   all | maxDets=100 ] = 0.319
 Average Recall     (AR) @[ IoU=0.50:0.95 | area= small | maxDets=100 ] = 0.110
 Average Recall     (AR) @[ IoU=0.50:0.95 | area=medium | maxDets=100 ] = 0.331
 Average Recall     (AR) @[ IoU=0.50:0.95 | area= large | maxDets=100 ] = 0.456
sweep 48/96: alpha=1.5, beta=1.0, threshold=0.2, top_k=200, nms=0.6
creating index...
index created!
Loading and preparing results...
DONE (t=0.01s)
creating index...
index created!
Running per image evaluation...
Evaluate annotation type *bbox*
DONE (t=1.51s).
Accumulating evaluation results...
DONE (t=0.46s).
 Average Precision  (AP) @[ IoU=0.50:0.95 | area=   all | maxDets=100 ] = 0.202
 Average Precision  (AP) @[ IoU=0.50      | area=   all | maxDets=100 ] = 0.305
 Average Precision  (AP) @[ IoU=0.75      | area=   all | maxDets=100 ] = 0.224
 Average Precision  (AP) @[ IoU=0.50:0.95 | area= small | maxDets=100 ] = 0.078
 Average Precision  (AP) @[ IoU=0.50:0.95 | area=medium | maxDets=100 ] = 0.215
 Average Precision  (AP) @[ IoU=0.50:0.95 | area= large | maxDets=100 ] = 0.282
 Average Recall     (AR) @[ IoU=0.50:0.95 | area=   all | maxDets=  1 ] = 0.224
 Average Recall     (AR) @[ IoU=0.50:0.95 | area=   all | maxDets= 10 ] = 0.315
 Average Recall     (AR) @[ IoU=0.50:0.95 | area=   all | maxDets=100 ] = 0.327
 Average Recall     (AR) @[ IoU=0.50:0.95 | area= small | maxDets=100 ] = 0.114
 Average Recall     (AR) @[ IoU=0.50:0.95 | area=medium | maxDets=100 ] = 0.341
 Average Recall     (AR) @[ IoU=0.50:0.95 | area= large | maxDets=100 ] = 0.465
sweep 49/96: alpha=2.0, beta=1.0, threshold=0.03, top_k=20, nms=0.4
creating index...
index created!
Loading and preparing results...
DONE (t=0.01s)
creating index...
index created!
Running per image evaluation...
Evaluate annotation type *bbox*
DONE (t=1.11s).
Accumulating evaluation results...
DONE (t=0.45s).
 Average Precision  (AP) @[ IoU=0.50:0.95 | area=   all | maxDets=100 ] = 0.204
 Average Precision  (AP) @[ IoU=0.50      | area=   all | maxDets=100 ] = 0.312
 Average Precision  (AP) @[ IoU=0.75      | area=   all | maxDets=100 ] = 0.224
 Average Precision  (AP) @[ IoU=0.50:0.95 | area= small | maxDets=100 ] = 0.068
 Average Precision  (AP) @[ IoU=0.50:0.95 | area=medium | maxDets=100 ] = 0.217
 Average Precision  (AP) @[ IoU=0.50:0.95 | area= large | maxDets=100 ] = 0.288
 Average Recall     (AR) @[ IoU=0.50:0.95 | area=   all | maxDets=  1 ] = 0.229
 Average Recall     (AR) @[ IoU=0.50:0.95 | area=   all | maxDets= 10 ] = 0.307
 Average Recall     (AR) @[ IoU=0.50:0.95 | area=   all | maxDets=100 ] = 0.309
 Average Recall     (AR) @[ IoU=0.50:0.95 | area= small | maxDets=100 ] = 0.094
 Average Recall     (AR) @[ IoU=0.50:0.95 | area=medium | maxDets=100 ] = 0.319
 Average Recall     (AR) @[ IoU=0.50:0.95 | area= large | maxDets=100 ] = 0.464
sweep 50/96: alpha=2.0, beta=1.0, threshold=0.03, top_k=20, nms=0.5
creating index...
index created!
Loading and preparing results...
DONE (t=0.01s)
creating index...
index created!
Running per image evaluation...
Evaluate annotation type *bbox*
DONE (t=1.10s).
Accumulating evaluation results...
DONE (t=0.45s).
 Average Precision  (AP) @[ IoU=0.50:0.95 | area=   all | maxDets=100 ] = 0.205
 Average Precision  (AP) @[ IoU=0.50      | area=   all | maxDets=100 ] = 0.309
 Average Precision  (AP) @[ IoU=0.75      | area=   all | maxDets=100 ] = 0.226
 Average Precision  (AP) @[ IoU=0.50:0.95 | area= small | maxDets=100 ] = 0.069
 Average Precision  (AP) @[ IoU=0.50:0.95 | area=medium | maxDets=100 ] = 0.215
 Average Precision  (AP) @[ IoU=0.50:0.95 | area= large | maxDets=100 ] = 0.289
 Average Recall     (AR) @[ IoU=0.50:0.95 | area=   all | maxDets=  1 ] = 0.227
 Average Recall     (AR) @[ IoU=0.50:0.95 | area=   all | maxDets= 10 ] = 0.311
 Average Recall     (AR) @[ IoU=0.50:0.95 | area=   all | maxDets=100 ] = 0.313
 Average Recall     (AR) @[ IoU=0.50:0.95 | area= small | maxDets=100 ] = 0.094
 Average Recall     (AR) @[ IoU=0.50:0.95 | area=medium | maxDets=100 ] = 0.316
 Average Recall     (AR) @[ IoU=0.50:0.95 | area= large | maxDets=100 ] = 0.468
sweep 51/96: alpha=2.0, beta=1.0, threshold=0.03, top_k=20, nms=0.6
creating index...
index created!
Loading and preparing results...
DONE (t=0.01s)
creating index...
index created!
Running per image evaluation...
Evaluate annotation type *bbox*
DONE (t=1.10s).
Accumulating evaluation results...
DONE (t=0.44s).
 Average Precision  (AP) @[ IoU=0.50:0.95 | area=   all | maxDets=100 ] = 0.201
 Average Precision  (AP) @[ IoU=0.50      | area=   all | maxDets=100 ] = 0.298
 Average Precision  (AP) @[ IoU=0.75      | area=   all | maxDets=100 ] = 0.225
 Average Precision  (AP) @[ IoU=0.50:0.95 | area= small | maxDets=100 ] = 0.070
 Average Precision  (AP) @[ IoU=0.50:0.95 | area=medium | maxDets=100 ] = 0.213
 Average Precision  (AP) @[ IoU=0.50:0.95 | area= large | maxDets=100 ] = 0.283
 Average Recall     (AR) @[ IoU=0.50:0.95 | area=   all | maxDets=  1 ] = 0.225
 Average Recall     (AR) @[ IoU=0.50:0.95 | area=   all | maxDets= 10 ] = 0.310
 Average Recall     (AR) @[ IoU=0.50:0.95 | area=   all | maxDets=100 ] = 0.312
 Average Recall     (AR) @[ IoU=0.50:0.95 | area= small | maxDets=100 ] = 0.093
 Average Recall     (AR) @[ IoU=0.50:0.95 | area=medium | maxDets=100 ] = 0.310
 Average Recall     (AR) @[ IoU=0.50:0.95 | area= large | maxDets=100 ] = 0.465
sweep 52/96: alpha=2.0, beta=1.0, threshold=0.03, top_k=50, nms=0.4
creating index...
index created!
Loading and preparing results...
DONE (t=0.02s)
creating index...
index created!
Running per image evaluation...
Evaluate annotation type *bbox*
DONE (t=1.69s).
Accumulating evaluation results...
DONE (t=0.59s).
 Average Precision  (AP) @[ IoU=0.50:0.95 | area=   all | maxDets=100 ] = 0.209
 Average Precision  (AP) @[ IoU=0.50      | area=   all | maxDets=100 ] = 0.324
 Average Precision  (AP) @[ IoU=0.75      | area=   all | maxDets=100 ] = 0.228
 Average Precision  (AP) @[ IoU=0.50:0.95 | area= small | maxDets=100 ] = 0.076
 Average Precision  (AP) @[ IoU=0.50:0.95 | area=medium | maxDets=100 ] = 0.225
 Average Precision  (AP) @[ IoU=0.50:0.95 | area= large | maxDets=100 ] = 0.292
 Average Recall     (AR) @[ IoU=0.50:0.95 | area=   all | maxDets=  1 ] = 0.239
 Average Recall     (AR) @[ IoU=0.50:0.95 | area=   all | maxDets= 10 ] = 0.336
 Average Recall     (AR) @[ IoU=0.50:0.95 | area=   all | maxDets=100 ] = 0.343
 Average Recall     (AR) @[ IoU=0.50:0.95 | area= small | maxDets=100 ] = 0.113
 Average Recall     (AR) @[ IoU=0.50:0.95 | area=medium | maxDets=100 ] = 0.363
 Average Recall     (AR) @[ IoU=0.50:0.95 | area= large | maxDets=100 ] = 0.496
sweep 53/96: alpha=2.0, beta=1.0, threshold=0.03, top_k=50, nms=0.5
creating index...
index created!
Loading and preparing results...
DONE (t=0.13s)
creating index...
index created!
Running per image evaluation...
Evaluate annotation type *bbox*
DONE (t=1.61s).
Accumulating evaluation results...
DONE (t=0.58s).
 Average Precision  (AP) @[ IoU=0.50:0.95 | area=   all | maxDets=100 ] = 0.210
 Average Precision  (AP) @[ IoU=0.50      | area=   all | maxDets=100 ] = 0.321
 Average Precision  (AP) @[ IoU=0.75      | area=   all | maxDets=100 ] = 0.230
 Average Precision  (AP) @[ IoU=0.50:0.95 | area= small | maxDets=100 ] = 0.078
 Average Precision  (AP) @[ IoU=0.50:0.95 | area=medium | maxDets=100 ] = 0.224
 Average Precision  (AP) @[ IoU=0.50:0.95 | area= large | maxDets=100 ] = 0.293
 Average Recall     (AR) @[ IoU=0.50:0.95 | area=   all | maxDets=  1 ] = 0.238
 Average Recall     (AR) @[ IoU=0.50:0.95 | area=   all | maxDets= 10 ] = 0.341
 Average Recall     (AR) @[ IoU=0.50:0.95 | area=   all | maxDets=100 ] = 0.349
 Average Recall     (AR) @[ IoU=0.50:0.95 | area= small | maxDets=100 ] = 0.118
 Average Recall     (AR) @[ IoU=0.50:0.95 | area=medium | maxDets=100 ] = 0.365
 Average Recall     (AR) @[ IoU=0.50:0.95 | area= large | maxDets=100 ] = 0.502
sweep 54/96: alpha=2.0, beta=1.0, threshold=0.03, top_k=50, nms=0.6
creating index...
index created!
Loading and preparing results...
DONE (t=0.02s)
creating index...
index created!
Running per image evaluation...
Evaluate annotation type *bbox*
DONE (t=1.63s).
Accumulating evaluation results...
DONE (t=0.58s).
 Average Precision  (AP) @[ IoU=0.50:0.95 | area=   all | maxDets=100 ] = 0.207
 Average Precision  (AP) @[ IoU=0.50      | area=   all | maxDets=100 ] = 0.310
 Average Precision  (AP) @[ IoU=0.75      | area=   all | maxDets=100 ] = 0.230
 Average Precision  (AP) @[ IoU=0.50:0.95 | area= small | maxDets=100 ] = 0.079
 Average Precision  (AP) @[ IoU=0.50:0.95 | area=medium | maxDets=100 ] = 0.222
 Average Precision  (AP) @[ IoU=0.50:0.95 | area= large | maxDets=100 ] = 0.287
 Average Recall     (AR) @[ IoU=0.50:0.95 | area=   all | maxDets=  1 ] = 0.237
 Average Recall     (AR) @[ IoU=0.50:0.95 | area=   all | maxDets= 10 ] = 0.341
 Average Recall     (AR) @[ IoU=0.50:0.95 | area=   all | maxDets=100 ] = 0.352
 Average Recall     (AR) @[ IoU=0.50:0.95 | area= small | maxDets=100 ] = 0.117
 Average Recall     (AR) @[ IoU=0.50:0.95 | area=medium | maxDets=100 ] = 0.369
 Average Recall     (AR) @[ IoU=0.50:0.95 | area= large | maxDets=100 ] = 0.505
sweep 55/96: alpha=2.0, beta=1.0, threshold=0.03, top_k=100, nms=0.4
creating index...
index created!
Loading and preparing results...
DONE (t=0.11s)
creating index...
index created!
Running per image evaluation...
Evaluate annotation type *bbox*
DONE (t=1.94s).
Accumulating evaluation results...
DONE (t=0.65s).
 Average Precision  (AP) @[ IoU=0.50:0.95 | area=   all | maxDets=100 ] = 0.210
 Average Precision  (AP) @[ IoU=0.50      | area=   all | maxDets=100 ] = 0.326
 Average Precision  (AP) @[ IoU=0.75      | area=   all | maxDets=100 ] = 0.229
 Average Precision  (AP) @[ IoU=0.50:0.95 | area= small | maxDets=100 ] = 0.079
 Average Precision  (AP) @[ IoU=0.50:0.95 | area=medium | maxDets=100 ] = 0.225
 Average Precision  (AP) @[ IoU=0.50:0.95 | area= large | maxDets=100 ] = 0.292
 Average Recall     (AR) @[ IoU=0.50:0.95 | area=   all | maxDets=  1 ] = 0.245
 Average Recall     (AR) @[ IoU=0.50:0.95 | area=   all | maxDets= 10 ] = 0.346
 Average Recall     (AR) @[ IoU=0.50:0.95 | area=   all | maxDets=100 ] = 0.356
 Average Recall     (AR) @[ IoU=0.50:0.95 | area= small | maxDets=100 ] = 0.124
 Average Recall     (AR) @[ IoU=0.50:0.95 | area=medium | maxDets=100 ] = 0.378
 Average Recall     (AR) @[ IoU=0.50:0.95 | area= large | maxDets=100 ] = 0.502
sweep 56/96: alpha=2.0, beta=1.0, threshold=0.03, top_k=100, nms=0.5
creating index...
index created!
Loading and preparing results...
DONE (t=0.12s)
creating index...
index created!
Running per image evaluation...
Evaluate annotation type *bbox*
DONE (t=2.09s).
Accumulating evaluation results...
DONE (t=0.67s).
 Average Precision  (AP) @[ IoU=0.50:0.95 | area=   all | maxDets=100 ] = 0.211
 Average Precision  (AP) @[ IoU=0.50      | area=   all | maxDets=100 ] = 0.324
 Average Precision  (AP) @[ IoU=0.75      | area=   all | maxDets=100 ] = 0.231
 Average Precision  (AP) @[ IoU=0.50:0.95 | area= small | maxDets=100 ] = 0.080
 Average Precision  (AP) @[ IoU=0.50:0.95 | area=medium | maxDets=100 ] = 0.226
 Average Precision  (AP) @[ IoU=0.50:0.95 | area= large | maxDets=100 ] = 0.294
 Average Recall     (AR) @[ IoU=0.50:0.95 | area=   all | maxDets=  1 ] = 0.244
 Average Recall     (AR) @[ IoU=0.50:0.95 | area=   all | maxDets= 10 ] = 0.356
 Average Recall     (AR) @[ IoU=0.50:0.95 | area=   all | maxDets=100 ] = 0.368
 Average Recall     (AR) @[ IoU=0.50:0.95 | area= small | maxDets=100 ] = 0.129
 Average Recall     (AR) @[ IoU=0.50:0.95 | area=medium | maxDets=100 ] = 0.388
 Average Recall     (AR) @[ IoU=0.50:0.95 | area= large | maxDets=100 ] = 0.519
sweep 57/96: alpha=2.0, beta=1.0, threshold=0.03, top_k=100, nms=0.6
creating index...
index created!
Loading and preparing results...
DONE (t=0.13s)
creating index...
index created!
Running per image evaluation...
Evaluate annotation type *bbox*
DONE (t=2.08s).
Accumulating evaluation results...
DONE (t=0.69s).
 Average Precision  (AP) @[ IoU=0.50:0.95 | area=   all | maxDets=100 ] = 0.208
 Average Precision  (AP) @[ IoU=0.50      | area=   all | maxDets=100 ] = 0.314
 Average Precision  (AP) @[ IoU=0.75      | area=   all | maxDets=100 ] = 0.231
 Average Precision  (AP) @[ IoU=0.50:0.95 | area= small | maxDets=100 ] = 0.082
 Average Precision  (AP) @[ IoU=0.50:0.95 | area=medium | maxDets=100 ] = 0.225
 Average Precision  (AP) @[ IoU=0.50:0.95 | area= large | maxDets=100 ] = 0.288
 Average Recall     (AR) @[ IoU=0.50:0.95 | area=   all | maxDets=  1 ] = 0.240
 Average Recall     (AR) @[ IoU=0.50:0.95 | area=   all | maxDets= 10 ] = 0.357
 Average Recall     (AR) @[ IoU=0.50:0.95 | area=   all | maxDets=100 ] = 0.373
 Average Recall     (AR) @[ IoU=0.50:0.95 | area= small | maxDets=100 ] = 0.130
 Average Recall     (AR) @[ IoU=0.50:0.95 | area=medium | maxDets=100 ] = 0.397
 Average Recall     (AR) @[ IoU=0.50:0.95 | area= large | maxDets=100 ] = 0.525
sweep 58/96: alpha=2.0, beta=1.0, threshold=0.03, top_k=200, nms=0.4
creating index...
index created!
Loading and preparing results...
DONE (t=0.14s)
creating index...
index created!
Running per image evaluation...
Evaluate annotation type *bbox*
DONE (t=2.19s).
Accumulating evaluation results...
DONE (t=0.68s).
 Average Precision  (AP) @[ IoU=0.50:0.95 | area=   all | maxDets=100 ] = 0.210
 Average Precision  (AP) @[ IoU=0.50      | area=   all | maxDets=100 ] = 0.327
 Average Precision  (AP) @[ IoU=0.75      | area=   all | maxDets=100 ] = 0.229
 Average Precision  (AP) @[ IoU=0.50:0.95 | area= small | maxDets=100 ] = 0.079
 Average Precision  (AP) @[ IoU=0.50:0.95 | area=medium | maxDets=100 ] = 0.226
 Average Precision  (AP) @[ IoU=0.50:0.95 | area= large | maxDets=100 ] = 0.292
 Average Recall     (AR) @[ IoU=0.50:0.95 | area=   all | maxDets=  1 ] = 0.246
 Average Recall     (AR) @[ IoU=0.50:0.95 | area=   all | maxDets= 10 ] = 0.348
 Average Recall     (AR) @[ IoU=0.50:0.95 | area=   all | maxDets=100 ] = 0.359
 Average Recall     (AR) @[ IoU=0.50:0.95 | area= small | maxDets=100 ] = 0.126
 Average Recall     (AR) @[ IoU=0.50:0.95 | area=medium | maxDets=100 ] = 0.383
 Average Recall     (AR) @[ IoU=0.50:0.95 | area= large | maxDets=100 ] = 0.505
sweep 59/96: alpha=2.0, beta=1.0, threshold=0.03, top_k=200, nms=0.5
creating index...
index created!
Loading and preparing results...
DONE (t=0.03s)
creating index...
index created!
Running per image evaluation...
Evaluate annotation type *bbox*
DONE (t=2.39s).
Accumulating evaluation results...
DONE (t=0.72s).
 Average Precision  (AP) @[ IoU=0.50:0.95 | area=   all | maxDets=100 ] = 0.212
 Average Precision  (AP) @[ IoU=0.50      | area=   all | maxDets=100 ] = 0.325
 Average Precision  (AP) @[ IoU=0.75      | area=   all | maxDets=100 ] = 0.231
 Average Precision  (AP) @[ IoU=0.50:0.95 | area= small | maxDets=100 ] = 0.081
 Average Precision  (AP) @[ IoU=0.50:0.95 | area=medium | maxDets=100 ] = 0.226
 Average Precision  (AP) @[ IoU=0.50:0.95 | area= large | maxDets=100 ] = 0.294
 Average Recall     (AR) @[ IoU=0.50:0.95 | area=   all | maxDets=  1 ] = 0.246
 Average Recall     (AR) @[ IoU=0.50:0.95 | area=   all | maxDets= 10 ] = 0.359
 Average Recall     (AR) @[ IoU=0.50:0.95 | area=   all | maxDets=100 ] = 0.373
 Average Recall     (AR) @[ IoU=0.50:0.95 | area= small | maxDets=100 ] = 0.134
 Average Recall     (AR) @[ IoU=0.50:0.95 | area=medium | maxDets=100 ] = 0.394
 Average Recall     (AR) @[ IoU=0.50:0.95 | area= large | maxDets=100 ] = 0.523
sweep 60/96: alpha=2.0, beta=1.0, threshold=0.03, top_k=200, nms=0.6
creating index...
index created!
Loading and preparing results...
DONE (t=0.15s)
creating index...
index created!
Running per image evaluation...
Evaluate annotation type *bbox*
DONE (t=2.64s).
Accumulating evaluation results...
DONE (t=0.76s).
 Average Precision  (AP) @[ IoU=0.50:0.95 | area=   all | maxDets=100 ] = 0.209
 Average Precision  (AP) @[ IoU=0.50      | area=   all | maxDets=100 ] = 0.315
 Average Precision  (AP) @[ IoU=0.75      | area=   all | maxDets=100 ] = 0.232
 Average Precision  (AP) @[ IoU=0.50:0.95 | area= small | maxDets=100 ] = 0.084
 Average Precision  (AP) @[ IoU=0.50:0.95 | area=medium | maxDets=100 ] = 0.226
 Average Precision  (AP) @[ IoU=0.50:0.95 | area= large | maxDets=100 ] = 0.288
 Average Recall     (AR) @[ IoU=0.50:0.95 | area=   all | maxDets=  1 ] = 0.245
 Average Recall     (AR) @[ IoU=0.50:0.95 | area=   all | maxDets= 10 ] = 0.365
 Average Recall     (AR) @[ IoU=0.50:0.95 | area=   all | maxDets=100 ] = 0.385
 Average Recall     (AR) @[ IoU=0.50:0.95 | area= small | maxDets=100 ] = 0.139
 Average Recall     (AR) @[ IoU=0.50:0.95 | area=medium | maxDets=100 ] = 0.412
 Average Recall     (AR) @[ IoU=0.50:0.95 | area= large | maxDets=100 ] = 0.527
sweep 61/96: alpha=2.0, beta=1.0, threshold=0.05, top_k=20, nms=0.4
creating index...
index created!
Loading and preparing results...
DONE (t=0.01s)
creating index...
index created!
Running per image evaluation...
Evaluate annotation type *bbox*
DONE (t=1.00s).
Accumulating evaluation results...
DONE (t=0.45s).
 Average Precision  (AP) @[ IoU=0.50:0.95 | area=   all | maxDets=100 ] = 0.204
 Average Precision  (AP) @[ IoU=0.50      | area=   all | maxDets=100 ] = 0.311
 Average Precision  (AP) @[ IoU=0.75      | area=   all | maxDets=100 ] = 0.224
 Average Precision  (AP) @[ IoU=0.50:0.95 | area= small | maxDets=100 ] = 0.068
 Average Precision  (AP) @[ IoU=0.50:0.95 | area=medium | maxDets=100 ] = 0.217
 Average Precision  (AP) @[ IoU=0.50:0.95 | area= large | maxDets=100 ] = 0.288
 Average Recall     (AR) @[ IoU=0.50:0.95 | area=   all | maxDets=  1 ] = 0.228
 Average Recall     (AR) @[ IoU=0.50:0.95 | area=   all | maxDets= 10 ] = 0.306
 Average Recall     (AR) @[ IoU=0.50:0.95 | area=   all | maxDets=100 ] = 0.308
 Average Recall     (AR) @[ IoU=0.50:0.95 | area= small | maxDets=100 ] = 0.094
 Average Recall     (AR) @[ IoU=0.50:0.95 | area=medium | maxDets=100 ] = 0.318
 Average Recall     (AR) @[ IoU=0.50:0.95 | area= large | maxDets=100 ] = 0.462
sweep 62/96: alpha=2.0, beta=1.0, threshold=0.05, top_k=20, nms=0.5
creating index...
index created!
Loading and preparing results...
DONE (t=0.01s)
creating index...
index created!
Running per image evaluation...
Evaluate annotation type *bbox*
DONE (t=1.09s).
Accumulating evaluation results...
DONE (t=0.44s).
 Average Precision  (AP) @[ IoU=0.50:0.95 | area=   all | maxDets=100 ] = 0.205
 Average Precision  (AP) @[ IoU=0.50      | area=   all | maxDets=100 ] = 0.309
 Average Precision  (AP) @[ IoU=0.75      | area=   all | maxDets=100 ] = 0.226
 Average Precision  (AP) @[ IoU=0.50:0.95 | area= small | maxDets=100 ] = 0.069
 Average Precision  (AP) @[ IoU=0.50:0.95 | area=medium | maxDets=100 ] = 0.215
 Average Precision  (AP) @[ IoU=0.50:0.95 | area= large | maxDets=100 ] = 0.289
 Average Recall     (AR) @[ IoU=0.50:0.95 | area=   all | maxDets=  1 ] = 0.227
 Average Recall     (AR) @[ IoU=0.50:0.95 | area=   all | maxDets= 10 ] = 0.310
 Average Recall     (AR) @[ IoU=0.50:0.95 | area=   all | maxDets=100 ] = 0.312
 Average Recall     (AR) @[ IoU=0.50:0.95 | area= small | maxDets=100 ] = 0.094
 Average Recall     (AR) @[ IoU=0.50:0.95 | area=medium | maxDets=100 ] = 0.316
 Average Recall     (AR) @[ IoU=0.50:0.95 | area= large | maxDets=100 ] = 0.466
sweep 63/96: alpha=2.0, beta=1.0, threshold=0.05, top_k=20, nms=0.6
creating index...
index created!
Loading and preparing results...
DONE (t=0.01s)
creating index...
index created!
Running per image evaluation...
Evaluate annotation type *bbox*
DONE (t=1.06s).
Accumulating evaluation results...
DONE (t=0.44s).
 Average Precision  (AP) @[ IoU=0.50:0.95 | area=   all | maxDets=100 ] = 0.201
 Average Precision  (AP) @[ IoU=0.50      | area=   all | maxDets=100 ] = 0.298
 Average Precision  (AP) @[ IoU=0.75      | area=   all | maxDets=100 ] = 0.225
 Average Precision  (AP) @[ IoU=0.50:0.95 | area= small | maxDets=100 ] = 0.070
 Average Precision  (AP) @[ IoU=0.50:0.95 | area=medium | maxDets=100 ] = 0.213
 Average Precision  (AP) @[ IoU=0.50:0.95 | area= large | maxDets=100 ] = 0.283
 Average Recall     (AR) @[ IoU=0.50:0.95 | area=   all | maxDets=  1 ] = 0.224
 Average Recall     (AR) @[ IoU=0.50:0.95 | area=   all | maxDets= 10 ] = 0.309
 Average Recall     (AR) @[ IoU=0.50:0.95 | area=   all | maxDets=100 ] = 0.312
 Average Recall     (AR) @[ IoU=0.50:0.95 | area= small | maxDets=100 ] = 0.093
 Average Recall     (AR) @[ IoU=0.50:0.95 | area=medium | maxDets=100 ] = 0.310
 Average Recall     (AR) @[ IoU=0.50:0.95 | area= large | maxDets=100 ] = 0.463
sweep 64/96: alpha=2.0, beta=1.0, threshold=0.05, top_k=50, nms=0.4
creating index...
index created!
Loading and preparing results...
DONE (t=0.01s)
creating index...
index created!
Running per image evaluation...
Evaluate annotation type *bbox*
DONE (t=1.47s).
Accumulating evaluation results...
DONE (t=0.54s).
 Average Precision  (AP) @[ IoU=0.50:0.95 | area=   all | maxDets=100 ] = 0.209
 Average Precision  (AP) @[ IoU=0.50      | area=   all | maxDets=100 ] = 0.323
 Average Precision  (AP) @[ IoU=0.75      | area=   all | maxDets=100 ] = 0.228
 Average Precision  (AP) @[ IoU=0.50:0.95 | area= small | maxDets=100 ] = 0.076
 Average Precision  (AP) @[ IoU=0.50:0.95 | area=medium | maxDets=100 ] = 0.224
 Average Precision  (AP) @[ IoU=0.50:0.95 | area= large | maxDets=100 ] = 0.291
 Average Recall     (AR) @[ IoU=0.50:0.95 | area=   all | maxDets=  1 ] = 0.238
 Average Recall     (AR) @[ IoU=0.50:0.95 | area=   all | maxDets= 10 ] = 0.333
 Average Recall     (AR) @[ IoU=0.50:0.95 | area=   all | maxDets=100 ] = 0.340
 Average Recall     (AR) @[ IoU=0.50:0.95 | area= small | maxDets=100 ] = 0.113
 Average Recall     (AR) @[ IoU=0.50:0.95 | area=medium | maxDets=100 ] = 0.360
 Average Recall     (AR) @[ IoU=0.50:0.95 | area= large | maxDets=100 ] = 0.490
sweep 65/96: alpha=2.0, beta=1.0, threshold=0.05, top_k=50, nms=0.5
creating index...
index created!
Loading and preparing results...
DONE (t=0.02s)
creating index...
index created!
Running per image evaluation...
Evaluate annotation type *bbox*
DONE (t=1.52s).
Accumulating evaluation results...
DONE (t=0.55s).
 Average Precision  (AP) @[ IoU=0.50:0.95 | area=   all | maxDets=100 ] = 0.210
 Average Precision  (AP) @[ IoU=0.50      | area=   all | maxDets=100 ] = 0.321
 Average Precision  (AP) @[ IoU=0.75      | area=   all | maxDets=100 ] = 0.230
 Average Precision  (AP) @[ IoU=0.50:0.95 | area= small | maxDets=100 ] = 0.078
 Average Precision  (AP) @[ IoU=0.50:0.95 | area=medium | maxDets=100 ] = 0.224
 Average Precision  (AP) @[ IoU=0.50:0.95 | area= large | maxDets=100 ] = 0.293
 Average Recall     (AR) @[ IoU=0.50:0.95 | area=   all | maxDets=  1 ] = 0.237
 Average Recall     (AR) @[ IoU=0.50:0.95 | area=   all | maxDets= 10 ] = 0.339
 Average Recall     (AR) @[ IoU=0.50:0.95 | area=   all | maxDets=100 ] = 0.347
 Average Recall     (AR) @[ IoU=0.50:0.95 | area= small | maxDets=100 ] = 0.117
 Average Recall     (AR) @[ IoU=0.50:0.95 | area=medium | maxDets=100 ] = 0.364
 Average Recall     (AR) @[ IoU=0.50:0.95 | area= large | maxDets=100 ] = 0.499
sweep 66/96: alpha=2.0, beta=1.0, threshold=0.05, top_k=50, nms=0.6
creating index...
index created!
Loading and preparing results...
DONE (t=0.11s)
creating index...
index created!
Running per image evaluation...
Evaluate annotation type *bbox*
DONE (t=1.45s).
Accumulating evaluation results...
DONE (t=0.55s).
 Average Precision  (AP) @[ IoU=0.50:0.95 | area=   all | maxDets=100 ] = 0.207
 Average Precision  (AP) @[ IoU=0.50      | area=   all | maxDets=100 ] = 0.310
 Average Precision  (AP) @[ IoU=0.75      | area=   all | maxDets=100 ] = 0.230
 Average Precision  (AP) @[ IoU=0.50:0.95 | area= small | maxDets=100 ] = 0.079
 Average Precision  (AP) @[ IoU=0.50:0.95 | area=medium | maxDets=100 ] = 0.222
 Average Precision  (AP) @[ IoU=0.50:0.95 | area= large | maxDets=100 ] = 0.287
 Average Recall     (AR) @[ IoU=0.50:0.95 | area=   all | maxDets=  1 ] = 0.236
 Average Recall     (AR) @[ IoU=0.50:0.95 | area=   all | maxDets= 10 ] = 0.340
 Average Recall     (AR) @[ IoU=0.50:0.95 | area=   all | maxDets=100 ] = 0.350
 Average Recall     (AR) @[ IoU=0.50:0.95 | area= small | maxDets=100 ] = 0.116
 Average Recall     (AR) @[ IoU=0.50:0.95 | area=medium | maxDets=100 ] = 0.368
 Average Recall     (AR) @[ IoU=0.50:0.95 | area= large | maxDets=100 ] = 0.502
sweep 67/96: alpha=2.0, beta=1.0, threshold=0.05, top_k=100, nms=0.4
creating index...
index created!
Loading and preparing results...
DONE (t=0.02s)
creating index...
index created!
Running per image evaluation...
Evaluate annotation type *bbox*
DONE (t=1.73s).
Accumulating evaluation results...
DONE (t=0.59s).
 Average Precision  (AP) @[ IoU=0.50:0.95 | area=   all | maxDets=100 ] = 0.210
 Average Precision  (AP) @[ IoU=0.50      | area=   all | maxDets=100 ] = 0.325
 Average Precision  (AP) @[ IoU=0.75      | area=   all | maxDets=100 ] = 0.229
 Average Precision  (AP) @[ IoU=0.50:0.95 | area= small | maxDets=100 ] = 0.078
 Average Precision  (AP) @[ IoU=0.50:0.95 | area=medium | maxDets=100 ] = 0.225
 Average Precision  (AP) @[ IoU=0.50:0.95 | area= large | maxDets=100 ] = 0.291
 Average Recall     (AR) @[ IoU=0.50:0.95 | area=   all | maxDets=  1 ] = 0.244
 Average Recall     (AR) @[ IoU=0.50:0.95 | area=   all | maxDets= 10 ] = 0.342
 Average Recall     (AR) @[ IoU=0.50:0.95 | area=   all | maxDets=100 ] = 0.351
 Average Recall     (AR) @[ IoU=0.50:0.95 | area= small | maxDets=100 ] = 0.121
 Average Recall     (AR) @[ IoU=0.50:0.95 | area=medium | maxDets=100 ] = 0.375
 Average Recall     (AR) @[ IoU=0.50:0.95 | area= large | maxDets=100 ] = 0.493
sweep 68/96: alpha=2.0, beta=1.0, threshold=0.05, top_k=100, nms=0.5
creating index...
index created!
Loading and preparing results...
DONE (t=0.02s)
creating index...
index created!
Running per image evaluation...
Evaluate annotation type *bbox*
DONE (t=1.86s).
Accumulating evaluation results...
DONE (t=0.61s).
 Average Precision  (AP) @[ IoU=0.50:0.95 | area=   all | maxDets=100 ] = 0.211
 Average Precision  (AP) @[ IoU=0.50      | area=   all | maxDets=100 ] = 0.323
 Average Precision  (AP) @[ IoU=0.75      | area=   all | maxDets=100 ] = 0.230
 Average Precision  (AP) @[ IoU=0.50:0.95 | area= small | maxDets=100 ] = 0.080
 Average Precision  (AP) @[ IoU=0.50:0.95 | area=medium | maxDets=100 ] = 0.225
 Average Precision  (AP) @[ IoU=0.50:0.95 | area= large | maxDets=100 ] = 0.293
 Average Recall     (AR) @[ IoU=0.50:0.95 | area=   all | maxDets=  1 ] = 0.243
 Average Recall     (AR) @[ IoU=0.50:0.95 | area=   all | maxDets= 10 ] = 0.350
 Average Recall     (AR) @[ IoU=0.50:0.95 | area=   all | maxDets=100 ] = 0.361
 Average Recall     (AR) @[ IoU=0.50:0.95 | area= small | maxDets=100 ] = 0.125
 Average Recall     (AR) @[ IoU=0.50:0.95 | area=medium | maxDets=100 ] = 0.385
 Average Recall     (AR) @[ IoU=0.50:0.95 | area= large | maxDets=100 ] = 0.505
sweep 69/96: alpha=2.0, beta=1.0, threshold=0.05, top_k=100, nms=0.6
creating index...
index created!
Loading and preparing results...
DONE (t=0.12s)
creating index...
index created!
Running per image evaluation...
Evaluate annotation type *bbox*
DONE (t=1.91s).
Accumulating evaluation results...
DONE (t=0.63s).
 Average Precision  (AP) @[ IoU=0.50:0.95 | area=   all | maxDets=100 ] = 0.208
 Average Precision  (AP) @[ IoU=0.50      | area=   all | maxDets=100 ] = 0.314
 Average Precision  (AP) @[ IoU=0.75      | area=   all | maxDets=100 ] = 0.231
 Average Precision  (AP) @[ IoU=0.50:0.95 | area= small | maxDets=100 ] = 0.082
 Average Precision  (AP) @[ IoU=0.50:0.95 | area=medium | maxDets=100 ] = 0.225
 Average Precision  (AP) @[ IoU=0.50:0.95 | area= large | maxDets=100 ] = 0.288
 Average Recall     (AR) @[ IoU=0.50:0.95 | area=   all | maxDets=  1 ] = 0.239
 Average Recall     (AR) @[ IoU=0.50:0.95 | area=   all | maxDets= 10 ] = 0.353
 Average Recall     (AR) @[ IoU=0.50:0.95 | area=   all | maxDets=100 ] = 0.369
 Average Recall     (AR) @[ IoU=0.50:0.95 | area= small | maxDets=100 ] = 0.129
 Average Recall     (AR) @[ IoU=0.50:0.95 | area=medium | maxDets=100 ] = 0.393
 Average Recall     (AR) @[ IoU=0.50:0.95 | area= large | maxDets=100 ] = 0.517
sweep 70/96: alpha=2.0, beta=1.0, threshold=0.05, top_k=200, nms=0.4
creating index...
index created!
Loading and preparing results...
DONE (t=0.02s)
creating index...
index created!
Running per image evaluation...
Evaluate annotation type *bbox*
DONE (t=1.86s).
Accumulating evaluation results...
DONE (t=0.61s).
 Average Precision  (AP) @[ IoU=0.50:0.95 | area=   all | maxDets=100 ] = 0.210
 Average Precision  (AP) @[ IoU=0.50      | area=   all | maxDets=100 ] = 0.326
 Average Precision  (AP) @[ IoU=0.75      | area=   all | maxDets=100 ] = 0.229
 Average Precision  (AP) @[ IoU=0.50:0.95 | area= small | maxDets=100 ] = 0.079
 Average Precision  (AP) @[ IoU=0.50:0.95 | area=medium | maxDets=100 ] = 0.225
 Average Precision  (AP) @[ IoU=0.50:0.95 | area= large | maxDets=100 ] = 0.291
 Average Recall     (AR) @[ IoU=0.50:0.95 | area=   all | maxDets=  1 ] = 0.244
 Average Recall     (AR) @[ IoU=0.50:0.95 | area=   all | maxDets= 10 ] = 0.343
 Average Recall     (AR) @[ IoU=0.50:0.95 | area=   all | maxDets=100 ] = 0.352
 Average Recall     (AR) @[ IoU=0.50:0.95 | area= small | maxDets=100 ] = 0.123
 Average Recall     (AR) @[ IoU=0.50:0.95 | area=medium | maxDets=100 ] = 0.377
 Average Recall     (AR) @[ IoU=0.50:0.95 | area= large | maxDets=100 ] = 0.494
sweep 71/96: alpha=2.0, beta=1.0, threshold=0.05, top_k=200, nms=0.5
creating index...
index created!
Loading and preparing results...
DONE (t=0.11s)
creating index...
index created!
Running per image evaluation...
Evaluate annotation type *bbox*
DONE (t=1.95s).
Accumulating evaluation results...
DONE (t=0.64s).
 Average Precision  (AP) @[ IoU=0.50:0.95 | area=   all | maxDets=100 ] = 0.211
 Average Precision  (AP) @[ IoU=0.50      | area=   all | maxDets=100 ] = 0.324
 Average Precision  (AP) @[ IoU=0.75      | area=   all | maxDets=100 ] = 0.231
 Average Precision  (AP) @[ IoU=0.50:0.95 | area= small | maxDets=100 ] = 0.080
 Average Precision  (AP) @[ IoU=0.50:0.95 | area=medium | maxDets=100 ] = 0.226
 Average Precision  (AP) @[ IoU=0.50:0.95 | area= large | maxDets=100 ] = 0.293
 Average Recall     (AR) @[ IoU=0.50:0.95 | area=   all | maxDets=  1 ] = 0.244
 Average Recall     (AR) @[ IoU=0.50:0.95 | area=   all | maxDets= 10 ] = 0.352
 Average Recall     (AR) @[ IoU=0.50:0.95 | area=   all | maxDets=100 ] = 0.365
 Average Recall     (AR) @[ IoU=0.50:0.95 | area= small | maxDets=100 ] = 0.129
 Average Recall     (AR) @[ IoU=0.50:0.95 | area=medium | maxDets=100 ] = 0.388
 Average Recall     (AR) @[ IoU=0.50:0.95 | area= large | maxDets=100 ] = 0.506
sweep 72/96: alpha=2.0, beta=1.0, threshold=0.05, top_k=200, nms=0.6
creating index...
index created!
Loading and preparing results...
DONE (t=0.13s)
creating index...
index created!
Running per image evaluation...
Evaluate annotation type *bbox*
DONE (t=2.33s).
Accumulating evaluation results...
DONE (t=0.67s).
 Average Precision  (AP) @[ IoU=0.50:0.95 | area=   all | maxDets=100 ] = 0.209
 Average Precision  (AP) @[ IoU=0.50      | area=   all | maxDets=100 ] = 0.315
 Average Precision  (AP) @[ IoU=0.75      | area=   all | maxDets=100 ] = 0.232
 Average Precision  (AP) @[ IoU=0.50:0.95 | area= small | maxDets=100 ] = 0.084
 Average Precision  (AP) @[ IoU=0.50:0.95 | area=medium | maxDets=100 ] = 0.225
 Average Precision  (AP) @[ IoU=0.50:0.95 | area= large | maxDets=100 ] = 0.288
 Average Recall     (AR) @[ IoU=0.50:0.95 | area=   all | maxDets=  1 ] = 0.244
 Average Recall     (AR) @[ IoU=0.50:0.95 | area=   all | maxDets= 10 ] = 0.360
 Average Recall     (AR) @[ IoU=0.50:0.95 | area=   all | maxDets=100 ] = 0.378
 Average Recall     (AR) @[ IoU=0.50:0.95 | area= small | maxDets=100 ] = 0.136
 Average Recall     (AR) @[ IoU=0.50:0.95 | area=medium | maxDets=100 ] = 0.405
 Average Recall     (AR) @[ IoU=0.50:0.95 | area= large | maxDets=100 ] = 0.519
sweep 73/96: alpha=2.0, beta=1.0, threshold=0.1, top_k=20, nms=0.4
creating index...
index created!
Loading and preparing results...
DONE (t=0.01s)
creating index...
index created!
Running per image evaluation...
Evaluate annotation type *bbox*
DONE (t=1.04s).
Accumulating evaluation results...
DONE (t=0.43s).
 Average Precision  (AP) @[ IoU=0.50:0.95 | area=   all | maxDets=100 ] = 0.204
 Average Precision  (AP) @[ IoU=0.50      | area=   all | maxDets=100 ] = 0.311
 Average Precision  (AP) @[ IoU=0.75      | area=   all | maxDets=100 ] = 0.224
 Average Precision  (AP) @[ IoU=0.50:0.95 | area= small | maxDets=100 ] = 0.067
 Average Precision  (AP) @[ IoU=0.50:0.95 | area=medium | maxDets=100 ] = 0.216
 Average Precision  (AP) @[ IoU=0.50:0.95 | area= large | maxDets=100 ] = 0.288
 Average Recall     (AR) @[ IoU=0.50:0.95 | area=   all | maxDets=  1 ] = 0.228
 Average Recall     (AR) @[ IoU=0.50:0.95 | area=   all | maxDets= 10 ] = 0.305
 Average Recall     (AR) @[ IoU=0.50:0.95 | area=   all | maxDets=100 ] = 0.307
 Average Recall     (AR) @[ IoU=0.50:0.95 | area= small | maxDets=100 ] = 0.093
 Average Recall     (AR) @[ IoU=0.50:0.95 | area=medium | maxDets=100 ] = 0.316
 Average Recall     (AR) @[ IoU=0.50:0.95 | area= large | maxDets=100 ] = 0.461
sweep 74/96: alpha=2.0, beta=1.0, threshold=0.1, top_k=20, nms=0.5
creating index...
index created!
Loading and preparing results...
DONE (t=0.01s)
creating index...
index created!
Running per image evaluation...
Evaluate annotation type *bbox*
DONE (t=0.95s).
Accumulating evaluation results...
DONE (t=0.43s).
 Average Precision  (AP) @[ IoU=0.50:0.95 | area=   all | maxDets=100 ] = 0.205
 Average Precision  (AP) @[ IoU=0.50      | area=   all | maxDets=100 ] = 0.309
 Average Precision  (AP) @[ IoU=0.75      | area=   all | maxDets=100 ] = 0.225
 Average Precision  (AP) @[ IoU=0.50:0.95 | area= small | maxDets=100 ] = 0.069
 Average Precision  (AP) @[ IoU=0.50:0.95 | area=medium | maxDets=100 ] = 0.215
 Average Precision  (AP) @[ IoU=0.50:0.95 | area= large | maxDets=100 ] = 0.289
 Average Recall     (AR) @[ IoU=0.50:0.95 | area=   all | maxDets=  1 ] = 0.227
 Average Recall     (AR) @[ IoU=0.50:0.95 | area=   all | maxDets= 10 ] = 0.308
 Average Recall     (AR) @[ IoU=0.50:0.95 | area=   all | maxDets=100 ] = 0.310
 Average Recall     (AR) @[ IoU=0.50:0.95 | area= small | maxDets=100 ] = 0.094
 Average Recall     (AR) @[ IoU=0.50:0.95 | area=medium | maxDets=100 ] = 0.314
 Average Recall     (AR) @[ IoU=0.50:0.95 | area= large | maxDets=100 ] = 0.465
sweep 75/96: alpha=2.0, beta=1.0, threshold=0.1, top_k=20, nms=0.6
creating index...
index created!
Loading and preparing results...
DONE (t=0.01s)
creating index...
index created!
Running per image evaluation...
Evaluate annotation type *bbox*
DONE (t=1.05s).
Accumulating evaluation results...
DONE (t=0.42s).
 Average Precision  (AP) @[ IoU=0.50:0.95 | area=   all | maxDets=100 ] = 0.201
 Average Precision  (AP) @[ IoU=0.50      | area=   all | maxDets=100 ] = 0.298
 Average Precision  (AP) @[ IoU=0.75      | area=   all | maxDets=100 ] = 0.225
 Average Precision  (AP) @[ IoU=0.50:0.95 | area= small | maxDets=100 ] = 0.070
 Average Precision  (AP) @[ IoU=0.50:0.95 | area=medium | maxDets=100 ] = 0.213
 Average Precision  (AP) @[ IoU=0.50:0.95 | area= large | maxDets=100 ] = 0.283
 Average Recall     (AR) @[ IoU=0.50:0.95 | area=   all | maxDets=  1 ] = 0.224
 Average Recall     (AR) @[ IoU=0.50:0.95 | area=   all | maxDets= 10 ] = 0.308
 Average Recall     (AR) @[ IoU=0.50:0.95 | area=   all | maxDets=100 ] = 0.310
 Average Recall     (AR) @[ IoU=0.50:0.95 | area= small | maxDets=100 ] = 0.092
 Average Recall     (AR) @[ IoU=0.50:0.95 | area=medium | maxDets=100 ] = 0.308
 Average Recall     (AR) @[ IoU=0.50:0.95 | area= large | maxDets=100 ] = 0.462
sweep 76/96: alpha=2.0, beta=1.0, threshold=0.1, top_k=50, nms=0.4
creating index...
index created!
Loading and preparing results...
DONE (t=0.01s)
creating index...
index created!
Running per image evaluation...
Evaluate annotation type *bbox*
DONE (t=1.30s).
Accumulating evaluation results...
DONE (t=0.48s).
 Average Precision  (AP) @[ IoU=0.50:0.95 | area=   all | maxDets=100 ] = 0.208
 Average Precision  (AP) @[ IoU=0.50      | area=   all | maxDets=100 ] = 0.321
 Average Precision  (AP) @[ IoU=0.75      | area=   all | maxDets=100 ] = 0.228
 Average Precision  (AP) @[ IoU=0.50:0.95 | area= small | maxDets=100 ] = 0.076
 Average Precision  (AP) @[ IoU=0.50:0.95 | area=medium | maxDets=100 ] = 0.223
 Average Precision  (AP) @[ IoU=0.50:0.95 | area= large | maxDets=100 ] = 0.290
 Average Recall     (AR) @[ IoU=0.50:0.95 | area=   all | maxDets=  1 ] = 0.235
 Average Recall     (AR) @[ IoU=0.50:0.95 | area=   all | maxDets= 10 ] = 0.326
 Average Recall     (AR) @[ IoU=0.50:0.95 | area=   all | maxDets=100 ] = 0.332
 Average Recall     (AR) @[ IoU=0.50:0.95 | area= small | maxDets=100 ] = 0.110
 Average Recall     (AR) @[ IoU=0.50:0.95 | area=medium | maxDets=100 ] = 0.352
 Average Recall     (AR) @[ IoU=0.50:0.95 | area= large | maxDets=100 ] = 0.476
sweep 77/96: alpha=2.0, beta=1.0, threshold=0.1, top_k=50, nms=0.5
creating index...
index created!
Loading and preparing results...
DONE (t=0.01s)
creating index...
index created!
Running per image evaluation...
Evaluate annotation type *bbox*
DONE (t=1.33s).
Accumulating evaluation results...
DONE (t=0.49s).
 Average Precision  (AP) @[ IoU=0.50:0.95 | area=   all | maxDets=100 ] = 0.209
 Average Precision  (AP) @[ IoU=0.50      | area=   all | maxDets=100 ] = 0.320
 Average Precision  (AP) @[ IoU=0.75      | area=   all | maxDets=100 ] = 0.229
 Average Precision  (AP) @[ IoU=0.50:0.95 | area= small | maxDets=100 ] = 0.077
 Average Precision  (AP) @[ IoU=0.50:0.95 | area=medium | maxDets=100 ] = 0.223
 Average Precision  (AP) @[ IoU=0.50:0.95 | area= large | maxDets=100 ] = 0.292
 Average Recall     (AR) @[ IoU=0.50:0.95 | area=   all | maxDets=  1 ] = 0.235
 Average Recall     (AR) @[ IoU=0.50:0.95 | area=   all | maxDets= 10 ] = 0.333
 Average Recall     (AR) @[ IoU=0.50:0.95 | area=   all | maxDets=100 ] = 0.340
 Average Recall     (AR) @[ IoU=0.50:0.95 | area= small | maxDets=100 ] = 0.113
 Average Recall     (AR) @[ IoU=0.50:0.95 | area=medium | maxDets=100 ] = 0.357
 Average Recall     (AR) @[ IoU=0.50:0.95 | area= large | maxDets=100 ] = 0.488
sweep 78/96: alpha=2.0, beta=1.0, threshold=0.1, top_k=50, nms=0.6
creating index...
index created!
Loading and preparing results...
DONE (t=0.01s)
creating index...
index created!
Running per image evaluation...
Evaluate annotation type *bbox*
DONE (t=1.42s).
Accumulating evaluation results...
DONE (t=0.50s).
 Average Precision  (AP) @[ IoU=0.50:0.95 | area=   all | maxDets=100 ] = 0.206
 Average Precision  (AP) @[ IoU=0.50      | area=   all | maxDets=100 ] = 0.309
 Average Precision  (AP) @[ IoU=0.75      | area=   all | maxDets=100 ] = 0.230
 Average Precision  (AP) @[ IoU=0.50:0.95 | area= small | maxDets=100 ] = 0.079
 Average Precision  (AP) @[ IoU=0.50:0.95 | area=medium | maxDets=100 ] = 0.221
 Average Precision  (AP) @[ IoU=0.50:0.95 | area= large | maxDets=100 ] = 0.286
 Average Recall     (AR) @[ IoU=0.50:0.95 | area=   all | maxDets=  1 ] = 0.234
 Average Recall     (AR) @[ IoU=0.50:0.95 | area=   all | maxDets= 10 ] = 0.335
 Average Recall     (AR) @[ IoU=0.50:0.95 | area=   all | maxDets=100 ] = 0.344
 Average Recall     (AR) @[ IoU=0.50:0.95 | area= small | maxDets=100 ] = 0.114
 Average Recall     (AR) @[ IoU=0.50:0.95 | area=medium | maxDets=100 ] = 0.362
 Average Recall     (AR) @[ IoU=0.50:0.95 | area= large | maxDets=100 ] = 0.493
sweep 79/96: alpha=2.0, beta=1.0, threshold=0.1, top_k=100, nms=0.4
creating index...
index created!
Loading and preparing results...
DONE (t=0.01s)
creating index...
index created!
Running per image evaluation...
Evaluate annotation type *bbox*
DONE (t=1.39s).
Accumulating evaluation results...
DONE (t=0.50s).
 Average Precision  (AP) @[ IoU=0.50:0.95 | area=   all | maxDets=100 ] = 0.209
 Average Precision  (AP) @[ IoU=0.50      | area=   all | maxDets=100 ] = 0.322
 Average Precision  (AP) @[ IoU=0.75      | area=   all | maxDets=100 ] = 0.228
 Average Precision  (AP) @[ IoU=0.50:0.95 | area= small | maxDets=100 ] = 0.077
 Average Precision  (AP) @[ IoU=0.50:0.95 | area=medium | maxDets=100 ] = 0.223
 Average Precision  (AP) @[ IoU=0.50:0.95 | area= large | maxDets=100 ] = 0.290
 Average Recall     (AR) @[ IoU=0.50:0.95 | area=   all | maxDets=  1 ] = 0.236
 Average Recall     (AR) @[ IoU=0.50:0.95 | area=   all | maxDets= 10 ] = 0.328
 Average Recall     (AR) @[ IoU=0.50:0.95 | area=   all | maxDets=100 ] = 0.335
 Average Recall     (AR) @[ IoU=0.50:0.95 | area= small | maxDets=100 ] = 0.113
 Average Recall     (AR) @[ IoU=0.50:0.95 | area=medium | maxDets=100 ] = 0.358
 Average Recall     (AR) @[ IoU=0.50:0.95 | area= large | maxDets=100 ] = 0.477
sweep 80/96: alpha=2.0, beta=1.0, threshold=0.1, top_k=100, nms=0.5
creating index...
index created!
Loading and preparing results...
DONE (t=0.01s)
creating index...
index created!
Running per image evaluation...
Evaluate annotation type *bbox*
DONE (t=1.53s).
Accumulating evaluation results...
DONE (t=0.51s).
 Average Precision  (AP) @[ IoU=0.50:0.95 | area=   all | maxDets=100 ] = 0.210
 Average Precision  (AP) @[ IoU=0.50      | area=   all | maxDets=100 ] = 0.321
 Average Precision  (AP) @[ IoU=0.75      | area=   all | maxDets=100 ] = 0.229
 Average Precision  (AP) @[ IoU=0.50:0.95 | area= small | maxDets=100 ] = 0.079
 Average Precision  (AP) @[ IoU=0.50:0.95 | area=medium | maxDets=100 ] = 0.224
 Average Precision  (AP) @[ IoU=0.50:0.95 | area= large | maxDets=100 ] = 0.292
 Average Recall     (AR) @[ IoU=0.50:0.95 | area=   all | maxDets=  1 ] = 0.236
 Average Recall     (AR) @[ IoU=0.50:0.95 | area=   all | maxDets= 10 ] = 0.337
 Average Recall     (AR) @[ IoU=0.50:0.95 | area=   all | maxDets=100 ] = 0.346
 Average Recall     (AR) @[ IoU=0.50:0.95 | area= small | maxDets=100 ] = 0.117
 Average Recall     (AR) @[ IoU=0.50:0.95 | area=medium | maxDets=100 ] = 0.367
 Average Recall     (AR) @[ IoU=0.50:0.95 | area= large | maxDets=100 ] = 0.489
sweep 81/96: alpha=2.0, beta=1.0, threshold=0.1, top_k=100, nms=0.6
creating index...
index created!
Loading and preparing results...
DONE (t=0.02s)
creating index...
index created!
Running per image evaluation...
Evaluate annotation type *bbox*
DONE (t=1.71s).
Accumulating evaluation results...
DONE (t=0.53s).
 Average Precision  (AP) @[ IoU=0.50:0.95 | area=   all | maxDets=100 ] = 0.207
 Average Precision  (AP) @[ IoU=0.50      | area=   all | maxDets=100 ] = 0.312
 Average Precision  (AP) @[ IoU=0.75      | area=   all | maxDets=100 ] = 0.230
 Average Precision  (AP) @[ IoU=0.50:0.95 | area= small | maxDets=100 ] = 0.081
 Average Precision  (AP) @[ IoU=0.50:0.95 | area=medium | maxDets=100 ] = 0.223
 Average Precision  (AP) @[ IoU=0.50:0.95 | area= large | maxDets=100 ] = 0.286
 Average Recall     (AR) @[ IoU=0.50:0.95 | area=   all | maxDets=  1 ] = 0.236
 Average Recall     (AR) @[ IoU=0.50:0.95 | area=   all | maxDets= 10 ] = 0.342
 Average Recall     (AR) @[ IoU=0.50:0.95 | area=   all | maxDets=100 ] = 0.355
 Average Recall     (AR) @[ IoU=0.50:0.95 | area= small | maxDets=100 ] = 0.121
 Average Recall     (AR) @[ IoU=0.50:0.95 | area=medium | maxDets=100 ] = 0.381
 Average Recall     (AR) @[ IoU=0.50:0.95 | area= large | maxDets=100 ] = 0.496
sweep 82/96: alpha=2.0, beta=1.0, threshold=0.1, top_k=200, nms=0.4
creating index...
index created!
Loading and preparing results...
DONE (t=0.10s)
creating index...
index created!
Running per image evaluation...
Evaluate annotation type *bbox*
DONE (t=1.43s).
Accumulating evaluation results...
DONE (t=0.50s).
 Average Precision  (AP) @[ IoU=0.50:0.95 | area=   all | maxDets=100 ] = 0.209
 Average Precision  (AP) @[ IoU=0.50      | area=   all | maxDets=100 ] = 0.322
 Average Precision  (AP) @[ IoU=0.75      | area=   all | maxDets=100 ] = 0.228
 Average Precision  (AP) @[ IoU=0.50:0.95 | area= small | maxDets=100 ] = 0.077
 Average Precision  (AP) @[ IoU=0.50:0.95 | area=medium | maxDets=100 ] = 0.223
 Average Precision  (AP) @[ IoU=0.50:0.95 | area= large | maxDets=100 ] = 0.290
 Average Recall     (AR) @[ IoU=0.50:0.95 | area=   all | maxDets=  1 ] = 0.236
 Average Recall     (AR) @[ IoU=0.50:0.95 | area=   all | maxDets= 10 ] = 0.328
 Average Recall     (AR) @[ IoU=0.50:0.95 | area=   all | maxDets=100 ] = 0.335
 Average Recall     (AR) @[ IoU=0.50:0.95 | area= small | maxDets=100 ] = 0.113
 Average Recall     (AR) @[ IoU=0.50:0.95 | area=medium | maxDets=100 ] = 0.358
 Average Recall     (AR) @[ IoU=0.50:0.95 | area= large | maxDets=100 ] = 0.477
sweep 83/96: alpha=2.0, beta=1.0, threshold=0.1, top_k=200, nms=0.5
creating index...
index created!
Loading and preparing results...
DONE (t=0.01s)
creating index...
index created!
Running per image evaluation...
Evaluate annotation type *bbox*
DONE (t=1.61s).
Accumulating evaluation results...
DONE (t=0.52s).
 Average Precision  (AP) @[ IoU=0.50:0.95 | area=   all | maxDets=100 ] = 0.210
 Average Precision  (AP) @[ IoU=0.50      | area=   all | maxDets=100 ] = 0.321
 Average Precision  (AP) @[ IoU=0.75      | area=   all | maxDets=100 ] = 0.229
 Average Precision  (AP) @[ IoU=0.50:0.95 | area= small | maxDets=100 ] = 0.079
 Average Precision  (AP) @[ IoU=0.50:0.95 | area=medium | maxDets=100 ] = 0.224
 Average Precision  (AP) @[ IoU=0.50:0.95 | area= large | maxDets=100 ] = 0.292
 Average Recall     (AR) @[ IoU=0.50:0.95 | area=   all | maxDets=  1 ] = 0.236
 Average Recall     (AR) @[ IoU=0.50:0.95 | area=   all | maxDets= 10 ] = 0.337
 Average Recall     (AR) @[ IoU=0.50:0.95 | area=   all | maxDets=100 ] = 0.346
 Average Recall     (AR) @[ IoU=0.50:0.95 | area= small | maxDets=100 ] = 0.118
 Average Recall     (AR) @[ IoU=0.50:0.95 | area=medium | maxDets=100 ] = 0.368
 Average Recall     (AR) @[ IoU=0.50:0.95 | area= large | maxDets=100 ] = 0.489
sweep 84/96: alpha=2.0, beta=1.0, threshold=0.1, top_k=200, nms=0.6
creating index...
index created!
Loading and preparing results...
DONE (t=0.02s)
creating index...
index created!
Running per image evaluation...
Evaluate annotation type *bbox*
DONE (t=1.81s).
Accumulating evaluation results...
DONE (t=0.54s).
 Average Precision  (AP) @[ IoU=0.50:0.95 | area=   all | maxDets=100 ] = 0.207
 Average Precision  (AP) @[ IoU=0.50      | area=   all | maxDets=100 ] = 0.312
 Average Precision  (AP) @[ IoU=0.75      | area=   all | maxDets=100 ] = 0.231
 Average Precision  (AP) @[ IoU=0.50:0.95 | area= small | maxDets=100 ] = 0.082
 Average Precision  (AP) @[ IoU=0.50:0.95 | area=medium | maxDets=100 ] = 0.224
 Average Precision  (AP) @[ IoU=0.50:0.95 | area= large | maxDets=100 ] = 0.286
 Average Recall     (AR) @[ IoU=0.50:0.95 | area=   all | maxDets=  1 ] = 0.236
 Average Recall     (AR) @[ IoU=0.50:0.95 | area=   all | maxDets= 10 ] = 0.343
 Average Recall     (AR) @[ IoU=0.50:0.95 | area=   all | maxDets=100 ] = 0.356
 Average Recall     (AR) @[ IoU=0.50:0.95 | area= small | maxDets=100 ] = 0.122
 Average Recall     (AR) @[ IoU=0.50:0.95 | area=medium | maxDets=100 ] = 0.383
 Average Recall     (AR) @[ IoU=0.50:0.95 | area= large | maxDets=100 ] = 0.496
sweep 85/96: alpha=2.0, beta=1.0, threshold=0.2, top_k=20, nms=0.4
creating index...
index created!
Loading and preparing results...
DONE (t=0.01s)
creating index...
index created!
Running per image evaluation...
Evaluate annotation type *bbox*
DONE (t=0.91s).
Accumulating evaluation results...
DONE (t=0.39s).
 Average Precision  (AP) @[ IoU=0.50:0.95 | area=   all | maxDets=100 ] = 0.201
 Average Precision  (AP) @[ IoU=0.50      | area=   all | maxDets=100 ] = 0.306
 Average Precision  (AP) @[ IoU=0.75      | area=   all | maxDets=100 ] = 0.222
 Average Precision  (AP) @[ IoU=0.50:0.95 | area= small | maxDets=100 ] = 0.064
 Average Precision  (AP) @[ IoU=0.50:0.95 | area=medium | maxDets=100 ] = 0.213
 Average Precision  (AP) @[ IoU=0.50:0.95 | area= large | maxDets=100 ] = 0.284
 Average Recall     (AR) @[ IoU=0.50:0.95 | area=   all | maxDets=  1 ] = 0.221
 Average Recall     (AR) @[ IoU=0.50:0.95 | area=   all | maxDets= 10 ] = 0.292
 Average Recall     (AR) @[ IoU=0.50:0.95 | area=   all | maxDets=100 ] = 0.294
 Average Recall     (AR) @[ IoU=0.50:0.95 | area= small | maxDets=100 ] = 0.086
 Average Recall     (AR) @[ IoU=0.50:0.95 | area=medium | maxDets=100 ] = 0.297
 Average Recall     (AR) @[ IoU=0.50:0.95 | area= large | maxDets=100 ] = 0.439
sweep 86/96: alpha=2.0, beta=1.0, threshold=0.2, top_k=20, nms=0.5
creating index...
index created!
Loading and preparing results...
DONE (t=0.01s)
creating index...
index created!
Running per image evaluation...
Evaluate annotation type *bbox*
DONE (t=0.84s).
Accumulating evaluation results...
DONE (t=0.38s).
 Average Precision  (AP) @[ IoU=0.50:0.95 | area=   all | maxDets=100 ] = 0.202
 Average Precision  (AP) @[ IoU=0.50      | area=   all | maxDets=100 ] = 0.304
 Average Precision  (AP) @[ IoU=0.75      | area=   all | maxDets=100 ] = 0.223
 Average Precision  (AP) @[ IoU=0.50:0.95 | area= small | maxDets=100 ] = 0.066
 Average Precision  (AP) @[ IoU=0.50:0.95 | area=medium | maxDets=100 ] = 0.212
 Average Precision  (AP) @[ IoU=0.50:0.95 | area= large | maxDets=100 ] = 0.285
 Average Recall     (AR) @[ IoU=0.50:0.95 | area=   all | maxDets=  1 ] = 0.220
 Average Recall     (AR) @[ IoU=0.50:0.95 | area=   all | maxDets= 10 ] = 0.296
 Average Recall     (AR) @[ IoU=0.50:0.95 | area=   all | maxDets=100 ] = 0.298
 Average Recall     (AR) @[ IoU=0.50:0.95 | area= small | maxDets=100 ] = 0.088
 Average Recall     (AR) @[ IoU=0.50:0.95 | area=medium | maxDets=100 ] = 0.299
 Average Recall     (AR) @[ IoU=0.50:0.95 | area= large | maxDets=100 ] = 0.445
sweep 87/96: alpha=2.0, beta=1.0, threshold=0.2, top_k=20, nms=0.6
creating index...
index created!
Loading and preparing results...
DONE (t=0.09s)
creating index...
index created!
Running per image evaluation...
Evaluate annotation type *bbox*
DONE (t=0.84s).
Accumulating evaluation results...
DONE (t=0.39s).
 Average Precision  (AP) @[ IoU=0.50:0.95 | area=   all | maxDets=100 ] = 0.199
 Average Precision  (AP) @[ IoU=0.50      | area=   all | maxDets=100 ] = 0.295
 Average Precision  (AP) @[ IoU=0.75      | area=   all | maxDets=100 ] = 0.223
 Average Precision  (AP) @[ IoU=0.50:0.95 | area= small | maxDets=100 ] = 0.067
 Average Precision  (AP) @[ IoU=0.50:0.95 | area=medium | maxDets=100 ] = 0.208
 Average Precision  (AP) @[ IoU=0.50:0.95 | area= large | maxDets=100 ] = 0.279
 Average Recall     (AR) @[ IoU=0.50:0.95 | area=   all | maxDets=  1 ] = 0.218
 Average Recall     (AR) @[ IoU=0.50:0.95 | area=   all | maxDets= 10 ] = 0.296
 Average Recall     (AR) @[ IoU=0.50:0.95 | area=   all | maxDets=100 ] = 0.298
 Average Recall     (AR) @[ IoU=0.50:0.95 | area= small | maxDets=100 ] = 0.087
 Average Recall     (AR) @[ IoU=0.50:0.95 | area=medium | maxDets=100 ] = 0.295
 Average Recall     (AR) @[ IoU=0.50:0.95 | area= large | maxDets=100 ] = 0.442
sweep 88/96: alpha=2.0, beta=1.0, threshold=0.2, top_k=50, nms=0.4
creating index...
index created!
Loading and preparing results...
DONE (t=0.01s)
creating index...
index created!
Running per image evaluation...
Evaluate annotation type *bbox*
DONE (t=1.03s).
Accumulating evaluation results...
DONE (t=0.39s).
 Average Precision  (AP) @[ IoU=0.50:0.95 | area=   all | maxDets=100 ] = 0.203
 Average Precision  (AP) @[ IoU=0.50      | area=   all | maxDets=100 ] = 0.311
 Average Precision  (AP) @[ IoU=0.75      | area=   all | maxDets=100 ] = 0.224
 Average Precision  (AP) @[ IoU=0.50:0.95 | area= small | maxDets=100 ] = 0.069
 Average Precision  (AP) @[ IoU=0.50:0.95 | area=medium | maxDets=100 ] = 0.216
 Average Precision  (AP) @[ IoU=0.50:0.95 | area= large | maxDets=100 ] = 0.284
 Average Recall     (AR) @[ IoU=0.50:0.95 | area=   all | maxDets=  1 ] = 0.224
 Average Recall     (AR) @[ IoU=0.50:0.95 | area=   all | maxDets= 10 ] = 0.299
 Average Recall     (AR) @[ IoU=0.50:0.95 | area=   all | maxDets=100 ] = 0.303
 Average Recall     (AR) @[ IoU=0.50:0.95 | area= small | maxDets=100 ] = 0.096
 Average Recall     (AR) @[ IoU=0.50:0.95 | area=medium | maxDets=100 ] = 0.310
 Average Recall     (AR) @[ IoU=0.50:0.95 | area= large | maxDets=100 ] = 0.442
sweep 89/96: alpha=2.0, beta=1.0, threshold=0.2, top_k=50, nms=0.5
creating index...
index created!
Loading and preparing results...
DONE (t=0.01s)
creating index...
index created!
Running per image evaluation...
Evaluate annotation type *bbox*
DONE (t=1.09s).
Accumulating evaluation results...
DONE (t=0.41s).
 Average Precision  (AP) @[ IoU=0.50:0.95 | area=   all | maxDets=100 ] = 0.205
 Average Precision  (AP) @[ IoU=0.50      | area=   all | maxDets=100 ] = 0.310
 Average Precision  (AP) @[ IoU=0.75      | area=   all | maxDets=100 ] = 0.225
 Average Precision  (AP) @[ IoU=0.50:0.95 | area= small | maxDets=100 ] = 0.070
 Average Precision  (AP) @[ IoU=0.50:0.95 | area=medium | maxDets=100 ] = 0.216
 Average Precision  (AP) @[ IoU=0.50:0.95 | area= large | maxDets=100 ] = 0.286
 Average Recall     (AR) @[ IoU=0.50:0.95 | area=   all | maxDets=  1 ] = 0.224
 Average Recall     (AR) @[ IoU=0.50:0.95 | area=   all | maxDets= 10 ] = 0.306
 Average Recall     (AR) @[ IoU=0.50:0.95 | area=   all | maxDets=100 ] = 0.311
 Average Recall     (AR) @[ IoU=0.50:0.95 | area= small | maxDets=100 ] = 0.099
 Average Recall     (AR) @[ IoU=0.50:0.95 | area=medium | maxDets=100 ] = 0.317
 Average Recall     (AR) @[ IoU=0.50:0.95 | area= large | maxDets=100 ] = 0.452
sweep 90/96: alpha=2.0, beta=1.0, threshold=0.2, top_k=50, nms=0.6
creating index...
index created!
Loading and preparing results...
DONE (t=0.01s)
creating index...
index created!
Running per image evaluation...
Evaluate annotation type *bbox*
DONE (t=1.08s).
Accumulating evaluation results...
DONE (t=0.42s).
 Average Precision  (AP) @[ IoU=0.50:0.95 | area=   all | maxDets=100 ] = 0.202
 Average Precision  (AP) @[ IoU=0.50      | area=   all | maxDets=100 ] = 0.302
 Average Precision  (AP) @[ IoU=0.75      | area=   all | maxDets=100 ] = 0.226
 Average Precision  (AP) @[ IoU=0.50:0.95 | area= small | maxDets=100 ] = 0.072
 Average Precision  (AP) @[ IoU=0.50:0.95 | area=medium | maxDets=100 ] = 0.214
 Average Precision  (AP) @[ IoU=0.50:0.95 | area= large | maxDets=100 ] = 0.281
 Average Recall     (AR) @[ IoU=0.50:0.95 | area=   all | maxDets=  1 ] = 0.224
 Average Recall     (AR) @[ IoU=0.50:0.95 | area=   all | maxDets= 10 ] = 0.310
 Average Recall     (AR) @[ IoU=0.50:0.95 | area=   all | maxDets=100 ] = 0.317
 Average Recall     (AR) @[ IoU=0.50:0.95 | area= small | maxDets=100 ] = 0.101
 Average Recall     (AR) @[ IoU=0.50:0.95 | area=medium | maxDets=100 ] = 0.323
 Average Recall     (AR) @[ IoU=0.50:0.95 | area= large | maxDets=100 ] = 0.458
sweep 91/96: alpha=2.0, beta=1.0, threshold=0.2, top_k=100, nms=0.4
creating index...
index created!
Loading and preparing results...
DONE (t=0.01s)
creating index...
index created!
Running per image evaluation...
Evaluate annotation type *bbox*
DONE (t=1.06s).
Accumulating evaluation results...
DONE (t=0.40s).
 Average Precision  (AP) @[ IoU=0.50:0.95 | area=   all | maxDets=100 ] = 0.204
 Average Precision  (AP) @[ IoU=0.50      | area=   all | maxDets=100 ] = 0.311
 Average Precision  (AP) @[ IoU=0.75      | area=   all | maxDets=100 ] = 0.224
 Average Precision  (AP) @[ IoU=0.50:0.95 | area= small | maxDets=100 ] = 0.070
 Average Precision  (AP) @[ IoU=0.50:0.95 | area=medium | maxDets=100 ] = 0.216
 Average Precision  (AP) @[ IoU=0.50:0.95 | area= large | maxDets=100 ] = 0.284
 Average Recall     (AR) @[ IoU=0.50:0.95 | area=   all | maxDets=  1 ] = 0.225
 Average Recall     (AR) @[ IoU=0.50:0.95 | area=   all | maxDets= 10 ] = 0.299
 Average Recall     (AR) @[ IoU=0.50:0.95 | area=   all | maxDets=100 ] = 0.304
 Average Recall     (AR) @[ IoU=0.50:0.95 | area= small | maxDets=100 ] = 0.097
 Average Recall     (AR) @[ IoU=0.50:0.95 | area=medium | maxDets=100 ] = 0.311
 Average Recall     (AR) @[ IoU=0.50:0.95 | area= large | maxDets=100 ] = 0.442
sweep 92/96: alpha=2.0, beta=1.0, threshold=0.2, top_k=100, nms=0.5
creating index...
index created!
Loading and preparing results...
DONE (t=0.01s)
creating index...
index created!
Running per image evaluation...
Evaluate annotation type *bbox*
DONE (t=1.03s).
Accumulating evaluation results...
DONE (t=0.41s).
 Average Precision  (AP) @[ IoU=0.50:0.95 | area=   all | maxDets=100 ] = 0.205
 Average Precision  (AP) @[ IoU=0.50      | area=   all | maxDets=100 ] = 0.310
 Average Precision  (AP) @[ IoU=0.75      | area=   all | maxDets=100 ] = 0.225
 Average Precision  (AP) @[ IoU=0.50:0.95 | area= small | maxDets=100 ] = 0.071
 Average Precision  (AP) @[ IoU=0.50:0.95 | area=medium | maxDets=100 ] = 0.216
 Average Precision  (AP) @[ IoU=0.50:0.95 | area= large | maxDets=100 ] = 0.286
 Average Recall     (AR) @[ IoU=0.50:0.95 | area=   all | maxDets=  1 ] = 0.225
 Average Recall     (AR) @[ IoU=0.50:0.95 | area=   all | maxDets= 10 ] = 0.306
 Average Recall     (AR) @[ IoU=0.50:0.95 | area=   all | maxDets=100 ] = 0.312
 Average Recall     (AR) @[ IoU=0.50:0.95 | area= small | maxDets=100 ] = 0.101
 Average Recall     (AR) @[ IoU=0.50:0.95 | area=medium | maxDets=100 ] = 0.318
 Average Recall     (AR) @[ IoU=0.50:0.95 | area= large | maxDets=100 ] = 0.452
sweep 93/96: alpha=2.0, beta=1.0, threshold=0.2, top_k=100, nms=0.6
creating index...
index created!
Loading and preparing results...
DONE (t=0.01s)
creating index...
index created!
Running per image evaluation...
Evaluate annotation type *bbox*
DONE (t=1.24s).
Accumulating evaluation results...
DONE (t=0.43s).
 Average Precision  (AP) @[ IoU=0.50:0.95 | area=   all | maxDets=100 ] = 0.202
 Average Precision  (AP) @[ IoU=0.50      | area=   all | maxDets=100 ] = 0.303
 Average Precision  (AP) @[ IoU=0.75      | area=   all | maxDets=100 ] = 0.226
 Average Precision  (AP) @[ IoU=0.50:0.95 | area= small | maxDets=100 ] = 0.074
 Average Precision  (AP) @[ IoU=0.50:0.95 | area=medium | maxDets=100 ] = 0.215
 Average Precision  (AP) @[ IoU=0.50:0.95 | area= large | maxDets=100 ] = 0.281
 Average Recall     (AR) @[ IoU=0.50:0.95 | area=   all | maxDets=  1 ] = 0.225
 Average Recall     (AR) @[ IoU=0.50:0.95 | area=   all | maxDets= 10 ] = 0.311
 Average Recall     (AR) @[ IoU=0.50:0.95 | area=   all | maxDets=100 ] = 0.319
 Average Recall     (AR) @[ IoU=0.50:0.95 | area= small | maxDets=100 ] = 0.104
 Average Recall     (AR) @[ IoU=0.50:0.95 | area=medium | maxDets=100 ] = 0.327
 Average Recall     (AR) @[ IoU=0.50:0.95 | area= large | maxDets=100 ] = 0.458
sweep 94/96: alpha=2.0, beta=1.0, threshold=0.2, top_k=200, nms=0.4
creating index...
index created!
Loading and preparing results...
DONE (t=0.01s)
creating index...
index created!
Running per image evaluation...
Evaluate annotation type *bbox*
DONE (t=1.05s).
Accumulating evaluation results...
DONE (t=0.41s).
 Average Precision  (AP) @[ IoU=0.50:0.95 | area=   all | maxDets=100 ] = 0.204
 Average Precision  (AP) @[ IoU=0.50      | area=   all | maxDets=100 ] = 0.311
 Average Precision  (AP) @[ IoU=0.75      | area=   all | maxDets=100 ] = 0.224
 Average Precision  (AP) @[ IoU=0.50:0.95 | area= small | maxDets=100 ] = 0.070
 Average Precision  (AP) @[ IoU=0.50:0.95 | area=medium | maxDets=100 ] = 0.216
 Average Precision  (AP) @[ IoU=0.50:0.95 | area= large | maxDets=100 ] = 0.284
 Average Recall     (AR) @[ IoU=0.50:0.95 | area=   all | maxDets=  1 ] = 0.225
 Average Recall     (AR) @[ IoU=0.50:0.95 | area=   all | maxDets= 10 ] = 0.299
 Average Recall     (AR) @[ IoU=0.50:0.95 | area=   all | maxDets=100 ] = 0.304
 Average Recall     (AR) @[ IoU=0.50:0.95 | area= small | maxDets=100 ] = 0.097
 Average Recall     (AR) @[ IoU=0.50:0.95 | area=medium | maxDets=100 ] = 0.311
 Average Recall     (AR) @[ IoU=0.50:0.95 | area= large | maxDets=100 ] = 0.442
sweep 95/96: alpha=2.0, beta=1.0, threshold=0.2, top_k=200, nms=0.5
creating index...
index created!
Loading and preparing results...
DONE (t=0.01s)
creating index...
index created!
Running per image evaluation...
Evaluate annotation type *bbox*
DONE (t=1.02s).
Accumulating evaluation results...
DONE (t=0.41s).
 Average Precision  (AP) @[ IoU=0.50:0.95 | area=   all | maxDets=100 ] = 0.205
 Average Precision  (AP) @[ IoU=0.50      | area=   all | maxDets=100 ] = 0.310
 Average Precision  (AP) @[ IoU=0.75      | area=   all | maxDets=100 ] = 0.225
 Average Precision  (AP) @[ IoU=0.50:0.95 | area= small | maxDets=100 ] = 0.071
 Average Precision  (AP) @[ IoU=0.50:0.95 | area=medium | maxDets=100 ] = 0.216
 Average Precision  (AP) @[ IoU=0.50:0.95 | area= large | maxDets=100 ] = 0.286
 Average Recall     (AR) @[ IoU=0.50:0.95 | area=   all | maxDets=  1 ] = 0.225
 Average Recall     (AR) @[ IoU=0.50:0.95 | area=   all | maxDets= 10 ] = 0.306
 Average Recall     (AR) @[ IoU=0.50:0.95 | area=   all | maxDets=100 ] = 0.312
 Average Recall     (AR) @[ IoU=0.50:0.95 | area= small | maxDets=100 ] = 0.101
 Average Recall     (AR) @[ IoU=0.50:0.95 | area=medium | maxDets=100 ] = 0.318
 Average Recall     (AR) @[ IoU=0.50:0.95 | area= large | maxDets=100 ] = 0.452
sweep 96/96: alpha=2.0, beta=1.0, threshold=0.2, top_k=200, nms=0.6
creating index...
index created!
Loading and preparing results...
DONE (t=0.01s)
creating index...
index created!
Running per image evaluation...
Evaluate annotation type *bbox*
DONE (t=1.25s).
Accumulating evaluation results...
DONE (t=0.42s).
 Average Precision  (AP) @[ IoU=0.50:0.95 | area=   all | maxDets=100 ] = 0.202
 Average Precision  (AP) @[ IoU=0.50      | area=   all | maxDets=100 ] = 0.303
 Average Precision  (AP) @[ IoU=0.75      | area=   all | maxDets=100 ] = 0.226
 Average Precision  (AP) @[ IoU=0.50:0.95 | area= small | maxDets=100 ] = 0.074
 Average Precision  (AP) @[ IoU=0.50:0.95 | area=medium | maxDets=100 ] = 0.215
 Average Precision  (AP) @[ IoU=0.50:0.95 | area= large | maxDets=100 ] = 0.281
 Average Recall     (AR) @[ IoU=0.50:0.95 | area=   all | maxDets=  1 ] = 0.225
 Average Recall     (AR) @[ IoU=0.50:0.95 | area=   all | maxDets= 10 ] = 0.311
 Average Recall     (AR) @[ IoU=0.50:0.95 | area=   all | maxDets=100 ] = 0.319
 Average Recall     (AR) @[ IoU=0.50:0.95 | area= small | maxDets=100 ] = 0.104
 Average Recall     (AR) @[ IoU=0.50:0.95 | area=medium | maxDets=100 ] = 0.327
 Average Recall     (AR) @[ IoU=0.50:0.95 | area= large | maxDets=100 ] = 0.458
{
  "anchors": {
    "p4": [
      [
        0.04,
        0.055
      ],
      [
        0.075,
        0.11
      ],
      [
        0.13,
        0.18
      ]
    ],
    "p5": [
      [
        0.18,
        0.24
      ],
      [
        0.32,
        0.42
      ],
      [
        0.52,
        0.62
      ]
    ]
  },
  "box_parameterization": "yolov5",
  "checkpoint_path": "/home/lidz/YOLO/yolo_final/outputs/dual_scale_three_box_coco_only_noobj1_416_basic_aug_40_ddp_20260508_235724/best.pth",
  "config_path": "/home/lidz/YOLO/yolo_final/configs/dual_scale_three_box_coco_only_noobj1_416_basic_aug_40.toml",
  "device": "cuda",
  "manifest_path": "/home/lidz/YOLO/DataSet/Unified/manifests/coco2017_val.jsonl",
  "max_samples": 500,
  "metadata_path": "/home/lidz/YOLO/DataSet/Unified/metadata/class_maps.json",
  "model_name": "deep_residual_dual_scale_three_box",
  "num_boxes": 3,
  "num_combinations": 96,
  "output_shape": {
    "p4": [
      1,
      26,
      26,
      255
    ],
    "p5": [
      1,
      13,
      13,
      255
    ]
  },
  "params_total": 36531294,
  "params_trainable": 36531294,
  "results": [
    {
      "coco_ap": 0.2021117935019594,
      "coco_ap50": 0.3108626147988964,
      "coco_ap75": 0.22168301280862213,
      "coco_ap_large": 0.2881423758377051,
      "coco_ap_medium": 0.21268873639765098,
      "coco_ap_small": 0.06804369915451952,
      "coco_ar1": 0.22394085964887092,
      "coco_ar10": 0.30085451957150233,
      "coco_ar100": 0.30298367807097104,
      "coco_ar_large": 0.45781008401262874,
      "coco_ar_medium": 0.30749697547343385,
      "coco_ar_small": 0.09398179355857154,
      "nms_iou_threshold": 0.4,
      "num_predictions": 9427.0,
      "num_samples": 500.0,
      "score_alpha": 1.5,
      "score_beta": 1.0,
      "score_threshold": 0.03,
      "top_k": 20
    },
    {
      "coco_ap": 0.20202413060371718,
      "coco_ap50": 0.30718529739293393,
      "coco_ap75": 0.22263320402150866,
      "coco_ap_large": 0.2872647508017723,
      "coco_ap_medium": 0.2105977080362484,
      "coco_ap_small": 0.06899148259717441,
      "coco_ar1": 0.2219616894049514,
      "coco_ar10": 0.30233553221988047,
      "coco_ar100": 0.30493823582287505,
      "coco_ar_large": 0.4531836382723528,
      "coco_ar_medium": 0.3060353332547323,
      "coco_ar_small": 0.09398919514801372,
      "nms_iou_threshold": 0.5,
      "num_predictions": 9549.0,
      "num_samples": 500.0,
      "score_alpha": 1.5,
      "score_beta": 1.0,
      "score_threshold": 0.03,
      "top_k": 20
    },
    {
      "coco_ap": 0.19828413219794863,
      "coco_ap50": 0.2962636583610873,
      "coco_ap75": 0.22229613267200907,
      "coco_ap_large": 0.2825028090323932,
      "coco_ap_medium": 0.21092288254037453,
      "coco_ap_small": 0.06809419935627603,
      "coco_ar1": 0.21938680675896158,
      "coco_ar10": 0.3016847818930237,
      "coco_ar100": 0.3045011050271117,
      "coco_ar_large": 0.4506346504604996,
      "coco_ar_medium": 0.3069874942404975,
      "coco_ar_small": 0.08847807219405543,
      "nms_iou_threshold": 0.6,
      "num_predictions": 9710.0,
      "num_samples": 500.0,
      "score_alpha": 1.5,
      "score_beta": 1.0,
      "score_threshold": 0.03,
      "top_k": 20
    },
    {
      "coco_ap": 0.20751873398435763,
      "coco_ap50": 0.32412473085949944,
      "coco_ap75": 0.22590625652050417,
      "coco_ap_large": 0.2916499127257287,
      "coco_ap_medium": 0.2221359359771207,
      "coco_ap_small": 0.07667055624614019,
      "coco_ar1": 0.23536093679812406,
      "coco_ar10": 0.33335776638097975,
      "coco_ar100": 0.34071859621145467,
      "coco_ar_large": 0.4921031476811162,
      "coco_ar_medium": 0.36164044679703206,
      "coco_ar_small": 0.11650184267882904,
      "nms_iou_threshold": 0.4,
      "num_predictions": 19998.0,
      "num_samples": 500.0,
      "score_alpha": 1.5,
      "score_beta": 1.0,
      "score_threshold": 0.03,
      "top_k": 50
    },
    {
      "coco_ap": 0.207748610152497,
      "coco_ap50": 0.3210568656433288,
      "coco_ap75": 0.22645000058694081,
      "coco_ap_large": 0.29164022924552413,
      "coco_ap_medium": 0.22059950902441822,
      "coco_ap_small": 0.07794396294906257,
      "coco_ar1": 0.23439059287419362,
      "coco_ar10": 0.33747920376201546,
      "coco_ar100": 0.3460977681533461,
      "coco_ar_large": 0.49661438368441646,
      "coco_ar_medium": 0.3614204782022243,
      "coco_ar_small": 0.12119884075571442,
      "nms_iou_threshold": 0.5,
      "num_predictions": 21118.0,
      "num_samples": 500.0,
      "score_alpha": 1.5,
      "score_beta": 1.0,
      "score_threshold": 0.03,
      "top_k": 50
    },
    {
      "coco_ap": 0.20403528684673894,
      "coco_ap50": 0.3089796092576891,
      "coco_ap75": 0.22680382208392064,
      "coco_ap_large": 0.28716509608078805,
      "coco_ap_medium": 0.21976164461941763,
      "coco_ap_small": 0.07866230040005542,
      "coco_ar1": 0.23256919973780277,
      "coco_ar10": 0.336073479607499,
      "coco_ar100": 0.3490322817374118,
      "coco_ar_large": 0.5038816553374109,
      "coco_ar_medium": 0.3682961299763839,
      "coco_ar_small": 0.11906571637051852,
      "nms_iou_threshold": 0.6,
      "num_predictions": 22281.0,
      "num_samples": 500.0,
      "score_alpha": 1.5,
      "score_beta": 1.0,
      "score_threshold": 0.03,
      "top_k": 50
    },
    {
      "coco_ap": 0.20844394143180603,
      "coco_ap50": 0.32681177996926647,
      "coco_ap75": 0.22659841456268645,
      "coco_ap_large": 0.29173116256642967,
      "coco_ap_medium": 0.2229385261490073,
      "coco_ap_small": 0.07902354497895152,
      "coco_ar1": 0.24177653852017467,
      "coco_ar10": 0.3445576057622388,
      "coco_ar100": 0.35498903807118176,
      "coco_ar_large": 0.5007107296823994,
      "coco_ar_medium": 0.3787183203111327,
      "coco_ar_small": 0.1275050339189355,
      "nms_iou_threshold": 0.4,
      "num_predictions": 30341.0,
      "num_samples": 500.0,
      "score_alpha": 1.5,
      "score_beta": 1.0,
      "score_threshold": 0.03,
      "top_k": 100
    },
    {
      "coco_ap": 0.20915206004511527,
      "coco_ap50": 0.32412394548521456,
      "coco_ap75": 0.2275809620472423,
      "coco_ap_large": 0.2924089671698966,
      "coco_ap_medium": 0.22305290827280994,
      "coco_ap_small": 0.08049261351790357,
      "coco_ar1": 0.24067029614029736,
      "coco_ar10": 0.3542958998961272,
      "coco_ar100": 0.3672826251268011,
      "coco_ar_large": 0.5169617769338797,
      "coco_ar_medium": 0.38824188669374005,
      "coco_ar_small": 0.13147308870367502,
      "nms_iou_threshold": 0.5,
      "num_predictions": 33653.0,
      "num_samples": 500.0,
      "score_alpha": 1.5,
      "score_beta": 1.0,
      "score_threshold": 0.03,
      "top_k": 100
    },
    {
      "coco_ap": 0.2058974494937502,
      "coco_ap50": 0.3127948758445852,
      "coco_ap75": 0.22824289832315905,
      "coco_ap_large": 0.2878641022614751,
      "coco_ap_medium": 0.22226502971819598,
      "coco_ap_small": 0.08193594092471163,
      "coco_ar1": 0.23563218453772625,
      "coco_ar10": 0.35249970565687394,
      "coco_ar100": 0.3722192878579916,
      "coco_ar_large": 0.5219520114666305,
      "coco_ar_medium": 0.3980858084567734,
      "coco_ar_small": 0.1339679547131315,
      "nms_iou_threshold": 0.6,
      "num_predictions": 37351.0,
      "num_samples": 500.0,
      "score_alpha": 1.5,
      "score_beta": 1.0,
      "score_threshold": 0.03,
      "top_k": 100
    },
    {
      "coco_ap": 0.20865710004438387,
      "coco_ap50": 0.3274161212719446,
      "coco_ap75": 0.22674352462512418,
      "coco_ap_large": 0.29192264413442137,
      "coco_ap_medium": 0.2231594341073594,
      "coco_ap_small": 0.07943948158852604,
      "coco_ar1": 0.24210922271361832,
      "coco_ar10": 0.3471435624487306,
      "coco_ar100": 0.3593069000663031,
      "coco_ar_large": 0.5045394235983025,
      "coco_ar_medium": 0.3829194886055138,
      "coco_ar_small": 0.13178198979155037,
      "nms_iou_threshold": 0.4,
      "num_predictions": 37742.0,
      "num_samples": 500.0,
      "score_alpha": 1.5,
      "score_beta": 1.0,
      "score_threshold": 0.03,
      "top_k": 200
    },
    {
      "coco_ap": 0.2094908601778924,
      "coco_ap50": 0.3250784495507109,
      "coco_ap75": 0.22781577673451178,
      "coco_ap_large": 0.2925296160671461,
      "coco_ap_medium": 0.22335860148357703,
      "coco_ap_small": 0.08137209811785212,
      "coco_ar1": 0.24210922271361832,
      "coco_ar10": 0.35799688982530187,
      "coco_ar100": 0.37463702680802763,
      "coco_ar_large": 0.523802074862703,
      "coco_ar_medium": 0.396419859993705,
      "coco_ar_small": 0.13842535569336775,
      "nms_iou_threshold": 0.5,
      "num_predictions": 45229.0,
      "num_samples": 500.0,
      "score_alpha": 1.5,
      "score_beta": 1.0,
      "score_threshold": 0.03,
      "top_k": 200
    },
    {
      "coco_ap": 0.2066044082537964,
      "coco_ap50": 0.31426285642132146,
      "coco_ap75": 0.2288624571576215,
      "coco_ap_large": 0.2880367305316268,
      "coco_ap_medium": 0.22314921145097782,
      "coco_ap_small": 0.08346671727807621,
      "coco_ar1": 0.24177653852017467,
      "coco_ar10": 0.3621452146928905,
      "coco_ar100": 0.386127441235305,
      "coco_ar_large": 0.5304384044493817,
      "coco_ar_medium": 0.415059772335483,
      "coco_ar_small": 0.1438547744023319,
      "nms_iou_threshold": 0.6,
      "num_predictions": 54167.0,
      "num_samples": 500.0,
      "score_alpha": 1.5,
      "score_beta": 1.0,
      "score_threshold": 0.03,
      "top_k": 200
    },
    {
      "coco_ap": 0.2020905711265573,
      "coco_ap50": 0.3107422989698451,
      "coco_ap75": 0.22168301280862213,
      "coco_ap_large": 0.2880837515542241,
      "coco_ap_medium": 0.21268873639765098,
      "coco_ap_small": 0.06804369915451952,
      "coco_ar1": 0.22394085964887092,
      "coco_ar10": 0.30072127506783813,
      "coco_ar100": 0.30285043356730684,
      "coco_ar_large": 0.4574628617904065,
      "coco_ar_medium": 0.30749697547343385,
      "coco_ar_small": 0.09398179355857154,
      "nms_iou_threshold": 0.4,
      "num_predictions": 9162.0,
      "num_samples": 500.0,
      "score_alpha": 1.5,
      "score_beta": 1.0,
      "score_threshold": 0.05,
      "top_k": 20
    },
    {
      "coco_ap": 0.20202413060371718,
      "coco_ap50": 0.30718529739293393,
      "coco_ap75": 0.22263320402150866,
      "coco_ap_large": 0.2872647508017723,
      "coco_ap_medium": 0.2105977080362484,
      "coco_ap_small": 0.06899148259717441,
      "coco_ar1": 0.2219616894049514,
      "coco_ar10": 0.30233553221988047,
      "coco_ar100": 0.30493823582287505,
      "coco_ar_large": 0.4531836382723528,
      "coco_ar_medium": 0.3060353332547323,
      "coco_ar_small": 0.09398919514801372,
      "nms_iou_threshold": 0.5,
      "num_predictions": 9339.0,
      "num_samples": 500.0,
      "score_alpha": 1.5,
      "score_beta": 1.0,
      "score_threshold": 0.05,
      "top_k": 20
    },
    {
      "coco_ap": 0.19828413219794863,
      "coco_ap50": 0.2962636583610873,
      "coco_ap75": 0.22229613267200907,
      "coco_ap_large": 0.2825028090323932,
      "coco_ap_medium": 0.21092288254037453,
      "coco_ap_small": 0.06809419935627603,
      "coco_ar1": 0.21938680675896158,
      "coco_ar10": 0.3016847818930237,
      "coco_ar100": 0.3045011050271117,
      "coco_ar_large": 0.4506346504604996,
      "coco_ar_medium": 0.3069874942404975,
      "coco_ar_small": 0.08847807219405543,
      "nms_iou_threshold": 0.6,
      "num_predictions": 9548.0,
      "num_samples": 500.0,
      "score_alpha": 1.5,
      "score_beta": 1.0,
      "score_threshold": 0.05,
      "top_k": 20
    },
    {
      "coco_ap": 0.20741557989388418,
      "coco_ap50": 0.32389633382170196,
      "coco_ap75": 0.22581693338669956,
      "coco_ap_large": 0.2915546054850265,
      "coco_ap_medium": 0.22211773236007767,
      "coco_ap_small": 0.07648475096478982,
      "coco_ar1": 0.2351567251131604,
      "coco_ar10": 0.3319562640469769,
      "coco_ar100": 0.33931171883377964,
      "coco_ar_large": 0.4910564488083303,
      "coco_ar_medium": 0.36098717257880314,
      "coco_ar_small": 0.11383120889620786,
      "nms_iou_threshold": 0.4,
      "num_predictions": 18154.0,
      "num_samples": 500.0,
      "score_alpha": 1.5,
      "score_beta": 1.0,
      "score_threshold": 0.05,
      "top_k": 50
    },
    {
      "coco_ap": 0.20763580506080542,
      "coco_ap50": 0.32084939114504063,
      "coco_ap75": 0.22632113055836237,
      "coco_ap_large": 0.2915425368515822,
      "coco_ap_medium": 0.22058415767722328,
      "coco_ap_small": 0.07776426732946407,
      "coco_ar1": 0.23418638118922996,
      "coco_ar10": 0.33588207505307915,
      "coco_ar100": 0.34449526440073763,
      "coco_ar_large": 0.4955180816370276,
      "coco_ar_medium": 0.36077112755287366,
      "coco_ar_small": 0.11852820697309326,
      "nms_iou_threshold": 0.5,
      "num_predictions": 19428.0,
      "num_samples": 500.0,
      "score_alpha": 1.5,
      "score_beta": 1.0,
      "score_threshold": 0.05,
      "top_k": 50
    },
    {
      "coco_ap": 0.2039485906851053,
      "coco_ap50": 0.308798316054873,
      "coco_ap75": 0.22672508814591935,
      "coco_ap_large": 0.287084193090722,
      "coco_ap_medium": 0.21976164461941763,
      "coco_ap_small": 0.0785078731926288,
      "coco_ar1": 0.23236498805283912,
      "coco_ar10": 0.3347904785684296,
      "coco_ar100": 0.3477492806983424,
      "coco_ar_large": 0.5027035552431076,
      "coco_ar_medium": 0.3682961299763839,
      "coco_ar_small": 0.11641420121900337,
      "nms_iou_threshold": 0.6,
      "num_predictions": 20896.0,
      "num_samples": 500.0,
      "score_alpha": 1.5,
      "score_beta": 1.0,
      "score_threshold": 0.05,
      "top_k": 50
    },
    {
      "coco_ap": 0.20830676453860392,
      "coco_ap50": 0.32641257811118685,
      "coco_ap75": 0.22651749335674423,
      "coco_ap_large": 0.291559732220546,
      "coco_ap_medium": 0.22291037887912668,
      "coco_ap_small": 0.07886193776525553,
      "coco_ar1": 0.24150134611830576,
      "coco_ar10": 0.3423664058863656,
      "coco_ar100": 0.3525368595418382,
      "coco_ar_large": 0.4963212896727547,
      "coco_ar_medium": 0.3777286000615937,
      "coco_ar_small": 0.12437253331081115,
      "nms_iou_threshold": 0.4,
      "num_predictions": 25444.0,
      "num_samples": 500.0,
      "score_alpha": 1.5,
      "score_beta": 1.0,
      "score_threshold": 0.05,
      "top_k": 100
    },
    {
      "coco_ap": 0.20899613266792477,
      "coco_ap50": 0.32377582398812976,
      "coco_ap75": 0.22741997778091225,
      "coco_ap_large": 0.2922682214432154,
      "coco_ap_medium": 0.22297270847705203,
      "coco_ap_small": 0.0803558184349756,
      "coco_ar1": 0.2404660844553337,
      "coco_ar10": 0.3517935406933529,
      "coco_ar100": 0.3643573416204855,
      "coco_ar_large": 0.514670315004356,
      "coco_ar_medium": 0.38625054470239806,
      "coco_ar_small": 0.12859770471630366,
      "nms_iou_threshold": 0.5,
      "num_predictions": 28853.0,
      "num_samples": 500.0,
      "score_alpha": 1.5,
      "score_beta": 1.0,
      "score_threshold": 0.05,
      "top_k": 100
    },
    {
      "coco_ap": 0.20582245636391566,
      "coco_ap50": 0.3126677592269579,
      "coco_ap75": 0.228169562856864,
      "coco_ap_large": 0.2877968341845327,
      "coco_ap_medium": 0.22224399984602186,
      "coco_ap_small": 0.0818309304236615,
      "coco_ar1": 0.2354279728527626,
      "coco_ar10": 0.3509480183438194,
      "coco_ar100": 0.37051945464016467,
      "coco_ar_large": 0.5206400615360962,
      "coco_ar_medium": 0.39706181213847547,
      "coco_ar_small": 0.1312973209305103,
      "nms_iou_threshold": 0.6,
      "num_predictions": 32957.0,
      "num_samples": 500.0,
      "score_alpha": 1.5,
      "score_beta": 1.0,
      "score_threshold": 0.05,
      "top_k": 100
    },
    {
      "coco_ap": 0.20849805283567963,
      "coco_ap50": 0.3269047781715807,
      "coco_ap75": 0.22666775199414096,
      "coco_ap_large": 0.29167333428061604,
      "coco_ap_medium": 0.22313710356033495,
      "coco_ap_small": 0.07922590545136524,
      "coco_ar1": 0.24183403031174944,
      "coco_ar10": 0.34407959382421544,
      "coco_ar100": 0.35586160133013517,
      "coco_ar_large": 0.49766260985128424,
      "coco_ar_medium": 0.38192192121821833,
      "coco_ar_small": 0.12758617779867878,
      "nms_iou_threshold": 0.4,
      "num_predictions": 29147.0,
      "num_samples": 500.0,
      "score_alpha": 1.5,
      "score_beta": 1.0,
      "score_threshold": 0.05,
      "top_k": 200
    },
    {
      "coco_ap": 0.20930801966044163,
      "coco_ap50": 0.32464026782179217,
      "coco_ap75": 0.2276433346358546,
      "coco_ap_large": 0.2922949027239607,
      "coco_ap_medium": 0.2232753956758487,
      "coco_ap_small": 0.08116892733251359,
      "coco_ar1": 0.24183403031174944,
      "coco_ar10": 0.3547421515773445,
      "coco_ar100": 0.37042159947549624,
      "coco_ar_large": 0.5175443195647121,
      "coco_ar_medium": 0.3939779317855038,
      "coco_ar_small": 0.134305987647985,
      "nms_iou_threshold": 0.5,
      "num_predictions": 35762.0,
      "num_samples": 500.0,
      "score_alpha": 1.5,
      "score_beta": 1.0,
      "score_threshold": 0.05,
      "top_k": 200
    },
    {
      "coco_ap": 0.20649503432482078,
      "coco_ap50": 0.31405781035220953,
      "coco_ap75": 0.22878291016690744,
      "coco_ap_large": 0.2879312398753558,
      "coco_ap_medium": 0.22309656430642644,
      "coco_ap_small": 0.08331828188809558,
      "coco_ar1": 0.24150134611830576,
      "coco_ar10": 0.3600061853870759,
      "coco_ar100": 0.3829540652557703,
      "coco_ar_large": 0.5266510593220092,
      "coco_ar_medium": 0.4133185302999394,
      "coco_ar_small": 0.13993844989210408,
      "nms_iou_threshold": 0.6,
      "num_predictions": 44235.0,
      "num_samples": 500.0,
      "score_alpha": 1.5,
      "score_beta": 1.0,
      "score_threshold": 0.05,
      "top_k": 200
    },
    {
      "coco_ap": 0.20197779530235813,
      "coco_ap50": 0.3104472776477312,
      "coco_ap75": 0.22158200138497833,
      "coco_ap_large": 0.28780353435625905,
      "coco_ap_medium": 0.21263141605820607,
      "coco_ap_small": 0.0679176865532594,
      "coco_ar1": 0.2232818203759076,
      "coco_ar10": 0.2997755716854259,
      "coco_ar100": 0.30190473018489455,
      "coco_ar_large": 0.45531639714394184,
      "coco_ar_medium": 0.3069287088393365,
      "coco_ar_small": 0.09365711823389623,
      "nms_iou_threshold": 0.4,
      "num_predictions": 8333.0,
      "num_samples": 500.0,
      "score_alpha": 1.5,
      "score_beta": 1.0,
      "score_threshold": 0.1,
      "top_k": 20
    },
    {
      "coco_ap": 0.20193187053021822,
      "coco_ap50": 0.3070022436024763,
      "coco_ap75": 0.22253788338229552,
      "coco_ap_large": 0.2869907252207078,
      "coco_ap_medium": 0.21056062791627625,
      "coco_ap_small": 0.06885146859577428,
      "coco_ar1": 0.22130265013198808,
      "coco_ar10": 0.3015513436753624,
      "coco_ar100": 0.3041540472783569,
      "coco_ar_large": 0.4510371736258882,
      "coco_ar_medium": 0.3056811419914501,
      "coco_ar_small": 0.0936645198233384,
      "nms_iou_threshold": 0.5,
      "num_predictions": 8677.0,
      "num_samples": 500.0,
      "score_alpha": 1.5,
      "score_beta": 1.0,
      "score_threshold": 0.1,
      "top_k": 20
    },
    {
      "coco_ap": 0.1982047626687239,
      "coco_ap50": 0.29606445123184677,
      "coco_ap75": 0.22220708312748097,
      "coco_ap_large": 0.2822320943588207,
      "coco_ap_medium": 0.21092288254037453,
      "coco_ap_small": 0.06792618255459586,
      "coco_ar1": 0.2187277674859983,
      "coco_ar10": 0.30102171133730626,
      "coco_ar100": 0.3038380344713942,
      "coco_ar_large": 0.44847401347843413,
      "coco_ar_medium": 0.3069874942404975,
      "coco_ar_small": 0.08815339686938009,
      "nms_iou_threshold": 0.6,
      "num_predictions": 9088.0,
      "num_samples": 500.0,
      "score_alpha": 1.5,
      "score_beta": 1.0,
      "score_threshold": 0.1,
      "top_k": 20
    },
    {
      "coco_ap": 0.20683572490568145,
      "coco_ap50": 0.32249076136711735,
      "coco_ap75": 0.22538912701642363,
      "coco_ap_large": 0.2903918052449881,
      "coco_ap_medium": 0.22139800535096085,
      "coco_ap_small": 0.07622358053578022,
      "coco_ar1": 0.23189803087563593,
      "coco_ar10": 0.325097763535425,
      "coco_ar100": 0.3317867487026167,
      "coco_ar_large": 0.47878288724213314,
      "coco_ar_medium": 0.354601069019726,
      "coco_ar_small": 0.11154382232017221,
      "nms_iou_threshold": 0.4,
      "num_predictions": 14206.0,
      "num_samples": 500.0,
      "score_alpha": 1.5,
      "score_beta": 1.0,
      "score_threshold": 0.1,
      "top_k": 50
    },
    {
      "coco_ap": 0.20708407890122593,
      "coco_ap50": 0.3196991195015688,
      "coco_ap75": 0.22582870164807314,
      "coco_ap_large": 0.2905807148122356,
      "coco_ap_medium": 0.21994857153979322,
      "coco_ap_small": 0.07740052612369311,
      "coco_ar1": 0.2309276869517055,
      "coco_ar10": 0.3292143467005212,
      "coco_ar100": 0.33756995405184637,
      "coco_ar_large": 0.48499617281085516,
      "coco_ar_medium": 0.35623916225688834,
      "coco_ar_small": 0.11485097799058198,
      "nms_iou_threshold": 0.5,
      "num_predictions": 15612.0,
      "num_samples": 500.0,
      "score_alpha": 1.5,
      "score_beta": 1.0,
      "score_threshold": 0.1,
      "top_k": 50
    },
    {
      "coco_ap": 0.2035575645926876,
      "coco_ap50": 0.3079930403249179,
      "coco_ap75": 0.22636074389228875,
      "coco_ap_large": 0.2860352946413133,
      "coco_ap_medium": 0.21936192800106183,
      "coco_ap_small": 0.07821074009834802,
      "coco_ar1": 0.22982962112092048,
      "coco_ar10": 0.3298859767444552,
      "coco_ar100": 0.3419449342208706,
      "coco_ar_large": 0.48948010761489813,
      "coco_ar_medium": 0.3656806656239204,
      "coco_ar_small": 0.11389936281977121,
      "nms_iou_threshold": 0.6,
      "num_predictions": 17478.0,
      "num_samples": 500.0,
      "score_alpha": 1.5,
      "score_beta": 1.0,
      "score_threshold": 0.1,
      "top_k": 50
    },
    {
      "coco_ap": 0.2073039521801685,
      "coco_ap50": 0.3239836096628752,
      "coco_ap75": 0.22575721814661054,
      "coco_ap_large": 0.2904416548840375,
      "coco_ap_medium": 0.22161671201065075,
      "coco_ap_small": 0.07808760390574154,
      "coco_ar1": 0.23393823591572535,
      "coco_ar10": 0.3288420228028458,
      "coco_ar100": 0.33727990659628065,
      "coco_ar_large": 0.48096787752242165,
      "coco_ar_medium": 0.361361148549586,
      "coco_ar_small": 0.11802047090032557,
      "nms_iou_threshold": 0.4,
      "num_predictions": 17181.0,
      "num_samples": 500.0,
      "score_alpha": 1.5,
      "score_beta": 1.0,
      "score_threshold": 0.1,
      "top_k": 100
    },
    {
      "coco_ap": 0.20806348442365086,
      "coco_ap50": 0.32195018565894223,
      "coco_ap75": 0.22661801255647943,
      "coco_ap_large": 0.29089204176109634,
      "coco_ap_medium": 0.22173566311364434,
      "coco_ap_small": 0.0798152932118822,
      "coco_ar1": 0.23323329542828908,
      "coco_ar10": 0.3364871022531335,
      "coco_ar100": 0.347227440016282,
      "coco_ar_large": 0.4909750423999733,
      "coco_ar_medium": 0.3703381689924684,
      "coco_ar_small": 0.12226686031468069,
      "nms_iou_threshold": 0.5,
      "num_predictions": 20270.0,
      "num_samples": 500.0,
      "score_alpha": 1.5,
      "score_beta": 1.0,
      "score_threshold": 0.1,
      "top_k": 100
    },
    {
      "coco_ap": 0.2051368694335184,
      "coco_ap50": 0.31126102443871734,
      "coco_ap75": 0.22759952962781793,
      "coco_ap_large": 0.28648870116932534,
      "coco_ap_medium": 0.22144515222735234,
      "coco_ap_small": 0.08132921962144822,
      "coco_ar1": 0.2321692786152381,
      "coco_ar10": 0.3406349856573345,
      "coco_ar100": 0.35748456733435385,
      "coco_ar_large": 0.4981148508382923,
      "coco_ar_medium": 0.3879876058501467,
      "coco_ar_small": 0.12571480578606212,
      "nms_iou_threshold": 0.6,
      "num_predictions": 24225.0,
      "num_samples": 500.0,
      "score_alpha": 1.5,
      "score_beta": 1.0,
      "score_threshold": 0.1,
      "top_k": 100
    },
    {
      "coco_ap": 0.20734071696987166,
      "coco_ap50": 0.32406924745202514,
      "coco_ap75": 0.2257969432228925,
      "coco_ap_large": 0.2905371823610937,
      "coco_ap_medium": 0.22162327435775137,
      "coco_ap_small": 0.07807384344307078,
      "coco_ar1": 0.23404372114779284,
      "coco_ar10": 0.3292093277904039,
      "coco_ar100": 0.3377623650929905,
      "coco_ar_large": 0.48158318759994106,
      "coco_ar_medium": 0.36172115890959644,
      "coco_ar_small": 0.11803989591975059,
      "nms_iou_threshold": 0.4,
      "num_predictions": 17837.0,
      "num_samples": 500.0,
      "score_alpha": 1.5,
      "score_beta": 1.0,
      "score_threshold": 0.1,
      "top_k": 200
    },
    {
      "coco_ap": 0.20814705124803792,
      "coco_ap50": 0.3221244130615357,
      "coco_ap75": 0.22668383962356756,
      "coco_ap_large": 0.29089887378091317,
      "coco_ap_medium": 0.22171652945531398,
      "coco_ap_small": 0.08000532832276994,
      "coco_ar1": 0.23404372114779284,
      "coco_ar10": 0.33736244196160187,
      "coco_ar100": 0.34871137231253896,
      "coco_ar_large": 0.4919177334298736,
      "coco_ar_medium": 0.37150679842401213,
      "coco_ar_small": 0.12365556046836505,
      "nms_iou_threshold": 0.5,
      "num_predictions": 21835.0,
      "num_samples": 500.0,
      "score_alpha": 1.5,
      "score_beta": 1.0,
      "score_threshold": 0.1,
      "top_k": 200
    },
    {
      "coco_ap": 0.2054125092054487,
      "coco_ap50": 0.31196905049268575,
      "coco_ap75": 0.22782154481466818,
      "coco_ap_large": 0.28661439120156,
      "coco_ap_medium": 0.22175753590833588,
      "coco_ap_small": 0.08219663426995677,
      "coco_ar1": 0.23393823591572535,
      "coco_ar10": 0.3428540070330525,
      "coco_ar100": 0.3612404604661789,
      "coco_ar_large": 0.4998240681220437,
      "coco_ar_medium": 0.3930993976726669,
      "coco_ar_small": 0.12919584739604695,
      "nms_iou_threshold": 0.6,
      "num_predictions": 28117.0,
      "num_samples": 500.0,
      "score_alpha": 1.5,
      "score_beta": 1.0,
      "score_threshold": 0.1,
      "top_k": 200
    },
    {
      "coco_ap": 0.20029666469059973,
      "coco_ap50": 0.30724848398852744,
      "coco_ap75": 0.22005178943966952,
      "coco_ap_large": 0.2851842370654514,
      "coco_ap_medium": 0.21086368709928108,
      "coco_ap_small": 0.06521512909352829,
      "coco_ar1": 0.21908787073427455,
      "coco_ar10": 0.29212336940426914,
      "coco_ar100": 0.2942152978218316,
      "coco_ar_large": 0.4429846897572406,
      "coco_ar_medium": 0.298964374788197,
      "coco_ar_small": 0.08831920242006708,
      "nms_iou_threshold": 0.4,
      "num_predictions": 6434.0,
      "num_samples": 500.0,
      "score_alpha": 1.5,
      "score_beta": 1.0,
      "score_threshold": 0.2,
      "top_k": 20
    },
    {
      "coco_ap": 0.20021363518737129,
      "coco_ap50": 0.3042194609043181,
      "coco_ap75": 0.22081824146644932,
      "coco_ap_large": 0.2843530389034734,
      "coco_ap_medium": 0.208938442824448,
      "coco_ap_small": 0.06704058274828555,
      "coco_ar1": 0.21769579024349095,
      "coco_ar10": 0.29365619785423647,
      "coco_ar100": 0.2962414325652962,
      "coco_ar_large": 0.4390882990930741,
      "coco_ar_medium": 0.29841200598844975,
      "coco_ar_small": 0.09016790038144322,
      "nms_iou_threshold": 0.5,
      "num_predictions": 6850.0,
      "num_samples": 500.0,
      "score_alpha": 1.5,
      "score_beta": 1.0,
      "score_threshold": 0.2,
      "top_k": 20
    },
    {
      "coco_ap": 0.19682804254181924,
      "coco_ap50": 0.2940890611965404,
      "coco_ap75": 0.22084538335500983,
      "coco_ap_large": 0.28013683093764774,
      "coco_ap_medium": 0.20671921839212545,
      "coco_ap_small": 0.06682938721186701,
      "coco_ar1": 0.21560633288148237,
      "coco_ar10": 0.29387451679810744,
      "coco_ar100": 0.2966814336057689,
      "coco_ar_large": 0.4384461307563949,
      "coco_ar_medium": 0.29673443739643346,
      "coco_ar_small": 0.08571854718322724,
      "nms_iou_threshold": 0.6,
      "num_predictions": 7497.0,
      "num_samples": 500.0,
      "score_alpha": 1.5,
      "score_beta": 1.0,
      "score_threshold": 0.2,
      "top_k": 20
    },
    {
      "coco_ap": 0.20326280119303752,
      "coco_ap50": 0.3150029534166446,
      "coco_ap75": 0.22218613160754372,
      "coco_ap_large": 0.2857165874349517,
      "coco_ap_medium": 0.21567056922267144,
      "coco_ap_small": 0.07321935340129601,
      "coco_ar1": 0.22352005246572143,
      "coco_ar10": 0.30329399130190365,
      "coco_ar100": 0.3092068821083874,
      "coco_ar_large": 0.44984088960159935,
      "coco_ar_medium": 0.3210704843538291,
      "coco_ar_small": 0.1033677117164985,
      "nms_iou_threshold": 0.4,
      "num_predictions": 8587.0,
      "num_samples": 500.0,
      "score_alpha": 1.5,
      "score_beta": 1.0,
      "score_threshold": 0.2,
      "top_k": 50
    },
    {
      "coco_ap": 0.20393352699869807,
      "coco_ap50": 0.3133346366577794,
      "coco_ap75": 0.22311008098374602,
      "coco_ap_large": 0.2860470962210746,
      "coco_ap_medium": 0.21564243069829786,
      "coco_ap_small": 0.07448254710193675,
      "coco_ar1": 0.2234887975821459,
      "coco_ar10": 0.3091678123450561,
      "coco_ar100": 0.31635605309968545,
      "coco_ar_large": 0.45595280580971087,
      "coco_ar_medium": 0.32750920091366814,
      "coco_ar_small": 0.10644828799618788,
      "nms_iou_threshold": 0.5,
      "num_predictions": 9788.0,
      "num_samples": 500.0,
      "score_alpha": 1.5,
      "score_beta": 1.0,
      "score_threshold": 0.2,
      "top_k": 50
    },
    {
      "coco_ap": 0.2008997500519436,
      "coco_ap50": 0.3032472961838431,
      "coco_ap75": 0.22384479377661956,
      "coco_ap_large": 0.28237013071005573,
      "coco_ap_medium": 0.2139423168412204,
      "coco_ap_small": 0.07563886791991824,
      "coco_ar1": 0.2226724545052972,
      "coco_ar10": 0.3124433781621855,
      "coco_ar100": 0.32185620932396153,
      "coco_ar_large": 0.4638885081396652,
      "coco_ar_medium": 0.3337694593834116,
      "coco_ar_small": 0.10673769148075025,
      "nms_iou_threshold": 0.6,
      "num_predictions": 11527.0,
      "num_samples": 500.0,
      "score_alpha": 1.5,
      "score_beta": 1.0,
      "score_threshold": 0.2,
      "top_k": 50
    },
    {
      "coco_ap": 0.20335391949394926,
      "coco_ap50": 0.3153291319125817,
      "coco_ap75": 0.22229365616138996,
      "coco_ap_large": 0.2855721407624128,
      "coco_ap_medium": 0.21554269182812388,
      "coco_ap_small": 0.07443159409286601,
      "coco_ar1": 0.22392913553090066,
      "coco_ar10": 0.3037251526714691,
      "coco_ar100": 0.3103368978773994,
      "coco_ar_large": 0.44984088960159935,
      "coco_ar_medium": 0.32254573497742856,
      "coco_ar_small": 0.1059444664628833,
      "nms_iou_threshold": 0.4,
      "num_predictions": 9040.0,
      "num_samples": 500.0,
      "score_alpha": 1.5,
      "score_beta": 1.0,
      "score_threshold": 0.2,
      "top_k": 100
    },
    {
      "coco_ap": 0.2041679674413611,
      "coco_ap50": 0.31388180526773796,
      "coco_ap75": 0.2232666790481988,
      "coco_ap_large": 0.2858795432367173,
      "coco_ap_medium": 0.2159054796445087,
      "coco_ap_small": 0.07617494875187639,
      "coco_ar1": 0.22392913553090066,
      "coco_ar10": 0.3100952455362475,
      "coco_ar100": 0.3185085648718222,
      "coco_ar_large": 0.45598115048091264,
      "coco_ar_medium": 0.3309378312360139,
      "coco_ar_small": 0.10976179378559574,
      "nms_iou_threshold": 0.5,
      "num_predictions": 10632.0,
      "num_samples": 500.0,
      "score_alpha": 1.5,
      "score_beta": 1.0,
      "score_threshold": 0.2,
      "top_k": 100
    },
    {
      "coco_ap": 0.20159504911502704,
      "coco_ap50": 0.30463432577816496,
      "coco_ap75": 0.22424307321109938,
      "coco_ap_large": 0.28236649315453116,
      "coco_ap_medium": 0.21458104992175892,
      "coco_ap_small": 0.07778470597922292,
      "coco_ar1": 0.22352005246572143,
      "coco_ar10": 0.31494338416297846,
      "coco_ar100": 0.3266818232838125,
      "coco_ar_large": 0.4651504463669368,
      "coco_ar_medium": 0.33973301875704753,
      "coco_ar_small": 0.11277361525035652,
      "nms_iou_threshold": 0.6,
      "num_predictions": 13287.0,
      "num_samples": 500.0,
      "score_alpha": 1.5,
      "score_beta": 1.0,
      "score_threshold": 0.2,
      "top_k": 100
    },
    {
      "coco_ap": 0.2033537142180861,
      "coco_ap50": 0.31532833840424435,
      "coco_ap75": 0.22229365616138996,
      "coco_ap_large": 0.2855721407624128,
      "coco_ap_medium": 0.21554246382924921,
      "coco_ap_small": 0.07443159409286601,
      "coco_ar1": 0.22392913553090066,
      "coco_ar10": 0.3037251526714691,
      "coco_ar100": 0.3103368978773994,
      "coco_ar_large": 0.44984088960159935,
      "coco_ar_medium": 0.32254573497742856,
      "coco_ar_small": 0.1059444664628833,
      "nms_iou_threshold": 0.4,
      "num_predictions": 9070.0,
      "num_samples": 500.0,
      "score_alpha": 1.5,
      "score_beta": 1.0,
      "score_threshold": 0.2,
      "top_k": 200
    },
    {
      "coco_ap": 0.2041749769545869,
      "coco_ap50": 0.3139106774840805,
      "coco_ap75": 0.22325881722889862,
      "coco_ap_large": 0.2858902674430649,
      "coco_ap_medium": 0.21585527817707587,
      "coco_ap_small": 0.07621458441618625,
      "coco_ar1": 0.22392913553090066,
      "coco_ar10": 0.3100952455362475,
      "coco_ar100": 0.31871756728112244,
      "coco_ar_large": 0.456377975877738,
      "coco_ar_medium": 0.33100998130816395,
      "coco_ar_small": 0.11001936954317153,
      "nms_iou_threshold": 0.5,
      "num_predictions": 10788.0,
      "num_samples": 500.0,
      "score_alpha": 1.5,
      "score_beta": 1.0,
      "score_threshold": 0.2,
      "top_k": 200
    },
    {
      "coco_ap": 0.20165516265474126,
      "coco_ap50": 0.30473077960697,
      "coco_ap75": 0.2243158902685871,
      "coco_ap_large": 0.28234598908016917,
      "coco_ap_medium": 0.2147451835067724,
      "coco_ap_small": 0.07817014165297816,
      "coco_ar1": 0.22392913553090066,
      "coco_ar10": 0.31541134270652094,
      "coco_ar100": 0.32744246667097965,
      "coco_ar_large": 0.4651504463669368,
      "coco_ar_medium": 0.3413542907840911,
      "coco_ar_small": 0.11357836605510731,
      "nms_iou_threshold": 0.6,
      "num_predictions": 13867.0,
      "num_samples": 500.0,
      "score_alpha": 1.5,
      "score_beta": 1.0,
      "score_threshold": 0.2,
      "top_k": 200
    },
    {
      "coco_ap": 0.20435961362116142,
      "coco_ap50": 0.3115470100461242,
      "coco_ap75": 0.2242825704391793,
      "coco_ap_large": 0.2884030813916304,
      "coco_ap_medium": 0.2167612449827285,
      "coco_ap_small": 0.06757454573412186,
      "coco_ar1": 0.22893350964906808,
      "coco_ar10": 0.30731954116303,
      "coco_ar100": 0.30903031253788726,
      "coco_ar_large": 0.4643113195702897,
      "coco_ar_medium": 0.3190304472127725,
      "coco_ar_small": 0.09383297333198183,
      "nms_iou_threshold": 0.4,
      "num_predictions": 9142.0,
      "num_samples": 500.0,
      "score_alpha": 2.0,
      "score_beta": 1.0,
      "score_threshold": 0.03,
      "top_k": 20
    },
    {
      "coco_ap": 0.20480764881349517,
      "coco_ap50": 0.3089506689233585,
      "coco_ap75": 0.22562229246683424,
      "coco_ap_large": 0.2893713766414491,
      "coco_ap_medium": 0.21546838245333497,
      "coco_ap_small": 0.0689180132932844,
      "coco_ar1": 0.22725382314402312,
      "coco_ar10": 0.3107597961091766,
      "coco_ar100": 0.3127200318031982,
      "coco_ar_large": 0.46793568825656234,
      "coco_ar_medium": 0.3161861957836732,
      "coco_ar_small": 0.09420636009932444,
      "nms_iou_threshold": 0.5,
      "num_predictions": 9320.0,
      "num_samples": 500.0,
      "score_alpha": 2.0,
      "score_beta": 1.0,
      "score_threshold": 0.03,
      "top_k": 20
    },
    {
      "coco_ap": 0.20111593573402523,
      "coco_ap50": 0.2982809595922958,
      "coco_ap75": 0.22546340949978547,
      "coco_ap_large": 0.28312983089027005,
      "coco_ap_medium": 0.21324396335067775,
      "coco_ap_small": 0.07012407833206687,
      "coco_ar1": 0.2247187880290519,
      "coco_ar10": 0.309926362768367,
      "coco_ar100": 0.3120889651414234,
      "coco_ar_large": 0.46514004552453453,
      "coco_ar_medium": 0.3096226481694779,
      "coco_ar_small": 0.09260724905458195,
      "nms_iou_threshold": 0.6,
      "num_predictions": 9530.0,
      "num_samples": 500.0,
      "score_alpha": 2.0,
      "score_beta": 1.0,
      "score_threshold": 0.03,
      "top_k": 20
    },
    {
      "coco_ap": 0.20933762885285725,
      "coco_ap50": 0.32381088997489993,
      "coco_ap75": 0.22842037945466387,
      "coco_ap_large": 0.2915962964005377,
      "coco_ap_medium": 0.22468472203629755,
      "coco_ap_small": 0.07632677463104605,
      "coco_ar1": 0.23886330506112247,
      "coco_ar10": 0.33642035947155496,
      "coco_ar100": 0.34299127123174206,
      "coco_ar_large": 0.49644976220664144,
      "coco_ar_medium": 0.36277285737786735,
      "coco_ar_small": 0.11311709779700378,
      "nms_iou_threshold": 0.4,
      "num_predictions": 18158.0,
      "num_samples": 500.0,
      "score_alpha": 2.0,
      "score_beta": 1.0,
      "score_threshold": 0.03,
      "top_k": 50
    },
    {
      "coco_ap": 0.21003450681993446,
      "coco_ap50": 0.3213490158036639,
      "coco_ap75": 0.22963621596632533,
      "coco_ap_large": 0.29299924338062056,
      "coco_ap_medium": 0.22387936207259823,
      "coco_ap_small": 0.0776916521137648,
      "coco_ar1": 0.2376336486415926,
      "coco_ar10": 0.3411522461085905,
      "coco_ar100": 0.3487934327549086,
      "coco_ar_large": 0.5016577250800239,
      "coco_ar_medium": 0.36469928355075687,
      "coco_ar_small": 0.11830041813049032,
      "nms_iou_threshold": 0.5,
      "num_predictions": 19356.0,
      "num_samples": 500.0,
      "score_alpha": 2.0,
      "score_beta": 1.0,
      "score_threshold": 0.03,
      "top_k": 50
    },
    {
      "coco_ap": 0.2066845489385535,
      "coco_ap50": 0.31042804651397937,
      "coco_ap75": 0.23033877136162753,
      "coco_ap_large": 0.2872849368176949,
      "coco_ap_medium": 0.2220963291610476,
      "coco_ap_small": 0.07918077902324233,
      "coco_ar1": 0.23687788860197118,
      "coco_ar10": 0.3409878325747132,
      "coco_ar100": 0.3515349877680376,
      "coco_ar_large": 0.5052203627705122,
      "coco_ar_medium": 0.36859859313391746,
      "coco_ar_small": 0.11657750149186069,
      "nms_iou_threshold": 0.6,
      "num_predictions": 20801.0,
      "num_samples": 500.0,
      "score_alpha": 2.0,
      "score_beta": 1.0,
      "score_threshold": 0.03,
      "top_k": 50
    },
    {
      "coco_ap": 0.21019213801500336,
      "coco_ap50": 0.32621460907752287,
      "coco_ap75": 0.22911664125529202,
      "coco_ap_large": 0.2917061626722639,
      "coco_ap_medium": 0.22548568983258688,
      "coco_ap_small": 0.07868844505593356,
      "coco_ar1": 0.24543372323054005,
      "coco_ar10": 0.3461316228058789,
      "coco_ar100": 0.35553070029211203,
      "coco_ar_large": 0.5023793011131652,
      "coco_ar_medium": 0.3779920685570209,
      "coco_ar_small": 0.12369819664200463,
      "nms_iou_threshold": 0.4,
      "num_predictions": 25498.0,
      "num_samples": 500.0,
      "score_alpha": 2.0,
      "score_beta": 1.0,
      "score_threshold": 0.03,
      "top_k": 100
    },
    {
      "coco_ap": 0.21126156753806047,
      "coco_ap50": 0.3241240858402428,
      "coco_ap75": 0.23064825586031393,
      "coco_ap_large": 0.29369962687926515,
      "coco_ap_medium": 0.2255480344595772,
      "coco_ap_small": 0.0801315337508907,
      "coco_ar1": 0.2443979771348146,
      "coco_ar10": 0.3557772411055044,
      "coco_ar100": 0.3677531235268337,
      "coco_ar_large": 0.5188299136166086,
      "coco_ar_medium": 0.3875847098809545,
      "coco_ar_small": 0.12940232946764088,
      "nms_iou_threshold": 0.5,
      "num_predictions": 28789.0,
      "num_samples": 500.0,
      "score_alpha": 2.0,
      "score_beta": 1.0,
      "score_threshold": 0.03,
      "top_k": 100
    },
    {
      "coco_ap": 0.20831117359140203,
      "coco_ap50": 0.31415154128651207,
      "coco_ap75": 0.23142547462100774,
      "coco_ap_large": 0.28808527261007194,
      "coco_ap_medium": 0.2248640530620002,
      "coco_ap_small": 0.08222624111201797,
      "coco_ar1": 0.2399708243109641,
      "coco_ar10": 0.3565089774262816,
      "coco_ar100": 0.37318789509718353,
      "coco_ar_large": 0.5245377969418284,
      "coco_ar_medium": 0.3967335434933407,
      "coco_ar_small": 0.13021930483104796,
      "nms_iou_threshold": 0.6,
      "num_predictions": 32827.0,
      "num_samples": 500.0,
      "score_alpha": 2.0,
      "score_beta": 1.0,
      "score_threshold": 0.03,
      "top_k": 100
    },
    {
      "coco_ap": 0.21038722038909036,
      "coco_ap50": 0.32678886066110546,
      "coco_ap75": 0.2292369841500747,
      "coco_ap_large": 0.29188333870435174,
      "coco_ap_medium": 0.22567987494373165,
      "coco_ap_small": 0.07905006839363128,
      "coco_ar1": 0.24567985543869764,
      "coco_ar10": 0.34794770474265313,
      "coco_ar100": 0.35874897290900154,
      "coco_ar_large": 0.504998801645962,
      "coco_ar_medium": 0.38284730031060143,
      "coco_ar_small": 0.1261392784973421,
      "nms_iou_threshold": 0.4,
      "num_predictions": 29324.0,
      "num_samples": 500.0,
      "score_alpha": 2.0,
      "score_beta": 1.0,
      "score_threshold": 0.03,
      "top_k": 200
    },
    {
      "coco_ap": 0.21156907322085078,
      "coco_ap50": 0.3249622468728772,
      "coco_ap75": 0.23084890493986102,
      "coco_ap_large": 0.29390226248534973,
      "coco_ap_medium": 0.225819911712762,
      "coco_ap_small": 0.0807400335478193,
      "coco_ar1": 0.24553920846260763,
      "coco_ar10": 0.3587964481021043,
      "coco_ar100": 0.3734916328420295,
      "coco_ar_large": 0.5234658298888278,
      "coco_ar_medium": 0.39390536433748324,
      "coco_ar_small": 0.13385721831739245,
      "nms_iou_threshold": 0.5,
      "num_predictions": 35673.0,
      "num_samples": 500.0,
      "score_alpha": 2.0,
      "score_beta": 1.0,
      "score_threshold": 0.03,
      "top_k": 200
    },
    {
      "coco_ap": 0.20892070488251857,
      "coco_ap50": 0.3152890646183108,
      "coco_ap75": 0.23204171348729888,
      "coco_ap_large": 0.28812846422154853,
      "coco_ap_medium": 0.22558116607017498,
      "coco_ap_small": 0.08381536268890055,
      "coco_ar1": 0.24543372323054005,
      "coco_ar10": 0.36452717905357324,
      "coco_ar100": 0.38485811018387506,
      "coco_ar_large": 0.5269709170206024,
      "coco_ar_medium": 0.4120771905988766,
      "coco_ar_small": 0.1394029467104701,
      "nms_iou_threshold": 0.6,
      "num_predictions": 44058.0,
      "num_samples": 500.0,
      "score_alpha": 2.0,
      "score_beta": 1.0,
      "score_threshold": 0.03,
      "top_k": 200
    },
    {
      "coco_ap": 0.2042387476631161,
      "coco_ap50": 0.31117240626781484,
      "coco_ap75": 0.22418448688288753,
      "coco_ap_large": 0.2880853717360494,
      "coco_ap_medium": 0.2167047304722302,
      "coco_ap_small": 0.06757454573412186,
      "coco_ar1": 0.228426369110282,
      "coco_ar10": 0.3063924920111308,
      "coco_ar100": 0.30810326338598804,
      "coco_ar_large": 0.46181763270160286,
      "coco_ar_medium": 0.31846218057867515,
      "coco_ar_small": 0.09383297333198183,
      "nms_iou_threshold": 0.4,
      "num_predictions": 8736.0,
      "num_samples": 500.0,
      "score_alpha": 2.0,
      "score_beta": 1.0,
      "score_threshold": 0.05,
      "top_k": 20
    },
    {
      "coco_ap": 0.20471790630943723,
      "coco_ap50": 0.3087830027420533,
      "coco_ap75": 0.22552420891054245,
      "coco_ap_large": 0.28910872537632254,
      "coco_ap_medium": 0.21543676920026653,
      "coco_ap_small": 0.0689180132932844,
      "coco_ar1": 0.226746682605237,
      "coco_ar10": 0.3100363149489866,
      "coco_ar100": 0.31199655064300813,
      "coco_ar_large": 0.4657892236100977,
      "coco_ar_medium": 0.31572615425780093,
      "coco_ar_small": 0.09420636009932444,
      "nms_iou_threshold": 0.5,
      "num_predictions": 8998.0,
      "num_samples": 500.0,
      "score_alpha": 2.0,
      "score_beta": 1.0,
      "score_threshold": 0.05,
      "top_k": 20
    },
    {
      "coco_ap": 0.20105665406030968,
      "coco_ap50": 0.2981487268882272,
      "coco_ap75": 0.22537881243248378,
      "coco_ap_large": 0.2828696841026444,
      "coco_ap_medium": 0.21324396335067775,
      "coco_ap_small": 0.07012407833206687,
      "coco_ar1": 0.2242116474902658,
      "coco_ar10": 0.3094192222295809,
      "coco_ar100": 0.3115818246026373,
      "coco_ar_large": 0.46299358087806974,
      "coco_ar_medium": 0.3096226481694779,
      "coco_ar_small": 0.09260724905458195,
      "nms_iou_threshold": 0.6,
      "num_predictions": 9300.0,
      "num_samples": 500.0,
      "score_alpha": 2.0,
      "score_beta": 1.0,
      "score_threshold": 0.05,
      "top_k": 20
    },
    {
      "coco_ap": 0.2090590796056793,
      "coco_ap50": 0.322937346193017,
      "coco_ap75": 0.22829976910185004,
      "coco_ap_large": 0.291135910688712,
      "coco_ap_medium": 0.22431000286810554,
      "coco_ap_small": 0.07626684205402284,
      "coco_ar1": 0.23763283721673054,
      "coco_ar10": 0.3333666342505343,
      "coco_ar100": 0.33973137558558664,
      "coco_ar_large": 0.4901303177621969,
      "coco_ar_medium": 0.36032789600993237,
      "coco_ar_small": 0.11277131942973488,
      "nms_iou_threshold": 0.4,
      "num_predictions": 16023.0,
      "num_samples": 500.0,
      "score_alpha": 2.0,
      "score_beta": 1.0,
      "score_threshold": 0.05,
      "top_k": 50
    },
    {
      "coco_ap": 0.2098787630455621,
      "coco_ap50": 0.3210444665088466,
      "coco_ap75": 0.22953813939868806,
      "coco_ap_large": 0.29279558533432587,
      "coco_ap_medium": 0.22379154260692696,
      "coco_ap_small": 0.07755611661982058,
      "coco_ar1": 0.2371265081028065,
      "coco_ar10": 0.3394471619458963,
      "coco_ar100": 0.3469540120227885,
      "coco_ar_large": 0.49853737428525446,
      "coco_ar_medium": 0.36376114868964843,
      "coco_ar_small": 0.1165695770145223,
      "nms_iou_threshold": 0.5,
      "num_predictions": 17358.0,
      "num_samples": 500.0,
      "score_alpha": 2.0,
      "score_beta": 1.0,
      "score_threshold": 0.05,
      "top_k": 50
    },
    {
      "coco_ap": 0.20659926368799506,
      "coco_ap50": 0.310226469455032,
      "coco_ap75": 0.23025552918457143,
      "coco_ap_large": 0.28709287709923376,
      "coco_ap_medium": 0.22208954467285416,
      "coco_ap_small": 0.07912764224245412,
      "coco_ar1": 0.23637074806318512,
      "coco_ar10": 0.3399179574214055,
      "coco_ar100": 0.35046108133197573,
      "coco_ar_large": 0.5023584099085593,
      "coco_ar_medium": 0.3684986930340174,
      "coco_ar_small": 0.11623172312459179,
      "nms_iou_threshold": 0.6,
      "num_predictions": 19065.0,
      "num_samples": 500.0,
      "score_alpha": 2.0,
      "score_beta": 1.0,
      "score_threshold": 0.05,
      "top_k": 50
    },
    {
      "coco_ap": 0.2098678695621188,
      "coco_ap50": 0.32515818230672683,
      "coco_ap75": 0.22900368246429745,
      "coco_ap_large": 0.29121675502353594,
      "coco_ap_medium": 0.22515269174391989,
      "coco_ap_small": 0.07846033666447652,
      "coco_ar1": 0.24402662895105845,
      "coco_ar10": 0.3423229615847976,
      "coco_ar100": 0.3507002781735737,
      "coco_ar_large": 0.4927830247355716,
      "coco_ar_medium": 0.3751352202254749,
      "coco_ar_small": 0.12137261221908768,
      "nms_iou_threshold": 0.4,
      "num_predictions": 20806.0,
      "num_samples": 500.0,
      "score_alpha": 2.0,
      "score_beta": 1.0,
      "score_threshold": 0.05,
      "top_k": 100
    },
    {
      "coco_ap": 0.21093172414388758,
      "coco_ap50": 0.32336159178577095,
      "coco_ap75": 0.2304561098105528,
      "coco_ap_large": 0.29310056078195873,
      "coco_ap_medium": 0.22536961140125228,
      "coco_ap_small": 0.07981303513202634,
      "coco_ar1": 0.24299088285533296,
      "coco_ar10": 0.3500278646605512,
      "coco_ar100": 0.36096504845755867,
      "coco_ar_large": 0.5047856693038965,
      "coco_ar_medium": 0.3850067482190055,
      "coco_ar_small": 0.12543499395896654,
      "nms_iou_threshold": 0.5,
      "num_predictions": 23916.0,
      "num_samples": 500.0,
      "score_alpha": 2.0,
      "score_beta": 1.0,
      "score_threshold": 0.05,
      "top_k": 100
    },
    {
      "coco_ap": 0.20806563557437552,
      "coco_ap50": 0.31358157567213235,
      "coco_ap75": 0.23121792125661167,
      "coco_ap_large": 0.28775717228835074,
      "coco_ap_medium": 0.22460329410392396,
      "coco_ap_small": 0.08214930507166887,
      "coco_ar1": 0.2385637300314824,
      "coco_ar10": 0.3528606065370164,
      "coco_ar100": 0.36883387332000417,
      "coco_ar_large": 0.5170787868520044,
      "coco_ar_medium": 0.39266907749175933,
      "coco_ar_small": 0.12874599752640176,
      "nms_iou_threshold": 0.6,
      "num_predictions": 28002.0,
      "num_samples": 500.0,
      "score_alpha": 2.0,
      "score_beta": 1.0,
      "score_threshold": 0.05,
      "top_k": 100
    },
    {
      "coco_ap": 0.21000374803728977,
      "coco_ap50": 0.32551148910977107,
      "coco_ap75": 0.2291038659908633,
      "coco_ap_large": 0.2913221674978827,
      "coco_ap_medium": 0.2252570261388272,
      "coco_ap_small": 0.07875845995331644,
      "coco_ar1": 0.24427276115921592,
      "coco_ar10": 0.3432043314933418,
      "coco_ar100": 0.3524137215833333,
      "coco_ar_large": 0.4935191077599509,
      "coco_ar_medium": 0.3771814887717434,
      "coco_ar_small": 0.12305828793937361,
      "nms_iou_threshold": 0.4,
      "num_predictions": 22253.0,
      "num_samples": 500.0,
      "score_alpha": 2.0,
      "score_beta": 1.0,
      "score_threshold": 0.05,
      "top_k": 200
    },
    {
      "coco_ap": 0.21116780972039625,
      "coco_ap50": 0.3239439333194801,
      "coco_ap75": 0.230626906318403,
      "coco_ap_large": 0.29317535961737223,
      "coco_ap_medium": 0.2255485586537741,
      "coco_ap_small": 0.0803810068589329,
      "coco_ar1": 0.24413211418312594,
      "coco_ar10": 0.3519902525071684,
      "coco_ar100": 0.36457061439031496,
      "coco_ar_large": 0.5062010796147458,
      "coco_ar_medium": 0.38815805144130094,
      "coco_ar_small": 0.12913837791360844,
      "nms_iou_threshold": 0.5,
      "num_predictions": 27134.0,
      "num_samples": 500.0,
      "score_alpha": 2.0,
      "score_beta": 1.0,
      "score_threshold": 0.05,
      "top_k": 200
    },
    {
      "coco_ap": 0.2086163632581935,
      "coco_ap50": 0.314576690209486,
      "coco_ap75": 0.23177922036164714,
      "coco_ap_large": 0.287776507912664,
      "coco_ap_medium": 0.22527775843800893,
      "coco_ap_small": 0.08365294912425021,
      "coco_ar1": 0.24402662895105845,
      "coco_ar10": 0.359732242132846,
      "coco_ar100": 0.37842788266008587,
      "coco_ar_large": 0.5185057210408714,
      "coco_ar_medium": 0.40540247677279506,
      "coco_ar_small": 0.13591741154199508,
      "nms_iou_threshold": 0.6,
      "num_predictions": 34587.0,
      "num_samples": 500.0,
      "score_alpha": 2.0,
      "score_beta": 1.0,
      "score_threshold": 0.05,
      "top_k": 200
    },
    {
      "coco_ap": 0.20407164129876218,
      "coco_ap50": 0.31084286832014224,
      "coco_ap75": 0.22403435143681077,
      "coco_ap_large": 0.2879691762540674,
      "coco_ap_medium": 0.2162197840184011,
      "coco_ap_small": 0.06737638904069441,
      "coco_ar1": 0.22818717225301444,
      "coco_ar10": 0.30489014043041296,
      "coco_ar100": 0.3066009118052702,
      "coco_ar_large": 0.4610837311864513,
      "coco_ar_medium": 0.3161764662929609,
      "coco_ar_small": 0.0933013669412179,
      "nms_iou_threshold": 0.4,
      "num_predictions": 7699.0,
      "num_samples": 500.0,
      "score_alpha": 2.0,
      "score_beta": 1.0,
      "score_threshold": 0.1,
      "top_k": 20
    },
    {
      "coco_ap": 0.20453264996943382,
      "coco_ap50": 0.30851994064248933,
      "coco_ap75": 0.22534524908243816,
      "coco_ap_large": 0.2889500078504127,
      "coco_ap_medium": 0.21493935443251175,
      "coco_ap_small": 0.0687053535807936,
      "coco_ar1": 0.22659478387105983,
      "coco_ar10": 0.30839031951402146,
      "coco_ar100": 0.31035055520804306,
      "coco_ar_large": 0.4647210865122634,
      "coco_ar_medium": 0.3135301684254515,
      "coco_ar_small": 0.09366519439300751,
      "nms_iou_threshold": 0.5,
      "num_predictions": 8091.0,
      "num_samples": 500.0,
      "score_alpha": 2.0,
      "score_beta": 1.0,
      "score_threshold": 0.1,
      "top_k": 20
    },
    {
      "coco_ap": 0.20089506617924324,
      "coco_ap50": 0.2979107412350847,
      "coco_ap75": 0.22519881300096073,
      "coco_ap_large": 0.28273369077896693,
      "coco_ap_medium": 0.2128031029381059,
      "coco_ap_small": 0.06994446359274886,
      "coco_ar1": 0.22405974875608856,
      "coco_ar10": 0.3078890392991329,
      "coco_ar100": 0.3100422353457629,
      "coco_ar_large": 0.4619490643395704,
      "coco_ar_medium": 0.3075447260915558,
      "coco_ar_small": 0.09224911612547111,
      "nms_iou_threshold": 0.6,
      "num_predictions": 8597.0,
      "num_samples": 500.0,
      "score_alpha": 2.0,
      "score_beta": 1.0,
      "score_threshold": 0.1,
      "top_k": 20
    },
    {
      "coco_ap": 0.20826980157958744,
      "coco_ap50": 0.32115531423777305,
      "coco_ap75": 0.2275340920130217,
      "coco_ap_large": 0.2895402518681729,
      "coco_ap_medium": 0.22306235789836043,
      "coco_ap_small": 0.0758666532343694,
      "coco_ar1": 0.23489628144843475,
      "coco_ar10": 0.3257743946604891,
      "coco_ar100": 0.3316307272858438,
      "coco_ar_large": 0.47609508773305015,
      "coco_ar_medium": 0.3516324243306748,
      "coco_ar_small": 0.11011401213822507,
      "nms_iou_threshold": 0.4,
      "num_predictions": 12003.0,
      "num_samples": 500.0,
      "score_alpha": 2.0,
      "score_beta": 1.0,
      "score_threshold": 0.1,
      "top_k": 50
    },
    {
      "coco_ap": 0.20927948750479752,
      "coco_ap50": 0.319709633574715,
      "coco_ap75": 0.22901873221720417,
      "coco_ap_large": 0.29156506958171774,
      "coco_ap_medium": 0.22287584400397173,
      "coco_ap_small": 0.07703807612937699,
      "coco_ar1": 0.2346431168914727,
      "coco_ar10": 0.333164195348112,
      "coco_ar100": 0.3401827497574471,
      "coco_ar_large": 0.48750974540811887,
      "coco_ar_medium": 0.3573779892707159,
      "coco_ar_small": 0.11326500777804534,
      "nms_iou_threshold": 0.5,
      "num_predictions": 13303.0,
      "num_samples": 500.0,
      "score_alpha": 2.0,
      "score_beta": 1.0,
      "score_threshold": 0.1,
      "top_k": 50
    },
    {
      "coco_ap": 0.2061299302235266,
      "coco_ap50": 0.3093310747829113,
      "coco_ap75": 0.22981570022957257,
      "coco_ap_large": 0.2860974881928973,
      "coco_ap_medium": 0.2212957062633196,
      "coco_ap_small": 0.07889442989074415,
      "coco_ar1": 0.23430296470802722,
      "coco_ar10": 0.3349548966935644,
      "coco_ar100": 0.34447432793583854,
      "coco_ar_large": 0.4927475611132514,
      "coco_ar_medium": 0.36177024642898087,
      "coco_ar_small": 0.1142527091585328,
      "nms_iou_threshold": 0.6,
      "num_predictions": 15189.0,
      "num_samples": 500.0,
      "score_alpha": 2.0,
      "score_beta": 1.0,
      "score_threshold": 0.1,
      "top_k": 50
    },
    {
      "coco_ap": 0.20855871647653715,
      "coco_ap50": 0.3221550334066194,
      "coco_ap75": 0.22777745215538298,
      "coco_ap_large": 0.2895945683752569,
      "coco_ap_medium": 0.22341880214406598,
      "coco_ap_small": 0.07713285000078836,
      "coco_ar1": 0.23607276336214278,
      "coco_ar10": 0.3279123155944557,
      "coco_ar100": 0.33485933337886054,
      "coco_ar_large": 0.47677745488280865,
      "coco_ar_medium": 0.3575339327982494,
      "coco_ar_small": 0.11306340272977591,
      "nms_iou_threshold": 0.4,
      "num_predictions": 13388.0,
      "num_samples": 500.0,
      "score_alpha": 2.0,
      "score_beta": 1.0,
      "score_threshold": 0.1,
      "top_k": 100
    },
    {
      "coco_ap": 0.20978139778487437,
      "coco_ap50": 0.32107718523934414,
      "coco_ap75": 0.22931260212711743,
      "coco_ap_large": 0.29164374437191903,
      "coco_ap_medium": 0.22370335163849925,
      "coco_ap_small": 0.07860047938698664,
      "coco_ar1": 0.23607276336214278,
      "coco_ar10": 0.3365369070037362,
      "coco_ar100": 0.3456388722439569,
      "coco_ar_large": 0.4888564944722592,
      "coco_ar_medium": 0.36719770647615824,
      "coco_ar_small": 0.11748701652033304,
      "nms_iou_threshold": 0.5,
      "num_predictions": 15734.0,
      "num_samples": 500.0,
      "score_alpha": 2.0,
      "score_beta": 1.0,
      "score_threshold": 0.1,
      "top_k": 100
    },
    {
      "coco_ap": 0.20719584153727,
      "coco_ap50": 0.3117569291335185,
      "coco_ap75": 0.23047727018898218,
      "coco_ap_large": 0.28619436168736484,
      "coco_ap_medium": 0.22344772168413274,
      "coco_ap_small": 0.08127095154990807,
      "coco_ar1": 0.2357744316471528,
      "coco_ar10": 0.3421568929661799,
      "coco_ar100": 0.3550869255283047,
      "coco_ar_large": 0.49567656508036795,
      "coco_ar_medium": 0.3806137657885842,
      "coco_ar_small": 0.12088740406516488,
      "nms_iou_threshold": 0.6,
      "num_predictions": 19462.0,
      "num_samples": 500.0,
      "score_alpha": 2.0,
      "score_beta": 1.0,
      "score_threshold": 0.1,
      "top_k": 100
    },
    {
      "coco_ap": 0.20856150327133294,
      "coco_ap50": 0.32215980606596756,
      "coco_ap75": 0.22777068204080417,
      "coco_ap_large": 0.28960643958420657,
      "coco_ap_medium": 0.22340441469268654,
      "coco_ap_small": 0.07715189592401155,
      "coco_ar1": 0.23607276336214278,
      "coco_ar10": 0.32797722958342035,
      "coco_ar100": 0.3350023845767641,
      "coco_ar_large": 0.4769066538492169,
      "coco_ar_medium": 0.3575339327982494,
      "coco_ar_small": 0.11318966535603853,
      "nms_iou_threshold": 0.4,
      "num_predictions": 13631.0,
      "num_samples": 500.0,
      "score_alpha": 2.0,
      "score_beta": 1.0,
      "score_threshold": 0.1,
      "top_k": 200
    },
    {
      "coco_ap": 0.2097911297526185,
      "coco_ap50": 0.3210957420861833,
      "coco_ap75": 0.22929879852699464,
      "coco_ap_large": 0.2916614481244597,
      "coco_ap_medium": 0.2236958548508075,
      "coco_ap_small": 0.07865098438971425,
      "coco_ar1": 0.23607276336214278,
      "coco_ar10": 0.3366018209927008,
      "coco_ar100": 0.3461173450669433,
      "coco_ar_large": 0.48938724294735986,
      "coco_ar_medium": 0.36763588898330624,
      "coco_ar_small": 0.11786592205223544,
      "nms_iou_threshold": 0.5,
      "num_predictions": 16355.0,
      "num_samples": 500.0,
      "score_alpha": 2.0,
      "score_beta": 1.0,
      "score_threshold": 0.1,
      "top_k": 200
    },
    {
      "coco_ap": 0.2072736718876252,
      "coco_ap50": 0.31199782609789267,
      "coco_ap75": 0.23051611632592797,
      "coco_ap_large": 0.2861776818777068,
      "coco_ap_medium": 0.22355654766967295,
      "coco_ap_small": 0.08178027901101607,
      "coco_ar1": 0.23607276336214278,
      "coco_ar10": 0.3426114834340099,
      "coco_ar100": 0.35643003745145563,
      "coco_ar_large": 0.4958249021929908,
      "coco_ar_medium": 0.3828027111366261,
      "coco_ar_small": 0.12249832644107146,
      "nms_iou_threshold": 0.6,
      "num_predictions": 20986.0,
      "num_samples": 500.0,
      "score_alpha": 2.0,
      "score_beta": 1.0,
      "score_threshold": 0.1,
      "top_k": 200
    },
    {
      "coco_ap": 0.20137597641137828,
      "coco_ap50": 0.30584567858764017,
      "coco_ap75": 0.22159213765831728,
      "coco_ap_large": 0.28385713608762214,
      "coco_ap_medium": 0.21292516066454475,
      "coco_ap_small": 0.06395769975495642,
      "coco_ar1": 0.22109195945059062,
      "coco_ar10": 0.29235872448131595,
      "coco_ar100": 0.29390875661858124,
      "coco_ar_large": 0.4390146537078326,
      "coco_ar_medium": 0.29707564602186637,
      "coco_ar_small": 0.08599626590321213,
      "nms_iou_threshold": 0.4,
      "num_predictions": 5651.0,
      "num_samples": 500.0,
      "score_alpha": 2.0,
      "score_beta": 1.0,
      "score_threshold": 0.2,
      "top_k": 20
    },
    {
      "coco_ap": 0.2020778359203541,
      "coco_ap50": 0.3040611975604346,
      "coco_ap75": 0.22297120836265347,
      "coco_ap_large": 0.2853550925646871,
      "coco_ap_medium": 0.21209473068794982,
      "coco_ap_small": 0.0655694503762431,
      "coco_ar1": 0.22037802668016812,
      "coco_ar10": 0.2964237787595166,
      "coco_ar100": 0.2983665455616034,
      "coco_ar_large": 0.44477973932472753,
      "coco_ar_medium": 0.29944101404837575,
      "coco_ar_small": 0.08801003407186091,
      "nms_iou_threshold": 0.5,
      "num_predictions": 6074.0,
      "num_samples": 500.0,
      "score_alpha": 2.0,
      "score_beta": 1.0,
      "score_threshold": 0.2,
      "top_k": 20
    },
    {
      "coco_ap": 0.1986144213750265,
      "coco_ap50": 0.2945273373570478,
      "coco_ap75": 0.22289786333628517,
      "coco_ap_large": 0.2790870813144637,
      "coco_ap_medium": 0.20812477786614353,
      "coco_ap_small": 0.06727028447517691,
      "coco_ar1": 0.21825719408379235,
      "coco_ar10": 0.2963572292545906,
      "coco_ar100": 0.2982378861550219,
      "coco_ar_large": 0.44175563416665825,
      "coco_ar_medium": 0.2951271789725923,
      "coco_ar_small": 0.0873393246401006,
      "nms_iou_threshold": 0.6,
      "num_predictions": 6647.0,
      "num_samples": 500.0,
      "score_alpha": 2.0,
      "score_beta": 1.0,
      "score_threshold": 0.2,
      "top_k": 20
    },
    {
      "coco_ap": 0.20346838441594658,
      "coco_ap50": 0.31073569173414384,
      "coco_ap75": 0.22350257232036191,
      "coco_ap_large": 0.2839987707133111,
      "coco_ap_medium": 0.21555567926527647,
      "coco_ap_small": 0.06891787868992798,
      "coco_ar1": 0.2242431258338271,
      "coco_ar10": 0.2989101837148949,
      "coco_ar100": 0.30324933432023693,
      "coco_ar_large": 0.44152658704464787,
      "coco_ar_medium": 0.3100402624185292,
      "coco_ar_small": 0.09592049669796494,
      "nms_iou_threshold": 0.4,
      "num_predictions": 6863.0,
      "num_samples": 500.0,
      "score_alpha": 2.0,
      "score_beta": 1.0,
      "score_threshold": 0.2,
      "top_k": 50
    },
    {
      "coco_ap": 0.2046958708937962,
      "coco_ap50": 0.3098884801446491,
      "coco_ap75": 0.22527447063952274,
      "coco_ap_large": 0.2862976124403009,
      "coco_ap_medium": 0.21556976076312784,
      "coco_ap_small": 0.06976446202935364,
      "coco_ar1": 0.2242431258338271,
      "coco_ar10": 0.30601254537565664,
      "coco_ar100": 0.31141678312119714,
      "coco_ar_large": 0.4520955901654597,
      "coco_ar_medium": 0.31650499416808475,
      "coco_ar_small": 0.09905086892342427,
      "nms_iou_threshold": 0.5,
      "num_predictions": 7810.0,
      "num_samples": 500.0,
      "score_alpha": 2.0,
      "score_beta": 1.0,
      "score_threshold": 0.2,
      "top_k": 50
    },
    {
      "coco_ap": 0.2021131916614575,
      "coco_ap50": 0.3017480719434016,
      "coco_ap75": 0.22609432845904026,
      "coco_ap_large": 0.2812288653383318,
      "coco_ap_medium": 0.21430473691579058,
      "coco_ap_small": 0.07210188261749657,
      "coco_ar1": 0.22409451262439892,
      "coco_ar10": 0.30990109672160177,
      "coco_ar100": 0.3170063734704015,
      "coco_ar_large": 0.45806253207332537,
      "coco_ar_medium": 0.32264216071447577,
      "coco_ar_small": 0.10086642585703902,
      "nms_iou_threshold": 0.6,
      "num_predictions": 9295.0,
      "num_samples": 500.0,
      "score_alpha": 2.0,
      "score_beta": 1.0,
      "score_threshold": 0.2,
      "top_k": 50
    },
    {
      "coco_ap": 0.20352081701873373,
      "coco_ap50": 0.31098760452375995,
      "coco_ap75": 0.22355421873423298,
      "coco_ap_large": 0.2839980989182917,
      "coco_ap_medium": 0.21553078900826106,
      "coco_ap_small": 0.06973542577120392,
      "coco_ar1": 0.22450502020309815,
      "coco_ar10": 0.2991941563885522,
      "coco_ar100": 0.30380567157626126,
      "coco_ar_large": 0.44152658704464787,
      "coco_ar_medium": 0.3109508460877336,
      "coco_ar_small": 0.09731354809101632,
      "nms_iou_threshold": 0.4,
      "num_predictions": 7055.0,
      "num_samples": 500.0,
      "score_alpha": 2.0,
      "score_beta": 1.0,
      "score_threshold": 0.2,
      "top_k": 100
    },
    {
      "coco_ap": 0.20479769067188722,
      "coco_ap50": 0.3101517139724624,
      "coco_ap75": 0.22536271482562317,
      "coco_ap_large": 0.28626414093982383,
      "coco_ap_medium": 0.21560791928119327,
      "coco_ap_small": 0.07106487982768463,
      "coco_ar1": 0.22450502020309815,
      "coco_ar10": 0.3063567953247811,
      "coco_ar100": 0.3123743372405149,
      "coco_ar_large": 0.4521097625010606,
      "coco_ar_medium": 0.3178212568143967,
      "coco_ar_small": 0.10133839912893552,
      "nms_iou_threshold": 0.5,
      "num_predictions": 8175.0,
      "num_samples": 500.0,
      "score_alpha": 2.0,
      "score_beta": 1.0,
      "score_threshold": 0.2,
      "top_k": 100
    },
    {
      "coco_ap": 0.2024433400178676,
      "coco_ap50": 0.3025099781830686,
      "coco_ap75": 0.2262669029831626,
      "coco_ap_large": 0.2811230325530628,
      "coco_ap_medium": 0.21486161309224205,
      "coco_ap_small": 0.0740698592278794,
      "coco_ar1": 0.22450502020309815,
      "coco_ar10": 0.31117075004971845,
      "coco_ar100": 0.31940118031215053,
      "coco_ar_large": 0.45808142852079325,
      "coco_ar_medium": 0.3273549923591902,
      "coco_ar_small": 0.10412713321219803,
      "nms_iou_threshold": 0.6,
      "num_predictions": 10083.0,
      "num_samples": 500.0,
      "score_alpha": 2.0,
      "score_beta": 1.0,
      "score_threshold": 0.2,
      "top_k": 100
    },
    {
      "coco_ap": 0.20352081701873373,
      "coco_ap50": 0.31098760452375995,
      "coco_ap75": 0.22355421873423298,
      "coco_ap_large": 0.2839980989182917,
      "coco_ap_medium": 0.21553078900826106,
      "coco_ap_small": 0.06973542577120392,
      "coco_ar1": 0.22450502020309815,
      "coco_ar10": 0.2991941563885522,
      "coco_ar100": 0.30380567157626126,
      "coco_ar_large": 0.44152658704464787,
      "coco_ar_medium": 0.3109508460877336,
      "coco_ar_small": 0.09731354809101632,
      "nms_iou_threshold": 0.4,
      "num_predictions": 7055.0,
      "num_samples": 500.0,
      "score_alpha": 2.0,
      "score_beta": 1.0,
      "score_threshold": 0.2,
      "top_k": 200
    },
    {
      "coco_ap": 0.204795980513564,
      "coco_ap50": 0.3101489532031431,
      "coco_ap75": 0.22536271482562317,
      "coco_ap_large": 0.28626366124069114,
      "coco_ap_medium": 0.21560791928119327,
      "coco_ap_small": 0.07106487982768463,
      "coco_ar1": 0.22450502020309815,
      "coco_ar10": 0.3063567953247811,
      "coco_ar100": 0.3123743372405149,
      "coco_ar_large": 0.4521097625010606,
      "coco_ar_medium": 0.3178212568143967,
      "coco_ar_small": 0.10133839912893552,
      "nms_iou_threshold": 0.5,
      "num_predictions": 8189.0,
      "num_samples": 500.0,
      "score_alpha": 2.0,
      "score_beta": 1.0,
      "score_threshold": 0.2,
      "top_k": 200
    },
    {
      "coco_ap": 0.20244944930971215,
      "coco_ap50": 0.30253403884374613,
      "coco_ap75": 0.22626283832833088,
      "coco_ap_large": 0.2811218906993659,
      "coco_ap_medium": 0.21484425766885856,
      "coco_ap_small": 0.07410619132059817,
      "coco_ar1": 0.22450502020309815,
      "coco_ar10": 0.31117075004971845,
      "coco_ar100": 0.3194793175210894,
      "coco_ar_large": 0.45808142852079325,
      "coco_ar_medium": 0.3274548924590903,
      "coco_ar_small": 0.10422814331320814,
      "nms_iou_threshold": 0.6,
      "num_predictions": 10190.0,
      "num_samples": 500.0,
      "score_alpha": 2.0,
      "score_beta": 1.0,
      "score_threshold": 0.2,
      "top_k": 200
    }
  ],
  "sweep_space": {
    "nms_iou_thresholds": [
      0.4,
      0.5,
      0.6
    ],
    "score_alphas": [
      1.5,
      2.0
    ],
    "score_betas": [
      1.0
    ],
    "score_thresholds": [
      0.03,
      0.05,
      0.1,
      0.2
    ],
    "top_ks": [
      20,
      50,
      100,
      200
    ]
  },
  "top_by_ap": [
    {
      "coco_ap": 0.21156907322085078,
      "coco_ap50": 0.3249622468728772,
      "coco_ap75": 0.23084890493986102,
      "coco_ap_large": 0.29390226248534973,
      "coco_ap_medium": 0.225819911712762,
      "coco_ap_small": 0.0807400335478193,
      "coco_ar1": 0.24553920846260763,
      "coco_ar10": 0.3587964481021043,
      "coco_ar100": 0.3734916328420295,
      "coco_ar_large": 0.5234658298888278,
      "coco_ar_medium": 0.39390536433748324,
      "coco_ar_small": 0.13385721831739245,
      "nms_iou_threshold": 0.5,
      "num_predictions": 35673.0,
      "num_samples": 500.0,
      "score_alpha": 2.0,
      "score_beta": 1.0,
      "score_threshold": 0.03,
      "top_k": 200
    },
    {
      "coco_ap": 0.21126156753806047,
      "coco_ap50": 0.3241240858402428,
      "coco_ap75": 0.23064825586031393,
      "coco_ap_large": 0.29369962687926515,
      "coco_ap_medium": 0.2255480344595772,
      "coco_ap_small": 0.0801315337508907,
      "coco_ar1": 0.2443979771348146,
      "coco_ar10": 0.3557772411055044,
      "coco_ar100": 0.3677531235268337,
      "coco_ar_large": 0.5188299136166086,
      "coco_ar_medium": 0.3875847098809545,
      "coco_ar_small": 0.12940232946764088,
      "nms_iou_threshold": 0.5,
      "num_predictions": 28789.0,
      "num_samples": 500.0,
      "score_alpha": 2.0,
      "score_beta": 1.0,
      "score_threshold": 0.03,
      "top_k": 100
    },
    {
      "coco_ap": 0.21116780972039625,
      "coco_ap50": 0.3239439333194801,
      "coco_ap75": 0.230626906318403,
      "coco_ap_large": 0.29317535961737223,
      "coco_ap_medium": 0.2255485586537741,
      "coco_ap_small": 0.0803810068589329,
      "coco_ar1": 0.24413211418312594,
      "coco_ar10": 0.3519902525071684,
      "coco_ar100": 0.36457061439031496,
      "coco_ar_large": 0.5062010796147458,
      "coco_ar_medium": 0.38815805144130094,
      "coco_ar_small": 0.12913837791360844,
      "nms_iou_threshold": 0.5,
      "num_predictions": 27134.0,
      "num_samples": 500.0,
      "score_alpha": 2.0,
      "score_beta": 1.0,
      "score_threshold": 0.05,
      "top_k": 200
    },
    {
      "coco_ap": 0.21093172414388758,
      "coco_ap50": 0.32336159178577095,
      "coco_ap75": 0.2304561098105528,
      "coco_ap_large": 0.29310056078195873,
      "coco_ap_medium": 0.22536961140125228,
      "coco_ap_small": 0.07981303513202634,
      "coco_ar1": 0.24299088285533296,
      "coco_ar10": 0.3500278646605512,
      "coco_ar100": 0.36096504845755867,
      "coco_ar_large": 0.5047856693038965,
      "coco_ar_medium": 0.3850067482190055,
      "coco_ar_small": 0.12543499395896654,
      "nms_iou_threshold": 0.5,
      "num_predictions": 23916.0,
      "num_samples": 500.0,
      "score_alpha": 2.0,
      "score_beta": 1.0,
      "score_threshold": 0.05,
      "top_k": 100
    },
    {
      "coco_ap": 0.21038722038909036,
      "coco_ap50": 0.32678886066110546,
      "coco_ap75": 0.2292369841500747,
      "coco_ap_large": 0.29188333870435174,
      "coco_ap_medium": 0.22567987494373165,
      "coco_ap_small": 0.07905006839363128,
      "coco_ar1": 0.24567985543869764,
      "coco_ar10": 0.34794770474265313,
      "coco_ar100": 0.35874897290900154,
      "coco_ar_large": 0.504998801645962,
      "coco_ar_medium": 0.38284730031060143,
      "coco_ar_small": 0.1261392784973421,
      "nms_iou_threshold": 0.4,
      "num_predictions": 29324.0,
      "num_samples": 500.0,
      "score_alpha": 2.0,
      "score_beta": 1.0,
      "score_threshold": 0.03,
      "top_k": 200
    },
    {
      "coco_ap": 0.21019213801500336,
      "coco_ap50": 0.32621460907752287,
      "coco_ap75": 0.22911664125529202,
      "coco_ap_large": 0.2917061626722639,
      "coco_ap_medium": 0.22548568983258688,
      "coco_ap_small": 0.07868844505593356,
      "coco_ar1": 0.24543372323054005,
      "coco_ar10": 0.3461316228058789,
      "coco_ar100": 0.35553070029211203,
      "coco_ar_large": 0.5023793011131652,
      "coco_ar_medium": 0.3779920685570209,
      "coco_ar_small": 0.12369819664200463,
      "nms_iou_threshold": 0.4,
      "num_predictions": 25498.0,
      "num_samples": 500.0,
      "score_alpha": 2.0,
      "score_beta": 1.0,
      "score_threshold": 0.03,
      "top_k": 100
    },
    {
      "coco_ap": 0.21003450681993446,
      "coco_ap50": 0.3213490158036639,
      "coco_ap75": 0.22963621596632533,
      "coco_ap_large": 0.29299924338062056,
      "coco_ap_medium": 0.22387936207259823,
      "coco_ap_small": 0.0776916521137648,
      "coco_ar1": 0.2376336486415926,
      "coco_ar10": 0.3411522461085905,
      "coco_ar100": 0.3487934327549086,
      "coco_ar_large": 0.5016577250800239,
      "coco_ar_medium": 0.36469928355075687,
      "coco_ar_small": 0.11830041813049032,
      "nms_iou_threshold": 0.5,
      "num_predictions": 19356.0,
      "num_samples": 500.0,
      "score_alpha": 2.0,
      "score_beta": 1.0,
      "score_threshold": 0.03,
      "top_k": 50
    },
    {
      "coco_ap": 0.21000374803728977,
      "coco_ap50": 0.32551148910977107,
      "coco_ap75": 0.2291038659908633,
      "coco_ap_large": 0.2913221674978827,
      "coco_ap_medium": 0.2252570261388272,
      "coco_ap_small": 0.07875845995331644,
      "coco_ar1": 0.24427276115921592,
      "coco_ar10": 0.3432043314933418,
      "coco_ar100": 0.3524137215833333,
      "coco_ar_large": 0.4935191077599509,
      "coco_ar_medium": 0.3771814887717434,
      "coco_ar_small": 0.12305828793937361,
      "nms_iou_threshold": 0.4,
      "num_predictions": 22253.0,
      "num_samples": 500.0,
      "score_alpha": 2.0,
      "score_beta": 1.0,
      "score_threshold": 0.05,
      "top_k": 200
    },
    {
      "coco_ap": 0.2098787630455621,
      "coco_ap50": 0.3210444665088466,
      "coco_ap75": 0.22953813939868806,
      "coco_ap_large": 0.29279558533432587,
      "coco_ap_medium": 0.22379154260692696,
      "coco_ap_small": 0.07755611661982058,
      "coco_ar1": 0.2371265081028065,
      "coco_ar10": 0.3394471619458963,
      "coco_ar100": 0.3469540120227885,
      "coco_ar_large": 0.49853737428525446,
      "coco_ar_medium": 0.36376114868964843,
      "coco_ar_small": 0.1165695770145223,
      "nms_iou_threshold": 0.5,
      "num_predictions": 17358.0,
      "num_samples": 500.0,
      "score_alpha": 2.0,
      "score_beta": 1.0,
      "score_threshold": 0.05,
      "top_k": 50
    },
    {
      "coco_ap": 0.2098678695621188,
      "coco_ap50": 0.32515818230672683,
      "coco_ap75": 0.22900368246429745,
      "coco_ap_large": 0.29121675502353594,
      "coco_ap_medium": 0.22515269174391989,
      "coco_ap_small": 0.07846033666447652,
      "coco_ar1": 0.24402662895105845,
      "coco_ar10": 0.3423229615847976,
      "coco_ar100": 0.3507002781735737,
      "coco_ar_large": 0.4927830247355716,
      "coco_ar_medium": 0.3751352202254749,
      "coco_ar_small": 0.12137261221908768,
      "nms_iou_threshold": 0.4,
      "num_predictions": 20806.0,
      "num_samples": 500.0,
      "score_alpha": 2.0,
      "score_beta": 1.0,
      "score_threshold": 0.05,
      "top_k": 100
    }
  ],
  "top_by_ap50": [
    {
      "coco_ap": 0.20865710004438387,
      "coco_ap50": 0.3274161212719446,
      "coco_ap75": 0.22674352462512418,
      "coco_ap_large": 0.29192264413442137,
      "coco_ap_medium": 0.2231594341073594,
      "coco_ap_small": 0.07943948158852604,
      "coco_ar1": 0.24210922271361832,
      "coco_ar10": 0.3471435624487306,
      "coco_ar100": 0.3593069000663031,
      "coco_ar_large": 0.5045394235983025,
      "coco_ar_medium": 0.3829194886055138,
      "coco_ar_small": 0.13178198979155037,
      "nms_iou_threshold": 0.4,
      "num_predictions": 37742.0,
      "num_samples": 500.0,
      "score_alpha": 1.5,
      "score_beta": 1.0,
      "score_threshold": 0.03,
      "top_k": 200
    },
    {
      "coco_ap": 0.20849805283567963,
      "coco_ap50": 0.3269047781715807,
      "coco_ap75": 0.22666775199414096,
      "coco_ap_large": 0.29167333428061604,
      "coco_ap_medium": 0.22313710356033495,
      "coco_ap_small": 0.07922590545136524,
      "coco_ar1": 0.24183403031174944,
      "coco_ar10": 0.34407959382421544,
      "coco_ar100": 0.35586160133013517,
      "coco_ar_large": 0.49766260985128424,
      "coco_ar_medium": 0.38192192121821833,
      "coco_ar_small": 0.12758617779867878,
      "nms_iou_threshold": 0.4,
      "num_predictions": 29147.0,
      "num_samples": 500.0,
      "score_alpha": 1.5,
      "score_beta": 1.0,
      "score_threshold": 0.05,
      "top_k": 200
    },
    {
      "coco_ap": 0.20844394143180603,
      "coco_ap50": 0.32681177996926647,
      "coco_ap75": 0.22659841456268645,
      "coco_ap_large": 0.29173116256642967,
      "coco_ap_medium": 0.2229385261490073,
      "coco_ap_small": 0.07902354497895152,
      "coco_ar1": 0.24177653852017467,
      "coco_ar10": 0.3445576057622388,
      "coco_ar100": 0.35498903807118176,
      "coco_ar_large": 0.5007107296823994,
      "coco_ar_medium": 0.3787183203111327,
      "coco_ar_small": 0.1275050339189355,
      "nms_iou_threshold": 0.4,
      "num_predictions": 30341.0,
      "num_samples": 500.0,
      "score_alpha": 1.5,
      "score_beta": 1.0,
      "score_threshold": 0.03,
      "top_k": 100
    },
    {
      "coco_ap": 0.21038722038909036,
      "coco_ap50": 0.32678886066110546,
      "coco_ap75": 0.2292369841500747,
      "coco_ap_large": 0.29188333870435174,
      "coco_ap_medium": 0.22567987494373165,
      "coco_ap_small": 0.07905006839363128,
      "coco_ar1": 0.24567985543869764,
      "coco_ar10": 0.34794770474265313,
      "coco_ar100": 0.35874897290900154,
      "coco_ar_large": 0.504998801645962,
      "coco_ar_medium": 0.38284730031060143,
      "coco_ar_small": 0.1261392784973421,
      "nms_iou_threshold": 0.4,
      "num_predictions": 29324.0,
      "num_samples": 500.0,
      "score_alpha": 2.0,
      "score_beta": 1.0,
      "score_threshold": 0.03,
      "top_k": 200
    },
    {
      "coco_ap": 0.20830676453860392,
      "coco_ap50": 0.32641257811118685,
      "coco_ap75": 0.22651749335674423,
      "coco_ap_large": 0.291559732220546,
      "coco_ap_medium": 0.22291037887912668,
      "coco_ap_small": 0.07886193776525553,
      "coco_ar1": 0.24150134611830576,
      "coco_ar10": 0.3423664058863656,
      "coco_ar100": 0.3525368595418382,
      "coco_ar_large": 0.4963212896727547,
      "coco_ar_medium": 0.3777286000615937,
      "coco_ar_small": 0.12437253331081115,
      "nms_iou_threshold": 0.4,
      "num_predictions": 25444.0,
      "num_samples": 500.0,
      "score_alpha": 1.5,
      "score_beta": 1.0,
      "score_threshold": 0.05,
      "top_k": 100
    },
    {
      "coco_ap": 0.21019213801500336,
      "coco_ap50": 0.32621460907752287,
      "coco_ap75": 0.22911664125529202,
      "coco_ap_large": 0.2917061626722639,
      "coco_ap_medium": 0.22548568983258688,
      "coco_ap_small": 0.07868844505593356,
      "coco_ar1": 0.24543372323054005,
      "coco_ar10": 0.3461316228058789,
      "coco_ar100": 0.35553070029211203,
      "coco_ar_large": 0.5023793011131652,
      "coco_ar_medium": 0.3779920685570209,
      "coco_ar_small": 0.12369819664200463,
      "nms_iou_threshold": 0.4,
      "num_predictions": 25498.0,
      "num_samples": 500.0,
      "score_alpha": 2.0,
      "score_beta": 1.0,
      "score_threshold": 0.03,
      "top_k": 100
    },
    {
      "coco_ap": 0.21000374803728977,
      "coco_ap50": 0.32551148910977107,
      "coco_ap75": 0.2291038659908633,
      "coco_ap_large": 0.2913221674978827,
      "coco_ap_medium": 0.2252570261388272,
      "coco_ap_small": 0.07875845995331644,
      "coco_ar1": 0.24427276115921592,
      "coco_ar10": 0.3432043314933418,
      "coco_ar100": 0.3524137215833333,
      "coco_ar_large": 0.4935191077599509,
      "coco_ar_medium": 0.3771814887717434,
      "coco_ar_small": 0.12305828793937361,
      "nms_iou_threshold": 0.4,
      "num_predictions": 22253.0,
      "num_samples": 500.0,
      "score_alpha": 2.0,
      "score_beta": 1.0,
      "score_threshold": 0.05,
      "top_k": 200
    },
    {
      "coco_ap": 0.2098678695621188,
      "coco_ap50": 0.32515818230672683,
      "coco_ap75": 0.22900368246429745,
      "coco_ap_large": 0.29121675502353594,
      "coco_ap_medium": 0.22515269174391989,
      "coco_ap_small": 0.07846033666447652,
      "coco_ar1": 0.24402662895105845,
      "coco_ar10": 0.3423229615847976,
      "coco_ar100": 0.3507002781735737,
      "coco_ar_large": 0.4927830247355716,
      "coco_ar_medium": 0.3751352202254749,
      "coco_ar_small": 0.12137261221908768,
      "nms_iou_threshold": 0.4,
      "num_predictions": 20806.0,
      "num_samples": 500.0,
      "score_alpha": 2.0,
      "score_beta": 1.0,
      "score_threshold": 0.05,
      "top_k": 100
    },
    {
      "coco_ap": 0.2094908601778924,
      "coco_ap50": 0.3250784495507109,
      "coco_ap75": 0.22781577673451178,
      "coco_ap_large": 0.2925296160671461,
      "coco_ap_medium": 0.22335860148357703,
      "coco_ap_small": 0.08137209811785212,
      "coco_ar1": 0.24210922271361832,
      "coco_ar10": 0.35799688982530187,
      "coco_ar100": 0.37463702680802763,
      "coco_ar_large": 0.523802074862703,
      "coco_ar_medium": 0.396419859993705,
      "coco_ar_small": 0.13842535569336775,
      "nms_iou_threshold": 0.5,
      "num_predictions": 45229.0,
      "num_samples": 500.0,
      "score_alpha": 1.5,
      "score_beta": 1.0,
      "score_threshold": 0.03,
      "top_k": 200
    },
    {
      "coco_ap": 0.21156907322085078,
      "coco_ap50": 0.3249622468728772,
      "coco_ap75": 0.23084890493986102,
      "coco_ap_large": 0.29390226248534973,
      "coco_ap_medium": 0.225819911712762,
      "coco_ap_small": 0.0807400335478193,
      "coco_ar1": 0.24553920846260763,
      "coco_ar10": 0.3587964481021043,
      "coco_ar100": 0.3734916328420295,
      "coco_ar_large": 0.5234658298888278,
      "coco_ar_medium": 0.39390536433748324,
      "coco_ar_small": 0.13385721831739245,
      "nms_iou_threshold": 0.5,
      "num_predictions": 35673.0,
      "num_samples": 500.0,
      "score_alpha": 2.0,
      "score_beta": 1.0,
      "score_threshold": 0.03,
      "top_k": 200
    }
  ],
  "top_by_ar100": [
    {
      "coco_ap": 0.2066044082537964,
      "coco_ap50": 0.31426285642132146,
      "coco_ap75": 0.2288624571576215,
      "coco_ap_large": 0.2880367305316268,
      "coco_ap_medium": 0.22314921145097782,
      "coco_ap_small": 0.08346671727807621,
      "coco_ar1": 0.24177653852017467,
      "coco_ar10": 0.3621452146928905,
      "coco_ar100": 0.386127441235305,
      "coco_ar_large": 0.5304384044493817,
      "coco_ar_medium": 0.415059772335483,
      "coco_ar_small": 0.1438547744023319,
      "nms_iou_threshold": 0.6,
      "num_predictions": 54167.0,
      "num_samples": 500.0,
      "score_alpha": 1.5,
      "score_beta": 1.0,
      "score_threshold": 0.03,
      "top_k": 200
    },
    {
      "coco_ap": 0.20892070488251857,
      "coco_ap50": 0.3152890646183108,
      "coco_ap75": 0.23204171348729888,
      "coco_ap_large": 0.28812846422154853,
      "coco_ap_medium": 0.22558116607017498,
      "coco_ap_small": 0.08381536268890055,
      "coco_ar1": 0.24543372323054005,
      "coco_ar10": 0.36452717905357324,
      "coco_ar100": 0.38485811018387506,
      "coco_ar_large": 0.5269709170206024,
      "coco_ar_medium": 0.4120771905988766,
      "coco_ar_small": 0.1394029467104701,
      "nms_iou_threshold": 0.6,
      "num_predictions": 44058.0,
      "num_samples": 500.0,
      "score_alpha": 2.0,
      "score_beta": 1.0,
      "score_threshold": 0.03,
      "top_k": 200
    },
    {
      "coco_ap": 0.20649503432482078,
      "coco_ap50": 0.31405781035220953,
      "coco_ap75": 0.22878291016690744,
      "coco_ap_large": 0.2879312398753558,
      "coco_ap_medium": 0.22309656430642644,
      "coco_ap_small": 0.08331828188809558,
      "coco_ar1": 0.24150134611830576,
      "coco_ar10": 0.3600061853870759,
      "coco_ar100": 0.3829540652557703,
      "coco_ar_large": 0.5266510593220092,
      "coco_ar_medium": 0.4133185302999394,
      "coco_ar_small": 0.13993844989210408,
      "nms_iou_threshold": 0.6,
      "num_predictions": 44235.0,
      "num_samples": 500.0,
      "score_alpha": 1.5,
      "score_beta": 1.0,
      "score_threshold": 0.05,
      "top_k": 200
    },
    {
      "coco_ap": 0.2086163632581935,
      "coco_ap50": 0.314576690209486,
      "coco_ap75": 0.23177922036164714,
      "coco_ap_large": 0.287776507912664,
      "coco_ap_medium": 0.22527775843800893,
      "coco_ap_small": 0.08365294912425021,
      "coco_ar1": 0.24402662895105845,
      "coco_ar10": 0.359732242132846,
      "coco_ar100": 0.37842788266008587,
      "coco_ar_large": 0.5185057210408714,
      "coco_ar_medium": 0.40540247677279506,
      "coco_ar_small": 0.13591741154199508,
      "nms_iou_threshold": 0.6,
      "num_predictions": 34587.0,
      "num_samples": 500.0,
      "score_alpha": 2.0,
      "score_beta": 1.0,
      "score_threshold": 0.05,
      "top_k": 200
    },
    {
      "coco_ap": 0.2094908601778924,
      "coco_ap50": 0.3250784495507109,
      "coco_ap75": 0.22781577673451178,
      "coco_ap_large": 0.2925296160671461,
      "coco_ap_medium": 0.22335860148357703,
      "coco_ap_small": 0.08137209811785212,
      "coco_ar1": 0.24210922271361832,
      "coco_ar10": 0.35799688982530187,
      "coco_ar100": 0.37463702680802763,
      "coco_ar_large": 0.523802074862703,
      "coco_ar_medium": 0.396419859993705,
      "coco_ar_small": 0.13842535569336775,
      "nms_iou_threshold": 0.5,
      "num_predictions": 45229.0,
      "num_samples": 500.0,
      "score_alpha": 1.5,
      "score_beta": 1.0,
      "score_threshold": 0.03,
      "top_k": 200
    },
    {
      "coco_ap": 0.21156907322085078,
      "coco_ap50": 0.3249622468728772,
      "coco_ap75": 0.23084890493986102,
      "coco_ap_large": 0.29390226248534973,
      "coco_ap_medium": 0.225819911712762,
      "coco_ap_small": 0.0807400335478193,
      "coco_ar1": 0.24553920846260763,
      "coco_ar10": 0.3587964481021043,
      "coco_ar100": 0.3734916328420295,
      "coco_ar_large": 0.5234658298888278,
      "coco_ar_medium": 0.39390536433748324,
      "coco_ar_small": 0.13385721831739245,
      "nms_iou_threshold": 0.5,
      "num_predictions": 35673.0,
      "num_samples": 500.0,
      "score_alpha": 2.0,
      "score_beta": 1.0,
      "score_threshold": 0.03,
      "top_k": 200
    },
    {
      "coco_ap": 0.20831117359140203,
      "coco_ap50": 0.31415154128651207,
      "coco_ap75": 0.23142547462100774,
      "coco_ap_large": 0.28808527261007194,
      "coco_ap_medium": 0.2248640530620002,
      "coco_ap_small": 0.08222624111201797,
      "coco_ar1": 0.2399708243109641,
      "coco_ar10": 0.3565089774262816,
      "coco_ar100": 0.37318789509718353,
      "coco_ar_large": 0.5245377969418284,
      "coco_ar_medium": 0.3967335434933407,
      "coco_ar_small": 0.13021930483104796,
      "nms_iou_threshold": 0.6,
      "num_predictions": 32827.0,
      "num_samples": 500.0,
      "score_alpha": 2.0,
      "score_beta": 1.0,
      "score_threshold": 0.03,
      "top_k": 100
    },
    {
      "coco_ap": 0.2058974494937502,
      "coco_ap50": 0.3127948758445852,
      "coco_ap75": 0.22824289832315905,
      "coco_ap_large": 0.2878641022614751,
      "coco_ap_medium": 0.22226502971819598,
      "coco_ap_small": 0.08193594092471163,
      "coco_ar1": 0.23563218453772625,
      "coco_ar10": 0.35249970565687394,
      "coco_ar100": 0.3722192878579916,
      "coco_ar_large": 0.5219520114666305,
      "coco_ar_medium": 0.3980858084567734,
      "coco_ar_small": 0.1339679547131315,
      "nms_iou_threshold": 0.6,
      "num_predictions": 37351.0,
      "num_samples": 500.0,
      "score_alpha": 1.5,
      "score_beta": 1.0,
      "score_threshold": 0.03,
      "top_k": 100
    },
    {
      "coco_ap": 0.20582245636391566,
      "coco_ap50": 0.3126677592269579,
      "coco_ap75": 0.228169562856864,
      "coco_ap_large": 0.2877968341845327,
      "coco_ap_medium": 0.22224399984602186,
      "coco_ap_small": 0.0818309304236615,
      "coco_ar1": 0.2354279728527626,
      "coco_ar10": 0.3509480183438194,
      "coco_ar100": 0.37051945464016467,
      "coco_ar_large": 0.5206400615360962,
      "coco_ar_medium": 0.39706181213847547,
      "coco_ar_small": 0.1312973209305103,
      "nms_iou_threshold": 0.6,
      "num_predictions": 32957.0,
      "num_samples": 500.0,
      "score_alpha": 1.5,
      "score_beta": 1.0,
      "score_threshold": 0.05,
      "top_k": 100
    },
    {
      "coco_ap": 0.20930801966044163,
      "coco_ap50": 0.32464026782179217,
      "coco_ap75": 0.2276433346358546,
      "coco_ap_large": 0.2922949027239607,
      "coco_ap_medium": 0.2232753956758487,
      "coco_ap_small": 0.08116892733251359,
      "coco_ar1": 0.24183403031174944,
      "coco_ar10": 0.3547421515773445,
      "coco_ar100": 0.37042159947549624,
      "coco_ar_large": 0.5175443195647121,
      "coco_ar_medium": 0.3939779317855038,
      "coco_ar_small": 0.134305987647985,
      "nms_iou_threshold": 0.5,
      "num_predictions": 35762.0,
      "num_samples": 500.0,
      "score_alpha": 1.5,
      "score_beta": 1.0,
      "score_threshold": 0.05,
      "top_k": 200
    }
  ]
}
sweep_exit=0
stage=pred_only_vis12
creating index...
index created!
Loading and preparing results...
DONE (t=0.00s)
creating index...
index created!
Running per image evaluation...
Evaluate annotation type *bbox*
DONE (t=0.08s).
Accumulating evaluation results...
DONE (t=0.08s).
 Average Precision  (AP) @[ IoU=0.50:0.95 | area=   all | maxDets=100 ] = 0.230
 Average Precision  (AP) @[ IoU=0.50      | area=   all | maxDets=100 ] = 0.326
 Average Precision  (AP) @[ IoU=0.75      | area=   all | maxDets=100 ] = 0.250
 Average Precision  (AP) @[ IoU=0.50:0.95 | area= small | maxDets=100 ] = 0.124
 Average Precision  (AP) @[ IoU=0.50:0.95 | area=medium | maxDets=100 ] = 0.434
 Average Precision  (AP) @[ IoU=0.50:0.95 | area= large | maxDets=100 ] = 0.415
 Average Recall     (AR) @[ IoU=0.50:0.95 | area=   all | maxDets=  1 ] = 0.180
 Average Recall     (AR) @[ IoU=0.50:0.95 | area=   all | maxDets= 10 ] = 0.285
 Average Recall     (AR) @[ IoU=0.50:0.95 | area=   all | maxDets=100 ] = 0.300
 Average Recall     (AR) @[ IoU=0.50:0.95 | area= small | maxDets=100 ] = 0.142
 Average Recall     (AR) @[ IoU=0.50:0.95 | area=medium | maxDets=100 ] = 0.504
 Average Recall     (AR) @[ IoU=0.50:0.95 | area= large | maxDets=100 ] = 0.490
creating index...
index created!
Loading and preparing results...
DONE (t=0.00s)
creating index...
index created!
Running per image evaluation...
Evaluate annotation type *bbox*
DONE (t=0.08s).
Accumulating evaluation results...
DONE (t=0.08s).
 Average Precision  (AP) @[ IoU=0.50:0.95 | area=   all | maxDets=100 ] = 0.230
 Average Precision  (AP) @[ IoU=0.50      | area=   all | maxDets=100 ] = 0.326
 Average Precision  (AP) @[ IoU=0.75      | area=   all | maxDets=100 ] = 0.250
 Average Precision  (AP) @[ IoU=0.50:0.95 | area= small | maxDets=100 ] = 0.124
 Average Precision  (AP) @[ IoU=0.50:0.95 | area=medium | maxDets=100 ] = 0.434
 Average Precision  (AP) @[ IoU=0.50:0.95 | area= large | maxDets=100 ] = 0.415
 Average Recall     (AR) @[ IoU=0.50:0.95 | area=   all | maxDets=  1 ] = 0.180
 Average Recall     (AR) @[ IoU=0.50:0.95 | area=   all | maxDets= 10 ] = 0.285
 Average Recall     (AR) @[ IoU=0.50:0.95 | area=   all | maxDets=100 ] = 0.300
 Average Recall     (AR) @[ IoU=0.50:0.95 | area= small | maxDets=100 ] = 0.142
 Average Recall     (AR) @[ IoU=0.50:0.95 | area=medium | maxDets=100 ] = 0.504
 Average Recall     (AR) @[ IoU=0.50:0.95 | area= large | maxDets=100 ] = 0.490
creating index...
index created!
Loading and preparing results...
DONE (t=0.00s)
creating index...
index created!
Running per image evaluation...
Evaluate annotation type *bbox*
DONE (t=0.07s).
Accumulating evaluation results...
DONE (t=0.08s).
 Average Precision  (AP) @[ IoU=0.50:0.95 | area=   all | maxDets=100 ] = 0.230
 Average Precision  (AP) @[ IoU=0.50      | area=   all | maxDets=100 ] = 0.326
 Average Precision  (AP) @[ IoU=0.75      | area=   all | maxDets=100 ] = 0.250
 Average Precision  (AP) @[ IoU=0.50:0.95 | area= small | maxDets=100 ] = 0.124
 Average Precision  (AP) @[ IoU=0.50:0.95 | area=medium | maxDets=100 ] = 0.434
 Average Precision  (AP) @[ IoU=0.50:0.95 | area= large | maxDets=100 ] = 0.415
 Average Recall     (AR) @[ IoU=0.50:0.95 | area=   all | maxDets=  1 ] = 0.180
 Average Recall     (AR) @[ IoU=0.50:0.95 | area=   all | maxDets= 10 ] = 0.285
 Average Recall     (AR) @[ IoU=0.50:0.95 | area=   all | maxDets=100 ] = 0.300
 Average Recall     (AR) @[ IoU=0.50:0.95 | area= small | maxDets=100 ] = 0.142
 Average Recall     (AR) @[ IoU=0.50:0.95 | area=medium | maxDets=100 ] = 0.504
 Average Recall     (AR) @[ IoU=0.50:0.95 | area= large | maxDets=100 ] = 0.490
creating index...
index created!
Loading and preparing results...
DONE (t=0.00s)
creating index...
index created!
Running per image evaluation...
Evaluate annotation type *bbox*
DONE (t=0.06s).
Accumulating evaluation results...
DONE (t=0.07s).
 Average Precision  (AP) @[ IoU=0.50:0.95 | area=   all | maxDets=100 ] = 0.229
 Average Precision  (AP) @[ IoU=0.50      | area=   all | maxDets=100 ] = 0.325
 Average Precision  (AP) @[ IoU=0.75      | area=   all | maxDets=100 ] = 0.249
 Average Precision  (AP) @[ IoU=0.50:0.95 | area= small | maxDets=100 ] = 0.120
 Average Precision  (AP) @[ IoU=0.50:0.95 | area=medium | maxDets=100 ] = 0.434
 Average Precision  (AP) @[ IoU=0.50:0.95 | area= large | maxDets=100 ] = 0.402
 Average Recall     (AR) @[ IoU=0.50:0.95 | area=   all | maxDets=  1 ] = 0.178
 Average Recall     (AR) @[ IoU=0.50:0.95 | area=   all | maxDets= 10 ] = 0.281
 Average Recall     (AR) @[ IoU=0.50:0.95 | area=   all | maxDets=100 ] = 0.295
 Average Recall     (AR) @[ IoU=0.50:0.95 | area= small | maxDets=100 ] = 0.136
 Average Recall     (AR) @[ IoU=0.50:0.95 | area=medium | maxDets=100 ] = 0.504
 Average Recall     (AR) @[ IoU=0.50:0.95 | area= large | maxDets=100 ] = 0.424
creating index...
index created!
Loading and preparing results...
DONE (t=0.00s)
creating index...
index created!
Running per image evaluation...
Evaluate annotation type *bbox*
DONE (t=0.05s).
Accumulating evaluation results...
DONE (t=0.07s).
 Average Precision  (AP) @[ IoU=0.50:0.95 | area=   all | maxDets=100 ] = 0.217
 Average Precision  (AP) @[ IoU=0.50      | area=   all | maxDets=100 ] = 0.307
 Average Precision  (AP) @[ IoU=0.75      | area=   all | maxDets=100 ] = 0.237
 Average Precision  (AP) @[ IoU=0.50:0.95 | area= small | maxDets=100 ] = 0.109
 Average Precision  (AP) @[ IoU=0.50:0.95 | area=medium | maxDets=100 ] = 0.419
 Average Precision  (AP) @[ IoU=0.50:0.95 | area= large | maxDets=100 ] = 0.393
 Average Recall     (AR) @[ IoU=0.50:0.95 | area=   all | maxDets=  1 ] = 0.178
 Average Recall     (AR) @[ IoU=0.50:0.95 | area=   all | maxDets= 10 ] = 0.244
 Average Recall     (AR) @[ IoU=0.50:0.95 | area=   all | maxDets=100 ] = 0.256
 Average Recall     (AR) @[ IoU=0.50:0.95 | area= small | maxDets=100 ] = 0.120
 Average Recall     (AR) @[ IoU=0.50:0.95 | area=medium | maxDets=100 ] = 0.459
 Average Recall     (AR) @[ IoU=0.50:0.95 | area= large | maxDets=100 ] = 0.408
creating index...
index created!
Loading and preparing results...
DONE (t=0.00s)
creating index...
index created!
Running per image evaluation...
Evaluate annotation type *bbox*
DONE (t=0.03s).
Accumulating evaluation results...
DONE (t=0.06s).
 Average Precision  (AP) @[ IoU=0.50:0.95 | area=   all | maxDets=100 ] = 0.168
 Average Precision  (AP) @[ IoU=0.50      | area=   all | maxDets=100 ] = 0.236
 Average Precision  (AP) @[ IoU=0.75      | area=   all | maxDets=100 ] = 0.185
 Average Precision  (AP) @[ IoU=0.50:0.95 | area= small | maxDets=100 ] = 0.089
 Average Precision  (AP) @[ IoU=0.50:0.95 | area=medium | maxDets=100 ] = 0.327
 Average Precision  (AP) @[ IoU=0.50:0.95 | area= large | maxDets=100 ] = 0.382
 Average Recall     (AR) @[ IoU=0.50:0.95 | area=   all | maxDets=  1 ] = 0.137
 Average Recall     (AR) @[ IoU=0.50:0.95 | area=   all | maxDets= 10 ] = 0.188
 Average Recall     (AR) @[ IoU=0.50:0.95 | area=   all | maxDets=100 ] = 0.194
 Average Recall     (AR) @[ IoU=0.50:0.95 | area= small | maxDets=100 ] = 0.090
 Average Recall     (AR) @[ IoU=0.50:0.95 | area=medium | maxDets=100 ] = 0.351
 Average Recall     (AR) @[ IoU=0.50:0.95 | area= large | maxDets=100 ] = 0.390
creating index...
index created!
Loading and preparing results...
DONE (t=0.00s)
creating index...
index created!
Running per image evaluation...
Evaluate annotation type *bbox*
DONE (t=0.03s).
Accumulating evaluation results...
DONE (t=0.07s).
 Average Precision  (AP) @[ IoU=0.50:0.95 | area=   all | maxDets=100 ] = 0.195
 Average Precision  (AP) @[ IoU=0.50      | area=   all | maxDets=100 ] = 0.267
 Average Precision  (AP) @[ IoU=0.75      | area=   all | maxDets=100 ] = 0.221
 Average Precision  (AP) @[ IoU=0.50:0.95 | area= small | maxDets=100 ] = 0.087
 Average Precision  (AP) @[ IoU=0.50:0.95 | area=medium | maxDets=100 ] = 0.359
 Average Precision  (AP) @[ IoU=0.50:0.95 | area= large | maxDets=100 ] = 0.393
 Average Recall     (AR) @[ IoU=0.50:0.95 | area=   all | maxDets=  1 ] = 0.167
 Average Recall     (AR) @[ IoU=0.50:0.95 | area=   all | maxDets= 10 ] = 0.221
 Average Recall     (AR) @[ IoU=0.50:0.95 | area=   all | maxDets=100 ] = 0.223
 Average Recall     (AR) @[ IoU=0.50:0.95 | area= small | maxDets=100 ] = 0.088
 Average Recall     (AR) @[ IoU=0.50:0.95 | area=medium | maxDets=100 ] = 0.383
 Average Recall     (AR) @[ IoU=0.50:0.95 | area= large | maxDets=100 ] = 0.408
creating index...
index created!
Loading and preparing results...
DONE (t=0.00s)
creating index...
index created!
Running per image evaluation...
Evaluate annotation type *bbox*
DONE (t=0.05s).
Accumulating evaluation results...
DONE (t=0.07s).
 Average Precision  (AP) @[ IoU=0.50:0.95 | area=   all | maxDets=100 ] = 0.229
 Average Precision  (AP) @[ IoU=0.50      | area=   all | maxDets=100 ] = 0.325
 Average Precision  (AP) @[ IoU=0.75      | area=   all | maxDets=100 ] = 0.248
 Average Precision  (AP) @[ IoU=0.50:0.95 | area= small | maxDets=100 ] = 0.119
 Average Precision  (AP) @[ IoU=0.50:0.95 | area=medium | maxDets=100 ] = 0.431
 Average Precision  (AP) @[ IoU=0.50:0.95 | area= large | maxDets=100 ] = 0.418
 Average Recall     (AR) @[ IoU=0.50:0.95 | area=   all | maxDets=  1 ] = 0.180
 Average Recall     (AR) @[ IoU=0.50:0.95 | area=   all | maxDets= 10 ] = 0.285
 Average Recall     (AR) @[ IoU=0.50:0.95 | area=   all | maxDets=100 ] = 0.296
 Average Recall     (AR) @[ IoU=0.50:0.95 | area= small | maxDets=100 ] = 0.135
 Average Recall     (AR) @[ IoU=0.50:0.95 | area=medium | maxDets=100 ] = 0.501
 Average Recall     (AR) @[ IoU=0.50:0.95 | area= large | maxDets=100 ] = 0.490
creating index...
index created!
Loading and preparing results...
DONE (t=0.00s)
creating index...
index created!
Running per image evaluation...
Evaluate annotation type *bbox*
DONE (t=0.07s).
Accumulating evaluation results...
DONE (t=0.08s).
 Average Precision  (AP) @[ IoU=0.50:0.95 | area=   all | maxDets=100 ] = 0.230
 Average Precision  (AP) @[ IoU=0.50      | area=   all | maxDets=100 ] = 0.326
 Average Precision  (AP) @[ IoU=0.75      | area=   all | maxDets=100 ] = 0.250
 Average Precision  (AP) @[ IoU=0.50:0.95 | area= small | maxDets=100 ] = 0.124
 Average Precision  (AP) @[ IoU=0.50:0.95 | area=medium | maxDets=100 ] = 0.434
 Average Precision  (AP) @[ IoU=0.50:0.95 | area= large | maxDets=100 ] = 0.415
 Average Recall     (AR) @[ IoU=0.50:0.95 | area=   all | maxDets=  1 ] = 0.180
 Average Recall     (AR) @[ IoU=0.50:0.95 | area=   all | maxDets= 10 ] = 0.285
 Average Recall     (AR) @[ IoU=0.50:0.95 | area=   all | maxDets=100 ] = 0.300
 Average Recall     (AR) @[ IoU=0.50:0.95 | area= small | maxDets=100 ] = 0.142
 Average Recall     (AR) @[ IoU=0.50:0.95 | area=medium | maxDets=100 ] = 0.504
 Average Recall     (AR) @[ IoU=0.50:0.95 | area= large | maxDets=100 ] = 0.490
creating index...
index created!
Loading and preparing results...
DONE (t=0.00s)
creating index...
index created!
Running per image evaluation...
Evaluate annotation type *bbox*
DONE (t=0.17s).
Accumulating evaluation results...
DONE (t=0.08s).
 Average Precision  (AP) @[ IoU=0.50:0.95 | area=   all | maxDets=100 ] = 0.234
 Average Precision  (AP) @[ IoU=0.50      | area=   all | maxDets=100 ] = 0.333
 Average Precision  (AP) @[ IoU=0.75      | area=   all | maxDets=100 ] = 0.256
 Average Precision  (AP) @[ IoU=0.50:0.95 | area= small | maxDets=100 ] = 0.125
 Average Precision  (AP) @[ IoU=0.50:0.95 | area=medium | maxDets=100 ] = 0.434
 Average Precision  (AP) @[ IoU=0.50:0.95 | area= large | maxDets=100 ] = 0.441
 Average Recall     (AR) @[ IoU=0.50:0.95 | area=   all | maxDets=  1 ] = 0.180
 Average Recall     (AR) @[ IoU=0.50:0.95 | area=   all | maxDets= 10 ] = 0.309
 Average Recall     (AR) @[ IoU=0.50:0.95 | area=   all | maxDets=100 ] = 0.325
 Average Recall     (AR) @[ IoU=0.50:0.95 | area= small | maxDets=100 ] = 0.143
 Average Recall     (AR) @[ IoU=0.50:0.95 | area=medium | maxDets=100 ] = 0.504
 Average Recall     (AR) @[ IoU=0.50:0.95 | area= large | maxDets=100 ] = 0.568
creating index...
index created!
Loading and preparing results...
DONE (t=0.00s)
creating index...
index created!
Running per image evaluation...
Evaluate annotation type *bbox*
DONE (t=0.07s).
Accumulating evaluation results...
DONE (t=0.08s).
 Average Precision  (AP) @[ IoU=0.50:0.95 | area=   all | maxDets=100 ] = 0.231
 Average Precision  (AP) @[ IoU=0.50      | area=   all | maxDets=100 ] = 0.331
 Average Precision  (AP) @[ IoU=0.75      | area=   all | maxDets=100 ] = 0.254
 Average Precision  (AP) @[ IoU=0.50:0.95 | area= small | maxDets=100 ] = 0.121
 Average Precision  (AP) @[ IoU=0.50:0.95 | area=medium | maxDets=100 ] = 0.434
 Average Precision  (AP) @[ IoU=0.50:0.95 | area= large | maxDets=100 ] = 0.421
 Average Recall     (AR) @[ IoU=0.50:0.95 | area=   all | maxDets=  1 ] = 0.180
 Average Recall     (AR) @[ IoU=0.50:0.95 | area=   all | maxDets= 10 ] = 0.285
 Average Recall     (AR) @[ IoU=0.50:0.95 | area=   all | maxDets=100 ] = 0.295
 Average Recall     (AR) @[ IoU=0.50:0.95 | area= small | maxDets=100 ] = 0.135
 Average Recall     (AR) @[ IoU=0.50:0.95 | area=medium | maxDets=100 ] = 0.501
 Average Recall     (AR) @[ IoU=0.50:0.95 | area= large | maxDets=100 ] = 0.486
creating index...
index created!
Loading and preparing results...
DONE (t=0.00s)
creating index...
index created!
Running per image evaluation...
Evaluate annotation type *bbox*
DONE (t=0.07s).
Accumulating evaluation results...
DONE (t=0.07s).
 Average Precision  (AP) @[ IoU=0.50:0.95 | area=   all | maxDets=100 ] = 0.230
 Average Precision  (AP) @[ IoU=0.50      | area=   all | maxDets=100 ] = 0.326
 Average Precision  (AP) @[ IoU=0.75      | area=   all | maxDets=100 ] = 0.250
 Average Precision  (AP) @[ IoU=0.50:0.95 | area= small | maxDets=100 ] = 0.124
 Average Precision  (AP) @[ IoU=0.50:0.95 | area=medium | maxDets=100 ] = 0.434
 Average Precision  (AP) @[ IoU=0.50:0.95 | area= large | maxDets=100 ] = 0.415
 Average Recall     (AR) @[ IoU=0.50:0.95 | area=   all | maxDets=  1 ] = 0.180
 Average Recall     (AR) @[ IoU=0.50:0.95 | area=   all | maxDets= 10 ] = 0.285
 Average Recall     (AR) @[ IoU=0.50:0.95 | area=   all | maxDets=100 ] = 0.300
 Average Recall     (AR) @[ IoU=0.50:0.95 | area= small | maxDets=100 ] = 0.142
 Average Recall     (AR) @[ IoU=0.50:0.95 | area=medium | maxDets=100 ] = 0.504
 Average Recall     (AR) @[ IoU=0.50:0.95 | area= large | maxDets=100 ] = 0.490
creating index...
index created!
Loading and preparing results...
DONE (t=0.00s)
creating index...
index created!
Running per image evaluation...
Evaluate annotation type *bbox*
DONE (t=0.08s).
Accumulating evaluation results...
DONE (t=0.08s).
 Average Precision  (AP) @[ IoU=0.50:0.95 | area=   all | maxDets=100 ] = 0.230
 Average Precision  (AP) @[ IoU=0.50      | area=   all | maxDets=100 ] = 0.325
 Average Precision  (AP) @[ IoU=0.75      | area=   all | maxDets=100 ] = 0.248
 Average Precision  (AP) @[ IoU=0.50:0.95 | area= small | maxDets=100 ] = 0.131
 Average Precision  (AP) @[ IoU=0.50:0.95 | area=medium | maxDets=100 ] = 0.431
 Average Precision  (AP) @[ IoU=0.50:0.95 | area= large | maxDets=100 ] = 0.409
 Average Recall     (AR) @[ IoU=0.50:0.95 | area=   all | maxDets=  1 ] = 0.180
 Average Recall     (AR) @[ IoU=0.50:0.95 | area=   all | maxDets= 10 ] = 0.286
 Average Recall     (AR) @[ IoU=0.50:0.95 | area=   all | maxDets=100 ] = 0.306
 Average Recall     (AR) @[ IoU=0.50:0.95 | area= small | maxDets=100 ] = 0.150
 Average Recall     (AR) @[ IoU=0.50:0.95 | area=medium | maxDets=100 ] = 0.501
 Average Recall     (AR) @[ IoU=0.50:0.95 | area= large | maxDets=100 ] = 0.497
creating index...
index created!
Loading and preparing results...
DONE (t=0.00s)
creating index...
index created!
Running per image evaluation...
Evaluate annotation type *bbox*
DONE (t=0.08s).
Accumulating evaluation results...
DONE (t=0.08s).
 Average Precision  (AP) @[ IoU=0.50:0.95 | area=   all | maxDets=100 ] = 0.225
 Average Precision  (AP) @[ IoU=0.50      | area=   all | maxDets=100 ] = 0.307
 Average Precision  (AP) @[ IoU=0.75      | area=   all | maxDets=100 ] = 0.254
 Average Precision  (AP) @[ IoU=0.50:0.95 | area= small | maxDets=100 ] = 0.136
 Average Precision  (AP) @[ IoU=0.50:0.95 | area=medium | maxDets=100 ] = 0.420
 Average Precision  (AP) @[ IoU=0.50:0.95 | area= large | maxDets=100 ] = 0.401
 Average Recall     (AR) @[ IoU=0.50:0.95 | area=   all | maxDets=  1 ] = 0.180
 Average Recall     (AR) @[ IoU=0.50:0.95 | area=   all | maxDets= 10 ] = 0.295
 Average Recall     (AR) @[ IoU=0.50:0.95 | area=   all | maxDets=100 ] = 0.315
 Average Recall     (AR) @[ IoU=0.50:0.95 | area= small | maxDets=100 ] = 0.163
 Average Recall     (AR) @[ IoU=0.50:0.95 | area=medium | maxDets=100 ] = 0.509
 Average Recall     (AR) @[ IoU=0.50:0.95 | area= large | maxDets=100 ] = 0.501
{
  "checkpoint_path": "/home/lidz/YOLO/yolo_final/outputs/dual_scale_three_box_coco_only_noobj1_416_basic_aug_40_ddp_20260508_235724/best.pth",
  "config_path": "/home/lidz/YOLO/yolo_final/configs/dual_scale_three_box_coco_only_noobj1_416_basic_aug_40.toml",
  "manifest_path": "/home/lidz/YOLO/DataSet/Unified/manifests/coco2017_val.jsonl",
  "max_samples": 12,
  "packed_index": "/home/lidz/YOLO/DataSet/Unified/packed/pt/coco2017_val/chunk_1024/index.json",
  "prediction_stats": {
    "prediction_count": 1200,
    "predictions_per_image": {
      "max": 100,
      "mean": 100.0,
      "min": 100
    },
    "samples": 12,
    "score_quantiles": {
      "0.0": 0.0003844952443614602,
      "0.25": 0.03445937857031822,
      "0.5": 0.09808619320392609,
      "0.75": 0.23251985013484955,
      "0.9": 0.3816027343273163,
      "0.95": 0.4906861186027527,
      "0.99": 0.7281302213668823
    },
    "top_predicted_classes": [
      {
        "class_id": 0,
        "count": 290
      },
      {
        "class_id": 73,
        "count": 109
      },
      {
        "class_id": 56,
        "count": 60
      },
      {
        "class_id": 2,
        "count": 60
      },
      {
        "class_id": 39,
        "count": 44
      },
      {
        "class_id": 46,
        "count": 33
      },
      {
        "class_id": 41,
        "count": 31
      },
      {
        "class_id": 60,
        "count": 30
      },
      {
        "class_id": 61,
        "count": 30
      },
      {
        "class_id": 71,
        "count": 29
      },
      {
        "class_id": 45,
        "count": 24
      },
      {
        "class_id": 9,
        "count": 23
      },
      {
        "class_id": 74,
        "count": 22
      },
      {
        "class_id": 75,
        "count": 22
      },
      {
        "class_id": 72,
        "count": 22
      }
    ]
  },
  "storage_mode": "pt",
  "sweeps": {
    "nms_iou_threshold": [
      {
        "coco_ap": 0.23123301486209855,
        "coco_ap50": 0.3310385545399684,
        "coco_ap75": 0.2538341626928556,
        "coco_ap_large": 0.42072790612394567,
        "coco_ap_medium": 0.43360734664495304,
        "coco_ap_small": 0.1205519731750349,
        "coco_ar1": 0.18035882699675804,
        "coco_ar10": 0.2852991452991453,
        "coco_ar100": 0.29546713822575893,
        "coco_ar_large": 0.4857142857142858,
        "coco_ar_medium": 0.5008333333333334,
        "coco_ar_small": 0.1350180375180375,
        "num_predictions": 733.0,
        "num_samples": 12.0,
        "value": 0.4
      },
      {
        "coco_ap": 0.22975475024754122,
        "coco_ap50": 0.3263040348006541,
        "coco_ap75": 0.2500028905072069,
        "coco_ap_large": 0.4152823615694903,
        "coco_ap_medium": 0.4337600507376479,
        "coco_ap_small": 0.12378132153932714,
        "coco_ar1": 0.18035882699675804,
        "coco_ar10": 0.28493073975832595,
        "coco_ar100": 0.3000206307102859,
        "coco_ar_large": 0.4904761904761905,
        "coco_ar_medium": 0.5036111111111111,
        "coco_ar_small": 0.14167388167388167,
        "num_predictions": 802.0,
        "num_samples": 12.0,
        "value": 0.5
      },
      {
        "coco_ap": 0.22995719129711842,
        "coco_ap50": 0.3249031946724921,
        "coco_ap75": 0.24813187482462357,
        "coco_ap_large": 0.4086062217332844,
        "coco_ap_medium": 0.43095700214833665,
        "coco_ap_small": 0.1306868576910684,
        "coco_ar1": 0.18035882699675804,
        "coco_ar10": 0.2863984674329502,
        "coco_ar100": 0.30582080754494545,
        "coco_ar_large": 0.49682539682539684,
        "coco_ar_medium": 0.5012962962962964,
        "coco_ar_small": 0.14989177489177488,
        "num_predictions": 899.0,
        "num_samples": 12.0,
        "value": 0.6
      },
      {
        "coco_ap": 0.22461047591194272,
        "coco_ap50": 0.30689899753102057,
        "coco_ap75": 0.25412797272950666,
        "coco_ap_large": 0.40099963842538094,
        "coco_ap_medium": 0.42032967908484836,
        "coco_ap_small": 0.13563901328367112,
        "coco_ar1": 0.18035882699675804,
        "coco_ar10": 0.2952932508104922,
        "coco_ar100": 0.3151576775714706,
        "coco_ar_large": 0.5005291005291006,
        "coco_ar_medium": 0.5087037037037037,
        "coco_ar_small": 0.16287157287157286,
        "num_predictions": 978.0,
        "num_samples": 12.0,
        "value": 0.7
      }
    ],
    "score_threshold": [
      {
        "coco_ap": 0.22975475024754122,
        "coco_ap50": 0.3263040348006541,
        "coco_ap75": 0.2500028905072069,
        "coco_ap_large": 0.4152823615694903,
        "coco_ap_medium": 0.4337600507376479,
        "coco_ap_small": 0.12378132153932714,
        "coco_ar1": 0.18035882699675804,
        "coco_ar10": 0.28493073975832595,
        "coco_ar100": 0.3000206307102859,
        "coco_ar_large": 0.4904761904761905,
        "coco_ar_medium": 0.5036111111111111,
        "coco_ar_small": 0.14167388167388167,
        "num_predictions": 1050.0,
        "num_samples": 12.0,
        "value": 0.01
      },
      {
        "coco_ap": 0.22975475024754122,
        "coco_ap50": 0.3263040348006541,
        "coco_ap75": 0.2500028905072069,
        "coco_ap_large": 0.4152823615694903,
        "coco_ap_medium": 0.4337600507376479,
        "coco_ap_small": 0.12378132153932714,
        "coco_ar1": 0.18035882699675804,
        "coco_ar10": 0.28493073975832595,
        "coco_ar100": 0.3000206307102859,
        "coco_ar_large": 0.4904761904761905,
        "coco_ar_medium": 0.5036111111111111,
        "coco_ar_small": 0.14167388167388167,
        "num_predictions": 921.0,
        "num_samples": 12.0,
        "value": 0.03
      },
      {
        "coco_ap": 0.22975475024754122,
        "coco_ap50": 0.3263040348006541,
        "coco_ap75": 0.2500028905072069,
        "coco_ap_large": 0.4152823615694903,
        "coco_ap_medium": 0.4337600507376479,
        "coco_ap_small": 0.12378132153932714,
        "coco_ar1": 0.18035882699675804,
        "coco_ar10": 0.28493073975832595,
        "coco_ar100": 0.3000206307102859,
        "coco_ar_large": 0.4904761904761905,
        "coco_ar_medium": 0.5036111111111111,
        "coco_ar_small": 0.14167388167388167,
        "num_predictions": 802.0,
        "num_samples": 12.0,
        "value": 0.05
      },
      {
        "coco_ap": 0.2287214028458211,
        "coco_ap50": 0.325008331375448,
        "coco_ap75": 0.24919591325775783,
        "coco_ap_large": 0.40231939860652727,
        "coco_ap_medium": 0.4337600507376479,
        "coco_ap_small": 0.120371050388167,
        "coco_ar1": 0.1777726201002063,
        "coco_ar10": 0.28062039493073976,
        "coco_ar100": 0.2947376952549366,
        "coco_ar_large": 0.42380952380952386,
        "coco_ar_medium": 0.5036111111111111,
        "coco_ar_small": 0.1363167388167388,
        "num_predictions": 591.0,
        "num_samples": 12.0,
        "value": 0.1
      },
      {
        "coco_ap": 0.21692378372117294,
        "coco_ap50": 0.3067571516952018,
        "coco_ap75": 0.23674570271946266,
        "coco_ap_large": 0.393050971763843,
        "coco_ap_medium": 0.41894523592283306,
        "coco_ap_small": 0.10863994505381873,
        "coco_ar1": 0.1777726201002063,
        "coco_ar10": 0.24434718538166814,
        "coco_ar100": 0.25601827291482465,
        "coco_ar_large": 0.40793650793650793,
        "coco_ar_medium": 0.4591666666666667,
        "coco_ar_small": 0.12004689754689754,
        "num_predictions": 339.0,
        "num_samples": 12.0,
        "value": 0.2
      },
      {
        "coco_ap": 0.16845802785544417,
        "coco_ap50": 0.23609734750749534,
        "coco_ap75": 0.1848180802734424,
        "coco_ap_large": 0.38226989365603226,
        "coco_ap_medium": 0.32679452085132593,
        "coco_ap_small": 0.0892589599095964,
        "coco_ar1": 0.13685750073681108,
        "coco_ar10": 0.187561155319776,
        "coco_ar100": 0.19428087238432065,
        "coco_ar_large": 0.3904761904761904,
        "coco_ar_medium": 0.3513888888888889,
        "coco_ar_small": 0.08972582972582974,
        "num_predictions": 189.0,
        "num_samples": 12.0,
        "value": 0.3
      }
    ],
    "top_k": [
      {
        "coco_ap": 0.19495172460283133,
        "coco_ap50": 0.26662332653180276,
        "coco_ap75": 0.22130751387549366,
        "coco_ap_large": 0.393050971763843,
        "coco_ap_medium": 0.35946844585252175,
        "coco_ap_small": 0.08685953232254921,
        "coco_ar1": 0.16656572354848218,
        "coco_ar10": 0.22121500147362216,
        "coco_ar100": 0.22298334806955497,
        "coco_ar_large": 0.40793650793650793,
        "coco_ar_medium": 0.38324074074074077,
        "coco_ar_small": 0.08846320346320347,
        "num_predictions": 230.0,
        "num_samples": 12.0,
        "value": 20
      },
      {
        "coco_ap": 0.22882635553189098,
        "coco_ap50": 0.32527407048877,
        "coco_ap75": 0.24792983837440746,
        "coco_ap_large": 0.4184305097176384,
        "coco_ap_medium": 0.4309547702095951,
        "coco_ap_small": 0.11874011764085372,
        "coco_ar1": 0.18035882699675804,
        "coco_ar10": 0.28493073975832595,
        "coco_ar100": 0.29621868552903036,
        "coco_ar_large": 0.4904761904761905,
        "coco_ar_medium": 0.5008333333333334,
        "coco_ar_small": 0.13536075036075035,
        "num_predictions": 510.0,
        "num_samples": 12.0,
        "value": 50
      },
      {
        "coco_ap": 0.22975475024754122,
        "coco_ap50": 0.3263040348006541,
        "coco_ap75": 0.2500028905072069,
        "coco_ap_large": 0.4152823615694903,
        "coco_ap_medium": 0.4337600507376479,
        "coco_ap_small": 0.12378132153932714,
        "coco_ar1": 0.18035882699675804,
        "coco_ar10": 0.28493073975832595,
        "coco_ar100": 0.3000206307102859,
        "coco_ar_large": 0.4904761904761905,
        "coco_ar_medium": 0.5036111111111111,
        "coco_ar_small": 0.14167388167388167,
        "num_predictions": 802.0,
        "num_samples": 12.0,
        "value": 100
      },
      {
        "coco_ap": 0.23369727069103138,
        "coco_ap50": 0.3330850890449546,
        "coco_ap75": 0.2557500169439885,
        "coco_ap_large": 0.4412082874954162,
        "coco_ap_medium": 0.4337600507376479,
        "coco_ap_small": 0.12510482114685542,
        "coco_ar1": 0.18035882699675804,
        "coco_ar10": 0.3090686707928087,
        "coco_ar100": 0.32504273504273506,
        "coco_ar_large": 0.5682539682539682,
        "coco_ar_medium": 0.5036111111111111,
        "coco_ar_small": 0.14317099567099564,
        "num_predictions": 1076.0,
        "num_samples": 12.0,
        "value": 200
      }
    ]
  },
  "visualization_config": {
    "nms_iou_threshold": 0.5,
    "score_alpha": 2.0,
    "score_beta": 1.0,
    "score_threshold": 0.5,
    "show_gt": false,
    "top_k": 10
  },
  "visualizations": [
    "/home/lidz/YOLO/yolo_final/outputs/evaluations/dual_scale_three_box_coco_only_noobj1_416_basic_aug_40_ddp_20260508_235724_display_pred_only_vis12/coco2017_val_000000397133.png",
    "/home/lidz/YOLO/yolo_final/outputs/evaluations/dual_scale_three_box_coco_only_noobj1_416_basic_aug_40_ddp_20260508_235724_display_pred_only_vis12/coco2017_val_000000037777.png",
    "/home/lidz/YOLO/yolo_final/outputs/evaluations/dual_scale_three_box_coco_only_noobj1_416_basic_aug_40_ddp_20260508_235724_display_pred_only_vis12/coco2017_val_000000252219.png",
    "/home/lidz/YOLO/yolo_final/outputs/evaluations/dual_scale_three_box_coco_only_noobj1_416_basic_aug_40_ddp_20260508_235724_display_pred_only_vis12/coco2017_val_000000087038.png",
    "/home/lidz/YOLO/yolo_final/outputs/evaluations/dual_scale_three_box_coco_only_noobj1_416_basic_aug_40_ddp_20260508_235724_display_pred_only_vis12/coco2017_val_000000174482.png",
    "/home/lidz/YOLO/yolo_final/outputs/evaluations/dual_scale_three_box_coco_only_noobj1_416_basic_aug_40_ddp_20260508_235724_display_pred_only_vis12/coco2017_val_000000403385.png",
    "/home/lidz/YOLO/yolo_final/outputs/evaluations/dual_scale_three_box_coco_only_noobj1_416_basic_aug_40_ddp_20260508_235724_display_pred_only_vis12/coco2017_val_000000006818.png",
    "/home/lidz/YOLO/yolo_final/outputs/evaluations/dual_scale_three_box_coco_only_noobj1_416_basic_aug_40_ddp_20260508_235724_display_pred_only_vis12/coco2017_val_000000480985.png",
    "/home/lidz/YOLO/yolo_final/outputs/evaluations/dual_scale_three_box_coco_only_noobj1_416_basic_aug_40_ddp_20260508_235724_display_pred_only_vis12/coco2017_val_000000458054.png",
    "/home/lidz/YOLO/yolo_final/outputs/evaluations/dual_scale_three_box_coco_only_noobj1_416_basic_aug_40_ddp_20260508_235724_display_pred_only_vis12/coco2017_val_000000331352.png",
    "/home/lidz/YOLO/yolo_final/outputs/evaluations/dual_scale_three_box_coco_only_noobj1_416_basic_aug_40_ddp_20260508_235724_display_pred_only_vis12/coco2017_val_000000296649.png",
    "/home/lidz/YOLO/yolo_final/outputs/evaluations/dual_scale_three_box_coco_only_noobj1_416_basic_aug_40_ddp_20260508_235724_display_pred_only_vis12/coco2017_val_000000386912.png"
  ]
}
pred_only_vis12_exit=0
stage=loss_curves
outputs/evaluations/dual_scale_three_box_coco_only_noobj1_416_basic_aug_40_ddp_20260508_235724_loss_curves.png
loss_curves_exit=0
