session=train_416_basic_aug_scale_jitter_50
config=configs/dual_scale_three_box_coco_only_noobj1_416_basic_aug_scale_jitter_50.toml
log=logs/training_tmux/dual_scale_three_box_coco_only_noobj1_416_basic_aug_scale_jitter_50_ddp_20260511_225013.log
stage=train_ddp_8gpu
W0511 22:50:14.726000 2303563 site-packages/torch/distributed/run.py:851] 
W0511 22:50:14.726000 2303563 site-packages/torch/distributed/run.py:851] *****************************************
W0511 22:50:14.726000 2303563 site-packages/torch/distributed/run.py:851] Setting OMP_NUM_THREADS environment variable for each process to be 1 in default, to avoid your system being overloaded, please further tune the variable for optimal performance in your application as needed. 
W0511 22:50:14.726000 2303563 site-packages/torch/distributed/run.py:851] *****************************************
DDP mode: ignoring train.use_data_parallel from config.
dataset storage train: pt | index = /home/lidz/YOLO/DataSet/Unified/packed/pt/coco2017_train/chunk_1024/index.json | chunks = 116 | samples = 118287 | chunk_size = 1024
dataset storage val: pt | index = /home/lidz/YOLO/DataSet/Unified/packed/pt/coco2017_val/chunk_1024/index.json | chunks = 5 | samples = 5000 | chunk_size = 1024
/home/lidz/miniconda3/envs/yolov1/lib/python3.10/site-packages/torch/distributed/c10d_logger.py:83: UserWarning: barrier(): using the device under current context. You can specify `device_id` in `init_process_group` to mute this warning.
  return func(*args, **kwargs)
DDP configured global batch size: 128
DDP per-rank batch size: 16
DDP effective global batch size: 128
DDP configured workers: 64
DDP per-rank workers: 8
starting yolov0 DDP training
run id: dual_scale_three_box_coco_only_noobj1_416_basic_aug_scale_jitter_50_ddp_20260511_225018
device: cuda:0
backend: nccl
world size: 8
train dataset length: 118287
val dataset length: 5000
model output shape: {'p4': (1, 26, 26, 255), 'p5': (1, 13, 13, 255)}
train augmentation: {'enabled': True, 'horizontal_flip_p': 0.5, 'color_jitter_p': 0.8, 'brightness': 0.15, 'contrast': 0.15, 'saturation': 0.15, 'scale_jitter_p': 0.5, 'scale_jitter_min': 0.9, 'scale_jitter_max': 1.1, 'scale_jitter_fill': 0.0, 'affine_p': 0.3, 'degrees': 3.0, 'translate': 0.04, 'scale_min': 0.96, 'scale_max': 1.04, 'shear': 0.0, 'min_box_size': 1.0}
parameter total: 36531294
parameter trainable: 36531294
tensorboard dir: runs/dual_scale_three_box_coco_only_noobj1_416_basic_aug_scale_jitter_50_ddp_20260511_225018
output dir: outputs/dual_scale_three_box_coco_only_noobj1_416_basic_aug_scale_jitter_50_ddp_20260511_225018
epoch 001 | step 0001 | total = 11.3420 | box = 1.3816 | obj = 3.0250 | cls = 1.4091 | lr = 0.001000
epoch 001 | step 0020 | total = 8.4447 | box = 1.1761 | obj = 2.2100 | cls = 0.3542 | lr = 0.001000
epoch 001 | step 0040 | total = 7.8483 | box = 1.1541 | obj = 1.9949 | cls = 0.0829 | lr = 0.001000
epoch 001 | step 0060 | total = 7.8683 | box = 1.1519 | obj = 2.0328 | cls = 0.0762 | lr = 0.001000
epoch 001 | step 0080 | total = 8.1787 | box = 1.2573 | obj = 1.8327 | cls = 0.0594 | lr = 0.001000
epoch 001 | step 0100 | total = 7.6993 | box = 1.1602 | obj = 1.8420 | cls = 0.0564 | lr = 0.001000
epoch 001 | step 0120 | total = 8.1156 | box = 1.2307 | obj = 1.9064 | cls = 0.0559 | lr = 0.001000
epoch 001 | step 0140 | total = 7.3687 | box = 1.0551 | obj = 2.0314 | cls = 0.0618 | lr = 0.001000
epoch 001 | step 0160 | total = 7.3760 | box = 1.0516 | obj = 2.0472 | cls = 0.0706 | lr = 0.001000
epoch 001 | step 0180 | total = 7.2579 | box = 1.0377 | obj = 2.0026 | cls = 0.0667 | lr = 0.001000
epoch 001 | step 0200 | total = 7.1586 | box = 1.0227 | obj = 1.9827 | cls = 0.0626 | lr = 0.001000
epoch 001 | step 0220 | total = 6.9928 | box = 0.9684 | obj = 2.0845 | cls = 0.0662 | lr = 0.001000
epoch 001 | step 0240 | total = 7.5269 | box = 1.0947 | obj = 1.9906 | cls = 0.0627 | lr = 0.001000
epoch 001 | step 0260 | total = 7.3694 | box = 1.0860 | obj = 1.8809 | cls = 0.0584 | lr = 0.001000
epoch 001 | step 0280 | total = 7.6341 | box = 1.1320 | obj = 1.9209 | cls = 0.0531 | lr = 0.001000
epoch 001 | step 0300 | total = 7.8827 | box = 1.1955 | obj = 1.8478 | cls = 0.0573 | lr = 0.001000
epoch 001 | step 0320 | total = 7.1988 | box = 1.0336 | obj = 1.9702 | cls = 0.0604 | lr = 0.001000
epoch 001 | step 0340 | total = 7.1515 | box = 1.0012 | obj = 2.0822 | cls = 0.0632 | lr = 0.001000
epoch 001 | step 0360 | total = 7.4068 | box = 1.0952 | obj = 1.8777 | cls = 0.0530 | lr = 0.001000
epoch 001 | step 0380 | total = 6.7216 | box = 0.9313 | obj = 1.9907 | cls = 0.0742 | lr = 0.001000
epoch 001 | step 0400 | total = 6.7888 | box = 0.9415 | obj = 2.0144 | cls = 0.0670 | lr = 0.001000
epoch 001 | step 0420 | total = 7.5939 | box = 1.1236 | obj = 1.9183 | cls = 0.0576 | lr = 0.001000
epoch 001 | step 0440 | total = 7.0401 | box = 1.0241 | obj = 1.8554 | cls = 0.0642 | lr = 0.001000
epoch 001 | step 0460 | total = 7.9266 | box = 1.2215 | obj = 1.7693 | cls = 0.0499 | lr = 0.001000
epoch 001 | step 0480 | total = 7.8454 | box = 1.1955 | obj = 1.8168 | cls = 0.0510 | lr = 0.001000
epoch 001 | step 0500 | total = 7.2265 | box = 1.0620 | obj = 1.8619 | cls = 0.0545 | lr = 0.001000
epoch 001 | step 0520 | total = 7.0248 | box = 0.9958 | obj = 1.9831 | cls = 0.0628 | lr = 0.001000
epoch 001 | step 0540 | total = 6.9739 | box = 0.9777 | obj = 2.0187 | cls = 0.0667 | lr = 0.001000
epoch 001 | step 0560 | total = 6.6619 | box = 0.9199 | obj = 2.0036 | cls = 0.0586 | lr = 0.001000
epoch 001 | step 0580 | total = 7.5707 | box = 1.1516 | obj = 1.7607 | cls = 0.0519 | lr = 0.001000
epoch 001 | step 0600 | total = 7.6662 | box = 1.1563 | obj = 1.8343 | cls = 0.0504 | lr = 0.001000
epoch 001 | step 0620 | total = 7.1025 | box = 1.0176 | obj = 1.9588 | cls = 0.0555 | lr = 0.001000
epoch 001 | step 0640 | total = 6.4135 | box = 0.8933 | obj = 1.8915 | cls = 0.0555 | lr = 0.001000
epoch 001 | step 0660 | total = 6.8406 | box = 0.9760 | obj = 1.9012 | cls = 0.0592 | lr = 0.001000
epoch 001 | step 0680 | total = 6.6793 | box = 0.9197 | obj = 2.0187 | cls = 0.0620 | lr = 0.001000
epoch 001 | step 0700 | total = 6.7298 | box = 0.9431 | obj = 1.9562 | cls = 0.0583 | lr = 0.001000
epoch 001 | step 0720 | total = 7.0553 | box = 1.0125 | obj = 1.9357 | cls = 0.0568 | lr = 0.001000
epoch 001 | step 0740 | total = 6.5999 | box = 0.9336 | obj = 1.8729 | cls = 0.0588 | lr = 0.001000
epoch 001 | step 0760 | total = 6.5691 | box = 0.9025 | obj = 1.9862 | cls = 0.0703 | lr = 0.001000
epoch 001 | step 0780 | total = 6.5755 | box = 0.8866 | obj = 2.0786 | cls = 0.0639 | lr = 0.001000
epoch 001 | step 0800 | total = 5.7148 | box = 0.7412 | obj = 1.9359 | cls = 0.0731 | lr = 0.001000
epoch 001 | step 0820 | total = 6.4028 | box = 0.8529 | obj = 2.0705 | cls = 0.0680 | lr = 0.001000
epoch 001 | step 0840 | total = 6.1155 | box = 0.7935 | obj = 2.0708 | cls = 0.0770 | lr = 0.001000
epoch 001 | step 0860 | total = 6.3727 | box = 0.8977 | obj = 1.8324 | cls = 0.0519 | lr = 0.001000
epoch 001 | step 0880 | total = 6.3736 | box = 0.8445 | obj = 2.0858 | cls = 0.0654 | lr = 0.001000
epoch 001 | step 0900 | total = 6.6926 | box = 0.9543 | obj = 1.8740 | cls = 0.0470 | lr = 0.001000
epoch 001 | step 0920 | total = 7.1426 | box = 1.0406 | obj = 1.8881 | cls = 0.0515 | lr = 0.001000
[epoch 001 train] total = 7.2436 | box = 1.0451 | obj = 1.9431 | cls = 0.0751 | steps = 925 | global_batches = 7400 | samples = 118288 | time = 808.4s
[epoch 001 val] total = 6.7966 | box = 0.9570 | obj = 1.9532 | cls = 0.0586 | steps = 40 | global_batches = 320 | samples = 5000 | time = 19.5s
epoch 002 | step 0001 | total = 6.3735 | box = 0.8702 | obj = 1.9682 | cls = 0.0545 | lr = 0.000999
epoch 002 | step 0020 | total = 6.5004 | box = 0.9189 | obj = 1.8542 | cls = 0.0516 | lr = 0.000999
epoch 002 | step 0040 | total = 7.1233 | box = 1.0334 | obj = 1.8995 | cls = 0.0566 | lr = 0.000999
epoch 002 | step 0060 | total = 6.9861 | box = 1.0297 | obj = 1.7868 | cls = 0.0509 | lr = 0.000999
epoch 002 | step 0080 | total = 6.7518 | box = 0.9642 | obj = 1.8698 | cls = 0.0611 | lr = 0.000999
epoch 002 | step 0100 | total = 6.1898 | box = 0.8693 | obj = 1.7915 | cls = 0.0518 | lr = 0.000999
epoch 002 | step 0120 | total = 6.4572 | box = 0.9054 | obj = 1.8755 | cls = 0.0546 | lr = 0.000999
epoch 002 | step 0140 | total = 6.8219 | box = 0.9879 | obj = 1.8252 | cls = 0.0572 | lr = 0.000999
epoch 002 | step 0160 | total = 7.0369 | box = 1.0172 | obj = 1.8953 | cls = 0.0558 | lr = 0.000999
epoch 002 | step 0180 | total = 6.1033 | box = 0.8404 | obj = 1.8360 | cls = 0.0655 | lr = 0.000999
epoch 002 | step 0200 | total = 6.6668 | box = 0.9290 | obj = 1.9623 | cls = 0.0596 | lr = 0.000999
epoch 002 | step 0220 | total = 6.5425 | box = 0.9138 | obj = 1.9242 | cls = 0.0494 | lr = 0.000999
epoch 002 | step 0240 | total = 5.8689 | box = 0.7576 | obj = 2.0042 | cls = 0.0767 | lr = 0.000999
epoch 002 | step 0260 | total = 6.7216 | box = 0.9800 | obj = 1.7662 | cls = 0.0552 | lr = 0.000999
epoch 002 | step 0280 | total = 6.9552 | box = 1.0175 | obj = 1.8163 | cls = 0.0513 | lr = 0.000999
epoch 002 | step 0300 | total = 6.9202 | box = 0.9980 | obj = 1.8719 | cls = 0.0585 | lr = 0.000999
epoch 002 | step 0320 | total = 6.7742 | box = 0.9833 | obj = 1.8048 | cls = 0.0530 | lr = 0.000999
epoch 002 | step 0340 | total = 6.5766 | box = 0.8632 | obj = 2.1943 | cls = 0.0661 | lr = 0.000999
epoch 002 | step 0360 | total = 5.8028 | box = 0.7939 | obj = 1.7755 | cls = 0.0576 | lr = 0.000999
epoch 002 | step 0380 | total = 6.7552 | box = 0.9914 | obj = 1.7430 | cls = 0.0553 | lr = 0.000999
epoch 002 | step 0400 | total = 6.9445 | box = 1.0117 | obj = 1.8351 | cls = 0.0509 | lr = 0.000999
epoch 002 | step 0420 | total = 5.8050 | box = 0.7881 | obj = 1.7997 | cls = 0.0649 | lr = 0.000999
epoch 002 | step 0440 | total = 6.3367 | box = 0.8625 | obj = 1.9704 | cls = 0.0538 | lr = 0.000999
epoch 002 | step 0460 | total = 6.7857 | box = 0.9788 | obj = 1.8352 | cls = 0.0563 | lr = 0.000999
epoch 002 | step 0480 | total = 5.8044 | box = 0.7801 | obj = 1.8466 | cls = 0.0572 | lr = 0.000999
epoch 002 | step 0500 | total = 5.5520 | box = 0.7428 | obj = 1.7710 | cls = 0.0669 | lr = 0.000999
epoch 002 | step 0520 | total = 6.2073 | box = 0.8583 | obj = 1.8593 | cls = 0.0568 | lr = 0.000999
epoch 002 | step 0540 | total = 6.8171 | box = 1.0140 | obj = 1.7008 | cls = 0.0462 | lr = 0.000999
epoch 002 | step 0560 | total = 6.4207 | box = 0.8859 | obj = 1.9339 | cls = 0.0574 | lr = 0.000999
epoch 002 | step 0580 | total = 5.6771 | box = 0.7307 | obj = 1.9683 | cls = 0.0551 | lr = 0.000999
epoch 002 | step 0600 | total = 6.5442 | box = 0.8926 | obj = 2.0242 | cls = 0.0569 | lr = 0.000999
epoch 002 | step 0620 | total = 5.8342 | box = 0.8028 | obj = 1.7638 | cls = 0.0563 | lr = 0.000999
epoch 002 | step 0640 | total = 5.4282 | box = 0.6817 | obj = 1.9484 | cls = 0.0714 | lr = 0.000999
epoch 002 | step 0660 | total = 5.8815 | box = 0.7932 | obj = 1.8616 | cls = 0.0537 | lr = 0.000999
epoch 002 | step 0680 | total = 5.6671 | box = 0.7457 | obj = 1.8788 | cls = 0.0596 | lr = 0.000999
epoch 002 | step 0700 | total = 6.8193 | box = 0.9779 | obj = 1.8796 | cls = 0.0502 | lr = 0.000999
epoch 002 | step 0720 | total = 6.3193 | box = 0.8694 | obj = 1.9088 | cls = 0.0634 | lr = 0.000999
epoch 002 | step 0740 | total = 6.9320 | box = 1.0367 | obj = 1.7021 | cls = 0.0463 | lr = 0.000999
epoch 002 | step 0760 | total = 7.2860 | box = 1.0856 | obj = 1.8092 | cls = 0.0487 | lr = 0.000999
epoch 002 | step 0780 | total = 6.0298 | box = 0.8360 | obj = 1.7885 | cls = 0.0614 | lr = 0.000999
epoch 002 | step 0800 | total = 5.6741 | box = 0.7490 | obj = 1.8585 | cls = 0.0708 | lr = 0.000999
epoch 002 | step 0820 | total = 6.4135 | box = 0.9020 | obj = 1.8458 | cls = 0.0576 | lr = 0.000999
epoch 002 | step 0840 | total = 6.0392 | box = 0.8278 | obj = 1.8383 | cls = 0.0620 | lr = 0.000999
epoch 002 | step 0860 | total = 6.6667 | box = 0.9831 | obj = 1.7058 | cls = 0.0456 | lr = 0.000999
epoch 002 | step 0880 | total = 6.4765 | box = 0.9172 | obj = 1.8329 | cls = 0.0576 | lr = 0.000999
epoch 002 | step 0900 | total = 6.1030 | box = 0.8661 | obj = 1.7276 | cls = 0.0449 | lr = 0.000999
epoch 002 | step 0920 | total = 6.2682 | box = 0.8833 | obj = 1.8002 | cls = 0.0516 | lr = 0.000999
[epoch 002 train] total = 6.3958 | box = 0.8970 | obj = 1.8544 | cls = 0.0565 | steps = 925 | global_batches = 7400 | samples = 118288 | time = 809.1s
[epoch 002 val] total = 6.3109 | box = 0.8820 | obj = 1.8458 | cls = 0.0553 | steps = 40 | global_batches = 320 | samples = 5000 | time = 20.3s
epoch 003 | step 0001 | total = 6.1197 | box = 0.8683 | obj = 1.7229 | cls = 0.0555 | lr = 0.000996
epoch 003 | step 0020 | total = 6.7317 | box = 0.9824 | obj = 1.7689 | cls = 0.0505 | lr = 0.000996
epoch 003 | step 0040 | total = 6.0508 | box = 0.8412 | obj = 1.7831 | cls = 0.0618 | lr = 0.000996
epoch 003 | step 0060 | total = 6.7541 | box = 0.9738 | obj = 1.8363 | cls = 0.0490 | lr = 0.000996
epoch 003 | step 0080 | total = 5.9630 | box = 0.7902 | obj = 1.9481 | cls = 0.0638 | lr = 0.000996
epoch 003 | step 0100 | total = 6.1972 | box = 0.8830 | obj = 1.7341 | cls = 0.0482 | lr = 0.000996
epoch 003 | step 0120 | total = 6.6286 | box = 0.9731 | obj = 1.7095 | cls = 0.0536 | lr = 0.000996
epoch 003 | step 0140 | total = 6.3254 | box = 0.9160 | obj = 1.7008 | cls = 0.0449 | lr = 0.000996
epoch 003 | step 0160 | total = 6.3894 | box = 0.8988 | obj = 1.8414 | cls = 0.0542 | lr = 0.000996
epoch 003 | step 0180 | total = 6.9768 | box = 1.0355 | obj = 1.7521 | cls = 0.0473 | lr = 0.000996
epoch 003 | step 0200 | total = 5.3607 | box = 0.6843 | obj = 1.8709 | cls = 0.0683 | lr = 0.000996
epoch 003 | step 0220 | total = 6.5790 | box = 0.9798 | obj = 1.6345 | cls = 0.0455 | lr = 0.000996
epoch 003 | step 0240 | total = 5.7109 | box = 0.7810 | obj = 1.7580 | cls = 0.0478 | lr = 0.000996
epoch 003 | step 0260 | total = 6.0460 | box = 0.8212 | obj = 1.8777 | cls = 0.0622 | lr = 0.000996
epoch 003 | step 0280 | total = 5.4521 | box = 0.7042 | obj = 1.8655 | cls = 0.0654 | lr = 0.000996
epoch 003 | step 0300 | total = 6.2250 | box = 0.8609 | obj = 1.8631 | cls = 0.0574 | lr = 0.000996
epoch 003 | step 0320 | total = 5.9590 | box = 0.7961 | obj = 1.9123 | cls = 0.0663 | lr = 0.000996
epoch 003 | step 0340 | total = 6.1780 | box = 0.8649 | obj = 1.8016 | cls = 0.0519 | lr = 0.000996
epoch 003 | step 0360 | total = 6.0513 | box = 0.8617 | obj = 1.6852 | cls = 0.0575 | lr = 0.000996
epoch 003 | step 0380 | total = 5.8062 | box = 0.8025 | obj = 1.7430 | cls = 0.0509 | lr = 0.000996
epoch 003 | step 0400 | total = 5.6506 | box = 0.7808 | obj = 1.6915 | cls = 0.0550 | lr = 0.000996
epoch 003 | step 0420 | total = 6.6288 | box = 0.9598 | obj = 1.7859 | cls = 0.0440 | lr = 0.000996
epoch 003 | step 0440 | total = 6.1489 | box = 0.8193 | obj = 1.9946 | cls = 0.0579 | lr = 0.000996
epoch 003 | step 0460 | total = 5.7483 | box = 0.7618 | obj = 1.8817 | cls = 0.0574 | lr = 0.000996
epoch 003 | step 0480 | total = 5.7586 | box = 0.7781 | obj = 1.8149 | cls = 0.0532 | lr = 0.000996
epoch 003 | step 0500 | total = 5.6549 | box = 0.7406 | obj = 1.8931 | cls = 0.0590 | lr = 0.000996
epoch 003 | step 0520 | total = 6.2943 | box = 0.8611 | obj = 1.9368 | cls = 0.0520 | lr = 0.000996
epoch 003 | step 0540 | total = 6.1748 | box = 0.8678 | obj = 1.7790 | cls = 0.0569 | lr = 0.000996
epoch 003 | step 0560 | total = 5.7947 | box = 0.7715 | obj = 1.8721 | cls = 0.0652 | lr = 0.000996
epoch 003 | step 0580 | total = 6.8256 | box = 0.9923 | obj = 1.8119 | cls = 0.0522 | lr = 0.000996
epoch 003 | step 0600 | total = 6.0589 | box = 0.8547 | obj = 1.7357 | cls = 0.0496 | lr = 0.000996
epoch 003 | step 0620 | total = 6.0383 | box = 0.8537 | obj = 1.7251 | cls = 0.0448 | lr = 0.000996
epoch 003 | step 0640 | total = 6.4561 | box = 0.9007 | obj = 1.9051 | cls = 0.0474 | lr = 0.000996
epoch 003 | step 0660 | total = 6.1851 | box = 0.8313 | obj = 1.9737 | cls = 0.0550 | lr = 0.000996
epoch 003 | step 0680 | total = 5.4372 | box = 0.7164 | obj = 1.8038 | cls = 0.0512 | lr = 0.000996
epoch 003 | step 0700 | total = 5.5988 | box = 0.7137 | obj = 1.9693 | cls = 0.0609 | lr = 0.000996
epoch 003 | step 0720 | total = 5.2665 | box = 0.6978 | obj = 1.7233 | cls = 0.0544 | lr = 0.000996
epoch 003 | step 0740 | total = 6.3479 | box = 0.9056 | obj = 1.7718 | cls = 0.0481 | lr = 0.000996
epoch 003 | step 0760 | total = 6.1491 | box = 0.8417 | obj = 1.8845 | cls = 0.0562 | lr = 0.000996
epoch 003 | step 0780 | total = 6.0004 | box = 0.8007 | obj = 1.9375 | cls = 0.0594 | lr = 0.000996
epoch 003 | step 0800 | total = 5.9047 | box = 0.8232 | obj = 1.7360 | cls = 0.0529 | lr = 0.000996
epoch 003 | step 0820 | total = 5.1975 | box = 0.6686 | obj = 1.8025 | cls = 0.0518 | lr = 0.000996
epoch 003 | step 0840 | total = 6.4539 | box = 0.8847 | obj = 1.9768 | cls = 0.0535 | lr = 0.000996
epoch 003 | step 0860 | total = 6.9454 | box = 1.0311 | obj = 1.7375 | cls = 0.0527 | lr = 0.000996
epoch 003 | step 0880 | total = 5.8484 | box = 0.8139 | obj = 1.7262 | cls = 0.0530 | lr = 0.000996
epoch 003 | step 0900 | total = 5.6627 | box = 0.7658 | obj = 1.7655 | cls = 0.0682 | lr = 0.000996
epoch 003 | step 0920 | total = 5.7727 | box = 0.7846 | obj = 1.7976 | cls = 0.0523 | lr = 0.000996
[epoch 003 train] total = 6.0374 | box = 0.8369 | obj = 1.7986 | cls = 0.0542 | steps = 925 | global_batches = 7400 | samples = 118288 | time = 808.5s
[epoch 003 val] total = 6.0026 | box = 0.8236 | obj = 1.8308 | cls = 0.0540 | steps = 40 | global_batches = 320 | samples = 5000 | time = 20.6s
epoch 004 | step 0001 | total = 6.0534 | box = 0.8333 | obj = 1.8352 | cls = 0.0519 | lr = 0.000991
epoch 004 | step 0020 | total = 6.2572 | box = 0.8844 | obj = 1.7860 | cls = 0.0492 | lr = 0.000991
epoch 004 | step 0040 | total = 5.8279 | box = 0.8102 | obj = 1.7273 | cls = 0.0494 | lr = 0.000991
epoch 004 | step 0060 | total = 6.4724 | box = 0.9374 | obj = 1.7401 | cls = 0.0454 | lr = 0.000991
epoch 004 | step 0080 | total = 6.4110 | box = 0.8805 | obj = 1.9541 | cls = 0.0544 | lr = 0.000991
epoch 004 | step 0100 | total = 5.8917 | box = 0.8191 | obj = 1.7357 | cls = 0.0603 | lr = 0.000991
epoch 004 | step 0120 | total = 5.3458 | box = 0.6715 | obj = 1.9262 | cls = 0.0622 | lr = 0.000991
epoch 004 | step 0140 | total = 5.1280 | box = 0.6356 | obj = 1.8928 | cls = 0.0571 | lr = 0.000991
epoch 004 | step 0160 | total = 7.0874 | box = 1.0372 | obj = 1.8395 | cls = 0.0620 | lr = 0.000991
epoch 004 | step 0180 | total = 6.0249 | box = 0.8450 | obj = 1.7533 | cls = 0.0468 | lr = 0.000991
epoch 004 | step 0200 | total = 5.6185 | box = 0.7437 | obj = 1.8461 | cls = 0.0541 | lr = 0.000991
epoch 004 | step 0220 | total = 5.3206 | box = 0.7095 | obj = 1.7137 | cls = 0.0592 | lr = 0.000991
epoch 004 | step 0240 | total = 6.5160 | box = 0.9489 | obj = 1.7261 | cls = 0.0456 | lr = 0.000991
epoch 004 | step 0260 | total = 6.4069 | box = 0.9297 | obj = 1.7163 | cls = 0.0423 | lr = 0.000991
epoch 004 | step 0280 | total = 5.7592 | box = 0.7640 | obj = 1.8861 | cls = 0.0531 | lr = 0.000991
epoch 004 | step 0300 | total = 5.7066 | box = 0.7841 | obj = 1.7326 | cls = 0.0535 | lr = 0.000991
epoch 004 | step 0320 | total = 6.2121 | box = 0.8704 | obj = 1.7984 | cls = 0.0615 | lr = 0.000991
epoch 004 | step 0340 | total = 6.3024 | box = 0.9071 | obj = 1.7206 | cls = 0.0464 | lr = 0.000991
epoch 004 | step 0360 | total = 5.2724 | box = 0.6862 | obj = 1.7765 | cls = 0.0648 | lr = 0.000991
epoch 004 | step 0380 | total = 6.1244 | box = 0.8847 | obj = 1.6596 | cls = 0.0413 | lr = 0.000991
epoch 004 | step 0400 | total = 5.8047 | box = 0.7977 | obj = 1.7622 | cls = 0.0541 | lr = 0.000991
epoch 004 | step 0420 | total = 6.0247 | box = 0.8413 | obj = 1.7671 | cls = 0.0511 | lr = 0.000991
epoch 004 | step 0440 | total = 5.3742 | box = 0.7227 | obj = 1.7074 | cls = 0.0532 | lr = 0.000991
epoch 004 | step 0460 | total = 5.6052 | box = 0.7777 | obj = 1.6713 | cls = 0.0456 | lr = 0.000991
epoch 004 | step 0480 | total = 5.3488 | box = 0.7144 | obj = 1.7205 | cls = 0.0562 | lr = 0.000991
epoch 004 | step 0500 | total = 5.6886 | box = 0.7928 | obj = 1.6698 | cls = 0.0549 | lr = 0.000991
epoch 004 | step 0520 | total = 5.9139 | box = 0.8284 | obj = 1.7244 | cls = 0.0477 | lr = 0.000991
epoch 004 | step 0540 | total = 5.6177 | box = 0.7333 | obj = 1.8931 | cls = 0.0580 | lr = 0.000991
epoch 004 | step 0560 | total = 5.8051 | box = 0.7879 | obj = 1.8071 | cls = 0.0584 | lr = 0.000991
epoch 004 | step 0580 | total = 5.2211 | box = 0.6999 | obj = 1.6784 | cls = 0.0431 | lr = 0.000991
epoch 004 | step 0600 | total = 5.9211 | box = 0.8393 | obj = 1.6774 | cls = 0.0472 | lr = 0.000991
epoch 004 | step 0620 | total = 6.4261 | box = 0.9253 | obj = 1.7532 | cls = 0.0466 | lr = 0.000991
epoch 004 | step 0640 | total = 5.7948 | box = 0.8177 | obj = 1.6620 | cls = 0.0441 | lr = 0.000991
epoch 004 | step 0660 | total = 5.1606 | box = 0.6462 | obj = 1.8630 | cls = 0.0664 | lr = 0.000991
epoch 004 | step 0680 | total = 6.1046 | box = 0.8150 | obj = 1.9633 | cls = 0.0662 | lr = 0.000991
epoch 004 | step 0700 | total = 6.5293 | box = 0.9384 | obj = 1.7864 | cls = 0.0507 | lr = 0.000991
epoch 004 | step 0720 | total = 6.0580 | box = 0.8380 | obj = 1.8188 | cls = 0.0494 | lr = 0.000991
epoch 004 | step 0740 | total = 5.7234 | box = 0.7884 | obj = 1.7326 | cls = 0.0486 | lr = 0.000991
epoch 004 | step 0760 | total = 4.9562 | box = 0.6490 | obj = 1.6616 | cls = 0.0497 | lr = 0.000991
epoch 004 | step 0780 | total = 6.2100 | box = 0.8692 | obj = 1.8081 | cls = 0.0557 | lr = 0.000991
epoch 004 | step 0800 | total = 5.7467 | box = 0.7828 | obj = 1.7808 | cls = 0.0519 | lr = 0.000991
epoch 004 | step 0820 | total = 5.6180 | box = 0.7652 | obj = 1.7407 | cls = 0.0515 | lr = 0.000991
epoch 004 | step 0840 | total = 6.3144 | box = 0.8939 | obj = 1.7920 | cls = 0.0529 | lr = 0.000991
epoch 004 | step 0860 | total = 6.1559 | box = 0.8824 | obj = 1.6963 | cls = 0.0474 | lr = 0.000991
epoch 004 | step 0880 | total = 5.3435 | box = 0.6869 | obj = 1.8555 | cls = 0.0534 | lr = 0.000991
epoch 004 | step 0900 | total = 5.6551 | box = 0.7090 | obj = 2.0455 | cls = 0.0649 | lr = 0.000991
epoch 004 | step 0920 | total = 5.2919 | box = 0.6777 | obj = 1.8435 | cls = 0.0598 | lr = 0.000991
[epoch 004 train] total = 5.8227 | box = 0.8017 | obj = 1.7619 | cls = 0.0525 | steps = 925 | global_batches = 7400 | samples = 118288 | time = 804.9s
[epoch 004 val] total = 5.7980 | box = 0.7945 | obj = 1.7741 | cls = 0.0517 | steps = 40 | global_batches = 320 | samples = 5000 | time = 21.5s
epoch 005 | step 0001 | total = 5.6299 | box = 0.7619 | obj = 1.7837 | cls = 0.0369 | lr = 0.000984
epoch 005 | step 0020 | total = 5.2129 | box = 0.6898 | obj = 1.6969 | cls = 0.0667 | lr = 0.000984
epoch 005 | step 0040 | total = 5.5670 | box = 0.7549 | obj = 1.7454 | cls = 0.0469 | lr = 0.000984
epoch 005 | step 0060 | total = 5.8058 | box = 0.8028 | obj = 1.7495 | cls = 0.0423 | lr = 0.000984
epoch 005 | step 0080 | total = 5.1348 | box = 0.6968 | obj = 1.5967 | cls = 0.0540 | lr = 0.000984
epoch 005 | step 0100 | total = 5.7988 | box = 0.8046 | obj = 1.7229 | cls = 0.0532 | lr = 0.000984
epoch 005 | step 0120 | total = 6.1639 | box = 0.8768 | obj = 1.7372 | cls = 0.0426 | lr = 0.000984
epoch 005 | step 0140 | total = 6.0129 | box = 0.8183 | obj = 1.8694 | cls = 0.0522 | lr = 0.000984
epoch 005 | step 0160 | total = 4.8330 | box = 0.6280 | obj = 1.6465 | cls = 0.0465 | lr = 0.000984
epoch 005 | step 0180 | total = 5.4696 | box = 0.7440 | obj = 1.7014 | cls = 0.0480 | lr = 0.000984
epoch 005 | step 0200 | total = 5.9319 | box = 0.8099 | obj = 1.8264 | cls = 0.0557 | lr = 0.000984
epoch 005 | step 0220 | total = 6.0969 | box = 0.8694 | obj = 1.6955 | cls = 0.0543 | lr = 0.000984
epoch 005 | step 0240 | total = 5.9369 | box = 0.8252 | obj = 1.7614 | cls = 0.0494 | lr = 0.000984
epoch 005 | step 0260 | total = 6.2231 | box = 0.8905 | obj = 1.7220 | cls = 0.0487 | lr = 0.000984
epoch 005 | step 0280 | total = 5.0786 | box = 0.6761 | obj = 1.6464 | cls = 0.0515 | lr = 0.000984
epoch 005 | step 0300 | total = 6.5511 | box = 0.9620 | obj = 1.6980 | cls = 0.0433 | lr = 0.000984
epoch 005 | step 0320 | total = 5.4391 | box = 0.7547 | obj = 1.6191 | cls = 0.0463 | lr = 0.000984
epoch 005 | step 0340 | total = 5.4437 | box = 0.7261 | obj = 1.7540 | cls = 0.0591 | lr = 0.000984
epoch 005 | step 0360 | total = 5.2951 | box = 0.7183 | obj = 1.6493 | cls = 0.0541 | lr = 0.000984
epoch 005 | step 0380 | total = 5.8983 | box = 0.8092 | obj = 1.7995 | cls = 0.0529 | lr = 0.000984
epoch 005 | step 0400 | total = 5.7192 | box = 0.7994 | obj = 1.6757 | cls = 0.0465 | lr = 0.000984
epoch 005 | step 0420 | total = 6.0411 | box = 0.8623 | obj = 1.6826 | cls = 0.0472 | lr = 0.000984
epoch 005 | step 0440 | total = 5.5366 | box = 0.7624 | obj = 1.6847 | cls = 0.0400 | lr = 0.000984
epoch 005 | step 0460 | total = 5.7289 | box = 0.7937 | obj = 1.7151 | cls = 0.0451 | lr = 0.000984
epoch 005 | step 0480 | total = 6.5101 | box = 0.9665 | obj = 1.6318 | cls = 0.0457 | lr = 0.000984
epoch 005 | step 0500 | total = 5.4953 | box = 0.7214 | obj = 1.8306 | cls = 0.0577 | lr = 0.000984
epoch 005 | step 0520 | total = 5.3983 | box = 0.7166 | obj = 1.7635 | cls = 0.0516 | lr = 0.000984
epoch 005 | step 0540 | total = 5.1725 | box = 0.6817 | obj = 1.7040 | cls = 0.0599 | lr = 0.000984
epoch 005 | step 0560 | total = 5.6709 | box = 0.8025 | obj = 1.6135 | cls = 0.0448 | lr = 0.000984
epoch 005 | step 0580 | total = 6.0037 | box = 0.8635 | obj = 1.6446 | cls = 0.0417 | lr = 0.000984
epoch 005 | step 0600 | total = 5.4069 | box = 0.7156 | obj = 1.7774 | cls = 0.0514 | lr = 0.000984
epoch 005 | step 0620 | total = 6.1729 | box = 0.8847 | obj = 1.6948 | cls = 0.0547 | lr = 0.000984
epoch 005 | step 0640 | total = 5.9634 | box = 0.8563 | obj = 1.6387 | cls = 0.0431 | lr = 0.000984
epoch 005 | step 0660 | total = 5.1161 | box = 0.6434 | obj = 1.8480 | cls = 0.0509 | lr = 0.000984
epoch 005 | step 0680 | total = 5.7262 | box = 0.7734 | obj = 1.8031 | cls = 0.0559 | lr = 0.000984
epoch 005 | step 0700 | total = 5.5613 | box = 0.7539 | obj = 1.7411 | cls = 0.0507 | lr = 0.000984
epoch 005 | step 0720 | total = 5.7339 | box = 0.7928 | obj = 1.7099 | cls = 0.0601 | lr = 0.000984
epoch 005 | step 0740 | total = 5.5204 | box = 0.7255 | obj = 1.8298 | cls = 0.0628 | lr = 0.000984
epoch 005 | step 0760 | total = 5.8123 | box = 0.7743 | obj = 1.8942 | cls = 0.0465 | lr = 0.000984
epoch 005 | step 0780 | total = 4.8693 | box = 0.6202 | obj = 1.6975 | cls = 0.0706 | lr = 0.000984
epoch 005 | step 0800 | total = 5.3611 | box = 0.7156 | obj = 1.7316 | cls = 0.0516 | lr = 0.000984
epoch 005 | step 0820 | total = 5.7227 | box = 0.7592 | obj = 1.8692 | cls = 0.0574 | lr = 0.000984
epoch 005 | step 0840 | total = 5.8244 | box = 0.8251 | obj = 1.6595 | cls = 0.0395 | lr = 0.000984
epoch 005 | step 0860 | total = 6.1619 | box = 0.8673 | obj = 1.7771 | cls = 0.0481 | lr = 0.000984
epoch 005 | step 0880 | total = 5.4341 | box = 0.7268 | obj = 1.7474 | cls = 0.0529 | lr = 0.000984
epoch 005 | step 0900 | total = 4.7884 | box = 0.6348 | obj = 1.5562 | cls = 0.0580 | lr = 0.000984
epoch 005 | step 0920 | total = 6.3076 | box = 0.9270 | obj = 1.6313 | cls = 0.0412 | lr = 0.000984
[epoch 005 train] total = 5.6628 | box = 0.7758 | obj = 1.7328 | cls = 0.0512 | steps = 925 | global_batches = 7400 | samples = 118288 | time = 805.2s
[epoch 005 val] total = 5.6756 | box = 0.7774 | obj = 1.7377 | cls = 0.0507 | steps = 40 | global_batches = 320 | samples = 5000 | time = 21.0s
epoch 006 | step 0001 | total = 5.7698 | box = 0.8214 | obj = 1.6139 | cls = 0.0487 | lr = 0.000976
epoch 006 | step 0020 | total = 6.2647 | box = 0.8962 | obj = 1.7353 | cls = 0.0484 | lr = 0.000976
epoch 006 | step 0040 | total = 5.2358 | box = 0.7004 | obj = 1.6806 | cls = 0.0531 | lr = 0.000976
epoch 006 | step 0060 | total = 4.9695 | box = 0.6683 | obj = 1.5756 | cls = 0.0525 | lr = 0.000976
epoch 006 | step 0080 | total = 5.8441 | box = 0.8290 | obj = 1.6558 | cls = 0.0434 | lr = 0.000976
epoch 006 | step 0100 | total = 5.9144 | box = 0.8337 | obj = 1.6931 | cls = 0.0526 | lr = 0.000976
epoch 006 | step 0120 | total = 5.8137 | box = 0.8268 | obj = 1.6368 | cls = 0.0430 | lr = 0.000976
epoch 006 | step 0140 | total = 6.7220 | box = 1.0066 | obj = 1.6467 | cls = 0.0421 | lr = 0.000976
epoch 006 | step 0160 | total = 5.4068 | box = 0.7394 | obj = 1.6679 | cls = 0.0420 | lr = 0.000976
epoch 006 | step 0180 | total = 5.9511 | box = 0.8330 | obj = 1.7403 | cls = 0.0456 | lr = 0.000976
epoch 006 | step 0200 | total = 4.9498 | box = 0.6758 | obj = 1.5209 | cls = 0.0498 | lr = 0.000976
epoch 006 | step 0220 | total = 5.3262 | box = 0.6872 | obj = 1.8320 | cls = 0.0583 | lr = 0.000976
epoch 006 | step 0240 | total = 5.7200 | box = 0.7589 | obj = 1.8739 | cls = 0.0517 | lr = 0.000976
epoch 006 | step 0260 | total = 5.3787 | box = 0.7178 | obj = 1.7380 | cls = 0.0517 | lr = 0.000976
epoch 006 | step 0280 | total = 5.2239 | box = 0.7121 | obj = 1.6178 | cls = 0.0454 | lr = 0.000976
epoch 006 | step 0300 | total = 6.6214 | box = 0.9671 | obj = 1.7435 | cls = 0.0425 | lr = 0.000976
epoch 006 | step 0320 | total = 5.3623 | box = 0.7351 | obj = 1.6380 | cls = 0.0488 | lr = 0.000976
epoch 006 | step 0340 | total = 4.6226 | box = 0.5558 | obj = 1.7874 | cls = 0.0562 | lr = 0.000976
epoch 006 | step 0360 | total = 6.8502 | box = 1.0462 | obj = 1.5789 | cls = 0.0404 | lr = 0.000976
epoch 006 | step 0380 | total = 6.1317 | box = 0.9058 | obj = 1.5644 | cls = 0.0382 | lr = 0.000976
epoch 006 | step 0400 | total = 4.8958 | box = 0.6348 | obj = 1.6682 | cls = 0.0534 | lr = 0.000976
epoch 006 | step 0420 | total = 4.5573 | box = 0.5406 | obj = 1.7883 | cls = 0.0658 | lr = 0.000976
epoch 006 | step 0440 | total = 5.3611 | box = 0.7419 | obj = 1.6044 | cls = 0.0474 | lr = 0.000976
epoch 006 | step 0460 | total = 5.4119 | box = 0.7495 | obj = 1.6201 | cls = 0.0444 | lr = 0.000976
epoch 006 | step 0480 | total = 5.4816 | box = 0.7486 | obj = 1.6917 | cls = 0.0469 | lr = 0.000976
epoch 006 | step 0500 | total = 5.6209 | box = 0.7454 | obj = 1.8388 | cls = 0.0552 | lr = 0.000976
epoch 006 | step 0520 | total = 4.7242 | box = 0.5682 | obj = 1.8248 | cls = 0.0583 | lr = 0.000976
epoch 006 | step 0540 | total = 4.7787 | box = 0.6096 | obj = 1.6862 | cls = 0.0444 | lr = 0.000976
epoch 006 | step 0560 | total = 5.8536 | box = 0.8022 | obj = 1.7851 | cls = 0.0576 | lr = 0.000976
epoch 006 | step 0580 | total = 6.4897 | box = 0.9648 | obj = 1.6185 | cls = 0.0472 | lr = 0.000976
epoch 006 | step 0600 | total = 5.7760 | box = 0.8046 | obj = 1.7132 | cls = 0.0396 | lr = 0.000976
epoch 006 | step 0620 | total = 5.1604 | box = 0.6947 | obj = 1.6426 | cls = 0.0443 | lr = 0.000976
epoch 006 | step 0640 | total = 6.4201 | box = 0.9159 | obj = 1.7915 | cls = 0.0493 | lr = 0.000976
epoch 006 | step 0660 | total = 6.0292 | box = 0.8811 | obj = 1.5857 | cls = 0.0380 | lr = 0.000976
epoch 006 | step 0680 | total = 5.0856 | box = 0.6417 | obj = 1.8179 | cls = 0.0594 | lr = 0.000976
epoch 006 | step 0700 | total = 5.0097 | box = 0.6469 | obj = 1.7279 | cls = 0.0473 | lr = 0.000976
epoch 006 | step 0720 | total = 5.5439 | box = 0.7863 | obj = 1.5661 | cls = 0.0461 | lr = 0.000976
epoch 006 | step 0740 | total = 5.7875 | box = 0.8080 | obj = 1.6962 | cls = 0.0511 | lr = 0.000976
epoch 006 | step 0760 | total = 4.9716 | box = 0.6734 | obj = 1.5534 | cls = 0.0511 | lr = 0.000976
epoch 006 | step 0780 | total = 5.7243 | box = 0.7887 | obj = 1.7310 | cls = 0.0497 | lr = 0.000976
epoch 006 | step 0800 | total = 4.9296 | box = 0.6528 | obj = 1.6177 | cls = 0.0480 | lr = 0.000976
epoch 006 | step 0820 | total = 5.2286 | box = 0.6874 | obj = 1.7368 | cls = 0.0549 | lr = 0.000976
epoch 006 | step 0840 | total = 5.0118 | box = 0.6684 | obj = 1.6202 | cls = 0.0496 | lr = 0.000976
epoch 006 | step 0860 | total = 5.5907 | box = 0.7358 | obj = 1.8618 | cls = 0.0498 | lr = 0.000976
epoch 006 | step 0880 | total = 5.7237 | box = 0.7525 | obj = 1.9107 | cls = 0.0507 | lr = 0.000976
epoch 006 | step 0900 | total = 4.9988 | box = 0.6683 | obj = 1.6074 | cls = 0.0500 | lr = 0.000976
epoch 006 | step 0920 | total = 5.0864 | box = 0.6543 | obj = 1.7574 | cls = 0.0576 | lr = 0.000976
[epoch 006 train] total = 5.5419 | box = 0.7562 | obj = 1.7108 | cls = 0.0501 | steps = 925 | global_batches = 7400 | samples = 118288 | time = 804.4s
[epoch 006 val] total = 5.5319 | box = 0.7556 | obj = 1.7041 | cls = 0.0496 | steps = 40 | global_batches = 320 | samples = 5000 | time = 22.4s
epoch 007 | step 0001 | total = 4.6664 | box = 0.5776 | obj = 1.7185 | cls = 0.0600 | lr = 0.000965
epoch 007 | step 0020 | total = 5.5648 | box = 0.7690 | obj = 1.6687 | cls = 0.0512 | lr = 0.000965
epoch 007 | step 0040 | total = 6.0630 | box = 0.8584 | obj = 1.7307 | cls = 0.0406 | lr = 0.000965
epoch 007 | step 0060 | total = 5.4217 | box = 0.7578 | obj = 1.5863 | cls = 0.0465 | lr = 0.000965
epoch 007 | step 0080 | total = 6.2369 | box = 0.9028 | obj = 1.6828 | cls = 0.0401 | lr = 0.000965
epoch 007 | step 0100 | total = 5.4485 | box = 0.7224 | obj = 1.7868 | cls = 0.0494 | lr = 0.000965
epoch 007 | step 0120 | total = 5.0421 | box = 0.6777 | obj = 1.5992 | cls = 0.0542 | lr = 0.000965
epoch 007 | step 0140 | total = 4.9730 | box = 0.6388 | obj = 1.7168 | cls = 0.0623 | lr = 0.000965
epoch 007 | step 0160 | total = 5.6826 | box = 0.8004 | obj = 1.6340 | cls = 0.0463 | lr = 0.000965
epoch 007 | step 0180 | total = 5.2082 | box = 0.6923 | obj = 1.6980 | cls = 0.0488 | lr = 0.000965
epoch 007 | step 0200 | total = 6.3083 | box = 0.9189 | obj = 1.6653 | cls = 0.0483 | lr = 0.000965
epoch 007 | step 0220 | total = 5.2407 | box = 0.6732 | obj = 1.8225 | cls = 0.0520 | lr = 0.000965
epoch 007 | step 0240 | total = 6.1044 | box = 0.8750 | obj = 1.6878 | cls = 0.0418 | lr = 0.000965
epoch 007 | step 0260 | total = 5.0677 | box = 0.6720 | obj = 1.6625 | cls = 0.0453 | lr = 0.000965
epoch 007 | step 0280 | total = 5.7807 | box = 0.8349 | obj = 1.5549 | cls = 0.0513 | lr = 0.000965
epoch 007 | step 0300 | total = 5.5605 | box = 0.7496 | obj = 1.7559 | cls = 0.0567 | lr = 0.000965
epoch 007 | step 0320 | total = 5.1699 | box = 0.6754 | obj = 1.7375 | cls = 0.0552 | lr = 0.000965
epoch 007 | step 0340 | total = 4.9700 | box = 0.6632 | obj = 1.6017 | cls = 0.0521 | lr = 0.000965
epoch 007 | step 0360 | total = 6.0844 | box = 0.8642 | obj = 1.7140 | cls = 0.0496 | lr = 0.000965
epoch 007 | step 0380 | total = 5.3529 | box = 0.6738 | obj = 1.9272 | cls = 0.0565 | lr = 0.000965
epoch 007 | step 0400 | total = 5.7817 | box = 0.8050 | obj = 1.7127 | cls = 0.0439 | lr = 0.000965
epoch 007 | step 0420 | total = 6.1894 | box = 0.9007 | obj = 1.6418 | cls = 0.0440 | lr = 0.000965
epoch 007 | step 0440 | total = 5.2438 | box = 0.6881 | obj = 1.7519 | cls = 0.0517 | lr = 0.000965
epoch 007 | step 0460 | total = 5.6813 | box = 0.7802 | obj = 1.7276 | cls = 0.0530 | lr = 0.000965
epoch 007 | step 0480 | total = 5.0653 | box = 0.6786 | obj = 1.6133 | cls = 0.0589 | lr = 0.000965
epoch 007 | step 0500 | total = 5.4304 | box = 0.7329 | obj = 1.7199 | cls = 0.0460 | lr = 0.000965
epoch 007 | step 0520 | total = 5.5647 | box = 0.7413 | obj = 1.8170 | cls = 0.0410 | lr = 0.000965
epoch 007 | step 0540 | total = 5.4492 | box = 0.7572 | obj = 1.6218 | cls = 0.0413 | lr = 0.000965
epoch 007 | step 0560 | total = 5.4982 | box = 0.7367 | obj = 1.7684 | cls = 0.0461 | lr = 0.000965
epoch 007 | step 0580 | total = 5.3804 | box = 0.7047 | obj = 1.8062 | cls = 0.0506 | lr = 0.000965
epoch 007 | step 0600 | total = 4.8428 | box = 0.6469 | obj = 1.5565 | cls = 0.0519 | lr = 0.000965
epoch 007 | step 0620 | total = 4.3866 | box = 0.5094 | obj = 1.7737 | cls = 0.0656 | lr = 0.000965
epoch 007 | step 0640 | total = 5.9594 | box = 0.8554 | obj = 1.6413 | cls = 0.0412 | lr = 0.000965
epoch 007 | step 0660 | total = 5.6679 | box = 0.7573 | obj = 1.8228 | cls = 0.0587 | lr = 0.000965
epoch 007 | step 0680 | total = 5.8878 | box = 0.7940 | obj = 1.8628 | cls = 0.0551 | lr = 0.000965
epoch 007 | step 0700 | total = 4.8240 | box = 0.6175 | obj = 1.6944 | cls = 0.0423 | lr = 0.000965
epoch 007 | step 0720 | total = 5.2100 | box = 0.6723 | obj = 1.7881 | cls = 0.0603 | lr = 0.000965
epoch 007 | step 0740 | total = 4.3663 | box = 0.5480 | obj = 1.5657 | cls = 0.0608 | lr = 0.000965
epoch 007 | step 0760 | total = 5.2189 | box = 0.6889 | obj = 1.7221 | cls = 0.0523 | lr = 0.000965
epoch 007 | step 0780 | total = 4.4072 | box = 0.5577 | obj = 1.5651 | cls = 0.0534 | lr = 0.000965
epoch 007 | step 0800 | total = 5.6219 | box = 0.7543 | obj = 1.7973 | cls = 0.0533 | lr = 0.000965
epoch 007 | step 0820 | total = 5.3678 | box = 0.7169 | obj = 1.7324 | cls = 0.0508 | lr = 0.000965
epoch 007 | step 0840 | total = 4.8541 | box = 0.6431 | obj = 1.5945 | cls = 0.0441 | lr = 0.000965
epoch 007 | step 0860 | total = 5.0106 | box = 0.6651 | obj = 1.6368 | cls = 0.0484 | lr = 0.000965
epoch 007 | step 0880 | total = 5.9819 | box = 0.8696 | obj = 1.5996 | cls = 0.0342 | lr = 0.000965
epoch 007 | step 0900 | total = 4.6258 | box = 0.5751 | obj = 1.6889 | cls = 0.0613 | lr = 0.000965
epoch 007 | step 0920 | total = 5.6596 | box = 0.8044 | obj = 1.5877 | cls = 0.0497 | lr = 0.000965
[epoch 007 train] total = 5.4331 | box = 0.7389 | obj = 1.6893 | cls = 0.0492 | steps = 925 | global_batches = 7400 | samples = 118288 | time = 804.5s
[epoch 007 val] total = 5.5840 | box = 0.7595 | obj = 1.7368 | cls = 0.0499 | steps = 40 | global_batches = 320 | samples = 5000 | time = 21.8s
epoch 008 | step 0001 | total = 4.7637 | box = 0.6227 | obj = 1.6044 | cls = 0.0459 | lr = 0.000953
epoch 008 | step 0020 | total = 5.5287 | box = 0.7340 | obj = 1.8041 | cls = 0.0547 | lr = 0.000953
epoch 008 | step 0040 | total = 6.0048 | box = 0.8551 | obj = 1.6856 | cls = 0.0435 | lr = 0.000953
epoch 008 | step 0060 | total = 5.2188 | box = 0.6932 | obj = 1.7096 | cls = 0.0434 | lr = 0.000953
epoch 008 | step 0080 | total = 5.4243 | box = 0.7685 | obj = 1.5305 | cls = 0.0514 | lr = 0.000953
epoch 008 | step 0100 | total = 6.3067 | box = 0.9070 | obj = 1.7214 | cls = 0.0505 | lr = 0.000953
epoch 008 | step 0120 | total = 4.5976 | box = 0.6083 | obj = 1.5116 | cls = 0.0445 | lr = 0.000953
epoch 008 | step 0140 | total = 4.7090 | box = 0.6113 | obj = 1.6015 | cls = 0.0512 | lr = 0.000953
epoch 008 | step 0160 | total = 5.3366 | box = 0.7223 | obj = 1.6803 | cls = 0.0449 | lr = 0.000953
epoch 008 | step 0180 | total = 4.9617 | box = 0.6564 | obj = 1.6297 | cls = 0.0502 | lr = 0.000953
epoch 008 | step 0200 | total = 4.8088 | box = 0.6002 | obj = 1.7481 | cls = 0.0598 | lr = 0.000953
epoch 008 | step 0220 | total = 5.5567 | box = 0.7654 | obj = 1.6783 | cls = 0.0516 | lr = 0.000953
epoch 008 | step 0240 | total = 5.9844 | box = 0.8269 | obj = 1.7931 | cls = 0.0570 | lr = 0.000953
epoch 008 | step 0260 | total = 5.3174 | box = 0.7263 | obj = 1.6364 | cls = 0.0493 | lr = 0.000953
epoch 008 | step 0280 | total = 4.5501 | box = 0.5488 | obj = 1.7584 | cls = 0.0479 | lr = 0.000953
epoch 008 | step 0300 | total = 5.5575 | box = 0.7750 | obj = 1.6375 | cls = 0.0451 | lr = 0.000953
epoch 008 | step 0320 | total = 5.3562 | box = 0.7401 | obj = 1.6126 | cls = 0.0432 | lr = 0.000953
epoch 008 | step 0340 | total = 5.4799 | box = 0.7641 | obj = 1.6122 | cls = 0.0471 | lr = 0.000953
epoch 008 | step 0360 | total = 5.1968 | box = 0.7271 | obj = 1.5210 | cls = 0.0404 | lr = 0.000953
epoch 008 | step 0380 | total = 6.0909 | box = 0.8529 | obj = 1.7801 | cls = 0.0465 | lr = 0.000953
epoch 008 | step 0400 | total = 4.9775 | box = 0.6700 | obj = 1.5794 | cls = 0.0479 | lr = 0.000953
epoch 008 | step 0420 | total = 4.8309 | box = 0.6428 | obj = 1.5645 | cls = 0.0526 | lr = 0.000953
epoch 008 | step 0440 | total = 4.8541 | box = 0.6267 | obj = 1.6709 | cls = 0.0495 | lr = 0.000953
epoch 008 | step 0460 | total = 4.6288 | box = 0.5756 | obj = 1.7020 | cls = 0.0487 | lr = 0.000953
epoch 008 | step 0480 | total = 5.1048 | box = 0.7080 | obj = 1.5260 | cls = 0.0390 | lr = 0.000953
epoch 008 | step 0500 | total = 5.7586 | box = 0.8090 | obj = 1.6733 | cls = 0.0401 | lr = 0.000953
epoch 008 | step 0520 | total = 4.8037 | box = 0.6193 | obj = 1.6575 | cls = 0.0497 | lr = 0.000953
epoch 008 | step 0540 | total = 4.7280 | box = 0.6080 | obj = 1.6414 | cls = 0.0467 | lr = 0.000953
epoch 008 | step 0560 | total = 5.1942 | box = 0.6783 | obj = 1.7487 | cls = 0.0540 | lr = 0.000953
epoch 008 | step 0580 | total = 5.0584 | box = 0.6422 | obj = 1.7994 | cls = 0.0479 | lr = 0.000953
epoch 008 | step 0600 | total = 5.0085 | box = 0.6564 | obj = 1.6736 | cls = 0.0529 | lr = 0.000953
epoch 008 | step 0620 | total = 5.5605 | box = 0.7533 | obj = 1.7548 | cls = 0.0390 | lr = 0.000953
epoch 008 | step 0640 | total = 5.4979 | box = 0.7598 | obj = 1.6459 | cls = 0.0531 | lr = 0.000953
epoch 008 | step 0660 | total = 5.6815 | box = 0.7787 | obj = 1.7405 | cls = 0.0475 | lr = 0.000953
epoch 008 | step 0680 | total = 5.3087 | box = 0.7105 | obj = 1.7092 | cls = 0.0470 | lr = 0.000953
epoch 008 | step 0700 | total = 4.9073 | box = 0.6564 | obj = 1.5775 | cls = 0.0479 | lr = 0.000953
epoch 008 | step 0720 | total = 5.0111 | box = 0.6791 | obj = 1.5670 | cls = 0.0485 | lr = 0.000953
epoch 008 | step 0740 | total = 4.6403 | box = 0.5772 | obj = 1.6941 | cls = 0.0601 | lr = 0.000953
epoch 008 | step 0760 | total = 5.0612 | box = 0.6896 | obj = 1.5633 | cls = 0.0501 | lr = 0.000953
epoch 008 | step 0780 | total = 4.8193 | box = 0.6098 | obj = 1.7253 | cls = 0.0453 | lr = 0.000953
epoch 008 | step 0800 | total = 5.6516 | box = 0.7959 | obj = 1.6267 | cls = 0.0453 | lr = 0.000953
epoch 008 | step 0820 | total = 5.5662 | box = 0.7867 | obj = 1.5903 | cls = 0.0422 | lr = 0.000953
epoch 008 | step 0840 | total = 4.9401 | box = 0.6607 | obj = 1.5942 | cls = 0.0424 | lr = 0.000953
epoch 008 | step 0860 | total = 6.3117 | box = 0.9037 | obj = 1.7436 | cls = 0.0494 | lr = 0.000953
epoch 008 | step 0880 | total = 5.2556 | box = 0.7001 | obj = 1.7073 | cls = 0.0478 | lr = 0.000953
epoch 008 | step 0900 | total = 6.2128 | box = 0.8900 | obj = 1.7181 | cls = 0.0446 | lr = 0.000953
epoch 008 | step 0920 | total = 6.0927 | box = 0.8449 | obj = 1.8269 | cls = 0.0412 | lr = 0.000953
[epoch 008 train] total = 5.3498 | box = 0.7256 | obj = 1.6736 | cls = 0.0484 | steps = 925 | global_batches = 7400 | samples = 118288 | time = 803.8s
[epoch 008 val] total = 5.4385 | box = 0.7354 | obj = 1.7135 | cls = 0.0480 | steps = 40 | global_batches = 320 | samples = 5000 | time = 23.2s
epoch 009 | step 0001 | total = 4.7862 | box = 0.6289 | obj = 1.5967 | cls = 0.0449 | lr = 0.000939
epoch 009 | step 0020 | total = 5.5735 | box = 0.7357 | obj = 1.8509 | cls = 0.0439 | lr = 0.000939
epoch 009 | step 0040 | total = 5.8089 | box = 0.8113 | obj = 1.7063 | cls = 0.0462 | lr = 0.000939
epoch 009 | step 0060 | total = 5.6441 | box = 0.7854 | obj = 1.6693 | cls = 0.0477 | lr = 0.000939
epoch 009 | step 0080 | total = 5.1161 | box = 0.7061 | obj = 1.5435 | cls = 0.0421 | lr = 0.000939
epoch 009 | step 0100 | total = 5.1970 | box = 0.6964 | obj = 1.6680 | cls = 0.0468 | lr = 0.000939
epoch 009 | step 0120 | total = 5.4622 | box = 0.7675 | obj = 1.5797 | cls = 0.0452 | lr = 0.000939
epoch 009 | step 0140 | total = 5.4275 | box = 0.7344 | obj = 1.7214 | cls = 0.0341 | lr = 0.000939
epoch 009 | step 0160 | total = 5.4415 | box = 0.7656 | obj = 1.5627 | cls = 0.0508 | lr = 0.000939
epoch 009 | step 0180 | total = 5.1782 | box = 0.7063 | obj = 1.6039 | cls = 0.0427 | lr = 0.000939
epoch 009 | step 0200 | total = 5.4061 | box = 0.7299 | obj = 1.7042 | cls = 0.0524 | lr = 0.000939
epoch 009 | step 0220 | total = 5.5380 | box = 0.7659 | obj = 1.6597 | cls = 0.0490 | lr = 0.000939
epoch 009 | step 0240 | total = 5.2985 | box = 0.7105 | obj = 1.6839 | cls = 0.0620 | lr = 0.000939
epoch 009 | step 0260 | total = 4.6849 | box = 0.6012 | obj = 1.6281 | cls = 0.0507 | lr = 0.000939
epoch 009 | step 0280 | total = 5.2560 | box = 0.6925 | obj = 1.7433 | cls = 0.0501 | lr = 0.000939
epoch 009 | step 0300 | total = 4.5817 | box = 0.5748 | obj = 1.6523 | cls = 0.0554 | lr = 0.000939
epoch 009 | step 0320 | total = 5.2838 | box = 0.7334 | obj = 1.5654 | cls = 0.0513 | lr = 0.000939
epoch 009 | step 0340 | total = 5.1169 | box = 0.7041 | obj = 1.5418 | cls = 0.0547 | lr = 0.000939
epoch 009 | step 0360 | total = 5.1311 | box = 0.7012 | obj = 1.5822 | cls = 0.0431 | lr = 0.000939
epoch 009 | step 0380 | total = 5.7205 | box = 0.7888 | obj = 1.7219 | cls = 0.0544 | lr = 0.000939
epoch 009 | step 0400 | total = 6.2335 | box = 0.8842 | obj = 1.7619 | cls = 0.0508 | lr = 0.000939
epoch 009 | step 0420 | total = 5.2029 | box = 0.7261 | obj = 1.5185 | cls = 0.0539 | lr = 0.000939
epoch 009 | step 0440 | total = 5.3990 | box = 0.7144 | obj = 1.7744 | cls = 0.0525 | lr = 0.000939
epoch 009 | step 0460 | total = 4.6334 | box = 0.6099 | obj = 1.5376 | cls = 0.0463 | lr = 0.000939
epoch 009 | step 0480 | total = 5.0812 | box = 0.6830 | obj = 1.6115 | cls = 0.0546 | lr = 0.000939
epoch 009 | step 0500 | total = 6.3274 | box = 0.9271 | obj = 1.6501 | cls = 0.0419 | lr = 0.000939
epoch 009 | step 0520 | total = 4.7322 | box = 0.6171 | obj = 1.6071 | cls = 0.0397 | lr = 0.000939
epoch 009 | step 0540 | total = 5.0670 | box = 0.6884 | obj = 1.5720 | cls = 0.0531 | lr = 0.000939
epoch 009 | step 0560 | total = 5.7251 | box = 0.7874 | obj = 1.7409 | cls = 0.0472 | lr = 0.000939
epoch 009 | step 0580 | total = 5.1623 | box = 0.7175 | obj = 1.5261 | cls = 0.0485 | lr = 0.000939
epoch 009 | step 0600 | total = 5.8169 | box = 0.8527 | obj = 1.5152 | cls = 0.0385 | lr = 0.000939
epoch 009 | step 0620 | total = 5.3934 | box = 0.7181 | obj = 1.7523 | cls = 0.0506 | lr = 0.000939
epoch 009 | step 0640 | total = 5.2066 | box = 0.7399 | obj = 1.4720 | cls = 0.0350 | lr = 0.000939
epoch 009 | step 0660 | total = 4.1806 | box = 0.4616 | obj = 1.8103 | cls = 0.0624 | lr = 0.000939
epoch 009 | step 0680 | total = 5.2837 | box = 0.7151 | obj = 1.6667 | cls = 0.0418 | lr = 0.000939
epoch 009 | step 0700 | total = 5.6673 | box = 0.8017 | obj = 1.6223 | cls = 0.0363 | lr = 0.000939
epoch 009 | step 0720 | total = 6.0274 | box = 0.8567 | obj = 1.6853 | cls = 0.0585 | lr = 0.000939
epoch 009 | step 0740 | total = 5.9640 | box = 0.8298 | obj = 1.7781 | cls = 0.0371 | lr = 0.000939
epoch 009 | step 0760 | total = 5.3450 | box = 0.7345 | obj = 1.6229 | cls = 0.0494 | lr = 0.000939
epoch 009 | step 0780 | total = 5.2682 | box = 0.7171 | obj = 1.6333 | cls = 0.0496 | lr = 0.000939
epoch 009 | step 0800 | total = 5.0514 | box = 0.6853 | obj = 1.5809 | cls = 0.0439 | lr = 0.000939
epoch 009 | step 0820 | total = 5.2733 | box = 0.6829 | obj = 1.8047 | cls = 0.0542 | lr = 0.000939
epoch 009 | step 0840 | total = 5.5920 | box = 0.7685 | obj = 1.7046 | cls = 0.0450 | lr = 0.000939
epoch 009 | step 0860 | total = 5.2402 | box = 0.6713 | obj = 1.8294 | cls = 0.0543 | lr = 0.000939
epoch 009 | step 0880 | total = 5.2925 | box = 0.7064 | obj = 1.7127 | cls = 0.0480 | lr = 0.000939
epoch 009 | step 0900 | total = 5.0171 | box = 0.6814 | obj = 1.5667 | cls = 0.0435 | lr = 0.000939
epoch 009 | step 0920 | total = 5.7662 | box = 0.7771 | obj = 1.8295 | cls = 0.0513 | lr = 0.000939
[epoch 009 train] total = 5.2704 | box = 0.7131 | obj = 1.6575 | cls = 0.0476 | steps = 925 | global_batches = 7400 | samples = 118288 | time = 803.2s
[epoch 009 val] total = 5.3177 | box = 0.7217 | obj = 1.6616 | cls = 0.0475 | steps = 40 | global_batches = 320 | samples = 5000 | time = 21.7s
epoch 010 | step 0001 | total = 5.3826 | box = 0.7359 | obj = 1.6562 | cls = 0.0469 | lr = 0.000923
epoch 010 | step 0020 | total = 6.1845 | box = 0.9087 | obj = 1.5995 | cls = 0.0414 | lr = 0.000923
epoch 010 | step 0040 | total = 4.8320 | box = 0.6348 | obj = 1.6131 | cls = 0.0447 | lr = 0.000923
epoch 010 | step 0060 | total = 5.3065 | box = 0.7176 | obj = 1.6713 | cls = 0.0474 | lr = 0.000923
epoch 010 | step 0080 | total = 5.2657 | box = 0.7106 | obj = 1.6681 | cls = 0.0446 | lr = 0.000923
epoch 010 | step 0100 | total = 5.3210 | box = 0.7169 | obj = 1.6855 | cls = 0.0508 | lr = 0.000923
epoch 010 | step 0120 | total = 5.1790 | box = 0.6638 | obj = 1.8016 | cls = 0.0583 | lr = 0.000923
epoch 010 | step 0140 | total = 5.2834 | box = 0.7122 | obj = 1.6719 | cls = 0.0506 | lr = 0.000923
epoch 010 | step 0160 | total = 4.5334 | box = 0.5810 | obj = 1.5833 | cls = 0.0452 | lr = 0.000923
epoch 010 | step 0180 | total = 4.7448 | box = 0.6131 | obj = 1.6365 | cls = 0.0427 | lr = 0.000923
epoch 010 | step 0200 | total = 5.4644 | box = 0.7774 | obj = 1.5368 | cls = 0.0404 | lr = 0.000923
epoch 010 | step 0220 | total = 5.1902 | box = 0.6718 | obj = 1.7822 | cls = 0.0492 | lr = 0.000923
epoch 010 | step 0240 | total = 4.7583 | box = 0.6346 | obj = 1.5364 | cls = 0.0489 | lr = 0.000923
epoch 010 | step 0260 | total = 4.7591 | box = 0.6371 | obj = 1.5262 | cls = 0.0474 | lr = 0.000923
epoch 010 | step 0280 | total = 4.9582 | box = 0.6815 | obj = 1.5090 | cls = 0.0415 | lr = 0.000923
epoch 010 | step 0300 | total = 4.9817 | box = 0.6713 | obj = 1.5794 | cls = 0.0456 | lr = 0.000923
epoch 010 | step 0320 | total = 5.3814 | box = 0.7350 | obj = 1.6559 | cls = 0.0503 | lr = 0.000923
epoch 010 | step 0340 | total = 5.3812 | box = 0.7609 | obj = 1.5236 | cls = 0.0531 | lr = 0.000923
epoch 010 | step 0360 | total = 5.2997 | box = 0.7283 | obj = 1.6125 | cls = 0.0455 | lr = 0.000923
epoch 010 | step 0380 | total = 5.2523 | box = 0.7202 | obj = 1.6035 | cls = 0.0479 | lr = 0.000923
epoch 010 | step 0400 | total = 4.2091 | box = 0.4765 | obj = 1.7640 | cls = 0.0626 | lr = 0.000923
epoch 010 | step 0420 | total = 5.6214 | box = 0.8017 | obj = 1.5727 | cls = 0.0403 | lr = 0.000923
epoch 010 | step 0440 | total = 4.6405 | box = 0.5847 | obj = 1.6669 | cls = 0.0502 | lr = 0.000923
epoch 010 | step 0460 | total = 5.0291 | box = 0.6687 | obj = 1.6361 | cls = 0.0496 | lr = 0.000923
epoch 010 | step 0480 | total = 5.8061 | box = 0.7910 | obj = 1.8001 | cls = 0.0512 | lr = 0.000923
epoch 010 | step 0500 | total = 5.0045 | box = 0.6458 | obj = 1.7282 | cls = 0.0475 | lr = 0.000923
epoch 010 | step 0520 | total = 4.9340 | box = 0.6511 | obj = 1.6313 | cls = 0.0471 | lr = 0.000923
epoch 010 | step 0540 | total = 4.7828 | box = 0.6547 | obj = 1.4686 | cls = 0.0406 | lr = 0.000923
epoch 010 | step 0560 | total = 5.4749 | box = 0.7606 | obj = 1.6185 | cls = 0.0535 | lr = 0.000923
epoch 010 | step 0580 | total = 5.3735 | box = 0.7185 | obj = 1.7364 | cls = 0.0445 | lr = 0.000923
epoch 010 | step 0600 | total = 4.7771 | box = 0.6284 | obj = 1.5865 | cls = 0.0487 | lr = 0.000923
epoch 010 | step 0620 | total = 5.7004 | box = 0.8042 | obj = 1.6309 | cls = 0.0485 | lr = 0.000923
epoch 010 | step 0640 | total = 5.0419 | box = 0.6995 | obj = 1.4995 | cls = 0.0448 | lr = 0.000923
epoch 010 | step 0660 | total = 4.7212 | box = 0.5942 | obj = 1.7030 | cls = 0.0474 | lr = 0.000923
epoch 010 | step 0680 | total = 5.1512 | box = 0.6967 | obj = 1.6204 | cls = 0.0475 | lr = 0.000923
epoch 010 | step 0700 | total = 6.1359 | box = 0.8649 | obj = 1.7634 | cls = 0.0482 | lr = 0.000923
epoch 010 | step 0720 | total = 5.1847 | box = 0.7163 | obj = 1.5672 | cls = 0.0359 | lr = 0.000923
epoch 010 | step 0740 | total = 5.8768 | box = 0.8080 | obj = 1.7928 | cls = 0.0439 | lr = 0.000923
epoch 010 | step 0760 | total = 6.0215 | box = 0.8749 | obj = 1.6001 | cls = 0.0470 | lr = 0.000923
epoch 010 | step 0780 | total = 4.3759 | box = 0.5754 | obj = 1.4384 | cls = 0.0603 | lr = 0.000923
epoch 010 | step 0800 | total = 5.8628 | box = 0.8395 | obj = 1.6140 | cls = 0.0513 | lr = 0.000923
epoch 010 | step 0820 | total = 5.4543 | box = 0.7708 | obj = 1.5561 | cls = 0.0439 | lr = 0.000923
epoch 010 | step 0840 | total = 5.0066 | box = 0.6757 | obj = 1.5857 | cls = 0.0424 | lr = 0.000923
epoch 010 | step 0860 | total = 5.5413 | box = 0.7666 | obj = 1.6631 | cls = 0.0453 | lr = 0.000923
epoch 010 | step 0880 | total = 5.0190 | box = 0.6920 | obj = 1.5173 | cls = 0.0418 | lr = 0.000923
epoch 010 | step 0900 | total = 5.4042 | box = 0.7378 | obj = 1.6732 | cls = 0.0419 | lr = 0.000923
epoch 010 | step 0920 | total = 4.7640 | box = 0.6176 | obj = 1.6270 | cls = 0.0491 | lr = 0.000923
[epoch 010 train] total = 5.1923 | box = 0.7010 | obj = 1.6406 | cls = 0.0469 | steps = 925 | global_batches = 7400 | samples = 118288 | time = 802.5s
[epoch 010 val] total = 5.2161 | box = 0.7038 | obj = 1.6501 | cls = 0.0472 | steps = 40 | global_batches = 320 | samples = 5000 | time = 21.9s
epoch 011 | step 0001 | total = 4.8491 | box = 0.6303 | obj = 1.6515 | cls = 0.0461 | lr = 0.000905
epoch 011 | step 0020 | total = 5.7140 | box = 0.7599 | obj = 1.8704 | cls = 0.0441 | lr = 0.000905
epoch 011 | step 0040 | total = 5.0358 | box = 0.6820 | obj = 1.5840 | cls = 0.0419 | lr = 0.000905
epoch 011 | step 0060 | total = 5.3381 | box = 0.7154 | obj = 1.7049 | cls = 0.0562 | lr = 0.000905
epoch 011 | step 0080 | total = 4.5549 | box = 0.5652 | obj = 1.6804 | cls = 0.0482 | lr = 0.000905
epoch 011 | step 0100 | total = 5.2363 | box = 0.6993 | obj = 1.6842 | cls = 0.0557 | lr = 0.000905
epoch 011 | step 0120 | total = 5.7759 | box = 0.8214 | obj = 1.6234 | cls = 0.0457 | lr = 0.000905
epoch 011 | step 0140 | total = 5.3265 | box = 0.7362 | obj = 1.6001 | cls = 0.0455 | lr = 0.000905
epoch 011 | step 0160 | total = 5.7272 | box = 0.8166 | obj = 1.6005 | cls = 0.0439 | lr = 0.000905
epoch 011 | step 0180 | total = 5.6342 | box = 0.7934 | obj = 1.6227 | cls = 0.0443 | lr = 0.000905
epoch 011 | step 0200 | total = 5.3895 | box = 0.7592 | obj = 1.5526 | cls = 0.0408 | lr = 0.000905
epoch 011 | step 0220 | total = 5.8918 | box = 0.8217 | obj = 1.7378 | cls = 0.0456 | lr = 0.000905
epoch 011 | step 0240 | total = 5.3593 | box = 0.7312 | obj = 1.6565 | cls = 0.0471 | lr = 0.000905
epoch 011 | step 0260 | total = 5.4321 | box = 0.7336 | obj = 1.7200 | cls = 0.0441 | lr = 0.000905
epoch 011 | step 0280 | total = 4.8940 | box = 0.6392 | obj = 1.6547 | cls = 0.0432 | lr = 0.000905
epoch 011 | step 0300 | total = 5.0562 | box = 0.6752 | obj = 1.6303 | cls = 0.0501 | lr = 0.000905
epoch 011 | step 0320 | total = 5.3111 | box = 0.7121 | obj = 1.7010 | cls = 0.0496 | lr = 0.000905
epoch 011 | step 0340 | total = 5.4747 | box = 0.7305 | obj = 1.7792 | cls = 0.0432 | lr = 0.000905
epoch 011 | step 0360 | total = 5.0539 | box = 0.6643 | obj = 1.6912 | cls = 0.0415 | lr = 0.000905
epoch 011 | step 0380 | total = 4.9619 | box = 0.6723 | obj = 1.5513 | cls = 0.0493 | lr = 0.000905
epoch 011 | step 0400 | total = 5.0418 | box = 0.6854 | obj = 1.5726 | cls = 0.0422 | lr = 0.000905
epoch 011 | step 0420 | total = 5.4688 | box = 0.7729 | obj = 1.5622 | cls = 0.0423 | lr = 0.000905
epoch 011 | step 0440 | total = 5.5160 | box = 0.7414 | obj = 1.7590 | cls = 0.0502 | lr = 0.000905
epoch 011 | step 0460 | total = 5.4481 | box = 0.7551 | obj = 1.6270 | cls = 0.0458 | lr = 0.000905
epoch 011 | step 0480 | total = 5.1214 | box = 0.7043 | obj = 1.5523 | cls = 0.0474 | lr = 0.000905
epoch 011 | step 0500 | total = 5.5895 | box = 0.8090 | obj = 1.5051 | cls = 0.0394 | lr = 0.000905
epoch 011 | step 0520 | total = 5.4530 | box = 0.7160 | obj = 1.8055 | cls = 0.0673 | lr = 0.000905
epoch 011 | step 0540 | total = 5.0886 | box = 0.6812 | obj = 1.6253 | cls = 0.0575 | lr = 0.000905
epoch 011 | step 0560 | total = 5.0228 | box = 0.6871 | obj = 1.5510 | cls = 0.0364 | lr = 0.000905
epoch 011 | step 0580 | total = 5.6328 | box = 0.7850 | obj = 1.6668 | cls = 0.0410 | lr = 0.000905
epoch 011 | step 0600 | total = 4.3535 | box = 0.5382 | obj = 1.6094 | cls = 0.0532 | lr = 0.000905
epoch 011 | step 0620 | total = 5.4604 | box = 0.7566 | obj = 1.6342 | cls = 0.0433 | lr = 0.000905
epoch 011 | step 0640 | total = 5.5943 | box = 0.7697 | obj = 1.7044 | cls = 0.0417 | lr = 0.000905
epoch 011 | step 0660 | total = 5.0029 | box = 0.6629 | obj = 1.6399 | cls = 0.0486 | lr = 0.000905
epoch 011 | step 0680 | total = 5.5564 | box = 0.7972 | obj = 1.5348 | cls = 0.0355 | lr = 0.000905
epoch 011 | step 0700 | total = 5.6655 | box = 0.8065 | obj = 1.5975 | cls = 0.0352 | lr = 0.000905
epoch 011 | step 0720 | total = 5.2399 | box = 0.7289 | obj = 1.5412 | cls = 0.0542 | lr = 0.000905
epoch 011 | step 0740 | total = 5.7756 | box = 0.7819 | obj = 1.8239 | cls = 0.0422 | lr = 0.000905
epoch 011 | step 0760 | total = 5.3746 | box = 0.7285 | obj = 1.6868 | cls = 0.0455 | lr = 0.000905
epoch 011 | step 0780 | total = 4.5126 | box = 0.6101 | obj = 1.4189 | cls = 0.0434 | lr = 0.000905
epoch 011 | step 0800 | total = 5.5334 | box = 0.6978 | obj = 1.9831 | cls = 0.0612 | lr = 0.000905
epoch 011 | step 0820 | total = 5.3770 | box = 0.7527 | obj = 1.5687 | cls = 0.0450 | lr = 0.000905
epoch 011 | step 0840 | total = 4.8671 | box = 0.6324 | obj = 1.6564 | cls = 0.0486 | lr = 0.000905
epoch 011 | step 0860 | total = 4.7263 | box = 0.6243 | obj = 1.5542 | cls = 0.0506 | lr = 0.000905
epoch 011 | step 0880 | total = 5.2049 | box = 0.7159 | obj = 1.5825 | cls = 0.0431 | lr = 0.000905
epoch 011 | step 0900 | total = 5.2533 | box = 0.7208 | obj = 1.6110 | cls = 0.0382 | lr = 0.000905
epoch 011 | step 0920 | total = 5.4119 | box = 0.7047 | obj = 1.8446 | cls = 0.0437 | lr = 0.000905
[epoch 011 train] total = 5.1247 | box = 0.6906 | obj = 1.6251 | cls = 0.0464 | steps = 925 | global_batches = 7400 | samples = 118288 | time = 804.8s
[epoch 011 val] total = 5.2099 | box = 0.7018 | obj = 1.6541 | cls = 0.0470 | steps = 40 | global_batches = 320 | samples = 5000 | time = 21.8s
epoch 012 | step 0001 | total = 4.9607 | box = 0.6738 | obj = 1.5513 | cls = 0.0402 | lr = 0.000886
epoch 012 | step 0020 | total = 4.5941 | box = 0.6134 | obj = 1.4846 | cls = 0.0423 | lr = 0.000886
epoch 012 | step 0040 | total = 5.3826 | box = 0.7656 | obj = 1.5119 | cls = 0.0428 | lr = 0.000886
epoch 012 | step 0060 | total = 3.7578 | box = 0.4475 | obj = 1.4587 | cls = 0.0613 | lr = 0.000886
epoch 012 | step 0080 | total = 5.7203 | box = 0.7979 | obj = 1.6859 | cls = 0.0447 | lr = 0.000886
epoch 012 | step 0100 | total = 4.6475 | box = 0.6064 | obj = 1.5755 | cls = 0.0400 | lr = 0.000886
epoch 012 | step 0120 | total = 5.4486 | box = 0.7656 | obj = 1.5833 | cls = 0.0374 | lr = 0.000886
epoch 012 | step 0140 | total = 4.5507 | box = 0.5953 | obj = 1.5241 | cls = 0.0501 | lr = 0.000886
epoch 012 | step 0160 | total = 5.2668 | box = 0.7052 | obj = 1.6994 | cls = 0.0414 | lr = 0.000886
epoch 012 | step 0180 | total = 4.8633 | box = 0.6172 | obj = 1.7303 | cls = 0.0468 | lr = 0.000886
epoch 012 | step 0200 | total = 4.2620 | box = 0.5511 | obj = 1.4602 | cls = 0.0463 | lr = 0.000886
epoch 012 | step 0220 | total = 5.0881 | box = 0.6872 | obj = 1.6056 | cls = 0.0467 | lr = 0.000886
epoch 012 | step 0240 | total = 5.3458 | box = 0.7348 | obj = 1.6283 | cls = 0.0435 | lr = 0.000886
epoch 012 | step 0260 | total = 5.1829 | box = 0.7021 | obj = 1.6266 | cls = 0.0460 | lr = 0.000886
epoch 012 | step 0280 | total = 4.3345 | box = 0.5376 | obj = 1.6011 | cls = 0.0456 | lr = 0.000886
epoch 012 | step 0300 | total = 5.2370 | box = 0.7203 | obj = 1.5978 | cls = 0.0376 | lr = 0.000886
epoch 012 | step 0320 | total = 5.3093 | box = 0.7312 | obj = 1.6086 | cls = 0.0448 | lr = 0.000886
epoch 012 | step 0340 | total = 5.2214 | box = 0.7220 | obj = 1.5690 | cls = 0.0426 | lr = 0.000886
epoch 012 | step 0360 | total = 5.9705 | box = 0.8490 | obj = 1.6808 | cls = 0.0447 | lr = 0.000886
epoch 012 | step 0380 | total = 5.0237 | box = 0.7055 | obj = 1.4514 | cls = 0.0446 | lr = 0.000886
epoch 012 | step 0400 | total = 4.8545 | box = 0.6527 | obj = 1.5334 | cls = 0.0575 | lr = 0.000886
epoch 012 | step 0420 | total = 5.6844 | box = 0.7359 | obj = 1.9588 | cls = 0.0460 | lr = 0.000886
epoch 012 | step 0440 | total = 4.3960 | box = 0.5692 | obj = 1.5054 | cls = 0.0444 | lr = 0.000886
epoch 012 | step 0460 | total = 5.9014 | box = 0.8521 | obj = 1.6062 | cls = 0.0344 | lr = 0.000886
epoch 012 | step 0480 | total = 4.5169 | box = 0.5930 | obj = 1.5089 | cls = 0.0431 | lr = 0.000886
epoch 012 | step 0500 | total = 6.0147 | box = 0.8544 | obj = 1.7023 | cls = 0.0407 | lr = 0.000886
epoch 012 | step 0520 | total = 5.2653 | box = 0.7237 | obj = 1.6074 | cls = 0.0393 | lr = 0.000886
epoch 012 | step 0540 | total = 3.7219 | box = 0.4316 | obj = 1.5137 | cls = 0.0500 | lr = 0.000886
epoch 012 | step 0560 | total = 5.6900 | box = 0.8032 | obj = 1.6285 | cls = 0.0454 | lr = 0.000886
epoch 012 | step 0580 | total = 5.7036 | box = 0.7497 | obj = 1.9053 | cls = 0.0496 | lr = 0.000886
epoch 012 | step 0600 | total = 5.2160 | box = 0.7117 | obj = 1.6049 | cls = 0.0524 | lr = 0.000886
epoch 012 | step 0620 | total = 4.6718 | box = 0.6000 | obj = 1.6141 | cls = 0.0578 | lr = 0.000886
epoch 012 | step 0640 | total = 5.3877 | box = 0.7686 | obj = 1.5123 | cls = 0.0323 | lr = 0.000886
epoch 012 | step 0660 | total = 5.2033 | box = 0.7092 | obj = 1.6084 | cls = 0.0491 | lr = 0.000886
epoch 012 | step 0680 | total = 5.1135 | box = 0.6623 | obj = 1.7575 | cls = 0.0445 | lr = 0.000886
epoch 012 | step 0700 | total = 4.7905 | box = 0.6258 | obj = 1.6091 | cls = 0.0524 | lr = 0.000886
epoch 012 | step 0720 | total = 5.8250 | box = 0.7894 | obj = 1.8299 | cls = 0.0478 | lr = 0.000886
epoch 012 | step 0740 | total = 5.2226 | box = 0.7050 | obj = 1.6551 | cls = 0.0425 | lr = 0.000886
epoch 012 | step 0760 | total = 4.7059 | box = 0.6120 | obj = 1.6041 | cls = 0.0420 | lr = 0.000886
epoch 012 | step 0780 | total = 5.2913 | box = 0.7211 | obj = 1.6462 | cls = 0.0396 | lr = 0.000886
epoch 012 | step 0800 | total = 4.7761 | box = 0.6378 | obj = 1.5464 | cls = 0.0408 | lr = 0.000886
epoch 012 | step 0820 | total = 5.4690 | box = 0.7405 | obj = 1.7236 | cls = 0.0428 | lr = 0.000886
epoch 012 | step 0840 | total = 4.2830 | box = 0.5368 | obj = 1.5436 | cls = 0.0555 | lr = 0.000886
epoch 012 | step 0860 | total = 4.8420 | box = 0.6323 | obj = 1.6316 | cls = 0.0490 | lr = 0.000886
epoch 012 | step 0880 | total = 5.4965 | box = 0.7305 | obj = 1.7980 | cls = 0.0462 | lr = 0.000886
epoch 012 | step 0900 | total = 5.3942 | box = 0.7375 | obj = 1.6574 | cls = 0.0492 | lr = 0.000886
epoch 012 | step 0920 | total = 4.7311 | box = 0.6353 | obj = 1.5059 | cls = 0.0485 | lr = 0.000886
[epoch 012 train] total = 5.0649 | box = 0.6813 | obj = 1.6127 | cls = 0.0458 | steps = 925 | global_batches = 7400 | samples = 118288 | time = 803.9s
[epoch 012 val] total = 5.0982 | box = 0.6865 | obj = 1.6206 | cls = 0.0450 | steps = 40 | global_batches = 320 | samples = 5000 | time = 22.1s
epoch 013 | step 0001 | total = 5.8983 | box = 0.8437 | obj = 1.6426 | cls = 0.0372 | lr = 0.000866
epoch 013 | step 0020 | total = 5.9472 | box = 0.8094 | obj = 1.8489 | cls = 0.0511 | lr = 0.000866
epoch 013 | step 0040 | total = 4.8059 | box = 0.6252 | obj = 1.6406 | cls = 0.0394 | lr = 0.000866
epoch 013 | step 0060 | total = 4.5670 | box = 0.5937 | obj = 1.5608 | cls = 0.0378 | lr = 0.000866
epoch 013 | step 0080 | total = 4.6755 | box = 0.6361 | obj = 1.4580 | cls = 0.0372 | lr = 0.000866
epoch 013 | step 0100 | total = 4.6995 | box = 0.6357 | obj = 1.4838 | cls = 0.0372 | lr = 0.000866
epoch 013 | step 0120 | total = 5.3207 | box = 0.7380 | obj = 1.5878 | cls = 0.0431 | lr = 0.000866
epoch 013 | step 0140 | total = 4.1314 | box = 0.5125 | obj = 1.5203 | cls = 0.0487 | lr = 0.000866
epoch 013 | step 0160 | total = 4.7439 | box = 0.6235 | obj = 1.5871 | cls = 0.0391 | lr = 0.000866
epoch 013 | step 0180 | total = 5.2427 | box = 0.7121 | obj = 1.6358 | cls = 0.0462 | lr = 0.000866
epoch 013 | step 0200 | total = 4.8172 | box = 0.6386 | obj = 1.5669 | cls = 0.0571 | lr = 0.000866
epoch 013 | step 0220 | total = 6.0831 | box = 0.8479 | obj = 1.8070 | cls = 0.0367 | lr = 0.000866
epoch 013 | step 0240 | total = 5.4134 | box = 0.7469 | obj = 1.6323 | cls = 0.0468 | lr = 0.000866
epoch 013 | step 0260 | total = 5.7542 | box = 0.8163 | obj = 1.6337 | cls = 0.0389 | lr = 0.000866
epoch 013 | step 0280 | total = 5.2020 | box = 0.7017 | obj = 1.6512 | cls = 0.0423 | lr = 0.000866
epoch 013 | step 0300 | total = 5.4221 | box = 0.7767 | obj = 1.4920 | cls = 0.0468 | lr = 0.000866
epoch 013 | step 0320 | total = 4.7064 | box = 0.5671 | obj = 1.8225 | cls = 0.0485 | lr = 0.000866
epoch 013 | step 0340 | total = 5.1508 | box = 0.6794 | obj = 1.7023 | cls = 0.0516 | lr = 0.000866
epoch 013 | step 0360 | total = 4.6568 | box = 0.6179 | obj = 1.5252 | cls = 0.0420 | lr = 0.000866
epoch 013 | step 0380 | total = 5.0218 | box = 0.6567 | obj = 1.6900 | cls = 0.0483 | lr = 0.000866
epoch 013 | step 0400 | total = 5.3713 | box = 0.7436 | obj = 1.6055 | cls = 0.0480 | lr = 0.000866
epoch 013 | step 0420 | total = 4.7297 | box = 0.6196 | obj = 1.5851 | cls = 0.0468 | lr = 0.000866
epoch 013 | step 0440 | total = 5.1104 | box = 0.6941 | obj = 1.6013 | cls = 0.0386 | lr = 0.000866
epoch 013 | step 0460 | total = 4.4378 | box = 0.5793 | obj = 1.4902 | cls = 0.0512 | lr = 0.000866
epoch 013 | step 0480 | total = 4.9553 | box = 0.6815 | obj = 1.5050 | cls = 0.0431 | lr = 0.000866
epoch 013 | step 0500 | total = 5.1188 | box = 0.6929 | obj = 1.6173 | cls = 0.0371 | lr = 0.000866
epoch 013 | step 0520 | total = 4.5414 | box = 0.6119 | obj = 1.4397 | cls = 0.0422 | lr = 0.000866
epoch 013 | step 0540 | total = 4.0405 | box = 0.4887 | obj = 1.5569 | cls = 0.0404 | lr = 0.000866
epoch 013 | step 0560 | total = 4.9843 | box = 0.6946 | obj = 1.4735 | cls = 0.0380 | lr = 0.000866
epoch 013 | step 0580 | total = 5.2426 | box = 0.7247 | obj = 1.5757 | cls = 0.0435 | lr = 0.000866
epoch 013 | step 0600 | total = 4.3882 | box = 0.5705 | obj = 1.4974 | cls = 0.0382 | lr = 0.000866
epoch 013 | step 0620 | total = 4.8911 | box = 0.6525 | obj = 1.5819 | cls = 0.0469 | lr = 0.000866
epoch 013 | step 0640 | total = 4.7232 | box = 0.6137 | obj = 1.6132 | cls = 0.0417 | lr = 0.000866
epoch 013 | step 0660 | total = 4.4830 | box = 0.5681 | obj = 1.5993 | cls = 0.0429 | lr = 0.000866
epoch 013 | step 0680 | total = 4.8865 | box = 0.6598 | obj = 1.5480 | cls = 0.0397 | lr = 0.000866
epoch 013 | step 0700 | total = 4.2442 | box = 0.5275 | obj = 1.5623 | cls = 0.0443 | lr = 0.000866
epoch 013 | step 0720 | total = 5.1300 | box = 0.7025 | obj = 1.5746 | cls = 0.0430 | lr = 0.000866
epoch 013 | step 0740 | total = 4.9497 | box = 0.6457 | obj = 1.6764 | cls = 0.0449 | lr = 0.000866
epoch 013 | step 0760 | total = 5.4606 | box = 0.7291 | obj = 1.7718 | cls = 0.0433 | lr = 0.000866
epoch 013 | step 0780 | total = 5.3217 | box = 0.7333 | obj = 1.6071 | cls = 0.0480 | lr = 0.000866
epoch 013 | step 0800 | total = 5.7122 | box = 0.7867 | obj = 1.7319 | cls = 0.0468 | lr = 0.000866
epoch 013 | step 0820 | total = 4.6286 | box = 0.5958 | obj = 1.6137 | cls = 0.0360 | lr = 0.000866
epoch 013 | step 0840 | total = 4.9994 | box = 0.6505 | obj = 1.6962 | cls = 0.0508 | lr = 0.000866
epoch 013 | step 0860 | total = 4.6967 | box = 0.6049 | obj = 1.6125 | cls = 0.0596 | lr = 0.000866
epoch 013 | step 0880 | total = 5.5065 | box = 0.7254 | obj = 1.8293 | cls = 0.0501 | lr = 0.000866
epoch 013 | step 0900 | total = 4.7797 | box = 0.6152 | obj = 1.6485 | cls = 0.0554 | lr = 0.000866
epoch 013 | step 0920 | total = 5.2644 | box = 0.7086 | obj = 1.6799 | cls = 0.0416 | lr = 0.000866
[epoch 013 train] total = 5.0067 | box = 0.6725 | obj = 1.5990 | cls = 0.0452 | steps = 925 | global_batches = 7400 | samples = 118288 | time = 803.4s
[epoch 013 val] total = 5.1155 | box = 0.6866 | obj = 1.6364 | cls = 0.0459 | steps = 40 | global_batches = 320 | samples = 5000 | time = 22.9s
epoch 014 | step 0001 | total = 4.9897 | box = 0.6666 | obj = 1.6088 | cls = 0.0480 | lr = 0.000844
epoch 014 | step 0020 | total = 4.8997 | box = 0.6280 | obj = 1.7102 | cls = 0.0496 | lr = 0.000844
epoch 014 | step 0040 | total = 4.9785 | box = 0.6629 | obj = 1.6139 | cls = 0.0502 | lr = 0.000844
epoch 014 | step 0060 | total = 5.2436 | box = 0.7310 | obj = 1.5438 | cls = 0.0446 | lr = 0.000844
epoch 014 | step 0080 | total = 4.5911 | box = 0.6070 | obj = 1.5192 | cls = 0.0367 | lr = 0.000844
epoch 014 | step 0100 | total = 4.2890 | box = 0.5392 | obj = 1.5431 | cls = 0.0499 | lr = 0.000844
epoch 014 | step 0120 | total = 5.3511 | box = 0.7513 | obj = 1.5522 | cls = 0.0424 | lr = 0.000844
epoch 014 | step 0140 | total = 6.2906 | box = 0.9366 | obj = 1.5653 | cls = 0.0425 | lr = 0.000844
epoch 014 | step 0160 | total = 5.4240 | box = 0.7777 | obj = 1.4959 | cls = 0.0395 | lr = 0.000844
epoch 014 | step 0180 | total = 5.3279 | box = 0.7548 | obj = 1.5148 | cls = 0.0389 | lr = 0.000844
epoch 014 | step 0200 | total = 5.1311 | box = 0.7190 | obj = 1.4950 | cls = 0.0411 | lr = 0.000844
epoch 014 | step 0220 | total = 5.6107 | box = 0.7970 | obj = 1.5869 | cls = 0.0390 | lr = 0.000844
epoch 014 | step 0240 | total = 5.1371 | box = 0.7087 | obj = 1.5492 | cls = 0.0443 | lr = 0.000844
epoch 014 | step 0260 | total = 3.8276 | box = 0.4658 | obj = 1.4440 | cls = 0.0545 | lr = 0.000844
epoch 014 | step 0280 | total = 5.0829 | box = 0.6951 | obj = 1.5666 | cls = 0.0409 | lr = 0.000844
epoch 014 | step 0300 | total = 6.0398 | box = 0.8552 | obj = 1.7126 | cls = 0.0512 | lr = 0.000844
epoch 014 | step 0320 | total = 4.1209 | box = 0.4985 | obj = 1.5600 | cls = 0.0683 | lr = 0.000844
epoch 014 | step 0340 | total = 5.4282 | box = 0.6983 | obj = 1.8860 | cls = 0.0508 | lr = 0.000844
epoch 014 | step 0360 | total = 6.0751 | box = 0.8869 | obj = 1.5997 | cls = 0.0408 | lr = 0.000844
epoch 014 | step 0380 | total = 4.1276 | box = 0.5248 | obj = 1.4519 | cls = 0.0518 | lr = 0.000844
epoch 014 | step 0400 | total = 5.3814 | box = 0.7078 | obj = 1.7970 | cls = 0.0452 | lr = 0.000844
epoch 014 | step 0420 | total = 5.1596 | box = 0.7053 | obj = 1.5892 | cls = 0.0440 | lr = 0.000844
epoch 014 | step 0440 | total = 5.1818 | box = 0.7337 | obj = 1.4777 | cls = 0.0355 | lr = 0.000844
epoch 014 | step 0460 | total = 4.9172 | box = 0.6528 | obj = 1.6081 | cls = 0.0450 | lr = 0.000844
epoch 014 | step 0480 | total = 4.6264 | box = 0.6202 | obj = 1.4809 | cls = 0.0447 | lr = 0.000844
epoch 014 | step 0500 | total = 4.9264 | box = 0.6628 | obj = 1.5660 | cls = 0.0465 | lr = 0.000844
epoch 014 | step 0520 | total = 5.5307 | box = 0.7845 | obj = 1.5680 | cls = 0.0404 | lr = 0.000844
epoch 014 | step 0540 | total = 5.0025 | box = 0.6667 | obj = 1.6230 | cls = 0.0460 | lr = 0.000844
epoch 014 | step 0560 | total = 5.5254 | box = 0.7776 | obj = 1.5960 | cls = 0.0412 | lr = 0.000844
epoch 014 | step 0580 | total = 4.8766 | box = 0.6522 | obj = 1.5707 | cls = 0.0448 | lr = 0.000844
epoch 014 | step 0600 | total = 4.8456 | box = 0.6290 | obj = 1.6592 | cls = 0.0415 | lr = 0.000844
epoch 014 | step 0620 | total = 4.7008 | box = 0.6217 | obj = 1.5503 | cls = 0.0420 | lr = 0.000844
epoch 014 | step 0640 | total = 4.2984 | box = 0.5176 | obj = 1.6402 | cls = 0.0701 | lr = 0.000844
epoch 014 | step 0660 | total = 4.8923 | box = 0.6536 | obj = 1.5805 | cls = 0.0440 | lr = 0.000844
epoch 014 | step 0680 | total = 5.7604 | box = 0.8325 | obj = 1.5572 | cls = 0.0408 | lr = 0.000844
epoch 014 | step 0700 | total = 5.7609 | box = 0.8255 | obj = 1.5925 | cls = 0.0411 | lr = 0.000844
epoch 014 | step 0720 | total = 4.3905 | box = 0.5783 | obj = 1.4578 | cls = 0.0412 | lr = 0.000844
epoch 014 | step 0740 | total = 5.3505 | box = 0.7655 | obj = 1.4774 | cls = 0.0458 | lr = 0.000844
epoch 014 | step 0760 | total = 4.8646 | box = 0.6577 | obj = 1.5341 | cls = 0.0419 | lr = 0.000844
epoch 014 | step 0780 | total = 4.8516 | box = 0.6221 | obj = 1.6959 | cls = 0.0451 | lr = 0.000844
epoch 014 | step 0800 | total = 5.4986 | box = 0.7845 | obj = 1.5376 | cls = 0.0386 | lr = 0.000844
epoch 014 | step 0820 | total = 4.9333 | box = 0.6556 | obj = 1.6059 | cls = 0.0496 | lr = 0.000844
epoch 014 | step 0840 | total = 5.5872 | box = 0.7956 | obj = 1.5710 | cls = 0.0381 | lr = 0.000844
epoch 014 | step 0860 | total = 5.3713 | box = 0.7614 | obj = 1.5222 | cls = 0.0418 | lr = 0.000844
epoch 014 | step 0880 | total = 5.6572 | box = 0.8242 | obj = 1.4952 | cls = 0.0409 | lr = 0.000844
epoch 014 | step 0900 | total = 5.2417 | box = 0.6912 | obj = 1.7437 | cls = 0.0421 | lr = 0.000844
epoch 014 | step 0920 | total = 5.5801 | box = 0.7877 | obj = 1.5951 | cls = 0.0467 | lr = 0.000844
[epoch 014 train] total = 4.9641 | box = 0.6660 | obj = 1.5892 | cls = 0.0448 | steps = 925 | global_batches = 7400 | samples = 118288 | time = 803.8s
[epoch 014 val] total = 5.0348 | box = 0.6749 | obj = 1.6154 | cls = 0.0447 | steps = 40 | global_batches = 320 | samples = 5000 | time = 22.6s
epoch 015 | step 0001 | total = 4.6674 | box = 0.6051 | obj = 1.5945 | cls = 0.0472 | lr = 0.000821
epoch 015 | step 0020 | total = 5.0605 | box = 0.6541 | obj = 1.7434 | cls = 0.0468 | lr = 0.000821
epoch 015 | step 0040 | total = 5.4350 | box = 0.7370 | obj = 1.7038 | cls = 0.0463 | lr = 0.000821
epoch 015 | step 0060 | total = 4.7616 | box = 0.6295 | obj = 1.5739 | cls = 0.0400 | lr = 0.000821
epoch 015 | step 0080 | total = 4.6435 | box = 0.6058 | obj = 1.5788 | cls = 0.0359 | lr = 0.000821
epoch 015 | step 0100 | total = 5.4014 | box = 0.7543 | obj = 1.5804 | cls = 0.0495 | lr = 0.000821
epoch 015 | step 0120 | total = 5.0174 | box = 0.6789 | obj = 1.5708 | cls = 0.0521 | lr = 0.000821
epoch 015 | step 0140 | total = 4.8351 | box = 0.6451 | obj = 1.5737 | cls = 0.0356 | lr = 0.000821
epoch 015 | step 0160 | total = 4.6689 | box = 0.6354 | obj = 1.4550 | cls = 0.0370 | lr = 0.000821
epoch 015 | step 0180 | total = 4.8994 | box = 0.6389 | obj = 1.6501 | cls = 0.0545 | lr = 0.000821
epoch 015 | step 0200 | total = 5.6725 | box = 0.7907 | obj = 1.6742 | cls = 0.0447 | lr = 0.000821
epoch 015 | step 0220 | total = 5.2792 | box = 0.7124 | obj = 1.6682 | cls = 0.0490 | lr = 0.000821
epoch 015 | step 0240 | total = 4.7224 | box = 0.6256 | obj = 1.5524 | cls = 0.0420 | lr = 0.000821
epoch 015 | step 0260 | total = 4.5271 | box = 0.5994 | obj = 1.4836 | cls = 0.0463 | lr = 0.000821
epoch 015 | step 0280 | total = 3.9440 | box = 0.4610 | obj = 1.5773 | cls = 0.0617 | lr = 0.000821
epoch 015 | step 0300 | total = 6.0044 | box = 0.8658 | obj = 1.6292 | cls = 0.0462 | lr = 0.000821
epoch 015 | step 0320 | total = 5.3936 | box = 0.7673 | obj = 1.5098 | cls = 0.0474 | lr = 0.000821
epoch 015 | step 0340 | total = 4.8176 | box = 0.6357 | obj = 1.5919 | cls = 0.0473 | lr = 0.000821
epoch 015 | step 0360 | total = 4.9079 | box = 0.6707 | obj = 1.5129 | cls = 0.0416 | lr = 0.000821
epoch 015 | step 0380 | total = 5.2229 | box = 0.7032 | obj = 1.6596 | cls = 0.0472 | lr = 0.000821
epoch 015 | step 0400 | total = 4.9720 | box = 0.6908 | obj = 1.4726 | cls = 0.0456 | lr = 0.000821
epoch 015 | step 0420 | total = 4.4937 | box = 0.5556 | obj = 1.6726 | cls = 0.0429 | lr = 0.000821
epoch 015 | step 0440 | total = 4.7122 | box = 0.5939 | obj = 1.6884 | cls = 0.0542 | lr = 0.000821
epoch 015 | step 0460 | total = 5.6473 | box = 0.7867 | obj = 1.6679 | cls = 0.0461 | lr = 0.000821
epoch 015 | step 0480 | total = 4.9326 | box = 0.6490 | obj = 1.6422 | cls = 0.0452 | lr = 0.000821
epoch 015 | step 0500 | total = 5.6321 | box = 0.7742 | obj = 1.7140 | cls = 0.0472 | lr = 0.000821
epoch 015 | step 0520 | total = 5.3481 | box = 0.7496 | obj = 1.5630 | cls = 0.0370 | lr = 0.000821
epoch 015 | step 0540 | total = 6.0928 | box = 0.8703 | obj = 1.6884 | cls = 0.0527 | lr = 0.000821
epoch 015 | step 0560 | total = 4.3359 | box = 0.5445 | obj = 1.5638 | cls = 0.0495 | lr = 0.000821
epoch 015 | step 0580 | total = 4.6195 | box = 0.6280 | obj = 1.4343 | cls = 0.0451 | lr = 0.000821
epoch 015 | step 0600 | total = 4.6409 | box = 0.6045 | obj = 1.5673 | cls = 0.0510 | lr = 0.000821
epoch 015 | step 0620 | total = 5.2877 | box = 0.7095 | obj = 1.6930 | cls = 0.0472 | lr = 0.000821
epoch 015 | step 0640 | total = 4.2136 | box = 0.5083 | obj = 1.6212 | cls = 0.0508 | lr = 0.000821
epoch 015 | step 0660 | total = 4.2714 | box = 0.5368 | obj = 1.5383 | cls = 0.0490 | lr = 0.000821
epoch 015 | step 0680 | total = 4.1283 | box = 0.5258 | obj = 1.4524 | cls = 0.0468 | lr = 0.000821
epoch 015 | step 0700 | total = 4.8489 | box = 0.6186 | obj = 1.7128 | cls = 0.0431 | lr = 0.000821
epoch 015 | step 0720 | total = 5.6087 | box = 0.7603 | obj = 1.7680 | cls = 0.0392 | lr = 0.000821
epoch 015 | step 0740 | total = 4.4811 | box = 0.5681 | obj = 1.5948 | cls = 0.0457 | lr = 0.000821
epoch 015 | step 0760 | total = 4.7565 | box = 0.6337 | obj = 1.5478 | cls = 0.0403 | lr = 0.000821
epoch 015 | step 0780 | total = 4.8127 | box = 0.6215 | obj = 1.6580 | cls = 0.0471 | lr = 0.000821
epoch 015 | step 0800 | total = 5.3053 | box = 0.6941 | obj = 1.7898 | cls = 0.0453 | lr = 0.000821
epoch 015 | step 0820 | total = 5.2647 | box = 0.7569 | obj = 1.4443 | cls = 0.0358 | lr = 0.000821
epoch 015 | step 0840 | total = 4.6165 | box = 0.5665 | obj = 1.7238 | cls = 0.0602 | lr = 0.000821
epoch 015 | step 0860 | total = 4.6213 | box = 0.6095 | obj = 1.5152 | cls = 0.0586 | lr = 0.000821
epoch 015 | step 0880 | total = 4.4774 | box = 0.5764 | obj = 1.5418 | cls = 0.0536 | lr = 0.000821
epoch 015 | step 0900 | total = 4.8490 | box = 0.6516 | obj = 1.5528 | cls = 0.0380 | lr = 0.000821
epoch 015 | step 0920 | total = 5.0754 | box = 0.6815 | obj = 1.6256 | cls = 0.0425 | lr = 0.000821
[epoch 015 train] total = 4.9092 | box = 0.6578 | obj = 1.5760 | cls = 0.0441 | steps = 925 | global_batches = 7400 | samples = 118288 | time = 802.4s
[epoch 015 val] total = 4.9478 | box = 0.6627 | obj = 1.5902 | cls = 0.0443 | steps = 40 | global_batches = 320 | samples = 5000 | time = 22.9s
epoch 016 | step 0001 | total = 5.2871 | box = 0.7463 | obj = 1.5129 | cls = 0.0426 | lr = 0.000796
epoch 016 | step 0020 | total = 5.2852 | box = 0.7398 | obj = 1.5502 | cls = 0.0362 | lr = 0.000796
epoch 016 | step 0040 | total = 5.4660 | box = 0.7597 | obj = 1.6225 | cls = 0.0447 | lr = 0.000796
epoch 016 | step 0060 | total = 4.9014 | box = 0.6770 | obj = 1.4708 | cls = 0.0458 | lr = 0.000796
epoch 016 | step 0080 | total = 5.1677 | box = 0.7468 | obj = 1.3928 | cls = 0.0407 | lr = 0.000796
epoch 016 | step 0100 | total = 4.8238 | box = 0.6393 | obj = 1.5849 | cls = 0.0424 | lr = 0.000796
epoch 016 | step 0120 | total = 4.9996 | box = 0.6717 | obj = 1.5949 | cls = 0.0459 | lr = 0.000796
epoch 016 | step 0140 | total = 5.4631 | box = 0.7617 | obj = 1.6128 | cls = 0.0418 | lr = 0.000796
epoch 016 | step 0160 | total = 5.3635 | box = 0.7593 | obj = 1.5284 | cls = 0.0388 | lr = 0.000796
epoch 016 | step 0180 | total = 4.4447 | box = 0.5777 | obj = 1.5121 | cls = 0.0443 | lr = 0.000796
epoch 016 | step 0200 | total = 5.1140 | box = 0.6907 | obj = 1.6076 | cls = 0.0532 | lr = 0.000796
epoch 016 | step 0220 | total = 4.9798 | box = 0.6751 | obj = 1.5621 | cls = 0.0424 | lr = 0.000796
epoch 016 | step 0240 | total = 5.7078 | box = 0.8110 | obj = 1.6208 | cls = 0.0322 | lr = 0.000796
epoch 016 | step 0260 | total = 4.1867 | box = 0.5456 | obj = 1.4212 | cls = 0.0374 | lr = 0.000796
epoch 016 | step 0280 | total = 4.9914 | box = 0.6875 | obj = 1.5156 | cls = 0.0386 | lr = 0.000796
epoch 016 | step 0300 | total = 4.7394 | box = 0.6207 | obj = 1.5944 | cls = 0.0417 | lr = 0.000796
epoch 016 | step 0320 | total = 4.8286 | box = 0.6547 | obj = 1.5126 | cls = 0.0423 | lr = 0.000796
epoch 016 | step 0340 | total = 4.9042 | box = 0.6426 | obj = 1.6487 | cls = 0.0423 | lr = 0.000796
epoch 016 | step 0360 | total = 5.3793 | box = 0.7600 | obj = 1.5413 | cls = 0.0380 | lr = 0.000796
epoch 016 | step 0380 | total = 4.4045 | box = 0.5711 | obj = 1.5004 | cls = 0.0485 | lr = 0.000796
epoch 016 | step 0400 | total = 4.2785 | box = 0.5333 | obj = 1.5625 | cls = 0.0495 | lr = 0.000796
epoch 016 | step 0420 | total = 5.3339 | box = 0.7402 | obj = 1.5914 | cls = 0.0414 | lr = 0.000796
epoch 016 | step 0440 | total = 5.0517 | box = 0.6723 | obj = 1.6461 | cls = 0.0441 | lr = 0.000796
epoch 016 | step 0460 | total = 5.1815 | box = 0.7018 | obj = 1.6296 | cls = 0.0431 | lr = 0.000796
epoch 016 | step 0480 | total = 5.5763 | box = 0.7649 | obj = 1.7109 | cls = 0.0408 | lr = 0.000796
epoch 016 | step 0500 | total = 4.6666 | box = 0.6010 | obj = 1.6155 | cls = 0.0459 | lr = 0.000796
epoch 016 | step 0520 | total = 4.1613 | box = 0.5088 | obj = 1.5673 | cls = 0.0501 | lr = 0.000796
epoch 016 | step 0540 | total = 5.1299 | box = 0.6833 | obj = 1.6761 | cls = 0.0374 | lr = 0.000796
epoch 016 | step 0560 | total = 5.8730 | box = 0.8564 | obj = 1.5559 | cls = 0.0349 | lr = 0.000796
epoch 016 | step 0580 | total = 4.4015 | box = 0.5604 | obj = 1.5482 | cls = 0.0513 | lr = 0.000796
epoch 016 | step 0600 | total = 4.6717 | box = 0.5994 | obj = 1.6325 | cls = 0.0423 | lr = 0.000796
epoch 016 | step 0620 | total = 4.8965 | box = 0.6681 | obj = 1.5205 | cls = 0.0353 | lr = 0.000796
epoch 016 | step 0640 | total = 5.1596 | box = 0.7126 | obj = 1.5570 | cls = 0.0396 | lr = 0.000796
epoch 016 | step 0660 | total = 4.6271 | box = 0.6122 | obj = 1.5297 | cls = 0.0362 | lr = 0.000796
epoch 016 | step 0680 | total = 4.5887 | box = 0.5466 | obj = 1.8032 | cls = 0.0527 | lr = 0.000796
epoch 016 | step 0700 | total = 4.8635 | box = 0.6243 | obj = 1.6989 | cls = 0.0429 | lr = 0.000796
epoch 016 | step 0720 | total = 4.9632 | box = 0.6543 | obj = 1.6484 | cls = 0.0434 | lr = 0.000796
epoch 016 | step 0740 | total = 4.4962 | box = 0.5856 | obj = 1.5284 | cls = 0.0399 | lr = 0.000796
epoch 016 | step 0760 | total = 5.1661 | box = 0.7006 | obj = 1.6218 | cls = 0.0415 | lr = 0.000796
epoch 016 | step 0780 | total = 5.3773 | box = 0.7484 | obj = 1.5908 | cls = 0.0445 | lr = 0.000796
epoch 016 | step 0800 | total = 4.6963 | box = 0.5964 | obj = 1.6656 | cls = 0.0488 | lr = 0.000796
epoch 016 | step 0820 | total = 4.2772 | box = 0.5528 | obj = 1.4722 | cls = 0.0411 | lr = 0.000796
epoch 016 | step 0840 | total = 4.3473 | box = 0.5610 | obj = 1.4942 | cls = 0.0480 | lr = 0.000796
epoch 016 | step 0860 | total = 4.3008 | box = 0.5474 | obj = 1.5203 | cls = 0.0437 | lr = 0.000796
epoch 016 | step 0880 | total = 4.9342 | box = 0.6779 | obj = 1.4945 | cls = 0.0501 | lr = 0.000796
epoch 016 | step 0900 | total = 4.9952 | box = 0.6721 | obj = 1.5928 | cls = 0.0418 | lr = 0.000796
epoch 016 | step 0920 | total = 5.6672 | box = 0.7911 | obj = 1.6634 | cls = 0.0485 | lr = 0.000796
[epoch 016 train] total = 4.8631 | box = 0.6506 | obj = 1.5665 | cls = 0.0438 | steps = 925 | global_batches = 7400 | samples = 118288 | time = 802.5s
[epoch 016 val] total = 4.9216 | box = 0.6603 | obj = 1.5759 | cls = 0.0443 | steps = 40 | global_batches = 320 | samples = 5000 | time = 22.5s
epoch 017 | step 0001 | total = 4.4689 | box = 0.5575 | obj = 1.6279 | cls = 0.0533 | lr = 0.000770
epoch 017 | step 0020 | total = 4.3916 | box = 0.5606 | obj = 1.5393 | cls = 0.0491 | lr = 0.000770
epoch 017 | step 0040 | total = 3.7530 | box = 0.4690 | obj = 1.3634 | cls = 0.0445 | lr = 0.000770
epoch 017 | step 0060 | total = 5.0599 | box = 0.6897 | obj = 1.5684 | cls = 0.0428 | lr = 0.000770
epoch 017 | step 0080 | total = 4.6979 | box = 0.6186 | obj = 1.5621 | cls = 0.0428 | lr = 0.000770
epoch 017 | step 0100 | total = 5.1937 | box = 0.7227 | obj = 1.5340 | cls = 0.0462 | lr = 0.000770
epoch 017 | step 0120 | total = 4.0322 | box = 0.5196 | obj = 1.3906 | cls = 0.0435 | lr = 0.000770
epoch 017 | step 0140 | total = 5.2554 | box = 0.7148 | obj = 1.6368 | cls = 0.0447 | lr = 0.000770
epoch 017 | step 0160 | total = 5.6718 | box = 0.7976 | obj = 1.6494 | cls = 0.0346 | lr = 0.000770
epoch 017 | step 0180 | total = 5.1036 | box = 0.6951 | obj = 1.5877 | cls = 0.0403 | lr = 0.000770
epoch 017 | step 0200 | total = 4.9229 | box = 0.6859 | obj = 1.4559 | cls = 0.0378 | lr = 0.000770
epoch 017 | step 0220 | total = 5.1598 | box = 0.7181 | obj = 1.5288 | cls = 0.0403 | lr = 0.000770
epoch 017 | step 0240 | total = 5.3208 | box = 0.7397 | obj = 1.5780 | cls = 0.0440 | lr = 0.000770
epoch 017 | step 0260 | total = 5.2943 | box = 0.7536 | obj = 1.4927 | cls = 0.0339 | lr = 0.000770
epoch 017 | step 0280 | total = 4.7930 | box = 0.6476 | obj = 1.5144 | cls = 0.0408 | lr = 0.000770
epoch 017 | step 0300 | total = 4.7060 | box = 0.6362 | obj = 1.4840 | cls = 0.0409 | lr = 0.000770
epoch 017 | step 0320 | total = 4.5414 | box = 0.5729 | obj = 1.6340 | cls = 0.0429 | lr = 0.000770
epoch 017 | step 0340 | total = 4.3760 | box = 0.5593 | obj = 1.5381 | cls = 0.0416 | lr = 0.000770
epoch 017 | step 0360 | total = 4.5514 | box = 0.6191 | obj = 1.4202 | cls = 0.0359 | lr = 0.000770
epoch 017 | step 0380 | total = 4.5750 | box = 0.6066 | obj = 1.4859 | cls = 0.0562 | lr = 0.000770
epoch 017 | step 0400 | total = 4.8898 | box = 0.6394 | obj = 1.6370 | cls = 0.0560 | lr = 0.000770
epoch 017 | step 0420 | total = 3.5006 | box = 0.4014 | obj = 1.4475 | cls = 0.0462 | lr = 0.000770
epoch 017 | step 0440 | total = 3.9214 | box = 0.4433 | obj = 1.6485 | cls = 0.0566 | lr = 0.000770
epoch 017 | step 0460 | total = 5.5371 | box = 0.8063 | obj = 1.4732 | cls = 0.0324 | lr = 0.000770
epoch 017 | step 0480 | total = 4.5905 | box = 0.5894 | obj = 1.6001 | cls = 0.0431 | lr = 0.000770
epoch 017 | step 0500 | total = 4.5533 | box = 0.5928 | obj = 1.5422 | cls = 0.0470 | lr = 0.000770
epoch 017 | step 0520 | total = 5.0363 | box = 0.6823 | obj = 1.5825 | cls = 0.0421 | lr = 0.000770
epoch 017 | step 0540 | total = 4.4878 | box = 0.5693 | obj = 1.5868 | cls = 0.0545 | lr = 0.000770
epoch 017 | step 0560 | total = 4.7850 | box = 0.6459 | obj = 1.5120 | cls = 0.0437 | lr = 0.000770
epoch 017 | step 0580 | total = 4.8891 | box = 0.6650 | obj = 1.5174 | cls = 0.0466 | lr = 0.000770
epoch 017 | step 0600 | total = 4.8923 | box = 0.6741 | obj = 1.4823 | cls = 0.0395 | lr = 0.000770
epoch 017 | step 0620 | total = 4.8099 | box = 0.6370 | obj = 1.5824 | cls = 0.0426 | lr = 0.000770
epoch 017 | step 0640 | total = 5.3930 | box = 0.7459 | obj = 1.6266 | cls = 0.0368 | lr = 0.000770
epoch 017 | step 0660 | total = 4.8007 | box = 0.6326 | obj = 1.5951 | cls = 0.0426 | lr = 0.000770
epoch 017 | step 0680 | total = 4.4756 | box = 0.5554 | obj = 1.6449 | cls = 0.0539 | lr = 0.000770
epoch 017 | step 0700 | total = 4.8913 | box = 0.6743 | obj = 1.4744 | cls = 0.0452 | lr = 0.000770
epoch 017 | step 0720 | total = 5.0004 | box = 0.6857 | obj = 1.5282 | cls = 0.0438 | lr = 0.000770
epoch 017 | step 0740 | total = 4.9845 | box = 0.6777 | obj = 1.5579 | cls = 0.0379 | lr = 0.000770
epoch 017 | step 0760 | total = 4.8968 | box = 0.6251 | obj = 1.7224 | cls = 0.0487 | lr = 0.000770
epoch 017 | step 0780 | total = 4.0747 | box = 0.5245 | obj = 1.4041 | cls = 0.0481 | lr = 0.000770
epoch 017 | step 0800 | total = 4.7363 | box = 0.6288 | obj = 1.5489 | cls = 0.0432 | lr = 0.000770
epoch 017 | step 0820 | total = 4.3024 | box = 0.5597 | obj = 1.4682 | cls = 0.0359 | lr = 0.000770
epoch 017 | step 0840 | total = 4.3233 | box = 0.5569 | obj = 1.4997 | cls = 0.0392 | lr = 0.000770
epoch 017 | step 0860 | total = 4.9734 | box = 0.6701 | obj = 1.5820 | cls = 0.0407 | lr = 0.000770
epoch 017 | step 0880 | total = 4.9367 | box = 0.6410 | obj = 1.6879 | cls = 0.0437 | lr = 0.000770
epoch 017 | step 0900 | total = 4.1719 | box = 0.5340 | obj = 1.4643 | cls = 0.0377 | lr = 0.000770
epoch 017 | step 0920 | total = 4.7865 | box = 0.5897 | obj = 1.7967 | cls = 0.0410 | lr = 0.000770
[epoch 017 train] total = 4.8192 | box = 0.6439 | obj = 1.5565 | cls = 0.0434 | steps = 925 | global_batches = 7400 | samples = 118288 | time = 801.8s
[epoch 017 val] total = 4.9376 | box = 0.6637 | obj = 1.5752 | cls = 0.0437 | steps = 40 | global_batches = 320 | samples = 5000 | time = 23.2s
epoch 018 | step 0001 | total = 4.6166 | box = 0.6072 | obj = 1.5399 | cls = 0.0406 | lr = 0.000743
epoch 018 | step 0020 | total = 4.2196 | box = 0.5087 | obj = 1.6218 | cls = 0.0545 | lr = 0.000743
epoch 018 | step 0040 | total = 5.7316 | box = 0.8312 | obj = 1.5344 | cls = 0.0410 | lr = 0.000743
epoch 018 | step 0060 | total = 4.6351 | box = 0.5684 | obj = 1.7444 | cls = 0.0486 | lr = 0.000743
epoch 018 | step 0080 | total = 4.1248 | box = 0.5154 | obj = 1.5099 | cls = 0.0380 | lr = 0.000743
epoch 018 | step 0100 | total = 5.3236 | box = 0.7267 | obj = 1.6489 | cls = 0.0410 | lr = 0.000743
epoch 018 | step 0120 | total = 4.0408 | box = 0.5268 | obj = 1.3589 | cls = 0.0477 | lr = 0.000743
epoch 018 | step 0140 | total = 5.6353 | box = 0.7921 | obj = 1.6372 | cls = 0.0374 | lr = 0.000743
epoch 018 | step 0160 | total = 4.9767 | box = 0.6524 | obj = 1.6619 | cls = 0.0528 | lr = 0.000743
epoch 018 | step 0180 | total = 4.7779 | box = 0.6404 | obj = 1.5279 | cls = 0.0480 | lr = 0.000743
epoch 018 | step 0200 | total = 4.2887 | box = 0.5460 | obj = 1.5094 | cls = 0.0494 | lr = 0.000743
epoch 018 | step 0220 | total = 4.8740 | box = 0.6773 | obj = 1.4476 | cls = 0.0398 | lr = 0.000743
epoch 018 | step 0240 | total = 4.5804 | box = 0.5833 | obj = 1.6194 | cls = 0.0444 | lr = 0.000743
epoch 018 | step 0260 | total = 5.2169 | box = 0.7165 | obj = 1.5929 | cls = 0.0413 | lr = 0.000743
epoch 018 | step 0280 | total = 5.2398 | box = 0.7315 | obj = 1.5417 | cls = 0.0405 | lr = 0.000743
epoch 018 | step 0300 | total = 5.0305 | box = 0.6554 | obj = 1.7102 | cls = 0.0434 | lr = 0.000743
epoch 018 | step 0320 | total = 4.9984 | box = 0.6720 | obj = 1.6022 | cls = 0.0360 | lr = 0.000743
epoch 018 | step 0340 | total = 4.0545 | box = 0.5037 | obj = 1.4881 | cls = 0.0480 | lr = 0.000743
epoch 018 | step 0360 | total = 4.7821 | box = 0.6310 | obj = 1.5889 | cls = 0.0380 | lr = 0.000743
epoch 018 | step 0380 | total = 5.1809 | box = 0.6847 | obj = 1.7049 | cls = 0.0525 | lr = 0.000743
epoch 018 | step 0400 | total = 4.6762 | box = 0.6398 | obj = 1.4405 | cls = 0.0370 | lr = 0.000743
epoch 018 | step 0420 | total = 4.7628 | box = 0.6315 | obj = 1.5671 | cls = 0.0382 | lr = 0.000743
epoch 018 | step 0440 | total = 5.0502 | box = 0.6830 | obj = 1.5887 | cls = 0.0465 | lr = 0.000743
epoch 018 | step 0460 | total = 4.9536 | box = 0.6580 | obj = 1.6124 | cls = 0.0512 | lr = 0.000743
epoch 018 | step 0480 | total = 4.9896 | box = 0.7052 | obj = 1.4268 | cls = 0.0370 | lr = 0.000743
epoch 018 | step 0500 | total = 4.9737 | box = 0.6891 | obj = 1.4927 | cls = 0.0353 | lr = 0.000743
epoch 018 | step 0520 | total = 4.9006 | box = 0.6820 | obj = 1.4503 | cls = 0.0402 | lr = 0.000743
epoch 018 | step 0540 | total = 4.7180 | box = 0.6460 | obj = 1.4512 | cls = 0.0367 | lr = 0.000743
epoch 018 | step 0560 | total = 4.4487 | box = 0.5773 | obj = 1.5097 | cls = 0.0527 | lr = 0.000743
epoch 018 | step 0580 | total = 4.4655 | box = 0.5752 | obj = 1.5415 | cls = 0.0481 | lr = 0.000743
epoch 018 | step 0600 | total = 4.0821 | box = 0.4792 | obj = 1.6410 | cls = 0.0450 | lr = 0.000743
epoch 018 | step 0620 | total = 5.0052 | box = 0.6795 | obj = 1.5644 | cls = 0.0431 | lr = 0.000743
epoch 018 | step 0640 | total = 4.9777 | box = 0.6892 | obj = 1.4900 | cls = 0.0417 | lr = 0.000743
epoch 018 | step 0660 | total = 5.4778 | box = 0.7926 | obj = 1.4780 | cls = 0.0366 | lr = 0.000743
epoch 018 | step 0680 | total = 4.6349 | box = 0.6143 | obj = 1.5182 | cls = 0.0452 | lr = 0.000743
epoch 018 | step 0700 | total = 4.5113 | box = 0.5910 | obj = 1.5107 | cls = 0.0457 | lr = 0.000743
epoch 018 | step 0720 | total = 4.6574 | box = 0.6327 | obj = 1.4613 | cls = 0.0324 | lr = 0.000743
epoch 018 | step 0740 | total = 5.7379 | box = 0.8291 | obj = 1.5463 | cls = 0.0462 | lr = 0.000743
epoch 018 | step 0760 | total = 4.7284 | box = 0.6074 | obj = 1.6453 | cls = 0.0464 | lr = 0.000743
epoch 018 | step 0780 | total = 5.0110 | box = 0.6461 | obj = 1.7424 | cls = 0.0381 | lr = 0.000743
epoch 018 | step 0800 | total = 3.9239 | box = 0.4706 | obj = 1.5207 | cls = 0.0504 | lr = 0.000743
epoch 018 | step 0820 | total = 4.9139 | box = 0.6319 | obj = 1.7103 | cls = 0.0443 | lr = 0.000743
epoch 018 | step 0840 | total = 4.3064 | box = 0.5464 | obj = 1.5320 | cls = 0.0424 | lr = 0.000743
epoch 018 | step 0860 | total = 4.4163 | box = 0.5439 | obj = 1.6509 | cls = 0.0460 | lr = 0.000743
epoch 018 | step 0880 | total = 5.3841 | box = 0.7722 | obj = 1.4882 | cls = 0.0349 | lr = 0.000743
epoch 018 | step 0900 | total = 4.6433 | box = 0.5901 | obj = 1.6458 | cls = 0.0467 | lr = 0.000743
epoch 018 | step 0920 | total = 5.1239 | box = 0.7081 | obj = 1.5455 | cls = 0.0380 | lr = 0.000743
[epoch 018 train] total = 4.7808 | box = 0.6383 | obj = 1.5464 | cls = 0.0430 | steps = 925 | global_batches = 7400 | samples = 118288 | time = 803.1s
[epoch 018 val] total = 4.8566 | box = 0.6498 | obj = 1.5646 | cls = 0.0432 | steps = 40 | global_batches = 320 | samples = 5000 | time = 22.2s
epoch 019 | step 0001 | total = 4.4504 | box = 0.5964 | obj = 1.4312 | cls = 0.0373 | lr = 0.000716
epoch 019 | step 0020 | total = 4.1984 | box = 0.5671 | obj = 1.3187 | cls = 0.0445 | lr = 0.000716
epoch 019 | step 0040 | total = 4.1162 | box = 0.5434 | obj = 1.3530 | cls = 0.0463 | lr = 0.000716
epoch 019 | step 0060 | total = 4.6153 | box = 0.6371 | obj = 1.3906 | cls = 0.0393 | lr = 0.000716
epoch 019 | step 0080 | total = 5.0274 | box = 0.6713 | obj = 1.6331 | cls = 0.0378 | lr = 0.000716
epoch 019 | step 0100 | total = 4.0089 | box = 0.5043 | obj = 1.4419 | cls = 0.0457 | lr = 0.000716
epoch 019 | step 0120 | total = 4.8030 | box = 0.6307 | obj = 1.6002 | cls = 0.0494 | lr = 0.000716
epoch 019 | step 0140 | total = 4.8692 | box = 0.6630 | obj = 1.5168 | cls = 0.0375 | lr = 0.000716
epoch 019 | step 0160 | total = 4.9036 | box = 0.6821 | obj = 1.4600 | cls = 0.0332 | lr = 0.000716
epoch 019 | step 0180 | total = 4.6966 | box = 0.6285 | obj = 1.5132 | cls = 0.0409 | lr = 0.000716
epoch 019 | step 0200 | total = 4.9581 | box = 0.7067 | obj = 1.3878 | cls = 0.0369 | lr = 0.000716
epoch 019 | step 0220 | total = 4.9081 | box = 0.6456 | obj = 1.6357 | cls = 0.0445 | lr = 0.000716
epoch 019 | step 0240 | total = 4.6829 | box = 0.5922 | obj = 1.6776 | cls = 0.0445 | lr = 0.000716
epoch 019 | step 0260 | total = 4.6167 | box = 0.6024 | obj = 1.5638 | cls = 0.0410 | lr = 0.000716
epoch 019 | step 0280 | total = 4.9535 | box = 0.6908 | obj = 1.4568 | cls = 0.0425 | lr = 0.000716
epoch 019 | step 0300 | total = 4.2732 | box = 0.5269 | obj = 1.5943 | cls = 0.0443 | lr = 0.000716
epoch 019 | step 0320 | total = 5.5742 | box = 0.8061 | obj = 1.5015 | cls = 0.0421 | lr = 0.000716
epoch 019 | step 0340 | total = 5.1328 | box = 0.6915 | obj = 1.6357 | cls = 0.0396 | lr = 0.000716
epoch 019 | step 0360 | total = 5.2903 | box = 0.7210 | obj = 1.6439 | cls = 0.0413 | lr = 0.000716
epoch 019 | step 0380 | total = 4.2972 | box = 0.5419 | obj = 1.5436 | cls = 0.0441 | lr = 0.000716
epoch 019 | step 0400 | total = 4.3818 | box = 0.5462 | obj = 1.6028 | cls = 0.0478 | lr = 0.000716
epoch 019 | step 0420 | total = 4.2859 | box = 0.5442 | obj = 1.5158 | cls = 0.0493 | lr = 0.000716
epoch 019 | step 0440 | total = 4.2568 | box = 0.5527 | obj = 1.4508 | cls = 0.0422 | lr = 0.000716
epoch 019 | step 0460 | total = 4.4032 | box = 0.5563 | obj = 1.5725 | cls = 0.0493 | lr = 0.000716
epoch 019 | step 0480 | total = 5.6375 | box = 0.8014 | obj = 1.5923 | cls = 0.0384 | lr = 0.000716
epoch 019 | step 0500 | total = 4.0878 | box = 0.5115 | obj = 1.4924 | cls = 0.0378 | lr = 0.000716
epoch 019 | step 0520 | total = 4.9940 | box = 0.6837 | obj = 1.5347 | cls = 0.0409 | lr = 0.000716
epoch 019 | step 0540 | total = 5.0085 | box = 0.7149 | obj = 1.3947 | cls = 0.0393 | lr = 0.000716
epoch 019 | step 0560 | total = 5.0116 | box = 0.6969 | obj = 1.4910 | cls = 0.0362 | lr = 0.000716
epoch 019 | step 0580 | total = 4.1611 | box = 0.5248 | obj = 1.5030 | cls = 0.0343 | lr = 0.000716
epoch 019 | step 0600 | total = 4.7084 | box = 0.5934 | obj = 1.6841 | cls = 0.0574 | lr = 0.000716
epoch 019 | step 0620 | total = 4.6033 | box = 0.5912 | obj = 1.6041 | cls = 0.0431 | lr = 0.000716
epoch 019 | step 0640 | total = 4.4896 | box = 0.5915 | obj = 1.4973 | cls = 0.0350 | lr = 0.000716
epoch 019 | step 0660 | total = 4.3581 | box = 0.5659 | obj = 1.4673 | cls = 0.0612 | lr = 0.000716
epoch 019 | step 0680 | total = 4.4189 | box = 0.5636 | obj = 1.5601 | cls = 0.0407 | lr = 0.000716
epoch 019 | step 0700 | total = 4.9223 | box = 0.6586 | obj = 1.5872 | cls = 0.0423 | lr = 0.000716
epoch 019 | step 0720 | total = 4.3171 | box = 0.5640 | obj = 1.4467 | cls = 0.0502 | lr = 0.000716
epoch 019 | step 0740 | total = 4.3732 | box = 0.5477 | obj = 1.5928 | cls = 0.0419 | lr = 0.000716
epoch 019 | step 0760 | total = 4.3415 | box = 0.5408 | obj = 1.5889 | cls = 0.0489 | lr = 0.000716
epoch 019 | step 0780 | total = 5.2190 | box = 0.7278 | obj = 1.5402 | cls = 0.0398 | lr = 0.000716
epoch 019 | step 0800 | total = 4.5214 | box = 0.5930 | obj = 1.5180 | cls = 0.0383 | lr = 0.000716
epoch 019 | step 0820 | total = 4.4454 | box = 0.5596 | obj = 1.6031 | cls = 0.0443 | lr = 0.000716
epoch 019 | step 0840 | total = 4.8488 | box = 0.6357 | obj = 1.6153 | cls = 0.0550 | lr = 0.000716
epoch 019 | step 0860 | total = 4.7776 | box = 0.6517 | obj = 1.4793 | cls = 0.0399 | lr = 0.000716
epoch 019 | step 0880 | total = 5.6464 | box = 0.7902 | obj = 1.6458 | cls = 0.0497 | lr = 0.000716
epoch 019 | step 0900 | total = 4.3332 | box = 0.5202 | obj = 1.6853 | cls = 0.0469 | lr = 0.000716
epoch 019 | step 0920 | total = 5.0590 | box = 0.6723 | obj = 1.6531 | cls = 0.0444 | lr = 0.000716
[epoch 019 train] total = 4.7423 | box = 0.6323 | obj = 1.5380 | cls = 0.0426 | steps = 925 | global_batches = 7400 | samples = 118288 | time = 803.3s
[epoch 019 val] total = 4.8561 | box = 0.6484 | obj = 1.5705 | cls = 0.0434 | steps = 40 | global_batches = 320 | samples = 5000 | time = 22.1s
epoch 020 | step 0001 | total = 4.1153 | box = 0.5216 | obj = 1.4611 | cls = 0.0463 | lr = 0.000687
epoch 020 | step 0020 | total = 4.6969 | box = 0.6321 | obj = 1.4960 | cls = 0.0403 | lr = 0.000687
epoch 020 | step 0040 | total = 5.3699 | box = 0.7745 | obj = 1.4633 | cls = 0.0342 | lr = 0.000687
epoch 020 | step 0060 | total = 4.6875 | box = 0.6231 | obj = 1.5246 | cls = 0.0475 | lr = 0.000687
epoch 020 | step 0080 | total = 4.8399 | box = 0.6708 | obj = 1.4456 | cls = 0.0403 | lr = 0.000687
epoch 020 | step 0100 | total = 4.5445 | box = 0.5897 | obj = 1.5491 | cls = 0.0468 | lr = 0.000687
epoch 020 | step 0120 | total = 4.6108 | box = 0.5878 | obj = 1.6219 | cls = 0.0497 | lr = 0.000687
epoch 020 | step 0140 | total = 4.7982 | box = 0.5771 | obj = 1.8627 | cls = 0.0500 | lr = 0.000687
epoch 020 | step 0160 | total = 4.6241 | box = 0.6227 | obj = 1.4657 | cls = 0.0451 | lr = 0.000687
epoch 020 | step 0180 | total = 4.7912 | box = 0.6675 | obj = 1.4145 | cls = 0.0393 | lr = 0.000687
epoch 020 | step 0200 | total = 3.8193 | box = 0.4640 | obj = 1.4520 | cls = 0.0472 | lr = 0.000687
epoch 020 | step 0220 | total = 4.4370 | box = 0.5870 | obj = 1.4628 | cls = 0.0392 | lr = 0.000687
epoch 020 | step 0240 | total = 4.4431 | box = 0.5834 | obj = 1.4800 | cls = 0.0462 | lr = 0.000687
epoch 020 | step 0260 | total = 4.5515 | box = 0.6223 | obj = 1.4009 | cls = 0.0389 | lr = 0.000687
epoch 020 | step 0280 | total = 5.2074 | box = 0.7088 | obj = 1.6215 | cls = 0.0418 | lr = 0.000687
epoch 020 | step 0300 | total = 5.0848 | box = 0.6851 | obj = 1.6185 | cls = 0.0409 | lr = 0.000687
epoch 020 | step 0320 | total = 4.7324 | box = 0.6231 | obj = 1.5600 | cls = 0.0571 | lr = 0.000687
epoch 020 | step 0340 | total = 4.7089 | box = 0.6053 | obj = 1.6485 | cls = 0.0341 | lr = 0.000687
epoch 020 | step 0360 | total = 4.1211 | box = 0.5103 | obj = 1.5160 | cls = 0.0535 | lr = 0.000687
epoch 020 | step 0380 | total = 5.2982 | box = 0.7389 | obj = 1.5600 | cls = 0.0439 | lr = 0.000687
epoch 020 | step 0400 | total = 4.1369 | box = 0.5263 | obj = 1.4688 | cls = 0.0368 | lr = 0.000687
epoch 020 | step 0420 | total = 5.1837 | box = 0.7224 | obj = 1.5353 | cls = 0.0363 | lr = 0.000687
epoch 020 | step 0440 | total = 4.5951 | box = 0.5776 | obj = 1.6584 | cls = 0.0485 | lr = 0.000687
epoch 020 | step 0460 | total = 4.2350 | box = 0.5292 | obj = 1.5348 | cls = 0.0540 | lr = 0.000687
epoch 020 | step 0480 | total = 4.9239 | box = 0.6751 | obj = 1.5123 | cls = 0.0360 | lr = 0.000687
epoch 020 | step 0500 | total = 4.6484 | box = 0.6217 | obj = 1.5032 | cls = 0.0367 | lr = 0.000687
epoch 020 | step 0520 | total = 5.3252 | box = 0.7560 | obj = 1.5051 | cls = 0.0401 | lr = 0.000687
epoch 020 | step 0540 | total = 4.7621 | box = 0.6498 | obj = 1.4758 | cls = 0.0371 | lr = 0.000687
epoch 020 | step 0560 | total = 4.5079 | box = 0.5497 | obj = 1.7125 | cls = 0.0467 | lr = 0.000687
epoch 020 | step 0580 | total = 4.4158 | box = 0.5646 | obj = 1.5440 | cls = 0.0488 | lr = 0.000687
epoch 020 | step 0600 | total = 5.6604 | box = 0.7676 | obj = 1.7792 | cls = 0.0434 | lr = 0.000687
epoch 020 | step 0620 | total = 5.4086 | box = 0.7539 | obj = 1.5993 | cls = 0.0399 | lr = 0.000687
epoch 020 | step 0640 | total = 4.6263 | box = 0.6372 | obj = 1.3998 | cls = 0.0405 | lr = 0.000687
epoch 020 | step 0660 | total = 5.0203 | box = 0.6741 | obj = 1.6156 | cls = 0.0341 | lr = 0.000687
epoch 020 | step 0680 | total = 5.3701 | box = 0.7473 | obj = 1.5987 | cls = 0.0351 | lr = 0.000687
epoch 020 | step 0700 | total = 3.8191 | box = 0.4725 | obj = 1.4117 | cls = 0.0450 | lr = 0.000687
epoch 020 | step 0720 | total = 3.2846 | box = 0.3837 | obj = 1.3067 | cls = 0.0595 | lr = 0.000687
epoch 020 | step 0740 | total = 5.0416 | box = 0.6873 | obj = 1.5628 | cls = 0.0426 | lr = 0.000687
epoch 020 | step 0760 | total = 4.3631 | box = 0.5449 | obj = 1.6011 | cls = 0.0372 | lr = 0.000687
epoch 020 | step 0780 | total = 5.2466 | box = 0.7178 | obj = 1.6148 | cls = 0.0429 | lr = 0.000687
epoch 020 | step 0800 | total = 5.2168 | box = 0.7149 | obj = 1.5947 | cls = 0.0477 | lr = 0.000687
epoch 020 | step 0820 | total = 4.5239 | box = 0.5875 | obj = 1.5360 | cls = 0.0504 | lr = 0.000687
epoch 020 | step 0840 | total = 4.9618 | box = 0.6663 | obj = 1.5952 | cls = 0.0352 | lr = 0.000687
epoch 020 | step 0860 | total = 5.3788 | box = 0.7403 | obj = 1.6331 | cls = 0.0442 | lr = 0.000687
epoch 020 | step 0880 | total = 5.0841 | box = 0.6738 | obj = 1.6722 | cls = 0.0429 | lr = 0.000687
epoch 020 | step 0900 | total = 4.6241 | box = 0.6246 | obj = 1.4593 | cls = 0.0417 | lr = 0.000687
epoch 020 | step 0920 | total = 4.7314 | box = 0.6185 | obj = 1.5943 | cls = 0.0448 | lr = 0.000687
[epoch 020 train] total = 4.7075 | box = 0.6274 | obj = 1.5280 | cls = 0.0423 | steps = 925 | global_batches = 7400 | samples = 118288 | time = 802.9s
[epoch 020 val] total = 4.7757 | box = 0.6362 | obj = 1.5520 | cls = 0.0428 | steps = 40 | global_batches = 320 | samples = 5000 | time = 22.4s
epoch 021 | step 0001 | total = 5.0745 | box = 0.6917 | obj = 1.5792 | cls = 0.0367 | lr = 0.000658
epoch 021 | step 0020 | total = 4.7820 | box = 0.6723 | obj = 1.3874 | cls = 0.0333 | lr = 0.000658
epoch 021 | step 0040 | total = 3.9935 | box = 0.5271 | obj = 1.3195 | cls = 0.0385 | lr = 0.000658
epoch 021 | step 0060 | total = 3.7016 | box = 0.4417 | obj = 1.4458 | cls = 0.0474 | lr = 0.000658
epoch 021 | step 0080 | total = 4.8689 | box = 0.6664 | obj = 1.4990 | cls = 0.0380 | lr = 0.000658
epoch 021 | step 0100 | total = 5.2702 | box = 0.7422 | obj = 1.5224 | cls = 0.0366 | lr = 0.000658
epoch 021 | step 0120 | total = 4.5502 | box = 0.6169 | obj = 1.4284 | cls = 0.0373 | lr = 0.000658
epoch 021 | step 0140 | total = 4.7167 | box = 0.6139 | obj = 1.6052 | cls = 0.0418 | lr = 0.000658
epoch 021 | step 0160 | total = 4.6472 | box = 0.6320 | obj = 1.4427 | cls = 0.0445 | lr = 0.000658
epoch 021 | step 0180 | total = 4.2613 | box = 0.5540 | obj = 1.4499 | cls = 0.0416 | lr = 0.000658
epoch 021 | step 0200 | total = 4.4751 | box = 0.6173 | obj = 1.3475 | cls = 0.0411 | lr = 0.000658
epoch 021 | step 0220 | total = 5.0573 | box = 0.6762 | obj = 1.6402 | cls = 0.0360 | lr = 0.000658
epoch 021 | step 0240 | total = 5.3307 | box = 0.7114 | obj = 1.7273 | cls = 0.0462 | lr = 0.000658
epoch 021 | step 0260 | total = 4.3413 | box = 0.5541 | obj = 1.5241 | cls = 0.0469 | lr = 0.000658
epoch 021 | step 0280 | total = 3.8775 | box = 0.4815 | obj = 1.4302 | cls = 0.0395 | lr = 0.000658
epoch 021 | step 0300 | total = 4.2922 | box = 0.5466 | obj = 1.5093 | cls = 0.0497 | lr = 0.000658
epoch 021 | step 0320 | total = 5.0447 | box = 0.6889 | obj = 1.5703 | cls = 0.0301 | lr = 0.000658
epoch 021 | step 0340 | total = 4.5966 | box = 0.6049 | obj = 1.5288 | cls = 0.0434 | lr = 0.000658
epoch 021 | step 0360 | total = 4.7301 | box = 0.6477 | obj = 1.4440 | cls = 0.0477 | lr = 0.000658
epoch 021 | step 0380 | total = 4.8017 | box = 0.6413 | obj = 1.5593 | cls = 0.0360 | lr = 0.000658
epoch 021 | step 0400 | total = 5.0328 | box = 0.7079 | obj = 1.4573 | cls = 0.0361 | lr = 0.000658
epoch 021 | step 0420 | total = 4.9453 | box = 0.6951 | obj = 1.4264 | cls = 0.0437 | lr = 0.000658
epoch 021 | step 0440 | total = 4.4300 | box = 0.5603 | obj = 1.5795 | cls = 0.0492 | lr = 0.000658
epoch 021 | step 0460 | total = 5.5371 | box = 0.7963 | obj = 1.5165 | cls = 0.0389 | lr = 0.000658
epoch 021 | step 0480 | total = 5.4200 | box = 0.7553 | obj = 1.6039 | cls = 0.0398 | lr = 0.000658
epoch 021 | step 0500 | total = 4.5310 | box = 0.5974 | obj = 1.5041 | cls = 0.0400 | lr = 0.000658
epoch 021 | step 0520 | total = 4.8963 | box = 0.6567 | obj = 1.5723 | cls = 0.0407 | lr = 0.000658
epoch 021 | step 0540 | total = 5.1222 | box = 0.6796 | obj = 1.6850 | cls = 0.0391 | lr = 0.000658
epoch 021 | step 0560 | total = 4.9665 | box = 0.6685 | obj = 1.5820 | cls = 0.0423 | lr = 0.000658
epoch 021 | step 0580 | total = 5.0622 | box = 0.6877 | obj = 1.5886 | cls = 0.0353 | lr = 0.000658
epoch 021 | step 0600 | total = 3.7096 | box = 0.4433 | obj = 1.4544 | cls = 0.0386 | lr = 0.000658
epoch 021 | step 0620 | total = 4.1285 | box = 0.5324 | obj = 1.4274 | cls = 0.0393 | lr = 0.000658
epoch 021 | step 0640 | total = 4.8687 | box = 0.6544 | obj = 1.5544 | cls = 0.0425 | lr = 0.000658
epoch 021 | step 0660 | total = 3.6863 | box = 0.4580 | obj = 1.3449 | cls = 0.0512 | lr = 0.000658
epoch 021 | step 0680 | total = 4.3983 | box = 0.5626 | obj = 1.5321 | cls = 0.0534 | lr = 0.000658
epoch 021 | step 0700 | total = 5.2276 | box = 0.7265 | obj = 1.5565 | cls = 0.0387 | lr = 0.000658
epoch 021 | step 0720 | total = 5.1344 | box = 0.6802 | obj = 1.6929 | cls = 0.0402 | lr = 0.000658
epoch 021 | step 0740 | total = 4.8905 | box = 0.6712 | obj = 1.4975 | cls = 0.0370 | lr = 0.000658
epoch 021 | step 0760 | total = 4.7994 | box = 0.6674 | obj = 1.4228 | cls = 0.0395 | lr = 0.000658
epoch 021 | step 0780 | total = 4.7513 | box = 0.6250 | obj = 1.5831 | cls = 0.0434 | lr = 0.000658
epoch 021 | step 0800 | total = 5.0095 | box = 0.6713 | obj = 1.6103 | cls = 0.0430 | lr = 0.000658
epoch 021 | step 0820 | total = 4.3580 | box = 0.5638 | obj = 1.4926 | cls = 0.0462 | lr = 0.000658
epoch 021 | step 0840 | total = 3.8597 | box = 0.4974 | obj = 1.3403 | cls = 0.0323 | lr = 0.000658
epoch 021 | step 0860 | total = 3.8259 | box = 0.4781 | obj = 1.4035 | cls = 0.0320 | lr = 0.000658
epoch 021 | step 0880 | total = 4.2241 | box = 0.5452 | obj = 1.4440 | cls = 0.0539 | lr = 0.000658
epoch 021 | step 0900 | total = 4.9223 | box = 0.6921 | obj = 1.4215 | cls = 0.0402 | lr = 0.000658
epoch 021 | step 0920 | total = 4.6772 | box = 0.6141 | obj = 1.5683 | cls = 0.0385 | lr = 0.000658
[epoch 021 train] total = 4.6696 | box = 0.6215 | obj = 1.5200 | cls = 0.0420 | steps = 925 | global_batches = 7400 | samples = 118288 | time = 803.3s
[epoch 021 val] total = 4.7585 | box = 0.6339 | obj = 1.5469 | cls = 0.0422 | steps = 40 | global_batches = 320 | samples = 5000 | time = 22.7s
epoch 022 | step 0001 | total = 4.5366 | box = 0.5963 | obj = 1.5163 | cls = 0.0386 | lr = 0.000628
epoch 022 | step 0020 | total = 4.1720 | box = 0.5520 | obj = 1.3671 | cls = 0.0447 | lr = 0.000628
epoch 022 | step 0040 | total = 5.3682 | box = 0.7333 | obj = 1.6619 | cls = 0.0398 | lr = 0.000628
epoch 022 | step 0060 | total = 4.3882 | box = 0.5914 | obj = 1.3997 | cls = 0.0314 | lr = 0.000628
epoch 022 | step 0080 | total = 3.8841 | box = 0.4484 | obj = 1.5857 | cls = 0.0565 | lr = 0.000628
epoch 022 | step 0100 | total = 4.3062 | box = 0.5547 | obj = 1.4918 | cls = 0.0410 | lr = 0.000628
epoch 022 | step 0120 | total = 4.4701 | box = 0.5831 | obj = 1.5088 | cls = 0.0461 | lr = 0.000628
epoch 022 | step 0140 | total = 4.8399 | box = 0.6437 | obj = 1.5830 | cls = 0.0384 | lr = 0.000628
epoch 022 | step 0160 | total = 4.8833 | box = 0.6611 | obj = 1.5404 | cls = 0.0371 | lr = 0.000628
epoch 022 | step 0180 | total = 5.3106 | box = 0.7418 | obj = 1.5610 | cls = 0.0405 | lr = 0.000628
epoch 022 | step 0200 | total = 4.9014 | box = 0.6704 | obj = 1.5050 | cls = 0.0443 | lr = 0.000628
epoch 022 | step 0220 | total = 4.8164 | box = 0.6712 | obj = 1.4251 | cls = 0.0354 | lr = 0.000628
epoch 022 | step 0240 | total = 5.0498 | box = 0.6987 | obj = 1.5153 | cls = 0.0409 | lr = 0.000628
epoch 022 | step 0260 | total = 5.2180 | box = 0.7263 | obj = 1.5482 | cls = 0.0381 | lr = 0.000628
epoch 022 | step 0280 | total = 4.0254 | box = 0.5154 | obj = 1.4111 | cls = 0.0373 | lr = 0.000628
epoch 022 | step 0300 | total = 4.8930 | box = 0.6398 | obj = 1.6475 | cls = 0.0465 | lr = 0.000628
epoch 022 | step 0320 | total = 4.5951 | box = 0.5940 | obj = 1.5849 | cls = 0.0402 | lr = 0.000628
epoch 022 | step 0340 | total = 4.8007 | box = 0.6361 | obj = 1.5724 | cls = 0.0478 | lr = 0.000628
epoch 022 | step 0360 | total = 4.7927 | box = 0.6464 | obj = 1.5145 | cls = 0.0463 | lr = 0.000628
epoch 022 | step 0380 | total = 4.6248 | box = 0.5874 | obj = 1.6328 | cls = 0.0548 | lr = 0.000628
epoch 022 | step 0400 | total = 4.3061 | box = 0.5531 | obj = 1.4994 | cls = 0.0411 | lr = 0.000628
epoch 022 | step 0420 | total = 4.0949 | box = 0.5155 | obj = 1.4778 | cls = 0.0393 | lr = 0.000628
epoch 022 | step 0440 | total = 4.3394 | box = 0.5586 | obj = 1.5012 | cls = 0.0454 | lr = 0.000628
epoch 022 | step 0460 | total = 4.9652 | box = 0.6999 | obj = 1.4204 | cls = 0.0455 | lr = 0.000628
epoch 022 | step 0480 | total = 5.4646 | box = 0.7809 | obj = 1.5248 | cls = 0.0351 | lr = 0.000628
epoch 022 | step 0500 | total = 5.3934 | box = 0.7677 | obj = 1.5227 | cls = 0.0322 | lr = 0.000628
epoch 022 | step 0520 | total = 4.1705 | box = 0.5005 | obj = 1.6238 | cls = 0.0443 | lr = 0.000628
epoch 022 | step 0540 | total = 5.4774 | box = 0.7862 | obj = 1.5070 | cls = 0.0392 | lr = 0.000628
epoch 022 | step 0560 | total = 4.5744 | box = 0.6025 | obj = 1.5151 | cls = 0.0470 | lr = 0.000628
epoch 022 | step 0580 | total = 4.2119 | box = 0.5025 | obj = 1.6480 | cls = 0.0515 | lr = 0.000628
epoch 022 | step 0600 | total = 3.8993 | box = 0.4977 | obj = 1.3717 | cls = 0.0390 | lr = 0.000628
epoch 022 | step 0620 | total = 4.0346 | box = 0.4948 | obj = 1.4915 | cls = 0.0691 | lr = 0.000628
epoch 022 | step 0640 | total = 4.7002 | box = 0.6182 | obj = 1.5767 | cls = 0.0325 | lr = 0.000628
epoch 022 | step 0660 | total = 3.4994 | box = 0.3974 | obj = 1.4595 | cls = 0.0529 | lr = 0.000628
epoch 022 | step 0680 | total = 4.4669 | box = 0.5922 | obj = 1.4687 | cls = 0.0375 | lr = 0.000628
epoch 022 | step 0700 | total = 5.8714 | box = 0.8336 | obj = 1.6607 | cls = 0.0427 | lr = 0.000628
epoch 022 | step 0720 | total = 4.8841 | box = 0.6429 | obj = 1.6281 | cls = 0.0415 | lr = 0.000628
epoch 022 | step 0740 | total = 4.8119 | box = 0.6333 | obj = 1.5935 | cls = 0.0519 | lr = 0.000628
epoch 022 | step 0760 | total = 4.2389 | box = 0.5309 | obj = 1.5390 | cls = 0.0454 | lr = 0.000628
epoch 022 | step 0780 | total = 4.0411 | box = 0.5094 | obj = 1.4588 | cls = 0.0352 | lr = 0.000628
epoch 022 | step 0800 | total = 4.2652 | box = 0.5433 | obj = 1.5019 | cls = 0.0468 | lr = 0.000628
epoch 022 | step 0820 | total = 4.5742 | box = 0.6198 | obj = 1.4313 | cls = 0.0437 | lr = 0.000628
epoch 022 | step 0840 | total = 5.0704 | box = 0.6985 | obj = 1.5450 | cls = 0.0332 | lr = 0.000628
epoch 022 | step 0860 | total = 4.2291 | box = 0.5489 | obj = 1.4506 | cls = 0.0339 | lr = 0.000628
epoch 022 | step 0880 | total = 4.6890 | box = 0.5997 | obj = 1.6527 | cls = 0.0377 | lr = 0.000628
epoch 022 | step 0900 | total = 4.2204 | box = 0.5574 | obj = 1.3907 | cls = 0.0426 | lr = 0.000628
epoch 022 | step 0920 | total = 5.0073 | box = 0.6792 | obj = 1.5756 | cls = 0.0356 | lr = 0.000628
[epoch 022 train] total = 4.6355 | box = 0.6166 | obj = 1.5109 | cls = 0.0417 | steps = 925 | global_batches = 7400 | samples = 118288 | time = 802.8s
[epoch 022 val] total = 4.8033 | box = 0.6391 | obj = 1.5648 | cls = 0.0431 | steps = 40 | global_batches = 320 | samples = 5000 | time = 22.3s
epoch 023 | step 0001 | total = 4.8600 | box = 0.6732 | obj = 1.4510 | cls = 0.0432 | lr = 0.000598
epoch 023 | step 0020 | total = 4.5597 | box = 0.6294 | obj = 1.3767 | cls = 0.0361 | lr = 0.000598
epoch 023 | step 0040 | total = 4.5432 | box = 0.5811 | obj = 1.5937 | cls = 0.0440 | lr = 0.000598
epoch 023 | step 0060 | total = 4.5148 | box = 0.5936 | obj = 1.5097 | cls = 0.0369 | lr = 0.000598
epoch 023 | step 0080 | total = 4.1721 | box = 0.5025 | obj = 1.6119 | cls = 0.0475 | lr = 0.000598
epoch 023 | step 0100 | total = 4.7060 | box = 0.6249 | obj = 1.5443 | cls = 0.0374 | lr = 0.000598
epoch 023 | step 0120 | total = 4.0112 | box = 0.5158 | obj = 1.3988 | cls = 0.0337 | lr = 0.000598
epoch 023 | step 0140 | total = 5.3506 | box = 0.7640 | obj = 1.4929 | cls = 0.0375 | lr = 0.000598
epoch 023 | step 0160 | total = 3.7501 | box = 0.4554 | obj = 1.4215 | cls = 0.0515 | lr = 0.000598
epoch 023 | step 0180 | total = 3.6927 | box = 0.4519 | obj = 1.3961 | cls = 0.0372 | lr = 0.000598
epoch 023 | step 0200 | total = 4.5625 | box = 0.6171 | obj = 1.4440 | cls = 0.0331 | lr = 0.000598
epoch 023 | step 0220 | total = 4.2321 | box = 0.5738 | obj = 1.3269 | cls = 0.0363 | lr = 0.000598
epoch 023 | step 0240 | total = 4.3656 | box = 0.5693 | obj = 1.4744 | cls = 0.0448 | lr = 0.000598
epoch 023 | step 0260 | total = 4.4280 | box = 0.6011 | obj = 1.3915 | cls = 0.0312 | lr = 0.000598
epoch 023 | step 0280 | total = 4.1546 | box = 0.5354 | obj = 1.4394 | cls = 0.0385 | lr = 0.000598
epoch 023 | step 0300 | total = 4.2842 | box = 0.5629 | obj = 1.4310 | cls = 0.0387 | lr = 0.000598
epoch 023 | step 0320 | total = 3.7334 | box = 0.4323 | obj = 1.5195 | cls = 0.0521 | lr = 0.000598
epoch 023 | step 0340 | total = 4.5188 | box = 0.5875 | obj = 1.5320 | cls = 0.0492 | lr = 0.000598
epoch 023 | step 0360 | total = 4.2066 | box = 0.5437 | obj = 1.4535 | cls = 0.0348 | lr = 0.000598
epoch 023 | step 0380 | total = 4.1983 | box = 0.5335 | obj = 1.4936 | cls = 0.0372 | lr = 0.000598
epoch 023 | step 0400 | total = 3.9634 | box = 0.4864 | obj = 1.4884 | cls = 0.0431 | lr = 0.000598
epoch 023 | step 0420 | total = 4.5238 | box = 0.5902 | obj = 1.5337 | cls = 0.0392 | lr = 0.000598
epoch 023 | step 0440 | total = 4.8849 | box = 0.6728 | obj = 1.4911 | cls = 0.0297 | lr = 0.000598
epoch 023 | step 0460 | total = 4.8115 | box = 0.6468 | obj = 1.5383 | cls = 0.0390 | lr = 0.000598
epoch 023 | step 0480 | total = 4.7662 | box = 0.6207 | obj = 1.6167 | cls = 0.0463 | lr = 0.000598
epoch 023 | step 0500 | total = 4.8160 | box = 0.6343 | obj = 1.6138 | cls = 0.0309 | lr = 0.000598
epoch 023 | step 0520 | total = 4.5287 | box = 0.6066 | obj = 1.4564 | cls = 0.0394 | lr = 0.000598
epoch 023 | step 0540 | total = 4.1170 | box = 0.5485 | obj = 1.3240 | cls = 0.0507 | lr = 0.000598
epoch 023 | step 0560 | total = 4.3716 | box = 0.5518 | obj = 1.5669 | cls = 0.0459 | lr = 0.000598
epoch 023 | step 0580 | total = 3.6428 | box = 0.4269 | obj = 1.4649 | cls = 0.0432 | lr = 0.000598
epoch 023 | step 0600 | total = 4.8918 | box = 0.6683 | obj = 1.5165 | cls = 0.0337 | lr = 0.000598
epoch 023 | step 0620 | total = 5.1615 | box = 0.7113 | obj = 1.5605 | cls = 0.0446 | lr = 0.000598
epoch 023 | step 0640 | total = 4.7553 | box = 0.6257 | obj = 1.5837 | cls = 0.0433 | lr = 0.000598
epoch 023 | step 0660 | total = 5.2160 | box = 0.7381 | obj = 1.4922 | cls = 0.0333 | lr = 0.000598
epoch 023 | step 0680 | total = 4.6824 | box = 0.6401 | obj = 1.4394 | cls = 0.0425 | lr = 0.000598
epoch 023 | step 0700 | total = 4.2381 | box = 0.5608 | obj = 1.3982 | cls = 0.0359 | lr = 0.000598
epoch 023 | step 0720 | total = 5.1209 | box = 0.6816 | obj = 1.6670 | cls = 0.0460 | lr = 0.000598
epoch 023 | step 0740 | total = 3.8006 | box = 0.4798 | obj = 1.3579 | cls = 0.0438 | lr = 0.000598
epoch 023 | step 0760 | total = 4.4460 | box = 0.6238 | obj = 1.2828 | cls = 0.0443 | lr = 0.000598
epoch 023 | step 0780 | total = 4.1485 | box = 0.5192 | obj = 1.5138 | cls = 0.0385 | lr = 0.000598
epoch 023 | step 0800 | total = 4.6967 | box = 0.6253 | obj = 1.5171 | cls = 0.0530 | lr = 0.000598
epoch 023 | step 0820 | total = 4.8527 | box = 0.6626 | obj = 1.4930 | cls = 0.0465 | lr = 0.000598
epoch 023 | step 0840 | total = 4.9671 | box = 0.6816 | obj = 1.5204 | cls = 0.0387 | lr = 0.000598
epoch 023 | step 0860 | total = 4.4073 | box = 0.5481 | obj = 1.6239 | cls = 0.0426 | lr = 0.000598
epoch 023 | step 0880 | total = 5.4196 | box = 0.7697 | obj = 1.5311 | cls = 0.0398 | lr = 0.000598
epoch 023 | step 0900 | total = 5.1410 | box = 0.6992 | obj = 1.6036 | cls = 0.0415 | lr = 0.000598
epoch 023 | step 0920 | total = 4.4950 | box = 0.6021 | obj = 1.4463 | cls = 0.0381 | lr = 0.000598
[epoch 023 train] total = 4.6008 | box = 0.6114 | obj = 1.5026 | cls = 0.0414 | steps = 925 | global_batches = 7400 | samples = 118288 | time = 802.2s
[epoch 023 val] total = 4.7027 | box = 0.6258 | obj = 1.5322 | cls = 0.0417 | steps = 40 | global_batches = 320 | samples = 5000 | time = 23.4s
epoch 024 | step 0001 | total = 4.5653 | box = 0.6223 | obj = 1.4063 | cls = 0.0475 | lr = 0.000567
epoch 024 | step 0020 | total = 4.2735 | box = 0.5490 | obj = 1.4838 | cls = 0.0446 | lr = 0.000567
epoch 024 | step 0040 | total = 4.0940 | box = 0.4833 | obj = 1.6276 | cls = 0.0497 | lr = 0.000567
epoch 024 | step 0060 | total = 4.2917 | box = 0.5390 | obj = 1.5528 | cls = 0.0441 | lr = 0.000567
epoch 024 | step 0080 | total = 4.4471 | box = 0.5805 | obj = 1.5136 | cls = 0.0308 | lr = 0.000567
epoch 024 | step 0100 | total = 5.0556 | box = 0.6763 | obj = 1.6296 | cls = 0.0443 | lr = 0.000567
epoch 024 | step 0120 | total = 4.5660 | box = 0.5866 | obj = 1.5747 | cls = 0.0584 | lr = 0.000567
epoch 024 | step 0140 | total = 4.7129 | box = 0.6468 | obj = 1.4481 | cls = 0.0309 | lr = 0.000567
epoch 024 | step 0160 | total = 5.0902 | box = 0.6774 | obj = 1.6607 | cls = 0.0427 | lr = 0.000567
epoch 024 | step 0180 | total = 4.1691 | box = 0.5290 | obj = 1.4681 | cls = 0.0558 | lr = 0.000567
epoch 024 | step 0200 | total = 4.4417 | box = 0.5835 | obj = 1.4839 | cls = 0.0405 | lr = 0.000567
epoch 024 | step 0220 | total = 5.4108 | box = 0.7657 | obj = 1.5467 | cls = 0.0355 | lr = 0.000567
epoch 024 | step 0240 | total = 4.6878 | box = 0.6339 | obj = 1.4825 | cls = 0.0360 | lr = 0.000567
epoch 024 | step 0260 | total = 5.3789 | box = 0.7525 | obj = 1.5821 | cls = 0.0341 | lr = 0.000567
epoch 024 | step 0280 | total = 4.5233 | box = 0.6181 | obj = 1.3969 | cls = 0.0360 | lr = 0.000567
epoch 024 | step 0300 | total = 4.2163 | box = 0.5429 | obj = 1.4554 | cls = 0.0463 | lr = 0.000567
epoch 024 | step 0320 | total = 4.5545 | box = 0.6119 | obj = 1.4545 | cls = 0.0406 | lr = 0.000567
epoch 024 | step 0340 | total = 5.1434 | box = 0.6963 | obj = 1.6242 | cls = 0.0375 | lr = 0.000567
epoch 024 | step 0360 | total = 4.8397 | box = 0.6562 | obj = 1.5203 | cls = 0.0385 | lr = 0.000567
epoch 024 | step 0380 | total = 5.4181 | box = 0.7882 | obj = 1.4416 | cls = 0.0354 | lr = 0.000567
epoch 024 | step 0400 | total = 5.2973 | box = 0.7440 | obj = 1.5442 | cls = 0.0330 | lr = 0.000567
epoch 024 | step 0420 | total = 4.5096 | box = 0.6208 | obj = 1.3670 | cls = 0.0384 | lr = 0.000567
epoch 024 | step 0440 | total = 3.7830 | box = 0.4664 | obj = 1.4144 | cls = 0.0363 | lr = 0.000567
epoch 024 | step 0460 | total = 4.9521 | box = 0.6794 | obj = 1.5079 | cls = 0.0473 | lr = 0.000567
epoch 024 | step 0480 | total = 4.4052 | box = 0.5798 | obj = 1.4673 | cls = 0.0387 | lr = 0.000567
epoch 024 | step 0500 | total = 5.2126 | box = 0.7235 | obj = 1.5571 | cls = 0.0382 | lr = 0.000567
epoch 024 | step 0520 | total = 4.4819 | box = 0.5740 | obj = 1.5694 | cls = 0.0425 | lr = 0.000567
epoch 024 | step 0540 | total = 4.6312 | box = 0.5948 | obj = 1.6176 | cls = 0.0395 | lr = 0.000567
epoch 024 | step 0560 | total = 4.4431 | box = 0.5915 | obj = 1.4492 | cls = 0.0363 | lr = 0.000567
epoch 024 | step 0580 | total = 4.4415 | box = 0.5786 | obj = 1.5074 | cls = 0.0409 | lr = 0.000567
epoch 024 | step 0600 | total = 4.3854 | box = 0.5743 | obj = 1.4671 | cls = 0.0468 | lr = 0.000567
epoch 024 | step 0620 | total = 3.7832 | box = 0.4981 | obj = 1.2432 | cls = 0.0497 | lr = 0.000567
epoch 024 | step 0640 | total = 4.4604 | box = 0.5768 | obj = 1.5308 | cls = 0.0458 | lr = 0.000567
epoch 024 | step 0660 | total = 4.5704 | box = 0.6233 | obj = 1.4167 | cls = 0.0374 | lr = 0.000567
epoch 024 | step 0680 | total = 3.7586 | box = 0.4767 | obj = 1.3365 | cls = 0.0386 | lr = 0.000567
epoch 024 | step 0700 | total = 4.6407 | box = 0.6290 | obj = 1.4548 | cls = 0.0407 | lr = 0.000567
epoch 024 | step 0720 | total = 5.5430 | box = 0.7999 | obj = 1.5049 | cls = 0.0385 | lr = 0.000567
epoch 024 | step 0740 | total = 4.9230 | box = 0.6734 | obj = 1.5194 | cls = 0.0368 | lr = 0.000567
epoch 024 | step 0760 | total = 4.9591 | box = 0.6545 | obj = 1.6390 | cls = 0.0475 | lr = 0.000567
epoch 024 | step 0780 | total = 4.9176 | box = 0.7117 | obj = 1.3292 | cls = 0.0298 | lr = 0.000567
epoch 024 | step 0800 | total = 4.9881 | box = 0.6874 | obj = 1.5098 | cls = 0.0414 | lr = 0.000567
epoch 024 | step 0820 | total = 4.7351 | box = 0.6057 | obj = 1.6660 | cls = 0.0405 | lr = 0.000567
epoch 024 | step 0840 | total = 4.6695 | box = 0.6359 | obj = 1.4495 | cls = 0.0403 | lr = 0.000567
epoch 024 | step 0860 | total = 4.7269 | box = 0.6608 | obj = 1.3847 | cls = 0.0382 | lr = 0.000567
epoch 024 | step 0880 | total = 4.3471 | box = 0.5642 | obj = 1.4796 | cls = 0.0468 | lr = 0.000567
epoch 024 | step 0900 | total = 5.2327 | box = 0.7409 | obj = 1.4872 | cls = 0.0410 | lr = 0.000567
epoch 024 | step 0920 | total = 4.5039 | box = 0.5895 | obj = 1.5159 | cls = 0.0406 | lr = 0.000567
[epoch 024 train] total = 4.5731 | box = 0.6075 | obj = 1.4948 | cls = 0.0410 | steps = 925 | global_batches = 7400 | samples = 118288 | time = 802.8s
[epoch 024 val] total = 4.6838 | box = 0.6236 | obj = 1.5243 | cls = 0.0414 | steps = 40 | global_batches = 320 | samples = 5000 | time = 23.0s
epoch 025 | step 0001 | total = 5.5443 | box = 0.8285 | obj = 1.3737 | cls = 0.0280 | lr = 0.000536
epoch 025 | step 0020 | total = 4.4778 | box = 0.6068 | obj = 1.4070 | cls = 0.0369 | lr = 0.000536
epoch 025 | step 0040 | total = 4.5176 | box = 0.6052 | obj = 1.4464 | cls = 0.0451 | lr = 0.000536
epoch 025 | step 0060 | total = 4.2317 | box = 0.5220 | obj = 1.5796 | cls = 0.0419 | lr = 0.000536
epoch 025 | step 0080 | total = 4.6484 | box = 0.5976 | obj = 1.6113 | cls = 0.0491 | lr = 0.000536
epoch 025 | step 0100 | total = 4.0027 | box = 0.5203 | obj = 1.3525 | cls = 0.0487 | lr = 0.000536
epoch 025 | step 0120 | total = 5.2498 | box = 0.7345 | obj = 1.5369 | cls = 0.0404 | lr = 0.000536
epoch 025 | step 0140 | total = 4.3831 | box = 0.5669 | obj = 1.5090 | cls = 0.0395 | lr = 0.000536
epoch 025 | step 0160 | total = 3.9718 | box = 0.4641 | obj = 1.6004 | cls = 0.0507 | lr = 0.000536
epoch 025 | step 0180 | total = 4.9835 | box = 0.7075 | obj = 1.4120 | cls = 0.0339 | lr = 0.000536
epoch 025 | step 0200 | total = 5.4302 | box = 0.7658 | obj = 1.5606 | cls = 0.0406 | lr = 0.000536
epoch 025 | step 0220 | total = 4.5175 | box = 0.5882 | obj = 1.5376 | cls = 0.0388 | lr = 0.000536
epoch 025 | step 0240 | total = 4.4601 | box = 0.5956 | obj = 1.4395 | cls = 0.0425 | lr = 0.000536
epoch 025 | step 0260 | total = 5.2688 | box = 0.7374 | obj = 1.5472 | cls = 0.0347 | lr = 0.000536
epoch 025 | step 0280 | total = 4.5055 | box = 0.5865 | obj = 1.5297 | cls = 0.0433 | lr = 0.000536
epoch 025 | step 0300 | total = 4.8165 | box = 0.6419 | obj = 1.5672 | cls = 0.0397 | lr = 0.000536
epoch 025 | step 0320 | total = 4.7069 | box = 0.6589 | obj = 1.3829 | cls = 0.0297 | lr = 0.000536
epoch 025 | step 0340 | total = 5.2825 | box = 0.7324 | obj = 1.5842 | cls = 0.0363 | lr = 0.000536
epoch 025 | step 0360 | total = 4.3678 | box = 0.5818 | obj = 1.4191 | cls = 0.0395 | lr = 0.000536
epoch 025 | step 0380 | total = 3.8839 | box = 0.4507 | obj = 1.5831 | cls = 0.0473 | lr = 0.000536
epoch 025 | step 0400 | total = 4.9415 | box = 0.6600 | obj = 1.5997 | cls = 0.0419 | lr = 0.000536
epoch 025 | step 0420 | total = 5.2753 | box = 0.7212 | obj = 1.6275 | cls = 0.0418 | lr = 0.000536
epoch 025 | step 0440 | total = 4.7181 | box = 0.6268 | obj = 1.5350 | cls = 0.0489 | lr = 0.000536
epoch 025 | step 0460 | total = 4.1662 | box = 0.5484 | obj = 1.3845 | cls = 0.0396 | lr = 0.000536
epoch 025 | step 0480 | total = 4.7178 | box = 0.6484 | obj = 1.4349 | cls = 0.0406 | lr = 0.000536
epoch 025 | step 0500 | total = 4.6720 | box = 0.6260 | obj = 1.5029 | cls = 0.0389 | lr = 0.000536
epoch 025 | step 0520 | total = 5.1382 | box = 0.6938 | obj = 1.6265 | cls = 0.0425 | lr = 0.000536
epoch 025 | step 0540 | total = 4.6737 | box = 0.6238 | obj = 1.5011 | cls = 0.0534 | lr = 0.000536
epoch 025 | step 0560 | total = 5.2482 | box = 0.7248 | obj = 1.5832 | cls = 0.0409 | lr = 0.000536
epoch 025 | step 0580 | total = 4.5097 | box = 0.6354 | obj = 1.2999 | cls = 0.0328 | lr = 0.000536
epoch 025 | step 0600 | total = 5.1565 | box = 0.7155 | obj = 1.5395 | cls = 0.0395 | lr = 0.000536
epoch 025 | step 0620 | total = 4.5206 | box = 0.6069 | obj = 1.4460 | cls = 0.0400 | lr = 0.000536
epoch 025 | step 0640 | total = 4.1162 | box = 0.4878 | obj = 1.6247 | cls = 0.0525 | lr = 0.000536
epoch 025 | step 0660 | total = 4.8274 | box = 0.6727 | obj = 1.4280 | cls = 0.0357 | lr = 0.000536
epoch 025 | step 0680 | total = 4.3654 | box = 0.5798 | obj = 1.4229 | cls = 0.0434 | lr = 0.000536
epoch 025 | step 0700 | total = 4.5439 | box = 0.6153 | obj = 1.4288 | cls = 0.0387 | lr = 0.000536
epoch 025 | step 0720 | total = 4.2713 | box = 0.5472 | obj = 1.4886 | cls = 0.0466 | lr = 0.000536
epoch 025 | step 0740 | total = 5.0683 | box = 0.6706 | obj = 1.6649 | cls = 0.0505 | lr = 0.000536
epoch 025 | step 0760 | total = 4.5508 | box = 0.6060 | obj = 1.4844 | cls = 0.0364 | lr = 0.000536
epoch 025 | step 0780 | total = 3.9859 | box = 0.4940 | obj = 1.4643 | cls = 0.0514 | lr = 0.000536
epoch 025 | step 0800 | total = 3.5799 | box = 0.4245 | obj = 1.4053 | cls = 0.0518 | lr = 0.000536
epoch 025 | step 0820 | total = 4.4321 | box = 0.5845 | obj = 1.4698 | cls = 0.0401 | lr = 0.000536
epoch 025 | step 0840 | total = 3.9533 | box = 0.5001 | obj = 1.4034 | cls = 0.0495 | lr = 0.000536
epoch 025 | step 0860 | total = 3.9176 | box = 0.4769 | obj = 1.4840 | cls = 0.0488 | lr = 0.000536
epoch 025 | step 0880 | total = 4.8106 | box = 0.6711 | obj = 1.4169 | cls = 0.0380 | lr = 0.000536
epoch 025 | step 0900 | total = 4.6727 | box = 0.6333 | obj = 1.4665 | cls = 0.0396 | lr = 0.000536
epoch 025 | step 0920 | total = 4.3264 | box = 0.5558 | obj = 1.5126 | cls = 0.0348 | lr = 0.000536
[epoch 025 train] total = 4.5392 | box = 0.6024 | obj = 1.4865 | cls = 0.0408 | steps = 925 | global_batches = 7400 | samples = 118288 | time = 802.0s
[epoch 025 val] total = 4.6617 | box = 0.6191 | obj = 1.5252 | cls = 0.0411 | steps = 40 | global_batches = 320 | samples = 5000 | time = 22.9s
epoch 026 | step 0001 | total = 3.6722 | box = 0.4285 | obj = 1.4786 | cls = 0.0511 | lr = 0.000505
epoch 026 | step 0020 | total = 3.8648 | box = 0.4705 | obj = 1.4701 | cls = 0.0422 | lr = 0.000505
epoch 026 | step 0040 | total = 4.1519 | box = 0.5274 | obj = 1.4775 | cls = 0.0372 | lr = 0.000505
epoch 026 | step 0060 | total = 4.1836 | box = 0.5298 | obj = 1.4910 | cls = 0.0438 | lr = 0.000505
epoch 026 | step 0080 | total = 3.9901 | box = 0.4747 | obj = 1.5658 | cls = 0.0508 | lr = 0.000505
epoch 026 | step 0100 | total = 4.2555 | box = 0.5499 | obj = 1.4602 | cls = 0.0458 | lr = 0.000505
epoch 026 | step 0120 | total = 5.5173 | box = 0.7764 | obj = 1.5955 | cls = 0.0396 | lr = 0.000505
epoch 026 | step 0140 | total = 4.5491 | box = 0.5958 | obj = 1.5323 | cls = 0.0376 | lr = 0.000505
epoch 026 | step 0160 | total = 3.7464 | box = 0.4456 | obj = 1.4736 | cls = 0.0450 | lr = 0.000505
epoch 026 | step 0180 | total = 3.9091 | box = 0.4683 | obj = 1.5221 | cls = 0.0456 | lr = 0.000505
epoch 026 | step 0200 | total = 5.1499 | box = 0.7025 | obj = 1.5995 | cls = 0.0378 | lr = 0.000505
epoch 026 | step 0220 | total = 4.2771 | box = 0.5464 | obj = 1.5111 | cls = 0.0343 | lr = 0.000505
epoch 026 | step 0240 | total = 3.8827 | box = 0.5024 | obj = 1.3340 | cls = 0.0365 | lr = 0.000505
epoch 026 | step 0260 | total = 4.2964 | box = 0.6041 | obj = 1.2416 | cls = 0.0345 | lr = 0.000505
epoch 026 | step 0280 | total = 4.6633 | box = 0.6302 | obj = 1.4777 | cls = 0.0344 | lr = 0.000505
epoch 026 | step 0300 | total = 4.0381 | box = 0.5115 | obj = 1.4438 | cls = 0.0371 | lr = 0.000505
epoch 026 | step 0320 | total = 4.9519 | box = 0.6771 | obj = 1.5348 | cls = 0.0316 | lr = 0.000505
epoch 026 | step 0340 | total = 4.7010 | box = 0.6236 | obj = 1.5403 | cls = 0.0430 | lr = 0.000505
epoch 026 | step 0360 | total = 4.0025 | box = 0.4842 | obj = 1.5366 | cls = 0.0448 | lr = 0.000505
epoch 026 | step 0380 | total = 4.6579 | box = 0.5965 | obj = 1.6335 | cls = 0.0420 | lr = 0.000505
epoch 026 | step 0400 | total = 4.0827 | box = 0.5219 | obj = 1.4366 | cls = 0.0365 | lr = 0.000505
epoch 026 | step 0420 | total = 5.0499 | box = 0.6953 | obj = 1.5383 | cls = 0.0353 | lr = 0.000505
epoch 026 | step 0440 | total = 4.2944 | box = 0.5493 | obj = 1.5058 | cls = 0.0419 | lr = 0.000505
epoch 026 | step 0460 | total = 4.6959 | box = 0.6286 | obj = 1.5141 | cls = 0.0387 | lr = 0.000505
epoch 026 | step 0480 | total = 5.1778 | box = 0.7091 | obj = 1.5983 | cls = 0.0338 | lr = 0.000505
epoch 026 | step 0500 | total = 5.2261 | box = 0.7540 | obj = 1.4245 | cls = 0.0316 | lr = 0.000505
epoch 026 | step 0520 | total = 4.5891 | box = 0.6297 | obj = 1.3978 | cls = 0.0429 | lr = 0.000505
epoch 026 | step 0540 | total = 4.3412 | box = 0.5558 | obj = 1.5226 | cls = 0.0396 | lr = 0.000505
epoch 026 | step 0560 | total = 4.7960 | box = 0.6682 | obj = 1.4197 | cls = 0.0353 | lr = 0.000505
epoch 026 | step 0580 | total = 5.0234 | box = 0.6948 | obj = 1.5116 | cls = 0.0379 | lr = 0.000505
epoch 026 | step 0600 | total = 4.8979 | box = 0.6640 | obj = 1.5362 | cls = 0.0418 | lr = 0.000505
epoch 026 | step 0620 | total = 4.2864 | box = 0.5652 | obj = 1.4231 | cls = 0.0374 | lr = 0.000505
epoch 026 | step 0640 | total = 4.0512 | box = 0.5018 | obj = 1.5045 | cls = 0.0379 | lr = 0.000505
epoch 026 | step 0660 | total = 5.0157 | box = 0.6874 | obj = 1.5426 | cls = 0.0361 | lr = 0.000505
epoch 026 | step 0680 | total = 4.4896 | box = 0.6063 | obj = 1.4187 | cls = 0.0395 | lr = 0.000505
epoch 026 | step 0700 | total = 4.7054 | box = 0.5857 | obj = 1.7327 | cls = 0.0440 | lr = 0.000505
epoch 026 | step 0720 | total = 3.9206 | box = 0.5035 | obj = 1.3716 | cls = 0.0316 | lr = 0.000505
epoch 026 | step 0740 | total = 3.4382 | box = 0.3987 | obj = 1.3874 | cls = 0.0575 | lr = 0.000505
epoch 026 | step 0760 | total = 4.4397 | box = 0.5591 | obj = 1.6058 | cls = 0.0385 | lr = 0.000505
epoch 026 | step 0780 | total = 4.6859 | box = 0.6206 | obj = 1.5434 | cls = 0.0397 | lr = 0.000505
epoch 026 | step 0800 | total = 5.2082 | box = 0.7316 | obj = 1.5114 | cls = 0.0390 | lr = 0.000505
epoch 026 | step 0820 | total = 5.3176 | box = 0.7567 | obj = 1.4943 | cls = 0.0399 | lr = 0.000505
epoch 026 | step 0840 | total = 4.7848 | box = 0.6198 | obj = 1.6438 | cls = 0.0419 | lr = 0.000505
epoch 026 | step 0860 | total = 4.7815 | box = 0.6499 | obj = 1.4888 | cls = 0.0431 | lr = 0.000505
epoch 026 | step 0880 | total = 4.0812 | box = 0.5225 | obj = 1.4245 | cls = 0.0440 | lr = 0.000505
epoch 026 | step 0900 | total = 5.2526 | box = 0.7383 | obj = 1.5270 | cls = 0.0343 | lr = 0.000505
epoch 026 | step 0920 | total = 3.6302 | box = 0.4556 | obj = 1.3116 | cls = 0.0403 | lr = 0.000505
[epoch 026 train] total = 4.5098 | box = 0.5983 | obj = 1.4780 | cls = 0.0405 | steps = 925 | global_batches = 7400 | samples = 118288 | time = 802.5s
[epoch 026 val] total = 4.6216 | box = 0.6142 | obj = 1.5099 | cls = 0.0409 | steps = 40 | global_batches = 320 | samples = 5000 | time = 23.5s
epoch 027 | step 0001 | total = 4.4390 | box = 0.5929 | obj = 1.4283 | cls = 0.0463 | lr = 0.000474
epoch 027 | step 0020 | total = 4.2257 | box = 0.5433 | obj = 1.4669 | cls = 0.0425 | lr = 0.000474
epoch 027 | step 0040 | total = 3.1080 | box = 0.3866 | obj = 1.1337 | cls = 0.0414 | lr = 0.000474
epoch 027 | step 0060 | total = 4.6518 | box = 0.6327 | obj = 1.4505 | cls = 0.0377 | lr = 0.000474
epoch 027 | step 0080 | total = 4.6344 | box = 0.6229 | obj = 1.4766 | cls = 0.0431 | lr = 0.000474
epoch 027 | step 0100 | total = 5.1603 | box = 0.6910 | obj = 1.6635 | cls = 0.0419 | lr = 0.000474
epoch 027 | step 0120 | total = 4.6800 | box = 0.6468 | obj = 1.4080 | cls = 0.0380 | lr = 0.000474
epoch 027 | step 0140 | total = 4.1091 | box = 0.5396 | obj = 1.3647 | cls = 0.0464 | lr = 0.000474
epoch 027 | step 0160 | total = 4.2546 | box = 0.5627 | obj = 1.4011 | cls = 0.0401 | lr = 0.000474
epoch 027 | step 0180 | total = 4.7621 | box = 0.6567 | obj = 1.4447 | cls = 0.0341 | lr = 0.000474
epoch 027 | step 0200 | total = 4.3406 | box = 0.5573 | obj = 1.5076 | cls = 0.0464 | lr = 0.000474
epoch 027 | step 0220 | total = 4.1347 | box = 0.5160 | obj = 1.5137 | cls = 0.0412 | lr = 0.000474
epoch 027 | step 0240 | total = 4.7225 | box = 0.6464 | obj = 1.4470 | cls = 0.0436 | lr = 0.000474
epoch 027 | step 0260 | total = 5.0806 | box = 0.7062 | obj = 1.5155 | cls = 0.0341 | lr = 0.000474
epoch 027 | step 0280 | total = 5.8826 | box = 0.8372 | obj = 1.6502 | cls = 0.0465 | lr = 0.000474
epoch 027 | step 0300 | total = 4.1298 | box = 0.5338 | obj = 1.4162 | cls = 0.0445 | lr = 0.000474
epoch 027 | step 0320 | total = 4.6599 | box = 0.6130 | obj = 1.5528 | cls = 0.0422 | lr = 0.000474
epoch 027 | step 0340 | total = 4.1795 | box = 0.5360 | obj = 1.4640 | cls = 0.0357 | lr = 0.000474
epoch 027 | step 0360 | total = 4.6471 | box = 0.6384 | obj = 1.4169 | cls = 0.0380 | lr = 0.000474
epoch 027 | step 0380 | total = 5.1865 | box = 0.7054 | obj = 1.6248 | cls = 0.0348 | lr = 0.000474
epoch 027 | step 0400 | total = 4.8693 | box = 0.6653 | obj = 1.5016 | cls = 0.0413 | lr = 0.000474
epoch 027 | step 0420 | total = 3.3284 | box = 0.3997 | obj = 1.2913 | cls = 0.0388 | lr = 0.000474
epoch 027 | step 0440 | total = 4.3322 | box = 0.5360 | obj = 1.6066 | cls = 0.0457 | lr = 0.000474
epoch 027 | step 0460 | total = 4.7940 | box = 0.6612 | obj = 1.4470 | cls = 0.0411 | lr = 0.000474
epoch 027 | step 0480 | total = 4.9410 | box = 0.6855 | obj = 1.4814 | cls = 0.0319 | lr = 0.000474
epoch 027 | step 0500 | total = 4.8214 | box = 0.6489 | obj = 1.5238 | cls = 0.0530 | lr = 0.000474
epoch 027 | step 0520 | total = 4.3156 | box = 0.5620 | obj = 1.4655 | cls = 0.0400 | lr = 0.000474
epoch 027 | step 0540 | total = 5.5202 | box = 0.7931 | obj = 1.5186 | cls = 0.0359 | lr = 0.000474
epoch 027 | step 0560 | total = 4.2357 | box = 0.5423 | obj = 1.4832 | cls = 0.0410 | lr = 0.000474
epoch 027 | step 0580 | total = 4.7809 | box = 0.6317 | obj = 1.5830 | cls = 0.0393 | lr = 0.000474
epoch 027 | step 0600 | total = 4.5849 | box = 0.6368 | obj = 1.3600 | cls = 0.0411 | lr = 0.000474
epoch 027 | step 0620 | total = 4.4239 | box = 0.5644 | obj = 1.5599 | cls = 0.0420 | lr = 0.000474
epoch 027 | step 0640 | total = 4.3305 | box = 0.5779 | obj = 1.3974 | cls = 0.0437 | lr = 0.000474
epoch 027 | step 0660 | total = 4.5292 | box = 0.6142 | obj = 1.4281 | cls = 0.0303 | lr = 0.000474
epoch 027 | step 0680 | total = 4.1767 | box = 0.5460 | obj = 1.4032 | cls = 0.0437 | lr = 0.000474
epoch 027 | step 0700 | total = 4.1738 | box = 0.5249 | obj = 1.5095 | cls = 0.0400 | lr = 0.000474
epoch 027 | step 0720 | total = 5.2111 | box = 0.7483 | obj = 1.4394 | cls = 0.0300 | lr = 0.000474
epoch 027 | step 0740 | total = 4.9205 | box = 0.6594 | obj = 1.5851 | cls = 0.0386 | lr = 0.000474
epoch 027 | step 0760 | total = 4.0485 | box = 0.5139 | obj = 1.4362 | cls = 0.0429 | lr = 0.000474
epoch 027 | step 0780 | total = 4.9060 | box = 0.6763 | obj = 1.4923 | cls = 0.0325 | lr = 0.000474
epoch 027 | step 0800 | total = 4.2896 | box = 0.5634 | obj = 1.4278 | cls = 0.0446 | lr = 0.000474
epoch 027 | step 0820 | total = 4.5040 | box = 0.5957 | obj = 1.4838 | cls = 0.0415 | lr = 0.000474
epoch 027 | step 0840 | total = 3.7389 | box = 0.4660 | obj = 1.3708 | cls = 0.0381 | lr = 0.000474
epoch 027 | step 0860 | total = 4.6505 | box = 0.6359 | obj = 1.4340 | cls = 0.0371 | lr = 0.000474
epoch 027 | step 0880 | total = 4.7683 | box = 0.6220 | obj = 1.6102 | cls = 0.0481 | lr = 0.000474
epoch 027 | step 0900 | total = 4.3038 | box = 0.5390 | obj = 1.5741 | cls = 0.0348 | lr = 0.000474
epoch 027 | step 0920 | total = 4.6487 | box = 0.6181 | obj = 1.5233 | cls = 0.0350 | lr = 0.000474
[epoch 027 train] total = 4.4809 | box = 0.5941 | obj = 1.4699 | cls = 0.0402 | steps = 925 | global_batches = 7400 | samples = 118288 | time = 802.3s
[epoch 027 val] total = 4.6020 | box = 0.6108 | obj = 1.5074 | cls = 0.0409 | steps = 40 | global_batches = 320 | samples = 5000 | time = 23.1s
epoch 028 | step 0001 | total = 4.8008 | box = 0.6280 | obj = 1.6097 | cls = 0.0511 | lr = 0.000443
epoch 028 | step 0020 | total = 3.6769 | box = 0.4414 | obj = 1.4291 | cls = 0.0408 | lr = 0.000443
epoch 028 | step 0040 | total = 4.9176 | box = 0.6424 | obj = 1.6606 | cls = 0.0452 | lr = 0.000443
epoch 028 | step 0060 | total = 4.2486 | box = 0.5479 | obj = 1.4742 | cls = 0.0350 | lr = 0.000443
epoch 028 | step 0080 | total = 4.2951 | box = 0.5662 | obj = 1.4304 | cls = 0.0339 | lr = 0.000443
epoch 028 | step 0100 | total = 5.0715 | box = 0.7132 | obj = 1.4696 | cls = 0.0357 | lr = 0.000443
epoch 028 | step 0120 | total = 4.6585 | box = 0.6276 | obj = 1.4789 | cls = 0.0415 | lr = 0.000443
epoch 028 | step 0140 | total = 4.5100 | box = 0.6037 | obj = 1.4536 | cls = 0.0381 | lr = 0.000443
epoch 028 | step 0160 | total = 4.0283 | box = 0.4959 | obj = 1.5052 | cls = 0.0438 | lr = 0.000443
epoch 028 | step 0180 | total = 4.4138 | box = 0.5785 | obj = 1.4805 | cls = 0.0405 | lr = 0.000443
epoch 028 | step 0200 | total = 4.7279 | box = 0.6580 | obj = 1.4033 | cls = 0.0346 | lr = 0.000443
epoch 028 | step 0220 | total = 4.3177 | box = 0.5591 | obj = 1.4831 | cls = 0.0390 | lr = 0.000443
epoch 028 | step 0240 | total = 4.0459 | box = 0.5407 | obj = 1.3047 | cls = 0.0377 | lr = 0.000443
epoch 028 | step 0260 | total = 4.1998 | box = 0.5628 | obj = 1.3532 | cls = 0.0327 | lr = 0.000443
epoch 028 | step 0280 | total = 4.4087 | box = 0.5508 | obj = 1.6015 | cls = 0.0532 | lr = 0.000443
epoch 028 | step 0300 | total = 4.1121 | box = 0.5377 | obj = 1.3799 | cls = 0.0439 | lr = 0.000443
epoch 028 | step 0320 | total = 4.7809 | box = 0.6410 | obj = 1.5407 | cls = 0.0352 | lr = 0.000443
epoch 028 | step 0340 | total = 3.9512 | box = 0.5254 | obj = 1.2885 | cls = 0.0359 | lr = 0.000443
epoch 028 | step 0360 | total = 4.6241 | box = 0.6066 | obj = 1.5491 | cls = 0.0420 | lr = 0.000443
epoch 028 | step 0380 | total = 4.6012 | box = 0.6047 | obj = 1.5364 | cls = 0.0413 | lr = 0.000443
epoch 028 | step 0400 | total = 4.5469 | box = 0.6106 | obj = 1.4577 | cls = 0.0360 | lr = 0.000443
epoch 028 | step 0420 | total = 4.4922 | box = 0.6019 | obj = 1.4500 | cls = 0.0326 | lr = 0.000443
epoch 028 | step 0440 | total = 4.6390 | box = 0.6128 | obj = 1.5361 | cls = 0.0388 | lr = 0.000443
epoch 028 | step 0460 | total = 4.9657 | box = 0.6816 | obj = 1.5183 | cls = 0.0393 | lr = 0.000443
epoch 028 | step 0480 | total = 4.0635 | box = 0.5100 | obj = 1.4721 | cls = 0.0412 | lr = 0.000443
epoch 028 | step 0500 | total = 4.7539 | box = 0.6527 | obj = 1.4528 | cls = 0.0378 | lr = 0.000443
epoch 028 | step 0520 | total = 4.2975 | box = 0.5817 | obj = 1.3517 | cls = 0.0374 | lr = 0.000443
epoch 028 | step 0540 | total = 3.5379 | box = 0.4256 | obj = 1.3683 | cls = 0.0416 | lr = 0.000443
epoch 028 | step 0560 | total = 4.8281 | box = 0.6626 | obj = 1.4736 | cls = 0.0416 | lr = 0.000443
epoch 028 | step 0580 | total = 4.9314 | box = 0.6814 | obj = 1.4895 | cls = 0.0349 | lr = 0.000443
epoch 028 | step 0600 | total = 5.1081 | box = 0.7081 | obj = 1.5332 | cls = 0.0345 | lr = 0.000443
epoch 028 | step 0620 | total = 5.0765 | box = 0.7512 | obj = 1.2891 | cls = 0.0314 | lr = 0.000443
epoch 028 | step 0640 | total = 4.9090 | box = 0.6542 | obj = 1.5953 | cls = 0.0428 | lr = 0.000443
epoch 028 | step 0660 | total = 4.5693 | box = 0.6232 | obj = 1.4173 | cls = 0.0363 | lr = 0.000443
epoch 028 | step 0680 | total = 3.9658 | box = 0.4885 | obj = 1.4874 | cls = 0.0360 | lr = 0.000443
epoch 028 | step 0700 | total = 4.7877 | box = 0.6558 | obj = 1.4737 | cls = 0.0350 | lr = 0.000443
epoch 028 | step 0720 | total = 3.8729 | box = 0.5040 | obj = 1.3160 | cls = 0.0371 | lr = 0.000443
epoch 028 | step 0740 | total = 5.0009 | box = 0.7107 | obj = 1.4186 | cls = 0.0289 | lr = 0.000443
epoch 028 | step 0760 | total = 4.1311 | box = 0.5609 | obj = 1.2952 | cls = 0.0315 | lr = 0.000443
epoch 028 | step 0780 | total = 5.0150 | box = 0.6874 | obj = 1.5394 | cls = 0.0386 | lr = 0.000443
epoch 028 | step 0800 | total = 4.2209 | box = 0.5334 | obj = 1.5148 | cls = 0.0391 | lr = 0.000443
epoch 028 | step 0820 | total = 5.0791 | box = 0.7212 | obj = 1.4434 | cls = 0.0298 | lr = 0.000443
epoch 028 | step 0840 | total = 4.0914 | box = 0.5016 | obj = 1.5385 | cls = 0.0450 | lr = 0.000443
epoch 028 | step 0860 | total = 5.0279 | box = 0.6922 | obj = 1.5295 | cls = 0.0372 | lr = 0.000443
epoch 028 | step 0880 | total = 4.2068 | box = 0.5316 | obj = 1.5057 | cls = 0.0429 | lr = 0.000443
epoch 028 | step 0900 | total = 5.1477 | box = 0.7158 | obj = 1.5323 | cls = 0.0362 | lr = 0.000443
epoch 028 | step 0920 | total = 4.4193 | box = 0.5984 | obj = 1.3881 | cls = 0.0392 | lr = 0.000443
[epoch 028 train] total = 4.4539 | box = 0.5900 | obj = 1.4637 | cls = 0.0400 | steps = 925 | global_batches = 7400 | samples = 118288 | time = 805.9s
[epoch 028 val] total = 4.5702 | box = 0.6060 | obj = 1.4999 | cls = 0.0404 | steps = 40 | global_batches = 320 | samples = 5000 | time = 23.8s
epoch 029 | step 0001 | total = 3.8132 | box = 0.4809 | obj = 1.3647 | cls = 0.0441 | lr = 0.000412
epoch 029 | step 0020 | total = 4.2841 | box = 0.5538 | obj = 1.4747 | cls = 0.0405 | lr = 0.000412
epoch 029 | step 0040 | total = 3.9875 | box = 0.5044 | obj = 1.4163 | cls = 0.0492 | lr = 0.000412
epoch 029 | step 0060 | total = 4.7086 | box = 0.6447 | obj = 1.4390 | cls = 0.0460 | lr = 0.000412
epoch 029 | step 0080 | total = 4.5254 | box = 0.6087 | obj = 1.4449 | cls = 0.0370 | lr = 0.000412
epoch 029 | step 0100 | total = 4.4971 | box = 0.5913 | obj = 1.4952 | cls = 0.0455 | lr = 0.000412
epoch 029 | step 0120 | total = 4.8878 | box = 0.6795 | obj = 1.4567 | cls = 0.0335 | lr = 0.000412
epoch 029 | step 0140 | total = 4.7254 | box = 0.6320 | obj = 1.5112 | cls = 0.0539 | lr = 0.000412
epoch 029 | step 0160 | total = 4.3830 | box = 0.5741 | obj = 1.4781 | cls = 0.0344 | lr = 0.000412
epoch 029 | step 0180 | total = 4.5146 | box = 0.6131 | obj = 1.4091 | cls = 0.0399 | lr = 0.000412
epoch 029 | step 0200 | total = 4.3867 | box = 0.5991 | obj = 1.3576 | cls = 0.0336 | lr = 0.000412
epoch 029 | step 0220 | total = 4.0252 | box = 0.5237 | obj = 1.3651 | cls = 0.0416 | lr = 0.000412
epoch 029 | step 0240 | total = 4.0506 | box = 0.5239 | obj = 1.3887 | cls = 0.0422 | lr = 0.000412
epoch 029 | step 0260 | total = 4.2480 | box = 0.5573 | obj = 1.4218 | cls = 0.0399 | lr = 0.000412
epoch 029 | step 0280 | total = 4.6344 | box = 0.6430 | obj = 1.3814 | cls = 0.0380 | lr = 0.000412
epoch 029 | step 0300 | total = 3.7768 | box = 0.4522 | obj = 1.4771 | cls = 0.0389 | lr = 0.000412
epoch 029 | step 0320 | total = 3.8248 | box = 0.4843 | obj = 1.3701 | cls = 0.0331 | lr = 0.000412
epoch 029 | step 0340 | total = 5.0773 | box = 0.7209 | obj = 1.4377 | cls = 0.0349 | lr = 0.000412
epoch 029 | step 0360 | total = 4.4556 | box = 0.5773 | obj = 1.5276 | cls = 0.0414 | lr = 0.000412
epoch 029 | step 0380 | total = 4.6515 | box = 0.6331 | obj = 1.4519 | cls = 0.0342 | lr = 0.000412
epoch 029 | step 0400 | total = 4.4962 | box = 0.5690 | obj = 1.6043 | cls = 0.0471 | lr = 0.000412
epoch 029 | step 0420 | total = 4.4606 | box = 0.5981 | obj = 1.4319 | cls = 0.0380 | lr = 0.000412
epoch 029 | step 0440 | total = 4.8608 | box = 0.6573 | obj = 1.5321 | cls = 0.0422 | lr = 0.000412
epoch 029 | step 0460 | total = 4.1442 | box = 0.5421 | obj = 1.4016 | cls = 0.0320 | lr = 0.000412
epoch 029 | step 0480 | total = 3.8694 | box = 0.4704 | obj = 1.4664 | cls = 0.0513 | lr = 0.000412
epoch 029 | step 0500 | total = 4.5283 | box = 0.5969 | obj = 1.5017 | cls = 0.0422 | lr = 0.000412
epoch 029 | step 0520 | total = 4.1559 | box = 0.5254 | obj = 1.4882 | cls = 0.0407 | lr = 0.000412
epoch 029 | step 0540 | total = 4.5831 | box = 0.6168 | obj = 1.4654 | cls = 0.0335 | lr = 0.000412
epoch 029 | step 0560 | total = 5.0072 | box = 0.6912 | obj = 1.5194 | cls = 0.0318 | lr = 0.000412
epoch 029 | step 0580 | total = 4.4581 | box = 0.6037 | obj = 1.4074 | cls = 0.0320 | lr = 0.000412
epoch 029 | step 0600 | total = 4.5576 | box = 0.6269 | obj = 1.3946 | cls = 0.0284 | lr = 0.000412
epoch 029 | step 0620 | total = 5.2236 | box = 0.7161 | obj = 1.5977 | cls = 0.0454 | lr = 0.000412
epoch 029 | step 0640 | total = 4.2965 | box = 0.5872 | obj = 1.3283 | cls = 0.0322 | lr = 0.000412
epoch 029 | step 0660 | total = 4.4024 | box = 0.5936 | obj = 1.4016 | cls = 0.0328 | lr = 0.000412
epoch 029 | step 0680 | total = 4.8103 | box = 0.6667 | obj = 1.4381 | cls = 0.0388 | lr = 0.000412
epoch 029 | step 0700 | total = 4.4364 | box = 0.5610 | obj = 1.5831 | cls = 0.0484 | lr = 0.000412
epoch 029 | step 0720 | total = 4.5393 | box = 0.5979 | obj = 1.5048 | cls = 0.0449 | lr = 0.000412
epoch 029 | step 0740 | total = 4.0590 | box = 0.5239 | obj = 1.4024 | cls = 0.0369 | lr = 0.000412
epoch 029 | step 0760 | total = 4.3127 | box = 0.5662 | obj = 1.4466 | cls = 0.0352 | lr = 0.000412
epoch 029 | step 0780 | total = 4.6013 | box = 0.6111 | obj = 1.5051 | cls = 0.0405 | lr = 0.000412
epoch 029 | step 0800 | total = 5.1190 | box = 0.6962 | obj = 1.5949 | cls = 0.0432 | lr = 0.000412
epoch 029 | step 0820 | total = 5.7409 | box = 0.8484 | obj = 1.4595 | cls = 0.0392 | lr = 0.000412
epoch 029 | step 0840 | total = 4.3272 | box = 0.5803 | obj = 1.3873 | cls = 0.0385 | lr = 0.000412
epoch 029 | step 0860 | total = 4.7594 | box = 0.6630 | obj = 1.4075 | cls = 0.0367 | lr = 0.000412
epoch 029 | step 0880 | total = 4.6508 | box = 0.6055 | obj = 1.5750 | cls = 0.0486 | lr = 0.000412
epoch 029 | step 0900 | total = 4.8186 | box = 0.6647 | obj = 1.4587 | cls = 0.0364 | lr = 0.000412
epoch 029 | step 0920 | total = 4.8237 | box = 0.6457 | obj = 1.5618 | cls = 0.0336 | lr = 0.000412
[epoch 029 train] total = 4.4260 | box = 0.5861 | obj = 1.4558 | cls = 0.0397 | steps = 925 | global_batches = 7400 | samples = 118288 | time = 801.5s
[epoch 029 val] total = 4.5746 | box = 0.6061 | obj = 1.5040 | cls = 0.0400 | steps = 40 | global_batches = 320 | samples = 5000 | time = 23.6s
epoch 030 | step 0001 | total = 4.2939 | box = 0.5436 | obj = 1.5414 | cls = 0.0343 | lr = 0.000382
epoch 030 | step 0020 | total = 3.9465 | box = 0.5077 | obj = 1.3744 | cls = 0.0338 | lr = 0.000382
epoch 030 | step 0040 | total = 4.3736 | box = 0.5730 | obj = 1.4679 | cls = 0.0406 | lr = 0.000382
epoch 030 | step 0060 | total = 4.3331 | box = 0.5708 | obj = 1.4312 | cls = 0.0477 | lr = 0.000382
epoch 030 | step 0080 | total = 4.8424 | box = 0.6655 | obj = 1.4827 | cls = 0.0322 | lr = 0.000382
epoch 030 | step 0100 | total = 4.1893 | box = 0.5433 | obj = 1.4300 | cls = 0.0429 | lr = 0.000382
epoch 030 | step 0120 | total = 4.1841 | box = 0.5171 | obj = 1.5614 | cls = 0.0374 | lr = 0.000382
epoch 030 | step 0140 | total = 5.0958 | box = 0.6987 | obj = 1.5695 | cls = 0.0326 | lr = 0.000382
epoch 030 | step 0160 | total = 4.6278 | box = 0.6190 | obj = 1.4933 | cls = 0.0394 | lr = 0.000382
epoch 030 | step 0180 | total = 3.9481 | box = 0.4975 | obj = 1.4212 | cls = 0.0394 | lr = 0.000382
epoch 030 | step 0200 | total = 4.5416 | box = 0.5977 | obj = 1.5196 | cls = 0.0335 | lr = 0.000382
epoch 030 | step 0220 | total = 3.6598 | box = 0.4530 | obj = 1.3527 | cls = 0.0421 | lr = 0.000382
epoch 030 | step 0240 | total = 3.9014 | box = 0.4883 | obj = 1.4214 | cls = 0.0383 | lr = 0.000382
epoch 030 | step 0260 | total = 4.7967 | box = 0.6593 | obj = 1.4544 | cls = 0.0457 | lr = 0.000382
epoch 030 | step 0280 | total = 4.3896 | box = 0.5917 | obj = 1.3902 | cls = 0.0408 | lr = 0.000382
epoch 030 | step 0300 | total = 4.8685 | box = 0.6491 | obj = 1.5874 | cls = 0.0356 | lr = 0.000382
epoch 030 | step 0320 | total = 4.8707 | box = 0.6867 | obj = 1.3955 | cls = 0.0416 | lr = 0.000382
epoch 030 | step 0340 | total = 4.6622 | box = 0.6018 | obj = 1.6039 | cls = 0.0492 | lr = 0.000382
epoch 030 | step 0360 | total = 4.2169 | box = 0.5448 | obj = 1.4520 | cls = 0.0410 | lr = 0.000382
epoch 030 | step 0380 | total = 4.5899 | box = 0.6271 | obj = 1.4141 | cls = 0.0403 | lr = 0.000382
epoch 030 | step 0400 | total = 4.8257 | box = 0.6646 | obj = 1.4591 | cls = 0.0434 | lr = 0.000382
epoch 030 | step 0420 | total = 4.4562 | box = 0.5692 | obj = 1.5602 | cls = 0.0500 | lr = 0.000382
epoch 030 | step 0440 | total = 4.3349 | box = 0.5525 | obj = 1.5385 | cls = 0.0340 | lr = 0.000382
epoch 030 | step 0460 | total = 4.8601 | box = 0.6602 | obj = 1.5139 | cls = 0.0454 | lr = 0.000382
epoch 030 | step 0480 | total = 4.0394 | box = 0.5130 | obj = 1.4360 | cls = 0.0382 | lr = 0.000382
epoch 030 | step 0500 | total = 4.0369 | box = 0.5040 | obj = 1.4791 | cls = 0.0380 | lr = 0.000382
epoch 030 | step 0520 | total = 5.0177 | box = 0.7022 | obj = 1.4658 | cls = 0.0411 | lr = 0.000382
epoch 030 | step 0540 | total = 4.7256 | box = 0.6265 | obj = 1.5548 | cls = 0.0382 | lr = 0.000382
epoch 030 | step 0560 | total = 4.5412 | box = 0.5981 | obj = 1.5058 | cls = 0.0451 | lr = 0.000382
epoch 030 | step 0580 | total = 4.8241 | box = 0.6799 | obj = 1.3919 | cls = 0.0326 | lr = 0.000382
epoch 030 | step 0600 | total = 3.5942 | box = 0.4363 | obj = 1.3769 | cls = 0.0356 | lr = 0.000382
epoch 030 | step 0620 | total = 5.0097 | box = 0.7118 | obj = 1.4142 | cls = 0.0364 | lr = 0.000382
epoch 030 | step 0640 | total = 5.1859 | box = 0.7164 | obj = 1.5577 | cls = 0.0461 | lr = 0.000382
epoch 030 | step 0660 | total = 4.8482 | box = 0.6577 | obj = 1.5232 | cls = 0.0367 | lr = 0.000382
epoch 030 | step 0680 | total = 4.1189 | box = 0.5364 | obj = 1.4000 | cls = 0.0369 | lr = 0.000382
epoch 030 | step 0700 | total = 4.0332 | box = 0.5161 | obj = 1.4103 | cls = 0.0422 | lr = 0.000382
epoch 030 | step 0720 | total = 4.5060 | box = 0.5682 | obj = 1.6221 | cls = 0.0429 | lr = 0.000382
epoch 030 | step 0740 | total = 4.2957 | box = 0.5728 | obj = 1.3885 | cls = 0.0430 | lr = 0.000382
epoch 030 | step 0760 | total = 4.1201 | box = 0.5112 | obj = 1.5242 | cls = 0.0399 | lr = 0.000382
epoch 030 | step 0780 | total = 4.3821 | box = 0.6032 | obj = 1.3326 | cls = 0.0336 | lr = 0.000382
epoch 030 | step 0800 | total = 3.6043 | box = 0.4306 | obj = 1.3971 | cls = 0.0541 | lr = 0.000382
epoch 030 | step 0820 | total = 5.0180 | box = 0.7098 | obj = 1.4296 | cls = 0.0392 | lr = 0.000382
epoch 030 | step 0840 | total = 4.6796 | box = 0.6413 | obj = 1.4389 | cls = 0.0339 | lr = 0.000382
epoch 030 | step 0860 | total = 4.0348 | box = 0.5140 | obj = 1.4284 | cls = 0.0364 | lr = 0.000382
epoch 030 | step 0880 | total = 4.4069 | box = 0.5672 | obj = 1.5291 | cls = 0.0419 | lr = 0.000382
epoch 030 | step 0900 | total = 5.0225 | box = 0.7029 | obj = 1.4769 | cls = 0.0312 | lr = 0.000382
epoch 030 | step 0920 | total = 4.7244 | box = 0.6352 | obj = 1.5108 | cls = 0.0375 | lr = 0.000382
[epoch 030 train] total = 4.4005 | box = 0.5824 | obj = 1.4492 | cls = 0.0395 | steps = 925 | global_batches = 7400 | samples = 118288 | time = 802.2s
[epoch 030 val] total = 4.5524 | box = 0.6040 | obj = 1.4922 | cls = 0.0400 | steps = 40 | global_batches = 320 | samples = 5000 | time = 23.1s
epoch 031 | step 0001 | total = 4.4192 | box = 0.5682 | obj = 1.5319 | cls = 0.0462 | lr = 0.000352
epoch 031 | step 0020 | total = 5.0189 | box = 0.7073 | obj = 1.4475 | cls = 0.0352 | lr = 0.000352
epoch 031 | step 0040 | total = 4.4305 | box = 0.5634 | obj = 1.5712 | cls = 0.0420 | lr = 0.000352
epoch 031 | step 0060 | total = 3.5513 | box = 0.4428 | obj = 1.2943 | cls = 0.0431 | lr = 0.000352
epoch 031 | step 0080 | total = 4.3030 | box = 0.5556 | obj = 1.4922 | cls = 0.0327 | lr = 0.000352
epoch 031 | step 0100 | total = 4.3671 | box = 0.5744 | obj = 1.4672 | cls = 0.0277 | lr = 0.000352
epoch 031 | step 0120 | total = 5.1726 | box = 0.7201 | obj = 1.5326 | cls = 0.0393 | lr = 0.000352
epoch 031 | step 0140 | total = 5.1436 | box = 0.7174 | obj = 1.5223 | cls = 0.0340 | lr = 0.000352
epoch 031 | step 0160 | total = 4.9207 | box = 0.6706 | obj = 1.5320 | cls = 0.0358 | lr = 0.000352
epoch 031 | step 0180 | total = 4.8683 | box = 0.6689 | obj = 1.4830 | cls = 0.0408 | lr = 0.000352
epoch 031 | step 0200 | total = 4.3202 | box = 0.5768 | obj = 1.3984 | cls = 0.0376 | lr = 0.000352
epoch 031 | step 0220 | total = 4.9036 | box = 0.6593 | obj = 1.5626 | cls = 0.0447 | lr = 0.000352
epoch 031 | step 0240 | total = 4.3714 | box = 0.5708 | obj = 1.4787 | cls = 0.0389 | lr = 0.000352
epoch 031 | step 0260 | total = 4.8414 | box = 0.6341 | obj = 1.6291 | cls = 0.0419 | lr = 0.000352
epoch 031 | step 0280 | total = 3.5957 | box = 0.4515 | obj = 1.3020 | cls = 0.0364 | lr = 0.000352
epoch 031 | step 0300 | total = 4.0601 | box = 0.5419 | obj = 1.3109 | cls = 0.0397 | lr = 0.000352
epoch 031 | step 0320 | total = 3.6126 | box = 0.4599 | obj = 1.2807 | cls = 0.0323 | lr = 0.000352
epoch 031 | step 0340 | total = 3.8911 | box = 0.4767 | obj = 1.4611 | cls = 0.0465 | lr = 0.000352
epoch 031 | step 0360 | total = 3.7892 | box = 0.4930 | obj = 1.2853 | cls = 0.0388 | lr = 0.000352
epoch 031 | step 0380 | total = 4.5312 | box = 0.6084 | obj = 1.4495 | cls = 0.0395 | lr = 0.000352
epoch 031 | step 0400 | total = 4.7729 | box = 0.6449 | obj = 1.5080 | cls = 0.0405 | lr = 0.000352
epoch 031 | step 0420 | total = 4.6392 | box = 0.6150 | obj = 1.5146 | cls = 0.0495 | lr = 0.000352
epoch 031 | step 0440 | total = 4.4516 | box = 0.6013 | obj = 1.4092 | cls = 0.0357 | lr = 0.000352
epoch 031 | step 0460 | total = 4.5282 | box = 0.6215 | obj = 1.3792 | cls = 0.0416 | lr = 0.000352
epoch 031 | step 0480 | total = 4.9853 | box = 0.6909 | obj = 1.4979 | cls = 0.0331 | lr = 0.000352
epoch 031 | step 0500 | total = 4.9269 | box = 0.6723 | obj = 1.5315 | cls = 0.0339 | lr = 0.000352
epoch 031 | step 0520 | total = 4.6459 | box = 0.6290 | obj = 1.4638 | cls = 0.0371 | lr = 0.000352
epoch 031 | step 0540 | total = 5.0123 | box = 0.6550 | obj = 1.7003 | cls = 0.0372 | lr = 0.000352
epoch 031 | step 0560 | total = 4.3932 | box = 0.5658 | obj = 1.5222 | cls = 0.0421 | lr = 0.000352
epoch 031 | step 0580 | total = 3.6305 | box = 0.4487 | obj = 1.3435 | cls = 0.0434 | lr = 0.000352
epoch 031 | step 0600 | total = 4.3912 | box = 0.5931 | obj = 1.3810 | cls = 0.0447 | lr = 0.000352
epoch 031 | step 0620 | total = 4.3206 | box = 0.5513 | obj = 1.5236 | cls = 0.0406 | lr = 0.000352
epoch 031 | step 0640 | total = 4.3327 | box = 0.5865 | obj = 1.3675 | cls = 0.0327 | lr = 0.000352
epoch 031 | step 0660 | total = 4.7764 | box = 0.6374 | obj = 1.5479 | cls = 0.0414 | lr = 0.000352
epoch 031 | step 0680 | total = 4.4663 | box = 0.5676 | obj = 1.5864 | cls = 0.0421 | lr = 0.000352
epoch 031 | step 0700 | total = 4.4670 | box = 0.5826 | obj = 1.5106 | cls = 0.0434 | lr = 0.000352
epoch 031 | step 0720 | total = 4.3243 | box = 0.5621 | obj = 1.4741 | cls = 0.0397 | lr = 0.000352
epoch 031 | step 0740 | total = 4.2097 | box = 0.5329 | obj = 1.5038 | cls = 0.0414 | lr = 0.000352
epoch 031 | step 0760 | total = 4.2699 | box = 0.5490 | obj = 1.4860 | cls = 0.0390 | lr = 0.000352
epoch 031 | step 0780 | total = 4.5003 | box = 0.5847 | obj = 1.5367 | cls = 0.0401 | lr = 0.000352
epoch 031 | step 0800 | total = 4.4591 | box = 0.5949 | obj = 1.4469 | cls = 0.0379 | lr = 0.000352
epoch 031 | step 0820 | total = 3.2829 | box = 0.3818 | obj = 1.3222 | cls = 0.0519 | lr = 0.000352
epoch 031 | step 0840 | total = 3.6803 | box = 0.4457 | obj = 1.4069 | cls = 0.0448 | lr = 0.000352
epoch 031 | step 0860 | total = 4.0732 | box = 0.5382 | obj = 1.3510 | cls = 0.0312 | lr = 0.000352
epoch 031 | step 0880 | total = 3.9107 | box = 0.4735 | obj = 1.4991 | cls = 0.0441 | lr = 0.000352
epoch 031 | step 0900 | total = 4.4169 | box = 0.5886 | obj = 1.4386 | cls = 0.0353 | lr = 0.000352
epoch 031 | step 0920 | total = 4.5940 | box = 0.5964 | obj = 1.5674 | cls = 0.0445 | lr = 0.000352
[epoch 031 train] total = 4.3774 | box = 0.5790 | obj = 1.4429 | cls = 0.0393 | steps = 925 | global_batches = 7400 | samples = 118288 | time = 802.8s
[epoch 031 val] total = 4.5180 | box = 0.5992 | obj = 1.4822 | cls = 0.0396 | steps = 40 | global_batches = 320 | samples = 5000 | time = 23.2s
epoch 032 | step 0001 | total = 4.5843 | box = 0.6247 | obj = 1.4239 | cls = 0.0369 | lr = 0.000323
epoch 032 | step 0020 | total = 4.2768 | box = 0.5584 | obj = 1.4488 | cls = 0.0362 | lr = 0.000323
epoch 032 | step 0040 | total = 4.3595 | box = 0.6095 | obj = 1.2816 | cls = 0.0304 | lr = 0.000323
epoch 032 | step 0060 | total = 4.8972 | box = 0.7005 | obj = 1.3654 | cls = 0.0294 | lr = 0.000323
epoch 032 | step 0080 | total = 4.6284 | box = 0.5878 | obj = 1.6476 | cls = 0.0417 | lr = 0.000323
epoch 032 | step 0100 | total = 4.4389 | box = 0.5938 | obj = 1.4261 | cls = 0.0437 | lr = 0.000323
epoch 032 | step 0120 | total = 4.1116 | box = 0.5317 | obj = 1.4107 | cls = 0.0422 | lr = 0.000323
epoch 032 | step 0140 | total = 3.8681 | box = 0.4943 | obj = 1.3592 | cls = 0.0373 | lr = 0.000323
epoch 032 | step 0160 | total = 4.2870 | box = 0.5853 | obj = 1.3248 | cls = 0.0355 | lr = 0.000323
epoch 032 | step 0180 | total = 4.1013 | box = 0.5373 | obj = 1.3775 | cls = 0.0370 | lr = 0.000323
epoch 032 | step 0200 | total = 3.7920 | box = 0.4606 | obj = 1.4430 | cls = 0.0460 | lr = 0.000323
epoch 032 | step 0220 | total = 5.3468 | box = 0.7557 | obj = 1.5286 | cls = 0.0398 | lr = 0.000323
epoch 032 | step 0240 | total = 3.7913 | box = 0.4846 | obj = 1.3347 | cls = 0.0334 | lr = 0.000323
epoch 032 | step 0260 | total = 4.6438 | box = 0.6412 | obj = 1.3988 | cls = 0.0390 | lr = 0.000323
epoch 032 | step 0280 | total = 4.5833 | box = 0.5827 | obj = 1.6376 | cls = 0.0320 | lr = 0.000323
epoch 032 | step 0300 | total = 3.9722 | box = 0.5197 | obj = 1.3381 | cls = 0.0358 | lr = 0.000323
epoch 032 | step 0320 | total = 4.1003 | box = 0.5335 | obj = 1.3930 | cls = 0.0398 | lr = 0.000323
epoch 032 | step 0340 | total = 4.8319 | box = 0.6524 | obj = 1.5350 | cls = 0.0347 | lr = 0.000323
epoch 032 | step 0360 | total = 4.1390 | box = 0.5540 | obj = 1.3395 | cls = 0.0297 | lr = 0.000323
epoch 032 | step 0380 | total = 3.9993 | box = 0.4895 | obj = 1.5066 | cls = 0.0453 | lr = 0.000323
epoch 032 | step 0400 | total = 4.7445 | box = 0.6769 | obj = 1.3306 | cls = 0.0294 | lr = 0.000323
epoch 032 | step 0420 | total = 3.2930 | box = 0.4069 | obj = 1.2052 | cls = 0.0531 | lr = 0.000323
epoch 032 | step 0440 | total = 4.3271 | box = 0.5321 | obj = 1.6273 | cls = 0.0394 | lr = 0.000323
epoch 032 | step 0460 | total = 4.0081 | box = 0.5074 | obj = 1.4313 | cls = 0.0396 | lr = 0.000323
epoch 032 | step 0480 | total = 4.3131 | box = 0.5804 | obj = 1.3766 | cls = 0.0345 | lr = 0.000323
epoch 032 | step 0500 | total = 3.9304 | box = 0.4694 | obj = 1.5346 | cls = 0.0490 | lr = 0.000323
epoch 032 | step 0520 | total = 4.4984 | box = 0.6010 | obj = 1.4539 | cls = 0.0397 | lr = 0.000323
epoch 032 | step 0540 | total = 4.6395 | box = 0.6346 | obj = 1.4333 | cls = 0.0332 | lr = 0.000323
epoch 032 | step 0560 | total = 4.4907 | box = 0.6052 | obj = 1.4211 | cls = 0.0434 | lr = 0.000323
epoch 032 | step 0580 | total = 4.9700 | box = 0.6947 | obj = 1.4608 | cls = 0.0357 | lr = 0.000323
epoch 032 | step 0600 | total = 3.7643 | box = 0.4815 | obj = 1.3258 | cls = 0.0311 | lr = 0.000323
epoch 032 | step 0620 | total = 4.4722 | box = 0.6032 | obj = 1.4227 | cls = 0.0333 | lr = 0.000323
epoch 032 | step 0640 | total = 5.0184 | box = 0.7167 | obj = 1.3995 | cls = 0.0357 | lr = 0.000323
epoch 032 | step 0660 | total = 4.1606 | box = 0.5349 | obj = 1.4491 | cls = 0.0368 | lr = 0.000323
epoch 032 | step 0680 | total = 3.6386 | box = 0.4541 | obj = 1.3275 | cls = 0.0405 | lr = 0.000323
epoch 032 | step 0700 | total = 4.3327 | box = 0.5842 | obj = 1.3690 | cls = 0.0425 | lr = 0.000323
epoch 032 | step 0720 | total = 4.3208 | box = 0.5551 | obj = 1.5088 | cls = 0.0364 | lr = 0.000323
epoch 032 | step 0740 | total = 3.9635 | box = 0.5016 | obj = 1.4157 | cls = 0.0397 | lr = 0.000323
epoch 032 | step 0760 | total = 4.3925 | box = 0.5863 | obj = 1.4202 | cls = 0.0407 | lr = 0.000323
epoch 032 | step 0780 | total = 4.2257 | box = 0.5418 | obj = 1.4715 | cls = 0.0452 | lr = 0.000323
epoch 032 | step 0800 | total = 4.1077 | box = 0.5382 | obj = 1.3815 | cls = 0.0354 | lr = 0.000323
epoch 032 | step 0820 | total = 3.9714 | box = 0.5076 | obj = 1.3899 | cls = 0.0432 | lr = 0.000323
epoch 032 | step 0840 | total = 3.7659 | box = 0.4964 | obj = 1.2388 | cls = 0.0449 | lr = 0.000323
epoch 032 | step 0860 | total = 3.9076 | box = 0.5209 | obj = 1.2678 | cls = 0.0355 | lr = 0.000323
epoch 032 | step 0880 | total = 4.1041 | box = 0.4981 | obj = 1.5633 | cls = 0.0503 | lr = 0.000323
epoch 032 | step 0900 | total = 4.3245 | box = 0.5719 | obj = 1.4321 | cls = 0.0327 | lr = 0.000323
epoch 032 | step 0920 | total = 4.5669 | box = 0.6279 | obj = 1.3958 | cls = 0.0314 | lr = 0.000323
[epoch 032 train] total = 4.3463 | box = 0.5746 | obj = 1.4342 | cls = 0.0391 | steps = 925 | global_batches = 7400 | samples = 118288 | time = 803.0s
[epoch 032 val] total = 4.5165 | box = 0.5978 | obj = 1.4879 | cls = 0.0398 | steps = 40 | global_batches = 320 | samples = 5000 | time = 23.3s
epoch 033 | step 0001 | total = 4.4291 | box = 0.5758 | obj = 1.5037 | cls = 0.0462 | lr = 0.000294
epoch 033 | step 0020 | total = 4.4683 | box = 0.5972 | obj = 1.4391 | cls = 0.0431 | lr = 0.000294
epoch 033 | step 0040 | total = 4.3059 | box = 0.5278 | obj = 1.6033 | cls = 0.0636 | lr = 0.000294
epoch 033 | step 0060 | total = 3.3295 | box = 0.4063 | obj = 1.2532 | cls = 0.0445 | lr = 0.000294
epoch 033 | step 0080 | total = 5.0766 | box = 0.7017 | obj = 1.5303 | cls = 0.0380 | lr = 0.000294
epoch 033 | step 0100 | total = 4.4352 | box = 0.5747 | obj = 1.5228 | cls = 0.0391 | lr = 0.000294
epoch 033 | step 0120 | total = 4.8968 | box = 0.7102 | obj = 1.3171 | cls = 0.0285 | lr = 0.000294
epoch 033 | step 0140 | total = 5.1938 | box = 0.7239 | obj = 1.5388 | cls = 0.0356 | lr = 0.000294
epoch 033 | step 0160 | total = 4.3839 | box = 0.5701 | obj = 1.4846 | cls = 0.0488 | lr = 0.000294
epoch 033 | step 0180 | total = 4.1734 | box = 0.5596 | obj = 1.3426 | cls = 0.0327 | lr = 0.000294
epoch 033 | step 0200 | total = 4.7486 | box = 0.6439 | obj = 1.4848 | cls = 0.0444 | lr = 0.000294
epoch 033 | step 0220 | total = 4.0286 | box = 0.5262 | obj = 1.3574 | cls = 0.0402 | lr = 0.000294
epoch 033 | step 0240 | total = 4.5220 | box = 0.6014 | obj = 1.4798 | cls = 0.0354 | lr = 0.000294
epoch 033 | step 0260 | total = 4.2647 | box = 0.5403 | obj = 1.5234 | cls = 0.0398 | lr = 0.000294
epoch 033 | step 0280 | total = 4.4076 | box = 0.5927 | obj = 1.4060 | cls = 0.0381 | lr = 0.000294
epoch 033 | step 0300 | total = 4.5589 | box = 0.6106 | obj = 1.4716 | cls = 0.0345 | lr = 0.000294
epoch 033 | step 0320 | total = 3.3474 | box = 0.4027 | obj = 1.2914 | cls = 0.0426 | lr = 0.000294
epoch 033 | step 0340 | total = 5.4329 | box = 0.7664 | obj = 1.5616 | cls = 0.0392 | lr = 0.000294
epoch 033 | step 0360 | total = 4.0877 | box = 0.5260 | obj = 1.4124 | cls = 0.0451 | lr = 0.000294
epoch 033 | step 0380 | total = 4.1479 | box = 0.5539 | obj = 1.3357 | cls = 0.0428 | lr = 0.000294
epoch 033 | step 0400 | total = 4.1500 | box = 0.5373 | obj = 1.4228 | cls = 0.0410 | lr = 0.000294
epoch 033 | step 0420 | total = 4.7227 | box = 0.6808 | obj = 1.2846 | cls = 0.0341 | lr = 0.000294
epoch 033 | step 0440 | total = 3.6259 | box = 0.4466 | obj = 1.3504 | cls = 0.0425 | lr = 0.000294
epoch 033 | step 0460 | total = 4.0835 | box = 0.5277 | obj = 1.4161 | cls = 0.0290 | lr = 0.000294
epoch 033 | step 0480 | total = 4.0470 | box = 0.5278 | obj = 1.3735 | cls = 0.0343 | lr = 0.000294
epoch 033 | step 0500 | total = 5.1984 | box = 0.7204 | obj = 1.5535 | cls = 0.0431 | lr = 0.000294
epoch 033 | step 0520 | total = 4.0430 | box = 0.5228 | obj = 1.3937 | cls = 0.0354 | lr = 0.000294
epoch 033 | step 0540 | total = 4.9575 | box = 0.6812 | obj = 1.5119 | cls = 0.0397 | lr = 0.000294
epoch 033 | step 0560 | total = 3.6547 | box = 0.4319 | obj = 1.4544 | cls = 0.0409 | lr = 0.000294
epoch 033 | step 0580 | total = 4.3410 | box = 0.5709 | obj = 1.4390 | cls = 0.0473 | lr = 0.000294
epoch 033 | step 0600 | total = 4.0451 | box = 0.5017 | obj = 1.4943 | cls = 0.0420 | lr = 0.000294
epoch 033 | step 0620 | total = 4.6303 | box = 0.6352 | obj = 1.4147 | cls = 0.0398 | lr = 0.000294
epoch 033 | step 0640 | total = 4.4821 | box = 0.6070 | obj = 1.4085 | cls = 0.0387 | lr = 0.000294
epoch 033 | step 0660 | total = 4.7381 | box = 0.6521 | obj = 1.4368 | cls = 0.0409 | lr = 0.000294
epoch 033 | step 0680 | total = 4.5062 | box = 0.6524 | obj = 1.2095 | cls = 0.0346 | lr = 0.000294
epoch 033 | step 0700 | total = 3.3891 | box = 0.3926 | obj = 1.3906 | cls = 0.0356 | lr = 0.000294
epoch 033 | step 0720 | total = 4.0736 | box = 0.5227 | obj = 1.4180 | cls = 0.0423 | lr = 0.000294
epoch 033 | step 0740 | total = 4.0686 | box = 0.5483 | obj = 1.2916 | cls = 0.0353 | lr = 0.000294
epoch 033 | step 0760 | total = 4.3367 | box = 0.5849 | obj = 1.3831 | cls = 0.0293 | lr = 0.000294
epoch 033 | step 0780 | total = 4.2170 | box = 0.5343 | obj = 1.5055 | cls = 0.0400 | lr = 0.000294
epoch 033 | step 0800 | total = 5.2317 | box = 0.7499 | obj = 1.4441 | cls = 0.0382 | lr = 0.000294
epoch 033 | step 0820 | total = 4.8221 | box = 0.6625 | obj = 1.4732 | cls = 0.0364 | lr = 0.000294
epoch 033 | step 0840 | total = 3.6238 | box = 0.4281 | obj = 1.4435 | cls = 0.0397 | lr = 0.000294
epoch 033 | step 0860 | total = 4.9257 | box = 0.6899 | obj = 1.4464 | cls = 0.0298 | lr = 0.000294
epoch 033 | step 0880 | total = 4.8680 | box = 0.6441 | obj = 1.6059 | cls = 0.0414 | lr = 0.000294
epoch 033 | step 0900 | total = 3.5619 | box = 0.4405 | obj = 1.3227 | cls = 0.0368 | lr = 0.000294
epoch 033 | step 0920 | total = 3.6385 | box = 0.4515 | obj = 1.3399 | cls = 0.0412 | lr = 0.000294
[epoch 033 train] total = 4.3277 | box = 0.5719 | obj = 1.4290 | cls = 0.0390 | steps = 925 | global_batches = 7400 | samples = 118288 | time = 803.6s
[epoch 033 val] total = 4.5146 | box = 0.5969 | obj = 1.4909 | cls = 0.0393 | steps = 40 | global_batches = 320 | samples = 5000 | time = 23.5s
epoch 034 | step 0001 | total = 3.6734 | box = 0.4169 | obj = 1.5435 | cls = 0.0456 | lr = 0.000267
epoch 034 | step 0020 | total = 4.6011 | box = 0.5966 | obj = 1.5786 | cls = 0.0397 | lr = 0.000267
epoch 034 | step 0040 | total = 4.0107 | box = 0.5279 | obj = 1.3216 | cls = 0.0497 | lr = 0.000267
epoch 034 | step 0060 | total = 4.0054 | box = 0.5398 | obj = 1.2680 | cls = 0.0386 | lr = 0.000267
epoch 034 | step 0080 | total = 4.4141 | box = 0.5760 | obj = 1.4925 | cls = 0.0417 | lr = 0.000267
epoch 034 | step 0100 | total = 4.0500 | box = 0.5293 | obj = 1.3664 | cls = 0.0374 | lr = 0.000267
epoch 034 | step 0120 | total = 5.0918 | box = 0.6866 | obj = 1.6135 | cls = 0.0450 | lr = 0.000267
epoch 034 | step 0140 | total = 4.2777 | box = 0.5600 | obj = 1.4393 | cls = 0.0385 | lr = 0.000267
epoch 034 | step 0160 | total = 4.2465 | box = 0.5542 | obj = 1.4357 | cls = 0.0397 | lr = 0.000267
epoch 034 | step 0180 | total = 4.3356 | box = 0.5735 | obj = 1.4301 | cls = 0.0381 | lr = 0.000267
epoch 034 | step 0200 | total = 3.2870 | box = 0.3968 | obj = 1.2661 | cls = 0.0369 | lr = 0.000267
epoch 034 | step 0220 | total = 4.1919 | box = 0.5330 | obj = 1.4909 | cls = 0.0359 | lr = 0.000267
epoch 034 | step 0240 | total = 3.7845 | box = 0.4730 | obj = 1.3793 | cls = 0.0400 | lr = 0.000267
epoch 034 | step 0260 | total = 4.1257 | box = 0.5185 | obj = 1.4920 | cls = 0.0412 | lr = 0.000267
epoch 034 | step 0280 | total = 3.3704 | box = 0.4197 | obj = 1.2315 | cls = 0.0402 | lr = 0.000267
epoch 034 | step 0300 | total = 4.1916 | box = 0.5678 | obj = 1.3021 | cls = 0.0506 | lr = 0.000267
epoch 034 | step 0320 | total = 3.8332 | box = 0.4927 | obj = 1.3230 | cls = 0.0469 | lr = 0.000267
epoch 034 | step 0340 | total = 4.1946 | box = 0.5517 | obj = 1.3948 | cls = 0.0413 | lr = 0.000267
epoch 034 | step 0360 | total = 3.6245 | box = 0.4488 | obj = 1.3423 | cls = 0.0380 | lr = 0.000267
epoch 034 | step 0380 | total = 3.4249 | box = 0.4167 | obj = 1.2983 | cls = 0.0433 | lr = 0.000267
epoch 034 | step 0400 | total = 4.1803 | box = 0.5521 | obj = 1.3852 | cls = 0.0346 | lr = 0.000267
epoch 034 | step 0420 | total = 4.3633 | box = 0.5538 | obj = 1.5550 | cls = 0.0392 | lr = 0.000267
epoch 034 | step 0440 | total = 4.3296 | box = 0.5544 | obj = 1.5189 | cls = 0.0385 | lr = 0.000267
epoch 034 | step 0460 | total = 4.5770 | box = 0.6013 | obj = 1.5308 | cls = 0.0395 | lr = 0.000267
epoch 034 | step 0480 | total = 3.9434 | box = 0.5079 | obj = 1.3631 | cls = 0.0407 | lr = 0.000267
epoch 034 | step 0500 | total = 4.3344 | box = 0.5642 | obj = 1.4714 | cls = 0.0422 | lr = 0.000267
epoch 034 | step 0520 | total = 4.3431 | box = 0.5778 | obj = 1.4102 | cls = 0.0441 | lr = 0.000267
epoch 034 | step 0540 | total = 4.4002 | box = 0.5933 | obj = 1.3999 | cls = 0.0338 | lr = 0.000267
epoch 034 | step 0560 | total = 4.3875 | box = 0.5785 | obj = 1.4603 | cls = 0.0347 | lr = 0.000267
epoch 034 | step 0580 | total = 4.2121 | box = 0.5800 | obj = 1.2828 | cls = 0.0295 | lr = 0.000267
epoch 034 | step 0600 | total = 3.5603 | box = 0.4417 | obj = 1.3075 | cls = 0.0443 | lr = 0.000267
epoch 034 | step 0620 | total = 4.4693 | box = 0.5945 | obj = 1.4550 | cls = 0.0417 | lr = 0.000267
epoch 034 | step 0640 | total = 4.6455 | box = 0.6331 | obj = 1.4455 | cls = 0.0344 | lr = 0.000267
epoch 034 | step 0660 | total = 4.1233 | box = 0.5544 | obj = 1.3227 | cls = 0.0288 | lr = 0.000267
epoch 034 | step 0680 | total = 4.5772 | box = 0.6197 | obj = 1.4406 | cls = 0.0381 | lr = 0.000267
epoch 034 | step 0700 | total = 4.1467 | box = 0.5302 | obj = 1.4491 | cls = 0.0466 | lr = 0.000267
epoch 034 | step 0720 | total = 4.8038 | box = 0.6492 | obj = 1.5206 | cls = 0.0370 | lr = 0.000267
epoch 034 | step 0740 | total = 3.9942 | box = 0.5066 | obj = 1.4183 | cls = 0.0430 | lr = 0.000267
epoch 034 | step 0760 | total = 4.2342 | box = 0.5201 | obj = 1.5923 | cls = 0.0415 | lr = 0.000267
epoch 034 | step 0780 | total = 4.0778 | box = 0.5381 | obj = 1.3510 | cls = 0.0364 | lr = 0.000267
epoch 034 | step 0800 | total = 4.5322 | box = 0.6018 | obj = 1.4879 | cls = 0.0351 | lr = 0.000267
epoch 034 | step 0820 | total = 3.7347 | box = 0.4739 | obj = 1.3330 | cls = 0.0322 | lr = 0.000267
epoch 034 | step 0840 | total = 4.3448 | box = 0.5576 | obj = 1.5209 | cls = 0.0360 | lr = 0.000267
epoch 034 | step 0860 | total = 4.6283 | box = 0.6304 | obj = 1.4373 | cls = 0.0393 | lr = 0.000267
epoch 034 | step 0880 | total = 5.2721 | box = 0.7693 | obj = 1.3876 | cls = 0.0381 | lr = 0.000267
epoch 034 | step 0900 | total = 3.8673 | box = 0.4565 | obj = 1.5444 | cls = 0.0405 | lr = 0.000267
epoch 034 | step 0920 | total = 4.0770 | box = 0.5197 | obj = 1.4432 | cls = 0.0354 | lr = 0.000267
[epoch 034 train] total = 4.3019 | box = 0.5685 | obj = 1.4209 | cls = 0.0387 | steps = 925 | global_batches = 7400 | samples = 118288 | time = 804.1s
[epoch 034 val] total = 4.4889 | box = 0.5938 | obj = 1.4806 | cls = 0.0393 | steps = 40 | global_batches = 320 | samples = 5000 | time = 23.5s
epoch 035 | step 0001 | total = 4.7597 | box = 0.6544 | obj = 1.4498 | cls = 0.0376 | lr = 0.000240
epoch 035 | step 0020 | total = 3.6920 | box = 0.4495 | obj = 1.4072 | cls = 0.0374 | lr = 0.000240
epoch 035 | step 0040 | total = 4.7454 | box = 0.6232 | obj = 1.5867 | cls = 0.0430 | lr = 0.000240
epoch 035 | step 0060 | total = 3.8834 | box = 0.5052 | obj = 1.3171 | cls = 0.0401 | lr = 0.000240
epoch 035 | step 0080 | total = 5.3310 | box = 0.7540 | obj = 1.5265 | cls = 0.0345 | lr = 0.000240
epoch 035 | step 0100 | total = 3.9395 | box = 0.4979 | obj = 1.4210 | cls = 0.0288 | lr = 0.000240
epoch 035 | step 0120 | total = 4.4779 | box = 0.6166 | obj = 1.3634 | cls = 0.0314 | lr = 0.000240
epoch 035 | step 0140 | total = 4.2012 | box = 0.5227 | obj = 1.5422 | cls = 0.0454 | lr = 0.000240
epoch 035 | step 0160 | total = 4.6996 | box = 0.6424 | obj = 1.4522 | cls = 0.0353 | lr = 0.000240
epoch 035 | step 0180 | total = 3.8057 | box = 0.4946 | obj = 1.2997 | cls = 0.0327 | lr = 0.000240
epoch 035 | step 0200 | total = 4.1462 | box = 0.5535 | obj = 1.3455 | cls = 0.0333 | lr = 0.000240
epoch 035 | step 0220 | total = 4.9951 | box = 0.6969 | obj = 1.4728 | cls = 0.0376 | lr = 0.000240
epoch 035 | step 0240 | total = 4.3973 | box = 0.5930 | obj = 1.3993 | cls = 0.0333 | lr = 0.000240
epoch 035 | step 0260 | total = 3.7279 | box = 0.4623 | obj = 1.3732 | cls = 0.0432 | lr = 0.000240
epoch 035 | step 0280 | total = 4.3403 | box = 0.5843 | obj = 1.3834 | cls = 0.0353 | lr = 0.000240
epoch 035 | step 0300 | total = 3.8107 | box = 0.4785 | obj = 1.3822 | cls = 0.0362 | lr = 0.000240
epoch 035 | step 0320 | total = 3.6907 | box = 0.4544 | obj = 1.3886 | cls = 0.0300 | lr = 0.000240
epoch 035 | step 0340 | total = 4.4539 | box = 0.5975 | obj = 1.4342 | cls = 0.0324 | lr = 0.000240
epoch 035 | step 0360 | total = 3.9662 | box = 0.5082 | obj = 1.3883 | cls = 0.0367 | lr = 0.000240
epoch 035 | step 0380 | total = 4.2074 | box = 0.5317 | obj = 1.5116 | cls = 0.0374 | lr = 0.000240
epoch 035 | step 0400 | total = 4.5765 | box = 0.6203 | obj = 1.4362 | cls = 0.0387 | lr = 0.000240
epoch 035 | step 0420 | total = 4.7848 | box = 0.6644 | obj = 1.4293 | cls = 0.0335 | lr = 0.000240
epoch 035 | step 0440 | total = 3.6325 | box = 0.4511 | obj = 1.3372 | cls = 0.0397 | lr = 0.000240
epoch 035 | step 0460 | total = 3.8335 | box = 0.4737 | obj = 1.4051 | cls = 0.0600 | lr = 0.000240
epoch 035 | step 0480 | total = 4.7448 | box = 0.6340 | obj = 1.5374 | cls = 0.0372 | lr = 0.000240
epoch 035 | step 0500 | total = 3.8731 | box = 0.4989 | obj = 1.3451 | cls = 0.0335 | lr = 0.000240
epoch 035 | step 0520 | total = 4.2371 | box = 0.5574 | obj = 1.4077 | cls = 0.0422 | lr = 0.000240
epoch 035 | step 0540 | total = 4.5044 | box = 0.5836 | obj = 1.5441 | cls = 0.0422 | lr = 0.000240
epoch 035 | step 0560 | total = 4.2723 | box = 0.5523 | obj = 1.4647 | cls = 0.0461 | lr = 0.000240
epoch 035 | step 0580 | total = 3.5056 | box = 0.4307 | obj = 1.3093 | cls = 0.0429 | lr = 0.000240
epoch 035 | step 0600 | total = 4.4244 | box = 0.5749 | obj = 1.5064 | cls = 0.0436 | lr = 0.000240
epoch 035 | step 0620 | total = 3.5554 | box = 0.4420 | obj = 1.2982 | cls = 0.0473 | lr = 0.000240
epoch 035 | step 0640 | total = 3.5300 | box = 0.4247 | obj = 1.3696 | cls = 0.0372 | lr = 0.000240
epoch 035 | step 0660 | total = 4.5881 | box = 0.6103 | obj = 1.4980 | cls = 0.0388 | lr = 0.000240
epoch 035 | step 0680 | total = 4.7080 | box = 0.6601 | obj = 1.3686 | cls = 0.0389 | lr = 0.000240
epoch 035 | step 0700 | total = 3.6941 | box = 0.4825 | obj = 1.2477 | cls = 0.0341 | lr = 0.000240
epoch 035 | step 0720 | total = 3.9917 | box = 0.5256 | obj = 1.3250 | cls = 0.0389 | lr = 0.000240
epoch 035 | step 0740 | total = 4.4870 | box = 0.5813 | obj = 1.5435 | cls = 0.0369 | lr = 0.000240
epoch 035 | step 0760 | total = 4.3668 | box = 0.5702 | obj = 1.4646 | cls = 0.0512 | lr = 0.000240
epoch 035 | step 0780 | total = 3.6126 | box = 0.4608 | obj = 1.2498 | cls = 0.0589 | lr = 0.000240
epoch 035 | step 0800 | total = 3.7740 | box = 0.4905 | obj = 1.2837 | cls = 0.0376 | lr = 0.000240
epoch 035 | step 0820 | total = 5.0537 | box = 0.6961 | obj = 1.5368 | cls = 0.0364 | lr = 0.000240
epoch 035 | step 0840 | total = 3.6010 | box = 0.4523 | obj = 1.3044 | cls = 0.0351 | lr = 0.000240
epoch 035 | step 0860 | total = 3.8412 | box = 0.4734 | obj = 1.4264 | cls = 0.0479 | lr = 0.000240
epoch 035 | step 0880 | total = 4.0255 | box = 0.5186 | obj = 1.3947 | cls = 0.0377 | lr = 0.000240
epoch 035 | step 0900 | total = 3.9217 | box = 0.4791 | obj = 1.4817 | cls = 0.0446 | lr = 0.000240
epoch 035 | step 0920 | total = 5.0376 | box = 0.7032 | obj = 1.4854 | cls = 0.0362 | lr = 0.000240
[epoch 035 train] total = 4.2813 | box = 0.5655 | obj = 1.4153 | cls = 0.0386 | steps = 925 | global_batches = 7400 | samples = 118288 | time = 804.3s
[epoch 035 val] total = 4.4766 | box = 0.5913 | obj = 1.4810 | cls = 0.0391 | steps = 40 | global_batches = 320 | samples = 5000 | time = 23.5s
epoch 036 | step 0001 | total = 5.1707 | box = 0.6933 | obj = 1.6692 | cls = 0.0349 | lr = 0.000214
epoch 036 | step 0020 | total = 3.4465 | box = 0.4140 | obj = 1.3436 | cls = 0.0329 | lr = 0.000214
epoch 036 | step 0040 | total = 4.7257 | box = 0.6079 | obj = 1.6486 | cls = 0.0378 | lr = 0.000214
epoch 036 | step 0060 | total = 4.8362 | box = 0.6476 | obj = 1.5619 | cls = 0.0364 | lr = 0.000214
epoch 036 | step 0080 | total = 4.7171 | box = 0.6579 | obj = 1.3912 | cls = 0.0361 | lr = 0.000214
epoch 036 | step 0100 | total = 4.2373 | box = 0.5641 | obj = 1.3837 | cls = 0.0331 | lr = 0.000214
epoch 036 | step 0120 | total = 5.0392 | box = 0.7133 | obj = 1.4369 | cls = 0.0359 | lr = 0.000214
epoch 036 | step 0140 | total = 4.9219 | box = 0.6805 | obj = 1.4780 | cls = 0.0414 | lr = 0.000214
epoch 036 | step 0160 | total = 4.0793 | box = 0.5162 | obj = 1.4662 | cls = 0.0321 | lr = 0.000214
epoch 036 | step 0180 | total = 4.0352 | box = 0.5512 | obj = 1.2505 | cls = 0.0285 | lr = 0.000214
epoch 036 | step 0200 | total = 4.8417 | box = 0.6409 | obj = 1.5997 | cls = 0.0376 | lr = 0.000214
epoch 036 | step 0220 | total = 5.0086 | box = 0.6961 | obj = 1.4952 | cls = 0.0326 | lr = 0.000214
epoch 036 | step 0240 | total = 3.9368 | box = 0.5158 | obj = 1.3183 | cls = 0.0397 | lr = 0.000214
epoch 036 | step 0260 | total = 4.9672 | box = 0.6801 | obj = 1.5271 | cls = 0.0396 | lr = 0.000214
epoch 036 | step 0280 | total = 3.5844 | box = 0.4444 | obj = 1.3287 | cls = 0.0337 | lr = 0.000214
epoch 036 | step 0300 | total = 3.2722 | box = 0.4116 | obj = 1.1712 | cls = 0.0428 | lr = 0.000214
epoch 036 | step 0320 | total = 3.9967 | box = 0.5021 | obj = 1.4428 | cls = 0.0434 | lr = 0.000214
epoch 036 | step 0340 | total = 4.1829 | box = 0.5211 | obj = 1.5382 | cls = 0.0390 | lr = 0.000214
epoch 036 | step 0360 | total = 4.4848 | box = 0.6204 | obj = 1.3456 | cls = 0.0375 | lr = 0.000214
epoch 036 | step 0380 | total = 4.0931 | box = 0.5522 | obj = 1.3020 | cls = 0.0299 | lr = 0.000214
epoch 036 | step 0400 | total = 3.9552 | box = 0.4905 | obj = 1.4634 | cls = 0.0393 | lr = 0.000214
epoch 036 | step 0420 | total = 4.1598 | box = 0.5634 | obj = 1.3183 | cls = 0.0246 | lr = 0.000214
epoch 036 | step 0440 | total = 4.3016 | box = 0.5897 | obj = 1.3207 | cls = 0.0323 | lr = 0.000214
epoch 036 | step 0460 | total = 4.3091 | box = 0.5500 | obj = 1.5154 | cls = 0.0436 | lr = 0.000214
epoch 036 | step 0480 | total = 3.6083 | box = 0.4695 | obj = 1.2268 | cls = 0.0339 | lr = 0.000214
epoch 036 | step 0500 | total = 4.2331 | box = 0.5583 | obj = 1.3978 | cls = 0.0437 | lr = 0.000214
epoch 036 | step 0520 | total = 3.6511 | box = 0.4440 | obj = 1.3680 | cls = 0.0633 | lr = 0.000214
epoch 036 | step 0540 | total = 4.0442 | box = 0.5198 | obj = 1.4113 | cls = 0.0338 | lr = 0.000214
epoch 036 | step 0560 | total = 4.2972 | box = 0.5564 | obj = 1.4798 | cls = 0.0352 | lr = 0.000214
epoch 036 | step 0580 | total = 4.3739 | box = 0.5754 | obj = 1.4618 | cls = 0.0349 | lr = 0.000214
epoch 036 | step 0600 | total = 4.8261 | box = 0.6683 | obj = 1.4492 | cls = 0.0352 | lr = 0.000214
epoch 036 | step 0620 | total = 4.6416 | box = 0.6111 | obj = 1.5495 | cls = 0.0367 | lr = 0.000214
epoch 036 | step 0640 | total = 4.7152 | box = 0.6512 | obj = 1.4275 | cls = 0.0319 | lr = 0.000214
epoch 036 | step 0660 | total = 4.4855 | box = 0.6059 | obj = 1.4181 | cls = 0.0379 | lr = 0.000214
epoch 036 | step 0680 | total = 4.1530 | box = 0.5472 | obj = 1.3838 | cls = 0.0332 | lr = 0.000214
epoch 036 | step 0700 | total = 3.9849 | box = 0.5282 | obj = 1.3151 | cls = 0.0290 | lr = 0.000214
epoch 036 | step 0720 | total = 4.5045 | box = 0.5760 | obj = 1.5788 | cls = 0.0455 | lr = 0.000214
epoch 036 | step 0740 | total = 4.1726 | box = 0.5139 | obj = 1.5603 | cls = 0.0427 | lr = 0.000214
epoch 036 | step 0760 | total = 4.2628 | box = 0.5842 | obj = 1.3066 | cls = 0.0353 | lr = 0.000214
epoch 036 | step 0780 | total = 3.7378 | box = 0.4739 | obj = 1.3337 | cls = 0.0347 | lr = 0.000214
epoch 036 | step 0800 | total = 4.6311 | box = 0.6423 | obj = 1.3843 | cls = 0.0354 | lr = 0.000214
epoch 036 | step 0820 | total = 4.1207 | box = 0.5770 | obj = 1.1995 | cls = 0.0361 | lr = 0.000214
epoch 036 | step 0840 | total = 4.6013 | box = 0.6173 | obj = 1.4746 | cls = 0.0403 | lr = 0.000214
epoch 036 | step 0860 | total = 4.0490 | box = 0.5289 | obj = 1.3578 | cls = 0.0466 | lr = 0.000214
epoch 036 | step 0880 | total = 3.8823 | box = 0.5110 | obj = 1.2899 | cls = 0.0376 | lr = 0.000214
epoch 036 | step 0900 | total = 4.3400 | box = 0.5542 | obj = 1.5248 | cls = 0.0440 | lr = 0.000214
epoch 036 | step 0920 | total = 4.8664 | box = 0.6809 | obj = 1.4280 | cls = 0.0336 | lr = 0.000214
[epoch 036 train] total = 4.2596 | box = 0.5625 | obj = 1.4085 | cls = 0.0384 | steps = 925 | global_batches = 7400 | samples = 118288 | time = 806.9s
[epoch 036 val] total = 4.4536 | box = 0.5885 | obj = 1.4722 | cls = 0.0390 | steps = 40 | global_batches = 320 | samples = 5000 | time = 23.3s
epoch 037 | step 0001 | total = 4.2273 | box = 0.5791 | obj = 1.2980 | cls = 0.0338 | lr = 0.000189
epoch 037 | step 0020 | total = 4.6551 | box = 0.6171 | obj = 1.5242 | cls = 0.0454 | lr = 0.000189
epoch 037 | step 0040 | total = 3.9669 | box = 0.4769 | obj = 1.5411 | cls = 0.0411 | lr = 0.000189
epoch 037 | step 0060 | total = 4.2686 | box = 0.5872 | obj = 1.2872 | cls = 0.0452 | lr = 0.000189
epoch 037 | step 0080 | total = 4.1623 | box = 0.5468 | obj = 1.3883 | cls = 0.0398 | lr = 0.000189
epoch 037 | step 0100 | total = 4.0500 | box = 0.5500 | obj = 1.2659 | cls = 0.0338 | lr = 0.000189
epoch 037 | step 0120 | total = 5.0608 | box = 0.6824 | obj = 1.6154 | cls = 0.0335 | lr = 0.000189
epoch 037 | step 0140 | total = 3.7448 | box = 0.4853 | obj = 1.2792 | cls = 0.0391 | lr = 0.000189
epoch 037 | step 0160 | total = 3.3226 | box = 0.3926 | obj = 1.3167 | cls = 0.0431 | lr = 0.000189
epoch 037 | step 0180 | total = 4.4812 | box = 0.5930 | obj = 1.4799 | cls = 0.0363 | lr = 0.000189
epoch 037 | step 0200 | total = 3.2194 | box = 0.3730 | obj = 1.3026 | cls = 0.0519 | lr = 0.000189
epoch 037 | step 0220 | total = 4.7789 | box = 0.6822 | obj = 1.3360 | cls = 0.0321 | lr = 0.000189
epoch 037 | step 0240 | total = 3.9347 | box = 0.5121 | obj = 1.3362 | cls = 0.0382 | lr = 0.000189
epoch 037 | step 0260 | total = 4.6760 | box = 0.6167 | obj = 1.5476 | cls = 0.0448 | lr = 0.000189
epoch 037 | step 0280 | total = 4.3326 | box = 0.5942 | obj = 1.3309 | cls = 0.0309 | lr = 0.000189
epoch 037 | step 0300 | total = 4.5913 | box = 0.6227 | obj = 1.4483 | cls = 0.0292 | lr = 0.000189
epoch 037 | step 0320 | total = 4.0291 | box = 0.5387 | obj = 1.2950 | cls = 0.0408 | lr = 0.000189
epoch 037 | step 0340 | total = 4.5767 | box = 0.6252 | obj = 1.4191 | cls = 0.0318 | lr = 0.000189
epoch 037 | step 0360 | total = 4.2625 | box = 0.5405 | obj = 1.5205 | cls = 0.0396 | lr = 0.000189
epoch 037 | step 0380 | total = 3.5533 | box = 0.4412 | obj = 1.3137 | cls = 0.0335 | lr = 0.000189
epoch 037 | step 0400 | total = 4.7271 | box = 0.6316 | obj = 1.5349 | cls = 0.0344 | lr = 0.000189
epoch 037 | step 0420 | total = 4.0417 | box = 0.5308 | obj = 1.3497 | cls = 0.0380 | lr = 0.000189
epoch 037 | step 0440 | total = 4.3876 | box = 0.5904 | obj = 1.4012 | cls = 0.0346 | lr = 0.000189
epoch 037 | step 0460 | total = 3.5763 | box = 0.4566 | obj = 1.2506 | cls = 0.0427 | lr = 0.000189
epoch 037 | step 0480 | total = 5.1831 | box = 0.7477 | obj = 1.4127 | cls = 0.0319 | lr = 0.000189
epoch 037 | step 0500 | total = 3.4250 | box = 0.4351 | obj = 1.2140 | cls = 0.0357 | lr = 0.000189
epoch 037 | step 0520 | total = 4.5124 | box = 0.5724 | obj = 1.5981 | cls = 0.0521 | lr = 0.000189
epoch 037 | step 0540 | total = 4.0352 | box = 0.5336 | obj = 1.3313 | cls = 0.0358 | lr = 0.000189
epoch 037 | step 0560 | total = 4.1709 | box = 0.5520 | obj = 1.3764 | cls = 0.0345 | lr = 0.000189
epoch 037 | step 0580 | total = 4.3306 | box = 0.5919 | obj = 1.3415 | cls = 0.0294 | lr = 0.000189
epoch 037 | step 0600 | total = 4.3883 | box = 0.5934 | obj = 1.3916 | cls = 0.0298 | lr = 0.000189
epoch 037 | step 0620 | total = 3.6249 | box = 0.4452 | obj = 1.3551 | cls = 0.0439 | lr = 0.000189
epoch 037 | step 0640 | total = 4.0045 | box = 0.5102 | obj = 1.4142 | cls = 0.0395 | lr = 0.000189
epoch 037 | step 0660 | total = 4.2751 | box = 0.5818 | obj = 1.3369 | cls = 0.0294 | lr = 0.000189
epoch 037 | step 0680 | total = 4.5255 | box = 0.6188 | obj = 1.4019 | cls = 0.0294 | lr = 0.000189
epoch 037 | step 0700 | total = 5.2335 | box = 0.7427 | obj = 1.4788 | cls = 0.0414 | lr = 0.000189
epoch 037 | step 0720 | total = 4.0486 | box = 0.5330 | obj = 1.3476 | cls = 0.0362 | lr = 0.000189
epoch 037 | step 0740 | total = 3.2746 | box = 0.3987 | obj = 1.2382 | cls = 0.0429 | lr = 0.000189
epoch 037 | step 0760 | total = 4.1148 | box = 0.5476 | obj = 1.3391 | cls = 0.0379 | lr = 0.000189
epoch 037 | step 0780 | total = 4.4539 | box = 0.5770 | obj = 1.5355 | cls = 0.0334 | lr = 0.000189
epoch 037 | step 0800 | total = 4.1111 | box = 0.5424 | obj = 1.3610 | cls = 0.0379 | lr = 0.000189
epoch 037 | step 0820 | total = 3.4732 | box = 0.4165 | obj = 1.3527 | cls = 0.0380 | lr = 0.000189
epoch 037 | step 0840 | total = 4.2296 | box = 0.5576 | obj = 1.4113 | cls = 0.0302 | lr = 0.000189
epoch 037 | step 0860 | total = 3.5271 | box = 0.4319 | obj = 1.3319 | cls = 0.0354 | lr = 0.000189
epoch 037 | step 0880 | total = 4.2843 | box = 0.5774 | obj = 1.3554 | cls = 0.0421 | lr = 0.000189
epoch 037 | step 0900 | total = 3.6035 | box = 0.4549 | obj = 1.2933 | cls = 0.0357 | lr = 0.000189
epoch 037 | step 0920 | total = 3.6031 | box = 0.4526 | obj = 1.3021 | cls = 0.0379 | lr = 0.000189
[epoch 037 train] total = 4.2398 | box = 0.5597 | obj = 1.4029 | cls = 0.0383 | steps = 925 | global_batches = 7400 | samples = 118288 | time = 805.7s
[epoch 037 val] total = 4.4469 | box = 0.5871 | obj = 1.4725 | cls = 0.0389 | steps = 40 | global_batches = 320 | samples = 5000 | time = 24.1s
epoch 038 | step 0001 | total = 4.0650 | box = 0.5431 | obj = 1.3071 | cls = 0.0426 | lr = 0.000166
epoch 038 | step 0020 | total = 4.5077 | box = 0.5785 | obj = 1.5722 | cls = 0.0430 | lr = 0.000166
epoch 038 | step 0040 | total = 4.7209 | box = 0.6313 | obj = 1.5238 | cls = 0.0406 | lr = 0.000166
epoch 038 | step 0060 | total = 4.5224 | box = 0.6024 | obj = 1.4705 | cls = 0.0398 | lr = 0.000166
epoch 038 | step 0080 | total = 4.0761 | box = 0.5061 | obj = 1.4952 | cls = 0.0502 | lr = 0.000166
epoch 038 | step 0100 | total = 3.8383 | box = 0.5035 | obj = 1.2905 | cls = 0.0301 | lr = 0.000166
epoch 038 | step 0120 | total = 4.7134 | box = 0.6436 | obj = 1.4654 | cls = 0.0300 | lr = 0.000166
epoch 038 | step 0140 | total = 3.8410 | box = 0.4905 | obj = 1.3533 | cls = 0.0351 | lr = 0.000166
epoch 038 | step 0160 | total = 4.5089 | box = 0.5753 | obj = 1.5929 | cls = 0.0395 | lr = 0.000166
epoch 038 | step 0180 | total = 5.2237 | box = 0.7825 | obj = 1.2799 | cls = 0.0314 | lr = 0.000166
epoch 038 | step 0200 | total = 4.9923 | box = 0.6858 | obj = 1.5276 | cls = 0.0355 | lr = 0.000166
epoch 038 | step 0220 | total = 4.3180 | box = 0.5866 | obj = 1.3525 | cls = 0.0324 | lr = 0.000166
epoch 038 | step 0240 | total = 4.5758 | box = 0.6014 | obj = 1.5298 | cls = 0.0389 | lr = 0.000166
epoch 038 | step 0260 | total = 4.4937 | box = 0.6401 | obj = 1.2645 | cls = 0.0289 | lr = 0.000166
epoch 038 | step 0280 | total = 4.6347 | box = 0.5961 | obj = 1.6175 | cls = 0.0369 | lr = 0.000166
epoch 038 | step 0300 | total = 3.8902 | box = 0.5128 | obj = 1.2941 | cls = 0.0320 | lr = 0.000166
epoch 038 | step 0320 | total = 3.9571 | box = 0.5116 | obj = 1.3538 | cls = 0.0451 | lr = 0.000166
epoch 038 | step 0340 | total = 4.1737 | box = 0.5410 | obj = 1.4231 | cls = 0.0455 | lr = 0.000166
epoch 038 | step 0360 | total = 4.6748 | box = 0.6380 | obj = 1.4565 | cls = 0.0284 | lr = 0.000166
epoch 038 | step 0380 | total = 4.4690 | box = 0.5674 | obj = 1.5937 | cls = 0.0381 | lr = 0.000166
epoch 038 | step 0400 | total = 4.3821 | box = 0.5608 | obj = 1.5421 | cls = 0.0360 | lr = 0.000166
epoch 038 | step 0420 | total = 3.7278 | box = 0.4300 | obj = 1.5361 | cls = 0.0417 | lr = 0.000166
epoch 038 | step 0440 | total = 4.3310 | box = 0.5873 | obj = 1.3565 | cls = 0.0381 | lr = 0.000166
epoch 038 | step 0460 | total = 4.8841 | box = 0.6887 | obj = 1.4022 | cls = 0.0386 | lr = 0.000166
epoch 038 | step 0480 | total = 4.8018 | box = 0.6619 | obj = 1.4576 | cls = 0.0347 | lr = 0.000166
epoch 038 | step 0500 | total = 3.9200 | box = 0.5058 | obj = 1.3550 | cls = 0.0362 | lr = 0.000166
epoch 038 | step 0520 | total = 4.4095 | box = 0.6018 | obj = 1.3632 | cls = 0.0373 | lr = 0.000166
epoch 038 | step 0540 | total = 4.5173 | box = 0.6028 | obj = 1.4659 | cls = 0.0372 | lr = 0.000166
epoch 038 | step 0560 | total = 5.0903 | box = 0.7058 | obj = 1.5265 | cls = 0.0346 | lr = 0.000166
epoch 038 | step 0580 | total = 4.6156 | box = 0.6255 | obj = 1.4470 | cls = 0.0412 | lr = 0.000166
epoch 038 | step 0600 | total = 3.8596 | box = 0.5107 | obj = 1.2710 | cls = 0.0351 | lr = 0.000166
epoch 038 | step 0620 | total = 4.5916 | box = 0.6028 | obj = 1.5376 | cls = 0.0401 | lr = 0.000166
epoch 038 | step 0640 | total = 4.2521 | box = 0.5410 | obj = 1.5095 | cls = 0.0375 | lr = 0.000166
epoch 038 | step 0660 | total = 3.5267 | box = 0.4437 | obj = 1.2735 | cls = 0.0347 | lr = 0.000166
epoch 038 | step 0680 | total = 2.9271 | box = 0.3370 | obj = 1.2043 | cls = 0.0376 | lr = 0.000166
epoch 038 | step 0700 | total = 4.3989 | box = 0.6043 | obj = 1.3459 | cls = 0.0316 | lr = 0.000166
epoch 038 | step 0720 | total = 4.0144 | box = 0.5250 | obj = 1.3550 | cls = 0.0345 | lr = 0.000166
epoch 038 | step 0740 | total = 4.0286 | box = 0.5108 | obj = 1.4389 | cls = 0.0356 | lr = 0.000166
epoch 038 | step 0760 | total = 3.7564 | box = 0.4753 | obj = 1.3508 | cls = 0.0291 | lr = 0.000166
epoch 038 | step 0780 | total = 3.9737 | box = 0.5164 | obj = 1.3625 | cls = 0.0293 | lr = 0.000166
epoch 038 | step 0800 | total = 4.1654 | box = 0.5381 | obj = 1.4357 | cls = 0.0391 | lr = 0.000166
epoch 038 | step 0820 | total = 4.6786 | box = 0.6399 | obj = 1.4403 | cls = 0.0387 | lr = 0.000166
epoch 038 | step 0840 | total = 4.8369 | box = 0.6636 | obj = 1.4858 | cls = 0.0331 | lr = 0.000166
epoch 038 | step 0860 | total = 4.0959 | box = 0.5421 | obj = 1.3561 | cls = 0.0291 | lr = 0.000166
epoch 038 | step 0880 | total = 3.0988 | box = 0.3637 | obj = 1.2316 | cls = 0.0485 | lr = 0.000166
epoch 038 | step 0900 | total = 4.6727 | box = 0.6368 | obj = 1.4532 | cls = 0.0356 | lr = 0.000166
epoch 038 | step 0920 | total = 4.1735 | box = 0.5278 | obj = 1.4862 | cls = 0.0482 | lr = 0.000166
[epoch 038 train] total = 4.2234 | box = 0.5573 | obj = 1.3986 | cls = 0.0381 | steps = 925 | global_batches = 7400 | samples = 118288 | time = 806.3s
[epoch 038 val] total = 4.4540 | box = 0.5872 | obj = 1.4792 | cls = 0.0387 | steps = 40 | global_batches = 320 | samples = 5000 | time = 23.5s
epoch 039 | step 0001 | total = 3.9099 | box = 0.5159 | obj = 1.2967 | cls = 0.0340 | lr = 0.000144
epoch 039 | step 0020 | total = 5.2250 | box = 0.7557 | obj = 1.4114 | cls = 0.0348 | lr = 0.000144
epoch 039 | step 0040 | total = 3.9572 | box = 0.5020 | obj = 1.4102 | cls = 0.0369 | lr = 0.000144
epoch 039 | step 0060 | total = 4.2436 | box = 0.5602 | obj = 1.4030 | cls = 0.0397 | lr = 0.000144
epoch 039 | step 0080 | total = 4.5209 | box = 0.6195 | obj = 1.3884 | cls = 0.0351 | lr = 0.000144
epoch 039 | step 0100 | total = 3.2628 | box = 0.3987 | obj = 1.2294 | cls = 0.0401 | lr = 0.000144
epoch 039 | step 0120 | total = 3.8988 | box = 0.5058 | obj = 1.3319 | cls = 0.0378 | lr = 0.000144
epoch 039 | step 0140 | total = 4.0889 | box = 0.5120 | obj = 1.4939 | cls = 0.0350 | lr = 0.000144
epoch 039 | step 0160 | total = 4.4076 | box = 0.5964 | obj = 1.3888 | cls = 0.0366 | lr = 0.000144
epoch 039 | step 0180 | total = 4.7421 | box = 0.6376 | obj = 1.5217 | cls = 0.0326 | lr = 0.000144
epoch 039 | step 0200 | total = 4.1723 | box = 0.5418 | obj = 1.4213 | cls = 0.0423 | lr = 0.000144
epoch 039 | step 0220 | total = 3.8893 | box = 0.4724 | obj = 1.4752 | cls = 0.0521 | lr = 0.000144
epoch 039 | step 0240 | total = 4.2104 | box = 0.5600 | obj = 1.3712 | cls = 0.0395 | lr = 0.000144
epoch 039 | step 0260 | total = 4.6055 | box = 0.6149 | obj = 1.4931 | cls = 0.0379 | lr = 0.000144
epoch 039 | step 0280 | total = 4.1995 | box = 0.5499 | obj = 1.4134 | cls = 0.0365 | lr = 0.000144
epoch 039 | step 0300 | total = 3.6925 | box = 0.4789 | obj = 1.2597 | cls = 0.0385 | lr = 0.000144
epoch 039 | step 0320 | total = 4.0495 | box = 0.5355 | obj = 1.3291 | cls = 0.0427 | lr = 0.000144
epoch 039 | step 0340 | total = 4.0493 | box = 0.5313 | obj = 1.3558 | cls = 0.0370 | lr = 0.000144
epoch 039 | step 0360 | total = 4.0218 | box = 0.5282 | obj = 1.3527 | cls = 0.0283 | lr = 0.000144
epoch 039 | step 0380 | total = 4.3885 | box = 0.6088 | obj = 1.3101 | cls = 0.0345 | lr = 0.000144
epoch 039 | step 0400 | total = 3.4291 | box = 0.4152 | obj = 1.3078 | cls = 0.0451 | lr = 0.000144
epoch 039 | step 0420 | total = 4.9710 | box = 0.6907 | obj = 1.4783 | cls = 0.0393 | lr = 0.000144
epoch 039 | step 0440 | total = 3.8006 | box = 0.4643 | obj = 1.4337 | cls = 0.0456 | lr = 0.000144
epoch 039 | step 0460 | total = 5.3383 | box = 0.7698 | obj = 1.4479 | cls = 0.0414 | lr = 0.000144
epoch 039 | step 0480 | total = 4.2668 | box = 0.5450 | obj = 1.5008 | cls = 0.0409 | lr = 0.000144
epoch 039 | step 0500 | total = 5.1531 | box = 0.7044 | obj = 1.5934 | cls = 0.0376 | lr = 0.000144
epoch 039 | step 0520 | total = 4.3896 | box = 0.5877 | obj = 1.4113 | cls = 0.0400 | lr = 0.000144
epoch 039 | step 0540 | total = 4.2222 | box = 0.5424 | obj = 1.4797 | cls = 0.0306 | lr = 0.000144
epoch 039 | step 0560 | total = 3.6174 | box = 0.4233 | obj = 1.4618 | cls = 0.0390 | lr = 0.000144
epoch 039 | step 0580 | total = 3.6657 | box = 0.4520 | obj = 1.3688 | cls = 0.0370 | lr = 0.000144
epoch 039 | step 0600 | total = 3.1700 | box = 0.3921 | obj = 1.1777 | cls = 0.0319 | lr = 0.000144
epoch 039 | step 0620 | total = 4.8999 | box = 0.6937 | obj = 1.3968 | cls = 0.0348 | lr = 0.000144
epoch 039 | step 0640 | total = 4.0057 | box = 0.5106 | obj = 1.4151 | cls = 0.0378 | lr = 0.000144
epoch 039 | step 0660 | total = 3.8875 | box = 0.5122 | obj = 1.2872 | cls = 0.0394 | lr = 0.000144
epoch 039 | step 0680 | total = 4.9877 | box = 0.6656 | obj = 1.6062 | cls = 0.0538 | lr = 0.000144
epoch 039 | step 0700 | total = 4.4314 | box = 0.6219 | obj = 1.2850 | cls = 0.0369 | lr = 0.000144
epoch 039 | step 0720 | total = 4.2748 | box = 0.5663 | obj = 1.4050 | cls = 0.0385 | lr = 0.000144
epoch 039 | step 0740 | total = 3.9039 | box = 0.4977 | obj = 1.3782 | cls = 0.0374 | lr = 0.000144
epoch 039 | step 0760 | total = 3.9275 | box = 0.5110 | obj = 1.3338 | cls = 0.0388 | lr = 0.000144
epoch 039 | step 0780 | total = 4.4844 | box = 0.6109 | obj = 1.3961 | cls = 0.0338 | lr = 0.000144
epoch 039 | step 0800 | total = 4.4179 | box = 0.5870 | obj = 1.4466 | cls = 0.0361 | lr = 0.000144
epoch 039 | step 0820 | total = 3.6398 | box = 0.4769 | obj = 1.2186 | cls = 0.0369 | lr = 0.000144
epoch 039 | step 0840 | total = 3.9045 | box = 0.5006 | obj = 1.3641 | cls = 0.0373 | lr = 0.000144
epoch 039 | step 0860 | total = 5.1153 | box = 0.7390 | obj = 1.3829 | cls = 0.0375 | lr = 0.000144
epoch 039 | step 0880 | total = 3.8896 | box = 0.5046 | obj = 1.3264 | cls = 0.0404 | lr = 0.000144
epoch 039 | step 0900 | total = 5.0773 | box = 0.7046 | obj = 1.5198 | cls = 0.0345 | lr = 0.000144
epoch 039 | step 0920 | total = 4.3570 | box = 0.5753 | obj = 1.4417 | cls = 0.0390 | lr = 0.000144
[epoch 039 train] total = 4.2066 | box = 0.5551 | obj = 1.3931 | cls = 0.0380 | steps = 925 | global_batches = 7400 | samples = 118288 | time = 806.3s
[epoch 039 val] total = 4.4387 | box = 0.5855 | obj = 1.4723 | cls = 0.0390 | steps = 40 | global_batches = 320 | samples = 5000 | time = 23.4s
epoch 040 | step 0001 | total = 4.2027 | box = 0.5559 | obj = 1.3825 | cls = 0.0407 | lr = 0.000124
epoch 040 | step 0020 | total = 4.5356 | box = 0.6242 | obj = 1.3853 | cls = 0.0295 | lr = 0.000124
epoch 040 | step 0040 | total = 4.4833 | box = 0.5920 | obj = 1.4828 | cls = 0.0402 | lr = 0.000124
epoch 040 | step 0060 | total = 4.4388 | box = 0.6026 | obj = 1.3854 | cls = 0.0401 | lr = 0.000124
epoch 040 | step 0080 | total = 4.0380 | box = 0.5259 | obj = 1.3672 | cls = 0.0411 | lr = 0.000124
epoch 040 | step 0100 | total = 3.6683 | box = 0.4514 | obj = 1.3718 | cls = 0.0395 | lr = 0.000124
epoch 040 | step 0120 | total = 3.5460 | box = 0.4685 | obj = 1.1675 | cls = 0.0359 | lr = 0.000124
epoch 040 | step 0140 | total = 4.1368 | box = 0.5400 | obj = 1.3986 | cls = 0.0382 | lr = 0.000124
epoch 040 | step 0160 | total = 3.9773 | box = 0.5027 | obj = 1.4169 | cls = 0.0467 | lr = 0.000124
epoch 040 | step 0180 | total = 4.2871 | box = 0.5902 | obj = 1.3052 | cls = 0.0308 | lr = 0.000124
epoch 040 | step 0200 | total = 4.1113 | box = 0.5303 | obj = 1.4209 | cls = 0.0391 | lr = 0.000124
epoch 040 | step 0220 | total = 3.8197 | box = 0.4963 | obj = 1.2978 | cls = 0.0402 | lr = 0.000124
epoch 040 | step 0240 | total = 4.4971 | box = 0.5756 | obj = 1.5756 | cls = 0.0437 | lr = 0.000124
epoch 040 | step 0260 | total = 4.2163 | box = 0.5667 | obj = 1.3475 | cls = 0.0355 | lr = 0.000124
epoch 040 | step 0280 | total = 3.8113 | box = 0.4969 | obj = 1.2907 | cls = 0.0362 | lr = 0.000124
epoch 040 | step 0300 | total = 3.7903 | box = 0.4553 | obj = 1.4697 | cls = 0.0443 | lr = 0.000124
epoch 040 | step 0320 | total = 4.4997 | box = 0.5984 | obj = 1.4526 | cls = 0.0552 | lr = 0.000124
epoch 040 | step 0340 | total = 3.6757 | box = 0.4554 | obj = 1.3590 | cls = 0.0395 | lr = 0.000124
epoch 040 | step 0360 | total = 4.5305 | box = 0.6145 | obj = 1.4158 | cls = 0.0420 | lr = 0.000124
epoch 040 | step 0380 | total = 4.6968 | box = 0.6429 | obj = 1.4420 | cls = 0.0402 | lr = 0.000124
epoch 040 | step 0400 | total = 4.1043 | box = 0.5273 | obj = 1.4306 | cls = 0.0373 | lr = 0.000124
epoch 040 | step 0420 | total = 4.3629 | box = 0.6007 | obj = 1.3301 | cls = 0.0294 | lr = 0.000124
epoch 040 | step 0440 | total = 4.3981 | box = 0.6076 | obj = 1.3204 | cls = 0.0397 | lr = 0.000124
epoch 040 | step 0460 | total = 3.5137 | box = 0.4523 | obj = 1.2181 | cls = 0.0342 | lr = 0.000124
epoch 040 | step 0480 | total = 4.5249 | box = 0.5992 | obj = 1.4950 | cls = 0.0338 | lr = 0.000124
epoch 040 | step 0500 | total = 3.7121 | box = 0.4760 | obj = 1.2939 | cls = 0.0382 | lr = 0.000124
epoch 040 | step 0520 | total = 3.9587 | box = 0.5281 | obj = 1.2782 | cls = 0.0400 | lr = 0.000124
epoch 040 | step 0540 | total = 3.7916 | box = 0.5003 | obj = 1.2508 | cls = 0.0395 | lr = 0.000124
epoch 040 | step 0560 | total = 4.6817 | box = 0.6568 | obj = 1.3672 | cls = 0.0307 | lr = 0.000124
epoch 040 | step 0580 | total = 4.4579 | box = 0.5784 | obj = 1.5180 | cls = 0.0476 | lr = 0.000124
epoch 040 | step 0600 | total = 4.6125 | box = 0.6238 | obj = 1.4519 | cls = 0.0416 | lr = 0.000124
epoch 040 | step 0620 | total = 4.0480 | box = 0.5442 | obj = 1.2915 | cls = 0.0358 | lr = 0.000124
epoch 040 | step 0640 | total = 3.6262 | box = 0.4444 | obj = 1.3703 | cls = 0.0342 | lr = 0.000124
epoch 040 | step 0660 | total = 4.5106 | box = 0.6081 | obj = 1.4365 | cls = 0.0338 | lr = 0.000124
epoch 040 | step 0680 | total = 4.4867 | box = 0.6024 | obj = 1.4389 | cls = 0.0359 | lr = 0.000124
epoch 040 | step 0700 | total = 4.8576 | box = 0.6657 | obj = 1.4879 | cls = 0.0409 | lr = 0.000124
epoch 040 | step 0720 | total = 3.9171 | box = 0.4769 | obj = 1.4940 | cls = 0.0387 | lr = 0.000124
epoch 040 | step 0740 | total = 3.9526 | box = 0.5262 | obj = 1.2811 | cls = 0.0403 | lr = 0.000124
epoch 040 | step 0760 | total = 3.7563 | box = 0.4833 | obj = 1.3055 | cls = 0.0341 | lr = 0.000124
epoch 040 | step 0780 | total = 4.5151 | box = 0.5986 | obj = 1.4860 | cls = 0.0361 | lr = 0.000124
epoch 040 | step 0800 | total = 4.0375 | box = 0.5279 | obj = 1.3556 | cls = 0.0424 | lr = 0.000124
epoch 040 | step 0820 | total = 3.9723 | box = 0.5184 | obj = 1.3436 | cls = 0.0368 | lr = 0.000124
epoch 040 | step 0840 | total = 4.5735 | box = 0.5867 | obj = 1.6021 | cls = 0.0377 | lr = 0.000124
epoch 040 | step 0860 | total = 4.3906 | box = 0.5729 | obj = 1.4871 | cls = 0.0392 | lr = 0.000124
epoch 040 | step 0880 | total = 5.0272 | box = 0.6984 | obj = 1.5015 | cls = 0.0337 | lr = 0.000124
epoch 040 | step 0900 | total = 4.5693 | box = 0.6002 | obj = 1.5341 | cls = 0.0341 | lr = 0.000124
epoch 040 | step 0920 | total = 3.7044 | box = 0.4700 | obj = 1.3197 | cls = 0.0346 | lr = 0.000124
[epoch 040 train] total = 4.1895 | box = 0.5527 | obj = 1.3878 | cls = 0.0380 | steps = 925 | global_batches = 7400 | samples = 118288 | time = 806.3s
[epoch 040 val] total = 4.4376 | box = 0.5842 | obj = 1.4781 | cls = 0.0386 | steps = 40 | global_batches = 320 | samples = 5000 | time = 24.0s
epoch 041 | step 0001 | total = 3.9299 | box = 0.5231 | obj = 1.2814 | cls = 0.0331 | lr = 0.000105
epoch 041 | step 0020 | total = 3.3771 | box = 0.4179 | obj = 1.2506 | cls = 0.0369 | lr = 0.000105
epoch 041 | step 0040 | total = 3.9425 | box = 0.5007 | obj = 1.3991 | cls = 0.0401 | lr = 0.000105
epoch 041 | step 0060 | total = 3.2812 | box = 0.3892 | obj = 1.2922 | cls = 0.0432 | lr = 0.000105
epoch 041 | step 0080 | total = 4.0821 | box = 0.5485 | obj = 1.3009 | cls = 0.0386 | lr = 0.000105
epoch 041 | step 0100 | total = 3.9899 | box = 0.5073 | obj = 1.4133 | cls = 0.0399 | lr = 0.000105
epoch 041 | step 0120 | total = 3.9246 | box = 0.5010 | obj = 1.3758 | cls = 0.0440 | lr = 0.000105
epoch 041 | step 0140 | total = 4.1079 | box = 0.5383 | obj = 1.3852 | cls = 0.0311 | lr = 0.000105
epoch 041 | step 0160 | total = 4.0938 | box = 0.5657 | obj = 1.2359 | cls = 0.0297 | lr = 0.000105
epoch 041 | step 0180 | total = 3.8056 | box = 0.5015 | obj = 1.2516 | cls = 0.0463 | lr = 0.000105
epoch 041 | step 0200 | total = 4.3350 | box = 0.5785 | obj = 1.4089 | cls = 0.0336 | lr = 0.000105
epoch 041 | step 0220 | total = 4.5294 | box = 0.6138 | obj = 1.4273 | cls = 0.0332 | lr = 0.000105
epoch 041 | step 0240 | total = 3.2693 | box = 0.4052 | obj = 1.1968 | cls = 0.0468 | lr = 0.000105
epoch 041 | step 0260 | total = 3.5233 | box = 0.4193 | obj = 1.3815 | cls = 0.0453 | lr = 0.000105
epoch 041 | step 0280 | total = 3.2143 | box = 0.3904 | obj = 1.2282 | cls = 0.0341 | lr = 0.000105
epoch 041 | step 0300 | total = 4.4925 | box = 0.6111 | obj = 1.4004 | cls = 0.0367 | lr = 0.000105
epoch 041 | step 0320 | total = 3.6131 | box = 0.4518 | obj = 1.3114 | cls = 0.0428 | lr = 0.000105
epoch 041 | step 0340 | total = 4.3014 | box = 0.6004 | obj = 1.2658 | cls = 0.0335 | lr = 0.000105
epoch 041 | step 0360 | total = 4.4981 | box = 0.5956 | obj = 1.4783 | cls = 0.0417 | lr = 0.000105
epoch 041 | step 0380 | total = 3.6504 | box = 0.4455 | obj = 1.3820 | cls = 0.0412 | lr = 0.000105
epoch 041 | step 0400 | total = 3.5135 | box = 0.4424 | obj = 1.2583 | cls = 0.0430 | lr = 0.000105
epoch 041 | step 0420 | total = 4.6427 | box = 0.6665 | obj = 1.2819 | cls = 0.0283 | lr = 0.000105
epoch 041 | step 0440 | total = 3.7135 | box = 0.4929 | obj = 1.2117 | cls = 0.0374 | lr = 0.000105
epoch 041 | step 0460 | total = 3.8266 | box = 0.4714 | obj = 1.4292 | cls = 0.0405 | lr = 0.000105
epoch 041 | step 0480 | total = 3.5133 | box = 0.4478 | obj = 1.2268 | cls = 0.0477 | lr = 0.000105
epoch 041 | step 0500 | total = 3.7515 | box = 0.4577 | obj = 1.4157 | cls = 0.0470 | lr = 0.000105
epoch 041 | step 0520 | total = 4.3189 | box = 0.5839 | obj = 1.3624 | cls = 0.0371 | lr = 0.000105
epoch 041 | step 0540 | total = 4.1200 | box = 0.5354 | obj = 1.4098 | cls = 0.0329 | lr = 0.000105
epoch 041 | step 0560 | total = 4.4244 | box = 0.5976 | obj = 1.3995 | cls = 0.0370 | lr = 0.000105
epoch 041 | step 0580 | total = 4.2974 | box = 0.5424 | obj = 1.5446 | cls = 0.0407 | lr = 0.000105
epoch 041 | step 0600 | total = 4.3864 | box = 0.5912 | obj = 1.3907 | cls = 0.0399 | lr = 0.000105
epoch 041 | step 0620 | total = 3.6196 | box = 0.4594 | obj = 1.2768 | cls = 0.0457 | lr = 0.000105
epoch 041 | step 0640 | total = 3.7878 | box = 0.4714 | obj = 1.3909 | cls = 0.0398 | lr = 0.000105
epoch 041 | step 0660 | total = 4.4030 | box = 0.5594 | obj = 1.5683 | cls = 0.0379 | lr = 0.000105
epoch 041 | step 0680 | total = 4.3882 | box = 0.5573 | obj = 1.5593 | cls = 0.0422 | lr = 0.000105
epoch 041 | step 0700 | total = 4.3363 | box = 0.5958 | obj = 1.3207 | cls = 0.0367 | lr = 0.000105
epoch 041 | step 0720 | total = 4.3639 | box = 0.5847 | obj = 1.4036 | cls = 0.0367 | lr = 0.000105
epoch 041 | step 0740 | total = 4.6339 | box = 0.6467 | obj = 1.3586 | cls = 0.0419 | lr = 0.000105
epoch 041 | step 0760 | total = 3.5033 | box = 0.4168 | obj = 1.3744 | cls = 0.0447 | lr = 0.000105
epoch 041 | step 0780 | total = 4.6339 | box = 0.6419 | obj = 1.3885 | cls = 0.0362 | lr = 0.000105
epoch 041 | step 0800 | total = 4.0424 | box = 0.5305 | obj = 1.3527 | cls = 0.0372 | lr = 0.000105
epoch 041 | step 0820 | total = 4.0392 | box = 0.5276 | obj = 1.3689 | cls = 0.0326 | lr = 0.000105
epoch 041 | step 0840 | total = 3.6702 | box = 0.4634 | obj = 1.3193 | cls = 0.0338 | lr = 0.000105
epoch 041 | step 0860 | total = 3.7843 | box = 0.4872 | obj = 1.3046 | cls = 0.0439 | lr = 0.000105
epoch 041 | step 0880 | total = 4.7153 | box = 0.6335 | obj = 1.5058 | cls = 0.0419 | lr = 0.000105
epoch 041 | step 0900 | total = 4.2548 | box = 0.5794 | obj = 1.3267 | cls = 0.0313 | lr = 0.000105
epoch 041 | step 0920 | total = 4.3348 | box = 0.5711 | obj = 1.4392 | cls = 0.0403 | lr = 0.000105
[epoch 041 train] total = 4.1751 | box = 0.5507 | obj = 1.3835 | cls = 0.0379 | steps = 925 | global_batches = 7400 | samples = 118288 | time = 804.8s
[epoch 041 val] total = 4.4215 | box = 0.5831 | obj = 1.4675 | cls = 0.0385 | steps = 40 | global_batches = 320 | samples = 5000 | time = 23.7s
epoch 042 | step 0001 | total = 4.2802 | box = 0.5693 | obj = 1.3932 | cls = 0.0407 | lr = 0.000087
epoch 042 | step 0020 | total = 3.7574 | box = 0.4778 | obj = 1.3357 | cls = 0.0328 | lr = 0.000087
epoch 042 | step 0040 | total = 4.3494 | box = 0.5831 | obj = 1.3902 | cls = 0.0437 | lr = 0.000087
epoch 042 | step 0060 | total = 3.8377 | box = 0.4976 | obj = 1.3079 | cls = 0.0418 | lr = 0.000087
epoch 042 | step 0080 | total = 4.5954 | box = 0.6275 | obj = 1.4241 | cls = 0.0338 | lr = 0.000087
epoch 042 | step 0100 | total = 4.1266 | box = 0.5375 | obj = 1.4051 | cls = 0.0338 | lr = 0.000087
epoch 042 | step 0120 | total = 3.9816 | box = 0.4981 | obj = 1.4519 | cls = 0.0394 | lr = 0.000087
epoch 042 | step 0140 | total = 4.9789 | box = 0.6838 | obj = 1.5188 | cls = 0.0411 | lr = 0.000087
epoch 042 | step 0160 | total = 4.6040 | box = 0.6381 | obj = 1.3824 | cls = 0.0311 | lr = 0.000087
epoch 042 | step 0180 | total = 4.5673 | box = 0.6320 | obj = 1.3690 | cls = 0.0385 | lr = 0.000087
epoch 042 | step 0200 | total = 4.6563 | box = 0.6343 | obj = 1.4481 | cls = 0.0367 | lr = 0.000087
epoch 042 | step 0220 | total = 3.6446 | box = 0.4624 | obj = 1.2936 | cls = 0.0390 | lr = 0.000087
epoch 042 | step 0240 | total = 3.3976 | box = 0.4133 | obj = 1.2832 | cls = 0.0478 | lr = 0.000087
epoch 042 | step 0260 | total = 4.1302 | box = 0.5454 | obj = 1.3640 | cls = 0.0393 | lr = 0.000087
epoch 042 | step 0280 | total = 4.7278 | box = 0.6475 | obj = 1.4570 | cls = 0.0333 | lr = 0.000087
epoch 042 | step 0300 | total = 3.4847 | box = 0.4186 | obj = 1.3377 | cls = 0.0539 | lr = 0.000087
epoch 042 | step 0320 | total = 4.0746 | box = 0.5607 | obj = 1.2344 | cls = 0.0365 | lr = 0.000087
epoch 042 | step 0340 | total = 4.1446 | box = 0.5623 | obj = 1.2990 | cls = 0.0344 | lr = 0.000087
epoch 042 | step 0360 | total = 4.8674 | box = 0.6660 | obj = 1.5000 | cls = 0.0374 | lr = 0.000087
epoch 042 | step 0380 | total = 4.2433 | box = 0.5660 | obj = 1.3786 | cls = 0.0346 | lr = 0.000087
epoch 042 | step 0400 | total = 4.6749 | box = 0.6552 | obj = 1.3656 | cls = 0.0332 | lr = 0.000087
epoch 042 | step 0420 | total = 3.6554 | box = 0.4626 | obj = 1.3092 | cls = 0.0330 | lr = 0.000087
epoch 042 | step 0440 | total = 3.4749 | box = 0.4468 | obj = 1.2093 | cls = 0.0316 | lr = 0.000087
epoch 042 | step 0460 | total = 5.0226 | box = 0.6732 | obj = 1.6118 | cls = 0.0447 | lr = 0.000087
epoch 042 | step 0480 | total = 3.2840 | box = 0.3893 | obj = 1.2912 | cls = 0.0462 | lr = 0.000087
epoch 042 | step 0500 | total = 3.8281 | box = 0.4670 | obj = 1.4540 | cls = 0.0389 | lr = 0.000087
epoch 042 | step 0520 | total = 4.2922 | box = 0.5436 | obj = 1.5324 | cls = 0.0420 | lr = 0.000087
epoch 042 | step 0540 | total = 3.8829 | box = 0.5090 | obj = 1.3026 | cls = 0.0354 | lr = 0.000087
epoch 042 | step 0560 | total = 4.4131 | box = 0.5708 | obj = 1.5237 | cls = 0.0353 | lr = 0.000087
epoch 042 | step 0580 | total = 4.2144 | box = 0.5416 | obj = 1.4713 | cls = 0.0351 | lr = 0.000087
epoch 042 | step 0600 | total = 4.1900 | box = 0.5361 | obj = 1.4700 | cls = 0.0393 | lr = 0.000087
epoch 042 | step 0620 | total = 4.5073 | box = 0.5912 | obj = 1.5053 | cls = 0.0460 | lr = 0.000087
epoch 042 | step 0640 | total = 3.7218 | box = 0.4646 | obj = 1.3675 | cls = 0.0312 | lr = 0.000087
epoch 042 | step 0660 | total = 4.8066 | box = 0.6782 | obj = 1.3757 | cls = 0.0397 | lr = 0.000087
epoch 042 | step 0680 | total = 4.1811 | box = 0.5430 | obj = 1.4301 | cls = 0.0361 | lr = 0.000087
epoch 042 | step 0700 | total = 4.5094 | box = 0.6163 | obj = 1.3960 | cls = 0.0319 | lr = 0.000087
epoch 042 | step 0720 | total = 4.4949 | box = 0.6213 | obj = 1.3511 | cls = 0.0374 | lr = 0.000087
epoch 042 | step 0740 | total = 3.4674 | box = 0.4131 | obj = 1.3550 | cls = 0.0467 | lr = 0.000087
epoch 042 | step 0760 | total = 5.0955 | box = 0.7250 | obj = 1.4457 | cls = 0.0250 | lr = 0.000087
epoch 042 | step 0780 | total = 3.2612 | box = 0.3945 | obj = 1.2514 | cls = 0.0372 | lr = 0.000087
epoch 042 | step 0800 | total = 4.1026 | box = 0.5127 | obj = 1.5027 | cls = 0.0362 | lr = 0.000087
epoch 042 | step 0820 | total = 4.3216 | box = 0.5686 | obj = 1.4459 | cls = 0.0329 | lr = 0.000087
epoch 042 | step 0840 | total = 3.8219 | box = 0.5002 | obj = 1.2957 | cls = 0.0253 | lr = 0.000087
epoch 042 | step 0860 | total = 3.8124 | box = 0.5055 | obj = 1.2506 | cls = 0.0344 | lr = 0.000087
epoch 042 | step 0880 | total = 3.6026 | box = 0.4423 | obj = 1.3524 | cls = 0.0387 | lr = 0.000087
epoch 042 | step 0900 | total = 4.1538 | box = 0.5434 | obj = 1.3920 | cls = 0.0449 | lr = 0.000087
epoch 042 | step 0920 | total = 4.2964 | box = 0.5535 | obj = 1.4927 | cls = 0.0361 | lr = 0.000087
[epoch 042 train] total = 4.1628 | box = 0.5491 | obj = 1.3795 | cls = 0.0377 | steps = 925 | global_batches = 7400 | samples = 118288 | time = 806.4s
[epoch 042 val] total = 4.4133 | box = 0.5810 | obj = 1.4696 | cls = 0.0385 | steps = 40 | global_batches = 320 | samples = 5000 | time = 23.7s
epoch 043 | step 0001 | total = 3.9270 | box = 0.5156 | obj = 1.3108 | cls = 0.0380 | lr = 0.000071
epoch 043 | step 0020 | total = 3.5131 | box = 0.4272 | obj = 1.3329 | cls = 0.0441 | lr = 0.000071
epoch 043 | step 0040 | total = 4.0157 | box = 0.4954 | obj = 1.5013 | cls = 0.0376 | lr = 0.000071
epoch 043 | step 0060 | total = 4.6768 | box = 0.6142 | obj = 1.5720 | cls = 0.0339 | lr = 0.000071
epoch 043 | step 0080 | total = 4.0980 | box = 0.5559 | obj = 1.2811 | cls = 0.0372 | lr = 0.000071
epoch 043 | step 0100 | total = 4.6505 | box = 0.6628 | obj = 1.2950 | cls = 0.0416 | lr = 0.000071
epoch 043 | step 0120 | total = 3.9902 | box = 0.5031 | obj = 1.4337 | cls = 0.0412 | lr = 0.000071
epoch 043 | step 0140 | total = 4.2396 | box = 0.5645 | obj = 1.3799 | cls = 0.0372 | lr = 0.000071
epoch 043 | step 0160 | total = 3.8124 | box = 0.4708 | obj = 1.4223 | cls = 0.0362 | lr = 0.000071
epoch 043 | step 0180 | total = 4.1764 | box = 0.5422 | obj = 1.4299 | cls = 0.0355 | lr = 0.000071
epoch 043 | step 0200 | total = 4.0065 | box = 0.5241 | obj = 1.3545 | cls = 0.0317 | lr = 0.000071
epoch 043 | step 0220 | total = 3.7853 | box = 0.4763 | obj = 1.3721 | cls = 0.0316 | lr = 0.000071
epoch 043 | step 0240 | total = 4.5158 | box = 0.6222 | obj = 1.3639 | cls = 0.0409 | lr = 0.000071
epoch 043 | step 0260 | total = 4.4378 | box = 0.6127 | obj = 1.3402 | cls = 0.0340 | lr = 0.000071
epoch 043 | step 0280 | total = 3.4675 | box = 0.4202 | obj = 1.3203 | cls = 0.0462 | lr = 0.000071
epoch 043 | step 0300 | total = 5.0563 | box = 0.7180 | obj = 1.4302 | cls = 0.0360 | lr = 0.000071
epoch 043 | step 0320 | total = 4.3335 | box = 0.5894 | obj = 1.3539 | cls = 0.0324 | lr = 0.000071
epoch 043 | step 0340 | total = 4.3643 | box = 0.5921 | obj = 1.3599 | cls = 0.0440 | lr = 0.000071
epoch 043 | step 0360 | total = 5.2256 | box = 0.7506 | obj = 1.4399 | cls = 0.0327 | lr = 0.000071
epoch 043 | step 0380 | total = 4.0585 | box = 0.5081 | obj = 1.4779 | cls = 0.0402 | lr = 0.000071
epoch 043 | step 0400 | total = 4.2689 | box = 0.5445 | obj = 1.5087 | cls = 0.0376 | lr = 0.000071
epoch 043 | step 0420 | total = 4.6542 | box = 0.6380 | obj = 1.4338 | cls = 0.0306 | lr = 0.000071
epoch 043 | step 0440 | total = 4.0248 | box = 0.5331 | obj = 1.3249 | cls = 0.0342 | lr = 0.000071
epoch 043 | step 0460 | total = 4.7909 | box = 0.6565 | obj = 1.4691 | cls = 0.0394 | lr = 0.000071
epoch 043 | step 0480 | total = 4.0643 | box = 0.5215 | obj = 1.4238 | cls = 0.0328 | lr = 0.000071
epoch 043 | step 0500 | total = 4.4365 | box = 0.6129 | obj = 1.3362 | cls = 0.0358 | lr = 0.000071
epoch 043 | step 0520 | total = 3.6832 | box = 0.4433 | obj = 1.4152 | cls = 0.0516 | lr = 0.000071
epoch 043 | step 0540 | total = 4.2106 | box = 0.5326 | obj = 1.5178 | cls = 0.0300 | lr = 0.000071
epoch 043 | step 0560 | total = 3.8570 | box = 0.4600 | obj = 1.5099 | cls = 0.0472 | lr = 0.000071
epoch 043 | step 0580 | total = 3.9217 | box = 0.5036 | obj = 1.3674 | cls = 0.0364 | lr = 0.000071
epoch 043 | step 0600 | total = 3.9231 | box = 0.5074 | obj = 1.3496 | cls = 0.0364 | lr = 0.000071
epoch 043 | step 0620 | total = 4.9474 | box = 0.6913 | obj = 1.4518 | cls = 0.0392 | lr = 0.000071
epoch 043 | step 0640 | total = 4.7269 | box = 0.6237 | obj = 1.5665 | cls = 0.0417 | lr = 0.000071
epoch 043 | step 0660 | total = 4.3598 | box = 0.5618 | obj = 1.5104 | cls = 0.0403 | lr = 0.000071
epoch 043 | step 0680 | total = 3.9351 | box = 0.4638 | obj = 1.5718 | cls = 0.0444 | lr = 0.000071
epoch 043 | step 0700 | total = 4.0673 | box = 0.5289 | obj = 1.3917 | cls = 0.0313 | lr = 0.000071
epoch 043 | step 0720 | total = 4.3384 | box = 0.6031 | obj = 1.2806 | cls = 0.0423 | lr = 0.000071
epoch 043 | step 0740 | total = 4.4618 | box = 0.5880 | obj = 1.4782 | cls = 0.0436 | lr = 0.000071
epoch 043 | step 0760 | total = 4.8299 | box = 0.6675 | obj = 1.4533 | cls = 0.0393 | lr = 0.000071
epoch 043 | step 0780 | total = 3.6446 | box = 0.4667 | obj = 1.2810 | cls = 0.0300 | lr = 0.000071
epoch 043 | step 0800 | total = 4.1690 | box = 0.5457 | obj = 1.3976 | cls = 0.0429 | lr = 0.000071
epoch 043 | step 0820 | total = 4.9109 | box = 0.6769 | obj = 1.4883 | cls = 0.0382 | lr = 0.000071
epoch 043 | step 0840 | total = 4.4886 | box = 0.6319 | obj = 1.2993 | cls = 0.0296 | lr = 0.000071
epoch 043 | step 0860 | total = 4.0229 | box = 0.5372 | obj = 1.3010 | cls = 0.0360 | lr = 0.000071
epoch 043 | step 0880 | total = 4.2940 | box = 0.5453 | obj = 1.5343 | cls = 0.0334 | lr = 0.000071
epoch 043 | step 0900 | total = 4.3403 | box = 0.5237 | obj = 1.6784 | cls = 0.0435 | lr = 0.000071
epoch 043 | step 0920 | total = 4.2164 | box = 0.5508 | obj = 1.4212 | cls = 0.0410 | lr = 0.000071
[epoch 043 train] total = 4.1509 | box = 0.5474 | obj = 1.3763 | cls = 0.0376 | steps = 925 | global_batches = 7400 | samples = 118288 | time = 805.1s
[epoch 043 val] total = 4.4078 | box = 0.5802 | obj = 1.4685 | cls = 0.0384 | steps = 40 | global_batches = 320 | samples = 5000 | time = 23.5s
epoch 044 | step 0001 | total = 4.9064 | box = 0.6450 | obj = 1.6281 | cls = 0.0535 | lr = 0.000057
epoch 044 | step 0020 | total = 4.6172 | box = 0.6372 | obj = 1.3897 | cls = 0.0416 | lr = 0.000057
epoch 044 | step 0040 | total = 4.2476 | box = 0.5516 | obj = 1.4442 | cls = 0.0452 | lr = 0.000057
epoch 044 | step 0060 | total = 4.7832 | box = 0.6597 | obj = 1.4537 | cls = 0.0309 | lr = 0.000057
epoch 044 | step 0080 | total = 3.6297 | box = 0.4450 | obj = 1.3588 | cls = 0.0458 | lr = 0.000057
epoch 044 | step 0100 | total = 4.3152 | box = 0.5697 | obj = 1.4329 | cls = 0.0340 | lr = 0.000057
epoch 044 | step 0120 | total = 3.5247 | box = 0.4350 | obj = 1.3166 | cls = 0.0332 | lr = 0.000057
epoch 044 | step 0140 | total = 4.5850 | box = 0.6121 | obj = 1.4897 | cls = 0.0348 | lr = 0.000057
epoch 044 | step 0160 | total = 3.5480 | box = 0.4370 | obj = 1.3255 | cls = 0.0373 | lr = 0.000057
epoch 044 | step 0180 | total = 4.3446 | box = 0.5661 | obj = 1.4774 | cls = 0.0369 | lr = 0.000057
epoch 044 | step 0200 | total = 3.7614 | box = 0.4824 | obj = 1.3166 | cls = 0.0328 | lr = 0.000057
epoch 044 | step 0220 | total = 4.9616 | box = 0.7154 | obj = 1.3502 | cls = 0.0346 | lr = 0.000057
epoch 044 | step 0240 | total = 4.3136 | box = 0.6027 | obj = 1.2679 | cls = 0.0319 | lr = 0.000057
epoch 044 | step 0260 | total = 3.9544 | box = 0.5134 | obj = 1.3404 | cls = 0.0469 | lr = 0.000057
epoch 044 | step 0280 | total = 4.2897 | box = 0.5655 | obj = 1.4185 | cls = 0.0439 | lr = 0.000057
epoch 044 | step 0300 | total = 4.3896 | box = 0.5889 | obj = 1.3957 | cls = 0.0495 | lr = 0.000057
epoch 044 | step 0320 | total = 3.9581 | box = 0.5121 | obj = 1.3610 | cls = 0.0367 | lr = 0.000057
epoch 044 | step 0340 | total = 4.1535 | box = 0.5339 | obj = 1.4426 | cls = 0.0414 | lr = 0.000057
epoch 044 | step 0360 | total = 4.4240 | box = 0.5992 | obj = 1.3914 | cls = 0.0368 | lr = 0.000057
epoch 044 | step 0380 | total = 4.3924 | box = 0.5879 | obj = 1.4195 | cls = 0.0334 | lr = 0.000057
epoch 044 | step 0400 | total = 4.0986 | box = 0.5393 | obj = 1.3657 | cls = 0.0366 | lr = 0.000057
epoch 044 | step 0420 | total = 3.8493 | box = 0.5060 | obj = 1.2830 | cls = 0.0365 | lr = 0.000057
epoch 044 | step 0440 | total = 3.6371 | box = 0.4622 | obj = 1.2925 | cls = 0.0337 | lr = 0.000057
epoch 044 | step 0460 | total = 3.5252 | box = 0.4152 | obj = 1.4011 | cls = 0.0481 | lr = 0.000057
epoch 044 | step 0480 | total = 5.1076 | box = 0.7261 | obj = 1.4441 | cls = 0.0328 | lr = 0.000057
epoch 044 | step 0500 | total = 3.6211 | box = 0.4159 | obj = 1.4869 | cls = 0.0547 | lr = 0.000057
epoch 044 | step 0520 | total = 3.5765 | box = 0.4284 | obj = 1.3896 | cls = 0.0447 | lr = 0.000057
epoch 044 | step 0540 | total = 3.5959 | box = 0.4328 | obj = 1.3974 | cls = 0.0344 | lr = 0.000057
epoch 044 | step 0560 | total = 4.1065 | box = 0.5279 | obj = 1.4271 | cls = 0.0401 | lr = 0.000057
epoch 044 | step 0580 | total = 3.8166 | box = 0.4742 | obj = 1.4060 | cls = 0.0398 | lr = 0.000057
epoch 044 | step 0600 | total = 3.5996 | box = 0.4285 | obj = 1.4112 | cls = 0.0460 | lr = 0.000057
epoch 044 | step 0620 | total = 4.8964 | box = 0.6796 | obj = 1.4519 | cls = 0.0463 | lr = 0.000057
epoch 044 | step 0640 | total = 4.0822 | box = 0.5356 | obj = 1.3616 | cls = 0.0427 | lr = 0.000057
epoch 044 | step 0660 | total = 4.1150 | box = 0.5487 | obj = 1.3330 | cls = 0.0385 | lr = 0.000057
epoch 044 | step 0680 | total = 4.3525 | box = 0.6021 | obj = 1.3052 | cls = 0.0367 | lr = 0.000057
epoch 044 | step 0700 | total = 3.7332 | box = 0.4871 | obj = 1.2679 | cls = 0.0297 | lr = 0.000057
epoch 044 | step 0720 | total = 4.1208 | box = 0.5439 | obj = 1.3626 | cls = 0.0384 | lr = 0.000057
epoch 044 | step 0740 | total = 3.4038 | box = 0.3863 | obj = 1.4345 | cls = 0.0379 | lr = 0.000057
epoch 044 | step 0760 | total = 4.2433 | box = 0.5534 | obj = 1.4299 | cls = 0.0464 | lr = 0.000057
epoch 044 | step 0780 | total = 4.4809 | box = 0.6220 | obj = 1.3383 | cls = 0.0324 | lr = 0.000057
epoch 044 | step 0800 | total = 4.1266 | box = 0.5565 | obj = 1.3069 | cls = 0.0373 | lr = 0.000057
epoch 044 | step 0820 | total = 3.6660 | box = 0.4750 | obj = 1.2552 | cls = 0.0356 | lr = 0.000057
epoch 044 | step 0840 | total = 4.6451 | box = 0.6206 | obj = 1.5042 | cls = 0.0378 | lr = 0.000057
epoch 044 | step 0860 | total = 4.4640 | box = 0.6021 | obj = 1.4149 | cls = 0.0388 | lr = 0.000057
epoch 044 | step 0880 | total = 4.0970 | box = 0.5538 | obj = 1.2973 | cls = 0.0307 | lr = 0.000057
epoch 044 | step 0900 | total = 3.8310 | box = 0.4794 | obj = 1.3959 | cls = 0.0380 | lr = 0.000057
epoch 044 | step 0920 | total = 4.7400 | box = 0.6846 | obj = 1.2856 | cls = 0.0313 | lr = 0.000057
[epoch 044 train] total = 4.1423 | box = 0.5465 | obj = 1.3724 | cls = 0.0375 | steps = 925 | global_batches = 7400 | samples = 118288 | time = 805.5s
[epoch 044 val] total = 4.4260 | box = 0.5807 | obj = 1.4840 | cls = 0.0384 | steps = 40 | global_batches = 320 | samples = 5000 | time = 23.9s
epoch 045 | step 0001 | total = 3.4189 | box = 0.4365 | obj = 1.2028 | cls = 0.0337 | lr = 0.000045
epoch 045 | step 0020 | total = 4.3290 | box = 0.5656 | obj = 1.4610 | cls = 0.0402 | lr = 0.000045
epoch 045 | step 0040 | total = 3.7816 | box = 0.4725 | obj = 1.3710 | cls = 0.0479 | lr = 0.000045
epoch 045 | step 0060 | total = 5.0292 | box = 0.7081 | obj = 1.4457 | cls = 0.0430 | lr = 0.000045
epoch 045 | step 0080 | total = 4.0040 | box = 0.5063 | obj = 1.4283 | cls = 0.0444 | lr = 0.000045
epoch 045 | step 0100 | total = 3.4311 | box = 0.4346 | obj = 1.2316 | cls = 0.0265 | lr = 0.000045
epoch 045 | step 0120 | total = 4.5010 | box = 0.6039 | obj = 1.4447 | cls = 0.0370 | lr = 0.000045
epoch 045 | step 0140 | total = 4.1860 | box = 0.5827 | obj = 1.2415 | cls = 0.0309 | lr = 0.000045
epoch 045 | step 0160 | total = 4.7060 | box = 0.6335 | obj = 1.4991 | cls = 0.0393 | lr = 0.000045
epoch 045 | step 0180 | total = 4.2676 | box = 0.5667 | obj = 1.4018 | cls = 0.0325 | lr = 0.000045
epoch 045 | step 0200 | total = 4.2121 | box = 0.5677 | obj = 1.3380 | cls = 0.0353 | lr = 0.000045
epoch 045 | step 0220 | total = 4.2105 | box = 0.5445 | obj = 1.4568 | cls = 0.0314 | lr = 0.000045
epoch 045 | step 0240 | total = 3.8219 | box = 0.5014 | obj = 1.2733 | cls = 0.0418 | lr = 0.000045
epoch 045 | step 0260 | total = 3.9716 | box = 0.4965 | obj = 1.4439 | cls = 0.0450 | lr = 0.000045
epoch 045 | step 0280 | total = 4.7719 | box = 0.6688 | obj = 1.3909 | cls = 0.0371 | lr = 0.000045
epoch 045 | step 0300 | total = 4.1559 | box = 0.5533 | obj = 1.3550 | cls = 0.0345 | lr = 0.000045
epoch 045 | step 0320 | total = 4.0431 | box = 0.5269 | obj = 1.3712 | cls = 0.0373 | lr = 0.000045
epoch 045 | step 0340 | total = 3.7497 | box = 0.4819 | obj = 1.3059 | cls = 0.0343 | lr = 0.000045
epoch 045 | step 0360 | total = 4.4340 | box = 0.6063 | obj = 1.3695 | cls = 0.0328 | lr = 0.000045
epoch 045 | step 0380 | total = 4.0692 | box = 0.5211 | obj = 1.4318 | cls = 0.0317 | lr = 0.000045
epoch 045 | step 0400 | total = 4.2422 | box = 0.5592 | obj = 1.4113 | cls = 0.0350 | lr = 0.000045
epoch 045 | step 0420 | total = 4.2679 | box = 0.5894 | obj = 1.2866 | cls = 0.0343 | lr = 0.000045
epoch 045 | step 0440 | total = 4.3405 | box = 0.5441 | obj = 1.5814 | cls = 0.0385 | lr = 0.000045
epoch 045 | step 0460 | total = 3.8395 | box = 0.4918 | obj = 1.3403 | cls = 0.0404 | lr = 0.000045
epoch 045 | step 0480 | total = 4.1408 | box = 0.5746 | obj = 1.2275 | cls = 0.0403 | lr = 0.000045
epoch 045 | step 0500 | total = 3.6665 | box = 0.4763 | obj = 1.2471 | cls = 0.0382 | lr = 0.000045
epoch 045 | step 0520 | total = 3.6834 | box = 0.4725 | obj = 1.2789 | cls = 0.0418 | lr = 0.000045
epoch 045 | step 0540 | total = 4.3327 | box = 0.5871 | obj = 1.3638 | cls = 0.0335 | lr = 0.000045
epoch 045 | step 0560 | total = 3.9127 | box = 0.4912 | obj = 1.4252 | cls = 0.0313 | lr = 0.000045
epoch 045 | step 0580 | total = 4.2238 | box = 0.5452 | obj = 1.4547 | cls = 0.0431 | lr = 0.000045
epoch 045 | step 0600 | total = 4.2415 | box = 0.5669 | obj = 1.3750 | cls = 0.0323 | lr = 0.000045
epoch 045 | step 0620 | total = 4.0822 | box = 0.5429 | obj = 1.3320 | cls = 0.0358 | lr = 0.000045
epoch 045 | step 0640 | total = 3.7568 | box = 0.4398 | obj = 1.5179 | cls = 0.0399 | lr = 0.000045
epoch 045 | step 0660 | total = 4.4085 | box = 0.6044 | obj = 1.3504 | cls = 0.0360 | lr = 0.000045
epoch 045 | step 0680 | total = 4.6394 | box = 0.6244 | obj = 1.4837 | cls = 0.0337 | lr = 0.000045
epoch 045 | step 0700 | total = 4.5291 | box = 0.6273 | obj = 1.3552 | cls = 0.0376 | lr = 0.000045
epoch 045 | step 0720 | total = 4.3553 | box = 0.5471 | obj = 1.5797 | cls = 0.0399 | lr = 0.000045
epoch 045 | step 0740 | total = 3.3073 | box = 0.4169 | obj = 1.1832 | cls = 0.0395 | lr = 0.000045
epoch 045 | step 0760 | total = 3.4155 | box = 0.4252 | obj = 1.2510 | cls = 0.0383 | lr = 0.000045
epoch 045 | step 0780 | total = 4.0565 | box = 0.5320 | obj = 1.3559 | cls = 0.0405 | lr = 0.000045
epoch 045 | step 0800 | total = 4.1455 | box = 0.5394 | obj = 1.4123 | cls = 0.0364 | lr = 0.000045
epoch 045 | step 0820 | total = 4.0824 | box = 0.4961 | obj = 1.5601 | cls = 0.0418 | lr = 0.000045
epoch 045 | step 0840 | total = 4.9310 | box = 0.7012 | obj = 1.3885 | cls = 0.0365 | lr = 0.000045
epoch 045 | step 0860 | total = 3.7766 | box = 0.4966 | obj = 1.2621 | cls = 0.0315 | lr = 0.000045
epoch 045 | step 0880 | total = 3.8707 | box = 0.4785 | obj = 1.4409 | cls = 0.0374 | lr = 0.000045
epoch 045 | step 0900 | total = 4.8543 | box = 0.7050 | obj = 1.2941 | cls = 0.0351 | lr = 0.000045
epoch 045 | step 0920 | total = 3.7878 | box = 0.4665 | obj = 1.4120 | cls = 0.0431 | lr = 0.000045
[epoch 045 train] total = 4.1346 | box = 0.5453 | obj = 1.3708 | cls = 0.0375 | steps = 925 | global_batches = 7400 | samples = 118288 | time = 806.2s
[epoch 045 val] total = 4.4022 | box = 0.5784 | obj = 1.4718 | cls = 0.0383 | steps = 40 | global_batches = 320 | samples = 5000 | time = 23.9s
epoch 046 | step 0001 | total = 3.7710 | box = 0.4857 | obj = 1.3043 | cls = 0.0384 | lr = 0.000034
epoch 046 | step 0020 | total = 3.8070 | box = 0.4983 | obj = 1.2833 | cls = 0.0322 | lr = 0.000034
epoch 046 | step 0040 | total = 3.6299 | box = 0.4677 | obj = 1.2585 | cls = 0.0328 | lr = 0.000034
epoch 046 | step 0060 | total = 4.2431 | box = 0.5390 | obj = 1.5018 | cls = 0.0463 | lr = 0.000034
epoch 046 | step 0080 | total = 4.1141 | box = 0.5464 | obj = 1.3488 | cls = 0.0335 | lr = 0.000034
epoch 046 | step 0100 | total = 4.6694 | box = 0.6396 | obj = 1.4317 | cls = 0.0396 | lr = 0.000034
epoch 046 | step 0120 | total = 2.9417 | box = 0.3493 | obj = 1.1592 | cls = 0.0362 | lr = 0.000034
epoch 046 | step 0140 | total = 3.8205 | box = 0.4838 | obj = 1.3648 | cls = 0.0366 | lr = 0.000034
epoch 046 | step 0160 | total = 3.5189 | box = 0.4431 | obj = 1.2658 | cls = 0.0375 | lr = 0.000034
epoch 046 | step 0180 | total = 4.3206 | box = 0.5416 | obj = 1.5668 | cls = 0.0457 | lr = 0.000034
epoch 046 | step 0200 | total = 4.1008 | box = 0.5543 | obj = 1.2932 | cls = 0.0362 | lr = 0.000034
epoch 046 | step 0220 | total = 4.0161 | box = 0.5232 | obj = 1.3572 | cls = 0.0428 | lr = 0.000034
epoch 046 | step 0240 | total = 4.8056 | box = 0.6462 | obj = 1.5402 | cls = 0.0346 | lr = 0.000034
epoch 046 | step 0260 | total = 4.8263 | box = 0.6443 | obj = 1.5601 | cls = 0.0449 | lr = 0.000034
epoch 046 | step 0280 | total = 3.1705 | box = 0.3859 | obj = 1.2093 | cls = 0.0316 | lr = 0.000034
epoch 046 | step 0300 | total = 4.4250 | box = 0.5954 | obj = 1.4079 | cls = 0.0401 | lr = 0.000034
epoch 046 | step 0320 | total = 4.9923 | box = 0.6860 | obj = 1.5215 | cls = 0.0409 | lr = 0.000034
epoch 046 | step 0340 | total = 4.2044 | box = 0.5628 | obj = 1.3573 | cls = 0.0332 | lr = 0.000034
epoch 046 | step 0360 | total = 4.0370 | box = 0.5260 | obj = 1.3738 | cls = 0.0334 | lr = 0.000034
epoch 046 | step 0380 | total = 4.6900 | box = 0.6301 | obj = 1.5035 | cls = 0.0362 | lr = 0.000034
epoch 046 | step 0400 | total = 4.4998 | box = 0.6072 | obj = 1.4208 | cls = 0.0431 | lr = 0.000034
epoch 046 | step 0420 | total = 4.2273 | box = 0.5706 | obj = 1.3414 | cls = 0.0330 | lr = 0.000034
epoch 046 | step 0440 | total = 4.6405 | box = 0.6382 | obj = 1.4171 | cls = 0.0326 | lr = 0.000034
epoch 046 | step 0460 | total = 3.5786 | box = 0.4594 | obj = 1.2498 | cls = 0.0321 | lr = 0.000034
epoch 046 | step 0480 | total = 3.9011 | box = 0.4909 | obj = 1.3973 | cls = 0.0494 | lr = 0.000034
epoch 046 | step 0500 | total = 3.5014 | box = 0.4545 | obj = 1.1992 | cls = 0.0295 | lr = 0.000034
epoch 046 | step 0520 | total = 3.2725 | box = 0.3976 | obj = 1.2464 | cls = 0.0380 | lr = 0.000034
epoch 046 | step 0540 | total = 3.3228 | box = 0.3987 | obj = 1.2879 | cls = 0.0416 | lr = 0.000034
epoch 046 | step 0560 | total = 4.2616 | box = 0.5839 | obj = 1.3058 | cls = 0.0365 | lr = 0.000034
epoch 046 | step 0580 | total = 3.9614 | box = 0.5028 | obj = 1.4046 | cls = 0.0429 | lr = 0.000034
epoch 046 | step 0600 | total = 4.0715 | box = 0.5427 | obj = 1.3238 | cls = 0.0343 | lr = 0.000034
epoch 046 | step 0620 | total = 4.5924 | box = 0.6009 | obj = 1.5506 | cls = 0.0373 | lr = 0.000034
epoch 046 | step 0640 | total = 3.7877 | box = 0.4924 | obj = 1.2893 | cls = 0.0364 | lr = 0.000034
epoch 046 | step 0660 | total = 4.9858 | box = 0.6717 | obj = 1.5933 | cls = 0.0342 | lr = 0.000034
epoch 046 | step 0680 | total = 4.4423 | box = 0.5706 | obj = 1.5559 | cls = 0.0332 | lr = 0.000034
epoch 046 | step 0700 | total = 3.9723 | box = 0.5103 | obj = 1.3845 | cls = 0.0363 | lr = 0.000034
epoch 046 | step 0720 | total = 4.2014 | box = 0.5730 | obj = 1.3009 | cls = 0.0357 | lr = 0.000034
epoch 046 | step 0740 | total = 3.5453 | box = 0.4210 | obj = 1.3991 | cls = 0.0412 | lr = 0.000034
epoch 046 | step 0760 | total = 4.1841 | box = 0.5647 | obj = 1.3220 | cls = 0.0384 | lr = 0.000034
epoch 046 | step 0780 | total = 4.5291 | box = 0.6174 | obj = 1.4050 | cls = 0.0370 | lr = 0.000034
epoch 046 | step 0800 | total = 4.8401 | box = 0.6654 | obj = 1.4740 | cls = 0.0392 | lr = 0.000034
epoch 046 | step 0820 | total = 5.4786 | box = 0.7891 | obj = 1.4993 | cls = 0.0339 | lr = 0.000034
epoch 046 | step 0840 | total = 4.0599 | box = 0.5310 | obj = 1.3611 | cls = 0.0438 | lr = 0.000034
epoch 046 | step 0860 | total = 4.5189 | box = 0.5897 | obj = 1.5288 | cls = 0.0415 | lr = 0.000034
epoch 046 | step 0880 | total = 3.5876 | box = 0.4328 | obj = 1.3812 | cls = 0.0423 | lr = 0.000034
epoch 046 | step 0900 | total = 4.3573 | box = 0.5735 | obj = 1.4533 | cls = 0.0364 | lr = 0.000034
epoch 046 | step 0920 | total = 4.2534 | box = 0.5729 | obj = 1.3556 | cls = 0.0334 | lr = 0.000034
[epoch 046 train] total = 4.1221 | box = 0.5434 | obj = 1.3675 | cls = 0.0374 | steps = 925 | global_batches = 7400 | samples = 118288 | time = 805.6s
[epoch 046 val] total = 4.4049 | box = 0.5785 | obj = 1.4738 | cls = 0.0385 | steps = 40 | global_batches = 320 | samples = 5000 | time = 23.8s
epoch 047 | step 0001 | total = 4.8641 | box = 0.6895 | obj = 1.3788 | cls = 0.0380 | lr = 0.000026
epoch 047 | step 0020 | total = 3.7718 | box = 0.4795 | obj = 1.3434 | cls = 0.0306 | lr = 0.000026
epoch 047 | step 0040 | total = 3.3188 | box = 0.4095 | obj = 1.2352 | cls = 0.0358 | lr = 0.000026
epoch 047 | step 0060 | total = 3.7178 | box = 0.4723 | obj = 1.3216 | cls = 0.0350 | lr = 0.000026
epoch 047 | step 0080 | total = 4.3017 | box = 0.5800 | obj = 1.3687 | cls = 0.0332 | lr = 0.000026
epoch 047 | step 0100 | total = 4.3463 | box = 0.5709 | obj = 1.4526 | cls = 0.0391 | lr = 0.000026
epoch 047 | step 0120 | total = 4.3972 | box = 0.6070 | obj = 1.3333 | cls = 0.0291 | lr = 0.000026
epoch 047 | step 0140 | total = 4.1849 | box = 0.5540 | obj = 1.3858 | cls = 0.0291 | lr = 0.000026
epoch 047 | step 0160 | total = 4.8369 | box = 0.6581 | obj = 1.5105 | cls = 0.0362 | lr = 0.000026
epoch 047 | step 0180 | total = 3.5507 | box = 0.4324 | obj = 1.3408 | cls = 0.0478 | lr = 0.000026
epoch 047 | step 0200 | total = 4.3065 | box = 0.5719 | obj = 1.4167 | cls = 0.0303 | lr = 0.000026
epoch 047 | step 0220 | total = 5.2389 | box = 0.7785 | obj = 1.3122 | cls = 0.0339 | lr = 0.000026
epoch 047 | step 0240 | total = 4.3219 | box = 0.5821 | obj = 1.3713 | cls = 0.0399 | lr = 0.000026
epoch 047 | step 0260 | total = 4.2876 | box = 0.5587 | obj = 1.4591 | cls = 0.0352 | lr = 0.000026
epoch 047 | step 0280 | total = 4.9025 | box = 0.6856 | obj = 1.4399 | cls = 0.0344 | lr = 0.000026
epoch 047 | step 0300 | total = 4.2223 | box = 0.5905 | obj = 1.2421 | cls = 0.0276 | lr = 0.000026
epoch 047 | step 0320 | total = 4.1429 | box = 0.5206 | obj = 1.5046 | cls = 0.0352 | lr = 0.000026
epoch 047 | step 0340 | total = 4.4261 | box = 0.6225 | obj = 1.2841 | cls = 0.0294 | lr = 0.000026
epoch 047 | step 0360 | total = 3.1561 | box = 0.3956 | obj = 1.1266 | cls = 0.0513 | lr = 0.000026
epoch 047 | step 0380 | total = 3.6322 | box = 0.4668 | obj = 1.2645 | cls = 0.0338 | lr = 0.000026
epoch 047 | step 0400 | total = 3.6799 | box = 0.4464 | obj = 1.4156 | cls = 0.0324 | lr = 0.000026
epoch 047 | step 0420 | total = 4.1906 | box = 0.5819 | obj = 1.2448 | cls = 0.0361 | lr = 0.000026
epoch 047 | step 0440 | total = 4.4533 | box = 0.5948 | obj = 1.4450 | cls = 0.0342 | lr = 0.000026
epoch 047 | step 0460 | total = 4.2361 | box = 0.5586 | obj = 1.4047 | cls = 0.0382 | lr = 0.000026
epoch 047 | step 0480 | total = 3.6589 | box = 0.4817 | obj = 1.2167 | cls = 0.0334 | lr = 0.000026
epoch 047 | step 0500 | total = 3.8709 | box = 0.4801 | obj = 1.4334 | cls = 0.0369 | lr = 0.000026
epoch 047 | step 0520 | total = 3.8946 | box = 0.4574 | obj = 1.5738 | cls = 0.0336 | lr = 0.000026
epoch 047 | step 0540 | total = 3.4680 | box = 0.4306 | obj = 1.2821 | cls = 0.0330 | lr = 0.000026
epoch 047 | step 0560 | total = 4.5609 | box = 0.5987 | obj = 1.5266 | cls = 0.0409 | lr = 0.000026
epoch 047 | step 0580 | total = 4.0104 | box = 0.5234 | obj = 1.3607 | cls = 0.0327 | lr = 0.000026
epoch 047 | step 0600 | total = 4.5832 | box = 0.6225 | obj = 1.4319 | cls = 0.0386 | lr = 0.000026
epoch 047 | step 0620 | total = 3.5709 | box = 0.4627 | obj = 1.2204 | cls = 0.0369 | lr = 0.000026
epoch 047 | step 0640 | total = 3.9271 | box = 0.5093 | obj = 1.3470 | cls = 0.0338 | lr = 0.000026
epoch 047 | step 0660 | total = 3.7484 | box = 0.4548 | obj = 1.4086 | cls = 0.0660 | lr = 0.000026
epoch 047 | step 0680 | total = 3.8642 | box = 0.4973 | obj = 1.3428 | cls = 0.0349 | lr = 0.000026
epoch 047 | step 0700 | total = 3.8987 | box = 0.4972 | obj = 1.3695 | cls = 0.0433 | lr = 0.000026
epoch 047 | step 0720 | total = 4.2259 | box = 0.5544 | obj = 1.4201 | cls = 0.0336 | lr = 0.000026
epoch 047 | step 0740 | total = 4.3742 | box = 0.5860 | obj = 1.4066 | cls = 0.0377 | lr = 0.000026
epoch 047 | step 0760 | total = 4.9467 | box = 0.6870 | obj = 1.4773 | cls = 0.0345 | lr = 0.000026
epoch 047 | step 0780 | total = 4.2933 | box = 0.5558 | obj = 1.4815 | cls = 0.0326 | lr = 0.000026
epoch 047 | step 0800 | total = 4.7514 | box = 0.6608 | obj = 1.4160 | cls = 0.0316 | lr = 0.000026
epoch 047 | step 0820 | total = 4.2855 | box = 0.5644 | obj = 1.4286 | cls = 0.0347 | lr = 0.000026
epoch 047 | step 0840 | total = 4.3164 | box = 0.5760 | obj = 1.3972 | cls = 0.0389 | lr = 0.000026
epoch 047 | step 0860 | total = 4.4466 | box = 0.5935 | obj = 1.4380 | cls = 0.0413 | lr = 0.000026
epoch 047 | step 0880 | total = 4.5598 | box = 0.5990 | obj = 1.5279 | cls = 0.0368 | lr = 0.000026
epoch 047 | step 0900 | total = 4.6128 | box = 0.6403 | obj = 1.3728 | cls = 0.0385 | lr = 0.000026
epoch 047 | step 0920 | total = 4.2069 | box = 0.5512 | obj = 1.4180 | cls = 0.0327 | lr = 0.000026
[epoch 047 train] total = 4.1191 | box = 0.5431 | obj = 1.3663 | cls = 0.0374 | steps = 925 | global_batches = 7400 | samples = 118288 | time = 807.1s
[epoch 047 val] total = 4.3914 | box = 0.5777 | obj = 1.4648 | cls = 0.0383 | steps = 40 | global_batches = 320 | samples = 5000 | time = 23.7s
epoch 048 | step 0001 | total = 3.7573 | box = 0.4884 | obj = 1.2731 | cls = 0.0423 | lr = 0.000019
epoch 048 | step 0020 | total = 4.3389 | box = 0.5834 | obj = 1.3826 | cls = 0.0392 | lr = 0.000019
epoch 048 | step 0040 | total = 4.5575 | box = 0.6322 | obj = 1.3613 | cls = 0.0350 | lr = 0.000019
epoch 048 | step 0060 | total = 3.9828 | box = 0.5350 | obj = 1.2742 | cls = 0.0336 | lr = 0.000019
epoch 048 | step 0080 | total = 3.8258 | box = 0.4917 | obj = 1.3337 | cls = 0.0338 | lr = 0.000019
epoch 048 | step 0100 | total = 5.1061 | box = 0.7340 | obj = 1.3921 | cls = 0.0438 | lr = 0.000019
epoch 048 | step 0120 | total = 4.6127 | box = 0.6311 | obj = 1.4181 | cls = 0.0391 | lr = 0.000019
epoch 048 | step 0140 | total = 4.3290 | box = 0.5694 | obj = 1.4480 | cls = 0.0339 | lr = 0.000019
epoch 048 | step 0160 | total = 4.7809 | box = 0.6479 | obj = 1.5090 | cls = 0.0324 | lr = 0.000019
epoch 048 | step 0180 | total = 4.0842 | box = 0.5373 | obj = 1.3572 | cls = 0.0407 | lr = 0.000019
epoch 048 | step 0200 | total = 4.0485 | box = 0.5396 | obj = 1.3168 | cls = 0.0338 | lr = 0.000019
epoch 048 | step 0220 | total = 3.6572 | box = 0.4700 | obj = 1.2695 | cls = 0.0376 | lr = 0.000019
epoch 048 | step 0240 | total = 3.6828 | box = 0.4649 | obj = 1.3208 | cls = 0.0376 | lr = 0.000019
epoch 048 | step 0260 | total = 3.2452 | box = 0.3896 | obj = 1.2513 | cls = 0.0461 | lr = 0.000019
epoch 048 | step 0280 | total = 4.4887 | box = 0.6096 | obj = 1.4029 | cls = 0.0379 | lr = 0.000019
epoch 048 | step 0300 | total = 3.7716 | box = 0.4680 | obj = 1.3891 | cls = 0.0424 | lr = 0.000019
epoch 048 | step 0320 | total = 4.3427 | box = 0.5918 | obj = 1.3495 | cls = 0.0341 | lr = 0.000019
epoch 048 | step 0340 | total = 4.3856 | box = 0.6100 | obj = 1.2966 | cls = 0.0389 | lr = 0.000019
epoch 048 | step 0360 | total = 4.0435 | box = 0.5087 | obj = 1.4612 | cls = 0.0390 | lr = 0.000019
epoch 048 | step 0380 | total = 3.7678 | box = 0.4840 | obj = 1.3148 | cls = 0.0329 | lr = 0.000019
epoch 048 | step 0400 | total = 3.0243 | box = 0.3328 | obj = 1.3172 | cls = 0.0431 | lr = 0.000019
epoch 048 | step 0420 | total = 3.6344 | box = 0.4507 | obj = 1.3473 | cls = 0.0334 | lr = 0.000019
epoch 048 | step 0440 | total = 3.6359 | box = 0.4520 | obj = 1.3288 | cls = 0.0473 | lr = 0.000019
epoch 048 | step 0460 | total = 4.5667 | box = 0.6438 | obj = 1.3092 | cls = 0.0383 | lr = 0.000019
epoch 048 | step 0480 | total = 3.9202 | box = 0.5120 | obj = 1.3273 | cls = 0.0330 | lr = 0.000019
epoch 048 | step 0500 | total = 4.2698 | box = 0.5615 | obj = 1.4232 | cls = 0.0391 | lr = 0.000019
epoch 048 | step 0520 | total = 3.7073 | box = 0.4757 | obj = 1.2968 | cls = 0.0320 | lr = 0.000019
epoch 048 | step 0540 | total = 4.4029 | box = 0.5924 | obj = 1.4069 | cls = 0.0340 | lr = 0.000019
epoch 048 | step 0560 | total = 3.7224 | box = 0.4868 | obj = 1.2570 | cls = 0.0312 | lr = 0.000019
epoch 048 | step 0580 | total = 4.6734 | box = 0.6424 | obj = 1.4279 | cls = 0.0335 | lr = 0.000019
epoch 048 | step 0600 | total = 4.6951 | box = 0.6537 | obj = 1.3947 | cls = 0.0320 | lr = 0.000019
epoch 048 | step 0620 | total = 4.3901 | box = 0.5958 | obj = 1.3750 | cls = 0.0363 | lr = 0.000019
epoch 048 | step 0640 | total = 4.2682 | box = 0.5745 | obj = 1.3545 | cls = 0.0412 | lr = 0.000019
epoch 048 | step 0660 | total = 4.2832 | box = 0.5587 | obj = 1.4461 | cls = 0.0435 | lr = 0.000019
epoch 048 | step 0680 | total = 4.4241 | box = 0.5480 | obj = 1.6412 | cls = 0.0429 | lr = 0.000019
epoch 048 | step 0700 | total = 4.7823 | box = 0.6778 | obj = 1.3578 | cls = 0.0355 | lr = 0.000019
epoch 048 | step 0720 | total = 4.1260 | box = 0.5415 | obj = 1.3826 | cls = 0.0359 | lr = 0.000019
epoch 048 | step 0740 | total = 4.4553 | box = 0.6146 | obj = 1.3458 | cls = 0.0364 | lr = 0.000019
epoch 048 | step 0760 | total = 4.4219 | box = 0.5875 | obj = 1.4482 | cls = 0.0362 | lr = 0.000019
epoch 048 | step 0780 | total = 3.9264 | box = 0.5098 | obj = 1.3451 | cls = 0.0325 | lr = 0.000019
epoch 048 | step 0800 | total = 3.0015 | box = 0.3497 | obj = 1.2127 | cls = 0.0404 | lr = 0.000019
epoch 048 | step 0820 | total = 4.0094 | box = 0.5142 | obj = 1.4075 | cls = 0.0310 | lr = 0.000019
epoch 048 | step 0840 | total = 3.3114 | box = 0.4214 | obj = 1.1716 | cls = 0.0329 | lr = 0.000019
epoch 048 | step 0860 | total = 3.2590 | box = 0.3893 | obj = 1.2702 | cls = 0.0424 | lr = 0.000019
epoch 048 | step 0880 | total = 5.0561 | box = 0.7019 | obj = 1.5088 | cls = 0.0376 | lr = 0.000019
epoch 048 | step 0900 | total = 3.8508 | box = 0.4821 | obj = 1.3990 | cls = 0.0412 | lr = 0.000019
epoch 048 | step 0920 | total = 4.4601 | box = 0.5935 | obj = 1.4507 | cls = 0.0417 | lr = 0.000019
[epoch 048 train] total = 4.1140 | box = 0.5424 | obj = 1.3649 | cls = 0.0374 | steps = 925 | global_batches = 7400 | samples = 118288 | time = 807.6s
[epoch 048 val] total = 4.3949 | box = 0.5777 | obj = 1.4680 | cls = 0.0383 | steps = 40 | global_batches = 320 | samples = 5000 | time = 23.6s
epoch 049 | step 0001 | total = 4.5281 | box = 0.6313 | obj = 1.3272 | cls = 0.0446 | lr = 0.000014
epoch 049 | step 0020 | total = 4.2967 | box = 0.5776 | obj = 1.3730 | cls = 0.0355 | lr = 0.000014
epoch 049 | step 0040 | total = 3.7050 | box = 0.4966 | obj = 1.1902 | cls = 0.0320 | lr = 0.000014
epoch 049 | step 0060 | total = 4.6894 | box = 0.6213 | obj = 1.5465 | cls = 0.0363 | lr = 0.000014
epoch 049 | step 0080 | total = 4.0865 | box = 0.5473 | obj = 1.3134 | cls = 0.0365 | lr = 0.000014
epoch 049 | step 0100 | total = 4.9908 | box = 0.6710 | obj = 1.5991 | cls = 0.0368 | lr = 0.000014
epoch 049 | step 0120 | total = 3.3322 | box = 0.4190 | obj = 1.2052 | cls = 0.0318 | lr = 0.000014
epoch 049 | step 0140 | total = 4.7292 | box = 0.6615 | obj = 1.3898 | cls = 0.0320 | lr = 0.000014
epoch 049 | step 0160 | total = 4.2066 | box = 0.5528 | obj = 1.4116 | cls = 0.0308 | lr = 0.000014
epoch 049 | step 0180 | total = 3.6214 | box = 0.4630 | obj = 1.2557 | cls = 0.0508 | lr = 0.000014
epoch 049 | step 0200 | total = 4.6707 | box = 0.6452 | obj = 1.4117 | cls = 0.0331 | lr = 0.000014
epoch 049 | step 0220 | total = 3.3657 | box = 0.4223 | obj = 1.2149 | cls = 0.0391 | lr = 0.000014
epoch 049 | step 0240 | total = 4.5532 | box = 0.6162 | obj = 1.4292 | cls = 0.0427 | lr = 0.000014
epoch 049 | step 0260 | total = 4.5153 | box = 0.6080 | obj = 1.4438 | cls = 0.0315 | lr = 0.000014
epoch 049 | step 0280 | total = 3.5924 | box = 0.4448 | obj = 1.3305 | cls = 0.0378 | lr = 0.000014
epoch 049 | step 0300 | total = 3.9069 | box = 0.4850 | obj = 1.4429 | cls = 0.0389 | lr = 0.000014
epoch 049 | step 0320 | total = 3.8145 | box = 0.4765 | obj = 1.3955 | cls = 0.0365 | lr = 0.000014
epoch 049 | step 0340 | total = 3.4057 | box = 0.4212 | obj = 1.2534 | cls = 0.0461 | lr = 0.000014
epoch 049 | step 0360 | total = 4.7808 | box = 0.6715 | obj = 1.3840 | cls = 0.0391 | lr = 0.000014
epoch 049 | step 0380 | total = 4.3028 | box = 0.6073 | obj = 1.2283 | cls = 0.0381 | lr = 0.000014
epoch 049 | step 0400 | total = 3.5802 | box = 0.4634 | obj = 1.2231 | cls = 0.0399 | lr = 0.000014
epoch 049 | step 0420 | total = 4.3278 | box = 0.5767 | obj = 1.4155 | cls = 0.0289 | lr = 0.000014
epoch 049 | step 0440 | total = 4.0636 | box = 0.5221 | obj = 1.4050 | cls = 0.0479 | lr = 0.000014
epoch 049 | step 0460 | total = 3.5186 | box = 0.4304 | obj = 1.3342 | cls = 0.0326 | lr = 0.000014
epoch 049 | step 0480 | total = 4.1397 | box = 0.5477 | obj = 1.3646 | cls = 0.0367 | lr = 0.000014
epoch 049 | step 0500 | total = 4.0778 | box = 0.5246 | obj = 1.4182 | cls = 0.0364 | lr = 0.000014
epoch 049 | step 0520 | total = 4.0799 | box = 0.5489 | obj = 1.3090 | cls = 0.0265 | lr = 0.000014
epoch 049 | step 0540 | total = 3.9874 | box = 0.5400 | obj = 1.2491 | cls = 0.0383 | lr = 0.000014
epoch 049 | step 0560 | total = 4.0489 | box = 0.5394 | obj = 1.3169 | cls = 0.0350 | lr = 0.000014
epoch 049 | step 0580 | total = 3.8311 | box = 0.4882 | obj = 1.3509 | cls = 0.0392 | lr = 0.000014
epoch 049 | step 0600 | total = 4.1614 | box = 0.5536 | obj = 1.3564 | cls = 0.0371 | lr = 0.000014
epoch 049 | step 0620 | total = 4.2423 | box = 0.5588 | obj = 1.4079 | cls = 0.0402 | lr = 0.000014
epoch 049 | step 0640 | total = 4.3829 | box = 0.6181 | obj = 1.2527 | cls = 0.0394 | lr = 0.000014
epoch 049 | step 0660 | total = 4.0318 | box = 0.5132 | obj = 1.4331 | cls = 0.0326 | lr = 0.000014
epoch 049 | step 0680 | total = 4.3841 | box = 0.5888 | obj = 1.3978 | cls = 0.0422 | lr = 0.000014
epoch 049 | step 0700 | total = 4.8526 | box = 0.7024 | obj = 1.2989 | cls = 0.0419 | lr = 0.000014
epoch 049 | step 0720 | total = 4.2208 | box = 0.5590 | obj = 1.3903 | cls = 0.0353 | lr = 0.000014
epoch 049 | step 0740 | total = 3.9643 | box = 0.4963 | obj = 1.4390 | cls = 0.0439 | lr = 0.000014
epoch 049 | step 0760 | total = 4.5158 | box = 0.6066 | obj = 1.4428 | cls = 0.0399 | lr = 0.000014
epoch 049 | step 0780 | total = 4.1817 | box = 0.5708 | obj = 1.2926 | cls = 0.0351 | lr = 0.000014
epoch 049 | step 0800 | total = 4.6053 | box = 0.6196 | obj = 1.4686 | cls = 0.0388 | lr = 0.000014
epoch 049 | step 0820 | total = 5.3773 | box = 0.7739 | obj = 1.4717 | cls = 0.0363 | lr = 0.000014
epoch 049 | step 0840 | total = 4.3862 | box = 0.5735 | obj = 1.4800 | cls = 0.0388 | lr = 0.000014
epoch 049 | step 0860 | total = 4.1515 | box = 0.5459 | obj = 1.3847 | cls = 0.0372 | lr = 0.000014
epoch 049 | step 0880 | total = 3.5607 | box = 0.4251 | obj = 1.3932 | cls = 0.0418 | lr = 0.000014
epoch 049 | step 0900 | total = 4.1574 | box = 0.5400 | obj = 1.4211 | cls = 0.0361 | lr = 0.000014
epoch 049 | step 0920 | total = 4.3583 | box = 0.5840 | obj = 1.4061 | cls = 0.0321 | lr = 0.000014
[epoch 049 train] total = 4.1109 | box = 0.5421 | obj = 1.3631 | cls = 0.0374 | steps = 925 | global_batches = 7400 | samples = 118288 | time = 806.0s
[epoch 049 val] total = 4.3933 | box = 0.5774 | obj = 1.4681 | cls = 0.0383 | steps = 40 | global_batches = 320 | samples = 5000 | time = 23.4s
epoch 050 | step 0001 | total = 4.4657 | box = 0.5894 | obj = 1.4725 | cls = 0.0461 | lr = 0.000011
epoch 050 | step 0020 | total = 3.5242 | box = 0.4479 | obj = 1.2492 | cls = 0.0355 | lr = 0.000011
epoch 050 | step 0040 | total = 2.9864 | box = 0.3604 | obj = 1.1408 | cls = 0.0434 | lr = 0.000011
epoch 050 | step 0060 | total = 4.0954 | box = 0.5441 | obj = 1.3352 | cls = 0.0395 | lr = 0.000011
epoch 050 | step 0080 | total = 4.5747 | box = 0.6237 | obj = 1.4232 | cls = 0.0331 | lr = 0.000011
epoch 050 | step 0100 | total = 4.3814 | box = 0.5769 | obj = 1.4549 | cls = 0.0419 | lr = 0.000011
epoch 050 | step 0120 | total = 4.3567 | box = 0.5654 | obj = 1.4940 | cls = 0.0358 | lr = 0.000011
epoch 050 | step 0140 | total = 3.8008 | box = 0.4921 | obj = 1.3078 | cls = 0.0323 | lr = 0.000011
epoch 050 | step 0160 | total = 4.8876 | box = 0.6802 | obj = 1.4525 | cls = 0.0342 | lr = 0.000011
epoch 050 | step 0180 | total = 3.7593 | box = 0.4886 | obj = 1.2777 | cls = 0.0389 | lr = 0.000011
epoch 050 | step 0200 | total = 3.9831 | box = 0.5061 | obj = 1.4189 | cls = 0.0337 | lr = 0.000011
epoch 050 | step 0220 | total = 3.9545 | box = 0.5370 | obj = 1.2292 | cls = 0.0401 | lr = 0.000011
epoch 050 | step 0240 | total = 4.3524 | box = 0.5847 | obj = 1.3962 | cls = 0.0326 | lr = 0.000011
epoch 050 | step 0260 | total = 4.0894 | box = 0.5435 | obj = 1.3410 | cls = 0.0308 | lr = 0.000011
epoch 050 | step 0280 | total = 4.2583 | box = 0.5600 | obj = 1.4116 | cls = 0.0466 | lr = 0.000011
epoch 050 | step 0300 | total = 3.6353 | box = 0.4554 | obj = 1.3212 | cls = 0.0370 | lr = 0.000011
epoch 050 | step 0320 | total = 4.4559 | box = 0.6148 | obj = 1.3442 | cls = 0.0378 | lr = 0.000011
epoch 050 | step 0340 | total = 4.4905 | box = 0.5931 | obj = 1.4748 | cls = 0.0501 | lr = 0.000011
epoch 050 | step 0360 | total = 4.7146 | box = 0.6769 | obj = 1.3008 | cls = 0.0293 | lr = 0.000011
epoch 050 | step 0380 | total = 3.5535 | box = 0.4347 | obj = 1.3407 | cls = 0.0391 | lr = 0.000011
epoch 050 | step 0400 | total = 3.9330 | box = 0.4833 | obj = 1.4752 | cls = 0.0411 | lr = 0.000011
epoch 050 | step 0420 | total = 4.4570 | box = 0.5971 | obj = 1.4343 | cls = 0.0372 | lr = 0.000011
epoch 050 | step 0440 | total = 4.5674 | box = 0.6440 | obj = 1.3153 | cls = 0.0321 | lr = 0.000011
epoch 050 | step 0460 | total = 4.0681 | box = 0.5347 | obj = 1.3619 | cls = 0.0324 | lr = 0.000011
epoch 050 | step 0480 | total = 4.9237 | box = 0.6918 | obj = 1.4321 | cls = 0.0326 | lr = 0.000011
epoch 050 | step 0500 | total = 4.5277 | box = 0.5755 | obj = 1.6081 | cls = 0.0420 | lr = 0.000011
epoch 050 | step 0520 | total = 4.4547 | box = 0.6246 | obj = 1.2928 | cls = 0.0388 | lr = 0.000011
epoch 050 | step 0540 | total = 4.0593 | box = 0.5139 | obj = 1.4433 | cls = 0.0467 | lr = 0.000011
epoch 050 | step 0560 | total = 3.6240 | box = 0.4824 | obj = 1.1812 | cls = 0.0309 | lr = 0.000011
epoch 050 | step 0580 | total = 4.0571 | box = 0.5054 | obj = 1.4928 | cls = 0.0373 | lr = 0.000011
epoch 050 | step 0600 | total = 3.9652 | box = 0.5152 | obj = 1.3531 | cls = 0.0361 | lr = 0.000011
epoch 050 | step 0620 | total = 5.2837 | box = 0.7661 | obj = 1.4155 | cls = 0.0377 | lr = 0.000011
epoch 050 | step 0640 | total = 3.3189 | box = 0.4057 | obj = 1.2524 | cls = 0.0379 | lr = 0.000011
epoch 050 | step 0660 | total = 4.0115 | box = 0.5304 | obj = 1.3278 | cls = 0.0315 | lr = 0.000011
epoch 050 | step 0680 | total = 3.8763 | box = 0.5008 | obj = 1.3399 | cls = 0.0323 | lr = 0.000011
epoch 050 | step 0700 | total = 4.5564 | box = 0.6186 | obj = 1.4296 | cls = 0.0339 | lr = 0.000011
epoch 050 | step 0720 | total = 4.4679 | box = 0.6045 | obj = 1.4117 | cls = 0.0338 | lr = 0.000011
epoch 050 | step 0740 | total = 4.3438 | box = 0.6050 | obj = 1.2844 | cls = 0.0343 | lr = 0.000011
epoch 050 | step 0760 | total = 4.2106 | box = 0.5365 | obj = 1.4779 | cls = 0.0500 | lr = 0.000011
epoch 050 | step 0780 | total = 4.2063 | box = 0.5638 | obj = 1.3579 | cls = 0.0295 | lr = 0.000011
epoch 050 | step 0800 | total = 3.8646 | box = 0.4924 | obj = 1.3646 | cls = 0.0383 | lr = 0.000011
epoch 050 | step 0820 | total = 4.6444 | box = 0.6463 | obj = 1.3748 | cls = 0.0383 | lr = 0.000011
epoch 050 | step 0840 | total = 4.3915 | box = 0.6019 | obj = 1.3446 | cls = 0.0376 | lr = 0.000011
epoch 050 | step 0860 | total = 3.6534 | box = 0.4488 | obj = 1.3733 | cls = 0.0359 | lr = 0.000011
epoch 050 | step 0880 | total = 4.6178 | box = 0.6436 | obj = 1.3629 | cls = 0.0370 | lr = 0.000011
epoch 050 | step 0900 | total = 3.9137 | box = 0.5120 | obj = 1.3161 | cls = 0.0376 | lr = 0.000011
epoch 050 | step 0920 | total = 3.7254 | box = 0.4637 | obj = 1.3724 | cls = 0.0346 | lr = 0.000011
[epoch 050 train] total = 4.1101 | box = 0.5420 | obj = 1.3629 | cls = 0.0373 | steps = 925 | global_batches = 7400 | samples = 118288 | time = 805.5s
[epoch 050 val] total = 4.3928 | box = 0.5772 | obj = 1.4683 | cls = 0.0383 | steps = 40 | global_batches = 320 | samples = 5000 | time = 23.8s
training status: completed
result summary: logs/records/dual_scale_three_box_coco_only_noobj1_416_basic_aug_scale_jitter_50_ddp_20260511_225018/result.txt
training_exit=0
postrun_run_id=dual_scale_three_box_coco_only_noobj1_416_basic_aug_scale_jitter_50_ddp_20260511_225018
best_checkpoint=outputs/dual_scale_three_box_coco_only_noobj1_416_basic_aug_scale_jitter_50_ddp_20260511_225018/best.pth
stage=coco_eval_full_val2017
creating index...
index created!
Loading and preparing results...
DONE (t=0.69s)
creating index...
index created!
Running per image evaluation...
Evaluate annotation type *bbox*
DONE (t=21.19s).
Accumulating evaluation results...
DONE (t=4.42s).
 Average Precision  (AP) @[ IoU=0.50:0.95 | area=   all | maxDets=100 ] = 0.188
 Average Precision  (AP) @[ IoU=0.50      | area=   all | maxDets=100 ] = 0.307
 Average Precision  (AP) @[ IoU=0.75      | area=   all | maxDets=100 ] = 0.196
 Average Precision  (AP) @[ IoU=0.50:0.95 | area= small | maxDets=100 ] = 0.085
 Average Precision  (AP) @[ IoU=0.50:0.95 | area=medium | maxDets=100 ] = 0.205
 Average Precision  (AP) @[ IoU=0.50:0.95 | area= large | maxDets=100 ] = 0.257
 Average Recall     (AR) @[ IoU=0.50:0.95 | area=   all | maxDets=  1 ] = 0.216
 Average Recall     (AR) @[ IoU=0.50:0.95 | area=   all | maxDets= 10 ] = 0.334
 Average Recall     (AR) @[ IoU=0.50:0.95 | area=   all | maxDets=100 ] = 0.349
 Average Recall     (AR) @[ IoU=0.50:0.95 | area= small | maxDets=100 ] = 0.140
 Average Recall     (AR) @[ IoU=0.50:0.95 | area=medium | maxDets=100 ] = 0.374
 Average Recall     (AR) @[ IoU=0.50:0.95 | area= large | maxDets=100 ] = 0.479
{
  "anchors": {
    "p4": [
      [
        0.04,
        0.055
      ],
      [
        0.075,
        0.11
      ],
      [
        0.13,
        0.18
      ]
    ],
    "p5": [
      [
        0.18,
        0.24
      ],
      [
        0.32,
        0.42
      ],
      [
        0.52,
        0.62
      ]
    ]
  },
  "batch_size": 1.0,
  "box_parameterization": "yolov5",
  "checkpoint_path": "/home/lidz/YOLO/yolo_final/outputs/dual_scale_three_box_coco_only_noobj1_416_basic_aug_scale_jitter_50_ddp_20260511_225018/best.pth",
  "coco_ap": 0.1880570732841176,
  "coco_ap50": 0.3074145553239472,
  "coco_ap75": 0.19554600609385292,
  "coco_ap_large": 0.2566666875930195,
  "coco_ap_medium": 0.20469817052108175,
  "coco_ap_small": 0.08450313320556797,
  "coco_ar1": 0.21561037306762043,
  "coco_ar10": 0.33356598826706674,
  "coco_ar100": 0.3486918794163711,
  "coco_ar_large": 0.47945824198543446,
  "coco_ar_medium": 0.37413768277464643,
  "coco_ar_small": 0.13988804115824155,
  "config_path": "/home/lidz/YOLO/yolo_final/configs/dual_scale_three_box_coco_only_noobj1_416_basic_aug_scale_jitter_50.toml",
  "conv2d_flops": 78381475328.0,
  "device": "cuda",
  "duration_seconds": 0.36340586794540286,
  "images_per_second": 275.17442292655477,
  "linear_flops": 0.0,
  "manifest_path": "/home/lidz/YOLO/DataSet/Unified/manifests/coco2017_val.jsonl",
  "measure_iters": 100.0,
  "milliseconds_per_batch": 3.6340586794540286,
  "model_name": "deep_residual_dual_scale_three_box",
  "num_boxes": 3,
  "num_predictions": 237179.0,
  "num_samples": 5000.0,
  "output_shape": {
    "p4": [
      1,
      26,
      26,
      255
    ],
    "p5": [
      1,
      13,
      13,
      255
    ]
  },
  "params_total": 36531294,
  "params_trainable": 36531294,
  "score_alpha": 2.0,
  "score_beta": 1.0,
  "total_flops": 78381475328.0,
  "total_gflops": 78.381475328,
  "warmup_iters": 20.0
}
coco_eval_exit=0
stage=sweep_500
sweep 1/96: alpha=1.5, beta=1.0, threshold=0.03, top_k=20, nms=0.4
creating index...
index created!
Loading and preparing results...
DONE (t=0.01s)
creating index...
index created!
Running per image evaluation...
Evaluate annotation type *bbox*
DONE (t=1.39s).
Accumulating evaluation results...
DONE (t=0.46s).
 Average Precision  (AP) @[ IoU=0.50:0.95 | area=   all | maxDets=100 ] = 0.221
 Average Precision  (AP) @[ IoU=0.50      | area=   all | maxDets=100 ] = 0.343
 Average Precision  (AP) @[ IoU=0.75      | area=   all | maxDets=100 ] = 0.240
 Average Precision  (AP) @[ IoU=0.50:0.95 | area= small | maxDets=100 ] = 0.086
 Average Precision  (AP) @[ IoU=0.50:0.95 | area=medium | maxDets=100 ] = 0.241
 Average Precision  (AP) @[ IoU=0.50:0.95 | area= large | maxDets=100 ] = 0.284
 Average Recall     (AR) @[ IoU=0.50:0.95 | area=   all | maxDets=  1 ] = 0.233
 Average Recall     (AR) @[ IoU=0.50:0.95 | area=   all | maxDets= 10 ] = 0.317
 Average Recall     (AR) @[ IoU=0.50:0.95 | area=   all | maxDets=100 ] = 0.318
 Average Recall     (AR) @[ IoU=0.50:0.95 | area= small | maxDets=100 ] = 0.107
 Average Recall     (AR) @[ IoU=0.50:0.95 | area=medium | maxDets=100 ] = 0.322
 Average Recall     (AR) @[ IoU=0.50:0.95 | area= large | maxDets=100 ] = 0.454
sweep 2/96: alpha=1.5, beta=1.0, threshold=0.03, top_k=20, nms=0.5
creating index...
index created!
Loading and preparing results...
DONE (t=0.01s)
creating index...
index created!
Running per image evaluation...
Evaluate annotation type *bbox*
DONE (t=1.12s).
Accumulating evaluation results...
DONE (t=0.45s).
 Average Precision  (AP) @[ IoU=0.50:0.95 | area=   all | maxDets=100 ] = 0.221
 Average Precision  (AP) @[ IoU=0.50      | area=   all | maxDets=100 ] = 0.340
 Average Precision  (AP) @[ IoU=0.75      | area=   all | maxDets=100 ] = 0.241
 Average Precision  (AP) @[ IoU=0.50:0.95 | area= small | maxDets=100 ] = 0.085
 Average Precision  (AP) @[ IoU=0.50:0.95 | area=medium | maxDets=100 ] = 0.242
 Average Precision  (AP) @[ IoU=0.50:0.95 | area= large | maxDets=100 ] = 0.285
 Average Recall     (AR) @[ IoU=0.50:0.95 | area=   all | maxDets=  1 ] = 0.231
 Average Recall     (AR) @[ IoU=0.50:0.95 | area=   all | maxDets= 10 ] = 0.320
 Average Recall     (AR) @[ IoU=0.50:0.95 | area=   all | maxDets=100 ] = 0.322
 Average Recall     (AR) @[ IoU=0.50:0.95 | area= small | maxDets=100 ] = 0.106
 Average Recall     (AR) @[ IoU=0.50:0.95 | area=medium | maxDets=100 ] = 0.326
 Average Recall     (AR) @[ IoU=0.50:0.95 | area= large | maxDets=100 ] = 0.455
sweep 3/96: alpha=1.5, beta=1.0, threshold=0.03, top_k=20, nms=0.6
creating index...
index created!
Loading and preparing results...
DONE (t=0.01s)
creating index...
index created!
Running per image evaluation...
Evaluate annotation type *bbox*
DONE (t=1.10s).
Accumulating evaluation results...
DONE (t=0.43s).
 Average Precision  (AP) @[ IoU=0.50:0.95 | area=   all | maxDets=100 ] = 0.218
 Average Precision  (AP) @[ IoU=0.50      | area=   all | maxDets=100 ] = 0.329
 Average Precision  (AP) @[ IoU=0.75      | area=   all | maxDets=100 ] = 0.242
 Average Precision  (AP) @[ IoU=0.50:0.95 | area= small | maxDets=100 ] = 0.082
 Average Precision  (AP) @[ IoU=0.50:0.95 | area=medium | maxDets=100 ] = 0.238
 Average Precision  (AP) @[ IoU=0.50:0.95 | area= large | maxDets=100 ] = 0.282
 Average Recall     (AR) @[ IoU=0.50:0.95 | area=   all | maxDets=  1 ] = 0.228
 Average Recall     (AR) @[ IoU=0.50:0.95 | area=   all | maxDets= 10 ] = 0.319
 Average Recall     (AR) @[ IoU=0.50:0.95 | area=   all | maxDets=100 ] = 0.322
 Average Recall     (AR) @[ IoU=0.50:0.95 | area= small | maxDets=100 ] = 0.101
 Average Recall     (AR) @[ IoU=0.50:0.95 | area=medium | maxDets=100 ] = 0.321
 Average Recall     (AR) @[ IoU=0.50:0.95 | area= large | maxDets=100 ] = 0.458
sweep 4/96: alpha=1.5, beta=1.0, threshold=0.03, top_k=50, nms=0.4
creating index...
index created!
Loading and preparing results...
DONE (t=0.02s)
creating index...
index created!
Running per image evaluation...
Evaluate annotation type *bbox*
DONE (t=1.64s).
Accumulating evaluation results...
DONE (t=0.60s).
 Average Precision  (AP) @[ IoU=0.50:0.95 | area=   all | maxDets=100 ] = 0.226
 Average Precision  (AP) @[ IoU=0.50      | area=   all | maxDets=100 ] = 0.355
 Average Precision  (AP) @[ IoU=0.75      | area=   all | maxDets=100 ] = 0.244
 Average Precision  (AP) @[ IoU=0.50:0.95 | area= small | maxDets=100 ] = 0.095
 Average Precision  (AP) @[ IoU=0.50:0.95 | area=medium | maxDets=100 ] = 0.249
 Average Precision  (AP) @[ IoU=0.50:0.95 | area= large | maxDets=100 ] = 0.289
 Average Recall     (AR) @[ IoU=0.50:0.95 | area=   all | maxDets=  1 ] = 0.243
 Average Recall     (AR) @[ IoU=0.50:0.95 | area=   all | maxDets= 10 ] = 0.348
 Average Recall     (AR) @[ IoU=0.50:0.95 | area=   all | maxDets=100 ] = 0.355
 Average Recall     (AR) @[ IoU=0.50:0.95 | area= small | maxDets=100 ] = 0.129
 Average Recall     (AR) @[ IoU=0.50:0.95 | area=medium | maxDets=100 ] = 0.368
 Average Recall     (AR) @[ IoU=0.50:0.95 | area= large | maxDets=100 ] = 0.500
sweep 5/96: alpha=1.5, beta=1.0, threshold=0.03, top_k=50, nms=0.5
creating index...
index created!
Loading and preparing results...
DONE (t=0.02s)
creating index...
index created!
Running per image evaluation...
Evaluate annotation type *bbox*
DONE (t=1.64s).
Accumulating evaluation results...
DONE (t=0.60s).
 Average Precision  (AP) @[ IoU=0.50:0.95 | area=   all | maxDets=100 ] = 0.226
 Average Precision  (AP) @[ IoU=0.50      | area=   all | maxDets=100 ] = 0.352
 Average Precision  (AP) @[ IoU=0.75      | area=   all | maxDets=100 ] = 0.245
 Average Precision  (AP) @[ IoU=0.50:0.95 | area= small | maxDets=100 ] = 0.096
 Average Precision  (AP) @[ IoU=0.50:0.95 | area=medium | maxDets=100 ] = 0.250
 Average Precision  (AP) @[ IoU=0.50:0.95 | area= large | maxDets=100 ] = 0.290
 Average Recall     (AR) @[ IoU=0.50:0.95 | area=   all | maxDets=  1 ] = 0.243
 Average Recall     (AR) @[ IoU=0.50:0.95 | area=   all | maxDets= 10 ] = 0.354
 Average Recall     (AR) @[ IoU=0.50:0.95 | area=   all | maxDets=100 ] = 0.362
 Average Recall     (AR) @[ IoU=0.50:0.95 | area= small | maxDets=100 ] = 0.133
 Average Recall     (AR) @[ IoU=0.50:0.95 | area=medium | maxDets=100 ] = 0.375
 Average Recall     (AR) @[ IoU=0.50:0.95 | area= large | maxDets=100 ] = 0.517
sweep 6/96: alpha=1.5, beta=1.0, threshold=0.03, top_k=50, nms=0.6
creating index...
index created!
Loading and preparing results...
DONE (t=0.02s)
creating index...
index created!
Running per image evaluation...
Evaluate annotation type *bbox*
DONE (t=1.99s).
Accumulating evaluation results...
DONE (t=0.72s).
 Average Precision  (AP) @[ IoU=0.50:0.95 | area=   all | maxDets=100 ] = 0.224
 Average Precision  (AP) @[ IoU=0.50      | area=   all | maxDets=100 ] = 0.343
 Average Precision  (AP) @[ IoU=0.75      | area=   all | maxDets=100 ] = 0.248
 Average Precision  (AP) @[ IoU=0.50:0.95 | area= small | maxDets=100 ] = 0.096
 Average Precision  (AP) @[ IoU=0.50:0.95 | area=medium | maxDets=100 ] = 0.252
 Average Precision  (AP) @[ IoU=0.50:0.95 | area= large | maxDets=100 ] = 0.286
 Average Recall     (AR) @[ IoU=0.50:0.95 | area=   all | maxDets=  1 ] = 0.242
 Average Recall     (AR) @[ IoU=0.50:0.95 | area=   all | maxDets= 10 ] = 0.358
 Average Recall     (AR) @[ IoU=0.50:0.95 | area=   all | maxDets=100 ] = 0.370
 Average Recall     (AR) @[ IoU=0.50:0.95 | area= small | maxDets=100 ] = 0.135
 Average Recall     (AR) @[ IoU=0.50:0.95 | area=medium | maxDets=100 ] = 0.386
 Average Recall     (AR) @[ IoU=0.50:0.95 | area= large | maxDets=100 ] = 0.522
sweep 7/96: alpha=1.5, beta=1.0, threshold=0.03, top_k=100, nms=0.4
creating index...
index created!
Loading and preparing results...
DONE (t=0.12s)
creating index...
index created!
Running per image evaluation...
Evaluate annotation type *bbox*
DONE (t=2.12s).
Accumulating evaluation results...
DONE (t=0.70s).
 Average Precision  (AP) @[ IoU=0.50:0.95 | area=   all | maxDets=100 ] = 0.227
 Average Precision  (AP) @[ IoU=0.50      | area=   all | maxDets=100 ] = 0.359
 Average Precision  (AP) @[ IoU=0.75      | area=   all | maxDets=100 ] = 0.246
 Average Precision  (AP) @[ IoU=0.50:0.95 | area= small | maxDets=100 ] = 0.100
 Average Precision  (AP) @[ IoU=0.50:0.95 | area=medium | maxDets=100 ] = 0.251
 Average Precision  (AP) @[ IoU=0.50:0.95 | area= large | maxDets=100 ] = 0.289
 Average Recall     (AR) @[ IoU=0.50:0.95 | area=   all | maxDets=  1 ] = 0.247
 Average Recall     (AR) @[ IoU=0.50:0.95 | area=   all | maxDets= 10 ] = 0.361
 Average Recall     (AR) @[ IoU=0.50:0.95 | area=   all | maxDets=100 ] = 0.370
 Average Recall     (AR) @[ IoU=0.50:0.95 | area= small | maxDets=100 ] = 0.150
 Average Recall     (AR) @[ IoU=0.50:0.95 | area=medium | maxDets=100 ] = 0.392
 Average Recall     (AR) @[ IoU=0.50:0.95 | area= large | maxDets=100 ] = 0.509
sweep 8/96: alpha=1.5, beta=1.0, threshold=0.03, top_k=100, nms=0.5
creating index...
index created!
Loading and preparing results...
DONE (t=0.03s)
creating index...
index created!
Running per image evaluation...
Evaluate annotation type *bbox*
DONE (t=2.22s).
Accumulating evaluation results...
DONE (t=0.72s).
 Average Precision  (AP) @[ IoU=0.50:0.95 | area=   all | maxDets=100 ] = 0.228
 Average Precision  (AP) @[ IoU=0.50      | area=   all | maxDets=100 ] = 0.356
 Average Precision  (AP) @[ IoU=0.75      | area=   all | maxDets=100 ] = 0.246
 Average Precision  (AP) @[ IoU=0.50:0.95 | area= small | maxDets=100 ] = 0.101
 Average Precision  (AP) @[ IoU=0.50:0.95 | area=medium | maxDets=100 ] = 0.252
 Average Precision  (AP) @[ IoU=0.50:0.95 | area= large | maxDets=100 ] = 0.291
 Average Recall     (AR) @[ IoU=0.50:0.95 | area=   all | maxDets=  1 ] = 0.246
 Average Recall     (AR) @[ IoU=0.50:0.95 | area=   all | maxDets= 10 ] = 0.368
 Average Recall     (AR) @[ IoU=0.50:0.95 | area=   all | maxDets=100 ] = 0.381
 Average Recall     (AR) @[ IoU=0.50:0.95 | area= small | maxDets=100 ] = 0.156
 Average Recall     (AR) @[ IoU=0.50:0.95 | area=medium | maxDets=100 ] = 0.403
 Average Recall     (AR) @[ IoU=0.50:0.95 | area= large | maxDets=100 ] = 0.533
sweep 9/96: alpha=1.5, beta=1.0, threshold=0.03, top_k=100, nms=0.6
creating index...
index created!
Loading and preparing results...
DONE (t=0.13s)
creating index...
index created!
Running per image evaluation...
Evaluate annotation type *bbox*
DONE (t=2.23s).
Accumulating evaluation results...
DONE (t=0.73s).
 Average Precision  (AP) @[ IoU=0.50:0.95 | area=   all | maxDets=100 ] = 0.226
 Average Precision  (AP) @[ IoU=0.50      | area=   all | maxDets=100 ] = 0.347
 Average Precision  (AP) @[ IoU=0.75      | area=   all | maxDets=100 ] = 0.249
 Average Precision  (AP) @[ IoU=0.50:0.95 | area= small | maxDets=100 ] = 0.100
 Average Precision  (AP) @[ IoU=0.50:0.95 | area=medium | maxDets=100 ] = 0.254
 Average Precision  (AP) @[ IoU=0.50:0.95 | area= large | maxDets=100 ] = 0.287
 Average Recall     (AR) @[ IoU=0.50:0.95 | area=   all | maxDets=  1 ] = 0.245
 Average Recall     (AR) @[ IoU=0.50:0.95 | area=   all | maxDets= 10 ] = 0.373
 Average Recall     (AR) @[ IoU=0.50:0.95 | area=   all | maxDets=100 ] = 0.392
 Average Recall     (AR) @[ IoU=0.50:0.95 | area= small | maxDets=100 ] = 0.152
 Average Recall     (AR) @[ IoU=0.50:0.95 | area=medium | maxDets=100 ] = 0.415
 Average Recall     (AR) @[ IoU=0.50:0.95 | area= large | maxDets=100 ] = 0.544
sweep 10/96: alpha=1.5, beta=1.0, threshold=0.03, top_k=200, nms=0.4
creating index...
index created!
Loading and preparing results...
DONE (t=0.12s)
creating index...
index created!
Running per image evaluation...
Evaluate annotation type *bbox*
DONE (t=2.46s).
Accumulating evaluation results...
DONE (t=0.76s).
 Average Precision  (AP) @[ IoU=0.50:0.95 | area=   all | maxDets=100 ] = 0.228
 Average Precision  (AP) @[ IoU=0.50      | area=   all | maxDets=100 ] = 0.360
 Average Precision  (AP) @[ IoU=0.75      | area=   all | maxDets=100 ] = 0.246
 Average Precision  (AP) @[ IoU=0.50:0.95 | area= small | maxDets=100 ] = 0.100
 Average Precision  (AP) @[ IoU=0.50:0.95 | area=medium | maxDets=100 ] = 0.251
 Average Precision  (AP) @[ IoU=0.50:0.95 | area= large | maxDets=100 ] = 0.289
 Average Recall     (AR) @[ IoU=0.50:0.95 | area=   all | maxDets=  1 ] = 0.248
 Average Recall     (AR) @[ IoU=0.50:0.95 | area=   all | maxDets= 10 ] = 0.364
 Average Recall     (AR) @[ IoU=0.50:0.95 | area=   all | maxDets=100 ] = 0.376
 Average Recall     (AR) @[ IoU=0.50:0.95 | area= small | maxDets=100 ] = 0.160
 Average Recall     (AR) @[ IoU=0.50:0.95 | area=medium | maxDets=100 ] = 0.399
 Average Recall     (AR) @[ IoU=0.50:0.95 | area= large | maxDets=100 ] = 0.509
sweep 11/96: alpha=1.5, beta=1.0, threshold=0.03, top_k=200, nms=0.5
creating index...
index created!
Loading and preparing results...
DONE (t=0.13s)
creating index...
index created!
Running per image evaluation...
Evaluate annotation type *bbox*
DONE (t=2.69s).
Accumulating evaluation results...
DONE (t=0.81s).
 Average Precision  (AP) @[ IoU=0.50:0.95 | area=   all | maxDets=100 ] = 0.228
 Average Precision  (AP) @[ IoU=0.50      | area=   all | maxDets=100 ] = 0.357
 Average Precision  (AP) @[ IoU=0.75      | area=   all | maxDets=100 ] = 0.247
 Average Precision  (AP) @[ IoU=0.50:0.95 | area= small | maxDets=100 ] = 0.102
 Average Precision  (AP) @[ IoU=0.50:0.95 | area=medium | maxDets=100 ] = 0.253
 Average Precision  (AP) @[ IoU=0.50:0.95 | area= large | maxDets=100 ] = 0.291
 Average Recall     (AR) @[ IoU=0.50:0.95 | area=   all | maxDets=  1 ] = 0.247
 Average Recall     (AR) @[ IoU=0.50:0.95 | area=   all | maxDets= 10 ] = 0.374
 Average Recall     (AR) @[ IoU=0.50:0.95 | area=   all | maxDets=100 ] = 0.391
 Average Recall     (AR) @[ IoU=0.50:0.95 | area= small | maxDets=100 ] = 0.168
 Average Recall     (AR) @[ IoU=0.50:0.95 | area=medium | maxDets=100 ] = 0.415
 Average Recall     (AR) @[ IoU=0.50:0.95 | area= large | maxDets=100 ] = 0.535
sweep 12/96: alpha=1.5, beta=1.0, threshold=0.03, top_k=200, nms=0.6
creating index...
index created!
Loading and preparing results...
DONE (t=0.15s)
creating index...
index created!
Running per image evaluation...
Evaluate annotation type *bbox*
DONE (t=2.95s).
Accumulating evaluation results...
DONE (t=0.85s).
 Average Precision  (AP) @[ IoU=0.50:0.95 | area=   all | maxDets=100 ] = 0.227
 Average Precision  (AP) @[ IoU=0.50      | area=   all | maxDets=100 ] = 0.348
 Average Precision  (AP) @[ IoU=0.75      | area=   all | maxDets=100 ] = 0.249
 Average Precision  (AP) @[ IoU=0.50:0.95 | area= small | maxDets=100 ] = 0.103
 Average Precision  (AP) @[ IoU=0.50:0.95 | area=medium | maxDets=100 ] = 0.255
 Average Precision  (AP) @[ IoU=0.50:0.95 | area= large | maxDets=100 ] = 0.287
 Average Recall     (AR) @[ IoU=0.50:0.95 | area=   all | maxDets=  1 ] = 0.247
 Average Recall     (AR) @[ IoU=0.50:0.95 | area=   all | maxDets= 10 ] = 0.382
 Average Recall     (AR) @[ IoU=0.50:0.95 | area=   all | maxDets=100 ] = 0.406
 Average Recall     (AR) @[ IoU=0.50:0.95 | area= small | maxDets=100 ] = 0.172
 Average Recall     (AR) @[ IoU=0.50:0.95 | area=medium | maxDets=100 ] = 0.434
 Average Recall     (AR) @[ IoU=0.50:0.95 | area= large | maxDets=100 ] = 0.553
sweep 13/96: alpha=1.5, beta=1.0, threshold=0.05, top_k=20, nms=0.4
creating index...
index created!
Loading and preparing results...
DONE (t=0.01s)
creating index...
index created!
Running per image evaluation...
Evaluate annotation type *bbox*
DONE (t=1.00s).
Accumulating evaluation results...
DONE (t=0.45s).
 Average Precision  (AP) @[ IoU=0.50:0.95 | area=   all | maxDets=100 ] = 0.221
 Average Precision  (AP) @[ IoU=0.50      | area=   all | maxDets=100 ] = 0.343
 Average Precision  (AP) @[ IoU=0.75      | area=   all | maxDets=100 ] = 0.240
 Average Precision  (AP) @[ IoU=0.50:0.95 | area= small | maxDets=100 ] = 0.086
 Average Precision  (AP) @[ IoU=0.50:0.95 | area=medium | maxDets=100 ] = 0.241
 Average Precision  (AP) @[ IoU=0.50:0.95 | area= large | maxDets=100 ] = 0.284
 Average Recall     (AR) @[ IoU=0.50:0.95 | area=   all | maxDets=  1 ] = 0.233
 Average Recall     (AR) @[ IoU=0.50:0.95 | area=   all | maxDets= 10 ] = 0.317
 Average Recall     (AR) @[ IoU=0.50:0.95 | area=   all | maxDets=100 ] = 0.318
 Average Recall     (AR) @[ IoU=0.50:0.95 | area= small | maxDets=100 ] = 0.107
 Average Recall     (AR) @[ IoU=0.50:0.95 | area=medium | maxDets=100 ] = 0.322
 Average Recall     (AR) @[ IoU=0.50:0.95 | area= large | maxDets=100 ] = 0.454
sweep 14/96: alpha=1.5, beta=1.0, threshold=0.05, top_k=20, nms=0.5
creating index...
index created!
Loading and preparing results...
DONE (t=0.09s)
creating index...
index created!
Running per image evaluation...
Evaluate annotation type *bbox*
DONE (t=0.99s).
Accumulating evaluation results...
DONE (t=0.45s).
 Average Precision  (AP) @[ IoU=0.50:0.95 | area=   all | maxDets=100 ] = 0.221
 Average Precision  (AP) @[ IoU=0.50      | area=   all | maxDets=100 ] = 0.340
 Average Precision  (AP) @[ IoU=0.75      | area=   all | maxDets=100 ] = 0.241
 Average Precision  (AP) @[ IoU=0.50:0.95 | area= small | maxDets=100 ] = 0.085
 Average Precision  (AP) @[ IoU=0.50:0.95 | area=medium | maxDets=100 ] = 0.242
 Average Precision  (AP) @[ IoU=0.50:0.95 | area= large | maxDets=100 ] = 0.285
 Average Recall     (AR) @[ IoU=0.50:0.95 | area=   all | maxDets=  1 ] = 0.231
 Average Recall     (AR) @[ IoU=0.50:0.95 | area=   all | maxDets= 10 ] = 0.320
 Average Recall     (AR) @[ IoU=0.50:0.95 | area=   all | maxDets=100 ] = 0.322
 Average Recall     (AR) @[ IoU=0.50:0.95 | area= small | maxDets=100 ] = 0.106
 Average Recall     (AR) @[ IoU=0.50:0.95 | area=medium | maxDets=100 ] = 0.326
 Average Recall     (AR) @[ IoU=0.50:0.95 | area= large | maxDets=100 ] = 0.455
sweep 15/96: alpha=1.5, beta=1.0, threshold=0.05, top_k=20, nms=0.6
creating index...
index created!
Loading and preparing results...
DONE (t=0.01s)
creating index...
index created!
Running per image evaluation...
Evaluate annotation type *bbox*
DONE (t=1.07s).
Accumulating evaluation results...
DONE (t=0.44s).
 Average Precision  (AP) @[ IoU=0.50:0.95 | area=   all | maxDets=100 ] = 0.218
 Average Precision  (AP) @[ IoU=0.50      | area=   all | maxDets=100 ] = 0.329
 Average Precision  (AP) @[ IoU=0.75      | area=   all | maxDets=100 ] = 0.242
 Average Precision  (AP) @[ IoU=0.50:0.95 | area= small | maxDets=100 ] = 0.082
 Average Precision  (AP) @[ IoU=0.50:0.95 | area=medium | maxDets=100 ] = 0.238
 Average Precision  (AP) @[ IoU=0.50:0.95 | area= large | maxDets=100 ] = 0.282
 Average Recall     (AR) @[ IoU=0.50:0.95 | area=   all | maxDets=  1 ] = 0.228
 Average Recall     (AR) @[ IoU=0.50:0.95 | area=   all | maxDets= 10 ] = 0.319
 Average Recall     (AR) @[ IoU=0.50:0.95 | area=   all | maxDets=100 ] = 0.322
 Average Recall     (AR) @[ IoU=0.50:0.95 | area= small | maxDets=100 ] = 0.101
 Average Recall     (AR) @[ IoU=0.50:0.95 | area=medium | maxDets=100 ] = 0.321
 Average Recall     (AR) @[ IoU=0.50:0.95 | area= large | maxDets=100 ] = 0.458
sweep 16/96: alpha=1.5, beta=1.0, threshold=0.05, top_k=50, nms=0.4
creating index...
index created!
Loading and preparing results...
DONE (t=0.01s)
creating index...
index created!
Running per image evaluation...
Evaluate annotation type *bbox*
DONE (t=1.54s).
Accumulating evaluation results...
DONE (t=0.57s).
 Average Precision  (AP) @[ IoU=0.50:0.95 | area=   all | maxDets=100 ] = 0.226
 Average Precision  (AP) @[ IoU=0.50      | area=   all | maxDets=100 ] = 0.355
 Average Precision  (AP) @[ IoU=0.75      | area=   all | maxDets=100 ] = 0.244
 Average Precision  (AP) @[ IoU=0.50:0.95 | area= small | maxDets=100 ] = 0.095
 Average Precision  (AP) @[ IoU=0.50:0.95 | area=medium | maxDets=100 ] = 0.249
 Average Precision  (AP) @[ IoU=0.50:0.95 | area= large | maxDets=100 ] = 0.289
 Average Recall     (AR) @[ IoU=0.50:0.95 | area=   all | maxDets=  1 ] = 0.243
 Average Recall     (AR) @[ IoU=0.50:0.95 | area=   all | maxDets= 10 ] = 0.347
 Average Recall     (AR) @[ IoU=0.50:0.95 | area=   all | maxDets=100 ] = 0.354
 Average Recall     (AR) @[ IoU=0.50:0.95 | area= small | maxDets=100 ] = 0.129
 Average Recall     (AR) @[ IoU=0.50:0.95 | area=medium | maxDets=100 ] = 0.366
 Average Recall     (AR) @[ IoU=0.50:0.95 | area= large | maxDets=100 ] = 0.499
sweep 17/96: alpha=1.5, beta=1.0, threshold=0.05, top_k=50, nms=0.5
creating index...
index created!
Loading and preparing results...
DONE (t=0.02s)
creating index...
index created!
Running per image evaluation...
Evaluate annotation type *bbox*
DONE (t=1.59s).
Accumulating evaluation results...
DONE (t=0.57s).
 Average Precision  (AP) @[ IoU=0.50:0.95 | area=   all | maxDets=100 ] = 0.226
 Average Precision  (AP) @[ IoU=0.50      | area=   all | maxDets=100 ] = 0.352
 Average Precision  (AP) @[ IoU=0.75      | area=   all | maxDets=100 ] = 0.245
 Average Precision  (AP) @[ IoU=0.50:0.95 | area= small | maxDets=100 ] = 0.096
 Average Precision  (AP) @[ IoU=0.50:0.95 | area=medium | maxDets=100 ] = 0.250
 Average Precision  (AP) @[ IoU=0.50:0.95 | area= large | maxDets=100 ] = 0.290
 Average Recall     (AR) @[ IoU=0.50:0.95 | area=   all | maxDets=  1 ] = 0.243
 Average Recall     (AR) @[ IoU=0.50:0.95 | area=   all | maxDets= 10 ] = 0.353
 Average Recall     (AR) @[ IoU=0.50:0.95 | area=   all | maxDets=100 ] = 0.362
 Average Recall     (AR) @[ IoU=0.50:0.95 | area= small | maxDets=100 ] = 0.133
 Average Recall     (AR) @[ IoU=0.50:0.95 | area=medium | maxDets=100 ] = 0.374
 Average Recall     (AR) @[ IoU=0.50:0.95 | area= large | maxDets=100 ] = 0.517
sweep 18/96: alpha=1.5, beta=1.0, threshold=0.05, top_k=50, nms=0.6
creating index...
index created!
Loading and preparing results...
DONE (t=0.10s)
creating index...
index created!
Running per image evaluation...
Evaluate annotation type *bbox*
DONE (t=1.63s).
Accumulating evaluation results...
DONE (t=0.58s).
 Average Precision  (AP) @[ IoU=0.50:0.95 | area=   all | maxDets=100 ] = 0.224
 Average Precision  (AP) @[ IoU=0.50      | area=   all | maxDets=100 ] = 0.343
 Average Precision  (AP) @[ IoU=0.75      | area=   all | maxDets=100 ] = 0.248
 Average Precision  (AP) @[ IoU=0.50:0.95 | area= small | maxDets=100 ] = 0.096
 Average Precision  (AP) @[ IoU=0.50:0.95 | area=medium | maxDets=100 ] = 0.252
 Average Precision  (AP) @[ IoU=0.50:0.95 | area= large | maxDets=100 ] = 0.286
 Average Recall     (AR) @[ IoU=0.50:0.95 | area=   all | maxDets=  1 ] = 0.242
 Average Recall     (AR) @[ IoU=0.50:0.95 | area=   all | maxDets= 10 ] = 0.358
 Average Recall     (AR) @[ IoU=0.50:0.95 | area=   all | maxDets=100 ] = 0.370
 Average Recall     (AR) @[ IoU=0.50:0.95 | area= small | maxDets=100 ] = 0.135
 Average Recall     (AR) @[ IoU=0.50:0.95 | area=medium | maxDets=100 ] = 0.386
 Average Recall     (AR) @[ IoU=0.50:0.95 | area= large | maxDets=100 ] = 0.522
sweep 19/96: alpha=1.5, beta=1.0, threshold=0.05, top_k=100, nms=0.4
creating index...
index created!
Loading and preparing results...
DONE (t=0.03s)
creating index...
index created!
Running per image evaluation...
Evaluate annotation type *bbox*
DONE (t=2.17s).
Accumulating evaluation results...
DONE (t=0.65s).
 Average Precision  (AP) @[ IoU=0.50:0.95 | area=   all | maxDets=100 ] = 0.227
 Average Precision  (AP) @[ IoU=0.50      | area=   all | maxDets=100 ] = 0.359
 Average Precision  (AP) @[ IoU=0.75      | area=   all | maxDets=100 ] = 0.246
 Average Precision  (AP) @[ IoU=0.50:0.95 | area= small | maxDets=100 ] = 0.100
 Average Precision  (AP) @[ IoU=0.50:0.95 | area=medium | maxDets=100 ] = 0.250
 Average Precision  (AP) @[ IoU=0.50:0.95 | area= large | maxDets=100 ] = 0.289
 Average Recall     (AR) @[ IoU=0.50:0.95 | area=   all | maxDets=  1 ] = 0.247
 Average Recall     (AR) @[ IoU=0.50:0.95 | area=   all | maxDets= 10 ] = 0.358
 Average Recall     (AR) @[ IoU=0.50:0.95 | area=   all | maxDets=100 ] = 0.367
 Average Recall     (AR) @[ IoU=0.50:0.95 | area= small | maxDets=100 ] = 0.148
 Average Recall     (AR) @[ IoU=0.50:0.95 | area=medium | maxDets=100 ] = 0.387
 Average Recall     (AR) @[ IoU=0.50:0.95 | area= large | maxDets=100 ] = 0.505
sweep 20/96: alpha=1.5, beta=1.0, threshold=0.05, top_k=100, nms=0.5
creating index...
index created!
Loading and preparing results...
DONE (t=0.02s)
creating index...
index created!
Running per image evaluation...
Evaluate annotation type *bbox*
DONE (t=2.07s).
Accumulating evaluation results...
DONE (t=0.67s).
 Average Precision  (AP) @[ IoU=0.50:0.95 | area=   all | maxDets=100 ] = 0.227
 Average Precision  (AP) @[ IoU=0.50      | area=   all | maxDets=100 ] = 0.356
 Average Precision  (AP) @[ IoU=0.75      | area=   all | maxDets=100 ] = 0.246
 Average Precision  (AP) @[ IoU=0.50:0.95 | area= small | maxDets=100 ] = 0.101
 Average Precision  (AP) @[ IoU=0.50:0.95 | area=medium | maxDets=100 ] = 0.252
 Average Precision  (AP) @[ IoU=0.50:0.95 | area= large | maxDets=100 ] = 0.291
 Average Recall     (AR) @[ IoU=0.50:0.95 | area=   all | maxDets=  1 ] = 0.245
 Average Recall     (AR) @[ IoU=0.50:0.95 | area=   all | maxDets= 10 ] = 0.365
 Average Recall     (AR) @[ IoU=0.50:0.95 | area=   all | maxDets=100 ] = 0.377
 Average Recall     (AR) @[ IoU=0.50:0.95 | area= small | maxDets=100 ] = 0.155
 Average Recall     (AR) @[ IoU=0.50:0.95 | area=medium | maxDets=100 ] = 0.397
 Average Recall     (AR) @[ IoU=0.50:0.95 | area= large | maxDets=100 ] = 0.530
sweep 21/96: alpha=1.5, beta=1.0, threshold=0.05, top_k=100, nms=0.6
creating index...
index created!
Loading and preparing results...
DONE (t=0.13s)
creating index...
index created!
Running per image evaluation...
Evaluate annotation type *bbox*
DONE (t=2.26s).
Accumulating evaluation results...
DONE (t=0.69s).
 Average Precision  (AP) @[ IoU=0.50:0.95 | area=   all | maxDets=100 ] = 0.226
 Average Precision  (AP) @[ IoU=0.50      | area=   all | maxDets=100 ] = 0.347
 Average Precision  (AP) @[ IoU=0.75      | area=   all | maxDets=100 ] = 0.248
 Average Precision  (AP) @[ IoU=0.50:0.95 | area= small | maxDets=100 ] = 0.100
 Average Precision  (AP) @[ IoU=0.50:0.95 | area=medium | maxDets=100 ] = 0.254
 Average Precision  (AP) @[ IoU=0.50:0.95 | area= large | maxDets=100 ] = 0.287
 Average Recall     (AR) @[ IoU=0.50:0.95 | area=   all | maxDets=  1 ] = 0.245
 Average Recall     (AR) @[ IoU=0.50:0.95 | area=   all | maxDets= 10 ] = 0.371
 Average Recall     (AR) @[ IoU=0.50:0.95 | area=   all | maxDets=100 ] = 0.389
 Average Recall     (AR) @[ IoU=0.50:0.95 | area= small | maxDets=100 ] = 0.151
 Average Recall     (AR) @[ IoU=0.50:0.95 | area=medium | maxDets=100 ] = 0.411
 Average Recall     (AR) @[ IoU=0.50:0.95 | area= large | maxDets=100 ] = 0.539
sweep 22/96: alpha=1.5, beta=1.0, threshold=0.05, top_k=200, nms=0.4
creating index...
index created!
Loading and preparing results...
DONE (t=0.02s)
creating index...
index created!
Running per image evaluation...
Evaluate annotation type *bbox*
DONE (t=2.16s).
Accumulating evaluation results...
DONE (t=0.67s).
 Average Precision  (AP) @[ IoU=0.50:0.95 | area=   all | maxDets=100 ] = 0.227
 Average Precision  (AP) @[ IoU=0.50      | area=   all | maxDets=100 ] = 0.360
 Average Precision  (AP) @[ IoU=0.75      | area=   all | maxDets=100 ] = 0.246
 Average Precision  (AP) @[ IoU=0.50:0.95 | area= small | maxDets=100 ] = 0.100
 Average Precision  (AP) @[ IoU=0.50:0.95 | area=medium | maxDets=100 ] = 0.251
 Average Precision  (AP) @[ IoU=0.50:0.95 | area= large | maxDets=100 ] = 0.289
 Average Recall     (AR) @[ IoU=0.50:0.95 | area=   all | maxDets=  1 ] = 0.248
 Average Recall     (AR) @[ IoU=0.50:0.95 | area=   all | maxDets= 10 ] = 0.361
 Average Recall     (AR) @[ IoU=0.50:0.95 | area=   all | maxDets=100 ] = 0.372
 Average Recall     (AR) @[ IoU=0.50:0.95 | area= small | maxDets=100 ] = 0.155
 Average Recall     (AR) @[ IoU=0.50:0.95 | area=medium | maxDets=100 ] = 0.394
 Average Recall     (AR) @[ IoU=0.50:0.95 | area= large | maxDets=100 ] = 0.505
sweep 23/96: alpha=1.5, beta=1.0, threshold=0.05, top_k=200, nms=0.5
creating index...
index created!
Loading and preparing results...
DONE (t=0.03s)
creating index...
index created!
Running per image evaluation...
Evaluate annotation type *bbox*
DONE (t=2.41s).
Accumulating evaluation results...
DONE (t=0.71s).
 Average Precision  (AP) @[ IoU=0.50:0.95 | area=   all | maxDets=100 ] = 0.228
 Average Precision  (AP) @[ IoU=0.50      | area=   all | maxDets=100 ] = 0.357
 Average Precision  (AP) @[ IoU=0.75      | area=   all | maxDets=100 ] = 0.246
 Average Precision  (AP) @[ IoU=0.50:0.95 | area= small | maxDets=100 ] = 0.101
 Average Precision  (AP) @[ IoU=0.50:0.95 | area=medium | maxDets=100 ] = 0.252
 Average Precision  (AP) @[ IoU=0.50:0.95 | area= large | maxDets=100 ] = 0.291
 Average Recall     (AR) @[ IoU=0.50:0.95 | area=   all | maxDets=  1 ] = 0.247
 Average Recall     (AR) @[ IoU=0.50:0.95 | area=   all | maxDets= 10 ] = 0.370
 Average Recall     (AR) @[ IoU=0.50:0.95 | area=   all | maxDets=100 ] = 0.385
 Average Recall     (AR) @[ IoU=0.50:0.95 | area= small | maxDets=100 ] = 0.164
 Average Recall     (AR) @[ IoU=0.50:0.95 | area=medium | maxDets=100 ] = 0.407
 Average Recall     (AR) @[ IoU=0.50:0.95 | area= large | maxDets=100 ] = 0.531
sweep 24/96: alpha=1.5, beta=1.0, threshold=0.05, top_k=200, nms=0.6
creating index...
index created!
Loading and preparing results...
DONE (t=0.13s)
creating index...
index created!
Running per image evaluation...
Evaluate annotation type *bbox*
DONE (t=2.68s).
Accumulating evaluation results...
DONE (t=0.76s).
 Average Precision  (AP) @[ IoU=0.50:0.95 | area=   all | maxDets=100 ] = 0.226
 Average Precision  (AP) @[ IoU=0.50      | area=   all | maxDets=100 ] = 0.348
 Average Precision  (AP) @[ IoU=0.75      | area=   all | maxDets=100 ] = 0.249
 Average Precision  (AP) @[ IoU=0.50:0.95 | area= small | maxDets=100 ] = 0.103
 Average Precision  (AP) @[ IoU=0.50:0.95 | area=medium | maxDets=100 ] = 0.255
 Average Precision  (AP) @[ IoU=0.50:0.95 | area= large | maxDets=100 ] = 0.287
 Average Recall     (AR) @[ IoU=0.50:0.95 | area=   all | maxDets=  1 ] = 0.247
 Average Recall     (AR) @[ IoU=0.50:0.95 | area=   all | maxDets= 10 ] = 0.379
 Average Recall     (AR) @[ IoU=0.50:0.95 | area=   all | maxDets=100 ] = 0.401
 Average Recall     (AR) @[ IoU=0.50:0.95 | area= small | maxDets=100 ] = 0.169
 Average Recall     (AR) @[ IoU=0.50:0.95 | area=medium | maxDets=100 ] = 0.430
 Average Recall     (AR) @[ IoU=0.50:0.95 | area= large | maxDets=100 ] = 0.546
sweep 25/96: alpha=1.5, beta=1.0, threshold=0.1, top_k=20, nms=0.4
creating index...
index created!
Loading and preparing results...
DONE (t=0.01s)
creating index...
index created!
Running per image evaluation...
Evaluate annotation type *bbox*
DONE (t=1.07s).
Accumulating evaluation results...
DONE (t=0.44s).
 Average Precision  (AP) @[ IoU=0.50:0.95 | area=   all | maxDets=100 ] = 0.221
 Average Precision  (AP) @[ IoU=0.50      | area=   all | maxDets=100 ] = 0.343
 Average Precision  (AP) @[ IoU=0.75      | area=   all | maxDets=100 ] = 0.240
 Average Precision  (AP) @[ IoU=0.50:0.95 | area= small | maxDets=100 ] = 0.086
 Average Precision  (AP) @[ IoU=0.50:0.95 | area=medium | maxDets=100 ] = 0.241
 Average Precision  (AP) @[ IoU=0.50:0.95 | area= large | maxDets=100 ] = 0.284
 Average Recall     (AR) @[ IoU=0.50:0.95 | area=   all | maxDets=  1 ] = 0.233
 Average Recall     (AR) @[ IoU=0.50:0.95 | area=   all | maxDets= 10 ] = 0.316
 Average Recall     (AR) @[ IoU=0.50:0.95 | area=   all | maxDets=100 ] = 0.318
 Average Recall     (AR) @[ IoU=0.50:0.95 | area= small | maxDets=100 ] = 0.106
 Average Recall     (AR) @[ IoU=0.50:0.95 | area=medium | maxDets=100 ] = 0.321
 Average Recall     (AR) @[ IoU=0.50:0.95 | area= large | maxDets=100 ] = 0.453
sweep 26/96: alpha=1.5, beta=1.0, threshold=0.1, top_k=20, nms=0.5
creating index...
index created!
Loading and preparing results...
DONE (t=0.01s)
creating index...
index created!
Running per image evaluation...
Evaluate annotation type *bbox*
DONE (t=0.97s).
Accumulating evaluation results...
DONE (t=0.44s).
 Average Precision  (AP) @[ IoU=0.50:0.95 | area=   all | maxDets=100 ] = 0.221
 Average Precision  (AP) @[ IoU=0.50      | area=   all | maxDets=100 ] = 0.340
 Average Precision  (AP) @[ IoU=0.75      | area=   all | maxDets=100 ] = 0.241
 Average Precision  (AP) @[ IoU=0.50:0.95 | area= small | maxDets=100 ] = 0.085
 Average Precision  (AP) @[ IoU=0.50:0.95 | area=medium | maxDets=100 ] = 0.242
 Average Precision  (AP) @[ IoU=0.50:0.95 | area= large | maxDets=100 ] = 0.285
 Average Recall     (AR) @[ IoU=0.50:0.95 | area=   all | maxDets=  1 ] = 0.231
 Average Recall     (AR) @[ IoU=0.50:0.95 | area=   all | maxDets= 10 ] = 0.320
 Average Recall     (AR) @[ IoU=0.50:0.95 | area=   all | maxDets=100 ] = 0.322
 Average Recall     (AR) @[ IoU=0.50:0.95 | area= small | maxDets=100 ] = 0.105
 Average Recall     (AR) @[ IoU=0.50:0.95 | area=medium | maxDets=100 ] = 0.326
 Average Recall     (AR) @[ IoU=0.50:0.95 | area= large | maxDets=100 ] = 0.455
sweep 27/96: alpha=1.5, beta=1.0, threshold=0.1, top_k=20, nms=0.6
creating index...
index created!
Loading and preparing results...
DONE (t=0.09s)
creating index...
index created!
Running per image evaluation...
Evaluate annotation type *bbox*
DONE (t=1.05s).
Accumulating evaluation results...
DONE (t=0.43s).
 Average Precision  (AP) @[ IoU=0.50:0.95 | area=   all | maxDets=100 ] = 0.218
 Average Precision  (AP) @[ IoU=0.50      | area=   all | maxDets=100 ] = 0.329
 Average Precision  (AP) @[ IoU=0.75      | area=   all | maxDets=100 ] = 0.242
 Average Precision  (AP) @[ IoU=0.50:0.95 | area= small | maxDets=100 ] = 0.082
 Average Precision  (AP) @[ IoU=0.50:0.95 | area=medium | maxDets=100 ] = 0.238
 Average Precision  (AP) @[ IoU=0.50:0.95 | area= large | maxDets=100 ] = 0.282
 Average Recall     (AR) @[ IoU=0.50:0.95 | area=   all | maxDets=  1 ] = 0.228
 Average Recall     (AR) @[ IoU=0.50:0.95 | area=   all | maxDets= 10 ] = 0.319
 Average Recall     (AR) @[ IoU=0.50:0.95 | area=   all | maxDets=100 ] = 0.322
 Average Recall     (AR) @[ IoU=0.50:0.95 | area= small | maxDets=100 ] = 0.101
 Average Recall     (AR) @[ IoU=0.50:0.95 | area=medium | maxDets=100 ] = 0.321
 Average Recall     (AR) @[ IoU=0.50:0.95 | area= large | maxDets=100 ] = 0.458
sweep 28/96: alpha=1.5, beta=1.0, threshold=0.1, top_k=50, nms=0.4
creating index...
index created!
Loading and preparing results...
DONE (t=0.01s)
creating index...
index created!
Running per image evaluation...
Evaluate annotation type *bbox*
DONE (t=1.41s).
Accumulating evaluation results...
DONE (t=0.51s).
 Average Precision  (AP) @[ IoU=0.50:0.95 | area=   all | maxDets=100 ] = 0.225
 Average Precision  (AP) @[ IoU=0.50      | area=   all | maxDets=100 ] = 0.353
 Average Precision  (AP) @[ IoU=0.75      | area=   all | maxDets=100 ] = 0.244
 Average Precision  (AP) @[ IoU=0.50:0.95 | area= small | maxDets=100 ] = 0.095
 Average Precision  (AP) @[ IoU=0.50:0.95 | area=medium | maxDets=100 ] = 0.248
 Average Precision  (AP) @[ IoU=0.50:0.95 | area= large | maxDets=100 ] = 0.287
 Average Recall     (AR) @[ IoU=0.50:0.95 | area=   all | maxDets=  1 ] = 0.239
 Average Recall     (AR) @[ IoU=0.50:0.95 | area=   all | maxDets= 10 ] = 0.340
 Average Recall     (AR) @[ IoU=0.50:0.95 | area=   all | maxDets=100 ] = 0.346
 Average Recall     (AR) @[ IoU=0.50:0.95 | area= small | maxDets=100 ] = 0.127
 Average Recall     (AR) @[ IoU=0.50:0.95 | area=medium | maxDets=100 ] = 0.360
 Average Recall     (AR) @[ IoU=0.50:0.95 | area= large | maxDets=100 ] = 0.481
sweep 29/96: alpha=1.5, beta=1.0, threshold=0.1, top_k=50, nms=0.5
creating index...
index created!
Loading and preparing results...
DONE (t=0.01s)
creating index...
index created!
Running per image evaluation...
Evaluate annotation type *bbox*
DONE (t=1.46s).
Accumulating evaluation results...
DONE (t=0.52s).
 Average Precision  (AP) @[ IoU=0.50:0.95 | area=   all | maxDets=100 ] = 0.225
 Average Precision  (AP) @[ IoU=0.50      | area=   all | maxDets=100 ] = 0.351
 Average Precision  (AP) @[ IoU=0.75      | area=   all | maxDets=100 ] = 0.245
 Average Precision  (AP) @[ IoU=0.50:0.95 | area= small | maxDets=100 ] = 0.095
 Average Precision  (AP) @[ IoU=0.50:0.95 | area=medium | maxDets=100 ] = 0.249
 Average Precision  (AP) @[ IoU=0.50:0.95 | area= large | maxDets=100 ] = 0.289
 Average Recall     (AR) @[ IoU=0.50:0.95 | area=   all | maxDets=  1 ] = 0.239
 Average Recall     (AR) @[ IoU=0.50:0.95 | area=   all | maxDets= 10 ] = 0.347
 Average Recall     (AR) @[ IoU=0.50:0.95 | area=   all | maxDets=100 ] = 0.355
 Average Recall     (AR) @[ IoU=0.50:0.95 | area= small | maxDets=100 ] = 0.131
 Average Recall     (AR) @[ IoU=0.50:0.95 | area=medium | maxDets=100 ] = 0.369
 Average Recall     (AR) @[ IoU=0.50:0.95 | area= large | maxDets=100 ] = 0.494
sweep 30/96: alpha=1.5, beta=1.0, threshold=0.1, top_k=50, nms=0.6
creating index...
index created!
Loading and preparing results...
DONE (t=0.01s)
creating index...
index created!
Running per image evaluation...
Evaluate annotation type *bbox*
DONE (t=1.49s).
Accumulating evaluation results...
DONE (t=0.53s).
 Average Precision  (AP) @[ IoU=0.50:0.95 | area=   all | maxDets=100 ] = 0.224
 Average Precision  (AP) @[ IoU=0.50      | area=   all | maxDets=100 ] = 0.342
 Average Precision  (AP) @[ IoU=0.75      | area=   all | maxDets=100 ] = 0.247
 Average Precision  (AP) @[ IoU=0.50:0.95 | area= small | maxDets=100 ] = 0.095
 Average Precision  (AP) @[ IoU=0.50:0.95 | area=medium | maxDets=100 ] = 0.251
 Average Precision  (AP) @[ IoU=0.50:0.95 | area= large | maxDets=100 ] = 0.285
 Average Recall     (AR) @[ IoU=0.50:0.95 | area=   all | maxDets=  1 ] = 0.238
 Average Recall     (AR) @[ IoU=0.50:0.95 | area=   all | maxDets= 10 ] = 0.353
 Average Recall     (AR) @[ IoU=0.50:0.95 | area=   all | maxDets=100 ] = 0.365
 Average Recall     (AR) @[ IoU=0.50:0.95 | area= small | maxDets=100 ] = 0.132
 Average Recall     (AR) @[ IoU=0.50:0.95 | area=medium | maxDets=100 ] = 0.382
 Average Recall     (AR) @[ IoU=0.50:0.95 | area= large | maxDets=100 ] = 0.511
sweep 31/96: alpha=1.5, beta=1.0, threshold=0.1, top_k=100, nms=0.4
creating index...
index created!
Loading and preparing results...
DONE (t=0.01s)
creating index...
index created!
Running per image evaluation...
Evaluate annotation type *bbox*
DONE (t=1.61s).
Accumulating evaluation results...
DONE (t=0.54s).
 Average Precision  (AP) @[ IoU=0.50:0.95 | area=   all | maxDets=100 ] = 0.226
 Average Precision  (AP) @[ IoU=0.50      | area=   all | maxDets=100 ] = 0.357
 Average Precision  (AP) @[ IoU=0.75      | area=   all | maxDets=100 ] = 0.245
 Average Precision  (AP) @[ IoU=0.50:0.95 | area= small | maxDets=100 ] = 0.096
 Average Precision  (AP) @[ IoU=0.50:0.95 | area=medium | maxDets=100 ] = 0.249
 Average Precision  (AP) @[ IoU=0.50:0.95 | area= large | maxDets=100 ] = 0.288
 Average Recall     (AR) @[ IoU=0.50:0.95 | area=   all | maxDets=  1 ] = 0.242
 Average Recall     (AR) @[ IoU=0.50:0.95 | area=   all | maxDets= 10 ] = 0.348
 Average Recall     (AR) @[ IoU=0.50:0.95 | area=   all | maxDets=100 ] = 0.356
 Average Recall     (AR) @[ IoU=0.50:0.95 | area= small | maxDets=100 ] = 0.133
 Average Recall     (AR) @[ IoU=0.50:0.95 | area=medium | maxDets=100 ] = 0.375
 Average Recall     (AR) @[ IoU=0.50:0.95 | area= large | maxDets=100 ] = 0.486
sweep 32/96: alpha=1.5, beta=1.0, threshold=0.1, top_k=100, nms=0.5
creating index...
index created!
Loading and preparing results...
DONE (t=0.10s)
creating index...
index created!
Running per image evaluation...
Evaluate annotation type *bbox*
DONE (t=1.77s).
Accumulating evaluation results...
DONE (t=0.57s).
 Average Precision  (AP) @[ IoU=0.50:0.95 | area=   all | maxDets=100 ] = 0.227
 Average Precision  (AP) @[ IoU=0.50      | area=   all | maxDets=100 ] = 0.354
 Average Precision  (AP) @[ IoU=0.75      | area=   all | maxDets=100 ] = 0.245
 Average Precision  (AP) @[ IoU=0.50:0.95 | area= small | maxDets=100 ] = 0.097
 Average Precision  (AP) @[ IoU=0.50:0.95 | area=medium | maxDets=100 ] = 0.251
 Average Precision  (AP) @[ IoU=0.50:0.95 | area= large | maxDets=100 ] = 0.289
 Average Recall     (AR) @[ IoU=0.50:0.95 | area=   all | maxDets=  1 ] = 0.241
 Average Recall     (AR) @[ IoU=0.50:0.95 | area=   all | maxDets= 10 ] = 0.355
 Average Recall     (AR) @[ IoU=0.50:0.95 | area=   all | maxDets=100 ] = 0.366
 Average Recall     (AR) @[ IoU=0.50:0.95 | area= small | maxDets=100 ] = 0.139
 Average Recall     (AR) @[ IoU=0.50:0.95 | area=medium | maxDets=100 ] = 0.388
 Average Recall     (AR) @[ IoU=0.50:0.95 | area= large | maxDets=100 ] = 0.500
sweep 33/96: alpha=1.5, beta=1.0, threshold=0.1, top_k=100, nms=0.6
creating index...
index created!
Loading and preparing results...
DONE (t=0.02s)
creating index...
index created!
Running per image evaluation...
Evaluate annotation type *bbox*
DONE (t=1.92s).
Accumulating evaluation results...
DONE (t=0.58s).
 Average Precision  (AP) @[ IoU=0.50:0.95 | area=   all | maxDets=100 ] = 0.225
 Average Precision  (AP) @[ IoU=0.50      | area=   all | maxDets=100 ] = 0.345
 Average Precision  (AP) @[ IoU=0.75      | area=   all | maxDets=100 ] = 0.248
 Average Precision  (AP) @[ IoU=0.50:0.95 | area= small | maxDets=100 ] = 0.098
 Average Precision  (AP) @[ IoU=0.50:0.95 | area=medium | maxDets=100 ] = 0.253
 Average Precision  (AP) @[ IoU=0.50:0.95 | area= large | maxDets=100 ] = 0.285
 Average Recall     (AR) @[ IoU=0.50:0.95 | area=   all | maxDets=  1 ] = 0.240
 Average Recall     (AR) @[ IoU=0.50:0.95 | area=   all | maxDets= 10 ] = 0.362
 Average Recall     (AR) @[ IoU=0.50:0.95 | area=   all | maxDets=100 ] = 0.379
 Average Recall     (AR) @[ IoU=0.50:0.95 | area= small | maxDets=100 ] = 0.145
 Average Recall     (AR) @[ IoU=0.50:0.95 | area=medium | maxDets=100 ] = 0.402
 Average Recall     (AR) @[ IoU=0.50:0.95 | area= large | maxDets=100 ] = 0.522
sweep 34/96: alpha=1.5, beta=1.0, threshold=0.1, top_k=200, nms=0.4
creating index...
index created!
Loading and preparing results...
DONE (t=0.11s)
creating index...
index created!
Running per image evaluation...
Evaluate annotation type *bbox*
DONE (t=1.66s).
Accumulating evaluation results...
DONE (t=0.55s).
 Average Precision  (AP) @[ IoU=0.50:0.95 | area=   all | maxDets=100 ] = 0.226
 Average Precision  (AP) @[ IoU=0.50      | area=   all | maxDets=100 ] = 0.357
 Average Precision  (AP) @[ IoU=0.75      | area=   all | maxDets=100 ] = 0.245
 Average Precision  (AP) @[ IoU=0.50:0.95 | area= small | maxDets=100 ] = 0.096
 Average Precision  (AP) @[ IoU=0.50:0.95 | area=medium | maxDets=100 ] = 0.250
 Average Precision  (AP) @[ IoU=0.50:0.95 | area= large | maxDets=100 ] = 0.288
 Average Recall     (AR) @[ IoU=0.50:0.95 | area=   all | maxDets=  1 ] = 0.243
 Average Recall     (AR) @[ IoU=0.50:0.95 | area=   all | maxDets= 10 ] = 0.348
 Average Recall     (AR) @[ IoU=0.50:0.95 | area=   all | maxDets=100 ] = 0.357
 Average Recall     (AR) @[ IoU=0.50:0.95 | area= small | maxDets=100 ] = 0.135
 Average Recall     (AR) @[ IoU=0.50:0.95 | area=medium | maxDets=100 ] = 0.378
 Average Recall     (AR) @[ IoU=0.50:0.95 | area= large | maxDets=100 ] = 0.486
sweep 35/96: alpha=1.5, beta=1.0, threshold=0.1, top_k=200, nms=0.5
creating index...
index created!
Loading and preparing results...
DONE (t=0.02s)
creating index...
index created!
Running per image evaluation...
Evaluate annotation type *bbox*
DONE (t=1.86s).
Accumulating evaluation results...
DONE (t=0.58s).
 Average Precision  (AP) @[ IoU=0.50:0.95 | area=   all | maxDets=100 ] = 0.227
 Average Precision  (AP) @[ IoU=0.50      | area=   all | maxDets=100 ] = 0.354
 Average Precision  (AP) @[ IoU=0.75      | area=   all | maxDets=100 ] = 0.246
 Average Precision  (AP) @[ IoU=0.50:0.95 | area= small | maxDets=100 ] = 0.098
 Average Precision  (AP) @[ IoU=0.50:0.95 | area=medium | maxDets=100 ] = 0.251
 Average Precision  (AP) @[ IoU=0.50:0.95 | area= large | maxDets=100 ] = 0.289
 Average Recall     (AR) @[ IoU=0.50:0.95 | area=   all | maxDets=  1 ] = 0.242
 Average Recall     (AR) @[ IoU=0.50:0.95 | area=   all | maxDets= 10 ] = 0.357
 Average Recall     (AR) @[ IoU=0.50:0.95 | area=   all | maxDets=100 ] = 0.370
 Average Recall     (AR) @[ IoU=0.50:0.95 | area= small | maxDets=100 ] = 0.144
 Average Recall     (AR) @[ IoU=0.50:0.95 | area=medium | maxDets=100 ] = 0.392
 Average Recall     (AR) @[ IoU=0.50:0.95 | area= large | maxDets=100 ] = 0.501
sweep 36/96: alpha=1.5, beta=1.0, threshold=0.1, top_k=200, nms=0.6
creating index...
index created!
Loading and preparing results...
DONE (t=0.02s)
creating index...
index created!
Running per image evaluation...
Evaluate annotation type *bbox*
DONE (t=2.11s).
Accumulating evaluation results...
DONE (t=0.61s).
 Average Precision  (AP) @[ IoU=0.50:0.95 | area=   all | maxDets=100 ] = 0.226
 Average Precision  (AP) @[ IoU=0.50      | area=   all | maxDets=100 ] = 0.346
 Average Precision  (AP) @[ IoU=0.75      | area=   all | maxDets=100 ] = 0.249
 Average Precision  (AP) @[ IoU=0.50:0.95 | area= small | maxDets=100 ] = 0.099
 Average Precision  (AP) @[ IoU=0.50:0.95 | area=medium | maxDets=100 ] = 0.254
 Average Precision  (AP) @[ IoU=0.50:0.95 | area= large | maxDets=100 ] = 0.286
 Average Recall     (AR) @[ IoU=0.50:0.95 | area=   all | maxDets=  1 ] = 0.242
 Average Recall     (AR) @[ IoU=0.50:0.95 | area=   all | maxDets= 10 ] = 0.367
 Average Recall     (AR) @[ IoU=0.50:0.95 | area=   all | maxDets=100 ] = 0.386
 Average Recall     (AR) @[ IoU=0.50:0.95 | area= small | maxDets=100 ] = 0.150
 Average Recall     (AR) @[ IoU=0.50:0.95 | area=medium | maxDets=100 ] = 0.414
 Average Recall     (AR) @[ IoU=0.50:0.95 | area= large | maxDets=100 ] = 0.524
sweep 37/96: alpha=1.5, beta=1.0, threshold=0.2, top_k=20, nms=0.4
creating index...
index created!
Loading and preparing results...
DONE (t=0.01s)
creating index...
index created!
Running per image evaluation...
Evaluate annotation type *bbox*
DONE (t=0.94s).
Accumulating evaluation results...
DONE (t=0.40s).
 Average Precision  (AP) @[ IoU=0.50:0.95 | area=   all | maxDets=100 ] = 0.219
 Average Precision  (AP) @[ IoU=0.50      | area=   all | maxDets=100 ] = 0.340
 Average Precision  (AP) @[ IoU=0.75      | area=   all | maxDets=100 ] = 0.239
 Average Precision  (AP) @[ IoU=0.50:0.95 | area= small | maxDets=100 ] = 0.084
 Average Precision  (AP) @[ IoU=0.50:0.95 | area=medium | maxDets=100 ] = 0.238
 Average Precision  (AP) @[ IoU=0.50:0.95 | area= large | maxDets=100 ] = 0.282
 Average Recall     (AR) @[ IoU=0.50:0.95 | area=   all | maxDets=  1 ] = 0.230
 Average Recall     (AR) @[ IoU=0.50:0.95 | area=   all | maxDets= 10 ] = 0.308
 Average Recall     (AR) @[ IoU=0.50:0.95 | area=   all | maxDets=100 ] = 0.310
 Average Recall     (AR) @[ IoU=0.50:0.95 | area= small | maxDets=100 ] = 0.099
 Average Recall     (AR) @[ IoU=0.50:0.95 | area=medium | maxDets=100 ] = 0.310
 Average Recall     (AR) @[ IoU=0.50:0.95 | area= large | maxDets=100 ] = 0.445
sweep 38/96: alpha=1.5, beta=1.0, threshold=0.2, top_k=20, nms=0.5
creating index...
index created!
Loading and preparing results...
DONE (t=0.09s)
creating index...
index created!
Running per image evaluation...
Evaluate annotation type *bbox*
DONE (t=0.87s).
Accumulating evaluation results...
DONE (t=0.40s).
 Average Precision  (AP) @[ IoU=0.50:0.95 | area=   all | maxDets=100 ] = 0.219
 Average Precision  (AP) @[ IoU=0.50      | area=   all | maxDets=100 ] = 0.337
 Average Precision  (AP) @[ IoU=0.75      | area=   all | maxDets=100 ] = 0.240
 Average Precision  (AP) @[ IoU=0.50:0.95 | area= small | maxDets=100 ] = 0.083
 Average Precision  (AP) @[ IoU=0.50:0.95 | area=medium | maxDets=100 ] = 0.239
 Average Precision  (AP) @[ IoU=0.50:0.95 | area= large | maxDets=100 ] = 0.283
 Average Recall     (AR) @[ IoU=0.50:0.95 | area=   all | maxDets=  1 ] = 0.228
 Average Recall     (AR) @[ IoU=0.50:0.95 | area=   all | maxDets= 10 ] = 0.312
 Average Recall     (AR) @[ IoU=0.50:0.95 | area=   all | maxDets=100 ] = 0.313
 Average Recall     (AR) @[ IoU=0.50:0.95 | area= small | maxDets=100 ] = 0.098
 Average Recall     (AR) @[ IoU=0.50:0.95 | area=medium | maxDets=100 ] = 0.315
 Average Recall     (AR) @[ IoU=0.50:0.95 | area= large | maxDets=100 ] = 0.445
sweep 39/96: alpha=1.5, beta=1.0, threshold=0.2, top_k=20, nms=0.6
creating index...
index created!
Loading and preparing results...
DONE (t=0.09s)
creating index...
index created!
Running per image evaluation...
Evaluate annotation type *bbox*
DONE (t=0.88s).
Accumulating evaluation results...
DONE (t=0.40s).
 Average Precision  (AP) @[ IoU=0.50:0.95 | area=   all | maxDets=100 ] = 0.216
 Average Precision  (AP) @[ IoU=0.50      | area=   all | maxDets=100 ] = 0.327
 Average Precision  (AP) @[ IoU=0.75      | area=   all | maxDets=100 ] = 0.240
 Average Precision  (AP) @[ IoU=0.50:0.95 | area= small | maxDets=100 ] = 0.080
 Average Precision  (AP) @[ IoU=0.50:0.95 | area=medium | maxDets=100 ] = 0.237
 Average Precision  (AP) @[ IoU=0.50:0.95 | area= large | maxDets=100 ] = 0.280
 Average Recall     (AR) @[ IoU=0.50:0.95 | area=   all | maxDets=  1 ] = 0.226
 Average Recall     (AR) @[ IoU=0.50:0.95 | area=   all | maxDets= 10 ] = 0.311
 Average Recall     (AR) @[ IoU=0.50:0.95 | area=   all | maxDets=100 ] = 0.314
 Average Recall     (AR) @[ IoU=0.50:0.95 | area= small | maxDets=100 ] = 0.096
 Average Recall     (AR) @[ IoU=0.50:0.95 | area=medium | maxDets=100 ] = 0.315
 Average Recall     (AR) @[ IoU=0.50:0.95 | area= large | maxDets=100 ] = 0.447
sweep 40/96: alpha=1.5, beta=1.0, threshold=0.2, top_k=50, nms=0.4
creating index...
index created!
Loading and preparing results...
DONE (t=0.01s)
creating index...
index created!
Running per image evaluation...
Evaluate annotation type *bbox*
DONE (t=1.14s).
Accumulating evaluation results...
DONE (t=0.43s).
 Average Precision  (AP) @[ IoU=0.50:0.95 | area=   all | maxDets=100 ] = 0.222
 Average Precision  (AP) @[ IoU=0.50      | area=   all | maxDets=100 ] = 0.347
 Average Precision  (AP) @[ IoU=0.75      | area=   all | maxDets=100 ] = 0.241
 Average Precision  (AP) @[ IoU=0.50:0.95 | area= small | maxDets=100 ] = 0.090
 Average Precision  (AP) @[ IoU=0.50:0.95 | area=medium | maxDets=100 ] = 0.243
 Average Precision  (AP) @[ IoU=0.50:0.95 | area= large | maxDets=100 ] = 0.284
 Average Recall     (AR) @[ IoU=0.50:0.95 | area=   all | maxDets=  1 ] = 0.234
 Average Recall     (AR) @[ IoU=0.50:0.95 | area=   all | maxDets= 10 ] = 0.320
 Average Recall     (AR) @[ IoU=0.50:0.95 | area=   all | maxDets=100 ] = 0.326
 Average Recall     (AR) @[ IoU=0.50:0.95 | area= small | maxDets=100 ] = 0.112
 Average Recall     (AR) @[ IoU=0.50:0.95 | area=medium | maxDets=100 ] = 0.329
 Average Recall     (AR) @[ IoU=0.50:0.95 | area= large | maxDets=100 ] = 0.459
sweep 41/96: alpha=1.5, beta=1.0, threshold=0.2, top_k=50, nms=0.5
creating index...
index created!
Loading and preparing results...
DONE (t=0.01s)
creating index...
index created!
Running per image evaluation...
Evaluate annotation type *bbox*
DONE (t=1.20s).
Accumulating evaluation results...
DONE (t=0.43s).
 Average Precision  (AP) @[ IoU=0.50:0.95 | area=   all | maxDets=100 ] = 0.223
 Average Precision  (AP) @[ IoU=0.50      | area=   all | maxDets=100 ] = 0.345
 Average Precision  (AP) @[ IoU=0.75      | area=   all | maxDets=100 ] = 0.242
 Average Precision  (AP) @[ IoU=0.50:0.95 | area= small | maxDets=100 ] = 0.090
 Average Precision  (AP) @[ IoU=0.50:0.95 | area=medium | maxDets=100 ] = 0.245
 Average Precision  (AP) @[ IoU=0.50:0.95 | area= large | maxDets=100 ] = 0.285
 Average Recall     (AR) @[ IoU=0.50:0.95 | area=   all | maxDets=  1 ] = 0.233
 Average Recall     (AR) @[ IoU=0.50:0.95 | area=   all | maxDets= 10 ] = 0.327
 Average Recall     (AR) @[ IoU=0.50:0.95 | area=   all | maxDets=100 ] = 0.333
 Average Recall     (AR) @[ IoU=0.50:0.95 | area= small | maxDets=100 ] = 0.112
 Average Recall     (AR) @[ IoU=0.50:0.95 | area=medium | maxDets=100 ] = 0.339
 Average Recall     (AR) @[ IoU=0.50:0.95 | area= large | maxDets=100 ] = 0.471
sweep 42/96: alpha=1.5, beta=1.0, threshold=0.2, top_k=50, nms=0.6
creating index...
index created!
Loading and preparing results...
DONE (t=0.01s)
creating index...
index created!
Running per image evaluation...
Evaluate annotation type *bbox*
DONE (t=1.27s).
Accumulating evaluation results...
DONE (t=0.45s).
 Average Precision  (AP) @[ IoU=0.50:0.95 | area=   all | maxDets=100 ] = 0.221
 Average Precision  (AP) @[ IoU=0.50      | area=   all | maxDets=100 ] = 0.338
 Average Precision  (AP) @[ IoU=0.75      | area=   all | maxDets=100 ] = 0.244
 Average Precision  (AP) @[ IoU=0.50:0.95 | area= small | maxDets=100 ] = 0.090
 Average Precision  (AP) @[ IoU=0.50:0.95 | area=medium | maxDets=100 ] = 0.247
 Average Precision  (AP) @[ IoU=0.50:0.95 | area= large | maxDets=100 ] = 0.282
 Average Recall     (AR) @[ IoU=0.50:0.95 | area=   all | maxDets=  1 ] = 0.233
 Average Recall     (AR) @[ IoU=0.50:0.95 | area=   all | maxDets= 10 ] = 0.333
 Average Recall     (AR) @[ IoU=0.50:0.95 | area=   all | maxDets=100 ] = 0.342
 Average Recall     (AR) @[ IoU=0.50:0.95 | area= small | maxDets=100 ] = 0.116
 Average Recall     (AR) @[ IoU=0.50:0.95 | area=medium | maxDets=100 ] = 0.354
 Average Recall     (AR) @[ IoU=0.50:0.95 | area= large | maxDets=100 ] = 0.479
sweep 43/96: alpha=1.5, beta=1.0, threshold=0.2, top_k=100, nms=0.4
creating index...
index created!
Loading and preparing results...
DONE (t=0.01s)
creating index...
index created!
Running per image evaluation...
Evaluate annotation type *bbox*
DONE (t=1.16s).
Accumulating evaluation results...
DONE (t=0.43s).
 Average Precision  (AP) @[ IoU=0.50:0.95 | area=   all | maxDets=100 ] = 0.222
 Average Precision  (AP) @[ IoU=0.50      | area=   all | maxDets=100 ] = 0.348
 Average Precision  (AP) @[ IoU=0.75      | area=   all | maxDets=100 ] = 0.242
 Average Precision  (AP) @[ IoU=0.50:0.95 | area= small | maxDets=100 ] = 0.091
 Average Precision  (AP) @[ IoU=0.50:0.95 | area=medium | maxDets=100 ] = 0.243
 Average Precision  (AP) @[ IoU=0.50:0.95 | area= large | maxDets=100 ] = 0.284
 Average Recall     (AR) @[ IoU=0.50:0.95 | area=   all | maxDets=  1 ] = 0.235
 Average Recall     (AR) @[ IoU=0.50:0.95 | area=   all | maxDets= 10 ] = 0.322
 Average Recall     (AR) @[ IoU=0.50:0.95 | area=   all | maxDets=100 ] = 0.327
 Average Recall     (AR) @[ IoU=0.50:0.95 | area= small | maxDets=100 ] = 0.114
 Average Recall     (AR) @[ IoU=0.50:0.95 | area=medium | maxDets=100 ] = 0.330
 Average Recall     (AR) @[ IoU=0.50:0.95 | area= large | maxDets=100 ] = 0.460
sweep 44/96: alpha=1.5, beta=1.0, threshold=0.2, top_k=100, nms=0.5
creating index...
index created!
Loading and preparing results...
DONE (t=0.09s)
creating index...
index created!
Running per image evaluation...
Evaluate annotation type *bbox*
DONE (t=1.32s).
Accumulating evaluation results...
DONE (t=0.45s).
 Average Precision  (AP) @[ IoU=0.50:0.95 | area=   all | maxDets=100 ] = 0.223
 Average Precision  (AP) @[ IoU=0.50      | area=   all | maxDets=100 ] = 0.346
 Average Precision  (AP) @[ IoU=0.75      | area=   all | maxDets=100 ] = 0.243
 Average Precision  (AP) @[ IoU=0.50:0.95 | area= small | maxDets=100 ] = 0.092
 Average Precision  (AP) @[ IoU=0.50:0.95 | area=medium | maxDets=100 ] = 0.245
 Average Precision  (AP) @[ IoU=0.50:0.95 | area= large | maxDets=100 ] = 0.285
 Average Recall     (AR) @[ IoU=0.50:0.95 | area=   all | maxDets=  1 ] = 0.235
 Average Recall     (AR) @[ IoU=0.50:0.95 | area=   all | maxDets= 10 ] = 0.329
 Average Recall     (AR) @[ IoU=0.50:0.95 | area=   all | maxDets=100 ] = 0.337
 Average Recall     (AR) @[ IoU=0.50:0.95 | area= small | maxDets=100 ] = 0.117
 Average Recall     (AR) @[ IoU=0.50:0.95 | area=medium | maxDets=100 ] = 0.342
 Average Recall     (AR) @[ IoU=0.50:0.95 | area= large | maxDets=100 ] = 0.472
sweep 45/96: alpha=1.5, beta=1.0, threshold=0.2, top_k=100, nms=0.6
creating index...
index created!
Loading and preparing results...
DONE (t=0.01s)
creating index...
index created!
Running per image evaluation...
Evaluate annotation type *bbox*
DONE (t=1.47s).
Accumulating evaluation results...
DONE (t=0.46s).
 Average Precision  (AP) @[ IoU=0.50:0.95 | area=   all | maxDets=100 ] = 0.222
 Average Precision  (AP) @[ IoU=0.50      | area=   all | maxDets=100 ] = 0.339
 Average Precision  (AP) @[ IoU=0.75      | area=   all | maxDets=100 ] = 0.245
 Average Precision  (AP) @[ IoU=0.50:0.95 | area= small | maxDets=100 ] = 0.093
 Average Precision  (AP) @[ IoU=0.50:0.95 | area=medium | maxDets=100 ] = 0.247
 Average Precision  (AP) @[ IoU=0.50:0.95 | area= large | maxDets=100 ] = 0.281
 Average Recall     (AR) @[ IoU=0.50:0.95 | area=   all | maxDets=  1 ] = 0.235
 Average Recall     (AR) @[ IoU=0.50:0.95 | area=   all | maxDets= 10 ] = 0.336
 Average Recall     (AR) @[ IoU=0.50:0.95 | area=   all | maxDets=100 ] = 0.347
 Average Recall     (AR) @[ IoU=0.50:0.95 | area= small | maxDets=100 ] = 0.122
 Average Recall     (AR) @[ IoU=0.50:0.95 | area=medium | maxDets=100 ] = 0.357
 Average Recall     (AR) @[ IoU=0.50:0.95 | area= large | maxDets=100 ] = 0.480
sweep 46/96: alpha=1.5, beta=1.0, threshold=0.2, top_k=200, nms=0.4
creating index...
index created!
Loading and preparing results...
DONE (t=0.01s)
creating index...
index created!
Running per image evaluation...
Evaluate annotation type *bbox*
DONE (t=1.10s).
Accumulating evaluation results...
DONE (t=0.43s).
 Average Precision  (AP) @[ IoU=0.50:0.95 | area=   all | maxDets=100 ] = 0.222
 Average Precision  (AP) @[ IoU=0.50      | area=   all | maxDets=100 ] = 0.348
 Average Precision  (AP) @[ IoU=0.75      | area=   all | maxDets=100 ] = 0.242
 Average Precision  (AP) @[ IoU=0.50:0.95 | area= small | maxDets=100 ] = 0.091
 Average Precision  (AP) @[ IoU=0.50:0.95 | area=medium | maxDets=100 ] = 0.243
 Average Precision  (AP) @[ IoU=0.50:0.95 | area= large | maxDets=100 ] = 0.284
 Average Recall     (AR) @[ IoU=0.50:0.95 | area=   all | maxDets=  1 ] = 0.235
 Average Recall     (AR) @[ IoU=0.50:0.95 | area=   all | maxDets= 10 ] = 0.322
 Average Recall     (AR) @[ IoU=0.50:0.95 | area=   all | maxDets=100 ] = 0.328
 Average Recall     (AR) @[ IoU=0.50:0.95 | area= small | maxDets=100 ] = 0.115
 Average Recall     (AR) @[ IoU=0.50:0.95 | area=medium | maxDets=100 ] = 0.330
 Average Recall     (AR) @[ IoU=0.50:0.95 | area= large | maxDets=100 ] = 0.460
sweep 47/96: alpha=1.5, beta=1.0, threshold=0.2, top_k=200, nms=0.5
creating index...
index created!
Loading and preparing results...
DONE (t=0.09s)
creating index...
index created!
Running per image evaluation...
Evaluate annotation type *bbox*
DONE (t=1.31s).
Accumulating evaluation results...
DONE (t=0.44s).
 Average Precision  (AP) @[ IoU=0.50:0.95 | area=   all | maxDets=100 ] = 0.223
 Average Precision  (AP) @[ IoU=0.50      | area=   all | maxDets=100 ] = 0.346
 Average Precision  (AP) @[ IoU=0.75      | area=   all | maxDets=100 ] = 0.243
 Average Precision  (AP) @[ IoU=0.50:0.95 | area= small | maxDets=100 ] = 0.092
 Average Precision  (AP) @[ IoU=0.50:0.95 | area=medium | maxDets=100 ] = 0.245
 Average Precision  (AP) @[ IoU=0.50:0.95 | area= large | maxDets=100 ] = 0.285
 Average Recall     (AR) @[ IoU=0.50:0.95 | area=   all | maxDets=  1 ] = 0.235
 Average Recall     (AR) @[ IoU=0.50:0.95 | area=   all | maxDets= 10 ] = 0.329
 Average Recall     (AR) @[ IoU=0.50:0.95 | area=   all | maxDets=100 ] = 0.337
 Average Recall     (AR) @[ IoU=0.50:0.95 | area= small | maxDets=100 ] = 0.118
 Average Recall     (AR) @[ IoU=0.50:0.95 | area=medium | maxDets=100 ] = 0.342
 Average Recall     (AR) @[ IoU=0.50:0.95 | area= large | maxDets=100 ] = 0.472
sweep 48/96: alpha=1.5, beta=1.0, threshold=0.2, top_k=200, nms=0.6
creating index...
index created!
Loading and preparing results...
DONE (t=0.01s)
creating index...
index created!
Running per image evaluation...
Evaluate annotation type *bbox*
DONE (t=1.38s).
Accumulating evaluation results...
DONE (t=0.46s).
 Average Precision  (AP) @[ IoU=0.50:0.95 | area=   all | maxDets=100 ] = 0.222
 Average Precision  (AP) @[ IoU=0.50      | area=   all | maxDets=100 ] = 0.339
 Average Precision  (AP) @[ IoU=0.75      | area=   all | maxDets=100 ] = 0.245
 Average Precision  (AP) @[ IoU=0.50:0.95 | area= small | maxDets=100 ] = 0.093
 Average Precision  (AP) @[ IoU=0.50:0.95 | area=medium | maxDets=100 ] = 0.247
 Average Precision  (AP) @[ IoU=0.50:0.95 | area= large | maxDets=100 ] = 0.282
 Average Recall     (AR) @[ IoU=0.50:0.95 | area=   all | maxDets=  1 ] = 0.235
 Average Recall     (AR) @[ IoU=0.50:0.95 | area=   all | maxDets= 10 ] = 0.336
 Average Recall     (AR) @[ IoU=0.50:0.95 | area=   all | maxDets=100 ] = 0.348
 Average Recall     (AR) @[ IoU=0.50:0.95 | area= small | maxDets=100 ] = 0.124
 Average Recall     (AR) @[ IoU=0.50:0.95 | area=medium | maxDets=100 ] = 0.358
 Average Recall     (AR) @[ IoU=0.50:0.95 | area= large | maxDets=100 ] = 0.481
sweep 49/96: alpha=2.0, beta=1.0, threshold=0.03, top_k=20, nms=0.4
creating index...
index created!
Loading and preparing results...
DONE (t=0.01s)
creating index...
index created!
Running per image evaluation...
Evaluate annotation type *bbox*
DONE (t=1.10s).
Accumulating evaluation results...
DONE (t=0.45s).
 Average Precision  (AP) @[ IoU=0.50:0.95 | area=   all | maxDets=100 ] = 0.223
 Average Precision  (AP) @[ IoU=0.50      | area=   all | maxDets=100 ] = 0.344
 Average Precision  (AP) @[ IoU=0.75      | area=   all | maxDets=100 ] = 0.243
 Average Precision  (AP) @[ IoU=0.50:0.95 | area= small | maxDets=100 ] = 0.088
 Average Precision  (AP) @[ IoU=0.50:0.95 | area=medium | maxDets=100 ] = 0.246
 Average Precision  (AP) @[ IoU=0.50:0.95 | area= large | maxDets=100 ] = 0.291
 Average Recall     (AR) @[ IoU=0.50:0.95 | area=   all | maxDets=  1 ] = 0.237
 Average Recall     (AR) @[ IoU=0.50:0.95 | area=   all | maxDets= 10 ] = 0.323
 Average Recall     (AR) @[ IoU=0.50:0.95 | area=   all | maxDets=100 ] = 0.325
 Average Recall     (AR) @[ IoU=0.50:0.95 | area= small | maxDets=100 ] = 0.110
 Average Recall     (AR) @[ IoU=0.50:0.95 | area=medium | maxDets=100 ] = 0.327
 Average Recall     (AR) @[ IoU=0.50:0.95 | area= large | maxDets=100 ] = 0.464
sweep 50/96: alpha=2.0, beta=1.0, threshold=0.03, top_k=20, nms=0.5
creating index...
index created!
Loading and preparing results...
DONE (t=0.01s)
creating index...
index created!
Running per image evaluation...
Evaluate annotation type *bbox*
DONE (t=1.09s).
Accumulating evaluation results...
DONE (t=0.45s).
 Average Precision  (AP) @[ IoU=0.50:0.95 | area=   all | maxDets=100 ] = 0.224
 Average Precision  (AP) @[ IoU=0.50      | area=   all | maxDets=100 ] = 0.342
 Average Precision  (AP) @[ IoU=0.75      | area=   all | maxDets=100 ] = 0.245
 Average Precision  (AP) @[ IoU=0.50:0.95 | area= small | maxDets=100 ] = 0.086
 Average Precision  (AP) @[ IoU=0.50:0.95 | area=medium | maxDets=100 ] = 0.247
 Average Precision  (AP) @[ IoU=0.50:0.95 | area= large | maxDets=100 ] = 0.292
 Average Recall     (AR) @[ IoU=0.50:0.95 | area=   all | maxDets=  1 ] = 0.236
 Average Recall     (AR) @[ IoU=0.50:0.95 | area=   all | maxDets= 10 ] = 0.326
 Average Recall     (AR) @[ IoU=0.50:0.95 | area=   all | maxDets=100 ] = 0.328
 Average Recall     (AR) @[ IoU=0.50:0.95 | area= small | maxDets=100 ] = 0.108
 Average Recall     (AR) @[ IoU=0.50:0.95 | area=medium | maxDets=100 ] = 0.331
 Average Recall     (AR) @[ IoU=0.50:0.95 | area= large | maxDets=100 ] = 0.467
sweep 51/96: alpha=2.0, beta=1.0, threshold=0.03, top_k=20, nms=0.6
creating index...
index created!
Loading and preparing results...
DONE (t=0.09s)
creating index...
index created!
Running per image evaluation...
Evaluate annotation type *bbox*
DONE (t=0.98s).
Accumulating evaluation results...
DONE (t=0.44s).
 Average Precision  (AP) @[ IoU=0.50:0.95 | area=   all | maxDets=100 ] = 0.221
 Average Precision  (AP) @[ IoU=0.50      | area=   all | maxDets=100 ] = 0.332
 Average Precision  (AP) @[ IoU=0.75      | area=   all | maxDets=100 ] = 0.245
 Average Precision  (AP) @[ IoU=0.50:0.95 | area= small | maxDets=100 ] = 0.083
 Average Precision  (AP) @[ IoU=0.50:0.95 | area=medium | maxDets=100 ] = 0.244
 Average Precision  (AP) @[ IoU=0.50:0.95 | area= large | maxDets=100 ] = 0.287
 Average Recall     (AR) @[ IoU=0.50:0.95 | area=   all | maxDets=  1 ] = 0.231
 Average Recall     (AR) @[ IoU=0.50:0.95 | area=   all | maxDets= 10 ] = 0.324
 Average Recall     (AR) @[ IoU=0.50:0.95 | area=   all | maxDets=100 ] = 0.326
 Average Recall     (AR) @[ IoU=0.50:0.95 | area= small | maxDets=100 ] = 0.102
 Average Recall     (AR) @[ IoU=0.50:0.95 | area=medium | maxDets=100 ] = 0.331
 Average Recall     (AR) @[ IoU=0.50:0.95 | area= large | maxDets=100 ] = 0.462
sweep 52/96: alpha=2.0, beta=1.0, threshold=0.03, top_k=50, nms=0.4
creating index...
index created!
Loading and preparing results...
DONE (t=0.01s)
creating index...
index created!
Running per image evaluation...
Evaluate annotation type *bbox*
DONE (t=1.55s).
Accumulating evaluation results...
DONE (t=0.57s).
 Average Precision  (AP) @[ IoU=0.50:0.95 | area=   all | maxDets=100 ] = 0.229
 Average Precision  (AP) @[ IoU=0.50      | area=   all | maxDets=100 ] = 0.357
 Average Precision  (AP) @[ IoU=0.75      | area=   all | maxDets=100 ] = 0.247
 Average Precision  (AP) @[ IoU=0.50:0.95 | area= small | maxDets=100 ] = 0.099
 Average Precision  (AP) @[ IoU=0.50:0.95 | area=medium | maxDets=100 ] = 0.253
 Average Precision  (AP) @[ IoU=0.50:0.95 | area= large | maxDets=100 ] = 0.294
 Average Recall     (AR) @[ IoU=0.50:0.95 | area=   all | maxDets=  1 ] = 0.246
 Average Recall     (AR) @[ IoU=0.50:0.95 | area=   all | maxDets= 10 ] = 0.353
 Average Recall     (AR) @[ IoU=0.50:0.95 | area=   all | maxDets=100 ] = 0.359
 Average Recall     (AR) @[ IoU=0.50:0.95 | area= small | maxDets=100 ] = 0.134
 Average Recall     (AR) @[ IoU=0.50:0.95 | area=medium | maxDets=100 ] = 0.374
 Average Recall     (AR) @[ IoU=0.50:0.95 | area= large | maxDets=100 ] = 0.500
sweep 53/96: alpha=2.0, beta=1.0, threshold=0.03, top_k=50, nms=0.5
creating index...
index created!
Loading and preparing results...
DONE (t=0.02s)
creating index...
index created!
Running per image evaluation...
Evaluate annotation type *bbox*
DONE (t=1.58s).
Accumulating evaluation results...
DONE (t=0.58s).
 Average Precision  (AP) @[ IoU=0.50:0.95 | area=   all | maxDets=100 ] = 0.229
 Average Precision  (AP) @[ IoU=0.50      | area=   all | maxDets=100 ] = 0.353
 Average Precision  (AP) @[ IoU=0.75      | area=   all | maxDets=100 ] = 0.249
 Average Precision  (AP) @[ IoU=0.50:0.95 | area= small | maxDets=100 ] = 0.099
 Average Precision  (AP) @[ IoU=0.50:0.95 | area=medium | maxDets=100 ] = 0.255
 Average Precision  (AP) @[ IoU=0.50:0.95 | area= large | maxDets=100 ] = 0.295
 Average Recall     (AR) @[ IoU=0.50:0.95 | area=   all | maxDets=  1 ] = 0.244
 Average Recall     (AR) @[ IoU=0.50:0.95 | area=   all | maxDets= 10 ] = 0.357
 Average Recall     (AR) @[ IoU=0.50:0.95 | area=   all | maxDets=100 ] = 0.365
 Average Recall     (AR) @[ IoU=0.50:0.95 | area= small | maxDets=100 ] = 0.136
 Average Recall     (AR) @[ IoU=0.50:0.95 | area=medium | maxDets=100 ] = 0.379
 Average Recall     (AR) @[ IoU=0.50:0.95 | area= large | maxDets=100 ] = 0.519
sweep 54/96: alpha=2.0, beta=1.0, threshold=0.03, top_k=50, nms=0.6
creating index...
index created!
Loading and preparing results...
DONE (t=0.02s)
creating index...
index created!
Running per image evaluation...
Evaluate annotation type *bbox*
DONE (t=1.62s).
Accumulating evaluation results...
DONE (t=0.58s).
 Average Precision  (AP) @[ IoU=0.50:0.95 | area=   all | maxDets=100 ] = 0.228
 Average Precision  (AP) @[ IoU=0.50      | area=   all | maxDets=100 ] = 0.346
 Average Precision  (AP) @[ IoU=0.75      | area=   all | maxDets=100 ] = 0.251
 Average Precision  (AP) @[ IoU=0.50:0.95 | area= small | maxDets=100 ] = 0.099
 Average Precision  (AP) @[ IoU=0.50:0.95 | area=medium | maxDets=100 ] = 0.257
 Average Precision  (AP) @[ IoU=0.50:0.95 | area= large | maxDets=100 ] = 0.292
 Average Recall     (AR) @[ IoU=0.50:0.95 | area=   all | maxDets=  1 ] = 0.244
 Average Recall     (AR) @[ IoU=0.50:0.95 | area=   all | maxDets= 10 ] = 0.362
 Average Recall     (AR) @[ IoU=0.50:0.95 | area=   all | maxDets=100 ] = 0.372
 Average Recall     (AR) @[ IoU=0.50:0.95 | area= small | maxDets=100 ] = 0.136
 Average Recall     (AR) @[ IoU=0.50:0.95 | area=medium | maxDets=100 ] = 0.389
 Average Recall     (AR) @[ IoU=0.50:0.95 | area= large | maxDets=100 ] = 0.526
sweep 55/96: alpha=2.0, beta=1.0, threshold=0.03, top_k=100, nms=0.4
creating index...
index created!
Loading and preparing results...
DONE (t=0.11s)
creating index...
index created!
Running per image evaluation...
Evaluate annotation type *bbox*
DONE (t=1.92s).
Accumulating evaluation results...
DONE (t=0.65s).
 Average Precision  (AP) @[ IoU=0.50:0.95 | area=   all | maxDets=100 ] = 0.230
 Average Precision  (AP) @[ IoU=0.50      | area=   all | maxDets=100 ] = 0.361
 Average Precision  (AP) @[ IoU=0.75      | area=   all | maxDets=100 ] = 0.248
 Average Precision  (AP) @[ IoU=0.50:0.95 | area= small | maxDets=100 ] = 0.104
 Average Precision  (AP) @[ IoU=0.50:0.95 | area=medium | maxDets=100 ] = 0.255
 Average Precision  (AP) @[ IoU=0.50:0.95 | area= large | maxDets=100 ] = 0.294
 Average Recall     (AR) @[ IoU=0.50:0.95 | area=   all | maxDets=  1 ] = 0.249
 Average Recall     (AR) @[ IoU=0.50:0.95 | area=   all | maxDets= 10 ] = 0.363
 Average Recall     (AR) @[ IoU=0.50:0.95 | area=   all | maxDets=100 ] = 0.372
 Average Recall     (AR) @[ IoU=0.50:0.95 | area= small | maxDets=100 ] = 0.153
 Average Recall     (AR) @[ IoU=0.50:0.95 | area=medium | maxDets=100 ] = 0.392
 Average Recall     (AR) @[ IoU=0.50:0.95 | area= large | maxDets=100 ] = 0.508
sweep 56/96: alpha=2.0, beta=1.0, threshold=0.03, top_k=100, nms=0.5
creating index...
index created!
Loading and preparing results...
DONE (t=0.11s)
creating index...
index created!
Running per image evaluation...
Evaluate annotation type *bbox*
DONE (t=2.10s).
Accumulating evaluation results...
DONE (t=0.68s).
 Average Precision  (AP) @[ IoU=0.50:0.95 | area=   all | maxDets=100 ] = 0.231
 Average Precision  (AP) @[ IoU=0.50      | area=   all | maxDets=100 ] = 0.358
 Average Precision  (AP) @[ IoU=0.75      | area=   all | maxDets=100 ] = 0.250
 Average Precision  (AP) @[ IoU=0.50:0.95 | area= small | maxDets=100 ] = 0.105
 Average Precision  (AP) @[ IoU=0.50:0.95 | area=medium | maxDets=100 ] = 0.257
 Average Precision  (AP) @[ IoU=0.50:0.95 | area= large | maxDets=100 ] = 0.297
 Average Recall     (AR) @[ IoU=0.50:0.95 | area=   all | maxDets=  1 ] = 0.249
 Average Recall     (AR) @[ IoU=0.50:0.95 | area=   all | maxDets= 10 ] = 0.371
 Average Recall     (AR) @[ IoU=0.50:0.95 | area=   all | maxDets=100 ] = 0.382
 Average Recall     (AR) @[ IoU=0.50:0.95 | area= small | maxDets=100 ] = 0.158
 Average Recall     (AR) @[ IoU=0.50:0.95 | area=medium | maxDets=100 ] = 0.400
 Average Recall     (AR) @[ IoU=0.50:0.95 | area= large | maxDets=100 ] = 0.534
sweep 57/96: alpha=2.0, beta=1.0, threshold=0.03, top_k=100, nms=0.6
creating index...
index created!
Loading and preparing results...
DONE (t=0.12s)
creating index...
index created!
Running per image evaluation...
Evaluate annotation type *bbox*
DONE (t=2.21s).
Accumulating evaluation results...
DONE (t=0.69s).
 Average Precision  (AP) @[ IoU=0.50:0.95 | area=   all | maxDets=100 ] = 0.229
 Average Precision  (AP) @[ IoU=0.50      | area=   all | maxDets=100 ] = 0.350
 Average Precision  (AP) @[ IoU=0.75      | area=   all | maxDets=100 ] = 0.252
 Average Precision  (AP) @[ IoU=0.50:0.95 | area= small | maxDets=100 ] = 0.106
 Average Precision  (AP) @[ IoU=0.50:0.95 | area=medium | maxDets=100 ] = 0.259
 Average Precision  (AP) @[ IoU=0.50:0.95 | area= large | maxDets=100 ] = 0.292
 Average Recall     (AR) @[ IoU=0.50:0.95 | area=   all | maxDets=  1 ] = 0.247
 Average Recall     (AR) @[ IoU=0.50:0.95 | area=   all | maxDets= 10 ] = 0.377
 Average Recall     (AR) @[ IoU=0.50:0.95 | area=   all | maxDets=100 ] = 0.392
 Average Recall     (AR) @[ IoU=0.50:0.95 | area= small | maxDets=100 ] = 0.159
 Average Recall     (AR) @[ IoU=0.50:0.95 | area=medium | maxDets=100 ] = 0.418
 Average Recall     (AR) @[ IoU=0.50:0.95 | area= large | maxDets=100 ] = 0.542
sweep 58/96: alpha=2.0, beta=1.0, threshold=0.03, top_k=200, nms=0.4
creating index...
index created!
Loading and preparing results...
DONE (t=0.02s)
creating index...
index created!
Running per image evaluation...
Evaluate annotation type *bbox*
DONE (t=2.13s).
Accumulating evaluation results...
DONE (t=0.68s).
 Average Precision  (AP) @[ IoU=0.50:0.95 | area=   all | maxDets=100 ] = 0.230
 Average Precision  (AP) @[ IoU=0.50      | area=   all | maxDets=100 ] = 0.362
 Average Precision  (AP) @[ IoU=0.75      | area=   all | maxDets=100 ] = 0.249
 Average Precision  (AP) @[ IoU=0.50:0.95 | area= small | maxDets=100 ] = 0.104
 Average Precision  (AP) @[ IoU=0.50:0.95 | area=medium | maxDets=100 ] = 0.255
 Average Precision  (AP) @[ IoU=0.50:0.95 | area= large | maxDets=100 ] = 0.294
 Average Recall     (AR) @[ IoU=0.50:0.95 | area=   all | maxDets=  1 ] = 0.250
 Average Recall     (AR) @[ IoU=0.50:0.95 | area=   all | maxDets= 10 ] = 0.366
 Average Recall     (AR) @[ IoU=0.50:0.95 | area=   all | maxDets=100 ] = 0.377
 Average Recall     (AR) @[ IoU=0.50:0.95 | area= small | maxDets=100 ] = 0.161
 Average Recall     (AR) @[ IoU=0.50:0.95 | area=medium | maxDets=100 ] = 0.399
 Average Recall     (AR) @[ IoU=0.50:0.95 | area= large | maxDets=100 ] = 0.509
sweep 59/96: alpha=2.0, beta=1.0, threshold=0.03, top_k=200, nms=0.5
creating index...
index created!
Loading and preparing results...
DONE (t=0.12s)
creating index...
index created!
Running per image evaluation...
Evaluate annotation type *bbox*
DONE (t=2.41s).
Accumulating evaluation results...
DONE (t=0.72s).
 Average Precision  (AP) @[ IoU=0.50:0.95 | area=   all | maxDets=100 ] = 0.231
 Average Precision  (AP) @[ IoU=0.50      | area=   all | maxDets=100 ] = 0.359
 Average Precision  (AP) @[ IoU=0.75      | area=   all | maxDets=100 ] = 0.250
 Average Precision  (AP) @[ IoU=0.50:0.95 | area= small | maxDets=100 ] = 0.105
 Average Precision  (AP) @[ IoU=0.50:0.95 | area=medium | maxDets=100 ] = 0.258
 Average Precision  (AP) @[ IoU=0.50:0.95 | area= large | maxDets=100 ] = 0.297
 Average Recall     (AR) @[ IoU=0.50:0.95 | area=   all | maxDets=  1 ] = 0.250
 Average Recall     (AR) @[ IoU=0.50:0.95 | area=   all | maxDets= 10 ] = 0.374
 Average Recall     (AR) @[ IoU=0.50:0.95 | area=   all | maxDets=100 ] = 0.388
 Average Recall     (AR) @[ IoU=0.50:0.95 | area= small | maxDets=100 ] = 0.166
 Average Recall     (AR) @[ IoU=0.50:0.95 | area=medium | maxDets=100 ] = 0.412
 Average Recall     (AR) @[ IoU=0.50:0.95 | area= large | maxDets=100 ] = 0.534
sweep 60/96: alpha=2.0, beta=1.0, threshold=0.03, top_k=200, nms=0.6
creating index...
index created!
Loading and preparing results...
DONE (t=0.13s)
creating index...
index created!
Running per image evaluation...
Evaluate annotation type *bbox*
DONE (t=2.65s).
Accumulating evaluation results...
DONE (t=0.76s).
 Average Precision  (AP) @[ IoU=0.50:0.95 | area=   all | maxDets=100 ] = 0.230
 Average Precision  (AP) @[ IoU=0.50      | area=   all | maxDets=100 ] = 0.351
 Average Precision  (AP) @[ IoU=0.75      | area=   all | maxDets=100 ] = 0.252
 Average Precision  (AP) @[ IoU=0.50:0.95 | area= small | maxDets=100 ] = 0.106
 Average Precision  (AP) @[ IoU=0.50:0.95 | area=medium | maxDets=100 ] = 0.260
 Average Precision  (AP) @[ IoU=0.50:0.95 | area= large | maxDets=100 ] = 0.293
 Average Recall     (AR) @[ IoU=0.50:0.95 | area=   all | maxDets=  1 ] = 0.250
 Average Recall     (AR) @[ IoU=0.50:0.95 | area=   all | maxDets= 10 ] = 0.384
 Average Recall     (AR) @[ IoU=0.50:0.95 | area=   all | maxDets=100 ] = 0.403
 Average Recall     (AR) @[ IoU=0.50:0.95 | area= small | maxDets=100 ] = 0.170
 Average Recall     (AR) @[ IoU=0.50:0.95 | area=medium | maxDets=100 ] = 0.433
 Average Recall     (AR) @[ IoU=0.50:0.95 | area= large | maxDets=100 ] = 0.548
sweep 61/96: alpha=2.0, beta=1.0, threshold=0.05, top_k=20, nms=0.4
creating index...
index created!
Loading and preparing results...
DONE (t=0.01s)
creating index...
index created!
Running per image evaluation...
Evaluate annotation type *bbox*
DONE (t=1.14s).
Accumulating evaluation results...
DONE (t=0.45s).
 Average Precision  (AP) @[ IoU=0.50:0.95 | area=   all | maxDets=100 ] = 0.223
 Average Precision  (AP) @[ IoU=0.50      | area=   all | maxDets=100 ] = 0.344
 Average Precision  (AP) @[ IoU=0.75      | area=   all | maxDets=100 ] = 0.243
 Average Precision  (AP) @[ IoU=0.50:0.95 | area= small | maxDets=100 ] = 0.088
 Average Precision  (AP) @[ IoU=0.50:0.95 | area=medium | maxDets=100 ] = 0.246
 Average Precision  (AP) @[ IoU=0.50:0.95 | area= large | maxDets=100 ] = 0.291
 Average Recall     (AR) @[ IoU=0.50:0.95 | area=   all | maxDets=  1 ] = 0.237
 Average Recall     (AR) @[ IoU=0.50:0.95 | area=   all | maxDets= 10 ] = 0.323
 Average Recall     (AR) @[ IoU=0.50:0.95 | area=   all | maxDets=100 ] = 0.325
 Average Recall     (AR) @[ IoU=0.50:0.95 | area= small | maxDets=100 ] = 0.110
 Average Recall     (AR) @[ IoU=0.50:0.95 | area=medium | maxDets=100 ] = 0.327
 Average Recall     (AR) @[ IoU=0.50:0.95 | area= large | maxDets=100 ] = 0.464
sweep 62/96: alpha=2.0, beta=1.0, threshold=0.05, top_k=20, nms=0.5
creating index...
index created!
Loading and preparing results...
DONE (t=0.01s)
creating index...
index created!
Running per image evaluation...
Evaluate annotation type *bbox*
DONE (t=0.99s).
Accumulating evaluation results...
DONE (t=0.44s).
 Average Precision  (AP) @[ IoU=0.50:0.95 | area=   all | maxDets=100 ] = 0.224
 Average Precision  (AP) @[ IoU=0.50      | area=   all | maxDets=100 ] = 0.342
 Average Precision  (AP) @[ IoU=0.75      | area=   all | maxDets=100 ] = 0.245
 Average Precision  (AP) @[ IoU=0.50:0.95 | area= small | maxDets=100 ] = 0.086
 Average Precision  (AP) @[ IoU=0.50:0.95 | area=medium | maxDets=100 ] = 0.247
 Average Precision  (AP) @[ IoU=0.50:0.95 | area= large | maxDets=100 ] = 0.292
 Average Recall     (AR) @[ IoU=0.50:0.95 | area=   all | maxDets=  1 ] = 0.236
 Average Recall     (AR) @[ IoU=0.50:0.95 | area=   all | maxDets= 10 ] = 0.326
 Average Recall     (AR) @[ IoU=0.50:0.95 | area=   all | maxDets=100 ] = 0.328
 Average Recall     (AR) @[ IoU=0.50:0.95 | area= small | maxDets=100 ] = 0.108
 Average Recall     (AR) @[ IoU=0.50:0.95 | area=medium | maxDets=100 ] = 0.331
 Average Recall     (AR) @[ IoU=0.50:0.95 | area= large | maxDets=100 ] = 0.467
sweep 63/96: alpha=2.0, beta=1.0, threshold=0.05, top_k=20, nms=0.6
creating index...
index created!
Loading and preparing results...
DONE (t=0.01s)
creating index...
index created!
Running per image evaluation...
Evaluate annotation type *bbox*
DONE (t=1.07s).
Accumulating evaluation results...
DONE (t=0.44s).
 Average Precision  (AP) @[ IoU=0.50:0.95 | area=   all | maxDets=100 ] = 0.221
 Average Precision  (AP) @[ IoU=0.50      | area=   all | maxDets=100 ] = 0.332
 Average Precision  (AP) @[ IoU=0.75      | area=   all | maxDets=100 ] = 0.245
 Average Precision  (AP) @[ IoU=0.50:0.95 | area= small | maxDets=100 ] = 0.083
 Average Precision  (AP) @[ IoU=0.50:0.95 | area=medium | maxDets=100 ] = 0.244
 Average Precision  (AP) @[ IoU=0.50:0.95 | area= large | maxDets=100 ] = 0.287
 Average Recall     (AR) @[ IoU=0.50:0.95 | area=   all | maxDets=  1 ] = 0.231
 Average Recall     (AR) @[ IoU=0.50:0.95 | area=   all | maxDets= 10 ] = 0.324
 Average Recall     (AR) @[ IoU=0.50:0.95 | area=   all | maxDets=100 ] = 0.326
 Average Recall     (AR) @[ IoU=0.50:0.95 | area= small | maxDets=100 ] = 0.102
 Average Recall     (AR) @[ IoU=0.50:0.95 | area=medium | maxDets=100 ] = 0.331
 Average Recall     (AR) @[ IoU=0.50:0.95 | area= large | maxDets=100 ] = 0.462
sweep 64/96: alpha=2.0, beta=1.0, threshold=0.05, top_k=50, nms=0.4
creating index...
index created!
Loading and preparing results...
DONE (t=0.01s)
creating index...
index created!
Running per image evaluation...
Evaluate annotation type *bbox*
DONE (t=1.48s).
Accumulating evaluation results...
DONE (t=0.55s).
 Average Precision  (AP) @[ IoU=0.50:0.95 | area=   all | maxDets=100 ] = 0.228
 Average Precision  (AP) @[ IoU=0.50      | area=   all | maxDets=100 ] = 0.356
 Average Precision  (AP) @[ IoU=0.75      | area=   all | maxDets=100 ] = 0.247
 Average Precision  (AP) @[ IoU=0.50:0.95 | area= small | maxDets=100 ] = 0.099
 Average Precision  (AP) @[ IoU=0.50:0.95 | area=medium | maxDets=100 ] = 0.253
 Average Precision  (AP) @[ IoU=0.50:0.95 | area= large | maxDets=100 ] = 0.294
 Average Recall     (AR) @[ IoU=0.50:0.95 | area=   all | maxDets=  1 ] = 0.245
 Average Recall     (AR) @[ IoU=0.50:0.95 | area=   all | maxDets= 10 ] = 0.351
 Average Recall     (AR) @[ IoU=0.50:0.95 | area=   all | maxDets=100 ] = 0.357
 Average Recall     (AR) @[ IoU=0.50:0.95 | area= small | maxDets=100 ] = 0.134
 Average Recall     (AR) @[ IoU=0.50:0.95 | area=medium | maxDets=100 ] = 0.372
 Average Recall     (AR) @[ IoU=0.50:0.95 | area= large | maxDets=100 ] = 0.496
sweep 65/96: alpha=2.0, beta=1.0, threshold=0.05, top_k=50, nms=0.5
creating index...
index created!
Loading and preparing results...
DONE (t=0.10s)
creating index...
index created!
Running per image evaluation...
Evaluate annotation type *bbox*
DONE (t=1.53s).
Accumulating evaluation results...
DONE (t=0.56s).
 Average Precision  (AP) @[ IoU=0.50:0.95 | area=   all | maxDets=100 ] = 0.229
 Average Precision  (AP) @[ IoU=0.50      | area=   all | maxDets=100 ] = 0.353
 Average Precision  (AP) @[ IoU=0.75      | area=   all | maxDets=100 ] = 0.248
 Average Precision  (AP) @[ IoU=0.50:0.95 | area= small | maxDets=100 ] = 0.099
 Average Precision  (AP) @[ IoU=0.50:0.95 | area=medium | maxDets=100 ] = 0.255
 Average Precision  (AP) @[ IoU=0.50:0.95 | area= large | maxDets=100 ] = 0.295
 Average Recall     (AR) @[ IoU=0.50:0.95 | area=   all | maxDets=  1 ] = 0.243
 Average Recall     (AR) @[ IoU=0.50:0.95 | area=   all | maxDets= 10 ] = 0.355
 Average Recall     (AR) @[ IoU=0.50:0.95 | area=   all | maxDets=100 ] = 0.363
 Average Recall     (AR) @[ IoU=0.50:0.95 | area= small | maxDets=100 ] = 0.135
 Average Recall     (AR) @[ IoU=0.50:0.95 | area=medium | maxDets=100 ] = 0.378
 Average Recall     (AR) @[ IoU=0.50:0.95 | area= large | maxDets=100 ] = 0.508
sweep 66/96: alpha=2.0, beta=1.0, threshold=0.05, top_k=50, nms=0.6
creating index...
index created!
Loading and preparing results...
DONE (t=0.02s)
creating index...
index created!
Running per image evaluation...
Evaluate annotation type *bbox*
DONE (t=1.57s).
Accumulating evaluation results...
DONE (t=0.56s).
 Average Precision  (AP) @[ IoU=0.50:0.95 | area=   all | maxDets=100 ] = 0.228
 Average Precision  (AP) @[ IoU=0.50      | area=   all | maxDets=100 ] = 0.345
 Average Precision  (AP) @[ IoU=0.75      | area=   all | maxDets=100 ] = 0.251
 Average Precision  (AP) @[ IoU=0.50:0.95 | area= small | maxDets=100 ] = 0.099
 Average Precision  (AP) @[ IoU=0.50:0.95 | area=medium | maxDets=100 ] = 0.257
 Average Precision  (AP) @[ IoU=0.50:0.95 | area= large | maxDets=100 ] = 0.291
 Average Recall     (AR) @[ IoU=0.50:0.95 | area=   all | maxDets=  1 ] = 0.243
 Average Recall     (AR) @[ IoU=0.50:0.95 | area=   all | maxDets= 10 ] = 0.362
 Average Recall     (AR) @[ IoU=0.50:0.95 | area=   all | maxDets=100 ] = 0.371
 Average Recall     (AR) @[ IoU=0.50:0.95 | area= small | maxDets=100 ] = 0.136
 Average Recall     (AR) @[ IoU=0.50:0.95 | area=medium | maxDets=100 ] = 0.389
 Average Recall     (AR) @[ IoU=0.50:0.95 | area= large | maxDets=100 ] = 0.524
sweep 67/96: alpha=2.0, beta=1.0, threshold=0.05, top_k=100, nms=0.4
creating index...
index created!
Loading and preparing results...
DONE (t=0.02s)
creating index...
index created!
Running per image evaluation...
Evaluate annotation type *bbox*
DONE (t=1.80s).
Accumulating evaluation results...
DONE (t=0.60s).
 Average Precision  (AP) @[ IoU=0.50:0.95 | area=   all | maxDets=100 ] = 0.230
 Average Precision  (AP) @[ IoU=0.50      | area=   all | maxDets=100 ] = 0.359
 Average Precision  (AP) @[ IoU=0.75      | area=   all | maxDets=100 ] = 0.248
 Average Precision  (AP) @[ IoU=0.50:0.95 | area= small | maxDets=100 ] = 0.101
 Average Precision  (AP) @[ IoU=0.50:0.95 | area=medium | maxDets=100 ] = 0.254
 Average Precision  (AP) @[ IoU=0.50:0.95 | area= large | maxDets=100 ] = 0.294
 Average Recall     (AR) @[ IoU=0.50:0.95 | area=   all | maxDets=  1 ] = 0.248
 Average Recall     (AR) @[ IoU=0.50:0.95 | area=   all | maxDets= 10 ] = 0.359
 Average Recall     (AR) @[ IoU=0.50:0.95 | area=   all | maxDets=100 ] = 0.367
 Average Recall     (AR) @[ IoU=0.50:0.95 | area= small | maxDets=100 ] = 0.143
 Average Recall     (AR) @[ IoU=0.50:0.95 | area=medium | maxDets=100 ] = 0.388
 Average Recall     (AR) @[ IoU=0.50:0.95 | area= large | maxDets=100 ] = 0.503
sweep 68/96: alpha=2.0, beta=1.0, threshold=0.05, top_k=100, nms=0.5
creating index...
index created!
Loading and preparing results...
DONE (t=0.11s)
creating index...
index created!
Running per image evaluation...
Evaluate annotation type *bbox*
DONE (t=1.92s).
Accumulating evaluation results...
DONE (t=0.62s).
 Average Precision  (AP) @[ IoU=0.50:0.95 | area=   all | maxDets=100 ] = 0.231
 Average Precision  (AP) @[ IoU=0.50      | area=   all | maxDets=100 ] = 0.358
 Average Precision  (AP) @[ IoU=0.75      | area=   all | maxDets=100 ] = 0.250
 Average Precision  (AP) @[ IoU=0.50:0.95 | area= small | maxDets=100 ] = 0.102
 Average Precision  (AP) @[ IoU=0.50:0.95 | area=medium | maxDets=100 ] = 0.257
 Average Precision  (AP) @[ IoU=0.50:0.95 | area= large | maxDets=100 ] = 0.296
 Average Recall     (AR) @[ IoU=0.50:0.95 | area=   all | maxDets=  1 ] = 0.248
 Average Recall     (AR) @[ IoU=0.50:0.95 | area=   all | maxDets= 10 ] = 0.368
 Average Recall     (AR) @[ IoU=0.50:0.95 | area=   all | maxDets=100 ] = 0.379
 Average Recall     (AR) @[ IoU=0.50:0.95 | area= small | maxDets=100 ] = 0.148
 Average Recall     (AR) @[ IoU=0.50:0.95 | area=medium | maxDets=100 ] = 0.398
 Average Recall     (AR) @[ IoU=0.50:0.95 | area= large | maxDets=100 ] = 0.520
sweep 69/96: alpha=2.0, beta=1.0, threshold=0.05, top_k=100, nms=0.6
creating index...
index created!
Loading and preparing results...
DONE (t=0.02s)
creating index...
index created!
Running per image evaluation...
Evaluate annotation type *bbox*
DONE (t=2.04s).
Accumulating evaluation results...
DONE (t=0.64s).
 Average Precision  (AP) @[ IoU=0.50:0.95 | area=   all | maxDets=100 ] = 0.229
 Average Precision  (AP) @[ IoU=0.50      | area=   all | maxDets=100 ] = 0.349
 Average Precision  (AP) @[ IoU=0.75      | area=   all | maxDets=100 ] = 0.252
 Average Precision  (AP) @[ IoU=0.50:0.95 | area= small | maxDets=100 ] = 0.102
 Average Precision  (AP) @[ IoU=0.50:0.95 | area=medium | maxDets=100 ] = 0.259
 Average Precision  (AP) @[ IoU=0.50:0.95 | area= large | maxDets=100 ] = 0.292
 Average Recall     (AR) @[ IoU=0.50:0.95 | area=   all | maxDets=  1 ] = 0.246
 Average Recall     (AR) @[ IoU=0.50:0.95 | area=   all | maxDets= 10 ] = 0.374
 Average Recall     (AR) @[ IoU=0.50:0.95 | area=   all | maxDets=100 ] = 0.389
 Average Recall     (AR) @[ IoU=0.50:0.95 | area= small | maxDets=100 ] = 0.150
 Average Recall     (AR) @[ IoU=0.50:0.95 | area=medium | maxDets=100 ] = 0.415
 Average Recall     (AR) @[ IoU=0.50:0.95 | area= large | maxDets=100 ] = 0.537
sweep 70/96: alpha=2.0, beta=1.0, threshold=0.05, top_k=200, nms=0.4
creating index...
index created!
Loading and preparing results...
DONE (t=0.02s)
creating index...
index created!
Running per image evaluation...
Evaluate annotation type *bbox*
DONE (t=1.85s).
Accumulating evaluation results...
DONE (t=0.60s).
 Average Precision  (AP) @[ IoU=0.50:0.95 | area=   all | maxDets=100 ] = 0.230
 Average Precision  (AP) @[ IoU=0.50      | area=   all | maxDets=100 ] = 0.360
 Average Precision  (AP) @[ IoU=0.75      | area=   all | maxDets=100 ] = 0.248
 Average Precision  (AP) @[ IoU=0.50:0.95 | area= small | maxDets=100 ] = 0.101
 Average Precision  (AP) @[ IoU=0.50:0.95 | area=medium | maxDets=100 ] = 0.255
 Average Precision  (AP) @[ IoU=0.50:0.95 | area= large | maxDets=100 ] = 0.294
 Average Recall     (AR) @[ IoU=0.50:0.95 | area=   all | maxDets=  1 ] = 0.248
 Average Recall     (AR) @[ IoU=0.50:0.95 | area=   all | maxDets= 10 ] = 0.360
 Average Recall     (AR) @[ IoU=0.50:0.95 | area=   all | maxDets=100 ] = 0.370
 Average Recall     (AR) @[ IoU=0.50:0.95 | area= small | maxDets=100 ] = 0.145
 Average Recall     (AR) @[ IoU=0.50:0.95 | area=medium | maxDets=100 ] = 0.393
 Average Recall     (AR) @[ IoU=0.50:0.95 | area= large | maxDets=100 ] = 0.503
sweep 71/96: alpha=2.0, beta=1.0, threshold=0.05, top_k=200, nms=0.5
creating index...
index created!
Loading and preparing results...
DONE (t=0.12s)
creating index...
index created!
Running per image evaluation...
Evaluate annotation type *bbox*
DONE (t=2.10s).
Accumulating evaluation results...
DONE (t=0.64s).
 Average Precision  (AP) @[ IoU=0.50:0.95 | area=   all | maxDets=100 ] = 0.231
 Average Precision  (AP) @[ IoU=0.50      | area=   all | maxDets=100 ] = 0.358
 Average Precision  (AP) @[ IoU=0.75      | area=   all | maxDets=100 ] = 0.250
 Average Precision  (AP) @[ IoU=0.50:0.95 | area= small | maxDets=100 ] = 0.103
 Average Precision  (AP) @[ IoU=0.50:0.95 | area=medium | maxDets=100 ] = 0.258
 Average Precision  (AP) @[ IoU=0.50:0.95 | area= large | maxDets=100 ] = 0.296
 Average Recall     (AR) @[ IoU=0.50:0.95 | area=   all | maxDets=  1 ] = 0.248
 Average Recall     (AR) @[ IoU=0.50:0.95 | area=   all | maxDets= 10 ] = 0.369
 Average Recall     (AR) @[ IoU=0.50:0.95 | area=   all | maxDets=100 ] = 0.382
 Average Recall     (AR) @[ IoU=0.50:0.95 | area= small | maxDets=100 ] = 0.153
 Average Recall     (AR) @[ IoU=0.50:0.95 | area=medium | maxDets=100 ] = 0.406
 Average Recall     (AR) @[ IoU=0.50:0.95 | area= large | maxDets=100 ] = 0.520
sweep 72/96: alpha=2.0, beta=1.0, threshold=0.05, top_k=200, nms=0.6
creating index...
index created!
Loading and preparing results...
DONE (t=0.12s)
creating index...
index created!
Running per image evaluation...
Evaluate annotation type *bbox*
DONE (t=2.35s).
Accumulating evaluation results...
DONE (t=0.68s).
 Average Precision  (AP) @[ IoU=0.50:0.95 | area=   all | maxDets=100 ] = 0.230
 Average Precision  (AP) @[ IoU=0.50      | area=   all | maxDets=100 ] = 0.350
 Average Precision  (AP) @[ IoU=0.75      | area=   all | maxDets=100 ] = 0.252
 Average Precision  (AP) @[ IoU=0.50:0.95 | area= small | maxDets=100 ] = 0.103
 Average Precision  (AP) @[ IoU=0.50:0.95 | area=medium | maxDets=100 ] = 0.260
 Average Precision  (AP) @[ IoU=0.50:0.95 | area= large | maxDets=100 ] = 0.292
 Average Recall     (AR) @[ IoU=0.50:0.95 | area=   all | maxDets=  1 ] = 0.248
 Average Recall     (AR) @[ IoU=0.50:0.95 | area=   all | maxDets= 10 ] = 0.380
 Average Recall     (AR) @[ IoU=0.50:0.95 | area=   all | maxDets=100 ] = 0.398
 Average Recall     (AR) @[ IoU=0.50:0.95 | area= small | maxDets=100 ] = 0.159
 Average Recall     (AR) @[ IoU=0.50:0.95 | area=medium | maxDets=100 ] = 0.428
 Average Recall     (AR) @[ IoU=0.50:0.95 | area= large | maxDets=100 ] = 0.539
sweep 73/96: alpha=2.0, beta=1.0, threshold=0.1, top_k=20, nms=0.4
creating index...
index created!
Loading and preparing results...
DONE (t=0.01s)
creating index...
index created!
Running per image evaluation...
Evaluate annotation type *bbox*
DONE (t=0.96s).
Accumulating evaluation results...
DONE (t=0.43s).
 Average Precision  (AP) @[ IoU=0.50:0.95 | area=   all | maxDets=100 ] = 0.223
 Average Precision  (AP) @[ IoU=0.50      | area=   all | maxDets=100 ] = 0.343
 Average Precision  (AP) @[ IoU=0.75      | area=   all | maxDets=100 ] = 0.243
 Average Precision  (AP) @[ IoU=0.50:0.95 | area= small | maxDets=100 ] = 0.087
 Average Precision  (AP) @[ IoU=0.50:0.95 | area=medium | maxDets=100 ] = 0.245
 Average Precision  (AP) @[ IoU=0.50:0.95 | area= large | maxDets=100 ] = 0.290
 Average Recall     (AR) @[ IoU=0.50:0.95 | area=   all | maxDets=  1 ] = 0.235
 Average Recall     (AR) @[ IoU=0.50:0.95 | area=   all | maxDets= 10 ] = 0.320
 Average Recall     (AR) @[ IoU=0.50:0.95 | area=   all | maxDets=100 ] = 0.321
 Average Recall     (AR) @[ IoU=0.50:0.95 | area= small | maxDets=100 ] = 0.108
 Average Recall     (AR) @[ IoU=0.50:0.95 | area=medium | maxDets=100 ] = 0.325
 Average Recall     (AR) @[ IoU=0.50:0.95 | area= large | maxDets=100 ] = 0.455
sweep 74/96: alpha=2.0, beta=1.0, threshold=0.1, top_k=20, nms=0.5
creating index...
index created!
Loading and preparing results...
DONE (t=0.01s)
creating index...
index created!
Running per image evaluation...
Evaluate annotation type *bbox*
DONE (t=1.04s).
Accumulating evaluation results...
DONE (t=0.43s).
 Average Precision  (AP) @[ IoU=0.50:0.95 | area=   all | maxDets=100 ] = 0.223
 Average Precision  (AP) @[ IoU=0.50      | area=   all | maxDets=100 ] = 0.341
 Average Precision  (AP) @[ IoU=0.75      | area=   all | maxDets=100 ] = 0.244
 Average Precision  (AP) @[ IoU=0.50:0.95 | area= small | maxDets=100 ] = 0.086
 Average Precision  (AP) @[ IoU=0.50:0.95 | area=medium | maxDets=100 ] = 0.246
 Average Precision  (AP) @[ IoU=0.50:0.95 | area= large | maxDets=100 ] = 0.291
 Average Recall     (AR) @[ IoU=0.50:0.95 | area=   all | maxDets=  1 ] = 0.234
 Average Recall     (AR) @[ IoU=0.50:0.95 | area=   all | maxDets= 10 ] = 0.323
 Average Recall     (AR) @[ IoU=0.50:0.95 | area=   all | maxDets=100 ] = 0.324
 Average Recall     (AR) @[ IoU=0.50:0.95 | area= small | maxDets=100 ] = 0.107
 Average Recall     (AR) @[ IoU=0.50:0.95 | area=medium | maxDets=100 ] = 0.329
 Average Recall     (AR) @[ IoU=0.50:0.95 | area= large | maxDets=100 ] = 0.458
sweep 75/96: alpha=2.0, beta=1.0, threshold=0.1, top_k=20, nms=0.6
creating index...
index created!
Loading and preparing results...
DONE (t=0.01s)
creating index...
index created!
Running per image evaluation...
Evaluate annotation type *bbox*
DONE (t=1.05s).
Accumulating evaluation results...
DONE (t=0.42s).
 Average Precision  (AP) @[ IoU=0.50:0.95 | area=   all | maxDets=100 ] = 0.221
 Average Precision  (AP) @[ IoU=0.50      | area=   all | maxDets=100 ] = 0.331
 Average Precision  (AP) @[ IoU=0.75      | area=   all | maxDets=100 ] = 0.245
 Average Precision  (AP) @[ IoU=0.50:0.95 | area= small | maxDets=100 ] = 0.083
 Average Precision  (AP) @[ IoU=0.50:0.95 | area=medium | maxDets=100 ] = 0.244
 Average Precision  (AP) @[ IoU=0.50:0.95 | area= large | maxDets=100 ] = 0.287
 Average Recall     (AR) @[ IoU=0.50:0.95 | area=   all | maxDets=  1 ] = 0.231
 Average Recall     (AR) @[ IoU=0.50:0.95 | area=   all | maxDets= 10 ] = 0.323
 Average Recall     (AR) @[ IoU=0.50:0.95 | area=   all | maxDets=100 ] = 0.326
 Average Recall     (AR) @[ IoU=0.50:0.95 | area= small | maxDets=100 ] = 0.102
 Average Recall     (AR) @[ IoU=0.50:0.95 | area=medium | maxDets=100 ] = 0.331
 Average Recall     (AR) @[ IoU=0.50:0.95 | area= large | maxDets=100 ] = 0.461
sweep 76/96: alpha=2.0, beta=1.0, threshold=0.1, top_k=50, nms=0.4
creating index...
index created!
Loading and preparing results...
DONE (t=0.01s)
creating index...
index created!
Running per image evaluation...
Evaluate annotation type *bbox*
DONE (t=1.32s).
Accumulating evaluation results...
DONE (t=0.49s).
 Average Precision  (AP) @[ IoU=0.50:0.95 | area=   all | maxDets=100 ] = 0.227
 Average Precision  (AP) @[ IoU=0.50      | area=   all | maxDets=100 ] = 0.354
 Average Precision  (AP) @[ IoU=0.75      | area=   all | maxDets=100 ] = 0.246
 Average Precision  (AP) @[ IoU=0.50:0.95 | area= small | maxDets=100 ] = 0.097
 Average Precision  (AP) @[ IoU=0.50:0.95 | area=medium | maxDets=100 ] = 0.252
 Average Precision  (AP) @[ IoU=0.50:0.95 | area= large | maxDets=100 ] = 0.292
 Average Recall     (AR) @[ IoU=0.50:0.95 | area=   all | maxDets=  1 ] = 0.240
 Average Recall     (AR) @[ IoU=0.50:0.95 | area=   all | maxDets= 10 ] = 0.340
 Average Recall     (AR) @[ IoU=0.50:0.95 | area=   all | maxDets=100 ] = 0.346
 Average Recall     (AR) @[ IoU=0.50:0.95 | area= small | maxDets=100 ] = 0.127
 Average Recall     (AR) @[ IoU=0.50:0.95 | area=medium | maxDets=100 ] = 0.357
 Average Recall     (AR) @[ IoU=0.50:0.95 | area= large | maxDets=100 ] = 0.477
sweep 77/96: alpha=2.0, beta=1.0, threshold=0.1, top_k=50, nms=0.5
creating index...
index created!
Loading and preparing results...
DONE (t=0.01s)
creating index...
index created!
Running per image evaluation...
Evaluate annotation type *bbox*
DONE (t=1.36s).
Accumulating evaluation results...
DONE (t=0.49s).
 Average Precision  (AP) @[ IoU=0.50:0.95 | area=   all | maxDets=100 ] = 0.228
 Average Precision  (AP) @[ IoU=0.50      | area=   all | maxDets=100 ] = 0.351
 Average Precision  (AP) @[ IoU=0.75      | area=   all | maxDets=100 ] = 0.248
 Average Precision  (AP) @[ IoU=0.50:0.95 | area= small | maxDets=100 ] = 0.097
 Average Precision  (AP) @[ IoU=0.50:0.95 | area=medium | maxDets=100 ] = 0.254
 Average Precision  (AP) @[ IoU=0.50:0.95 | area= large | maxDets=100 ] = 0.294
 Average Recall     (AR) @[ IoU=0.50:0.95 | area=   all | maxDets=  1 ] = 0.239
 Average Recall     (AR) @[ IoU=0.50:0.95 | area=   all | maxDets= 10 ] = 0.346
 Average Recall     (AR) @[ IoU=0.50:0.95 | area=   all | maxDets=100 ] = 0.353
 Average Recall     (AR) @[ IoU=0.50:0.95 | area= small | maxDets=100 ] = 0.127
 Average Recall     (AR) @[ IoU=0.50:0.95 | area=medium | maxDets=100 ] = 0.366
 Average Recall     (AR) @[ IoU=0.50:0.95 | area= large | maxDets=100 ] = 0.490
sweep 78/96: alpha=2.0, beta=1.0, threshold=0.1, top_k=50, nms=0.6
creating index...
index created!
Loading and preparing results...
DONE (t=0.10s)
creating index...
index created!
Running per image evaluation...
Evaluate annotation type *bbox*
DONE (t=1.44s).
Accumulating evaluation results...
DONE (t=0.51s).
 Average Precision  (AP) @[ IoU=0.50:0.95 | area=   all | maxDets=100 ] = 0.227
 Average Precision  (AP) @[ IoU=0.50      | area=   all | maxDets=100 ] = 0.344
 Average Precision  (AP) @[ IoU=0.75      | area=   all | maxDets=100 ] = 0.250
 Average Precision  (AP) @[ IoU=0.50:0.95 | area= small | maxDets=100 ] = 0.097
 Average Precision  (AP) @[ IoU=0.50:0.95 | area=medium | maxDets=100 ] = 0.256
 Average Precision  (AP) @[ IoU=0.50:0.95 | area= large | maxDets=100 ] = 0.290
 Average Recall     (AR) @[ IoU=0.50:0.95 | area=   all | maxDets=  1 ] = 0.239
 Average Recall     (AR) @[ IoU=0.50:0.95 | area=   all | maxDets= 10 ] = 0.354
 Average Recall     (AR) @[ IoU=0.50:0.95 | area=   all | maxDets=100 ] = 0.363
 Average Recall     (AR) @[ IoU=0.50:0.95 | area= small | maxDets=100 ] = 0.130
 Average Recall     (AR) @[ IoU=0.50:0.95 | area=medium | maxDets=100 ] = 0.379
 Average Recall     (AR) @[ IoU=0.50:0.95 | area= large | maxDets=100 ] = 0.499
sweep 79/96: alpha=2.0, beta=1.0, threshold=0.1, top_k=100, nms=0.4
creating index...
index created!
Loading and preparing results...
DONE (t=0.01s)
creating index...
index created!
Running per image evaluation...
Evaluate annotation type *bbox*
DONE (t=1.45s).
Accumulating evaluation results...
DONE (t=0.50s).
 Average Precision  (AP) @[ IoU=0.50:0.95 | area=   all | maxDets=100 ] = 0.228
 Average Precision  (AP) @[ IoU=0.50      | area=   all | maxDets=100 ] = 0.356
 Average Precision  (AP) @[ IoU=0.75      | area=   all | maxDets=100 ] = 0.247
 Average Precision  (AP) @[ IoU=0.50:0.95 | area= small | maxDets=100 ] = 0.098
 Average Precision  (AP) @[ IoU=0.50:0.95 | area=medium | maxDets=100 ] = 0.252
 Average Precision  (AP) @[ IoU=0.50:0.95 | area= large | maxDets=100 ] = 0.292
 Average Recall     (AR) @[ IoU=0.50:0.95 | area=   all | maxDets=  1 ] = 0.242
 Average Recall     (AR) @[ IoU=0.50:0.95 | area=   all | maxDets= 10 ] = 0.345
 Average Recall     (AR) @[ IoU=0.50:0.95 | area=   all | maxDets=100 ] = 0.352
 Average Recall     (AR) @[ IoU=0.50:0.95 | area= small | maxDets=100 ] = 0.130
 Average Recall     (AR) @[ IoU=0.50:0.95 | area=medium | maxDets=100 ] = 0.365
 Average Recall     (AR) @[ IoU=0.50:0.95 | area= large | maxDets=100 ] = 0.481
sweep 80/96: alpha=2.0, beta=1.0, threshold=0.1, top_k=100, nms=0.5
creating index...
index created!
Loading and preparing results...
DONE (t=0.01s)
creating index...
index created!
Running per image evaluation...
Evaluate annotation type *bbox*
DONE (t=1.59s).
Accumulating evaluation results...
DONE (t=0.52s).
 Average Precision  (AP) @[ IoU=0.50:0.95 | area=   all | maxDets=100 ] = 0.229
 Average Precision  (AP) @[ IoU=0.50      | area=   all | maxDets=100 ] = 0.354
 Average Precision  (AP) @[ IoU=0.75      | area=   all | maxDets=100 ] = 0.249
 Average Precision  (AP) @[ IoU=0.50:0.95 | area= small | maxDets=100 ] = 0.099
 Average Precision  (AP) @[ IoU=0.50:0.95 | area=medium | maxDets=100 ] = 0.255
 Average Precision  (AP) @[ IoU=0.50:0.95 | area= large | maxDets=100 ] = 0.294
 Average Recall     (AR) @[ IoU=0.50:0.95 | area=   all | maxDets=  1 ] = 0.242
 Average Recall     (AR) @[ IoU=0.50:0.95 | area=   all | maxDets= 10 ] = 0.352
 Average Recall     (AR) @[ IoU=0.50:0.95 | area=   all | maxDets=100 ] = 0.362
 Average Recall     (AR) @[ IoU=0.50:0.95 | area= small | maxDets=100 ] = 0.134
 Average Recall     (AR) @[ IoU=0.50:0.95 | area=medium | maxDets=100 ] = 0.377
 Average Recall     (AR) @[ IoU=0.50:0.95 | area= large | maxDets=100 ] = 0.496
sweep 81/96: alpha=2.0, beta=1.0, threshold=0.1, top_k=100, nms=0.6
creating index...
index created!
Loading and preparing results...
DONE (t=0.02s)
creating index...
index created!
Running per image evaluation...
Evaluate annotation type *bbox*
DONE (t=1.72s).
Accumulating evaluation results...
DONE (t=0.54s).
 Average Precision  (AP) @[ IoU=0.50:0.95 | area=   all | maxDets=100 ] = 0.228
 Average Precision  (AP) @[ IoU=0.50      | area=   all | maxDets=100 ] = 0.347
 Average Precision  (AP) @[ IoU=0.75      | area=   all | maxDets=100 ] = 0.251
 Average Precision  (AP) @[ IoU=0.50:0.95 | area= small | maxDets=100 ] = 0.099
 Average Precision  (AP) @[ IoU=0.50:0.95 | area=medium | maxDets=100 ] = 0.258
 Average Precision  (AP) @[ IoU=0.50:0.95 | area= large | maxDets=100 ] = 0.290
 Average Recall     (AR) @[ IoU=0.50:0.95 | area=   all | maxDets=  1 ] = 0.241
 Average Recall     (AR) @[ IoU=0.50:0.95 | area=   all | maxDets= 10 ] = 0.361
 Average Recall     (AR) @[ IoU=0.50:0.95 | area=   all | maxDets=100 ] = 0.374
 Average Recall     (AR) @[ IoU=0.50:0.95 | area= small | maxDets=100 ] = 0.138
 Average Recall     (AR) @[ IoU=0.50:0.95 | area=medium | maxDets=100 ] = 0.395
 Average Recall     (AR) @[ IoU=0.50:0.95 | area= large | maxDets=100 ] = 0.508
sweep 82/96: alpha=2.0, beta=1.0, threshold=0.1, top_k=200, nms=0.4
creating index...
index created!
Loading and preparing results...
DONE (t=0.01s)
creating index...
index created!
Running per image evaluation...
Evaluate annotation type *bbox*
DONE (t=1.45s).
Accumulating evaluation results...
DONE (t=0.50s).
 Average Precision  (AP) @[ IoU=0.50:0.95 | area=   all | maxDets=100 ] = 0.228
 Average Precision  (AP) @[ IoU=0.50      | area=   all | maxDets=100 ] = 0.356
 Average Precision  (AP) @[ IoU=0.75      | area=   all | maxDets=100 ] = 0.247
 Average Precision  (AP) @[ IoU=0.50:0.95 | area= small | maxDets=100 ] = 0.099
 Average Precision  (AP) @[ IoU=0.50:0.95 | area=medium | maxDets=100 ] = 0.252
 Average Precision  (AP) @[ IoU=0.50:0.95 | area= large | maxDets=100 ] = 0.292
 Average Recall     (AR) @[ IoU=0.50:0.95 | area=   all | maxDets=  1 ] = 0.242
 Average Recall     (AR) @[ IoU=0.50:0.95 | area=   all | maxDets= 10 ] = 0.345
 Average Recall     (AR) @[ IoU=0.50:0.95 | area=   all | maxDets=100 ] = 0.352
 Average Recall     (AR) @[ IoU=0.50:0.95 | area= small | maxDets=100 ] = 0.131
 Average Recall     (AR) @[ IoU=0.50:0.95 | area=medium | maxDets=100 ] = 0.365
 Average Recall     (AR) @[ IoU=0.50:0.95 | area= large | maxDets=100 ] = 0.481
sweep 83/96: alpha=2.0, beta=1.0, threshold=0.1, top_k=200, nms=0.5
creating index...
index created!
Loading and preparing results...
DONE (t=0.01s)
creating index...
index created!
Running per image evaluation...
Evaluate annotation type *bbox*
DONE (t=1.61s).
Accumulating evaluation results...
DONE (t=0.52s).
 Average Precision  (AP) @[ IoU=0.50:0.95 | area=   all | maxDets=100 ] = 0.229
 Average Precision  (AP) @[ IoU=0.50      | area=   all | maxDets=100 ] = 0.355
 Average Precision  (AP) @[ IoU=0.75      | area=   all | maxDets=100 ] = 0.249
 Average Precision  (AP) @[ IoU=0.50:0.95 | area= small | maxDets=100 ] = 0.100
 Average Precision  (AP) @[ IoU=0.50:0.95 | area=medium | maxDets=100 ] = 0.255
 Average Precision  (AP) @[ IoU=0.50:0.95 | area= large | maxDets=100 ] = 0.294
 Average Recall     (AR) @[ IoU=0.50:0.95 | area=   all | maxDets=  1 ] = 0.242
 Average Recall     (AR) @[ IoU=0.50:0.95 | area=   all | maxDets= 10 ] = 0.352
 Average Recall     (AR) @[ IoU=0.50:0.95 | area=   all | maxDets=100 ] = 0.363
 Average Recall     (AR) @[ IoU=0.50:0.95 | area= small | maxDets=100 ] = 0.136
 Average Recall     (AR) @[ IoU=0.50:0.95 | area=medium | maxDets=100 ] = 0.378
 Average Recall     (AR) @[ IoU=0.50:0.95 | area= large | maxDets=100 ] = 0.496
sweep 84/96: alpha=2.0, beta=1.0, threshold=0.1, top_k=200, nms=0.6
creating index...
index created!
Loading and preparing results...
DONE (t=0.11s)
creating index...
index created!
Running per image evaluation...
Evaluate annotation type *bbox*
DONE (t=1.85s).
Accumulating evaluation results...
DONE (t=0.55s).
 Average Precision  (AP) @[ IoU=0.50:0.95 | area=   all | maxDets=100 ] = 0.228
 Average Precision  (AP) @[ IoU=0.50      | area=   all | maxDets=100 ] = 0.347
 Average Precision  (AP) @[ IoU=0.75      | area=   all | maxDets=100 ] = 0.251
 Average Precision  (AP) @[ IoU=0.50:0.95 | area= small | maxDets=100 ] = 0.100
 Average Precision  (AP) @[ IoU=0.50:0.95 | area=medium | maxDets=100 ] = 0.258
 Average Precision  (AP) @[ IoU=0.50:0.95 | area= large | maxDets=100 ] = 0.291
 Average Recall     (AR) @[ IoU=0.50:0.95 | area=   all | maxDets=  1 ] = 0.242
 Average Recall     (AR) @[ IoU=0.50:0.95 | area=   all | maxDets= 10 ] = 0.363
 Average Recall     (AR) @[ IoU=0.50:0.95 | area=   all | maxDets=100 ] = 0.377
 Average Recall     (AR) @[ IoU=0.50:0.95 | area= small | maxDets=100 ] = 0.142
 Average Recall     (AR) @[ IoU=0.50:0.95 | area=medium | maxDets=100 ] = 0.398
 Average Recall     (AR) @[ IoU=0.50:0.95 | area= large | maxDets=100 ] = 0.509
sweep 85/96: alpha=2.0, beta=1.0, threshold=0.2, top_k=20, nms=0.4
creating index...
index created!
Loading and preparing results...
DONE (t=0.01s)
creating index...
index created!
Running per image evaluation...
Evaluate annotation type *bbox*
DONE (t=0.84s).
Accumulating evaluation results...
DONE (t=0.38s).
 Average Precision  (AP) @[ IoU=0.50:0.95 | area=   all | maxDets=100 ] = 0.220
 Average Precision  (AP) @[ IoU=0.50      | area=   all | maxDets=100 ] = 0.337
 Average Precision  (AP) @[ IoU=0.75      | area=   all | maxDets=100 ] = 0.241
 Average Precision  (AP) @[ IoU=0.50:0.95 | area= small | maxDets=100 ] = 0.084
 Average Precision  (AP) @[ IoU=0.50:0.95 | area=medium | maxDets=100 ] = 0.240
 Average Precision  (AP) @[ IoU=0.50:0.95 | area= large | maxDets=100 ] = 0.287
 Average Recall     (AR) @[ IoU=0.50:0.95 | area=   all | maxDets=  1 ] = 0.230
 Average Recall     (AR) @[ IoU=0.50:0.95 | area=   all | maxDets= 10 ] = 0.307
 Average Recall     (AR) @[ IoU=0.50:0.95 | area=   all | maxDets=100 ] = 0.308
 Average Recall     (AR) @[ IoU=0.50:0.95 | area= small | maxDets=100 ] = 0.098
 Average Recall     (AR) @[ IoU=0.50:0.95 | area=medium | maxDets=100 ] = 0.310
 Average Recall     (AR) @[ IoU=0.50:0.95 | area= large | maxDets=100 ] = 0.434
sweep 86/96: alpha=2.0, beta=1.0, threshold=0.2, top_k=20, nms=0.5
creating index...
index created!
Loading and preparing results...
DONE (t=0.01s)
creating index...
index created!
Running per image evaluation...
Evaluate annotation type *bbox*
DONE (t=0.93s).
Accumulating evaluation results...
DONE (t=0.39s).
 Average Precision  (AP) @[ IoU=0.50:0.95 | area=   all | maxDets=100 ] = 0.221
 Average Precision  (AP) @[ IoU=0.50      | area=   all | maxDets=100 ] = 0.336
 Average Precision  (AP) @[ IoU=0.75      | area=   all | maxDets=100 ] = 0.242
 Average Precision  (AP) @[ IoU=0.50:0.95 | area= small | maxDets=100 ] = 0.083
 Average Precision  (AP) @[ IoU=0.50:0.95 | area=medium | maxDets=100 ] = 0.242
 Average Precision  (AP) @[ IoU=0.50:0.95 | area= large | maxDets=100 ] = 0.288
 Average Recall     (AR) @[ IoU=0.50:0.95 | area=   all | maxDets=  1 ] = 0.229
 Average Recall     (AR) @[ IoU=0.50:0.95 | area=   all | maxDets= 10 ] = 0.311
 Average Recall     (AR) @[ IoU=0.50:0.95 | area=   all | maxDets=100 ] = 0.312
 Average Recall     (AR) @[ IoU=0.50:0.95 | area= small | maxDets=100 ] = 0.097
 Average Recall     (AR) @[ IoU=0.50:0.95 | area=medium | maxDets=100 ] = 0.315
 Average Recall     (AR) @[ IoU=0.50:0.95 | area= large | maxDets=100 ] = 0.444
sweep 87/96: alpha=2.0, beta=1.0, threshold=0.2, top_k=20, nms=0.6
creating index...
index created!
Loading and preparing results...
DONE (t=0.01s)
creating index...
index created!
Running per image evaluation...
Evaluate annotation type *bbox*
DONE (t=0.95s).
Accumulating evaluation results...
DONE (t=0.39s).
 Average Precision  (AP) @[ IoU=0.50:0.95 | area=   all | maxDets=100 ] = 0.219
 Average Precision  (AP) @[ IoU=0.50      | area=   all | maxDets=100 ] = 0.327
 Average Precision  (AP) @[ IoU=0.75      | area=   all | maxDets=100 ] = 0.242
 Average Precision  (AP) @[ IoU=0.50:0.95 | area= small | maxDets=100 ] = 0.081
 Average Precision  (AP) @[ IoU=0.50:0.95 | area=medium | maxDets=100 ] = 0.241
 Average Precision  (AP) @[ IoU=0.50:0.95 | area= large | maxDets=100 ] = 0.284
 Average Recall     (AR) @[ IoU=0.50:0.95 | area=   all | maxDets=  1 ] = 0.227
 Average Recall     (AR) @[ IoU=0.50:0.95 | area=   all | maxDets= 10 ] = 0.312
 Average Recall     (AR) @[ IoU=0.50:0.95 | area=   all | maxDets=100 ] = 0.314
 Average Recall     (AR) @[ IoU=0.50:0.95 | area= small | maxDets=100 ] = 0.095
 Average Recall     (AR) @[ IoU=0.50:0.95 | area=medium | maxDets=100 ] = 0.318
 Average Recall     (AR) @[ IoU=0.50:0.95 | area= large | maxDets=100 ] = 0.446
sweep 88/96: alpha=2.0, beta=1.0, threshold=0.2, top_k=50, nms=0.4
creating index...
index created!
Loading and preparing results...
DONE (t=0.01s)
creating index...
index created!
Running per image evaluation...
Evaluate annotation type *bbox*
DONE (t=1.02s).
Accumulating evaluation results...
DONE (t=0.40s).
 Average Precision  (AP) @[ IoU=0.50:0.95 | area=   all | maxDets=100 ] = 0.223
 Average Precision  (AP) @[ IoU=0.50      | area=   all | maxDets=100 ] = 0.344
 Average Precision  (AP) @[ IoU=0.75      | area=   all | maxDets=100 ] = 0.243
 Average Precision  (AP) @[ IoU=0.50:0.95 | area= small | maxDets=100 ] = 0.090
 Average Precision  (AP) @[ IoU=0.50:0.95 | area=medium | maxDets=100 ] = 0.245
 Average Precision  (AP) @[ IoU=0.50:0.95 | area= large | maxDets=100 ] = 0.286
 Average Recall     (AR) @[ IoU=0.50:0.95 | area=   all | maxDets=  1 ] = 0.232
 Average Recall     (AR) @[ IoU=0.50:0.95 | area=   all | maxDets= 10 ] = 0.315
 Average Recall     (AR) @[ IoU=0.50:0.95 | area=   all | maxDets=100 ] = 0.320
 Average Recall     (AR) @[ IoU=0.50:0.95 | area= small | maxDets=100 ] = 0.107
 Average Recall     (AR) @[ IoU=0.50:0.95 | area=medium | maxDets=100 ] = 0.325
 Average Recall     (AR) @[ IoU=0.50:0.95 | area= large | maxDets=100 ] = 0.442
sweep 89/96: alpha=2.0, beta=1.0, threshold=0.2, top_k=50, nms=0.5
creating index...
index created!
Loading and preparing results...
DONE (t=0.01s)
creating index...
index created!
Running per image evaluation...
Evaluate annotation type *bbox*
DONE (t=1.08s).
Accumulating evaluation results...
DONE (t=0.41s).
 Average Precision  (AP) @[ IoU=0.50:0.95 | area=   all | maxDets=100 ] = 0.223
 Average Precision  (AP) @[ IoU=0.50      | area=   all | maxDets=100 ] = 0.342
 Average Precision  (AP) @[ IoU=0.75      | area=   all | maxDets=100 ] = 0.244
 Average Precision  (AP) @[ IoU=0.50:0.95 | area= small | maxDets=100 ] = 0.089
 Average Precision  (AP) @[ IoU=0.50:0.95 | area=medium | maxDets=100 ] = 0.248
 Average Precision  (AP) @[ IoU=0.50:0.95 | area= large | maxDets=100 ] = 0.288
 Average Recall     (AR) @[ IoU=0.50:0.95 | area=   all | maxDets=  1 ] = 0.232
 Average Recall     (AR) @[ IoU=0.50:0.95 | area=   all | maxDets= 10 ] = 0.320
 Average Recall     (AR) @[ IoU=0.50:0.95 | area=   all | maxDets=100 ] = 0.325
 Average Recall     (AR) @[ IoU=0.50:0.95 | area= small | maxDets=100 ] = 0.106
 Average Recall     (AR) @[ IoU=0.50:0.95 | area=medium | maxDets=100 ] = 0.335
 Average Recall     (AR) @[ IoU=0.50:0.95 | area= large | maxDets=100 ] = 0.453
sweep 90/96: alpha=2.0, beta=1.0, threshold=0.2, top_k=50, nms=0.6
creating index...
index created!
Loading and preparing results...
DONE (t=0.09s)
creating index...
index created!
Running per image evaluation...
Evaluate annotation type *bbox*
DONE (t=1.07s).
Accumulating evaluation results...
DONE (t=0.42s).
 Average Precision  (AP) @[ IoU=0.50:0.95 | area=   all | maxDets=100 ] = 0.223
 Average Precision  (AP) @[ IoU=0.50      | area=   all | maxDets=100 ] = 0.336
 Average Precision  (AP) @[ IoU=0.75      | area=   all | maxDets=100 ] = 0.246
 Average Precision  (AP) @[ IoU=0.50:0.95 | area= small | maxDets=100 ] = 0.089
 Average Precision  (AP) @[ IoU=0.50:0.95 | area=medium | maxDets=100 ] = 0.250
 Average Precision  (AP) @[ IoU=0.50:0.95 | area= large | maxDets=100 ] = 0.284
 Average Recall     (AR) @[ IoU=0.50:0.95 | area=   all | maxDets=  1 ] = 0.232
 Average Recall     (AR) @[ IoU=0.50:0.95 | area=   all | maxDets= 10 ] = 0.326
 Average Recall     (AR) @[ IoU=0.50:0.95 | area=   all | maxDets=100 ] = 0.333
 Average Recall     (AR) @[ IoU=0.50:0.95 | area= small | maxDets=100 ] = 0.108
 Average Recall     (AR) @[ IoU=0.50:0.95 | area=medium | maxDets=100 ] = 0.345
 Average Recall     (AR) @[ IoU=0.50:0.95 | area= large | maxDets=100 ] = 0.460
sweep 91/96: alpha=2.0, beta=1.0, threshold=0.2, top_k=100, nms=0.4
creating index...
index created!
Loading and preparing results...
DONE (t=0.09s)
creating index...
index created!
Running per image evaluation...
Evaluate annotation type *bbox*
DONE (t=1.06s).
Accumulating evaluation results...
DONE (t=0.41s).
 Average Precision  (AP) @[ IoU=0.50:0.95 | area=   all | maxDets=100 ] = 0.223
 Average Precision  (AP) @[ IoU=0.50      | area=   all | maxDets=100 ] = 0.344
 Average Precision  (AP) @[ IoU=0.75      | area=   all | maxDets=100 ] = 0.243
 Average Precision  (AP) @[ IoU=0.50:0.95 | area= small | maxDets=100 ] = 0.090
 Average Precision  (AP) @[ IoU=0.50:0.95 | area=medium | maxDets=100 ] = 0.245
 Average Precision  (AP) @[ IoU=0.50:0.95 | area= large | maxDets=100 ] = 0.286
 Average Recall     (AR) @[ IoU=0.50:0.95 | area=   all | maxDets=  1 ] = 0.233
 Average Recall     (AR) @[ IoU=0.50:0.95 | area=   all | maxDets= 10 ] = 0.315
 Average Recall     (AR) @[ IoU=0.50:0.95 | area=   all | maxDets=100 ] = 0.321
 Average Recall     (AR) @[ IoU=0.50:0.95 | area= small | maxDets=100 ] = 0.107
 Average Recall     (AR) @[ IoU=0.50:0.95 | area=medium | maxDets=100 ] = 0.327
 Average Recall     (AR) @[ IoU=0.50:0.95 | area= large | maxDets=100 ] = 0.442
sweep 92/96: alpha=2.0, beta=1.0, threshold=0.2, top_k=100, nms=0.5
creating index...
index created!
Loading and preparing results...
DONE (t=0.01s)
creating index...
index created!
Running per image evaluation...
Evaluate annotation type *bbox*
DONE (t=1.04s).
Accumulating evaluation results...
DONE (t=0.41s).
 Average Precision  (AP) @[ IoU=0.50:0.95 | area=   all | maxDets=100 ] = 0.224
 Average Precision  (AP) @[ IoU=0.50      | area=   all | maxDets=100 ] = 0.343
 Average Precision  (AP) @[ IoU=0.75      | area=   all | maxDets=100 ] = 0.244
 Average Precision  (AP) @[ IoU=0.50:0.95 | area= small | maxDets=100 ] = 0.091
 Average Precision  (AP) @[ IoU=0.50:0.95 | area=medium | maxDets=100 ] = 0.248
 Average Precision  (AP) @[ IoU=0.50:0.95 | area= large | maxDets=100 ] = 0.288
 Average Recall     (AR) @[ IoU=0.50:0.95 | area=   all | maxDets=  1 ] = 0.233
 Average Recall     (AR) @[ IoU=0.50:0.95 | area=   all | maxDets= 10 ] = 0.322
 Average Recall     (AR) @[ IoU=0.50:0.95 | area=   all | maxDets=100 ] = 0.328
 Average Recall     (AR) @[ IoU=0.50:0.95 | area= small | maxDets=100 ] = 0.109
 Average Recall     (AR) @[ IoU=0.50:0.95 | area=medium | maxDets=100 ] = 0.337
 Average Recall     (AR) @[ IoU=0.50:0.95 | area= large | maxDets=100 ] = 0.454
sweep 93/96: alpha=2.0, beta=1.0, threshold=0.2, top_k=100, nms=0.6
creating index...
index created!
Loading and preparing results...
DONE (t=0.01s)
creating index...
index created!
Running per image evaluation...
Evaluate annotation type *bbox*
DONE (t=1.27s).
Accumulating evaluation results...
DONE (t=0.43s).
 Average Precision  (AP) @[ IoU=0.50:0.95 | area=   all | maxDets=100 ] = 0.223
 Average Precision  (AP) @[ IoU=0.50      | area=   all | maxDets=100 ] = 0.337
 Average Precision  (AP) @[ IoU=0.75      | area=   all | maxDets=100 ] = 0.246
 Average Precision  (AP) @[ IoU=0.50:0.95 | area= small | maxDets=100 ] = 0.091
 Average Precision  (AP) @[ IoU=0.50:0.95 | area=medium | maxDets=100 ] = 0.250
 Average Precision  (AP) @[ IoU=0.50:0.95 | area= large | maxDets=100 ] = 0.284
 Average Recall     (AR) @[ IoU=0.50:0.95 | area=   all | maxDets=  1 ] = 0.233
 Average Recall     (AR) @[ IoU=0.50:0.95 | area=   all | maxDets= 10 ] = 0.328
 Average Recall     (AR) @[ IoU=0.50:0.95 | area=   all | maxDets=100 ] = 0.337
 Average Recall     (AR) @[ IoU=0.50:0.95 | area= small | maxDets=100 ] = 0.111
 Average Recall     (AR) @[ IoU=0.50:0.95 | area=medium | maxDets=100 ] = 0.348
 Average Recall     (AR) @[ IoU=0.50:0.95 | area= large | maxDets=100 ] = 0.461
sweep 94/96: alpha=2.0, beta=1.0, threshold=0.2, top_k=200, nms=0.4
creating index...
index created!
Loading and preparing results...
DONE (t=0.01s)
creating index...
index created!
Running per image evaluation...
Evaluate annotation type *bbox*
DONE (t=0.98s).
Accumulating evaluation results...
DONE (t=0.41s).
 Average Precision  (AP) @[ IoU=0.50:0.95 | area=   all | maxDets=100 ] = 0.223
 Average Precision  (AP) @[ IoU=0.50      | area=   all | maxDets=100 ] = 0.344
 Average Precision  (AP) @[ IoU=0.75      | area=   all | maxDets=100 ] = 0.243
 Average Precision  (AP) @[ IoU=0.50:0.95 | area= small | maxDets=100 ] = 0.090
 Average Precision  (AP) @[ IoU=0.50:0.95 | area=medium | maxDets=100 ] = 0.245
 Average Precision  (AP) @[ IoU=0.50:0.95 | area= large | maxDets=100 ] = 0.286
 Average Recall     (AR) @[ IoU=0.50:0.95 | area=   all | maxDets=  1 ] = 0.233
 Average Recall     (AR) @[ IoU=0.50:0.95 | area=   all | maxDets= 10 ] = 0.315
 Average Recall     (AR) @[ IoU=0.50:0.95 | area=   all | maxDets=100 ] = 0.321
 Average Recall     (AR) @[ IoU=0.50:0.95 | area= small | maxDets=100 ] = 0.107
 Average Recall     (AR) @[ IoU=0.50:0.95 | area=medium | maxDets=100 ] = 0.327
 Average Recall     (AR) @[ IoU=0.50:0.95 | area= large | maxDets=100 ] = 0.442
sweep 95/96: alpha=2.0, beta=1.0, threshold=0.2, top_k=200, nms=0.5
creating index...
index created!
Loading and preparing results...
DONE (t=0.10s)
creating index...
index created!
Running per image evaluation...
Evaluate annotation type *bbox*
DONE (t=1.03s).
Accumulating evaluation results...
DONE (t=0.41s).
 Average Precision  (AP) @[ IoU=0.50:0.95 | area=   all | maxDets=100 ] = 0.224
 Average Precision  (AP) @[ IoU=0.50      | area=   all | maxDets=100 ] = 0.343
 Average Precision  (AP) @[ IoU=0.75      | area=   all | maxDets=100 ] = 0.244
 Average Precision  (AP) @[ IoU=0.50:0.95 | area= small | maxDets=100 ] = 0.091
 Average Precision  (AP) @[ IoU=0.50:0.95 | area=medium | maxDets=100 ] = 0.248
 Average Precision  (AP) @[ IoU=0.50:0.95 | area= large | maxDets=100 ] = 0.288
 Average Recall     (AR) @[ IoU=0.50:0.95 | area=   all | maxDets=  1 ] = 0.233
 Average Recall     (AR) @[ IoU=0.50:0.95 | area=   all | maxDets= 10 ] = 0.322
 Average Recall     (AR) @[ IoU=0.50:0.95 | area=   all | maxDets=100 ] = 0.328
 Average Recall     (AR) @[ IoU=0.50:0.95 | area= small | maxDets=100 ] = 0.109
 Average Recall     (AR) @[ IoU=0.50:0.95 | area=medium | maxDets=100 ] = 0.337
 Average Recall     (AR) @[ IoU=0.50:0.95 | area= large | maxDets=100 ] = 0.454
sweep 96/96: alpha=2.0, beta=1.0, threshold=0.2, top_k=200, nms=0.6
creating index...
index created!
Loading and preparing results...
DONE (t=0.01s)
creating index...
index created!
Running per image evaluation...
Evaluate annotation type *bbox*
DONE (t=1.27s).
Accumulating evaluation results...
DONE (t=0.43s).
 Average Precision  (AP) @[ IoU=0.50:0.95 | area=   all | maxDets=100 ] = 0.223
 Average Precision  (AP) @[ IoU=0.50      | area=   all | maxDets=100 ] = 0.337
 Average Precision  (AP) @[ IoU=0.75      | area=   all | maxDets=100 ] = 0.246
 Average Precision  (AP) @[ IoU=0.50:0.95 | area= small | maxDets=100 ] = 0.091
 Average Precision  (AP) @[ IoU=0.50:0.95 | area=medium | maxDets=100 ] = 0.250
 Average Precision  (AP) @[ IoU=0.50:0.95 | area= large | maxDets=100 ] = 0.284
 Average Recall     (AR) @[ IoU=0.50:0.95 | area=   all | maxDets=  1 ] = 0.233
 Average Recall     (AR) @[ IoU=0.50:0.95 | area=   all | maxDets= 10 ] = 0.328
 Average Recall     (AR) @[ IoU=0.50:0.95 | area=   all | maxDets=100 ] = 0.337
 Average Recall     (AR) @[ IoU=0.50:0.95 | area= small | maxDets=100 ] = 0.111
 Average Recall     (AR) @[ IoU=0.50:0.95 | area=medium | maxDets=100 ] = 0.348
 Average Recall     (AR) @[ IoU=0.50:0.95 | area= large | maxDets=100 ] = 0.461
{
  "anchors": {
    "p4": [
      [
        0.04,
        0.055
      ],
      [
        0.075,
        0.11
      ],
      [
        0.13,
        0.18
      ]
    ],
    "p5": [
      [
        0.18,
        0.24
      ],
      [
        0.32,
        0.42
      ],
      [
        0.52,
        0.62
      ]
    ]
  },
  "box_parameterization": "yolov5",
  "checkpoint_path": "/home/lidz/YOLO/yolo_final/outputs/dual_scale_three_box_coco_only_noobj1_416_basic_aug_scale_jitter_50_ddp_20260511_225018/best.pth",
  "config_path": "/home/lidz/YOLO/yolo_final/configs/dual_scale_three_box_coco_only_noobj1_416_basic_aug_scale_jitter_50.toml",
  "device": "cuda",
  "manifest_path": "/home/lidz/YOLO/DataSet/Unified/manifests/coco2017_val.jsonl",
  "max_samples": 500,
  "metadata_path": "/home/lidz/YOLO/DataSet/Unified/metadata/class_maps.json",
  "model_name": "deep_residual_dual_scale_three_box",
  "num_boxes": 3,
  "num_combinations": 96,
  "output_shape": {
    "p4": [
      1,
      26,
      26,
      255
    ],
    "p5": [
      1,
      13,
      13,
      255
    ]
  },
  "params_total": 36531294,
  "params_trainable": 36531294,
  "results": [
    {
      "coco_ap": 0.22056835786136117,
      "coco_ap50": 0.34316869462420835,
      "coco_ap75": 0.24049045564358576,
      "coco_ap_large": 0.28387244215781327,
      "coco_ap_medium": 0.2413547682764887,
      "coco_ap_small": 0.08613171498285635,
      "coco_ar1": 0.2330154751877946,
      "coco_ar10": 0.3166934284379181,
      "coco_ar100": 0.31828387964199184,
      "coco_ar_large": 0.45368062051488445,
      "coco_ar_medium": 0.3215137115810554,
      "coco_ar_small": 0.10692381881310575,
      "nms_iou_threshold": 0.4,
      "num_predictions": 9358.0,
      "num_samples": 500.0,
      "score_alpha": 1.5,
      "score_beta": 1.0,
      "score_threshold": 0.03,
      "top_k": 20
    },
    {
      "coco_ap": 0.2206097403833714,
      "coco_ap50": 0.340033145091781,
      "coco_ap75": 0.2411034700692408,
      "coco_ap_large": 0.2847683114955194,
      "coco_ap_medium": 0.24151716142902765,
      "coco_ap_small": 0.08487334967744481,
      "coco_ar1": 0.23127670793038052,
      "coco_ar10": 0.32021169323419824,
      "coco_ar100": 0.3219812104910221,
      "coco_ar_large": 0.4549184010086302,
      "coco_ar_medium": 0.3259024913401126,
      "coco_ar_small": 0.10566253579737162,
      "nms_iou_threshold": 0.5,
      "num_predictions": 9524.0,
      "num_samples": 500.0,
      "score_alpha": 1.5,
      "score_beta": 1.0,
      "score_threshold": 0.03,
      "top_k": 20
    },
    {
      "coco_ap": 0.21769651781147537,
      "coco_ap50": 0.3290119961006593,
      "coco_ap75": 0.24182703281446846,
      "coco_ap_large": 0.2823986078452832,
      "coco_ap_medium": 0.23836298948843274,
      "coco_ap_small": 0.08163202552883625,
      "coco_ar1": 0.22827928478094786,
      "coco_ar10": 0.31890477638145304,
      "coco_ar100": 0.3217280173624868,
      "coco_ar_large": 0.45827956707820255,
      "coco_ar_medium": 0.3210071733114215,
      "coco_ar_small": 0.10097996390278403,
      "nms_iou_threshold": 0.6,
      "num_predictions": 9655.0,
      "num_samples": 500.0,
      "score_alpha": 1.5,
      "score_beta": 1.0,
      "score_threshold": 0.03,
      "top_k": 20
    },
    {
      "coco_ap": 0.22563563400724274,
      "coco_ap50": 0.35512545280316404,
      "coco_ap75": 0.2443027587109403,
      "coco_ap_large": 0.28861827707017984,
      "coco_ap_medium": 0.24876097402953806,
      "coco_ap_small": 0.09500078907753447,
      "coco_ar1": 0.24332598330677987,
      "coco_ar10": 0.34821876333658675,
      "coco_ar100": 0.3547793107267164,
      "coco_ar_large": 0.4995531419812032,
      "coco_ar_medium": 0.3682323986195262,
      "coco_ar_small": 0.12936591743851406,
      "nms_iou_threshold": 0.4,
      "num_predictions": 19966.0,
      "num_samples": 500.0,
      "score_alpha": 1.5,
      "score_beta": 1.0,
      "score_threshold": 0.03,
      "top_k": 50
    },
    {
      "coco_ap": 0.22583575922321994,
      "coco_ap50": 0.3519257504602036,
      "coco_ap75": 0.24510185020954964,
      "coco_ap_large": 0.29001417647613764,
      "coco_ap_medium": 0.2496929672783828,
      "coco_ap_small": 0.09608085744032589,
      "coco_ar1": 0.24260822211333788,
      "coco_ar10": 0.3537721038074685,
      "coco_ar100": 0.3621937547095917,
      "coco_ar_large": 0.5171730350812582,
      "coco_ar_medium": 0.3746160297804201,
      "coco_ar_small": 0.13273326206465327,
      "nms_iou_threshold": 0.5,
      "num_predictions": 21053.0,
      "num_samples": 500.0,
      "score_alpha": 1.5,
      "score_beta": 1.0,
      "score_threshold": 0.03,
      "top_k": 50
    },
    {
      "coco_ap": 0.22426373836860236,
      "coco_ap50": 0.34308477833604867,
      "coco_ap75": 0.24763944833889476,
      "coco_ap_large": 0.2861819236425925,
      "coco_ap_medium": 0.251832103606211,
      "coco_ap_small": 0.09638880212059955,
      "coco_ar1": 0.24179913866446773,
      "coco_ar10": 0.3582650944833198,
      "coco_ar100": 0.370467958506401,
      "coco_ar_large": 0.5219988258060734,
      "coco_ar_medium": 0.3863835344625963,
      "coco_ar_small": 0.13514990892005155,
      "nms_iou_threshold": 0.6,
      "num_predictions": 22093.0,
      "num_samples": 500.0,
      "score_alpha": 1.5,
      "score_beta": 1.0,
      "score_threshold": 0.03,
      "top_k": 50
    },
    {
      "coco_ap": 0.22729754036260139,
      "coco_ap50": 0.3594690185857901,
      "coco_ap75": 0.24562082077334868,
      "coco_ap_large": 0.28934138938803583,
      "coco_ap_medium": 0.250668052057471,
      "coco_ap_small": 0.09983533376959626,
      "coco_ar1": 0.24722893927205447,
      "coco_ar10": 0.3606991116311708,
      "coco_ar100": 0.37021042371732177,
      "coco_ar_large": 0.5085312102897789,
      "coco_ar_medium": 0.3915970604964462,
      "coco_ar_small": 0.14992872917045585,
      "nms_iou_threshold": 0.4,
      "num_predictions": 30148.0,
      "num_samples": 500.0,
      "score_alpha": 1.5,
      "score_beta": 1.0,
      "score_threshold": 0.03,
      "top_k": 100
    },
    {
      "coco_ap": 0.2275171848945416,
      "coco_ap50": 0.3561265113808978,
      "coco_ap75": 0.2460152484527129,
      "coco_ap_large": 0.290658084105821,
      "coco_ap_medium": 0.25191451123097697,
      "coco_ap_small": 0.10072098485497204,
      "coco_ar1": 0.24554623541969947,
      "coco_ar10": 0.368066320388305,
      "coco_ar100": 0.38050545550348214,
      "coco_ar_large": 0.5330450008337042,
      "coco_ar_medium": 0.40269356552762076,
      "coco_ar_small": 0.15603022514918793,
      "nms_iou_threshold": 0.5,
      "num_predictions": 33455.0,
      "num_samples": 500.0,
      "score_alpha": 1.5,
      "score_beta": 1.0,
      "score_threshold": 0.03,
      "top_k": 100
    },
    {
      "coco_ap": 0.2258090962917063,
      "coco_ap50": 0.3470075090192616,
      "coco_ap75": 0.24855372219110453,
      "coco_ap_large": 0.28676708994144784,
      "coco_ap_medium": 0.2539557252313292,
      "coco_ap_small": 0.09984353405197595,
      "coco_ar1": 0.2449964526877894,
      "coco_ar10": 0.3730870874368325,
      "coco_ar100": 0.39216951390366683,
      "coco_ar_large": 0.5441842590974294,
      "coco_ar_medium": 0.41527242063662423,
      "coco_ar_small": 0.15187048088288133,
      "nms_iou_threshold": 0.6,
      "num_predictions": 37094.0,
      "num_samples": 500.0,
      "score_alpha": 1.5,
      "score_beta": 1.0,
      "score_threshold": 0.03,
      "top_k": 100
    },
    {
      "coco_ap": 0.22760650229139148,
      "coco_ap50": 0.36041185012410604,
      "coco_ap75": 0.24567125583362825,
      "coco_ap_large": 0.28932166743902576,
      "coco_ap_medium": 0.251159634150226,
      "coco_ap_small": 0.10035785275500234,
      "coco_ar1": 0.24790400132538448,
      "coco_ar10": 0.36387040986825336,
      "coco_ar100": 0.3760174561617283,
      "coco_ar_large": 0.5089011142505566,
      "coco_ar_medium": 0.3986289234371013,
      "coco_ar_small": 0.15988773849695426,
      "nms_iou_threshold": 0.4,
      "num_predictions": 37411.0,
      "num_samples": 500.0,
      "score_alpha": 1.5,
      "score_beta": 1.0,
      "score_threshold": 0.03,
      "top_k": 200
    },
    {
      "coco_ap": 0.22814769611379632,
      "coco_ap50": 0.3574507264663964,
      "coco_ap75": 0.24655231814345852,
      "coco_ap_large": 0.2908320013145338,
      "coco_ap_medium": 0.2525677672069138,
      "coco_ap_small": 0.10159513679447557,
      "coco_ar1": 0.24739767221146042,
      "coco_ar10": 0.37444388498423953,
      "coco_ar100": 0.39072576507343065,
      "coco_ar_large": 0.5349649174772858,
      "coco_ar_medium": 0.41484888535724374,
      "coco_ar_small": 0.16761391197830733,
      "nms_iou_threshold": 0.5,
      "num_predictions": 45039.0,
      "num_samples": 500.0,
      "score_alpha": 1.5,
      "score_beta": 1.0,
      "score_threshold": 0.03,
      "top_k": 200
    },
    {
      "coco_ap": 0.2265870099477808,
      "coco_ap50": 0.3483383239901912,
      "coco_ap75": 0.24929216994972947,
      "coco_ap_large": 0.28717018160683183,
      "coco_ap_medium": 0.2547610315064144,
      "coco_ap_small": 0.10312040524904925,
      "coco_ar1": 0.24726672502682495,
      "coco_ar10": 0.381815655427602,
      "coco_ar100": 0.4056075476159338,
      "coco_ar_large": 0.5525673747428146,
      "coco_ar_medium": 0.43437652279056826,
      "coco_ar_small": 0.17208097656504068,
      "nms_iou_threshold": 0.6,
      "num_predictions": 54162.0,
      "num_samples": 500.0,
      "score_alpha": 1.5,
      "score_beta": 1.0,
      "score_threshold": 0.03,
      "top_k": 200
    },
    {
      "coco_ap": 0.22056835786136117,
      "coco_ap50": 0.34316869462420835,
      "coco_ap75": 0.24049045564358576,
      "coco_ap_large": 0.28387244215781327,
      "coco_ap_medium": 0.2413547682764887,
      "coco_ap_small": 0.08613171498285635,
      "coco_ar1": 0.2330154751877946,
      "coco_ar10": 0.3166934284379181,
      "coco_ar100": 0.31828387964199184,
      "coco_ar_large": 0.45368062051488445,
      "coco_ar_medium": 0.3215137115810554,
      "coco_ar_small": 0.10692381881310575,
      "nms_iou_threshold": 0.4,
      "num_predictions": 9069.0,
      "num_samples": 500.0,
      "score_alpha": 1.5,
      "score_beta": 1.0,
      "score_threshold": 0.05,
      "top_k": 20
    },
    {
      "coco_ap": 0.2206097403833714,
      "coco_ap50": 0.340033145091781,
      "coco_ap75": 0.2411034700692408,
      "coco_ap_large": 0.2847683114955194,
      "coco_ap_medium": 0.24151716142902765,
      "coco_ap_small": 0.08487334967744481,
      "coco_ar1": 0.23127670793038052,
      "coco_ar10": 0.32021169323419824,
      "coco_ar100": 0.3219812104910221,
      "coco_ar_large": 0.4549184010086302,
      "coco_ar_medium": 0.3259024913401126,
      "coco_ar_small": 0.10566253579737162,
      "nms_iou_threshold": 0.5,
      "num_predictions": 9284.0,
      "num_samples": 500.0,
      "score_alpha": 1.5,
      "score_beta": 1.0,
      "score_threshold": 0.05,
      "top_k": 20
    },
    {
      "coco_ap": 0.21769651781147537,
      "coco_ap50": 0.3290119961006593,
      "coco_ap75": 0.24182703281446846,
      "coco_ap_large": 0.2823986078452832,
      "coco_ap_medium": 0.23836298948843274,
      "coco_ap_small": 0.08163202552883625,
      "coco_ar1": 0.22827928478094786,
      "coco_ar10": 0.31890477638145304,
      "coco_ar100": 0.3217280173624868,
      "coco_ar_large": 0.45827956707820255,
      "coco_ar_medium": 0.3210071733114215,
      "coco_ar_small": 0.10097996390278403,
      "nms_iou_threshold": 0.6,
      "num_predictions": 9485.0,
      "num_samples": 500.0,
      "score_alpha": 1.5,
      "score_beta": 1.0,
      "score_threshold": 0.05,
      "top_k": 20
    },
    {
      "coco_ap": 0.22556704293553356,
      "coco_ap50": 0.3549457919761226,
      "coco_ap75": 0.24425121012169218,
      "coco_ap_large": 0.28856391043911817,
      "coco_ap_medium": 0.2486482865678053,
      "coco_ap_small": 0.0949629046090186,
      "coco_ar1": 0.24322714678527518,
      "coco_ar10": 0.34745882212225965,
      "coco_ar100": 0.3540193695123894,
      "coco_ar_large": 0.4988910955534367,
      "coco_ar_medium": 0.3662951624354191,
      "coco_ar_small": 0.12913261854044242,
      "nms_iou_threshold": 0.4,
      "num_predictions": 18066.0,
      "num_samples": 500.0,
      "score_alpha": 1.5,
      "score_beta": 1.0,
      "score_threshold": 0.05,
      "top_k": 50
    },
    {
      "coco_ap": 0.22578675280678429,
      "coco_ap50": 0.3518195201809942,
      "coco_ap75": 0.24505432327743978,
      "coco_ap_large": 0.29000176761543844,
      "coco_ap_medium": 0.24959595860007053,
      "coco_ap_small": 0.09606271968366016,
      "coco_ar1": 0.24250938559183324,
      "coco_ar10": 0.3532521958136767,
      "coco_ar100": 0.36167384671579994,
      "coco_ar_large": 0.5168377860391127,
      "coco_ar_medium": 0.3736064373810996,
      "coco_ar_small": 0.13257572074233923,
      "nms_iou_threshold": 0.5,
      "num_predictions": 19371.0,
      "num_samples": 500.0,
      "score_alpha": 1.5,
      "score_beta": 1.0,
      "score_threshold": 0.05,
      "top_k": 50
    },
    {
      "coco_ap": 0.22425304141460972,
      "coco_ap50": 0.3430771072482438,
      "coco_ap75": 0.24762636336668528,
      "coco_ap_large": 0.2861715766680462,
      "coco_ap_medium": 0.25183009887307123,
      "coco_ap_small": 0.09637855508148846,
      "coco_ar1": 0.24174762262089988,
      "coco_ar10": 0.35813105571043125,
      "coco_ar100": 0.3703339197335125,
      "coco_ar_large": 0.5216635767639276,
      "coco_ar_medium": 0.38635999304932683,
      "coco_ar_small": 0.13497165580062195,
      "nms_iou_threshold": 0.6,
      "num_predictions": 20791.0,
      "num_samples": 500.0,
      "score_alpha": 1.5,
      "score_beta": 1.0,
      "score_threshold": 0.05,
      "top_k": 50
    },
    {
      "coco_ap": 0.2271504723352956,
      "coco_ap50": 0.35894833103176466,
      "coco_ap75": 0.24556954614675855,
      "coco_ap_large": 0.2891527514996615,
      "coco_ap_medium": 0.2504960273307611,
      "coco_ap_small": 0.09972056489590535,
      "coco_ar1": 0.24691012744953092,
      "coco_ar10": 0.35838523661303395,
      "coco_ar100": 0.367476700511439,
      "coco_ar_large": 0.5047657186138169,
      "coco_ar_medium": 0.3874760435636036,
      "coco_ar_small": 0.1483557988207654,
      "nms_iou_threshold": 0.4,
      "num_predictions": 25344.0,
      "num_samples": 500.0,
      "score_alpha": 1.5,
      "score_beta": 1.0,
      "score_threshold": 0.05,
      "top_k": 100
    },
    {
      "coco_ap": 0.22735253539011505,
      "coco_ap50": 0.35569606150004024,
      "coco_ap75": 0.2459365659119744,
      "coco_ap_large": 0.29051165359227027,
      "coco_ap_medium": 0.25167733429872746,
      "coco_ap_small": 0.10062316760336128,
      "coco_ar1": 0.24528917105009354,
      "coco_ar10": 0.36543592701603234,
      "coco_ar100": 0.3774476123097275,
      "coco_ar_large": 0.5299650621844497,
      "coco_ar_medium": 0.39739105584837,
      "coco_ar_small": 0.15457600650598655,
      "nms_iou_threshold": 0.5,
      "num_predictions": 28885.0,
      "num_samples": 500.0,
      "score_alpha": 1.5,
      "score_beta": 1.0,
      "score_threshold": 0.05,
      "top_k": 100
    },
    {
      "coco_ap": 0.22569207979428005,
      "coco_ap50": 0.3467464781055903,
      "coco_ap75": 0.24847835940419716,
      "coco_ap_large": 0.28664933389900255,
      "coco_ap_medium": 0.25378808227351635,
      "coco_ap_small": 0.09978417512016924,
      "coco_ar1": 0.24473938831818348,
      "coco_ar10": 0.3714453680545411,
      "coco_ar100": 0.3889043730602728,
      "coco_ar_large": 0.5391994305852529,
      "coco_ar_medium": 0.41144841207702293,
      "coco_ar_small": 0.15091347431992558,
      "nms_iou_threshold": 0.6,
      "num_predictions": 32806.0,
      "num_samples": 500.0,
      "score_alpha": 1.5,
      "score_beta": 1.0,
      "score_threshold": 0.05,
      "top_k": 100
    },
    {
      "coco_ap": 0.2273990429860396,
      "coco_ap50": 0.35975086652943283,
      "coco_ap75": 0.2455971949929055,
      "coco_ap_large": 0.289139078347971,
      "coco_ap_medium": 0.25093935541432827,
      "coco_ap_small": 0.10005776028633007,
      "coco_ar1": 0.2475474037480905,
      "coco_ar10": 0.36058374444598046,
      "coco_ar100": 0.3718212174235571,
      "coco_ar_large": 0.5048388180290215,
      "coco_ar_medium": 0.39373192740470425,
      "coco_ar_small": 0.15538927500055197,
      "nms_iou_threshold": 0.4,
      "num_predictions": 29136.0,
      "num_samples": 500.0,
      "score_alpha": 1.5,
      "score_beta": 1.0,
      "score_threshold": 0.05,
      "top_k": 200
    },
    {
      "coco_ap": 0.22791302320260895,
      "coco_ap50": 0.3568558613589033,
      "coco_ap75": 0.24645797609515027,
      "coco_ap_large": 0.2906783436586946,
      "coco_ap_medium": 0.2522154916973404,
      "coco_ap_small": 0.10128587329415138,
      "coco_ar1": 0.2470410746341665,
      "coco_ar10": 0.3700931738826925,
      "coco_ar100": 0.38513582636992294,
      "coco_ar_large": 0.5311416741335772,
      "coco_ar_medium": 0.4067737265817685,
      "coco_ar_small": 0.16359390603315574,
      "nms_iou_threshold": 0.5,
      "num_predictions": 35695.0,
      "num_samples": 500.0,
      "score_alpha": 1.5,
      "score_beta": 1.0,
      "score_threshold": 0.05,
      "top_k": 200
    },
    {
      "coco_ap": 0.22643485276319716,
      "coco_ap50": 0.3479747151629756,
      "coco_ap75": 0.24922339221737197,
      "coco_ap_large": 0.28702587375637967,
      "coco_ap_medium": 0.25458325423378736,
      "coco_ap_small": 0.10298245286290417,
      "coco_ar1": 0.24691012744953092,
      "coco_ar10": 0.37919426725012034,
      "coco_ar100": 0.4007702495878628,
      "coco_ar_large": 0.5463833963193093,
      "coco_ar_medium": 0.42962537403109946,
      "coco_ar_small": 0.1691689322593346,
      "nms_iou_threshold": 0.6,
      "num_predictions": 44063.0,
      "num_samples": 500.0,
      "score_alpha": 1.5,
      "score_beta": 1.0,
      "score_threshold": 0.05,
      "top_k": 200
    },
    {
      "coco_ap": 0.2205072971913637,
      "coco_ap50": 0.3429642142408749,
      "coco_ap75": 0.24049045564358576,
      "coco_ap_large": 0.28382880099227575,
      "coco_ap_medium": 0.24133881485343106,
      "coco_ap_small": 0.08603283094024919,
      "coco_ar1": 0.2329238246336705,
      "coco_ar10": 0.3163742596303117,
      "coco_ar100": 0.31796471083438543,
      "coco_ar_large": 0.4534969298669081,
      "coco_ar_medium": 0.3214097414770853,
      "coco_ar_small": 0.10637377700820108,
      "nms_iou_threshold": 0.4,
      "num_predictions": 8306.0,
      "num_samples": 500.0,
      "score_alpha": 1.5,
      "score_beta": 1.0,
      "score_threshold": 0.1,
      "top_k": 20
    },
    {
      "coco_ap": 0.22057223255317118,
      "coco_ap50": 0.3399232113858504,
      "coco_ap75": 0.2411034700692408,
      "coco_ap_large": 0.28475733965365435,
      "coco_ap_medium": 0.2415007180326386,
      "coco_ap_small": 0.08480497609542136,
      "coco_ar1": 0.2312228431310269,
      "coco_ar10": 0.3199888428260577,
      "coco_ar100": 0.32175836008288156,
      "coco_ar_large": 0.45485526969549883,
      "coco_ar_medium": 0.32579852123614245,
      "coco_ar_small": 0.10524618383203914,
      "nms_iou_threshold": 0.5,
      "num_predictions": 8607.0,
      "num_samples": 500.0,
      "score_alpha": 1.5,
      "score_beta": 1.0,
      "score_threshold": 0.1,
      "top_k": 20
    },
    {
      "coco_ap": 0.2176881011097903,
      "coco_ap50": 0.3289904935781062,
      "coco_ap75": 0.24182703281446846,
      "coco_ap_large": 0.2823986078452832,
      "coco_ap_medium": 0.23836298948843274,
      "coco_ap_small": 0.0815974447193749,
      "coco_ar1": 0.2282254199815942,
      "coco_ar10": 0.31884419277750914,
      "coco_ar100": 0.32166743375854284,
      "coco_ar_large": 0.45827956707820255,
      "coco_ar_medium": 0.3210071733114215,
      "coco_ar_small": 0.10082711654878224,
      "nms_iou_threshold": 0.6,
      "num_predictions": 8974.0,
      "num_samples": 500.0,
      "score_alpha": 1.5,
      "score_beta": 1.0,
      "score_threshold": 0.1,
      "top_k": 20
    },
    {
      "coco_ap": 0.22497627756178853,
      "coco_ap50": 0.35337903299202433,
      "coco_ap75": 0.24381935335227273,
      "coco_ap_large": 0.28706070286667196,
      "coco_ap_medium": 0.24797686826813897,
      "coco_ap_small": 0.09455158922571909,
      "coco_ar1": 0.23889473724345595,
      "coco_ar10": 0.34007379733569476,
      "coco_ar100": 0.3463920868417038,
      "coco_ar_large": 0.4806998400176698,
      "coco_ar_medium": 0.3598802486700407,
      "coco_ar_small": 0.12673791096638456,
      "nms_iou_threshold": 0.4,
      "num_predictions": 14184.0,
      "num_samples": 500.0,
      "score_alpha": 1.5,
      "score_beta": 1.0,
      "score_threshold": 0.1,
      "top_k": 50
    },
    {
      "coco_ap": 0.22530681134940878,
      "coco_ap50": 0.35068055422700517,
      "coco_ap75": 0.2446553415233264,
      "coco_ap_large": 0.2886864956532216,
      "coco_ap_medium": 0.2490408568445313,
      "coco_ap_small": 0.0954203486043944,
      "coco_ar1": 0.238785614589593,
      "coco_ar10": 0.3467269007880161,
      "coco_ar100": 0.355137801602795,
      "coco_ar_large": 0.49445946700928484,
      "coco_ar_medium": 0.36945285527297206,
      "coco_ar_small": 0.1307870434273085,
      "nms_iou_threshold": 0.5,
      "num_predictions": 15594.0,
      "num_samples": 500.0,
      "score_alpha": 1.5,
      "score_beta": 1.0,
      "score_threshold": 0.1,
      "top_k": 50
    },
    {
      "coco_ap": 0.22382370535840038,
      "coco_ap50": 0.34229842680877487,
      "coco_ap75": 0.2472375473296561,
      "coco_ap_large": 0.28539364141147877,
      "coco_ap_medium": 0.2512992580275685,
      "coco_ap_small": 0.0949564675615684,
      "coco_ar1": 0.23816449859474967,
      "coco_ar10": 0.352764502812702,
      "coco_ar100": 0.3647682366801149,
      "coco_ar_large": 0.5114785544564335,
      "coco_ar_medium": 0.3822467746179266,
      "coco_ar_small": 0.13213184212195486,
      "nms_iou_threshold": 0.6,
      "num_predictions": 17351.0,
      "num_samples": 500.0,
      "score_alpha": 1.5,
      "score_beta": 1.0,
      "score_threshold": 0.1,
      "top_k": 50
    },
    {
      "coco_ap": 0.2262669090223276,
      "coco_ap50": 0.35653695836967814,
      "coco_ap75": 0.24500645715081878,
      "coco_ap_large": 0.28771635564014036,
      "coco_ap_medium": 0.24947122741188632,
      "coco_ap_small": 0.09610594901041798,
      "coco_ar1": 0.24237534498600224,
      "coco_ar10": 0.34781871270265424,
      "coco_ar100": 0.3558980145017204,
      "coco_ar_large": 0.4856183764504117,
      "coco_ar_medium": 0.3752248924749553,
      "coco_ar_small": 0.13274110431927597,
      "nms_iou_threshold": 0.4,
      "num_predictions": 17243.0,
      "num_samples": 500.0,
      "score_alpha": 1.5,
      "score_beta": 1.0,
      "score_threshold": 0.1,
      "top_k": 100
    },
    {
      "coco_ap": 0.22657919263955084,
      "coco_ap50": 0.35368708570157364,
      "coco_ap75": 0.24542835352982817,
      "coco_ap_large": 0.2889158562996897,
      "coco_ap_medium": 0.2509016473162865,
      "coco_ap_small": 0.09715416223300653,
      "coco_ar1": 0.24075438858656484,
      "coco_ar10": 0.35468642180043786,
      "coco_ar100": 0.3663110480921048,
      "coco_ar_large": 0.5003858171057078,
      "coco_ar_medium": 0.38812553297875485,
      "coco_ar_small": 0.13929549888014237,
      "nms_iou_threshold": 0.5,
      "num_predictions": 20265.0,
      "num_samples": 500.0,
      "score_alpha": 1.5,
      "score_beta": 1.0,
      "score_threshold": 0.1,
      "top_k": 100
    },
    {
      "coco_ap": 0.22505241936217554,
      "coco_ap50": 0.345226133591169,
      "coco_ap75": 0.2480184443226243,
      "coco_ap_large": 0.2854826639420347,
      "coco_ap_medium": 0.25302328848658107,
      "coco_ap_small": 0.09845534164712232,
      "coco_ar1": 0.24020460585465475,
      "coco_ar10": 0.36203552426823044,
      "coco_ar100": 0.3787783909135807,
      "coco_ar_large": 0.5216901034972263,
      "coco_ar_medium": 0.4019787846593239,
      "coco_ar_small": 0.1448180948216532,
      "nms_iou_threshold": 0.6,
      "num_predictions": 24293.0,
      "num_samples": 500.0,
      "score_alpha": 1.5,
      "score_beta": 1.0,
      "score_threshold": 0.1,
      "top_k": 100
    },
    {
      "coco_ap": 0.22638531457972308,
      "coco_ap50": 0.356913705843507,
      "coco_ap75": 0.2450184582307797,
      "coco_ap_large": 0.2877106438508789,
      "coco_ap_medium": 0.24974841691051397,
      "coco_ap_small": 0.09646839501964992,
      "coco_ar1": 0.24288167409992628,
      "coco_ar10": 0.3484878579542742,
      "coco_ar100": 0.357451840751358,
      "coco_ar_large": 0.4856183764504117,
      "coco_ar_medium": 0.3783284941435116,
      "coco_ar_small": 0.13485332290876728,
      "nms_iou_threshold": 0.4,
      "num_predictions": 17993.0,
      "num_samples": 500.0,
      "score_alpha": 1.5,
      "score_beta": 1.0,
      "score_threshold": 0.1,
      "top_k": 200
    },
    {
      "coco_ap": 0.22699781093433666,
      "coco_ap50": 0.35445772563580935,
      "coco_ap75": 0.24589730076398725,
      "coco_ap_large": 0.28913540448470587,
      "coco_ap_medium": 0.2511126180912155,
      "coco_ap_small": 0.09797677458972417,
      "coco_ar1": 0.24237534498600224,
      "coco_ar10": 0.3570555270420707,
      "coco_ar100": 0.37021163534710294,
      "coco_ar_large": 0.5014322078842415,
      "coco_ar_medium": 0.39156077067381123,
      "coco_ar_small": 0.1437152139439304,
      "nms_iou_threshold": 0.5,
      "num_predictions": 22088.0,
      "num_samples": 500.0,
      "score_alpha": 1.5,
      "score_beta": 1.0,
      "score_threshold": 0.1,
      "top_k": 200
    },
    {
      "coco_ap": 0.22562473313226356,
      "coco_ap50": 0.3461911925820805,
      "coco_ap75": 0.2486476761830355,
      "coco_ap_large": 0.2857931015977867,
      "coco_ap_medium": 0.2535511786697933,
      "coco_ap_small": 0.0992549715368383,
      "coco_ar1": 0.24237534498600224,
      "coco_ar10": 0.3668695781437724,
      "coco_ar100": 0.38551849211441486,
      "coco_ar_large": 0.524149147124197,
      "coco_ar_medium": 0.4135307597790347,
      "coco_ar_small": 0.15027093626951393,
      "nms_iou_threshold": 0.6,
      "num_predictions": 28458.0,
      "num_samples": 500.0,
      "score_alpha": 1.5,
      "score_beta": 1.0,
      "score_threshold": 0.1,
      "top_k": 200
    },
    {
      "coco_ap": 0.2189060183813265,
      "coco_ap50": 0.33970724000917507,
      "coco_ap75": 0.23906335992165378,
      "coco_ap_large": 0.28177282554870925,
      "coco_ap_medium": 0.23827430560672824,
      "coco_ap_small": 0.08364540276235469,
      "coco_ar1": 0.22979265479145355,
      "coco_ar10": 0.3081528394175009,
      "coco_ar100": 0.3097419468606566,
      "coco_ar_large": 0.4447003637395864,
      "coco_ar_medium": 0.3100658947869733,
      "coco_ar_small": 0.09915107514665157,
      "nms_iou_threshold": 0.4,
      "num_predictions": 6466.0,
      "num_samples": 500.0,
      "score_alpha": 1.5,
      "score_beta": 1.0,
      "score_threshold": 0.2,
      "top_k": 20
    },
    {
      "coco_ap": 0.219095255330544,
      "coco_ap50": 0.33696609567590524,
      "coco_ap75": 0.23968838165342485,
      "coco_ap_large": 0.2828358571796032,
      "coco_ap_medium": 0.23869393081262086,
      "coco_ap_small": 0.08268998779042337,
      "coco_ar1": 0.22841648819208196,
      "coco_ar10": 0.31164093409473803,
      "coco_ar100": 0.3134104513515619,
      "coco_ar_large": 0.4452963028678882,
      "coco_ar_medium": 0.31534407627311417,
      "coco_ar_small": 0.09815004990259334,
      "nms_iou_threshold": 0.5,
      "num_predictions": 6873.0,
      "num_samples": 500.0,
      "score_alpha": 1.5,
      "score_beta": 1.0,
      "score_threshold": 0.2,
      "top_k": 20
    },
    {
      "coco_ap": 0.21630371354891884,
      "coco_ap50": 0.3268413172427856,
      "coco_ap75": 0.2400259648615373,
      "coco_ap_large": 0.2801258419133419,
      "coco_ap_medium": 0.23678567753553123,
      "coco_ap_small": 0.08038801331780182,
      "coco_ar1": 0.22607892039937338,
      "coco_ar10": 0.3112054711933587,
      "coco_ar100": 0.31402736841347434,
      "coco_ar_large": 0.4474775034656915,
      "coco_ar_medium": 0.314774694700269,
      "coco_ar_small": 0.09598744577879642,
      "nms_iou_threshold": 0.6,
      "num_predictions": 7448.0,
      "num_samples": 500.0,
      "score_alpha": 1.5,
      "score_beta": 1.0,
      "score_threshold": 0.2,
      "top_k": 20
    },
    {
      "coco_ap": 0.22203314591158388,
      "coco_ap50": 0.3469646167682191,
      "coco_ap75": 0.2412830872371246,
      "coco_ap_large": 0.2835624403710149,
      "coco_ap_medium": 0.24313113845905698,
      "coco_ap_small": 0.08982502025705816,
      "coco_ar1": 0.23353675881969305,
      "coco_ar10": 0.32039498134997296,
      "coco_ar100": 0.32558453594076975,
      "coco_ar_large": 0.4594225069159154,
      "coco_ar_medium": 0.32870118264915843,
      "coco_ar_small": 0.11158357669684264,
      "nms_iou_threshold": 0.4,
      "num_predictions": 8701.0,
      "num_samples": 500.0,
      "score_alpha": 1.5,
      "score_beta": 1.0,
      "score_threshold": 0.2,
      "top_k": 50
    },
    {
      "coco_ap": 0.22251050277541318,
      "coco_ap50": 0.34495655935390346,
      "coco_ap75": 0.24212548743973417,
      "coco_ap_large": 0.2853208082689389,
      "coco_ap_medium": 0.24450662469443926,
      "coco_ap_small": 0.09016078278884833,
      "coco_ar1": 0.23342763616583012,
      "coco_ar10": 0.3272373339515681,
      "coco_ar100": 0.3330539243274594,
      "coco_ar_large": 0.47112453396024956,
      "coco_ar_medium": 0.33864943740543463,
      "coco_ar_small": 0.1124802119213174,
      "nms_iou_threshold": 0.5,
      "num_predictions": 9946.0,
      "num_samples": 500.0,
      "score_alpha": 1.5,
      "score_beta": 1.0,
      "score_threshold": 0.2,
      "top_k": 50
    },
    {
      "coco_ap": 0.22123141154515857,
      "coco_ap50": 0.33760967661461083,
      "coco_ap75": 0.2442552863136773,
      "coco_ap_large": 0.2816486062864768,
      "coco_ap_medium": 0.2469689675920347,
      "coco_ap_small": 0.0900385466863681,
      "coco_ar1": 0.233112063601803,
      "coco_ar10": 0.33317918981899436,
      "coco_ar100": 0.34243815870780686,
      "coco_ar_large": 0.47891951310897,
      "coco_ar_medium": 0.3536176061990747,
      "coco_ar_small": 0.1155134228171208,
      "nms_iou_threshold": 0.6,
      "num_predictions": 11686.0,
      "num_samples": 500.0,
      "score_alpha": 1.5,
      "score_beta": 1.0,
      "score_threshold": 0.2,
      "top_k": 50
    },
    {
      "coco_ap": 0.22237692915965132,
      "coco_ap50": 0.3477927432870395,
      "coco_ap75": 0.24158060568986153,
      "coco_ap_large": 0.28370447979653224,
      "coco_ap_medium": 0.24302656658286073,
      "coco_ap_small": 0.09064271876109779,
      "coco_ar1": 0.23470552306626175,
      "coco_ar10": 0.32170515679223666,
      "coco_ar100": 0.32747299993971013,
      "coco_ar_large": 0.4601863958048043,
      "coco_ar_medium": 0.3302082014027654,
      "coco_ar_small": 0.1136564986746888,
      "nms_iou_threshold": 0.4,
      "num_predictions": 9165.0,
      "num_samples": 500.0,
      "score_alpha": 1.5,
      "score_beta": 1.0,
      "score_threshold": 0.2,
      "top_k": 100
    },
    {
      "coco_ap": 0.22307768250570062,
      "coco_ap50": 0.34614191323171295,
      "coco_ap75": 0.24253015492936592,
      "coco_ap_large": 0.2852944710571576,
      "coco_ap_medium": 0.24467618862241505,
      "coco_ap_small": 0.09164865084961048,
      "coco_ar1": 0.23470552306626175,
      "coco_ar10": 0.3293356683321176,
      "coco_ar100": 0.33650988290607825,
      "coco_ar_large": 0.4718978710728724,
      "coco_ar_medium": 0.34203664144739443,
      "coco_ar_small": 0.1167196430920649,
      "nms_iou_threshold": 0.5,
      "num_predictions": 10846.0,
      "num_samples": 500.0,
      "score_alpha": 1.5,
      "score_beta": 1.0,
      "score_threshold": 0.2,
      "top_k": 100
    },
    {
      "coco_ap": 0.2217745913546935,
      "coco_ap50": 0.33903382440544844,
      "coco_ap75": 0.24458350012434943,
      "coco_ap_large": 0.2814554404603932,
      "coco_ap_medium": 0.24724671418351699,
      "coco_ap_small": 0.09268847385550424,
      "coco_ar1": 0.23453674669495375,
      "coco_ar10": 0.33603601130376193,
      "coco_ar100": 0.34716896071267084,
      "coco_ar_large": 0.48003486999711015,
      "coco_ar_medium": 0.3571252961121742,
      "coco_ar_small": 0.1223102259340159,
      "nms_iou_threshold": 0.6,
      "num_predictions": 13531.0,
      "num_samples": 500.0,
      "score_alpha": 1.5,
      "score_beta": 1.0,
      "score_threshold": 0.2,
      "top_k": 100
    },
    {
      "coco_ap": 0.22238464128295402,
      "coco_ap50": 0.34780585533745734,
      "coco_ap75": 0.24158054210895444,
      "coco_ap_large": 0.28370447979653224,
      "coco_ap_medium": 0.24302575381026786,
      "coco_ap_small": 0.09085257281474206,
      "coco_ar1": 0.23470552306626175,
      "coco_ar10": 0.32170515679223666,
      "coco_ar100": 0.3275660751444755,
      "coco_ar_large": 0.4601863958048043,
      "coco_ar_medium": 0.3302082014027654,
      "coco_ar_small": 0.11473874975693987,
      "nms_iou_threshold": 0.4,
      "num_predictions": 9224.0,
      "num_samples": 500.0,
      "score_alpha": 1.5,
      "score_beta": 1.0,
      "score_threshold": 0.2,
      "top_k": 200
    },
    {
      "coco_ap": 0.22309698790123075,
      "coco_ap50": 0.34616639273276095,
      "coco_ap75": 0.24253412178134826,
      "coco_ap_large": 0.28529446708135425,
      "coco_ap_medium": 0.24468273557445508,
      "coco_ap_small": 0.09193441460367566,
      "coco_ar1": 0.23470552306626175,
      "coco_ar10": 0.3293356683321176,
      "coco_ar100": 0.33682972315518134,
      "coco_ar_large": 0.4718978710728724,
      "coco_ar_medium": 0.34218094159169454,
      "coco_ar_small": 0.11810492447734629,
      "nms_iou_threshold": 0.5,
      "num_predictions": 11036.0,
      "num_samples": 500.0,
      "score_alpha": 1.5,
      "score_beta": 1.0,
      "score_threshold": 0.2,
      "top_k": 200
    },
    {
      "coco_ap": 0.221849883928962,
      "coco_ap50": 0.3390670029360632,
      "coco_ap75": 0.2446169610464386,
      "coco_ap_large": 0.281571278923534,
      "coco_ap_medium": 0.24696631843058556,
      "coco_ap_small": 0.09287686240183535,
      "coco_ar1": 0.23470552306626175,
      "coco_ar10": 0.33638814996034305,
      "coco_ar100": 0.3478881949400559,
      "coco_ar_large": 0.48067083490939083,
      "coco_ar_medium": 0.3575015171832593,
      "coco_ar_small": 0.12359721444497919,
      "nms_iou_threshold": 0.6,
      "num_predictions": 14100.0,
      "num_samples": 500.0,
      "score_alpha": 1.5,
      "score_beta": 1.0,
      "score_threshold": 0.2,
      "top_k": 200
    },
    {
      "coco_ap": 0.22333574751177193,
      "coco_ap50": 0.34439911636893605,
      "coco_ap75": 0.24311311316066322,
      "coco_ap_large": 0.29146266405034216,
      "coco_ap_medium": 0.24550349535807978,
      "coco_ap_small": 0.0877907109500463,
      "coco_ar1": 0.23734818230266222,
      "coco_ar10": 0.32320950823338607,
      "coco_ar100": 0.3246725035122633,
      "coco_ar_large": 0.46407518614781984,
      "coco_ar_medium": 0.32715120236102424,
      "coco_ar_small": 0.10974789447991769,
      "nms_iou_threshold": 0.4,
      "num_predictions": 9047.0,
      "num_samples": 500.0,
      "score_alpha": 2.0,
      "score_beta": 1.0,
      "score_threshold": 0.03,
      "top_k": 20
    },
    {
      "coco_ap": 0.22377463722822216,
      "coco_ap50": 0.3419069352036762,
      "coco_ap75": 0.2445483133513386,
      "coco_ap_large": 0.2922091974168449,
      "coco_ap_medium": 0.24661273602129,
      "coco_ap_small": 0.0861983414849086,
      "coco_ar1": 0.23594556051873047,
      "coco_ar10": 0.32605285013201957,
      "coco_ar100": 0.32762057545717665,
      "coco_ar_large": 0.46673917307668833,
      "coco_ar_medium": 0.33060780194271755,
      "coco_ar_small": 0.10845898994477994,
      "nms_iou_threshold": 0.5,
      "num_predictions": 9248.0,
      "num_samples": 500.0,
      "score_alpha": 2.0,
      "score_beta": 1.0,
      "score_threshold": 0.03,
      "top_k": 20
    },
    {
      "coco_ap": 0.22094952286129235,
      "coco_ap50": 0.3316575884701246,
      "coco_ap75": 0.2446102184476608,
      "coco_ap_large": 0.28745439902443704,
      "coco_ap_medium": 0.2443679841116623,
      "coco_ap_small": 0.08261610138639945,
      "coco_ar1": 0.23146930239341298,
      "coco_ar10": 0.3241596658240193,
      "coco_ar100": 0.32643572937330323,
      "coco_ar_large": 0.46232536532695384,
      "coco_ar_medium": 0.33136442571205826,
      "coco_ar_small": 0.10197088030705823,
      "nms_iou_threshold": 0.6,
      "num_predictions": 9452.0,
      "num_samples": 500.0,
      "score_alpha": 2.0,
      "score_beta": 1.0,
      "score_threshold": 0.03,
      "top_k": 20
    },
    {
      "coco_ap": 0.22871567499450418,
      "coco_ap50": 0.3570037831370245,
      "coco_ap75": 0.24736451252490893,
      "coco_ap_large": 0.2939150795081229,
      "coco_ap_medium": 0.25316253778082837,
      "coco_ap_small": 0.09907539377555116,
      "coco_ar1": 0.24620038516111722,
      "coco_ar10": 0.3526868049065549,
      "coco_ar100": 0.35915299053787997,
      "coco_ar_large": 0.49993002166770606,
      "coco_ar_medium": 0.37356861849185735,
      "coco_ar_small": 0.13414220902785176,
      "nms_iou_threshold": 0.4,
      "num_predictions": 18036.0,
      "num_samples": 500.0,
      "score_alpha": 2.0,
      "score_beta": 1.0,
      "score_threshold": 0.03,
      "top_k": 50
    },
    {
      "coco_ap": 0.22894378667512977,
      "coco_ap50": 0.3534864329379834,
      "coco_ap75": 0.2485362791970616,
      "coco_ap_large": 0.2954949082647734,
      "coco_ap_medium": 0.25540343999820053,
      "coco_ap_small": 0.09926628419041994,
      "coco_ar1": 0.24449715767380092,
      "coco_ar10": 0.3573592840992174,
      "coco_ar100": 0.3650810593701544,
      "coco_ar_large": 0.5193732129344164,
      "coco_ar_medium": 0.3788464402714077,
      "coco_ar_small": 0.13555538097376021,
      "nms_iou_threshold": 0.5,
      "num_predictions": 19279.0,
      "num_samples": 500.0,
      "score_alpha": 2.0,
      "score_beta": 1.0,
      "score_threshold": 0.03,
      "top_k": 50
    },
    {
      "coco_ap": 0.22759494999404845,
      "coco_ap50": 0.3455944177831244,
      "coco_ap75": 0.2506712246593155,
      "coco_ap_large": 0.2916598180940934,
      "coco_ap_medium": 0.25702063277543863,
      "coco_ap_small": 0.09898830219544791,
      "coco_ar1": 0.24350157034462785,
      "coco_ar10": 0.36236274820650527,
      "coco_ar100": 0.37226550926943097,
      "coco_ar_large": 0.5258130944346645,
      "coco_ar_medium": 0.3887591273539579,
      "coco_ar_small": 0.13605352255741085,
      "nms_iou_threshold": 0.6,
      "num_predictions": 20691.0,
      "num_samples": 500.0,
      "score_alpha": 2.0,
      "score_beta": 1.0,
      "score_threshold": 0.03,
      "top_k": 50
    },
    {
      "coco_ap": 0.23007218258964662,
      "coco_ap50": 0.3606096173485477,
      "coco_ap75": 0.24849784664412303,
      "coco_ap_large": 0.29448476228548803,
      "coco_ap_medium": 0.2547366785706048,
      "coco_ap_small": 0.10416113733334281,
      "coco_ar1": 0.24936074038035133,
      "coco_ar10": 0.36253374049086223,
      "coco_ar100": 0.37206444702055613,
      "coco_ar_large": 0.5082756765925911,
      "coco_ar_medium": 0.39188484660609707,
      "coco_ar_small": 0.15332202885559715,
      "nms_iou_threshold": 0.4,
      "num_predictions": 25389.0,
      "num_samples": 500.0,
      "score_alpha": 2.0,
      "score_beta": 1.0,
      "score_threshold": 0.03,
      "top_k": 100
    },
    {
      "coco_ap": 0.23089745894578542,
      "coco_ap50": 0.358303787575507,
      "coco_ap75": 0.2498412660041426,
      "coco_ap_large": 0.29660933428998176,
      "coco_ap_medium": 0.25734126259054674,
      "coco_ap_small": 0.10507713384278859,
      "coco_ar1": 0.24936074038035133,
      "coco_ar10": 0.37124326078950404,
      "coco_ar100": 0.3822916358784727,
      "coco_ar_large": 0.5338910875631764,
      "coco_ar_medium": 0.39988844662146594,
      "coco_ar_small": 0.1580831373158025,
      "nms_iou_threshold": 0.5,
      "num_predictions": 28790.0,
      "num_samples": 500.0,
      "score_alpha": 2.0,
      "score_beta": 1.0,
      "score_threshold": 0.03,
      "top_k": 100
    },
    {
      "coco_ap": 0.22929179037114997,
      "coco_ap50": 0.3497647004276812,
      "coco_ap75": 0.2516768818766158,
      "coco_ap_large": 0.29240666601281656,
      "coco_ap_medium": 0.25924020304743695,
      "coco_ap_small": 0.10625569835677351,
      "coco_ar1": 0.24729188454631787,
      "coco_ar10": 0.37710954266828517,
      "coco_ar100": 0.3923114048227908,
      "coco_ar_large": 0.5416336571916711,
      "coco_ar_medium": 0.41758885275253566,
      "coco_ar_small": 0.15936973836453666,
      "nms_iou_threshold": 0.6,
      "num_predictions": 32666.0,
      "num_samples": 500.0,
      "score_alpha": 2.0,
      "score_beta": 1.0,
      "score_threshold": 0.03,
      "top_k": 100
    },
    {
      "coco_ap": 0.23036220999067913,
      "coco_ap50": 0.36151194523405733,
      "coco_ap75": 0.24851808994509408,
      "coco_ap_large": 0.2944650825792967,
      "coco_ap_medium": 0.25533207390615176,
      "coco_ap_small": 0.10412361030261828,
      "coco_ar1": 0.2500646389307431,
      "coco_ar10": 0.3655563814864461,
      "coco_ar100": 0.3767417019934669,
      "coco_ar_large": 0.5087616293883617,
      "coco_ar_medium": 0.3991139012125567,
      "coco_ar_small": 0.1606460116125472,
      "nms_iou_threshold": 0.4,
      "num_predictions": 29234.0,
      "num_samples": 500.0,
      "score_alpha": 2.0,
      "score_beta": 1.0,
      "score_threshold": 0.03,
      "top_k": 200
    },
    {
      "coco_ap": 0.23123283526642385,
      "coco_ap50": 0.35922296465022224,
      "coco_ap75": 0.24998521382910532,
      "coco_ap_large": 0.2965478020995275,
      "coco_ap_medium": 0.25828946716893747,
      "coco_ap_small": 0.10530350119787667,
      "coco_ar1": 0.24955830981681898,
      "coco_ar10": 0.37434308954937856,
      "coco_ar100": 0.3884965671212154,
      "coco_ar_large": 0.5343643274171722,
      "coco_ar_medium": 0.41155375907255154,
      "coco_ar_small": 0.16645549032160073,
      "nms_iou_threshold": 0.5,
      "num_predictions": 35637.0,
      "num_samples": 500.0,
      "score_alpha": 2.0,
      "score_beta": 1.0,
      "score_threshold": 0.03,
      "top_k": 200
    },
    {
      "coco_ap": 0.22996859733133226,
      "coco_ap50": 0.35115306797209794,
      "coco_ap75": 0.2523409601621679,
      "coco_ap_large": 0.29265800476762777,
      "coco_ap_medium": 0.26018479893391794,
      "coco_ap_small": 0.10596304673831232,
      "coco_ar1": 0.24955830981681898,
      "coco_ar10": 0.38376270317951067,
      "coco_ar100": 0.4031992436332034,
      "coco_ar_large": 0.5481616605458616,
      "coco_ar_medium": 0.4329162467676591,
      "coco_ar_small": 0.17006511971980498,
      "nms_iou_threshold": 0.6,
      "num_predictions": 43880.0,
      "num_samples": 500.0,
      "score_alpha": 2.0,
      "score_beta": 1.0,
      "score_threshold": 0.03,
      "top_k": 200
    },
    {
      "coco_ap": 0.22332487714031216,
      "coco_ap50": 0.3443767361924013,
      "coco_ap75": 0.24311311316066322,
      "coco_ap_large": 0.2914259391476931,
      "coco_ap_medium": 0.24550349535807978,
      "coco_ap_small": 0.08777518030306326,
      "coco_ar1": 0.23731039654789174,
      "coco_ar10": 0.32312417068096694,
      "coco_ar100": 0.3245871659598442,
      "coco_ar_large": 0.4639009437235774,
      "coco_ar_medium": 0.32715120236102424,
      "coco_ar_small": 0.10972399619103518,
      "nms_iou_threshold": 0.4,
      "num_predictions": 8697.0,
      "num_samples": 500.0,
      "score_alpha": 2.0,
      "score_beta": 1.0,
      "score_threshold": 0.05,
      "top_k": 20
    },
    {
      "coco_ap": 0.22376456146689844,
      "coco_ap50": 0.3418635637412141,
      "coco_ap75": 0.2445483133513386,
      "coco_ap_large": 0.29219810759818565,
      "coco_ap_medium": 0.24661273602129,
      "coco_ap_small": 0.0861789642417684,
      "coco_ar1": 0.23594556051873047,
      "coco_ar10": 0.3260052983343709,
      "coco_ar100": 0.32757302365952795,
      "coco_ar_large": 0.466676041763557,
      "coco_ar_medium": 0.33060780194271755,
      "coco_ar_small": 0.10843509165589742,
      "nms_iou_threshold": 0.5,
      "num_predictions": 8937.0,
      "num_samples": 500.0,
      "score_alpha": 2.0,
      "score_beta": 1.0,
      "score_threshold": 0.05,
      "top_k": 20
    },
    {
      "coco_ap": 0.22094952286129235,
      "coco_ap50": 0.3316575884701246,
      "coco_ap75": 0.2446102184476608,
      "coco_ap_large": 0.28745439902443704,
      "coco_ap_medium": 0.2443679841116623,
      "coco_ap_small": 0.08260105376833066,
      "coco_ar1": 0.23146930239341298,
      "coco_ar10": 0.32415294701942904,
      "coco_ar100": 0.326429010568713,
      "coco_ar_large": 0.46232536532695384,
      "coco_ar_medium": 0.33136442571205826,
      "coco_ar_small": 0.1019469820181757,
      "nms_iou_threshold": 0.6,
      "num_predictions": 9221.0,
      "num_samples": 500.0,
      "score_alpha": 2.0,
      "score_beta": 1.0,
      "score_threshold": 0.05,
      "top_k": 20
    },
    {
      "coco_ap": 0.2284920413806403,
      "coco_ap50": 0.356381273661778,
      "coco_ap75": 0.24721949201891422,
      "coco_ap_large": 0.2935736098176427,
      "coco_ap_medium": 0.25300955292849486,
      "coco_ap_small": 0.09904954968246854,
      "coco_ar1": 0.24490931061334847,
      "coco_ar10": 0.3505961605179646,
      "coco_ar100": 0.356767931591396,
      "coco_ar_large": 0.49619993479554947,
      "coco_ar_medium": 0.3719531203246351,
      "coco_ar_small": 0.13400333824372718,
      "nms_iou_threshold": 0.4,
      "num_predictions": 16068.0,
      "num_samples": 500.0,
      "score_alpha": 2.0,
      "score_beta": 1.0,
      "score_threshold": 0.05,
      "top_k": 50
    },
    {
      "coco_ap": 0.22877163663184813,
      "coco_ap50": 0.3531112061790086,
      "coco_ap75": 0.24839741463069787,
      "coco_ap_large": 0.29507677681929034,
      "coco_ap_medium": 0.2553245508464165,
      "coco_ap_small": 0.09925103198867186,
      "coco_ar1": 0.2433643109741334,
      "coco_ar10": 0.35545117715169144,
      "coco_ar100": 0.3631729524226283,
      "coco_ar_large": 0.5078943426018472,
      "coco_ar_medium": 0.378197089622057,
      "coco_ar_small": 0.13542128984741214,
      "nms_iou_threshold": 0.5,
      "num_predictions": 17365.0,
      "num_samples": 500.0,
      "score_alpha": 2.0,
      "score_beta": 1.0,
      "score_threshold": 0.05,
      "top_k": 50
    },
    {
      "coco_ap": 0.22752944208473785,
      "coco_ap50": 0.34538380941847935,
      "coco_ap75": 0.25064154739846023,
      "coco_ap_large": 0.2914955018792214,
      "coco_ap_medium": 0.25702063277543863,
      "coco_ap_small": 0.09895105894326386,
      "coco_ar1": 0.2432326979266561,
      "coco_ar10": 0.3615460018079011,
      "coco_ar100": 0.3714420440662365,
      "coco_ar_large": 0.5237111541964258,
      "coco_ar_medium": 0.3887591273539579,
      "coco_ar_small": 0.13576304700318778,
      "nms_iou_threshold": 0.6,
      "num_predictions": 18980.0,
      "num_samples": 500.0,
      "score_alpha": 2.0,
      "score_beta": 1.0,
      "score_threshold": 0.05,
      "top_k": 50
    },
    {
      "coco_ap": 0.22967608244983798,
      "coco_ap50": 0.35949082875398053,
      "coco_ap75": 0.2482881827541996,
      "coco_ap_large": 0.2940365646522819,
      "coco_ap_medium": 0.25438685356574364,
      "coco_ap_small": 0.10099523936154843,
      "coco_ar1": 0.24778277203454072,
      "coco_ar10": 0.3586918214432133,
      "coco_ar100": 0.3672671616250992,
      "coco_ar_large": 0.5026231008579211,
      "coco_ar_medium": 0.38790632608880016,
      "coco_ar_small": 0.14256157315803256,
      "nms_iou_threshold": 0.4,
      "num_predictions": 20718.0,
      "num_samples": 500.0,
      "score_alpha": 2.0,
      "score_beta": 1.0,
      "score_threshold": 0.05,
      "top_k": 100
    },
    {
      "coco_ap": 0.23062540160897574,
      "coco_ap50": 0.3575436625630863,
      "coco_ap75": 0.24968281686865176,
      "coco_ap_large": 0.296066751618772,
      "coco_ap_medium": 0.25719271320853626,
      "coco_ap_small": 0.10196342530469932,
      "coco_ar1": 0.24778277203454072,
      "coco_ar10": 0.3676019134370591,
      "coco_ar100": 0.37853440483487516,
      "coco_ar_large": 0.5199635734616868,
      "coco_ar_medium": 0.3975468100135367,
      "coco_ar_small": 0.1483012380173375,
      "nms_iou_threshold": 0.5,
      "num_predictions": 23936.0,
      "num_samples": 500.0,
      "score_alpha": 2.0,
      "score_beta": 1.0,
      "score_threshold": 0.05,
      "top_k": 100
    },
    {
      "coco_ap": 0.22905748384680713,
      "coco_ap50": 0.3491123414977934,
      "coco_ap75": 0.2515252854587951,
      "coco_ap_large": 0.29208266862622856,
      "coco_ap_medium": 0.25906502372900597,
      "coco_ap_small": 0.10167985465685102,
      "coco_ar1": 0.2457756636534248,
      "coco_ar10": 0.37412419998795615,
      "coco_ar100": 0.3889514698489625,
      "coco_ar_large": 0.5367411119050506,
      "coco_ar_medium": 0.4150594023918379,
      "coco_ar_small": 0.149954896114969,
      "nms_iou_threshold": 0.6,
      "num_predictions": 28077.0,
      "num_samples": 500.0,
      "score_alpha": 2.0,
      "score_beta": 1.0,
      "score_threshold": 0.05,
      "top_k": 100
    },
    {
      "coco_ap": 0.2298581548369701,
      "coco_ap50": 0.36002667280237827,
      "coco_ap75": 0.24829065146905155,
      "coco_ap_large": 0.2940115638330308,
      "coco_ap_medium": 0.2548597445500639,
      "coco_ap_small": 0.1013224589335141,
      "coco_ar1": 0.24835572340029685,
      "coco_ar10": 0.3599455455690494,
      "coco_ar100": 0.3696621754387633,
      "coco_ar_large": 0.5027438738047809,
      "coco_ar_medium": 0.39272821055354185,
      "coco_ar_small": 0.1453168734133328,
      "nms_iou_threshold": 0.4,
      "num_predictions": 22360.0,
      "num_samples": 500.0,
      "score_alpha": 2.0,
      "score_beta": 1.0,
      "score_threshold": 0.05,
      "top_k": 200
    },
    {
      "coco_ap": 0.23085340682873373,
      "coco_ap50": 0.35811984244140804,
      "coco_ap75": 0.24979901207346414,
      "coco_ap_large": 0.2960287029490255,
      "coco_ap_medium": 0.2578819482803773,
      "coco_ap_small": 0.10264891896230517,
      "coco_ar1": 0.24784939428637281,
      "coco_ar10": 0.369073332476645,
      "coco_ar100": 0.3821301086278872,
      "coco_ar_large": 0.5200890705204136,
      "coco_ar_medium": 0.405860781165229,
      "coco_ar_small": 0.15305757857684194,
      "nms_iou_threshold": 0.5,
      "num_predictions": 27400.0,
      "num_samples": 500.0,
      "score_alpha": 2.0,
      "score_beta": 1.0,
      "score_threshold": 0.05,
      "top_k": 200
    },
    {
      "coco_ap": 0.22969379248816507,
      "coco_ap50": 0.3504380894924796,
      "coco_ap75": 0.2521811123999764,
      "coco_ap_large": 0.29230695249837746,
      "coco_ap_medium": 0.2599495105372565,
      "coco_ap_small": 0.10269640808141428,
      "coco_ar1": 0.24784939428637281,
      "coco_ar10": 0.37970623560371136,
      "coco_ar100": 0.39784626959474484,
      "coco_ar_large": 0.5390632130130423,
      "coco_ar_medium": 0.4284521279008644,
      "coco_ar_small": 0.1585035326856075,
      "nms_iou_threshold": 0.6,
      "num_predictions": 34734.0,
      "num_samples": 500.0,
      "score_alpha": 2.0,
      "score_beta": 1.0,
      "score_threshold": 0.05,
      "top_k": 200
    },
    {
      "coco_ap": 0.2228715672800712,
      "coco_ap50": 0.34319932010005794,
      "coco_ap75": 0.24272147312397171,
      "coco_ap_large": 0.29040276963450345,
      "coco_ap_medium": 0.24520035799219675,
      "coco_ap_small": 0.08728747043514858,
      "coco_ar1": 0.23474860685399354,
      "coco_ar10": 0.31971292340404733,
      "coco_ar100": 0.3211375604167182,
      "coco_ar_large": 0.4545080994646617,
      "coco_ar_medium": 0.32521442701515796,
      "coco_ar_small": 0.10840195003664192,
      "nms_iou_threshold": 0.4,
      "num_predictions": 7670.0,
      "num_samples": 500.0,
      "score_alpha": 2.0,
      "score_beta": 1.0,
      "score_threshold": 0.1,
      "top_k": 20
    },
    {
      "coco_ap": 0.2233977865923742,
      "coco_ap50": 0.34109911842120394,
      "coco_ap75": 0.24422194028759317,
      "coco_ap_large": 0.2914055496918695,
      "coco_ap_medium": 0.24624729902855796,
      "coco_ap_small": 0.08575058429970178,
      "coco_ar1": 0.23362052849090012,
      "coco_ar10": 0.322788488017019,
      "coco_ar100": 0.324356213342176,
      "coco_ar_large": 0.4584479272854425,
      "coco_ar_medium": 0.3285628014886262,
      "coco_ar_small": 0.10726942992937911,
      "nms_iou_threshold": 0.5,
      "num_predictions": 8039.0,
      "num_samples": 500.0,
      "score_alpha": 2.0,
      "score_beta": 1.0,
      "score_threshold": 0.1,
      "top_k": 20
    },
    {
      "coco_ap": 0.22084971747619514,
      "coco_ap50": 0.33139392386390204,
      "coco_ap75": 0.24456282513264585,
      "coco_ap_large": 0.28722642892350536,
      "coco_ap_medium": 0.2442759294516508,
      "coco_ap_small": 0.08254747130924442,
      "coco_ar1": 0.23097328211020618,
      "coco_ar10": 0.3234064860043147,
      "coco_ar100": 0.3256812057926806,
      "coco_ar_large": 0.4607260387276273,
      "coco_ar_medium": 0.3310102344487761,
      "coco_ar_small": 0.10165566516682523,
      "nms_iou_threshold": 0.6,
      "num_predictions": 8502.0,
      "num_samples": 500.0,
      "score_alpha": 2.0,
      "score_beta": 1.0,
      "score_threshold": 0.1,
      "top_k": 20
    },
    {
      "coco_ap": 0.22748292465987868,
      "coco_ap50": 0.35371895778124435,
      "coco_ap75": 0.24643335303074393,
      "coco_ap_large": 0.2918277142549991,
      "coco_ap_medium": 0.25154918818532246,
      "coco_ap_small": 0.09746251199871732,
      "coco_ar1": 0.24018904198996605,
      "coco_ar10": 0.34026951319865323,
      "coco_ar100": 0.34574765518828016,
      "coco_ar_large": 0.47727950996306073,
      "coco_ar_medium": 0.3571434840181082,
      "coco_ar_small": 0.12656777157991758,
      "nms_iou_threshold": 0.4,
      "num_predictions": 11983.0,
      "num_samples": 500.0,
      "score_alpha": 2.0,
      "score_beta": 1.0,
      "score_threshold": 0.1,
      "top_k": 50
    },
    {
      "coco_ap": 0.22790655334906199,
      "coco_ap50": 0.35122888646301,
      "coco_ap75": 0.24763054089039566,
      "coco_ap_large": 0.2936519730578597,
      "coco_ap_medium": 0.25416562554845545,
      "coco_ap_small": 0.09657068244348713,
      "coco_ar1": 0.23911872589505473,
      "coco_ar10": 0.34577344785919245,
      "coco_ar100": 0.3530223492757402,
      "coco_ar_large": 0.49039436157819505,
      "coco_ar_medium": 0.3656571092758235,
      "coco_ar_small": 0.12697417891853358,
      "nms_iou_threshold": 0.5,
      "num_predictions": 13396.0,
      "num_samples": 500.0,
      "score_alpha": 2.0,
      "score_beta": 1.0,
      "score_threshold": 0.1,
      "top_k": 50
    },
    {
      "coco_ap": 0.22684509188031954,
      "coco_ap50": 0.34404234851891435,
      "coco_ap75": 0.2499713507816155,
      "coco_ap_large": 0.2900143529869919,
      "coco_ap_medium": 0.2560194045094922,
      "coco_ap_small": 0.09687170799866648,
      "coco_ar1": 0.23911872589505473,
      "coco_ar10": 0.35374342810231735,
      "coco_ar100": 0.362947032481299,
      "coco_ar_large": 0.49887109564908944,
      "coco_ar_medium": 0.3785095657333846,
      "coco_ar_small": 0.12993628987349531,
      "nms_iou_threshold": 0.6,
      "num_predictions": 15187.0,
      "num_samples": 500.0,
      "score_alpha": 2.0,
      "score_beta": 1.0,
      "score_threshold": 0.1,
      "top_k": 50
    },
    {
      "coco_ap": 0.22832518385194983,
      "coco_ap50": 0.3557859069347737,
      "coco_ap75": 0.247253655486098,
      "coco_ap_large": 0.29228669993394774,
      "coco_ap_medium": 0.2522095336108512,
      "coco_ap_small": 0.09831777523743705,
      "coco_ar1": 0.24199888086237634,
      "coco_ar10": 0.3448396780947799,
      "coco_ar100": 0.3518240956463477,
      "coco_ar_large": 0.48069912275767346,
      "coco_ar_medium": 0.36481014121059396,
      "coco_ar_small": 0.12980413632274332,
      "nms_iou_threshold": 0.4,
      "num_predictions": 13509.0,
      "num_samples": 500.0,
      "score_alpha": 2.0,
      "score_beta": 1.0,
      "score_threshold": 0.1,
      "top_k": 100
    },
    {
      "coco_ap": 0.22926934805836124,
      "coco_ap50": 0.3543963538620985,
      "coco_ap75": 0.24864713996955537,
      "coco_ap_large": 0.2943465152175219,
      "coco_ap_medium": 0.2554023472213711,
      "coco_ap_small": 0.09902922899388292,
      "coco_ar1": 0.24199888086237634,
      "coco_ar10": 0.35232431841889006,
      "coco_ar100": 0.36196037811693343,
      "coco_ar_large": 0.495571150281387,
      "coco_ar_medium": 0.37727800186971244,
      "coco_ar_small": 0.1335921622342977,
      "nms_iou_threshold": 0.5,
      "num_predictions": 16016.0,
      "num_samples": 500.0,
      "score_alpha": 2.0,
      "score_beta": 1.0,
      "score_threshold": 0.1,
      "top_k": 100
    },
    {
      "coco_ap": 0.22798296911752663,
      "coco_ap50": 0.34668672694333563,
      "coco_ap75": 0.25065195311743516,
      "coco_ap_large": 0.2904449125172126,
      "coco_ap_medium": 0.2576887713896878,
      "coco_ap_small": 0.0992530827674888,
      "coco_ar1": 0.24066336179209027,
      "coco_ar10": 0.3610081100738594,
      "coco_ar100": 0.3738728094855937,
      "coco_ar_large": 0.5075863412149291,
      "coco_ar_medium": 0.395305473338646,
      "coco_ar_small": 0.13811097202853984,
      "nms_iou_threshold": 0.6,
      "num_predictions": 19627.0,
      "num_samples": 500.0,
      "score_alpha": 2.0,
      "score_beta": 1.0,
      "score_threshold": 0.1,
      "top_k": 100
    },
    {
      "coco_ap": 0.22835967660443934,
      "coco_ap50": 0.35588023584717654,
      "coco_ap75": 0.24724955326712547,
      "coco_ap_large": 0.29228577138709705,
      "coco_ap_medium": 0.25227104161253905,
      "coco_ap_small": 0.09855920341734437,
      "coco_ar1": 0.24199888086237634,
      "coco_ar10": 0.34495071518116677,
      "coco_ar100": 0.3521026681013124,
      "coco_ar_large": 0.48069912275767346,
      "coco_ar_medium": 0.3651769040773568,
      "coco_ar_small": 0.13088638740499436,
      "nms_iou_threshold": 0.4,
      "num_predictions": 13802.0,
      "num_samples": 500.0,
      "score_alpha": 2.0,
      "score_beta": 1.0,
      "score_threshold": 0.1,
      "top_k": 200
    },
    {
      "coco_ap": 0.22935759759023686,
      "coco_ap50": 0.354575300852878,
      "coco_ap75": 0.2486861093507409,
      "coco_ap_large": 0.2943415515739957,
      "coco_ap_medium": 0.2554560063786487,
      "coco_ap_small": 0.09971137860706383,
      "coco_ar1": 0.24199888086237634,
      "coco_ar10": 0.3524353555052769,
      "coco_ar100": 0.36281005168021246,
      "coco_ar_large": 0.495571150281387,
      "coco_ar_medium": 0.37790931500102565,
      "coco_ar_small": 0.13590984479915044,
      "nms_iou_threshold": 0.5,
      "num_predictions": 16699.0,
      "num_samples": 500.0,
      "score_alpha": 2.0,
      "score_beta": 1.0,
      "score_threshold": 0.1,
      "top_k": 200
    },
    {
      "coco_ap": 0.22831814792167404,
      "coco_ap50": 0.34733710138312346,
      "coco_ap75": 0.2510550375105065,
      "coco_ap_large": 0.2906840416019255,
      "coco_ap_medium": 0.25782046201599434,
      "coco_ap_small": 0.1000034962979699,
      "coco_ar1": 0.24199888086237634,
      "coco_ar10": 0.36264975354492934,
      "coco_ar100": 0.37673807402277737,
      "coco_ar_large": 0.5087020555885338,
      "coco_ar_medium": 0.39767966814162803,
      "coco_ar_small": 0.142029889018401,
      "nms_iou_threshold": 0.6,
      "num_predictions": 21287.0,
      "num_samples": 500.0,
      "score_alpha": 2.0,
      "score_beta": 1.0,
      "score_threshold": 0.1,
      "top_k": 200
    },
    {
      "coco_ap": 0.22015105016700418,
      "coco_ap50": 0.3372599962090148,
      "coco_ap75": 0.24078647324164149,
      "coco_ap_large": 0.2865813351909249,
      "coco_ap_medium": 0.23996198545357436,
      "coco_ap_small": 0.08374990402045437,
      "coco_ar1": 0.22985636772108775,
      "coco_ar10": 0.3069671003699712,
      "coco_ar100": 0.30835069159459966,
      "coco_ar_large": 0.4343848002521201,
      "coco_ar_medium": 0.30997979196757397,
      "coco_ar_small": 0.09757059157338029,
      "nms_iou_threshold": 0.4,
      "num_predictions": 5721.0,
      "num_samples": 500.0,
      "score_alpha": 2.0,
      "score_beta": 1.0,
      "score_threshold": 0.2,
      "top_k": 20
    },
    {
      "coco_ap": 0.22087808047587065,
      "coco_ap50": 0.33589813362348125,
      "coco_ap75": 0.24212257328225595,
      "coco_ap_large": 0.28818290810889474,
      "coco_ap_medium": 0.24181598079653238,
      "coco_ap_small": 0.08267102848260009,
      "coco_ar1": 0.22887159005061436,
      "coco_ar10": 0.3109335404649962,
      "coco_ar100": 0.31244623001690064,
      "coco_ar_large": 0.44378085497516817,
      "coco_ar_medium": 0.31531465775670764,
      "coco_ar_small": 0.09698470096683452,
      "nms_iou_threshold": 0.5,
      "num_predictions": 6122.0,
      "num_samples": 500.0,
      "score_alpha": 2.0,
      "score_beta": 1.0,
      "score_threshold": 0.2,
      "top_k": 20
    },
    {
      "coco_ap": 0.2186064819880858,
      "coco_ap50": 0.3270335486359183,
      "coco_ap75": 0.2422655736172974,
      "coco_ap_large": 0.28384532279091124,
      "coco_ap_medium": 0.24066079731825513,
      "coco_ap_small": 0.08071072129180804,
      "coco_ar1": 0.22690624993844996,
      "coco_ar10": 0.3123686234551165,
      "coco_ar100": 0.31448991017865696,
      "coco_ar_large": 0.446314314933571,
      "coco_ar_medium": 0.317819515803512,
      "coco_ar_small": 0.09516666689724453,
      "nms_iou_threshold": 0.6,
      "num_predictions": 6711.0,
      "num_samples": 500.0,
      "score_alpha": 2.0,
      "score_beta": 1.0,
      "score_threshold": 0.2,
      "top_k": 20
    },
    {
      "coco_ap": 0.22283532035209294,
      "coco_ap50": 0.3435715132064228,
      "coco_ap75": 0.2427684070659686,
      "coco_ap_large": 0.2857656488742159,
      "coco_ap_medium": 0.24460635969294425,
      "coco_ap_small": 0.08982366984962975,
      "coco_ar1": 0.23237824274193894,
      "coco_ar10": 0.3149534726998382,
      "coco_ar100": 0.31958320519708194,
      "coco_ar_large": 0.4418750965468184,
      "coco_ar_medium": 0.3251257335249734,
      "coco_ar_small": 0.10675843273643668,
      "nms_iou_threshold": 0.4,
      "num_predictions": 6998.0,
      "num_samples": 500.0,
      "score_alpha": 2.0,
      "score_beta": 1.0,
      "score_threshold": 0.2,
      "top_k": 50
    },
    {
      "coco_ap": 0.2234135693088588,
      "coco_ap50": 0.3419977771331519,
      "coco_ap75": 0.2439070811310371,
      "coco_ap_large": 0.2876714817326471,
      "coco_ap_medium": 0.24805162519812796,
      "coco_ap_small": 0.08887652554879555,
      "coco_ar1": 0.23152404273223914,
      "coco_ar10": 0.3198874713702223,
      "coco_ar100": 0.3250260544981623,
      "coco_ar_large": 0.45317624406483836,
      "coco_ar_medium": 0.3345002290316893,
      "coco_ar_small": 0.10551261732443258,
      "nms_iou_threshold": 0.5,
      "num_predictions": 7955.0,
      "num_samples": 500.0,
      "score_alpha": 2.0,
      "score_beta": 1.0,
      "score_threshold": 0.2,
      "top_k": 50
    },
    {
      "coco_ap": 0.22255990649298457,
      "coco_ap50": 0.3358546796470148,
      "coco_ap75": 0.2460299854963006,
      "coco_ap_large": 0.2841629945617104,
      "coco_ap_medium": 0.24986075325575413,
      "coco_ap_small": 0.08912646156033131,
      "coco_ar1": 0.23152404273223914,
      "coco_ar10": 0.3262985469889175,
      "coco_ar100": 0.33323744205099143,
      "coco_ar_large": 0.4597995535181641,
      "coco_ar_medium": 0.34503333180582807,
      "coco_ar_small": 0.107791485524545,
      "nms_iou_threshold": 0.6,
      "num_predictions": 9513.0,
      "num_samples": 500.0,
      "score_alpha": 2.0,
      "score_beta": 1.0,
      "score_threshold": 0.2,
      "top_k": 50
    },
    {
      "coco_ap": 0.222982804797312,
      "coco_ap50": 0.34399491868092463,
      "coco_ap75": 0.24293420540327823,
      "coco_ap_large": 0.28568929204703003,
      "coco_ap_medium": 0.24482410561508183,
      "coco_ap_small": 0.08996464467263789,
      "coco_ar1": 0.2328525625440632,
      "coco_ar10": 0.3154793085455303,
      "coco_ar100": 0.3205221406904458,
      "coco_ar_large": 0.44229176321348507,
      "coco_ar_medium": 0.3265768050927238,
      "coco_ar_small": 0.10721242319042713,
      "nms_iou_threshold": 0.4,
      "num_predictions": 7184.0,
      "num_samples": 500.0,
      "score_alpha": 2.0,
      "score_beta": 1.0,
      "score_threshold": 0.2,
      "top_k": 100
    },
    {
      "coco_ap": 0.22395948103153795,
      "coco_ap50": 0.3433500512670216,
      "coco_ap75": 0.2442760665220869,
      "coco_ap_large": 0.28778783361494137,
      "coco_ap_medium": 0.24835831076230588,
      "coco_ap_small": 0.09063014619884921,
      "coco_ar1": 0.2328525625440632,
      "coco_ar10": 0.3215730748789951,
      "coco_ar100": 0.327642879776581,
      "coco_ar_large": 0.45394013295372726,
      "coco_ar_medium": 0.3365641804059854,
      "coco_ar_small": 0.10893012917954459,
      "nms_iou_threshold": 0.5,
      "num_predictions": 8336.0,
      "num_samples": 500.0,
      "score_alpha": 2.0,
      "score_beta": 1.0,
      "score_threshold": 0.2,
      "top_k": 100
    },
    {
      "coco_ap": 0.22305686471845995,
      "coco_ap50": 0.33714705713158755,
      "coco_ap75": 0.24630120356745624,
      "coco_ap_large": 0.2841662376871758,
      "coco_ap_medium": 0.2502738937095434,
      "coco_ap_small": 0.09060205028574046,
      "coco_ar1": 0.2328525625440632,
      "coco_ar10": 0.3282253671124412,
      "coco_ar100": 0.336523835285586,
      "coco_ar_large": 0.4608265265679204,
      "coco_ar_medium": 0.3482932349193618,
      "coco_ar_small": 0.11126924464339118,
      "nms_iou_threshold": 0.6,
      "num_predictions": 10317.0,
      "num_samples": 500.0,
      "score_alpha": 2.0,
      "score_beta": 1.0,
      "score_threshold": 0.2,
      "top_k": 100
    },
    {
      "coco_ap": 0.222982804797312,
      "coco_ap50": 0.34399491868092463,
      "coco_ap75": 0.24293420540327823,
      "coco_ap_large": 0.28568929204703003,
      "coco_ap_medium": 0.24482410561508183,
      "coco_ap_small": 0.08996464467263789,
      "coco_ar1": 0.2328525625440632,
      "coco_ar10": 0.3154793085455303,
      "coco_ar100": 0.3205221406904458,
      "coco_ar_large": 0.44229176321348507,
      "coco_ar_medium": 0.3265768050927238,
      "coco_ar_small": 0.10721242319042713,
      "nms_iou_threshold": 0.4,
      "num_predictions": 7184.0,
      "num_samples": 500.0,
      "score_alpha": 2.0,
      "score_beta": 1.0,
      "score_threshold": 0.2,
      "top_k": 200
    },
    {
      "coco_ap": 0.22395942378626238,
      "coco_ap50": 0.34334990799978055,
      "coco_ap75": 0.2442760665220869,
      "coco_ap_large": 0.28778783361494137,
      "coco_ap_medium": 0.24835818219145997,
      "coco_ap_small": 0.09063014619884921,
      "coco_ar1": 0.2328525625440632,
      "coco_ar10": 0.3215730748789951,
      "coco_ar100": 0.327642879776581,
      "coco_ar_large": 0.45394013295372726,
      "coco_ar_medium": 0.3365641804059854,
      "coco_ar_small": 0.10893012917954459,
      "nms_iou_threshold": 0.5,
      "num_predictions": 8346.0,
      "num_samples": 500.0,
      "score_alpha": 2.0,
      "score_beta": 1.0,
      "score_threshold": 0.2,
      "top_k": 200
    },
    {
      "coco_ap": 0.2230630573148017,
      "coco_ap50": 0.33722195204765504,
      "coco_ap75": 0.2462997980061967,
      "coco_ap_large": 0.2841659594647614,
      "coco_ap_medium": 0.2502749164994651,
      "coco_ap_small": 0.09065459951683852,
      "coco_ar1": 0.2328525625440632,
      "coco_ar10": 0.3282253671124412,
      "coco_ar100": 0.33656698061400003,
      "coco_ar_large": 0.4608265265679204,
      "coco_ar_medium": 0.34839313501926183,
      "coco_ar_small": 0.11137746975161629,
      "nms_iou_threshold": 0.6,
      "num_predictions": 10390.0,
      "num_samples": 500.0,
      "score_alpha": 2.0,
      "score_beta": 1.0,
      "score_threshold": 0.2,
      "top_k": 200
    }
  ],
  "sweep_space": {
    "nms_iou_thresholds": [
      0.4,
      0.5,
      0.6
    ],
    "score_alphas": [
      1.5,
      2.0
    ],
    "score_betas": [
      1.0
    ],
    "score_thresholds": [
      0.03,
      0.05,
      0.1,
      0.2
    ],
    "top_ks": [
      20,
      50,
      100,
      200
    ]
  },
  "top_by_ap": [
    {
      "coco_ap": 0.23123283526642385,
      "coco_ap50": 0.35922296465022224,
      "coco_ap75": 0.24998521382910532,
      "coco_ap_large": 0.2965478020995275,
      "coco_ap_medium": 0.25828946716893747,
      "coco_ap_small": 0.10530350119787667,
      "coco_ar1": 0.24955830981681898,
      "coco_ar10": 0.37434308954937856,
      "coco_ar100": 0.3884965671212154,
      "coco_ar_large": 0.5343643274171722,
      "coco_ar_medium": 0.41155375907255154,
      "coco_ar_small": 0.16645549032160073,
      "nms_iou_threshold": 0.5,
      "num_predictions": 35637.0,
      "num_samples": 500.0,
      "score_alpha": 2.0,
      "score_beta": 1.0,
      "score_threshold": 0.03,
      "top_k": 200
    },
    {
      "coco_ap": 0.23089745894578542,
      "coco_ap50": 0.358303787575507,
      "coco_ap75": 0.2498412660041426,
      "coco_ap_large": 0.29660933428998176,
      "coco_ap_medium": 0.25734126259054674,
      "coco_ap_small": 0.10507713384278859,
      "coco_ar1": 0.24936074038035133,
      "coco_ar10": 0.37124326078950404,
      "coco_ar100": 0.3822916358784727,
      "coco_ar_large": 0.5338910875631764,
      "coco_ar_medium": 0.39988844662146594,
      "coco_ar_small": 0.1580831373158025,
      "nms_iou_threshold": 0.5,
      "num_predictions": 28790.0,
      "num_samples": 500.0,
      "score_alpha": 2.0,
      "score_beta": 1.0,
      "score_threshold": 0.03,
      "top_k": 100
    },
    {
      "coco_ap": 0.23085340682873373,
      "coco_ap50": 0.35811984244140804,
      "coco_ap75": 0.24979901207346414,
      "coco_ap_large": 0.2960287029490255,
      "coco_ap_medium": 0.2578819482803773,
      "coco_ap_small": 0.10264891896230517,
      "coco_ar1": 0.24784939428637281,
      "coco_ar10": 0.369073332476645,
      "coco_ar100": 0.3821301086278872,
      "coco_ar_large": 0.5200890705204136,
      "coco_ar_medium": 0.405860781165229,
      "coco_ar_small": 0.15305757857684194,
      "nms_iou_threshold": 0.5,
      "num_predictions": 27400.0,
      "num_samples": 500.0,
      "score_alpha": 2.0,
      "score_beta": 1.0,
      "score_threshold": 0.05,
      "top_k": 200
    },
    {
      "coco_ap": 0.23062540160897574,
      "coco_ap50": 0.3575436625630863,
      "coco_ap75": 0.24968281686865176,
      "coco_ap_large": 0.296066751618772,
      "coco_ap_medium": 0.25719271320853626,
      "coco_ap_small": 0.10196342530469932,
      "coco_ar1": 0.24778277203454072,
      "coco_ar10": 0.3676019134370591,
      "coco_ar100": 0.37853440483487516,
      "coco_ar_large": 0.5199635734616868,
      "coco_ar_medium": 0.3975468100135367,
      "coco_ar_small": 0.1483012380173375,
      "nms_iou_threshold": 0.5,
      "num_predictions": 23936.0,
      "num_samples": 500.0,
      "score_alpha": 2.0,
      "score_beta": 1.0,
      "score_threshold": 0.05,
      "top_k": 100
    },
    {
      "coco_ap": 0.23036220999067913,
      "coco_ap50": 0.36151194523405733,
      "coco_ap75": 0.24851808994509408,
      "coco_ap_large": 0.2944650825792967,
      "coco_ap_medium": 0.25533207390615176,
      "coco_ap_small": 0.10412361030261828,
      "coco_ar1": 0.2500646389307431,
      "coco_ar10": 0.3655563814864461,
      "coco_ar100": 0.3767417019934669,
      "coco_ar_large": 0.5087616293883617,
      "coco_ar_medium": 0.3991139012125567,
      "coco_ar_small": 0.1606460116125472,
      "nms_iou_threshold": 0.4,
      "num_predictions": 29234.0,
      "num_samples": 500.0,
      "score_alpha": 2.0,
      "score_beta": 1.0,
      "score_threshold": 0.03,
      "top_k": 200
    },
    {
      "coco_ap": 0.23007218258964662,
      "coco_ap50": 0.3606096173485477,
      "coco_ap75": 0.24849784664412303,
      "coco_ap_large": 0.29448476228548803,
      "coco_ap_medium": 0.2547366785706048,
      "coco_ap_small": 0.10416113733334281,
      "coco_ar1": 0.24936074038035133,
      "coco_ar10": 0.36253374049086223,
      "coco_ar100": 0.37206444702055613,
      "coco_ar_large": 0.5082756765925911,
      "coco_ar_medium": 0.39188484660609707,
      "coco_ar_small": 0.15332202885559715,
      "nms_iou_threshold": 0.4,
      "num_predictions": 25389.0,
      "num_samples": 500.0,
      "score_alpha": 2.0,
      "score_beta": 1.0,
      "score_threshold": 0.03,
      "top_k": 100
    },
    {
      "coco_ap": 0.22996859733133226,
      "coco_ap50": 0.35115306797209794,
      "coco_ap75": 0.2523409601621679,
      "coco_ap_large": 0.29265800476762777,
      "coco_ap_medium": 0.26018479893391794,
      "coco_ap_small": 0.10596304673831232,
      "coco_ar1": 0.24955830981681898,
      "coco_ar10": 0.38376270317951067,
      "coco_ar100": 0.4031992436332034,
      "coco_ar_large": 0.5481616605458616,
      "coco_ar_medium": 0.4329162467676591,
      "coco_ar_small": 0.17006511971980498,
      "nms_iou_threshold": 0.6,
      "num_predictions": 43880.0,
      "num_samples": 500.0,
      "score_alpha": 2.0,
      "score_beta": 1.0,
      "score_threshold": 0.03,
      "top_k": 200
    },
    {
      "coco_ap": 0.2298581548369701,
      "coco_ap50": 0.36002667280237827,
      "coco_ap75": 0.24829065146905155,
      "coco_ap_large": 0.2940115638330308,
      "coco_ap_medium": 0.2548597445500639,
      "coco_ap_small": 0.1013224589335141,
      "coco_ar1": 0.24835572340029685,
      "coco_ar10": 0.3599455455690494,
      "coco_ar100": 0.3696621754387633,
      "coco_ar_large": 0.5027438738047809,
      "coco_ar_medium": 0.39272821055354185,
      "coco_ar_small": 0.1453168734133328,
      "nms_iou_threshold": 0.4,
      "num_predictions": 22360.0,
      "num_samples": 500.0,
      "score_alpha": 2.0,
      "score_beta": 1.0,
      "score_threshold": 0.05,
      "top_k": 200
    },
    {
      "coco_ap": 0.22969379248816507,
      "coco_ap50": 0.3504380894924796,
      "coco_ap75": 0.2521811123999764,
      "coco_ap_large": 0.29230695249837746,
      "coco_ap_medium": 0.2599495105372565,
      "coco_ap_small": 0.10269640808141428,
      "coco_ar1": 0.24784939428637281,
      "coco_ar10": 0.37970623560371136,
      "coco_ar100": 0.39784626959474484,
      "coco_ar_large": 0.5390632130130423,
      "coco_ar_medium": 0.4284521279008644,
      "coco_ar_small": 0.1585035326856075,
      "nms_iou_threshold": 0.6,
      "num_predictions": 34734.0,
      "num_samples": 500.0,
      "score_alpha": 2.0,
      "score_beta": 1.0,
      "score_threshold": 0.05,
      "top_k": 200
    },
    {
      "coco_ap": 0.22967608244983798,
      "coco_ap50": 0.35949082875398053,
      "coco_ap75": 0.2482881827541996,
      "coco_ap_large": 0.2940365646522819,
      "coco_ap_medium": 0.25438685356574364,
      "coco_ap_small": 0.10099523936154843,
      "coco_ar1": 0.24778277203454072,
      "coco_ar10": 0.3586918214432133,
      "coco_ar100": 0.3672671616250992,
      "coco_ar_large": 0.5026231008579211,
      "coco_ar_medium": 0.38790632608880016,
      "coco_ar_small": 0.14256157315803256,
      "nms_iou_threshold": 0.4,
      "num_predictions": 20718.0,
      "num_samples": 500.0,
      "score_alpha": 2.0,
      "score_beta": 1.0,
      "score_threshold": 0.05,
      "top_k": 100
    }
  ],
  "top_by_ap50": [
    {
      "coco_ap": 0.23036220999067913,
      "coco_ap50": 0.36151194523405733,
      "coco_ap75": 0.24851808994509408,
      "coco_ap_large": 0.2944650825792967,
      "coco_ap_medium": 0.25533207390615176,
      "coco_ap_small": 0.10412361030261828,
      "coco_ar1": 0.2500646389307431,
      "coco_ar10": 0.3655563814864461,
      "coco_ar100": 0.3767417019934669,
      "coco_ar_large": 0.5087616293883617,
      "coco_ar_medium": 0.3991139012125567,
      "coco_ar_small": 0.1606460116125472,
      "nms_iou_threshold": 0.4,
      "num_predictions": 29234.0,
      "num_samples": 500.0,
      "score_alpha": 2.0,
      "score_beta": 1.0,
      "score_threshold": 0.03,
      "top_k": 200
    },
    {
      "coco_ap": 0.23007218258964662,
      "coco_ap50": 0.3606096173485477,
      "coco_ap75": 0.24849784664412303,
      "coco_ap_large": 0.29448476228548803,
      "coco_ap_medium": 0.2547366785706048,
      "coco_ap_small": 0.10416113733334281,
      "coco_ar1": 0.24936074038035133,
      "coco_ar10": 0.36253374049086223,
      "coco_ar100": 0.37206444702055613,
      "coco_ar_large": 0.5082756765925911,
      "coco_ar_medium": 0.39188484660609707,
      "coco_ar_small": 0.15332202885559715,
      "nms_iou_threshold": 0.4,
      "num_predictions": 25389.0,
      "num_samples": 500.0,
      "score_alpha": 2.0,
      "score_beta": 1.0,
      "score_threshold": 0.03,
      "top_k": 100
    },
    {
      "coco_ap": 0.22760650229139148,
      "coco_ap50": 0.36041185012410604,
      "coco_ap75": 0.24567125583362825,
      "coco_ap_large": 0.28932166743902576,
      "coco_ap_medium": 0.251159634150226,
      "coco_ap_small": 0.10035785275500234,
      "coco_ar1": 0.24790400132538448,
      "coco_ar10": 0.36387040986825336,
      "coco_ar100": 0.3760174561617283,
      "coco_ar_large": 0.5089011142505566,
      "coco_ar_medium": 0.3986289234371013,
      "coco_ar_small": 0.15988773849695426,
      "nms_iou_threshold": 0.4,
      "num_predictions": 37411.0,
      "num_samples": 500.0,
      "score_alpha": 1.5,
      "score_beta": 1.0,
      "score_threshold": 0.03,
      "top_k": 200
    },
    {
      "coco_ap": 0.2298581548369701,
      "coco_ap50": 0.36002667280237827,
      "coco_ap75": 0.24829065146905155,
      "coco_ap_large": 0.2940115638330308,
      "coco_ap_medium": 0.2548597445500639,
      "coco_ap_small": 0.1013224589335141,
      "coco_ar1": 0.24835572340029685,
      "coco_ar10": 0.3599455455690494,
      "coco_ar100": 0.3696621754387633,
      "coco_ar_large": 0.5027438738047809,
      "coco_ar_medium": 0.39272821055354185,
      "coco_ar_small": 0.1453168734133328,
      "nms_iou_threshold": 0.4,
      "num_predictions": 22360.0,
      "num_samples": 500.0,
      "score_alpha": 2.0,
      "score_beta": 1.0,
      "score_threshold": 0.05,
      "top_k": 200
    },
    {
      "coco_ap": 0.2273990429860396,
      "coco_ap50": 0.35975086652943283,
      "coco_ap75": 0.2455971949929055,
      "coco_ap_large": 0.289139078347971,
      "coco_ap_medium": 0.25093935541432827,
      "coco_ap_small": 0.10005776028633007,
      "coco_ar1": 0.2475474037480905,
      "coco_ar10": 0.36058374444598046,
      "coco_ar100": 0.3718212174235571,
      "coco_ar_large": 0.5048388180290215,
      "coco_ar_medium": 0.39373192740470425,
      "coco_ar_small": 0.15538927500055197,
      "nms_iou_threshold": 0.4,
      "num_predictions": 29136.0,
      "num_samples": 500.0,
      "score_alpha": 1.5,
      "score_beta": 1.0,
      "score_threshold": 0.05,
      "top_k": 200
    },
    {
      "coco_ap": 0.22967608244983798,
      "coco_ap50": 0.35949082875398053,
      "coco_ap75": 0.2482881827541996,
      "coco_ap_large": 0.2940365646522819,
      "coco_ap_medium": 0.25438685356574364,
      "coco_ap_small": 0.10099523936154843,
      "coco_ar1": 0.24778277203454072,
      "coco_ar10": 0.3586918214432133,
      "coco_ar100": 0.3672671616250992,
      "coco_ar_large": 0.5026231008579211,
      "coco_ar_medium": 0.38790632608880016,
      "coco_ar_small": 0.14256157315803256,
      "nms_iou_threshold": 0.4,
      "num_predictions": 20718.0,
      "num_samples": 500.0,
      "score_alpha": 2.0,
      "score_beta": 1.0,
      "score_threshold": 0.05,
      "top_k": 100
    },
    {
      "coco_ap": 0.22729754036260139,
      "coco_ap50": 0.3594690185857901,
      "coco_ap75": 0.24562082077334868,
      "coco_ap_large": 0.28934138938803583,
      "coco_ap_medium": 0.250668052057471,
      "coco_ap_small": 0.09983533376959626,
      "coco_ar1": 0.24722893927205447,
      "coco_ar10": 0.3606991116311708,
      "coco_ar100": 0.37021042371732177,
      "coco_ar_large": 0.5085312102897789,
      "coco_ar_medium": 0.3915970604964462,
      "coco_ar_small": 0.14992872917045585,
      "nms_iou_threshold": 0.4,
      "num_predictions": 30148.0,
      "num_samples": 500.0,
      "score_alpha": 1.5,
      "score_beta": 1.0,
      "score_threshold": 0.03,
      "top_k": 100
    },
    {
      "coco_ap": 0.23123283526642385,
      "coco_ap50": 0.35922296465022224,
      "coco_ap75": 0.24998521382910532,
      "coco_ap_large": 0.2965478020995275,
      "coco_ap_medium": 0.25828946716893747,
      "coco_ap_small": 0.10530350119787667,
      "coco_ar1": 0.24955830981681898,
      "coco_ar10": 0.37434308954937856,
      "coco_ar100": 0.3884965671212154,
      "coco_ar_large": 0.5343643274171722,
      "coco_ar_medium": 0.41155375907255154,
      "coco_ar_small": 0.16645549032160073,
      "nms_iou_threshold": 0.5,
      "num_predictions": 35637.0,
      "num_samples": 500.0,
      "score_alpha": 2.0,
      "score_beta": 1.0,
      "score_threshold": 0.03,
      "top_k": 200
    },
    {
      "coco_ap": 0.2271504723352956,
      "coco_ap50": 0.35894833103176466,
      "coco_ap75": 0.24556954614675855,
      "coco_ap_large": 0.2891527514996615,
      "coco_ap_medium": 0.2504960273307611,
      "coco_ap_small": 0.09972056489590535,
      "coco_ar1": 0.24691012744953092,
      "coco_ar10": 0.35838523661303395,
      "coco_ar100": 0.367476700511439,
      "coco_ar_large": 0.5047657186138169,
      "coco_ar_medium": 0.3874760435636036,
      "coco_ar_small": 0.1483557988207654,
      "nms_iou_threshold": 0.4,
      "num_predictions": 25344.0,
      "num_samples": 500.0,
      "score_alpha": 1.5,
      "score_beta": 1.0,
      "score_threshold": 0.05,
      "top_k": 100
    },
    {
      "coco_ap": 0.23089745894578542,
      "coco_ap50": 0.358303787575507,
      "coco_ap75": 0.2498412660041426,
      "coco_ap_large": 0.29660933428998176,
      "coco_ap_medium": 0.25734126259054674,
      "coco_ap_small": 0.10507713384278859,
      "coco_ar1": 0.24936074038035133,
      "coco_ar10": 0.37124326078950404,
      "coco_ar100": 0.3822916358784727,
      "coco_ar_large": 0.5338910875631764,
      "coco_ar_medium": 0.39988844662146594,
      "coco_ar_small": 0.1580831373158025,
      "nms_iou_threshold": 0.5,
      "num_predictions": 28790.0,
      "num_samples": 500.0,
      "score_alpha": 2.0,
      "score_beta": 1.0,
      "score_threshold": 0.03,
      "top_k": 100
    }
  ],
  "top_by_ar100": [
    {
      "coco_ap": 0.2265870099477808,
      "coco_ap50": 0.3483383239901912,
      "coco_ap75": 0.24929216994972947,
      "coco_ap_large": 0.28717018160683183,
      "coco_ap_medium": 0.2547610315064144,
      "coco_ap_small": 0.10312040524904925,
      "coco_ar1": 0.24726672502682495,
      "coco_ar10": 0.381815655427602,
      "coco_ar100": 0.4056075476159338,
      "coco_ar_large": 0.5525673747428146,
      "coco_ar_medium": 0.43437652279056826,
      "coco_ar_small": 0.17208097656504068,
      "nms_iou_threshold": 0.6,
      "num_predictions": 54162.0,
      "num_samples": 500.0,
      "score_alpha": 1.5,
      "score_beta": 1.0,
      "score_threshold": 0.03,
      "top_k": 200
    },
    {
      "coco_ap": 0.22996859733133226,
      "coco_ap50": 0.35115306797209794,
      "coco_ap75": 0.2523409601621679,
      "coco_ap_large": 0.29265800476762777,
      "coco_ap_medium": 0.26018479893391794,
      "coco_ap_small": 0.10596304673831232,
      "coco_ar1": 0.24955830981681898,
      "coco_ar10": 0.38376270317951067,
      "coco_ar100": 0.4031992436332034,
      "coco_ar_large": 0.5481616605458616,
      "coco_ar_medium": 0.4329162467676591,
      "coco_ar_small": 0.17006511971980498,
      "nms_iou_threshold": 0.6,
      "num_predictions": 43880.0,
      "num_samples": 500.0,
      "score_alpha": 2.0,
      "score_beta": 1.0,
      "score_threshold": 0.03,
      "top_k": 200
    },
    {
      "coco_ap": 0.22643485276319716,
      "coco_ap50": 0.3479747151629756,
      "coco_ap75": 0.24922339221737197,
      "coco_ap_large": 0.28702587375637967,
      "coco_ap_medium": 0.25458325423378736,
      "coco_ap_small": 0.10298245286290417,
      "coco_ar1": 0.24691012744953092,
      "coco_ar10": 0.37919426725012034,
      "coco_ar100": 0.4007702495878628,
      "coco_ar_large": 0.5463833963193093,
      "coco_ar_medium": 0.42962537403109946,
      "coco_ar_small": 0.1691689322593346,
      "nms_iou_threshold": 0.6,
      "num_predictions": 44063.0,
      "num_samples": 500.0,
      "score_alpha": 1.5,
      "score_beta": 1.0,
      "score_threshold": 0.05,
      "top_k": 200
    },
    {
      "coco_ap": 0.22969379248816507,
      "coco_ap50": 0.3504380894924796,
      "coco_ap75": 0.2521811123999764,
      "coco_ap_large": 0.29230695249837746,
      "coco_ap_medium": 0.2599495105372565,
      "coco_ap_small": 0.10269640808141428,
      "coco_ar1": 0.24784939428637281,
      "coco_ar10": 0.37970623560371136,
      "coco_ar100": 0.39784626959474484,
      "coco_ar_large": 0.5390632130130423,
      "coco_ar_medium": 0.4284521279008644,
      "coco_ar_small": 0.1585035326856075,
      "nms_iou_threshold": 0.6,
      "num_predictions": 34734.0,
      "num_samples": 500.0,
      "score_alpha": 2.0,
      "score_beta": 1.0,
      "score_threshold": 0.05,
      "top_k": 200
    },
    {
      "coco_ap": 0.22929179037114997,
      "coco_ap50": 0.3497647004276812,
      "coco_ap75": 0.2516768818766158,
      "coco_ap_large": 0.29240666601281656,
      "coco_ap_medium": 0.25924020304743695,
      "coco_ap_small": 0.10625569835677351,
      "coco_ar1": 0.24729188454631787,
      "coco_ar10": 0.37710954266828517,
      "coco_ar100": 0.3923114048227908,
      "coco_ar_large": 0.5416336571916711,
      "coco_ar_medium": 0.41758885275253566,
      "coco_ar_small": 0.15936973836453666,
      "nms_iou_threshold": 0.6,
      "num_predictions": 32666.0,
      "num_samples": 500.0,
      "score_alpha": 2.0,
      "score_beta": 1.0,
      "score_threshold": 0.03,
      "top_k": 100
    },
    {
      "coco_ap": 0.2258090962917063,
      "coco_ap50": 0.3470075090192616,
      "coco_ap75": 0.24855372219110453,
      "coco_ap_large": 0.28676708994144784,
      "coco_ap_medium": 0.2539557252313292,
      "coco_ap_small": 0.09984353405197595,
      "coco_ar1": 0.2449964526877894,
      "coco_ar10": 0.3730870874368325,
      "coco_ar100": 0.39216951390366683,
      "coco_ar_large": 0.5441842590974294,
      "coco_ar_medium": 0.41527242063662423,
      "coco_ar_small": 0.15187048088288133,
      "nms_iou_threshold": 0.6,
      "num_predictions": 37094.0,
      "num_samples": 500.0,
      "score_alpha": 1.5,
      "score_beta": 1.0,
      "score_threshold": 0.03,
      "top_k": 100
    },
    {
      "coco_ap": 0.22814769611379632,
      "coco_ap50": 0.3574507264663964,
      "coco_ap75": 0.24655231814345852,
      "coco_ap_large": 0.2908320013145338,
      "coco_ap_medium": 0.2525677672069138,
      "coco_ap_small": 0.10159513679447557,
      "coco_ar1": 0.24739767221146042,
      "coco_ar10": 0.37444388498423953,
      "coco_ar100": 0.39072576507343065,
      "coco_ar_large": 0.5349649174772858,
      "coco_ar_medium": 0.41484888535724374,
      "coco_ar_small": 0.16761391197830733,
      "nms_iou_threshold": 0.5,
      "num_predictions": 45039.0,
      "num_samples": 500.0,
      "score_alpha": 1.5,
      "score_beta": 1.0,
      "score_threshold": 0.03,
      "top_k": 200
    },
    {
      "coco_ap": 0.22905748384680713,
      "coco_ap50": 0.3491123414977934,
      "coco_ap75": 0.2515252854587951,
      "coco_ap_large": 0.29208266862622856,
      "coco_ap_medium": 0.25906502372900597,
      "coco_ap_small": 0.10167985465685102,
      "coco_ar1": 0.2457756636534248,
      "coco_ar10": 0.37412419998795615,
      "coco_ar100": 0.3889514698489625,
      "coco_ar_large": 0.5367411119050506,
      "coco_ar_medium": 0.4150594023918379,
      "coco_ar_small": 0.149954896114969,
      "nms_iou_threshold": 0.6,
      "num_predictions": 28077.0,
      "num_samples": 500.0,
      "score_alpha": 2.0,
      "score_beta": 1.0,
      "score_threshold": 0.05,
      "top_k": 100
    },
    {
      "coco_ap": 0.22569207979428005,
      "coco_ap50": 0.3467464781055903,
      "coco_ap75": 0.24847835940419716,
      "coco_ap_large": 0.28664933389900255,
      "coco_ap_medium": 0.25378808227351635,
      "coco_ap_small": 0.09978417512016924,
      "coco_ar1": 0.24473938831818348,
      "coco_ar10": 0.3714453680545411,
      "coco_ar100": 0.3889043730602728,
      "coco_ar_large": 0.5391994305852529,
      "coco_ar_medium": 0.41144841207702293,
      "coco_ar_small": 0.15091347431992558,
      "nms_iou_threshold": 0.6,
      "num_predictions": 32806.0,
      "num_samples": 500.0,
      "score_alpha": 1.5,
      "score_beta": 1.0,
      "score_threshold": 0.05,
      "top_k": 100
    },
    {
      "coco_ap": 0.23123283526642385,
      "coco_ap50": 0.35922296465022224,
      "coco_ap75": 0.24998521382910532,
      "coco_ap_large": 0.2965478020995275,
      "coco_ap_medium": 0.25828946716893747,
      "coco_ap_small": 0.10530350119787667,
      "coco_ar1": 0.24955830981681898,
      "coco_ar10": 0.37434308954937856,
      "coco_ar100": 0.3884965671212154,
      "coco_ar_large": 0.5343643274171722,
      "coco_ar_medium": 0.41155375907255154,
      "coco_ar_small": 0.16645549032160073,
      "nms_iou_threshold": 0.5,
      "num_predictions": 35637.0,
      "num_samples": 500.0,
      "score_alpha": 2.0,
      "score_beta": 1.0,
      "score_threshold": 0.03,
      "top_k": 200
    }
  ]
}
sweep_exit=0
stage=pred_only_vis12
creating index...
index created!
Loading and preparing results...
DONE (t=0.00s)
creating index...
index created!
Running per image evaluation...
Evaluate annotation type *bbox*
DONE (t=0.08s).
Accumulating evaluation results...
DONE (t=0.08s).
 Average Precision  (AP) @[ IoU=0.50:0.95 | area=   all | maxDets=100 ] = 0.222
 Average Precision  (AP) @[ IoU=0.50      | area=   all | maxDets=100 ] = 0.343
 Average Precision  (AP) @[ IoU=0.75      | area=   all | maxDets=100 ] = 0.258
 Average Precision  (AP) @[ IoU=0.50:0.95 | area= small | maxDets=100 ] = 0.131
 Average Precision  (AP) @[ IoU=0.50:0.95 | area=medium | maxDets=100 ] = 0.423
 Average Precision  (AP) @[ IoU=0.50:0.95 | area= large | maxDets=100 ] = 0.365
 Average Recall     (AR) @[ IoU=0.50:0.95 | area=   all | maxDets=  1 ] = 0.183
 Average Recall     (AR) @[ IoU=0.50:0.95 | area=   all | maxDets= 10 ] = 0.261
 Average Recall     (AR) @[ IoU=0.50:0.95 | area=   all | maxDets=100 ] = 0.280
 Average Recall     (AR) @[ IoU=0.50:0.95 | area= small | maxDets=100 ] = 0.153
 Average Recall     (AR) @[ IoU=0.50:0.95 | area=medium | maxDets=100 ] = 0.448
 Average Recall     (AR) @[ IoU=0.50:0.95 | area= large | maxDets=100 ] = 0.426
creating index...
index created!
Loading and preparing results...
DONE (t=0.00s)
creating index...
index created!
Running per image evaluation...
Evaluate annotation type *bbox*
DONE (t=0.08s).
Accumulating evaluation results...
DONE (t=0.08s).
 Average Precision  (AP) @[ IoU=0.50:0.95 | area=   all | maxDets=100 ] = 0.222
 Average Precision  (AP) @[ IoU=0.50      | area=   all | maxDets=100 ] = 0.343
 Average Precision  (AP) @[ IoU=0.75      | area=   all | maxDets=100 ] = 0.258
 Average Precision  (AP) @[ IoU=0.50:0.95 | area= small | maxDets=100 ] = 0.131
 Average Precision  (AP) @[ IoU=0.50:0.95 | area=medium | maxDets=100 ] = 0.423
 Average Precision  (AP) @[ IoU=0.50:0.95 | area= large | maxDets=100 ] = 0.365
 Average Recall     (AR) @[ IoU=0.50:0.95 | area=   all | maxDets=  1 ] = 0.183
 Average Recall     (AR) @[ IoU=0.50:0.95 | area=   all | maxDets= 10 ] = 0.261
 Average Recall     (AR) @[ IoU=0.50:0.95 | area=   all | maxDets=100 ] = 0.280
 Average Recall     (AR) @[ IoU=0.50:0.95 | area= small | maxDets=100 ] = 0.153
 Average Recall     (AR) @[ IoU=0.50:0.95 | area=medium | maxDets=100 ] = 0.448
 Average Recall     (AR) @[ IoU=0.50:0.95 | area= large | maxDets=100 ] = 0.426
creating index...
index created!
Loading and preparing results...
DONE (t=0.00s)
creating index...
index created!
Running per image evaluation...
Evaluate annotation type *bbox*
DONE (t=0.07s).
Accumulating evaluation results...
DONE (t=0.07s).
 Average Precision  (AP) @[ IoU=0.50:0.95 | area=   all | maxDets=100 ] = 0.222
 Average Precision  (AP) @[ IoU=0.50      | area=   all | maxDets=100 ] = 0.343
 Average Precision  (AP) @[ IoU=0.75      | area=   all | maxDets=100 ] = 0.258
 Average Precision  (AP) @[ IoU=0.50:0.95 | area= small | maxDets=100 ] = 0.131
 Average Precision  (AP) @[ IoU=0.50:0.95 | area=medium | maxDets=100 ] = 0.423
 Average Precision  (AP) @[ IoU=0.50:0.95 | area= large | maxDets=100 ] = 0.365
 Average Recall     (AR) @[ IoU=0.50:0.95 | area=   all | maxDets=  1 ] = 0.183
 Average Recall     (AR) @[ IoU=0.50:0.95 | area=   all | maxDets= 10 ] = 0.261
 Average Recall     (AR) @[ IoU=0.50:0.95 | area=   all | maxDets=100 ] = 0.280
 Average Recall     (AR) @[ IoU=0.50:0.95 | area= small | maxDets=100 ] = 0.153
 Average Recall     (AR) @[ IoU=0.50:0.95 | area=medium | maxDets=100 ] = 0.448
 Average Recall     (AR) @[ IoU=0.50:0.95 | area= large | maxDets=100 ] = 0.426
creating index...
index created!
Loading and preparing results...
DONE (t=0.00s)
creating index...
index created!
Running per image evaluation...
Evaluate annotation type *bbox*
DONE (t=0.06s).
Accumulating evaluation results...
DONE (t=0.07s).
 Average Precision  (AP) @[ IoU=0.50:0.95 | area=   all | maxDets=100 ] = 0.221
 Average Precision  (AP) @[ IoU=0.50      | area=   all | maxDets=100 ] = 0.338
 Average Precision  (AP) @[ IoU=0.75      | area=   all | maxDets=100 ] = 0.257
 Average Precision  (AP) @[ IoU=0.50:0.95 | area= small | maxDets=100 ] = 0.126
 Average Precision  (AP) @[ IoU=0.50:0.95 | area=medium | maxDets=100 ] = 0.422
 Average Precision  (AP) @[ IoU=0.50:0.95 | area= large | maxDets=100 ] = 0.359
 Average Recall     (AR) @[ IoU=0.50:0.95 | area=   all | maxDets=  1 ] = 0.183
 Average Recall     (AR) @[ IoU=0.50:0.95 | area=   all | maxDets= 10 ] = 0.255
 Average Recall     (AR) @[ IoU=0.50:0.95 | area=   all | maxDets=100 ] = 0.272
 Average Recall     (AR) @[ IoU=0.50:0.95 | area= small | maxDets=100 ] = 0.142
 Average Recall     (AR) @[ IoU=0.50:0.95 | area=medium | maxDets=100 ] = 0.444
 Average Recall     (AR) @[ IoU=0.50:0.95 | area= large | maxDets=100 ] = 0.381
creating index...
index created!
Loading and preparing results...
DONE (t=0.00s)
creating index...
index created!
Running per image evaluation...
Evaluate annotation type *bbox*
DONE (t=0.04s).
Accumulating evaluation results...
DONE (t=0.07s).
 Average Precision  (AP) @[ IoU=0.50:0.95 | area=   all | maxDets=100 ] = 0.219
 Average Precision  (AP) @[ IoU=0.50      | area=   all | maxDets=100 ] = 0.335
 Average Precision  (AP) @[ IoU=0.75      | area=   all | maxDets=100 ] = 0.256
 Average Precision  (AP) @[ IoU=0.50:0.95 | area= small | maxDets=100 ] = 0.123
 Average Precision  (AP) @[ IoU=0.50:0.95 | area=medium | maxDets=100 ] = 0.422
 Average Precision  (AP) @[ IoU=0.50:0.95 | area= large | maxDets=100 ] = 0.356
 Average Recall     (AR) @[ IoU=0.50:0.95 | area=   all | maxDets=  1 ] = 0.183
 Average Recall     (AR) @[ IoU=0.50:0.95 | area=   all | maxDets= 10 ] = 0.254
 Average Recall     (AR) @[ IoU=0.50:0.95 | area=   all | maxDets=100 ] = 0.268
 Average Recall     (AR) @[ IoU=0.50:0.95 | area= small | maxDets=100 ] = 0.135
 Average Recall     (AR) @[ IoU=0.50:0.95 | area=medium | maxDets=100 ] = 0.444
 Average Recall     (AR) @[ IoU=0.50:0.95 | area= large | maxDets=100 ] = 0.375
creating index...
index created!
Loading and preparing results...
DONE (t=0.00s)
creating index...
index created!
Running per image evaluation...
Evaluate annotation type *bbox*
DONE (t=0.03s).
Accumulating evaluation results...
DONE (t=0.06s).
 Average Precision  (AP) @[ IoU=0.50:0.95 | area=   all | maxDets=100 ] = 0.205
 Average Precision  (AP) @[ IoU=0.50      | area=   all | maxDets=100 ] = 0.304
 Average Precision  (AP) @[ IoU=0.75      | area=   all | maxDets=100 ] = 0.239
 Average Precision  (AP) @[ IoU=0.50:0.95 | area= small | maxDets=100 ] = 0.084
 Average Precision  (AP) @[ IoU=0.50:0.95 | area=medium | maxDets=100 ] = 0.414
 Average Precision  (AP) @[ IoU=0.50:0.95 | area= large | maxDets=100 ] = 0.286
 Average Recall     (AR) @[ IoU=0.50:0.95 | area=   all | maxDets=  1 ] = 0.157
 Average Recall     (AR) @[ IoU=0.50:0.95 | area=   all | maxDets= 10 ] = 0.217
 Average Recall     (AR) @[ IoU=0.50:0.95 | area=   all | maxDets=100 ] = 0.226
 Average Recall     (AR) @[ IoU=0.50:0.95 | area= small | maxDets=100 ] = 0.095
 Average Recall     (AR) @[ IoU=0.50:0.95 | area=medium | maxDets=100 ] = 0.436
 Average Recall     (AR) @[ IoU=0.50:0.95 | area= large | maxDets=100 ] = 0.297
creating index...
index created!
Loading and preparing results...
DONE (t=0.00s)
creating index...
index created!
Running per image evaluation...
Evaluate annotation type *bbox*
DONE (t=0.03s).
Accumulating evaluation results...
DONE (t=0.07s).
 Average Precision  (AP) @[ IoU=0.50:0.95 | area=   all | maxDets=100 ] = 0.203
 Average Precision  (AP) @[ IoU=0.50      | area=   all | maxDets=100 ] = 0.303
 Average Precision  (AP) @[ IoU=0.75      | area=   all | maxDets=100 ] = 0.241
 Average Precision  (AP) @[ IoU=0.50:0.95 | area= small | maxDets=100 ] = 0.105
 Average Precision  (AP) @[ IoU=0.50:0.95 | area=medium | maxDets=100 ] = 0.395
 Average Precision  (AP) @[ IoU=0.50:0.95 | area= large | maxDets=100 ] = 0.291
 Average Recall     (AR) @[ IoU=0.50:0.95 | area=   all | maxDets=  1 ] = 0.162
 Average Recall     (AR) @[ IoU=0.50:0.95 | area=   all | maxDets= 10 ] = 0.229
 Average Recall     (AR) @[ IoU=0.50:0.95 | area=   all | maxDets=100 ] = 0.232
 Average Recall     (AR) @[ IoU=0.50:0.95 | area= small | maxDets=100 ] = 0.116
 Average Recall     (AR) @[ IoU=0.50:0.95 | area=medium | maxDets=100 ] = 0.409
 Average Recall     (AR) @[ IoU=0.50:0.95 | area= large | maxDets=100 ] = 0.315
creating index...
index created!
Loading and preparing results...
DONE (t=0.00s)
creating index...
index created!
Running per image evaluation...
Evaluate annotation type *bbox*
DONE (t=0.05s).
Accumulating evaluation results...
DONE (t=0.07s).
 Average Precision  (AP) @[ IoU=0.50:0.95 | area=   all | maxDets=100 ] = 0.213
 Average Precision  (AP) @[ IoU=0.50      | area=   all | maxDets=100 ] = 0.326
 Average Precision  (AP) @[ IoU=0.75      | area=   all | maxDets=100 ] = 0.246
 Average Precision  (AP) @[ IoU=0.50:0.95 | area= small | maxDets=100 ] = 0.123
 Average Precision  (AP) @[ IoU=0.50:0.95 | area=medium | maxDets=100 ] = 0.421
 Average Precision  (AP) @[ IoU=0.50:0.95 | area= large | maxDets=100 ] = 0.294
 Average Recall     (AR) @[ IoU=0.50:0.95 | area=   all | maxDets=  1 ] = 0.162
 Average Recall     (AR) @[ IoU=0.50:0.95 | area=   all | maxDets= 10 ] = 0.236
 Average Recall     (AR) @[ IoU=0.50:0.95 | area=   all | maxDets=100 ] = 0.250
 Average Recall     (AR) @[ IoU=0.50:0.95 | area= small | maxDets=100 ] = 0.137
 Average Recall     (AR) @[ IoU=0.50:0.95 | area=medium | maxDets=100 ] = 0.445
 Average Recall     (AR) @[ IoU=0.50:0.95 | area= large | maxDets=100 ] = 0.326
creating index...
index created!
Loading and preparing results...
DONE (t=0.00s)
creating index...
index created!
Running per image evaluation...
Evaluate annotation type *bbox*
DONE (t=0.07s).
Accumulating evaluation results...
DONE (t=0.07s).
 Average Precision  (AP) @[ IoU=0.50:0.95 | area=   all | maxDets=100 ] = 0.222
 Average Precision  (AP) @[ IoU=0.50      | area=   all | maxDets=100 ] = 0.343
 Average Precision  (AP) @[ IoU=0.75      | area=   all | maxDets=100 ] = 0.258
 Average Precision  (AP) @[ IoU=0.50:0.95 | area= small | maxDets=100 ] = 0.131
 Average Precision  (AP) @[ IoU=0.50:0.95 | area=medium | maxDets=100 ] = 0.423
 Average Precision  (AP) @[ IoU=0.50:0.95 | area= large | maxDets=100 ] = 0.365
 Average Recall     (AR) @[ IoU=0.50:0.95 | area=   all | maxDets=  1 ] = 0.183
 Average Recall     (AR) @[ IoU=0.50:0.95 | area=   all | maxDets= 10 ] = 0.261
 Average Recall     (AR) @[ IoU=0.50:0.95 | area=   all | maxDets=100 ] = 0.280
 Average Recall     (AR) @[ IoU=0.50:0.95 | area= small | maxDets=100 ] = 0.153
 Average Recall     (AR) @[ IoU=0.50:0.95 | area=medium | maxDets=100 ] = 0.448
 Average Recall     (AR) @[ IoU=0.50:0.95 | area= large | maxDets=100 ] = 0.426
creating index...
index created!
Loading and preparing results...
DONE (t=0.00s)
creating index...
index created!
Running per image evaluation...
Evaluate annotation type *bbox*
DONE (t=0.08s).
Accumulating evaluation results...
DONE (t=0.08s).
 Average Precision  (AP) @[ IoU=0.50:0.95 | area=   all | maxDets=100 ] = 0.223
 Average Precision  (AP) @[ IoU=0.50      | area=   all | maxDets=100 ] = 0.344
 Average Precision  (AP) @[ IoU=0.75      | area=   all | maxDets=100 ] = 0.258
 Average Precision  (AP) @[ IoU=0.50:0.95 | area= small | maxDets=100 ] = 0.132
 Average Precision  (AP) @[ IoU=0.50:0.95 | area=medium | maxDets=100 ] = 0.424
 Average Precision  (AP) @[ IoU=0.50:0.95 | area= large | maxDets=100 ] = 0.365
 Average Recall     (AR) @[ IoU=0.50:0.95 | area=   all | maxDets=  1 ] = 0.183
 Average Recall     (AR) @[ IoU=0.50:0.95 | area=   all | maxDets= 10 ] = 0.261
 Average Recall     (AR) @[ IoU=0.50:0.95 | area=   all | maxDets=100 ] = 0.291
 Average Recall     (AR) @[ IoU=0.50:0.95 | area= small | maxDets=100 ] = 0.157
 Average Recall     (AR) @[ IoU=0.50:0.95 | area=medium | maxDets=100 ] = 0.464
 Average Recall     (AR) @[ IoU=0.50:0.95 | area= large | maxDets=100 ] = 0.426
creating index...
index created!
Loading and preparing results...
DONE (t=0.00s)
creating index...
index created!
Running per image evaluation...
Evaluate annotation type *bbox*
DONE (t=0.15s).
Accumulating evaluation results...
DONE (t=0.08s).
 Average Precision  (AP) @[ IoU=0.50:0.95 | area=   all | maxDets=100 ] = 0.222
 Average Precision  (AP) @[ IoU=0.50      | area=   all | maxDets=100 ] = 0.344
 Average Precision  (AP) @[ IoU=0.75      | area=   all | maxDets=100 ] = 0.256
 Average Precision  (AP) @[ IoU=0.50:0.95 | area= small | maxDets=100 ] = 0.133
 Average Precision  (AP) @[ IoU=0.50:0.95 | area=medium | maxDets=100 ] = 0.423
 Average Precision  (AP) @[ IoU=0.50:0.95 | area= large | maxDets=100 ] = 0.361
 Average Recall     (AR) @[ IoU=0.50:0.95 | area=   all | maxDets=  1 ] = 0.183
 Average Recall     (AR) @[ IoU=0.50:0.95 | area=   all | maxDets= 10 ] = 0.262
 Average Recall     (AR) @[ IoU=0.50:0.95 | area=   all | maxDets=100 ] = 0.276
 Average Recall     (AR) @[ IoU=0.50:0.95 | area= small | maxDets=100 ] = 0.150
 Average Recall     (AR) @[ IoU=0.50:0.95 | area=medium | maxDets=100 ] = 0.445
 Average Recall     (AR) @[ IoU=0.50:0.95 | area= large | maxDets=100 ] = 0.393
creating index...
index created!
Loading and preparing results...
DONE (t=0.00s)
creating index...
index created!
Running per image evaluation...
Evaluate annotation type *bbox*
DONE (t=0.07s).
Accumulating evaluation results...
DONE (t=0.07s).
 Average Precision  (AP) @[ IoU=0.50:0.95 | area=   all | maxDets=100 ] = 0.222
 Average Precision  (AP) @[ IoU=0.50      | area=   all | maxDets=100 ] = 0.343
 Average Precision  (AP) @[ IoU=0.75      | area=   all | maxDets=100 ] = 0.258
 Average Precision  (AP) @[ IoU=0.50:0.95 | area= small | maxDets=100 ] = 0.131
 Average Precision  (AP) @[ IoU=0.50:0.95 | area=medium | maxDets=100 ] = 0.423
 Average Precision  (AP) @[ IoU=0.50:0.95 | area= large | maxDets=100 ] = 0.365
 Average Recall     (AR) @[ IoU=0.50:0.95 | area=   all | maxDets=  1 ] = 0.183
 Average Recall     (AR) @[ IoU=0.50:0.95 | area=   all | maxDets= 10 ] = 0.261
 Average Recall     (AR) @[ IoU=0.50:0.95 | area=   all | maxDets=100 ] = 0.280
 Average Recall     (AR) @[ IoU=0.50:0.95 | area= small | maxDets=100 ] = 0.153
 Average Recall     (AR) @[ IoU=0.50:0.95 | area=medium | maxDets=100 ] = 0.448
 Average Recall     (AR) @[ IoU=0.50:0.95 | area= large | maxDets=100 ] = 0.426
creating index...
index created!
Loading and preparing results...
DONE (t=0.00s)
creating index...
index created!
Running per image evaluation...
Evaluate annotation type *bbox*
DONE (t=0.08s).
Accumulating evaluation results...
DONE (t=0.07s).
 Average Precision  (AP) @[ IoU=0.50:0.95 | area=   all | maxDets=100 ] = 0.217
 Average Precision  (AP) @[ IoU=0.50      | area=   all | maxDets=100 ] = 0.331
 Average Precision  (AP) @[ IoU=0.75      | area=   all | maxDets=100 ] = 0.256
 Average Precision  (AP) @[ IoU=0.50:0.95 | area= small | maxDets=100 ] = 0.131
 Average Precision  (AP) @[ IoU=0.50:0.95 | area=medium | maxDets=100 ] = 0.426
 Average Precision  (AP) @[ IoU=0.50:0.95 | area= large | maxDets=100 ] = 0.362
 Average Recall     (AR) @[ IoU=0.50:0.95 | area=   all | maxDets=  1 ] = 0.183
 Average Recall     (AR) @[ IoU=0.50:0.95 | area=   all | maxDets= 10 ] = 0.265
 Average Recall     (AR) @[ IoU=0.50:0.95 | area=   all | maxDets=100 ] = 0.284
 Average Recall     (AR) @[ IoU=0.50:0.95 | area= small | maxDets=100 ] = 0.152
 Average Recall     (AR) @[ IoU=0.50:0.95 | area=medium | maxDets=100 ] = 0.461
 Average Recall     (AR) @[ IoU=0.50:0.95 | area= large | maxDets=100 ] = 0.434
creating index...
index created!
Loading and preparing results...
DONE (t=0.00s)
creating index...
index created!
Running per image evaluation...
Evaluate annotation type *bbox*
DONE (t=0.08s).
Accumulating evaluation results...
DONE (t=0.07s).
 Average Precision  (AP) @[ IoU=0.50:0.95 | area=   all | maxDets=100 ] = 0.210
 Average Precision  (AP) @[ IoU=0.50      | area=   all | maxDets=100 ] = 0.308
 Average Precision  (AP) @[ IoU=0.75      | area=   all | maxDets=100 ] = 0.250
 Average Precision  (AP) @[ IoU=0.50:0.95 | area= small | maxDets=100 ] = 0.121
 Average Precision  (AP) @[ IoU=0.50:0.95 | area=medium | maxDets=100 ] = 0.419
 Average Precision  (AP) @[ IoU=0.50:0.95 | area= large | maxDets=100 ] = 0.306
 Average Recall     (AR) @[ IoU=0.50:0.95 | area=   all | maxDets=  1 ] = 0.162
 Average Recall     (AR) @[ IoU=0.50:0.95 | area=   all | maxDets= 10 ] = 0.245
 Average Recall     (AR) @[ IoU=0.50:0.95 | area=   all | maxDets=100 ] = 0.264
 Average Recall     (AR) @[ IoU=0.50:0.95 | area= small | maxDets=100 ] = 0.145
 Average Recall     (AR) @[ IoU=0.50:0.95 | area=medium | maxDets=100 ] = 0.455
 Average Recall     (AR) @[ IoU=0.50:0.95 | area= large | maxDets=100 ] = 0.412
{
  "checkpoint_path": "/home/lidz/YOLO/yolo_final/outputs/dual_scale_three_box_coco_only_noobj1_416_basic_aug_scale_jitter_50_ddp_20260511_225018/best.pth",
  "config_path": "/home/lidz/YOLO/yolo_final/configs/dual_scale_three_box_coco_only_noobj1_416_basic_aug_scale_jitter_50.toml",
  "manifest_path": "/home/lidz/YOLO/DataSet/Unified/manifests/coco2017_val.jsonl",
  "max_samples": 12,
  "packed_index": "/home/lidz/YOLO/DataSet/Unified/packed/pt/coco2017_val/chunk_1024/index.json",
  "prediction_stats": {
    "prediction_count": 1200,
    "predictions_per_image": {
      "max": 100,
      "mean": 100.0,
      "min": 100
    },
    "samples": 12,
    "score_quantiles": {
      "0.0": 0.0004734561953227967,
      "0.25": 0.037435438483953476,
      "0.5": 0.10386615991592407,
      "0.75": 0.21661639213562012,
      "0.9": 0.3570129871368408,
      "0.95": 0.49563953280448914,
      "0.99": 0.7478397488594055
    },
    "top_predicted_classes": [
      {
        "class_id": 0,
        "count": 248
      },
      {
        "class_id": 73,
        "count": 126
      },
      {
        "class_id": 2,
        "count": 53
      },
      {
        "class_id": 39,
        "count": 51
      },
      {
        "class_id": 71,
        "count": 45
      },
      {
        "class_id": 56,
        "count": 45
      },
      {
        "class_id": 41,
        "count": 39
      },
      {
        "class_id": 46,
        "count": 39
      },
      {
        "class_id": 61,
        "count": 37
      },
      {
        "class_id": 60,
        "count": 28
      },
      {
        "class_id": 9,
        "count": 28
      },
      {
        "class_id": 3,
        "count": 28
      },
      {
        "class_id": 72,
        "count": 23
      },
      {
        "class_id": 1,
        "count": 23
      },
      {
        "class_id": 74,
        "count": 22
      }
    ]
  },
  "storage_mode": "pt",
  "sweeps": {
    "nms_iou_threshold": [
      {
        "coco_ap": 0.22171213360515196,
        "coco_ap50": 0.3435084373337314,
        "coco_ap75": 0.2560311477395204,
        "coco_ap_large": 0.3609864319765309,
        "coco_ap_medium": 0.42341300064072335,
        "coco_ap_small": 0.13257360011008879,
        "coco_ar1": 0.18251326259946948,
        "coco_ar10": 0.26167182434423814,
        "coco_ar100": 0.27593648688476274,
        "coco_ar_large": 0.3925925925925926,
        "coco_ar_medium": 0.44499999999999995,
        "coco_ar_small": 0.14958152958152957,
        "num_predictions": 747.0,
        "num_samples": 12.0,
        "value": 0.4
      },
      {
        "coco_ap": 0.2221684647989637,
        "coco_ap50": 0.3431236991788141,
        "coco_ap75": 0.25774578476120474,
        "coco_ap_large": 0.3653779663680653,
        "coco_ap_medium": 0.4226127521177026,
        "coco_ap_small": 0.13147128739013886,
        "coco_ar1": 0.18251326259946948,
        "coco_ar10": 0.26078396699086354,
        "coco_ar100": 0.2795579133510168,
        "coco_ar_large": 0.42592592592592593,
        "coco_ar_medium": 0.4477777777777777,
        "coco_ar_small": 0.15336940836940835,
        "num_predictions": 821.0,
        "num_samples": 12.0,
        "value": 0.5
      },
      {
        "coco_ap": 0.21736888711919944,
        "coco_ap50": 0.3309231153701527,
        "coco_ap75": 0.25563786092417773,
        "coco_ap_large": 0.3621725267764872,
        "coco_ap_medium": 0.4256347230688378,
        "coco_ap_small": 0.13127465177016406,
        "coco_ar1": 0.18251326259946948,
        "coco_ar10": 0.26537061597406425,
        "coco_ar100": 0.2840229885057471,
        "coco_ar_large": 0.4338624338624339,
        "coco_ar_medium": 0.46120370370370367,
        "coco_ar_small": 0.15183621933621932,
        "num_predictions": 929.0,
        "num_samples": 12.0,
        "value": 0.6
      },
      {
        "coco_ap": 0.20992462265040057,
        "coco_ap50": 0.3080030605575797,
        "coco_ap75": 0.2504508781847572,
        "coco_ap_large": 0.30574593570468156,
        "coco_ap_medium": 0.41859429265907955,
        "coco_ap_small": 0.12124269505445631,
        "coco_ar1": 0.1618236074270557,
        "coco_ar10": 0.24516725611553195,
        "coco_ar100": 0.26414750957854405,
        "coco_ar_large": 0.4116402116402117,
        "coco_ar_medium": 0.4551851851851852,
        "coco_ar_small": 0.14521645021645022,
        "num_predictions": 986.0,
        "num_samples": 12.0,
        "value": 0.7
      }
    ],
    "score_threshold": [
      {
        "coco_ap": 0.2221684647989637,
        "coco_ap50": 0.3431236991788141,
        "coco_ap75": 0.25774578476120474,
        "coco_ap_large": 0.3653779663680653,
        "coco_ap_medium": 0.4226127521177026,
        "coco_ap_small": 0.13147128739013886,
        "coco_ar1": 0.18251326259946948,
        "coco_ar10": 0.26078396699086354,
        "coco_ar100": 0.2795579133510168,
        "coco_ar_large": 0.42592592592592593,
        "coco_ar_medium": 0.4477777777777777,
        "coco_ar_small": 0.15336940836940835,
        "num_predictions": 1042.0,
        "num_samples": 12.0,
        "value": 0.01
      },
      {
        "coco_ap": 0.2221684647989637,
        "coco_ap50": 0.3431236991788141,
        "coco_ap75": 0.25774578476120474,
        "coco_ap_large": 0.3653779663680653,
        "coco_ap_medium": 0.4226127521177026,
        "coco_ap_small": 0.13147128739013886,
        "coco_ar1": 0.18251326259946948,
        "coco_ar10": 0.26078396699086354,
        "coco_ar100": 0.2795579133510168,
        "coco_ar_large": 0.42592592592592593,
        "coco_ar_medium": 0.4477777777777777,
        "coco_ar_small": 0.15336940836940835,
        "num_predictions": 927.0,
        "num_samples": 12.0,
        "value": 0.03
      },
      {
        "coco_ap": 0.2221684647989637,
        "coco_ap50": 0.3431236991788141,
        "coco_ap75": 0.25774578476120474,
        "coco_ap_large": 0.3653779663680653,
        "coco_ap_medium": 0.4226127521177026,
        "coco_ap_small": 0.13147128739013886,
        "coco_ar1": 0.18251326259946948,
        "coco_ar10": 0.26078396699086354,
        "coco_ar100": 0.2795579133510168,
        "coco_ar_large": 0.42592592592592593,
        "coco_ar_medium": 0.4477777777777777,
        "coco_ar_small": 0.15336940836940835,
        "num_predictions": 821.0,
        "num_samples": 12.0,
        "value": 0.05
      },
      {
        "coco_ap": 0.22058227375167302,
        "coco_ap50": 0.33779954767208786,
        "coco_ap75": 0.25709889611589737,
        "coco_ap_large": 0.35876420975430867,
        "coco_ap_medium": 0.42174641548403924,
        "coco_ap_small": 0.1258717600674868,
        "coco_ar1": 0.18251326259946948,
        "coco_ar10": 0.25524683171234896,
        "coco_ar100": 0.27204612437371056,
        "coco_ar_large": 0.38148148148148153,
        "coco_ar_medium": 0.4444444444444444,
        "coco_ar_small": 0.14205988455988455,
        "num_predictions": 612.0,
        "num_samples": 12.0,
        "value": 0.1
      },
      {
        "coco_ap": 0.21927535960074565,
        "coco_ap50": 0.33455345105815326,
        "coco_ap75": 0.25613835639293203,
        "coco_ap_large": 0.3559405940594059,
        "coco_ap_medium": 0.42174641548403924,
        "coco_ap_small": 0.12263678571815688,
        "coco_ar1": 0.18251326259946948,
        "coco_ar10": 0.25418582375478926,
        "coco_ar100": 0.2676252578838786,
        "coco_ar_large": 0.3751322751322751,
        "coco_ar_medium": 0.4444444444444444,
        "coco_ar_small": 0.134520202020202,
        "num_predictions": 332.0,
        "num_samples": 12.0,
        "value": 0.2
      },
      {
        "coco_ap": 0.2047165918413356,
        "coco_ap50": 0.30403090251802267,
        "coco_ap75": 0.23899823479884932,
        "coco_ap_large": 0.28557022368903556,
        "coco_ap_medium": 0.4144123487440319,
        "coco_ap_small": 0.08391953481062392,
        "coco_ar1": 0.15665119363395225,
        "coco_ar10": 0.21721264367816093,
        "coco_ar100": 0.22640804597701147,
        "coco_ar_large": 0.2973544973544973,
        "coco_ar_medium": 0.4361111111111111,
        "coco_ar_small": 0.09467532467532466,
        "num_predictions": 185.0,
        "num_samples": 12.0,
        "value": 0.3
      }
    ],
    "top_k": [
      {
        "coco_ap": 0.20292339598179654,
        "coco_ap50": 0.30278019779801607,
        "coco_ap75": 0.24146640423984725,
        "coco_ap_large": 0.2911716171617162,
        "coco_ap_medium": 0.3954767051796755,
        "coco_ap_small": 0.10516360459575368,
        "coco_ar1": 0.1618236074270557,
        "coco_ar10": 0.22855216622457997,
        "coco_ar100": 0.23173519009725907,
        "coco_ar_large": 0.3148148148148148,
        "coco_ar_medium": 0.40888888888888886,
        "coco_ar_small": 0.11613997113997114,
        "num_predictions": 235.0,
        "num_samples": 12.0,
        "value": 20
      },
      {
        "coco_ap": 0.2125532349843591,
        "coco_ap50": 0.32553596198123047,
        "coco_ap75": 0.245674440543219,
        "coco_ap_large": 0.29394939493949396,
        "coco_ap_medium": 0.4207792354327008,
        "coco_ap_small": 0.12291541452290296,
        "coco_ar1": 0.1618236074270557,
        "coco_ar10": 0.23621500147362215,
        "coco_ar100": 0.24977232537577362,
        "coco_ar_large": 0.3259259259259259,
        "coco_ar_medium": 0.44499999999999995,
        "coco_ar_small": 0.13722582972582975,
        "num_predictions": 513.0,
        "num_samples": 12.0,
        "value": 50
      },
      {
        "coco_ap": 0.2221684647989637,
        "coco_ap50": 0.3431236991788141,
        "coco_ap75": 0.25774578476120474,
        "coco_ap_large": 0.3653779663680653,
        "coco_ap_medium": 0.4226127521177026,
        "coco_ap_small": 0.13147128739013886,
        "coco_ar1": 0.18251326259946948,
        "coco_ar10": 0.26078396699086354,
        "coco_ar100": 0.2795579133510168,
        "coco_ar_large": 0.42592592592592593,
        "coco_ar_medium": 0.4477777777777777,
        "coco_ar_small": 0.15336940836940835,
        "num_predictions": 821.0,
        "num_samples": 12.0,
        "value": 100
      },
      {
        "coco_ap": 0.22254991630467463,
        "coco_ap50": 0.34424684715999576,
        "coco_ap75": 0.25770081487001706,
        "coco_ap_large": 0.36478272827282726,
        "coco_ap_medium": 0.4235386780436285,
        "coco_ap_small": 0.1322957773073121,
        "coco_ar1": 0.18251326259946948,
        "coco_ar10": 0.26078396699086354,
        "coco_ar100": 0.29143530798703216,
        "coco_ar_large": 0.42592592592592593,
        "coco_ar_medium": 0.46444444444444444,
        "coco_ar_small": 0.15654401154401154,
        "num_predictions": 1071.0,
        "num_samples": 12.0,
        "value": 200
      }
    ]
  },
  "visualization_config": {
    "nms_iou_threshold": 0.5,
    "score_alpha": 2.0,
    "score_beta": 1.0,
    "score_threshold": 0.5,
    "show_gt": false,
    "top_k": 10
  },
  "visualizations": [
    "/home/lidz/YOLO/yolo_final/outputs/evaluations/dual_scale_three_box_coco_only_noobj1_416_basic_aug_scale_jitter_50_ddp_20260511_225018_display_pred_only_vis12/coco2017_val_000000397133.png",
    "/home/lidz/YOLO/yolo_final/outputs/evaluations/dual_scale_three_box_coco_only_noobj1_416_basic_aug_scale_jitter_50_ddp_20260511_225018_display_pred_only_vis12/coco2017_val_000000037777.png",
    "/home/lidz/YOLO/yolo_final/outputs/evaluations/dual_scale_three_box_coco_only_noobj1_416_basic_aug_scale_jitter_50_ddp_20260511_225018_display_pred_only_vis12/coco2017_val_000000252219.png",
    "/home/lidz/YOLO/yolo_final/outputs/evaluations/dual_scale_three_box_coco_only_noobj1_416_basic_aug_scale_jitter_50_ddp_20260511_225018_display_pred_only_vis12/coco2017_val_000000087038.png",
    "/home/lidz/YOLO/yolo_final/outputs/evaluations/dual_scale_three_box_coco_only_noobj1_416_basic_aug_scale_jitter_50_ddp_20260511_225018_display_pred_only_vis12/coco2017_val_000000174482.png",
    "/home/lidz/YOLO/yolo_final/outputs/evaluations/dual_scale_three_box_coco_only_noobj1_416_basic_aug_scale_jitter_50_ddp_20260511_225018_display_pred_only_vis12/coco2017_val_000000403385.png",
    "/home/lidz/YOLO/yolo_final/outputs/evaluations/dual_scale_three_box_coco_only_noobj1_416_basic_aug_scale_jitter_50_ddp_20260511_225018_display_pred_only_vis12/coco2017_val_000000006818.png",
    "/home/lidz/YOLO/yolo_final/outputs/evaluations/dual_scale_three_box_coco_only_noobj1_416_basic_aug_scale_jitter_50_ddp_20260511_225018_display_pred_only_vis12/coco2017_val_000000480985.png",
    "/home/lidz/YOLO/yolo_final/outputs/evaluations/dual_scale_three_box_coco_only_noobj1_416_basic_aug_scale_jitter_50_ddp_20260511_225018_display_pred_only_vis12/coco2017_val_000000458054.png",
    "/home/lidz/YOLO/yolo_final/outputs/evaluations/dual_scale_three_box_coco_only_noobj1_416_basic_aug_scale_jitter_50_ddp_20260511_225018_display_pred_only_vis12/coco2017_val_000000331352.png",
    "/home/lidz/YOLO/yolo_final/outputs/evaluations/dual_scale_three_box_coco_only_noobj1_416_basic_aug_scale_jitter_50_ddp_20260511_225018_display_pred_only_vis12/coco2017_val_000000296649.png",
    "/home/lidz/YOLO/yolo_final/outputs/evaluations/dual_scale_three_box_coco_only_noobj1_416_basic_aug_scale_jitter_50_ddp_20260511_225018_display_pred_only_vis12/coco2017_val_000000386912.png"
  ]
}
pred_only_vis12_exit=0
stage=loss_curves
outputs/evaluations/dual_scale_three_box_coco_only_noobj1_416_basic_aug_scale_jitter_50_ddp_20260511_225018_loss_curves.png
loss_curves_exit=0
