session=train_416_basic_aug_v2_40
config=configs/dual_scale_three_box_coco_only_noobj1_416_basic_aug_v2_40.toml
log=logs/training_tmux/dual_scale_three_box_coco_only_noobj1_416_basic_aug_v2_40_ddp_20260508_135304.log
stage=train_ddp_8gpu
W0508 13:53:06.201000 1552442 site-packages/torch/distributed/run.py:851] 
W0508 13:53:06.201000 1552442 site-packages/torch/distributed/run.py:851] *****************************************
W0508 13:53:06.201000 1552442 site-packages/torch/distributed/run.py:851] Setting OMP_NUM_THREADS environment variable for each process to be 1 in default, to avoid your system being overloaded, please further tune the variable for optimal performance in your application as needed. 
W0508 13:53:06.201000 1552442 site-packages/torch/distributed/run.py:851] *****************************************
DDP mode: ignoring train.use_data_parallel from config.
dataset storage train: pt | index = /home/lidz/YOLO/DataSet/Unified/packed/pt/coco2017_train/chunk_1024/index.json | chunks = 116 | samples = 118287 | chunk_size = 1024
dataset storage val: pt | index = /home/lidz/YOLO/DataSet/Unified/packed/pt/coco2017_val/chunk_1024/index.json | chunks = 5 | samples = 5000 | chunk_size = 1024
/home/lidz/miniconda3/envs/yolov1/lib/python3.10/site-packages/torch/distributed/c10d_logger.py:83: UserWarning: barrier(): using the device under current context. You can specify `device_id` in `init_process_group` to mute this warning.
  return func(*args, **kwargs)
DDP configured global batch size: 128
DDP per-rank batch size: 16
DDP effective global batch size: 128
DDP configured workers: 64
DDP per-rank workers: 8
starting yolov0 DDP training
run id: dual_scale_three_box_coco_only_noobj1_416_basic_aug_v2_40_ddp_20260508_135309
device: cuda:0
backend: nccl
world size: 8
train dataset length: 118287
val dataset length: 5000
model output shape: {'p4': (1, 26, 26, 255), 'p5': (1, 13, 13, 255)}
train augmentation: {'enabled': True, 'horizontal_flip_p': 0.5, 'color_jitter_p': 0.8, 'brightness': 0.15, 'contrast': 0.15, 'saturation': 0.15, 'scale_jitter_p': 0.5, 'scale_jitter_min': 0.9, 'scale_jitter_max': 1.1, 'scale_jitter_fill': 0.0, 'affine_p': 0.3, 'degrees': 3.0, 'translate': 0.04, 'scale_min': 0.96, 'scale_max': 1.04, 'shear': 0.0, 'blur_p': 0.15, 'blur_kernel_size': 3, 'blur_sigma_min': 0.1, 'blur_sigma_max': 0.8, 'noise_p': 0.15, 'noise_std': 0.015, 'min_box_size': 1.0}
parameter total: 36531294
parameter trainable: 36531294
tensorboard dir: runs/dual_scale_three_box_coco_only_noobj1_416_basic_aug_v2_40_ddp_20260508_135309
output dir: outputs/dual_scale_three_box_coco_only_noobj1_416_basic_aug_v2_40_ddp_20260508_135309
epoch 001 | step 0001 | total = 11.2805 | box = 1.3581 | obj = 3.0711 | cls = 1.4189 | lr = 0.001000
epoch 001 | step 0020 | total = 8.3630 | box = 1.2078 | obj = 2.1089 | cls = 0.2153 | lr = 0.001000
epoch 001 | step 0040 | total = 7.9722 | box = 1.1842 | obj = 1.9665 | cls = 0.0846 | lr = 0.001000
epoch 001 | step 0060 | total = 7.9434 | box = 1.1771 | obj = 1.9906 | cls = 0.0673 | lr = 0.001000
epoch 001 | step 0080 | total = 8.2508 | box = 1.2560 | obj = 1.9070 | cls = 0.0639 | lr = 0.001000
epoch 001 | step 0100 | total = 7.7633 | box = 1.1716 | obj = 1.8470 | cls = 0.0584 | lr = 0.001000
epoch 001 | step 0120 | total = 8.1118 | box = 1.2197 | obj = 1.9565 | cls = 0.0568 | lr = 0.001000
epoch 001 | step 0140 | total = 7.1653 | box = 1.0079 | obj = 2.0635 | cls = 0.0622 | lr = 0.001000
epoch 001 | step 0160 | total = 7.4617 | box = 1.0725 | obj = 2.0302 | cls = 0.0690 | lr = 0.001000
epoch 001 | step 0180 | total = 7.3541 | box = 1.0481 | obj = 2.0477 | cls = 0.0660 | lr = 0.001000
epoch 001 | step 0200 | total = 7.2218 | box = 1.0231 | obj = 2.0435 | cls = 0.0628 | lr = 0.001000
epoch 001 | step 0220 | total = 6.8653 | box = 0.9395 | obj = 2.1004 | cls = 0.0677 | lr = 0.001000
epoch 001 | step 0240 | total = 7.4636 | box = 1.0982 | obj = 1.9099 | cls = 0.0626 | lr = 0.001000
epoch 001 | step 0260 | total = 7.2189 | box = 1.0463 | obj = 1.9277 | cls = 0.0596 | lr = 0.001000
epoch 001 | step 0280 | total = 7.7212 | box = 1.1495 | obj = 1.9210 | cls = 0.0526 | lr = 0.001000
epoch 001 | step 0300 | total = 7.9125 | box = 1.1968 | obj = 1.8700 | cls = 0.0587 | lr = 0.001000
epoch 001 | step 0320 | total = 7.3826 | box = 1.0695 | obj = 1.9779 | cls = 0.0571 | lr = 0.001000
epoch 001 | step 0340 | total = 7.1437 | box = 0.9992 | obj = 2.0847 | cls = 0.0628 | lr = 0.001000
epoch 001 | step 0360 | total = 7.4816 | box = 1.0998 | obj = 1.9288 | cls = 0.0537 | lr = 0.001000
epoch 001 | step 0380 | total = 6.7008 | box = 0.9254 | obj = 2.0005 | cls = 0.0735 | lr = 0.001000
epoch 001 | step 0400 | total = 6.6776 | box = 0.9166 | obj = 2.0266 | cls = 0.0678 | lr = 0.001000
epoch 001 | step 0420 | total = 7.5880 | box = 1.1064 | obj = 1.9973 | cls = 0.0586 | lr = 0.001000
epoch 001 | step 0440 | total = 7.1025 | box = 1.0272 | obj = 1.9033 | cls = 0.0634 | lr = 0.001000
epoch 001 | step 0460 | total = 8.0256 | box = 1.2393 | obj = 1.7801 | cls = 0.0492 | lr = 0.001000
epoch 001 | step 0480 | total = 7.6005 | box = 1.1478 | obj = 1.8107 | cls = 0.0507 | lr = 0.001000
epoch 001 | step 0500 | total = 7.3644 | box = 1.0890 | obj = 1.8666 | cls = 0.0529 | lr = 0.001000
epoch 001 | step 0520 | total = 7.1199 | box = 1.0073 | obj = 2.0199 | cls = 0.0637 | lr = 0.001000
epoch 001 | step 0540 | total = 7.3055 | box = 1.0487 | obj = 1.9968 | cls = 0.0653 | lr = 0.001000
epoch 001 | step 0560 | total = 6.7603 | box = 0.9436 | obj = 1.9848 | cls = 0.0576 | lr = 0.001000
epoch 001 | step 0580 | total = 7.5523 | box = 1.1336 | obj = 1.8315 | cls = 0.0530 | lr = 0.001000
epoch 001 | step 0600 | total = 7.6675 | box = 1.1412 | obj = 1.9113 | cls = 0.0502 | lr = 0.001000
epoch 001 | step 0620 | total = 7.0724 | box = 1.0046 | obj = 1.9935 | cls = 0.0560 | lr = 0.001000
epoch 001 | step 0640 | total = 6.2520 | box = 0.8586 | obj = 1.9031 | cls = 0.0561 | lr = 0.001000
epoch 001 | step 0660 | total = 6.8250 | box = 0.9702 | obj = 1.9139 | cls = 0.0601 | lr = 0.001000
epoch 001 | step 0680 | total = 6.6687 | box = 0.9104 | obj = 2.0554 | cls = 0.0613 | lr = 0.001000
epoch 001 | step 0700 | total = 6.7201 | box = 0.9310 | obj = 2.0058 | cls = 0.0591 | lr = 0.001000
epoch 001 | step 0720 | total = 6.9512 | box = 0.9885 | obj = 1.9493 | cls = 0.0592 | lr = 0.001000
epoch 001 | step 0740 | total = 6.8879 | box = 0.9966 | obj = 1.8484 | cls = 0.0566 | lr = 0.001000
epoch 001 | step 0760 | total = 6.6109 | box = 0.9052 | obj = 2.0155 | cls = 0.0694 | lr = 0.001000
epoch 001 | step 0780 | total = 6.6210 | box = 0.9030 | obj = 2.0434 | cls = 0.0624 | lr = 0.001000
epoch 001 | step 0800 | total = 5.6558 | box = 0.7342 | obj = 1.9130 | cls = 0.0719 | lr = 0.001000
epoch 001 | step 0820 | total = 6.5104 | box = 0.8819 | obj = 2.0359 | cls = 0.0652 | lr = 0.001000
epoch 001 | step 0840 | total = 6.0662 | box = 0.7795 | obj = 2.0933 | cls = 0.0752 | lr = 0.001000
epoch 001 | step 0860 | total = 6.3077 | box = 0.8853 | obj = 1.8295 | cls = 0.0518 | lr = 0.001000
epoch 001 | step 0880 | total = 6.2573 | box = 0.8404 | obj = 1.9910 | cls = 0.0643 | lr = 0.001000
epoch 001 | step 0900 | total = 6.7144 | box = 0.9560 | obj = 1.8871 | cls = 0.0476 | lr = 0.001000
epoch 001 | step 0920 | total = 7.1315 | box = 1.0318 | obj = 1.9202 | cls = 0.0523 | lr = 0.001000
[epoch 001 train] total = 7.2780 | box = 1.0508 | obj = 1.9492 | cls = 0.0750 | steps = 925 | global_batches = 7400 | samples = 118288 | time = 812.5s
[epoch 001 val] total = 6.8498 | box = 0.9686 | obj = 1.9476 | cls = 0.0594 | steps = 40 | global_batches = 320 | samples = 5000 | time = 19.5s
epoch 002 | step 0001 | total = 6.3003 | box = 0.8526 | obj = 1.9818 | cls = 0.0554 | lr = 0.000998
epoch 002 | step 0020 | total = 6.3849 | box = 0.8910 | obj = 1.8788 | cls = 0.0509 | lr = 0.000998
epoch 002 | step 0040 | total = 6.9037 | box = 0.9836 | obj = 1.9297 | cls = 0.0562 | lr = 0.000998
epoch 002 | step 0060 | total = 6.9768 | box = 1.0334 | obj = 1.7598 | cls = 0.0500 | lr = 0.000998
epoch 002 | step 0080 | total = 6.8994 | box = 0.9817 | obj = 1.9297 | cls = 0.0612 | lr = 0.000998
epoch 002 | step 0100 | total = 6.2070 | box = 0.8664 | obj = 1.8240 | cls = 0.0510 | lr = 0.000998
epoch 002 | step 0120 | total = 6.6170 | box = 0.9336 | obj = 1.8943 | cls = 0.0545 | lr = 0.000998
epoch 002 | step 0140 | total = 6.8105 | box = 0.9848 | obj = 1.8306 | cls = 0.0557 | lr = 0.000998
epoch 002 | step 0160 | total = 7.0835 | box = 1.0223 | obj = 1.9188 | cls = 0.0534 | lr = 0.000998
epoch 002 | step 0180 | total = 5.9498 | box = 0.8020 | obj = 1.8735 | cls = 0.0665 | lr = 0.000998
epoch 002 | step 0200 | total = 6.7721 | box = 0.9625 | obj = 1.8985 | cls = 0.0613 | lr = 0.000998
epoch 002 | step 0220 | total = 6.4401 | box = 0.8947 | obj = 1.9152 | cls = 0.0516 | lr = 0.000998
epoch 002 | step 0240 | total = 5.9189 | box = 0.7610 | obj = 2.0380 | cls = 0.0760 | lr = 0.000998
epoch 002 | step 0260 | total = 6.8904 | box = 1.0061 | obj = 1.8044 | cls = 0.0556 | lr = 0.000998
epoch 002 | step 0280 | total = 6.9950 | box = 1.0218 | obj = 1.8338 | cls = 0.0521 | lr = 0.000998
epoch 002 | step 0300 | total = 6.6958 | box = 0.9609 | obj = 1.8331 | cls = 0.0583 | lr = 0.000998
epoch 002 | step 0320 | total = 6.9189 | box = 1.0030 | obj = 1.8508 | cls = 0.0532 | lr = 0.000998
epoch 002 | step 0340 | total = 6.4159 | box = 0.8529 | obj = 2.0860 | cls = 0.0655 | lr = 0.000998
epoch 002 | step 0360 | total = 5.9405 | box = 0.8176 | obj = 1.7959 | cls = 0.0568 | lr = 0.000998
epoch 002 | step 0380 | total = 6.6745 | box = 0.9821 | obj = 1.7091 | cls = 0.0547 | lr = 0.000998
epoch 002 | step 0400 | total = 6.8432 | box = 0.9969 | obj = 1.8063 | cls = 0.0526 | lr = 0.000998
epoch 002 | step 0420 | total = 6.0521 | box = 0.8151 | obj = 1.9129 | cls = 0.0636 | lr = 0.000998
epoch 002 | step 0440 | total = 6.3118 | box = 0.8608 | obj = 1.9525 | cls = 0.0551 | lr = 0.000998
epoch 002 | step 0460 | total = 6.6854 | box = 0.9580 | obj = 1.8395 | cls = 0.0559 | lr = 0.000998
epoch 002 | step 0480 | total = 6.0539 | box = 0.8295 | obj = 1.8495 | cls = 0.0567 | lr = 0.000998
epoch 002 | step 0500 | total = 5.9961 | box = 0.8085 | obj = 1.8897 | cls = 0.0641 | lr = 0.000998
epoch 002 | step 0520 | total = 6.2571 | box = 0.8619 | obj = 1.8880 | cls = 0.0595 | lr = 0.000998
epoch 002 | step 0540 | total = 6.7220 | box = 0.9999 | obj = 1.6760 | cls = 0.0464 | lr = 0.000998
epoch 002 | step 0560 | total = 6.4387 | box = 0.8906 | obj = 1.9278 | cls = 0.0577 | lr = 0.000998
epoch 002 | step 0580 | total = 5.9271 | box = 0.7932 | obj = 1.9071 | cls = 0.0539 | lr = 0.000998
epoch 002 | step 0600 | total = 6.3243 | box = 0.8524 | obj = 2.0047 | cls = 0.0577 | lr = 0.000998
epoch 002 | step 0620 | total = 5.7191 | box = 0.7742 | obj = 1.7917 | cls = 0.0565 | lr = 0.000998
epoch 002 | step 0640 | total = 5.4400 | box = 0.6728 | obj = 2.0047 | cls = 0.0714 | lr = 0.000998
epoch 002 | step 0660 | total = 5.8990 | box = 0.8100 | obj = 1.7957 | cls = 0.0534 | lr = 0.000998
epoch 002 | step 0680 | total = 5.6033 | box = 0.7454 | obj = 1.8158 | cls = 0.0606 | lr = 0.000998
epoch 002 | step 0700 | total = 7.0940 | box = 1.0245 | obj = 1.9222 | cls = 0.0495 | lr = 0.000998
epoch 002 | step 0720 | total = 6.3645 | box = 0.8819 | obj = 1.8924 | cls = 0.0627 | lr = 0.000998
epoch 002 | step 0740 | total = 6.8599 | box = 1.0053 | obj = 1.7857 | cls = 0.0477 | lr = 0.000998
epoch 002 | step 0760 | total = 7.5959 | box = 1.1378 | obj = 1.8584 | cls = 0.0484 | lr = 0.000998
epoch 002 | step 0780 | total = 6.1513 | box = 0.8519 | obj = 1.8309 | cls = 0.0607 | lr = 0.000998
epoch 002 | step 0800 | total = 5.8245 | box = 0.7752 | obj = 1.8788 | cls = 0.0699 | lr = 0.000998
epoch 002 | step 0820 | total = 6.5638 | box = 0.9210 | obj = 1.9026 | cls = 0.0561 | lr = 0.000998
epoch 002 | step 0840 | total = 6.1219 | box = 0.8495 | obj = 1.8134 | cls = 0.0610 | lr = 0.000998
epoch 002 | step 0860 | total = 6.7312 | box = 0.9860 | obj = 1.7544 | cls = 0.0469 | lr = 0.000998
epoch 002 | step 0880 | total = 6.4677 | box = 0.9240 | obj = 1.7930 | cls = 0.0545 | lr = 0.000998
epoch 002 | step 0900 | total = 6.3973 | box = 0.9183 | obj = 1.7591 | cls = 0.0469 | lr = 0.000998
epoch 002 | step 0920 | total = 6.4504 | box = 0.9203 | obj = 1.7968 | cls = 0.0519 | lr = 0.000998
[epoch 002 train] total = 6.4349 | box = 0.9029 | obj = 1.8641 | cls = 0.0565 | steps = 925 | global_batches = 7400 | samples = 118288 | time = 810.0s
[epoch 002 val] total = 6.3243 | box = 0.8845 | obj = 1.8467 | cls = 0.0552 | steps = 40 | global_batches = 320 | samples = 5000 | time = 20.7s
epoch 003 | step 0001 | total = 6.0379 | box = 0.8402 | obj = 1.7817 | cls = 0.0551 | lr = 0.000994
epoch 003 | step 0020 | total = 6.6525 | box = 0.9646 | obj = 1.7793 | cls = 0.0502 | lr = 0.000994
epoch 003 | step 0040 | total = 6.0311 | box = 0.8389 | obj = 1.7757 | cls = 0.0607 | lr = 0.000994
epoch 003 | step 0060 | total = 6.8619 | box = 0.9898 | obj = 1.8660 | cls = 0.0469 | lr = 0.000994
epoch 003 | step 0080 | total = 5.9872 | box = 0.8034 | obj = 1.9058 | cls = 0.0643 | lr = 0.000994
epoch 003 | step 0100 | total = 6.1873 | box = 0.8749 | obj = 1.7638 | cls = 0.0490 | lr = 0.000994
epoch 003 | step 0120 | total = 6.6794 | box = 0.9658 | obj = 1.7984 | cls = 0.0518 | lr = 0.000994
epoch 003 | step 0140 | total = 6.2601 | box = 0.8833 | obj = 1.7983 | cls = 0.0454 | lr = 0.000994
epoch 003 | step 0160 | total = 6.6197 | box = 0.9504 | obj = 1.8128 | cls = 0.0548 | lr = 0.000994
epoch 003 | step 0180 | total = 6.9815 | box = 1.0357 | obj = 1.7556 | cls = 0.0476 | lr = 0.000994
epoch 003 | step 0200 | total = 5.4167 | box = 0.6926 | obj = 1.8861 | cls = 0.0677 | lr = 0.000994
epoch 003 | step 0220 | total = 6.4757 | box = 0.9556 | obj = 1.6516 | cls = 0.0460 | lr = 0.000994
epoch 003 | step 0240 | total = 5.7789 | box = 0.7916 | obj = 1.7715 | cls = 0.0494 | lr = 0.000994
epoch 003 | step 0260 | total = 5.8936 | box = 0.7984 | obj = 1.8397 | cls = 0.0621 | lr = 0.000994
epoch 003 | step 0280 | total = 5.2171 | box = 0.6625 | obj = 1.8397 | cls = 0.0649 | lr = 0.000994
epoch 003 | step 0300 | total = 6.2384 | box = 0.8636 | obj = 1.8609 | cls = 0.0596 | lr = 0.000994
epoch 003 | step 0320 | total = 5.8920 | box = 0.7858 | obj = 1.8968 | cls = 0.0664 | lr = 0.000994
epoch 003 | step 0340 | total = 6.1899 | box = 0.8682 | obj = 1.7979 | cls = 0.0511 | lr = 0.000994
epoch 003 | step 0360 | total = 5.9932 | box = 0.8507 | obj = 1.6854 | cls = 0.0542 | lr = 0.000994
epoch 003 | step 0380 | total = 5.8324 | box = 0.8171 | obj = 1.6968 | cls = 0.0499 | lr = 0.000994
epoch 003 | step 0400 | total = 5.7518 | box = 0.7898 | obj = 1.7453 | cls = 0.0575 | lr = 0.000994
epoch 003 | step 0420 | total = 6.6738 | box = 0.9680 | obj = 1.7906 | cls = 0.0434 | lr = 0.000994
epoch 003 | step 0440 | total = 6.2114 | box = 0.8428 | obj = 1.9415 | cls = 0.0559 | lr = 0.000994
epoch 003 | step 0460 | total = 6.0043 | box = 0.8105 | obj = 1.8956 | cls = 0.0561 | lr = 0.000994
epoch 003 | step 0480 | total = 5.7499 | box = 0.7720 | obj = 1.8350 | cls = 0.0548 | lr = 0.000994
epoch 003 | step 0500 | total = 5.8893 | box = 0.7630 | obj = 2.0120 | cls = 0.0624 | lr = 0.000994
epoch 003 | step 0520 | total = 6.3841 | box = 0.8782 | obj = 1.9430 | cls = 0.0500 | lr = 0.000994
epoch 003 | step 0540 | total = 6.1868 | box = 0.8630 | obj = 1.8157 | cls = 0.0563 | lr = 0.000994
epoch 003 | step 0560 | total = 5.8128 | box = 0.7848 | obj = 1.8237 | cls = 0.0652 | lr = 0.000994
epoch 003 | step 0580 | total = 7.0186 | box = 1.0182 | obj = 1.8746 | cls = 0.0531 | lr = 0.000994
epoch 003 | step 0600 | total = 6.1708 | box = 0.8832 | obj = 1.7056 | cls = 0.0491 | lr = 0.000994
epoch 003 | step 0620 | total = 6.1674 | box = 0.8659 | obj = 1.7934 | cls = 0.0443 | lr = 0.000994
epoch 003 | step 0640 | total = 6.5948 | box = 0.9369 | obj = 1.8631 | cls = 0.0470 | lr = 0.000994
epoch 003 | step 0660 | total = 6.4484 | box = 0.8917 | obj = 1.9360 | cls = 0.0539 | lr = 0.000994
epoch 003 | step 0680 | total = 5.5135 | box = 0.7261 | obj = 1.8323 | cls = 0.0505 | lr = 0.000994
epoch 003 | step 0700 | total = 5.6640 | box = 0.7422 | obj = 1.8923 | cls = 0.0606 | lr = 0.000994
epoch 003 | step 0720 | total = 5.3329 | box = 0.7171 | obj = 1.6929 | cls = 0.0547 | lr = 0.000994
epoch 003 | step 0740 | total = 6.3380 | box = 0.9144 | obj = 1.7173 | cls = 0.0485 | lr = 0.000994
epoch 003 | step 0760 | total = 6.1426 | box = 0.8491 | obj = 1.8426 | cls = 0.0547 | lr = 0.000994
epoch 003 | step 0780 | total = 6.0824 | box = 0.8035 | obj = 2.0048 | cls = 0.0602 | lr = 0.000994
epoch 003 | step 0800 | total = 5.7478 | box = 0.7863 | obj = 1.7615 | cls = 0.0549 | lr = 0.000994
epoch 003 | step 0820 | total = 5.1149 | box = 0.6559 | obj = 1.7823 | cls = 0.0533 | lr = 0.000994
epoch 003 | step 0840 | total = 6.4292 | box = 0.8838 | obj = 1.9548 | cls = 0.0554 | lr = 0.000994
epoch 003 | step 0860 | total = 6.9803 | box = 1.0268 | obj = 1.7930 | cls = 0.0534 | lr = 0.000994
epoch 003 | step 0880 | total = 5.9479 | box = 0.8291 | obj = 1.7474 | cls = 0.0549 | lr = 0.000994
epoch 003 | step 0900 | total = 5.2836 | box = 0.7109 | obj = 1.6598 | cls = 0.0693 | lr = 0.000994
epoch 003 | step 0920 | total = 6.0897 | box = 0.8303 | obj = 1.8881 | cls = 0.0503 | lr = 0.000994
[epoch 003 train] total = 6.0823 | box = 0.8438 | obj = 1.8090 | cls = 0.0544 | steps = 925 | global_batches = 7400 | samples = 118288 | time = 808.7s
[epoch 003 val] total = 6.1842 | box = 0.8548 | obj = 1.8535 | cls = 0.0565 | steps = 40 | global_batches = 320 | samples = 5000 | time = 20.7s
epoch 004 | step 0001 | total = 6.1282 | box = 0.8470 | obj = 1.8410 | cls = 0.0523 | lr = 0.000986
epoch 004 | step 0020 | total = 6.3405 | box = 0.9073 | obj = 1.7528 | cls = 0.0512 | lr = 0.000986
epoch 004 | step 0040 | total = 5.8217 | box = 0.8125 | obj = 1.7116 | cls = 0.0477 | lr = 0.000986
epoch 004 | step 0060 | total = 6.3323 | box = 0.9041 | obj = 1.7667 | cls = 0.0449 | lr = 0.000986
epoch 004 | step 0080 | total = 6.5332 | box = 0.8992 | obj = 1.9839 | cls = 0.0533 | lr = 0.000986
epoch 004 | step 0100 | total = 5.9492 | box = 0.8242 | obj = 1.7676 | cls = 0.0604 | lr = 0.000986
epoch 004 | step 0120 | total = 5.4356 | box = 0.6829 | obj = 1.9605 | cls = 0.0606 | lr = 0.000986
epoch 004 | step 0140 | total = 4.9419 | box = 0.6153 | obj = 1.8050 | cls = 0.0606 | lr = 0.000986
epoch 004 | step 0160 | total = 7.0901 | box = 1.0518 | obj = 1.7707 | cls = 0.0604 | lr = 0.000986
epoch 004 | step 0180 | total = 6.0103 | box = 0.8439 | obj = 1.7450 | cls = 0.0457 | lr = 0.000986
epoch 004 | step 0200 | total = 5.6192 | box = 0.7521 | obj = 1.8038 | cls = 0.0550 | lr = 0.000986
epoch 004 | step 0220 | total = 5.4132 | box = 0.7187 | obj = 1.7606 | cls = 0.0591 | lr = 0.000986
epoch 004 | step 0240 | total = 6.6308 | box = 0.9785 | obj = 1.6950 | cls = 0.0435 | lr = 0.000986
epoch 004 | step 0260 | total = 6.6152 | box = 0.9603 | obj = 1.7700 | cls = 0.0435 | lr = 0.000986
epoch 004 | step 0280 | total = 5.8222 | box = 0.7691 | obj = 1.9255 | cls = 0.0512 | lr = 0.000986
epoch 004 | step 0300 | total = 5.6837 | box = 0.7780 | obj = 1.7411 | cls = 0.0525 | lr = 0.000986
epoch 004 | step 0320 | total = 6.1436 | box = 0.8546 | obj = 1.8098 | cls = 0.0606 | lr = 0.000986
epoch 004 | step 0340 | total = 6.4589 | box = 0.9273 | obj = 1.7739 | cls = 0.0485 | lr = 0.000986
epoch 004 | step 0360 | total = 5.3940 | box = 0.7170 | obj = 1.7444 | cls = 0.0644 | lr = 0.000986
epoch 004 | step 0380 | total = 6.3408 | box = 0.9226 | obj = 1.6867 | cls = 0.0411 | lr = 0.000986
epoch 004 | step 0400 | total = 6.0217 | box = 0.8445 | obj = 1.7466 | cls = 0.0525 | lr = 0.000986
epoch 004 | step 0420 | total = 6.0478 | box = 0.8339 | obj = 1.8248 | cls = 0.0535 | lr = 0.000986
epoch 004 | step 0440 | total = 5.4452 | box = 0.7391 | obj = 1.6975 | cls = 0.0524 | lr = 0.000986
epoch 004 | step 0460 | total = 5.7395 | box = 0.7983 | obj = 1.7043 | cls = 0.0436 | lr = 0.000986
epoch 004 | step 0480 | total = 5.7267 | box = 0.7835 | obj = 1.7521 | cls = 0.0574 | lr = 0.000986
epoch 004 | step 0500 | total = 5.9449 | box = 0.8348 | obj = 1.7184 | cls = 0.0527 | lr = 0.000986
epoch 004 | step 0520 | total = 6.0172 | box = 0.8446 | obj = 1.7455 | cls = 0.0487 | lr = 0.000986
epoch 004 | step 0540 | total = 5.5613 | box = 0.7166 | obj = 1.9216 | cls = 0.0569 | lr = 0.000986
epoch 004 | step 0560 | total = 5.8272 | box = 0.8001 | obj = 1.7684 | cls = 0.0583 | lr = 0.000986
epoch 004 | step 0580 | total = 5.5005 | box = 0.7494 | obj = 1.7117 | cls = 0.0418 | lr = 0.000986
epoch 004 | step 0600 | total = 5.8089 | box = 0.8173 | obj = 1.6745 | cls = 0.0479 | lr = 0.000986
epoch 004 | step 0620 | total = 6.6714 | box = 0.9791 | obj = 1.7306 | cls = 0.0451 | lr = 0.000986
epoch 004 | step 0640 | total = 6.0397 | box = 0.8622 | obj = 1.6849 | cls = 0.0438 | lr = 0.000986
epoch 004 | step 0660 | total = 5.1916 | box = 0.6726 | obj = 1.7637 | cls = 0.0648 | lr = 0.000986
epoch 004 | step 0680 | total = 6.1769 | box = 0.8284 | obj = 1.9720 | cls = 0.0629 | lr = 0.000986
epoch 004 | step 0700 | total = 6.4031 | box = 0.9013 | obj = 1.8435 | cls = 0.0532 | lr = 0.000986
epoch 004 | step 0720 | total = 6.0694 | box = 0.8191 | obj = 1.9270 | cls = 0.0471 | lr = 0.000986
epoch 004 | step 0740 | total = 5.6585 | box = 0.7823 | obj = 1.6974 | cls = 0.0498 | lr = 0.000986
epoch 004 | step 0760 | total = 5.1626 | box = 0.6817 | obj = 1.7039 | cls = 0.0501 | lr = 0.000986
epoch 004 | step 0780 | total = 6.3235 | box = 0.8860 | obj = 1.8386 | cls = 0.0551 | lr = 0.000986
epoch 004 | step 0800 | total = 5.6555 | box = 0.7706 | obj = 1.7506 | cls = 0.0517 | lr = 0.000986
epoch 004 | step 0820 | total = 5.4894 | box = 0.7408 | obj = 1.7327 | cls = 0.0526 | lr = 0.000986
epoch 004 | step 0840 | total = 6.3490 | box = 0.8908 | obj = 1.8432 | cls = 0.0516 | lr = 0.000986
epoch 004 | step 0860 | total = 6.1719 | box = 0.8779 | obj = 1.7335 | cls = 0.0491 | lr = 0.000986
epoch 004 | step 0880 | total = 5.5104 | box = 0.7037 | obj = 1.9383 | cls = 0.0539 | lr = 0.000986
epoch 004 | step 0900 | total = 5.7074 | box = 0.7142 | obj = 2.0714 | cls = 0.0651 | lr = 0.000986
epoch 004 | step 0920 | total = 5.2954 | box = 0.6831 | obj = 1.8186 | cls = 0.0614 | lr = 0.000986
[epoch 004 train] total = 5.8647 | box = 0.8080 | obj = 1.7721 | cls = 0.0527 | steps = 925 | global_batches = 7400 | samples = 118288 | time = 805.4s
[epoch 004 val] total = 5.8366 | box = 0.8007 | obj = 1.7813 | cls = 0.0521 | steps = 40 | global_batches = 320 | samples = 5000 | time = 22.0s
epoch 005 | step 0001 | total = 5.6976 | box = 0.7866 | obj = 1.7288 | cls = 0.0358 | lr = 0.000976
epoch 005 | step 0020 | total = 5.2121 | box = 0.6730 | obj = 1.7813 | cls = 0.0661 | lr = 0.000976
epoch 005 | step 0040 | total = 5.7061 | box = 0.7760 | obj = 1.7808 | cls = 0.0454 | lr = 0.000976
epoch 005 | step 0060 | total = 5.8298 | box = 0.8072 | obj = 1.7506 | cls = 0.0434 | lr = 0.000976
epoch 005 | step 0080 | total = 5.2122 | box = 0.6952 | obj = 1.6823 | cls = 0.0538 | lr = 0.000976
epoch 005 | step 0100 | total = 5.9624 | box = 0.8254 | obj = 1.7841 | cls = 0.0513 | lr = 0.000976
epoch 005 | step 0120 | total = 6.0913 | box = 0.8669 | obj = 1.7141 | cls = 0.0428 | lr = 0.000976
epoch 005 | step 0140 | total = 6.0617 | box = 0.8396 | obj = 1.8124 | cls = 0.0515 | lr = 0.000976
epoch 005 | step 0160 | total = 4.9574 | box = 0.6367 | obj = 1.7244 | cls = 0.0495 | lr = 0.000976
epoch 005 | step 0180 | total = 5.5899 | box = 0.7586 | obj = 1.7491 | cls = 0.0479 | lr = 0.000976
epoch 005 | step 0200 | total = 5.8113 | box = 0.7816 | obj = 1.8476 | cls = 0.0559 | lr = 0.000976
epoch 005 | step 0220 | total = 5.9978 | box = 0.8536 | obj = 1.6699 | cls = 0.0597 | lr = 0.000976
epoch 005 | step 0240 | total = 5.9100 | box = 0.8137 | obj = 1.7913 | cls = 0.0504 | lr = 0.000976
epoch 005 | step 0260 | total = 6.2225 | box = 0.8879 | obj = 1.7325 | cls = 0.0505 | lr = 0.000976
epoch 005 | step 0280 | total = 5.0190 | box = 0.6709 | obj = 1.6127 | cls = 0.0516 | lr = 0.000976
epoch 005 | step 0300 | total = 6.5299 | box = 0.9592 | obj = 1.6904 | cls = 0.0437 | lr = 0.000976
epoch 005 | step 0320 | total = 5.2142 | box = 0.7072 | obj = 1.6309 | cls = 0.0473 | lr = 0.000976
epoch 005 | step 0340 | total = 5.4018 | box = 0.7177 | obj = 1.7564 | cls = 0.0568 | lr = 0.000976
epoch 005 | step 0360 | total = 5.1870 | box = 0.6891 | obj = 1.6837 | cls = 0.0576 | lr = 0.000976
epoch 005 | step 0380 | total = 5.9893 | box = 0.8231 | obj = 1.8207 | cls = 0.0531 | lr = 0.000976
epoch 005 | step 0400 | total = 5.7893 | box = 0.8085 | obj = 1.6990 | cls = 0.0481 | lr = 0.000976
epoch 005 | step 0420 | total = 5.9232 | box = 0.8361 | obj = 1.6904 | cls = 0.0520 | lr = 0.000976
epoch 005 | step 0440 | total = 5.5992 | box = 0.7754 | obj = 1.6810 | cls = 0.0412 | lr = 0.000976
epoch 005 | step 0460 | total = 5.7386 | box = 0.7971 | obj = 1.7058 | cls = 0.0475 | lr = 0.000976
epoch 005 | step 0480 | total = 6.6695 | box = 1.0107 | obj = 1.5699 | cls = 0.0461 | lr = 0.000976
epoch 005 | step 0500 | total = 5.5559 | box = 0.7269 | obj = 1.8628 | cls = 0.0586 | lr = 0.000976
epoch 005 | step 0520 | total = 5.5205 | box = 0.7317 | obj = 1.8076 | cls = 0.0545 | lr = 0.000976
epoch 005 | step 0540 | total = 5.1140 | box = 0.6619 | obj = 1.7451 | cls = 0.0593 | lr = 0.000976
epoch 005 | step 0560 | total = 5.6691 | box = 0.7932 | obj = 1.6611 | cls = 0.0420 | lr = 0.000976
epoch 005 | step 0580 | total = 6.1772 | box = 0.8958 | obj = 1.6547 | cls = 0.0433 | lr = 0.000976
epoch 005 | step 0600 | total = 5.3927 | box = 0.7197 | obj = 1.7419 | cls = 0.0521 | lr = 0.000976
epoch 005 | step 0620 | total = 6.3199 | box = 0.9073 | obj = 1.7290 | cls = 0.0546 | lr = 0.000976
epoch 005 | step 0640 | total = 6.1564 | box = 0.8858 | obj = 1.6849 | cls = 0.0426 | lr = 0.000976
epoch 005 | step 0660 | total = 5.2169 | box = 0.6678 | obj = 1.8259 | cls = 0.0519 | lr = 0.000976
epoch 005 | step 0680 | total = 5.5009 | box = 0.7538 | obj = 1.6758 | cls = 0.0563 | lr = 0.000976
epoch 005 | step 0700 | total = 5.6262 | box = 0.7537 | obj = 1.8062 | cls = 0.0515 | lr = 0.000976
epoch 005 | step 0720 | total = 5.7517 | box = 0.8038 | obj = 1.6758 | cls = 0.0569 | lr = 0.000976
epoch 005 | step 0740 | total = 5.4831 | box = 0.7430 | obj = 1.7045 | cls = 0.0634 | lr = 0.000976
epoch 005 | step 0760 | total = 5.7548 | box = 0.7619 | obj = 1.8976 | cls = 0.0478 | lr = 0.000976
epoch 005 | step 0780 | total = 4.7070 | box = 0.5911 | obj = 1.6807 | cls = 0.0708 | lr = 0.000976
epoch 005 | step 0800 | total = 5.3196 | box = 0.7041 | obj = 1.7469 | cls = 0.0524 | lr = 0.000976
epoch 005 | step 0820 | total = 5.6245 | box = 0.7427 | obj = 1.8502 | cls = 0.0607 | lr = 0.000976
epoch 005 | step 0840 | total = 5.6823 | box = 0.8075 | obj = 1.6065 | cls = 0.0384 | lr = 0.000976
epoch 005 | step 0860 | total = 6.1243 | box = 0.8713 | obj = 1.7227 | cls = 0.0450 | lr = 0.000976
epoch 005 | step 0880 | total = 5.4192 | box = 0.7249 | obj = 1.7435 | cls = 0.0513 | lr = 0.000976
epoch 005 | step 0900 | total = 4.9154 | box = 0.6409 | obj = 1.6508 | cls = 0.0603 | lr = 0.000976
epoch 005 | step 0920 | total = 6.4322 | box = 0.9456 | obj = 1.6633 | cls = 0.0410 | lr = 0.000976
[epoch 005 train] total = 5.7016 | box = 0.7815 | obj = 1.7427 | cls = 0.0514 | steps = 925 | global_batches = 7400 | samples = 118288 | time = 806.7s
[epoch 005 val] total = 5.6738 | box = 0.7791 | obj = 1.7275 | cls = 0.0507 | steps = 40 | global_batches = 320 | samples = 5000 | time = 22.6s
epoch 006 | step 0001 | total = 5.8052 | box = 0.8305 | obj = 1.6069 | cls = 0.0456 | lr = 0.000962
epoch 006 | step 0020 | total = 6.0136 | box = 0.8602 | obj = 1.6653 | cls = 0.0473 | lr = 0.000962
epoch 006 | step 0040 | total = 5.3756 | box = 0.7193 | obj = 1.7258 | cls = 0.0533 | lr = 0.000962
epoch 006 | step 0060 | total = 4.9592 | box = 0.6545 | obj = 1.6337 | cls = 0.0532 | lr = 0.000962
epoch 006 | step 0080 | total = 5.6851 | box = 0.7910 | obj = 1.6866 | cls = 0.0435 | lr = 0.000962
epoch 006 | step 0100 | total = 5.9446 | box = 0.8300 | obj = 1.7432 | cls = 0.0515 | lr = 0.000962
epoch 006 | step 0120 | total = 5.7184 | box = 0.8180 | obj = 1.5859 | cls = 0.0425 | lr = 0.000962
epoch 006 | step 0140 | total = 6.8379 | box = 1.0239 | obj = 1.6764 | cls = 0.0421 | lr = 0.000962
epoch 006 | step 0160 | total = 5.2817 | box = 0.7122 | obj = 1.6775 | cls = 0.0430 | lr = 0.000962
epoch 006 | step 0180 | total = 6.0434 | box = 0.8475 | obj = 1.7585 | cls = 0.0476 | lr = 0.000962
epoch 006 | step 0200 | total = 5.0071 | box = 0.6791 | obj = 1.5613 | cls = 0.0501 | lr = 0.000962
epoch 006 | step 0220 | total = 5.3324 | box = 0.6948 | obj = 1.8025 | cls = 0.0560 | lr = 0.000962
epoch 006 | step 0240 | total = 5.8190 | box = 0.7787 | obj = 1.8719 | cls = 0.0535 | lr = 0.000962
epoch 006 | step 0260 | total = 5.6881 | box = 0.7680 | obj = 1.7976 | cls = 0.0506 | lr = 0.000962
epoch 006 | step 0280 | total = 4.8757 | box = 0.6387 | obj = 1.6342 | cls = 0.0480 | lr = 0.000962
epoch 006 | step 0300 | total = 6.7263 | box = 0.9932 | obj = 1.7197 | cls = 0.0406 | lr = 0.000962
epoch 006 | step 0320 | total = 5.4136 | box = 0.7495 | obj = 1.6196 | cls = 0.0466 | lr = 0.000962
epoch 006 | step 0340 | total = 4.6350 | box = 0.5608 | obj = 1.7702 | cls = 0.0610 | lr = 0.000962
epoch 006 | step 0360 | total = 6.9267 | box = 1.0514 | obj = 1.6277 | cls = 0.0418 | lr = 0.000962
epoch 006 | step 0380 | total = 6.0500 | box = 0.8793 | obj = 1.6146 | cls = 0.0387 | lr = 0.000962
epoch 006 | step 0400 | total = 5.0376 | box = 0.6477 | obj = 1.7441 | cls = 0.0551 | lr = 0.000962
epoch 006 | step 0420 | total = 4.5690 | box = 0.5660 | obj = 1.6779 | cls = 0.0609 | lr = 0.000962
epoch 006 | step 0440 | total = 5.5563 | box = 0.7758 | obj = 1.6299 | cls = 0.0475 | lr = 0.000962
epoch 006 | step 0460 | total = 5.6543 | box = 0.7872 | obj = 1.6715 | cls = 0.0467 | lr = 0.000962
epoch 006 | step 0480 | total = 5.3843 | box = 0.7256 | obj = 1.7078 | cls = 0.0485 | lr = 0.000962
epoch 006 | step 0500 | total = 5.6792 | box = 0.7381 | obj = 1.9311 | cls = 0.0578 | lr = 0.000962
epoch 006 | step 0520 | total = 4.5389 | box = 0.5476 | obj = 1.7387 | cls = 0.0623 | lr = 0.000962
epoch 006 | step 0540 | total = 4.8925 | box = 0.6383 | obj = 1.6577 | cls = 0.0432 | lr = 0.000962
epoch 006 | step 0560 | total = 5.9793 | box = 0.8134 | obj = 1.8512 | cls = 0.0612 | lr = 0.000962
epoch 006 | step 0580 | total = 6.5735 | box = 0.9799 | obj = 1.6291 | cls = 0.0449 | lr = 0.000962
epoch 006 | step 0600 | total = 5.8426 | box = 0.8070 | obj = 1.7668 | cls = 0.0408 | lr = 0.000962
epoch 006 | step 0620 | total = 5.3264 | box = 0.7162 | obj = 1.6991 | cls = 0.0465 | lr = 0.000962
epoch 006 | step 0640 | total = 6.4760 | box = 0.9200 | obj = 1.8288 | cls = 0.0471 | lr = 0.000962
epoch 006 | step 0660 | total = 5.9250 | box = 0.8603 | obj = 1.5836 | cls = 0.0399 | lr = 0.000962
epoch 006 | step 0680 | total = 5.1484 | box = 0.6506 | obj = 1.8357 | cls = 0.0598 | lr = 0.000962
epoch 006 | step 0700 | total = 4.9612 | box = 0.6330 | obj = 1.7468 | cls = 0.0496 | lr = 0.000962
epoch 006 | step 0720 | total = 5.4328 | box = 0.7654 | obj = 1.5584 | cls = 0.0472 | lr = 0.000962
epoch 006 | step 0740 | total = 5.8802 | box = 0.8267 | obj = 1.6948 | cls = 0.0520 | lr = 0.000962
epoch 006 | step 0760 | total = 4.6817 | box = 0.6150 | obj = 1.5528 | cls = 0.0541 | lr = 0.000962
epoch 006 | step 0780 | total = 5.6599 | box = 0.7628 | obj = 1.7934 | cls = 0.0525 | lr = 0.000962
epoch 006 | step 0800 | total = 4.9801 | box = 0.6692 | obj = 1.5852 | cls = 0.0486 | lr = 0.000962
epoch 006 | step 0820 | total = 5.4674 | box = 0.7276 | obj = 1.7735 | cls = 0.0558 | lr = 0.000962
epoch 006 | step 0840 | total = 5.0111 | box = 0.6514 | obj = 1.7026 | cls = 0.0512 | lr = 0.000962
epoch 006 | step 0860 | total = 5.7080 | box = 0.7562 | obj = 1.8766 | cls = 0.0504 | lr = 0.000962
epoch 006 | step 0880 | total = 5.7020 | box = 0.7526 | obj = 1.8857 | cls = 0.0532 | lr = 0.000962
epoch 006 | step 0900 | total = 5.1302 | box = 0.6862 | obj = 1.6482 | cls = 0.0509 | lr = 0.000962
epoch 006 | step 0920 | total = 5.1538 | box = 0.6639 | obj = 1.7754 | cls = 0.0592 | lr = 0.000962
[epoch 006 train] total = 5.5752 | box = 0.7613 | obj = 1.7184 | cls = 0.0502 | steps = 925 | global_batches = 7400 | samples = 118288 | time = 803.9s
[epoch 006 val] total = 5.5607 | box = 0.7581 | obj = 1.7199 | cls = 0.0504 | steps = 40 | global_batches = 320 | samples = 5000 | time = 22.0s
epoch 007 | step 0001 | total = 4.6205 | box = 0.5630 | obj = 1.7459 | cls = 0.0595 | lr = 0.000946
epoch 007 | step 0020 | total = 5.4764 | box = 0.7694 | obj = 1.5803 | cls = 0.0492 | lr = 0.000946
epoch 007 | step 0040 | total = 5.9470 | box = 0.8372 | obj = 1.7195 | cls = 0.0414 | lr = 0.000946
epoch 007 | step 0060 | total = 5.7055 | box = 0.8091 | obj = 1.6125 | cls = 0.0474 | lr = 0.000946
epoch 007 | step 0080 | total = 6.4396 | box = 0.9453 | obj = 1.6730 | cls = 0.0401 | lr = 0.000946
epoch 007 | step 0100 | total = 5.2943 | box = 0.7186 | obj = 1.6557 | cls = 0.0459 | lr = 0.000946
epoch 007 | step 0120 | total = 4.9853 | box = 0.6647 | obj = 1.6085 | cls = 0.0533 | lr = 0.000946
epoch 007 | step 0140 | total = 4.9897 | box = 0.6232 | obj = 1.8097 | cls = 0.0638 | lr = 0.000946
epoch 007 | step 0160 | total = 5.6615 | box = 0.7913 | obj = 1.6575 | cls = 0.0475 | lr = 0.000946
epoch 007 | step 0180 | total = 5.3850 | box = 0.7095 | obj = 1.7872 | cls = 0.0501 | lr = 0.000946
epoch 007 | step 0200 | total = 6.5149 | box = 0.9557 | obj = 1.6886 | cls = 0.0480 | lr = 0.000946
epoch 007 | step 0220 | total = 5.1392 | box = 0.6694 | obj = 1.7378 | cls = 0.0545 | lr = 0.000946
epoch 007 | step 0240 | total = 6.4372 | box = 0.9374 | obj = 1.7075 | cls = 0.0427 | lr = 0.000946
epoch 007 | step 0260 | total = 5.2460 | box = 0.6987 | obj = 1.7033 | cls = 0.0495 | lr = 0.000946
epoch 007 | step 0280 | total = 5.9330 | box = 0.8617 | obj = 1.5728 | cls = 0.0518 | lr = 0.000946
epoch 007 | step 0300 | total = 5.3945 | box = 0.7219 | obj = 1.7247 | cls = 0.0603 | lr = 0.000946
epoch 007 | step 0320 | total = 5.2517 | box = 0.6851 | obj = 1.7701 | cls = 0.0561 | lr = 0.000946
epoch 007 | step 0340 | total = 4.9693 | box = 0.6714 | obj = 1.5604 | cls = 0.0519 | lr = 0.000946
epoch 007 | step 0360 | total = 6.0308 | box = 0.8554 | obj = 1.7037 | cls = 0.0502 | lr = 0.000946
epoch 007 | step 0380 | total = 5.4152 | box = 0.6857 | obj = 1.9300 | cls = 0.0566 | lr = 0.000946
epoch 007 | step 0400 | total = 5.8507 | box = 0.8125 | obj = 1.7423 | cls = 0.0461 | lr = 0.000946
epoch 007 | step 0420 | total = 6.3870 | box = 0.9324 | obj = 1.6818 | cls = 0.0431 | lr = 0.000946
epoch 007 | step 0440 | total = 5.0262 | box = 0.6493 | obj = 1.7290 | cls = 0.0509 | lr = 0.000946
epoch 007 | step 0460 | total = 5.6329 | box = 0.7781 | obj = 1.6892 | cls = 0.0530 | lr = 0.000946
epoch 007 | step 0480 | total = 4.9584 | box = 0.6541 | obj = 1.6319 | cls = 0.0558 | lr = 0.000946
epoch 007 | step 0500 | total = 5.5337 | box = 0.7552 | obj = 1.7106 | cls = 0.0471 | lr = 0.000946
epoch 007 | step 0520 | total = 5.3986 | box = 0.7206 | obj = 1.7521 | cls = 0.0434 | lr = 0.000946
epoch 007 | step 0540 | total = 5.4893 | box = 0.7622 | obj = 1.6372 | cls = 0.0409 | lr = 0.000946
epoch 007 | step 0560 | total = 5.5657 | box = 0.7531 | obj = 1.7521 | cls = 0.0479 | lr = 0.000946
epoch 007 | step 0580 | total = 5.4773 | box = 0.7120 | obj = 1.8668 | cls = 0.0507 | lr = 0.000946
epoch 007 | step 0600 | total = 4.8068 | box = 0.6385 | obj = 1.5627 | cls = 0.0518 | lr = 0.000946
epoch 007 | step 0620 | total = 4.6649 | box = 0.5410 | obj = 1.8943 | cls = 0.0657 | lr = 0.000946
epoch 007 | step 0640 | total = 6.0168 | box = 0.8582 | obj = 1.6839 | cls = 0.0420 | lr = 0.000946
epoch 007 | step 0660 | total = 5.3197 | box = 0.7044 | obj = 1.7392 | cls = 0.0582 | lr = 0.000946
epoch 007 | step 0680 | total = 5.8548 | box = 0.7905 | obj = 1.8444 | cls = 0.0578 | lr = 0.000946
epoch 007 | step 0700 | total = 4.8930 | box = 0.6206 | obj = 1.7454 | cls = 0.0445 | lr = 0.000946
epoch 007 | step 0720 | total = 5.2820 | box = 0.6714 | obj = 1.8671 | cls = 0.0578 | lr = 0.000946
epoch 007 | step 0740 | total = 4.1998 | box = 0.5070 | obj = 1.6033 | cls = 0.0616 | lr = 0.000946
epoch 007 | step 0760 | total = 5.2910 | box = 0.7040 | obj = 1.7203 | cls = 0.0506 | lr = 0.000946
epoch 007 | step 0780 | total = 4.5698 | box = 0.5763 | obj = 1.6306 | cls = 0.0577 | lr = 0.000946
epoch 007 | step 0800 | total = 5.8588 | box = 0.7881 | obj = 1.8616 | cls = 0.0569 | lr = 0.000946
epoch 007 | step 0820 | total = 5.2001 | box = 0.6800 | obj = 1.7465 | cls = 0.0534 | lr = 0.000946
epoch 007 | step 0840 | total = 4.9018 | box = 0.6516 | obj = 1.5981 | cls = 0.0456 | lr = 0.000946
epoch 007 | step 0860 | total = 5.0663 | box = 0.6692 | obj = 1.6727 | cls = 0.0474 | lr = 0.000946
epoch 007 | step 0880 | total = 5.9237 | box = 0.8523 | obj = 1.6264 | cls = 0.0359 | lr = 0.000946
epoch 007 | step 0900 | total = 4.6768 | box = 0.5695 | obj = 1.7696 | cls = 0.0599 | lr = 0.000946
epoch 007 | step 0920 | total = 5.7864 | box = 0.8254 | obj = 1.6124 | cls = 0.0470 | lr = 0.000946
[epoch 007 train] total = 5.4658 | box = 0.7438 | obj = 1.6976 | cls = 0.0494 | steps = 925 | global_batches = 7400 | samples = 118288 | time = 804.0s
[epoch 007 val] total = 5.5317 | box = 0.7555 | obj = 1.7035 | cls = 0.0507 | steps = 40 | global_batches = 320 | samples = 5000 | time = 21.6s
epoch 008 | step 0001 | total = 4.8383 | box = 0.6369 | obj = 1.6023 | cls = 0.0513 | lr = 0.000927
epoch 008 | step 0020 | total = 5.5587 | box = 0.7371 | obj = 1.8165 | cls = 0.0568 | lr = 0.000927
epoch 008 | step 0040 | total = 6.2833 | box = 0.9052 | obj = 1.7128 | cls = 0.0446 | lr = 0.000927
epoch 008 | step 0060 | total = 5.2372 | box = 0.6785 | obj = 1.7984 | cls = 0.0465 | lr = 0.000927
epoch 008 | step 0080 | total = 5.4780 | box = 0.7731 | obj = 1.5616 | cls = 0.0510 | lr = 0.000927
epoch 008 | step 0100 | total = 6.2418 | box = 0.8979 | obj = 1.7026 | cls = 0.0498 | lr = 0.000927
epoch 008 | step 0120 | total = 4.6789 | box = 0.6158 | obj = 1.5539 | cls = 0.0459 | lr = 0.000927
epoch 008 | step 0140 | total = 4.7581 | box = 0.6122 | obj = 1.6468 | cls = 0.0503 | lr = 0.000927
epoch 008 | step 0160 | total = 5.5932 | box = 0.7476 | obj = 1.8080 | cls = 0.0472 | lr = 0.000927
epoch 008 | step 0180 | total = 5.1290 | box = 0.6853 | obj = 1.6529 | cls = 0.0497 | lr = 0.000927
epoch 008 | step 0200 | total = 4.7902 | box = 0.5869 | obj = 1.7958 | cls = 0.0600 | lr = 0.000927
epoch 008 | step 0220 | total = 5.5662 | box = 0.7702 | obj = 1.6666 | cls = 0.0488 | lr = 0.000927
epoch 008 | step 0240 | total = 5.9631 | box = 0.8406 | obj = 1.7071 | cls = 0.0531 | lr = 0.000927
epoch 008 | step 0260 | total = 5.5564 | box = 0.7695 | obj = 1.6600 | cls = 0.0487 | lr = 0.000927
epoch 008 | step 0280 | total = 4.4947 | box = 0.5426 | obj = 1.7381 | cls = 0.0433 | lr = 0.000927
epoch 008 | step 0300 | total = 5.5234 | box = 0.7692 | obj = 1.6333 | cls = 0.0443 | lr = 0.000927
epoch 008 | step 0320 | total = 5.2027 | box = 0.7095 | obj = 1.6127 | cls = 0.0422 | lr = 0.000927
epoch 008 | step 0340 | total = 5.6256 | box = 0.7845 | obj = 1.6562 | cls = 0.0470 | lr = 0.000927
epoch 008 | step 0360 | total = 5.2912 | box = 0.7343 | obj = 1.5780 | cls = 0.0420 | lr = 0.000927
epoch 008 | step 0380 | total = 6.2020 | box = 0.8796 | obj = 1.7570 | cls = 0.0471 | lr = 0.000927
epoch 008 | step 0400 | total = 4.9692 | box = 0.6695 | obj = 1.5766 | cls = 0.0450 | lr = 0.000927
epoch 008 | step 0420 | total = 4.8410 | box = 0.6303 | obj = 1.6381 | cls = 0.0514 | lr = 0.000927
epoch 008 | step 0440 | total = 5.0080 | box = 0.6292 | obj = 1.8107 | cls = 0.0515 | lr = 0.000927
epoch 008 | step 0460 | total = 4.7029 | box = 0.5756 | obj = 1.7750 | cls = 0.0501 | lr = 0.000927
epoch 008 | step 0480 | total = 4.9747 | box = 0.6786 | obj = 1.5408 | cls = 0.0407 | lr = 0.000927
epoch 008 | step 0500 | total = 5.8872 | box = 0.8137 | obj = 1.7763 | cls = 0.0422 | lr = 0.000927
epoch 008 | step 0520 | total = 5.0622 | box = 0.6637 | obj = 1.6924 | cls = 0.0512 | lr = 0.000927
epoch 008 | step 0540 | total = 4.7480 | box = 0.6040 | obj = 1.6774 | cls = 0.0508 | lr = 0.000927
epoch 008 | step 0560 | total = 5.1902 | box = 0.6821 | obj = 1.7294 | cls = 0.0505 | lr = 0.000927
epoch 008 | step 0580 | total = 4.9763 | box = 0.6181 | obj = 1.8378 | cls = 0.0481 | lr = 0.000927
epoch 008 | step 0600 | total = 5.0175 | box = 0.6599 | obj = 1.6664 | cls = 0.0518 | lr = 0.000927
epoch 008 | step 0620 | total = 5.4581 | box = 0.7358 | obj = 1.7393 | cls = 0.0398 | lr = 0.000927
epoch 008 | step 0640 | total = 5.6933 | box = 0.7885 | obj = 1.7002 | cls = 0.0507 | lr = 0.000927
epoch 008 | step 0660 | total = 5.7883 | box = 0.8087 | obj = 1.6998 | cls = 0.0450 | lr = 0.000927
epoch 008 | step 0680 | total = 5.3640 | box = 0.7147 | obj = 1.7425 | cls = 0.0483 | lr = 0.000927
epoch 008 | step 0700 | total = 4.8724 | box = 0.6534 | obj = 1.5590 | cls = 0.0462 | lr = 0.000927
epoch 008 | step 0720 | total = 5.2370 | box = 0.7271 | obj = 1.5565 | cls = 0.0452 | lr = 0.000927
epoch 008 | step 0740 | total = 4.6286 | box = 0.5678 | obj = 1.7320 | cls = 0.0577 | lr = 0.000927
epoch 008 | step 0760 | total = 5.1054 | box = 0.6830 | obj = 1.6394 | cls = 0.0512 | lr = 0.000927
epoch 008 | step 0780 | total = 4.8162 | box = 0.6189 | obj = 1.6783 | cls = 0.0433 | lr = 0.000927
epoch 008 | step 0800 | total = 5.8770 | box = 0.8298 | obj = 1.6862 | cls = 0.0418 | lr = 0.000927
epoch 008 | step 0820 | total = 5.8215 | box = 0.8391 | obj = 1.5815 | cls = 0.0443 | lr = 0.000927
epoch 008 | step 0840 | total = 4.9764 | box = 0.6612 | obj = 1.6292 | cls = 0.0414 | lr = 0.000927
epoch 008 | step 0860 | total = 6.5028 | box = 0.9474 | obj = 1.7176 | cls = 0.0480 | lr = 0.000927
epoch 008 | step 0880 | total = 5.3341 | box = 0.6940 | obj = 1.8164 | cls = 0.0475 | lr = 0.000927
epoch 008 | step 0900 | total = 6.3929 | box = 0.9217 | obj = 1.7393 | cls = 0.0453 | lr = 0.000927
epoch 008 | step 0920 | total = 6.3026 | box = 0.8812 | obj = 1.8543 | cls = 0.0422 | lr = 0.000927
[epoch 008 train] total = 5.3765 | box = 0.7295 | obj = 1.6806 | cls = 0.0486 | steps = 925 | global_batches = 7400 | samples = 118288 | time = 804.0s
[epoch 008 val] total = 5.3919 | box = 0.7301 | obj = 1.6929 | cls = 0.0484 | steps = 40 | global_batches = 320 | samples = 5000 | time = 22.4s
epoch 009 | step 0001 | total = 4.7432 | box = 0.6290 | obj = 1.5542 | cls = 0.0439 | lr = 0.000905
epoch 009 | step 0020 | total = 5.6899 | box = 0.7318 | obj = 1.9878 | cls = 0.0433 | lr = 0.000905
epoch 009 | step 0040 | total = 5.7289 | box = 0.8064 | obj = 1.6488 | cls = 0.0480 | lr = 0.000905
epoch 009 | step 0060 | total = 5.6680 | box = 0.7945 | obj = 1.6491 | cls = 0.0463 | lr = 0.000905
epoch 009 | step 0080 | total = 5.2654 | box = 0.7262 | obj = 1.5947 | cls = 0.0398 | lr = 0.000905
epoch 009 | step 0100 | total = 5.1367 | box = 0.6801 | obj = 1.6905 | cls = 0.0458 | lr = 0.000905
epoch 009 | step 0120 | total = 5.3094 | box = 0.7332 | obj = 1.5990 | cls = 0.0445 | lr = 0.000905
epoch 009 | step 0140 | total = 5.6619 | box = 0.7821 | obj = 1.7151 | cls = 0.0361 | lr = 0.000905
epoch 009 | step 0160 | total = 5.5154 | box = 0.7799 | obj = 1.5657 | cls = 0.0503 | lr = 0.000905
epoch 009 | step 0180 | total = 5.0775 | box = 0.6846 | obj = 1.6095 | cls = 0.0451 | lr = 0.000905
epoch 009 | step 0200 | total = 5.2599 | box = 0.7153 | obj = 1.6244 | cls = 0.0592 | lr = 0.000905
epoch 009 | step 0220 | total = 5.5778 | box = 0.7852 | obj = 1.6032 | cls = 0.0485 | lr = 0.000905
epoch 009 | step 0240 | total = 5.2915 | box = 0.7143 | obj = 1.6583 | cls = 0.0617 | lr = 0.000905
epoch 009 | step 0260 | total = 4.7260 | box = 0.6137 | obj = 1.6086 | cls = 0.0489 | lr = 0.000905
epoch 009 | step 0280 | total = 5.2126 | box = 0.6821 | obj = 1.7504 | cls = 0.0520 | lr = 0.000905
epoch 009 | step 0300 | total = 4.5335 | box = 0.5795 | obj = 1.5802 | cls = 0.0560 | lr = 0.000905
epoch 009 | step 0320 | total = 5.4815 | box = 0.7532 | obj = 1.6657 | cls = 0.0496 | lr = 0.000905
epoch 009 | step 0340 | total = 5.3106 | box = 0.7385 | obj = 1.5663 | cls = 0.0520 | lr = 0.000905
epoch 009 | step 0360 | total = 5.2481 | box = 0.7317 | obj = 1.5455 | cls = 0.0439 | lr = 0.000905
epoch 009 | step 0380 | total = 5.4838 | box = 0.7596 | obj = 1.6322 | cls = 0.0534 | lr = 0.000905
epoch 009 | step 0400 | total = 6.3860 | box = 0.9129 | obj = 1.7731 | cls = 0.0483 | lr = 0.000905
epoch 009 | step 0420 | total = 5.0514 | box = 0.6858 | obj = 1.5671 | cls = 0.0554 | lr = 0.000905
epoch 009 | step 0440 | total = 5.1086 | box = 0.6628 | obj = 1.7426 | cls = 0.0522 | lr = 0.000905
epoch 009 | step 0460 | total = 4.8875 | box = 0.6422 | obj = 1.6304 | cls = 0.0461 | lr = 0.000905
epoch 009 | step 0480 | total = 5.0302 | box = 0.6770 | obj = 1.5911 | cls = 0.0540 | lr = 0.000905
epoch 009 | step 0500 | total = 5.9774 | box = 0.8671 | obj = 1.6002 | cls = 0.0418 | lr = 0.000905
epoch 009 | step 0520 | total = 4.7291 | box = 0.6128 | obj = 1.6230 | cls = 0.0419 | lr = 0.000905
epoch 009 | step 0540 | total = 5.3351 | box = 0.7290 | obj = 1.6375 | cls = 0.0527 | lr = 0.000905
epoch 009 | step 0560 | total = 5.7870 | box = 0.7939 | obj = 1.7685 | cls = 0.0488 | lr = 0.000905
epoch 009 | step 0580 | total = 5.2772 | box = 0.7390 | obj = 1.5331 | cls = 0.0492 | lr = 0.000905
epoch 009 | step 0600 | total = 5.9847 | box = 0.8867 | obj = 1.5139 | cls = 0.0372 | lr = 0.000905
epoch 009 | step 0620 | total = 5.3442 | box = 0.7228 | obj = 1.6818 | cls = 0.0483 | lr = 0.000905
epoch 009 | step 0640 | total = 5.3723 | box = 0.7685 | obj = 1.4950 | cls = 0.0348 | lr = 0.000905
epoch 009 | step 0660 | total = 4.0426 | box = 0.4663 | obj = 1.6506 | cls = 0.0606 | lr = 0.000905
epoch 009 | step 0680 | total = 5.2621 | box = 0.7098 | obj = 1.6722 | cls = 0.0408 | lr = 0.000905
epoch 009 | step 0700 | total = 5.6119 | box = 0.7869 | obj = 1.6418 | cls = 0.0359 | lr = 0.000905
epoch 009 | step 0720 | total = 5.9845 | box = 0.8664 | obj = 1.5974 | cls = 0.0552 | lr = 0.000905
epoch 009 | step 0740 | total = 5.8153 | box = 0.8115 | obj = 1.7221 | cls = 0.0358 | lr = 0.000905
epoch 009 | step 0760 | total = 5.3313 | box = 0.7264 | obj = 1.6529 | cls = 0.0467 | lr = 0.000905
epoch 009 | step 0780 | total = 5.4317 | box = 0.7321 | obj = 1.7214 | cls = 0.0500 | lr = 0.000905
epoch 009 | step 0800 | total = 5.1824 | box = 0.7064 | obj = 1.6075 | cls = 0.0429 | lr = 0.000905
epoch 009 | step 0820 | total = 5.2286 | box = 0.6701 | obj = 1.8267 | cls = 0.0512 | lr = 0.000905
epoch 009 | step 0840 | total = 5.6662 | box = 0.7854 | obj = 1.6963 | cls = 0.0431 | lr = 0.000905
epoch 009 | step 0860 | total = 5.2039 | box = 0.6625 | obj = 1.8398 | cls = 0.0514 | lr = 0.000905
epoch 009 | step 0880 | total = 5.3741 | box = 0.7194 | obj = 1.7267 | cls = 0.0503 | lr = 0.000905
epoch 009 | step 0900 | total = 4.8858 | box = 0.6592 | obj = 1.5466 | cls = 0.0430 | lr = 0.000905
epoch 009 | step 0920 | total = 5.6430 | box = 0.7721 | obj = 1.7308 | cls = 0.0518 | lr = 0.000905
[epoch 009 train] total = 5.2928 | box = 0.7162 | obj = 1.6642 | cls = 0.0478 | steps = 925 | global_batches = 7400 | samples = 118288 | time = 803.0s
[epoch 009 val] total = 5.3147 | box = 0.7203 | obj = 1.6662 | cls = 0.0470 | steps = 40 | global_batches = 320 | samples = 5000 | time = 22.9s
epoch 010 | step 0001 | total = 5.1902 | box = 0.6946 | obj = 1.6705 | cls = 0.0467 | lr = 0.000881
epoch 010 | step 0020 | total = 6.2891 | box = 0.9330 | obj = 1.5824 | cls = 0.0417 | lr = 0.000881
epoch 010 | step 0040 | total = 4.9277 | box = 0.6584 | obj = 1.5916 | cls = 0.0441 | lr = 0.000881
epoch 010 | step 0060 | total = 5.3895 | box = 0.7368 | obj = 1.6582 | cls = 0.0472 | lr = 0.000881
epoch 010 | step 0080 | total = 5.2087 | box = 0.7046 | obj = 1.6409 | cls = 0.0450 | lr = 0.000881
epoch 010 | step 0100 | total = 5.4312 | box = 0.7280 | obj = 1.7424 | cls = 0.0489 | lr = 0.000881
epoch 010 | step 0120 | total = 5.0614 | box = 0.6401 | obj = 1.7997 | cls = 0.0614 | lr = 0.000881
epoch 010 | step 0140 | total = 5.6299 | box = 0.7814 | obj = 1.6737 | cls = 0.0492 | lr = 0.000881
epoch 010 | step 0160 | total = 4.6072 | box = 0.5928 | obj = 1.5969 | cls = 0.0461 | lr = 0.000881
epoch 010 | step 0180 | total = 4.9750 | box = 0.6585 | obj = 1.6407 | cls = 0.0416 | lr = 0.000881
epoch 010 | step 0200 | total = 5.5627 | box = 0.7901 | obj = 1.5719 | cls = 0.0402 | lr = 0.000881
epoch 010 | step 0220 | total = 5.0761 | box = 0.6408 | obj = 1.8257 | cls = 0.0464 | lr = 0.000881
epoch 010 | step 0240 | total = 4.9135 | box = 0.6655 | obj = 1.5362 | cls = 0.0496 | lr = 0.000881
epoch 010 | step 0260 | total = 4.7470 | box = 0.6321 | obj = 1.5352 | cls = 0.0513 | lr = 0.000881
epoch 010 | step 0280 | total = 4.9457 | box = 0.6797 | obj = 1.5056 | cls = 0.0414 | lr = 0.000881
epoch 010 | step 0300 | total = 4.9998 | box = 0.6680 | obj = 1.6172 | cls = 0.0425 | lr = 0.000881
epoch 010 | step 0320 | total = 5.3777 | box = 0.7312 | obj = 1.6679 | cls = 0.0538 | lr = 0.000881
epoch 010 | step 0340 | total = 5.6762 | box = 0.8160 | obj = 1.5459 | cls = 0.0503 | lr = 0.000881
epoch 010 | step 0360 | total = 5.3974 | box = 0.7436 | obj = 1.6321 | cls = 0.0474 | lr = 0.000881
epoch 010 | step 0380 | total = 5.1458 | box = 0.6887 | obj = 1.6548 | cls = 0.0475 | lr = 0.000881
epoch 010 | step 0400 | total = 4.1889 | box = 0.4847 | obj = 1.7075 | cls = 0.0579 | lr = 0.000881
epoch 010 | step 0420 | total = 5.6776 | box = 0.8234 | obj = 1.5233 | cls = 0.0374 | lr = 0.000881
epoch 010 | step 0440 | total = 4.7480 | box = 0.5965 | obj = 1.7152 | cls = 0.0503 | lr = 0.000881
epoch 010 | step 0460 | total = 5.1847 | box = 0.6897 | obj = 1.6893 | cls = 0.0467 | lr = 0.000881
epoch 010 | step 0480 | total = 5.7210 | box = 0.7715 | obj = 1.8117 | cls = 0.0517 | lr = 0.000881
epoch 010 | step 0500 | total = 4.8466 | box = 0.6166 | obj = 1.7137 | cls = 0.0500 | lr = 0.000881
epoch 010 | step 0520 | total = 5.1658 | box = 0.6869 | obj = 1.6852 | cls = 0.0461 | lr = 0.000881
epoch 010 | step 0540 | total = 4.8163 | box = 0.6574 | obj = 1.4852 | cls = 0.0442 | lr = 0.000881
epoch 010 | step 0560 | total = 5.3556 | box = 0.7365 | obj = 1.6169 | cls = 0.0562 | lr = 0.000881
epoch 010 | step 0580 | total = 5.3743 | box = 0.7127 | obj = 1.7654 | cls = 0.0452 | lr = 0.000881
epoch 010 | step 0600 | total = 4.5834 | box = 0.5836 | obj = 1.6153 | cls = 0.0500 | lr = 0.000881
epoch 010 | step 0620 | total = 5.5219 | box = 0.7469 | obj = 1.7338 | cls = 0.0536 | lr = 0.000881
epoch 010 | step 0640 | total = 5.1407 | box = 0.7160 | obj = 1.5197 | cls = 0.0409 | lr = 0.000881
epoch 010 | step 0660 | total = 4.6719 | box = 0.5804 | obj = 1.7240 | cls = 0.0460 | lr = 0.000881
epoch 010 | step 0680 | total = 5.2088 | box = 0.7070 | obj = 1.6263 | cls = 0.0476 | lr = 0.000881
epoch 010 | step 0700 | total = 6.1738 | box = 0.8700 | obj = 1.7736 | cls = 0.0503 | lr = 0.000881
epoch 010 | step 0720 | total = 5.2477 | box = 0.7242 | obj = 1.5912 | cls = 0.0357 | lr = 0.000881
epoch 010 | step 0740 | total = 5.9951 | box = 0.8253 | obj = 1.8246 | cls = 0.0441 | lr = 0.000881
epoch 010 | step 0760 | total = 5.9767 | box = 0.8683 | obj = 1.5888 | cls = 0.0465 | lr = 0.000881
epoch 010 | step 0780 | total = 4.4736 | box = 0.5821 | obj = 1.5106 | cls = 0.0524 | lr = 0.000881
epoch 010 | step 0800 | total = 5.9604 | box = 0.8623 | obj = 1.6019 | cls = 0.0470 | lr = 0.000881
epoch 010 | step 0820 | total = 5.3307 | box = 0.7580 | obj = 1.4979 | cls = 0.0428 | lr = 0.000881
epoch 010 | step 0840 | total = 5.2495 | box = 0.7066 | obj = 1.6726 | cls = 0.0438 | lr = 0.000881
epoch 010 | step 0860 | total = 5.5268 | box = 0.7632 | obj = 1.6666 | cls = 0.0442 | lr = 0.000881
epoch 010 | step 0880 | total = 4.9872 | box = 0.6781 | obj = 1.5543 | cls = 0.0427 | lr = 0.000881
epoch 010 | step 0900 | total = 5.4355 | box = 0.7437 | obj = 1.6759 | cls = 0.0411 | lr = 0.000881
epoch 010 | step 0920 | total = 4.9060 | box = 0.6400 | obj = 1.6583 | cls = 0.0474 | lr = 0.000881
[epoch 010 train] total = 5.2097 | box = 0.7034 | obj = 1.6456 | cls = 0.0470 | steps = 925 | global_batches = 7400 | samples = 118288 | time = 803.2s
[epoch 010 val] total = 5.2106 | box = 0.7017 | obj = 1.6554 | cls = 0.0468 | steps = 40 | global_batches = 320 | samples = 5000 | time = 22.8s
epoch 011 | step 0001 | total = 4.6773 | box = 0.6075 | obj = 1.5954 | cls = 0.0444 | lr = 0.000855
epoch 011 | step 0020 | total = 5.7367 | box = 0.7733 | obj = 1.8265 | cls = 0.0440 | lr = 0.000855
epoch 011 | step 0040 | total = 5.0377 | box = 0.6763 | obj = 1.6154 | cls = 0.0408 | lr = 0.000855
epoch 011 | step 0060 | total = 5.3083 | box = 0.7107 | obj = 1.6958 | cls = 0.0588 | lr = 0.000855
epoch 011 | step 0080 | total = 4.5617 | box = 0.5653 | obj = 1.6873 | cls = 0.0480 | lr = 0.000855
epoch 011 | step 0100 | total = 5.2370 | box = 0.6995 | obj = 1.6862 | cls = 0.0532 | lr = 0.000855
epoch 011 | step 0120 | total = 5.6112 | box = 0.7976 | obj = 1.5784 | cls = 0.0447 | lr = 0.000855
epoch 011 | step 0140 | total = 5.1940 | box = 0.7035 | obj = 1.6320 | cls = 0.0443 | lr = 0.000855
epoch 011 | step 0160 | total = 5.6080 | box = 0.7933 | obj = 1.5958 | cls = 0.0456 | lr = 0.000855
epoch 011 | step 0180 | total = 5.5930 | box = 0.8037 | obj = 1.5330 | cls = 0.0415 | lr = 0.000855
epoch 011 | step 0200 | total = 5.3671 | box = 0.7557 | obj = 1.5482 | cls = 0.0406 | lr = 0.000855
epoch 011 | step 0220 | total = 5.8091 | box = 0.8033 | obj = 1.7468 | cls = 0.0458 | lr = 0.000855
epoch 011 | step 0240 | total = 5.4998 | box = 0.7461 | obj = 1.7226 | cls = 0.0470 | lr = 0.000855
epoch 011 | step 0260 | total = 5.3583 | box = 0.7279 | obj = 1.6744 | cls = 0.0446 | lr = 0.000855
epoch 011 | step 0280 | total = 4.9865 | box = 0.6408 | obj = 1.7390 | cls = 0.0437 | lr = 0.000855
epoch 011 | step 0300 | total = 5.0373 | box = 0.6782 | obj = 1.5980 | cls = 0.0484 | lr = 0.000855
epoch 011 | step 0320 | total = 5.1792 | box = 0.6924 | obj = 1.6666 | cls = 0.0505 | lr = 0.000855
epoch 011 | step 0340 | total = 5.6433 | box = 0.7491 | obj = 1.8548 | cls = 0.0430 | lr = 0.000855
epoch 011 | step 0360 | total = 5.1855 | box = 0.6899 | obj = 1.6907 | cls = 0.0451 | lr = 0.000855
epoch 011 | step 0380 | total = 5.0325 | box = 0.6708 | obj = 1.6289 | cls = 0.0494 | lr = 0.000855
epoch 011 | step 0400 | total = 4.9890 | box = 0.6802 | obj = 1.5468 | cls = 0.0412 | lr = 0.000855
epoch 011 | step 0420 | total = 5.4278 | box = 0.7588 | obj = 1.5913 | cls = 0.0424 | lr = 0.000855
epoch 011 | step 0440 | total = 5.4953 | box = 0.7299 | obj = 1.7946 | cls = 0.0511 | lr = 0.000855
epoch 011 | step 0460 | total = 5.3126 | box = 0.7272 | obj = 1.6280 | cls = 0.0487 | lr = 0.000855
epoch 011 | step 0480 | total = 4.9794 | box = 0.6700 | obj = 1.5801 | cls = 0.0493 | lr = 0.000855
epoch 011 | step 0500 | total = 5.5206 | box = 0.7928 | obj = 1.5163 | cls = 0.0402 | lr = 0.000855
epoch 011 | step 0520 | total = 5.3604 | box = 0.7118 | obj = 1.7364 | cls = 0.0651 | lr = 0.000855
epoch 011 | step 0540 | total = 5.1470 | box = 0.6745 | obj = 1.7153 | cls = 0.0593 | lr = 0.000855
epoch 011 | step 0560 | total = 5.0942 | box = 0.6965 | obj = 1.5765 | cls = 0.0352 | lr = 0.000855
epoch 011 | step 0580 | total = 5.6753 | box = 0.7910 | obj = 1.6796 | cls = 0.0405 | lr = 0.000855
epoch 011 | step 0600 | total = 4.5862 | box = 0.5709 | obj = 1.6793 | cls = 0.0523 | lr = 0.000855
epoch 011 | step 0620 | total = 5.5081 | box = 0.7668 | obj = 1.6300 | cls = 0.0442 | lr = 0.000855
epoch 011 | step 0640 | total = 5.3566 | box = 0.7236 | obj = 1.6983 | cls = 0.0401 | lr = 0.000855
epoch 011 | step 0660 | total = 5.1104 | box = 0.6769 | obj = 1.6798 | cls = 0.0461 | lr = 0.000855
epoch 011 | step 0680 | total = 5.7446 | box = 0.8288 | obj = 1.5654 | cls = 0.0351 | lr = 0.000855
epoch 011 | step 0700 | total = 5.7250 | box = 0.8196 | obj = 1.5914 | cls = 0.0355 | lr = 0.000855
epoch 011 | step 0720 | total = 5.0791 | box = 0.7045 | obj = 1.5020 | cls = 0.0546 | lr = 0.000855
epoch 011 | step 0740 | total = 5.6575 | box = 0.7923 | obj = 1.6532 | cls = 0.0427 | lr = 0.000855
epoch 011 | step 0760 | total = 5.4728 | box = 0.7436 | obj = 1.7082 | cls = 0.0464 | lr = 0.000855
epoch 011 | step 0780 | total = 4.5574 | box = 0.6180 | obj = 1.4243 | cls = 0.0430 | lr = 0.000855
epoch 011 | step 0800 | total = 5.2529 | box = 0.6433 | obj = 1.9732 | cls = 0.0634 | lr = 0.000855
epoch 011 | step 0820 | total = 5.3864 | box = 0.7600 | obj = 1.5436 | cls = 0.0430 | lr = 0.000855
epoch 011 | step 0840 | total = 4.8177 | box = 0.6191 | obj = 1.6736 | cls = 0.0487 | lr = 0.000855
epoch 011 | step 0860 | total = 4.7372 | box = 0.6132 | obj = 1.6209 | cls = 0.0505 | lr = 0.000855
epoch 011 | step 0880 | total = 5.2533 | box = 0.7239 | obj = 1.5891 | cls = 0.0447 | lr = 0.000855
epoch 011 | step 0900 | total = 5.0345 | box = 0.6923 | obj = 1.5365 | cls = 0.0367 | lr = 0.000855
epoch 011 | step 0920 | total = 5.2100 | box = 0.6764 | obj = 1.7833 | cls = 0.0445 | lr = 0.000855
[epoch 011 train] total = 5.1391 | box = 0.6926 | obj = 1.6297 | cls = 0.0464 | steps = 925 | global_batches = 7400 | samples = 118288 | time = 804.6s
[epoch 011 val] total = 5.2027 | box = 0.6998 | obj = 1.6564 | cls = 0.0471 | steps = 40 | global_batches = 320 | samples = 5000 | time = 23.1s
epoch 012 | step 0001 | total = 4.9222 | box = 0.6649 | obj = 1.5590 | cls = 0.0389 | lr = 0.000826
epoch 012 | step 0020 | total = 4.5485 | box = 0.6039 | obj = 1.4855 | cls = 0.0437 | lr = 0.000826
epoch 012 | step 0040 | total = 5.3431 | box = 0.7565 | obj = 1.5154 | cls = 0.0451 | lr = 0.000826
epoch 012 | step 0060 | total = 3.8054 | box = 0.4461 | obj = 1.5167 | cls = 0.0580 | lr = 0.000826
epoch 012 | step 0080 | total = 5.8995 | box = 0.8257 | obj = 1.7283 | cls = 0.0427 | lr = 0.000826
epoch 012 | step 0100 | total = 4.7805 | box = 0.6467 | obj = 1.5093 | cls = 0.0376 | lr = 0.000826
epoch 012 | step 0120 | total = 5.3408 | box = 0.7564 | obj = 1.5214 | cls = 0.0375 | lr = 0.000826
epoch 012 | step 0140 | total = 4.6453 | box = 0.6109 | obj = 1.5408 | cls = 0.0502 | lr = 0.000826
epoch 012 | step 0160 | total = 5.0120 | box = 0.6670 | obj = 1.6368 | cls = 0.0400 | lr = 0.000826
epoch 012 | step 0180 | total = 4.9058 | box = 0.6250 | obj = 1.7326 | cls = 0.0480 | lr = 0.000826
epoch 012 | step 0200 | total = 4.1451 | box = 0.5336 | obj = 1.4287 | cls = 0.0487 | lr = 0.000826
epoch 012 | step 0220 | total = 5.1850 | box = 0.6999 | obj = 1.6402 | cls = 0.0454 | lr = 0.000826
epoch 012 | step 0240 | total = 5.2954 | box = 0.7194 | obj = 1.6544 | cls = 0.0441 | lr = 0.000826
epoch 012 | step 0260 | total = 5.2586 | box = 0.7136 | obj = 1.6462 | cls = 0.0446 | lr = 0.000826
epoch 012 | step 0280 | total = 4.4127 | box = 0.5625 | obj = 1.5574 | cls = 0.0426 | lr = 0.000826
epoch 012 | step 0300 | total = 5.2884 | box = 0.7289 | obj = 1.6054 | cls = 0.0386 | lr = 0.000826
epoch 012 | step 0320 | total = 5.2509 | box = 0.7040 | obj = 1.6858 | cls = 0.0452 | lr = 0.000826
epoch 012 | step 0340 | total = 5.2080 | box = 0.7122 | obj = 1.6055 | cls = 0.0417 | lr = 0.000826
epoch 012 | step 0360 | total = 6.0394 | box = 0.8651 | obj = 1.6691 | cls = 0.0448 | lr = 0.000826
epoch 012 | step 0380 | total = 4.7440 | box = 0.6464 | obj = 1.4681 | cls = 0.0440 | lr = 0.000826
epoch 012 | step 0400 | total = 5.0441 | box = 0.6820 | obj = 1.5824 | cls = 0.0515 | lr = 0.000826
epoch 012 | step 0420 | total = 5.4302 | box = 0.7145 | obj = 1.8114 | cls = 0.0465 | lr = 0.000826
epoch 012 | step 0440 | total = 4.4727 | box = 0.5913 | obj = 1.4713 | cls = 0.0448 | lr = 0.000826
epoch 012 | step 0460 | total = 5.8316 | box = 0.8441 | obj = 1.5750 | cls = 0.0359 | lr = 0.000826
epoch 012 | step 0480 | total = 4.6192 | box = 0.6152 | obj = 1.5003 | cls = 0.0426 | lr = 0.000826
epoch 012 | step 0500 | total = 6.0835 | box = 0.8785 | obj = 1.6512 | cls = 0.0399 | lr = 0.000826
epoch 012 | step 0520 | total = 5.1480 | box = 0.7008 | obj = 1.6034 | cls = 0.0406 | lr = 0.000826
epoch 012 | step 0540 | total = 3.9617 | box = 0.4697 | obj = 1.5632 | cls = 0.0500 | lr = 0.000826
epoch 012 | step 0560 | total = 5.6065 | box = 0.7788 | obj = 1.6665 | cls = 0.0458 | lr = 0.000826
epoch 012 | step 0580 | total = 5.7056 | box = 0.7378 | obj = 1.9666 | cls = 0.0500 | lr = 0.000826
epoch 012 | step 0600 | total = 4.8485 | box = 0.6498 | obj = 1.5418 | cls = 0.0575 | lr = 0.000826
epoch 012 | step 0620 | total = 4.7323 | box = 0.6103 | obj = 1.6239 | cls = 0.0571 | lr = 0.000826
epoch 012 | step 0640 | total = 5.5741 | box = 0.7997 | obj = 1.5417 | cls = 0.0341 | lr = 0.000826
epoch 012 | step 0660 | total = 5.1180 | box = 0.6877 | obj = 1.6319 | cls = 0.0474 | lr = 0.000826
epoch 012 | step 0680 | total = 4.9533 | box = 0.6329 | obj = 1.7447 | cls = 0.0443 | lr = 0.000826
epoch 012 | step 0700 | total = 4.8105 | box = 0.6244 | obj = 1.6359 | cls = 0.0527 | lr = 0.000826
epoch 012 | step 0720 | total = 5.6982 | box = 0.7746 | obj = 1.7758 | cls = 0.0496 | lr = 0.000826
epoch 012 | step 0740 | total = 5.3154 | box = 0.7300 | obj = 1.6230 | cls = 0.0423 | lr = 0.000826
epoch 012 | step 0760 | total = 4.7385 | box = 0.6149 | obj = 1.6209 | cls = 0.0433 | lr = 0.000826
epoch 012 | step 0780 | total = 5.3949 | box = 0.7298 | obj = 1.7058 | cls = 0.0403 | lr = 0.000826
epoch 012 | step 0800 | total = 4.7644 | box = 0.6332 | obj = 1.5579 | cls = 0.0406 | lr = 0.000826
epoch 012 | step 0820 | total = 5.2195 | box = 0.7015 | obj = 1.6683 | cls = 0.0439 | lr = 0.000826
epoch 012 | step 0840 | total = 4.4513 | box = 0.5633 | obj = 1.5792 | cls = 0.0555 | lr = 0.000826
epoch 012 | step 0860 | total = 4.9033 | box = 0.6441 | obj = 1.6368 | cls = 0.0461 | lr = 0.000826
epoch 012 | step 0880 | total = 5.4343 | box = 0.7183 | obj = 1.7961 | cls = 0.0465 | lr = 0.000826
epoch 012 | step 0900 | total = 5.5177 | box = 0.7615 | obj = 1.6600 | cls = 0.0500 | lr = 0.000826
epoch 012 | step 0920 | total = 4.9586 | box = 0.6764 | obj = 1.5251 | cls = 0.0516 | lr = 0.000826
[epoch 012 train] total = 5.0788 | box = 0.6830 | obj = 1.6182 | cls = 0.0458 | steps = 925 | global_batches = 7400 | samples = 118288 | time = 802.6s
[epoch 012 val] total = 5.1148 | box = 0.6885 | obj = 1.6268 | cls = 0.0456 | steps = 40 | global_batches = 320 | samples = 5000 | time = 23.0s
epoch 013 | step 0001 | total = 5.6524 | box = 0.8038 | obj = 1.5972 | cls = 0.0361 | lr = 0.000796
epoch 013 | step 0020 | total = 5.9148 | box = 0.8044 | obj = 1.8417 | cls = 0.0509 | lr = 0.000796
epoch 013 | step 0040 | total = 4.6724 | box = 0.6039 | obj = 1.6106 | cls = 0.0424 | lr = 0.000796
epoch 013 | step 0060 | total = 4.4419 | box = 0.5711 | obj = 1.5472 | cls = 0.0390 | lr = 0.000796
epoch 013 | step 0080 | total = 4.9638 | box = 0.6855 | obj = 1.4983 | cls = 0.0380 | lr = 0.000796
epoch 013 | step 0100 | total = 4.7804 | box = 0.6477 | obj = 1.5035 | cls = 0.0384 | lr = 0.000796
epoch 013 | step 0120 | total = 5.4997 | box = 0.7623 | obj = 1.6444 | cls = 0.0437 | lr = 0.000796
epoch 013 | step 0140 | total = 4.1208 | box = 0.5138 | obj = 1.5089 | cls = 0.0430 | lr = 0.000796
epoch 013 | step 0160 | total = 4.7438 | box = 0.6298 | obj = 1.5553 | cls = 0.0396 | lr = 0.000796
epoch 013 | step 0180 | total = 5.1932 | box = 0.7038 | obj = 1.6253 | cls = 0.0488 | lr = 0.000796
epoch 013 | step 0200 | total = 4.7554 | box = 0.6227 | obj = 1.5837 | cls = 0.0583 | lr = 0.000796
epoch 013 | step 0220 | total = 6.2213 | box = 0.8771 | obj = 1.7977 | cls = 0.0382 | lr = 0.000796
epoch 013 | step 0240 | total = 5.2819 | box = 0.7286 | obj = 1.5916 | cls = 0.0473 | lr = 0.000796
epoch 013 | step 0260 | total = 5.6243 | box = 0.7975 | obj = 1.5992 | cls = 0.0374 | lr = 0.000796
epoch 013 | step 0280 | total = 5.1600 | box = 0.6871 | obj = 1.6838 | cls = 0.0409 | lr = 0.000796
epoch 013 | step 0300 | total = 5.6721 | box = 0.8255 | obj = 1.4995 | cls = 0.0452 | lr = 0.000796
epoch 013 | step 0320 | total = 4.7160 | box = 0.5720 | obj = 1.8083 | cls = 0.0476 | lr = 0.000796
epoch 013 | step 0340 | total = 4.9141 | box = 0.6261 | obj = 1.7318 | cls = 0.0515 | lr = 0.000796
epoch 013 | step 0360 | total = 4.6934 | box = 0.6278 | obj = 1.5147 | cls = 0.0398 | lr = 0.000796
epoch 013 | step 0380 | total = 5.1253 | box = 0.6679 | obj = 1.7355 | cls = 0.0504 | lr = 0.000796
epoch 013 | step 0400 | total = 5.0891 | box = 0.6927 | obj = 1.5774 | cls = 0.0484 | lr = 0.000796
epoch 013 | step 0420 | total = 4.7948 | box = 0.6135 | obj = 1.6789 | cls = 0.0482 | lr = 0.000796
epoch 013 | step 0440 | total = 5.1623 | box = 0.6966 | obj = 1.6399 | cls = 0.0393 | lr = 0.000796
epoch 013 | step 0460 | total = 4.3531 | box = 0.5565 | obj = 1.5211 | cls = 0.0496 | lr = 0.000796
epoch 013 | step 0480 | total = 5.0660 | box = 0.7003 | obj = 1.5192 | cls = 0.0453 | lr = 0.000796
epoch 013 | step 0500 | total = 5.0727 | box = 0.6818 | obj = 1.6253 | cls = 0.0385 | lr = 0.000796
epoch 013 | step 0520 | total = 4.5789 | box = 0.6034 | obj = 1.5161 | cls = 0.0457 | lr = 0.000796
epoch 013 | step 0540 | total = 4.0192 | box = 0.4844 | obj = 1.5557 | cls = 0.0416 | lr = 0.000796
epoch 013 | step 0560 | total = 5.0348 | box = 0.7011 | obj = 1.4923 | cls = 0.0370 | lr = 0.000796
epoch 013 | step 0580 | total = 5.2647 | box = 0.7355 | obj = 1.5442 | cls = 0.0431 | lr = 0.000796
epoch 013 | step 0600 | total = 4.3686 | box = 0.5700 | obj = 1.4823 | cls = 0.0363 | lr = 0.000796
epoch 013 | step 0620 | total = 5.0708 | box = 0.6844 | obj = 1.5992 | cls = 0.0496 | lr = 0.000796
epoch 013 | step 0640 | total = 4.8489 | box = 0.6402 | obj = 1.6068 | cls = 0.0409 | lr = 0.000796
epoch 013 | step 0660 | total = 4.4510 | box = 0.5611 | obj = 1.6043 | cls = 0.0414 | lr = 0.000796
epoch 013 | step 0680 | total = 4.9008 | box = 0.6610 | obj = 1.5558 | cls = 0.0398 | lr = 0.000796
epoch 013 | step 0700 | total = 4.4406 | box = 0.5715 | obj = 1.5403 | cls = 0.0426 | lr = 0.000796
epoch 013 | step 0720 | total = 5.2439 | box = 0.7224 | obj = 1.5876 | cls = 0.0442 | lr = 0.000796
epoch 013 | step 0740 | total = 4.7423 | box = 0.6081 | obj = 1.6561 | cls = 0.0455 | lr = 0.000796
epoch 013 | step 0760 | total = 5.2746 | box = 0.6982 | obj = 1.7384 | cls = 0.0452 | lr = 0.000796
epoch 013 | step 0780 | total = 5.3840 | box = 0.7334 | obj = 1.6697 | cls = 0.0474 | lr = 0.000796
epoch 013 | step 0800 | total = 5.5315 | box = 0.7662 | obj = 1.6542 | cls = 0.0463 | lr = 0.000796
epoch 013 | step 0820 | total = 4.6321 | box = 0.5796 | obj = 1.6953 | cls = 0.0387 | lr = 0.000796
epoch 013 | step 0840 | total = 4.9145 | box = 0.6564 | obj = 1.5823 | cls = 0.0501 | lr = 0.000796
epoch 013 | step 0860 | total = 4.8363 | box = 0.6353 | obj = 1.5981 | cls = 0.0618 | lr = 0.000796
epoch 013 | step 0880 | total = 5.3682 | box = 0.7124 | obj = 1.7542 | cls = 0.0519 | lr = 0.000796
epoch 013 | step 0900 | total = 4.6316 | box = 0.6124 | obj = 1.5146 | cls = 0.0550 | lr = 0.000796
epoch 013 | step 0920 | total = 5.2517 | box = 0.7034 | obj = 1.6912 | cls = 0.0434 | lr = 0.000796
[epoch 013 train] total = 5.0152 | box = 0.6734 | obj = 1.6030 | cls = 0.0452 | steps = 925 | global_batches = 7400 | samples = 118288 | time = 802.7s
[epoch 013 val] total = 5.0719 | box = 0.6809 | obj = 1.6214 | cls = 0.0458 | steps = 40 | global_batches = 320 | samples = 5000 | time = 23.0s
epoch 014 | step 0001 | total = 5.1159 | box = 0.6882 | obj = 1.6275 | cls = 0.0473 | lr = 0.000764
epoch 014 | step 0020 | total = 4.9902 | box = 0.6442 | obj = 1.7187 | cls = 0.0502 | lr = 0.000764
epoch 014 | step 0040 | total = 4.8785 | box = 0.6437 | obj = 1.6123 | cls = 0.0477 | lr = 0.000764
epoch 014 | step 0060 | total = 5.2167 | box = 0.7266 | obj = 1.5397 | cls = 0.0439 | lr = 0.000764
epoch 014 | step 0080 | total = 4.4082 | box = 0.5728 | obj = 1.5081 | cls = 0.0363 | lr = 0.000764
epoch 014 | step 0100 | total = 4.2305 | box = 0.5386 | obj = 1.4901 | cls = 0.0475 | lr = 0.000764
epoch 014 | step 0120 | total = 5.5119 | box = 0.7816 | obj = 1.5615 | cls = 0.0425 | lr = 0.000764
epoch 014 | step 0140 | total = 6.0827 | box = 0.8903 | obj = 1.5874 | cls = 0.0441 | lr = 0.000764
epoch 014 | step 0160 | total = 5.1961 | box = 0.7251 | obj = 1.5286 | cls = 0.0419 | lr = 0.000764
epoch 014 | step 0180 | total = 5.3064 | box = 0.7506 | obj = 1.5129 | cls = 0.0403 | lr = 0.000764
epoch 014 | step 0200 | total = 5.0960 | box = 0.7019 | obj = 1.5429 | cls = 0.0434 | lr = 0.000764
epoch 014 | step 0220 | total = 5.6794 | box = 0.8151 | obj = 1.5635 | cls = 0.0406 | lr = 0.000764
epoch 014 | step 0240 | total = 5.1072 | box = 0.7000 | obj = 1.5631 | cls = 0.0441 | lr = 0.000764
epoch 014 | step 0260 | total = 4.1568 | box = 0.5221 | obj = 1.4929 | cls = 0.0532 | lr = 0.000764
epoch 014 | step 0280 | total = 5.0489 | box = 0.6880 | obj = 1.5656 | cls = 0.0433 | lr = 0.000764
epoch 014 | step 0300 | total = 6.0957 | box = 0.8628 | obj = 1.7289 | cls = 0.0529 | lr = 0.000764
epoch 014 | step 0320 | total = 4.1757 | box = 0.4883 | obj = 1.6667 | cls = 0.0673 | lr = 0.000764
epoch 014 | step 0340 | total = 5.4429 | box = 0.7119 | obj = 1.8363 | cls = 0.0469 | lr = 0.000764
epoch 014 | step 0360 | total = 6.0790 | box = 0.8859 | obj = 1.6069 | cls = 0.0424 | lr = 0.000764
epoch 014 | step 0380 | total = 4.0293 | box = 0.5163 | obj = 1.4013 | cls = 0.0463 | lr = 0.000764
epoch 014 | step 0400 | total = 5.3726 | box = 0.7076 | obj = 1.7916 | cls = 0.0430 | lr = 0.000764
epoch 014 | step 0420 | total = 5.3909 | box = 0.7394 | obj = 1.6509 | cls = 0.0432 | lr = 0.000764
epoch 014 | step 0440 | total = 5.1167 | box = 0.7170 | obj = 1.4977 | cls = 0.0338 | lr = 0.000764
epoch 014 | step 0460 | total = 4.8077 | box = 0.6345 | obj = 1.5879 | cls = 0.0473 | lr = 0.000764
epoch 014 | step 0480 | total = 4.4810 | box = 0.5863 | obj = 1.5047 | cls = 0.0449 | lr = 0.000764
epoch 014 | step 0500 | total = 5.0324 | box = 0.6788 | obj = 1.5912 | cls = 0.0470 | lr = 0.000764
epoch 014 | step 0520 | total = 5.5164 | box = 0.7868 | obj = 1.5429 | cls = 0.0393 | lr = 0.000764
epoch 014 | step 0540 | total = 4.9068 | box = 0.6489 | obj = 1.6127 | cls = 0.0498 | lr = 0.000764
epoch 014 | step 0560 | total = 5.5237 | box = 0.7794 | obj = 1.5862 | cls = 0.0405 | lr = 0.000764
epoch 014 | step 0580 | total = 4.7743 | box = 0.6374 | obj = 1.5422 | cls = 0.0452 | lr = 0.000764
epoch 014 | step 0600 | total = 4.7334 | box = 0.6165 | obj = 1.6092 | cls = 0.0415 | lr = 0.000764
epoch 014 | step 0620 | total = 4.6639 | box = 0.6025 | obj = 1.6102 | cls = 0.0412 | lr = 0.000764
epoch 014 | step 0640 | total = 4.1017 | box = 0.4841 | obj = 1.6170 | cls = 0.0641 | lr = 0.000764
epoch 014 | step 0660 | total = 4.8857 | box = 0.6570 | obj = 1.5542 | cls = 0.0463 | lr = 0.000764
epoch 014 | step 0680 | total = 5.6750 | box = 0.8190 | obj = 1.5399 | cls = 0.0401 | lr = 0.000764
epoch 014 | step 0700 | total = 5.6582 | box = 0.8038 | obj = 1.5968 | cls = 0.0423 | lr = 0.000764
epoch 014 | step 0720 | total = 4.4244 | box = 0.5911 | obj = 1.4280 | cls = 0.0409 | lr = 0.000764
epoch 014 | step 0740 | total = 5.3998 | box = 0.7789 | obj = 1.4610 | cls = 0.0443 | lr = 0.000764
epoch 014 | step 0760 | total = 4.8465 | box = 0.6592 | obj = 1.5101 | cls = 0.0402 | lr = 0.000764
epoch 014 | step 0780 | total = 4.9791 | box = 0.6419 | obj = 1.7224 | cls = 0.0471 | lr = 0.000764
epoch 014 | step 0800 | total = 5.5786 | box = 0.7965 | obj = 1.5580 | cls = 0.0379 | lr = 0.000764
epoch 014 | step 0820 | total = 5.0444 | box = 0.6821 | obj = 1.5847 | cls = 0.0490 | lr = 0.000764
epoch 014 | step 0840 | total = 5.4839 | box = 0.7784 | obj = 1.5538 | cls = 0.0380 | lr = 0.000764
epoch 014 | step 0860 | total = 5.2912 | box = 0.7464 | obj = 1.5169 | cls = 0.0424 | lr = 0.000764
epoch 014 | step 0880 | total = 5.4774 | box = 0.7871 | obj = 1.4984 | cls = 0.0434 | lr = 0.000764
epoch 014 | step 0900 | total = 5.1408 | box = 0.6792 | obj = 1.7061 | cls = 0.0388 | lr = 0.000764
epoch 014 | step 0920 | total = 5.3228 | box = 0.7377 | obj = 1.5882 | cls = 0.0462 | lr = 0.000764
[epoch 014 train] total = 4.9663 | box = 0.6659 | obj = 1.5921 | cls = 0.0447 | steps = 925 | global_batches = 7400 | samples = 118288 | time = 804.1s
[epoch 014 val] total = 5.1069 | box = 0.6825 | obj = 1.6484 | cls = 0.0461 | steps = 40 | global_batches = 320 | samples = 5000 | time = 23.9s
epoch 015 | step 0001 | total = 4.8307 | box = 0.6269 | obj = 1.6514 | cls = 0.0447 | lr = 0.000730
epoch 015 | step 0020 | total = 5.1935 | box = 0.6840 | obj = 1.7283 | cls = 0.0451 | lr = 0.000730
epoch 015 | step 0040 | total = 5.5077 | box = 0.7433 | obj = 1.7408 | cls = 0.0506 | lr = 0.000730
epoch 015 | step 0060 | total = 4.6100 | box = 0.5960 | obj = 1.5855 | cls = 0.0446 | lr = 0.000730
epoch 015 | step 0080 | total = 4.7948 | box = 0.6375 | obj = 1.5710 | cls = 0.0365 | lr = 0.000730
epoch 015 | step 0100 | total = 5.4623 | box = 0.7694 | obj = 1.5631 | cls = 0.0521 | lr = 0.000730
epoch 015 | step 0120 | total = 5.0893 | box = 0.6778 | obj = 1.6481 | cls = 0.0522 | lr = 0.000730
epoch 015 | step 0140 | total = 5.0328 | box = 0.6885 | obj = 1.5559 | cls = 0.0344 | lr = 0.000730
epoch 015 | step 0160 | total = 4.6953 | box = 0.6400 | obj = 1.4589 | cls = 0.0365 | lr = 0.000730
epoch 015 | step 0180 | total = 4.9234 | box = 0.6420 | obj = 1.6583 | cls = 0.0551 | lr = 0.000730
epoch 015 | step 0200 | total = 5.6582 | box = 0.7824 | obj = 1.6999 | cls = 0.0464 | lr = 0.000730
epoch 015 | step 0220 | total = 5.4441 | box = 0.7420 | obj = 1.6848 | cls = 0.0492 | lr = 0.000730
epoch 015 | step 0240 | total = 4.7270 | box = 0.6241 | obj = 1.5649 | cls = 0.0417 | lr = 0.000730
epoch 015 | step 0260 | total = 4.4393 | box = 0.5844 | obj = 1.4716 | cls = 0.0458 | lr = 0.000730
epoch 015 | step 0280 | total = 4.0866 | box = 0.4770 | obj = 1.6381 | cls = 0.0637 | lr = 0.000730
epoch 015 | step 0300 | total = 5.8270 | box = 0.8223 | obj = 1.6690 | cls = 0.0468 | lr = 0.000730
epoch 015 | step 0320 | total = 5.2554 | box = 0.7391 | obj = 1.5115 | cls = 0.0487 | lr = 0.000730
epoch 015 | step 0340 | total = 4.8154 | box = 0.6326 | obj = 1.6073 | cls = 0.0452 | lr = 0.000730
epoch 015 | step 0360 | total = 4.9228 | box = 0.6697 | obj = 1.5338 | cls = 0.0407 | lr = 0.000730
epoch 015 | step 0380 | total = 5.1307 | box = 0.6848 | obj = 1.6610 | cls = 0.0457 | lr = 0.000730
epoch 015 | step 0400 | total = 4.8519 | box = 0.6780 | obj = 1.4184 | cls = 0.0434 | lr = 0.000730
epoch 015 | step 0420 | total = 4.4704 | box = 0.5521 | obj = 1.6681 | cls = 0.0417 | lr = 0.000730
epoch 015 | step 0440 | total = 4.6543 | box = 0.5608 | obj = 1.7979 | cls = 0.0522 | lr = 0.000730
epoch 015 | step 0460 | total = 5.5872 | box = 0.7797 | obj = 1.6397 | cls = 0.0490 | lr = 0.000730
epoch 015 | step 0480 | total = 4.8334 | box = 0.6283 | obj = 1.6470 | cls = 0.0451 | lr = 0.000730
epoch 015 | step 0500 | total = 5.4662 | box = 0.7451 | obj = 1.6916 | cls = 0.0492 | lr = 0.000730
epoch 015 | step 0520 | total = 5.3187 | box = 0.7411 | obj = 1.5753 | cls = 0.0378 | lr = 0.000730
epoch 015 | step 0540 | total = 6.0605 | box = 0.8784 | obj = 1.6147 | cls = 0.0537 | lr = 0.000730
epoch 015 | step 0560 | total = 4.3695 | box = 0.5591 | obj = 1.5273 | cls = 0.0468 | lr = 0.000730
epoch 015 | step 0580 | total = 4.6575 | box = 0.6199 | obj = 1.5139 | cls = 0.0439 | lr = 0.000730
epoch 015 | step 0600 | total = 4.5173 | box = 0.5866 | obj = 1.5331 | cls = 0.0510 | lr = 0.000730
epoch 015 | step 0620 | total = 5.4992 | box = 0.7533 | obj = 1.6848 | cls = 0.0477 | lr = 0.000730
epoch 015 | step 0640 | total = 4.3526 | box = 0.5320 | obj = 1.6415 | cls = 0.0511 | lr = 0.000730
epoch 015 | step 0660 | total = 4.4087 | box = 0.5778 | obj = 1.4751 | cls = 0.0447 | lr = 0.000730
epoch 015 | step 0680 | total = 4.1122 | box = 0.5227 | obj = 1.4522 | cls = 0.0465 | lr = 0.000730
epoch 015 | step 0700 | total = 4.6172 | box = 0.5779 | obj = 1.6847 | cls = 0.0429 | lr = 0.000730
epoch 015 | step 0720 | total = 5.7125 | box = 0.7759 | obj = 1.7944 | cls = 0.0384 | lr = 0.000730
epoch 015 | step 0740 | total = 4.2750 | box = 0.5365 | obj = 1.5474 | cls = 0.0448 | lr = 0.000730
epoch 015 | step 0760 | total = 4.5771 | box = 0.6049 | obj = 1.5092 | cls = 0.0433 | lr = 0.000730
epoch 015 | step 0780 | total = 4.6712 | box = 0.6058 | obj = 1.5952 | cls = 0.0468 | lr = 0.000730
epoch 015 | step 0800 | total = 5.1235 | box = 0.6929 | obj = 1.6171 | cls = 0.0416 | lr = 0.000730
epoch 015 | step 0820 | total = 5.2737 | box = 0.7614 | obj = 1.4311 | cls = 0.0356 | lr = 0.000730
epoch 015 | step 0840 | total = 4.7075 | box = 0.5806 | obj = 1.7488 | cls = 0.0554 | lr = 0.000730
epoch 015 | step 0860 | total = 4.3705 | box = 0.5759 | obj = 1.4363 | cls = 0.0547 | lr = 0.000730
epoch 015 | step 0880 | total = 4.6271 | box = 0.5926 | obj = 1.6130 | cls = 0.0510 | lr = 0.000730
epoch 015 | step 0900 | total = 5.0114 | box = 0.6807 | obj = 1.5687 | cls = 0.0391 | lr = 0.000730
epoch 015 | step 0920 | total = 5.2438 | box = 0.7112 | obj = 1.6459 | cls = 0.0421 | lr = 0.000730
[epoch 015 train] total = 4.9105 | box = 0.6575 | obj = 1.5788 | cls = 0.0442 | steps = 925 | global_batches = 7400 | samples = 118288 | time = 802.2s
[epoch 015 val] total = 4.9595 | box = 0.6652 | obj = 1.5891 | cls = 0.0446 | steps = 40 | global_batches = 320 | samples = 5000 | time = 23.3s
epoch 016 | step 0001 | total = 5.1375 | box = 0.7196 | obj = 1.4941 | cls = 0.0452 | lr = 0.000694
epoch 016 | step 0020 | total = 5.2370 | box = 0.7229 | obj = 1.5854 | cls = 0.0369 | lr = 0.000694
epoch 016 | step 0040 | total = 5.4031 | box = 0.7601 | obj = 1.5591 | cls = 0.0436 | lr = 0.000694
epoch 016 | step 0060 | total = 4.9462 | box = 0.6820 | obj = 1.4929 | cls = 0.0436 | lr = 0.000694
epoch 016 | step 0080 | total = 5.0957 | box = 0.7367 | obj = 1.3666 | cls = 0.0457 | lr = 0.000694
epoch 016 | step 0100 | total = 4.7211 | box = 0.6287 | obj = 1.5368 | cls = 0.0410 | lr = 0.000694
epoch 016 | step 0120 | total = 5.0292 | box = 0.6777 | obj = 1.5939 | cls = 0.0466 | lr = 0.000694
epoch 016 | step 0140 | total = 5.2471 | box = 0.7460 | obj = 1.4811 | cls = 0.0362 | lr = 0.000694
epoch 016 | step 0160 | total = 5.4448 | box = 0.7815 | obj = 1.4999 | cls = 0.0372 | lr = 0.000694
epoch 016 | step 0180 | total = 4.3988 | box = 0.5732 | obj = 1.4872 | cls = 0.0458 | lr = 0.000694
epoch 016 | step 0200 | total = 4.7658 | box = 0.6235 | obj = 1.5988 | cls = 0.0495 | lr = 0.000694
epoch 016 | step 0220 | total = 4.8348 | box = 0.6495 | obj = 1.5444 | cls = 0.0427 | lr = 0.000694
epoch 016 | step 0240 | total = 5.6071 | box = 0.8043 | obj = 1.5546 | cls = 0.0312 | lr = 0.000694
epoch 016 | step 0260 | total = 4.2736 | box = 0.5656 | obj = 1.4114 | cls = 0.0340 | lr = 0.000694
epoch 016 | step 0280 | total = 4.9410 | box = 0.6775 | obj = 1.5161 | cls = 0.0376 | lr = 0.000694
epoch 016 | step 0300 | total = 4.8577 | box = 0.6426 | obj = 1.6041 | cls = 0.0406 | lr = 0.000694
epoch 016 | step 0320 | total = 4.9009 | box = 0.6711 | obj = 1.5017 | cls = 0.0439 | lr = 0.000694
epoch 016 | step 0340 | total = 4.9140 | box = 0.6516 | obj = 1.6150 | cls = 0.0411 | lr = 0.000694
epoch 016 | step 0360 | total = 5.2214 | box = 0.7237 | obj = 1.5646 | cls = 0.0383 | lr = 0.000694
epoch 016 | step 0380 | total = 4.2641 | box = 0.5461 | obj = 1.4861 | cls = 0.0474 | lr = 0.000694
epoch 016 | step 0400 | total = 4.2766 | box = 0.5413 | obj = 1.5193 | cls = 0.0510 | lr = 0.000694
epoch 016 | step 0420 | total = 5.3802 | box = 0.7420 | obj = 1.6290 | cls = 0.0414 | lr = 0.000694
epoch 016 | step 0440 | total = 5.0722 | box = 0.6728 | obj = 1.6645 | cls = 0.0438 | lr = 0.000694
epoch 016 | step 0460 | total = 5.1700 | box = 0.7168 | obj = 1.5427 | cls = 0.0435 | lr = 0.000694
epoch 016 | step 0480 | total = 5.4799 | box = 0.7576 | obj = 1.6494 | cls = 0.0425 | lr = 0.000694
epoch 016 | step 0500 | total = 4.6960 | box = 0.6081 | obj = 1.6107 | cls = 0.0449 | lr = 0.000694
epoch 016 | step 0520 | total = 4.1138 | box = 0.5059 | obj = 1.5372 | cls = 0.0473 | lr = 0.000694
epoch 016 | step 0540 | total = 5.1938 | box = 0.6949 | obj = 1.6808 | cls = 0.0385 | lr = 0.000694
epoch 016 | step 0560 | total = 5.8028 | box = 0.8444 | obj = 1.5447 | cls = 0.0362 | lr = 0.000694
epoch 016 | step 0580 | total = 4.2731 | box = 0.5323 | obj = 1.5602 | cls = 0.0513 | lr = 0.000694
epoch 016 | step 0600 | total = 4.5945 | box = 0.6010 | obj = 1.5482 | cls = 0.0415 | lr = 0.000694
epoch 016 | step 0620 | total = 5.0509 | box = 0.6831 | obj = 1.6009 | cls = 0.0344 | lr = 0.000694
epoch 016 | step 0640 | total = 5.1021 | box = 0.7087 | obj = 1.5190 | cls = 0.0398 | lr = 0.000694
epoch 016 | step 0660 | total = 4.6965 | box = 0.6263 | obj = 1.5286 | cls = 0.0364 | lr = 0.000694
epoch 016 | step 0680 | total = 4.6658 | box = 0.5499 | obj = 1.8634 | cls = 0.0530 | lr = 0.000694
epoch 016 | step 0700 | total = 4.8732 | box = 0.6270 | obj = 1.6929 | cls = 0.0452 | lr = 0.000694
epoch 016 | step 0720 | total = 5.0362 | box = 0.6702 | obj = 1.6426 | cls = 0.0426 | lr = 0.000694
epoch 016 | step 0740 | total = 4.5994 | box = 0.6101 | obj = 1.5099 | cls = 0.0392 | lr = 0.000694
epoch 016 | step 0760 | total = 5.1487 | box = 0.6985 | obj = 1.6151 | cls = 0.0411 | lr = 0.000694
epoch 016 | step 0780 | total = 5.4389 | box = 0.7602 | obj = 1.5939 | cls = 0.0442 | lr = 0.000694
epoch 016 | step 0800 | total = 4.7025 | box = 0.5946 | obj = 1.6797 | cls = 0.0500 | lr = 0.000694
epoch 016 | step 0820 | total = 4.3864 | box = 0.5768 | obj = 1.4628 | cls = 0.0398 | lr = 0.000694
epoch 016 | step 0840 | total = 4.3818 | box = 0.5712 | obj = 1.4793 | cls = 0.0464 | lr = 0.000694
epoch 016 | step 0860 | total = 4.1959 | box = 0.5176 | obj = 1.5604 | cls = 0.0473 | lr = 0.000694
epoch 016 | step 0880 | total = 4.8407 | box = 0.6535 | obj = 1.5239 | cls = 0.0494 | lr = 0.000694
epoch 016 | step 0900 | total = 4.9968 | box = 0.6649 | obj = 1.6314 | cls = 0.0410 | lr = 0.000694
epoch 016 | step 0920 | total = 5.5703 | box = 0.7726 | obj = 1.6623 | cls = 0.0448 | lr = 0.000694
[epoch 016 train] total = 4.8640 | box = 0.6507 | obj = 1.5669 | cls = 0.0437 | steps = 925 | global_batches = 7400 | samples = 118288 | time = 803.9s
[epoch 016 val] total = 4.9021 | box = 0.6558 | obj = 1.5785 | cls = 0.0445 | steps = 40 | global_batches = 320 | samples = 5000 | time = 23.4s
epoch 017 | step 0001 | total = 4.3999 | box = 0.5512 | obj = 1.5906 | cls = 0.0534 | lr = 0.000658
epoch 017 | step 0020 | total = 4.5021 | box = 0.5917 | obj = 1.4979 | cls = 0.0458 | lr = 0.000658
epoch 017 | step 0040 | total = 3.8979 | box = 0.4939 | obj = 1.3824 | cls = 0.0462 | lr = 0.000658
epoch 017 | step 0060 | total = 5.2040 | box = 0.7279 | obj = 1.5234 | cls = 0.0413 | lr = 0.000658
epoch 017 | step 0080 | total = 4.7755 | box = 0.6306 | obj = 1.5791 | cls = 0.0433 | lr = 0.000658
epoch 017 | step 0100 | total = 5.3231 | box = 0.7482 | obj = 1.5370 | cls = 0.0449 | lr = 0.000658
epoch 017 | step 0120 | total = 3.8592 | box = 0.4941 | obj = 1.3444 | cls = 0.0443 | lr = 0.000658
epoch 017 | step 0140 | total = 5.0826 | box = 0.6957 | obj = 1.5587 | cls = 0.0452 | lr = 0.000658
epoch 017 | step 0160 | total = 5.7816 | box = 0.8150 | obj = 1.6708 | cls = 0.0357 | lr = 0.000658
epoch 017 | step 0180 | total = 4.9873 | box = 0.6692 | obj = 1.5994 | cls = 0.0419 | lr = 0.000658
epoch 017 | step 0200 | total = 5.1717 | box = 0.7356 | obj = 1.4526 | cls = 0.0411 | lr = 0.000658
epoch 017 | step 0220 | total = 5.2196 | box = 0.7255 | obj = 1.5475 | cls = 0.0444 | lr = 0.000658
epoch 017 | step 0240 | total = 5.3020 | box = 0.7355 | obj = 1.5813 | cls = 0.0431 | lr = 0.000658
epoch 017 | step 0260 | total = 5.2920 | box = 0.7566 | obj = 1.4753 | cls = 0.0339 | lr = 0.000658
epoch 017 | step 0280 | total = 4.6851 | box = 0.6296 | obj = 1.4973 | cls = 0.0397 | lr = 0.000658
epoch 017 | step 0300 | total = 4.5937 | box = 0.6133 | obj = 1.4888 | cls = 0.0386 | lr = 0.000658
epoch 017 | step 0320 | total = 4.4112 | box = 0.5505 | obj = 1.6170 | cls = 0.0418 | lr = 0.000658
epoch 017 | step 0340 | total = 4.3512 | box = 0.5579 | obj = 1.5215 | cls = 0.0403 | lr = 0.000658
epoch 017 | step 0360 | total = 4.4189 | box = 0.5955 | obj = 1.4065 | cls = 0.0350 | lr = 0.000658
epoch 017 | step 0380 | total = 4.7568 | box = 0.6317 | obj = 1.5442 | cls = 0.0543 | lr = 0.000658
epoch 017 | step 0400 | total = 4.8465 | box = 0.6315 | obj = 1.6350 | cls = 0.0540 | lr = 0.000658
epoch 017 | step 0420 | total = 3.7027 | box = 0.4281 | obj = 1.5125 | cls = 0.0498 | lr = 0.000658
epoch 017 | step 0440 | total = 3.9051 | box = 0.4313 | obj = 1.6903 | cls = 0.0582 | lr = 0.000658
epoch 017 | step 0460 | total = 5.5529 | box = 0.8002 | obj = 1.5179 | cls = 0.0341 | lr = 0.000658
epoch 017 | step 0480 | total = 4.5914 | box = 0.5972 | obj = 1.5608 | cls = 0.0447 | lr = 0.000658
epoch 017 | step 0500 | total = 4.5099 | box = 0.5884 | obj = 1.5203 | cls = 0.0474 | lr = 0.000658
epoch 017 | step 0520 | total = 5.0219 | box = 0.6720 | obj = 1.6209 | cls = 0.0411 | lr = 0.000658
epoch 017 | step 0540 | total = 4.4420 | box = 0.5667 | obj = 1.5554 | cls = 0.0530 | lr = 0.000658
epoch 017 | step 0560 | total = 4.8866 | box = 0.6592 | obj = 1.5498 | cls = 0.0409 | lr = 0.000658
epoch 017 | step 0580 | total = 5.0398 | box = 0.6991 | obj = 1.4985 | cls = 0.0458 | lr = 0.000658
epoch 017 | step 0600 | total = 4.8553 | box = 0.6739 | obj = 1.4493 | cls = 0.0367 | lr = 0.000658
epoch 017 | step 0620 | total = 4.8206 | box = 0.6480 | obj = 1.5386 | cls = 0.0418 | lr = 0.000658
epoch 017 | step 0640 | total = 5.2125 | box = 0.7190 | obj = 1.5826 | cls = 0.0347 | lr = 0.000658
epoch 017 | step 0660 | total = 4.8954 | box = 0.6396 | obj = 1.6548 | cls = 0.0426 | lr = 0.000658
epoch 017 | step 0680 | total = 4.2736 | box = 0.5192 | obj = 1.6203 | cls = 0.0571 | lr = 0.000658
epoch 017 | step 0700 | total = 4.7132 | box = 0.6342 | obj = 1.4916 | cls = 0.0507 | lr = 0.000658
epoch 017 | step 0720 | total = 5.0462 | box = 0.6979 | obj = 1.5136 | cls = 0.0428 | lr = 0.000658
epoch 017 | step 0740 | total = 5.0593 | box = 0.7035 | obj = 1.5047 | cls = 0.0369 | lr = 0.000658
epoch 017 | step 0760 | total = 5.0513 | box = 0.6526 | obj = 1.7414 | cls = 0.0470 | lr = 0.000658
epoch 017 | step 0780 | total = 4.1366 | box = 0.5366 | obj = 1.4055 | cls = 0.0484 | lr = 0.000658
epoch 017 | step 0800 | total = 4.5509 | box = 0.6036 | obj = 1.4892 | cls = 0.0437 | lr = 0.000658
epoch 017 | step 0820 | total = 4.2805 | box = 0.5567 | obj = 1.4631 | cls = 0.0342 | lr = 0.000658
epoch 017 | step 0840 | total = 4.4404 | box = 0.5805 | obj = 1.4961 | cls = 0.0417 | lr = 0.000658
epoch 017 | step 0860 | total = 4.9713 | box = 0.6736 | obj = 1.5633 | cls = 0.0401 | lr = 0.000658
epoch 017 | step 0880 | total = 4.9365 | box = 0.6414 | obj = 1.6863 | cls = 0.0434 | lr = 0.000658
epoch 017 | step 0900 | total = 4.1430 | box = 0.5245 | obj = 1.4814 | cls = 0.0390 | lr = 0.000658
epoch 017 | step 0920 | total = 4.7403 | box = 0.5847 | obj = 1.7745 | cls = 0.0426 | lr = 0.000658
[epoch 017 train] total = 4.8118 | box = 0.6426 | obj = 1.5555 | cls = 0.0433 | steps = 925 | global_batches = 7400 | samples = 118288 | time = 803.8s
[epoch 017 val] total = 4.9005 | box = 0.6559 | obj = 1.5774 | cls = 0.0435 | steps = 40 | global_batches = 320 | samples = 5000 | time = 23.7s
epoch 018 | step 0001 | total = 4.6654 | box = 0.6033 | obj = 1.6059 | cls = 0.0428 | lr = 0.000621
epoch 018 | step 0020 | total = 4.2435 | box = 0.5255 | obj = 1.5641 | cls = 0.0519 | lr = 0.000621
epoch 018 | step 0040 | total = 5.5958 | box = 0.7990 | obj = 1.5606 | cls = 0.0404 | lr = 0.000621
epoch 018 | step 0060 | total = 4.6884 | box = 0.5912 | obj = 1.6861 | cls = 0.0465 | lr = 0.000621
epoch 018 | step 0080 | total = 4.0730 | box = 0.5193 | obj = 1.4351 | cls = 0.0414 | lr = 0.000621
epoch 018 | step 0100 | total = 5.4248 | box = 0.7403 | obj = 1.6828 | cls = 0.0405 | lr = 0.000621
epoch 018 | step 0120 | total = 4.2484 | box = 0.5700 | obj = 1.3545 | cls = 0.0437 | lr = 0.000621
epoch 018 | step 0140 | total = 5.4111 | box = 0.7572 | obj = 1.5877 | cls = 0.0373 | lr = 0.000621
epoch 018 | step 0160 | total = 4.7570 | box = 0.5975 | obj = 1.7146 | cls = 0.0547 | lr = 0.000621
epoch 018 | step 0180 | total = 4.6306 | box = 0.6137 | obj = 1.5163 | cls = 0.0459 | lr = 0.000621
epoch 018 | step 0200 | total = 4.3371 | box = 0.5533 | obj = 1.5210 | cls = 0.0497 | lr = 0.000621
epoch 018 | step 0220 | total = 4.9094 | box = 0.6890 | obj = 1.4224 | cls = 0.0422 | lr = 0.000621
epoch 018 | step 0240 | total = 4.3295 | box = 0.5409 | obj = 1.5803 | cls = 0.0446 | lr = 0.000621
epoch 018 | step 0260 | total = 5.0966 | box = 0.6965 | obj = 1.5734 | cls = 0.0407 | lr = 0.000621
epoch 018 | step 0280 | total = 5.2404 | box = 0.7315 | obj = 1.5432 | cls = 0.0396 | lr = 0.000621
epoch 018 | step 0300 | total = 5.1556 | box = 0.6679 | obj = 1.7719 | cls = 0.0441 | lr = 0.000621
epoch 018 | step 0320 | total = 4.9040 | box = 0.6615 | obj = 1.5616 | cls = 0.0351 | lr = 0.000621
epoch 018 | step 0340 | total = 4.1619 | box = 0.5189 | obj = 1.5154 | cls = 0.0519 | lr = 0.000621
epoch 018 | step 0360 | total = 4.5398 | box = 0.5919 | obj = 1.5408 | cls = 0.0397 | lr = 0.000621
epoch 018 | step 0380 | total = 5.0072 | box = 0.6728 | obj = 1.5879 | cls = 0.0553 | lr = 0.000621
epoch 018 | step 0400 | total = 4.7860 | box = 0.6536 | obj = 1.4797 | cls = 0.0382 | lr = 0.000621
epoch 018 | step 0420 | total = 4.8132 | box = 0.6450 | obj = 1.5530 | cls = 0.0352 | lr = 0.000621
epoch 018 | step 0440 | total = 4.8638 | box = 0.6492 | obj = 1.5719 | cls = 0.0459 | lr = 0.000621
epoch 018 | step 0460 | total = 4.8723 | box = 0.6407 | obj = 1.6203 | cls = 0.0483 | lr = 0.000621
epoch 018 | step 0480 | total = 5.0003 | box = 0.7051 | obj = 1.4391 | cls = 0.0357 | lr = 0.000621
epoch 018 | step 0500 | total = 4.8485 | box = 0.6672 | obj = 1.4769 | cls = 0.0354 | lr = 0.000621
epoch 018 | step 0520 | total = 4.9451 | box = 0.6880 | obj = 1.4623 | cls = 0.0425 | lr = 0.000621
epoch 018 | step 0540 | total = 4.9146 | box = 0.6731 | obj = 1.5121 | cls = 0.0371 | lr = 0.000621
epoch 018 | step 0560 | total = 4.4440 | box = 0.5736 | obj = 1.5260 | cls = 0.0499 | lr = 0.000621
epoch 018 | step 0580 | total = 4.5040 | box = 0.5877 | obj = 1.5173 | cls = 0.0483 | lr = 0.000621
epoch 018 | step 0600 | total = 4.1327 | box = 0.4843 | obj = 1.6663 | cls = 0.0451 | lr = 0.000621
epoch 018 | step 0620 | total = 5.1246 | box = 0.7036 | obj = 1.5626 | cls = 0.0441 | lr = 0.000621
epoch 018 | step 0640 | total = 4.7671 | box = 0.6460 | obj = 1.4945 | cls = 0.0426 | lr = 0.000621
epoch 018 | step 0660 | total = 5.4363 | box = 0.7875 | obj = 1.4626 | cls = 0.0363 | lr = 0.000621
epoch 018 | step 0680 | total = 4.6169 | box = 0.6123 | obj = 1.5134 | cls = 0.0419 | lr = 0.000621
epoch 018 | step 0700 | total = 4.3185 | box = 0.5619 | obj = 1.4584 | cls = 0.0505 | lr = 0.000621
epoch 018 | step 0720 | total = 4.7485 | box = 0.6454 | obj = 1.4871 | cls = 0.0341 | lr = 0.000621
epoch 018 | step 0740 | total = 5.7848 | box = 0.8239 | obj = 1.6179 | cls = 0.0473 | lr = 0.000621
epoch 018 | step 0760 | total = 4.7792 | box = 0.6211 | obj = 1.6254 | cls = 0.0485 | lr = 0.000621
epoch 018 | step 0780 | total = 5.2587 | box = 0.6928 | obj = 1.7567 | cls = 0.0378 | lr = 0.000621
epoch 018 | step 0800 | total = 3.9589 | box = 0.4856 | obj = 1.4819 | cls = 0.0491 | lr = 0.000621
epoch 018 | step 0820 | total = 4.7319 | box = 0.6076 | obj = 1.6475 | cls = 0.0467 | lr = 0.000621
epoch 018 | step 0840 | total = 4.3492 | box = 0.5536 | obj = 1.5401 | cls = 0.0410 | lr = 0.000621
epoch 018 | step 0860 | total = 4.3133 | box = 0.5298 | obj = 1.6201 | cls = 0.0441 | lr = 0.000621
epoch 018 | step 0880 | total = 5.2938 | box = 0.7576 | obj = 1.4715 | cls = 0.0345 | lr = 0.000621
epoch 018 | step 0900 | total = 4.6488 | box = 0.5923 | obj = 1.6403 | cls = 0.0468 | lr = 0.000621
epoch 018 | step 0920 | total = 5.0399 | box = 0.7019 | obj = 1.4951 | cls = 0.0351 | lr = 0.000621
[epoch 018 train] total = 4.7732 | box = 0.6369 | obj = 1.5455 | cls = 0.0429 | steps = 925 | global_batches = 7400 | samples = 118288 | time = 803.0s
[epoch 018 val] total = 4.8446 | box = 0.6459 | obj = 1.5718 | cls = 0.0432 | steps = 40 | global_batches = 320 | samples = 5000 | time = 23.6s
epoch 019 | step 0001 | total = 4.4556 | box = 0.6000 | obj = 1.4200 | cls = 0.0357 | lr = 0.000582
epoch 019 | step 0020 | total = 4.2960 | box = 0.5757 | obj = 1.3755 | cls = 0.0421 | lr = 0.000582
epoch 019 | step 0040 | total = 4.0258 | box = 0.5077 | obj = 1.4406 | cls = 0.0469 | lr = 0.000582
epoch 019 | step 0060 | total = 4.6143 | box = 0.6376 | obj = 1.3899 | cls = 0.0366 | lr = 0.000582
epoch 019 | step 0080 | total = 5.2281 | box = 0.7248 | obj = 1.5663 | cls = 0.0376 | lr = 0.000582
epoch 019 | step 0100 | total = 4.1678 | box = 0.5327 | obj = 1.4618 | cls = 0.0425 | lr = 0.000582
epoch 019 | step 0120 | total = 4.8443 | box = 0.6458 | obj = 1.5668 | cls = 0.0486 | lr = 0.000582
epoch 019 | step 0140 | total = 4.9779 | box = 0.6850 | obj = 1.5148 | cls = 0.0380 | lr = 0.000582
epoch 019 | step 0160 | total = 4.9858 | box = 0.7001 | obj = 1.4549 | cls = 0.0302 | lr = 0.000582
epoch 019 | step 0180 | total = 4.5596 | box = 0.6114 | obj = 1.4619 | cls = 0.0406 | lr = 0.000582
epoch 019 | step 0200 | total = 4.9371 | box = 0.7047 | obj = 1.3786 | cls = 0.0351 | lr = 0.000582
epoch 019 | step 0220 | total = 4.7890 | box = 0.6375 | obj = 1.5589 | cls = 0.0427 | lr = 0.000582
epoch 019 | step 0240 | total = 4.9703 | box = 0.6387 | obj = 1.7306 | cls = 0.0461 | lr = 0.000582
epoch 019 | step 0260 | total = 4.7059 | box = 0.6276 | obj = 1.5257 | cls = 0.0420 | lr = 0.000582
epoch 019 | step 0280 | total = 4.7495 | box = 0.6555 | obj = 1.4266 | cls = 0.0455 | lr = 0.000582
epoch 019 | step 0300 | total = 4.3087 | box = 0.5248 | obj = 1.6380 | cls = 0.0468 | lr = 0.000582
epoch 019 | step 0320 | total = 5.4039 | box = 0.7619 | obj = 1.5518 | cls = 0.0425 | lr = 0.000582
epoch 019 | step 0340 | total = 5.0609 | box = 0.6828 | obj = 1.6068 | cls = 0.0399 | lr = 0.000582
epoch 019 | step 0360 | total = 5.1710 | box = 0.6994 | obj = 1.6333 | cls = 0.0408 | lr = 0.000582
epoch 019 | step 0380 | total = 4.3938 | box = 0.5670 | obj = 1.5157 | cls = 0.0432 | lr = 0.000582
epoch 019 | step 0400 | total = 4.1384 | box = 0.5220 | obj = 1.4831 | cls = 0.0452 | lr = 0.000582
epoch 019 | step 0420 | total = 4.1582 | box = 0.5282 | obj = 1.4682 | cls = 0.0491 | lr = 0.000582
epoch 019 | step 0440 | total = 4.2432 | box = 0.5531 | obj = 1.4383 | cls = 0.0392 | lr = 0.000582
epoch 019 | step 0460 | total = 4.3599 | box = 0.5401 | obj = 1.6120 | cls = 0.0476 | lr = 0.000582
epoch 019 | step 0480 | total = 5.5765 | box = 0.7844 | obj = 1.6173 | cls = 0.0371 | lr = 0.000582
epoch 019 | step 0500 | total = 4.0519 | box = 0.5104 | obj = 1.4637 | cls = 0.0360 | lr = 0.000582
epoch 019 | step 0520 | total = 4.9241 | box = 0.6698 | obj = 1.5330 | cls = 0.0419 | lr = 0.000582
epoch 019 | step 0540 | total = 4.9426 | box = 0.7001 | obj = 1.4024 | cls = 0.0395 | lr = 0.000582
epoch 019 | step 0560 | total = 5.0435 | box = 0.7088 | obj = 1.4638 | cls = 0.0356 | lr = 0.000582
epoch 019 | step 0580 | total = 4.2179 | box = 0.5346 | obj = 1.5095 | cls = 0.0352 | lr = 0.000582
epoch 019 | step 0600 | total = 4.5677 | box = 0.5728 | obj = 1.6452 | cls = 0.0586 | lr = 0.000582
epoch 019 | step 0620 | total = 4.5678 | box = 0.5823 | obj = 1.6123 | cls = 0.0440 | lr = 0.000582
epoch 019 | step 0640 | total = 4.3153 | box = 0.5632 | obj = 1.4634 | cls = 0.0361 | lr = 0.000582
epoch 019 | step 0660 | total = 4.4214 | box = 0.5804 | obj = 1.4619 | cls = 0.0574 | lr = 0.000582
epoch 019 | step 0680 | total = 4.5617 | box = 0.5955 | obj = 1.5428 | cls = 0.0412 | lr = 0.000582
epoch 019 | step 0700 | total = 5.0207 | box = 0.6722 | obj = 1.6182 | cls = 0.0417 | lr = 0.000582
epoch 019 | step 0720 | total = 4.2274 | box = 0.5408 | obj = 1.4751 | cls = 0.0485 | lr = 0.000582
epoch 019 | step 0740 | total = 4.4084 | box = 0.5628 | obj = 1.5512 | cls = 0.0432 | lr = 0.000582
epoch 019 | step 0760 | total = 4.3696 | box = 0.5465 | obj = 1.5884 | cls = 0.0487 | lr = 0.000582
epoch 019 | step 0780 | total = 5.2892 | box = 0.7363 | obj = 1.5674 | cls = 0.0405 | lr = 0.000582
epoch 019 | step 0800 | total = 4.6393 | box = 0.6207 | obj = 1.4986 | cls = 0.0374 | lr = 0.000582
epoch 019 | step 0820 | total = 4.5073 | box = 0.5702 | obj = 1.6132 | cls = 0.0431 | lr = 0.000582
epoch 019 | step 0840 | total = 4.9404 | box = 0.6538 | obj = 1.6179 | cls = 0.0534 | lr = 0.000582
epoch 019 | step 0860 | total = 4.8836 | box = 0.6757 | obj = 1.4661 | cls = 0.0389 | lr = 0.000582
epoch 019 | step 0880 | total = 5.5580 | box = 0.7792 | obj = 1.6143 | cls = 0.0476 | lr = 0.000582
epoch 019 | step 0900 | total = 4.0570 | box = 0.4865 | obj = 1.5807 | cls = 0.0440 | lr = 0.000582
epoch 019 | step 0920 | total = 5.2015 | box = 0.6998 | obj = 1.6572 | cls = 0.0452 | lr = 0.000582
[epoch 019 train] total = 4.7295 | box = 0.6305 | obj = 1.5346 | cls = 0.0425 | steps = 925 | global_batches = 7400 | samples = 118288 | time = 802.2s
[epoch 019 val] total = 4.8130 | box = 0.6434 | obj = 1.5539 | cls = 0.0423 | steps = 40 | global_batches = 320 | samples = 5000 | time = 23.4s
epoch 020 | step 0001 | total = 4.1196 | box = 0.5200 | obj = 1.4732 | cls = 0.0461 | lr = 0.000544
epoch 020 | step 0020 | total = 4.7918 | box = 0.6560 | obj = 1.4715 | cls = 0.0403 | lr = 0.000544
epoch 020 | step 0040 | total = 5.4475 | box = 0.7851 | obj = 1.4861 | cls = 0.0359 | lr = 0.000544
epoch 020 | step 0060 | total = 4.8634 | box = 0.6372 | obj = 1.6278 | cls = 0.0496 | lr = 0.000544
epoch 020 | step 0080 | total = 5.2636 | box = 0.7477 | obj = 1.4856 | cls = 0.0395 | lr = 0.000544
epoch 020 | step 0100 | total = 4.4853 | box = 0.5867 | obj = 1.5033 | cls = 0.0484 | lr = 0.000544
epoch 020 | step 0120 | total = 4.4812 | box = 0.5728 | obj = 1.5658 | cls = 0.0513 | lr = 0.000544
epoch 020 | step 0140 | total = 4.4930 | box = 0.5626 | obj = 1.6348 | cls = 0.0450 | lr = 0.000544
epoch 020 | step 0160 | total = 4.6434 | box = 0.6206 | obj = 1.4964 | cls = 0.0439 | lr = 0.000544
epoch 020 | step 0180 | total = 4.6940 | box = 0.6371 | obj = 1.4651 | cls = 0.0432 | lr = 0.000544
epoch 020 | step 0200 | total = 3.7580 | box = 0.4633 | obj = 1.3910 | cls = 0.0504 | lr = 0.000544
epoch 020 | step 0220 | total = 4.4349 | box = 0.5851 | obj = 1.4665 | cls = 0.0427 | lr = 0.000544
epoch 020 | step 0240 | total = 4.4774 | box = 0.5746 | obj = 1.5562 | cls = 0.0480 | lr = 0.000544
epoch 020 | step 0260 | total = 4.5561 | box = 0.6181 | obj = 1.4247 | cls = 0.0410 | lr = 0.000544
epoch 020 | step 0280 | total = 4.9977 | box = 0.6699 | obj = 1.6042 | cls = 0.0442 | lr = 0.000544
epoch 020 | step 0300 | total = 5.1213 | box = 0.6885 | obj = 1.6367 | cls = 0.0422 | lr = 0.000544
epoch 020 | step 0320 | total = 4.7924 | box = 0.6478 | obj = 1.5000 | cls = 0.0535 | lr = 0.000544
epoch 020 | step 0340 | total = 4.6664 | box = 0.5992 | obj = 1.6360 | cls = 0.0344 | lr = 0.000544
epoch 020 | step 0360 | total = 4.0802 | box = 0.5056 | obj = 1.4954 | cls = 0.0566 | lr = 0.000544
epoch 020 | step 0380 | total = 5.0634 | box = 0.6977 | obj = 1.5291 | cls = 0.0460 | lr = 0.000544
epoch 020 | step 0400 | total = 4.1962 | box = 0.5439 | obj = 1.4395 | cls = 0.0372 | lr = 0.000544
epoch 020 | step 0420 | total = 5.1374 | box = 0.7151 | obj = 1.5234 | cls = 0.0386 | lr = 0.000544
epoch 020 | step 0440 | total = 4.5820 | box = 0.5710 | obj = 1.6808 | cls = 0.0464 | lr = 0.000544
epoch 020 | step 0460 | total = 4.3710 | box = 0.5446 | obj = 1.5929 | cls = 0.0550 | lr = 0.000544
epoch 020 | step 0480 | total = 4.9245 | box = 0.6819 | obj = 1.4815 | cls = 0.0337 | lr = 0.000544
epoch 020 | step 0500 | total = 4.4968 | box = 0.5916 | obj = 1.5020 | cls = 0.0365 | lr = 0.000544
epoch 020 | step 0520 | total = 5.4073 | box = 0.7543 | obj = 1.5944 | cls = 0.0412 | lr = 0.000544
epoch 020 | step 0540 | total = 4.8562 | box = 0.6627 | obj = 1.5030 | cls = 0.0399 | lr = 0.000544
epoch 020 | step 0560 | total = 4.3254 | box = 0.5155 | obj = 1.7020 | cls = 0.0458 | lr = 0.000544
epoch 020 | step 0580 | total = 4.2240 | box = 0.5241 | obj = 1.5522 | cls = 0.0514 | lr = 0.000544
epoch 020 | step 0600 | total = 5.7182 | box = 0.7887 | obj = 1.7304 | cls = 0.0442 | lr = 0.000544
epoch 020 | step 0620 | total = 5.4297 | box = 0.7599 | obj = 1.5916 | cls = 0.0383 | lr = 0.000544
epoch 020 | step 0640 | total = 4.4644 | box = 0.6043 | obj = 1.4034 | cls = 0.0396 | lr = 0.000544
epoch 020 | step 0660 | total = 4.9462 | box = 0.6608 | obj = 1.6055 | cls = 0.0365 | lr = 0.000544
epoch 020 | step 0680 | total = 5.2576 | box = 0.7296 | obj = 1.5732 | cls = 0.0363 | lr = 0.000544
epoch 020 | step 0700 | total = 3.8003 | box = 0.4701 | obj = 1.4042 | cls = 0.0457 | lr = 0.000544
epoch 020 | step 0720 | total = 3.3648 | box = 0.3913 | obj = 1.3476 | cls = 0.0606 | lr = 0.000544
epoch 020 | step 0740 | total = 4.9933 | box = 0.6925 | obj = 1.4865 | cls = 0.0444 | lr = 0.000544
epoch 020 | step 0760 | total = 4.3569 | box = 0.5540 | obj = 1.5475 | cls = 0.0393 | lr = 0.000544
epoch 020 | step 0780 | total = 5.0414 | box = 0.6718 | obj = 1.6382 | cls = 0.0442 | lr = 0.000544
epoch 020 | step 0800 | total = 5.1289 | box = 0.6933 | obj = 1.6128 | cls = 0.0496 | lr = 0.000544
epoch 020 | step 0820 | total = 4.5399 | box = 0.5955 | obj = 1.5115 | cls = 0.0511 | lr = 0.000544
epoch 020 | step 0840 | total = 5.0873 | box = 0.6946 | obj = 1.5808 | cls = 0.0337 | lr = 0.000544
epoch 020 | step 0860 | total = 5.2833 | box = 0.7285 | obj = 1.5975 | cls = 0.0432 | lr = 0.000544
epoch 020 | step 0880 | total = 5.1214 | box = 0.6822 | obj = 1.6685 | cls = 0.0419 | lr = 0.000544
epoch 020 | step 0900 | total = 4.7213 | box = 0.6373 | obj = 1.4947 | cls = 0.0403 | lr = 0.000544
epoch 020 | step 0920 | total = 4.6637 | box = 0.6074 | obj = 1.5819 | cls = 0.0446 | lr = 0.000544
[epoch 020 train] total = 4.6927 | box = 0.6249 | obj = 1.5260 | cls = 0.0422 | steps = 925 | global_batches = 7400 | samples = 118288 | time = 802.3s
[epoch 020 val] total = 4.7824 | box = 0.6380 | obj = 1.5503 | cls = 0.0421 | steps = 40 | global_batches = 320 | samples = 5000 | time = 23.5s
epoch 021 | step 0001 | total = 5.1022 | box = 0.6929 | obj = 1.6007 | cls = 0.0370 | lr = 0.000505
epoch 021 | step 0020 | total = 4.9851 | box = 0.7069 | obj = 1.4196 | cls = 0.0313 | lr = 0.000505
epoch 021 | step 0040 | total = 3.8781 | box = 0.5038 | obj = 1.3167 | cls = 0.0424 | lr = 0.000505
epoch 021 | step 0060 | total = 3.3757 | box = 0.3926 | obj = 1.3669 | cls = 0.0457 | lr = 0.000505
epoch 021 | step 0080 | total = 4.9741 | box = 0.6851 | obj = 1.5118 | cls = 0.0369 | lr = 0.000505
epoch 021 | step 0100 | total = 5.5418 | box = 0.7800 | obj = 1.6057 | cls = 0.0363 | lr = 0.000505
epoch 021 | step 0120 | total = 4.4440 | box = 0.5911 | obj = 1.4503 | cls = 0.0384 | lr = 0.000505
epoch 021 | step 0140 | total = 4.8904 | box = 0.6399 | obj = 1.6501 | cls = 0.0408 | lr = 0.000505
epoch 021 | step 0160 | total = 4.8710 | box = 0.6736 | obj = 1.4585 | cls = 0.0447 | lr = 0.000505
epoch 021 | step 0180 | total = 4.3279 | box = 0.5751 | obj = 1.4163 | cls = 0.0363 | lr = 0.000505
epoch 021 | step 0200 | total = 4.5335 | box = 0.6310 | obj = 1.3362 | cls = 0.0425 | lr = 0.000505
epoch 021 | step 0220 | total = 5.0814 | box = 0.6884 | obj = 1.6031 | cls = 0.0363 | lr = 0.000505
epoch 021 | step 0240 | total = 5.3034 | box = 0.6952 | obj = 1.7807 | cls = 0.0467 | lr = 0.000505
epoch 021 | step 0260 | total = 4.3178 | box = 0.5476 | obj = 1.5328 | cls = 0.0472 | lr = 0.000505
epoch 021 | step 0280 | total = 3.9413 | box = 0.4880 | obj = 1.4649 | cls = 0.0365 | lr = 0.000505
epoch 021 | step 0300 | total = 4.4075 | box = 0.5535 | obj = 1.5913 | cls = 0.0488 | lr = 0.000505
epoch 021 | step 0320 | total = 4.9498 | box = 0.6710 | obj = 1.5647 | cls = 0.0302 | lr = 0.000505
epoch 021 | step 0340 | total = 4.6647 | box = 0.6180 | obj = 1.5333 | cls = 0.0414 | lr = 0.000505
epoch 021 | step 0360 | total = 4.6733 | box = 0.6319 | obj = 1.4644 | cls = 0.0493 | lr = 0.000505
epoch 021 | step 0380 | total = 4.8638 | box = 0.6596 | obj = 1.5298 | cls = 0.0359 | lr = 0.000505
epoch 021 | step 0400 | total = 4.9741 | box = 0.7022 | obj = 1.4273 | cls = 0.0361 | lr = 0.000505
epoch 021 | step 0420 | total = 4.8644 | box = 0.6663 | obj = 1.4907 | cls = 0.0422 | lr = 0.000505
epoch 021 | step 0440 | total = 4.5267 | box = 0.5697 | obj = 1.6292 | cls = 0.0487 | lr = 0.000505
epoch 021 | step 0460 | total = 5.6805 | box = 0.8197 | obj = 1.5437 | cls = 0.0384 | lr = 0.000505
epoch 021 | step 0480 | total = 5.3381 | box = 0.7583 | obj = 1.5073 | cls = 0.0394 | lr = 0.000505
epoch 021 | step 0500 | total = 4.3602 | box = 0.5718 | obj = 1.4620 | cls = 0.0391 | lr = 0.000505
epoch 021 | step 0520 | total = 4.5264 | box = 0.5961 | obj = 1.5040 | cls = 0.0417 | lr = 0.000505
epoch 021 | step 0540 | total = 4.9868 | box = 0.6702 | obj = 1.5999 | cls = 0.0357 | lr = 0.000505
epoch 021 | step 0560 | total = 4.9622 | box = 0.6627 | obj = 1.6078 | cls = 0.0410 | lr = 0.000505
epoch 021 | step 0580 | total = 4.8250 | box = 0.6551 | obj = 1.5144 | cls = 0.0348 | lr = 0.000505
epoch 021 | step 0600 | total = 3.7443 | box = 0.4439 | obj = 1.4835 | cls = 0.0412 | lr = 0.000505
epoch 021 | step 0620 | total = 4.1618 | box = 0.5368 | obj = 1.4394 | cls = 0.0385 | lr = 0.000505
epoch 021 | step 0640 | total = 4.7252 | box = 0.6193 | obj = 1.5882 | cls = 0.0407 | lr = 0.000505
epoch 021 | step 0660 | total = 4.0494 | box = 0.5315 | obj = 1.3410 | cls = 0.0507 | lr = 0.000505
epoch 021 | step 0680 | total = 4.2273 | box = 0.5339 | obj = 1.5065 | cls = 0.0512 | lr = 0.000505
epoch 021 | step 0700 | total = 5.3107 | box = 0.7344 | obj = 1.5987 | cls = 0.0398 | lr = 0.000505
epoch 021 | step 0720 | total = 5.1272 | box = 0.6793 | obj = 1.6923 | cls = 0.0383 | lr = 0.000505
epoch 021 | step 0740 | total = 4.8968 | box = 0.6771 | obj = 1.4735 | cls = 0.0378 | lr = 0.000505
epoch 021 | step 0760 | total = 4.8124 | box = 0.6733 | obj = 1.4069 | cls = 0.0390 | lr = 0.000505
epoch 021 | step 0780 | total = 4.8641 | box = 0.6377 | obj = 1.6314 | cls = 0.0441 | lr = 0.000505
epoch 021 | step 0800 | total = 5.0261 | box = 0.6775 | obj = 1.5961 | cls = 0.0426 | lr = 0.000505
epoch 021 | step 0820 | total = 4.3689 | box = 0.5774 | obj = 1.4367 | cls = 0.0450 | lr = 0.000505
epoch 021 | step 0840 | total = 3.7947 | box = 0.4907 | obj = 1.3108 | cls = 0.0304 | lr = 0.000505
epoch 021 | step 0860 | total = 3.7531 | box = 0.4608 | obj = 1.4157 | cls = 0.0332 | lr = 0.000505
epoch 021 | step 0880 | total = 4.4265 | box = 0.5804 | obj = 1.4710 | cls = 0.0534 | lr = 0.000505
epoch 021 | step 0900 | total = 4.8707 | box = 0.6731 | obj = 1.4649 | cls = 0.0401 | lr = 0.000505
epoch 021 | step 0920 | total = 4.8459 | box = 0.6507 | obj = 1.5539 | cls = 0.0384 | lr = 0.000505
[epoch 021 train] total = 4.6549 | box = 0.6190 | obj = 1.5179 | cls = 0.0418 | steps = 925 | global_batches = 7400 | samples = 118288 | time = 803.0s
[epoch 021 val] total = 4.7847 | box = 0.6369 | obj = 1.5576 | cls = 0.0425 | steps = 40 | global_batches = 320 | samples = 5000 | time = 23.7s
epoch 022 | step 0001 | total = 4.4819 | box = 0.5808 | obj = 1.5378 | cls = 0.0402 | lr = 0.000466
epoch 022 | step 0020 | total = 4.2036 | box = 0.5432 | obj = 1.4406 | cls = 0.0468 | lr = 0.000466
epoch 022 | step 0040 | total = 5.4195 | box = 0.7388 | obj = 1.6837 | cls = 0.0420 | lr = 0.000466
epoch 022 | step 0060 | total = 4.1649 | box = 0.5534 | obj = 1.3641 | cls = 0.0338 | lr = 0.000466
epoch 022 | step 0080 | total = 4.0794 | box = 0.4881 | obj = 1.5868 | cls = 0.0519 | lr = 0.000466
epoch 022 | step 0100 | total = 4.3911 | box = 0.5714 | obj = 1.4921 | cls = 0.0421 | lr = 0.000466
epoch 022 | step 0120 | total = 4.4279 | box = 0.5855 | obj = 1.4540 | cls = 0.0462 | lr = 0.000466
epoch 022 | step 0140 | total = 5.0591 | box = 0.6884 | obj = 1.5793 | cls = 0.0376 | lr = 0.000466
epoch 022 | step 0160 | total = 5.0319 | box = 0.6870 | obj = 1.5583 | cls = 0.0384 | lr = 0.000466
epoch 022 | step 0180 | total = 5.2371 | box = 0.7206 | obj = 1.5901 | cls = 0.0438 | lr = 0.000466
epoch 022 | step 0200 | total = 4.9233 | box = 0.6796 | obj = 1.4853 | cls = 0.0399 | lr = 0.000466
epoch 022 | step 0220 | total = 4.5701 | box = 0.6197 | obj = 1.4354 | cls = 0.0362 | lr = 0.000466
epoch 022 | step 0240 | total = 5.0316 | box = 0.6975 | obj = 1.5036 | cls = 0.0406 | lr = 0.000466
epoch 022 | step 0260 | total = 5.2590 | box = 0.7322 | obj = 1.5616 | cls = 0.0362 | lr = 0.000466
epoch 022 | step 0280 | total = 4.0425 | box = 0.5247 | obj = 1.3827 | cls = 0.0362 | lr = 0.000466
epoch 022 | step 0300 | total = 4.7851 | box = 0.6208 | obj = 1.6335 | cls = 0.0476 | lr = 0.000466
epoch 022 | step 0320 | total = 4.6723 | box = 0.6052 | obj = 1.6076 | cls = 0.0386 | lr = 0.000466
epoch 022 | step 0340 | total = 4.9267 | box = 0.6327 | obj = 1.7110 | cls = 0.0520 | lr = 0.000466
epoch 022 | step 0360 | total = 4.6626 | box = 0.6163 | obj = 1.5350 | cls = 0.0462 | lr = 0.000466
epoch 022 | step 0380 | total = 4.6641 | box = 0.6015 | obj = 1.6010 | cls = 0.0557 | lr = 0.000466
epoch 022 | step 0400 | total = 4.4554 | box = 0.5933 | obj = 1.4488 | cls = 0.0401 | lr = 0.000466
epoch 022 | step 0420 | total = 4.0785 | box = 0.5024 | obj = 1.5274 | cls = 0.0391 | lr = 0.000466
epoch 022 | step 0440 | total = 4.4230 | box = 0.5692 | obj = 1.5325 | cls = 0.0444 | lr = 0.000466
epoch 022 | step 0460 | total = 4.9733 | box = 0.7000 | obj = 1.4286 | cls = 0.0445 | lr = 0.000466
epoch 022 | step 0480 | total = 5.4242 | box = 0.7582 | obj = 1.5966 | cls = 0.0365 | lr = 0.000466
epoch 022 | step 0500 | total = 5.3615 | box = 0.7599 | obj = 1.5290 | cls = 0.0330 | lr = 0.000466
epoch 022 | step 0520 | total = 4.0268 | box = 0.4855 | obj = 1.5591 | cls = 0.0404 | lr = 0.000466
epoch 022 | step 0540 | total = 5.4311 | box = 0.7771 | obj = 1.5067 | cls = 0.0389 | lr = 0.000466
epoch 022 | step 0560 | total = 4.4758 | box = 0.5798 | obj = 1.5310 | cls = 0.0456 | lr = 0.000466
epoch 022 | step 0580 | total = 4.0450 | box = 0.4764 | obj = 1.6126 | cls = 0.0502 | lr = 0.000466
epoch 022 | step 0600 | total = 4.0095 | box = 0.5100 | obj = 1.4204 | cls = 0.0389 | lr = 0.000466
epoch 022 | step 0620 | total = 4.1206 | box = 0.5066 | obj = 1.5158 | cls = 0.0720 | lr = 0.000466
epoch 022 | step 0640 | total = 4.6272 | box = 0.6072 | obj = 1.5590 | cls = 0.0321 | lr = 0.000466
epoch 022 | step 0660 | total = 3.5337 | box = 0.4053 | obj = 1.4605 | cls = 0.0465 | lr = 0.000466
epoch 022 | step 0680 | total = 4.5327 | box = 0.6010 | obj = 1.4892 | cls = 0.0385 | lr = 0.000466
epoch 022 | step 0700 | total = 5.8144 | box = 0.8359 | obj = 1.5937 | cls = 0.0413 | lr = 0.000466
epoch 022 | step 0720 | total = 4.9071 | box = 0.6647 | obj = 1.5449 | cls = 0.0386 | lr = 0.000466
epoch 022 | step 0740 | total = 4.8072 | box = 0.6257 | obj = 1.6300 | cls = 0.0488 | lr = 0.000466
epoch 022 | step 0760 | total = 4.1487 | box = 0.5197 | obj = 1.5039 | cls = 0.0463 | lr = 0.000466
epoch 022 | step 0780 | total = 4.1718 | box = 0.5356 | obj = 1.4584 | cls = 0.0354 | lr = 0.000466
epoch 022 | step 0800 | total = 4.2917 | box = 0.5534 | obj = 1.4843 | cls = 0.0405 | lr = 0.000466
epoch 022 | step 0820 | total = 4.6499 | box = 0.6299 | obj = 1.4557 | cls = 0.0446 | lr = 0.000466
epoch 022 | step 0840 | total = 4.9499 | box = 0.6838 | obj = 1.4976 | cls = 0.0332 | lr = 0.000466
epoch 022 | step 0860 | total = 4.1739 | box = 0.5310 | obj = 1.4836 | cls = 0.0353 | lr = 0.000466
epoch 022 | step 0880 | total = 4.5572 | box = 0.5915 | obj = 1.5614 | cls = 0.0381 | lr = 0.000466
epoch 022 | step 0900 | total = 4.1276 | box = 0.5383 | obj = 1.3949 | cls = 0.0414 | lr = 0.000466
epoch 022 | step 0920 | total = 5.0450 | box = 0.6940 | obj = 1.5371 | cls = 0.0380 | lr = 0.000466
[epoch 022 train] total = 4.6292 | box = 0.6152 | obj = 1.5118 | cls = 0.0416 | steps = 925 | global_batches = 7400 | samples = 118288 | time = 802.2s
[epoch 022 val] total = 4.7235 | box = 0.6277 | obj = 1.5429 | cls = 0.0420 | steps = 40 | global_batches = 320 | samples = 5000 | time = 23.4s
epoch 023 | step 0001 | total = 4.8889 | box = 0.6791 | obj = 1.4538 | cls = 0.0396 | lr = 0.000428
epoch 023 | step 0020 | total = 4.5388 | box = 0.6276 | obj = 1.3658 | cls = 0.0348 | lr = 0.000428
epoch 023 | step 0040 | total = 4.4933 | box = 0.5792 | obj = 1.5501 | cls = 0.0472 | lr = 0.000428
epoch 023 | step 0060 | total = 4.6682 | box = 0.6254 | obj = 1.5047 | cls = 0.0367 | lr = 0.000428
epoch 023 | step 0080 | total = 3.9938 | box = 0.4821 | obj = 1.5372 | cls = 0.0462 | lr = 0.000428
epoch 023 | step 0100 | total = 4.7973 | box = 0.6416 | obj = 1.5503 | cls = 0.0392 | lr = 0.000428
epoch 023 | step 0120 | total = 4.1801 | box = 0.5382 | obj = 1.4556 | cls = 0.0338 | lr = 0.000428
epoch 023 | step 0140 | total = 5.4049 | box = 0.7699 | obj = 1.5193 | cls = 0.0363 | lr = 0.000428
epoch 023 | step 0160 | total = 3.7234 | box = 0.4446 | obj = 1.4487 | cls = 0.0518 | lr = 0.000428
epoch 023 | step 0180 | total = 3.8580 | box = 0.4668 | obj = 1.4851 | cls = 0.0388 | lr = 0.000428
epoch 023 | step 0200 | total = 4.3826 | box = 0.5751 | obj = 1.4686 | cls = 0.0384 | lr = 0.000428
epoch 023 | step 0220 | total = 4.2161 | box = 0.5684 | obj = 1.3354 | cls = 0.0386 | lr = 0.000428
epoch 023 | step 0240 | total = 4.6564 | box = 0.6174 | obj = 1.5238 | cls = 0.0458 | lr = 0.000428
epoch 023 | step 0260 | total = 4.4588 | box = 0.6055 | obj = 1.4008 | cls = 0.0305 | lr = 0.000428
epoch 023 | step 0280 | total = 4.2703 | box = 0.5498 | obj = 1.4808 | cls = 0.0402 | lr = 0.000428
epoch 023 | step 0300 | total = 4.4525 | box = 0.5802 | obj = 1.5119 | cls = 0.0395 | lr = 0.000428
epoch 023 | step 0320 | total = 3.7629 | box = 0.4391 | obj = 1.5140 | cls = 0.0533 | lr = 0.000428
epoch 023 | step 0340 | total = 4.5279 | box = 0.5969 | obj = 1.4967 | cls = 0.0465 | lr = 0.000428
epoch 023 | step 0360 | total = 4.0944 | box = 0.5278 | obj = 1.4187 | cls = 0.0365 | lr = 0.000428
epoch 023 | step 0380 | total = 4.2810 | box = 0.5507 | obj = 1.4907 | cls = 0.0367 | lr = 0.000428
epoch 023 | step 0400 | total = 4.0079 | box = 0.4899 | obj = 1.5169 | cls = 0.0414 | lr = 0.000428
epoch 023 | step 0420 | total = 4.3667 | box = 0.5698 | obj = 1.4805 | cls = 0.0373 | lr = 0.000428
epoch 023 | step 0440 | total = 4.7787 | box = 0.6514 | obj = 1.4918 | cls = 0.0298 | lr = 0.000428
epoch 023 | step 0460 | total = 4.6491 | box = 0.6142 | obj = 1.5387 | cls = 0.0396 | lr = 0.000428
epoch 023 | step 0480 | total = 4.7982 | box = 0.6232 | obj = 1.6343 | cls = 0.0479 | lr = 0.000428
epoch 023 | step 0500 | total = 4.8915 | box = 0.6455 | obj = 1.6323 | cls = 0.0316 | lr = 0.000428
epoch 023 | step 0520 | total = 4.6033 | box = 0.6210 | obj = 1.4584 | cls = 0.0399 | lr = 0.000428
epoch 023 | step 0540 | total = 3.8753 | box = 0.5062 | obj = 1.2947 | cls = 0.0497 | lr = 0.000428
epoch 023 | step 0560 | total = 4.3195 | box = 0.5438 | obj = 1.5565 | cls = 0.0437 | lr = 0.000428
epoch 023 | step 0580 | total = 3.7104 | box = 0.4310 | obj = 1.5116 | cls = 0.0439 | lr = 0.000428
epoch 023 | step 0600 | total = 4.9195 | box = 0.6796 | obj = 1.4876 | cls = 0.0341 | lr = 0.000428
epoch 023 | step 0620 | total = 5.2140 | box = 0.7160 | obj = 1.5877 | cls = 0.0465 | lr = 0.000428
epoch 023 | step 0640 | total = 4.5080 | box = 0.5859 | obj = 1.5353 | cls = 0.0433 | lr = 0.000428
epoch 023 | step 0660 | total = 5.2400 | box = 0.7440 | obj = 1.4856 | cls = 0.0346 | lr = 0.000428
epoch 023 | step 0680 | total = 4.6177 | box = 0.6320 | obj = 1.4214 | cls = 0.0365 | lr = 0.000428
epoch 023 | step 0700 | total = 4.3453 | box = 0.5662 | obj = 1.4775 | cls = 0.0366 | lr = 0.000428
epoch 023 | step 0720 | total = 5.0152 | box = 0.6624 | obj = 1.6552 | cls = 0.0481 | lr = 0.000428
epoch 023 | step 0740 | total = 4.0881 | box = 0.5262 | obj = 1.4109 | cls = 0.0460 | lr = 0.000428
epoch 023 | step 0760 | total = 4.3910 | box = 0.6141 | obj = 1.2785 | cls = 0.0420 | lr = 0.000428
epoch 023 | step 0780 | total = 4.0005 | box = 0.5062 | obj = 1.4297 | cls = 0.0399 | lr = 0.000428
epoch 023 | step 0800 | total = 4.6728 | box = 0.6221 | obj = 1.5090 | cls = 0.0533 | lr = 0.000428
epoch 023 | step 0820 | total = 4.8441 | box = 0.6644 | obj = 1.4761 | cls = 0.0459 | lr = 0.000428
epoch 023 | step 0840 | total = 4.8023 | box = 0.6504 | obj = 1.5120 | cls = 0.0383 | lr = 0.000428
epoch 023 | step 0860 | total = 4.4257 | box = 0.5663 | obj = 1.5539 | cls = 0.0405 | lr = 0.000428
epoch 023 | step 0880 | total = 5.4993 | box = 0.7831 | obj = 1.5438 | cls = 0.0397 | lr = 0.000428
epoch 023 | step 0900 | total = 5.0120 | box = 0.6770 | obj = 1.5866 | cls = 0.0402 | lr = 0.000428
epoch 023 | step 0920 | total = 4.6163 | box = 0.6247 | obj = 1.4565 | cls = 0.0364 | lr = 0.000428
[epoch 023 train] total = 4.5829 | box = 0.6084 | obj = 1.4995 | cls = 0.0412 | steps = 925 | global_batches = 7400 | samples = 118288 | time = 802.4s
[epoch 023 val] total = 4.6883 | box = 0.6230 | obj = 1.5318 | cls = 0.0417 | steps = 40 | global_batches = 320 | samples = 5000 | time = 23.9s
epoch 024 | step 0001 | total = 4.6269 | box = 0.6306 | obj = 1.4265 | cls = 0.0475 | lr = 0.000389
epoch 024 | step 0020 | total = 4.1810 | box = 0.5377 | obj = 1.4514 | cls = 0.0410 | lr = 0.000389
epoch 024 | step 0040 | total = 3.8725 | box = 0.4484 | obj = 1.5778 | cls = 0.0529 | lr = 0.000389
epoch 024 | step 0060 | total = 4.2694 | box = 0.5295 | obj = 1.5738 | cls = 0.0480 | lr = 0.000389
epoch 024 | step 0080 | total = 4.4291 | box = 0.5675 | obj = 1.5601 | cls = 0.0317 | lr = 0.000389
epoch 024 | step 0100 | total = 5.0882 | box = 0.6874 | obj = 1.6091 | cls = 0.0423 | lr = 0.000389
epoch 024 | step 0120 | total = 4.8207 | box = 0.6266 | obj = 1.6350 | cls = 0.0527 | lr = 0.000389
epoch 024 | step 0140 | total = 4.6958 | box = 0.6472 | obj = 1.4281 | cls = 0.0316 | lr = 0.000389
epoch 024 | step 0160 | total = 4.9862 | box = 0.6622 | obj = 1.6295 | cls = 0.0458 | lr = 0.000389
epoch 024 | step 0180 | total = 4.4135 | box = 0.5725 | obj = 1.4980 | cls = 0.0528 | lr = 0.000389
epoch 024 | step 0200 | total = 4.3155 | box = 0.5708 | obj = 1.4216 | cls = 0.0398 | lr = 0.000389
epoch 024 | step 0220 | total = 5.2480 | box = 0.7432 | obj = 1.4961 | cls = 0.0359 | lr = 0.000389
epoch 024 | step 0240 | total = 4.6561 | box = 0.6287 | obj = 1.4755 | cls = 0.0370 | lr = 0.000389
epoch 024 | step 0260 | total = 5.4247 | box = 0.7620 | obj = 1.5778 | cls = 0.0366 | lr = 0.000389
epoch 024 | step 0280 | total = 4.5347 | box = 0.6248 | obj = 1.3755 | cls = 0.0352 | lr = 0.000389
epoch 024 | step 0300 | total = 4.1112 | box = 0.5381 | obj = 1.3758 | cls = 0.0451 | lr = 0.000389
epoch 024 | step 0320 | total = 4.9650 | box = 0.6945 | obj = 1.4550 | cls = 0.0375 | lr = 0.000389
epoch 024 | step 0340 | total = 5.1334 | box = 0.6980 | obj = 1.6053 | cls = 0.0379 | lr = 0.000389
epoch 024 | step 0360 | total = 4.7574 | box = 0.6462 | obj = 1.4892 | cls = 0.0371 | lr = 0.000389
epoch 024 | step 0380 | total = 5.2446 | box = 0.7609 | obj = 1.4039 | cls = 0.0361 | lr = 0.000389
epoch 024 | step 0400 | total = 5.2919 | box = 0.7336 | obj = 1.5890 | cls = 0.0347 | lr = 0.000389
epoch 024 | step 0420 | total = 4.6020 | box = 0.6346 | obj = 1.3902 | cls = 0.0387 | lr = 0.000389
epoch 024 | step 0440 | total = 3.7740 | box = 0.4638 | obj = 1.4201 | cls = 0.0349 | lr = 0.000389
epoch 024 | step 0460 | total = 4.9401 | box = 0.6863 | obj = 1.4627 | cls = 0.0460 | lr = 0.000389
epoch 024 | step 0480 | total = 4.5250 | box = 0.6129 | obj = 1.4208 | cls = 0.0398 | lr = 0.000389
epoch 024 | step 0500 | total = 5.2714 | box = 0.7224 | obj = 1.6224 | cls = 0.0372 | lr = 0.000389
epoch 024 | step 0520 | total = 4.6638 | box = 0.6015 | obj = 1.6130 | cls = 0.0434 | lr = 0.000389
epoch 024 | step 0540 | total = 4.7728 | box = 0.6174 | obj = 1.6446 | cls = 0.0412 | lr = 0.000389
epoch 024 | step 0560 | total = 4.2151 | box = 0.5519 | obj = 1.4195 | cls = 0.0361 | lr = 0.000389
epoch 024 | step 0580 | total = 4.3948 | box = 0.5748 | obj = 1.4803 | cls = 0.0403 | lr = 0.000389
epoch 024 | step 0600 | total = 4.2762 | box = 0.5649 | obj = 1.4083 | cls = 0.0431 | lr = 0.000389
epoch 024 | step 0620 | total = 4.0364 | box = 0.5437 | obj = 1.2672 | cls = 0.0505 | lr = 0.000389
epoch 024 | step 0640 | total = 4.2389 | box = 0.5408 | obj = 1.4878 | cls = 0.0469 | lr = 0.000389
epoch 024 | step 0660 | total = 4.7280 | box = 0.6430 | obj = 1.4771 | cls = 0.0358 | lr = 0.000389
epoch 024 | step 0680 | total = 3.8911 | box = 0.5078 | obj = 1.3109 | cls = 0.0413 | lr = 0.000389
epoch 024 | step 0700 | total = 4.6391 | box = 0.6180 | obj = 1.5047 | cls = 0.0442 | lr = 0.000389
epoch 024 | step 0720 | total = 5.5621 | box = 0.8090 | obj = 1.4803 | cls = 0.0366 | lr = 0.000389
epoch 024 | step 0740 | total = 4.9843 | box = 0.6840 | obj = 1.5303 | cls = 0.0338 | lr = 0.000389
epoch 024 | step 0760 | total = 4.8067 | box = 0.6328 | obj = 1.5973 | cls = 0.0452 | lr = 0.000389
epoch 024 | step 0780 | total = 4.8288 | box = 0.6954 | obj = 1.3223 | cls = 0.0294 | lr = 0.000389
epoch 024 | step 0800 | total = 5.0540 | box = 0.6939 | obj = 1.5409 | cls = 0.0438 | lr = 0.000389
epoch 024 | step 0820 | total = 4.7162 | box = 0.6133 | obj = 1.6107 | cls = 0.0389 | lr = 0.000389
epoch 024 | step 0840 | total = 4.5232 | box = 0.6090 | obj = 1.4390 | cls = 0.0394 | lr = 0.000389
epoch 024 | step 0860 | total = 4.8859 | box = 0.6769 | obj = 1.4633 | cls = 0.0382 | lr = 0.000389
epoch 024 | step 0880 | total = 4.3927 | box = 0.5602 | obj = 1.5443 | cls = 0.0474 | lr = 0.000389
epoch 024 | step 0900 | total = 5.4160 | box = 0.7740 | obj = 1.5074 | cls = 0.0387 | lr = 0.000389
epoch 024 | step 0920 | total = 4.5545 | box = 0.5999 | obj = 1.5144 | cls = 0.0408 | lr = 0.000389
[epoch 024 train] total = 4.5490 | box = 0.6036 | obj = 1.4900 | cls = 0.0409 | steps = 925 | global_batches = 7400 | samples = 118288 | time = 802.2s
[epoch 024 val] total = 4.6505 | box = 0.6178 | obj = 1.5203 | cls = 0.0411 | steps = 40 | global_batches = 320 | samples = 5000 | time = 23.8s
epoch 025 | step 0001 | total = 5.5321 | box = 0.8342 | obj = 1.3340 | cls = 0.0271 | lr = 0.000352
epoch 025 | step 0020 | total = 4.6514 | box = 0.6321 | obj = 1.4542 | cls = 0.0369 | lr = 0.000352
epoch 025 | step 0040 | total = 4.3827 | box = 0.5904 | obj = 1.3860 | cls = 0.0448 | lr = 0.000352
epoch 025 | step 0060 | total = 4.1484 | box = 0.5302 | obj = 1.4579 | cls = 0.0396 | lr = 0.000352
epoch 025 | step 0080 | total = 4.6881 | box = 0.6083 | obj = 1.5989 | cls = 0.0476 | lr = 0.000352
epoch 025 | step 0100 | total = 3.8487 | box = 0.4955 | obj = 1.3231 | cls = 0.0479 | lr = 0.000352
epoch 025 | step 0120 | total = 5.0934 | box = 0.7074 | obj = 1.5169 | cls = 0.0394 | lr = 0.000352
epoch 025 | step 0140 | total = 4.3366 | box = 0.5729 | obj = 1.4314 | cls = 0.0406 | lr = 0.000352
epoch 025 | step 0160 | total = 3.8251 | box = 0.4533 | obj = 1.5089 | cls = 0.0498 | lr = 0.000352
epoch 025 | step 0180 | total = 4.9818 | box = 0.7040 | obj = 1.4276 | cls = 0.0343 | lr = 0.000352
epoch 025 | step 0200 | total = 5.2722 | box = 0.7335 | obj = 1.5636 | cls = 0.0413 | lr = 0.000352
epoch 025 | step 0220 | total = 4.6989 | box = 0.6335 | obj = 1.4958 | cls = 0.0355 | lr = 0.000352
epoch 025 | step 0240 | total = 4.3900 | box = 0.5839 | obj = 1.4277 | cls = 0.0427 | lr = 0.000352
epoch 025 | step 0260 | total = 5.0722 | box = 0.6911 | obj = 1.5817 | cls = 0.0349 | lr = 0.000352
epoch 025 | step 0280 | total = 4.3882 | box = 0.5600 | obj = 1.5426 | cls = 0.0453 | lr = 0.000352
epoch 025 | step 0300 | total = 4.5420 | box = 0.6050 | obj = 1.4767 | cls = 0.0406 | lr = 0.000352
epoch 025 | step 0320 | total = 4.7317 | box = 0.6610 | obj = 1.3972 | cls = 0.0295 | lr = 0.000352
epoch 025 | step 0340 | total = 5.1120 | box = 0.6947 | obj = 1.6038 | cls = 0.0344 | lr = 0.000352
epoch 025 | step 0360 | total = 4.3092 | box = 0.5641 | obj = 1.4481 | cls = 0.0405 | lr = 0.000352
epoch 025 | step 0380 | total = 3.9086 | box = 0.4682 | obj = 1.5215 | cls = 0.0461 | lr = 0.000352
epoch 025 | step 0400 | total = 5.0876 | box = 0.6780 | obj = 1.6556 | cls = 0.0421 | lr = 0.000352
epoch 025 | step 0420 | total = 5.3297 | box = 0.7327 | obj = 1.6264 | cls = 0.0400 | lr = 0.000352
epoch 025 | step 0440 | total = 4.6170 | box = 0.6173 | obj = 1.4846 | cls = 0.0459 | lr = 0.000352
epoch 025 | step 0460 | total = 4.1812 | box = 0.5534 | obj = 1.3737 | cls = 0.0405 | lr = 0.000352
epoch 025 | step 0480 | total = 4.7534 | box = 0.6529 | obj = 1.4486 | cls = 0.0400 | lr = 0.000352
epoch 025 | step 0500 | total = 4.5770 | box = 0.6066 | obj = 1.5036 | cls = 0.0402 | lr = 0.000352
epoch 025 | step 0520 | total = 5.0650 | box = 0.6607 | obj = 1.7183 | cls = 0.0430 | lr = 0.000352
epoch 025 | step 0540 | total = 4.7101 | box = 0.6357 | obj = 1.4780 | cls = 0.0536 | lr = 0.000352
epoch 025 | step 0560 | total = 5.1304 | box = 0.7131 | obj = 1.5248 | cls = 0.0402 | lr = 0.000352
epoch 025 | step 0580 | total = 4.2977 | box = 0.5864 | obj = 1.3313 | cls = 0.0345 | lr = 0.000352
epoch 025 | step 0600 | total = 5.0500 | box = 0.6950 | obj = 1.5359 | cls = 0.0390 | lr = 0.000352
epoch 025 | step 0620 | total = 4.3992 | box = 0.5905 | obj = 1.4087 | cls = 0.0380 | lr = 0.000352
epoch 025 | step 0640 | total = 4.0898 | box = 0.4672 | obj = 1.7053 | cls = 0.0487 | lr = 0.000352
epoch 025 | step 0660 | total = 4.8676 | box = 0.6970 | obj = 1.3478 | cls = 0.0347 | lr = 0.000352
epoch 025 | step 0680 | total = 4.4199 | box = 0.6005 | obj = 1.3745 | cls = 0.0432 | lr = 0.000352
epoch 025 | step 0700 | total = 4.6833 | box = 0.6368 | obj = 1.4598 | cls = 0.0395 | lr = 0.000352
epoch 025 | step 0720 | total = 4.3912 | box = 0.5747 | obj = 1.4725 | cls = 0.0450 | lr = 0.000352
epoch 025 | step 0740 | total = 5.0055 | box = 0.6663 | obj = 1.6251 | cls = 0.0490 | lr = 0.000352
epoch 025 | step 0760 | total = 4.6384 | box = 0.6168 | obj = 1.5191 | cls = 0.0353 | lr = 0.000352
epoch 025 | step 0780 | total = 3.7684 | box = 0.4507 | obj = 1.4625 | cls = 0.0522 | lr = 0.000352
epoch 025 | step 0800 | total = 3.6408 | box = 0.4324 | obj = 1.4222 | cls = 0.0567 | lr = 0.000352
epoch 025 | step 0820 | total = 4.3680 | box = 0.5709 | obj = 1.4764 | cls = 0.0374 | lr = 0.000352
epoch 025 | step 0840 | total = 4.0923 | box = 0.5253 | obj = 1.4182 | cls = 0.0476 | lr = 0.000352
epoch 025 | step 0860 | total = 4.0115 | box = 0.4926 | obj = 1.4995 | cls = 0.0491 | lr = 0.000352
epoch 025 | step 0880 | total = 4.8260 | box = 0.6759 | obj = 1.4069 | cls = 0.0398 | lr = 0.000352
epoch 025 | step 0900 | total = 4.5746 | box = 0.6132 | obj = 1.4682 | cls = 0.0404 | lr = 0.000352
epoch 025 | step 0920 | total = 4.2922 | box = 0.5683 | obj = 1.4175 | cls = 0.0333 | lr = 0.000352
[epoch 025 train] total = 4.5208 | box = 0.5996 | obj = 1.4820 | cls = 0.0406 | steps = 925 | global_batches = 7400 | samples = 118288 | time = 803.9s
[epoch 025 val] total = 4.6218 | box = 0.6126 | obj = 1.5180 | cls = 0.0410 | steps = 40 | global_batches = 320 | samples = 5000 | time = 23.9s
epoch 026 | step 0001 | total = 3.6474 | box = 0.4271 | obj = 1.4585 | cls = 0.0535 | lr = 0.000316
epoch 026 | step 0020 | total = 3.9060 | box = 0.4841 | obj = 1.4426 | cls = 0.0428 | lr = 0.000316
epoch 026 | step 0040 | total = 4.2798 | box = 0.5383 | obj = 1.5522 | cls = 0.0359 | lr = 0.000316
epoch 026 | step 0060 | total = 4.0997 | box = 0.5235 | obj = 1.4394 | cls = 0.0430 | lr = 0.000316
epoch 026 | step 0080 | total = 3.7484 | box = 0.4689 | obj = 1.3522 | cls = 0.0515 | lr = 0.000316
epoch 026 | step 0100 | total = 4.1503 | box = 0.5345 | obj = 1.4364 | cls = 0.0414 | lr = 0.000316
epoch 026 | step 0120 | total = 5.3670 | box = 0.7507 | obj = 1.5744 | cls = 0.0391 | lr = 0.000316
epoch 026 | step 0140 | total = 4.4813 | box = 0.5783 | obj = 1.5510 | cls = 0.0387 | lr = 0.000316
epoch 026 | step 0160 | total = 3.6574 | box = 0.4361 | obj = 1.4297 | cls = 0.0471 | lr = 0.000316
epoch 026 | step 0180 | total = 3.8007 | box = 0.4519 | obj = 1.4955 | cls = 0.0458 | lr = 0.000316
epoch 026 | step 0200 | total = 5.0588 | box = 0.6875 | obj = 1.5851 | cls = 0.0363 | lr = 0.000316
epoch 026 | step 0220 | total = 4.4064 | box = 0.5633 | obj = 1.5551 | cls = 0.0349 | lr = 0.000316
epoch 026 | step 0240 | total = 3.7893 | box = 0.4957 | obj = 1.2712 | cls = 0.0394 | lr = 0.000316
epoch 026 | step 0260 | total = 4.2389 | box = 0.5862 | obj = 1.2752 | cls = 0.0326 | lr = 0.000316
epoch 026 | step 0280 | total = 4.5688 | box = 0.6111 | obj = 1.4764 | cls = 0.0370 | lr = 0.000316
epoch 026 | step 0300 | total = 3.9462 | box = 0.5065 | obj = 1.3761 | cls = 0.0377 | lr = 0.000316
epoch 026 | step 0320 | total = 5.0021 | box = 0.6911 | obj = 1.5147 | cls = 0.0320 | lr = 0.000316
epoch 026 | step 0340 | total = 4.6975 | box = 0.6197 | obj = 1.5560 | cls = 0.0433 | lr = 0.000316
epoch 026 | step 0360 | total = 3.8998 | box = 0.4783 | obj = 1.4659 | cls = 0.0425 | lr = 0.000316
epoch 026 | step 0380 | total = 4.4947 | box = 0.5659 | obj = 1.6220 | cls = 0.0433 | lr = 0.000316
epoch 026 | step 0400 | total = 4.0257 | box = 0.5085 | obj = 1.4461 | cls = 0.0371 | lr = 0.000316
epoch 026 | step 0420 | total = 5.1080 | box = 0.6960 | obj = 1.5917 | cls = 0.0365 | lr = 0.000316
epoch 026 | step 0440 | total = 4.2060 | box = 0.5440 | obj = 1.4458 | cls = 0.0400 | lr = 0.000316
epoch 026 | step 0460 | total = 4.6406 | box = 0.6175 | obj = 1.5158 | cls = 0.0375 | lr = 0.000316
epoch 026 | step 0480 | total = 5.0330 | box = 0.6976 | obj = 1.5127 | cls = 0.0323 | lr = 0.000316
epoch 026 | step 0500 | total = 5.0675 | box = 0.7155 | obj = 1.4559 | cls = 0.0340 | lr = 0.000316
epoch 026 | step 0520 | total = 4.5771 | box = 0.6298 | obj = 1.3866 | cls = 0.0415 | lr = 0.000316
epoch 026 | step 0540 | total = 4.5396 | box = 0.5933 | obj = 1.5343 | cls = 0.0388 | lr = 0.000316
epoch 026 | step 0560 | total = 4.6355 | box = 0.6358 | obj = 1.4201 | cls = 0.0365 | lr = 0.000316
epoch 026 | step 0580 | total = 4.9586 | box = 0.6741 | obj = 1.5510 | cls = 0.0371 | lr = 0.000316
epoch 026 | step 0600 | total = 4.6482 | box = 0.6216 | obj = 1.4985 | cls = 0.0415 | lr = 0.000316
epoch 026 | step 0620 | total = 4.2886 | box = 0.5662 | obj = 1.4213 | cls = 0.0364 | lr = 0.000316
epoch 026 | step 0640 | total = 4.0065 | box = 0.5045 | obj = 1.4456 | cls = 0.0382 | lr = 0.000316
epoch 026 | step 0660 | total = 5.0252 | box = 0.7020 | obj = 1.4804 | cls = 0.0348 | lr = 0.000316
epoch 026 | step 0680 | total = 4.4028 | box = 0.5914 | obj = 1.4061 | cls = 0.0398 | lr = 0.000316
epoch 026 | step 0700 | total = 4.8232 | box = 0.6239 | obj = 1.6648 | cls = 0.0391 | lr = 0.000316
epoch 026 | step 0720 | total = 3.9492 | box = 0.5075 | obj = 1.3791 | cls = 0.0327 | lr = 0.000316
epoch 026 | step 0740 | total = 3.3767 | box = 0.3934 | obj = 1.3520 | cls = 0.0577 | lr = 0.000316
epoch 026 | step 0760 | total = 4.6152 | box = 0.5864 | obj = 1.6446 | cls = 0.0385 | lr = 0.000316
epoch 026 | step 0780 | total = 4.7705 | box = 0.6499 | obj = 1.4839 | cls = 0.0369 | lr = 0.000316
epoch 026 | step 0800 | total = 5.2379 | box = 0.7352 | obj = 1.5241 | cls = 0.0376 | lr = 0.000316
epoch 026 | step 0820 | total = 5.1868 | box = 0.7149 | obj = 1.5692 | cls = 0.0433 | lr = 0.000316
epoch 026 | step 0840 | total = 4.8326 | box = 0.6364 | obj = 1.6075 | cls = 0.0430 | lr = 0.000316
epoch 026 | step 0860 | total = 4.6996 | box = 0.6256 | obj = 1.5285 | cls = 0.0428 | lr = 0.000316
epoch 026 | step 0880 | total = 3.9971 | box = 0.5078 | obj = 1.4137 | cls = 0.0443 | lr = 0.000316
epoch 026 | step 0900 | total = 5.2439 | box = 0.7301 | obj = 1.5597 | cls = 0.0337 | lr = 0.000316
epoch 026 | step 0920 | total = 3.5508 | box = 0.4414 | obj = 1.3033 | cls = 0.0405 | lr = 0.000316
[epoch 026 train] total = 4.4858 | box = 0.5945 | obj = 1.4728 | cls = 0.0403 | steps = 925 | global_batches = 7400 | samples = 118288 | time = 804.6s
[epoch 026 val] total = 4.5885 | box = 0.6090 | obj = 1.5030 | cls = 0.0407 | steps = 40 | global_batches = 320 | samples = 5000 | time = 24.1s
epoch 027 | step 0001 | total = 4.4939 | box = 0.5897 | obj = 1.4963 | cls = 0.0493 | lr = 0.000280
epoch 027 | step 0020 | total = 4.1647 | box = 0.5333 | obj = 1.4545 | cls = 0.0438 | lr = 0.000280
epoch 027 | step 0040 | total = 2.9916 | box = 0.3652 | obj = 1.1238 | cls = 0.0418 | lr = 0.000280
epoch 027 | step 0060 | total = 4.5387 | box = 0.6134 | obj = 1.4365 | cls = 0.0352 | lr = 0.000280
epoch 027 | step 0080 | total = 4.5402 | box = 0.6017 | obj = 1.4884 | cls = 0.0431 | lr = 0.000280
epoch 027 | step 0100 | total = 4.8352 | box = 0.6388 | obj = 1.5986 | cls = 0.0426 | lr = 0.000280
epoch 027 | step 0120 | total = 4.5538 | box = 0.6179 | obj = 1.4242 | cls = 0.0401 | lr = 0.000280
epoch 027 | step 0140 | total = 4.1453 | box = 0.5475 | obj = 1.3606 | cls = 0.0472 | lr = 0.000280
epoch 027 | step 0160 | total = 4.2683 | box = 0.5676 | obj = 1.3905 | cls = 0.0399 | lr = 0.000280
epoch 027 | step 0180 | total = 4.8184 | box = 0.6703 | obj = 1.4343 | cls = 0.0324 | lr = 0.000280
epoch 027 | step 0200 | total = 4.4179 | box = 0.5698 | obj = 1.5229 | cls = 0.0459 | lr = 0.000280
epoch 027 | step 0220 | total = 4.1071 | box = 0.5223 | obj = 1.4559 | cls = 0.0398 | lr = 0.000280
epoch 027 | step 0240 | total = 4.7321 | box = 0.6491 | obj = 1.4453 | cls = 0.0411 | lr = 0.000280
epoch 027 | step 0260 | total = 4.9658 | box = 0.6845 | obj = 1.5069 | cls = 0.0366 | lr = 0.000280
epoch 027 | step 0280 | total = 5.6816 | box = 0.7967 | obj = 1.6513 | cls = 0.0468 | lr = 0.000280
epoch 027 | step 0300 | total = 4.2855 | box = 0.5551 | obj = 1.4661 | cls = 0.0439 | lr = 0.000280
epoch 027 | step 0320 | total = 4.6059 | box = 0.6107 | obj = 1.5114 | cls = 0.0408 | lr = 0.000280
epoch 027 | step 0340 | total = 4.0021 | box = 0.5020 | obj = 1.4531 | cls = 0.0391 | lr = 0.000280
epoch 027 | step 0360 | total = 4.6576 | box = 0.6344 | obj = 1.4465 | cls = 0.0390 | lr = 0.000280
epoch 027 | step 0380 | total = 5.2416 | box = 0.7119 | obj = 1.6484 | cls = 0.0338 | lr = 0.000280
epoch 027 | step 0400 | total = 4.6960 | box = 0.6253 | obj = 1.5279 | cls = 0.0418 | lr = 0.000280
epoch 027 | step 0420 | total = 3.1338 | box = 0.3784 | obj = 1.2026 | cls = 0.0393 | lr = 0.000280
epoch 027 | step 0440 | total = 4.3173 | box = 0.5306 | obj = 1.6186 | cls = 0.0456 | lr = 0.000280
epoch 027 | step 0460 | total = 4.6802 | box = 0.6454 | obj = 1.4140 | cls = 0.0392 | lr = 0.000280
epoch 027 | step 0480 | total = 4.9857 | box = 0.6939 | obj = 1.4854 | cls = 0.0309 | lr = 0.000280
epoch 027 | step 0500 | total = 4.9353 | box = 0.6691 | obj = 1.5359 | cls = 0.0540 | lr = 0.000280
epoch 027 | step 0520 | total = 4.3231 | box = 0.5672 | obj = 1.4493 | cls = 0.0377 | lr = 0.000280
epoch 027 | step 0540 | total = 5.3494 | box = 0.7575 | obj = 1.5252 | cls = 0.0369 | lr = 0.000280
epoch 027 | step 0560 | total = 4.2107 | box = 0.5386 | obj = 1.4778 | cls = 0.0397 | lr = 0.000280
epoch 027 | step 0580 | total = 4.7287 | box = 0.6174 | obj = 1.6029 | cls = 0.0388 | lr = 0.000280
epoch 027 | step 0600 | total = 4.3470 | box = 0.5875 | obj = 1.3676 | cls = 0.0419 | lr = 0.000280
epoch 027 | step 0620 | total = 4.2930 | box = 0.5394 | obj = 1.5513 | cls = 0.0447 | lr = 0.000280
epoch 027 | step 0640 | total = 4.5500 | box = 0.6008 | obj = 1.5034 | cls = 0.0424 | lr = 0.000280
epoch 027 | step 0660 | total = 4.5526 | box = 0.6230 | obj = 1.4089 | cls = 0.0288 | lr = 0.000280
epoch 027 | step 0680 | total = 4.2210 | box = 0.5616 | obj = 1.3704 | cls = 0.0428 | lr = 0.000280
epoch 027 | step 0700 | total = 4.2432 | box = 0.5234 | obj = 1.5872 | cls = 0.0392 | lr = 0.000280
epoch 027 | step 0720 | total = 5.1592 | box = 0.7477 | obj = 1.3906 | cls = 0.0299 | lr = 0.000280
epoch 027 | step 0740 | total = 4.8569 | box = 0.6492 | obj = 1.5719 | cls = 0.0392 | lr = 0.000280
epoch 027 | step 0760 | total = 4.0771 | box = 0.5178 | obj = 1.4476 | cls = 0.0405 | lr = 0.000280
epoch 027 | step 0780 | total = 4.9580 | box = 0.6760 | obj = 1.5437 | cls = 0.0343 | lr = 0.000280
epoch 027 | step 0800 | total = 4.4768 | box = 0.6048 | obj = 1.4081 | cls = 0.0446 | lr = 0.000280
epoch 027 | step 0820 | total = 4.5606 | box = 0.5957 | obj = 1.5399 | cls = 0.0421 | lr = 0.000280
epoch 027 | step 0840 | total = 3.8985 | box = 0.4838 | obj = 1.4413 | cls = 0.0382 | lr = 0.000280
epoch 027 | step 0860 | total = 4.6722 | box = 0.6324 | obj = 1.4736 | cls = 0.0366 | lr = 0.000280
epoch 027 | step 0880 | total = 4.7391 | box = 0.6190 | obj = 1.5967 | cls = 0.0473 | lr = 0.000280
epoch 027 | step 0900 | total = 4.2856 | box = 0.5321 | obj = 1.5893 | cls = 0.0360 | lr = 0.000280
epoch 027 | step 0920 | total = 4.4677 | box = 0.5875 | obj = 1.4948 | cls = 0.0356 | lr = 0.000280
[epoch 027 train] total = 4.4575 | box = 0.5904 | obj = 1.4652 | cls = 0.0401 | steps = 925 | global_batches = 7400 | samples = 118288 | time = 805.8s
[epoch 027 val] total = 4.5884 | box = 0.6073 | obj = 1.5118 | cls = 0.0403 | steps = 40 | global_batches = 320 | samples = 5000 | time = 24.5s
epoch 028 | step 0001 | total = 4.8725 | box = 0.6260 | obj = 1.6859 | cls = 0.0566 | lr = 0.000246
epoch 028 | step 0020 | total = 3.6615 | box = 0.4561 | obj = 1.3406 | cls = 0.0402 | lr = 0.000246
epoch 028 | step 0040 | total = 4.8122 | box = 0.6143 | obj = 1.6937 | cls = 0.0469 | lr = 0.000246
epoch 028 | step 0060 | total = 4.2373 | box = 0.5495 | obj = 1.4549 | cls = 0.0349 | lr = 0.000246
epoch 028 | step 0080 | total = 4.3014 | box = 0.5665 | obj = 1.4356 | cls = 0.0332 | lr = 0.000246
epoch 028 | step 0100 | total = 5.1137 | box = 0.7203 | obj = 1.4760 | cls = 0.0361 | lr = 0.000246
epoch 028 | step 0120 | total = 4.6080 | box = 0.6219 | obj = 1.4563 | cls = 0.0424 | lr = 0.000246
epoch 028 | step 0140 | total = 4.4098 | box = 0.5917 | obj = 1.4127 | cls = 0.0383 | lr = 0.000246
epoch 028 | step 0160 | total = 3.8464 | box = 0.4606 | obj = 1.5009 | cls = 0.0425 | lr = 0.000246
epoch 028 | step 0180 | total = 4.4995 | box = 0.5876 | obj = 1.5224 | cls = 0.0392 | lr = 0.000246
epoch 028 | step 0200 | total = 5.0822 | box = 0.7203 | obj = 1.4466 | cls = 0.0343 | lr = 0.000246
epoch 028 | step 0220 | total = 4.2219 | box = 0.5487 | obj = 1.4401 | cls = 0.0381 | lr = 0.000246
epoch 028 | step 0240 | total = 3.8538 | box = 0.5117 | obj = 1.2576 | cls = 0.0377 | lr = 0.000246
epoch 028 | step 0260 | total = 4.2032 | box = 0.5597 | obj = 1.3725 | cls = 0.0323 | lr = 0.000246
epoch 028 | step 0280 | total = 4.6040 | box = 0.5833 | obj = 1.6390 | cls = 0.0487 | lr = 0.000246
epoch 028 | step 0300 | total = 4.2634 | box = 0.5645 | obj = 1.3992 | cls = 0.0416 | lr = 0.000246
epoch 028 | step 0320 | total = 4.7454 | box = 0.6418 | obj = 1.5029 | cls = 0.0335 | lr = 0.000246
epoch 028 | step 0340 | total = 3.9774 | box = 0.5283 | obj = 1.3005 | cls = 0.0353 | lr = 0.000246
epoch 028 | step 0360 | total = 4.5123 | box = 0.5905 | obj = 1.5192 | cls = 0.0408 | lr = 0.000246
epoch 028 | step 0380 | total = 4.7463 | box = 0.6347 | obj = 1.5319 | cls = 0.0410 | lr = 0.000246
epoch 028 | step 0400 | total = 4.6434 | box = 0.6293 | obj = 1.4625 | cls = 0.0345 | lr = 0.000246
epoch 028 | step 0420 | total = 4.5661 | box = 0.6115 | obj = 1.4751 | cls = 0.0334 | lr = 0.000246
epoch 028 | step 0440 | total = 4.7300 | box = 0.6357 | obj = 1.5144 | cls = 0.0371 | lr = 0.000246
epoch 028 | step 0460 | total = 4.8529 | box = 0.6559 | obj = 1.5317 | cls = 0.0416 | lr = 0.000246
epoch 028 | step 0480 | total = 3.9830 | box = 0.5035 | obj = 1.4237 | cls = 0.0420 | lr = 0.000246
epoch 028 | step 0500 | total = 4.8098 | box = 0.6697 | obj = 1.4250 | cls = 0.0365 | lr = 0.000246
epoch 028 | step 0520 | total = 4.2441 | box = 0.5721 | obj = 1.3499 | cls = 0.0338 | lr = 0.000246
epoch 028 | step 0540 | total = 3.4474 | box = 0.4236 | obj = 1.2866 | cls = 0.0426 | lr = 0.000246
epoch 028 | step 0560 | total = 4.9111 | box = 0.6789 | obj = 1.4750 | cls = 0.0416 | lr = 0.000246
epoch 028 | step 0580 | total = 4.7001 | box = 0.6362 | obj = 1.4849 | cls = 0.0343 | lr = 0.000246
epoch 028 | step 0600 | total = 5.1172 | box = 0.7037 | obj = 1.5618 | cls = 0.0371 | lr = 0.000246
epoch 028 | step 0620 | total = 4.8642 | box = 0.7078 | obj = 1.2923 | cls = 0.0331 | lr = 0.000246
epoch 028 | step 0640 | total = 4.7833 | box = 0.6216 | obj = 1.6318 | cls = 0.0433 | lr = 0.000246
epoch 028 | step 0660 | total = 4.6832 | box = 0.6293 | obj = 1.4986 | cls = 0.0383 | lr = 0.000246
epoch 028 | step 0680 | total = 3.7738 | box = 0.4574 | obj = 1.4503 | cls = 0.0364 | lr = 0.000246
epoch 028 | step 0700 | total = 4.7828 | box = 0.6515 | obj = 1.4894 | cls = 0.0358 | lr = 0.000246
epoch 028 | step 0720 | total = 3.7892 | box = 0.4904 | obj = 1.3040 | cls = 0.0329 | lr = 0.000246
epoch 028 | step 0740 | total = 5.0949 | box = 0.7337 | obj = 1.3987 | cls = 0.0278 | lr = 0.000246
epoch 028 | step 0760 | total = 4.1438 | box = 0.5654 | obj = 1.2827 | cls = 0.0342 | lr = 0.000246
epoch 028 | step 0780 | total = 4.8322 | box = 0.6573 | obj = 1.5073 | cls = 0.0382 | lr = 0.000246
epoch 028 | step 0800 | total = 4.1962 | box = 0.5441 | obj = 1.4365 | cls = 0.0392 | lr = 0.000246
epoch 028 | step 0820 | total = 5.0638 | box = 0.7151 | obj = 1.4600 | cls = 0.0283 | lr = 0.000246
epoch 028 | step 0840 | total = 3.9900 | box = 0.4941 | obj = 1.4760 | cls = 0.0437 | lr = 0.000246
epoch 028 | step 0860 | total = 4.8444 | box = 0.6604 | obj = 1.5065 | cls = 0.0359 | lr = 0.000246
epoch 028 | step 0880 | total = 4.0496 | box = 0.5208 | obj = 1.4042 | cls = 0.0413 | lr = 0.000246
epoch 028 | step 0900 | total = 4.9559 | box = 0.6883 | obj = 1.4788 | cls = 0.0357 | lr = 0.000246
epoch 028 | step 0920 | total = 4.5925 | box = 0.6340 | obj = 1.3850 | cls = 0.0377 | lr = 0.000246
[epoch 028 train] total = 4.4286 | box = 0.5861 | obj = 1.4582 | cls = 0.0399 | steps = 925 | global_batches = 7400 | samples = 118288 | time = 805.3s
[epoch 028 val] total = 4.5522 | box = 0.6028 | obj = 1.4980 | cls = 0.0401 | steps = 40 | global_batches = 320 | samples = 5000 | time = 24.2s
epoch 029 | step 0001 | total = 3.7818 | box = 0.4784 | obj = 1.3485 | cls = 0.0411 | lr = 0.000214
epoch 029 | step 0020 | total = 4.3950 | box = 0.5801 | obj = 1.4552 | cls = 0.0394 | lr = 0.000214
epoch 029 | step 0040 | total = 3.9294 | box = 0.4969 | obj = 1.3994 | cls = 0.0454 | lr = 0.000214
epoch 029 | step 0060 | total = 4.7911 | box = 0.6565 | obj = 1.4613 | cls = 0.0472 | lr = 0.000214
epoch 029 | step 0080 | total = 4.4414 | box = 0.5975 | obj = 1.4154 | cls = 0.0385 | lr = 0.000214
epoch 029 | step 0100 | total = 4.3525 | box = 0.5645 | obj = 1.4824 | cls = 0.0477 | lr = 0.000214
epoch 029 | step 0120 | total = 5.0891 | box = 0.7137 | obj = 1.4870 | cls = 0.0334 | lr = 0.000214
epoch 029 | step 0140 | total = 4.5196 | box = 0.6066 | obj = 1.4313 | cls = 0.0554 | lr = 0.000214
epoch 029 | step 0160 | total = 4.3045 | box = 0.5565 | obj = 1.4879 | cls = 0.0342 | lr = 0.000214
epoch 029 | step 0180 | total = 4.4567 | box = 0.5996 | obj = 1.4178 | cls = 0.0410 | lr = 0.000214
epoch 029 | step 0200 | total = 4.4954 | box = 0.6187 | obj = 1.3671 | cls = 0.0346 | lr = 0.000214
epoch 029 | step 0220 | total = 3.9676 | box = 0.5175 | obj = 1.3381 | cls = 0.0421 | lr = 0.000214
epoch 029 | step 0240 | total = 4.0724 | box = 0.5341 | obj = 1.3590 | cls = 0.0431 | lr = 0.000214
epoch 029 | step 0260 | total = 4.4814 | box = 0.5904 | obj = 1.4883 | cls = 0.0410 | lr = 0.000214
epoch 029 | step 0280 | total = 4.5606 | box = 0.6306 | obj = 1.3689 | cls = 0.0388 | lr = 0.000214
epoch 029 | step 0300 | total = 3.5153 | box = 0.4214 | obj = 1.3708 | cls = 0.0373 | lr = 0.000214
epoch 029 | step 0320 | total = 3.9487 | box = 0.5018 | obj = 1.4045 | cls = 0.0351 | lr = 0.000214
epoch 029 | step 0340 | total = 5.1181 | box = 0.7281 | obj = 1.4430 | cls = 0.0347 | lr = 0.000214
epoch 029 | step 0360 | total = 4.3982 | box = 0.5769 | obj = 1.4750 | cls = 0.0389 | lr = 0.000214
epoch 029 | step 0380 | total = 4.7017 | box = 0.6429 | obj = 1.4534 | cls = 0.0337 | lr = 0.000214
epoch 029 | step 0400 | total = 4.5578 | box = 0.5840 | obj = 1.5893 | cls = 0.0484 | lr = 0.000214
epoch 029 | step 0420 | total = 4.4438 | box = 0.6049 | obj = 1.3806 | cls = 0.0389 | lr = 0.000214
epoch 029 | step 0440 | total = 5.0001 | box = 0.6742 | obj = 1.5857 | cls = 0.0435 | lr = 0.000214
epoch 029 | step 0460 | total = 4.2169 | box = 0.5627 | obj = 1.3700 | cls = 0.0336 | lr = 0.000214
epoch 029 | step 0480 | total = 3.8716 | box = 0.4770 | obj = 1.4408 | cls = 0.0459 | lr = 0.000214
epoch 029 | step 0500 | total = 4.6315 | box = 0.6113 | obj = 1.5339 | cls = 0.0411 | lr = 0.000214
epoch 029 | step 0520 | total = 4.2556 | box = 0.5402 | obj = 1.5141 | cls = 0.0403 | lr = 0.000214
epoch 029 | step 0540 | total = 4.4257 | box = 0.5894 | obj = 1.4451 | cls = 0.0336 | lr = 0.000214
epoch 029 | step 0560 | total = 4.6943 | box = 0.6454 | obj = 1.4374 | cls = 0.0301 | lr = 0.000214
epoch 029 | step 0580 | total = 4.4514 | box = 0.5950 | obj = 1.4410 | cls = 0.0352 | lr = 0.000214
epoch 029 | step 0600 | total = 4.5277 | box = 0.6264 | obj = 1.3680 | cls = 0.0276 | lr = 0.000214
epoch 029 | step 0620 | total = 5.3160 | box = 0.7365 | obj = 1.5872 | cls = 0.0464 | lr = 0.000214
epoch 029 | step 0640 | total = 4.3102 | box = 0.5889 | obj = 1.3320 | cls = 0.0337 | lr = 0.000214
epoch 029 | step 0660 | total = 4.2792 | box = 0.5721 | obj = 1.3873 | cls = 0.0312 | lr = 0.000214
epoch 029 | step 0680 | total = 4.5421 | box = 0.6177 | obj = 1.4161 | cls = 0.0377 | lr = 0.000214
epoch 029 | step 0700 | total = 4.3548 | box = 0.5521 | obj = 1.5439 | cls = 0.0502 | lr = 0.000214
epoch 029 | step 0720 | total = 4.3082 | box = 0.5507 | obj = 1.5088 | cls = 0.0458 | lr = 0.000214
epoch 029 | step 0740 | total = 4.2120 | box = 0.5519 | obj = 1.4141 | cls = 0.0385 | lr = 0.000214
epoch 029 | step 0760 | total = 3.9510 | box = 0.5032 | obj = 1.3997 | cls = 0.0353 | lr = 0.000214
epoch 029 | step 0780 | total = 4.6749 | box = 0.6259 | obj = 1.5053 | cls = 0.0398 | lr = 0.000214
epoch 029 | step 0800 | total = 4.9048 | box = 0.6660 | obj = 1.5330 | cls = 0.0420 | lr = 0.000214
epoch 029 | step 0820 | total = 5.6813 | box = 0.8353 | obj = 1.4658 | cls = 0.0387 | lr = 0.000214
epoch 029 | step 0840 | total = 4.0702 | box = 0.5354 | obj = 1.3538 | cls = 0.0394 | lr = 0.000214
epoch 029 | step 0860 | total = 4.6574 | box = 0.6407 | obj = 1.4182 | cls = 0.0356 | lr = 0.000214
epoch 029 | step 0880 | total = 4.5197 | box = 0.5820 | obj = 1.5629 | cls = 0.0467 | lr = 0.000214
epoch 029 | step 0900 | total = 4.5403 | box = 0.6285 | obj = 1.3647 | cls = 0.0331 | lr = 0.000214
epoch 029 | step 0920 | total = 4.9179 | box = 0.6615 | obj = 1.5769 | cls = 0.0332 | lr = 0.000214
[epoch 029 train] total = 4.4024 | box = 0.5825 | obj = 1.4505 | cls = 0.0396 | steps = 925 | global_batches = 7400 | samples = 118288 | time = 804.8s
[epoch 029 val] total = 4.5401 | box = 0.6008 | obj = 1.4959 | cls = 0.0400 | steps = 40 | global_batches = 320 | samples = 5000 | time = 24.4s
epoch 030 | step 0001 | total = 4.2297 | box = 0.5313 | obj = 1.5393 | cls = 0.0339 | lr = 0.000184
epoch 030 | step 0020 | total = 3.9985 | box = 0.5078 | obj = 1.4260 | cls = 0.0334 | lr = 0.000184
epoch 030 | step 0040 | total = 4.3851 | box = 0.5794 | obj = 1.4478 | cls = 0.0402 | lr = 0.000184
epoch 030 | step 0060 | total = 4.2779 | box = 0.5739 | obj = 1.3603 | cls = 0.0484 | lr = 0.000184
epoch 030 | step 0080 | total = 4.9060 | box = 0.6801 | obj = 1.4703 | cls = 0.0352 | lr = 0.000184
epoch 030 | step 0100 | total = 4.1716 | box = 0.5437 | obj = 1.4095 | cls = 0.0437 | lr = 0.000184
epoch 030 | step 0120 | total = 4.1965 | box = 0.5345 | obj = 1.4864 | cls = 0.0375 | lr = 0.000184
epoch 030 | step 0140 | total = 4.9562 | box = 0.6759 | obj = 1.5433 | cls = 0.0332 | lr = 0.000184
epoch 030 | step 0160 | total = 4.8569 | box = 0.6561 | obj = 1.5366 | cls = 0.0400 | lr = 0.000184
epoch 030 | step 0180 | total = 3.5386 | box = 0.4453 | obj = 1.2763 | cls = 0.0360 | lr = 0.000184
epoch 030 | step 0200 | total = 4.2728 | box = 0.5604 | obj = 1.4346 | cls = 0.0362 | lr = 0.000184
epoch 030 | step 0220 | total = 3.4263 | box = 0.4191 | obj = 1.2893 | cls = 0.0413 | lr = 0.000184
epoch 030 | step 0240 | total = 3.7090 | box = 0.4656 | obj = 1.3416 | cls = 0.0392 | lr = 0.000184
epoch 030 | step 0260 | total = 4.6698 | box = 0.6280 | obj = 1.4848 | cls = 0.0450 | lr = 0.000184
epoch 030 | step 0280 | total = 4.2884 | box = 0.5678 | obj = 1.4086 | cls = 0.0409 | lr = 0.000184
epoch 030 | step 0300 | total = 5.0677 | box = 0.6820 | obj = 1.6223 | cls = 0.0352 | lr = 0.000184
epoch 030 | step 0320 | total = 5.1236 | box = 0.7414 | obj = 1.3754 | cls = 0.0413 | lr = 0.000184
epoch 030 | step 0340 | total = 4.4723 | box = 0.5738 | obj = 1.5544 | cls = 0.0492 | lr = 0.000184
epoch 030 | step 0360 | total = 4.2447 | box = 0.5469 | obj = 1.4677 | cls = 0.0427 | lr = 0.000184
epoch 030 | step 0380 | total = 4.7335 | box = 0.6412 | obj = 1.4878 | cls = 0.0398 | lr = 0.000184
epoch 030 | step 0400 | total = 4.8048 | box = 0.6614 | obj = 1.4549 | cls = 0.0431 | lr = 0.000184
epoch 030 | step 0420 | total = 4.3222 | box = 0.5499 | obj = 1.5217 | cls = 0.0512 | lr = 0.000184
epoch 030 | step 0440 | total = 4.3663 | box = 0.5736 | obj = 1.4643 | cls = 0.0341 | lr = 0.000184
epoch 030 | step 0460 | total = 4.7501 | box = 0.6419 | obj = 1.4941 | cls = 0.0466 | lr = 0.000184
epoch 030 | step 0480 | total = 3.9953 | box = 0.5009 | obj = 1.4507 | cls = 0.0401 | lr = 0.000184
epoch 030 | step 0500 | total = 4.0227 | box = 0.4952 | obj = 1.5061 | cls = 0.0405 | lr = 0.000184
epoch 030 | step 0520 | total = 5.0702 | box = 0.7139 | obj = 1.4573 | cls = 0.0433 | lr = 0.000184
epoch 030 | step 0540 | total = 4.7840 | box = 0.6330 | obj = 1.5796 | cls = 0.0393 | lr = 0.000184
epoch 030 | step 0560 | total = 4.5467 | box = 0.6009 | obj = 1.4989 | cls = 0.0430 | lr = 0.000184
epoch 030 | step 0580 | total = 4.9192 | box = 0.7049 | obj = 1.3619 | cls = 0.0326 | lr = 0.000184
epoch 030 | step 0600 | total = 3.7099 | box = 0.4561 | obj = 1.3957 | cls = 0.0337 | lr = 0.000184
epoch 030 | step 0620 | total = 5.1253 | box = 0.7365 | obj = 1.4059 | cls = 0.0366 | lr = 0.000184
epoch 030 | step 0640 | total = 5.0276 | box = 0.6958 | obj = 1.5033 | cls = 0.0456 | lr = 0.000184
epoch 030 | step 0660 | total = 4.9833 | box = 0.6773 | obj = 1.5611 | cls = 0.0357 | lr = 0.000184
epoch 030 | step 0680 | total = 4.0988 | box = 0.5257 | obj = 1.4324 | cls = 0.0378 | lr = 0.000184
epoch 030 | step 0700 | total = 4.0386 | box = 0.5238 | obj = 1.3798 | cls = 0.0397 | lr = 0.000184
epoch 030 | step 0720 | total = 4.4152 | box = 0.5653 | obj = 1.5469 | cls = 0.0416 | lr = 0.000184
epoch 030 | step 0740 | total = 4.2275 | box = 0.5659 | obj = 1.3557 | cls = 0.0424 | lr = 0.000184
epoch 030 | step 0760 | total = 3.7544 | box = 0.4723 | obj = 1.3513 | cls = 0.0416 | lr = 0.000184
epoch 030 | step 0780 | total = 4.3787 | box = 0.5904 | obj = 1.3925 | cls = 0.0343 | lr = 0.000184
epoch 030 | step 0800 | total = 3.4679 | box = 0.4178 | obj = 1.3237 | cls = 0.0554 | lr = 0.000184
epoch 030 | step 0820 | total = 4.9277 | box = 0.6954 | obj = 1.4115 | cls = 0.0390 | lr = 0.000184
epoch 030 | step 0840 | total = 4.7979 | box = 0.6710 | obj = 1.4085 | cls = 0.0346 | lr = 0.000184
epoch 030 | step 0860 | total = 3.9392 | box = 0.5099 | obj = 1.3530 | cls = 0.0366 | lr = 0.000184
epoch 030 | step 0880 | total = 4.4821 | box = 0.5717 | obj = 1.5804 | cls = 0.0432 | lr = 0.000184
epoch 030 | step 0900 | total = 4.7330 | box = 0.6417 | obj = 1.4928 | cls = 0.0317 | lr = 0.000184
epoch 030 | step 0920 | total = 4.8489 | box = 0.6622 | obj = 1.5014 | cls = 0.0364 | lr = 0.000184
[epoch 030 train] total = 4.3780 | box = 0.5790 | obj = 1.4435 | cls = 0.0394 | steps = 925 | global_batches = 7400 | samples = 118288 | time = 806.1s
[epoch 030 val] total = 4.5207 | box = 0.5987 | obj = 1.4875 | cls = 0.0398 | steps = 40 | global_batches = 320 | samples = 5000 | time = 24.4s
epoch 031 | step 0001 | total = 4.4001 | box = 0.5639 | obj = 1.5367 | cls = 0.0438 | lr = 0.000155
epoch 031 | step 0020 | total = 4.8677 | box = 0.6857 | obj = 1.4047 | cls = 0.0346 | lr = 0.000155
epoch 031 | step 0040 | total = 4.7023 | box = 0.6055 | obj = 1.6341 | cls = 0.0407 | lr = 0.000155
epoch 031 | step 0060 | total = 3.5441 | box = 0.4207 | obj = 1.3936 | cls = 0.0470 | lr = 0.000155
epoch 031 | step 0080 | total = 4.4396 | box = 0.5774 | obj = 1.5205 | cls = 0.0319 | lr = 0.000155
epoch 031 | step 0100 | total = 4.3100 | box = 0.5715 | obj = 1.4232 | cls = 0.0295 | lr = 0.000155
epoch 031 | step 0120 | total = 5.1080 | box = 0.7087 | obj = 1.5257 | cls = 0.0386 | lr = 0.000155
epoch 031 | step 0140 | total = 5.0225 | box = 0.7018 | obj = 1.4811 | cls = 0.0323 | lr = 0.000155
epoch 031 | step 0160 | total = 5.1362 | box = 0.7175 | obj = 1.5139 | cls = 0.0350 | lr = 0.000155
epoch 031 | step 0180 | total = 4.9165 | box = 0.6800 | obj = 1.4799 | cls = 0.0367 | lr = 0.000155
epoch 031 | step 0200 | total = 4.3239 | box = 0.5853 | obj = 1.3609 | cls = 0.0364 | lr = 0.000155
epoch 031 | step 0220 | total = 4.8613 | box = 0.6590 | obj = 1.5173 | cls = 0.0492 | lr = 0.000155
epoch 031 | step 0240 | total = 4.4945 | box = 0.5951 | obj = 1.4774 | cls = 0.0414 | lr = 0.000155
epoch 031 | step 0260 | total = 4.7201 | box = 0.6257 | obj = 1.5487 | cls = 0.0430 | lr = 0.000155
epoch 031 | step 0280 | total = 3.5220 | box = 0.4246 | obj = 1.3565 | cls = 0.0424 | lr = 0.000155
epoch 031 | step 0300 | total = 3.9793 | box = 0.5326 | obj = 1.2782 | cls = 0.0379 | lr = 0.000155
epoch 031 | step 0320 | total = 3.7227 | box = 0.4705 | obj = 1.3366 | cls = 0.0335 | lr = 0.000155
epoch 031 | step 0340 | total = 4.0562 | box = 0.5039 | obj = 1.4915 | cls = 0.0450 | lr = 0.000155
epoch 031 | step 0360 | total = 3.7502 | box = 0.4771 | obj = 1.3263 | cls = 0.0383 | lr = 0.000155
epoch 031 | step 0380 | total = 4.5021 | box = 0.5995 | obj = 1.4639 | cls = 0.0406 | lr = 0.000155
epoch 031 | step 0400 | total = 4.8196 | box = 0.6638 | obj = 1.4601 | cls = 0.0404 | lr = 0.000155
epoch 031 | step 0420 | total = 4.3743 | box = 0.5762 | obj = 1.4459 | cls = 0.0476 | lr = 0.000155
epoch 031 | step 0440 | total = 4.3744 | box = 0.5828 | obj = 1.4264 | cls = 0.0338 | lr = 0.000155
epoch 031 | step 0460 | total = 4.5725 | box = 0.6215 | obj = 1.4259 | cls = 0.0391 | lr = 0.000155
epoch 031 | step 0480 | total = 4.8408 | box = 0.6660 | obj = 1.4740 | cls = 0.0366 | lr = 0.000155
epoch 031 | step 0500 | total = 4.9370 | box = 0.6610 | obj = 1.5966 | cls = 0.0356 | lr = 0.000155
epoch 031 | step 0520 | total = 4.7443 | box = 0.6476 | obj = 1.4727 | cls = 0.0337 | lr = 0.000155
epoch 031 | step 0540 | total = 4.9445 | box = 0.6457 | obj = 1.6805 | cls = 0.0353 | lr = 0.000155
epoch 031 | step 0560 | total = 4.4546 | box = 0.5733 | obj = 1.5450 | cls = 0.0432 | lr = 0.000155
epoch 031 | step 0580 | total = 3.7539 | box = 0.4692 | obj = 1.3650 | cls = 0.0430 | lr = 0.000155
epoch 031 | step 0600 | total = 4.3547 | box = 0.5935 | obj = 1.3437 | cls = 0.0437 | lr = 0.000155
epoch 031 | step 0620 | total = 4.1208 | box = 0.5184 | obj = 1.4833 | cls = 0.0453 | lr = 0.000155
epoch 031 | step 0640 | total = 4.4494 | box = 0.6038 | obj = 1.3970 | cls = 0.0332 | lr = 0.000155
epoch 031 | step 0660 | total = 4.7230 | box = 0.6345 | obj = 1.5085 | cls = 0.0421 | lr = 0.000155
epoch 031 | step 0680 | total = 4.3175 | box = 0.5429 | obj = 1.5627 | cls = 0.0402 | lr = 0.000155
epoch 031 | step 0700 | total = 4.1896 | box = 0.5498 | obj = 1.3969 | cls = 0.0436 | lr = 0.000155
epoch 031 | step 0720 | total = 4.3922 | box = 0.5811 | obj = 1.4477 | cls = 0.0389 | lr = 0.000155
epoch 031 | step 0740 | total = 4.2370 | box = 0.5419 | obj = 1.4886 | cls = 0.0390 | lr = 0.000155
epoch 031 | step 0760 | total = 4.4289 | box = 0.5758 | obj = 1.5133 | cls = 0.0366 | lr = 0.000155
epoch 031 | step 0780 | total = 4.4758 | box = 0.5726 | obj = 1.5718 | cls = 0.0409 | lr = 0.000155
epoch 031 | step 0800 | total = 4.2198 | box = 0.5489 | obj = 1.4372 | cls = 0.0379 | lr = 0.000155
epoch 031 | step 0820 | total = 3.3457 | box = 0.3854 | obj = 1.3702 | cls = 0.0486 | lr = 0.000155
epoch 031 | step 0840 | total = 3.5938 | box = 0.4349 | obj = 1.3769 | cls = 0.0422 | lr = 0.000155
epoch 031 | step 0860 | total = 4.1651 | box = 0.5571 | obj = 1.3462 | cls = 0.0333 | lr = 0.000155
epoch 031 | step 0880 | total = 3.8124 | box = 0.4550 | obj = 1.4947 | cls = 0.0427 | lr = 0.000155
epoch 031 | step 0900 | total = 4.3345 | box = 0.5771 | obj = 1.4127 | cls = 0.0361 | lr = 0.000155
epoch 031 | step 0920 | total = 4.4512 | box = 0.5762 | obj = 1.5268 | cls = 0.0435 | lr = 0.000155
[epoch 031 train] total = 4.3544 | box = 0.5756 | obj = 1.4370 | cls = 0.0392 | steps = 925 | global_batches = 7400 | samples = 118288 | time = 805.4s
[epoch 031 val] total = 4.5088 | box = 0.5960 | obj = 1.4892 | cls = 0.0397 | steps = 40 | global_batches = 320 | samples = 5000 | time = 24.2s
epoch 032 | step 0001 | total = 4.7437 | box = 0.6597 | obj = 1.4088 | cls = 0.0367 | lr = 0.000129
epoch 032 | step 0020 | total = 4.3521 | box = 0.5799 | obj = 1.4165 | cls = 0.0362 | lr = 0.000129
epoch 032 | step 0040 | total = 4.2963 | box = 0.5965 | obj = 1.2827 | cls = 0.0309 | lr = 0.000129
epoch 032 | step 0060 | total = 4.8377 | box = 0.6941 | obj = 1.3392 | cls = 0.0278 | lr = 0.000129
epoch 032 | step 0080 | total = 4.6007 | box = 0.5845 | obj = 1.6375 | cls = 0.0409 | lr = 0.000129
epoch 032 | step 0100 | total = 4.4941 | box = 0.6078 | obj = 1.4166 | cls = 0.0384 | lr = 0.000129
epoch 032 | step 0120 | total = 4.1914 | box = 0.5303 | obj = 1.4960 | cls = 0.0437 | lr = 0.000129
epoch 032 | step 0140 | total = 3.8823 | box = 0.4908 | obj = 1.3891 | cls = 0.0390 | lr = 0.000129
epoch 032 | step 0160 | total = 4.3461 | box = 0.5973 | obj = 1.3237 | cls = 0.0357 | lr = 0.000129
epoch 032 | step 0180 | total = 4.1190 | box = 0.5284 | obj = 1.4388 | cls = 0.0381 | lr = 0.000129
epoch 032 | step 0200 | total = 3.9518 | box = 0.4878 | obj = 1.4629 | cls = 0.0501 | lr = 0.000129
epoch 032 | step 0220 | total = 5.2679 | box = 0.7424 | obj = 1.5156 | cls = 0.0404 | lr = 0.000129
epoch 032 | step 0240 | total = 3.7802 | box = 0.4842 | obj = 1.3266 | cls = 0.0328 | lr = 0.000129
epoch 032 | step 0260 | total = 4.3276 | box = 0.5824 | obj = 1.3778 | cls = 0.0378 | lr = 0.000129
epoch 032 | step 0280 | total = 4.6129 | box = 0.5880 | obj = 1.6400 | cls = 0.0326 | lr = 0.000129
epoch 032 | step 0300 | total = 4.0427 | box = 0.5132 | obj = 1.4394 | cls = 0.0371 | lr = 0.000129
epoch 032 | step 0320 | total = 4.1101 | box = 0.5340 | obj = 1.4009 | cls = 0.0393 | lr = 0.000129
epoch 032 | step 0340 | total = 4.8469 | box = 0.6542 | obj = 1.5425 | cls = 0.0336 | lr = 0.000129
epoch 032 | step 0360 | total = 4.1268 | box = 0.5582 | obj = 1.3037 | cls = 0.0320 | lr = 0.000129
epoch 032 | step 0380 | total = 3.8742 | box = 0.4497 | obj = 1.5777 | cls = 0.0479 | lr = 0.000129
epoch 032 | step 0400 | total = 4.7309 | box = 0.6805 | obj = 1.2983 | cls = 0.0302 | lr = 0.000129
epoch 032 | step 0420 | total = 3.2930 | box = 0.3961 | obj = 1.2609 | cls = 0.0518 | lr = 0.000129
epoch 032 | step 0440 | total = 4.4502 | box = 0.5374 | obj = 1.7209 | cls = 0.0423 | lr = 0.000129
epoch 032 | step 0460 | total = 3.9341 | box = 0.4940 | obj = 1.4258 | cls = 0.0381 | lr = 0.000129
epoch 032 | step 0480 | total = 4.4091 | box = 0.5990 | obj = 1.3771 | cls = 0.0368 | lr = 0.000129
epoch 032 | step 0500 | total = 3.8164 | box = 0.4479 | obj = 1.5262 | cls = 0.0508 | lr = 0.000129
epoch 032 | step 0520 | total = 4.7310 | box = 0.6409 | obj = 1.4868 | cls = 0.0400 | lr = 0.000129
epoch 032 | step 0540 | total = 4.8890 | box = 0.6774 | obj = 1.4695 | cls = 0.0325 | lr = 0.000129
epoch 032 | step 0560 | total = 4.5850 | box = 0.6165 | obj = 1.4584 | cls = 0.0438 | lr = 0.000129
epoch 032 | step 0580 | total = 4.9281 | box = 0.6843 | obj = 1.4680 | cls = 0.0387 | lr = 0.000129
epoch 032 | step 0600 | total = 3.7394 | box = 0.4867 | obj = 1.2715 | cls = 0.0343 | lr = 0.000129
epoch 032 | step 0620 | total = 4.7384 | box = 0.6421 | obj = 1.4944 | cls = 0.0337 | lr = 0.000129
epoch 032 | step 0640 | total = 4.9503 | box = 0.7043 | obj = 1.3926 | cls = 0.0362 | lr = 0.000129
epoch 032 | step 0660 | total = 4.1950 | box = 0.5385 | obj = 1.4670 | cls = 0.0356 | lr = 0.000129
epoch 032 | step 0680 | total = 3.5322 | box = 0.4388 | obj = 1.2991 | cls = 0.0390 | lr = 0.000129
epoch 032 | step 0700 | total = 4.3897 | box = 0.5875 | obj = 1.4085 | cls = 0.0436 | lr = 0.000129
epoch 032 | step 0720 | total = 4.2082 | box = 0.5457 | obj = 1.4399 | cls = 0.0398 | lr = 0.000129
epoch 032 | step 0740 | total = 3.9360 | box = 0.4973 | obj = 1.4108 | cls = 0.0385 | lr = 0.000129
epoch 032 | step 0760 | total = 4.3411 | box = 0.5793 | obj = 1.4015 | cls = 0.0432 | lr = 0.000129
epoch 032 | step 0780 | total = 4.4210 | box = 0.5729 | obj = 1.5151 | cls = 0.0416 | lr = 0.000129
epoch 032 | step 0800 | total = 4.1671 | box = 0.5499 | obj = 1.3797 | cls = 0.0380 | lr = 0.000129
epoch 032 | step 0820 | total = 4.0937 | box = 0.5219 | obj = 1.4408 | cls = 0.0435 | lr = 0.000129
epoch 032 | step 0840 | total = 4.0207 | box = 0.5475 | obj = 1.2379 | cls = 0.0451 | lr = 0.000129
epoch 032 | step 0860 | total = 3.8356 | box = 0.5025 | obj = 1.2871 | cls = 0.0359 | lr = 0.000129
epoch 032 | step 0880 | total = 4.0744 | box = 0.5061 | obj = 1.4967 | cls = 0.0473 | lr = 0.000129
epoch 032 | step 0900 | total = 4.3258 | box = 0.5753 | obj = 1.4164 | cls = 0.0328 | lr = 0.000129
epoch 032 | step 0920 | total = 4.5406 | box = 0.6296 | obj = 1.3608 | cls = 0.0318 | lr = 0.000129
[epoch 032 train] total = 4.3350 | box = 0.5729 | obj = 1.4315 | cls = 0.0391 | steps = 925 | global_batches = 7400 | samples = 118288 | time = 805.2s
[epoch 032 val] total = 4.4824 | box = 0.5928 | obj = 1.4789 | cls = 0.0396 | steps = 40 | global_batches = 320 | samples = 5000 | time = 24.1s
epoch 033 | step 0001 | total = 4.3906 | box = 0.5742 | obj = 1.4709 | cls = 0.0486 | lr = 0.000105
epoch 033 | step 0020 | total = 4.4722 | box = 0.5918 | obj = 1.4703 | cls = 0.0426 | lr = 0.000105
epoch 033 | step 0040 | total = 4.4266 | box = 0.5312 | obj = 1.7069 | cls = 0.0638 | lr = 0.000105
epoch 033 | step 0060 | total = 3.1434 | box = 0.3918 | obj = 1.1412 | cls = 0.0432 | lr = 0.000105
epoch 033 | step 0080 | total = 5.0046 | box = 0.6954 | obj = 1.4875 | cls = 0.0402 | lr = 0.000105
epoch 033 | step 0100 | total = 4.4478 | box = 0.5671 | obj = 1.5735 | cls = 0.0386 | lr = 0.000105
epoch 033 | step 0120 | total = 4.9390 | box = 0.7260 | obj = 1.2804 | cls = 0.0285 | lr = 0.000105
epoch 033 | step 0140 | total = 4.8499 | box = 0.6568 | obj = 1.5293 | cls = 0.0363 | lr = 0.000105
epoch 033 | step 0160 | total = 4.5427 | box = 0.5847 | obj = 1.5721 | cls = 0.0469 | lr = 0.000105
epoch 033 | step 0180 | total = 4.1317 | box = 0.5396 | obj = 1.3999 | cls = 0.0340 | lr = 0.000105
epoch 033 | step 0200 | total = 4.6287 | box = 0.6279 | obj = 1.4448 | cls = 0.0442 | lr = 0.000105
epoch 033 | step 0220 | total = 3.9080 | box = 0.5188 | obj = 1.2721 | cls = 0.0420 | lr = 0.000105
epoch 033 | step 0240 | total = 4.4253 | box = 0.5869 | obj = 1.4525 | cls = 0.0380 | lr = 0.000105
epoch 033 | step 0260 | total = 4.3132 | box = 0.5498 | obj = 1.5250 | cls = 0.0391 | lr = 0.000105
epoch 033 | step 0280 | total = 4.3257 | box = 0.5696 | obj = 1.4391 | cls = 0.0385 | lr = 0.000105
epoch 033 | step 0300 | total = 4.4180 | box = 0.5820 | obj = 1.4710 | cls = 0.0368 | lr = 0.000105
epoch 033 | step 0320 | total = 3.5767 | box = 0.4479 | obj = 1.2986 | cls = 0.0387 | lr = 0.000105
epoch 033 | step 0340 | total = 5.2293 | box = 0.7255 | obj = 1.5634 | cls = 0.0387 | lr = 0.000105
epoch 033 | step 0360 | total = 4.0397 | box = 0.5167 | obj = 1.4121 | cls = 0.0439 | lr = 0.000105
epoch 033 | step 0380 | total = 4.0691 | box = 0.5389 | obj = 1.3304 | cls = 0.0444 | lr = 0.000105
epoch 033 | step 0400 | total = 4.1994 | box = 0.5501 | obj = 1.4078 | cls = 0.0413 | lr = 0.000105
epoch 033 | step 0420 | total = 4.7165 | box = 0.6789 | obj = 1.2889 | cls = 0.0331 | lr = 0.000105
epoch 033 | step 0440 | total = 3.5095 | box = 0.4294 | obj = 1.3199 | cls = 0.0427 | lr = 0.000105
epoch 033 | step 0460 | total = 4.0795 | box = 0.5268 | obj = 1.4154 | cls = 0.0301 | lr = 0.000105
epoch 033 | step 0480 | total = 3.9011 | box = 0.4938 | obj = 1.3992 | cls = 0.0328 | lr = 0.000105
epoch 033 | step 0500 | total = 5.2928 | box = 0.7226 | obj = 1.6369 | cls = 0.0429 | lr = 0.000105
epoch 033 | step 0520 | total = 4.1821 | box = 0.5516 | obj = 1.3888 | cls = 0.0351 | lr = 0.000105
epoch 033 | step 0540 | total = 4.7946 | box = 0.6532 | obj = 1.4907 | cls = 0.0381 | lr = 0.000105
epoch 033 | step 0560 | total = 4.2549 | box = 0.5755 | obj = 1.3417 | cls = 0.0358 | lr = 0.000105
epoch 033 | step 0580 | total = 4.4750 | box = 0.5932 | obj = 1.4595 | cls = 0.0493 | lr = 0.000105
epoch 033 | step 0600 | total = 3.9290 | box = 0.4880 | obj = 1.4484 | cls = 0.0405 | lr = 0.000105
epoch 033 | step 0620 | total = 4.3715 | box = 0.5945 | obj = 1.3585 | cls = 0.0403 | lr = 0.000105
epoch 033 | step 0640 | total = 4.4332 | box = 0.5949 | obj = 1.4206 | cls = 0.0379 | lr = 0.000105
epoch 033 | step 0660 | total = 5.0532 | box = 0.7144 | obj = 1.4414 | cls = 0.0399 | lr = 0.000105
epoch 033 | step 0680 | total = 4.5320 | box = 0.6446 | obj = 1.2743 | cls = 0.0349 | lr = 0.000105
epoch 033 | step 0700 | total = 3.3453 | box = 0.3803 | obj = 1.4080 | cls = 0.0357 | lr = 0.000105
epoch 033 | step 0720 | total = 4.1628 | box = 0.5367 | obj = 1.4364 | cls = 0.0428 | lr = 0.000105
epoch 033 | step 0740 | total = 4.0304 | box = 0.5399 | obj = 1.2952 | cls = 0.0358 | lr = 0.000105
epoch 033 | step 0760 | total = 4.2054 | box = 0.5687 | obj = 1.3314 | cls = 0.0305 | lr = 0.000105
epoch 033 | step 0780 | total = 4.0976 | box = 0.5177 | obj = 1.4671 | cls = 0.0422 | lr = 0.000105
epoch 033 | step 0800 | total = 5.1936 | box = 0.7402 | obj = 1.4566 | cls = 0.0358 | lr = 0.000105
epoch 033 | step 0820 | total = 4.7903 | box = 0.6556 | obj = 1.4760 | cls = 0.0361 | lr = 0.000105
epoch 033 | step 0840 | total = 3.5655 | box = 0.4278 | obj = 1.3871 | cls = 0.0396 | lr = 0.000105
epoch 033 | step 0860 | total = 5.0583 | box = 0.7043 | obj = 1.5061 | cls = 0.0309 | lr = 0.000105
epoch 033 | step 0880 | total = 4.9647 | box = 0.6514 | obj = 1.6670 | cls = 0.0406 | lr = 0.000105
epoch 033 | step 0900 | total = 3.5259 | box = 0.4269 | obj = 1.3554 | cls = 0.0359 | lr = 0.000105
epoch 033 | step 0920 | total = 3.7119 | box = 0.4660 | obj = 1.3392 | cls = 0.0428 | lr = 0.000105
[epoch 033 train] total = 4.3172 | box = 0.5703 | obj = 1.4267 | cls = 0.0389 | steps = 925 | global_batches = 7400 | samples = 118288 | time = 810.9s
[epoch 033 val] total = 4.4947 | box = 0.5932 | obj = 1.4891 | cls = 0.0394 | steps = 40 | global_batches = 320 | samples = 5000 | time = 24.8s
epoch 034 | step 0001 | total = 3.6467 | box = 0.4267 | obj = 1.4692 | cls = 0.0439 | lr = 0.000083
epoch 034 | step 0020 | total = 4.5375 | box = 0.5960 | obj = 1.5199 | cls = 0.0374 | lr = 0.000083
epoch 034 | step 0040 | total = 3.9439 | box = 0.5085 | obj = 1.3522 | cls = 0.0493 | lr = 0.000083
epoch 034 | step 0060 | total = 4.1216 | box = 0.5581 | obj = 1.2932 | cls = 0.0381 | lr = 0.000083
epoch 034 | step 0080 | total = 4.3080 | box = 0.5586 | obj = 1.4734 | cls = 0.0415 | lr = 0.000083
epoch 034 | step 0100 | total = 4.0773 | box = 0.5290 | obj = 1.3914 | cls = 0.0410 | lr = 0.000083
epoch 034 | step 0120 | total = 5.1777 | box = 0.7067 | obj = 1.6001 | cls = 0.0441 | lr = 0.000083
epoch 034 | step 0140 | total = 4.4743 | box = 0.5967 | obj = 1.4509 | cls = 0.0398 | lr = 0.000083
epoch 034 | step 0160 | total = 4.1950 | box = 0.5508 | obj = 1.3995 | cls = 0.0416 | lr = 0.000083
epoch 034 | step 0180 | total = 4.3703 | box = 0.5725 | obj = 1.4692 | cls = 0.0387 | lr = 0.000083
epoch 034 | step 0200 | total = 3.1643 | box = 0.3806 | obj = 1.2216 | cls = 0.0395 | lr = 0.000083
epoch 034 | step 0220 | total = 4.4178 | box = 0.5706 | obj = 1.5305 | cls = 0.0344 | lr = 0.000083
epoch 034 | step 0240 | total = 3.9240 | box = 0.4855 | obj = 1.4558 | cls = 0.0406 | lr = 0.000083
epoch 034 | step 0260 | total = 3.9572 | box = 0.5040 | obj = 1.3986 | cls = 0.0385 | lr = 0.000083
epoch 034 | step 0280 | total = 3.4376 | box = 0.4251 | obj = 1.2692 | cls = 0.0427 | lr = 0.000083
epoch 034 | step 0300 | total = 3.9837 | box = 0.5274 | obj = 1.2960 | cls = 0.0508 | lr = 0.000083
epoch 034 | step 0320 | total = 3.9627 | box = 0.5140 | obj = 1.3460 | cls = 0.0465 | lr = 0.000083
epoch 034 | step 0340 | total = 4.1693 | box = 0.5508 | obj = 1.3753 | cls = 0.0401 | lr = 0.000083
epoch 034 | step 0360 | total = 3.6524 | box = 0.4523 | obj = 1.3560 | cls = 0.0347 | lr = 0.000083
epoch 034 | step 0380 | total = 3.3417 | box = 0.3979 | obj = 1.3067 | cls = 0.0455 | lr = 0.000083
epoch 034 | step 0400 | total = 4.2808 | box = 0.5639 | obj = 1.4266 | cls = 0.0348 | lr = 0.000083
epoch 034 | step 0420 | total = 4.4525 | box = 0.5784 | obj = 1.5237 | cls = 0.0367 | lr = 0.000083
epoch 034 | step 0440 | total = 4.3026 | box = 0.5373 | obj = 1.5775 | cls = 0.0384 | lr = 0.000083
epoch 034 | step 0460 | total = 4.5577 | box = 0.6015 | obj = 1.5133 | cls = 0.0369 | lr = 0.000083
epoch 034 | step 0480 | total = 3.9440 | box = 0.5104 | obj = 1.3512 | cls = 0.0410 | lr = 0.000083
epoch 034 | step 0500 | total = 4.2248 | box = 0.5459 | obj = 1.4547 | cls = 0.0405 | lr = 0.000083
epoch 034 | step 0520 | total = 4.1657 | box = 0.5375 | obj = 1.4300 | cls = 0.0481 | lr = 0.000083
epoch 034 | step 0540 | total = 4.4115 | box = 0.5857 | obj = 1.4485 | cls = 0.0345 | lr = 0.000083
epoch 034 | step 0560 | total = 4.3743 | box = 0.5707 | obj = 1.4848 | cls = 0.0362 | lr = 0.000083
epoch 034 | step 0580 | total = 4.1921 | box = 0.5760 | obj = 1.2826 | cls = 0.0295 | lr = 0.000083
epoch 034 | step 0600 | total = 3.5112 | box = 0.4348 | obj = 1.2958 | cls = 0.0416 | lr = 0.000083
epoch 034 | step 0620 | total = 4.7344 | box = 0.6398 | obj = 1.4974 | cls = 0.0381 | lr = 0.000083
epoch 034 | step 0640 | total = 4.5925 | box = 0.6207 | obj = 1.4567 | cls = 0.0320 | lr = 0.000083
epoch 034 | step 0660 | total = 3.9783 | box = 0.5259 | obj = 1.3185 | cls = 0.0302 | lr = 0.000083
epoch 034 | step 0680 | total = 4.5410 | box = 0.6073 | obj = 1.4670 | cls = 0.0377 | lr = 0.000083
epoch 034 | step 0700 | total = 4.2803 | box = 0.5457 | obj = 1.5015 | cls = 0.0502 | lr = 0.000083
epoch 034 | step 0720 | total = 4.7770 | box = 0.6494 | obj = 1.4950 | cls = 0.0349 | lr = 0.000083
epoch 034 | step 0740 | total = 3.8119 | box = 0.4769 | obj = 1.3859 | cls = 0.0414 | lr = 0.000083
epoch 034 | step 0760 | total = 4.2239 | box = 0.5073 | obj = 1.6447 | cls = 0.0428 | lr = 0.000083
epoch 034 | step 0780 | total = 4.2544 | box = 0.5789 | obj = 1.3253 | cls = 0.0348 | lr = 0.000083
epoch 034 | step 0800 | total = 4.4017 | box = 0.5840 | obj = 1.4456 | cls = 0.0362 | lr = 0.000083
epoch 034 | step 0820 | total = 3.6423 | box = 0.4574 | obj = 1.3250 | cls = 0.0304 | lr = 0.000083
epoch 034 | step 0840 | total = 4.4536 | box = 0.5763 | obj = 1.5335 | cls = 0.0387 | lr = 0.000083
epoch 034 | step 0860 | total = 4.6044 | box = 0.6357 | obj = 1.3882 | cls = 0.0378 | lr = 0.000083
epoch 034 | step 0880 | total = 5.2720 | box = 0.7600 | obj = 1.4328 | cls = 0.0394 | lr = 0.000083
epoch 034 | step 0900 | total = 3.8898 | box = 0.4684 | obj = 1.5073 | cls = 0.0404 | lr = 0.000083
epoch 034 | step 0920 | total = 3.8679 | box = 0.4798 | obj = 1.4355 | cls = 0.0332 | lr = 0.000083
[epoch 034 train] total = 4.3000 | box = 0.5680 | obj = 1.4212 | cls = 0.0387 | steps = 925 | global_batches = 7400 | samples = 118288 | time = 808.6s
[epoch 034 val] total = 4.4659 | box = 0.5896 | obj = 1.4787 | cls = 0.0394 | steps = 40 | global_batches = 320 | samples = 5000 | time = 24.6s
epoch 035 | step 0001 | total = 4.7407 | box = 0.6477 | obj = 1.4666 | cls = 0.0357 | lr = 0.000064
epoch 035 | step 0020 | total = 3.5705 | box = 0.4420 | obj = 1.3220 | cls = 0.0387 | lr = 0.000064
epoch 035 | step 0040 | total = 4.6850 | box = 0.6193 | obj = 1.5466 | cls = 0.0418 | lr = 0.000064
epoch 035 | step 0060 | total = 3.8839 | box = 0.4912 | obj = 1.3859 | cls = 0.0422 | lr = 0.000064
epoch 035 | step 0080 | total = 5.4028 | box = 0.7652 | obj = 1.5403 | cls = 0.0363 | lr = 0.000064
epoch 035 | step 0100 | total = 4.2164 | box = 0.5486 | obj = 1.4424 | cls = 0.0313 | lr = 0.000064
epoch 035 | step 0120 | total = 4.4718 | box = 0.6102 | obj = 1.3888 | cls = 0.0321 | lr = 0.000064
epoch 035 | step 0140 | total = 4.1792 | box = 0.5268 | obj = 1.5005 | cls = 0.0445 | lr = 0.000064
epoch 035 | step 0160 | total = 4.7356 | box = 0.6503 | obj = 1.4489 | cls = 0.0352 | lr = 0.000064
epoch 035 | step 0180 | total = 3.9780 | box = 0.5266 | obj = 1.3128 | cls = 0.0324 | lr = 0.000064
epoch 035 | step 0200 | total = 4.0471 | box = 0.5303 | obj = 1.3633 | cls = 0.0324 | lr = 0.000064
epoch 035 | step 0220 | total = 4.9187 | box = 0.6923 | obj = 1.4173 | cls = 0.0400 | lr = 0.000064
epoch 035 | step 0240 | total = 4.3248 | box = 0.5749 | obj = 1.4144 | cls = 0.0361 | lr = 0.000064
epoch 035 | step 0260 | total = 3.6954 | box = 0.4607 | obj = 1.3480 | cls = 0.0438 | lr = 0.000064
epoch 035 | step 0280 | total = 4.1838 | box = 0.5656 | obj = 1.3224 | cls = 0.0333 | lr = 0.000064
epoch 035 | step 0300 | total = 3.9996 | box = 0.5150 | obj = 1.3886 | cls = 0.0362 | lr = 0.000064
epoch 035 | step 0320 | total = 3.8739 | box = 0.4760 | obj = 1.4645 | cls = 0.0296 | lr = 0.000064
epoch 035 | step 0340 | total = 4.5087 | box = 0.6156 | obj = 1.4002 | cls = 0.0306 | lr = 0.000064
epoch 035 | step 0360 | total = 3.7714 | box = 0.4709 | obj = 1.3808 | cls = 0.0364 | lr = 0.000064
epoch 035 | step 0380 | total = 4.2281 | box = 0.5330 | obj = 1.5228 | cls = 0.0402 | lr = 0.000064
epoch 035 | step 0400 | total = 4.3709 | box = 0.5806 | obj = 1.4299 | cls = 0.0379 | lr = 0.000064
epoch 035 | step 0420 | total = 4.8092 | box = 0.6616 | obj = 1.4681 | cls = 0.0328 | lr = 0.000064
epoch 035 | step 0440 | total = 3.7039 | box = 0.4651 | obj = 1.3344 | cls = 0.0438 | lr = 0.000064
epoch 035 | step 0460 | total = 3.7860 | box = 0.4715 | obj = 1.3608 | cls = 0.0676 | lr = 0.000064
epoch 035 | step 0480 | total = 4.7179 | box = 0.6354 | obj = 1.5036 | cls = 0.0372 | lr = 0.000064
epoch 035 | step 0500 | total = 3.7762 | box = 0.4743 | obj = 1.3700 | cls = 0.0348 | lr = 0.000064
epoch 035 | step 0520 | total = 4.1602 | box = 0.5479 | obj = 1.3809 | cls = 0.0399 | lr = 0.000064
epoch 035 | step 0540 | total = 4.1295 | box = 0.5193 | obj = 1.4880 | cls = 0.0448 | lr = 0.000064
epoch 035 | step 0560 | total = 4.3519 | box = 0.5652 | obj = 1.4785 | cls = 0.0473 | lr = 0.000064
epoch 035 | step 0580 | total = 3.6738 | box = 0.4665 | obj = 1.2988 | cls = 0.0426 | lr = 0.000064
epoch 035 | step 0600 | total = 4.5400 | box = 0.5907 | obj = 1.5423 | cls = 0.0442 | lr = 0.000064
epoch 035 | step 0620 | total = 3.4159 | box = 0.4241 | obj = 1.2478 | cls = 0.0476 | lr = 0.000064
epoch 035 | step 0640 | total = 3.7715 | box = 0.4612 | obj = 1.4279 | cls = 0.0376 | lr = 0.000064
epoch 035 | step 0660 | total = 4.6763 | box = 0.6246 | obj = 1.5155 | cls = 0.0376 | lr = 0.000064
epoch 035 | step 0680 | total = 4.8211 | box = 0.6877 | obj = 1.3459 | cls = 0.0369 | lr = 0.000064
epoch 035 | step 0700 | total = 3.8047 | box = 0.4969 | obj = 1.2846 | cls = 0.0354 | lr = 0.000064
epoch 035 | step 0720 | total = 4.1381 | box = 0.5445 | obj = 1.3794 | cls = 0.0361 | lr = 0.000064
epoch 035 | step 0740 | total = 4.4975 | box = 0.5844 | obj = 1.5381 | cls = 0.0375 | lr = 0.000064
epoch 035 | step 0760 | total = 4.4233 | box = 0.5771 | obj = 1.4837 | cls = 0.0542 | lr = 0.000064
epoch 035 | step 0780 | total = 3.8775 | box = 0.5119 | obj = 1.2626 | cls = 0.0555 | lr = 0.000064
epoch 035 | step 0800 | total = 3.7590 | box = 0.4920 | obj = 1.2617 | cls = 0.0373 | lr = 0.000064
epoch 035 | step 0820 | total = 4.9559 | box = 0.6837 | obj = 1.5011 | cls = 0.0365 | lr = 0.000064
epoch 035 | step 0840 | total = 3.5377 | box = 0.4487 | obj = 1.2589 | cls = 0.0351 | lr = 0.000064
epoch 035 | step 0860 | total = 4.0648 | box = 0.5107 | obj = 1.4650 | cls = 0.0465 | lr = 0.000064
epoch 035 | step 0880 | total = 4.0308 | box = 0.5150 | obj = 1.4195 | cls = 0.0362 | lr = 0.000064
epoch 035 | step 0900 | total = 3.7717 | box = 0.4537 | obj = 1.4582 | cls = 0.0450 | lr = 0.000064
epoch 035 | step 0920 | total = 5.0130 | box = 0.7106 | obj = 1.4231 | cls = 0.0372 | lr = 0.000064
[epoch 035 train] total = 4.2859 | box = 0.5658 | obj = 1.4180 | cls = 0.0387 | steps = 925 | global_batches = 7400 | samples = 118288 | time = 807.1s
[epoch 035 val] total = 4.4692 | box = 0.5897 | obj = 1.4812 | cls = 0.0394 | steps = 40 | global_batches = 320 | samples = 5000 | time = 24.4s
epoch 036 | step 0001 | total = 5.1979 | box = 0.7049 | obj = 1.6387 | cls = 0.0345 | lr = 0.000048
epoch 036 | step 0020 | total = 3.5365 | box = 0.4373 | obj = 1.3152 | cls = 0.0350 | lr = 0.000048
epoch 036 | step 0040 | total = 4.6655 | box = 0.5851 | obj = 1.7018 | cls = 0.0381 | lr = 0.000048
epoch 036 | step 0060 | total = 5.0780 | box = 0.6890 | obj = 1.5976 | cls = 0.0356 | lr = 0.000048
epoch 036 | step 0080 | total = 4.7698 | box = 0.6586 | obj = 1.4391 | cls = 0.0380 | lr = 0.000048
epoch 036 | step 0100 | total = 4.2219 | box = 0.5553 | obj = 1.4104 | cls = 0.0352 | lr = 0.000048
epoch 036 | step 0120 | total = 5.1533 | box = 0.7298 | obj = 1.4688 | cls = 0.0356 | lr = 0.000048
epoch 036 | step 0140 | total = 4.8688 | box = 0.6651 | obj = 1.5014 | cls = 0.0418 | lr = 0.000048
epoch 036 | step 0160 | total = 4.1256 | box = 0.5155 | obj = 1.5141 | cls = 0.0338 | lr = 0.000048
epoch 036 | step 0180 | total = 3.9978 | box = 0.5432 | obj = 1.2504 | cls = 0.0314 | lr = 0.000048
epoch 036 | step 0200 | total = 4.8084 | box = 0.6426 | obj = 1.5579 | cls = 0.0377 | lr = 0.000048
epoch 036 | step 0220 | total = 5.0039 | box = 0.6924 | obj = 1.5078 | cls = 0.0341 | lr = 0.000048
epoch 036 | step 0240 | total = 3.9593 | box = 0.5197 | obj = 1.3168 | cls = 0.0438 | lr = 0.000048
epoch 036 | step 0260 | total = 5.1491 | box = 0.7027 | obj = 1.5943 | cls = 0.0415 | lr = 0.000048
epoch 036 | step 0280 | total = 3.4528 | box = 0.4289 | obj = 1.2755 | cls = 0.0326 | lr = 0.000048
epoch 036 | step 0300 | total = 3.2849 | box = 0.4067 | obj = 1.2095 | cls = 0.0421 | lr = 0.000048
epoch 036 | step 0320 | total = 3.9531 | box = 0.4829 | obj = 1.4906 | cls = 0.0482 | lr = 0.000048
epoch 036 | step 0340 | total = 4.4172 | box = 0.5642 | obj = 1.5568 | cls = 0.0395 | lr = 0.000048
epoch 036 | step 0360 | total = 4.4436 | box = 0.6097 | obj = 1.3562 | cls = 0.0387 | lr = 0.000048
epoch 036 | step 0380 | total = 4.1528 | box = 0.5664 | obj = 1.2918 | cls = 0.0290 | lr = 0.000048
epoch 036 | step 0400 | total = 4.1307 | box = 0.5128 | obj = 1.5293 | cls = 0.0372 | lr = 0.000048
epoch 036 | step 0420 | total = 4.0558 | box = 0.5405 | obj = 1.3289 | cls = 0.0246 | lr = 0.000048
epoch 036 | step 0440 | total = 4.5417 | box = 0.6236 | obj = 1.3905 | cls = 0.0330 | lr = 0.000048
epoch 036 | step 0460 | total = 4.4276 | box = 0.5601 | obj = 1.5809 | cls = 0.0463 | lr = 0.000048
epoch 036 | step 0480 | total = 3.4262 | box = 0.4431 | obj = 1.1780 | cls = 0.0328 | lr = 0.000048
epoch 036 | step 0500 | total = 4.3176 | box = 0.5649 | obj = 1.4490 | cls = 0.0440 | lr = 0.000048
epoch 036 | step 0520 | total = 3.6519 | box = 0.4429 | obj = 1.3783 | cls = 0.0590 | lr = 0.000048
epoch 036 | step 0540 | total = 4.2274 | box = 0.5580 | obj = 1.4019 | cls = 0.0355 | lr = 0.000048
epoch 036 | step 0560 | total = 4.6592 | box = 0.6174 | obj = 1.5376 | cls = 0.0349 | lr = 0.000048
epoch 036 | step 0580 | total = 4.4383 | box = 0.5899 | obj = 1.4543 | cls = 0.0343 | lr = 0.000048
epoch 036 | step 0600 | total = 4.8486 | box = 0.6642 | obj = 1.4909 | cls = 0.0365 | lr = 0.000048
epoch 036 | step 0620 | total = 4.6754 | box = 0.6229 | obj = 1.5228 | cls = 0.0381 | lr = 0.000048
epoch 036 | step 0640 | total = 4.7738 | box = 0.6553 | obj = 1.4627 | cls = 0.0345 | lr = 0.000048
epoch 036 | step 0660 | total = 4.3505 | box = 0.5806 | obj = 1.4090 | cls = 0.0385 | lr = 0.000048
epoch 036 | step 0680 | total = 3.9333 | box = 0.5118 | obj = 1.3425 | cls = 0.0317 | lr = 0.000048
epoch 036 | step 0700 | total = 3.9109 | box = 0.5081 | obj = 1.3405 | cls = 0.0301 | lr = 0.000048
epoch 036 | step 0720 | total = 4.4692 | box = 0.5649 | obj = 1.6004 | cls = 0.0443 | lr = 0.000048
epoch 036 | step 0740 | total = 4.2394 | box = 0.5269 | obj = 1.5604 | cls = 0.0444 | lr = 0.000048
epoch 036 | step 0760 | total = 4.1387 | box = 0.5678 | obj = 1.2662 | cls = 0.0336 | lr = 0.000048
epoch 036 | step 0780 | total = 3.6241 | box = 0.4545 | obj = 1.3162 | cls = 0.0355 | lr = 0.000048
epoch 036 | step 0800 | total = 4.4689 | box = 0.6028 | obj = 1.4182 | cls = 0.0369 | lr = 0.000048
epoch 036 | step 0820 | total = 4.2007 | box = 0.5761 | obj = 1.2849 | cls = 0.0351 | lr = 0.000048
epoch 036 | step 0840 | total = 4.6382 | box = 0.6328 | obj = 1.4366 | cls = 0.0375 | lr = 0.000048
epoch 036 | step 0860 | total = 4.1236 | box = 0.5516 | obj = 1.3160 | cls = 0.0496 | lr = 0.000048
epoch 036 | step 0880 | total = 3.9843 | box = 0.5332 | obj = 1.2816 | cls = 0.0366 | lr = 0.000048
epoch 036 | step 0900 | total = 4.3394 | box = 0.5636 | obj = 1.4758 | cls = 0.0457 | lr = 0.000048
epoch 036 | step 0920 | total = 4.7292 | box = 0.6473 | obj = 1.4592 | cls = 0.0336 | lr = 0.000048
[epoch 036 train] total = 4.2752 | box = 0.5645 | obj = 1.4141 | cls = 0.0386 | steps = 925 | global_batches = 7400 | samples = 118288 | time = 808.8s
[epoch 036 val] total = 4.4567 | box = 0.5885 | obj = 1.4752 | cls = 0.0393 | steps = 40 | global_batches = 320 | samples = 5000 | time = 24.6s
epoch 037 | step 0001 | total = 4.3695 | box = 0.6090 | obj = 1.2918 | cls = 0.0325 | lr = 0.000034
epoch 037 | step 0020 | total = 4.8234 | box = 0.6475 | obj = 1.5380 | cls = 0.0478 | lr = 0.000034
epoch 037 | step 0040 | total = 4.0624 | box = 0.4957 | obj = 1.5409 | cls = 0.0427 | lr = 0.000034
epoch 037 | step 0060 | total = 4.2268 | box = 0.5913 | obj = 1.2259 | cls = 0.0444 | lr = 0.000034
epoch 037 | step 0080 | total = 4.2073 | box = 0.5538 | obj = 1.4021 | cls = 0.0364 | lr = 0.000034
epoch 037 | step 0100 | total = 4.0072 | box = 0.5320 | obj = 1.3135 | cls = 0.0340 | lr = 0.000034
epoch 037 | step 0120 | total = 4.9454 | box = 0.6641 | obj = 1.5925 | cls = 0.0326 | lr = 0.000034
epoch 037 | step 0140 | total = 3.7890 | box = 0.4892 | obj = 1.3032 | cls = 0.0400 | lr = 0.000034
epoch 037 | step 0160 | total = 3.3239 | box = 0.3961 | obj = 1.3013 | cls = 0.0420 | lr = 0.000034
epoch 037 | step 0180 | total = 4.3801 | box = 0.5731 | obj = 1.4780 | cls = 0.0368 | lr = 0.000034
epoch 037 | step 0200 | total = 3.2047 | box = 0.3672 | obj = 1.3156 | cls = 0.0531 | lr = 0.000034
epoch 037 | step 0220 | total = 4.6903 | box = 0.6593 | obj = 1.3577 | cls = 0.0360 | lr = 0.000034
epoch 037 | step 0240 | total = 4.0667 | box = 0.5244 | obj = 1.4079 | cls = 0.0367 | lr = 0.000034
epoch 037 | step 0260 | total = 4.5770 | box = 0.6051 | obj = 1.5067 | cls = 0.0448 | lr = 0.000034
epoch 037 | step 0280 | total = 4.1579 | box = 0.5655 | obj = 1.3008 | cls = 0.0298 | lr = 0.000034
epoch 037 | step 0300 | total = 4.4000 | box = 0.5782 | obj = 1.4781 | cls = 0.0309 | lr = 0.000034
epoch 037 | step 0320 | total = 4.0291 | box = 0.5465 | obj = 1.2544 | cls = 0.0422 | lr = 0.000034
epoch 037 | step 0340 | total = 4.5716 | box = 0.6331 | obj = 1.3751 | cls = 0.0311 | lr = 0.000034
epoch 037 | step 0360 | total = 4.0228 | box = 0.4844 | obj = 1.5564 | cls = 0.0443 | lr = 0.000034
epoch 037 | step 0380 | total = 3.4022 | box = 0.4201 | obj = 1.2669 | cls = 0.0347 | lr = 0.000034
epoch 037 | step 0400 | total = 4.8831 | box = 0.6539 | obj = 1.5788 | cls = 0.0346 | lr = 0.000034
epoch 037 | step 0420 | total = 3.9395 | box = 0.5128 | obj = 1.3360 | cls = 0.0396 | lr = 0.000034
epoch 037 | step 0440 | total = 4.3942 | box = 0.5882 | obj = 1.4177 | cls = 0.0357 | lr = 0.000034
epoch 037 | step 0460 | total = 3.7786 | box = 0.4731 | obj = 1.3734 | cls = 0.0397 | lr = 0.000034
epoch 037 | step 0480 | total = 5.0866 | box = 0.7315 | obj = 1.3989 | cls = 0.0304 | lr = 0.000034
epoch 037 | step 0500 | total = 3.5616 | box = 0.4737 | obj = 1.1554 | cls = 0.0378 | lr = 0.000034
epoch 037 | step 0520 | total = 4.5054 | box = 0.5702 | obj = 1.6004 | cls = 0.0539 | lr = 0.000034
epoch 037 | step 0540 | total = 4.1200 | box = 0.5454 | obj = 1.3563 | cls = 0.0368 | lr = 0.000034
epoch 037 | step 0560 | total = 3.9485 | box = 0.5129 | obj = 1.3494 | cls = 0.0346 | lr = 0.000034
epoch 037 | step 0580 | total = 4.4181 | box = 0.6005 | obj = 1.3854 | cls = 0.0304 | lr = 0.000034
epoch 037 | step 0600 | total = 4.5707 | box = 0.6250 | obj = 1.4169 | cls = 0.0288 | lr = 0.000034
epoch 037 | step 0620 | total = 3.6494 | box = 0.4497 | obj = 1.3560 | cls = 0.0451 | lr = 0.000034
epoch 037 | step 0640 | total = 3.9813 | box = 0.5060 | obj = 1.4130 | cls = 0.0385 | lr = 0.000034
epoch 037 | step 0660 | total = 4.2544 | box = 0.5783 | obj = 1.3345 | cls = 0.0282 | lr = 0.000034
epoch 037 | step 0680 | total = 4.5265 | box = 0.6059 | obj = 1.4659 | cls = 0.0310 | lr = 0.000034
epoch 037 | step 0700 | total = 5.2087 | box = 0.7424 | obj = 1.4539 | cls = 0.0430 | lr = 0.000034
epoch 037 | step 0720 | total = 4.0858 | box = 0.5383 | obj = 1.3592 | cls = 0.0352 | lr = 0.000034
epoch 037 | step 0740 | total = 3.4904 | box = 0.4414 | obj = 1.2393 | cls = 0.0442 | lr = 0.000034
epoch 037 | step 0760 | total = 4.0418 | box = 0.5318 | obj = 1.3448 | cls = 0.0381 | lr = 0.000034
epoch 037 | step 0780 | total = 4.4630 | box = 0.5937 | obj = 1.4602 | cls = 0.0344 | lr = 0.000034
epoch 037 | step 0800 | total = 4.1981 | box = 0.5569 | obj = 1.3760 | cls = 0.0377 | lr = 0.000034
epoch 037 | step 0820 | total = 3.5836 | box = 0.4356 | obj = 1.3679 | cls = 0.0377 | lr = 0.000034
epoch 037 | step 0840 | total = 4.3708 | box = 0.5867 | obj = 1.4084 | cls = 0.0291 | lr = 0.000034
epoch 037 | step 0860 | total = 3.7255 | box = 0.4610 | obj = 1.3841 | cls = 0.0366 | lr = 0.000034
epoch 037 | step 0880 | total = 4.3205 | box = 0.5825 | obj = 1.3629 | cls = 0.0452 | lr = 0.000034
epoch 037 | step 0900 | total = 3.7360 | box = 0.4728 | obj = 1.3331 | cls = 0.0391 | lr = 0.000034
epoch 037 | step 0920 | total = 3.7160 | box = 0.4611 | obj = 1.3718 | cls = 0.0385 | lr = 0.000034
[epoch 037 train] total = 4.2627 | box = 0.5624 | obj = 1.4123 | cls = 0.0386 | steps = 925 | global_batches = 7400 | samples = 118288 | time = 808.5s
[epoch 037 val] total = 4.4551 | box = 0.5881 | obj = 1.4754 | cls = 0.0391 | steps = 40 | global_batches = 320 | samples = 5000 | time = 24.9s
epoch 038 | step 0001 | total = 4.2337 | box = 0.5777 | obj = 1.3032 | cls = 0.0420 | lr = 0.000024
epoch 038 | step 0020 | total = 4.6310 | box = 0.6021 | obj = 1.5784 | cls = 0.0423 | lr = 0.000024
epoch 038 | step 0040 | total = 4.8139 | box = 0.6452 | obj = 1.5454 | cls = 0.0427 | lr = 0.000024
epoch 038 | step 0060 | total = 4.5524 | box = 0.6226 | obj = 1.4010 | cls = 0.0384 | lr = 0.000024
epoch 038 | step 0080 | total = 4.3108 | box = 0.5333 | obj = 1.5953 | cls = 0.0489 | lr = 0.000024
epoch 038 | step 0100 | total = 3.8350 | box = 0.5033 | obj = 1.2880 | cls = 0.0303 | lr = 0.000024
epoch 038 | step 0120 | total = 4.7321 | box = 0.6424 | obj = 1.4899 | cls = 0.0304 | lr = 0.000024
epoch 038 | step 0140 | total = 3.7301 | box = 0.4732 | obj = 1.3263 | cls = 0.0379 | lr = 0.000024
epoch 038 | step 0160 | total = 4.4924 | box = 0.5861 | obj = 1.5220 | cls = 0.0398 | lr = 0.000024
epoch 038 | step 0180 | total = 5.4392 | box = 0.8194 | obj = 1.3129 | cls = 0.0292 | lr = 0.000024
epoch 038 | step 0200 | total = 4.9495 | box = 0.6802 | obj = 1.5114 | cls = 0.0370 | lr = 0.000024
epoch 038 | step 0220 | total = 4.2723 | box = 0.5820 | obj = 1.3328 | cls = 0.0297 | lr = 0.000024
epoch 038 | step 0240 | total = 4.6798 | box = 0.6179 | obj = 1.5510 | cls = 0.0394 | lr = 0.000024
epoch 038 | step 0260 | total = 4.4681 | box = 0.6258 | obj = 1.3065 | cls = 0.0325 | lr = 0.000024
epoch 038 | step 0280 | total = 4.1327 | box = 0.5271 | obj = 1.4599 | cls = 0.0370 | lr = 0.000024
epoch 038 | step 0300 | total = 3.9689 | box = 0.5203 | obj = 1.3344 | cls = 0.0329 | lr = 0.000024
epoch 038 | step 0320 | total = 4.1967 | box = 0.5563 | obj = 1.3708 | cls = 0.0443 | lr = 0.000024
epoch 038 | step 0340 | total = 3.9235 | box = 0.4907 | obj = 1.4232 | cls = 0.0467 | lr = 0.000024
epoch 038 | step 0360 | total = 4.7911 | box = 0.6540 | obj = 1.4915 | cls = 0.0297 | lr = 0.000024
epoch 038 | step 0380 | total = 4.4798 | box = 0.5917 | obj = 1.4860 | cls = 0.0356 | lr = 0.000024
epoch 038 | step 0400 | total = 4.2446 | box = 0.5655 | obj = 1.3812 | cls = 0.0360 | lr = 0.000024
epoch 038 | step 0420 | total = 3.8659 | box = 0.4561 | obj = 1.5376 | cls = 0.0479 | lr = 0.000024
epoch 038 | step 0440 | total = 4.5031 | box = 0.6123 | obj = 1.4042 | cls = 0.0373 | lr = 0.000024
epoch 038 | step 0460 | total = 4.8128 | box = 0.6735 | obj = 1.4069 | cls = 0.0382 | lr = 0.000024
epoch 038 | step 0480 | total = 4.6689 | box = 0.6439 | obj = 1.4124 | cls = 0.0370 | lr = 0.000024
epoch 038 | step 0500 | total = 3.9327 | box = 0.5104 | obj = 1.3455 | cls = 0.0350 | lr = 0.000024
epoch 038 | step 0520 | total = 4.3821 | box = 0.6000 | obj = 1.3446 | cls = 0.0375 | lr = 0.000024
epoch 038 | step 0540 | total = 4.5732 | box = 0.6028 | obj = 1.5212 | cls = 0.0382 | lr = 0.000024
epoch 038 | step 0560 | total = 5.1134 | box = 0.7074 | obj = 1.5400 | cls = 0.0363 | lr = 0.000024
epoch 038 | step 0580 | total = 4.6379 | box = 0.6361 | obj = 1.4187 | cls = 0.0389 | lr = 0.000024
epoch 038 | step 0600 | total = 3.7426 | box = 0.4923 | obj = 1.2430 | cls = 0.0378 | lr = 0.000024
epoch 038 | step 0620 | total = 4.3573 | box = 0.5616 | obj = 1.5084 | cls = 0.0410 | lr = 0.000024
epoch 038 | step 0640 | total = 4.2569 | box = 0.5401 | obj = 1.5183 | cls = 0.0382 | lr = 0.000024
epoch 038 | step 0660 | total = 3.5783 | box = 0.4544 | obj = 1.2658 | cls = 0.0405 | lr = 0.000024
epoch 038 | step 0680 | total = 2.9959 | box = 0.3502 | obj = 1.2079 | cls = 0.0371 | lr = 0.000024
epoch 038 | step 0700 | total = 4.4013 | box = 0.6034 | obj = 1.3535 | cls = 0.0306 | lr = 0.000024
epoch 038 | step 0720 | total = 3.9416 | box = 0.5027 | obj = 1.3920 | cls = 0.0359 | lr = 0.000024
epoch 038 | step 0740 | total = 3.9122 | box = 0.4709 | obj = 1.5233 | cls = 0.0346 | lr = 0.000024
epoch 038 | step 0760 | total = 3.8000 | box = 0.4765 | obj = 1.3870 | cls = 0.0307 | lr = 0.000024
epoch 038 | step 0780 | total = 4.0194 | box = 0.5397 | obj = 1.2892 | cls = 0.0318 | lr = 0.000024
epoch 038 | step 0800 | total = 3.9926 | box = 0.5103 | obj = 1.4036 | cls = 0.0373 | lr = 0.000024
epoch 038 | step 0820 | total = 4.8727 | box = 0.6642 | obj = 1.5119 | cls = 0.0397 | lr = 0.000024
epoch 038 | step 0840 | total = 4.7782 | box = 0.6552 | obj = 1.4673 | cls = 0.0349 | lr = 0.000024
epoch 038 | step 0860 | total = 4.2264 | box = 0.5687 | obj = 1.3545 | cls = 0.0282 | lr = 0.000024
epoch 038 | step 0880 | total = 3.2979 | box = 0.3990 | obj = 1.2567 | cls = 0.0460 | lr = 0.000024
epoch 038 | step 0900 | total = 4.7477 | box = 0.6409 | obj = 1.5070 | cls = 0.0361 | lr = 0.000024
epoch 038 | step 0920 | total = 4.7571 | box = 0.6259 | obj = 1.5813 | cls = 0.0462 | lr = 0.000024
[epoch 038 train] total = 4.2582 | box = 0.5621 | obj = 1.4093 | cls = 0.0384 | steps = 925 | global_batches = 7400 | samples = 118288 | time = 809.5s
[epoch 038 val] total = 4.4691 | box = 0.5888 | obj = 1.4857 | cls = 0.0392 | steps = 40 | global_batches = 320 | samples = 5000 | time = 24.8s
epoch 039 | step 0001 | total = 3.9637 | box = 0.5293 | obj = 1.2825 | cls = 0.0347 | lr = 0.000016
epoch 039 | step 0020 | total = 5.1945 | box = 0.7511 | obj = 1.4035 | cls = 0.0355 | lr = 0.000016
epoch 039 | step 0040 | total = 4.0440 | box = 0.5023 | obj = 1.4912 | cls = 0.0414 | lr = 0.000016
epoch 039 | step 0060 | total = 4.5182 | box = 0.6022 | obj = 1.4677 | cls = 0.0393 | lr = 0.000016
epoch 039 | step 0080 | total = 4.4473 | box = 0.5938 | obj = 1.4420 | cls = 0.0364 | lr = 0.000016
epoch 039 | step 0100 | total = 3.1013 | box = 0.3701 | obj = 1.2133 | cls = 0.0376 | lr = 0.000016
epoch 039 | step 0120 | total = 3.9209 | box = 0.5121 | obj = 1.3253 | cls = 0.0351 | lr = 0.000016
epoch 039 | step 0140 | total = 4.1191 | box = 0.5120 | obj = 1.5213 | cls = 0.0376 | lr = 0.000016
epoch 039 | step 0160 | total = 4.6411 | box = 0.6254 | obj = 1.4781 | cls = 0.0362 | lr = 0.000016
epoch 039 | step 0180 | total = 4.9101 | box = 0.6723 | obj = 1.5163 | cls = 0.0323 | lr = 0.000016
epoch 039 | step 0200 | total = 4.2311 | box = 0.5421 | obj = 1.4802 | cls = 0.0405 | lr = 0.000016
epoch 039 | step 0220 | total = 3.8133 | box = 0.4818 | obj = 1.3535 | cls = 0.0510 | lr = 0.000016
epoch 039 | step 0240 | total = 4.2328 | box = 0.5654 | obj = 1.3650 | cls = 0.0408 | lr = 0.000016
epoch 039 | step 0260 | total = 4.3885 | box = 0.5720 | obj = 1.4891 | cls = 0.0394 | lr = 0.000016
epoch 039 | step 0280 | total = 4.0871 | box = 0.5311 | obj = 1.3946 | cls = 0.0371 | lr = 0.000016
epoch 039 | step 0300 | total = 4.0111 | box = 0.5213 | obj = 1.3643 | cls = 0.0400 | lr = 0.000016
epoch 039 | step 0320 | total = 4.1988 | box = 0.5601 | obj = 1.3568 | cls = 0.0416 | lr = 0.000016
epoch 039 | step 0340 | total = 4.0612 | box = 0.5246 | obj = 1.4010 | cls = 0.0374 | lr = 0.000016
epoch 039 | step 0360 | total = 4.0026 | box = 0.5296 | obj = 1.3271 | cls = 0.0275 | lr = 0.000016
epoch 039 | step 0380 | total = 4.4616 | box = 0.6262 | obj = 1.2966 | cls = 0.0341 | lr = 0.000016
epoch 039 | step 0400 | total = 3.4615 | box = 0.4143 | obj = 1.3464 | cls = 0.0434 | lr = 0.000016
epoch 039 | step 0420 | total = 5.0556 | box = 0.7069 | obj = 1.4795 | cls = 0.0417 | lr = 0.000016
epoch 039 | step 0440 | total = 3.9415 | box = 0.4874 | obj = 1.4608 | cls = 0.0439 | lr = 0.000016
epoch 039 | step 0460 | total = 5.3715 | box = 0.7750 | obj = 1.4527 | cls = 0.0439 | lr = 0.000016
epoch 039 | step 0480 | total = 4.2353 | box = 0.5415 | obj = 1.4850 | cls = 0.0427 | lr = 0.000016
epoch 039 | step 0500 | total = 5.0738 | box = 0.6789 | obj = 1.6427 | cls = 0.0366 | lr = 0.000016
epoch 039 | step 0520 | total = 4.4772 | box = 0.5958 | obj = 1.4582 | cls = 0.0400 | lr = 0.000016
epoch 039 | step 0540 | total = 4.2241 | box = 0.5520 | obj = 1.4325 | cls = 0.0318 | lr = 0.000016
epoch 039 | step 0560 | total = 3.7605 | box = 0.4375 | obj = 1.5325 | cls = 0.0404 | lr = 0.000016
epoch 039 | step 0580 | total = 3.7654 | box = 0.4642 | obj = 1.4074 | cls = 0.0372 | lr = 0.000016
epoch 039 | step 0600 | total = 3.2249 | box = 0.3997 | obj = 1.1894 | cls = 0.0370 | lr = 0.000016
epoch 039 | step 0620 | total = 5.0501 | box = 0.7081 | obj = 1.4764 | cls = 0.0335 | lr = 0.000016
epoch 039 | step 0640 | total = 4.1209 | box = 0.5273 | obj = 1.4458 | cls = 0.0385 | lr = 0.000016
epoch 039 | step 0660 | total = 3.9461 | box = 0.5200 | obj = 1.3076 | cls = 0.0383 | lr = 0.000016
epoch 039 | step 0680 | total = 4.9235 | box = 0.6581 | obj = 1.5800 | cls = 0.0530 | lr = 0.000016
epoch 039 | step 0700 | total = 4.6048 | box = 0.6459 | obj = 1.3386 | cls = 0.0367 | lr = 0.000016
epoch 039 | step 0720 | total = 4.4587 | box = 0.6000 | obj = 1.4196 | cls = 0.0390 | lr = 0.000016
epoch 039 | step 0740 | total = 3.9488 | box = 0.4980 | obj = 1.4192 | cls = 0.0396 | lr = 0.000016
epoch 039 | step 0760 | total = 4.0251 | box = 0.5253 | obj = 1.3598 | cls = 0.0389 | lr = 0.000016
epoch 039 | step 0780 | total = 4.5170 | box = 0.6163 | obj = 1.4016 | cls = 0.0341 | lr = 0.000016
epoch 039 | step 0800 | total = 4.5239 | box = 0.5989 | obj = 1.4918 | cls = 0.0377 | lr = 0.000016
epoch 039 | step 0820 | total = 3.6109 | box = 0.4731 | obj = 1.2076 | cls = 0.0380 | lr = 0.000016
epoch 039 | step 0840 | total = 3.8567 | box = 0.4914 | obj = 1.3641 | cls = 0.0353 | lr = 0.000016
epoch 039 | step 0860 | total = 5.0011 | box = 0.7224 | obj = 1.3501 | cls = 0.0392 | lr = 0.000016
epoch 039 | step 0880 | total = 3.8778 | box = 0.5043 | obj = 1.3144 | cls = 0.0420 | lr = 0.000016
epoch 039 | step 0900 | total = 5.1099 | box = 0.7087 | obj = 1.5313 | cls = 0.0349 | lr = 0.000016
epoch 039 | step 0920 | total = 4.4181 | box = 0.5955 | obj = 1.4011 | cls = 0.0395 | lr = 0.000016
[epoch 039 train] total = 4.2523 | box = 0.5613 | obj = 1.4074 | cls = 0.0384 | steps = 925 | global_batches = 7400 | samples = 118288 | time = 809.5s
[epoch 039 val] total = 4.4553 | box = 0.5881 | obj = 1.4757 | cls = 0.0392 | steps = 40 | global_batches = 320 | samples = 5000 | time = 24.8s
epoch 040 | step 0001 | total = 4.1398 | box = 0.5428 | obj = 1.3888 | cls = 0.0371 | lr = 0.000012
epoch 040 | step 0020 | total = 4.4250 | box = 0.6032 | obj = 1.3792 | cls = 0.0298 | lr = 0.000012
epoch 040 | step 0040 | total = 4.5414 | box = 0.6046 | obj = 1.4793 | cls = 0.0390 | lr = 0.000012
epoch 040 | step 0060 | total = 4.6660 | box = 0.6395 | obj = 1.4285 | cls = 0.0399 | lr = 0.000012
epoch 040 | step 0080 | total = 4.3462 | box = 0.5819 | obj = 1.3950 | cls = 0.0416 | lr = 0.000012
epoch 040 | step 0100 | total = 3.8457 | box = 0.4875 | obj = 1.3707 | cls = 0.0377 | lr = 0.000012
epoch 040 | step 0120 | total = 3.7105 | box = 0.4847 | obj = 1.2517 | cls = 0.0352 | lr = 0.000012
epoch 040 | step 0140 | total = 4.1807 | box = 0.5387 | obj = 1.4511 | cls = 0.0362 | lr = 0.000012
epoch 040 | step 0160 | total = 3.9179 | box = 0.4949 | obj = 1.3995 | cls = 0.0441 | lr = 0.000012
epoch 040 | step 0180 | total = 4.3645 | box = 0.6048 | obj = 1.3109 | cls = 0.0297 | lr = 0.000012
epoch 040 | step 0200 | total = 4.1824 | box = 0.5495 | obj = 1.3946 | cls = 0.0401 | lr = 0.000012
epoch 040 | step 0220 | total = 4.0242 | box = 0.5239 | obj = 1.3649 | cls = 0.0400 | lr = 0.000012
epoch 040 | step 0240 | total = 4.5636 | box = 0.5983 | obj = 1.5269 | cls = 0.0450 | lr = 0.000012
epoch 040 | step 0260 | total = 4.1513 | box = 0.5542 | obj = 1.3454 | cls = 0.0349 | lr = 0.000012
epoch 040 | step 0280 | total = 3.9315 | box = 0.4934 | obj = 1.4247 | cls = 0.0396 | lr = 0.000012
epoch 040 | step 0300 | total = 3.8971 | box = 0.4831 | obj = 1.4386 | cls = 0.0432 | lr = 0.000012
epoch 040 | step 0320 | total = 4.5590 | box = 0.6022 | obj = 1.4944 | cls = 0.0538 | lr = 0.000012
epoch 040 | step 0340 | total = 3.6589 | box = 0.4596 | obj = 1.3177 | cls = 0.0431 | lr = 0.000012
epoch 040 | step 0360 | total = 4.7526 | box = 0.6503 | obj = 1.4597 | cls = 0.0414 | lr = 0.000012
epoch 040 | step 0380 | total = 4.8204 | box = 0.6642 | obj = 1.4590 | cls = 0.0403 | lr = 0.000012
epoch 040 | step 0400 | total = 4.0068 | box = 0.5073 | obj = 1.4324 | cls = 0.0377 | lr = 0.000012
epoch 040 | step 0420 | total = 4.3491 | box = 0.5955 | obj = 1.3415 | cls = 0.0301 | lr = 0.000012
epoch 040 | step 0440 | total = 4.4064 | box = 0.6084 | obj = 1.3245 | cls = 0.0398 | lr = 0.000012
epoch 040 | step 0460 | total = 3.8201 | box = 0.5007 | obj = 1.2795 | cls = 0.0372 | lr = 0.000012
epoch 040 | step 0480 | total = 4.7071 | box = 0.6239 | obj = 1.5536 | cls = 0.0341 | lr = 0.000012
epoch 040 | step 0500 | total = 3.8025 | box = 0.4844 | obj = 1.3431 | cls = 0.0373 | lr = 0.000012
epoch 040 | step 0520 | total = 4.0000 | box = 0.5407 | obj = 1.2568 | cls = 0.0398 | lr = 0.000012
epoch 040 | step 0540 | total = 3.7920 | box = 0.4939 | obj = 1.2827 | cls = 0.0398 | lr = 0.000012
epoch 040 | step 0560 | total = 4.8180 | box = 0.6735 | obj = 1.4184 | cls = 0.0321 | lr = 0.000012
epoch 040 | step 0580 | total = 4.2822 | box = 0.5507 | obj = 1.4820 | cls = 0.0468 | lr = 0.000012
epoch 040 | step 0600 | total = 4.8505 | box = 0.6562 | obj = 1.5279 | cls = 0.0416 | lr = 0.000012
epoch 040 | step 0620 | total = 4.2301 | box = 0.5586 | obj = 1.3983 | cls = 0.0389 | lr = 0.000012
epoch 040 | step 0640 | total = 3.7158 | box = 0.4604 | obj = 1.3785 | cls = 0.0351 | lr = 0.000012
epoch 040 | step 0660 | total = 4.4940 | box = 0.6065 | obj = 1.4280 | cls = 0.0337 | lr = 0.000012
epoch 040 | step 0680 | total = 4.7492 | box = 0.6618 | obj = 1.4051 | cls = 0.0351 | lr = 0.000012
epoch 040 | step 0700 | total = 4.9012 | box = 0.6730 | obj = 1.4962 | cls = 0.0400 | lr = 0.000012
epoch 040 | step 0720 | total = 4.3699 | box = 0.5224 | obj = 1.7189 | cls = 0.0391 | lr = 0.000012
epoch 040 | step 0740 | total = 3.9659 | box = 0.5250 | obj = 1.3016 | cls = 0.0396 | lr = 0.000012
epoch 040 | step 0760 | total = 3.8472 | box = 0.4830 | obj = 1.3957 | cls = 0.0367 | lr = 0.000012
epoch 040 | step 0780 | total = 4.3929 | box = 0.5692 | obj = 1.5095 | cls = 0.0376 | lr = 0.000012
epoch 040 | step 0800 | total = 4.0581 | box = 0.5334 | obj = 1.3461 | cls = 0.0449 | lr = 0.000012
epoch 040 | step 0820 | total = 3.9961 | box = 0.5163 | obj = 1.3771 | cls = 0.0373 | lr = 0.000012
epoch 040 | step 0840 | total = 4.7294 | box = 0.6072 | obj = 1.6542 | cls = 0.0393 | lr = 0.000012
epoch 040 | step 0860 | total = 4.5842 | box = 0.6107 | obj = 1.4888 | cls = 0.0420 | lr = 0.000012
epoch 040 | step 0880 | total = 5.0881 | box = 0.7193 | obj = 1.4582 | cls = 0.0334 | lr = 0.000012
epoch 040 | step 0900 | total = 4.6813 | box = 0.6221 | obj = 1.5359 | cls = 0.0349 | lr = 0.000012
epoch 040 | step 0920 | total = 3.6528 | box = 0.4538 | obj = 1.3492 | cls = 0.0345 | lr = 0.000012
[epoch 040 train] total = 4.2487 | box = 0.5607 | obj = 1.4068 | cls = 0.0384 | steps = 925 | global_batches = 7400 | samples = 118288 | time = 809.0s
[epoch 040 val] total = 4.4829 | box = 0.5900 | obj = 1.4938 | cls = 0.0393 | steps = 40 | global_batches = 320 | samples = 5000 | time = 24.8s
training status: completed
result summary: logs/records/dual_scale_three_box_coco_only_noobj1_416_basic_aug_v2_40_ddp_20260508_135309/result.txt
training_exit=0
postrun_run_id=dual_scale_three_box_coco_only_noobj1_416_basic_aug_v2_40_ddp_20260508_135309
best_checkpoint=outputs/dual_scale_three_box_coco_only_noobj1_416_basic_aug_v2_40_ddp_20260508_135309/best.pth
stage=coco_eval_full_val2017
creating index...
index created!
Loading and preparing results...
DONE (t=0.68s)
creating index...
index created!
Running per image evaluation...
Evaluate annotation type *bbox*
DONE (t=20.80s).
Accumulating evaluation results...
DONE (t=4.33s).
 Average Precision  (AP) @[ IoU=0.50:0.95 | area=   all | maxDets=100 ] = 0.180
 Average Precision  (AP) @[ IoU=0.50      | area=   all | maxDets=100 ] = 0.291
 Average Precision  (AP) @[ IoU=0.75      | area=   all | maxDets=100 ] = 0.188
 Average Precision  (AP) @[ IoU=0.50:0.95 | area= small | maxDets=100 ] = 0.079
 Average Precision  (AP) @[ IoU=0.50:0.95 | area=medium | maxDets=100 ] = 0.199
 Average Precision  (AP) @[ IoU=0.50:0.95 | area= large | maxDets=100 ] = 0.249
 Average Recall     (AR) @[ IoU=0.50:0.95 | area=   all | maxDets=  1 ] = 0.211
 Average Recall     (AR) @[ IoU=0.50:0.95 | area=   all | maxDets= 10 ] = 0.323
 Average Recall     (AR) @[ IoU=0.50:0.95 | area=   all | maxDets=100 ] = 0.338
 Average Recall     (AR) @[ IoU=0.50:0.95 | area= small | maxDets=100 ] = 0.129
 Average Recall     (AR) @[ IoU=0.50:0.95 | area=medium | maxDets=100 ] = 0.366
 Average Recall     (AR) @[ IoU=0.50:0.95 | area= large | maxDets=100 ] = 0.473
{
  "anchors": {
    "p4": [
      [
        0.04,
        0.055
      ],
      [
        0.075,
        0.11
      ],
      [
        0.13,
        0.18
      ]
    ],
    "p5": [
      [
        0.18,
        0.24
      ],
      [
        0.32,
        0.42
      ],
      [
        0.52,
        0.62
      ]
    ]
  },
  "batch_size": 1.0,
  "box_parameterization": "yolov5",
  "checkpoint_path": "/home/lidz/YOLO/yolo_final/outputs/dual_scale_three_box_coco_only_noobj1_416_basic_aug_v2_40_ddp_20260508_135309/best.pth",
  "coco_ap": 0.17970131009100307,
  "coco_ap50": 0.2913096499502917,
  "coco_ap75": 0.18813773131690273,
  "coco_ap_large": 0.24881575296608155,
  "coco_ap_medium": 0.19883588190674809,
  "coco_ap_small": 0.07878315298963018,
  "coco_ar1": 0.2108010199751247,
  "coco_ar10": 0.3227456841161605,
  "coco_ar100": 0.33757525236266234,
  "coco_ar_large": 0.47259552740090954,
  "coco_ar_medium": 0.36645416493472177,
  "coco_ar_small": 0.12900691296310327,
  "config_path": "/home/lidz/YOLO/yolo_final/configs/dual_scale_three_box_coco_only_noobj1_416_basic_aug_v2_40.toml",
  "conv2d_flops": 78381475328.0,
  "device": "cuda",
  "duration_seconds": 0.3623735310975462,
  "images_per_second": 275.95834523874566,
  "linear_flops": 0.0,
  "manifest_path": "/home/lidz/YOLO/DataSet/Unified/manifests/coco2017_val.jsonl",
  "measure_iters": 100.0,
  "milliseconds_per_batch": 3.623735310975462,
  "model_name": "deep_residual_dual_scale_three_box",
  "num_boxes": 3,
  "num_predictions": 235125.0,
  "num_samples": 5000.0,
  "output_shape": {
    "p4": [
      1,
      26,
      26,
      255
    ],
    "p5": [
      1,
      13,
      13,
      255
    ]
  },
  "params_total": 36531294,
  "params_trainable": 36531294,
  "score_alpha": 2.0,
  "score_beta": 1.0,
  "total_flops": 78381475328.0,
  "total_gflops": 78.381475328,
  "warmup_iters": 20.0
}
coco_eval_exit=0
stage=sweep_500
sweep 1/96: alpha=1.5, beta=1.0, threshold=0.03, top_k=20, nms=0.4
creating index...
index created!
Loading and preparing results...
DONE (t=0.01s)
creating index...
index created!
Running per image evaluation...
Evaluate annotation type *bbox*
DONE (t=1.14s).
Accumulating evaluation results...
DONE (t=0.46s).
 Average Precision  (AP) @[ IoU=0.50:0.95 | area=   all | maxDets=100 ] = 0.203
 Average Precision  (AP) @[ IoU=0.50      | area=   all | maxDets=100 ] = 0.307
 Average Precision  (AP) @[ IoU=0.75      | area=   all | maxDets=100 ] = 0.226
 Average Precision  (AP) @[ IoU=0.50:0.95 | area= small | maxDets=100 ] = 0.073
 Average Precision  (AP) @[ IoU=0.50:0.95 | area=medium | maxDets=100 ] = 0.228
 Average Precision  (AP) @[ IoU=0.50:0.95 | area= large | maxDets=100 ] = 0.275
 Average Recall     (AR) @[ IoU=0.50:0.95 | area=   all | maxDets=  1 ] = 0.219
 Average Recall     (AR) @[ IoU=0.50:0.95 | area=   all | maxDets= 10 ] = 0.304
 Average Recall     (AR) @[ IoU=0.50:0.95 | area=   all | maxDets=100 ] = 0.306
 Average Recall     (AR) @[ IoU=0.50:0.95 | area= small | maxDets=100 ] = 0.100
 Average Recall     (AR) @[ IoU=0.50:0.95 | area=medium | maxDets=100 ] = 0.317
 Average Recall     (AR) @[ IoU=0.50:0.95 | area= large | maxDets=100 ] = 0.426
sweep 2/96: alpha=1.5, beta=1.0, threshold=0.03, top_k=20, nms=0.5
creating index...
index created!
Loading and preparing results...
DONE (t=0.01s)
creating index...
index created!
Running per image evaluation...
Evaluate annotation type *bbox*
DONE (t=1.18s).
Accumulating evaluation results...
DONE (t=0.45s).
 Average Precision  (AP) @[ IoU=0.50:0.95 | area=   all | maxDets=100 ] = 0.202
 Average Precision  (AP) @[ IoU=0.50      | area=   all | maxDets=100 ] = 0.302
 Average Precision  (AP) @[ IoU=0.75      | area=   all | maxDets=100 ] = 0.226
 Average Precision  (AP) @[ IoU=0.50:0.95 | area= small | maxDets=100 ] = 0.072
 Average Precision  (AP) @[ IoU=0.50:0.95 | area=medium | maxDets=100 ] = 0.229
 Average Precision  (AP) @[ IoU=0.50:0.95 | area= large | maxDets=100 ] = 0.275
 Average Recall     (AR) @[ IoU=0.50:0.95 | area=   all | maxDets=  1 ] = 0.216
 Average Recall     (AR) @[ IoU=0.50:0.95 | area=   all | maxDets= 10 ] = 0.304
 Average Recall     (AR) @[ IoU=0.50:0.95 | area=   all | maxDets=100 ] = 0.307
 Average Recall     (AR) @[ IoU=0.50:0.95 | area= small | maxDets=100 ] = 0.099
 Average Recall     (AR) @[ IoU=0.50:0.95 | area=medium | maxDets=100 ] = 0.316
 Average Recall     (AR) @[ IoU=0.50:0.95 | area= large | maxDets=100 ] = 0.433
sweep 3/96: alpha=1.5, beta=1.0, threshold=0.03, top_k=20, nms=0.6
creating index...
index created!
Loading and preparing results...
DONE (t=0.01s)
creating index...
index created!
Running per image evaluation...
Evaluate annotation type *bbox*
DONE (t=1.16s).
Accumulating evaluation results...
DONE (t=0.44s).
 Average Precision  (AP) @[ IoU=0.50:0.95 | area=   all | maxDets=100 ] = 0.197
 Average Precision  (AP) @[ IoU=0.50      | area=   all | maxDets=100 ] = 0.289
 Average Precision  (AP) @[ IoU=0.75      | area=   all | maxDets=100 ] = 0.224
 Average Precision  (AP) @[ IoU=0.50:0.95 | area= small | maxDets=100 ] = 0.066
 Average Precision  (AP) @[ IoU=0.50:0.95 | area=medium | maxDets=100 ] = 0.223
 Average Precision  (AP) @[ IoU=0.50:0.95 | area= large | maxDets=100 ] = 0.270
 Average Recall     (AR) @[ IoU=0.50:0.95 | area=   all | maxDets=  1 ] = 0.213
 Average Recall     (AR) @[ IoU=0.50:0.95 | area=   all | maxDets= 10 ] = 0.302
 Average Recall     (AR) @[ IoU=0.50:0.95 | area=   all | maxDets=100 ] = 0.306
 Average Recall     (AR) @[ IoU=0.50:0.95 | area= small | maxDets=100 ] = 0.092
 Average Recall     (AR) @[ IoU=0.50:0.95 | area=medium | maxDets=100 ] = 0.311
 Average Recall     (AR) @[ IoU=0.50:0.95 | area= large | maxDets=100 ] = 0.435
sweep 4/96: alpha=1.5, beta=1.0, threshold=0.03, top_k=50, nms=0.4
creating index...
index created!
Loading and preparing results...
DONE (t=0.02s)
creating index...
index created!
Running per image evaluation...
Evaluate annotation type *bbox*
DONE (t=1.72s).
Accumulating evaluation results...
DONE (t=0.61s).
 Average Precision  (AP) @[ IoU=0.50:0.95 | area=   all | maxDets=100 ] = 0.208
 Average Precision  (AP) @[ IoU=0.50      | area=   all | maxDets=100 ] = 0.319
 Average Precision  (AP) @[ IoU=0.75      | area=   all | maxDets=100 ] = 0.230
 Average Precision  (AP) @[ IoU=0.50:0.95 | area= small | maxDets=100 ] = 0.081
 Average Precision  (AP) @[ IoU=0.50:0.95 | area=medium | maxDets=100 ] = 0.238
 Average Precision  (AP) @[ IoU=0.50:0.95 | area= large | maxDets=100 ] = 0.280
 Average Recall     (AR) @[ IoU=0.50:0.95 | area=   all | maxDets=  1 ] = 0.231
 Average Recall     (AR) @[ IoU=0.50:0.95 | area=   all | maxDets= 10 ] = 0.336
 Average Recall     (AR) @[ IoU=0.50:0.95 | area=   all | maxDets=100 ] = 0.343
 Average Recall     (AR) @[ IoU=0.50:0.95 | area= small | maxDets=100 ] = 0.121
 Average Recall     (AR) @[ IoU=0.50:0.95 | area=medium | maxDets=100 ] = 0.372
 Average Recall     (AR) @[ IoU=0.50:0.95 | area= large | maxDets=100 ] = 0.468
sweep 5/96: alpha=1.5, beta=1.0, threshold=0.03, top_k=50, nms=0.5
creating index...
index created!
Loading and preparing results...
DONE (t=0.02s)
creating index...
index created!
Running per image evaluation...
Evaluate annotation type *bbox*
DONE (t=1.75s).
Accumulating evaluation results...
DONE (t=0.61s).
 Average Precision  (AP) @[ IoU=0.50:0.95 | area=   all | maxDets=100 ] = 0.207
 Average Precision  (AP) @[ IoU=0.50      | area=   all | maxDets=100 ] = 0.314
 Average Precision  (AP) @[ IoU=0.75      | area=   all | maxDets=100 ] = 0.230
 Average Precision  (AP) @[ IoU=0.50:0.95 | area= small | maxDets=100 ] = 0.081
 Average Precision  (AP) @[ IoU=0.50:0.95 | area=medium | maxDets=100 ] = 0.240
 Average Precision  (AP) @[ IoU=0.50:0.95 | area= large | maxDets=100 ] = 0.279
 Average Recall     (AR) @[ IoU=0.50:0.95 | area=   all | maxDets=  1 ] = 0.229
 Average Recall     (AR) @[ IoU=0.50:0.95 | area=   all | maxDets= 10 ] = 0.338
 Average Recall     (AR) @[ IoU=0.50:0.95 | area=   all | maxDets=100 ] = 0.347
 Average Recall     (AR) @[ IoU=0.50:0.95 | area= small | maxDets=100 ] = 0.121
 Average Recall     (AR) @[ IoU=0.50:0.95 | area=medium | maxDets=100 ] = 0.379
 Average Recall     (AR) @[ IoU=0.50:0.95 | area= large | maxDets=100 ] = 0.479
sweep 6/96: alpha=1.5, beta=1.0, threshold=0.03, top_k=50, nms=0.6
creating index...
index created!
Loading and preparing results...
DONE (t=0.02s)
creating index...
index created!
Running per image evaluation...
Evaluate annotation type *bbox*
DONE (t=1.75s).
Accumulating evaluation results...
DONE (t=0.60s).
 Average Precision  (AP) @[ IoU=0.50:0.95 | area=   all | maxDets=100 ] = 0.204
 Average Precision  (AP) @[ IoU=0.50      | area=   all | maxDets=100 ] = 0.302
 Average Precision  (AP) @[ IoU=0.75      | area=   all | maxDets=100 ] = 0.230
 Average Precision  (AP) @[ IoU=0.50:0.95 | area= small | maxDets=100 ] = 0.081
 Average Precision  (AP) @[ IoU=0.50:0.95 | area=medium | maxDets=100 ] = 0.237
 Average Precision  (AP) @[ IoU=0.50:0.95 | area= large | maxDets=100 ] = 0.273
 Average Recall     (AR) @[ IoU=0.50:0.95 | area=   all | maxDets=  1 ] = 0.227
 Average Recall     (AR) @[ IoU=0.50:0.95 | area=   all | maxDets= 10 ] = 0.341
 Average Recall     (AR) @[ IoU=0.50:0.95 | area=   all | maxDets=100 ] = 0.353
 Average Recall     (AR) @[ IoU=0.50:0.95 | area= small | maxDets=100 ] = 0.129
 Average Recall     (AR) @[ IoU=0.50:0.95 | area=medium | maxDets=100 ] = 0.387
 Average Recall     (AR) @[ IoU=0.50:0.95 | area= large | maxDets=100 ] = 0.482
sweep 7/96: alpha=1.5, beta=1.0, threshold=0.03, top_k=100, nms=0.4
creating index...
index created!
Loading and preparing results...
DONE (t=0.19s)
creating index...
index created!
Running per image evaluation...
Evaluate annotation type *bbox*
DONE (t=2.38s).
Accumulating evaluation results...
DONE (t=0.71s).
 Average Precision  (AP) @[ IoU=0.50:0.95 | area=   all | maxDets=100 ] = 0.209
 Average Precision  (AP) @[ IoU=0.50      | area=   all | maxDets=100 ] = 0.322
 Average Precision  (AP) @[ IoU=0.75      | area=   all | maxDets=100 ] = 0.231
 Average Precision  (AP) @[ IoU=0.50:0.95 | area= small | maxDets=100 ] = 0.083
 Average Precision  (AP) @[ IoU=0.50:0.95 | area=medium | maxDets=100 ] = 0.239
 Average Precision  (AP) @[ IoU=0.50:0.95 | area= large | maxDets=100 ] = 0.280
 Average Recall     (AR) @[ IoU=0.50:0.95 | area=   all | maxDets=  1 ] = 0.234
 Average Recall     (AR) @[ IoU=0.50:0.95 | area=   all | maxDets= 10 ] = 0.347
 Average Recall     (AR) @[ IoU=0.50:0.95 | area=   all | maxDets=100 ] = 0.358
 Average Recall     (AR) @[ IoU=0.50:0.95 | area= small | maxDets=100 ] = 0.137
 Average Recall     (AR) @[ IoU=0.50:0.95 | area=medium | maxDets=100 ] = 0.386
 Average Recall     (AR) @[ IoU=0.50:0.95 | area= large | maxDets=100 ] = 0.483
sweep 8/96: alpha=1.5, beta=1.0, threshold=0.03, top_k=100, nms=0.5
creating index...
index created!
Loading and preparing results...
DONE (t=0.04s)
creating index...
index created!
Running per image evaluation...
Evaluate annotation type *bbox*
DONE (t=2.42s).
Accumulating evaluation results...
DONE (t=0.75s).
 Average Precision  (AP) @[ IoU=0.50:0.95 | area=   all | maxDets=100 ] = 0.209
 Average Precision  (AP) @[ IoU=0.50      | area=   all | maxDets=100 ] = 0.318
 Average Precision  (AP) @[ IoU=0.75      | area=   all | maxDets=100 ] = 0.231
 Average Precision  (AP) @[ IoU=0.50:0.95 | area= small | maxDets=100 ] = 0.085
 Average Precision  (AP) @[ IoU=0.50:0.95 | area=medium | maxDets=100 ] = 0.241
 Average Precision  (AP) @[ IoU=0.50:0.95 | area= large | maxDets=100 ] = 0.280
 Average Recall     (AR) @[ IoU=0.50:0.95 | area=   all | maxDets=  1 ] = 0.233
 Average Recall     (AR) @[ IoU=0.50:0.95 | area=   all | maxDets= 10 ] = 0.353
 Average Recall     (AR) @[ IoU=0.50:0.95 | area=   all | maxDets=100 ] = 0.367
 Average Recall     (AR) @[ IoU=0.50:0.95 | area= small | maxDets=100 ] = 0.138
 Average Recall     (AR) @[ IoU=0.50:0.95 | area=medium | maxDets=100 ] = 0.396
 Average Recall     (AR) @[ IoU=0.50:0.95 | area= large | maxDets=100 ] = 0.496
sweep 9/96: alpha=1.5, beta=1.0, threshold=0.03, top_k=100, nms=0.6
creating index...
index created!
Loading and preparing results...
DONE (t=0.15s)
creating index...
index created!
Running per image evaluation...
Evaluate annotation type *bbox*
DONE (t=2.23s).
Accumulating evaluation results...
DONE (t=0.72s).
 Average Precision  (AP) @[ IoU=0.50:0.95 | area=   all | maxDets=100 ] = 0.206
 Average Precision  (AP) @[ IoU=0.50      | area=   all | maxDets=100 ] = 0.306
 Average Precision  (AP) @[ IoU=0.75      | area=   all | maxDets=100 ] = 0.232
 Average Precision  (AP) @[ IoU=0.50:0.95 | area= small | maxDets=100 ] = 0.085
 Average Precision  (AP) @[ IoU=0.50:0.95 | area=medium | maxDets=100 ] = 0.239
 Average Precision  (AP) @[ IoU=0.50:0.95 | area= large | maxDets=100 ] = 0.274
 Average Recall     (AR) @[ IoU=0.50:0.95 | area=   all | maxDets=  1 ] = 0.232
 Average Recall     (AR) @[ IoU=0.50:0.95 | area=   all | maxDets= 10 ] = 0.360
 Average Recall     (AR) @[ IoU=0.50:0.95 | area=   all | maxDets=100 ] = 0.382
 Average Recall     (AR) @[ IoU=0.50:0.95 | area= small | maxDets=100 ] = 0.147
 Average Recall     (AR) @[ IoU=0.50:0.95 | area=medium | maxDets=100 ] = 0.414
 Average Recall     (AR) @[ IoU=0.50:0.95 | area= large | maxDets=100 ] = 0.510
sweep 10/96: alpha=1.5, beta=1.0, threshold=0.03, top_k=200, nms=0.4
creating index...
index created!
Loading and preparing results...
DONE (t=0.13s)
creating index...
index created!
Running per image evaluation...
Evaluate annotation type *bbox*
DONE (t=2.48s).
Accumulating evaluation results...
DONE (t=0.75s).
 Average Precision  (AP) @[ IoU=0.50:0.95 | area=   all | maxDets=100 ] = 0.209
 Average Precision  (AP) @[ IoU=0.50      | area=   all | maxDets=100 ] = 0.323
 Average Precision  (AP) @[ IoU=0.75      | area=   all | maxDets=100 ] = 0.231
 Average Precision  (AP) @[ IoU=0.50:0.95 | area= small | maxDets=100 ] = 0.085
 Average Precision  (AP) @[ IoU=0.50:0.95 | area=medium | maxDets=100 ] = 0.239
 Average Precision  (AP) @[ IoU=0.50:0.95 | area= large | maxDets=100 ] = 0.280
 Average Recall     (AR) @[ IoU=0.50:0.95 | area=   all | maxDets=  1 ] = 0.234
 Average Recall     (AR) @[ IoU=0.50:0.95 | area=   all | maxDets= 10 ] = 0.350
 Average Recall     (AR) @[ IoU=0.50:0.95 | area=   all | maxDets=100 ] = 0.363
 Average Recall     (AR) @[ IoU=0.50:0.95 | area= small | maxDets=100 ] = 0.144
 Average Recall     (AR) @[ IoU=0.50:0.95 | area=medium | maxDets=100 ] = 0.389
 Average Recall     (AR) @[ IoU=0.50:0.95 | area= large | maxDets=100 ] = 0.485
sweep 11/96: alpha=1.5, beta=1.0, threshold=0.03, top_k=200, nms=0.5
creating index...
index created!
Loading and preparing results...
DONE (t=0.15s)
creating index...
index created!
Running per image evaluation...
Evaluate annotation type *bbox*
DONE (t=2.59s).
Accumulating evaluation results...
DONE (t=0.81s).
 Average Precision  (AP) @[ IoU=0.50:0.95 | area=   all | maxDets=100 ] = 0.209
 Average Precision  (AP) @[ IoU=0.50      | area=   all | maxDets=100 ] = 0.319
 Average Precision  (AP) @[ IoU=0.75      | area=   all | maxDets=100 ] = 0.231
 Average Precision  (AP) @[ IoU=0.50:0.95 | area= small | maxDets=100 ] = 0.086
 Average Precision  (AP) @[ IoU=0.50:0.95 | area=medium | maxDets=100 ] = 0.242
 Average Precision  (AP) @[ IoU=0.50:0.95 | area= large | maxDets=100 ] = 0.280
 Average Recall     (AR) @[ IoU=0.50:0.95 | area=   all | maxDets=  1 ] = 0.234
 Average Recall     (AR) @[ IoU=0.50:0.95 | area=   all | maxDets= 10 ] = 0.357
 Average Recall     (AR) @[ IoU=0.50:0.95 | area=   all | maxDets=100 ] = 0.375
 Average Recall     (AR) @[ IoU=0.50:0.95 | area= small | maxDets=100 ] = 0.149
 Average Recall     (AR) @[ IoU=0.50:0.95 | area=medium | maxDets=100 ] = 0.403
 Average Recall     (AR) @[ IoU=0.50:0.95 | area= large | maxDets=100 ] = 0.503
sweep 12/96: alpha=1.5, beta=1.0, threshold=0.03, top_k=200, nms=0.6
creating index...
index created!
Loading and preparing results...
DONE (t=0.16s)
creating index...
index created!
Running per image evaluation...
Evaluate annotation type *bbox*
DONE (t=2.83s).
Accumulating evaluation results...
DONE (t=0.85s).
 Average Precision  (AP) @[ IoU=0.50:0.95 | area=   all | maxDets=100 ] = 0.206
 Average Precision  (AP) @[ IoU=0.50      | area=   all | maxDets=100 ] = 0.308
 Average Precision  (AP) @[ IoU=0.75      | area=   all | maxDets=100 ] = 0.232
 Average Precision  (AP) @[ IoU=0.50:0.95 | area= small | maxDets=100 ] = 0.088
 Average Precision  (AP) @[ IoU=0.50:0.95 | area=medium | maxDets=100 ] = 0.241
 Average Precision  (AP) @[ IoU=0.50:0.95 | area= large | maxDets=100 ] = 0.275
 Average Recall     (AR) @[ IoU=0.50:0.95 | area=   all | maxDets=  1 ] = 0.234
 Average Recall     (AR) @[ IoU=0.50:0.95 | area=   all | maxDets= 10 ] = 0.368
 Average Recall     (AR) @[ IoU=0.50:0.95 | area=   all | maxDets=100 ] = 0.395
 Average Recall     (AR) @[ IoU=0.50:0.95 | area= small | maxDets=100 ] = 0.162
 Average Recall     (AR) @[ IoU=0.50:0.95 | area=medium | maxDets=100 ] = 0.430
 Average Recall     (AR) @[ IoU=0.50:0.95 | area= large | maxDets=100 ] = 0.520
sweep 13/96: alpha=1.5, beta=1.0, threshold=0.05, top_k=20, nms=0.4
creating index...
index created!
Loading and preparing results...
DONE (t=0.01s)
creating index...
index created!
Running per image evaluation...
Evaluate annotation type *bbox*
DONE (t=1.07s).
Accumulating evaluation results...
DONE (t=0.44s).
 Average Precision  (AP) @[ IoU=0.50:0.95 | area=   all | maxDets=100 ] = 0.203
 Average Precision  (AP) @[ IoU=0.50      | area=   all | maxDets=100 ] = 0.307
 Average Precision  (AP) @[ IoU=0.75      | area=   all | maxDets=100 ] = 0.226
 Average Precision  (AP) @[ IoU=0.50:0.95 | area= small | maxDets=100 ] = 0.073
 Average Precision  (AP) @[ IoU=0.50:0.95 | area=medium | maxDets=100 ] = 0.228
 Average Precision  (AP) @[ IoU=0.50:0.95 | area= large | maxDets=100 ] = 0.275
 Average Recall     (AR) @[ IoU=0.50:0.95 | area=   all | maxDets=  1 ] = 0.219
 Average Recall     (AR) @[ IoU=0.50:0.95 | area=   all | maxDets= 10 ] = 0.304
 Average Recall     (AR) @[ IoU=0.50:0.95 | area=   all | maxDets=100 ] = 0.306
 Average Recall     (AR) @[ IoU=0.50:0.95 | area= small | maxDets=100 ] = 0.100
 Average Recall     (AR) @[ IoU=0.50:0.95 | area=medium | maxDets=100 ] = 0.317
 Average Recall     (AR) @[ IoU=0.50:0.95 | area= large | maxDets=100 ] = 0.426
sweep 14/96: alpha=1.5, beta=1.0, threshold=0.05, top_k=20, nms=0.5
creating index...
index created!
Loading and preparing results...
DONE (t=0.01s)
creating index...
index created!
Running per image evaluation...
Evaluate annotation type *bbox*
DONE (t=1.14s).
Accumulating evaluation results...
DONE (t=0.44s).
 Average Precision  (AP) @[ IoU=0.50:0.95 | area=   all | maxDets=100 ] = 0.202
 Average Precision  (AP) @[ IoU=0.50      | area=   all | maxDets=100 ] = 0.302
 Average Precision  (AP) @[ IoU=0.75      | area=   all | maxDets=100 ] = 0.226
 Average Precision  (AP) @[ IoU=0.50:0.95 | area= small | maxDets=100 ] = 0.072
 Average Precision  (AP) @[ IoU=0.50:0.95 | area=medium | maxDets=100 ] = 0.229
 Average Precision  (AP) @[ IoU=0.50:0.95 | area= large | maxDets=100 ] = 0.275
 Average Recall     (AR) @[ IoU=0.50:0.95 | area=   all | maxDets=  1 ] = 0.216
 Average Recall     (AR) @[ IoU=0.50:0.95 | area=   all | maxDets= 10 ] = 0.304
 Average Recall     (AR) @[ IoU=0.50:0.95 | area=   all | maxDets=100 ] = 0.307
 Average Recall     (AR) @[ IoU=0.50:0.95 | area= small | maxDets=100 ] = 0.099
 Average Recall     (AR) @[ IoU=0.50:0.95 | area=medium | maxDets=100 ] = 0.316
 Average Recall     (AR) @[ IoU=0.50:0.95 | area= large | maxDets=100 ] = 0.433
sweep 15/96: alpha=1.5, beta=1.0, threshold=0.05, top_k=20, nms=0.6
creating index...
index created!
Loading and preparing results...
DONE (t=0.01s)
creating index...
index created!
Running per image evaluation...
Evaluate annotation type *bbox*
DONE (t=1.10s).
Accumulating evaluation results...
DONE (t=0.44s).
 Average Precision  (AP) @[ IoU=0.50:0.95 | area=   all | maxDets=100 ] = 0.197
 Average Precision  (AP) @[ IoU=0.50      | area=   all | maxDets=100 ] = 0.289
 Average Precision  (AP) @[ IoU=0.75      | area=   all | maxDets=100 ] = 0.224
 Average Precision  (AP) @[ IoU=0.50:0.95 | area= small | maxDets=100 ] = 0.066
 Average Precision  (AP) @[ IoU=0.50:0.95 | area=medium | maxDets=100 ] = 0.223
 Average Precision  (AP) @[ IoU=0.50:0.95 | area= large | maxDets=100 ] = 0.270
 Average Recall     (AR) @[ IoU=0.50:0.95 | area=   all | maxDets=  1 ] = 0.213
 Average Recall     (AR) @[ IoU=0.50:0.95 | area=   all | maxDets= 10 ] = 0.302
 Average Recall     (AR) @[ IoU=0.50:0.95 | area=   all | maxDets=100 ] = 0.306
 Average Recall     (AR) @[ IoU=0.50:0.95 | area= small | maxDets=100 ] = 0.092
 Average Recall     (AR) @[ IoU=0.50:0.95 | area=medium | maxDets=100 ] = 0.311
 Average Recall     (AR) @[ IoU=0.50:0.95 | area= large | maxDets=100 ] = 0.435
sweep 16/96: alpha=1.5, beta=1.0, threshold=0.05, top_k=50, nms=0.4
creating index...
index created!
Loading and preparing results...
DONE (t=0.03s)
creating index...
index created!
Running per image evaluation...
Evaluate annotation type *bbox*
DONE (t=1.69s).
Accumulating evaluation results...
DONE (t=0.58s).
 Average Precision  (AP) @[ IoU=0.50:0.95 | area=   all | maxDets=100 ] = 0.208
 Average Precision  (AP) @[ IoU=0.50      | area=   all | maxDets=100 ] = 0.319
 Average Precision  (AP) @[ IoU=0.75      | area=   all | maxDets=100 ] = 0.230
 Average Precision  (AP) @[ IoU=0.50:0.95 | area= small | maxDets=100 ] = 0.081
 Average Precision  (AP) @[ IoU=0.50:0.95 | area=medium | maxDets=100 ] = 0.238
 Average Precision  (AP) @[ IoU=0.50:0.95 | area= large | maxDets=100 ] = 0.279
 Average Recall     (AR) @[ IoU=0.50:0.95 | area=   all | maxDets=  1 ] = 0.229
 Average Recall     (AR) @[ IoU=0.50:0.95 | area=   all | maxDets= 10 ] = 0.334
 Average Recall     (AR) @[ IoU=0.50:0.95 | area=   all | maxDets=100 ] = 0.341
 Average Recall     (AR) @[ IoU=0.50:0.95 | area= small | maxDets=100 ] = 0.121
 Average Recall     (AR) @[ IoU=0.50:0.95 | area=medium | maxDets=100 ] = 0.370
 Average Recall     (AR) @[ IoU=0.50:0.95 | area= large | maxDets=100 ] = 0.462
sweep 17/96: alpha=1.5, beta=1.0, threshold=0.05, top_k=50, nms=0.5
creating index...
index created!
Loading and preparing results...
DONE (t=0.02s)
creating index...
index created!
Running per image evaluation...
Evaluate annotation type *bbox*
DONE (t=1.67s).
Accumulating evaluation results...
DONE (t=0.58s).
 Average Precision  (AP) @[ IoU=0.50:0.95 | area=   all | maxDets=100 ] = 0.207
 Average Precision  (AP) @[ IoU=0.50      | area=   all | maxDets=100 ] = 0.314
 Average Precision  (AP) @[ IoU=0.75      | area=   all | maxDets=100 ] = 0.230
 Average Precision  (AP) @[ IoU=0.50:0.95 | area= small | maxDets=100 ] = 0.081
 Average Precision  (AP) @[ IoU=0.50:0.95 | area=medium | maxDets=100 ] = 0.240
 Average Precision  (AP) @[ IoU=0.50:0.95 | area= large | maxDets=100 ] = 0.279
 Average Recall     (AR) @[ IoU=0.50:0.95 | area=   all | maxDets=  1 ] = 0.228
 Average Recall     (AR) @[ IoU=0.50:0.95 | area=   all | maxDets= 10 ] = 0.337
 Average Recall     (AR) @[ IoU=0.50:0.95 | area=   all | maxDets=100 ] = 0.345
 Average Recall     (AR) @[ IoU=0.50:0.95 | area= small | maxDets=100 ] = 0.121
 Average Recall     (AR) @[ IoU=0.50:0.95 | area=medium | maxDets=100 ] = 0.378
 Average Recall     (AR) @[ IoU=0.50:0.95 | area= large | maxDets=100 ] = 0.473
sweep 18/96: alpha=1.5, beta=1.0, threshold=0.05, top_k=50, nms=0.6
creating index...
index created!
Loading and preparing results...
DONE (t=0.02s)
creating index...
index created!
Running per image evaluation...
Evaluate annotation type *bbox*
DONE (t=1.64s).
Accumulating evaluation results...
DONE (t=0.58s).
 Average Precision  (AP) @[ IoU=0.50:0.95 | area=   all | maxDets=100 ] = 0.204
 Average Precision  (AP) @[ IoU=0.50      | area=   all | maxDets=100 ] = 0.302
 Average Precision  (AP) @[ IoU=0.75      | area=   all | maxDets=100 ] = 0.230
 Average Precision  (AP) @[ IoU=0.50:0.95 | area= small | maxDets=100 ] = 0.081
 Average Precision  (AP) @[ IoU=0.50:0.95 | area=medium | maxDets=100 ] = 0.237
 Average Precision  (AP) @[ IoU=0.50:0.95 | area= large | maxDets=100 ] = 0.272
 Average Recall     (AR) @[ IoU=0.50:0.95 | area=   all | maxDets=  1 ] = 0.226
 Average Recall     (AR) @[ IoU=0.50:0.95 | area=   all | maxDets= 10 ] = 0.340
 Average Recall     (AR) @[ IoU=0.50:0.95 | area=   all | maxDets=100 ] = 0.352
 Average Recall     (AR) @[ IoU=0.50:0.95 | area= small | maxDets=100 ] = 0.129
 Average Recall     (AR) @[ IoU=0.50:0.95 | area=medium | maxDets=100 ] = 0.385
 Average Recall     (AR) @[ IoU=0.50:0.95 | area= large | maxDets=100 ] = 0.478
sweep 19/96: alpha=1.5, beta=1.0, threshold=0.05, top_k=100, nms=0.4
creating index...
index created!
Loading and preparing results...
DONE (t=0.02s)
creating index...
index created!
Running per image evaluation...
Evaluate annotation type *bbox*
DONE (t=2.03s).
Accumulating evaluation results...
DONE (t=0.66s).
 Average Precision  (AP) @[ IoU=0.50:0.95 | area=   all | maxDets=100 ] = 0.209
 Average Precision  (AP) @[ IoU=0.50      | area=   all | maxDets=100 ] = 0.321
 Average Precision  (AP) @[ IoU=0.75      | area=   all | maxDets=100 ] = 0.231
 Average Precision  (AP) @[ IoU=0.50:0.95 | area= small | maxDets=100 ] = 0.083
 Average Precision  (AP) @[ IoU=0.50:0.95 | area=medium | maxDets=100 ] = 0.239
 Average Precision  (AP) @[ IoU=0.50:0.95 | area= large | maxDets=100 ] = 0.280
 Average Recall     (AR) @[ IoU=0.50:0.95 | area=   all | maxDets=  1 ] = 0.231
 Average Recall     (AR) @[ IoU=0.50:0.95 | area=   all | maxDets= 10 ] = 0.341
 Average Recall     (AR) @[ IoU=0.50:0.95 | area=   all | maxDets=100 ] = 0.351
 Average Recall     (AR) @[ IoU=0.50:0.95 | area= small | maxDets=100 ] = 0.129
 Average Recall     (AR) @[ IoU=0.50:0.95 | area=medium | maxDets=100 ] = 0.382
 Average Recall     (AR) @[ IoU=0.50:0.95 | area= large | maxDets=100 ] = 0.469
sweep 20/96: alpha=1.5, beta=1.0, threshold=0.05, top_k=100, nms=0.5
creating index...
index created!
Loading and preparing results...
DONE (t=0.12s)
creating index...
index created!
Running per image evaluation...
Evaluate annotation type *bbox*
DONE (t=2.00s).
Accumulating evaluation results...
DONE (t=0.67s).
 Average Precision  (AP) @[ IoU=0.50:0.95 | area=   all | maxDets=100 ] = 0.209
 Average Precision  (AP) @[ IoU=0.50      | area=   all | maxDets=100 ] = 0.317
 Average Precision  (AP) @[ IoU=0.75      | area=   all | maxDets=100 ] = 0.231
 Average Precision  (AP) @[ IoU=0.50:0.95 | area= small | maxDets=100 ] = 0.085
 Average Precision  (AP) @[ IoU=0.50:0.95 | area=medium | maxDets=100 ] = 0.241
 Average Precision  (AP) @[ IoU=0.50:0.95 | area= large | maxDets=100 ] = 0.279
 Average Recall     (AR) @[ IoU=0.50:0.95 | area=   all | maxDets=  1 ] = 0.231
 Average Recall     (AR) @[ IoU=0.50:0.95 | area=   all | maxDets= 10 ] = 0.348
 Average Recall     (AR) @[ IoU=0.50:0.95 | area=   all | maxDets=100 ] = 0.361
 Average Recall     (AR) @[ IoU=0.50:0.95 | area= small | maxDets=100 ] = 0.135
 Average Recall     (AR) @[ IoU=0.50:0.95 | area=medium | maxDets=100 ] = 0.393
 Average Recall     (AR) @[ IoU=0.50:0.95 | area= large | maxDets=100 ] = 0.484
sweep 21/96: alpha=1.5, beta=1.0, threshold=0.05, top_k=100, nms=0.6
creating index...
index created!
Loading and preparing results...
DONE (t=0.12s)
creating index...
index created!
Running per image evaluation...
Evaluate annotation type *bbox*
DONE (t=2.28s).
Accumulating evaluation results...
DONE (t=0.70s).
 Average Precision  (AP) @[ IoU=0.50:0.95 | area=   all | maxDets=100 ] = 0.205
 Average Precision  (AP) @[ IoU=0.50      | area=   all | maxDets=100 ] = 0.305
 Average Precision  (AP) @[ IoU=0.75      | area=   all | maxDets=100 ] = 0.231
 Average Precision  (AP) @[ IoU=0.50:0.95 | area= small | maxDets=100 ] = 0.085
 Average Precision  (AP) @[ IoU=0.50:0.95 | area=medium | maxDets=100 ] = 0.239
 Average Precision  (AP) @[ IoU=0.50:0.95 | area= large | maxDets=100 ] = 0.274
 Average Recall     (AR) @[ IoU=0.50:0.95 | area=   all | maxDets=  1 ] = 0.230
 Average Recall     (AR) @[ IoU=0.50:0.95 | area=   all | maxDets= 10 ] = 0.355
 Average Recall     (AR) @[ IoU=0.50:0.95 | area=   all | maxDets=100 ] = 0.375
 Average Recall     (AR) @[ IoU=0.50:0.95 | area= small | maxDets=100 ] = 0.144
 Average Recall     (AR) @[ IoU=0.50:0.95 | area=medium | maxDets=100 ] = 0.410
 Average Recall     (AR) @[ IoU=0.50:0.95 | area= large | maxDets=100 ] = 0.497
sweep 22/96: alpha=1.5, beta=1.0, threshold=0.05, top_k=200, nms=0.4
creating index...
index created!
Loading and preparing results...
DONE (t=0.02s)
creating index...
index created!
Running per image evaluation...
Evaluate annotation type *bbox*
DONE (t=2.06s).
Accumulating evaluation results...
DONE (t=0.69s).
 Average Precision  (AP) @[ IoU=0.50:0.95 | area=   all | maxDets=100 ] = 0.209
 Average Precision  (AP) @[ IoU=0.50      | area=   all | maxDets=100 ] = 0.322
 Average Precision  (AP) @[ IoU=0.75      | area=   all | maxDets=100 ] = 0.231
 Average Precision  (AP) @[ IoU=0.50:0.95 | area= small | maxDets=100 ] = 0.084
 Average Precision  (AP) @[ IoU=0.50:0.95 | area=medium | maxDets=100 ] = 0.239
 Average Precision  (AP) @[ IoU=0.50:0.95 | area= large | maxDets=100 ] = 0.280
 Average Recall     (AR) @[ IoU=0.50:0.95 | area=   all | maxDets=  1 ] = 0.231
 Average Recall     (AR) @[ IoU=0.50:0.95 | area=   all | maxDets= 10 ] = 0.342
 Average Recall     (AR) @[ IoU=0.50:0.95 | area=   all | maxDets=100 ] = 0.354
 Average Recall     (AR) @[ IoU=0.50:0.95 | area= small | maxDets=100 ] = 0.134
 Average Recall     (AR) @[ IoU=0.50:0.95 | area=medium | maxDets=100 ] = 0.384
 Average Recall     (AR) @[ IoU=0.50:0.95 | area= large | maxDets=100 ] = 0.470
sweep 23/96: alpha=1.5, beta=1.0, threshold=0.05, top_k=200, nms=0.5
creating index...
index created!
Loading and preparing results...
DONE (t=0.14s)
creating index...
index created!
Running per image evaluation...
Evaluate annotation type *bbox*
DONE (t=2.45s).
Accumulating evaluation results...
DONE (t=0.72s).
 Average Precision  (AP) @[ IoU=0.50:0.95 | area=   all | maxDets=100 ] = 0.209
 Average Precision  (AP) @[ IoU=0.50      | area=   all | maxDets=100 ] = 0.318
 Average Precision  (AP) @[ IoU=0.75      | area=   all | maxDets=100 ] = 0.231
 Average Precision  (AP) @[ IoU=0.50:0.95 | area= small | maxDets=100 ] = 0.086
 Average Precision  (AP) @[ IoU=0.50:0.95 | area=medium | maxDets=100 ] = 0.242
 Average Precision  (AP) @[ IoU=0.50:0.95 | area= large | maxDets=100 ] = 0.279
 Average Recall     (AR) @[ IoU=0.50:0.95 | area=   all | maxDets=  1 ] = 0.231
 Average Recall     (AR) @[ IoU=0.50:0.95 | area=   all | maxDets= 10 ] = 0.349
 Average Recall     (AR) @[ IoU=0.50:0.95 | area=   all | maxDets=100 ] = 0.365
 Average Recall     (AR) @[ IoU=0.50:0.95 | area= small | maxDets=100 ] = 0.140
 Average Recall     (AR) @[ IoU=0.50:0.95 | area=medium | maxDets=100 ] = 0.398
 Average Recall     (AR) @[ IoU=0.50:0.95 | area= large | maxDets=100 ] = 0.485
sweep 24/96: alpha=1.5, beta=1.0, threshold=0.05, top_k=200, nms=0.6
creating index...
index created!
Loading and preparing results...
DONE (t=0.16s)
creating index...
index created!
Running per image evaluation...
Evaluate annotation type *bbox*
DONE (t=2.68s).
Accumulating evaluation results...
DONE (t=0.77s).
 Average Precision  (AP) @[ IoU=0.50:0.95 | area=   all | maxDets=100 ] = 0.206
 Average Precision  (AP) @[ IoU=0.50      | area=   all | maxDets=100 ] = 0.307
 Average Precision  (AP) @[ IoU=0.75      | area=   all | maxDets=100 ] = 0.232
 Average Precision  (AP) @[ IoU=0.50:0.95 | area= small | maxDets=100 ] = 0.087
 Average Precision  (AP) @[ IoU=0.50:0.95 | area=medium | maxDets=100 ] = 0.240
 Average Precision  (AP) @[ IoU=0.50:0.95 | area= large | maxDets=100 ] = 0.274
 Average Recall     (AR) @[ IoU=0.50:0.95 | area=   all | maxDets=  1 ] = 0.231
 Average Recall     (AR) @[ IoU=0.50:0.95 | area=   all | maxDets= 10 ] = 0.359
 Average Recall     (AR) @[ IoU=0.50:0.95 | area=   all | maxDets=100 ] = 0.383
 Average Recall     (AR) @[ IoU=0.50:0.95 | area= small | maxDets=100 ] = 0.154
 Average Recall     (AR) @[ IoU=0.50:0.95 | area=medium | maxDets=100 ] = 0.421
 Average Recall     (AR) @[ IoU=0.50:0.95 | area= large | maxDets=100 ] = 0.502
sweep 25/96: alpha=1.5, beta=1.0, threshold=0.1, top_k=20, nms=0.4
creating index...
index created!
Loading and preparing results...
DONE (t=0.01s)
creating index...
index created!
Running per image evaluation...
Evaluate annotation type *bbox*
DONE (t=1.07s).
Accumulating evaluation results...
DONE (t=0.44s).
 Average Precision  (AP) @[ IoU=0.50:0.95 | area=   all | maxDets=100 ] = 0.203
 Average Precision  (AP) @[ IoU=0.50      | area=   all | maxDets=100 ] = 0.306
 Average Precision  (AP) @[ IoU=0.75      | area=   all | maxDets=100 ] = 0.226
 Average Precision  (AP) @[ IoU=0.50:0.95 | area= small | maxDets=100 ] = 0.073
 Average Precision  (AP) @[ IoU=0.50:0.95 | area=medium | maxDets=100 ] = 0.228
 Average Precision  (AP) @[ IoU=0.50:0.95 | area= large | maxDets=100 ] = 0.275
 Average Recall     (AR) @[ IoU=0.50:0.95 | area=   all | maxDets=  1 ] = 0.217
 Average Recall     (AR) @[ IoU=0.50:0.95 | area=   all | maxDets= 10 ] = 0.302
 Average Recall     (AR) @[ IoU=0.50:0.95 | area=   all | maxDets=100 ] = 0.304
 Average Recall     (AR) @[ IoU=0.50:0.95 | area= small | maxDets=100 ] = 0.100
 Average Recall     (AR) @[ IoU=0.50:0.95 | area=medium | maxDets=100 ] = 0.312
 Average Recall     (AR) @[ IoU=0.50:0.95 | area= large | maxDets=100 ] = 0.421
sweep 26/96: alpha=1.5, beta=1.0, threshold=0.1, top_k=20, nms=0.5
creating index...
index created!
Loading and preparing results...
DONE (t=0.01s)
creating index...
index created!
Running per image evaluation...
Evaluate annotation type *bbox*
DONE (t=1.07s).
Accumulating evaluation results...
DONE (t=0.44s).
 Average Precision  (AP) @[ IoU=0.50:0.95 | area=   all | maxDets=100 ] = 0.202
 Average Precision  (AP) @[ IoU=0.50      | area=   all | maxDets=100 ] = 0.301
 Average Precision  (AP) @[ IoU=0.75      | area=   all | maxDets=100 ] = 0.226
 Average Precision  (AP) @[ IoU=0.50:0.95 | area= small | maxDets=100 ] = 0.072
 Average Precision  (AP) @[ IoU=0.50:0.95 | area=medium | maxDets=100 ] = 0.228
 Average Precision  (AP) @[ IoU=0.50:0.95 | area= large | maxDets=100 ] = 0.274
 Average Recall     (AR) @[ IoU=0.50:0.95 | area=   all | maxDets=  1 ] = 0.215
 Average Recall     (AR) @[ IoU=0.50:0.95 | area=   all | maxDets= 10 ] = 0.302
 Average Recall     (AR) @[ IoU=0.50:0.95 | area=   all | maxDets=100 ] = 0.305
 Average Recall     (AR) @[ IoU=0.50:0.95 | area= small | maxDets=100 ] = 0.099
 Average Recall     (AR) @[ IoU=0.50:0.95 | area=medium | maxDets=100 ] = 0.312
 Average Recall     (AR) @[ IoU=0.50:0.95 | area= large | maxDets=100 ] = 0.431
sweep 27/96: alpha=1.5, beta=1.0, threshold=0.1, top_k=20, nms=0.6
creating index...
index created!
Loading and preparing results...
DONE (t=0.01s)
creating index...
index created!
Running per image evaluation...
Evaluate annotation type *bbox*
DONE (t=1.06s).
Accumulating evaluation results...
DONE (t=0.43s).
 Average Precision  (AP) @[ IoU=0.50:0.95 | area=   all | maxDets=100 ] = 0.197
 Average Precision  (AP) @[ IoU=0.50      | area=   all | maxDets=100 ] = 0.289
 Average Precision  (AP) @[ IoU=0.75      | area=   all | maxDets=100 ] = 0.223
 Average Precision  (AP) @[ IoU=0.50:0.95 | area= small | maxDets=100 ] = 0.066
 Average Precision  (AP) @[ IoU=0.50:0.95 | area=medium | maxDets=100 ] = 0.222
 Average Precision  (AP) @[ IoU=0.50:0.95 | area= large | maxDets=100 ] = 0.270
 Average Recall     (AR) @[ IoU=0.50:0.95 | area=   all | maxDets=  1 ] = 0.212
 Average Recall     (AR) @[ IoU=0.50:0.95 | area=   all | maxDets= 10 ] = 0.300
 Average Recall     (AR) @[ IoU=0.50:0.95 | area=   all | maxDets=100 ] = 0.304
 Average Recall     (AR) @[ IoU=0.50:0.95 | area= small | maxDets=100 ] = 0.092
 Average Recall     (AR) @[ IoU=0.50:0.95 | area=medium | maxDets=100 ] = 0.308
 Average Recall     (AR) @[ IoU=0.50:0.95 | area= large | maxDets=100 ] = 0.434
sweep 28/96: alpha=1.5, beta=1.0, threshold=0.1, top_k=50, nms=0.4
creating index...
index created!
Loading and preparing results...
DONE (t=0.01s)
creating index...
index created!
Running per image evaluation...
Evaluate annotation type *bbox*
DONE (t=1.41s).
Accumulating evaluation results...
DONE (t=0.52s).
 Average Precision  (AP) @[ IoU=0.50:0.95 | area=   all | maxDets=100 ] = 0.207
 Average Precision  (AP) @[ IoU=0.50      | area=   all | maxDets=100 ] = 0.317
 Average Precision  (AP) @[ IoU=0.75      | area=   all | maxDets=100 ] = 0.230
 Average Precision  (AP) @[ IoU=0.50:0.95 | area= small | maxDets=100 ] = 0.081
 Average Precision  (AP) @[ IoU=0.50:0.95 | area=medium | maxDets=100 ] = 0.237
 Average Precision  (AP) @[ IoU=0.50:0.95 | area= large | maxDets=100 ] = 0.278
 Average Recall     (AR) @[ IoU=0.50:0.95 | area=   all | maxDets=  1 ] = 0.227
 Average Recall     (AR) @[ IoU=0.50:0.95 | area=   all | maxDets= 10 ] = 0.326
 Average Recall     (AR) @[ IoU=0.50:0.95 | area=   all | maxDets=100 ] = 0.332
 Average Recall     (AR) @[ IoU=0.50:0.95 | area= small | maxDets=100 ] = 0.119
 Average Recall     (AR) @[ IoU=0.50:0.95 | area=medium | maxDets=100 ] = 0.358
 Average Recall     (AR) @[ IoU=0.50:0.95 | area= large | maxDets=100 ] = 0.449
sweep 29/96: alpha=1.5, beta=1.0, threshold=0.1, top_k=50, nms=0.5
creating index...
index created!
Loading and preparing results...
DONE (t=0.01s)
creating index...
index created!
Running per image evaluation...
Evaluate annotation type *bbox*
DONE (t=1.44s).
Accumulating evaluation results...
DONE (t=0.52s).
 Average Precision  (AP) @[ IoU=0.50:0.95 | area=   all | maxDets=100 ] = 0.207
 Average Precision  (AP) @[ IoU=0.50      | area=   all | maxDets=100 ] = 0.313
 Average Precision  (AP) @[ IoU=0.75      | area=   all | maxDets=100 ] = 0.230
 Average Precision  (AP) @[ IoU=0.50:0.95 | area= small | maxDets=100 ] = 0.081
 Average Precision  (AP) @[ IoU=0.50:0.95 | area=medium | maxDets=100 ] = 0.239
 Average Precision  (AP) @[ IoU=0.50:0.95 | area= large | maxDets=100 ] = 0.278
 Average Recall     (AR) @[ IoU=0.50:0.95 | area=   all | maxDets=  1 ] = 0.226
 Average Recall     (AR) @[ IoU=0.50:0.95 | area=   all | maxDets= 10 ] = 0.330
 Average Recall     (AR) @[ IoU=0.50:0.95 | area=   all | maxDets=100 ] = 0.339
 Average Recall     (AR) @[ IoU=0.50:0.95 | area= small | maxDets=100 ] = 0.119
 Average Recall     (AR) @[ IoU=0.50:0.95 | area=medium | maxDets=100 ] = 0.367
 Average Recall     (AR) @[ IoU=0.50:0.95 | area= large | maxDets=100 ] = 0.464
sweep 30/96: alpha=1.5, beta=1.0, threshold=0.1, top_k=50, nms=0.6
creating index...
index created!
Loading and preparing results...
DONE (t=0.01s)
creating index...
index created!
Running per image evaluation...
Evaluate annotation type *bbox*
DONE (t=1.51s).
Accumulating evaluation results...
DONE (t=0.54s).
 Average Precision  (AP) @[ IoU=0.50:0.95 | area=   all | maxDets=100 ] = 0.203
 Average Precision  (AP) @[ IoU=0.50      | area=   all | maxDets=100 ] = 0.301
 Average Precision  (AP) @[ IoU=0.75      | area=   all | maxDets=100 ] = 0.230
 Average Precision  (AP) @[ IoU=0.50:0.95 | area= small | maxDets=100 ] = 0.081
 Average Precision  (AP) @[ IoU=0.50:0.95 | area=medium | maxDets=100 ] = 0.236
 Average Precision  (AP) @[ IoU=0.50:0.95 | area= large | maxDets=100 ] = 0.272
 Average Recall     (AR) @[ IoU=0.50:0.95 | area=   all | maxDets=  1 ] = 0.224
 Average Recall     (AR) @[ IoU=0.50:0.95 | area=   all | maxDets= 10 ] = 0.335
 Average Recall     (AR) @[ IoU=0.50:0.95 | area=   all | maxDets=100 ] = 0.347
 Average Recall     (AR) @[ IoU=0.50:0.95 | area= small | maxDets=100 ] = 0.127
 Average Recall     (AR) @[ IoU=0.50:0.95 | area=medium | maxDets=100 ] = 0.376
 Average Recall     (AR) @[ IoU=0.50:0.95 | area= large | maxDets=100 ] = 0.470
sweep 31/96: alpha=1.5, beta=1.0, threshold=0.1, top_k=100, nms=0.4
creating index...
index created!
Loading and preparing results...
DONE (t=0.01s)
creating index...
index created!
Running per image evaluation...
Evaluate annotation type *bbox*
DONE (t=1.61s).
Accumulating evaluation results...
DONE (t=0.55s).
 Average Precision  (AP) @[ IoU=0.50:0.95 | area=   all | maxDets=100 ] = 0.208
 Average Precision  (AP) @[ IoU=0.50      | area=   all | maxDets=100 ] = 0.318
 Average Precision  (AP) @[ IoU=0.75      | area=   all | maxDets=100 ] = 0.230
 Average Precision  (AP) @[ IoU=0.50:0.95 | area= small | maxDets=100 ] = 0.082
 Average Precision  (AP) @[ IoU=0.50:0.95 | area=medium | maxDets=100 ] = 0.238
 Average Precision  (AP) @[ IoU=0.50:0.95 | area= large | maxDets=100 ] = 0.278
 Average Recall     (AR) @[ IoU=0.50:0.95 | area=   all | maxDets=  1 ] = 0.228
 Average Recall     (AR) @[ IoU=0.50:0.95 | area=   all | maxDets= 10 ] = 0.330
 Average Recall     (AR) @[ IoU=0.50:0.95 | area=   all | maxDets=100 ] = 0.338
 Average Recall     (AR) @[ IoU=0.50:0.95 | area= small | maxDets=100 ] = 0.125
 Average Recall     (AR) @[ IoU=0.50:0.95 | area=medium | maxDets=100 ] = 0.365
 Average Recall     (AR) @[ IoU=0.50:0.95 | area= large | maxDets=100 ] = 0.450
sweep 32/96: alpha=1.5, beta=1.0, threshold=0.1, top_k=100, nms=0.5
creating index...
index created!
Loading and preparing results...
DONE (t=0.10s)
creating index...
index created!
Running per image evaluation...
Evaluate annotation type *bbox*
DONE (t=1.79s).
Accumulating evaluation results...
DONE (t=0.56s).
 Average Precision  (AP) @[ IoU=0.50:0.95 | area=   all | maxDets=100 ] = 0.208
 Average Precision  (AP) @[ IoU=0.50      | area=   all | maxDets=100 ] = 0.315
 Average Precision  (AP) @[ IoU=0.75      | area=   all | maxDets=100 ] = 0.230
 Average Precision  (AP) @[ IoU=0.50:0.95 | area= small | maxDets=100 ] = 0.084
 Average Precision  (AP) @[ IoU=0.50:0.95 | area=medium | maxDets=100 ] = 0.240
 Average Precision  (AP) @[ IoU=0.50:0.95 | area= large | maxDets=100 ] = 0.278
 Average Recall     (AR) @[ IoU=0.50:0.95 | area=   all | maxDets=  1 ] = 0.227
 Average Recall     (AR) @[ IoU=0.50:0.95 | area=   all | maxDets= 10 ] = 0.336
 Average Recall     (AR) @[ IoU=0.50:0.95 | area=   all | maxDets=100 ] = 0.348
 Average Recall     (AR) @[ IoU=0.50:0.95 | area= small | maxDets=100 ] = 0.130
 Average Recall     (AR) @[ IoU=0.50:0.95 | area=medium | maxDets=100 ] = 0.376
 Average Recall     (AR) @[ IoU=0.50:0.95 | area= large | maxDets=100 ] = 0.466
sweep 33/96: alpha=1.5, beta=1.0, threshold=0.1, top_k=100, nms=0.6
creating index...
index created!
Loading and preparing results...
DONE (t=0.02s)
creating index...
index created!
Running per image evaluation...
Evaluate annotation type *bbox*
DONE (t=1.94s).
Accumulating evaluation results...
DONE (t=0.61s).
 Average Precision  (AP) @[ IoU=0.50:0.95 | area=   all | maxDets=100 ] = 0.205
 Average Precision  (AP) @[ IoU=0.50      | area=   all | maxDets=100 ] = 0.304
 Average Precision  (AP) @[ IoU=0.75      | area=   all | maxDets=100 ] = 0.231
 Average Precision  (AP) @[ IoU=0.50:0.95 | area= small | maxDets=100 ] = 0.084
 Average Precision  (AP) @[ IoU=0.50:0.95 | area=medium | maxDets=100 ] = 0.238
 Average Precision  (AP) @[ IoU=0.50:0.95 | area= large | maxDets=100 ] = 0.273
 Average Recall     (AR) @[ IoU=0.50:0.95 | area=   all | maxDets=  1 ] = 0.227
 Average Recall     (AR) @[ IoU=0.50:0.95 | area=   all | maxDets= 10 ] = 0.346
 Average Recall     (AR) @[ IoU=0.50:0.95 | area=   all | maxDets=100 ] = 0.362
 Average Recall     (AR) @[ IoU=0.50:0.95 | area= small | maxDets=100 ] = 0.141
 Average Recall     (AR) @[ IoU=0.50:0.95 | area=medium | maxDets=100 ] = 0.395
 Average Recall     (AR) @[ IoU=0.50:0.95 | area= large | maxDets=100 ] = 0.479
sweep 34/96: alpha=1.5, beta=1.0, threshold=0.1, top_k=200, nms=0.4
creating index...
index created!
Loading and preparing results...
DONE (t=0.13s)
creating index...
index created!
Running per image evaluation...
Evaluate annotation type *bbox*
DONE (t=1.68s).
Accumulating evaluation results...
DONE (t=0.54s).
 Average Precision  (AP) @[ IoU=0.50:0.95 | area=   all | maxDets=100 ] = 0.208
 Average Precision  (AP) @[ IoU=0.50      | area=   all | maxDets=100 ] = 0.318
 Average Precision  (AP) @[ IoU=0.75      | area=   all | maxDets=100 ] = 0.230
 Average Precision  (AP) @[ IoU=0.50:0.95 | area= small | maxDets=100 ] = 0.082
 Average Precision  (AP) @[ IoU=0.50:0.95 | area=medium | maxDets=100 ] = 0.238
 Average Precision  (AP) @[ IoU=0.50:0.95 | area= large | maxDets=100 ] = 0.278
 Average Recall     (AR) @[ IoU=0.50:0.95 | area=   all | maxDets=  1 ] = 0.228
 Average Recall     (AR) @[ IoU=0.50:0.95 | area=   all | maxDets= 10 ] = 0.330
 Average Recall     (AR) @[ IoU=0.50:0.95 | area=   all | maxDets=100 ] = 0.338
 Average Recall     (AR) @[ IoU=0.50:0.95 | area= small | maxDets=100 ] = 0.125
 Average Recall     (AR) @[ IoU=0.50:0.95 | area=medium | maxDets=100 ] = 0.366
 Average Recall     (AR) @[ IoU=0.50:0.95 | area= large | maxDets=100 ] = 0.451
sweep 35/96: alpha=1.5, beta=1.0, threshold=0.1, top_k=200, nms=0.5
creating index...
index created!
Loading and preparing results...
DONE (t=0.02s)
creating index...
index created!
Running per image evaluation...
Evaluate annotation type *bbox*
DONE (t=1.88s).
Accumulating evaluation results...
DONE (t=0.56s).
 Average Precision  (AP) @[ IoU=0.50:0.95 | area=   all | maxDets=100 ] = 0.208
 Average Precision  (AP) @[ IoU=0.50      | area=   all | maxDets=100 ] = 0.315
 Average Precision  (AP) @[ IoU=0.75      | area=   all | maxDets=100 ] = 0.230
 Average Precision  (AP) @[ IoU=0.50:0.95 | area= small | maxDets=100 ] = 0.084
 Average Precision  (AP) @[ IoU=0.50:0.95 | area=medium | maxDets=100 ] = 0.240
 Average Precision  (AP) @[ IoU=0.50:0.95 | area= large | maxDets=100 ] = 0.278
 Average Recall     (AR) @[ IoU=0.50:0.95 | area=   all | maxDets=  1 ] = 0.228
 Average Recall     (AR) @[ IoU=0.50:0.95 | area=   all | maxDets= 10 ] = 0.337
 Average Recall     (AR) @[ IoU=0.50:0.95 | area=   all | maxDets=100 ] = 0.349
 Average Recall     (AR) @[ IoU=0.50:0.95 | area= small | maxDets=100 ] = 0.131
 Average Recall     (AR) @[ IoU=0.50:0.95 | area=medium | maxDets=100 ] = 0.379
 Average Recall     (AR) @[ IoU=0.50:0.95 | area= large | maxDets=100 ] = 0.466
sweep 36/96: alpha=1.5, beta=1.0, threshold=0.1, top_k=200, nms=0.6
creating index...
index created!
Loading and preparing results...
DONE (t=0.13s)
creating index...
index created!
Running per image evaluation...
Evaluate annotation type *bbox*
DONE (t=2.16s).
Accumulating evaluation results...
DONE (t=0.61s).
 Average Precision  (AP) @[ IoU=0.50:0.95 | area=   all | maxDets=100 ] = 0.205
 Average Precision  (AP) @[ IoU=0.50      | area=   all | maxDets=100 ] = 0.305
 Average Precision  (AP) @[ IoU=0.75      | area=   all | maxDets=100 ] = 0.231
 Average Precision  (AP) @[ IoU=0.50:0.95 | area= small | maxDets=100 ] = 0.086
 Average Precision  (AP) @[ IoU=0.50:0.95 | area=medium | maxDets=100 ] = 0.239
 Average Precision  (AP) @[ IoU=0.50:0.95 | area= large | maxDets=100 ] = 0.273
 Average Recall     (AR) @[ IoU=0.50:0.95 | area=   all | maxDets=  1 ] = 0.228
 Average Recall     (AR) @[ IoU=0.50:0.95 | area=   all | maxDets= 10 ] = 0.348
 Average Recall     (AR) @[ IoU=0.50:0.95 | area=   all | maxDets=100 ] = 0.367
 Average Recall     (AR) @[ IoU=0.50:0.95 | area= small | maxDets=100 ] = 0.145
 Average Recall     (AR) @[ IoU=0.50:0.95 | area=medium | maxDets=100 ] = 0.401
 Average Recall     (AR) @[ IoU=0.50:0.95 | area= large | maxDets=100 ] = 0.480
sweep 37/96: alpha=1.5, beta=1.0, threshold=0.2, top_k=20, nms=0.4
creating index...
index created!
Loading and preparing results...
DONE (t=0.01s)
creating index...
index created!
Running per image evaluation...
Evaluate annotation type *bbox*
DONE (t=0.89s).
Accumulating evaluation results...
DONE (t=0.40s).
 Average Precision  (AP) @[ IoU=0.50:0.95 | area=   all | maxDets=100 ] = 0.200
 Average Precision  (AP) @[ IoU=0.50      | area=   all | maxDets=100 ] = 0.302
 Average Precision  (AP) @[ IoU=0.75      | area=   all | maxDets=100 ] = 0.224
 Average Precision  (AP) @[ IoU=0.50:0.95 | area= small | maxDets=100 ] = 0.072
 Average Precision  (AP) @[ IoU=0.50:0.95 | area=medium | maxDets=100 ] = 0.225
 Average Precision  (AP) @[ IoU=0.50:0.95 | area= large | maxDets=100 ] = 0.272
 Average Recall     (AR) @[ IoU=0.50:0.95 | area=   all | maxDets=  1 ] = 0.209
 Average Recall     (AR) @[ IoU=0.50:0.95 | area=   all | maxDets= 10 ] = 0.288
 Average Recall     (AR) @[ IoU=0.50:0.95 | area=   all | maxDets=100 ] = 0.290
 Average Recall     (AR) @[ IoU=0.50:0.95 | area= small | maxDets=100 ] = 0.093
 Average Recall     (AR) @[ IoU=0.50:0.95 | area=medium | maxDets=100 ] = 0.299
 Average Recall     (AR) @[ IoU=0.50:0.95 | area= large | maxDets=100 ] = 0.404
sweep 38/96: alpha=1.5, beta=1.0, threshold=0.2, top_k=20, nms=0.5
creating index...
index created!
Loading and preparing results...
DONE (t=0.01s)
creating index...
index created!
Running per image evaluation...
Evaluate annotation type *bbox*
DONE (t=0.97s).
Accumulating evaluation results...
DONE (t=0.40s).
 Average Precision  (AP) @[ IoU=0.50:0.95 | area=   all | maxDets=100 ] = 0.200
 Average Precision  (AP) @[ IoU=0.50      | area=   all | maxDets=100 ] = 0.297
 Average Precision  (AP) @[ IoU=0.75      | area=   all | maxDets=100 ] = 0.223
 Average Precision  (AP) @[ IoU=0.50:0.95 | area= small | maxDets=100 ] = 0.071
 Average Precision  (AP) @[ IoU=0.50:0.95 | area=medium | maxDets=100 ] = 0.226
 Average Precision  (AP) @[ IoU=0.50:0.95 | area= large | maxDets=100 ] = 0.271
 Average Recall     (AR) @[ IoU=0.50:0.95 | area=   all | maxDets=  1 ] = 0.207
 Average Recall     (AR) @[ IoU=0.50:0.95 | area=   all | maxDets= 10 ] = 0.289
 Average Recall     (AR) @[ IoU=0.50:0.95 | area=   all | maxDets=100 ] = 0.292
 Average Recall     (AR) @[ IoU=0.50:0.95 | area= small | maxDets=100 ] = 0.092
 Average Recall     (AR) @[ IoU=0.50:0.95 | area=medium | maxDets=100 ] = 0.300
 Average Recall     (AR) @[ IoU=0.50:0.95 | area= large | maxDets=100 ] = 0.407
sweep 39/96: alpha=1.5, beta=1.0, threshold=0.2, top_k=20, nms=0.6
creating index...
index created!
Loading and preparing results...
DONE (t=0.01s)
creating index...
index created!
Running per image evaluation...
Evaluate annotation type *bbox*
DONE (t=1.01s).
Accumulating evaluation results...
DONE (t=0.40s).
 Average Precision  (AP) @[ IoU=0.50:0.95 | area=   all | maxDets=100 ] = 0.195
 Average Precision  (AP) @[ IoU=0.50      | area=   all | maxDets=100 ] = 0.286
 Average Precision  (AP) @[ IoU=0.75      | area=   all | maxDets=100 ] = 0.221
 Average Precision  (AP) @[ IoU=0.50:0.95 | area= small | maxDets=100 ] = 0.065
 Average Precision  (AP) @[ IoU=0.50:0.95 | area=medium | maxDets=100 ] = 0.220
 Average Precision  (AP) @[ IoU=0.50:0.95 | area= large | maxDets=100 ] = 0.267
 Average Recall     (AR) @[ IoU=0.50:0.95 | area=   all | maxDets=  1 ] = 0.205
 Average Recall     (AR) @[ IoU=0.50:0.95 | area=   all | maxDets= 10 ] = 0.288
 Average Recall     (AR) @[ IoU=0.50:0.95 | area=   all | maxDets=100 ] = 0.291
 Average Recall     (AR) @[ IoU=0.50:0.95 | area= small | maxDets=100 ] = 0.084
 Average Recall     (AR) @[ IoU=0.50:0.95 | area=medium | maxDets=100 ] = 0.298
 Average Recall     (AR) @[ IoU=0.50:0.95 | area= large | maxDets=100 ] = 0.411
sweep 40/96: alpha=1.5, beta=1.0, threshold=0.2, top_k=50, nms=0.4
creating index...
index created!
Loading and preparing results...
DONE (t=0.01s)
creating index...
index created!
Running per image evaluation...
Evaluate annotation type *bbox*
DONE (t=1.15s).
Accumulating evaluation results...
DONE (t=0.42s).
 Average Precision  (AP) @[ IoU=0.50:0.95 | area=   all | maxDets=100 ] = 0.204
 Average Precision  (AP) @[ IoU=0.50      | area=   all | maxDets=100 ] = 0.309
 Average Precision  (AP) @[ IoU=0.75      | area=   all | maxDets=100 ] = 0.227
 Average Precision  (AP) @[ IoU=0.50:0.95 | area= small | maxDets=100 ] = 0.077
 Average Precision  (AP) @[ IoU=0.50:0.95 | area=medium | maxDets=100 ] = 0.232
 Average Precision  (AP) @[ IoU=0.50:0.95 | area= large | maxDets=100 ] = 0.275
 Average Recall     (AR) @[ IoU=0.50:0.95 | area=   all | maxDets=  1 ] = 0.214
 Average Recall     (AR) @[ IoU=0.50:0.95 | area=   all | maxDets= 10 ] = 0.299
 Average Recall     (AR) @[ IoU=0.50:0.95 | area=   all | maxDets=100 ] = 0.304
 Average Recall     (AR) @[ IoU=0.50:0.95 | area= small | maxDets=100 ] = 0.103
 Average Recall     (AR) @[ IoU=0.50:0.95 | area=medium | maxDets=100 ] = 0.323
 Average Recall     (AR) @[ IoU=0.50:0.95 | area= large | maxDets=100 ] = 0.423
sweep 41/96: alpha=1.5, beta=1.0, threshold=0.2, top_k=50, nms=0.5
creating index...
index created!
Loading and preparing results...
DONE (t=0.01s)
creating index...
index created!
Running per image evaluation...
Evaluate annotation type *bbox*
DONE (t=1.10s).
Accumulating evaluation results...
DONE (t=0.43s).
 Average Precision  (AP) @[ IoU=0.50:0.95 | area=   all | maxDets=100 ] = 0.203
 Average Precision  (AP) @[ IoU=0.50      | area=   all | maxDets=100 ] = 0.306
 Average Precision  (AP) @[ IoU=0.75      | area=   all | maxDets=100 ] = 0.227
 Average Precision  (AP) @[ IoU=0.50:0.95 | area= small | maxDets=100 ] = 0.077
 Average Precision  (AP) @[ IoU=0.50:0.95 | area=medium | maxDets=100 ] = 0.234
 Average Precision  (AP) @[ IoU=0.50:0.95 | area= large | maxDets=100 ] = 0.274
 Average Recall     (AR) @[ IoU=0.50:0.95 | area=   all | maxDets=  1 ] = 0.213
 Average Recall     (AR) @[ IoU=0.50:0.95 | area=   all | maxDets= 10 ] = 0.304
 Average Recall     (AR) @[ IoU=0.50:0.95 | area=   all | maxDets=100 ] = 0.311
 Average Recall     (AR) @[ IoU=0.50:0.95 | area= small | maxDets=100 ] = 0.105
 Average Recall     (AR) @[ IoU=0.50:0.95 | area=medium | maxDets=100 ] = 0.333
 Average Recall     (AR) @[ IoU=0.50:0.95 | area= large | maxDets=100 ] = 0.431
sweep 42/96: alpha=1.5, beta=1.0, threshold=0.2, top_k=50, nms=0.6
creating index...
index created!
Loading and preparing results...
DONE (t=0.01s)
creating index...
index created!
Running per image evaluation...
Evaluate annotation type *bbox*
DONE (t=1.35s).
Accumulating evaluation results...
DONE (t=0.44s).
 Average Precision  (AP) @[ IoU=0.50:0.95 | area=   all | maxDets=100 ] = 0.200
 Average Precision  (AP) @[ IoU=0.50      | area=   all | maxDets=100 ] = 0.295
 Average Precision  (AP) @[ IoU=0.75      | area=   all | maxDets=100 ] = 0.226
 Average Precision  (AP) @[ IoU=0.50:0.95 | area= small | maxDets=100 ] = 0.077
 Average Precision  (AP) @[ IoU=0.50:0.95 | area=medium | maxDets=100 ] = 0.232
 Average Precision  (AP) @[ IoU=0.50:0.95 | area= large | maxDets=100 ] = 0.269
 Average Recall     (AR) @[ IoU=0.50:0.95 | area=   all | maxDets=  1 ] = 0.213
 Average Recall     (AR) @[ IoU=0.50:0.95 | area=   all | maxDets= 10 ] = 0.309
 Average Recall     (AR) @[ IoU=0.50:0.95 | area=   all | maxDets=100 ] = 0.319
 Average Recall     (AR) @[ IoU=0.50:0.95 | area= small | maxDets=100 ] = 0.106
 Average Recall     (AR) @[ IoU=0.50:0.95 | area=medium | maxDets=100 ] = 0.348
 Average Recall     (AR) @[ IoU=0.50:0.95 | area= large | maxDets=100 ] = 0.436
sweep 43/96: alpha=1.5, beta=1.0, threshold=0.2, top_k=100, nms=0.4
creating index...
index created!
Loading and preparing results...
DONE (t=0.01s)
creating index...
index created!
Running per image evaluation...
Evaluate annotation type *bbox*
DONE (t=1.08s).
Accumulating evaluation results...
DONE (t=0.55s).
 Average Precision  (AP) @[ IoU=0.50:0.95 | area=   all | maxDets=100 ] = 0.204
 Average Precision  (AP) @[ IoU=0.50      | area=   all | maxDets=100 ] = 0.310
 Average Precision  (AP) @[ IoU=0.75      | area=   all | maxDets=100 ] = 0.227
 Average Precision  (AP) @[ IoU=0.50:0.95 | area= small | maxDets=100 ] = 0.077
 Average Precision  (AP) @[ IoU=0.50:0.95 | area=medium | maxDets=100 ] = 0.232
 Average Precision  (AP) @[ IoU=0.50:0.95 | area= large | maxDets=100 ] = 0.275
 Average Recall     (AR) @[ IoU=0.50:0.95 | area=   all | maxDets=  1 ] = 0.214
 Average Recall     (AR) @[ IoU=0.50:0.95 | area=   all | maxDets= 10 ] = 0.300
 Average Recall     (AR) @[ IoU=0.50:0.95 | area=   all | maxDets=100 ] = 0.306
 Average Recall     (AR) @[ IoU=0.50:0.95 | area= small | maxDets=100 ] = 0.104
 Average Recall     (AR) @[ IoU=0.50:0.95 | area=medium | maxDets=100 ] = 0.326
 Average Recall     (AR) @[ IoU=0.50:0.95 | area= large | maxDets=100 ] = 0.424
sweep 44/96: alpha=1.5, beta=1.0, threshold=0.2, top_k=100, nms=0.5
creating index...
index created!
Loading and preparing results...
DONE (t=0.01s)
creating index...
index created!
Running per image evaluation...
Evaluate annotation type *bbox*
DONE (t=1.19s).
Accumulating evaluation results...
DONE (t=0.44s).
 Average Precision  (AP) @[ IoU=0.50:0.95 | area=   all | maxDets=100 ] = 0.204
 Average Precision  (AP) @[ IoU=0.50      | area=   all | maxDets=100 ] = 0.306
 Average Precision  (AP) @[ IoU=0.75      | area=   all | maxDets=100 ] = 0.227
 Average Precision  (AP) @[ IoU=0.50:0.95 | area= small | maxDets=100 ] = 0.078
 Average Precision  (AP) @[ IoU=0.50:0.95 | area=medium | maxDets=100 ] = 0.234
 Average Precision  (AP) @[ IoU=0.50:0.95 | area= large | maxDets=100 ] = 0.274
 Average Recall     (AR) @[ IoU=0.50:0.95 | area=   all | maxDets=  1 ] = 0.214
 Average Recall     (AR) @[ IoU=0.50:0.95 | area=   all | maxDets= 10 ] = 0.304
 Average Recall     (AR) @[ IoU=0.50:0.95 | area=   all | maxDets=100 ] = 0.313
 Average Recall     (AR) @[ IoU=0.50:0.95 | area= small | maxDets=100 ] = 0.108
 Average Recall     (AR) @[ IoU=0.50:0.95 | area=medium | maxDets=100 ] = 0.335
 Average Recall     (AR) @[ IoU=0.50:0.95 | area= large | maxDets=100 ] = 0.431
sweep 45/96: alpha=1.5, beta=1.0, threshold=0.2, top_k=100, nms=0.6
creating index...
index created!
Loading and preparing results...
DONE (t=0.01s)
creating index...
index created!
Running per image evaluation...
Evaluate annotation type *bbox*
DONE (t=1.46s).
Accumulating evaluation results...
DONE (t=0.45s).
 Average Precision  (AP) @[ IoU=0.50:0.95 | area=   all | maxDets=100 ] = 0.201
 Average Precision  (AP) @[ IoU=0.50      | area=   all | maxDets=100 ] = 0.297
 Average Precision  (AP) @[ IoU=0.75      | area=   all | maxDets=100 ] = 0.226
 Average Precision  (AP) @[ IoU=0.50:0.95 | area= small | maxDets=100 ] = 0.078
 Average Precision  (AP) @[ IoU=0.50:0.95 | area=medium | maxDets=100 ] = 0.233
 Average Precision  (AP) @[ IoU=0.50:0.95 | area= large | maxDets=100 ] = 0.270
 Average Recall     (AR) @[ IoU=0.50:0.95 | area=   all | maxDets=  1 ] = 0.214
 Average Recall     (AR) @[ IoU=0.50:0.95 | area=   all | maxDets= 10 ] = 0.310
 Average Recall     (AR) @[ IoU=0.50:0.95 | area=   all | maxDets=100 ] = 0.323
 Average Recall     (AR) @[ IoU=0.50:0.95 | area= small | maxDets=100 ] = 0.111
 Average Recall     (AR) @[ IoU=0.50:0.95 | area=medium | maxDets=100 ] = 0.352
 Average Recall     (AR) @[ IoU=0.50:0.95 | area= large | maxDets=100 ] = 0.442
sweep 46/96: alpha=1.5, beta=1.0, threshold=0.2, top_k=200, nms=0.4
creating index...
index created!
Loading and preparing results...
DONE (t=0.01s)
creating index...
index created!
Running per image evaluation...
Evaluate annotation type *bbox*
DONE (t=1.21s).
Accumulating evaluation results...
DONE (t=0.42s).
 Average Precision  (AP) @[ IoU=0.50:0.95 | area=   all | maxDets=100 ] = 0.204
 Average Precision  (AP) @[ IoU=0.50      | area=   all | maxDets=100 ] = 0.310
 Average Precision  (AP) @[ IoU=0.75      | area=   all | maxDets=100 ] = 0.227
 Average Precision  (AP) @[ IoU=0.50:0.95 | area= small | maxDets=100 ] = 0.077
 Average Precision  (AP) @[ IoU=0.50:0.95 | area=medium | maxDets=100 ] = 0.232
 Average Precision  (AP) @[ IoU=0.50:0.95 | area= large | maxDets=100 ] = 0.275
 Average Recall     (AR) @[ IoU=0.50:0.95 | area=   all | maxDets=  1 ] = 0.214
 Average Recall     (AR) @[ IoU=0.50:0.95 | area=   all | maxDets= 10 ] = 0.300
 Average Recall     (AR) @[ IoU=0.50:0.95 | area=   all | maxDets=100 ] = 0.306
 Average Recall     (AR) @[ IoU=0.50:0.95 | area= small | maxDets=100 ] = 0.104
 Average Recall     (AR) @[ IoU=0.50:0.95 | area=medium | maxDets=100 ] = 0.326
 Average Recall     (AR) @[ IoU=0.50:0.95 | area= large | maxDets=100 ] = 0.424
sweep 47/96: alpha=1.5, beta=1.0, threshold=0.2, top_k=200, nms=0.5
creating index...
index created!
Loading and preparing results...
DONE (t=0.01s)
creating index...
index created!
Running per image evaluation...
Evaluate annotation type *bbox*
DONE (t=1.33s).
Accumulating evaluation results...
DONE (t=0.44s).
 Average Precision  (AP) @[ IoU=0.50:0.95 | area=   all | maxDets=100 ] = 0.204
 Average Precision  (AP) @[ IoU=0.50      | area=   all | maxDets=100 ] = 0.306
 Average Precision  (AP) @[ IoU=0.75      | area=   all | maxDets=100 ] = 0.227
 Average Precision  (AP) @[ IoU=0.50:0.95 | area= small | maxDets=100 ] = 0.078
 Average Precision  (AP) @[ IoU=0.50:0.95 | area=medium | maxDets=100 ] = 0.235
 Average Precision  (AP) @[ IoU=0.50:0.95 | area= large | maxDets=100 ] = 0.275
 Average Recall     (AR) @[ IoU=0.50:0.95 | area=   all | maxDets=  1 ] = 0.214
 Average Recall     (AR) @[ IoU=0.50:0.95 | area=   all | maxDets= 10 ] = 0.305
 Average Recall     (AR) @[ IoU=0.50:0.95 | area=   all | maxDets=100 ] = 0.314
 Average Recall     (AR) @[ IoU=0.50:0.95 | area= small | maxDets=100 ] = 0.108
 Average Recall     (AR) @[ IoU=0.50:0.95 | area=medium | maxDets=100 ] = 0.337
 Average Recall     (AR) @[ IoU=0.50:0.95 | area= large | maxDets=100 ] = 0.432
sweep 48/96: alpha=1.5, beta=1.0, threshold=0.2, top_k=200, nms=0.6
creating index...
index created!
Loading and preparing results...
DONE (t=0.01s)
creating index...
index created!
Running per image evaluation...
Evaluate annotation type *bbox*
DONE (t=1.48s).
Accumulating evaluation results...
DONE (t=0.45s).
 Average Precision  (AP) @[ IoU=0.50:0.95 | area=   all | maxDets=100 ] = 0.201
 Average Precision  (AP) @[ IoU=0.50      | area=   all | maxDets=100 ] = 0.297
 Average Precision  (AP) @[ IoU=0.75      | area=   all | maxDets=100 ] = 0.226
 Average Precision  (AP) @[ IoU=0.50:0.95 | area= small | maxDets=100 ] = 0.078
 Average Precision  (AP) @[ IoU=0.50:0.95 | area=medium | maxDets=100 ] = 0.233
 Average Precision  (AP) @[ IoU=0.50:0.95 | area= large | maxDets=100 ] = 0.270
 Average Recall     (AR) @[ IoU=0.50:0.95 | area=   all | maxDets=  1 ] = 0.214
 Average Recall     (AR) @[ IoU=0.50:0.95 | area=   all | maxDets= 10 ] = 0.311
 Average Recall     (AR) @[ IoU=0.50:0.95 | area=   all | maxDets=100 ] = 0.324
 Average Recall     (AR) @[ IoU=0.50:0.95 | area= small | maxDets=100 ] = 0.112
 Average Recall     (AR) @[ IoU=0.50:0.95 | area=medium | maxDets=100 ] = 0.353
 Average Recall     (AR) @[ IoU=0.50:0.95 | area= large | maxDets=100 ] = 0.442
sweep 49/96: alpha=2.0, beta=1.0, threshold=0.03, top_k=20, nms=0.4
creating index...
index created!
Loading and preparing results...
DONE (t=0.01s)
creating index...
index created!
Running per image evaluation...
Evaluate annotation type *bbox*
DONE (t=1.13s).
Accumulating evaluation results...
DONE (t=0.46s).
 Average Precision  (AP) @[ IoU=0.50:0.95 | area=   all | maxDets=100 ] = 0.206
 Average Precision  (AP) @[ IoU=0.50      | area=   all | maxDets=100 ] = 0.308
 Average Precision  (AP) @[ IoU=0.75      | area=   all | maxDets=100 ] = 0.229
 Average Precision  (AP) @[ IoU=0.50:0.95 | area= small | maxDets=100 ] = 0.077
 Average Precision  (AP) @[ IoU=0.50:0.95 | area=medium | maxDets=100 ] = 0.230
 Average Precision  (AP) @[ IoU=0.50:0.95 | area= large | maxDets=100 ] = 0.280
 Average Recall     (AR) @[ IoU=0.50:0.95 | area=   all | maxDets=  1 ] = 0.221
 Average Recall     (AR) @[ IoU=0.50:0.95 | area=   all | maxDets= 10 ] = 0.306
 Average Recall     (AR) @[ IoU=0.50:0.95 | area=   all | maxDets=100 ] = 0.309
 Average Recall     (AR) @[ IoU=0.50:0.95 | area= small | maxDets=100 ] = 0.106
 Average Recall     (AR) @[ IoU=0.50:0.95 | area=medium | maxDets=100 ] = 0.318
 Average Recall     (AR) @[ IoU=0.50:0.95 | area= large | maxDets=100 ] = 0.430
sweep 50/96: alpha=2.0, beta=1.0, threshold=0.03, top_k=20, nms=0.5
creating index...
index created!
Loading and preparing results...
DONE (t=0.01s)
creating index...
index created!
Running per image evaluation...
Evaluate annotation type *bbox*
DONE (t=1.12s).
Accumulating evaluation results...
DONE (t=0.45s).
 Average Precision  (AP) @[ IoU=0.50:0.95 | area=   all | maxDets=100 ] = 0.206
 Average Precision  (AP) @[ IoU=0.50      | area=   all | maxDets=100 ] = 0.304
 Average Precision  (AP) @[ IoU=0.75      | area=   all | maxDets=100 ] = 0.229
 Average Precision  (AP) @[ IoU=0.50:0.95 | area= small | maxDets=100 ] = 0.075
 Average Precision  (AP) @[ IoU=0.50:0.95 | area=medium | maxDets=100 ] = 0.233
 Average Precision  (AP) @[ IoU=0.50:0.95 | area= large | maxDets=100 ] = 0.280
 Average Recall     (AR) @[ IoU=0.50:0.95 | area=   all | maxDets=  1 ] = 0.220
 Average Recall     (AR) @[ IoU=0.50:0.95 | area=   all | maxDets= 10 ] = 0.309
 Average Recall     (AR) @[ IoU=0.50:0.95 | area=   all | maxDets=100 ] = 0.312
 Average Recall     (AR) @[ IoU=0.50:0.95 | area= small | maxDets=100 ] = 0.105
 Average Recall     (AR) @[ IoU=0.50:0.95 | area=medium | maxDets=100 ] = 0.326
 Average Recall     (AR) @[ IoU=0.50:0.95 | area= large | maxDets=100 ] = 0.437
sweep 51/96: alpha=2.0, beta=1.0, threshold=0.03, top_k=20, nms=0.6
creating index...
index created!
Loading and preparing results...
DONE (t=0.01s)
creating index...
index created!
Running per image evaluation...
Evaluate annotation type *bbox*
DONE (t=1.10s).
Accumulating evaluation results...
DONE (t=0.44s).
 Average Precision  (AP) @[ IoU=0.50:0.95 | area=   all | maxDets=100 ] = 0.201
 Average Precision  (AP) @[ IoU=0.50      | area=   all | maxDets=100 ] = 0.292
 Average Precision  (AP) @[ IoU=0.75      | area=   all | maxDets=100 ] = 0.227
 Average Precision  (AP) @[ IoU=0.50:0.95 | area= small | maxDets=100 ] = 0.071
 Average Precision  (AP) @[ IoU=0.50:0.95 | area=medium | maxDets=100 ] = 0.229
 Average Precision  (AP) @[ IoU=0.50:0.95 | area= large | maxDets=100 ] = 0.275
 Average Recall     (AR) @[ IoU=0.50:0.95 | area=   all | maxDets=  1 ] = 0.217
 Average Recall     (AR) @[ IoU=0.50:0.95 | area=   all | maxDets= 10 ] = 0.308
 Average Recall     (AR) @[ IoU=0.50:0.95 | area=   all | maxDets=100 ] = 0.312
 Average Recall     (AR) @[ IoU=0.50:0.95 | area= small | maxDets=100 ] = 0.098
 Average Recall     (AR) @[ IoU=0.50:0.95 | area=medium | maxDets=100 ] = 0.323
 Average Recall     (AR) @[ IoU=0.50:0.95 | area= large | maxDets=100 ] = 0.444
sweep 52/96: alpha=2.0, beta=1.0, threshold=0.03, top_k=50, nms=0.4
creating index...
index created!
Loading and preparing results...
DONE (t=0.02s)
creating index...
index created!
Running per image evaluation...
Evaluate annotation type *bbox*
DONE (t=1.59s).
Accumulating evaluation results...
DONE (t=0.58s).
 Average Precision  (AP) @[ IoU=0.50:0.95 | area=   all | maxDets=100 ] = 0.211
 Average Precision  (AP) @[ IoU=0.50      | area=   all | maxDets=100 ] = 0.320
 Average Precision  (AP) @[ IoU=0.75      | area=   all | maxDets=100 ] = 0.233
 Average Precision  (AP) @[ IoU=0.50:0.95 | area= small | maxDets=100 ] = 0.086
 Average Precision  (AP) @[ IoU=0.50:0.95 | area=medium | maxDets=100 ] = 0.240
 Average Precision  (AP) @[ IoU=0.50:0.95 | area= large | maxDets=100 ] = 0.285
 Average Recall     (AR) @[ IoU=0.50:0.95 | area=   all | maxDets=  1 ] = 0.233
 Average Recall     (AR) @[ IoU=0.50:0.95 | area=   all | maxDets= 10 ] = 0.340
 Average Recall     (AR) @[ IoU=0.50:0.95 | area=   all | maxDets=100 ] = 0.346
 Average Recall     (AR) @[ IoU=0.50:0.95 | area= small | maxDets=100 ] = 0.128
 Average Recall     (AR) @[ IoU=0.50:0.95 | area=medium | maxDets=100 ] = 0.372
 Average Recall     (AR) @[ IoU=0.50:0.95 | area= large | maxDets=100 ] = 0.475
sweep 53/96: alpha=2.0, beta=1.0, threshold=0.03, top_k=50, nms=0.5
creating index...
index created!
Loading and preparing results...
DONE (t=0.02s)
creating index...
index created!
Running per image evaluation...
Evaluate annotation type *bbox*
DONE (t=1.63s).
Accumulating evaluation results...
DONE (t=0.58s).
 Average Precision  (AP) @[ IoU=0.50:0.95 | area=   all | maxDets=100 ] = 0.211
 Average Precision  (AP) @[ IoU=0.50      | area=   all | maxDets=100 ] = 0.317
 Average Precision  (AP) @[ IoU=0.75      | area=   all | maxDets=100 ] = 0.233
 Average Precision  (AP) @[ IoU=0.50:0.95 | area= small | maxDets=100 ] = 0.085
 Average Precision  (AP) @[ IoU=0.50:0.95 | area=medium | maxDets=100 ] = 0.242
 Average Precision  (AP) @[ IoU=0.50:0.95 | area= large | maxDets=100 ] = 0.285
 Average Recall     (AR) @[ IoU=0.50:0.95 | area=   all | maxDets=  1 ] = 0.231
 Average Recall     (AR) @[ IoU=0.50:0.95 | area=   all | maxDets= 10 ] = 0.343
 Average Recall     (AR) @[ IoU=0.50:0.95 | area=   all | maxDets=100 ] = 0.351
 Average Recall     (AR) @[ IoU=0.50:0.95 | area= small | maxDets=100 ] = 0.129
 Average Recall     (AR) @[ IoU=0.50:0.95 | area=medium | maxDets=100 ] = 0.380
 Average Recall     (AR) @[ IoU=0.50:0.95 | area= large | maxDets=100 ] = 0.486
sweep 54/96: alpha=2.0, beta=1.0, threshold=0.03, top_k=50, nms=0.6
creating index...
index created!
Loading and preparing results...
DONE (t=0.11s)
creating index...
index created!
Running per image evaluation...
Evaluate annotation type *bbox*
DONE (t=1.53s).
Accumulating evaluation results...
DONE (t=0.58s).
 Average Precision  (AP) @[ IoU=0.50:0.95 | area=   all | maxDets=100 ] = 0.207
 Average Precision  (AP) @[ IoU=0.50      | area=   all | maxDets=100 ] = 0.305
 Average Precision  (AP) @[ IoU=0.75      | area=   all | maxDets=100 ] = 0.232
 Average Precision  (AP) @[ IoU=0.50:0.95 | area= small | maxDets=100 ] = 0.084
 Average Precision  (AP) @[ IoU=0.50:0.95 | area=medium | maxDets=100 ] = 0.241
 Average Precision  (AP) @[ IoU=0.50:0.95 | area= large | maxDets=100 ] = 0.279
 Average Recall     (AR) @[ IoU=0.50:0.95 | area=   all | maxDets=  1 ] = 0.230
 Average Recall     (AR) @[ IoU=0.50:0.95 | area=   all | maxDets= 10 ] = 0.345
 Average Recall     (AR) @[ IoU=0.50:0.95 | area=   all | maxDets=100 ] = 0.356
 Average Recall     (AR) @[ IoU=0.50:0.95 | area= small | maxDets=100 ] = 0.128
 Average Recall     (AR) @[ IoU=0.50:0.95 | area=medium | maxDets=100 ] = 0.388
 Average Recall     (AR) @[ IoU=0.50:0.95 | area= large | maxDets=100 ] = 0.492
sweep 55/96: alpha=2.0, beta=1.0, threshold=0.03, top_k=100, nms=0.4
creating index...
index created!
Loading and preparing results...
DONE (t=0.12s)
creating index...
index created!
Running per image evaluation...
Evaluate annotation type *bbox*
DONE (t=2.01s).
Accumulating evaluation results...
DONE (t=0.66s).
 Average Precision  (AP) @[ IoU=0.50:0.95 | area=   all | maxDets=100 ] = 0.212
 Average Precision  (AP) @[ IoU=0.50      | area=   all | maxDets=100 ] = 0.323
 Average Precision  (AP) @[ IoU=0.75      | area=   all | maxDets=100 ] = 0.233
 Average Precision  (AP) @[ IoU=0.50:0.95 | area= small | maxDets=100 ] = 0.087
 Average Precision  (AP) @[ IoU=0.50:0.95 | area=medium | maxDets=100 ] = 0.241
 Average Precision  (AP) @[ IoU=0.50:0.95 | area= large | maxDets=100 ] = 0.285
 Average Recall     (AR) @[ IoU=0.50:0.95 | area=   all | maxDets=  1 ] = 0.234
 Average Recall     (AR) @[ IoU=0.50:0.95 | area=   all | maxDets= 10 ] = 0.346
 Average Recall     (AR) @[ IoU=0.50:0.95 | area=   all | maxDets=100 ] = 0.356
 Average Recall     (AR) @[ IoU=0.50:0.95 | area= small | maxDets=100 ] = 0.136
 Average Recall     (AR) @[ IoU=0.50:0.95 | area=medium | maxDets=100 ] = 0.383
 Average Recall     (AR) @[ IoU=0.50:0.95 | area= large | maxDets=100 ] = 0.478
sweep 56/96: alpha=2.0, beta=1.0, threshold=0.03, top_k=100, nms=0.5
creating index...
index created!
Loading and preparing results...
DONE (t=0.03s)
creating index...
index created!
Running per image evaluation...
Evaluate annotation type *bbox*
DONE (t=2.15s).
Accumulating evaluation results...
DONE (t=0.67s).
 Average Precision  (AP) @[ IoU=0.50:0.95 | area=   all | maxDets=100 ] = 0.212
 Average Precision  (AP) @[ IoU=0.50      | area=   all | maxDets=100 ] = 0.319
 Average Precision  (AP) @[ IoU=0.75      | area=   all | maxDets=100 ] = 0.234
 Average Precision  (AP) @[ IoU=0.50:0.95 | area= small | maxDets=100 ] = 0.089
 Average Precision  (AP) @[ IoU=0.50:0.95 | area=medium | maxDets=100 ] = 0.244
 Average Precision  (AP) @[ IoU=0.50:0.95 | area= large | maxDets=100 ] = 0.285
 Average Recall     (AR) @[ IoU=0.50:0.95 | area=   all | maxDets=  1 ] = 0.234
 Average Recall     (AR) @[ IoU=0.50:0.95 | area=   all | maxDets= 10 ] = 0.352
 Average Recall     (AR) @[ IoU=0.50:0.95 | area=   all | maxDets=100 ] = 0.365
 Average Recall     (AR) @[ IoU=0.50:0.95 | area= small | maxDets=100 ] = 0.141
 Average Recall     (AR) @[ IoU=0.50:0.95 | area=medium | maxDets=100 ] = 0.395
 Average Recall     (AR) @[ IoU=0.50:0.95 | area= large | maxDets=100 ] = 0.492
sweep 57/96: alpha=2.0, beta=1.0, threshold=0.03, top_k=100, nms=0.6
creating index...
index created!
Loading and preparing results...
DONE (t=0.03s)
creating index...
index created!
Running per image evaluation...
Evaluate annotation type *bbox*
DONE (t=2.23s).
Accumulating evaluation results...
DONE (t=0.68s).
 Average Precision  (AP) @[ IoU=0.50:0.95 | area=   all | maxDets=100 ] = 0.209
 Average Precision  (AP) @[ IoU=0.50      | area=   all | maxDets=100 ] = 0.308
 Average Precision  (AP) @[ IoU=0.75      | area=   all | maxDets=100 ] = 0.233
 Average Precision  (AP) @[ IoU=0.50:0.95 | area= small | maxDets=100 ] = 0.088
 Average Precision  (AP) @[ IoU=0.50:0.95 | area=medium | maxDets=100 ] = 0.243
 Average Precision  (AP) @[ IoU=0.50:0.95 | area= large | maxDets=100 ] = 0.279
 Average Recall     (AR) @[ IoU=0.50:0.95 | area=   all | maxDets=  1 ] = 0.233
 Average Recall     (AR) @[ IoU=0.50:0.95 | area=   all | maxDets= 10 ] = 0.360
 Average Recall     (AR) @[ IoU=0.50:0.95 | area=   all | maxDets=100 ] = 0.377
 Average Recall     (AR) @[ IoU=0.50:0.95 | area= small | maxDets=100 ] = 0.144
 Average Recall     (AR) @[ IoU=0.50:0.95 | area=medium | maxDets=100 ] = 0.412
 Average Recall     (AR) @[ IoU=0.50:0.95 | area= large | maxDets=100 ] = 0.505
sweep 58/96: alpha=2.0, beta=1.0, threshold=0.03, top_k=200, nms=0.4
creating index...
index created!
Loading and preparing results...
DONE (t=0.02s)
creating index...
index created!
Running per image evaluation...
Evaluate annotation type *bbox*
DONE (t=2.17s).
Accumulating evaluation results...
DONE (t=0.68s).
 Average Precision  (AP) @[ IoU=0.50:0.95 | area=   all | maxDets=100 ] = 0.212
 Average Precision  (AP) @[ IoU=0.50      | area=   all | maxDets=100 ] = 0.323
 Average Precision  (AP) @[ IoU=0.75      | area=   all | maxDets=100 ] = 0.233
 Average Precision  (AP) @[ IoU=0.50:0.95 | area= small | maxDets=100 ] = 0.087
 Average Precision  (AP) @[ IoU=0.50:0.95 | area=medium | maxDets=100 ] = 0.241
 Average Precision  (AP) @[ IoU=0.50:0.95 | area= large | maxDets=100 ] = 0.285
 Average Recall     (AR) @[ IoU=0.50:0.95 | area=   all | maxDets=  1 ] = 0.234
 Average Recall     (AR) @[ IoU=0.50:0.95 | area=   all | maxDets= 10 ] = 0.347
 Average Recall     (AR) @[ IoU=0.50:0.95 | area=   all | maxDets=100 ] = 0.358
 Average Recall     (AR) @[ IoU=0.50:0.95 | area= small | maxDets=100 ] = 0.141
 Average Recall     (AR) @[ IoU=0.50:0.95 | area=medium | maxDets=100 ] = 0.386
 Average Recall     (AR) @[ IoU=0.50:0.95 | area= large | maxDets=100 ] = 0.478
sweep 59/96: alpha=2.0, beta=1.0, threshold=0.03, top_k=200, nms=0.5
creating index...
index created!
Loading and preparing results...
DONE (t=0.13s)
creating index...
index created!
Running per image evaluation...
Evaluate annotation type *bbox*
DONE (t=2.31s).
Accumulating evaluation results...
DONE (t=0.72s).
 Average Precision  (AP) @[ IoU=0.50:0.95 | area=   all | maxDets=100 ] = 0.213
 Average Precision  (AP) @[ IoU=0.50      | area=   all | maxDets=100 ] = 0.320
 Average Precision  (AP) @[ IoU=0.75      | area=   all | maxDets=100 ] = 0.234
 Average Precision  (AP) @[ IoU=0.50:0.95 | area= small | maxDets=100 ] = 0.090
 Average Precision  (AP) @[ IoU=0.50:0.95 | area=medium | maxDets=100 ] = 0.244
 Average Precision  (AP) @[ IoU=0.50:0.95 | area= large | maxDets=100 ] = 0.286
 Average Recall     (AR) @[ IoU=0.50:0.95 | area=   all | maxDets=  1 ] = 0.234
 Average Recall     (AR) @[ IoU=0.50:0.95 | area=   all | maxDets= 10 ] = 0.354
 Average Recall     (AR) @[ IoU=0.50:0.95 | area=   all | maxDets=100 ] = 0.370
 Average Recall     (AR) @[ IoU=0.50:0.95 | area= small | maxDets=100 ] = 0.147
 Average Recall     (AR) @[ IoU=0.50:0.95 | area=medium | maxDets=100 ] = 0.399
 Average Recall     (AR) @[ IoU=0.50:0.95 | area= large | maxDets=100 ] = 0.494
sweep 60/96: alpha=2.0, beta=1.0, threshold=0.03, top_k=200, nms=0.6
creating index...
index created!
Loading and preparing results...
DONE (t=0.13s)
creating index...
index created!
Running per image evaluation...
Evaluate annotation type *bbox*
DONE (t=2.67s).
Accumulating evaluation results...
DONE (t=0.76s).
 Average Precision  (AP) @[ IoU=0.50:0.95 | area=   all | maxDets=100 ] = 0.209
 Average Precision  (AP) @[ IoU=0.50      | area=   all | maxDets=100 ] = 0.309
 Average Precision  (AP) @[ IoU=0.75      | area=   all | maxDets=100 ] = 0.234
 Average Precision  (AP) @[ IoU=0.50:0.95 | area= small | maxDets=100 ] = 0.090
 Average Precision  (AP) @[ IoU=0.50:0.95 | area=medium | maxDets=100 ] = 0.243
 Average Precision  (AP) @[ IoU=0.50:0.95 | area= large | maxDets=100 ] = 0.279
 Average Recall     (AR) @[ IoU=0.50:0.95 | area=   all | maxDets=  1 ] = 0.234
 Average Recall     (AR) @[ IoU=0.50:0.95 | area=   all | maxDets= 10 ] = 0.364
 Average Recall     (AR) @[ IoU=0.50:0.95 | area=   all | maxDets=100 ] = 0.385
 Average Recall     (AR) @[ IoU=0.50:0.95 | area= small | maxDets=100 ] = 0.153
 Average Recall     (AR) @[ IoU=0.50:0.95 | area=medium | maxDets=100 ] = 0.421
 Average Recall     (AR) @[ IoU=0.50:0.95 | area= large | maxDets=100 ] = 0.508
sweep 61/96: alpha=2.0, beta=1.0, threshold=0.05, top_k=20, nms=0.4
creating index...
index created!
Loading and preparing results...
DONE (t=0.01s)
creating index...
index created!
Running per image evaluation...
Evaluate annotation type *bbox*
DONE (t=1.06s).
Accumulating evaluation results...
DONE (t=0.45s).
 Average Precision  (AP) @[ IoU=0.50:0.95 | area=   all | maxDets=100 ] = 0.206
 Average Precision  (AP) @[ IoU=0.50      | area=   all | maxDets=100 ] = 0.308
 Average Precision  (AP) @[ IoU=0.75      | area=   all | maxDets=100 ] = 0.229
 Average Precision  (AP) @[ IoU=0.50:0.95 | area= small | maxDets=100 ] = 0.077
 Average Precision  (AP) @[ IoU=0.50:0.95 | area=medium | maxDets=100 ] = 0.230
 Average Precision  (AP) @[ IoU=0.50:0.95 | area= large | maxDets=100 ] = 0.280
 Average Recall     (AR) @[ IoU=0.50:0.95 | area=   all | maxDets=  1 ] = 0.221
 Average Recall     (AR) @[ IoU=0.50:0.95 | area=   all | maxDets= 10 ] = 0.306
 Average Recall     (AR) @[ IoU=0.50:0.95 | area=   all | maxDets=100 ] = 0.308
 Average Recall     (AR) @[ IoU=0.50:0.95 | area= small | maxDets=100 ] = 0.106
 Average Recall     (AR) @[ IoU=0.50:0.95 | area=medium | maxDets=100 ] = 0.318
 Average Recall     (AR) @[ IoU=0.50:0.95 | area= large | maxDets=100 ] = 0.430
sweep 62/96: alpha=2.0, beta=1.0, threshold=0.05, top_k=20, nms=0.5
creating index...
index created!
Loading and preparing results...
DONE (t=0.09s)
creating index...
index created!
Running per image evaluation...
Evaluate annotation type *bbox*
DONE (t=0.98s).
Accumulating evaluation results...
DONE (t=0.44s).
 Average Precision  (AP) @[ IoU=0.50:0.95 | area=   all | maxDets=100 ] = 0.206
 Average Precision  (AP) @[ IoU=0.50      | area=   all | maxDets=100 ] = 0.304
 Average Precision  (AP) @[ IoU=0.75      | area=   all | maxDets=100 ] = 0.229
 Average Precision  (AP) @[ IoU=0.50:0.95 | area= small | maxDets=100 ] = 0.075
 Average Precision  (AP) @[ IoU=0.50:0.95 | area=medium | maxDets=100 ] = 0.233
 Average Precision  (AP) @[ IoU=0.50:0.95 | area= large | maxDets=100 ] = 0.280
 Average Recall     (AR) @[ IoU=0.50:0.95 | area=   all | maxDets=  1 ] = 0.220
 Average Recall     (AR) @[ IoU=0.50:0.95 | area=   all | maxDets= 10 ] = 0.309
 Average Recall     (AR) @[ IoU=0.50:0.95 | area=   all | maxDets=100 ] = 0.312
 Average Recall     (AR) @[ IoU=0.50:0.95 | area= small | maxDets=100 ] = 0.105
 Average Recall     (AR) @[ IoU=0.50:0.95 | area=medium | maxDets=100 ] = 0.326
 Average Recall     (AR) @[ IoU=0.50:0.95 | area= large | maxDets=100 ] = 0.437
sweep 63/96: alpha=2.0, beta=1.0, threshold=0.05, top_k=20, nms=0.6
creating index...
index created!
Loading and preparing results...
DONE (t=0.01s)
creating index...
index created!
Running per image evaluation...
Evaluate annotation type *bbox*
DONE (t=1.09s).
Accumulating evaluation results...
DONE (t=0.44s).
 Average Precision  (AP) @[ IoU=0.50:0.95 | area=   all | maxDets=100 ] = 0.201
 Average Precision  (AP) @[ IoU=0.50      | area=   all | maxDets=100 ] = 0.292
 Average Precision  (AP) @[ IoU=0.75      | area=   all | maxDets=100 ] = 0.227
 Average Precision  (AP) @[ IoU=0.50:0.95 | area= small | maxDets=100 ] = 0.071
 Average Precision  (AP) @[ IoU=0.50:0.95 | area=medium | maxDets=100 ] = 0.229
 Average Precision  (AP) @[ IoU=0.50:0.95 | area= large | maxDets=100 ] = 0.275
 Average Recall     (AR) @[ IoU=0.50:0.95 | area=   all | maxDets=  1 ] = 0.217
 Average Recall     (AR) @[ IoU=0.50:0.95 | area=   all | maxDets= 10 ] = 0.308
 Average Recall     (AR) @[ IoU=0.50:0.95 | area=   all | maxDets=100 ] = 0.312
 Average Recall     (AR) @[ IoU=0.50:0.95 | area= small | maxDets=100 ] = 0.098
 Average Recall     (AR) @[ IoU=0.50:0.95 | area=medium | maxDets=100 ] = 0.323
 Average Recall     (AR) @[ IoU=0.50:0.95 | area= large | maxDets=100 ] = 0.444
sweep 64/96: alpha=2.0, beta=1.0, threshold=0.05, top_k=50, nms=0.4
creating index...
index created!
Loading and preparing results...
DONE (t=0.01s)
creating index...
index created!
Running per image evaluation...
Evaluate annotation type *bbox*
DONE (t=1.49s).
Accumulating evaluation results...
DONE (t=0.55s).
 Average Precision  (AP) @[ IoU=0.50:0.95 | area=   all | maxDets=100 ] = 0.211
 Average Precision  (AP) @[ IoU=0.50      | area=   all | maxDets=100 ] = 0.320
 Average Precision  (AP) @[ IoU=0.75      | area=   all | maxDets=100 ] = 0.233
 Average Precision  (AP) @[ IoU=0.50:0.95 | area= small | maxDets=100 ] = 0.086
 Average Precision  (AP) @[ IoU=0.50:0.95 | area=medium | maxDets=100 ] = 0.239
 Average Precision  (AP) @[ IoU=0.50:0.95 | area= large | maxDets=100 ] = 0.285
 Average Recall     (AR) @[ IoU=0.50:0.95 | area=   all | maxDets=  1 ] = 0.231
 Average Recall     (AR) @[ IoU=0.50:0.95 | area=   all | maxDets= 10 ] = 0.337
 Average Recall     (AR) @[ IoU=0.50:0.95 | area=   all | maxDets=100 ] = 0.343
 Average Recall     (AR) @[ IoU=0.50:0.95 | area= small | maxDets=100 ] = 0.128
 Average Recall     (AR) @[ IoU=0.50:0.95 | area=medium | maxDets=100 ] = 0.369
 Average Recall     (AR) @[ IoU=0.50:0.95 | area= large | maxDets=100 ] = 0.468
sweep 65/96: alpha=2.0, beta=1.0, threshold=0.05, top_k=50, nms=0.5
creating index...
index created!
Loading and preparing results...
DONE (t=0.11s)
creating index...
index created!
Running per image evaluation...
Evaluate annotation type *bbox*
DONE (t=1.56s).
Accumulating evaluation results...
DONE (t=0.56s).
 Average Precision  (AP) @[ IoU=0.50:0.95 | area=   all | maxDets=100 ] = 0.211
 Average Precision  (AP) @[ IoU=0.50      | area=   all | maxDets=100 ] = 0.316
 Average Precision  (AP) @[ IoU=0.75      | area=   all | maxDets=100 ] = 0.233
 Average Precision  (AP) @[ IoU=0.50:0.95 | area= small | maxDets=100 ] = 0.085
 Average Precision  (AP) @[ IoU=0.50:0.95 | area=medium | maxDets=100 ] = 0.242
 Average Precision  (AP) @[ IoU=0.50:0.95 | area= large | maxDets=100 ] = 0.285
 Average Recall     (AR) @[ IoU=0.50:0.95 | area=   all | maxDets=  1 ] = 0.230
 Average Recall     (AR) @[ IoU=0.50:0.95 | area=   all | maxDets= 10 ] = 0.341
 Average Recall     (AR) @[ IoU=0.50:0.95 | area=   all | maxDets=100 ] = 0.349
 Average Recall     (AR) @[ IoU=0.50:0.95 | area= small | maxDets=100 ] = 0.128
 Average Recall     (AR) @[ IoU=0.50:0.95 | area=medium | maxDets=100 ] = 0.378
 Average Recall     (AR) @[ IoU=0.50:0.95 | area= large | maxDets=100 ] = 0.481
sweep 66/96: alpha=2.0, beta=1.0, threshold=0.05, top_k=50, nms=0.6
creating index...
index created!
Loading and preparing results...
DONE (t=0.02s)
creating index...
index created!
Running per image evaluation...
Evaluate annotation type *bbox*
DONE (t=1.60s).
Accumulating evaluation results...
DONE (t=0.56s).
 Average Precision  (AP) @[ IoU=0.50:0.95 | area=   all | maxDets=100 ] = 0.207
 Average Precision  (AP) @[ IoU=0.50      | area=   all | maxDets=100 ] = 0.305
 Average Precision  (AP) @[ IoU=0.75      | area=   all | maxDets=100 ] = 0.232
 Average Precision  (AP) @[ IoU=0.50:0.95 | area= small | maxDets=100 ] = 0.084
 Average Precision  (AP) @[ IoU=0.50:0.95 | area=medium | maxDets=100 ] = 0.241
 Average Precision  (AP) @[ IoU=0.50:0.95 | area= large | maxDets=100 ] = 0.278
 Average Recall     (AR) @[ IoU=0.50:0.95 | area=   all | maxDets=  1 ] = 0.229
 Average Recall     (AR) @[ IoU=0.50:0.95 | area=   all | maxDets= 10 ] = 0.344
 Average Recall     (AR) @[ IoU=0.50:0.95 | area=   all | maxDets=100 ] = 0.354
 Average Recall     (AR) @[ IoU=0.50:0.95 | area= small | maxDets=100 ] = 0.128
 Average Recall     (AR) @[ IoU=0.50:0.95 | area=medium | maxDets=100 ] = 0.387
 Average Recall     (AR) @[ IoU=0.50:0.95 | area= large | maxDets=100 ] = 0.487
sweep 67/96: alpha=2.0, beta=1.0, threshold=0.05, top_k=100, nms=0.4
creating index...
index created!
Loading and preparing results...
DONE (t=0.10s)
creating index...
index created!
Running per image evaluation...
Evaluate annotation type *bbox*
DONE (t=1.78s).
Accumulating evaluation results...
DONE (t=0.59s).
 Average Precision  (AP) @[ IoU=0.50:0.95 | area=   all | maxDets=100 ] = 0.211
 Average Precision  (AP) @[ IoU=0.50      | area=   all | maxDets=100 ] = 0.321
 Average Precision  (AP) @[ IoU=0.75      | area=   all | maxDets=100 ] = 0.233
 Average Precision  (AP) @[ IoU=0.50:0.95 | area= small | maxDets=100 ] = 0.087
 Average Precision  (AP) @[ IoU=0.50:0.95 | area=medium | maxDets=100 ] = 0.240
 Average Precision  (AP) @[ IoU=0.50:0.95 | area= large | maxDets=100 ] = 0.285
 Average Recall     (AR) @[ IoU=0.50:0.95 | area=   all | maxDets=  1 ] = 0.232
 Average Recall     (AR) @[ IoU=0.50:0.95 | area=   all | maxDets= 10 ] = 0.340
 Average Recall     (AR) @[ IoU=0.50:0.95 | area=   all | maxDets=100 ] = 0.349
 Average Recall     (AR) @[ IoU=0.50:0.95 | area= small | maxDets=100 ] = 0.135
 Average Recall     (AR) @[ IoU=0.50:0.95 | area=medium | maxDets=100 ] = 0.376
 Average Recall     (AR) @[ IoU=0.50:0.95 | area= large | maxDets=100 ] = 0.470
sweep 68/96: alpha=2.0, beta=1.0, threshold=0.05, top_k=100, nms=0.5
creating index...
index created!
Loading and preparing results...
DONE (t=0.11s)
creating index...
index created!
Running per image evaluation...
Evaluate annotation type *bbox*
DONE (t=1.95s).
Accumulating evaluation results...
DONE (t=0.61s).
 Average Precision  (AP) @[ IoU=0.50:0.95 | area=   all | maxDets=100 ] = 0.212
 Average Precision  (AP) @[ IoU=0.50      | area=   all | maxDets=100 ] = 0.319
 Average Precision  (AP) @[ IoU=0.75      | area=   all | maxDets=100 ] = 0.234
 Average Precision  (AP) @[ IoU=0.50:0.95 | area= small | maxDets=100 ] = 0.088
 Average Precision  (AP) @[ IoU=0.50:0.95 | area=medium | maxDets=100 ] = 0.243
 Average Precision  (AP) @[ IoU=0.50:0.95 | area= large | maxDets=100 ] = 0.285
 Average Recall     (AR) @[ IoU=0.50:0.95 | area=   all | maxDets=  1 ] = 0.232
 Average Recall     (AR) @[ IoU=0.50:0.95 | area=   all | maxDets= 10 ] = 0.347
 Average Recall     (AR) @[ IoU=0.50:0.95 | area=   all | maxDets=100 ] = 0.359
 Average Recall     (AR) @[ IoU=0.50:0.95 | area= small | maxDets=100 ] = 0.139
 Average Recall     (AR) @[ IoU=0.50:0.95 | area=medium | maxDets=100 ] = 0.387
 Average Recall     (AR) @[ IoU=0.50:0.95 | area= large | maxDets=100 ] = 0.484
sweep 69/96: alpha=2.0, beta=1.0, threshold=0.05, top_k=100, nms=0.6
creating index...
index created!
Loading and preparing results...
DONE (t=0.02s)
creating index...
index created!
Running per image evaluation...
Evaluate annotation type *bbox*
DONE (t=2.09s).
Accumulating evaluation results...
DONE (t=0.64s).
 Average Precision  (AP) @[ IoU=0.50:0.95 | area=   all | maxDets=100 ] = 0.208
 Average Precision  (AP) @[ IoU=0.50      | area=   all | maxDets=100 ] = 0.308
 Average Precision  (AP) @[ IoU=0.75      | area=   all | maxDets=100 ] = 0.233
 Average Precision  (AP) @[ IoU=0.50:0.95 | area= small | maxDets=100 ] = 0.088
 Average Precision  (AP) @[ IoU=0.50:0.95 | area=medium | maxDets=100 ] = 0.242
 Average Precision  (AP) @[ IoU=0.50:0.95 | area= large | maxDets=100 ] = 0.279
 Average Recall     (AR) @[ IoU=0.50:0.95 | area=   all | maxDets=  1 ] = 0.231
 Average Recall     (AR) @[ IoU=0.50:0.95 | area=   all | maxDets= 10 ] = 0.356
 Average Recall     (AR) @[ IoU=0.50:0.95 | area=   all | maxDets=100 ] = 0.372
 Average Recall     (AR) @[ IoU=0.50:0.95 | area= small | maxDets=100 ] = 0.143
 Average Recall     (AR) @[ IoU=0.50:0.95 | area=medium | maxDets=100 ] = 0.406
 Average Recall     (AR) @[ IoU=0.50:0.95 | area= large | maxDets=100 ] = 0.497
sweep 70/96: alpha=2.0, beta=1.0, threshold=0.05, top_k=200, nms=0.4
creating index...
index created!
Loading and preparing results...
DONE (t=0.11s)
creating index...
index created!
Running per image evaluation...
Evaluate annotation type *bbox*
DONE (t=1.87s).
Accumulating evaluation results...
DONE (t=0.60s).
 Average Precision  (AP) @[ IoU=0.50:0.95 | area=   all | maxDets=100 ] = 0.212
 Average Precision  (AP) @[ IoU=0.50      | area=   all | maxDets=100 ] = 0.322
 Average Precision  (AP) @[ IoU=0.75      | area=   all | maxDets=100 ] = 0.233
 Average Precision  (AP) @[ IoU=0.50:0.95 | area= small | maxDets=100 ] = 0.087
 Average Precision  (AP) @[ IoU=0.50:0.95 | area=medium | maxDets=100 ] = 0.240
 Average Precision  (AP) @[ IoU=0.50:0.95 | area= large | maxDets=100 ] = 0.285
 Average Recall     (AR) @[ IoU=0.50:0.95 | area=   all | maxDets=  1 ] = 0.232
 Average Recall     (AR) @[ IoU=0.50:0.95 | area=   all | maxDets= 10 ] = 0.341
 Average Recall     (AR) @[ IoU=0.50:0.95 | area=   all | maxDets=100 ] = 0.351
 Average Recall     (AR) @[ IoU=0.50:0.95 | area= small | maxDets=100 ] = 0.136
 Average Recall     (AR) @[ IoU=0.50:0.95 | area=medium | maxDets=100 ] = 0.377
 Average Recall     (AR) @[ IoU=0.50:0.95 | area= large | maxDets=100 ] = 0.470
sweep 71/96: alpha=2.0, beta=1.0, threshold=0.05, top_k=200, nms=0.5
creating index...
index created!
Loading and preparing results...
DONE (t=0.02s)
creating index...
index created!
Running per image evaluation...
Evaluate annotation type *bbox*
DONE (t=2.07s).
Accumulating evaluation results...
DONE (t=0.63s).
 Average Precision  (AP) @[ IoU=0.50:0.95 | area=   all | maxDets=100 ] = 0.212
 Average Precision  (AP) @[ IoU=0.50      | area=   all | maxDets=100 ] = 0.319
 Average Precision  (AP) @[ IoU=0.75      | area=   all | maxDets=100 ] = 0.234
 Average Precision  (AP) @[ IoU=0.50:0.95 | area= small | maxDets=100 ] = 0.089
 Average Precision  (AP) @[ IoU=0.50:0.95 | area=medium | maxDets=100 ] = 0.243
 Average Precision  (AP) @[ IoU=0.50:0.95 | area= large | maxDets=100 ] = 0.285
 Average Recall     (AR) @[ IoU=0.50:0.95 | area=   all | maxDets=  1 ] = 0.232
 Average Recall     (AR) @[ IoU=0.50:0.95 | area=   all | maxDets= 10 ] = 0.348
 Average Recall     (AR) @[ IoU=0.50:0.95 | area=   all | maxDets=100 ] = 0.361
 Average Recall     (AR) @[ IoU=0.50:0.95 | area= small | maxDets=100 ] = 0.142
 Average Recall     (AR) @[ IoU=0.50:0.95 | area=medium | maxDets=100 ] = 0.390
 Average Recall     (AR) @[ IoU=0.50:0.95 | area= large | maxDets=100 ] = 0.484
sweep 72/96: alpha=2.0, beta=1.0, threshold=0.05, top_k=200, nms=0.6
creating index...
index created!
Loading and preparing results...
DONE (t=0.13s)
creating index...
index created!
Running per image evaluation...
Evaluate annotation type *bbox*
DONE (t=2.41s).
Accumulating evaluation results...
DONE (t=0.67s).
 Average Precision  (AP) @[ IoU=0.50:0.95 | area=   all | maxDets=100 ] = 0.209
 Average Precision  (AP) @[ IoU=0.50      | area=   all | maxDets=100 ] = 0.309
 Average Precision  (AP) @[ IoU=0.75      | area=   all | maxDets=100 ] = 0.233
 Average Precision  (AP) @[ IoU=0.50:0.95 | area= small | maxDets=100 ] = 0.089
 Average Precision  (AP) @[ IoU=0.50:0.95 | area=medium | maxDets=100 ] = 0.243
 Average Precision  (AP) @[ IoU=0.50:0.95 | area= large | maxDets=100 ] = 0.279
 Average Recall     (AR) @[ IoU=0.50:0.95 | area=   all | maxDets=  1 ] = 0.232
 Average Recall     (AR) @[ IoU=0.50:0.95 | area=   all | maxDets= 10 ] = 0.358
 Average Recall     (AR) @[ IoU=0.50:0.95 | area=   all | maxDets=100 ] = 0.377
 Average Recall     (AR) @[ IoU=0.50:0.95 | area= small | maxDets=100 ] = 0.150
 Average Recall     (AR) @[ IoU=0.50:0.95 | area=medium | maxDets=100 ] = 0.412
 Average Recall     (AR) @[ IoU=0.50:0.95 | area= large | maxDets=100 ] = 0.498
sweep 73/96: alpha=2.0, beta=1.0, threshold=0.1, top_k=20, nms=0.4
creating index...
index created!
Loading and preparing results...
DONE (t=0.01s)
creating index...
index created!
Running per image evaluation...
Evaluate annotation type *bbox*
DONE (t=0.95s).
Accumulating evaluation results...
DONE (t=0.43s).
 Average Precision  (AP) @[ IoU=0.50:0.95 | area=   all | maxDets=100 ] = 0.205
 Average Precision  (AP) @[ IoU=0.50      | area=   all | maxDets=100 ] = 0.307
 Average Precision  (AP) @[ IoU=0.75      | area=   all | maxDets=100 ] = 0.228
 Average Precision  (AP) @[ IoU=0.50:0.95 | area= small | maxDets=100 ] = 0.076
 Average Precision  (AP) @[ IoU=0.50:0.95 | area=medium | maxDets=100 ] = 0.230
 Average Precision  (AP) @[ IoU=0.50:0.95 | area= large | maxDets=100 ] = 0.279
 Average Recall     (AR) @[ IoU=0.50:0.95 | area=   all | maxDets=  1 ] = 0.220
 Average Recall     (AR) @[ IoU=0.50:0.95 | area=   all | maxDets= 10 ] = 0.303
 Average Recall     (AR) @[ IoU=0.50:0.95 | area=   all | maxDets=100 ] = 0.305
 Average Recall     (AR) @[ IoU=0.50:0.95 | area= small | maxDets=100 ] = 0.102
 Average Recall     (AR) @[ IoU=0.50:0.95 | area=medium | maxDets=100 ] = 0.312
 Average Recall     (AR) @[ IoU=0.50:0.95 | area= large | maxDets=100 ] = 0.425
sweep 74/96: alpha=2.0, beta=1.0, threshold=0.1, top_k=20, nms=0.5
creating index...
index created!
Loading and preparing results...
DONE (t=0.01s)
creating index...
index created!
Running per image evaluation...
Evaluate annotation type *bbox*
DONE (t=1.03s).
Accumulating evaluation results...
DONE (t=0.42s).
 Average Precision  (AP) @[ IoU=0.50:0.95 | area=   all | maxDets=100 ] = 0.205
 Average Precision  (AP) @[ IoU=0.50      | area=   all | maxDets=100 ] = 0.303
 Average Precision  (AP) @[ IoU=0.75      | area=   all | maxDets=100 ] = 0.229
 Average Precision  (AP) @[ IoU=0.50:0.95 | area= small | maxDets=100 ] = 0.075
 Average Precision  (AP) @[ IoU=0.50:0.95 | area=medium | maxDets=100 ] = 0.232
 Average Precision  (AP) @[ IoU=0.50:0.95 | area= large | maxDets=100 ] = 0.279
 Average Recall     (AR) @[ IoU=0.50:0.95 | area=   all | maxDets=  1 ] = 0.218
 Average Recall     (AR) @[ IoU=0.50:0.95 | area=   all | maxDets= 10 ] = 0.306
 Average Recall     (AR) @[ IoU=0.50:0.95 | area=   all | maxDets=100 ] = 0.308
 Average Recall     (AR) @[ IoU=0.50:0.95 | area= small | maxDets=100 ] = 0.101
 Average Recall     (AR) @[ IoU=0.50:0.95 | area=medium | maxDets=100 ] = 0.320
 Average Recall     (AR) @[ IoU=0.50:0.95 | area= large | maxDets=100 ] = 0.427
sweep 75/96: alpha=2.0, beta=1.0, threshold=0.1, top_k=20, nms=0.6
creating index...
index created!
Loading and preparing results...
DONE (t=0.01s)
creating index...
index created!
Running per image evaluation...
Evaluate annotation type *bbox*
DONE (t=1.04s).
Accumulating evaluation results...
DONE (t=0.42s).
 Average Precision  (AP) @[ IoU=0.50:0.95 | area=   all | maxDets=100 ] = 0.201
 Average Precision  (AP) @[ IoU=0.50      | area=   all | maxDets=100 ] = 0.291
 Average Precision  (AP) @[ IoU=0.75      | area=   all | maxDets=100 ] = 0.227
 Average Precision  (AP) @[ IoU=0.50:0.95 | area= small | maxDets=100 ] = 0.071
 Average Precision  (AP) @[ IoU=0.50:0.95 | area=medium | maxDets=100 ] = 0.228
 Average Precision  (AP) @[ IoU=0.50:0.95 | area= large | maxDets=100 ] = 0.274
 Average Recall     (AR) @[ IoU=0.50:0.95 | area=   all | maxDets=  1 ] = 0.216
 Average Recall     (AR) @[ IoU=0.50:0.95 | area=   all | maxDets= 10 ] = 0.305
 Average Recall     (AR) @[ IoU=0.50:0.95 | area=   all | maxDets=100 ] = 0.309
 Average Recall     (AR) @[ IoU=0.50:0.95 | area= small | maxDets=100 ] = 0.098
 Average Recall     (AR) @[ IoU=0.50:0.95 | area=medium | maxDets=100 ] = 0.317
 Average Recall     (AR) @[ IoU=0.50:0.95 | area= large | maxDets=100 ] = 0.434
sweep 76/96: alpha=2.0, beta=1.0, threshold=0.1, top_k=50, nms=0.4
creating index...
index created!
Loading and preparing results...
DONE (t=0.01s)
creating index...
index created!
Running per image evaluation...
Evaluate annotation type *bbox*
DONE (t=1.31s).
Accumulating evaluation results...
DONE (t=0.48s).
 Average Precision  (AP) @[ IoU=0.50:0.95 | area=   all | maxDets=100 ] = 0.210
 Average Precision  (AP) @[ IoU=0.50      | area=   all | maxDets=100 ] = 0.317
 Average Precision  (AP) @[ IoU=0.75      | area=   all | maxDets=100 ] = 0.232
 Average Precision  (AP) @[ IoU=0.50:0.95 | area= small | maxDets=100 ] = 0.085
 Average Precision  (AP) @[ IoU=0.50:0.95 | area=medium | maxDets=100 ] = 0.237
 Average Precision  (AP) @[ IoU=0.50:0.95 | area= large | maxDets=100 ] = 0.283
 Average Recall     (AR) @[ IoU=0.50:0.95 | area=   all | maxDets=  1 ] = 0.227
 Average Recall     (AR) @[ IoU=0.50:0.95 | area=   all | maxDets= 10 ] = 0.324
 Average Recall     (AR) @[ IoU=0.50:0.95 | area=   all | maxDets=100 ] = 0.330
 Average Recall     (AR) @[ IoU=0.50:0.95 | area= small | maxDets=100 ] = 0.121
 Average Recall     (AR) @[ IoU=0.50:0.95 | area=medium | maxDets=100 ] = 0.351
 Average Recall     (AR) @[ IoU=0.50:0.95 | area= large | maxDets=100 ] = 0.450
sweep 77/96: alpha=2.0, beta=1.0, threshold=0.1, top_k=50, nms=0.5
creating index...
index created!
Loading and preparing results...
DONE (t=0.12s)
creating index...
index created!
Running per image evaluation...
Evaluate annotation type *bbox*
DONE (t=1.38s).
Accumulating evaluation results...
DONE (t=0.49s).
 Average Precision  (AP) @[ IoU=0.50:0.95 | area=   all | maxDets=100 ] = 0.210
 Average Precision  (AP) @[ IoU=0.50      | area=   all | maxDets=100 ] = 0.314
 Average Precision  (AP) @[ IoU=0.75      | area=   all | maxDets=100 ] = 0.233
 Average Precision  (AP) @[ IoU=0.50:0.95 | area= small | maxDets=100 ] = 0.084
 Average Precision  (AP) @[ IoU=0.50:0.95 | area=medium | maxDets=100 ] = 0.240
 Average Precision  (AP) @[ IoU=0.50:0.95 | area= large | maxDets=100 ] = 0.283
 Average Recall     (AR) @[ IoU=0.50:0.95 | area=   all | maxDets=  1 ] = 0.226
 Average Recall     (AR) @[ IoU=0.50:0.95 | area=   all | maxDets= 10 ] = 0.329
 Average Recall     (AR) @[ IoU=0.50:0.95 | area=   all | maxDets=100 ] = 0.337
 Average Recall     (AR) @[ IoU=0.50:0.95 | area= small | maxDets=100 ] = 0.122
 Average Recall     (AR) @[ IoU=0.50:0.95 | area=medium | maxDets=100 ] = 0.359
 Average Recall     (AR) @[ IoU=0.50:0.95 | area= large | maxDets=100 ] = 0.458
sweep 78/96: alpha=2.0, beta=1.0, threshold=0.1, top_k=50, nms=0.6
creating index...
index created!
Loading and preparing results...
DONE (t=0.01s)
creating index...
index created!
Running per image evaluation...
Evaluate annotation type *bbox*
DONE (t=1.46s).
Accumulating evaluation results...
DONE (t=0.50s).
 Average Precision  (AP) @[ IoU=0.50:0.95 | area=   all | maxDets=100 ] = 0.206
 Average Precision  (AP) @[ IoU=0.50      | area=   all | maxDets=100 ] = 0.303
 Average Precision  (AP) @[ IoU=0.75      | area=   all | maxDets=100 ] = 0.231
 Average Precision  (AP) @[ IoU=0.50:0.95 | area= small | maxDets=100 ] = 0.083
 Average Precision  (AP) @[ IoU=0.50:0.95 | area=medium | maxDets=100 ] = 0.239
 Average Precision  (AP) @[ IoU=0.50:0.95 | area= large | maxDets=100 ] = 0.277
 Average Recall     (AR) @[ IoU=0.50:0.95 | area=   all | maxDets=  1 ] = 0.225
 Average Recall     (AR) @[ IoU=0.50:0.95 | area=   all | maxDets= 10 ] = 0.333
 Average Recall     (AR) @[ IoU=0.50:0.95 | area=   all | maxDets=100 ] = 0.343
 Average Recall     (AR) @[ IoU=0.50:0.95 | area= small | maxDets=100 ] = 0.122
 Average Recall     (AR) @[ IoU=0.50:0.95 | area=medium | maxDets=100 ] = 0.369
 Average Recall     (AR) @[ IoU=0.50:0.95 | area= large | maxDets=100 ] = 0.467
sweep 79/96: alpha=2.0, beta=1.0, threshold=0.1, top_k=100, nms=0.4
creating index...
index created!
Loading and preparing results...
DONE (t=0.01s)
creating index...
index created!
Running per image evaluation...
Evaluate annotation type *bbox*
DONE (t=1.44s).
Accumulating evaluation results...
DONE (t=0.49s).
 Average Precision  (AP) @[ IoU=0.50:0.95 | area=   all | maxDets=100 ] = 0.210
 Average Precision  (AP) @[ IoU=0.50      | area=   all | maxDets=100 ] = 0.318
 Average Precision  (AP) @[ IoU=0.75      | area=   all | maxDets=100 ] = 0.232
 Average Precision  (AP) @[ IoU=0.50:0.95 | area= small | maxDets=100 ] = 0.084
 Average Precision  (AP) @[ IoU=0.50:0.95 | area=medium | maxDets=100 ] = 0.237
 Average Precision  (AP) @[ IoU=0.50:0.95 | area= large | maxDets=100 ] = 0.283
 Average Recall     (AR) @[ IoU=0.50:0.95 | area=   all | maxDets=  1 ] = 0.227
 Average Recall     (AR) @[ IoU=0.50:0.95 | area=   all | maxDets= 10 ] = 0.325
 Average Recall     (AR) @[ IoU=0.50:0.95 | area=   all | maxDets=100 ] = 0.333
 Average Recall     (AR) @[ IoU=0.50:0.95 | area= small | maxDets=100 ] = 0.123
 Average Recall     (AR) @[ IoU=0.50:0.95 | area=medium | maxDets=100 ] = 0.355
 Average Recall     (AR) @[ IoU=0.50:0.95 | area= large | maxDets=100 ] = 0.450
sweep 80/96: alpha=2.0, beta=1.0, threshold=0.1, top_k=100, nms=0.5
creating index...
index created!
Loading and preparing results...
DONE (t=0.01s)
creating index...
index created!
Running per image evaluation...
Evaluate annotation type *bbox*
DONE (t=1.57s).
Accumulating evaluation results...
DONE (t=0.51s).
 Average Precision  (AP) @[ IoU=0.50:0.95 | area=   all | maxDets=100 ] = 0.211
 Average Precision  (AP) @[ IoU=0.50      | area=   all | maxDets=100 ] = 0.315
 Average Precision  (AP) @[ IoU=0.75      | area=   all | maxDets=100 ] = 0.233
 Average Precision  (AP) @[ IoU=0.50:0.95 | area= small | maxDets=100 ] = 0.087
 Average Precision  (AP) @[ IoU=0.50:0.95 | area=medium | maxDets=100 ] = 0.241
 Average Precision  (AP) @[ IoU=0.50:0.95 | area= large | maxDets=100 ] = 0.283
 Average Recall     (AR) @[ IoU=0.50:0.95 | area=   all | maxDets=  1 ] = 0.227
 Average Recall     (AR) @[ IoU=0.50:0.95 | area=   all | maxDets= 10 ] = 0.332
 Average Recall     (AR) @[ IoU=0.50:0.95 | area=   all | maxDets=100 ] = 0.343
 Average Recall     (AR) @[ IoU=0.50:0.95 | area= small | maxDets=100 ] = 0.130
 Average Recall     (AR) @[ IoU=0.50:0.95 | area=medium | maxDets=100 ] = 0.365
 Average Recall     (AR) @[ IoU=0.50:0.95 | area= large | maxDets=100 ] = 0.458
sweep 81/96: alpha=2.0, beta=1.0, threshold=0.1, top_k=100, nms=0.6
creating index...
index created!
Loading and preparing results...
DONE (t=0.02s)
creating index...
index created!
Running per image evaluation...
Evaluate annotation type *bbox*
DONE (t=1.72s).
Accumulating evaluation results...
DONE (t=0.53s).
 Average Precision  (AP) @[ IoU=0.50:0.95 | area=   all | maxDets=100 ] = 0.207
 Average Precision  (AP) @[ IoU=0.50      | area=   all | maxDets=100 ] = 0.305
 Average Precision  (AP) @[ IoU=0.75      | area=   all | maxDets=100 ] = 0.232
 Average Precision  (AP) @[ IoU=0.50:0.95 | area= small | maxDets=100 ] = 0.087
 Average Precision  (AP) @[ IoU=0.50:0.95 | area=medium | maxDets=100 ] = 0.240
 Average Precision  (AP) @[ IoU=0.50:0.95 | area= large | maxDets=100 ] = 0.277
 Average Recall     (AR) @[ IoU=0.50:0.95 | area=   all | maxDets=  1 ] = 0.227
 Average Recall     (AR) @[ IoU=0.50:0.95 | area=   all | maxDets= 10 ] = 0.342
 Average Recall     (AR) @[ IoU=0.50:0.95 | area=   all | maxDets=100 ] = 0.355
 Average Recall     (AR) @[ IoU=0.50:0.95 | area= small | maxDets=100 ] = 0.134
 Average Recall     (AR) @[ IoU=0.50:0.95 | area=medium | maxDets=100 ] = 0.383
 Average Recall     (AR) @[ IoU=0.50:0.95 | area= large | maxDets=100 ] = 0.471
sweep 82/96: alpha=2.0, beta=1.0, threshold=0.1, top_k=200, nms=0.4
creating index...
index created!
Loading and preparing results...
DONE (t=0.01s)
creating index...
index created!
Running per image evaluation...
Evaluate annotation type *bbox*
DONE (t=1.43s).
Accumulating evaluation results...
DONE (t=0.49s).
 Average Precision  (AP) @[ IoU=0.50:0.95 | area=   all | maxDets=100 ] = 0.210
 Average Precision  (AP) @[ IoU=0.50      | area=   all | maxDets=100 ] = 0.318
 Average Precision  (AP) @[ IoU=0.75      | area=   all | maxDets=100 ] = 0.232
 Average Precision  (AP) @[ IoU=0.50:0.95 | area= small | maxDets=100 ] = 0.084
 Average Precision  (AP) @[ IoU=0.50:0.95 | area=medium | maxDets=100 ] = 0.238
 Average Precision  (AP) @[ IoU=0.50:0.95 | area= large | maxDets=100 ] = 0.283
 Average Recall     (AR) @[ IoU=0.50:0.95 | area=   all | maxDets=  1 ] = 0.227
 Average Recall     (AR) @[ IoU=0.50:0.95 | area=   all | maxDets= 10 ] = 0.325
 Average Recall     (AR) @[ IoU=0.50:0.95 | area=   all | maxDets=100 ] = 0.333
 Average Recall     (AR) @[ IoU=0.50:0.95 | area= small | maxDets=100 ] = 0.123
 Average Recall     (AR) @[ IoU=0.50:0.95 | area=medium | maxDets=100 ] = 0.355
 Average Recall     (AR) @[ IoU=0.50:0.95 | area= large | maxDets=100 ] = 0.450
sweep 83/96: alpha=2.0, beta=1.0, threshold=0.1, top_k=200, nms=0.5
creating index...
index created!
Loading and preparing results...
DONE (t=0.01s)
creating index...
index created!
Running per image evaluation...
Evaluate annotation type *bbox*
DONE (t=1.60s).
Accumulating evaluation results...
DONE (t=0.51s).
 Average Precision  (AP) @[ IoU=0.50:0.95 | area=   all | maxDets=100 ] = 0.211
 Average Precision  (AP) @[ IoU=0.50      | area=   all | maxDets=100 ] = 0.315
 Average Precision  (AP) @[ IoU=0.75      | area=   all | maxDets=100 ] = 0.233
 Average Precision  (AP) @[ IoU=0.50:0.95 | area= small | maxDets=100 ] = 0.087
 Average Precision  (AP) @[ IoU=0.50:0.95 | area=medium | maxDets=100 ] = 0.241
 Average Precision  (AP) @[ IoU=0.50:0.95 | area= large | maxDets=100 ] = 0.283
 Average Recall     (AR) @[ IoU=0.50:0.95 | area=   all | maxDets=  1 ] = 0.227
 Average Recall     (AR) @[ IoU=0.50:0.95 | area=   all | maxDets= 10 ] = 0.333
 Average Recall     (AR) @[ IoU=0.50:0.95 | area=   all | maxDets=100 ] = 0.343
 Average Recall     (AR) @[ IoU=0.50:0.95 | area= small | maxDets=100 ] = 0.130
 Average Recall     (AR) @[ IoU=0.50:0.95 | area=medium | maxDets=100 ] = 0.366
 Average Recall     (AR) @[ IoU=0.50:0.95 | area= large | maxDets=100 ] = 0.458
sweep 84/96: alpha=2.0, beta=1.0, threshold=0.1, top_k=200, nms=0.6
creating index...
index created!
Loading and preparing results...
DONE (t=0.11s)
creating index...
index created!
Running per image evaluation...
Evaluate annotation type *bbox*
DONE (t=1.71s).
Accumulating evaluation results...
DONE (t=0.53s).
 Average Precision  (AP) @[ IoU=0.50:0.95 | area=   all | maxDets=100 ] = 0.207
 Average Precision  (AP) @[ IoU=0.50      | area=   all | maxDets=100 ] = 0.305
 Average Precision  (AP) @[ IoU=0.75      | area=   all | maxDets=100 ] = 0.232
 Average Precision  (AP) @[ IoU=0.50:0.95 | area= small | maxDets=100 ] = 0.087
 Average Precision  (AP) @[ IoU=0.50:0.95 | area=medium | maxDets=100 ] = 0.240
 Average Precision  (AP) @[ IoU=0.50:0.95 | area= large | maxDets=100 ] = 0.278
 Average Recall     (AR) @[ IoU=0.50:0.95 | area=   all | maxDets=  1 ] = 0.227
 Average Recall     (AR) @[ IoU=0.50:0.95 | area=   all | maxDets= 10 ] = 0.343
 Average Recall     (AR) @[ IoU=0.50:0.95 | area=   all | maxDets=100 ] = 0.358
 Average Recall     (AR) @[ IoU=0.50:0.95 | area= small | maxDets=100 ] = 0.137
 Average Recall     (AR) @[ IoU=0.50:0.95 | area=medium | maxDets=100 ] = 0.387
 Average Recall     (AR) @[ IoU=0.50:0.95 | area= large | maxDets=100 ] = 0.471
sweep 85/96: alpha=2.0, beta=1.0, threshold=0.2, top_k=20, nms=0.4
creating index...
index created!
Loading and preparing results...
DONE (t=0.09s)
creating index...
index created!
Running per image evaluation...
Evaluate annotation type *bbox*
DONE (t=0.81s).
Accumulating evaluation results...
DONE (t=0.37s).
 Average Precision  (AP) @[ IoU=0.50:0.95 | area=   all | maxDets=100 ] = 0.202
 Average Precision  (AP) @[ IoU=0.50      | area=   all | maxDets=100 ] = 0.300
 Average Precision  (AP) @[ IoU=0.75      | area=   all | maxDets=100 ] = 0.225
 Average Precision  (AP) @[ IoU=0.50:0.95 | area= small | maxDets=100 ] = 0.072
 Average Precision  (AP) @[ IoU=0.50:0.95 | area=medium | maxDets=100 ] = 0.225
 Average Precision  (AP) @[ IoU=0.50:0.95 | area= large | maxDets=100 ] = 0.274
 Average Recall     (AR) @[ IoU=0.50:0.95 | area=   all | maxDets=  1 ] = 0.210
 Average Recall     (AR) @[ IoU=0.50:0.95 | area=   all | maxDets= 10 ] = 0.284
 Average Recall     (AR) @[ IoU=0.50:0.95 | area=   all | maxDets=100 ] = 0.286
 Average Recall     (AR) @[ IoU=0.50:0.95 | area= small | maxDets=100 ] = 0.094
 Average Recall     (AR) @[ IoU=0.50:0.95 | area=medium | maxDets=100 ] = 0.292
 Average Recall     (AR) @[ IoU=0.50:0.95 | area= large | maxDets=100 ] = 0.398
sweep 86/96: alpha=2.0, beta=1.0, threshold=0.2, top_k=20, nms=0.5
creating index...
index created!
Loading and preparing results...
DONE (t=0.01s)
creating index...
index created!
Running per image evaluation...
Evaluate annotation type *bbox*
DONE (t=0.94s).
Accumulating evaluation results...
DONE (t=0.38s).
 Average Precision  (AP) @[ IoU=0.50:0.95 | area=   all | maxDets=100 ] = 0.202
 Average Precision  (AP) @[ IoU=0.50      | area=   all | maxDets=100 ] = 0.297
 Average Precision  (AP) @[ IoU=0.75      | area=   all | maxDets=100 ] = 0.226
 Average Precision  (AP) @[ IoU=0.50:0.95 | area= small | maxDets=100 ] = 0.071
 Average Precision  (AP) @[ IoU=0.50:0.95 | area=medium | maxDets=100 ] = 0.228
 Average Precision  (AP) @[ IoU=0.50:0.95 | area= large | maxDets=100 ] = 0.275
 Average Recall     (AR) @[ IoU=0.50:0.95 | area=   all | maxDets=  1 ] = 0.210
 Average Recall     (AR) @[ IoU=0.50:0.95 | area=   all | maxDets= 10 ] = 0.290
 Average Recall     (AR) @[ IoU=0.50:0.95 | area=   all | maxDets=100 ] = 0.292
 Average Recall     (AR) @[ IoU=0.50:0.95 | area= small | maxDets=100 ] = 0.093
 Average Recall     (AR) @[ IoU=0.50:0.95 | area=medium | maxDets=100 ] = 0.300
 Average Recall     (AR) @[ IoU=0.50:0.95 | area= large | maxDets=100 ] = 0.403
sweep 87/96: alpha=2.0, beta=1.0, threshold=0.2, top_k=20, nms=0.6
creating index...
index created!
Loading and preparing results...
DONE (t=0.01s)
creating index...
index created!
Running per image evaluation...
Evaluate annotation type *bbox*
DONE (t=0.86s).
Accumulating evaluation results...
DONE (t=0.38s).
 Average Precision  (AP) @[ IoU=0.50:0.95 | area=   all | maxDets=100 ] = 0.198
 Average Precision  (AP) @[ IoU=0.50      | area=   all | maxDets=100 ] = 0.287
 Average Precision  (AP) @[ IoU=0.75      | area=   all | maxDets=100 ] = 0.223
 Average Precision  (AP) @[ IoU=0.50:0.95 | area= small | maxDets=100 ] = 0.069
 Average Precision  (AP) @[ IoU=0.50:0.95 | area=medium | maxDets=100 ] = 0.225
 Average Precision  (AP) @[ IoU=0.50:0.95 | area= large | maxDets=100 ] = 0.270
 Average Recall     (AR) @[ IoU=0.50:0.95 | area=   all | maxDets=  1 ] = 0.208
 Average Recall     (AR) @[ IoU=0.50:0.95 | area=   all | maxDets= 10 ] = 0.289
 Average Recall     (AR) @[ IoU=0.50:0.95 | area=   all | maxDets=100 ] = 0.293
 Average Recall     (AR) @[ IoU=0.50:0.95 | area= small | maxDets=100 ] = 0.091
 Average Recall     (AR) @[ IoU=0.50:0.95 | area=medium | maxDets=100 ] = 0.302
 Average Recall     (AR) @[ IoU=0.50:0.95 | area= large | maxDets=100 ] = 0.408
sweep 88/96: alpha=2.0, beta=1.0, threshold=0.2, top_k=50, nms=0.4
creating index...
index created!
Loading and preparing results...
DONE (t=0.09s)
creating index...
index created!
Running per image evaluation...
Evaluate annotation type *bbox*
DONE (t=0.90s).
Accumulating evaluation results...
DONE (t=0.39s).
 Average Precision  (AP) @[ IoU=0.50:0.95 | area=   all | maxDets=100 ] = 0.204
 Average Precision  (AP) @[ IoU=0.50      | area=   all | maxDets=100 ] = 0.305
 Average Precision  (AP) @[ IoU=0.75      | area=   all | maxDets=100 ] = 0.227
 Average Precision  (AP) @[ IoU=0.50:0.95 | area= small | maxDets=100 ] = 0.076
 Average Precision  (AP) @[ IoU=0.50:0.95 | area=medium | maxDets=100 ] = 0.228
 Average Precision  (AP) @[ IoU=0.50:0.95 | area= large | maxDets=100 ] = 0.276
 Average Recall     (AR) @[ IoU=0.50:0.95 | area=   all | maxDets=  1 ] = 0.213
 Average Recall     (AR) @[ IoU=0.50:0.95 | area=   all | maxDets= 10 ] = 0.291
 Average Recall     (AR) @[ IoU=0.50:0.95 | area=   all | maxDets=100 ] = 0.296
 Average Recall     (AR) @[ IoU=0.50:0.95 | area= small | maxDets=100 ] = 0.101
 Average Recall     (AR) @[ IoU=0.50:0.95 | area=medium | maxDets=100 ] = 0.305
 Average Recall     (AR) @[ IoU=0.50:0.95 | area= large | maxDets=100 ] = 0.412
sweep 89/96: alpha=2.0, beta=1.0, threshold=0.2, top_k=50, nms=0.5
creating index...
index created!
Loading and preparing results...
DONE (t=0.01s)
creating index...
index created!
Running per image evaluation...
Evaluate annotation type *bbox*
DONE (t=1.09s).
Accumulating evaluation results...
DONE (t=0.41s).
 Average Precision  (AP) @[ IoU=0.50:0.95 | area=   all | maxDets=100 ] = 0.205
 Average Precision  (AP) @[ IoU=0.50      | area=   all | maxDets=100 ] = 0.304
 Average Precision  (AP) @[ IoU=0.75      | area=   all | maxDets=100 ] = 0.228
 Average Precision  (AP) @[ IoU=0.50:0.95 | area= small | maxDets=100 ] = 0.077
 Average Precision  (AP) @[ IoU=0.50:0.95 | area=medium | maxDets=100 ] = 0.232
 Average Precision  (AP) @[ IoU=0.50:0.95 | area= large | maxDets=100 ] = 0.277
 Average Recall     (AR) @[ IoU=0.50:0.95 | area=   all | maxDets=  1 ] = 0.213
 Average Recall     (AR) @[ IoU=0.50:0.95 | area=   all | maxDets= 10 ] = 0.299
 Average Recall     (AR) @[ IoU=0.50:0.95 | area=   all | maxDets=100 ] = 0.305
 Average Recall     (AR) @[ IoU=0.50:0.95 | area= small | maxDets=100 ] = 0.103
 Average Recall     (AR) @[ IoU=0.50:0.95 | area=medium | maxDets=100 ] = 0.316
 Average Recall     (AR) @[ IoU=0.50:0.95 | area= large | maxDets=100 ] = 0.421
sweep 90/96: alpha=2.0, beta=1.0, threshold=0.2, top_k=50, nms=0.6
creating index...
index created!
Loading and preparing results...
DONE (t=0.01s)
creating index...
index created!
Running per image evaluation...
Evaluate annotation type *bbox*
DONE (t=1.18s).
Accumulating evaluation results...
DONE (t=0.41s).
 Average Precision  (AP) @[ IoU=0.50:0.95 | area=   all | maxDets=100 ] = 0.202
 Average Precision  (AP) @[ IoU=0.50      | area=   all | maxDets=100 ] = 0.294
 Average Precision  (AP) @[ IoU=0.75      | area=   all | maxDets=100 ] = 0.227
 Average Precision  (AP) @[ IoU=0.50:0.95 | area= small | maxDets=100 ] = 0.076
 Average Precision  (AP) @[ IoU=0.50:0.95 | area=medium | maxDets=100 ] = 0.231
 Average Precision  (AP) @[ IoU=0.50:0.95 | area= large | maxDets=100 ] = 0.272
 Average Recall     (AR) @[ IoU=0.50:0.95 | area=   all | maxDets=  1 ] = 0.213
 Average Recall     (AR) @[ IoU=0.50:0.95 | area=   all | maxDets= 10 ] = 0.304
 Average Recall     (AR) @[ IoU=0.50:0.95 | area=   all | maxDets=100 ] = 0.311
 Average Recall     (AR) @[ IoU=0.50:0.95 | area= small | maxDets=100 ] = 0.102
 Average Recall     (AR) @[ IoU=0.50:0.95 | area=medium | maxDets=100 ] = 0.328
 Average Recall     (AR) @[ IoU=0.50:0.95 | area= large | maxDets=100 ] = 0.429
sweep 91/96: alpha=2.0, beta=1.0, threshold=0.2, top_k=100, nms=0.4
creating index...
index created!
Loading and preparing results...
DONE (t=0.01s)
creating index...
index created!
Running per image evaluation...
Evaluate annotation type *bbox*
DONE (t=0.94s).
Accumulating evaluation results...
DONE (t=0.39s).
 Average Precision  (AP) @[ IoU=0.50:0.95 | area=   all | maxDets=100 ] = 0.204
 Average Precision  (AP) @[ IoU=0.50      | area=   all | maxDets=100 ] = 0.305
 Average Precision  (AP) @[ IoU=0.75      | area=   all | maxDets=100 ] = 0.227
 Average Precision  (AP) @[ IoU=0.50:0.95 | area= small | maxDets=100 ] = 0.076
 Average Precision  (AP) @[ IoU=0.50:0.95 | area=medium | maxDets=100 ] = 0.229
 Average Precision  (AP) @[ IoU=0.50:0.95 | area= large | maxDets=100 ] = 0.276
 Average Recall     (AR) @[ IoU=0.50:0.95 | area=   all | maxDets=  1 ] = 0.214
 Average Recall     (AR) @[ IoU=0.50:0.95 | area=   all | maxDets= 10 ] = 0.292
 Average Recall     (AR) @[ IoU=0.50:0.95 | area=   all | maxDets=100 ] = 0.297
 Average Recall     (AR) @[ IoU=0.50:0.95 | area= small | maxDets=100 ] = 0.101
 Average Recall     (AR) @[ IoU=0.50:0.95 | area=medium | maxDets=100 ] = 0.307
 Average Recall     (AR) @[ IoU=0.50:0.95 | area= large | maxDets=100 ] = 0.412
sweep 92/96: alpha=2.0, beta=1.0, threshold=0.2, top_k=100, nms=0.5
creating index...
index created!
Loading and preparing results...
DONE (t=0.10s)
creating index...
index created!
Running per image evaluation...
Evaluate annotation type *bbox*
DONE (t=1.00s).
Accumulating evaluation results...
DONE (t=0.40s).
 Average Precision  (AP) @[ IoU=0.50:0.95 | area=   all | maxDets=100 ] = 0.205
 Average Precision  (AP) @[ IoU=0.50      | area=   all | maxDets=100 ] = 0.304
 Average Precision  (AP) @[ IoU=0.75      | area=   all | maxDets=100 ] = 0.229
 Average Precision  (AP) @[ IoU=0.50:0.95 | area= small | maxDets=100 ] = 0.077
 Average Precision  (AP) @[ IoU=0.50:0.95 | area=medium | maxDets=100 ] = 0.232
 Average Precision  (AP) @[ IoU=0.50:0.95 | area= large | maxDets=100 ] = 0.277
 Average Recall     (AR) @[ IoU=0.50:0.95 | area=   all | maxDets=  1 ] = 0.214
 Average Recall     (AR) @[ IoU=0.50:0.95 | area=   all | maxDets= 10 ] = 0.299
 Average Recall     (AR) @[ IoU=0.50:0.95 | area=   all | maxDets=100 ] = 0.306
 Average Recall     (AR) @[ IoU=0.50:0.95 | area= small | maxDets=100 ] = 0.103
 Average Recall     (AR) @[ IoU=0.50:0.95 | area=medium | maxDets=100 ] = 0.318
 Average Recall     (AR) @[ IoU=0.50:0.95 | area= large | maxDets=100 ] = 0.421
sweep 93/96: alpha=2.0, beta=1.0, threshold=0.2, top_k=100, nms=0.6
creating index...
index created!
Loading and preparing results...
DONE (t=0.01s)
creating index...
index created!
Running per image evaluation...
Evaluate annotation type *bbox*
DONE (t=1.25s).
Accumulating evaluation results...
DONE (t=0.41s).
 Average Precision  (AP) @[ IoU=0.50:0.95 | area=   all | maxDets=100 ] = 0.202
 Average Precision  (AP) @[ IoU=0.50      | area=   all | maxDets=100 ] = 0.295
 Average Precision  (AP) @[ IoU=0.75      | area=   all | maxDets=100 ] = 0.227
 Average Precision  (AP) @[ IoU=0.50:0.95 | area= small | maxDets=100 ] = 0.077
 Average Precision  (AP) @[ IoU=0.50:0.95 | area=medium | maxDets=100 ] = 0.232
 Average Precision  (AP) @[ IoU=0.50:0.95 | area= large | maxDets=100 ] = 0.272
 Average Recall     (AR) @[ IoU=0.50:0.95 | area=   all | maxDets=  1 ] = 0.213
 Average Recall     (AR) @[ IoU=0.50:0.95 | area=   all | maxDets= 10 ] = 0.305
 Average Recall     (AR) @[ IoU=0.50:0.95 | area=   all | maxDets=100 ] = 0.313
 Average Recall     (AR) @[ IoU=0.50:0.95 | area= small | maxDets=100 ] = 0.104
 Average Recall     (AR) @[ IoU=0.50:0.95 | area=medium | maxDets=100 ] = 0.330
 Average Recall     (AR) @[ IoU=0.50:0.95 | area= large | maxDets=100 ] = 0.430
sweep 94/96: alpha=2.0, beta=1.0, threshold=0.2, top_k=200, nms=0.4
creating index...
index created!
Loading and preparing results...
DONE (t=0.01s)
creating index...
index created!
Running per image evaluation...
Evaluate annotation type *bbox*
DONE (t=0.93s).
Accumulating evaluation results...
DONE (t=0.39s).
 Average Precision  (AP) @[ IoU=0.50:0.95 | area=   all | maxDets=100 ] = 0.204
 Average Precision  (AP) @[ IoU=0.50      | area=   all | maxDets=100 ] = 0.305
 Average Precision  (AP) @[ IoU=0.75      | area=   all | maxDets=100 ] = 0.227
 Average Precision  (AP) @[ IoU=0.50:0.95 | area= small | maxDets=100 ] = 0.076
 Average Precision  (AP) @[ IoU=0.50:0.95 | area=medium | maxDets=100 ] = 0.229
 Average Precision  (AP) @[ IoU=0.50:0.95 | area= large | maxDets=100 ] = 0.276
 Average Recall     (AR) @[ IoU=0.50:0.95 | area=   all | maxDets=  1 ] = 0.214
 Average Recall     (AR) @[ IoU=0.50:0.95 | area=   all | maxDets= 10 ] = 0.292
 Average Recall     (AR) @[ IoU=0.50:0.95 | area=   all | maxDets=100 ] = 0.297
 Average Recall     (AR) @[ IoU=0.50:0.95 | area= small | maxDets=100 ] = 0.101
 Average Recall     (AR) @[ IoU=0.50:0.95 | area=medium | maxDets=100 ] = 0.307
 Average Recall     (AR) @[ IoU=0.50:0.95 | area= large | maxDets=100 ] = 0.412
sweep 95/96: alpha=2.0, beta=1.0, threshold=0.2, top_k=200, nms=0.5
creating index...
index created!
Loading and preparing results...
DONE (t=0.01s)
creating index...
index created!
Running per image evaluation...
Evaluate annotation type *bbox*
DONE (t=1.12s).
Accumulating evaluation results...
DONE (t=0.40s).
 Average Precision  (AP) @[ IoU=0.50:0.95 | area=   all | maxDets=100 ] = 0.205
 Average Precision  (AP) @[ IoU=0.50      | area=   all | maxDets=100 ] = 0.304
 Average Precision  (AP) @[ IoU=0.75      | area=   all | maxDets=100 ] = 0.229
 Average Precision  (AP) @[ IoU=0.50:0.95 | area= small | maxDets=100 ] = 0.077
 Average Precision  (AP) @[ IoU=0.50:0.95 | area=medium | maxDets=100 ] = 0.232
 Average Precision  (AP) @[ IoU=0.50:0.95 | area= large | maxDets=100 ] = 0.277
 Average Recall     (AR) @[ IoU=0.50:0.95 | area=   all | maxDets=  1 ] = 0.214
 Average Recall     (AR) @[ IoU=0.50:0.95 | area=   all | maxDets= 10 ] = 0.299
 Average Recall     (AR) @[ IoU=0.50:0.95 | area=   all | maxDets=100 ] = 0.306
 Average Recall     (AR) @[ IoU=0.50:0.95 | area= small | maxDets=100 ] = 0.103
 Average Recall     (AR) @[ IoU=0.50:0.95 | area=medium | maxDets=100 ] = 0.318
 Average Recall     (AR) @[ IoU=0.50:0.95 | area= large | maxDets=100 ] = 0.421
sweep 96/96: alpha=2.0, beta=1.0, threshold=0.2, top_k=200, nms=0.6
creating index...
index created!
Loading and preparing results...
DONE (t=0.01s)
creating index...
index created!
Running per image evaluation...
Evaluate annotation type *bbox*
DONE (t=1.25s).
Accumulating evaluation results...
DONE (t=0.41s).
 Average Precision  (AP) @[ IoU=0.50:0.95 | area=   all | maxDets=100 ] = 0.202
 Average Precision  (AP) @[ IoU=0.50      | area=   all | maxDets=100 ] = 0.295
 Average Precision  (AP) @[ IoU=0.75      | area=   all | maxDets=100 ] = 0.227
 Average Precision  (AP) @[ IoU=0.50:0.95 | area= small | maxDets=100 ] = 0.077
 Average Precision  (AP) @[ IoU=0.50:0.95 | area=medium | maxDets=100 ] = 0.232
 Average Precision  (AP) @[ IoU=0.50:0.95 | area= large | maxDets=100 ] = 0.272
 Average Recall     (AR) @[ IoU=0.50:0.95 | area=   all | maxDets=  1 ] = 0.214
 Average Recall     (AR) @[ IoU=0.50:0.95 | area=   all | maxDets= 10 ] = 0.305
 Average Recall     (AR) @[ IoU=0.50:0.95 | area=   all | maxDets=100 ] = 0.314
 Average Recall     (AR) @[ IoU=0.50:0.95 | area= small | maxDets=100 ] = 0.104
 Average Recall     (AR) @[ IoU=0.50:0.95 | area=medium | maxDets=100 ] = 0.331
 Average Recall     (AR) @[ IoU=0.50:0.95 | area= large | maxDets=100 ] = 0.430
{
  "anchors": {
    "p4": [
      [
        0.04,
        0.055
      ],
      [
        0.075,
        0.11
      ],
      [
        0.13,
        0.18
      ]
    ],
    "p5": [
      [
        0.18,
        0.24
      ],
      [
        0.32,
        0.42
      ],
      [
        0.52,
        0.62
      ]
    ]
  },
  "box_parameterization": "yolov5",
  "checkpoint_path": "/home/lidz/YOLO/yolo_final/outputs/dual_scale_three_box_coco_only_noobj1_416_basic_aug_v2_40_ddp_20260508_135309/best.pth",
  "config_path": "/home/lidz/YOLO/yolo_final/configs/dual_scale_three_box_coco_only_noobj1_416_basic_aug_v2_40.toml",
  "device": "cuda",
  "manifest_path": "/home/lidz/YOLO/DataSet/Unified/manifests/coco2017_val.jsonl",
  "max_samples": 500,
  "metadata_path": "/home/lidz/YOLO/DataSet/Unified/metadata/class_maps.json",
  "model_name": "deep_residual_dual_scale_three_box",
  "num_boxes": 3,
  "num_combinations": 96,
  "output_shape": {
    "p4": [
      1,
      26,
      26,
      255
    ],
    "p5": [
      1,
      13,
      13,
      255
    ]
  },
  "params_total": 36531294,
  "params_trainable": 36531294,
  "results": [
    {
      "coco_ap": 0.20304528942207298,
      "coco_ap50": 0.30722944142190717,
      "coco_ap75": 0.22644474173769785,
      "coco_ap_large": 0.2751365416024907,
      "coco_ap_medium": 0.2283651117706152,
      "coco_ap_small": 0.07334217330340774,
      "coco_ar1": 0.21882463031911703,
      "coco_ar10": 0.30444635100458894,
      "coco_ar100": 0.3063120335281624,
      "coco_ar_large": 0.4255510558242434,
      "coco_ar_medium": 0.31702923174592074,
      "coco_ar_small": 0.10001661756925889,
      "nms_iou_threshold": 0.4,
      "num_predictions": 9424.0,
      "num_samples": 500.0,
      "score_alpha": 1.5,
      "score_beta": 1.0,
      "score_threshold": 0.03,
      "top_k": 20
    },
    {
      "coco_ap": 0.20193000593660804,
      "coco_ap50": 0.3015053355790703,
      "coco_ap75": 0.22573831093026897,
      "coco_ap_large": 0.2747082782641198,
      "coco_ap_medium": 0.22893697218486517,
      "coco_ap_small": 0.07214538927285437,
      "coco_ar1": 0.21620627316511376,
      "coco_ar10": 0.3044385717434395,
      "coco_ar100": 0.3069100917730614,
      "coco_ar_large": 0.4331519791832139,
      "coco_ar_medium": 0.3162409149922246,
      "coco_ar_small": 0.09909043828692371,
      "nms_iou_threshold": 0.5,
      "num_predictions": 9567.0,
      "num_samples": 500.0,
      "score_alpha": 1.5,
      "score_beta": 1.0,
      "score_threshold": 0.03,
      "top_k": 20
    },
    {
      "coco_ap": 0.19698577866631498,
      "coco_ap50": 0.2889519929410778,
      "coco_ap75": 0.22352712446278683,
      "coco_ap_large": 0.26968468733153655,
      "coco_ap_medium": 0.22275291634689046,
      "coco_ap_small": 0.06598742020273834,
      "coco_ar1": 0.21312688502516308,
      "coco_ar10": 0.30214570887503006,
      "coco_ar100": 0.30581579251234553,
      "coco_ar_large": 0.43517360507596653,
      "coco_ar_medium": 0.3109137332014352,
      "coco_ar_small": 0.09165194475215971,
      "nms_iou_threshold": 0.6,
      "num_predictions": 9723.0,
      "num_samples": 500.0,
      "score_alpha": 1.5,
      "score_beta": 1.0,
      "score_threshold": 0.03,
      "top_k": 20
    },
    {
      "coco_ap": 0.20808043104455706,
      "coco_ap50": 0.3193225427538857,
      "coco_ap75": 0.23030716648098787,
      "coco_ap_large": 0.2796101874950038,
      "coco_ap_medium": 0.238370746471341,
      "coco_ap_small": 0.08135664133085987,
      "coco_ar1": 0.23062495842976677,
      "coco_ar10": 0.3360989398140325,
      "coco_ar100": 0.3433184548105173,
      "coco_ar_large": 0.46809436704884977,
      "coco_ar_medium": 0.37150463308331183,
      "coco_ar_small": 0.1214377463798239,
      "nms_iou_threshold": 0.4,
      "num_predictions": 20187.0,
      "num_samples": 500.0,
      "score_alpha": 1.5,
      "score_beta": 1.0,
      "score_threshold": 0.03,
      "top_k": 50
    },
    {
      "coco_ap": 0.20743176590618637,
      "coco_ap50": 0.31431667844700667,
      "coco_ap75": 0.22995922982432185,
      "coco_ap_large": 0.2789431942318509,
      "coco_ap_medium": 0.24030819152258767,
      "coco_ap_small": 0.0812658415670627,
      "coco_ar1": 0.22884626248711412,
      "coco_ar10": 0.33765887938676326,
      "coco_ar100": 0.3467555825649402,
      "coco_ar_large": 0.4786818167331823,
      "coco_ar_medium": 0.37874555835238377,
      "coco_ar_small": 0.12134594763819077,
      "nms_iou_threshold": 0.5,
      "num_predictions": 21271.0,
      "num_samples": 500.0,
      "score_alpha": 1.5,
      "score_beta": 1.0,
      "score_threshold": 0.03,
      "top_k": 50
    },
    {
      "coco_ap": 0.20389655251931402,
      "coco_ap50": 0.3022963317101042,
      "coco_ap75": 0.22996395145013274,
      "coco_ap_large": 0.27264190721415255,
      "coco_ap_medium": 0.23727030591719414,
      "coco_ap_small": 0.08136671258393789,
      "coco_ar1": 0.2268889321149697,
      "coco_ar10": 0.3408855858291059,
      "coco_ar100": 0.3532785991941334,
      "coco_ar_large": 0.48192214741250367,
      "coco_ar_medium": 0.3866471569415085,
      "coco_ar_small": 0.1287660096260091,
      "nms_iou_threshold": 0.6,
      "num_predictions": 22351.0,
      "num_samples": 500.0,
      "score_alpha": 1.5,
      "score_beta": 1.0,
      "score_threshold": 0.03,
      "top_k": 50
    },
    {
      "coco_ap": 0.20909322335902397,
      "coco_ap50": 0.3220550822602355,
      "coco_ap75": 0.23083991631103018,
      "coco_ap_large": 0.2801994664827638,
      "coco_ap_medium": 0.2393287878207975,
      "coco_ap_small": 0.08323792230826986,
      "coco_ar1": 0.23354328969113028,
      "coco_ar10": 0.3470577065873222,
      "coco_ar100": 0.3578936741543291,
      "coco_ar_large": 0.4828535224214414,
      "coco_ar_medium": 0.38587256312872215,
      "coco_ar_small": 0.1365790500581756,
      "nms_iou_threshold": 0.4,
      "num_predictions": 30549.0,
      "num_samples": 500.0,
      "score_alpha": 1.5,
      "score_beta": 1.0,
      "score_threshold": 0.03,
      "top_k": 100
    },
    {
      "coco_ap": 0.20887653359246058,
      "coco_ap50": 0.31801118945102197,
      "coco_ap75": 0.23082903898321536,
      "coco_ap_large": 0.2797357679374637,
      "coco_ap_medium": 0.24146064407725967,
      "coco_ap_small": 0.0848928697142133,
      "coco_ar1": 0.23309856340368884,
      "coco_ar10": 0.3529000016015203,
      "coco_ar100": 0.3672037135921922,
      "coco_ar_large": 0.49579907863846495,
      "coco_ar_medium": 0.39624207790686766,
      "coco_ar_small": 0.13765229423241096,
      "nms_iou_threshold": 0.5,
      "num_predictions": 34043.0,
      "num_samples": 500.0,
      "score_alpha": 1.5,
      "score_beta": 1.0,
      "score_threshold": 0.03,
      "top_k": 100
    },
    {
      "coco_ap": 0.20561823848979224,
      "coco_ap50": 0.3059783415808945,
      "coco_ap75": 0.23156872629917513,
      "coco_ap_large": 0.27438761920686305,
      "coco_ap_medium": 0.23948019536119308,
      "coco_ap_small": 0.08489134311788346,
      "coco_ar1": 0.23243906238760287,
      "coco_ar10": 0.36047828245563657,
      "coco_ar100": 0.3816993524036468,
      "coco_ar_large": 0.5097332380946573,
      "coco_ar_medium": 0.4139489427580643,
      "coco_ar_small": 0.14653097060434028,
      "nms_iou_threshold": 0.6,
      "num_predictions": 37785.0,
      "num_samples": 500.0,
      "score_alpha": 1.5,
      "score_beta": 1.0,
      "score_threshold": 0.03,
      "top_k": 100
    },
    {
      "coco_ap": 0.20931392133243723,
      "coco_ap50": 0.3228077905210386,
      "coco_ap75": 0.23093390330211483,
      "coco_ap_large": 0.28027927589063656,
      "coco_ap_medium": 0.23944265981174956,
      "coco_ap_small": 0.08453805836854321,
      "coco_ar1": 0.23388867409659403,
      "coco_ar10": 0.34956997277637925,
      "coco_ar100": 0.3628116326710929,
      "coco_ar_large": 0.4850893779576228,
      "coco_ar_medium": 0.38927788480123776,
      "coco_ar_small": 0.14392943169234754,
      "nms_iou_threshold": 0.4,
      "num_predictions": 37872.0,
      "num_samples": 500.0,
      "score_alpha": 1.5,
      "score_beta": 1.0,
      "score_threshold": 0.03,
      "top_k": 200
    },
    {
      "coco_ap": 0.20920715154780115,
      "coco_ap50": 0.31896839256042686,
      "coco_ap75": 0.23096318765727727,
      "coco_ap_large": 0.28001193310018563,
      "coco_ap_medium": 0.24183839264584167,
      "coco_ap_small": 0.08614523681881613,
      "coco_ar1": 0.23375642395489743,
      "coco_ar10": 0.35709230777389844,
      "coco_ar100": 0.37458479643011666,
      "coco_ar_large": 0.5033584841845228,
      "coco_ar_medium": 0.40280424490996225,
      "coco_ar_small": 0.1491975900612376,
      "nms_iou_threshold": 0.5,
      "num_predictions": 45683.0,
      "num_samples": 500.0,
      "score_alpha": 1.5,
      "score_beta": 1.0,
      "score_threshold": 0.03,
      "top_k": 200
    },
    {
      "coco_ap": 0.20631860053780327,
      "coco_ap50": 0.307630150275291,
      "coco_ap75": 0.23197401714548782,
      "coco_ap_large": 0.27475479554923665,
      "coco_ap_medium": 0.24052549211830618,
      "coco_ap_small": 0.08754213977806043,
      "coco_ar1": 0.2337401954576563,
      "coco_ar10": 0.36834827277009646,
      "coco_ar100": 0.39501500646823884,
      "coco_ar_large": 0.520044560910436,
      "coco_ar_medium": 0.42952647681902567,
      "coco_ar_small": 0.1617490744071891,
      "nms_iou_threshold": 0.6,
      "num_predictions": 54887.0,
      "num_samples": 500.0,
      "score_alpha": 1.5,
      "score_beta": 1.0,
      "score_threshold": 0.03,
      "top_k": 200
    },
    {
      "coco_ap": 0.20304528942207298,
      "coco_ap50": 0.30722944142190717,
      "coco_ap75": 0.22644474173769785,
      "coco_ap_large": 0.2751365416024907,
      "coco_ap_medium": 0.2283651117706152,
      "coco_ap_small": 0.07334217330340774,
      "coco_ar1": 0.21882463031911703,
      "coco_ar10": 0.30444635100458894,
      "coco_ar100": 0.3063120335281624,
      "coco_ar_large": 0.4255510558242434,
      "coco_ar_medium": 0.31702923174592074,
      "coco_ar_small": 0.10001661756925889,
      "nms_iou_threshold": 0.4,
      "num_predictions": 9130.0,
      "num_samples": 500.0,
      "score_alpha": 1.5,
      "score_beta": 1.0,
      "score_threshold": 0.05,
      "top_k": 20
    },
    {
      "coco_ap": 0.20193000593660804,
      "coco_ap50": 0.3015053355790703,
      "coco_ap75": 0.22573831093026897,
      "coco_ap_large": 0.2747082782641198,
      "coco_ap_medium": 0.22893697218486517,
      "coco_ap_small": 0.07214538927285437,
      "coco_ar1": 0.21620627316511376,
      "coco_ar10": 0.3044385717434395,
      "coco_ar100": 0.3069100917730614,
      "coco_ar_large": 0.4331519791832139,
      "coco_ar_medium": 0.3162409149922246,
      "coco_ar_small": 0.09909043828692371,
      "nms_iou_threshold": 0.5,
      "num_predictions": 9321.0,
      "num_samples": 500.0,
      "score_alpha": 1.5,
      "score_beta": 1.0,
      "score_threshold": 0.05,
      "top_k": 20
    },
    {
      "coco_ap": 0.1969750839259549,
      "coco_ap50": 0.2889519929410778,
      "coco_ap75": 0.22352712446278683,
      "coco_ap_large": 0.26968468733153655,
      "coco_ap_medium": 0.22272943573796,
      "coco_ap_small": 0.06598742020273834,
      "coco_ar1": 0.21312688502516308,
      "coco_ar10": 0.30204022364296257,
      "coco_ar100": 0.305710307280278,
      "coco_ar_large": 0.43517360507596653,
      "coco_ar_medium": 0.3107513955390976,
      "coco_ar_small": 0.09165194475215971,
      "nms_iou_threshold": 0.6,
      "num_predictions": 9506.0,
      "num_samples": 500.0,
      "score_alpha": 1.5,
      "score_beta": 1.0,
      "score_threshold": 0.05,
      "top_k": 20
    },
    {
      "coco_ap": 0.20791545833882707,
      "coco_ap50": 0.3188214424601536,
      "coco_ap75": 0.230271436853388,
      "coco_ap_large": 0.2792851152691209,
      "coco_ap_medium": 0.23827392205776543,
      "coco_ap_small": 0.08125926758296653,
      "coco_ar1": 0.2291495427864643,
      "coco_ar10": 0.3339027869118936,
      "coco_ar100": 0.3409072005540368,
      "coco_ar_large": 0.46232837378285657,
      "coco_ar_medium": 0.3701687021310439,
      "coco_ar_small": 0.12051987447899745,
      "nms_iou_threshold": 0.4,
      "num_predictions": 18247.0,
      "num_samples": 500.0,
      "score_alpha": 1.5,
      "score_beta": 1.0,
      "score_threshold": 0.05,
      "top_k": 50
    },
    {
      "coco_ap": 0.20732378600044069,
      "coco_ap50": 0.31412765124392794,
      "coco_ap75": 0.22986598126927568,
      "coco_ap_large": 0.27865518947112755,
      "coco_ap_medium": 0.24026511799207226,
      "coco_ap_small": 0.08122792886685082,
      "coco_ar1": 0.2280037582362167,
      "coco_ar10": 0.33658739674815613,
      "coco_ar100": 0.34517579989496217,
      "coco_ar_large": 0.4734099039496235,
      "coco_ar_medium": 0.3780890719816117,
      "coco_ar_small": 0.12099884020017426,
      "nms_iou_threshold": 0.5,
      "num_predictions": 19549.0,
      "num_samples": 500.0,
      "score_alpha": 1.5,
      "score_beta": 1.0,
      "score_threshold": 0.05,
      "top_k": 50
    },
    {
      "coco_ap": 0.2038274238923052,
      "coco_ap50": 0.3022055400237096,
      "coco_ap75": 0.22990365759299924,
      "coco_ap_large": 0.2724816481227245,
      "coco_ap_medium": 0.2371634434564713,
      "coco_ap_small": 0.08135894812958128,
      "coco_ar1": 0.22640244052230013,
      "coco_ar10": 0.3398202731189963,
      "coco_ar100": 0.35218962624505545,
      "coco_ar_large": 0.4784919148543642,
      "coco_ar_medium": 0.38494815248276376,
      "coco_ar_small": 0.12864778189414502,
      "nms_iou_threshold": 0.6,
      "num_predictions": 20936.0,
      "num_samples": 500.0,
      "score_alpha": 1.5,
      "score_beta": 1.0,
      "score_threshold": 0.05,
      "top_k": 50
    },
    {
      "coco_ap": 0.20879234463341634,
      "coco_ap50": 0.32112868142468126,
      "coco_ap75": 0.23067668386651075,
      "coco_ap_large": 0.27973453387323965,
      "coco_ap_medium": 0.239143472283512,
      "coco_ap_small": 0.08273050407674351,
      "coco_ar1": 0.23103116147497801,
      "coco_ar10": 0.34087495537069057,
      "coco_ar100": 0.35114526600071655,
      "coco_ar_large": 0.46886034829627965,
      "coco_ar_medium": 0.38179773567132397,
      "coco_ar_small": 0.12892630285445933,
      "nms_iou_threshold": 0.4,
      "num_predictions": 25386.0,
      "num_samples": 500.0,
      "score_alpha": 1.5,
      "score_beta": 1.0,
      "score_threshold": 0.05,
      "top_k": 100
    },
    {
      "coco_ap": 0.208610497070235,
      "coco_ap50": 0.31729033680157837,
      "coco_ap75": 0.2306589123074604,
      "coco_ap_large": 0.27933074333925634,
      "coco_ap_medium": 0.2413010477690673,
      "coco_ap_small": 0.08467351477725914,
      "coco_ar1": 0.2305864351875366,
      "coco_ar10": 0.34758167759318276,
      "coco_ar100": 0.36094811423448014,
      "coco_ar_large": 0.4844201664016334,
      "coco_ar_medium": 0.39297984056719565,
      "coco_ar_small": 0.13485036400072375,
      "nms_iou_threshold": 0.5,
      "num_predictions": 29033.0,
      "num_samples": 500.0,
      "score_alpha": 1.5,
      "score_beta": 1.0,
      "score_threshold": 0.05,
      "top_k": 100
    },
    {
      "coco_ap": 0.20536556797881345,
      "coco_ap50": 0.30547121716970826,
      "coco_ap75": 0.23134260489460418,
      "coco_ap_large": 0.27402242520367226,
      "coco_ap_medium": 0.2393042257125347,
      "coco_ap_small": 0.08475176321135451,
      "coco_ar1": 0.23002819999423546,
      "coco_ar10": 0.3553105972626209,
      "coco_ar100": 0.37460836794337443,
      "coco_ar_large": 0.49746376556956046,
      "coco_ar_medium": 0.41001603566985934,
      "coco_ar_small": 0.14393380577422094,
      "nms_iou_threshold": 0.6,
      "num_predictions": 33020.0,
      "num_samples": 500.0,
      "score_alpha": 1.5,
      "score_beta": 1.0,
      "score_threshold": 0.05,
      "top_k": 100
    },
    {
      "coco_ap": 0.20893487821140974,
      "coco_ap50": 0.3216996039908298,
      "coco_ap75": 0.23072043965759975,
      "coco_ap_large": 0.27979668030161786,
      "coco_ap_medium": 0.23920435134094573,
      "coco_ap_small": 0.08386629871433501,
      "coco_ar1": 0.23136031738320065,
      "coco_ar10": 0.3418789034503256,
      "coco_ar100": 0.3539103410560247,
      "coco_ar_large": 0.469796905527868,
      "coco_ar_medium": 0.38356581189408306,
      "coco_ar_small": 0.13445861466215428,
      "nms_iou_threshold": 0.4,
      "num_predictions": 28992.0,
      "num_samples": 500.0,
      "score_alpha": 1.5,
      "score_beta": 1.0,
      "score_threshold": 0.05,
      "top_k": 200
    },
    {
      "coco_ap": 0.20883110103873342,
      "coco_ap50": 0.31800796606195864,
      "coco_ap75": 0.23070952187446242,
      "coco_ap_large": 0.27941323968206583,
      "coco_ap_medium": 0.2416646352609583,
      "coco_ap_small": 0.0857303438391937,
      "coco_ar1": 0.23122806724150405,
      "coco_ar10": 0.34922839652754234,
      "coco_ar100": 0.3647069652868715,
      "coco_ar_large": 0.48541914427561134,
      "coco_ar_medium": 0.3983299976692047,
      "coco_ar_small": 0.14035045517310174,
      "nms_iou_threshold": 0.5,
      "num_predictions": 35674.0,
      "num_samples": 500.0,
      "score_alpha": 1.5,
      "score_beta": 1.0,
      "score_threshold": 0.05,
      "top_k": 200
    },
    {
      "coco_ap": 0.2059718697163194,
      "coco_ap50": 0.30686598945957927,
      "coco_ap75": 0.23172880799063122,
      "coco_ap_large": 0.27431114781493454,
      "coco_ap_medium": 0.24002022985642366,
      "coco_ap_small": 0.08718407543473065,
      "coco_ar1": 0.23122806724150405,
      "coco_ar10": 0.3593954426579297,
      "coco_ar100": 0.3833898552601568,
      "coco_ar_large": 0.5016584199942999,
      "coco_ar_medium": 0.4207069482922316,
      "coco_ar_small": 0.15362978547584635,
      "nms_iou_threshold": 0.6,
      "num_predictions": 44234.0,
      "num_samples": 500.0,
      "score_alpha": 1.5,
      "score_beta": 1.0,
      "score_threshold": 0.05,
      "top_k": 200
    },
    {
      "coco_ap": 0.20275003278414974,
      "coco_ap50": 0.30648970652442065,
      "coco_ap75": 0.22629600060059937,
      "coco_ap_large": 0.2746316092336037,
      "coco_ap_medium": 0.22773235303227993,
      "coco_ap_small": 0.07330295883082605,
      "coco_ar1": 0.21732102193509498,
      "coco_ar10": 0.30210438167966064,
      "coco_ar100": 0.30397006420323414,
      "coco_ar_large": 0.42133925179359877,
      "coco_ar_medium": 0.3123844144191479,
      "coco_ar_small": 0.09986453754909741,
      "nms_iou_threshold": 0.4,
      "num_predictions": 8295.0,
      "num_samples": 500.0,
      "score_alpha": 1.5,
      "score_beta": 1.0,
      "score_threshold": 0.1,
      "top_k": 20
    },
    {
      "coco_ap": 0.20167569373848793,
      "coco_ap50": 0.30086491587717323,
      "coco_ap75": 0.22561509101170393,
      "coco_ap_large": 0.2744118101749298,
      "coco_ap_medium": 0.22826944500498036,
      "coco_ap_small": 0.07213661348391615,
      "coco_ar1": 0.2147499852590285,
      "coco_ar10": 0.3023335110427109,
      "coco_ar100": 0.30480099978957853,
      "coco_ar_large": 0.4306377060167669,
      "coco_ar_medium": 0.31162356264759955,
      "coco_ar_small": 0.09903421213089829,
      "nms_iou_threshold": 0.5,
      "num_predictions": 8602.0,
      "num_samples": 500.0,
      "score_alpha": 1.5,
      "score_beta": 1.0,
      "score_threshold": 0.1,
      "top_k": 20
    },
    {
      "coco_ap": 0.19680198650938532,
      "coco_ap50": 0.2885697553477832,
      "coco_ap75": 0.22342188940393182,
      "coco_ap_large": 0.2695294289793025,
      "coco_ap_medium": 0.22236652933704845,
      "coco_ap_small": 0.06598742020273834,
      "coco_ar1": 0.21212372845102345,
      "coco_ar10": 0.30040415567641787,
      "coco_ar100": 0.30407020803097917,
      "coco_ar_large": 0.43404822079840827,
      "coco_ar_medium": 0.30806544512587447,
      "coco_ar_small": 0.0916376057788302,
      "nms_iou_threshold": 0.6,
      "num_predictions": 8978.0,
      "num_samples": 500.0,
      "score_alpha": 1.5,
      "score_beta": 1.0,
      "score_threshold": 0.1,
      "top_k": 20
    },
    {
      "coco_ap": 0.2071243542570672,
      "coco_ap50": 0.31678946731510355,
      "coco_ap75": 0.22982647255523594,
      "coco_ap_large": 0.2781780705621812,
      "coco_ap_medium": 0.23699549150390556,
      "coco_ap_small": 0.0808775923633673,
      "coco_ar1": 0.22665409095049274,
      "coco_ar10": 0.32622317626038827,
      "coco_ar100": 0.33242697799488163,
      "coco_ar_large": 0.44878162687572315,
      "coco_ar_medium": 0.3583698671479711,
      "coco_ar_small": 0.11870380186682829,
      "nms_iou_threshold": 0.4,
      "num_predictions": 14055.0,
      "num_samples": 500.0,
      "score_alpha": 1.5,
      "score_beta": 1.0,
      "score_threshold": 0.1,
      "top_k": 50
    },
    {
      "coco_ap": 0.2067824660293518,
      "coco_ap50": 0.31276865250489544,
      "coco_ap75": 0.2295673823020912,
      "coco_ap_large": 0.27798689002609284,
      "coco_ap_medium": 0.2391719973617415,
      "coco_ap_small": 0.08074293710780507,
      "coco_ar1": 0.22579034649022942,
      "coco_ar10": 0.3302811634279247,
      "coco_ar100": 0.338503912088111,
      "coco_ar_large": 0.4636305853826872,
      "coco_ar_medium": 0.3669162110481504,
      "coco_ar_small": 0.11897468625574824,
      "nms_iou_threshold": 0.5,
      "num_predictions": 15598.0,
      "num_samples": 500.0,
      "score_alpha": 1.5,
      "score_beta": 1.0,
      "score_threshold": 0.1,
      "top_k": 50
    },
    {
      "coco_ap": 0.2033931127459436,
      "coco_ap50": 0.30117290218454834,
      "coco_ap75": 0.22972736727642823,
      "coco_ap_large": 0.2719610948378318,
      "coco_ap_medium": 0.2362999446575037,
      "coco_ap_small": 0.08111032218704352,
      "coco_ar1": 0.22431997596094833,
      "coco_ar10": 0.33491118341603204,
      "coco_ar100": 0.3466360610718956,
      "coco_ar_large": 0.4701706482366291,
      "coco_ar_medium": 0.3759888243306576,
      "coco_ar_small": 0.1273909079452227,
      "nms_iou_threshold": 0.6,
      "num_predictions": 17391.0,
      "num_samples": 500.0,
      "score_alpha": 1.5,
      "score_beta": 1.0,
      "score_threshold": 0.1,
      "top_k": 50
    },
    {
      "coco_ap": 0.2077743013535563,
      "coco_ap50": 0.3184631345888896,
      "coco_ap75": 0.23016441446109917,
      "coco_ap_large": 0.27838103128391134,
      "coco_ap_medium": 0.23771158208124424,
      "coco_ap_small": 0.08209777918996707,
      "coco_ar1": 0.22768156782068477,
      "coco_ar10": 0.3297670532051386,
      "coco_ar100": 0.3382118067940578,
      "coco_ar_large": 0.4502675885237602,
      "coco_ar_medium": 0.3654820254285357,
      "coco_ar_small": 0.12470211170707254,
      "nms_iou_threshold": 0.4,
      "num_predictions": 16846.0,
      "num_samples": 500.0,
      "score_alpha": 1.5,
      "score_beta": 1.0,
      "score_threshold": 0.1,
      "top_k": 100
    },
    {
      "coco_ap": 0.20767345449012883,
      "coco_ap50": 0.3148733277007133,
      "coco_ap75": 0.23015267469683245,
      "coco_ap_large": 0.27812145264848104,
      "coco_ap_medium": 0.24004622174951248,
      "coco_ap_small": 0.08397899769484465,
      "coco_ar1": 0.22723684153324333,
      "coco_ar10": 0.33622725627852984,
      "coco_ar100": 0.3478627869498984,
      "coco_ar_large": 0.466040224758804,
      "coco_ar_medium": 0.3757553966946313,
      "coco_ar_small": 0.13024591078217074,
      "nms_iou_threshold": 0.5,
      "num_predictions": 20011.0,
      "num_samples": 500.0,
      "score_alpha": 1.5,
      "score_beta": 1.0,
      "score_threshold": 0.1,
      "top_k": 100
    },
    {
      "coco_ap": 0.2045691935080457,
      "coco_ap50": 0.30367400680722334,
      "coco_ap75": 0.2308193589755692,
      "coco_ap_large": 0.27298372905099183,
      "coco_ap_medium": 0.2381918735917714,
      "coco_ap_small": 0.08434489671179256,
      "coco_ar1": 0.22671900493945737,
      "coco_ar10": 0.3457000762967557,
      "coco_ar100": 0.3620363955773392,
      "coco_ar_large": 0.4788774931252701,
      "coco_ar_medium": 0.39487606286066534,
      "coco_ar_small": 0.14062995324470282,
      "nms_iou_threshold": 0.6,
      "num_predictions": 24082.0,
      "num_samples": 500.0,
      "score_alpha": 1.5,
      "score_beta": 1.0,
      "score_threshold": 0.1,
      "top_k": 100
    },
    {
      "coco_ap": 0.20778530948889154,
      "coco_ap50": 0.31848843230334994,
      "coco_ap75": 0.23017429734656128,
      "coco_ap_large": 0.27843433270238616,
      "coco_ap_medium": 0.2377190185205241,
      "coco_ap_small": 0.08212240955324496,
      "coco_ar1": 0.22781381796238134,
      "coco_ar10": 0.3298993033468352,
      "coco_ar100": 0.3384621952311543,
      "coco_ar_large": 0.4506564774126491,
      "coco_ar_medium": 0.36564436309087334,
      "coco_ar_small": 0.12483808684304767,
      "nms_iou_threshold": 0.4,
      "num_predictions": 17464.0,
      "num_samples": 500.0,
      "score_alpha": 1.5,
      "score_beta": 1.0,
      "score_threshold": 0.1,
      "top_k": 200
    },
    {
      "coco_ap": 0.2078027592969891,
      "coco_ap50": 0.3152709758779556,
      "coco_ap75": 0.23018975152419444,
      "coco_ap_large": 0.27817518424800364,
      "coco_ap_medium": 0.2403471791319336,
      "coco_ap_small": 0.08416684845513457,
      "coco_ar1": 0.22768156782068477,
      "coco_ar10": 0.336852430742639,
      "coco_ar100": 0.349337166241729,
      "coco_ar_large": 0.4662485580921373,
      "coco_ar_medium": 0.3787834130847715,
      "coco_ar_small": 0.13145749467671994,
      "nms_iou_threshold": 0.5,
      "num_predictions": 21578.0,
      "num_samples": 500.0,
      "score_alpha": 1.5,
      "score_beta": 1.0,
      "score_threshold": 0.1,
      "top_k": 200
    },
    {
      "coco_ap": 0.20501040248568242,
      "coco_ap50": 0.30454819881143563,
      "coco_ap75": 0.2311361224199814,
      "coco_ap_large": 0.27318779136622773,
      "coco_ap_medium": 0.2387822656376471,
      "coco_ap_small": 0.08600943997254278,
      "coco_ar1": 0.22768156782068477,
      "coco_ar10": 0.3482004336365285,
      "coco_ar100": 0.36674981333274004,
      "coco_ar_large": 0.4802152974228357,
      "coco_ar_medium": 0.4010091215944968,
      "coco_ar_small": 0.14541771507011125,
      "nms_iou_threshold": 0.6,
      "num_predictions": 27801.0,
      "num_samples": 500.0,
      "score_alpha": 1.5,
      "score_beta": 1.0,
      "score_threshold": 0.1,
      "top_k": 200
    },
    {
      "coco_ap": 0.20037322320757647,
      "coco_ap50": 0.3021548291058413,
      "coco_ap75": 0.2238696269877892,
      "coco_ap_large": 0.2718902798965306,
      "coco_ap_medium": 0.22478542841011173,
      "coco_ap_small": 0.07185028619301688,
      "coco_ar1": 0.20930435247851942,
      "coco_ar10": 0.2880197371920717,
      "coco_ar100": 0.2897542197860094,
      "coco_ar_large": 0.4041154923129677,
      "coco_ar_medium": 0.29930612812326446,
      "coco_ar_small": 0.09268188725903803,
      "nms_iou_threshold": 0.4,
      "num_predictions": 6295.0,
      "num_samples": 500.0,
      "score_alpha": 1.5,
      "score_beta": 1.0,
      "score_threshold": 0.2,
      "top_k": 20
    },
    {
      "coco_ap": 0.19951680845141564,
      "coco_ap50": 0.29696507773954256,
      "coco_ap75": 0.22341225021761346,
      "coco_ap_large": 0.2714125029500828,
      "coco_ap_medium": 0.22573699520802004,
      "coco_ap_small": 0.07081313873395353,
      "coco_ar1": 0.20738413296467537,
      "coco_ar10": 0.28918076087223504,
      "coco_ar100": 0.2915697581725362,
      "coco_ar_large": 0.40727361708589976,
      "coco_ar_medium": 0.300379398127573,
      "coco_ar_small": 0.09231219592762012,
      "nms_iou_threshold": 0.5,
      "num_predictions": 6732.0,
      "num_samples": 500.0,
      "score_alpha": 1.5,
      "score_beta": 1.0,
      "score_threshold": 0.2,
      "top_k": 20
    },
    {
      "coco_ap": 0.19491677494198623,
      "coco_ap50": 0.2855241072501923,
      "coco_ap75": 0.22099258017816611,
      "coco_ap_large": 0.2667631155041037,
      "coco_ap_medium": 0.22033344583454478,
      "coco_ap_small": 0.06484380916175903,
      "coco_ar1": 0.20542073174398484,
      "coco_ar10": 0.28757942562201144,
      "coco_ar100": 0.2912320403673921,
      "coco_ar_large": 0.4109865067471404,
      "coco_ar_medium": 0.29798849200992106,
      "coco_ar_small": 0.08394584529207101,
      "nms_iou_threshold": 0.6,
      "num_predictions": 7329.0,
      "num_samples": 500.0,
      "score_alpha": 1.5,
      "score_beta": 1.0,
      "score_threshold": 0.2,
      "top_k": 20
    },
    {
      "coco_ap": 0.20350689394160956,
      "coco_ap50": 0.3091117568483737,
      "coco_ap75": 0.22656099160386217,
      "coco_ap_large": 0.27470254296398383,
      "coco_ap_medium": 0.23158072766547255,
      "coco_ap_small": 0.07725700197258269,
      "coco_ar1": 0.21367900794159903,
      "coco_ar10": 0.29915493426334006,
      "coco_ar100": 0.30444318634208356,
      "coco_ar_large": 0.4233226934971682,
      "coco_ar_medium": 0.32347093467528754,
      "coco_ar_small": 0.1032482438915225,
      "nms_iou_threshold": 0.4,
      "num_predictions": 8283.0,
      "num_samples": 500.0,
      "score_alpha": 1.5,
      "score_beta": 1.0,
      "score_threshold": 0.2,
      "top_k": 50
    },
    {
      "coco_ap": 0.20338143149827684,
      "coco_ap50": 0.30565885446554747,
      "coco_ap75": 0.22662246566100053,
      "coco_ap_large": 0.27444571581466426,
      "coco_ap_medium": 0.23404111854585813,
      "coco_ap_small": 0.0769141792513925,
      "coco_ar1": 0.21341931873122985,
      "coco_ar10": 0.30375585264839766,
      "coco_ar100": 0.31087040546415107,
      "coco_ar_large": 0.43092418715805964,
      "coco_ar_medium": 0.3331711486545161,
      "coco_ar_small": 0.104987987607466,
      "nms_iou_threshold": 0.5,
      "num_predictions": 9541.0,
      "num_samples": 500.0,
      "score_alpha": 1.5,
      "score_beta": 1.0,
      "score_threshold": 0.2,
      "top_k": 50
    },
    {
      "coco_ap": 0.20016249032844274,
      "coco_ap50": 0.29546817405738185,
      "coco_ap75": 0.22582165868940796,
      "coco_ap_large": 0.2686665995694866,
      "coco_ap_medium": 0.23247518502742556,
      "coco_ap_small": 0.07678591920968013,
      "coco_ar1": 0.21289640048679265,
      "coco_ar10": 0.30868171980309467,
      "coco_ar100": 0.31895446153139406,
      "coco_ar_large": 0.4362581142191369,
      "coco_ar_medium": 0.34799461587550723,
      "coco_ar_small": 0.10632491252498742,
      "nms_iou_threshold": 0.6,
      "num_predictions": 11245.0,
      "num_samples": 500.0,
      "score_alpha": 1.5,
      "score_beta": 1.0,
      "score_threshold": 0.2,
      "top_k": 50
    },
    {
      "coco_ap": 0.20368904307970764,
      "coco_ap50": 0.30962370718473015,
      "coco_ap75": 0.22668822121944024,
      "coco_ap_large": 0.27477028074954285,
      "coco_ap_medium": 0.2319018940800456,
      "coco_ap_small": 0.07724732212093693,
      "coco_ar1": 0.21402820043396042,
      "coco_ar10": 0.2997321558006016,
      "coco_ar100": 0.3058755158290445,
      "coco_ar_large": 0.42392936394312436,
      "coco_ar_medium": 0.32565734543707076,
      "coco_ar_small": 0.1039440125462817,
      "nms_iou_threshold": 0.4,
      "num_predictions": 8661.0,
      "num_samples": 500.0,
      "score_alpha": 1.5,
      "score_beta": 1.0,
      "score_threshold": 0.2,
      "top_k": 100
    },
    {
      "coco_ap": 0.20362111980691433,
      "coco_ap50": 0.30625068584060894,
      "coco_ap75": 0.2267970567527277,
      "coco_ap_large": 0.2744387475003558,
      "coco_ap_medium": 0.23434261015289082,
      "coco_ap_small": 0.07784672413569887,
      "coco_ar1": 0.21367900794159903,
      "coco_ar10": 0.3044762893644647,
      "coco_ar100": 0.31306704051829465,
      "coco_ar_large": 0.4313225242706824,
      "coco_ar_medium": 0.33540932146201907,
      "coco_ar_small": 0.10784893267305136,
      "nms_iou_threshold": 0.5,
      "num_predictions": 10349.0,
      "num_samples": 500.0,
      "score_alpha": 1.5,
      "score_beta": 1.0,
      "score_threshold": 0.2,
      "top_k": 100
    },
    {
      "coco_ap": 0.2006189283635294,
      "coco_ap50": 0.2965920744646636,
      "coco_ap75": 0.22630940520583745,
      "coco_ap_large": 0.269698974052697,
      "coco_ap_medium": 0.23291300153713562,
      "coco_ap_small": 0.07785135719026846,
      "coco_ar1": 0.21367900794159903,
      "coco_ar10": 0.3103907590619607,
      "coco_ar100": 0.32316464482068485,
      "coco_ar_large": 0.44223055976301107,
      "coco_ar_medium": 0.3516211972467942,
      "coco_ar_small": 0.11066722563107001,
      "nms_iou_threshold": 0.6,
      "num_predictions": 12947.0,
      "num_samples": 500.0,
      "score_alpha": 1.5,
      "score_beta": 1.0,
      "score_threshold": 0.2,
      "top_k": 100
    },
    {
      "coco_ap": 0.2036875174810703,
      "coco_ap50": 0.30962109822172185,
      "coco_ap75": 0.22668747790683066,
      "coco_ap_large": 0.27477028074954285,
      "coco_ap_medium": 0.23190002398319132,
      "coco_ap_small": 0.07724732212093693,
      "coco_ar1": 0.21402820043396042,
      "coco_ar10": 0.2997321558006016,
      "coco_ar100": 0.3058755158290445,
      "coco_ar_large": 0.42392936394312436,
      "coco_ar_medium": 0.32565734543707076,
      "coco_ar_small": 0.1039440125462817,
      "nms_iou_threshold": 0.4,
      "num_predictions": 8694.0,
      "num_samples": 500.0,
      "score_alpha": 1.5,
      "score_beta": 1.0,
      "score_threshold": 0.2,
      "top_k": 200
    },
    {
      "coco_ap": 0.2036939435460626,
      "coco_ap50": 0.3064559364595363,
      "coco_ap75": 0.22685183639074322,
      "coco_ap_large": 0.2745178677312194,
      "coco_ap_medium": 0.2345203455813383,
      "coco_ap_small": 0.07796175993636605,
      "coco_ar1": 0.21402820043396042,
      "coco_ar10": 0.30490987004248016,
      "coco_ar100": 0.31353785127821626,
      "coco_ar_large": 0.4315308576040157,
      "coco_ar_medium": 0.33656372261642015,
      "coco_ar_small": 0.1082818331059518,
      "nms_iou_threshold": 0.5,
      "num_predictions": 10469.0,
      "num_samples": 500.0,
      "score_alpha": 1.5,
      "score_beta": 1.0,
      "score_threshold": 0.2,
      "top_k": 200
    },
    {
      "coco_ap": 0.2007170802246874,
      "coco_ap50": 0.29686230798492685,
      "coco_ap75": 0.22637096205704044,
      "coco_ap_large": 0.26975210481166034,
      "coco_ap_medium": 0.23309930818686062,
      "coco_ap_small": 0.07824092252535653,
      "coco_ar1": 0.21402820043396042,
      "coco_ar10": 0.31082433973997614,
      "coco_ar100": 0.324112651857069,
      "coco_ar_large": 0.4424388930963444,
      "coco_ar_medium": 0.353159666610037,
      "coco_ar_small": 0.11171018267402708,
      "nms_iou_threshold": 0.6,
      "num_predictions": 13449.0,
      "num_samples": 500.0,
      "score_alpha": 1.5,
      "score_beta": 1.0,
      "score_threshold": 0.2,
      "top_k": 200
    },
    {
      "coco_ap": 0.20588543380287472,
      "coco_ap50": 0.3083240196217265,
      "coco_ap75": 0.22896069615576584,
      "coco_ap_large": 0.2800348196862029,
      "coco_ap_medium": 0.2303868780031647,
      "coco_ap_small": 0.07651269477253785,
      "coco_ar1": 0.22107331777219144,
      "coco_ar10": 0.3064364323907038,
      "coco_ar100": 0.30862809511876377,
      "coco_ar_large": 0.42995138742783406,
      "coco_ar_medium": 0.3175857485763155,
      "coco_ar_small": 0.10564400420250007,
      "nms_iou_threshold": 0.4,
      "num_predictions": 9078.0,
      "num_samples": 500.0,
      "score_alpha": 2.0,
      "score_beta": 1.0,
      "score_threshold": 0.03,
      "top_k": 20
    },
    {
      "coco_ap": 0.2057523348353165,
      "coco_ap50": 0.30382558244241675,
      "coco_ap75": 0.22933287183689566,
      "coco_ap_large": 0.2800256496618051,
      "coco_ap_medium": 0.23325389328133841,
      "coco_ap_small": 0.07544804365799442,
      "coco_ar1": 0.21977436543531062,
      "coco_ar10": 0.3094733045071493,
      "coco_ar100": 0.3123151535620532,
      "coco_ar_large": 0.4369091746358208,
      "coco_ar_medium": 0.32566691500392825,
      "coco_ar_small": 0.1046881301640662,
      "nms_iou_threshold": 0.5,
      "num_predictions": 9287.0,
      "num_samples": 500.0,
      "score_alpha": 2.0,
      "score_beta": 1.0,
      "score_threshold": 0.03,
      "top_k": 20
    },
    {
      "coco_ap": 0.20101102044893376,
      "coco_ap50": 0.2921087576952178,
      "coco_ap75": 0.22676890420563847,
      "coco_ap_large": 0.2746211754359009,
      "coco_ap_medium": 0.22923501003514896,
      "coco_ap_small": 0.07131121615667967,
      "coco_ar1": 0.21724510184534723,
      "coco_ar10": 0.3080974618498931,
      "coco_ar100": 0.31172919282328004,
      "coco_ar_large": 0.44383964951205895,
      "coco_ar_medium": 0.3227647400038838,
      "coco_ar_small": 0.09790179088285597,
      "nms_iou_threshold": 0.6,
      "num_predictions": 9474.0,
      "num_samples": 500.0,
      "score_alpha": 2.0,
      "score_beta": 1.0,
      "score_threshold": 0.03,
      "top_k": 20
    },
    {
      "coco_ap": 0.21118325756983786,
      "coco_ap50": 0.32049523398058105,
      "coco_ap75": 0.23312563155369317,
      "coco_ap_large": 0.2850475119272451,
      "coco_ap_medium": 0.23966812888807512,
      "coco_ap_small": 0.08578723607928991,
      "coco_ar1": 0.23304638076055015,
      "coco_ar10": 0.3395139804610873,
      "coco_ar100": 0.3464506721500701,
      "coco_ar_large": 0.4748069608022351,
      "coco_ar_medium": 0.37202622461719115,
      "coco_ar_small": 0.12816942120306088,
      "nms_iou_threshold": 0.4,
      "num_predictions": 18251.0,
      "num_samples": 500.0,
      "score_alpha": 2.0,
      "score_beta": 1.0,
      "score_threshold": 0.03,
      "top_k": 50
    },
    {
      "coco_ap": 0.21124870703592127,
      "coco_ap50": 0.3165509987897672,
      "coco_ap75": 0.23349439036808892,
      "coco_ap_large": 0.28517285577609014,
      "coco_ap_medium": 0.24248291336263691,
      "coco_ap_small": 0.08547284405255001,
      "coco_ar1": 0.2310781714362386,
      "coco_ar10": 0.34270294960130765,
      "coco_ar100": 0.3512355142709707,
      "coco_ar_large": 0.4856766639989948,
      "coco_ar_medium": 0.37988664281161416,
      "coco_ar_small": 0.12872003634520113,
      "nms_iou_threshold": 0.5,
      "num_predictions": 19500.0,
      "num_samples": 500.0,
      "score_alpha": 2.0,
      "score_beta": 1.0,
      "score_threshold": 0.03,
      "top_k": 50
    },
    {
      "coco_ap": 0.20704346009671298,
      "coco_ap50": 0.30513103320264445,
      "coco_ap75": 0.23180020861577025,
      "coco_ap_large": 0.27862446207577213,
      "coco_ap_medium": 0.24089489156684044,
      "coco_ap_small": 0.08363590887213807,
      "coco_ar1": 0.22988943586990604,
      "coco_ar10": 0.34466899221093084,
      "coco_ar100": 0.35589159253037195,
      "coco_ar_large": 0.4915613507402322,
      "coco_ar_medium": 0.38827913739581166,
      "coco_ar_small": 0.12781511624780584,
      "nms_iou_threshold": 0.6,
      "num_predictions": 20843.0,
      "num_samples": 500.0,
      "score_alpha": 2.0,
      "score_beta": 1.0,
      "score_threshold": 0.03,
      "top_k": 50
    },
    {
      "coco_ap": 0.21189413899342077,
      "coco_ap50": 0.32256457300341934,
      "coco_ap75": 0.23337761667654225,
      "coco_ap_large": 0.28510701485268375,
      "coco_ap_medium": 0.24070928644169698,
      "coco_ap_small": 0.08692607780401365,
      "coco_ar1": 0.23378477635313,
      "coco_ar10": 0.3455575255716625,
      "coco_ar100": 0.3556313281244542,
      "coco_ar_large": 0.47783057380060856,
      "coco_ar_medium": 0.38338423154741946,
      "coco_ar_small": 0.1358134033622049,
      "nms_iou_threshold": 0.4,
      "num_predictions": 25422.0,
      "num_samples": 500.0,
      "score_alpha": 2.0,
      "score_beta": 1.0,
      "score_threshold": 0.03,
      "top_k": 100
    },
    {
      "coco_ap": 0.21240205037051937,
      "coco_ap50": 0.3194430927523325,
      "coco_ap75": 0.23421454252291243,
      "coco_ap_large": 0.2854581166324205,
      "coco_ap_medium": 0.24350283460061709,
      "coco_ap_small": 0.08866438795806841,
      "coco_ar1": 0.23358787058660396,
      "coco_ar10": 0.3520141943360497,
      "coco_ar100": 0.36526082274272087,
      "coco_ar_large": 0.49151968829664033,
      "coco_ar_medium": 0.3948551804875933,
      "coco_ar_small": 0.14128907439438337,
      "nms_iou_threshold": 0.5,
      "num_predictions": 28986.0,
      "num_samples": 500.0,
      "score_alpha": 2.0,
      "score_beta": 1.0,
      "score_threshold": 0.03,
      "top_k": 100
    },
    {
      "coco_ap": 0.20870724206217872,
      "coco_ap50": 0.30832179819203454,
      "coco_ap75": 0.23337591441369163,
      "coco_ap_large": 0.27928172048218075,
      "coco_ap_medium": 0.24252710115002027,
      "coco_ap_small": 0.08799504241303653,
      "coco_ar1": 0.23308677936006536,
      "coco_ar10": 0.36016457024642773,
      "coco_ar100": 0.3774181759877883,
      "coco_ar_large": 0.5054516627988139,
      "coco_ar_medium": 0.41183145054313086,
      "coco_ar_small": 0.14397851194862557,
      "nms_iou_threshold": 0.6,
      "num_predictions": 32873.0,
      "num_samples": 500.0,
      "score_alpha": 2.0,
      "score_beta": 1.0,
      "score_threshold": 0.03,
      "top_k": 100
    },
    {
      "coco_ap": 0.21202967267744163,
      "coco_ap50": 0.32313681200171573,
      "coco_ap75": 0.2333995683281899,
      "coco_ap_large": 0.2851454931570684,
      "coco_ap_medium": 0.24080895373328107,
      "coco_ap_small": 0.08740799901006453,
      "coco_ar1": 0.2339170264948266,
      "coco_ar10": 0.3466946559522983,
      "coco_ar100": 0.35841159268440637,
      "coco_ar_large": 0.4784610085832173,
      "coco_ar_medium": 0.3857415518497861,
      "coco_ar_small": 0.14061037712253335,
      "nms_iou_threshold": 0.4,
      "num_predictions": 29128.0,
      "num_samples": 500.0,
      "score_alpha": 2.0,
      "score_beta": 1.0,
      "score_threshold": 0.03,
      "top_k": 200
    },
    {
      "coco_ap": 0.21262815495576626,
      "coco_ap50": 0.32025686070121145,
      "coco_ap75": 0.23425832096575044,
      "coco_ap_large": 0.28561472166651886,
      "coco_ap_medium": 0.24371041158869125,
      "coco_ap_small": 0.08974656449358102,
      "coco_ar1": 0.23378477635313,
      "coco_ar10": 0.35398170967958326,
      "coco_ar100": 0.3697114792936773,
      "coco_ar_large": 0.4937484723966598,
      "coco_ar_medium": 0.39931636343455124,
      "coco_ar_small": 0.1473189138887405,
      "nms_iou_threshold": 0.5,
      "num_predictions": 35622.0,
      "num_samples": 500.0,
      "score_alpha": 2.0,
      "score_beta": 1.0,
      "score_threshold": 0.03,
      "top_k": 200
    },
    {
      "coco_ap": 0.20913950013154697,
      "coco_ap50": 0.30946111781792096,
      "coco_ap75": 0.23361787874396525,
      "coco_ap_large": 0.27935051377076336,
      "coco_ap_medium": 0.24324228276440044,
      "coco_ap_small": 0.08964296439888102,
      "coco_ar1": 0.23378477635313,
      "coco_ar10": 0.3635220368527457,
      "coco_ar100": 0.38503724922077814,
      "coco_ar_large": 0.5075386045398003,
      "coco_ar_medium": 0.42149050954301504,
      "coco_ar_small": 0.15327780847279993,
      "nms_iou_threshold": 0.6,
      "num_predictions": 44065.0,
      "num_samples": 500.0,
      "score_alpha": 2.0,
      "score_beta": 1.0,
      "score_threshold": 0.03,
      "top_k": 200
    },
    {
      "coco_ap": 0.20585159732034736,
      "coco_ap50": 0.3082177989542744,
      "coco_ap75": 0.22896069615576584,
      "coco_ap_large": 0.280000050322979,
      "coco_ap_medium": 0.23038070341116518,
      "coco_ap_small": 0.07651269477253785,
      "coco_ar1": 0.22094007326852722,
      "coco_ar10": 0.30629378156061315,
      "coco_ar100": 0.3084854442886732,
      "coco_ar_large": 0.42970984153411423,
      "coco_ar_medium": 0.31755828359416777,
      "coco_ar_small": 0.10564400420250007,
      "nms_iou_threshold": 0.4,
      "num_predictions": 8711.0,
      "num_samples": 500.0,
      "score_alpha": 2.0,
      "score_beta": 1.0,
      "score_threshold": 0.05,
      "top_k": 20
    },
    {
      "coco_ap": 0.20572825143052303,
      "coco_ap50": 0.3037608965128193,
      "coco_ap75": 0.22933287183689566,
      "coco_ap_large": 0.2799893960364425,
      "coco_ap_medium": 0.23325389328133841,
      "coco_ap_small": 0.07544804365799442,
      "coco_ar1": 0.21964112093164645,
      "coco_ar10": 0.30934006000348513,
      "coco_ar100": 0.3121778777756348,
      "coco_ar_large": 0.436667628742101,
      "coco_ar_medium": 0.32566691500392825,
      "coco_ar_small": 0.10467379119073669,
      "nms_iou_threshold": 0.5,
      "num_predictions": 8946.0,
      "num_samples": 500.0,
      "score_alpha": 2.0,
      "score_beta": 1.0,
      "score_threshold": 0.05,
      "top_k": 20
    },
    {
      "coco_ap": 0.20098961594751075,
      "coco_ap50": 0.29204116453282947,
      "coco_ap75": 0.22676890420563847,
      "coco_ap_large": 0.2745840787029718,
      "coco_ap_medium": 0.22923501003514896,
      "coco_ap_small": 0.07131121615667967,
      "coco_ar1": 0.217111857341683,
      "coco_ar10": 0.30796421734622886,
      "coco_ar100": 0.31159594831961585,
      "coco_ar_large": 0.4435981036183391,
      "coco_ar_medium": 0.3227647400038838,
      "coco_ar_small": 0.09790179088285597,
      "nms_iou_threshold": 0.6,
      "num_predictions": 9227.0,
      "num_samples": 500.0,
      "score_alpha": 2.0,
      "score_beta": 1.0,
      "score_threshold": 0.05,
      "top_k": 20
    },
    {
      "coco_ap": 0.2109018022741588,
      "coco_ap50": 0.31991226704375997,
      "coco_ap75": 0.232914401339179,
      "coco_ap_large": 0.2845969028522002,
      "coco_ap_medium": 0.23939104018369683,
      "coco_ap_small": 0.08576344446902723,
      "coco_ar1": 0.2313396265605587,
      "coco_ar10": 0.3367104924955975,
      "coco_ar100": 0.34302145736428474,
      "coco_ar_large": 0.4680113390810405,
      "coco_ar_medium": 0.3691527557364079,
      "coco_ar_small": 0.12797682911030178,
      "nms_iou_threshold": 0.4,
      "num_predictions": 16077.0,
      "num_samples": 500.0,
      "score_alpha": 2.0,
      "score_beta": 1.0,
      "score_threshold": 0.05,
      "top_k": 50
    },
    {
      "coco_ap": 0.21107585551833508,
      "coco_ap50": 0.3162114026616476,
      "coco_ap75": 0.23338368057867162,
      "coco_ap_large": 0.2848943812586357,
      "coco_ap_medium": 0.24223936471281735,
      "coco_ap_small": 0.08522781113371583,
      "coco_ar1": 0.2301851604550536,
      "coco_ar10": 0.34100192150244635,
      "coco_ar100": 0.34919026935967085,
      "coco_ar_large": 0.4809923056267482,
      "coco_ar_medium": 0.37763177560206423,
      "coco_ar_small": 0.12765208407108816,
      "nms_iou_threshold": 0.5,
      "num_predictions": 17435.0,
      "num_samples": 500.0,
      "score_alpha": 2.0,
      "score_beta": 1.0,
      "score_threshold": 0.05,
      "top_k": 50
    },
    {
      "coco_ap": 0.20691548715365593,
      "coco_ap50": 0.30486304628444194,
      "coco_ap75": 0.23173703774172077,
      "coco_ap_large": 0.2784147549359811,
      "coco_ap_medium": 0.240723779239132,
      "coco_ap_small": 0.08360534714036372,
      "coco_ar1": 0.22908372301181143,
      "coco_ar10": 0.34361375859112464,
      "coco_ar100": 0.35421311988628085,
      "coco_ar_large": 0.487405663432371,
      "coco_ar_medium": 0.3865404850737652,
      "coco_ar_small": 0.12753987952694756,
      "nms_iou_threshold": 0.6,
      "num_predictions": 19073.0,
      "num_samples": 500.0,
      "score_alpha": 2.0,
      "score_beta": 1.0,
      "score_threshold": 0.05,
      "top_k": 50
    },
    {
      "coco_ap": 0.2114809012534598,
      "coco_ap50": 0.32147901451298844,
      "coco_ap75": 0.2331731350773878,
      "coco_ap_large": 0.28460301416116457,
      "coco_ap_medium": 0.24025318624835437,
      "coco_ap_small": 0.08682839044101692,
      "coco_ar1": 0.23192612341896132,
      "coco_ar10": 0.340272024436669,
      "coco_ar100": 0.3493704607994798,
      "coco_ar_large": 0.469690306629681,
      "coco_ar_medium": 0.3760109569375426,
      "coco_ar_small": 0.13451346277480675,
      "nms_iou_threshold": 0.4,
      "num_predictions": 20504.0,
      "num_samples": 500.0,
      "score_alpha": 2.0,
      "score_beta": 1.0,
      "score_threshold": 0.05,
      "top_k": 100
    },
    {
      "coco_ap": 0.21204239854009643,
      "coco_ap50": 0.31859045942522485,
      "coco_ap75": 0.23403726165119612,
      "coco_ap_large": 0.2850161577970229,
      "coco_ap_medium": 0.2430876135712305,
      "coco_ap_small": 0.08848823524281943,
      "coco_ar1": 0.23172921765243532,
      "coco_ar10": 0.34711232126465064,
      "coco_ar100": 0.3590589041383285,
      "coco_ar_large": 0.48390976710248723,
      "coco_ar_medium": 0.3866469736142127,
      "coco_ar_small": 0.13946373712628815,
      "nms_iou_threshold": 0.5,
      "num_predictions": 23720.0,
      "num_samples": 500.0,
      "score_alpha": 2.0,
      "score_beta": 1.0,
      "score_threshold": 0.05,
      "top_k": 100
    },
    {
      "coco_ap": 0.20839068437820835,
      "coco_ap50": 0.3077149152246459,
      "coco_ap75": 0.2331747538850886,
      "coco_ap_large": 0.2788585494371949,
      "coco_ap_medium": 0.24223171667394536,
      "coco_ap_small": 0.08783091166579009,
      "coco_ar1": 0.2313800251600739,
      "coco_ar10": 0.3564051659802899,
      "coco_ar100": 0.3717611423163097,
      "coco_ar_large": 0.49684601185868676,
      "coco_ar_medium": 0.4060663411777101,
      "coco_ar_small": 0.1425756280788712,
      "nms_iou_threshold": 0.6,
      "num_predictions": 27919.0,
      "num_samples": 500.0,
      "score_alpha": 2.0,
      "score_beta": 1.0,
      "score_threshold": 0.05,
      "top_k": 100
    },
    {
      "coco_ap": 0.21154899014470335,
      "coco_ap50": 0.321746697218488,
      "coco_ap75": 0.23317911835281627,
      "coco_ap_large": 0.284668668929984,
      "coco_ap_medium": 0.24033771649707844,
      "coco_ap_small": 0.08695566774398522,
      "coco_ar1": 0.23205837356065792,
      "coco_ar10": 0.34079128774881046,
      "coco_ar100": 0.350585230961382,
      "coco_ar_large": 0.47032074141228974,
      "coco_ar_medium": 0.37739855210099976,
      "coco_ar_small": 0.13584076084715788,
      "nms_iou_threshold": 0.4,
      "num_predictions": 21873.0,
      "num_samples": 500.0,
      "score_alpha": 2.0,
      "score_beta": 1.0,
      "score_threshold": 0.05,
      "top_k": 200
    },
    {
      "coco_ap": 0.2121855977955204,
      "coco_ap50": 0.31910101308215016,
      "coco_ap75": 0.23405144139016185,
      "coco_ap_large": 0.2850751659684328,
      "coco_ap_medium": 0.24327124673176254,
      "coco_ap_small": 0.08939006210790755,
      "coco_ar1": 0.23192612341896132,
      "coco_ar10": 0.3482198939066567,
      "coco_ar100": 0.3614753442595322,
      "coco_ar_large": 0.4844985352184292,
      "coco_ar_medium": 0.3897086552328822,
      "coco_ar_small": 0.14243907157516975,
      "nms_iou_threshold": 0.5,
      "num_predictions": 26865.0,
      "num_samples": 500.0,
      "score_alpha": 2.0,
      "score_beta": 1.0,
      "score_threshold": 0.05,
      "top_k": 200
    },
    {
      "coco_ap": 0.20876025497536976,
      "coco_ap50": 0.3086181718390836,
      "coco_ap75": 0.2333574350592346,
      "coco_ap_large": 0.2789335746511107,
      "coco_ap_medium": 0.24285027897180894,
      "coco_ap_small": 0.08940389707048771,
      "coco_ar1": 0.23192612341896132,
      "coco_ar10": 0.35834602965025747,
      "coco_ar100": 0.3770061450910018,
      "coco_ar_large": 0.4981335603082992,
      "coco_ar_medium": 0.41226992656666045,
      "coco_ar_small": 0.1496715635351212,
      "nms_iou_threshold": 0.6,
      "num_predictions": 34196.0,
      "num_samples": 500.0,
      "score_alpha": 2.0,
      "score_beta": 1.0,
      "score_threshold": 0.05,
      "top_k": 200
    },
    {
      "coco_ap": 0.20523872708404994,
      "coco_ap50": 0.30688041798273713,
      "coco_ap75": 0.22849080774940328,
      "coco_ap_large": 0.27931968087553083,
      "coco_ap_medium": 0.22951094631771002,
      "coco_ap_small": 0.07597923254099917,
      "coco_ar1": 0.2196203422995618,
      "coco_ar10": 0.3025749861334068,
      "coco_ar100": 0.3046921886976544,
      "coco_ar_large": 0.4246837443949219,
      "coco_ar_medium": 0.3122176308996917,
      "coco_ar_small": 0.10207327395769468,
      "nms_iou_threshold": 0.4,
      "num_predictions": 7665.0,
      "num_samples": 500.0,
      "score_alpha": 2.0,
      "score_beta": 1.0,
      "score_threshold": 0.1,
      "top_k": 20
    },
    {
      "coco_ap": 0.20520873921710706,
      "coco_ap50": 0.30268877047477355,
      "coco_ap75": 0.2289527419646452,
      "coco_ap_large": 0.2792764702626313,
      "coco_ap_medium": 0.23232445114443326,
      "coco_ap_small": 0.074971016503601,
      "coco_ar1": 0.21836871044061784,
      "coco_ar10": 0.3055819468606178,
      "coco_ar100": 0.3084184208718494,
      "coco_ar_large": 0.42705520633205957,
      "coco_ar_medium": 0.3197345767048188,
      "coco_ar_small": 0.10121803344117335,
      "nms_iou_threshold": 0.5,
      "num_predictions": 8023.0,
      "num_samples": 500.0,
      "score_alpha": 2.0,
      "score_beta": 1.0,
      "score_threshold": 0.1,
      "top_k": 20
    },
    {
      "coco_ap": 0.20068076888901562,
      "coco_ap50": 0.29134190137935595,
      "coco_ap75": 0.2265813703220253,
      "coco_ap_large": 0.2739539980937436,
      "coco_ap_medium": 0.22822392008449,
      "coco_ap_small": 0.07131121615667967,
      "coco_ar1": 0.2158394468506544,
      "coco_ar10": 0.3054352565164753,
      "coco_ar100": 0.30906564372894413,
      "coco_ar_large": 0.43385537445596706,
      "coco_ar_medium": 0.31661255885170264,
      "coco_ar_small": 0.09789701122507947,
      "nms_iou_threshold": 0.6,
      "num_predictions": 8488.0,
      "num_samples": 500.0,
      "score_alpha": 2.0,
      "score_beta": 1.0,
      "score_threshold": 0.1,
      "top_k": 20
    },
    {
      "coco_ap": 0.20953899522853692,
      "coco_ap50": 0.3167549384732652,
      "coco_ap75": 0.2319543560898385,
      "coco_ap_large": 0.2830211043437396,
      "coco_ap_medium": 0.2368578128659145,
      "coco_ap_small": 0.08451537597132358,
      "coco_ar1": 0.22690483573968212,
      "coco_ar10": 0.32380175325139454,
      "coco_ar100": 0.32990558923814917,
      "coco_ar_large": 0.4496710010269771,
      "coco_ar_medium": 0.35053086965168057,
      "coco_ar_small": 0.12128099283071331,
      "nms_iou_threshold": 0.4,
      "num_predictions": 11737.0,
      "num_samples": 500.0,
      "score_alpha": 2.0,
      "score_beta": 1.0,
      "score_threshold": 0.1,
      "top_k": 50
    },
    {
      "coco_ap": 0.20988841824140866,
      "coco_ap50": 0.31362078486825024,
      "coco_ap75": 0.23261038219566804,
      "coco_ap_large": 0.2833799892458057,
      "coco_ap_medium": 0.23991386900022907,
      "coco_ap_small": 0.0841235763839064,
      "coco_ar1": 0.22594511160107095,
      "coco_ar10": 0.32918824810324443,
      "coco_ar100": 0.3368582298003706,
      "coco_ar_large": 0.4575777024734478,
      "coco_ar_medium": 0.3591762942831791,
      "coco_ar_small": 0.12204661548496462,
      "nms_iou_threshold": 0.5,
      "num_predictions": 13161.0,
      "num_samples": 500.0,
      "score_alpha": 2.0,
      "score_beta": 1.0,
      "score_threshold": 0.1,
      "top_k": 50
    },
    {
      "coco_ap": 0.20592876536461915,
      "coco_ap50": 0.3026847424327918,
      "coco_ap75": 0.23104351414210367,
      "coco_ap_large": 0.27724452860224297,
      "coco_ap_medium": 0.23865520890789224,
      "coco_ap_small": 0.08259470482352542,
      "coco_ar1": 0.22521210671221648,
      "coco_ar10": 0.3330917062016647,
      "coco_ar100": 0.3431394424961593,
      "coco_ar_large": 0.46718792800664155,
      "coco_ar_medium": 0.3693591113458881,
      "coco_ar_small": 0.1217857004648149,
      "nms_iou_threshold": 0.6,
      "num_predictions": 15022.0,
      "num_samples": 500.0,
      "score_alpha": 2.0,
      "score_beta": 1.0,
      "score_threshold": 0.1,
      "top_k": 50
    },
    {
      "coco_ap": 0.20984660309743786,
      "coco_ap50": 0.317553155266545,
      "coco_ap75": 0.2321080610329848,
      "coco_ap_large": 0.28296714922683797,
      "coco_ap_medium": 0.237494607555647,
      "coco_ap_small": 0.08448070985629985,
      "coco_ar1": 0.22725402823204355,
      "coco_ar10": 0.32507108335693535,
      "coco_ar100": 0.3325806893422629,
      "coco_ar_large": 0.4498840584721775,
      "coco_ar_medium": 0.3552070537809328,
      "coco_ar_small": 0.12318106905868947,
      "nms_iou_threshold": 0.4,
      "num_predictions": 13010.0,
      "num_samples": 500.0,
      "score_alpha": 2.0,
      "score_beta": 1.0,
      "score_threshold": 0.1,
      "top_k": 100
    },
    {
      "coco_ap": 0.21056149420414758,
      "coco_ap50": 0.31515368054842235,
      "coco_ap75": 0.2331421354868948,
      "coco_ap_large": 0.2834002886850329,
      "coco_ap_medium": 0.24055624703310977,
      "coco_ap_small": 0.08694036000285231,
      "coco_ar1": 0.22725402823204355,
      "coco_ar10": 0.3324536026775609,
      "coco_ar100": 0.34251033876472214,
      "coco_ar_large": 0.4582592177696248,
      "coco_ar_medium": 0.3653680885820584,
      "coco_ar_small": 0.13001050573044096,
      "nms_iou_threshold": 0.5,
      "num_predictions": 15514.0,
      "num_samples": 500.0,
      "score_alpha": 2.0,
      "score_beta": 1.0,
      "score_threshold": 0.1,
      "top_k": 100
    },
    {
      "coco_ap": 0.20715045640323398,
      "coco_ap50": 0.30495987462136104,
      "coco_ap75": 0.23231627357058246,
      "coco_ap_large": 0.27749735323483604,
      "coco_ap_medium": 0.24004280437676268,
      "coco_ap_small": 0.08658842850994941,
      "coco_ar1": 0.22690483573968212,
      "coco_ar10": 0.3417455957144253,
      "coco_ar100": 0.35543501702238384,
      "coco_ar_large": 0.4710121420489836,
      "coco_ar_medium": 0.3832001449139969,
      "coco_ar_small": 0.13430460887831525,
      "nms_iou_threshold": 0.6,
      "num_predictions": 19158.0,
      "num_samples": 500.0,
      "score_alpha": 2.0,
      "score_beta": 1.0,
      "score_threshold": 0.1,
      "top_k": 100
    },
    {
      "coco_ap": 0.20984823393089896,
      "coco_ap50": 0.31756472556520027,
      "coco_ap75": 0.23210300228270828,
      "coco_ap_large": 0.2829627835067715,
      "coco_ap_medium": 0.23752030102400867,
      "coco_ap_small": 0.0844494588488203,
      "coco_ar1": 0.22725402823204355,
      "coco_ar10": 0.32507108335693535,
      "coco_ar100": 0.33264731159409505,
      "coco_ar_large": 0.4498840584721775,
      "coco_ar_medium": 0.35536939144327045,
      "coco_ar_small": 0.12318106905868947,
      "nms_iou_threshold": 0.4,
      "num_predictions": 13231.0,
      "num_samples": 500.0,
      "score_alpha": 2.0,
      "score_beta": 1.0,
      "score_threshold": 0.1,
      "top_k": 200
    },
    {
      "coco_ap": 0.2106093248659408,
      "coco_ap50": 0.31533442259811717,
      "coco_ap75": 0.23313771745911718,
      "coco_ap_large": 0.2834644739020202,
      "coco_ap_medium": 0.24062975010030987,
      "coco_ap_small": 0.08694290411311445,
      "coco_ar1": 0.22725402823204355,
      "coco_ar10": 0.3327107292950166,
      "coco_ar100": 0.3429960458732831,
      "coco_ar_large": 0.4584675511029581,
      "coco_ar_medium": 0.3663060395200094,
      "coco_ar_small": 0.1302265119464472,
      "nms_iou_threshold": 0.5,
      "num_predictions": 16067.0,
      "num_samples": 500.0,
      "score_alpha": 2.0,
      "score_beta": 1.0,
      "score_threshold": 0.1,
      "top_k": 200
    },
    {
      "coco_ap": 0.2073678115509129,
      "coco_ap50": 0.3054522538986016,
      "coco_ap75": 0.23244028283383764,
      "coco_ap_large": 0.2775645640598036,
      "coco_ap_medium": 0.24041342001448965,
      "coco_ap_small": 0.08728510002542351,
      "coco_ar1": 0.22725402823204355,
      "coco_ar10": 0.3429175267100514,
      "coco_ar100": 0.35762443391511667,
      "coco_ar_large": 0.47135936427120584,
      "coco_ar_medium": 0.3869708945291574,
      "coco_ar_small": 0.1368878826291286,
      "nms_iou_threshold": 0.6,
      "num_predictions": 20615.0,
      "num_samples": 500.0,
      "score_alpha": 2.0,
      "score_beta": 1.0,
      "score_threshold": 0.1,
      "top_k": 200
    },
    {
      "coco_ap": 0.20157221985570128,
      "coco_ap50": 0.3001140048453465,
      "coco_ap75": 0.22508894175200686,
      "coco_ap_large": 0.2743554215371822,
      "coco_ap_medium": 0.22489189134492457,
      "coco_ap_small": 0.07157438847022088,
      "coco_ar1": 0.21028865195705793,
      "coco_ar10": 0.2839776421979011,
      "coco_ar100": 0.2860380584211301,
      "coco_ar_large": 0.39847502763382725,
      "coco_ar_medium": 0.29157013509605745,
      "coco_ar_small": 0.09367595690838278,
      "nms_iou_threshold": 0.4,
      "num_predictions": 5461.0,
      "num_samples": 500.0,
      "score_alpha": 2.0,
      "score_beta": 1.0,
      "score_threshold": 0.2,
      "top_k": 20
    },
    {
      "coco_ap": 0.20222330345434034,
      "coco_ap50": 0.2974929175677991,
      "coco_ap75": 0.2259552047102307,
      "coco_ap_large": 0.2751345575959232,
      "coco_ap_medium": 0.22791140507205312,
      "coco_ap_small": 0.07124592645961765,
      "coco_ar1": 0.20981163678583753,
      "coco_ar10": 0.2897757144765673,
      "coco_ar100": 0.292069003676695,
      "coco_ar_large": 0.40339912358789526,
      "coco_ar_medium": 0.2996060071278245,
      "coco_ar_small": 0.09349391148743841,
      "nms_iou_threshold": 0.5,
      "num_predictions": 5876.0,
      "num_samples": 500.0,
      "score_alpha": 2.0,
      "score_beta": 1.0,
      "score_threshold": 0.2,
      "top_k": 20
    },
    {
      "coco_ap": 0.19796808147689327,
      "coco_ap50": 0.28716593768480747,
      "coco_ap75": 0.2232578213987789,
      "coco_ap_large": 0.26991181654756474,
      "coco_ap_medium": 0.22520785919136904,
      "coco_ap_small": 0.06876866855015346,
      "coco_ar1": 0.2076437037700065,
      "coco_ar10": 0.28936395843767043,
      "coco_ar100": 0.29264617061841997,
      "coco_ar_large": 0.4084233069071066,
      "coco_ar_medium": 0.3015673035531025,
      "coco_ar_small": 0.09109993359940632,
      "nms_iou_threshold": 0.6,
      "num_predictions": 6451.0,
      "num_samples": 500.0,
      "score_alpha": 2.0,
      "score_beta": 1.0,
      "score_threshold": 0.2,
      "top_k": 20
    },
    {
      "coco_ap": 0.2039027899930956,
      "coco_ap50": 0.3050218427791539,
      "coco_ap75": 0.22719309256716594,
      "coco_ap_large": 0.2760860672052129,
      "coco_ap_medium": 0.22819643084214183,
      "coco_ap_small": 0.07617363750790236,
      "coco_ar1": 0.2134478831123699,
      "coco_ar10": 0.29116226820602026,
      "coco_ar100": 0.2960637391909164,
      "coco_ar_large": 0.41187771471440665,
      "coco_ar_medium": 0.30467512679550834,
      "coco_ar_small": 0.10139475454285082,
      "nms_iou_threshold": 0.4,
      "num_predictions": 6493.0,
      "num_samples": 500.0,
      "score_alpha": 2.0,
      "score_beta": 1.0,
      "score_threshold": 0.2,
      "top_k": 50
    },
    {
      "coco_ap": 0.20509093588238672,
      "coco_ap50": 0.30365713333810673,
      "coco_ap75": 0.2284648862818712,
      "coco_ap_large": 0.2773548358457168,
      "coco_ap_medium": 0.23184225187515478,
      "coco_ap_small": 0.07674438906933789,
      "coco_ar1": 0.2134478831123699,
      "coco_ar10": 0.2990297444472977,
      "coco_ar100": 0.30460761045754764,
      "coco_ar_large": 0.42139041378648956,
      "coco_ar_medium": 0.31566834872206684,
      "coco_ar_small": 0.1027828442052306,
      "nms_iou_threshold": 0.5,
      "num_predictions": 7441.0,
      "num_samples": 500.0,
      "score_alpha": 2.0,
      "score_beta": 1.0,
      "score_threshold": 0.2,
      "top_k": 50
    },
    {
      "coco_ap": 0.20162718266009894,
      "coco_ap50": 0.29423650118159,
      "coco_ap75": 0.22684333422602898,
      "coco_ap_large": 0.2717353443410104,
      "coco_ap_medium": 0.2312922445559755,
      "coco_ap_small": 0.07572894872324566,
      "coco_ar1": 0.21327125667728014,
      "coco_ar10": 0.3041287474982524,
      "coco_ar100": 0.31133730381217656,
      "coco_ar_large": 0.4286750187632058,
      "coco_ar_medium": 0.32824562879208163,
      "coco_ar_small": 0.10212433575374744,
      "nms_iou_threshold": 0.6,
      "num_predictions": 8829.0,
      "num_samples": 500.0,
      "score_alpha": 2.0,
      "score_beta": 1.0,
      "score_threshold": 0.2,
      "top_k": 50
    },
    {
      "coco_ap": 0.2040235442005103,
      "coco_ap50": 0.3052301772208068,
      "coco_ap75": 0.2273373166351757,
      "coco_ap_large": 0.2760834220504833,
      "coco_ap_medium": 0.22853971515004803,
      "coco_ap_small": 0.07614272410611415,
      "coco_ar1": 0.21379707560473138,
      "coco_ar10": 0.2915154919811358,
      "coco_ar100": 0.29684175694148907,
      "coco_ar_large": 0.41187771471440665,
      "coco_ar_medium": 0.3066036217821344,
      "coco_ar_small": 0.10140909351618035,
      "nms_iou_threshold": 0.4,
      "num_predictions": 6613.0,
      "num_samples": 500.0,
      "score_alpha": 2.0,
      "score_beta": 1.0,
      "score_threshold": 0.2,
      "top_k": 100
    },
    {
      "coco_ap": 0.20519865960738667,
      "coco_ap50": 0.30398940600480623,
      "coco_ap75": 0.22854251914648474,
      "coco_ap_large": 0.2773460843917877,
      "coco_ap_medium": 0.23217047357926107,
      "coco_ap_small": 0.07672939064068948,
      "coco_ar1": 0.21379707560473138,
      "coco_ar10": 0.2993829682224133,
      "coco_ar100": 0.30556838214150067,
      "coco_ar_large": 0.42139041378648956,
      "coco_ar_medium": 0.31790997449374775,
      "coco_ar_small": 0.1028863097382749,
      "nms_iou_threshold": 0.5,
      "num_predictions": 7713.0,
      "num_samples": 500.0,
      "score_alpha": 2.0,
      "score_beta": 1.0,
      "score_threshold": 0.2,
      "top_k": 100
    },
    {
      "coco_ap": 0.2019686623568683,
      "coco_ap50": 0.295005651091321,
      "coco_ap75": 0.2271349086263865,
      "coco_ap_large": 0.2718855967402794,
      "coco_ap_medium": 0.2315904280040885,
      "coco_ap_small": 0.07672739803413525,
      "coco_ar1": 0.2134478831123699,
      "coco_ar10": 0.30457214079298706,
      "coco_ar100": 0.3132466827848853,
      "coco_ar_large": 0.42988590311694724,
      "coco_ar_medium": 0.3300542102975066,
      "coco_ar_small": 0.10423938632862358,
      "nms_iou_threshold": 0.6,
      "num_predictions": 9544.0,
      "num_samples": 500.0,
      "score_alpha": 2.0,
      "score_beta": 1.0,
      "score_threshold": 0.2,
      "top_k": 100
    },
    {
      "coco_ap": 0.2040235442005103,
      "coco_ap50": 0.3052301772208068,
      "coco_ap75": 0.2273373166351757,
      "coco_ap_large": 0.2760834220504833,
      "coco_ap_medium": 0.22853971515004803,
      "coco_ap_small": 0.07614272410611415,
      "coco_ar1": 0.21379707560473138,
      "coco_ar10": 0.2915154919811358,
      "coco_ar100": 0.29684175694148907,
      "coco_ar_large": 0.41187771471440665,
      "coco_ar_medium": 0.3066036217821344,
      "coco_ar_small": 0.10140909351618035,
      "nms_iou_threshold": 0.4,
      "num_predictions": 6613.0,
      "num_samples": 500.0,
      "score_alpha": 2.0,
      "score_beta": 1.0,
      "score_threshold": 0.2,
      "top_k": 200
    },
    {
      "coco_ap": 0.20519865960738667,
      "coco_ap50": 0.30398940600480623,
      "coco_ap75": 0.22854251914648474,
      "coco_ap_large": 0.2773460843917877,
      "coco_ap_medium": 0.23217047357926107,
      "coco_ap_small": 0.07672939064068948,
      "coco_ar1": 0.21379707560473138,
      "coco_ar10": 0.2993829682224133,
      "coco_ar100": 0.30556838214150067,
      "coco_ar_large": 0.42139041378648956,
      "coco_ar_medium": 0.31790997449374775,
      "coco_ar_small": 0.1028863097382749,
      "nms_iou_threshold": 0.5,
      "num_predictions": 7713.0,
      "num_samples": 500.0,
      "score_alpha": 2.0,
      "score_beta": 1.0,
      "score_threshold": 0.2,
      "top_k": 200
    },
    {
      "coco_ap": 0.20202626948356164,
      "coco_ap50": 0.29510883833941337,
      "coco_ap75": 0.2272017883032619,
      "coco_ap_large": 0.2718855967402794,
      "coco_ap_medium": 0.231785279866398,
      "coco_ap_small": 0.07672739803413525,
      "coco_ar1": 0.21379707560473138,
      "coco_ar10": 0.3049213332853485,
      "coco_ar100": 0.3136115027190345,
      "coco_ar_large": 0.42988590311694724,
      "coco_ar_medium": 0.3313085115518078,
      "coco_ar_small": 0.10423938632862358,
      "nms_iou_threshold": 0.6,
      "num_predictions": 9590.0,
      "num_samples": 500.0,
      "score_alpha": 2.0,
      "score_beta": 1.0,
      "score_threshold": 0.2,
      "top_k": 200
    }
  ],
  "sweep_space": {
    "nms_iou_thresholds": [
      0.4,
      0.5,
      0.6
    ],
    "score_alphas": [
      1.5,
      2.0
    ],
    "score_betas": [
      1.0
    ],
    "score_thresholds": [
      0.03,
      0.05,
      0.1,
      0.2
    ],
    "top_ks": [
      20,
      50,
      100,
      200
    ]
  },
  "top_by_ap": [
    {
      "coco_ap": 0.21262815495576626,
      "coco_ap50": 0.32025686070121145,
      "coco_ap75": 0.23425832096575044,
      "coco_ap_large": 0.28561472166651886,
      "coco_ap_medium": 0.24371041158869125,
      "coco_ap_small": 0.08974656449358102,
      "coco_ar1": 0.23378477635313,
      "coco_ar10": 0.35398170967958326,
      "coco_ar100": 0.3697114792936773,
      "coco_ar_large": 0.4937484723966598,
      "coco_ar_medium": 0.39931636343455124,
      "coco_ar_small": 0.1473189138887405,
      "nms_iou_threshold": 0.5,
      "num_predictions": 35622.0,
      "num_samples": 500.0,
      "score_alpha": 2.0,
      "score_beta": 1.0,
      "score_threshold": 0.03,
      "top_k": 200
    },
    {
      "coco_ap": 0.21240205037051937,
      "coco_ap50": 0.3194430927523325,
      "coco_ap75": 0.23421454252291243,
      "coco_ap_large": 0.2854581166324205,
      "coco_ap_medium": 0.24350283460061709,
      "coco_ap_small": 0.08866438795806841,
      "coco_ar1": 0.23358787058660396,
      "coco_ar10": 0.3520141943360497,
      "coco_ar100": 0.36526082274272087,
      "coco_ar_large": 0.49151968829664033,
      "coco_ar_medium": 0.3948551804875933,
      "coco_ar_small": 0.14128907439438337,
      "nms_iou_threshold": 0.5,
      "num_predictions": 28986.0,
      "num_samples": 500.0,
      "score_alpha": 2.0,
      "score_beta": 1.0,
      "score_threshold": 0.03,
      "top_k": 100
    },
    {
      "coco_ap": 0.2121855977955204,
      "coco_ap50": 0.31910101308215016,
      "coco_ap75": 0.23405144139016185,
      "coco_ap_large": 0.2850751659684328,
      "coco_ap_medium": 0.24327124673176254,
      "coco_ap_small": 0.08939006210790755,
      "coco_ar1": 0.23192612341896132,
      "coco_ar10": 0.3482198939066567,
      "coco_ar100": 0.3614753442595322,
      "coco_ar_large": 0.4844985352184292,
      "coco_ar_medium": 0.3897086552328822,
      "coco_ar_small": 0.14243907157516975,
      "nms_iou_threshold": 0.5,
      "num_predictions": 26865.0,
      "num_samples": 500.0,
      "score_alpha": 2.0,
      "score_beta": 1.0,
      "score_threshold": 0.05,
      "top_k": 200
    },
    {
      "coco_ap": 0.21204239854009643,
      "coco_ap50": 0.31859045942522485,
      "coco_ap75": 0.23403726165119612,
      "coco_ap_large": 0.2850161577970229,
      "coco_ap_medium": 0.2430876135712305,
      "coco_ap_small": 0.08848823524281943,
      "coco_ar1": 0.23172921765243532,
      "coco_ar10": 0.34711232126465064,
      "coco_ar100": 0.3590589041383285,
      "coco_ar_large": 0.48390976710248723,
      "coco_ar_medium": 0.3866469736142127,
      "coco_ar_small": 0.13946373712628815,
      "nms_iou_threshold": 0.5,
      "num_predictions": 23720.0,
      "num_samples": 500.0,
      "score_alpha": 2.0,
      "score_beta": 1.0,
      "score_threshold": 0.05,
      "top_k": 100
    },
    {
      "coco_ap": 0.21202967267744163,
      "coco_ap50": 0.32313681200171573,
      "coco_ap75": 0.2333995683281899,
      "coco_ap_large": 0.2851454931570684,
      "coco_ap_medium": 0.24080895373328107,
      "coco_ap_small": 0.08740799901006453,
      "coco_ar1": 0.2339170264948266,
      "coco_ar10": 0.3466946559522983,
      "coco_ar100": 0.35841159268440637,
      "coco_ar_large": 0.4784610085832173,
      "coco_ar_medium": 0.3857415518497861,
      "coco_ar_small": 0.14061037712253335,
      "nms_iou_threshold": 0.4,
      "num_predictions": 29128.0,
      "num_samples": 500.0,
      "score_alpha": 2.0,
      "score_beta": 1.0,
      "score_threshold": 0.03,
      "top_k": 200
    },
    {
      "coco_ap": 0.21189413899342077,
      "coco_ap50": 0.32256457300341934,
      "coco_ap75": 0.23337761667654225,
      "coco_ap_large": 0.28510701485268375,
      "coco_ap_medium": 0.24070928644169698,
      "coco_ap_small": 0.08692607780401365,
      "coco_ar1": 0.23378477635313,
      "coco_ar10": 0.3455575255716625,
      "coco_ar100": 0.3556313281244542,
      "coco_ar_large": 0.47783057380060856,
      "coco_ar_medium": 0.38338423154741946,
      "coco_ar_small": 0.1358134033622049,
      "nms_iou_threshold": 0.4,
      "num_predictions": 25422.0,
      "num_samples": 500.0,
      "score_alpha": 2.0,
      "score_beta": 1.0,
      "score_threshold": 0.03,
      "top_k": 100
    },
    {
      "coco_ap": 0.21154899014470335,
      "coco_ap50": 0.321746697218488,
      "coco_ap75": 0.23317911835281627,
      "coco_ap_large": 0.284668668929984,
      "coco_ap_medium": 0.24033771649707844,
      "coco_ap_small": 0.08695566774398522,
      "coco_ar1": 0.23205837356065792,
      "coco_ar10": 0.34079128774881046,
      "coco_ar100": 0.350585230961382,
      "coco_ar_large": 0.47032074141228974,
      "coco_ar_medium": 0.37739855210099976,
      "coco_ar_small": 0.13584076084715788,
      "nms_iou_threshold": 0.4,
      "num_predictions": 21873.0,
      "num_samples": 500.0,
      "score_alpha": 2.0,
      "score_beta": 1.0,
      "score_threshold": 0.05,
      "top_k": 200
    },
    {
      "coco_ap": 0.2114809012534598,
      "coco_ap50": 0.32147901451298844,
      "coco_ap75": 0.2331731350773878,
      "coco_ap_large": 0.28460301416116457,
      "coco_ap_medium": 0.24025318624835437,
      "coco_ap_small": 0.08682839044101692,
      "coco_ar1": 0.23192612341896132,
      "coco_ar10": 0.340272024436669,
      "coco_ar100": 0.3493704607994798,
      "coco_ar_large": 0.469690306629681,
      "coco_ar_medium": 0.3760109569375426,
      "coco_ar_small": 0.13451346277480675,
      "nms_iou_threshold": 0.4,
      "num_predictions": 20504.0,
      "num_samples": 500.0,
      "score_alpha": 2.0,
      "score_beta": 1.0,
      "score_threshold": 0.05,
      "top_k": 100
    },
    {
      "coco_ap": 0.21124870703592127,
      "coco_ap50": 0.3165509987897672,
      "coco_ap75": 0.23349439036808892,
      "coco_ap_large": 0.28517285577609014,
      "coco_ap_medium": 0.24248291336263691,
      "coco_ap_small": 0.08547284405255001,
      "coco_ar1": 0.2310781714362386,
      "coco_ar10": 0.34270294960130765,
      "coco_ar100": 0.3512355142709707,
      "coco_ar_large": 0.4856766639989948,
      "coco_ar_medium": 0.37988664281161416,
      "coco_ar_small": 0.12872003634520113,
      "nms_iou_threshold": 0.5,
      "num_predictions": 19500.0,
      "num_samples": 500.0,
      "score_alpha": 2.0,
      "score_beta": 1.0,
      "score_threshold": 0.03,
      "top_k": 50
    },
    {
      "coco_ap": 0.21118325756983786,
      "coco_ap50": 0.32049523398058105,
      "coco_ap75": 0.23312563155369317,
      "coco_ap_large": 0.2850475119272451,
      "coco_ap_medium": 0.23966812888807512,
      "coco_ap_small": 0.08578723607928991,
      "coco_ar1": 0.23304638076055015,
      "coco_ar10": 0.3395139804610873,
      "coco_ar100": 0.3464506721500701,
      "coco_ar_large": 0.4748069608022351,
      "coco_ar_medium": 0.37202622461719115,
      "coco_ar_small": 0.12816942120306088,
      "nms_iou_threshold": 0.4,
      "num_predictions": 18251.0,
      "num_samples": 500.0,
      "score_alpha": 2.0,
      "score_beta": 1.0,
      "score_threshold": 0.03,
      "top_k": 50
    }
  ],
  "top_by_ap50": [
    {
      "coco_ap": 0.21202967267744163,
      "coco_ap50": 0.32313681200171573,
      "coco_ap75": 0.2333995683281899,
      "coco_ap_large": 0.2851454931570684,
      "coco_ap_medium": 0.24080895373328107,
      "coco_ap_small": 0.08740799901006453,
      "coco_ar1": 0.2339170264948266,
      "coco_ar10": 0.3466946559522983,
      "coco_ar100": 0.35841159268440637,
      "coco_ar_large": 0.4784610085832173,
      "coco_ar_medium": 0.3857415518497861,
      "coco_ar_small": 0.14061037712253335,
      "nms_iou_threshold": 0.4,
      "num_predictions": 29128.0,
      "num_samples": 500.0,
      "score_alpha": 2.0,
      "score_beta": 1.0,
      "score_threshold": 0.03,
      "top_k": 200
    },
    {
      "coco_ap": 0.20931392133243723,
      "coco_ap50": 0.3228077905210386,
      "coco_ap75": 0.23093390330211483,
      "coco_ap_large": 0.28027927589063656,
      "coco_ap_medium": 0.23944265981174956,
      "coco_ap_small": 0.08453805836854321,
      "coco_ar1": 0.23388867409659403,
      "coco_ar10": 0.34956997277637925,
      "coco_ar100": 0.3628116326710929,
      "coco_ar_large": 0.4850893779576228,
      "coco_ar_medium": 0.38927788480123776,
      "coco_ar_small": 0.14392943169234754,
      "nms_iou_threshold": 0.4,
      "num_predictions": 37872.0,
      "num_samples": 500.0,
      "score_alpha": 1.5,
      "score_beta": 1.0,
      "score_threshold": 0.03,
      "top_k": 200
    },
    {
      "coco_ap": 0.21189413899342077,
      "coco_ap50": 0.32256457300341934,
      "coco_ap75": 0.23337761667654225,
      "coco_ap_large": 0.28510701485268375,
      "coco_ap_medium": 0.24070928644169698,
      "coco_ap_small": 0.08692607780401365,
      "coco_ar1": 0.23378477635313,
      "coco_ar10": 0.3455575255716625,
      "coco_ar100": 0.3556313281244542,
      "coco_ar_large": 0.47783057380060856,
      "coco_ar_medium": 0.38338423154741946,
      "coco_ar_small": 0.1358134033622049,
      "nms_iou_threshold": 0.4,
      "num_predictions": 25422.0,
      "num_samples": 500.0,
      "score_alpha": 2.0,
      "score_beta": 1.0,
      "score_threshold": 0.03,
      "top_k": 100
    },
    {
      "coco_ap": 0.20909322335902397,
      "coco_ap50": 0.3220550822602355,
      "coco_ap75": 0.23083991631103018,
      "coco_ap_large": 0.2801994664827638,
      "coco_ap_medium": 0.2393287878207975,
      "coco_ap_small": 0.08323792230826986,
      "coco_ar1": 0.23354328969113028,
      "coco_ar10": 0.3470577065873222,
      "coco_ar100": 0.3578936741543291,
      "coco_ar_large": 0.4828535224214414,
      "coco_ar_medium": 0.38587256312872215,
      "coco_ar_small": 0.1365790500581756,
      "nms_iou_threshold": 0.4,
      "num_predictions": 30549.0,
      "num_samples": 500.0,
      "score_alpha": 1.5,
      "score_beta": 1.0,
      "score_threshold": 0.03,
      "top_k": 100
    },
    {
      "coco_ap": 0.21154899014470335,
      "coco_ap50": 0.321746697218488,
      "coco_ap75": 0.23317911835281627,
      "coco_ap_large": 0.284668668929984,
      "coco_ap_medium": 0.24033771649707844,
      "coco_ap_small": 0.08695566774398522,
      "coco_ar1": 0.23205837356065792,
      "coco_ar10": 0.34079128774881046,
      "coco_ar100": 0.350585230961382,
      "coco_ar_large": 0.47032074141228974,
      "coco_ar_medium": 0.37739855210099976,
      "coco_ar_small": 0.13584076084715788,
      "nms_iou_threshold": 0.4,
      "num_predictions": 21873.0,
      "num_samples": 500.0,
      "score_alpha": 2.0,
      "score_beta": 1.0,
      "score_threshold": 0.05,
      "top_k": 200
    },
    {
      "coco_ap": 0.20893487821140974,
      "coco_ap50": 0.3216996039908298,
      "coco_ap75": 0.23072043965759975,
      "coco_ap_large": 0.27979668030161786,
      "coco_ap_medium": 0.23920435134094573,
      "coco_ap_small": 0.08386629871433501,
      "coco_ar1": 0.23136031738320065,
      "coco_ar10": 0.3418789034503256,
      "coco_ar100": 0.3539103410560247,
      "coco_ar_large": 0.469796905527868,
      "coco_ar_medium": 0.38356581189408306,
      "coco_ar_small": 0.13445861466215428,
      "nms_iou_threshold": 0.4,
      "num_predictions": 28992.0,
      "num_samples": 500.0,
      "score_alpha": 1.5,
      "score_beta": 1.0,
      "score_threshold": 0.05,
      "top_k": 200
    },
    {
      "coco_ap": 0.2114809012534598,
      "coco_ap50": 0.32147901451298844,
      "coco_ap75": 0.2331731350773878,
      "coco_ap_large": 0.28460301416116457,
      "coco_ap_medium": 0.24025318624835437,
      "coco_ap_small": 0.08682839044101692,
      "coco_ar1": 0.23192612341896132,
      "coco_ar10": 0.340272024436669,
      "coco_ar100": 0.3493704607994798,
      "coco_ar_large": 0.469690306629681,
      "coco_ar_medium": 0.3760109569375426,
      "coco_ar_small": 0.13451346277480675,
      "nms_iou_threshold": 0.4,
      "num_predictions": 20504.0,
      "num_samples": 500.0,
      "score_alpha": 2.0,
      "score_beta": 1.0,
      "score_threshold": 0.05,
      "top_k": 100
    },
    {
      "coco_ap": 0.20879234463341634,
      "coco_ap50": 0.32112868142468126,
      "coco_ap75": 0.23067668386651075,
      "coco_ap_large": 0.27973453387323965,
      "coco_ap_medium": 0.239143472283512,
      "coco_ap_small": 0.08273050407674351,
      "coco_ar1": 0.23103116147497801,
      "coco_ar10": 0.34087495537069057,
      "coco_ar100": 0.35114526600071655,
      "coco_ar_large": 0.46886034829627965,
      "coco_ar_medium": 0.38179773567132397,
      "coco_ar_small": 0.12892630285445933,
      "nms_iou_threshold": 0.4,
      "num_predictions": 25386.0,
      "num_samples": 500.0,
      "score_alpha": 1.5,
      "score_beta": 1.0,
      "score_threshold": 0.05,
      "top_k": 100
    },
    {
      "coco_ap": 0.21118325756983786,
      "coco_ap50": 0.32049523398058105,
      "coco_ap75": 0.23312563155369317,
      "coco_ap_large": 0.2850475119272451,
      "coco_ap_medium": 0.23966812888807512,
      "coco_ap_small": 0.08578723607928991,
      "coco_ar1": 0.23304638076055015,
      "coco_ar10": 0.3395139804610873,
      "coco_ar100": 0.3464506721500701,
      "coco_ar_large": 0.4748069608022351,
      "coco_ar_medium": 0.37202622461719115,
      "coco_ar_small": 0.12816942120306088,
      "nms_iou_threshold": 0.4,
      "num_predictions": 18251.0,
      "num_samples": 500.0,
      "score_alpha": 2.0,
      "score_beta": 1.0,
      "score_threshold": 0.03,
      "top_k": 50
    },
    {
      "coco_ap": 0.21262815495576626,
      "coco_ap50": 0.32025686070121145,
      "coco_ap75": 0.23425832096575044,
      "coco_ap_large": 0.28561472166651886,
      "coco_ap_medium": 0.24371041158869125,
      "coco_ap_small": 0.08974656449358102,
      "coco_ar1": 0.23378477635313,
      "coco_ar10": 0.35398170967958326,
      "coco_ar100": 0.3697114792936773,
      "coco_ar_large": 0.4937484723966598,
      "coco_ar_medium": 0.39931636343455124,
      "coco_ar_small": 0.1473189138887405,
      "nms_iou_threshold": 0.5,
      "num_predictions": 35622.0,
      "num_samples": 500.0,
      "score_alpha": 2.0,
      "score_beta": 1.0,
      "score_threshold": 0.03,
      "top_k": 200
    }
  ],
  "top_by_ar100": [
    {
      "coco_ap": 0.20631860053780327,
      "coco_ap50": 0.307630150275291,
      "coco_ap75": 0.23197401714548782,
      "coco_ap_large": 0.27475479554923665,
      "coco_ap_medium": 0.24052549211830618,
      "coco_ap_small": 0.08754213977806043,
      "coco_ar1": 0.2337401954576563,
      "coco_ar10": 0.36834827277009646,
      "coco_ar100": 0.39501500646823884,
      "coco_ar_large": 0.520044560910436,
      "coco_ar_medium": 0.42952647681902567,
      "coco_ar_small": 0.1617490744071891,
      "nms_iou_threshold": 0.6,
      "num_predictions": 54887.0,
      "num_samples": 500.0,
      "score_alpha": 1.5,
      "score_beta": 1.0,
      "score_threshold": 0.03,
      "top_k": 200
    },
    {
      "coco_ap": 0.20913950013154697,
      "coco_ap50": 0.30946111781792096,
      "coco_ap75": 0.23361787874396525,
      "coco_ap_large": 0.27935051377076336,
      "coco_ap_medium": 0.24324228276440044,
      "coco_ap_small": 0.08964296439888102,
      "coco_ar1": 0.23378477635313,
      "coco_ar10": 0.3635220368527457,
      "coco_ar100": 0.38503724922077814,
      "coco_ar_large": 0.5075386045398003,
      "coco_ar_medium": 0.42149050954301504,
      "coco_ar_small": 0.15327780847279993,
      "nms_iou_threshold": 0.6,
      "num_predictions": 44065.0,
      "num_samples": 500.0,
      "score_alpha": 2.0,
      "score_beta": 1.0,
      "score_threshold": 0.03,
      "top_k": 200
    },
    {
      "coco_ap": 0.2059718697163194,
      "coco_ap50": 0.30686598945957927,
      "coco_ap75": 0.23172880799063122,
      "coco_ap_large": 0.27431114781493454,
      "coco_ap_medium": 0.24002022985642366,
      "coco_ap_small": 0.08718407543473065,
      "coco_ar1": 0.23122806724150405,
      "coco_ar10": 0.3593954426579297,
      "coco_ar100": 0.3833898552601568,
      "coco_ar_large": 0.5016584199942999,
      "coco_ar_medium": 0.4207069482922316,
      "coco_ar_small": 0.15362978547584635,
      "nms_iou_threshold": 0.6,
      "num_predictions": 44234.0,
      "num_samples": 500.0,
      "score_alpha": 1.5,
      "score_beta": 1.0,
      "score_threshold": 0.05,
      "top_k": 200
    },
    {
      "coco_ap": 0.20561823848979224,
      "coco_ap50": 0.3059783415808945,
      "coco_ap75": 0.23156872629917513,
      "coco_ap_large": 0.27438761920686305,
      "coco_ap_medium": 0.23948019536119308,
      "coco_ap_small": 0.08489134311788346,
      "coco_ar1": 0.23243906238760287,
      "coco_ar10": 0.36047828245563657,
      "coco_ar100": 0.3816993524036468,
      "coco_ar_large": 0.5097332380946573,
      "coco_ar_medium": 0.4139489427580643,
      "coco_ar_small": 0.14653097060434028,
      "nms_iou_threshold": 0.6,
      "num_predictions": 37785.0,
      "num_samples": 500.0,
      "score_alpha": 1.5,
      "score_beta": 1.0,
      "score_threshold": 0.03,
      "top_k": 100
    },
    {
      "coco_ap": 0.20870724206217872,
      "coco_ap50": 0.30832179819203454,
      "coco_ap75": 0.23337591441369163,
      "coco_ap_large": 0.27928172048218075,
      "coco_ap_medium": 0.24252710115002027,
      "coco_ap_small": 0.08799504241303653,
      "coco_ar1": 0.23308677936006536,
      "coco_ar10": 0.36016457024642773,
      "coco_ar100": 0.3774181759877883,
      "coco_ar_large": 0.5054516627988139,
      "coco_ar_medium": 0.41183145054313086,
      "coco_ar_small": 0.14397851194862557,
      "nms_iou_threshold": 0.6,
      "num_predictions": 32873.0,
      "num_samples": 500.0,
      "score_alpha": 2.0,
      "score_beta": 1.0,
      "score_threshold": 0.03,
      "top_k": 100
    },
    {
      "coco_ap": 0.20876025497536976,
      "coco_ap50": 0.3086181718390836,
      "coco_ap75": 0.2333574350592346,
      "coco_ap_large": 0.2789335746511107,
      "coco_ap_medium": 0.24285027897180894,
      "coco_ap_small": 0.08940389707048771,
      "coco_ar1": 0.23192612341896132,
      "coco_ar10": 0.35834602965025747,
      "coco_ar100": 0.3770061450910018,
      "coco_ar_large": 0.4981335603082992,
      "coco_ar_medium": 0.41226992656666045,
      "coco_ar_small": 0.1496715635351212,
      "nms_iou_threshold": 0.6,
      "num_predictions": 34196.0,
      "num_samples": 500.0,
      "score_alpha": 2.0,
      "score_beta": 1.0,
      "score_threshold": 0.05,
      "top_k": 200
    },
    {
      "coco_ap": 0.20536556797881345,
      "coco_ap50": 0.30547121716970826,
      "coco_ap75": 0.23134260489460418,
      "coco_ap_large": 0.27402242520367226,
      "coco_ap_medium": 0.2393042257125347,
      "coco_ap_small": 0.08475176321135451,
      "coco_ar1": 0.23002819999423546,
      "coco_ar10": 0.3553105972626209,
      "coco_ar100": 0.37460836794337443,
      "coco_ar_large": 0.49746376556956046,
      "coco_ar_medium": 0.41001603566985934,
      "coco_ar_small": 0.14393380577422094,
      "nms_iou_threshold": 0.6,
      "num_predictions": 33020.0,
      "num_samples": 500.0,
      "score_alpha": 1.5,
      "score_beta": 1.0,
      "score_threshold": 0.05,
      "top_k": 100
    },
    {
      "coco_ap": 0.20920715154780115,
      "coco_ap50": 0.31896839256042686,
      "coco_ap75": 0.23096318765727727,
      "coco_ap_large": 0.28001193310018563,
      "coco_ap_medium": 0.24183839264584167,
      "coco_ap_small": 0.08614523681881613,
      "coco_ar1": 0.23375642395489743,
      "coco_ar10": 0.35709230777389844,
      "coco_ar100": 0.37458479643011666,
      "coco_ar_large": 0.5033584841845228,
      "coco_ar_medium": 0.40280424490996225,
      "coco_ar_small": 0.1491975900612376,
      "nms_iou_threshold": 0.5,
      "num_predictions": 45683.0,
      "num_samples": 500.0,
      "score_alpha": 1.5,
      "score_beta": 1.0,
      "score_threshold": 0.03,
      "top_k": 200
    },
    {
      "coco_ap": 0.20839068437820835,
      "coco_ap50": 0.3077149152246459,
      "coco_ap75": 0.2331747538850886,
      "coco_ap_large": 0.2788585494371949,
      "coco_ap_medium": 0.24223171667394536,
      "coco_ap_small": 0.08783091166579009,
      "coco_ar1": 0.2313800251600739,
      "coco_ar10": 0.3564051659802899,
      "coco_ar100": 0.3717611423163097,
      "coco_ar_large": 0.49684601185868676,
      "coco_ar_medium": 0.4060663411777101,
      "coco_ar_small": 0.1425756280788712,
      "nms_iou_threshold": 0.6,
      "num_predictions": 27919.0,
      "num_samples": 500.0,
      "score_alpha": 2.0,
      "score_beta": 1.0,
      "score_threshold": 0.05,
      "top_k": 100
    },
    {
      "coco_ap": 0.21262815495576626,
      "coco_ap50": 0.32025686070121145,
      "coco_ap75": 0.23425832096575044,
      "coco_ap_large": 0.28561472166651886,
      "coco_ap_medium": 0.24371041158869125,
      "coco_ap_small": 0.08974656449358102,
      "coco_ar1": 0.23378477635313,
      "coco_ar10": 0.35398170967958326,
      "coco_ar100": 0.3697114792936773,
      "coco_ar_large": 0.4937484723966598,
      "coco_ar_medium": 0.39931636343455124,
      "coco_ar_small": 0.1473189138887405,
      "nms_iou_threshold": 0.5,
      "num_predictions": 35622.0,
      "num_samples": 500.0,
      "score_alpha": 2.0,
      "score_beta": 1.0,
      "score_threshold": 0.03,
      "top_k": 200
    }
  ]
}
sweep_exit=0
stage=pred_only_vis12
creating index...
index created!
Loading and preparing results...
DONE (t=0.00s)
creating index...
index created!
Running per image evaluation...
Evaluate annotation type *bbox*
DONE (t=0.08s).
Accumulating evaluation results...
DONE (t=0.08s).
 Average Precision  (AP) @[ IoU=0.50:0.95 | area=   all | maxDets=100 ] = 0.189
 Average Precision  (AP) @[ IoU=0.50      | area=   all | maxDets=100 ] = 0.288
 Average Precision  (AP) @[ IoU=0.75      | area=   all | maxDets=100 ] = 0.208
 Average Precision  (AP) @[ IoU=0.50:0.95 | area= small | maxDets=100 ] = 0.119
 Average Precision  (AP) @[ IoU=0.50:0.95 | area=medium | maxDets=100 ] = 0.390
 Average Precision  (AP) @[ IoU=0.50:0.95 | area= large | maxDets=100 ] = 0.360
 Average Recall     (AR) @[ IoU=0.50:0.95 | area=   all | maxDets=  1 ] = 0.130
 Average Recall     (AR) @[ IoU=0.50:0.95 | area=   all | maxDets= 10 ] = 0.275
 Average Recall     (AR) @[ IoU=0.50:0.95 | area=   all | maxDets=100 ] = 0.293
 Average Recall     (AR) @[ IoU=0.50:0.95 | area= small | maxDets=100 ] = 0.149
 Average Recall     (AR) @[ IoU=0.50:0.95 | area=medium | maxDets=100 ] = 0.509
 Average Recall     (AR) @[ IoU=0.50:0.95 | area= large | maxDets=100 ] = 0.394
creating index...
index created!
Loading and preparing results...
DONE (t=0.00s)
creating index...
index created!
Running per image evaluation...
Evaluate annotation type *bbox*
DONE (t=0.08s).
Accumulating evaluation results...
DONE (t=0.08s).
 Average Precision  (AP) @[ IoU=0.50:0.95 | area=   all | maxDets=100 ] = 0.189
 Average Precision  (AP) @[ IoU=0.50      | area=   all | maxDets=100 ] = 0.288
 Average Precision  (AP) @[ IoU=0.75      | area=   all | maxDets=100 ] = 0.208
 Average Precision  (AP) @[ IoU=0.50:0.95 | area= small | maxDets=100 ] = 0.119
 Average Precision  (AP) @[ IoU=0.50:0.95 | area=medium | maxDets=100 ] = 0.390
 Average Precision  (AP) @[ IoU=0.50:0.95 | area= large | maxDets=100 ] = 0.360
 Average Recall     (AR) @[ IoU=0.50:0.95 | area=   all | maxDets=  1 ] = 0.130
 Average Recall     (AR) @[ IoU=0.50:0.95 | area=   all | maxDets= 10 ] = 0.275
 Average Recall     (AR) @[ IoU=0.50:0.95 | area=   all | maxDets=100 ] = 0.293
 Average Recall     (AR) @[ IoU=0.50:0.95 | area= small | maxDets=100 ] = 0.149
 Average Recall     (AR) @[ IoU=0.50:0.95 | area=medium | maxDets=100 ] = 0.509
 Average Recall     (AR) @[ IoU=0.50:0.95 | area= large | maxDets=100 ] = 0.394
creating index...
index created!
Loading and preparing results...
DONE (t=0.00s)
creating index...
index created!
Running per image evaluation...
Evaluate annotation type *bbox*
DONE (t=0.07s).
Accumulating evaluation results...
DONE (t=0.07s).
 Average Precision  (AP) @[ IoU=0.50:0.95 | area=   all | maxDets=100 ] = 0.189
 Average Precision  (AP) @[ IoU=0.50      | area=   all | maxDets=100 ] = 0.287
 Average Precision  (AP) @[ IoU=0.75      | area=   all | maxDets=100 ] = 0.208
 Average Precision  (AP) @[ IoU=0.50:0.95 | area= small | maxDets=100 ] = 0.117
 Average Precision  (AP) @[ IoU=0.50:0.95 | area=medium | maxDets=100 ] = 0.390
 Average Precision  (AP) @[ IoU=0.50:0.95 | area= large | maxDets=100 ] = 0.360
 Average Recall     (AR) @[ IoU=0.50:0.95 | area=   all | maxDets=  1 ] = 0.130
 Average Recall     (AR) @[ IoU=0.50:0.95 | area=   all | maxDets= 10 ] = 0.272
 Average Recall     (AR) @[ IoU=0.50:0.95 | area=   all | maxDets=100 ] = 0.291
 Average Recall     (AR) @[ IoU=0.50:0.95 | area= small | maxDets=100 ] = 0.144
 Average Recall     (AR) @[ IoU=0.50:0.95 | area=medium | maxDets=100 ] = 0.509
 Average Recall     (AR) @[ IoU=0.50:0.95 | area= large | maxDets=100 ] = 0.394
creating index...
index created!
Loading and preparing results...
DONE (t=0.00s)
creating index...
index created!
Running per image evaluation...
Evaluate annotation type *bbox*
DONE (t=0.06s).
Accumulating evaluation results...
DONE (t=0.07s).
 Average Precision  (AP) @[ IoU=0.50:0.95 | area=   all | maxDets=100 ] = 0.187
 Average Precision  (AP) @[ IoU=0.50      | area=   all | maxDets=100 ] = 0.283
 Average Precision  (AP) @[ IoU=0.75      | area=   all | maxDets=100 ] = 0.207
 Average Precision  (AP) @[ IoU=0.50:0.95 | area= small | maxDets=100 ] = 0.115
 Average Precision  (AP) @[ IoU=0.50:0.95 | area=medium | maxDets=100 ] = 0.385
 Average Precision  (AP) @[ IoU=0.50:0.95 | area= large | maxDets=100 ] = 0.356
 Average Recall     (AR) @[ IoU=0.50:0.95 | area=   all | maxDets=  1 ] = 0.129
 Average Recall     (AR) @[ IoU=0.50:0.95 | area=   all | maxDets= 10 ] = 0.268
 Average Recall     (AR) @[ IoU=0.50:0.95 | area=   all | maxDets=100 ] = 0.285
 Average Recall     (AR) @[ IoU=0.50:0.95 | area= small | maxDets=100 ] = 0.139
 Average Recall     (AR) @[ IoU=0.50:0.95 | area=medium | maxDets=100 ] = 0.501
 Average Recall     (AR) @[ IoU=0.50:0.95 | area= large | maxDets=100 ] = 0.381
creating index...
index created!
Loading and preparing results...
DONE (t=0.00s)
creating index...
index created!
Running per image evaluation...
Evaluate annotation type *bbox*
DONE (t=0.04s).
Accumulating evaluation results...
DONE (t=0.07s).
 Average Precision  (AP) @[ IoU=0.50:0.95 | area=   all | maxDets=100 ] = 0.178
 Average Precision  (AP) @[ IoU=0.50      | area=   all | maxDets=100 ] = 0.265
 Average Precision  (AP) @[ IoU=0.75      | area=   all | maxDets=100 ] = 0.200
 Average Precision  (AP) @[ IoU=0.50:0.95 | area= small | maxDets=100 ] = 0.099
 Average Precision  (AP) @[ IoU=0.50:0.95 | area=medium | maxDets=100 ] = 0.354
 Average Precision  (AP) @[ IoU=0.50:0.95 | area= large | maxDets=100 ] = 0.353
 Average Recall     (AR) @[ IoU=0.50:0.95 | area=   all | maxDets=  1 ] = 0.125
 Average Recall     (AR) @[ IoU=0.50:0.95 | area=   all | maxDets= 10 ] = 0.234
 Average Recall     (AR) @[ IoU=0.50:0.95 | area=   all | maxDets=100 ] = 0.248
 Average Recall     (AR) @[ IoU=0.50:0.95 | area= small | maxDets=100 ] = 0.105
 Average Recall     (AR) @[ IoU=0.50:0.95 | area=medium | maxDets=100 ] = 0.422
 Average Recall     (AR) @[ IoU=0.50:0.95 | area= large | maxDets=100 ] = 0.376
creating index...
index created!
Loading and preparing results...
DONE (t=0.00s)
creating index...
index created!
Running per image evaluation...
Evaluate annotation type *bbox*
DONE (t=0.03s).
Accumulating evaluation results...
DONE (t=0.06s).
 Average Precision  (AP) @[ IoU=0.50:0.95 | area=   all | maxDets=100 ] = 0.140
 Average Precision  (AP) @[ IoU=0.50      | area=   all | maxDets=100 ] = 0.211
 Average Precision  (AP) @[ IoU=0.75      | area=   all | maxDets=100 ] = 0.159
 Average Precision  (AP) @[ IoU=0.50:0.95 | area= small | maxDets=100 ] = 0.080
 Average Precision  (AP) @[ IoU=0.50:0.95 | area=medium | maxDets=100 ] = 0.253
 Average Precision  (AP) @[ IoU=0.50:0.95 | area= large | maxDets=100 ] = 0.342
 Average Recall     (AR) @[ IoU=0.50:0.95 | area=   all | maxDets=  1 ] = 0.085
 Average Recall     (AR) @[ IoU=0.50:0.95 | area=   all | maxDets= 10 ] = 0.157
 Average Recall     (AR) @[ IoU=0.50:0.95 | area=   all | maxDets=100 ] = 0.167
 Average Recall     (AR) @[ IoU=0.50:0.95 | area= small | maxDets=100 ] = 0.083
 Average Recall     (AR) @[ IoU=0.50:0.95 | area=medium | maxDets=100 ] = 0.295
 Average Recall     (AR) @[ IoU=0.50:0.95 | area= large | maxDets=100 ] = 0.343
creating index...
index created!
Loading and preparing results...
DONE (t=0.00s)
creating index...
index created!
Running per image evaluation...
Evaluate annotation type *bbox*
DONE (t=0.03s).
Accumulating evaluation results...
DONE (t=0.06s).
 Average Precision  (AP) @[ IoU=0.50:0.95 | area=   all | maxDets=100 ] = 0.157
 Average Precision  (AP) @[ IoU=0.50      | area=   all | maxDets=100 ] = 0.227
 Average Precision  (AP) @[ IoU=0.75      | area=   all | maxDets=100 ] = 0.175
 Average Precision  (AP) @[ IoU=0.50:0.95 | area= small | maxDets=100 ] = 0.083
 Average Precision  (AP) @[ IoU=0.50:0.95 | area=medium | maxDets=100 ] = 0.314
 Average Precision  (AP) @[ IoU=0.50:0.95 | area= large | maxDets=100 ] = 0.345
 Average Recall     (AR) @[ IoU=0.50:0.95 | area=   all | maxDets=  1 ] = 0.119
 Average Recall     (AR) @[ IoU=0.50:0.95 | area=   all | maxDets= 10 ] = 0.216
 Average Recall     (AR) @[ IoU=0.50:0.95 | area=   all | maxDets=100 ] = 0.218
 Average Recall     (AR) @[ IoU=0.50:0.95 | area= small | maxDets=100 ] = 0.087
 Average Recall     (AR) @[ IoU=0.50:0.95 | area=medium | maxDets=100 ] = 0.393
 Average Recall     (AR) @[ IoU=0.50:0.95 | area= large | maxDets=100 ] = 0.348
creating index...
index created!
Loading and preparing results...
DONE (t=0.00s)
creating index...
index created!
Running per image evaluation...
Evaluate annotation type *bbox*
DONE (t=0.05s).
Accumulating evaluation results...
DONE (t=0.07s).
 Average Precision  (AP) @[ IoU=0.50:0.95 | area=   all | maxDets=100 ] = 0.188
 Average Precision  (AP) @[ IoU=0.50      | area=   all | maxDets=100 ] = 0.283
 Average Precision  (AP) @[ IoU=0.75      | area=   all | maxDets=100 ] = 0.207
 Average Precision  (AP) @[ IoU=0.50:0.95 | area= small | maxDets=100 ] = 0.120
 Average Precision  (AP) @[ IoU=0.50:0.95 | area=medium | maxDets=100 ] = 0.385
 Average Precision  (AP) @[ IoU=0.50:0.95 | area= large | maxDets=100 ] = 0.358
 Average Recall     (AR) @[ IoU=0.50:0.95 | area=   all | maxDets=  1 ] = 0.130
 Average Recall     (AR) @[ IoU=0.50:0.95 | area=   all | maxDets= 10 ] = 0.269
 Average Recall     (AR) @[ IoU=0.50:0.95 | area=   all | maxDets=100 ] = 0.285
 Average Recall     (AR) @[ IoU=0.50:0.95 | area= small | maxDets=100 ] = 0.140
 Average Recall     (AR) @[ IoU=0.50:0.95 | area=medium | maxDets=100 ] = 0.493
 Average Recall     (AR) @[ IoU=0.50:0.95 | area= large | maxDets=100 ] = 0.387
creating index...
index created!
Loading and preparing results...
DONE (t=0.00s)
creating index...
index created!
Running per image evaluation...
Evaluate annotation type *bbox*
DONE (t=0.07s).
Accumulating evaluation results...
DONE (t=0.07s).
 Average Precision  (AP) @[ IoU=0.50:0.95 | area=   all | maxDets=100 ] = 0.189
 Average Precision  (AP) @[ IoU=0.50      | area=   all | maxDets=100 ] = 0.287
 Average Precision  (AP) @[ IoU=0.75      | area=   all | maxDets=100 ] = 0.208
 Average Precision  (AP) @[ IoU=0.50:0.95 | area= small | maxDets=100 ] = 0.117
 Average Precision  (AP) @[ IoU=0.50:0.95 | area=medium | maxDets=100 ] = 0.390
 Average Precision  (AP) @[ IoU=0.50:0.95 | area= large | maxDets=100 ] = 0.360
 Average Recall     (AR) @[ IoU=0.50:0.95 | area=   all | maxDets=  1 ] = 0.130
 Average Recall     (AR) @[ IoU=0.50:0.95 | area=   all | maxDets= 10 ] = 0.272
 Average Recall     (AR) @[ IoU=0.50:0.95 | area=   all | maxDets=100 ] = 0.291
 Average Recall     (AR) @[ IoU=0.50:0.95 | area= small | maxDets=100 ] = 0.144
 Average Recall     (AR) @[ IoU=0.50:0.95 | area=medium | maxDets=100 ] = 0.509
 Average Recall     (AR) @[ IoU=0.50:0.95 | area= large | maxDets=100 ] = 0.394
creating index...
index created!
Loading and preparing results...
DONE (t=0.00s)
creating index...
index created!
Running per image evaluation...
Evaluate annotation type *bbox*
DONE (t=0.17s).
Accumulating evaluation results...
DONE (t=0.08s).
 Average Precision  (AP) @[ IoU=0.50:0.95 | area=   all | maxDets=100 ] = 0.192
 Average Precision  (AP) @[ IoU=0.50      | area=   all | maxDets=100 ] = 0.301
 Average Precision  (AP) @[ IoU=0.75      | area=   all | maxDets=100 ] = 0.208
 Average Precision  (AP) @[ IoU=0.50:0.95 | area= small | maxDets=100 ] = 0.119
 Average Precision  (AP) @[ IoU=0.50:0.95 | area=medium | maxDets=100 ] = 0.390
 Average Precision  (AP) @[ IoU=0.50:0.95 | area= large | maxDets=100 ] = 0.393
 Average Recall     (AR) @[ IoU=0.50:0.95 | area=   all | maxDets=  1 ] = 0.130
 Average Recall     (AR) @[ IoU=0.50:0.95 | area=   all | maxDets= 10 ] = 0.283
 Average Recall     (AR) @[ IoU=0.50:0.95 | area=   all | maxDets=100 ] = 0.313
 Average Recall     (AR) @[ IoU=0.50:0.95 | area= small | maxDets=100 ] = 0.149
 Average Recall     (AR) @[ IoU=0.50:0.95 | area=medium | maxDets=100 ] = 0.526
 Average Recall     (AR) @[ IoU=0.50:0.95 | area= large | maxDets=100 ] = 0.427
creating index...
index created!
Loading and preparing results...
DONE (t=0.00s)
creating index...
index created!
Running per image evaluation...
Evaluate annotation type *bbox*
DONE (t=0.07s).
Accumulating evaluation results...
DONE (t=0.07s).
 Average Precision  (AP) @[ IoU=0.50:0.95 | area=   all | maxDets=100 ] = 0.192
 Average Precision  (AP) @[ IoU=0.50      | area=   all | maxDets=100 ] = 0.295
 Average Precision  (AP) @[ IoU=0.75      | area=   all | maxDets=100 ] = 0.207
 Average Precision  (AP) @[ IoU=0.50:0.95 | area= small | maxDets=100 ] = 0.115
 Average Precision  (AP) @[ IoU=0.50:0.95 | area=medium | maxDets=100 ] = 0.393
 Average Precision  (AP) @[ IoU=0.50:0.95 | area= large | maxDets=100 ] = 0.394
 Average Recall     (AR) @[ IoU=0.50:0.95 | area=   all | maxDets=  1 ] = 0.130
 Average Recall     (AR) @[ IoU=0.50:0.95 | area=   all | maxDets= 10 ] = 0.285
 Average Recall     (AR) @[ IoU=0.50:0.95 | area=   all | maxDets=100 ] = 0.302
 Average Recall     (AR) @[ IoU=0.50:0.95 | area= small | maxDets=100 ] = 0.141
 Average Recall     (AR) @[ IoU=0.50:0.95 | area=medium | maxDets=100 ] = 0.521
 Average Recall     (AR) @[ IoU=0.50:0.95 | area= large | maxDets=100 ] = 0.427
creating index...
index created!
Loading and preparing results...
DONE (t=0.00s)
creating index...
index created!
Running per image evaluation...
Evaluate annotation type *bbox*
DONE (t=0.07s).
Accumulating evaluation results...
DONE (t=0.07s).
 Average Precision  (AP) @[ IoU=0.50:0.95 | area=   all | maxDets=100 ] = 0.189
 Average Precision  (AP) @[ IoU=0.50      | area=   all | maxDets=100 ] = 0.287
 Average Precision  (AP) @[ IoU=0.75      | area=   all | maxDets=100 ] = 0.208
 Average Precision  (AP) @[ IoU=0.50:0.95 | area= small | maxDets=100 ] = 0.117
 Average Precision  (AP) @[ IoU=0.50:0.95 | area=medium | maxDets=100 ] = 0.390
 Average Precision  (AP) @[ IoU=0.50:0.95 | area= large | maxDets=100 ] = 0.360
 Average Recall     (AR) @[ IoU=0.50:0.95 | area=   all | maxDets=  1 ] = 0.130
 Average Recall     (AR) @[ IoU=0.50:0.95 | area=   all | maxDets= 10 ] = 0.272
 Average Recall     (AR) @[ IoU=0.50:0.95 | area=   all | maxDets=100 ] = 0.291
 Average Recall     (AR) @[ IoU=0.50:0.95 | area= small | maxDets=100 ] = 0.144
 Average Recall     (AR) @[ IoU=0.50:0.95 | area=medium | maxDets=100 ] = 0.509
 Average Recall     (AR) @[ IoU=0.50:0.95 | area= large | maxDets=100 ] = 0.394
creating index...
index created!
Loading and preparing results...
DONE (t=0.00s)
creating index...
index created!
Running per image evaluation...
Evaluate annotation type *bbox*
DONE (t=0.08s).
Accumulating evaluation results...
DONE (t=0.07s).
 Average Precision  (AP) @[ IoU=0.50:0.95 | area=   all | maxDets=100 ] = 0.189
 Average Precision  (AP) @[ IoU=0.50      | area=   all | maxDets=100 ] = 0.280
 Average Precision  (AP) @[ IoU=0.75      | area=   all | maxDets=100 ] = 0.209
 Average Precision  (AP) @[ IoU=0.50:0.95 | area= small | maxDets=100 ] = 0.118
 Average Precision  (AP) @[ IoU=0.50:0.95 | area=medium | maxDets=100 ] = 0.386
 Average Precision  (AP) @[ IoU=0.50:0.95 | area= large | maxDets=100 ] = 0.361
 Average Recall     (AR) @[ IoU=0.50:0.95 | area=   all | maxDets=  1 ] = 0.130
 Average Recall     (AR) @[ IoU=0.50:0.95 | area=   all | maxDets= 10 ] = 0.273
 Average Recall     (AR) @[ IoU=0.50:0.95 | area=   all | maxDets=100 ] = 0.292
 Average Recall     (AR) @[ IoU=0.50:0.95 | area= small | maxDets=100 ] = 0.145
 Average Recall     (AR) @[ IoU=0.50:0.95 | area=medium | maxDets=100 ] = 0.507
 Average Recall     (AR) @[ IoU=0.50:0.95 | area= large | maxDets=100 ] = 0.397
creating index...
index created!
Loading and preparing results...
DONE (t=0.00s)
creating index...
index created!
Running per image evaluation...
Evaluate annotation type *bbox*
DONE (t=0.08s).
Accumulating evaluation results...
DONE (t=0.07s).
 Average Precision  (AP) @[ IoU=0.50:0.95 | area=   all | maxDets=100 ] = 0.186
 Average Precision  (AP) @[ IoU=0.50      | area=   all | maxDets=100 ] = 0.272
 Average Precision  (AP) @[ IoU=0.75      | area=   all | maxDets=100 ] = 0.211
 Average Precision  (AP) @[ IoU=0.50:0.95 | area= small | maxDets=100 ] = 0.123
 Average Precision  (AP) @[ IoU=0.50:0.95 | area=medium | maxDets=100 ] = 0.386
 Average Precision  (AP) @[ IoU=0.50:0.95 | area= large | maxDets=100 ] = 0.359
 Average Recall     (AR) @[ IoU=0.50:0.95 | area=   all | maxDets=  1 ] = 0.130
 Average Recall     (AR) @[ IoU=0.50:0.95 | area=   all | maxDets= 10 ] = 0.274
 Average Recall     (AR) @[ IoU=0.50:0.95 | area=   all | maxDets=100 ] = 0.296
 Average Recall     (AR) @[ IoU=0.50:0.95 | area= small | maxDets=100 ] = 0.149
 Average Recall     (AR) @[ IoU=0.50:0.95 | area=medium | maxDets=100 ] = 0.517
 Average Recall     (AR) @[ IoU=0.50:0.95 | area= large | maxDets=100 ] = 0.397
{
  "checkpoint_path": "/home/lidz/YOLO/yolo_final/outputs/dual_scale_three_box_coco_only_noobj1_416_basic_aug_v2_40_ddp_20260508_135309/best.pth",
  "config_path": "/home/lidz/YOLO/yolo_final/configs/dual_scale_three_box_coco_only_noobj1_416_basic_aug_v2_40.toml",
  "manifest_path": "/home/lidz/YOLO/DataSet/Unified/manifests/coco2017_val.jsonl",
  "max_samples": 12,
  "packed_index": "/home/lidz/YOLO/DataSet/Unified/packed/pt/coco2017_val/chunk_1024/index.json",
  "prediction_stats": {
    "prediction_count": 1200,
    "predictions_per_image": {
      "max": 100,
      "mean": 100.0,
      "min": 100
    },
    "samples": 12,
    "score_quantiles": {
      "0.0": 0.0003577311581466347,
      "0.25": 0.039559394121170044,
      "0.5": 0.09739630669355392,
      "0.75": 0.20904093980789185,
      "0.9": 0.3461911082267761,
      "0.95": 0.4749322235584259,
      "0.99": 0.7902286052703857
    },
    "top_predicted_classes": [
      {
        "class_id": 0,
        "count": 284
      },
      {
        "class_id": 73,
        "count": 111
      },
      {
        "class_id": 56,
        "count": 54
      },
      {
        "class_id": 2,
        "count": 50
      },
      {
        "class_id": 39,
        "count": 46
      },
      {
        "class_id": 71,
        "count": 37
      },
      {
        "class_id": 61,
        "count": 37
      },
      {
        "class_id": 41,
        "count": 35
      },
      {
        "class_id": 45,
        "count": 32
      },
      {
        "class_id": 60,
        "count": 32
      },
      {
        "class_id": 72,
        "count": 29
      },
      {
        "class_id": 9,
        "count": 29
      },
      {
        "class_id": 46,
        "count": 28
      },
      {
        "class_id": 28,
        "count": 22
      },
      {
        "class_id": 1,
        "count": 20
      }
    ]
  },
  "storage_mode": "pt",
  "sweeps": {
    "nms_iou_threshold": [
      {
        "coco_ap": 0.19207329819098054,
        "coco_ap50": 0.29528735842852183,
        "coco_ap75": 0.20731941912469548,
        "coco_ap_large": 0.39433443344334435,
        "coco_ap_medium": 0.3934842093560789,
        "coco_ap_small": 0.11476182584654972,
        "coco_ar1": 0.1299086354258768,
        "coco_ar10": 0.28533451223106393,
        "coco_ar100": 0.30160330091364573,
        "coco_ar_large": 0.426984126984127,
        "coco_ar_medium": 0.5207407407407407,
        "coco_ar_small": 0.14097763347763345,
        "num_predictions": 743.0,
        "num_samples": 12.0,
        "value": 0.4
      },
      {
        "coco_ap": 0.1886178533291795,
        "coco_ap50": 0.28707050769987963,
        "coco_ap75": 0.20777072788732195,
        "coco_ap_large": 0.35987348734873487,
        "coco_ap_medium": 0.38952602858478347,
        "coco_ap_small": 0.11660080906614721,
        "coco_ar1": 0.1299086354258768,
        "coco_ar10": 0.2724034777483053,
        "coco_ar100": 0.29079428234600646,
        "coco_ar_large": 0.3936507936507937,
        "coco_ar_medium": 0.5091666666666667,
        "coco_ar_small": 0.143989898989899,
        "num_predictions": 824.0,
        "num_samples": 12.0,
        "value": 0.5
      },
      {
        "coco_ap": 0.18886363763274167,
        "coco_ap50": 0.27950896238003786,
        "coco_ap75": 0.20935263655553435,
        "coco_ap_large": 0.3605751600801106,
        "coco_ap_medium": 0.3855734109896434,
        "coco_ap_small": 0.11789751306049445,
        "coco_ar1": 0.1299086354258768,
        "coco_ar10": 0.2725803124078986,
        "coco_ar100": 0.2919437076333628,
        "coco_ar_large": 0.39682539682539686,
        "coco_ar_medium": 0.5068518518518518,
        "coco_ar_small": 0.1448015873015873,
        "num_predictions": 927.0,
        "num_samples": 12.0,
        "value": 0.6
      },
      {
        "coco_ap": 0.1855100208160303,
        "coco_ap50": 0.2720910339737281,
        "coco_ap75": 0.21100292700152445,
        "coco_ap_large": 0.35921052889602684,
        "coco_ap_medium": 0.38628702054705183,
        "coco_ap_small": 0.12328316649013618,
        "coco_ar1": 0.1299086354258768,
        "coco_ar10": 0.2742307692307693,
        "coco_ar100": 0.2956867079280872,
        "coco_ar_large": 0.39682539682539686,
        "coco_ar_medium": 0.516574074074074,
        "coco_ar_small": 0.14920274170274167,
        "num_predictions": 1021.0,
        "num_samples": 12.0,
        "value": 0.7
      }
    ],
    "score_threshold": [
      {
        "coco_ap": 0.18885790966239902,
        "coco_ap50": 0.28787069547727806,
        "coco_ap75": 0.20777072788732195,
        "coco_ap_large": 0.35987348734873487,
        "coco_ap_medium": 0.38952602858478347,
        "coco_ap_small": 0.11900533523304963,
        "coco_ar1": 0.1299086354258768,
        "coco_ar10": 0.27498968464485707,
        "coco_ar100": 0.2933804892425582,
        "coco_ar_large": 0.3936507936507937,
        "coco_ar_medium": 0.5091666666666667,
        "coco_ar_small": 0.14875180375180375,
        "num_predictions": 1077.0,
        "num_samples": 12.0,
        "value": 0.01
      },
      {
        "coco_ap": 0.18885790966239902,
        "coco_ap50": 0.28787069547727806,
        "coco_ap75": 0.20777072788732195,
        "coco_ap_large": 0.35987348734873487,
        "coco_ap_medium": 0.38952602858478347,
        "coco_ap_small": 0.11900533523304963,
        "coco_ar1": 0.1299086354258768,
        "coco_ar10": 0.27498968464485707,
        "coco_ar100": 0.2933804892425582,
        "coco_ar_large": 0.3936507936507937,
        "coco_ar_medium": 0.5091666666666667,
        "coco_ar_small": 0.14875180375180375,
        "num_predictions": 979.0,
        "num_samples": 12.0,
        "value": 0.03
      },
      {
        "coco_ap": 0.1886178533291795,
        "coco_ap50": 0.28707050769987963,
        "coco_ap75": 0.20777072788732195,
        "coco_ap_large": 0.35987348734873487,
        "coco_ap_medium": 0.38952602858478347,
        "coco_ap_small": 0.11660080906614721,
        "coco_ar1": 0.1299086354258768,
        "coco_ar10": 0.2724034777483053,
        "coco_ar100": 0.29079428234600646,
        "coco_ar_large": 0.3936507936507937,
        "coco_ar_medium": 0.5091666666666667,
        "coco_ar_small": 0.143989898989899,
        "num_predictions": 824.0,
        "num_samples": 12.0,
        "value": 0.05
      },
      {
        "coco_ap": 0.18699053832297585,
        "coco_ap50": 0.282776757548278,
        "coco_ap75": 0.2072741265030456,
        "coco_ap_large": 0.3557205720572057,
        "coco_ap_medium": 0.38548312429435444,
        "coco_ap_small": 0.11503285007244565,
        "coco_ar1": 0.12884762746831713,
        "coco_ar10": 0.2684246979074565,
        "coco_ar100": 0.284516651930445,
        "coco_ar_large": 0.3809523809523809,
        "coco_ar_medium": 0.5013888888888889,
        "coco_ar_small": 0.1392279942279942,
        "num_predictions": 593.0,
        "num_samples": 12.0,
        "value": 0.1
      },
      {
        "coco_ap": 0.17824003026968427,
        "coco_ap50": 0.2651883870446175,
        "coco_ap75": 0.1999044558935622,
        "coco_ap_large": 0.3534103410341034,
        "coco_ap_medium": 0.35436510223573825,
        "coco_ap_small": 0.09879906020648091,
        "coco_ar1": 0.12539935160624816,
        "coco_ar10": 0.2341998231653404,
        "coco_ar100": 0.24799292661361627,
        "coco_ar_large": 0.37619047619047613,
        "coco_ar_medium": 0.4217592592592592,
        "coco_ar_small": 0.1047041847041847,
        "num_predictions": 318.0,
        "num_samples": 12.0,
        "value": 0.2
      },
      {
        "coco_ap": 0.13972835144057077,
        "coco_ap50": 0.21118599006881497,
        "coco_ap75": 0.15926476431607675,
        "coco_ap_large": 0.3422992299229923,
        "coco_ap_medium": 0.2532484011347339,
        "coco_ap_small": 0.07966974248445252,
        "coco_ar1": 0.08488211022693781,
        "coco_ar10": 0.1566136162687887,
        "coco_ar100": 0.1674005305039788,
        "coco_ar_large": 0.3428571428571428,
        "coco_ar_medium": 0.29537037037037034,
        "coco_ar_small": 0.0832756132756133,
        "num_predictions": 170.0,
        "num_samples": 12.0,
        "value": 0.3
      }
    ],
    "top_k": [
      {
        "coco_ap": 0.15736235622035907,
        "coco_ap50": 0.22746003126603817,
        "coco_ap75": 0.17548190327135155,
        "coco_ap_large": 0.3446094609460946,
        "coco_ap_medium": 0.31433200949556994,
        "coco_ap_small": 0.08306436766125593,
        "coco_ar1": 0.11936486884762747,
        "coco_ar10": 0.2157427055702918,
        "coco_ar100": 0.21751105216622457,
        "coco_ar_large": 0.34761904761904755,
        "coco_ar_medium": 0.39259259259259255,
        "coco_ar_small": 0.08659451659451659,
        "num_predictions": 230.0,
        "num_samples": 12.0,
        "value": 20
      },
      {
        "coco_ap": 0.1877240091313606,
        "coco_ap50": 0.2827328638446735,
        "coco_ap75": 0.20737776645829176,
        "coco_ap_large": 0.35783828382838284,
        "coco_ap_medium": 0.38451429223126593,
        "coco_ap_small": 0.1197378607056441,
        "coco_ar1": 0.1299086354258768,
        "coco_ar10": 0.2686604774535809,
        "coco_ar100": 0.2850766283524904,
        "coco_ar_large": 0.38730158730158726,
        "coco_ar_medium": 0.4934259259259259,
        "coco_ar_small": 0.14022005772005772,
        "num_predictions": 532.0,
        "num_samples": 12.0,
        "value": 50
      },
      {
        "coco_ap": 0.1886178533291795,
        "coco_ap50": 0.28707050769987963,
        "coco_ap75": 0.20777072788732195,
        "coco_ap_large": 0.35987348734873487,
        "coco_ap_medium": 0.38952602858478347,
        "coco_ap_small": 0.11660080906614721,
        "coco_ar1": 0.1299086354258768,
        "coco_ar10": 0.2724034777483053,
        "coco_ar100": 0.29079428234600646,
        "coco_ar_large": 0.3936507936507937,
        "coco_ar_medium": 0.5091666666666667,
        "coco_ar_small": 0.143989898989899,
        "num_predictions": 824.0,
        "num_samples": 12.0,
        "value": 100
      },
      {
        "coco_ap": 0.19249385868193758,
        "coco_ap50": 0.3005694851998602,
        "coco_ap75": 0.20763429182992313,
        "coco_ap_large": 0.3932068206820682,
        "coco_ap_medium": 0.3904032215672396,
        "coco_ap_small": 0.11898875586710675,
        "coco_ar1": 0.1299086354258768,
        "coco_ar10": 0.28274830533451223,
        "coco_ar100": 0.3132080754494548,
        "coco_ar_large": 0.426984126984127,
        "coco_ar_medium": 0.5258333333333334,
        "coco_ar_small": 0.14875180375180375,
        "num_predictions": 1080.0,
        "num_samples": 12.0,
        "value": 200
      }
    ]
  },
  "visualization_config": {
    "nms_iou_threshold": 0.5,
    "score_alpha": 2.0,
    "score_beta": 1.0,
    "score_threshold": 0.5,
    "show_gt": false,
    "top_k": 10
  },
  "visualizations": [
    "/home/lidz/YOLO/yolo_final/outputs/evaluations/dual_scale_three_box_coco_only_noobj1_416_basic_aug_v2_40_ddp_20260508_135309_display_pred_only_vis12/coco2017_val_000000397133.png",
    "/home/lidz/YOLO/yolo_final/outputs/evaluations/dual_scale_three_box_coco_only_noobj1_416_basic_aug_v2_40_ddp_20260508_135309_display_pred_only_vis12/coco2017_val_000000037777.png",
    "/home/lidz/YOLO/yolo_final/outputs/evaluations/dual_scale_three_box_coco_only_noobj1_416_basic_aug_v2_40_ddp_20260508_135309_display_pred_only_vis12/coco2017_val_000000252219.png",
    "/home/lidz/YOLO/yolo_final/outputs/evaluations/dual_scale_three_box_coco_only_noobj1_416_basic_aug_v2_40_ddp_20260508_135309_display_pred_only_vis12/coco2017_val_000000087038.png",
    "/home/lidz/YOLO/yolo_final/outputs/evaluations/dual_scale_three_box_coco_only_noobj1_416_basic_aug_v2_40_ddp_20260508_135309_display_pred_only_vis12/coco2017_val_000000174482.png",
    "/home/lidz/YOLO/yolo_final/outputs/evaluations/dual_scale_three_box_coco_only_noobj1_416_basic_aug_v2_40_ddp_20260508_135309_display_pred_only_vis12/coco2017_val_000000403385.png",
    "/home/lidz/YOLO/yolo_final/outputs/evaluations/dual_scale_three_box_coco_only_noobj1_416_basic_aug_v2_40_ddp_20260508_135309_display_pred_only_vis12/coco2017_val_000000006818.png",
    "/home/lidz/YOLO/yolo_final/outputs/evaluations/dual_scale_three_box_coco_only_noobj1_416_basic_aug_v2_40_ddp_20260508_135309_display_pred_only_vis12/coco2017_val_000000480985.png",
    "/home/lidz/YOLO/yolo_final/outputs/evaluations/dual_scale_three_box_coco_only_noobj1_416_basic_aug_v2_40_ddp_20260508_135309_display_pred_only_vis12/coco2017_val_000000458054.png",
    "/home/lidz/YOLO/yolo_final/outputs/evaluations/dual_scale_three_box_coco_only_noobj1_416_basic_aug_v2_40_ddp_20260508_135309_display_pred_only_vis12/coco2017_val_000000331352.png",
    "/home/lidz/YOLO/yolo_final/outputs/evaluations/dual_scale_three_box_coco_only_noobj1_416_basic_aug_v2_40_ddp_20260508_135309_display_pred_only_vis12/coco2017_val_000000296649.png",
    "/home/lidz/YOLO/yolo_final/outputs/evaluations/dual_scale_three_box_coco_only_noobj1_416_basic_aug_v2_40_ddp_20260508_135309_display_pred_only_vis12/coco2017_val_000000386912.png"
  ]
}
pred_only_vis12_exit=0
stage=loss_curves
outputs/evaluations/dual_scale_three_box_coco_only_noobj1_416_basic_aug_v2_40_ddp_20260508_135309_loss_curves.png
loss_curves_exit=0
