session=train_416_basic_aug_scale_jitter_50_lr7e4
config=configs/dual_scale_three_box_coco_only_noobj1_416_basic_aug_scale_jitter_50_lr7e4.toml
log=logs/training_tmux/dual_scale_three_box_coco_only_noobj1_416_basic_aug_scale_jitter_50_lr7e4_ddp_20260512_130818.log
stage=train_ddp_8gpu
W0512 13:08:19.545000 2404964 site-packages/torch/distributed/run.py:851] 
W0512 13:08:19.545000 2404964 site-packages/torch/distributed/run.py:851] *****************************************
W0512 13:08:19.545000 2404964 site-packages/torch/distributed/run.py:851] Setting OMP_NUM_THREADS environment variable for each process to be 1 in default, to avoid your system being overloaded, please further tune the variable for optimal performance in your application as needed. 
W0512 13:08:19.545000 2404964 site-packages/torch/distributed/run.py:851] *****************************************
DDP mode: ignoring train.use_data_parallel from config.
dataset storage train: pt | index = /home/lidz/YOLO/DataSet/Unified/packed/pt/coco2017_train/chunk_1024/index.json | chunks = 116 | samples = 118287 | chunk_size = 1024
dataset storage val: pt | index = /home/lidz/YOLO/DataSet/Unified/packed/pt/coco2017_val/chunk_1024/index.json | chunks = 5 | samples = 5000 | chunk_size = 1024
/home/lidz/miniconda3/envs/yolov1/lib/python3.10/site-packages/torch/distributed/c10d_logger.py:83: UserWarning: barrier(): using the device under current context. You can specify `device_id` in `init_process_group` to mute this warning.
  return func(*args, **kwargs)
DDP configured global batch size: 128
DDP per-rank batch size: 16
DDP effective global batch size: 128
DDP configured workers: 64
DDP per-rank workers: 8
starting yolov0 DDP training
run id: dual_scale_three_box_coco_only_noobj1_416_basic_aug_scale_jitter_50_lr7e4_ddp_20260512_130823
device: cuda:0
backend: nccl
world size: 8
train dataset length: 118287
val dataset length: 5000
model output shape: {'p4': (1, 26, 26, 255), 'p5': (1, 13, 13, 255)}
train augmentation: {'enabled': True, 'horizontal_flip_p': 0.5, 'color_jitter_p': 0.8, 'brightness': 0.15, 'contrast': 0.15, 'saturation': 0.15, 'scale_jitter_p': 0.5, 'scale_jitter_min': 0.9, 'scale_jitter_max': 1.1, 'scale_jitter_fill': 0.0, 'affine_p': 0.3, 'degrees': 3.0, 'translate': 0.04, 'scale_min': 0.96, 'scale_max': 1.04, 'shear': 0.0, 'min_box_size': 1.0}
parameter total: 36531294
parameter trainable: 36531294
tensorboard dir: runs/dual_scale_three_box_coco_only_noobj1_416_basic_aug_scale_jitter_50_lr7e4_ddp_20260512_130823
output dir: outputs/dual_scale_three_box_coco_only_noobj1_416_basic_aug_scale_jitter_50_lr7e4_ddp_20260512_130823
epoch 001 | step 0001 | total = 11.3420 | box = 1.3816 | obj = 3.0250 | cls = 1.4091 | lr = 0.000700
epoch 001 | step 0020 | total = 8.6595 | box = 1.2103 | obj = 2.2128 | cls = 0.3954 | lr = 0.000700
epoch 001 | step 0040 | total = 7.8119 | box = 1.1267 | obj = 2.0720 | cls = 0.1066 | lr = 0.000700
epoch 001 | step 0060 | total = 7.8208 | box = 1.1330 | obj = 2.0563 | cls = 0.0995 | lr = 0.000700
epoch 001 | step 0080 | total = 8.1329 | box = 1.2361 | obj = 1.8817 | cls = 0.0710 | lr = 0.000700
epoch 001 | step 0100 | total = 7.6113 | box = 1.1414 | obj = 1.8432 | cls = 0.0612 | lr = 0.000700
epoch 001 | step 0120 | total = 8.0887 | box = 1.2277 | obj = 1.8885 | cls = 0.0616 | lr = 0.000700
epoch 001 | step 0140 | total = 7.2135 | box = 1.0181 | obj = 2.0557 | cls = 0.0674 | lr = 0.000700
epoch 001 | step 0160 | total = 7.2440 | box = 1.0224 | obj = 2.0568 | cls = 0.0754 | lr = 0.000700
epoch 001 | step 0180 | total = 7.2352 | box = 1.0384 | obj = 1.9761 | cls = 0.0673 | lr = 0.000700
epoch 001 | step 0200 | total = 7.0544 | box = 0.9956 | obj = 2.0104 | cls = 0.0658 | lr = 0.000700
epoch 001 | step 0220 | total = 6.7922 | box = 0.9238 | obj = 2.1020 | cls = 0.0710 | lr = 0.000700
epoch 001 | step 0240 | total = 7.3564 | box = 1.0856 | obj = 1.8655 | cls = 0.0627 | lr = 0.000700
epoch 001 | step 0260 | total = 7.3154 | box = 1.0669 | obj = 1.9218 | cls = 0.0589 | lr = 0.000700
epoch 001 | step 0280 | total = 7.5849 | box = 1.1216 | obj = 1.9226 | cls = 0.0544 | lr = 0.000700
epoch 001 | step 0300 | total = 7.8185 | box = 1.1841 | obj = 1.8385 | cls = 0.0595 | lr = 0.000700
epoch 001 | step 0320 | total = 7.2025 | box = 1.0386 | obj = 1.9489 | cls = 0.0604 | lr = 0.000700
epoch 001 | step 0340 | total = 7.1331 | box = 0.9910 | obj = 2.1144 | cls = 0.0639 | lr = 0.000700
epoch 001 | step 0360 | total = 7.4329 | box = 1.0934 | obj = 1.9104 | cls = 0.0554 | lr = 0.000700
epoch 001 | step 0380 | total = 6.4955 | box = 0.8850 | obj = 1.9939 | cls = 0.0763 | lr = 0.000700
epoch 001 | step 0400 | total = 6.7450 | box = 0.9314 | obj = 2.0209 | cls = 0.0672 | lr = 0.000700
epoch 001 | step 0420 | total = 7.4575 | box = 1.0948 | obj = 1.9239 | cls = 0.0596 | lr = 0.000700
epoch 001 | step 0440 | total = 7.0800 | box = 1.0346 | obj = 1.8442 | cls = 0.0630 | lr = 0.000700
epoch 001 | step 0460 | total = 7.9132 | box = 1.2136 | obj = 1.7938 | cls = 0.0512 | lr = 0.000700
epoch 001 | step 0480 | total = 7.7381 | box = 1.1691 | obj = 1.8409 | cls = 0.0516 | lr = 0.000700
epoch 001 | step 0500 | total = 7.1343 | box = 1.0478 | obj = 1.8405 | cls = 0.0549 | lr = 0.000700
epoch 001 | step 0520 | total = 7.0827 | box = 1.0104 | obj = 1.9683 | cls = 0.0625 | lr = 0.000700
epoch 001 | step 0540 | total = 7.0022 | box = 0.9880 | obj = 1.9977 | cls = 0.0647 | lr = 0.000700
epoch 001 | step 0560 | total = 6.6343 | box = 0.9097 | obj = 2.0268 | cls = 0.0591 | lr = 0.000700
epoch 001 | step 0580 | total = 7.5578 | box = 1.1464 | obj = 1.7733 | cls = 0.0527 | lr = 0.000700
epoch 001 | step 0600 | total = 7.4967 | box = 1.1205 | obj = 1.8426 | cls = 0.0517 | lr = 0.000700
epoch 001 | step 0620 | total = 6.9141 | box = 0.9815 | obj = 1.9516 | cls = 0.0551 | lr = 0.000700
epoch 001 | step 0640 | total = 6.3971 | box = 0.8903 | obj = 1.8899 | cls = 0.0556 | lr = 0.000700
epoch 001 | step 0660 | total = 6.7423 | box = 0.9551 | obj = 1.9059 | cls = 0.0610 | lr = 0.000700
epoch 001 | step 0680 | total = 6.5596 | box = 0.8980 | obj = 2.0064 | cls = 0.0632 | lr = 0.000700
epoch 001 | step 0700 | total = 6.7577 | box = 0.9476 | obj = 1.9622 | cls = 0.0577 | lr = 0.000700
epoch 001 | step 0720 | total = 7.0116 | box = 1.0042 | obj = 1.9328 | cls = 0.0577 | lr = 0.000700
epoch 001 | step 0740 | total = 6.6006 | box = 0.9374 | obj = 1.8544 | cls = 0.0593 | lr = 0.000700
epoch 001 | step 0760 | total = 6.3649 | box = 0.8694 | obj = 1.9475 | cls = 0.0704 | lr = 0.000700
epoch 001 | step 0780 | total = 6.5172 | box = 0.8744 | obj = 2.0813 | cls = 0.0641 | lr = 0.000700
epoch 001 | step 0800 | total = 5.6271 | box = 0.7330 | obj = 1.8902 | cls = 0.0718 | lr = 0.000700
epoch 001 | step 0820 | total = 6.3064 | box = 0.8373 | obj = 2.0525 | cls = 0.0676 | lr = 0.000700
epoch 001 | step 0840 | total = 6.1211 | box = 0.7973 | obj = 2.0604 | cls = 0.0744 | lr = 0.000700
epoch 001 | step 0860 | total = 6.3952 | box = 0.8993 | obj = 1.8445 | cls = 0.0540 | lr = 0.000700
epoch 001 | step 0880 | total = 6.2039 | box = 0.8166 | obj = 2.0541 | cls = 0.0667 | lr = 0.000700
epoch 001 | step 0900 | total = 6.4669 | box = 0.9119 | obj = 1.8595 | cls = 0.0478 | lr = 0.000700
epoch 001 | step 0920 | total = 7.0374 | box = 1.0264 | obj = 1.8521 | cls = 0.0534 | lr = 0.000700
[epoch 001 train] total = 7.1789 | box = 1.0318 | obj = 1.9396 | cls = 0.0805 | steps = 925 | global_batches = 7400 | samples = 118288 | time = 809.5s
[epoch 001 val] total = 6.6875 | box = 0.9427 | obj = 1.9166 | cls = 0.0577 | steps = 40 | global_batches = 320 | samples = 5000 | time = 19.6s
epoch 002 | step 0001 | total = 6.1663 | box = 0.8373 | obj = 1.9242 | cls = 0.0554 | lr = 0.000699
epoch 002 | step 0020 | total = 6.4264 | box = 0.9106 | obj = 1.8229 | cls = 0.0506 | lr = 0.000699
epoch 002 | step 0040 | total = 7.0262 | box = 1.0202 | obj = 1.8702 | cls = 0.0551 | lr = 0.000699
epoch 002 | step 0060 | total = 6.8568 | box = 1.0043 | obj = 1.7854 | cls = 0.0497 | lr = 0.000699
epoch 002 | step 0080 | total = 6.8009 | box = 0.9620 | obj = 1.9295 | cls = 0.0614 | lr = 0.000699
epoch 002 | step 0100 | total = 6.1261 | box = 0.8568 | obj = 1.7899 | cls = 0.0523 | lr = 0.000699
epoch 002 | step 0120 | total = 6.2854 | box = 0.8726 | obj = 1.8659 | cls = 0.0565 | lr = 0.000699
epoch 002 | step 0140 | total = 6.6877 | box = 0.9674 | obj = 1.7907 | cls = 0.0599 | lr = 0.000699
epoch 002 | step 0160 | total = 7.1620 | box = 1.0416 | obj = 1.9000 | cls = 0.0539 | lr = 0.000699
epoch 002 | step 0180 | total = 6.0496 | box = 0.8305 | obj = 1.8310 | cls = 0.0661 | lr = 0.000699
epoch 002 | step 0200 | total = 6.8067 | box = 0.9551 | obj = 1.9721 | cls = 0.0589 | lr = 0.000699
epoch 002 | step 0220 | total = 6.4031 | box = 0.8943 | obj = 1.8824 | cls = 0.0494 | lr = 0.000699
epoch 002 | step 0240 | total = 5.9208 | box = 0.7714 | obj = 1.9894 | cls = 0.0743 | lr = 0.000699
epoch 002 | step 0260 | total = 6.7815 | box = 0.9919 | obj = 1.7664 | cls = 0.0558 | lr = 0.000699
epoch 002 | step 0280 | total = 7.0255 | box = 1.0354 | obj = 1.7969 | cls = 0.0516 | lr = 0.000699
epoch 002 | step 0300 | total = 6.6929 | box = 0.9614 | obj = 1.8270 | cls = 0.0591 | lr = 0.000699
epoch 002 | step 0320 | total = 6.7389 | box = 0.9720 | obj = 1.8253 | cls = 0.0534 | lr = 0.000699
epoch 002 | step 0340 | total = 6.5767 | box = 0.8897 | obj = 2.0623 | cls = 0.0659 | lr = 0.000699
epoch 002 | step 0360 | total = 5.8057 | box = 0.7960 | obj = 1.7665 | cls = 0.0590 | lr = 0.000699
epoch 002 | step 0380 | total = 6.6477 | box = 0.9762 | obj = 1.7106 | cls = 0.0563 | lr = 0.000699
epoch 002 | step 0400 | total = 6.8030 | box = 0.9921 | obj = 1.7912 | cls = 0.0514 | lr = 0.000699
epoch 002 | step 0420 | total = 5.8955 | box = 0.7918 | obj = 1.8718 | cls = 0.0648 | lr = 0.000699
epoch 002 | step 0440 | total = 6.3010 | box = 0.8517 | obj = 1.9878 | cls = 0.0547 | lr = 0.000699
epoch 002 | step 0460 | total = 6.6655 | box = 0.9516 | obj = 1.8488 | cls = 0.0586 | lr = 0.000699
epoch 002 | step 0480 | total = 5.7939 | box = 0.7833 | obj = 1.8187 | cls = 0.0585 | lr = 0.000699
epoch 002 | step 0500 | total = 5.6887 | box = 0.7657 | obj = 1.7940 | cls = 0.0663 | lr = 0.000699
epoch 002 | step 0520 | total = 6.2942 | box = 0.8810 | obj = 1.8330 | cls = 0.0564 | lr = 0.000699
epoch 002 | step 0540 | total = 6.9027 | box = 1.0244 | obj = 1.7346 | cls = 0.0463 | lr = 0.000699
epoch 002 | step 0560 | total = 6.3391 | box = 0.8769 | obj = 1.8980 | cls = 0.0564 | lr = 0.000699
epoch 002 | step 0580 | total = 5.7449 | box = 0.7569 | obj = 1.9067 | cls = 0.0539 | lr = 0.000699
epoch 002 | step 0600 | total = 6.3297 | box = 0.8525 | obj = 2.0091 | cls = 0.0581 | lr = 0.000699
epoch 002 | step 0620 | total = 5.7078 | box = 0.7868 | obj = 1.7180 | cls = 0.0558 | lr = 0.000699
epoch 002 | step 0640 | total = 5.3116 | box = 0.6487 | obj = 1.9954 | cls = 0.0727 | lr = 0.000699
epoch 002 | step 0660 | total = 5.8183 | box = 0.7860 | obj = 1.8360 | cls = 0.0521 | lr = 0.000699
epoch 002 | step 0680 | total = 5.6537 | box = 0.7474 | obj = 1.8547 | cls = 0.0618 | lr = 0.000699
epoch 002 | step 0700 | total = 6.7391 | box = 0.9627 | obj = 1.8756 | cls = 0.0498 | lr = 0.000699
epoch 002 | step 0720 | total = 6.3312 | box = 0.8698 | obj = 1.9198 | cls = 0.0624 | lr = 0.000699
epoch 002 | step 0740 | total = 6.9467 | box = 1.0388 | obj = 1.7058 | cls = 0.0469 | lr = 0.000699
epoch 002 | step 0760 | total = 7.4062 | box = 1.1078 | obj = 1.8179 | cls = 0.0495 | lr = 0.000699
epoch 002 | step 0780 | total = 6.2540 | box = 0.8666 | obj = 1.8607 | cls = 0.0603 | lr = 0.000699
epoch 002 | step 0800 | total = 5.7274 | box = 0.7611 | obj = 1.8508 | cls = 0.0710 | lr = 0.000699
epoch 002 | step 0820 | total = 6.3712 | box = 0.8948 | obj = 1.8393 | cls = 0.0581 | lr = 0.000699
epoch 002 | step 0840 | total = 6.0596 | box = 0.8194 | obj = 1.9004 | cls = 0.0623 | lr = 0.000699
epoch 002 | step 0860 | total = 6.7302 | box = 0.9951 | obj = 1.7088 | cls = 0.0460 | lr = 0.000699
epoch 002 | step 0880 | total = 6.4593 | box = 0.9262 | obj = 1.7729 | cls = 0.0554 | lr = 0.000699
epoch 002 | step 0900 | total = 6.1794 | box = 0.8835 | obj = 1.7143 | cls = 0.0478 | lr = 0.000699
epoch 002 | step 0920 | total = 6.2172 | box = 0.8773 | obj = 1.7778 | cls = 0.0530 | lr = 0.000699
[epoch 002 train] total = 6.3610 | box = 0.8913 | obj = 1.8478 | cls = 0.0567 | steps = 925 | global_batches = 7400 | samples = 118288 | time = 811.2s
[epoch 002 val] total = 6.2707 | box = 0.8704 | obj = 1.8622 | cls = 0.0564 | steps = 40 | global_batches = 320 | samples = 5000 | time = 20.7s
epoch 003 | step 0001 | total = 5.9834 | box = 0.8402 | obj = 1.7273 | cls = 0.0553 | lr = 0.000697
epoch 003 | step 0020 | total = 6.7076 | box = 0.9775 | obj = 1.7702 | cls = 0.0499 | lr = 0.000697
epoch 003 | step 0040 | total = 5.9487 | box = 0.8208 | obj = 1.7829 | cls = 0.0616 | lr = 0.000697
epoch 003 | step 0060 | total = 6.7884 | box = 0.9769 | obj = 1.8553 | cls = 0.0485 | lr = 0.000697
epoch 003 | step 0080 | total = 5.8528 | box = 0.7858 | obj = 1.8618 | cls = 0.0618 | lr = 0.000697
epoch 003 | step 0100 | total = 6.1771 | box = 0.8819 | obj = 1.7183 | cls = 0.0491 | lr = 0.000697
epoch 003 | step 0120 | total = 6.6026 | box = 0.9616 | obj = 1.7417 | cls = 0.0530 | lr = 0.000697
epoch 003 | step 0140 | total = 6.2559 | box = 0.8958 | obj = 1.7313 | cls = 0.0454 | lr = 0.000697
epoch 003 | step 0160 | total = 6.4744 | box = 0.9151 | obj = 1.8442 | cls = 0.0546 | lr = 0.000697
epoch 003 | step 0180 | total = 6.9909 | box = 1.0339 | obj = 1.7744 | cls = 0.0470 | lr = 0.000697
epoch 003 | step 0200 | total = 5.3897 | box = 0.6841 | obj = 1.9042 | cls = 0.0652 | lr = 0.000697
epoch 003 | step 0220 | total = 6.6050 | box = 0.9840 | obj = 1.6392 | cls = 0.0457 | lr = 0.000697
epoch 003 | step 0240 | total = 5.6234 | box = 0.7633 | obj = 1.7581 | cls = 0.0488 | lr = 0.000697
epoch 003 | step 0260 | total = 6.1210 | box = 0.8359 | obj = 1.8802 | cls = 0.0615 | lr = 0.000697
epoch 003 | step 0280 | total = 5.3610 | box = 0.6900 | obj = 1.8440 | cls = 0.0672 | lr = 0.000697
epoch 003 | step 0300 | total = 6.2378 | box = 0.8622 | obj = 1.8684 | cls = 0.0583 | lr = 0.000697
epoch 003 | step 0320 | total = 5.9255 | box = 0.7910 | obj = 1.9046 | cls = 0.0660 | lr = 0.000697
epoch 003 | step 0340 | total = 6.1875 | box = 0.8690 | obj = 1.7904 | cls = 0.0521 | lr = 0.000697
epoch 003 | step 0360 | total = 6.1268 | box = 0.8629 | obj = 1.7544 | cls = 0.0581 | lr = 0.000697
epoch 003 | step 0380 | total = 5.7896 | box = 0.8058 | obj = 1.7094 | cls = 0.0512 | lr = 0.000697
epoch 003 | step 0400 | total = 5.7994 | box = 0.8025 | obj = 1.7318 | cls = 0.0552 | lr = 0.000697
epoch 003 | step 0420 | total = 6.7089 | box = 0.9706 | obj = 1.8101 | cls = 0.0457 | lr = 0.000697
epoch 003 | step 0440 | total = 6.1430 | box = 0.8274 | obj = 1.9505 | cls = 0.0556 | lr = 0.000697
epoch 003 | step 0460 | total = 5.7027 | box = 0.7654 | obj = 1.8202 | cls = 0.0555 | lr = 0.000697
epoch 003 | step 0480 | total = 5.6686 | box = 0.7725 | obj = 1.7535 | cls = 0.0523 | lr = 0.000697
epoch 003 | step 0500 | total = 5.7523 | box = 0.7442 | obj = 1.9718 | cls = 0.0594 | lr = 0.000697
epoch 003 | step 0520 | total = 6.2700 | box = 0.8634 | obj = 1.9031 | cls = 0.0497 | lr = 0.000697
epoch 003 | step 0540 | total = 6.0774 | box = 0.8495 | obj = 1.7713 | cls = 0.0589 | lr = 0.000697
epoch 003 | step 0560 | total = 5.7774 | box = 0.7702 | obj = 1.8610 | cls = 0.0655 | lr = 0.000697
epoch 003 | step 0580 | total = 6.8001 | box = 0.9881 | obj = 1.8070 | cls = 0.0529 | lr = 0.000697
epoch 003 | step 0600 | total = 6.0702 | box = 0.8634 | obj = 1.7043 | cls = 0.0490 | lr = 0.000697
epoch 003 | step 0620 | total = 5.9268 | box = 0.8300 | obj = 1.7309 | cls = 0.0457 | lr = 0.000697
epoch 003 | step 0640 | total = 6.5847 | box = 0.9230 | obj = 1.9227 | cls = 0.0472 | lr = 0.000697
epoch 003 | step 0660 | total = 6.2825 | box = 0.8537 | obj = 1.9570 | cls = 0.0571 | lr = 0.000697
epoch 003 | step 0680 | total = 5.3211 | box = 0.6977 | obj = 1.7828 | cls = 0.0496 | lr = 0.000697
epoch 003 | step 0700 | total = 5.6382 | box = 0.7321 | obj = 1.9178 | cls = 0.0599 | lr = 0.000697
epoch 003 | step 0720 | total = 5.2523 | box = 0.7027 | obj = 1.6851 | cls = 0.0538 | lr = 0.000697
epoch 003 | step 0740 | total = 6.1996 | box = 0.8870 | obj = 1.7161 | cls = 0.0486 | lr = 0.000697
epoch 003 | step 0760 | total = 6.0203 | box = 0.8247 | obj = 1.8409 | cls = 0.0562 | lr = 0.000697
epoch 003 | step 0780 | total = 5.9047 | box = 0.7738 | obj = 1.9768 | cls = 0.0591 | lr = 0.000697
epoch 003 | step 0800 | total = 5.7768 | box = 0.7959 | obj = 1.7445 | cls = 0.0530 | lr = 0.000697
epoch 003 | step 0820 | total = 5.1730 | box = 0.6647 | obj = 1.7968 | cls = 0.0529 | lr = 0.000697
epoch 003 | step 0840 | total = 6.4361 | box = 0.8763 | obj = 2.0007 | cls = 0.0539 | lr = 0.000697
epoch 003 | step 0860 | total = 6.8137 | box = 1.0106 | obj = 1.7064 | cls = 0.0541 | lr = 0.000697
epoch 003 | step 0880 | total = 5.8662 | box = 0.8112 | obj = 1.7563 | cls = 0.0540 | lr = 0.000697
epoch 003 | step 0900 | total = 5.5133 | box = 0.7463 | obj = 1.7159 | cls = 0.0659 | lr = 0.000697
epoch 003 | step 0920 | total = 5.9386 | box = 0.8117 | obj = 1.8289 | cls = 0.0509 | lr = 0.000697
[epoch 003 train] total = 6.0253 | box = 0.8355 | obj = 1.7938 | cls = 0.0541 | steps = 925 | global_batches = 7400 | samples = 118288 | time = 806.3s
[epoch 003 val] total = 6.1407 | box = 0.8452 | obj = 1.8605 | cls = 0.0543 | steps = 40 | global_batches = 320 | samples = 5000 | time = 22.0s
epoch 004 | step 0001 | total = 6.0089 | box = 0.8262 | obj = 1.8263 | cls = 0.0518 | lr = 0.000694
epoch 004 | step 0020 | total = 6.1919 | box = 0.8794 | obj = 1.7457 | cls = 0.0492 | lr = 0.000694
epoch 004 | step 0040 | total = 5.7731 | box = 0.8070 | obj = 1.6896 | cls = 0.0484 | lr = 0.000694
epoch 004 | step 0060 | total = 6.3546 | box = 0.9173 | obj = 1.7248 | cls = 0.0432 | lr = 0.000694
epoch 004 | step 0080 | total = 6.6104 | box = 0.9221 | obj = 1.9471 | cls = 0.0528 | lr = 0.000694
epoch 004 | step 0100 | total = 5.6201 | box = 0.7713 | obj = 1.7005 | cls = 0.0630 | lr = 0.000694
epoch 004 | step 0120 | total = 5.2670 | box = 0.6521 | obj = 1.9455 | cls = 0.0611 | lr = 0.000694
epoch 004 | step 0140 | total = 5.0733 | box = 0.6347 | obj = 1.8435 | cls = 0.0562 | lr = 0.000694
epoch 004 | step 0160 | total = 7.0308 | box = 1.0379 | obj = 1.7816 | cls = 0.0599 | lr = 0.000694
epoch 004 | step 0180 | total = 5.8140 | box = 0.8106 | obj = 1.7156 | cls = 0.0456 | lr = 0.000694
epoch 004 | step 0200 | total = 5.6692 | box = 0.7446 | obj = 1.8916 | cls = 0.0548 | lr = 0.000694
epoch 004 | step 0220 | total = 5.3764 | box = 0.7120 | obj = 1.7551 | cls = 0.0614 | lr = 0.000694
epoch 004 | step 0240 | total = 6.5243 | box = 0.9471 | obj = 1.7440 | cls = 0.0451 | lr = 0.000694
epoch 004 | step 0260 | total = 6.3249 | box = 0.9173 | obj = 1.6936 | cls = 0.0449 | lr = 0.000694
epoch 004 | step 0280 | total = 5.7222 | box = 0.7620 | obj = 1.8577 | cls = 0.0544 | lr = 0.000694
epoch 004 | step 0300 | total = 5.5371 | box = 0.7670 | obj = 1.6495 | cls = 0.0528 | lr = 0.000694
epoch 004 | step 0320 | total = 6.1378 | box = 0.8601 | obj = 1.7757 | cls = 0.0617 | lr = 0.000694
epoch 004 | step 0340 | total = 6.3294 | box = 0.9040 | obj = 1.7630 | cls = 0.0462 | lr = 0.000694
epoch 004 | step 0360 | total = 5.2427 | box = 0.6917 | obj = 1.7212 | cls = 0.0629 | lr = 0.000694
epoch 004 | step 0380 | total = 6.2128 | box = 0.8979 | obj = 1.6828 | cls = 0.0407 | lr = 0.000694
epoch 004 | step 0400 | total = 5.9723 | box = 0.8298 | obj = 1.7706 | cls = 0.0526 | lr = 0.000694
epoch 004 | step 0420 | total = 6.0799 | box = 0.8434 | obj = 1.8111 | cls = 0.0519 | lr = 0.000694
epoch 004 | step 0440 | total = 5.3984 | box = 0.7286 | obj = 1.7022 | cls = 0.0531 | lr = 0.000694
epoch 004 | step 0460 | total = 5.6198 | box = 0.7802 | obj = 1.6750 | cls = 0.0437 | lr = 0.000694
epoch 004 | step 0480 | total = 5.4399 | box = 0.7321 | obj = 1.7223 | cls = 0.0570 | lr = 0.000694
epoch 004 | step 0500 | total = 5.8098 | box = 0.8179 | obj = 1.6682 | cls = 0.0520 | lr = 0.000694
epoch 004 | step 0520 | total = 5.9053 | box = 0.8248 | obj = 1.7332 | cls = 0.0479 | lr = 0.000694
epoch 004 | step 0540 | total = 5.5919 | box = 0.7314 | obj = 1.8787 | cls = 0.0560 | lr = 0.000694
epoch 004 | step 0560 | total = 5.8487 | box = 0.8045 | obj = 1.7706 | cls = 0.0557 | lr = 0.000694
epoch 004 | step 0580 | total = 5.2178 | box = 0.6946 | obj = 1.7011 | cls = 0.0437 | lr = 0.000694
epoch 004 | step 0600 | total = 5.7566 | box = 0.8111 | obj = 1.6535 | cls = 0.0478 | lr = 0.000694
epoch 004 | step 0620 | total = 6.4912 | box = 0.9381 | obj = 1.7552 | cls = 0.0456 | lr = 0.000694
epoch 004 | step 0640 | total = 5.8658 | box = 0.8302 | obj = 1.6702 | cls = 0.0444 | lr = 0.000694
epoch 004 | step 0660 | total = 5.0604 | box = 0.6395 | obj = 1.7968 | cls = 0.0660 | lr = 0.000694
epoch 004 | step 0680 | total = 6.1467 | box = 0.8204 | obj = 1.9804 | cls = 0.0645 | lr = 0.000694
epoch 004 | step 0700 | total = 6.3553 | box = 0.9050 | obj = 1.7776 | cls = 0.0525 | lr = 0.000694
epoch 004 | step 0720 | total = 5.9981 | box = 0.8232 | obj = 1.8324 | cls = 0.0496 | lr = 0.000694
epoch 004 | step 0740 | total = 5.7204 | box = 0.7929 | obj = 1.7085 | cls = 0.0476 | lr = 0.000694
epoch 004 | step 0760 | total = 4.9756 | box = 0.6444 | obj = 1.7015 | cls = 0.0521 | lr = 0.000694
epoch 004 | step 0780 | total = 6.2759 | box = 0.8733 | obj = 1.8543 | cls = 0.0552 | lr = 0.000694
epoch 004 | step 0800 | total = 5.6814 | box = 0.7791 | obj = 1.7341 | cls = 0.0518 | lr = 0.000694
epoch 004 | step 0820 | total = 5.4514 | box = 0.7313 | obj = 1.7439 | cls = 0.0511 | lr = 0.000694
epoch 004 | step 0840 | total = 6.3585 | box = 0.9043 | obj = 1.7864 | cls = 0.0509 | lr = 0.000694
epoch 004 | step 0860 | total = 6.1368 | box = 0.8823 | obj = 1.6765 | cls = 0.0490 | lr = 0.000694
epoch 004 | step 0880 | total = 5.4233 | box = 0.6967 | obj = 1.8856 | cls = 0.0542 | lr = 0.000694
epoch 004 | step 0900 | total = 5.6728 | box = 0.7128 | obj = 2.0410 | cls = 0.0679 | lr = 0.000694
epoch 004 | step 0920 | total = 5.2584 | box = 0.6751 | obj = 1.8214 | cls = 0.0616 | lr = 0.000694
[epoch 004 train] total = 5.8138 | box = 0.8008 | obj = 1.7573 | cls = 0.0524 | steps = 925 | global_batches = 7400 | samples = 118288 | time = 806.5s
[epoch 004 val] total = 5.8647 | box = 0.8001 | obj = 1.8117 | cls = 0.0524 | steps = 40 | global_batches = 320 | samples = 5000 | time = 21.4s
epoch 005 | step 0001 | total = 5.6212 | box = 0.7685 | obj = 1.7402 | cls = 0.0386 | lr = 0.000689
epoch 005 | step 0020 | total = 5.1030 | box = 0.6715 | obj = 1.6796 | cls = 0.0660 | lr = 0.000689
epoch 005 | step 0040 | total = 5.5019 | box = 0.7435 | obj = 1.7391 | cls = 0.0456 | lr = 0.000689
epoch 005 | step 0060 | total = 5.6874 | box = 0.7839 | obj = 1.7248 | cls = 0.0433 | lr = 0.000689
epoch 005 | step 0080 | total = 5.1841 | box = 0.7057 | obj = 1.6021 | cls = 0.0535 | lr = 0.000689
epoch 005 | step 0100 | total = 5.8666 | box = 0.8138 | obj = 1.7472 | cls = 0.0506 | lr = 0.000689
epoch 005 | step 0120 | total = 6.0211 | box = 0.8596 | obj = 1.6796 | cls = 0.0432 | lr = 0.000689
epoch 005 | step 0140 | total = 5.9975 | box = 0.8242 | obj = 1.8242 | cls = 0.0524 | lr = 0.000689
epoch 005 | step 0160 | total = 4.9296 | box = 0.6445 | obj = 1.6583 | cls = 0.0487 | lr = 0.000689
epoch 005 | step 0180 | total = 5.5025 | box = 0.7395 | obj = 1.7567 | cls = 0.0485 | lr = 0.000689
epoch 005 | step 0200 | total = 5.9884 | box = 0.8281 | obj = 1.7933 | cls = 0.0546 | lr = 0.000689
epoch 005 | step 0220 | total = 5.9197 | box = 0.8375 | obj = 1.6749 | cls = 0.0571 | lr = 0.000689
epoch 005 | step 0240 | total = 5.8120 | box = 0.8057 | obj = 1.7345 | cls = 0.0492 | lr = 0.000689
epoch 005 | step 0260 | total = 6.2146 | box = 0.8879 | obj = 1.7269 | cls = 0.0482 | lr = 0.000689
epoch 005 | step 0280 | total = 5.1581 | box = 0.6932 | obj = 1.6400 | cls = 0.0519 | lr = 0.000689
epoch 005 | step 0300 | total = 6.5685 | box = 0.9600 | obj = 1.7259 | cls = 0.0424 | lr = 0.000689
epoch 005 | step 0320 | total = 5.3493 | box = 0.7385 | obj = 1.6105 | cls = 0.0463 | lr = 0.000689
epoch 005 | step 0340 | total = 5.2827 | box = 0.7007 | obj = 1.7202 | cls = 0.0590 | lr = 0.000689
epoch 005 | step 0360 | total = 5.2407 | box = 0.7140 | obj = 1.6158 | cls = 0.0550 | lr = 0.000689
epoch 005 | step 0380 | total = 5.9909 | box = 0.8182 | obj = 1.8511 | cls = 0.0487 | lr = 0.000689
epoch 005 | step 0400 | total = 5.6312 | box = 0.7770 | obj = 1.6972 | cls = 0.0487 | lr = 0.000689
epoch 005 | step 0420 | total = 5.9322 | box = 0.8402 | obj = 1.6821 | cls = 0.0493 | lr = 0.000689
epoch 005 | step 0440 | total = 5.5054 | box = 0.7631 | obj = 1.6510 | cls = 0.0387 | lr = 0.000689
epoch 005 | step 0460 | total = 5.6036 | box = 0.7787 | obj = 1.6642 | cls = 0.0460 | lr = 0.000689
epoch 005 | step 0480 | total = 6.5502 | box = 0.9815 | obj = 1.5983 | cls = 0.0447 | lr = 0.000689
epoch 005 | step 0500 | total = 5.4628 | box = 0.7118 | obj = 1.8495 | cls = 0.0544 | lr = 0.000689
epoch 005 | step 0520 | total = 5.4328 | box = 0.7281 | obj = 1.7397 | cls = 0.0526 | lr = 0.000689
epoch 005 | step 0540 | total = 5.1717 | box = 0.6740 | obj = 1.7453 | cls = 0.0565 | lr = 0.000689
epoch 005 | step 0560 | total = 5.7347 | box = 0.8147 | obj = 1.6160 | cls = 0.0454 | lr = 0.000689
epoch 005 | step 0580 | total = 6.0258 | box = 0.8650 | obj = 1.6582 | cls = 0.0427 | lr = 0.000689
epoch 005 | step 0600 | total = 5.2987 | box = 0.7108 | obj = 1.6923 | cls = 0.0522 | lr = 0.000689
epoch 005 | step 0620 | total = 6.4190 | box = 0.9256 | obj = 1.7393 | cls = 0.0515 | lr = 0.000689
epoch 005 | step 0640 | total = 5.9310 | box = 0.8498 | obj = 1.6383 | cls = 0.0436 | lr = 0.000689
epoch 005 | step 0660 | total = 5.0072 | box = 0.6284 | obj = 1.8152 | cls = 0.0502 | lr = 0.000689
epoch 005 | step 0680 | total = 5.4522 | box = 0.7333 | obj = 1.7273 | cls = 0.0585 | lr = 0.000689
epoch 005 | step 0700 | total = 5.5852 | box = 0.7575 | obj = 1.7474 | cls = 0.0505 | lr = 0.000689
epoch 005 | step 0720 | total = 5.6775 | box = 0.7908 | obj = 1.6651 | cls = 0.0584 | lr = 0.000689
epoch 005 | step 0740 | total = 5.6303 | box = 0.7413 | obj = 1.8597 | cls = 0.0639 | lr = 0.000689
epoch 005 | step 0760 | total = 5.9274 | box = 0.7910 | obj = 1.9254 | cls = 0.0468 | lr = 0.000689
epoch 005 | step 0780 | total = 5.0204 | box = 0.6493 | obj = 1.7054 | cls = 0.0683 | lr = 0.000689
epoch 005 | step 0800 | total = 5.3207 | box = 0.7120 | obj = 1.7088 | cls = 0.0517 | lr = 0.000689
epoch 005 | step 0820 | total = 5.4970 | box = 0.7205 | obj = 1.8378 | cls = 0.0570 | lr = 0.000689
epoch 005 | step 0840 | total = 5.7303 | box = 0.8142 | obj = 1.6212 | cls = 0.0382 | lr = 0.000689
epoch 005 | step 0860 | total = 6.1513 | box = 0.8709 | obj = 1.7506 | cls = 0.0464 | lr = 0.000689
epoch 005 | step 0880 | total = 5.3391 | box = 0.7099 | obj = 1.7352 | cls = 0.0545 | lr = 0.000689
epoch 005 | step 0900 | total = 4.8298 | box = 0.6326 | obj = 1.6064 | cls = 0.0605 | lr = 0.000689
epoch 005 | step 0920 | total = 6.2112 | box = 0.9086 | obj = 1.6247 | cls = 0.0434 | lr = 0.000689
[epoch 005 train] total = 5.6567 | box = 0.7752 | obj = 1.7296 | cls = 0.0509 | steps = 925 | global_batches = 7400 | samples = 118288 | time = 806.8s
[epoch 005 val] total = 5.6980 | box = 0.7776 | obj = 1.7583 | cls = 0.0518 | steps = 40 | global_batches = 320 | samples = 5000 | time = 21.0s
epoch 006 | step 0001 | total = 5.7069 | box = 0.8129 | obj = 1.5955 | cls = 0.0467 | lr = 0.000683
epoch 006 | step 0020 | total = 6.0164 | box = 0.8717 | obj = 1.6107 | cls = 0.0475 | lr = 0.000683
epoch 006 | step 0040 | total = 5.2801 | box = 0.7072 | obj = 1.6930 | cls = 0.0513 | lr = 0.000683
epoch 006 | step 0060 | total = 5.0032 | box = 0.6648 | obj = 1.6274 | cls = 0.0518 | lr = 0.000683
epoch 006 | step 0080 | total = 5.8380 | box = 0.8173 | obj = 1.7095 | cls = 0.0422 | lr = 0.000683
epoch 006 | step 0100 | total = 5.8226 | box = 0.8272 | obj = 1.6344 | cls = 0.0523 | lr = 0.000683
epoch 006 | step 0120 | total = 5.8650 | box = 0.8471 | obj = 1.5878 | cls = 0.0415 | lr = 0.000683
epoch 006 | step 0140 | total = 6.7726 | box = 1.0125 | obj = 1.6679 | cls = 0.0422 | lr = 0.000683
epoch 006 | step 0160 | total = 5.3169 | box = 0.7182 | obj = 1.6827 | cls = 0.0433 | lr = 0.000683
epoch 006 | step 0180 | total = 6.0385 | box = 0.8530 | obj = 1.7264 | cls = 0.0471 | lr = 0.000683
epoch 006 | step 0200 | total = 4.9152 | box = 0.6732 | obj = 1.5010 | cls = 0.0485 | lr = 0.000683
epoch 006 | step 0220 | total = 5.3632 | box = 0.7008 | obj = 1.8027 | cls = 0.0563 | lr = 0.000683
epoch 006 | step 0240 | total = 5.8235 | box = 0.7832 | obj = 1.8551 | cls = 0.0523 | lr = 0.000683
epoch 006 | step 0260 | total = 5.4782 | box = 0.7218 | obj = 1.8171 | cls = 0.0518 | lr = 0.000683
epoch 006 | step 0280 | total = 5.1437 | box = 0.7007 | obj = 1.5929 | cls = 0.0472 | lr = 0.000683
epoch 006 | step 0300 | total = 6.6088 | box = 0.9705 | obj = 1.7155 | cls = 0.0411 | lr = 0.000683
epoch 006 | step 0320 | total = 5.2755 | box = 0.7148 | obj = 1.6531 | cls = 0.0484 | lr = 0.000683
epoch 006 | step 0340 | total = 4.7660 | box = 0.5747 | obj = 1.8360 | cls = 0.0563 | lr = 0.000683
epoch 006 | step 0360 | total = 6.9908 | box = 1.0654 | obj = 1.6231 | cls = 0.0408 | lr = 0.000683
epoch 006 | step 0380 | total = 6.2322 | box = 0.9203 | obj = 1.5933 | cls = 0.0374 | lr = 0.000683
epoch 006 | step 0400 | total = 4.8576 | box = 0.6201 | obj = 1.7017 | cls = 0.0553 | lr = 0.000683
epoch 006 | step 0420 | total = 4.4542 | box = 0.5300 | obj = 1.7414 | cls = 0.0626 | lr = 0.000683
epoch 006 | step 0440 | total = 5.4203 | box = 0.7499 | obj = 1.6243 | cls = 0.0467 | lr = 0.000683
epoch 006 | step 0460 | total = 5.3768 | box = 0.7380 | obj = 1.6416 | cls = 0.0452 | lr = 0.000683
epoch 006 | step 0480 | total = 5.4145 | box = 0.7212 | obj = 1.7601 | cls = 0.0484 | lr = 0.000683
epoch 006 | step 0500 | total = 5.5557 | box = 0.7390 | obj = 1.8046 | cls = 0.0561 | lr = 0.000683
epoch 006 | step 0520 | total = 4.7240 | box = 0.5720 | obj = 1.8023 | cls = 0.0616 | lr = 0.000683
epoch 006 | step 0540 | total = 4.8114 | box = 0.6104 | obj = 1.7144 | cls = 0.0449 | lr = 0.000683
epoch 006 | step 0560 | total = 5.9699 | box = 0.8223 | obj = 1.8019 | cls = 0.0567 | lr = 0.000683
epoch 006 | step 0580 | total = 6.5301 | box = 0.9657 | obj = 1.6543 | cls = 0.0471 | lr = 0.000683
epoch 006 | step 0600 | total = 5.7948 | box = 0.7970 | obj = 1.7711 | cls = 0.0388 | lr = 0.000683
epoch 006 | step 0620 | total = 5.2419 | box = 0.7081 | obj = 1.6557 | cls = 0.0455 | lr = 0.000683
epoch 006 | step 0640 | total = 6.5025 | box = 0.9289 | obj = 1.8123 | cls = 0.0459 | lr = 0.000683
epoch 006 | step 0660 | total = 5.8991 | box = 0.8639 | obj = 1.5415 | cls = 0.0382 | lr = 0.000683
epoch 006 | step 0680 | total = 5.1256 | box = 0.6413 | obj = 1.8617 | cls = 0.0575 | lr = 0.000683
epoch 006 | step 0700 | total = 4.7727 | box = 0.6093 | obj = 1.6785 | cls = 0.0477 | lr = 0.000683
epoch 006 | step 0720 | total = 5.4242 | box = 0.7645 | obj = 1.5560 | cls = 0.0457 | lr = 0.000683
epoch 006 | step 0740 | total = 5.7512 | box = 0.8037 | obj = 1.6832 | cls = 0.0496 | lr = 0.000683
epoch 006 | step 0760 | total = 5.0408 | box = 0.6853 | obj = 1.5652 | cls = 0.0490 | lr = 0.000683
epoch 006 | step 0780 | total = 5.6729 | box = 0.7675 | obj = 1.7856 | cls = 0.0497 | lr = 0.000683
epoch 006 | step 0800 | total = 4.8845 | box = 0.6514 | obj = 1.5818 | cls = 0.0455 | lr = 0.000683
epoch 006 | step 0820 | total = 5.1623 | box = 0.6744 | obj = 1.7357 | cls = 0.0548 | lr = 0.000683
epoch 006 | step 0840 | total = 4.9396 | box = 0.6358 | obj = 1.7136 | cls = 0.0471 | lr = 0.000683
epoch 006 | step 0860 | total = 5.5884 | box = 0.7169 | obj = 1.9539 | cls = 0.0499 | lr = 0.000683
epoch 006 | step 0880 | total = 5.6121 | box = 0.7392 | obj = 1.8642 | cls = 0.0517 | lr = 0.000683
epoch 006 | step 0900 | total = 5.0591 | box = 0.6780 | obj = 1.6179 | cls = 0.0513 | lr = 0.000683
epoch 006 | step 0920 | total = 5.0972 | box = 0.6565 | obj = 1.7565 | cls = 0.0584 | lr = 0.000683
[epoch 006 train] total = 5.5325 | box = 0.7551 | obj = 1.7072 | cls = 0.0498 | steps = 925 | global_batches = 7400 | samples = 118288 | time = 802.7s
[epoch 006 val] total = 5.5908 | box = 0.7607 | obj = 1.7368 | cls = 0.0502 | steps = 40 | global_batches = 320 | samples = 5000 | time = 20.7s
epoch 007 | step 0001 | total = 4.7991 | box = 0.5908 | obj = 1.7855 | cls = 0.0598 | lr = 0.000676
epoch 007 | step 0020 | total = 5.6411 | box = 0.7848 | obj = 1.6674 | cls = 0.0496 | lr = 0.000676
epoch 007 | step 0040 | total = 5.9951 | box = 0.8411 | obj = 1.7480 | cls = 0.0418 | lr = 0.000676
epoch 007 | step 0060 | total = 5.3689 | box = 0.7468 | obj = 1.5866 | cls = 0.0484 | lr = 0.000676
epoch 007 | step 0080 | total = 6.1213 | box = 0.8846 | obj = 1.6572 | cls = 0.0413 | lr = 0.000676
epoch 007 | step 0100 | total = 5.4457 | box = 0.7356 | obj = 1.7196 | cls = 0.0481 | lr = 0.000676
epoch 007 | step 0120 | total = 5.1116 | box = 0.6934 | obj = 1.5920 | cls = 0.0525 | lr = 0.000676
epoch 007 | step 0140 | total = 4.9648 | box = 0.6350 | obj = 1.7317 | cls = 0.0584 | lr = 0.000676
epoch 007 | step 0160 | total = 5.7264 | box = 0.8020 | obj = 1.6717 | cls = 0.0446 | lr = 0.000676
epoch 007 | step 0180 | total = 5.3948 | box = 0.7246 | obj = 1.7246 | cls = 0.0474 | lr = 0.000676
epoch 007 | step 0200 | total = 6.3875 | box = 0.9331 | obj = 1.6748 | cls = 0.0472 | lr = 0.000676
epoch 007 | step 0220 | total = 5.1415 | box = 0.6601 | obj = 1.7886 | cls = 0.0525 | lr = 0.000676
epoch 007 | step 0240 | total = 6.2298 | box = 0.8981 | obj = 1.6985 | cls = 0.0410 | lr = 0.000676
epoch 007 | step 0260 | total = 5.0032 | box = 0.6524 | obj = 1.6943 | cls = 0.0469 | lr = 0.000676
epoch 007 | step 0280 | total = 5.9779 | box = 0.8741 | obj = 1.5560 | cls = 0.0512 | lr = 0.000676
epoch 007 | step 0300 | total = 5.3407 | box = 0.7031 | obj = 1.7643 | cls = 0.0607 | lr = 0.000676
epoch 007 | step 0320 | total = 5.2230 | box = 0.6784 | obj = 1.7766 | cls = 0.0545 | lr = 0.000676
epoch 007 | step 0340 | total = 4.9697 | box = 0.6622 | obj = 1.6058 | cls = 0.0527 | lr = 0.000676
epoch 007 | step 0360 | total = 6.0337 | box = 0.8547 | obj = 1.7117 | cls = 0.0484 | lr = 0.000676
epoch 007 | step 0380 | total = 5.4864 | box = 0.7042 | obj = 1.9079 | cls = 0.0576 | lr = 0.000676
epoch 007 | step 0400 | total = 5.6829 | box = 0.7863 | obj = 1.7070 | cls = 0.0447 | lr = 0.000676
epoch 007 | step 0420 | total = 6.1403 | box = 0.8914 | obj = 1.6387 | cls = 0.0447 | lr = 0.000676
epoch 007 | step 0440 | total = 5.0804 | box = 0.6687 | obj = 1.6858 | cls = 0.0511 | lr = 0.000676
epoch 007 | step 0460 | total = 5.7773 | box = 0.7904 | obj = 1.7753 | cls = 0.0502 | lr = 0.000676
epoch 007 | step 0480 | total = 5.0408 | box = 0.6680 | obj = 1.6421 | cls = 0.0585 | lr = 0.000676
epoch 007 | step 0500 | total = 5.4821 | box = 0.7357 | obj = 1.7570 | cls = 0.0464 | lr = 0.000676
epoch 007 | step 0520 | total = 5.4483 | box = 0.7327 | obj = 1.7428 | cls = 0.0419 | lr = 0.000676
epoch 007 | step 0540 | total = 5.3855 | box = 0.7432 | obj = 1.6297 | cls = 0.0397 | lr = 0.000676
epoch 007 | step 0560 | total = 5.5810 | box = 0.7687 | obj = 1.6917 | cls = 0.0457 | lr = 0.000676
epoch 007 | step 0580 | total = 5.3976 | box = 0.6965 | obj = 1.8659 | cls = 0.0493 | lr = 0.000676
epoch 007 | step 0600 | total = 4.8061 | box = 0.6398 | obj = 1.5555 | cls = 0.0518 | lr = 0.000676
epoch 007 | step 0620 | total = 4.3796 | box = 0.4962 | obj = 1.8335 | cls = 0.0651 | lr = 0.000676
epoch 007 | step 0640 | total = 6.0369 | box = 0.8652 | obj = 1.6673 | cls = 0.0436 | lr = 0.000676
epoch 007 | step 0660 | total = 5.5873 | box = 0.7507 | obj = 1.7763 | cls = 0.0574 | lr = 0.000676
epoch 007 | step 0680 | total = 5.9299 | box = 0.7993 | obj = 1.8756 | cls = 0.0577 | lr = 0.000676
epoch 007 | step 0700 | total = 4.8504 | box = 0.6109 | obj = 1.7532 | cls = 0.0427 | lr = 0.000676
epoch 007 | step 0720 | total = 5.2593 | box = 0.6880 | obj = 1.7605 | cls = 0.0589 | lr = 0.000676
epoch 007 | step 0740 | total = 4.3837 | box = 0.5503 | obj = 1.5732 | cls = 0.0590 | lr = 0.000676
epoch 007 | step 0760 | total = 5.1734 | box = 0.6851 | obj = 1.6963 | cls = 0.0517 | lr = 0.000676
epoch 007 | step 0780 | total = 4.2845 | box = 0.5383 | obj = 1.5367 | cls = 0.0562 | lr = 0.000676
epoch 007 | step 0800 | total = 5.7202 | box = 0.7690 | obj = 1.8220 | cls = 0.0532 | lr = 0.000676
epoch 007 | step 0820 | total = 5.3220 | box = 0.7082 | obj = 1.7308 | cls = 0.0503 | lr = 0.000676
epoch 007 | step 0840 | total = 4.7582 | box = 0.6245 | obj = 1.5938 | cls = 0.0421 | lr = 0.000676
epoch 007 | step 0860 | total = 5.0477 | box = 0.6726 | obj = 1.6356 | cls = 0.0490 | lr = 0.000676
epoch 007 | step 0880 | total = 6.0437 | box = 0.8877 | obj = 1.5718 | cls = 0.0334 | lr = 0.000676
epoch 007 | step 0900 | total = 4.4553 | box = 0.5605 | obj = 1.5948 | cls = 0.0579 | lr = 0.000676
epoch 007 | step 0920 | total = 5.7215 | box = 0.8190 | obj = 1.5795 | cls = 0.0471 | lr = 0.000676
[epoch 007 train] total = 5.4193 | box = 0.7368 | obj = 1.6862 | cls = 0.0489 | steps = 925 | global_batches = 7400 | samples = 118288 | time = 806.6s
[epoch 007 val] total = 5.4663 | box = 0.7432 | obj = 1.7011 | cls = 0.0489 | steps = 40 | global_batches = 320 | samples = 5000 | time = 21.1s
epoch 008 | step 0001 | total = 4.7494 | box = 0.6183 | obj = 1.6094 | cls = 0.0486 | lr = 0.000667
epoch 008 | step 0020 | total = 5.4233 | box = 0.7134 | obj = 1.7981 | cls = 0.0584 | lr = 0.000667
epoch 008 | step 0040 | total = 6.0631 | box = 0.8716 | obj = 1.6619 | cls = 0.0432 | lr = 0.000667
epoch 008 | step 0060 | total = 5.1250 | box = 0.6764 | obj = 1.6979 | cls = 0.0450 | lr = 0.000667
epoch 008 | step 0080 | total = 5.3742 | box = 0.7578 | obj = 1.5363 | cls = 0.0489 | lr = 0.000667
epoch 008 | step 0100 | total = 6.2995 | box = 0.9136 | obj = 1.6817 | cls = 0.0501 | lr = 0.000667
epoch 008 | step 0120 | total = 4.6605 | box = 0.6144 | obj = 1.5441 | cls = 0.0443 | lr = 0.000667
epoch 008 | step 0140 | total = 4.8643 | box = 0.6261 | obj = 1.6824 | cls = 0.0516 | lr = 0.000667
epoch 008 | step 0160 | total = 5.5716 | box = 0.7623 | obj = 1.7118 | cls = 0.0482 | lr = 0.000667
epoch 008 | step 0180 | total = 5.0715 | box = 0.6720 | obj = 1.6592 | cls = 0.0523 | lr = 0.000667
epoch 008 | step 0200 | total = 4.8122 | box = 0.6008 | obj = 1.7475 | cls = 0.0606 | lr = 0.000667
epoch 008 | step 0220 | total = 5.7043 | box = 0.7977 | obj = 1.6673 | cls = 0.0484 | lr = 0.000667
epoch 008 | step 0240 | total = 5.7728 | box = 0.8042 | obj = 1.6959 | cls = 0.0560 | lr = 0.000667
epoch 008 | step 0260 | total = 5.4587 | box = 0.7499 | obj = 1.6612 | cls = 0.0479 | lr = 0.000667
epoch 008 | step 0280 | total = 4.2773 | box = 0.5205 | obj = 1.6292 | cls = 0.0456 | lr = 0.000667
epoch 008 | step 0300 | total = 5.4623 | box = 0.7660 | obj = 1.5902 | cls = 0.0421 | lr = 0.000667
epoch 008 | step 0320 | total = 5.3316 | box = 0.7377 | obj = 1.6011 | cls = 0.0418 | lr = 0.000667
epoch 008 | step 0340 | total = 5.5579 | box = 0.7788 | obj = 1.6167 | cls = 0.0472 | lr = 0.000667
epoch 008 | step 0360 | total = 5.1098 | box = 0.7171 | obj = 1.4838 | cls = 0.0407 | lr = 0.000667
epoch 008 | step 0380 | total = 6.0939 | box = 0.8509 | obj = 1.7921 | cls = 0.0473 | lr = 0.000667
epoch 008 | step 0400 | total = 4.8566 | box = 0.6491 | obj = 1.5663 | cls = 0.0448 | lr = 0.000667
epoch 008 | step 0420 | total = 4.8168 | box = 0.6401 | obj = 1.5654 | cls = 0.0508 | lr = 0.000667
epoch 008 | step 0440 | total = 4.7262 | box = 0.6075 | obj = 1.6396 | cls = 0.0491 | lr = 0.000667
epoch 008 | step 0460 | total = 4.5986 | box = 0.5655 | obj = 1.7218 | cls = 0.0491 | lr = 0.000667
epoch 008 | step 0480 | total = 5.2859 | box = 0.7304 | obj = 1.5925 | cls = 0.0414 | lr = 0.000667
epoch 008 | step 0500 | total = 5.8259 | box = 0.8185 | obj = 1.6926 | cls = 0.0409 | lr = 0.000667
epoch 008 | step 0520 | total = 4.8574 | box = 0.6244 | obj = 1.6865 | cls = 0.0490 | lr = 0.000667
epoch 008 | step 0540 | total = 4.8073 | box = 0.6101 | obj = 1.7078 | cls = 0.0493 | lr = 0.000667
epoch 008 | step 0560 | total = 5.0729 | box = 0.6530 | obj = 1.7550 | cls = 0.0531 | lr = 0.000667
epoch 008 | step 0580 | total = 4.9086 | box = 0.6186 | obj = 1.7693 | cls = 0.0464 | lr = 0.000667
epoch 008 | step 0600 | total = 4.9970 | box = 0.6548 | obj = 1.6712 | cls = 0.0517 | lr = 0.000667
epoch 008 | step 0620 | total = 5.5160 | box = 0.7543 | obj = 1.7065 | cls = 0.0382 | lr = 0.000667
epoch 008 | step 0640 | total = 5.3798 | box = 0.7417 | obj = 1.6210 | cls = 0.0501 | lr = 0.000667
epoch 008 | step 0660 | total = 5.6336 | box = 0.7776 | obj = 1.7016 | cls = 0.0441 | lr = 0.000667
epoch 008 | step 0680 | total = 5.2100 | box = 0.6905 | obj = 1.7122 | cls = 0.0451 | lr = 0.000667
epoch 008 | step 0700 | total = 4.7863 | box = 0.6367 | obj = 1.5555 | cls = 0.0474 | lr = 0.000667
epoch 008 | step 0720 | total = 5.1141 | box = 0.6961 | obj = 1.5881 | cls = 0.0454 | lr = 0.000667
epoch 008 | step 0740 | total = 4.6915 | box = 0.5791 | obj = 1.7374 | cls = 0.0584 | lr = 0.000667
epoch 008 | step 0760 | total = 5.1703 | box = 0.7116 | obj = 1.5629 | cls = 0.0493 | lr = 0.000667
epoch 008 | step 0780 | total = 4.9178 | box = 0.6325 | obj = 1.7141 | cls = 0.0412 | lr = 0.000667
epoch 008 | step 0800 | total = 5.7336 | box = 0.8017 | obj = 1.6793 | cls = 0.0456 | lr = 0.000667
epoch 008 | step 0820 | total = 5.5303 | box = 0.7740 | obj = 1.6158 | cls = 0.0445 | lr = 0.000667
epoch 008 | step 0840 | total = 4.8467 | box = 0.6486 | obj = 1.5616 | cls = 0.0421 | lr = 0.000667
epoch 008 | step 0860 | total = 6.2759 | box = 0.8977 | obj = 1.7379 | cls = 0.0496 | lr = 0.000667
epoch 008 | step 0880 | total = 5.2786 | box = 0.6959 | obj = 1.7516 | cls = 0.0476 | lr = 0.000667
epoch 008 | step 0900 | total = 6.2947 | box = 0.9068 | obj = 1.7166 | cls = 0.0439 | lr = 0.000667
epoch 008 | step 0920 | total = 6.0785 | box = 0.8398 | obj = 1.8388 | cls = 0.0406 | lr = 0.000667
[epoch 008 train] total = 5.3335 | box = 0.7235 | obj = 1.6680 | cls = 0.0480 | steps = 925 | global_batches = 7400 | samples = 118288 | time = 806.7s
[epoch 008 val] total = 5.3858 | box = 0.7300 | obj = 1.6861 | cls = 0.0496 | steps = 40 | global_batches = 320 | samples = 5000 | time = 21.6s
epoch 009 | step 0001 | total = 4.6914 | box = 0.6168 | obj = 1.5621 | cls = 0.0451 | lr = 0.000657
epoch 009 | step 0020 | total = 5.6726 | box = 0.7599 | obj = 1.8305 | cls = 0.0428 | lr = 0.000657
epoch 009 | step 0040 | total = 5.7812 | box = 0.8128 | obj = 1.6706 | cls = 0.0469 | lr = 0.000657
epoch 009 | step 0060 | total = 5.6552 | box = 0.7843 | obj = 1.6852 | cls = 0.0484 | lr = 0.000657
epoch 009 | step 0080 | total = 5.1556 | box = 0.7099 | obj = 1.5651 | cls = 0.0409 | lr = 0.000657
epoch 009 | step 0100 | total = 5.1716 | box = 0.6936 | obj = 1.6570 | cls = 0.0467 | lr = 0.000657
epoch 009 | step 0120 | total = 5.2562 | box = 0.7283 | obj = 1.5692 | cls = 0.0454 | lr = 0.000657
epoch 009 | step 0140 | total = 5.5960 | box = 0.7673 | obj = 1.7257 | cls = 0.0336 | lr = 0.000657
epoch 009 | step 0160 | total = 5.4950 | box = 0.7723 | obj = 1.5830 | cls = 0.0505 | lr = 0.000657
epoch 009 | step 0180 | total = 5.1171 | box = 0.6954 | obj = 1.5973 | cls = 0.0427 | lr = 0.000657
epoch 009 | step 0200 | total = 5.4298 | box = 0.7430 | obj = 1.6595 | cls = 0.0551 | lr = 0.000657
epoch 009 | step 0220 | total = 5.3893 | box = 0.7464 | obj = 1.6056 | cls = 0.0516 | lr = 0.000657
epoch 009 | step 0240 | total = 5.1361 | box = 0.6802 | obj = 1.6763 | cls = 0.0590 | lr = 0.000657
epoch 009 | step 0260 | total = 4.7020 | box = 0.6108 | obj = 1.5971 | cls = 0.0506 | lr = 0.000657
epoch 009 | step 0280 | total = 5.2512 | box = 0.6884 | obj = 1.7589 | cls = 0.0505 | lr = 0.000657
epoch 009 | step 0300 | total = 4.4706 | box = 0.5589 | obj = 1.6193 | cls = 0.0569 | lr = 0.000657
epoch 009 | step 0320 | total = 5.4410 | box = 0.7558 | obj = 1.6115 | cls = 0.0504 | lr = 0.000657
epoch 009 | step 0340 | total = 5.1311 | box = 0.7034 | obj = 1.5613 | cls = 0.0529 | lr = 0.000657
epoch 009 | step 0360 | total = 5.1338 | box = 0.7005 | obj = 1.5911 | cls = 0.0401 | lr = 0.000657
epoch 009 | step 0380 | total = 5.3982 | box = 0.7434 | obj = 1.6279 | cls = 0.0535 | lr = 0.000657
epoch 009 | step 0400 | total = 6.4307 | box = 0.9199 | obj = 1.7825 | cls = 0.0486 | lr = 0.000657
epoch 009 | step 0420 | total = 5.1751 | box = 0.7171 | obj = 1.5367 | cls = 0.0527 | lr = 0.000657
epoch 009 | step 0440 | total = 5.0999 | box = 0.6631 | obj = 1.7320 | cls = 0.0525 | lr = 0.000657
epoch 009 | step 0460 | total = 4.7435 | box = 0.6324 | obj = 1.5363 | cls = 0.0453 | lr = 0.000657
epoch 009 | step 0480 | total = 5.2560 | box = 0.7190 | obj = 1.6080 | cls = 0.0532 | lr = 0.000657
epoch 009 | step 0500 | total = 6.2407 | box = 0.9201 | obj = 1.5981 | cls = 0.0419 | lr = 0.000657
epoch 009 | step 0520 | total = 4.7194 | box = 0.6199 | obj = 1.5778 | cls = 0.0421 | lr = 0.000657
epoch 009 | step 0540 | total = 5.2924 | box = 0.7268 | obj = 1.6061 | cls = 0.0521 | lr = 0.000657
epoch 009 | step 0560 | total = 5.7133 | box = 0.7816 | obj = 1.7583 | cls = 0.0471 | lr = 0.000657
epoch 009 | step 0580 | total = 5.0742 | box = 0.6974 | obj = 1.5389 | cls = 0.0481 | lr = 0.000657
epoch 009 | step 0600 | total = 5.9335 | box = 0.8740 | obj = 1.5271 | cls = 0.0362 | lr = 0.000657
epoch 009 | step 0620 | total = 5.2483 | box = 0.6996 | obj = 1.7013 | cls = 0.0491 | lr = 0.000657
epoch 009 | step 0640 | total = 5.2228 | box = 0.7409 | obj = 1.4831 | cls = 0.0349 | lr = 0.000657
epoch 009 | step 0660 | total = 3.8261 | box = 0.4380 | obj = 1.5739 | cls = 0.0624 | lr = 0.000657
epoch 009 | step 0680 | total = 5.1866 | box = 0.6835 | obj = 1.7279 | cls = 0.0412 | lr = 0.000657
epoch 009 | step 0700 | total = 5.5175 | box = 0.7841 | obj = 1.5603 | cls = 0.0367 | lr = 0.000657
epoch 009 | step 0720 | total = 5.9788 | box = 0.8521 | obj = 1.6616 | cls = 0.0569 | lr = 0.000657
epoch 009 | step 0740 | total = 5.8916 | box = 0.8326 | obj = 1.6908 | cls = 0.0378 | lr = 0.000657
epoch 009 | step 0760 | total = 5.3120 | box = 0.7346 | obj = 1.5921 | cls = 0.0470 | lr = 0.000657
epoch 009 | step 0780 | total = 5.2469 | box = 0.7035 | obj = 1.6802 | cls = 0.0490 | lr = 0.000657
epoch 009 | step 0800 | total = 5.0919 | box = 0.6967 | obj = 1.5666 | cls = 0.0420 | lr = 0.000657
epoch 009 | step 0820 | total = 5.1755 | box = 0.6635 | obj = 1.8047 | cls = 0.0532 | lr = 0.000657
epoch 009 | step 0840 | total = 5.7081 | box = 0.7916 | obj = 1.7070 | cls = 0.0430 | lr = 0.000657
epoch 009 | step 0860 | total = 5.3321 | box = 0.7062 | obj = 1.7467 | cls = 0.0543 | lr = 0.000657
epoch 009 | step 0880 | total = 5.2690 | box = 0.7041 | obj = 1.6996 | cls = 0.0490 | lr = 0.000657
epoch 009 | step 0900 | total = 5.1161 | box = 0.7049 | obj = 1.5479 | cls = 0.0436 | lr = 0.000657
epoch 009 | step 0920 | total = 5.7440 | box = 0.7728 | obj = 1.8287 | cls = 0.0512 | lr = 0.000657
[epoch 009 train] total = 5.2513 | box = 0.7104 | obj = 1.6518 | cls = 0.0473 | steps = 925 | global_batches = 7400 | samples = 118288 | time = 803.5s
[epoch 009 val] total = 5.2994 | box = 0.7183 | obj = 1.6604 | cls = 0.0472 | steps = 40 | global_batches = 320 | samples = 5000 | time = 22.3s
epoch 010 | step 0001 | total = 5.3385 | box = 0.7264 | obj = 1.6615 | cls = 0.0449 | lr = 0.000646
epoch 010 | step 0020 | total = 6.3958 | box = 0.9516 | obj = 1.5968 | cls = 0.0408 | lr = 0.000646
epoch 010 | step 0040 | total = 4.8913 | box = 0.6455 | obj = 1.6184 | cls = 0.0452 | lr = 0.000646
epoch 010 | step 0060 | total = 5.3144 | box = 0.7156 | obj = 1.6887 | cls = 0.0475 | lr = 0.000646
epoch 010 | step 0080 | total = 5.1173 | box = 0.6899 | obj = 1.6251 | cls = 0.0425 | lr = 0.000646
epoch 010 | step 0100 | total = 5.3787 | box = 0.7332 | obj = 1.6647 | cls = 0.0480 | lr = 0.000646
epoch 010 | step 0120 | total = 5.0055 | box = 0.6301 | obj = 1.7972 | cls = 0.0580 | lr = 0.000646
epoch 010 | step 0140 | total = 5.3911 | box = 0.7385 | obj = 1.6487 | cls = 0.0497 | lr = 0.000646
epoch 010 | step 0160 | total = 4.6196 | box = 0.6022 | obj = 1.5662 | cls = 0.0421 | lr = 0.000646
epoch 010 | step 0180 | total = 4.7017 | box = 0.5987 | obj = 1.6652 | cls = 0.0431 | lr = 0.000646
epoch 010 | step 0200 | total = 5.3294 | box = 0.7600 | obj = 1.4892 | cls = 0.0402 | lr = 0.000646
epoch 010 | step 0220 | total = 5.1200 | box = 0.6592 | obj = 1.7786 | cls = 0.0452 | lr = 0.000646
epoch 010 | step 0240 | total = 4.8094 | box = 0.6357 | obj = 1.5825 | cls = 0.0486 | lr = 0.000646
epoch 010 | step 0260 | total = 4.5978 | box = 0.6087 | obj = 1.5050 | cls = 0.0491 | lr = 0.000646
epoch 010 | step 0280 | total = 4.9990 | box = 0.6855 | obj = 1.5297 | cls = 0.0420 | lr = 0.000646
epoch 010 | step 0300 | total = 4.8231 | box = 0.6481 | obj = 1.5378 | cls = 0.0450 | lr = 0.000646
epoch 010 | step 0320 | total = 5.2912 | box = 0.7171 | obj = 1.6544 | cls = 0.0513 | lr = 0.000646
epoch 010 | step 0340 | total = 5.3718 | box = 0.7604 | obj = 1.5183 | cls = 0.0518 | lr = 0.000646
epoch 010 | step 0360 | total = 5.3398 | box = 0.7307 | obj = 1.6419 | cls = 0.0446 | lr = 0.000646
epoch 010 | step 0380 | total = 5.1905 | box = 0.7006 | obj = 1.6401 | cls = 0.0472 | lr = 0.000646
epoch 010 | step 0400 | total = 4.0685 | box = 0.4632 | obj = 1.6933 | cls = 0.0592 | lr = 0.000646
epoch 010 | step 0420 | total = 5.7141 | box = 0.8203 | obj = 1.5733 | cls = 0.0391 | lr = 0.000646
epoch 010 | step 0440 | total = 4.8948 | box = 0.6143 | obj = 1.7745 | cls = 0.0486 | lr = 0.000646
epoch 010 | step 0460 | total = 5.2210 | box = 0.7056 | obj = 1.6462 | cls = 0.0469 | lr = 0.000646
epoch 010 | step 0480 | total = 5.7364 | box = 0.7911 | obj = 1.7312 | cls = 0.0498 | lr = 0.000646
epoch 010 | step 0500 | total = 4.8642 | box = 0.6206 | obj = 1.7115 | cls = 0.0496 | lr = 0.000646
epoch 010 | step 0520 | total = 5.0708 | box = 0.6695 | obj = 1.6748 | cls = 0.0483 | lr = 0.000646
epoch 010 | step 0540 | total = 4.7080 | box = 0.6442 | obj = 1.4450 | cls = 0.0419 | lr = 0.000646
epoch 010 | step 0560 | total = 5.3715 | box = 0.7502 | obj = 1.5695 | cls = 0.0510 | lr = 0.000646
epoch 010 | step 0580 | total = 5.4273 | box = 0.7260 | obj = 1.7526 | cls = 0.0449 | lr = 0.000646
epoch 010 | step 0600 | total = 4.7417 | box = 0.6215 | obj = 1.5861 | cls = 0.0483 | lr = 0.000646
epoch 010 | step 0620 | total = 5.5374 | box = 0.7700 | obj = 1.6358 | cls = 0.0516 | lr = 0.000646
epoch 010 | step 0640 | total = 5.1386 | box = 0.7181 | obj = 1.5036 | cls = 0.0446 | lr = 0.000646
epoch 010 | step 0660 | total = 4.5645 | box = 0.5763 | obj = 1.6386 | cls = 0.0445 | lr = 0.000646
epoch 010 | step 0680 | total = 5.1349 | box = 0.7006 | obj = 1.5858 | cls = 0.0463 | lr = 0.000646
epoch 010 | step 0700 | total = 6.2693 | box = 0.8942 | obj = 1.7510 | cls = 0.0474 | lr = 0.000646
epoch 010 | step 0720 | total = 5.3565 | box = 0.7495 | obj = 1.5739 | cls = 0.0349 | lr = 0.000646
epoch 010 | step 0740 | total = 5.9758 | box = 0.8341 | obj = 1.7645 | cls = 0.0408 | lr = 0.000646
epoch 010 | step 0760 | total = 6.0744 | box = 0.8800 | obj = 1.6302 | cls = 0.0441 | lr = 0.000646
epoch 010 | step 0780 | total = 4.4823 | box = 0.5955 | obj = 1.4509 | cls = 0.0536 | lr = 0.000646
epoch 010 | step 0800 | total = 5.9559 | box = 0.8540 | obj = 1.6347 | cls = 0.0514 | lr = 0.000646
epoch 010 | step 0820 | total = 5.2446 | box = 0.7316 | obj = 1.5443 | cls = 0.0422 | lr = 0.000646
epoch 010 | step 0840 | total = 5.0901 | box = 0.6921 | obj = 1.5870 | cls = 0.0424 | lr = 0.000646
epoch 010 | step 0860 | total = 5.4775 | box = 0.7564 | obj = 1.6511 | cls = 0.0447 | lr = 0.000646
epoch 010 | step 0880 | total = 4.9342 | box = 0.6691 | obj = 1.5443 | cls = 0.0443 | lr = 0.000646
epoch 010 | step 0900 | total = 5.4664 | box = 0.7532 | obj = 1.6595 | cls = 0.0410 | lr = 0.000646
epoch 010 | step 0920 | total = 4.8296 | box = 0.6309 | obj = 1.6249 | cls = 0.0503 | lr = 0.000646
[epoch 010 train] total = 5.1768 | box = 0.6988 | obj = 1.6360 | cls = 0.0466 | steps = 925 | global_batches = 7400 | samples = 118288 | time = 803.5s
[epoch 010 val] total = 5.1790 | box = 0.6986 | obj = 1.6390 | cls = 0.0472 | steps = 40 | global_batches = 320 | samples = 5000 | time = 22.0s
epoch 011 | step 0001 | total = 4.6448 | box = 0.6024 | obj = 1.5889 | cls = 0.0440 | lr = 0.000634
epoch 011 | step 0020 | total = 5.7381 | box = 0.7715 | obj = 1.8376 | cls = 0.0429 | lr = 0.000634
epoch 011 | step 0040 | total = 5.0586 | box = 0.6869 | obj = 1.5812 | cls = 0.0427 | lr = 0.000634
epoch 011 | step 0060 | total = 5.4904 | box = 0.7501 | obj = 1.6828 | cls = 0.0569 | lr = 0.000634
epoch 011 | step 0080 | total = 4.4525 | box = 0.5504 | obj = 1.6554 | cls = 0.0449 | lr = 0.000634
epoch 011 | step 0100 | total = 5.1914 | box = 0.6803 | obj = 1.7349 | cls = 0.0553 | lr = 0.000634
epoch 011 | step 0120 | total = 5.7038 | box = 0.8033 | obj = 1.6429 | cls = 0.0443 | lr = 0.000634
epoch 011 | step 0140 | total = 5.4616 | box = 0.7561 | obj = 1.6368 | cls = 0.0444 | lr = 0.000634
epoch 011 | step 0160 | total = 5.5886 | box = 0.7855 | obj = 1.6153 | cls = 0.0459 | lr = 0.000634
epoch 011 | step 0180 | total = 5.6617 | box = 0.8090 | obj = 1.5746 | cls = 0.0423 | lr = 0.000634
epoch 011 | step 0200 | total = 5.2997 | box = 0.7420 | obj = 1.5486 | cls = 0.0409 | lr = 0.000634
epoch 011 | step 0220 | total = 5.8976 | box = 0.8200 | obj = 1.7521 | cls = 0.0457 | lr = 0.000634
epoch 011 | step 0240 | total = 5.4134 | box = 0.7397 | obj = 1.6680 | cls = 0.0470 | lr = 0.000634
epoch 011 | step 0260 | total = 5.4143 | box = 0.7366 | obj = 1.6877 | cls = 0.0437 | lr = 0.000634
epoch 011 | step 0280 | total = 4.8117 | box = 0.6062 | obj = 1.7363 | cls = 0.0442 | lr = 0.000634
epoch 011 | step 0300 | total = 5.1756 | box = 0.7004 | obj = 1.6209 | cls = 0.0528 | lr = 0.000634
epoch 011 | step 0320 | total = 5.2311 | box = 0.7033 | obj = 1.6665 | cls = 0.0482 | lr = 0.000634
epoch 011 | step 0340 | total = 5.2971 | box = 0.7039 | obj = 1.7352 | cls = 0.0422 | lr = 0.000634
epoch 011 | step 0360 | total = 5.0376 | box = 0.6647 | obj = 1.6711 | cls = 0.0430 | lr = 0.000634
epoch 011 | step 0380 | total = 4.9956 | box = 0.6792 | obj = 1.5547 | cls = 0.0450 | lr = 0.000634
epoch 011 | step 0400 | total = 4.9274 | box = 0.6702 | obj = 1.5353 | cls = 0.0409 | lr = 0.000634
epoch 011 | step 0420 | total = 5.3979 | box = 0.7476 | obj = 1.6171 | cls = 0.0429 | lr = 0.000634
epoch 011 | step 0440 | total = 5.4674 | box = 0.7240 | obj = 1.7934 | cls = 0.0539 | lr = 0.000634
epoch 011 | step 0460 | total = 5.2746 | box = 0.7246 | obj = 1.6050 | cls = 0.0464 | lr = 0.000634
epoch 011 | step 0480 | total = 4.9741 | box = 0.6710 | obj = 1.5721 | cls = 0.0471 | lr = 0.000634
epoch 011 | step 0500 | total = 5.5772 | box = 0.8065 | obj = 1.5050 | cls = 0.0397 | lr = 0.000634
epoch 011 | step 0520 | total = 5.4351 | box = 0.7124 | obj = 1.8093 | cls = 0.0637 | lr = 0.000634
epoch 011 | step 0540 | total = 5.1826 | box = 0.6872 | obj = 1.6902 | cls = 0.0563 | lr = 0.000634
epoch 011 | step 0560 | total = 4.8720 | box = 0.6610 | obj = 1.5306 | cls = 0.0366 | lr = 0.000634
epoch 011 | step 0580 | total = 5.4685 | box = 0.7485 | obj = 1.6847 | cls = 0.0411 | lr = 0.000634
epoch 011 | step 0600 | total = 4.4110 | box = 0.5373 | obj = 1.6743 | cls = 0.0502 | lr = 0.000634
epoch 011 | step 0620 | total = 5.5396 | box = 0.7755 | obj = 1.6186 | cls = 0.0434 | lr = 0.000634
epoch 011 | step 0640 | total = 5.4145 | box = 0.7434 | obj = 1.6580 | cls = 0.0395 | lr = 0.000634
epoch 011 | step 0660 | total = 4.9804 | box = 0.6611 | obj = 1.6283 | cls = 0.0466 | lr = 0.000634
epoch 011 | step 0680 | total = 5.6543 | box = 0.8132 | obj = 1.5530 | cls = 0.0352 | lr = 0.000634
epoch 011 | step 0700 | total = 5.6314 | box = 0.7979 | obj = 1.6070 | cls = 0.0350 | lr = 0.000634
epoch 011 | step 0720 | total = 5.2082 | box = 0.7214 | obj = 1.5456 | cls = 0.0559 | lr = 0.000634
epoch 011 | step 0740 | total = 5.6694 | box = 0.7684 | obj = 1.7855 | cls = 0.0417 | lr = 0.000634
epoch 011 | step 0760 | total = 5.3343 | box = 0.7197 | obj = 1.6916 | cls = 0.0443 | lr = 0.000634
epoch 011 | step 0780 | total = 4.6011 | box = 0.6256 | obj = 1.4303 | cls = 0.0428 | lr = 0.000634
epoch 011 | step 0800 | total = 5.4673 | box = 0.6684 | obj = 2.0610 | cls = 0.0641 | lr = 0.000634
epoch 011 | step 0820 | total = 5.4304 | box = 0.7604 | obj = 1.5839 | cls = 0.0443 | lr = 0.000634
epoch 011 | step 0840 | total = 4.7813 | box = 0.6216 | obj = 1.6225 | cls = 0.0508 | lr = 0.000634
epoch 011 | step 0860 | total = 4.7956 | box = 0.6441 | obj = 1.5258 | cls = 0.0492 | lr = 0.000634
epoch 011 | step 0880 | total = 5.0766 | box = 0.6953 | obj = 1.5554 | cls = 0.0449 | lr = 0.000634
epoch 011 | step 0900 | total = 5.1926 | box = 0.7102 | obj = 1.6044 | cls = 0.0372 | lr = 0.000634
epoch 011 | step 0920 | total = 5.4358 | box = 0.7187 | obj = 1.7963 | cls = 0.0458 | lr = 0.000634
[epoch 011 train] total = 5.1087 | box = 0.6884 | obj = 1.6206 | cls = 0.0460 | steps = 925 | global_batches = 7400 | samples = 118288 | time = 805.4s
[epoch 011 val] total = 5.1912 | box = 0.7044 | obj = 1.6235 | cls = 0.0459 | steps = 40 | global_batches = 320 | samples = 5000 | time = 22.2s
epoch 012 | step 0001 | total = 5.1793 | box = 0.7009 | obj = 1.6334 | cls = 0.0412 | lr = 0.000621
epoch 012 | step 0020 | total = 4.4741 | box = 0.5933 | obj = 1.4658 | cls = 0.0419 | lr = 0.000621
epoch 012 | step 0040 | total = 5.3986 | box = 0.7655 | obj = 1.5289 | cls = 0.0422 | lr = 0.000621
epoch 012 | step 0060 | total = 3.8138 | box = 0.4598 | obj = 1.4528 | cls = 0.0621 | lr = 0.000621
epoch 012 | step 0080 | total = 5.8206 | box = 0.8134 | obj = 1.7110 | cls = 0.0425 | lr = 0.000621
epoch 012 | step 0100 | total = 4.7738 | box = 0.6413 | obj = 1.5281 | cls = 0.0392 | lr = 0.000621
epoch 012 | step 0120 | total = 5.4441 | box = 0.7703 | obj = 1.5548 | cls = 0.0380 | lr = 0.000621
epoch 012 | step 0140 | total = 4.6515 | box = 0.6200 | obj = 1.5005 | cls = 0.0510 | lr = 0.000621
epoch 012 | step 0160 | total = 5.1732 | box = 0.6830 | obj = 1.7166 | cls = 0.0416 | lr = 0.000621
epoch 012 | step 0180 | total = 4.8388 | box = 0.6109 | obj = 1.7393 | cls = 0.0452 | lr = 0.000621
epoch 012 | step 0200 | total = 4.1880 | box = 0.5366 | obj = 1.4583 | cls = 0.0467 | lr = 0.000621
epoch 012 | step 0220 | total = 5.1452 | box = 0.6922 | obj = 1.6390 | cls = 0.0451 | lr = 0.000621
epoch 012 | step 0240 | total = 5.3826 | box = 0.7390 | obj = 1.6458 | cls = 0.0420 | lr = 0.000621
epoch 012 | step 0260 | total = 5.2221 | box = 0.7085 | obj = 1.6347 | cls = 0.0448 | lr = 0.000621
epoch 012 | step 0280 | total = 4.2501 | box = 0.5274 | obj = 1.5713 | cls = 0.0418 | lr = 0.000621
epoch 012 | step 0300 | total = 5.3221 | box = 0.7264 | obj = 1.6511 | cls = 0.0390 | lr = 0.000621
epoch 012 | step 0320 | total = 5.2457 | box = 0.7072 | obj = 1.6664 | cls = 0.0435 | lr = 0.000621
epoch 012 | step 0340 | total = 5.4051 | box = 0.7573 | obj = 1.5745 | cls = 0.0441 | lr = 0.000621
epoch 012 | step 0360 | total = 6.2051 | box = 0.8882 | obj = 1.7176 | cls = 0.0464 | lr = 0.000621
epoch 012 | step 0380 | total = 4.8922 | box = 0.6771 | obj = 1.4622 | cls = 0.0444 | lr = 0.000621
epoch 012 | step 0400 | total = 4.8737 | box = 0.6575 | obj = 1.5293 | cls = 0.0568 | lr = 0.000621
epoch 012 | step 0420 | total = 5.3523 | box = 0.6982 | obj = 1.8144 | cls = 0.0470 | lr = 0.000621
epoch 012 | step 0440 | total = 4.4674 | box = 0.5887 | obj = 1.4791 | cls = 0.0446 | lr = 0.000621
epoch 012 | step 0460 | total = 5.8442 | box = 0.8448 | obj = 1.5861 | cls = 0.0341 | lr = 0.000621
epoch 012 | step 0480 | total = 4.6345 | box = 0.6161 | obj = 1.5108 | cls = 0.0429 | lr = 0.000621
epoch 012 | step 0500 | total = 6.0270 | box = 0.8690 | obj = 1.6421 | cls = 0.0400 | lr = 0.000621
epoch 012 | step 0520 | total = 5.2255 | box = 0.7230 | obj = 1.5721 | cls = 0.0386 | lr = 0.000621
epoch 012 | step 0540 | total = 3.9270 | box = 0.4688 | obj = 1.5369 | cls = 0.0460 | lr = 0.000621
epoch 012 | step 0560 | total = 5.6309 | box = 0.7917 | obj = 1.6269 | cls = 0.0454 | lr = 0.000621
epoch 012 | step 0580 | total = 5.7688 | box = 0.7677 | obj = 1.8816 | cls = 0.0488 | lr = 0.000621
epoch 012 | step 0600 | total = 4.9557 | box = 0.6614 | obj = 1.5900 | cls = 0.0585 | lr = 0.000621
epoch 012 | step 0620 | total = 4.8355 | box = 0.6188 | obj = 1.6802 | cls = 0.0612 | lr = 0.000621
epoch 012 | step 0640 | total = 5.3047 | box = 0.7483 | obj = 1.5291 | cls = 0.0340 | lr = 0.000621
epoch 012 | step 0660 | total = 5.2321 | box = 0.7160 | obj = 1.6051 | cls = 0.0470 | lr = 0.000621
epoch 012 | step 0680 | total = 5.1177 | box = 0.6488 | obj = 1.8296 | cls = 0.0443 | lr = 0.000621
epoch 012 | step 0700 | total = 4.7094 | box = 0.6131 | obj = 1.5926 | cls = 0.0515 | lr = 0.000621
epoch 012 | step 0720 | total = 5.6641 | box = 0.7648 | obj = 1.7909 | cls = 0.0493 | lr = 0.000621
epoch 012 | step 0740 | total = 5.1101 | box = 0.6923 | obj = 1.6058 | cls = 0.0425 | lr = 0.000621
epoch 012 | step 0760 | total = 4.7326 | box = 0.6176 | obj = 1.6007 | cls = 0.0438 | lr = 0.000621
epoch 012 | step 0780 | total = 5.3983 | box = 0.7332 | obj = 1.6931 | cls = 0.0394 | lr = 0.000621
epoch 012 | step 0800 | total = 4.7533 | box = 0.6381 | obj = 1.5233 | cls = 0.0396 | lr = 0.000621
epoch 012 | step 0820 | total = 5.2912 | box = 0.7083 | obj = 1.7058 | cls = 0.0436 | lr = 0.000621
epoch 012 | step 0840 | total = 4.2718 | box = 0.5348 | obj = 1.5442 | cls = 0.0538 | lr = 0.000621
epoch 012 | step 0860 | total = 4.7990 | box = 0.6329 | obj = 1.5873 | cls = 0.0474 | lr = 0.000621
epoch 012 | step 0880 | total = 5.6152 | box = 0.7500 | obj = 1.8198 | cls = 0.0456 | lr = 0.000621
epoch 012 | step 0900 | total = 5.3735 | box = 0.7409 | obj = 1.6187 | cls = 0.0505 | lr = 0.000621
epoch 012 | step 0920 | total = 4.9071 | box = 0.6605 | obj = 1.5571 | cls = 0.0476 | lr = 0.000621
[epoch 012 train] total = 5.0517 | box = 0.6793 | obj = 1.6097 | cls = 0.0454 | steps = 925 | global_batches = 7400 | samples = 118288 | time = 803.1s
[epoch 012 val] total = 5.1063 | box = 0.6894 | obj = 1.6146 | cls = 0.0448 | steps = 40 | global_batches = 320 | samples = 5000 | time = 22.0s
epoch 013 | step 0001 | total = 5.8036 | box = 0.8329 | obj = 1.6030 | cls = 0.0360 | lr = 0.000606
epoch 013 | step 0020 | total = 5.8914 | box = 0.8031 | obj = 1.8272 | cls = 0.0488 | lr = 0.000606
epoch 013 | step 0040 | total = 4.6984 | box = 0.6123 | obj = 1.5967 | cls = 0.0400 | lr = 0.000606
epoch 013 | step 0060 | total = 4.5907 | box = 0.5983 | obj = 1.5609 | cls = 0.0384 | lr = 0.000606
epoch 013 | step 0080 | total = 4.7720 | box = 0.6399 | obj = 1.5371 | cls = 0.0354 | lr = 0.000606
epoch 013 | step 0100 | total = 4.5002 | box = 0.6021 | obj = 1.4526 | cls = 0.0369 | lr = 0.000606
epoch 013 | step 0120 | total = 5.5268 | box = 0.7808 | obj = 1.5818 | cls = 0.0410 | lr = 0.000606
epoch 013 | step 0140 | total = 4.2006 | box = 0.5059 | obj = 1.6241 | cls = 0.0471 | lr = 0.000606
epoch 013 | step 0160 | total = 4.7995 | box = 0.6336 | obj = 1.5935 | cls = 0.0380 | lr = 0.000606
epoch 013 | step 0180 | total = 5.2645 | box = 0.7197 | obj = 1.6193 | cls = 0.0469 | lr = 0.000606
epoch 013 | step 0200 | total = 4.7881 | box = 0.6251 | obj = 1.6074 | cls = 0.0551 | lr = 0.000606
epoch 013 | step 0220 | total = 5.9718 | box = 0.8376 | obj = 1.7451 | cls = 0.0390 | lr = 0.000606
epoch 013 | step 0240 | total = 5.4029 | box = 0.7468 | obj = 1.6208 | cls = 0.0483 | lr = 0.000606
epoch 013 | step 0260 | total = 5.6540 | box = 0.8046 | obj = 1.5928 | cls = 0.0382 | lr = 0.000606
epoch 013 | step 0280 | total = 5.1365 | box = 0.6909 | obj = 1.6410 | cls = 0.0410 | lr = 0.000606
epoch 013 | step 0300 | total = 5.4531 | box = 0.7776 | obj = 1.5177 | cls = 0.0474 | lr = 0.000606
epoch 013 | step 0320 | total = 4.6043 | box = 0.5540 | obj = 1.7867 | cls = 0.0476 | lr = 0.000606
epoch 013 | step 0340 | total = 4.9999 | box = 0.6500 | obj = 1.7049 | cls = 0.0452 | lr = 0.000606
epoch 013 | step 0360 | total = 4.6402 | box = 0.6150 | obj = 1.5239 | cls = 0.0411 | lr = 0.000606
epoch 013 | step 0380 | total = 5.0755 | box = 0.6515 | obj = 1.7703 | cls = 0.0480 | lr = 0.000606
epoch 013 | step 0400 | total = 5.1312 | box = 0.7030 | obj = 1.5690 | cls = 0.0470 | lr = 0.000606
epoch 013 | step 0420 | total = 4.6227 | box = 0.6049 | obj = 1.5519 | cls = 0.0462 | lr = 0.000606
epoch 013 | step 0440 | total = 5.2227 | box = 0.7025 | obj = 1.6694 | cls = 0.0405 | lr = 0.000606
epoch 013 | step 0460 | total = 4.3841 | box = 0.5695 | obj = 1.4865 | cls = 0.0501 | lr = 0.000606
epoch 013 | step 0480 | total = 5.0354 | box = 0.6860 | obj = 1.5577 | cls = 0.0475 | lr = 0.000606
epoch 013 | step 0500 | total = 5.0575 | box = 0.6855 | obj = 1.5918 | cls = 0.0381 | lr = 0.000606
epoch 013 | step 0520 | total = 4.5844 | box = 0.6212 | obj = 1.4377 | cls = 0.0407 | lr = 0.000606
epoch 013 | step 0540 | total = 3.9424 | box = 0.4761 | obj = 1.5217 | cls = 0.0401 | lr = 0.000606
epoch 013 | step 0560 | total = 4.8598 | box = 0.6682 | obj = 1.4803 | cls = 0.0383 | lr = 0.000606
epoch 013 | step 0580 | total = 5.1552 | box = 0.7139 | obj = 1.5433 | cls = 0.0423 | lr = 0.000606
epoch 013 | step 0600 | total = 4.2741 | box = 0.5573 | obj = 1.4508 | cls = 0.0369 | lr = 0.000606
epoch 013 | step 0620 | total = 5.0922 | box = 0.6929 | obj = 1.5817 | cls = 0.0458 | lr = 0.000606
epoch 013 | step 0640 | total = 4.7875 | box = 0.6286 | obj = 1.5995 | cls = 0.0449 | lr = 0.000606
epoch 013 | step 0660 | total = 4.5218 | box = 0.5734 | obj = 1.6134 | cls = 0.0415 | lr = 0.000606
epoch 013 | step 0680 | total = 4.9405 | box = 0.6683 | obj = 1.5620 | cls = 0.0372 | lr = 0.000606
epoch 013 | step 0700 | total = 4.4175 | box = 0.5627 | obj = 1.5610 | cls = 0.0429 | lr = 0.000606
epoch 013 | step 0720 | total = 5.1329 | box = 0.7028 | obj = 1.5748 | cls = 0.0440 | lr = 0.000606
epoch 013 | step 0740 | total = 4.8989 | box = 0.6358 | obj = 1.6754 | cls = 0.0443 | lr = 0.000606
epoch 013 | step 0760 | total = 5.3794 | box = 0.7175 | obj = 1.7467 | cls = 0.0454 | lr = 0.000606
epoch 013 | step 0780 | total = 5.3440 | box = 0.7293 | obj = 1.6476 | cls = 0.0498 | lr = 0.000606
epoch 013 | step 0800 | total = 5.5936 | box = 0.7825 | obj = 1.6353 | cls = 0.0456 | lr = 0.000606
epoch 013 | step 0820 | total = 4.6212 | box = 0.6123 | obj = 1.5243 | cls = 0.0356 | lr = 0.000606
epoch 013 | step 0840 | total = 4.7374 | box = 0.6116 | obj = 1.6300 | cls = 0.0494 | lr = 0.000606
epoch 013 | step 0860 | total = 4.7150 | box = 0.6191 | obj = 1.5604 | cls = 0.0593 | lr = 0.000606
epoch 013 | step 0880 | total = 5.5740 | box = 0.7461 | obj = 1.7930 | cls = 0.0504 | lr = 0.000606
epoch 013 | step 0900 | total = 4.8204 | box = 0.6351 | obj = 1.5929 | cls = 0.0519 | lr = 0.000606
epoch 013 | step 0920 | total = 5.0797 | box = 0.6756 | obj = 1.6619 | cls = 0.0397 | lr = 0.000606
[epoch 013 train] total = 4.9916 | box = 0.6703 | obj = 1.5950 | cls = 0.0449 | steps = 925 | global_batches = 7400 | samples = 118288 | time = 803.3s
[epoch 013 val] total = 5.0728 | box = 0.6800 | obj = 1.6276 | cls = 0.0450 | steps = 40 | global_batches = 320 | samples = 5000 | time = 22.2s
epoch 014 | step 0001 | total = 5.0070 | box = 0.6683 | obj = 1.6175 | cls = 0.0481 | lr = 0.000591
epoch 014 | step 0020 | total = 4.7520 | box = 0.6091 | obj = 1.6586 | cls = 0.0478 | lr = 0.000591
epoch 014 | step 0040 | total = 4.9265 | box = 0.6540 | obj = 1.6081 | cls = 0.0482 | lr = 0.000591
epoch 014 | step 0060 | total = 5.2340 | box = 0.7276 | obj = 1.5518 | cls = 0.0443 | lr = 0.000591
epoch 014 | step 0080 | total = 4.6217 | box = 0.6164 | obj = 1.5043 | cls = 0.0356 | lr = 0.000591
epoch 014 | step 0100 | total = 4.3707 | box = 0.5555 | obj = 1.5447 | cls = 0.0483 | lr = 0.000591
epoch 014 | step 0120 | total = 5.3813 | box = 0.7548 | obj = 1.5640 | cls = 0.0431 | lr = 0.000591
epoch 014 | step 0140 | total = 6.0403 | box = 0.8903 | obj = 1.5474 | cls = 0.0414 | lr = 0.000591
epoch 014 | step 0160 | total = 5.3577 | box = 0.7579 | obj = 1.5309 | cls = 0.0372 | lr = 0.000591
epoch 014 | step 0180 | total = 5.2108 | box = 0.7328 | obj = 1.5075 | cls = 0.0391 | lr = 0.000591
epoch 014 | step 0200 | total = 5.0473 | box = 0.6964 | obj = 1.5231 | cls = 0.0421 | lr = 0.000591
epoch 014 | step 0220 | total = 5.6134 | box = 0.8032 | obj = 1.5602 | cls = 0.0374 | lr = 0.000591
epoch 014 | step 0240 | total = 5.1611 | box = 0.7059 | obj = 1.5875 | cls = 0.0440 | lr = 0.000591
epoch 014 | step 0260 | total = 3.8867 | box = 0.4847 | obj = 1.4089 | cls = 0.0545 | lr = 0.000591
epoch 014 | step 0280 | total = 5.0794 | box = 0.6990 | obj = 1.5434 | cls = 0.0409 | lr = 0.000591
epoch 014 | step 0300 | total = 6.1683 | box = 0.8770 | obj = 1.7313 | cls = 0.0518 | lr = 0.000591
epoch 014 | step 0320 | total = 4.0809 | box = 0.4816 | obj = 1.6079 | cls = 0.0651 | lr = 0.000591
epoch 014 | step 0340 | total = 5.4541 | box = 0.6987 | obj = 1.9108 | cls = 0.0496 | lr = 0.000591
epoch 014 | step 0360 | total = 6.1420 | box = 0.9011 | obj = 1.5951 | cls = 0.0414 | lr = 0.000591
epoch 014 | step 0380 | total = 4.0363 | box = 0.5112 | obj = 1.4342 | cls = 0.0459 | lr = 0.000591
epoch 014 | step 0400 | total = 5.3551 | box = 0.7027 | obj = 1.7986 | cls = 0.0427 | lr = 0.000591
epoch 014 | step 0420 | total = 5.2741 | box = 0.7281 | obj = 1.5914 | cls = 0.0424 | lr = 0.000591
epoch 014 | step 0440 | total = 5.0778 | box = 0.7050 | obj = 1.5175 | cls = 0.0351 | lr = 0.000591
epoch 014 | step 0460 | total = 4.7453 | box = 0.6146 | obj = 1.6260 | cls = 0.0463 | lr = 0.000591
epoch 014 | step 0480 | total = 4.6190 | box = 0.6094 | obj = 1.5268 | cls = 0.0451 | lr = 0.000591
epoch 014 | step 0500 | total = 4.8866 | box = 0.6491 | obj = 1.5997 | cls = 0.0413 | lr = 0.000591
epoch 014 | step 0520 | total = 5.4495 | box = 0.7708 | obj = 1.5564 | cls = 0.0393 | lr = 0.000591
epoch 014 | step 0540 | total = 4.8509 | box = 0.6523 | obj = 1.5430 | cls = 0.0467 | lr = 0.000591
epoch 014 | step 0560 | total = 5.3625 | box = 0.7483 | obj = 1.5794 | cls = 0.0415 | lr = 0.000591
epoch 014 | step 0580 | total = 4.7606 | box = 0.6370 | obj = 1.5285 | cls = 0.0469 | lr = 0.000591
epoch 014 | step 0600 | total = 4.7977 | box = 0.6100 | obj = 1.7060 | cls = 0.0415 | lr = 0.000591
epoch 014 | step 0620 | total = 4.7104 | box = 0.6113 | obj = 1.6141 | cls = 0.0400 | lr = 0.000591
epoch 014 | step 0640 | total = 4.3988 | box = 0.5270 | obj = 1.6996 | cls = 0.0644 | lr = 0.000591
epoch 014 | step 0660 | total = 4.7600 | box = 0.6346 | obj = 1.5421 | cls = 0.0449 | lr = 0.000591
epoch 014 | step 0680 | total = 5.7756 | box = 0.8408 | obj = 1.5309 | cls = 0.0406 | lr = 0.000591
epoch 014 | step 0700 | total = 5.6311 | box = 0.7972 | obj = 1.6032 | cls = 0.0418 | lr = 0.000591
epoch 014 | step 0720 | total = 4.3391 | box = 0.5738 | obj = 1.4289 | cls = 0.0410 | lr = 0.000591
epoch 014 | step 0740 | total = 5.4206 | box = 0.7732 | obj = 1.5044 | cls = 0.0500 | lr = 0.000591
epoch 014 | step 0760 | total = 4.9667 | box = 0.6792 | obj = 1.5307 | cls = 0.0401 | lr = 0.000591
epoch 014 | step 0780 | total = 4.9059 | box = 0.6219 | obj = 1.7487 | cls = 0.0480 | lr = 0.000591
epoch 014 | step 0800 | total = 5.4145 | box = 0.7729 | obj = 1.5109 | cls = 0.0389 | lr = 0.000591
epoch 014 | step 0820 | total = 4.9602 | box = 0.6694 | obj = 1.5639 | cls = 0.0494 | lr = 0.000591
epoch 014 | step 0840 | total = 5.4526 | box = 0.7759 | obj = 1.5360 | cls = 0.0372 | lr = 0.000591
epoch 014 | step 0860 | total = 5.4137 | box = 0.7678 | obj = 1.5325 | cls = 0.0422 | lr = 0.000591
epoch 014 | step 0880 | total = 5.6849 | box = 0.8241 | obj = 1.5240 | cls = 0.0405 | lr = 0.000591
epoch 014 | step 0900 | total = 5.2261 | box = 0.6857 | obj = 1.7567 | cls = 0.0408 | lr = 0.000591
epoch 014 | step 0920 | total = 5.3140 | box = 0.7355 | obj = 1.5906 | cls = 0.0461 | lr = 0.000591
[epoch 014 train] total = 4.9427 | box = 0.6629 | obj = 1.5839 | cls = 0.0445 | steps = 925 | global_batches = 7400 | samples = 118288 | time = 803.0s
[epoch 014 val] total = 4.9975 | box = 0.6720 | obj = 1.5935 | cls = 0.0440 | steps = 40 | global_batches = 320 | samples = 5000 | time = 23.0s
epoch 015 | step 0001 | total = 4.7910 | box = 0.6112 | obj = 1.6907 | cls = 0.0443 | lr = 0.000575
epoch 015 | step 0020 | total = 5.0620 | box = 0.6615 | obj = 1.7095 | cls = 0.0452 | lr = 0.000575
epoch 015 | step 0040 | total = 5.5044 | box = 0.7478 | obj = 1.7191 | cls = 0.0463 | lr = 0.000575
epoch 015 | step 0060 | total = 4.7763 | box = 0.6220 | obj = 1.6245 | cls = 0.0419 | lr = 0.000575
epoch 015 | step 0080 | total = 4.4654 | box = 0.5785 | obj = 1.5374 | cls = 0.0353 | lr = 0.000575
epoch 015 | step 0100 | total = 5.5183 | box = 0.7684 | obj = 1.6202 | cls = 0.0560 | lr = 0.000575
epoch 015 | step 0120 | total = 5.0860 | box = 0.6912 | obj = 1.5792 | cls = 0.0506 | lr = 0.000575
epoch 015 | step 0140 | total = 4.7427 | box = 0.6300 | obj = 1.5575 | cls = 0.0350 | lr = 0.000575
epoch 015 | step 0160 | total = 4.8023 | box = 0.6616 | obj = 1.4563 | cls = 0.0379 | lr = 0.000575
epoch 015 | step 0180 | total = 4.9996 | box = 0.6571 | obj = 1.6589 | cls = 0.0550 | lr = 0.000575
epoch 015 | step 0200 | total = 5.4870 | box = 0.7559 | obj = 1.6648 | cls = 0.0427 | lr = 0.000575
epoch 015 | step 0220 | total = 5.3146 | box = 0.7244 | obj = 1.6436 | cls = 0.0488 | lr = 0.000575
epoch 015 | step 0240 | total = 4.7277 | box = 0.6295 | obj = 1.5386 | cls = 0.0417 | lr = 0.000575
epoch 015 | step 0260 | total = 4.6162 | box = 0.6094 | obj = 1.5210 | cls = 0.0483 | lr = 0.000575
epoch 015 | step 0280 | total = 4.0516 | box = 0.4816 | obj = 1.5834 | cls = 0.0602 | lr = 0.000575
epoch 015 | step 0300 | total = 5.8605 | box = 0.8460 | obj = 1.5843 | cls = 0.0460 | lr = 0.000575
epoch 015 | step 0320 | total = 5.5189 | box = 0.7839 | obj = 1.5547 | cls = 0.0446 | lr = 0.000575
epoch 015 | step 0340 | total = 4.6935 | box = 0.6118 | obj = 1.5888 | cls = 0.0455 | lr = 0.000575
epoch 015 | step 0360 | total = 4.8178 | box = 0.6559 | obj = 1.4956 | cls = 0.0426 | lr = 0.000575
epoch 015 | step 0380 | total = 5.0537 | box = 0.6748 | obj = 1.6330 | cls = 0.0466 | lr = 0.000575
epoch 015 | step 0400 | total = 4.8908 | box = 0.6763 | obj = 1.4640 | cls = 0.0453 | lr = 0.000575
epoch 015 | step 0420 | total = 4.3345 | box = 0.5331 | obj = 1.6273 | cls = 0.0416 | lr = 0.000575
epoch 015 | step 0440 | total = 4.7350 | box = 0.5993 | obj = 1.6869 | cls = 0.0515 | lr = 0.000575
epoch 015 | step 0460 | total = 5.5919 | box = 0.7773 | obj = 1.6602 | cls = 0.0454 | lr = 0.000575
epoch 015 | step 0480 | total = 4.8824 | box = 0.6397 | obj = 1.6409 | cls = 0.0433 | lr = 0.000575
epoch 015 | step 0500 | total = 5.6025 | box = 0.7660 | obj = 1.7233 | cls = 0.0492 | lr = 0.000575
epoch 015 | step 0520 | total = 5.1990 | box = 0.7272 | obj = 1.5252 | cls = 0.0376 | lr = 0.000575
epoch 015 | step 0540 | total = 6.1387 | box = 0.8781 | obj = 1.6930 | cls = 0.0553 | lr = 0.000575
epoch 015 | step 0560 | total = 4.5174 | box = 0.5827 | obj = 1.5552 | cls = 0.0486 | lr = 0.000575
epoch 015 | step 0580 | total = 4.6647 | box = 0.6098 | obj = 1.5712 | cls = 0.0446 | lr = 0.000575
epoch 015 | step 0600 | total = 4.3553 | box = 0.5534 | obj = 1.5385 | cls = 0.0498 | lr = 0.000575
epoch 015 | step 0620 | total = 5.3375 | box = 0.7251 | obj = 1.6658 | cls = 0.0463 | lr = 0.000575
epoch 015 | step 0640 | total = 4.2985 | box = 0.5208 | obj = 1.6433 | cls = 0.0512 | lr = 0.000575
epoch 015 | step 0660 | total = 4.0928 | box = 0.5176 | obj = 1.4621 | cls = 0.0426 | lr = 0.000575
epoch 015 | step 0680 | total = 4.1289 | box = 0.5209 | obj = 1.4804 | cls = 0.0439 | lr = 0.000575
epoch 015 | step 0700 | total = 4.7322 | box = 0.5957 | obj = 1.7098 | cls = 0.0438 | lr = 0.000575
epoch 015 | step 0720 | total = 5.6440 | box = 0.7673 | obj = 1.7681 | cls = 0.0395 | lr = 0.000575
epoch 015 | step 0740 | total = 4.4066 | box = 0.5603 | obj = 1.5614 | cls = 0.0438 | lr = 0.000575
epoch 015 | step 0760 | total = 4.7271 | box = 0.6327 | obj = 1.5191 | cls = 0.0448 | lr = 0.000575
epoch 015 | step 0780 | total = 4.6268 | box = 0.5974 | obj = 1.5945 | cls = 0.0452 | lr = 0.000575
epoch 015 | step 0800 | total = 5.5359 | box = 0.7385 | obj = 1.7970 | cls = 0.0465 | lr = 0.000575
epoch 015 | step 0820 | total = 5.2923 | box = 0.7671 | obj = 1.4206 | cls = 0.0360 | lr = 0.000575
epoch 015 | step 0840 | total = 4.6727 | box = 0.5780 | obj = 1.7268 | cls = 0.0557 | lr = 0.000575
epoch 015 | step 0860 | total = 4.5824 | box = 0.6104 | obj = 1.4751 | cls = 0.0553 | lr = 0.000575
epoch 015 | step 0880 | total = 4.4786 | box = 0.5816 | obj = 1.5211 | cls = 0.0493 | lr = 0.000575
epoch 015 | step 0900 | total = 5.0155 | box = 0.6772 | obj = 1.5912 | cls = 0.0383 | lr = 0.000575
epoch 015 | step 0920 | total = 5.0525 | box = 0.6850 | obj = 1.5863 | cls = 0.0413 | lr = 0.000575
[epoch 015 train] total = 4.8978 | box = 0.6561 | obj = 1.5733 | cls = 0.0439 | steps = 925 | global_batches = 7400 | samples = 118288 | time = 803.1s
[epoch 015 val] total = 4.9282 | box = 0.6618 | obj = 1.5758 | cls = 0.0436 | steps = 40 | global_batches = 320 | samples = 5000 | time = 22.7s
epoch 016 | step 0001 | total = 5.2392 | box = 0.7395 | obj = 1.4997 | cls = 0.0421 | lr = 0.000558
epoch 016 | step 0020 | total = 5.2796 | box = 0.7294 | obj = 1.5967 | cls = 0.0360 | lr = 0.000558
epoch 016 | step 0040 | total = 5.3329 | box = 0.7402 | obj = 1.5893 | cls = 0.0427 | lr = 0.000558
epoch 016 | step 0060 | total = 4.8593 | box = 0.6650 | obj = 1.4914 | cls = 0.0432 | lr = 0.000558
epoch 016 | step 0080 | total = 5.2203 | box = 0.7667 | obj = 1.3447 | cls = 0.0421 | lr = 0.000558
epoch 016 | step 0100 | total = 4.7133 | box = 0.6245 | obj = 1.5502 | cls = 0.0405 | lr = 0.000558
epoch 016 | step 0120 | total = 4.8149 | box = 0.6399 | obj = 1.5695 | cls = 0.0459 | lr = 0.000558
epoch 016 | step 0140 | total = 5.4424 | box = 0.7703 | obj = 1.5504 | cls = 0.0403 | lr = 0.000558
epoch 016 | step 0160 | total = 5.4422 | box = 0.7814 | obj = 1.4975 | cls = 0.0379 | lr = 0.000558
epoch 016 | step 0180 | total = 4.2613 | box = 0.5427 | obj = 1.5009 | cls = 0.0469 | lr = 0.000558
epoch 016 | step 0200 | total = 5.0990 | box = 0.6880 | obj = 1.6081 | cls = 0.0509 | lr = 0.000558
epoch 016 | step 0220 | total = 4.8379 | box = 0.6507 | obj = 1.5418 | cls = 0.0426 | lr = 0.000558
epoch 016 | step 0240 | total = 5.7824 | box = 0.8244 | obj = 1.6296 | cls = 0.0308 | lr = 0.000558
epoch 016 | step 0260 | total = 4.0940 | box = 0.5306 | obj = 1.4061 | cls = 0.0350 | lr = 0.000558
epoch 016 | step 0280 | total = 4.8248 | box = 0.6570 | obj = 1.5031 | cls = 0.0365 | lr = 0.000558
epoch 016 | step 0300 | total = 4.8311 | box = 0.6400 | obj = 1.5913 | cls = 0.0396 | lr = 0.000558
epoch 016 | step 0320 | total = 4.8035 | box = 0.6582 | obj = 1.4703 | cls = 0.0420 | lr = 0.000558
epoch 016 | step 0340 | total = 4.7184 | box = 0.6105 | obj = 1.6230 | cls = 0.0427 | lr = 0.000558
epoch 016 | step 0360 | total = 5.4706 | box = 0.7798 | obj = 1.5326 | cls = 0.0388 | lr = 0.000558
epoch 016 | step 0380 | total = 4.3704 | box = 0.5629 | obj = 1.5085 | cls = 0.0473 | lr = 0.000558
epoch 016 | step 0400 | total = 4.3960 | box = 0.5624 | obj = 1.5380 | cls = 0.0460 | lr = 0.000558
epoch 016 | step 0420 | total = 5.2989 | box = 0.7259 | obj = 1.6254 | cls = 0.0440 | lr = 0.000558
epoch 016 | step 0440 | total = 5.1487 | box = 0.6908 | obj = 1.6520 | cls = 0.0426 | lr = 0.000558
epoch 016 | step 0460 | total = 5.1404 | box = 0.6981 | obj = 1.6082 | cls = 0.0419 | lr = 0.000558
epoch 016 | step 0480 | total = 5.4349 | box = 0.7449 | obj = 1.6687 | cls = 0.0416 | lr = 0.000558
epoch 016 | step 0500 | total = 4.8296 | box = 0.6254 | obj = 1.6573 | cls = 0.0454 | lr = 0.000558
epoch 016 | step 0520 | total = 4.0583 | box = 0.4984 | obj = 1.5148 | cls = 0.0516 | lr = 0.000558
epoch 016 | step 0540 | total = 5.1950 | box = 0.6994 | obj = 1.6600 | cls = 0.0380 | lr = 0.000558
epoch 016 | step 0560 | total = 5.9034 | box = 0.8696 | obj = 1.5219 | cls = 0.0333 | lr = 0.000558
epoch 016 | step 0580 | total = 4.4363 | box = 0.5778 | obj = 1.4968 | cls = 0.0505 | lr = 0.000558
epoch 016 | step 0600 | total = 4.6021 | box = 0.6048 | obj = 1.5347 | cls = 0.0435 | lr = 0.000558
epoch 016 | step 0620 | total = 4.8583 | box = 0.6592 | obj = 1.5272 | cls = 0.0351 | lr = 0.000558
epoch 016 | step 0640 | total = 5.1874 | box = 0.7283 | obj = 1.5055 | cls = 0.0402 | lr = 0.000558
epoch 016 | step 0660 | total = 4.6822 | box = 0.6303 | obj = 1.4947 | cls = 0.0361 | lr = 0.000558
epoch 016 | step 0680 | total = 4.6046 | box = 0.5653 | obj = 1.7255 | cls = 0.0529 | lr = 0.000558
epoch 016 | step 0700 | total = 4.8892 | box = 0.6350 | obj = 1.6697 | cls = 0.0445 | lr = 0.000558
epoch 016 | step 0720 | total = 4.9146 | box = 0.6536 | obj = 1.6064 | cls = 0.0401 | lr = 0.000558
epoch 016 | step 0740 | total = 4.6189 | box = 0.6023 | obj = 1.5686 | cls = 0.0391 | lr = 0.000558
epoch 016 | step 0760 | total = 5.1389 | box = 0.7003 | obj = 1.5963 | cls = 0.0411 | lr = 0.000558
epoch 016 | step 0780 | total = 5.4369 | box = 0.7699 | obj = 1.5432 | cls = 0.0440 | lr = 0.000558
epoch 016 | step 0800 | total = 4.6820 | box = 0.5975 | obj = 1.6476 | cls = 0.0467 | lr = 0.000558
epoch 016 | step 0820 | total = 4.3522 | box = 0.5689 | obj = 1.4660 | cls = 0.0416 | lr = 0.000558
epoch 016 | step 0840 | total = 4.2877 | box = 0.5502 | obj = 1.4902 | cls = 0.0467 | lr = 0.000558
epoch 016 | step 0860 | total = 4.2791 | box = 0.5415 | obj = 1.5280 | cls = 0.0439 | lr = 0.000558
epoch 016 | step 0880 | total = 4.9202 | box = 0.6708 | obj = 1.5176 | cls = 0.0487 | lr = 0.000558
epoch 016 | step 0900 | total = 5.0197 | box = 0.6757 | obj = 1.5988 | cls = 0.0425 | lr = 0.000558
epoch 016 | step 0920 | total = 5.5540 | box = 0.7781 | obj = 1.6173 | cls = 0.0462 | lr = 0.000558
[epoch 016 train] total = 4.8502 | box = 0.6489 | obj = 1.5622 | cls = 0.0435 | steps = 925 | global_batches = 7400 | samples = 118288 | time = 803.4s
[epoch 016 val] total = 4.9897 | box = 0.6682 | obj = 1.6037 | cls = 0.0448 | steps = 40 | global_batches = 320 | samples = 5000 | time = 21.8s
epoch 017 | step 0001 | total = 4.5332 | box = 0.5643 | obj = 1.6595 | cls = 0.0524 | lr = 0.000540
epoch 017 | step 0020 | total = 4.5407 | box = 0.5910 | obj = 1.5379 | cls = 0.0480 | lr = 0.000540
epoch 017 | step 0040 | total = 3.8295 | box = 0.4807 | obj = 1.3822 | cls = 0.0437 | lr = 0.000540
epoch 017 | step 0060 | total = 5.1719 | box = 0.7178 | obj = 1.5428 | cls = 0.0402 | lr = 0.000540
epoch 017 | step 0080 | total = 4.8100 | box = 0.6247 | obj = 1.6403 | cls = 0.0461 | lr = 0.000540
epoch 017 | step 0100 | total = 5.2747 | box = 0.7288 | obj = 1.5851 | cls = 0.0455 | lr = 0.000540
epoch 017 | step 0120 | total = 3.9324 | box = 0.5040 | obj = 1.3668 | cls = 0.0457 | lr = 0.000540
epoch 017 | step 0140 | total = 5.3334 | box = 0.7423 | obj = 1.5771 | cls = 0.0447 | lr = 0.000540
epoch 017 | step 0160 | total = 5.6862 | box = 0.7926 | obj = 1.6878 | cls = 0.0353 | lr = 0.000540
epoch 017 | step 0180 | total = 5.0186 | box = 0.6809 | obj = 1.5733 | cls = 0.0407 | lr = 0.000540
epoch 017 | step 0200 | total = 5.0552 | box = 0.7160 | obj = 1.4359 | cls = 0.0391 | lr = 0.000540
epoch 017 | step 0220 | total = 5.1077 | box = 0.6999 | obj = 1.5661 | cls = 0.0423 | lr = 0.000540
epoch 017 | step 0240 | total = 5.2004 | box = 0.7193 | obj = 1.5583 | cls = 0.0456 | lr = 0.000540
epoch 017 | step 0260 | total = 5.2690 | box = 0.7395 | obj = 1.5377 | cls = 0.0340 | lr = 0.000540
epoch 017 | step 0280 | total = 4.7766 | box = 0.6421 | obj = 1.5257 | cls = 0.0403 | lr = 0.000540
epoch 017 | step 0300 | total = 4.6323 | box = 0.6155 | obj = 1.5176 | cls = 0.0372 | lr = 0.000540
epoch 017 | step 0320 | total = 4.5387 | box = 0.5687 | obj = 1.6541 | cls = 0.0413 | lr = 0.000540
epoch 017 | step 0340 | total = 4.3755 | box = 0.5611 | obj = 1.5289 | cls = 0.0412 | lr = 0.000540
epoch 017 | step 0360 | total = 4.6072 | box = 0.6286 | obj = 1.4289 | cls = 0.0355 | lr = 0.000540
epoch 017 | step 0380 | total = 4.5298 | box = 0.5978 | obj = 1.4873 | cls = 0.0533 | lr = 0.000540
epoch 017 | step 0400 | total = 4.8488 | box = 0.6282 | obj = 1.6540 | cls = 0.0539 | lr = 0.000540
epoch 017 | step 0420 | total = 3.4324 | box = 0.3848 | obj = 1.4615 | cls = 0.0467 | lr = 0.000540
epoch 017 | step 0440 | total = 4.2013 | box = 0.4566 | obj = 1.8599 | cls = 0.0583 | lr = 0.000540
epoch 017 | step 0460 | total = 5.5548 | box = 0.8162 | obj = 1.4415 | cls = 0.0322 | lr = 0.000540
epoch 017 | step 0480 | total = 4.6197 | box = 0.5926 | obj = 1.6127 | cls = 0.0441 | lr = 0.000540
epoch 017 | step 0500 | total = 4.5539 | box = 0.5940 | obj = 1.5372 | cls = 0.0467 | lr = 0.000540
epoch 017 | step 0520 | total = 4.9411 | box = 0.6619 | obj = 1.5877 | cls = 0.0439 | lr = 0.000540
epoch 017 | step 0540 | total = 4.5341 | box = 0.5785 | obj = 1.5887 | cls = 0.0529 | lr = 0.000540
epoch 017 | step 0560 | total = 4.6881 | box = 0.6204 | obj = 1.5413 | cls = 0.0446 | lr = 0.000540
epoch 017 | step 0580 | total = 4.9629 | box = 0.6954 | obj = 1.4428 | cls = 0.0432 | lr = 0.000540
epoch 017 | step 0600 | total = 4.9152 | box = 0.6807 | obj = 1.4722 | cls = 0.0394 | lr = 0.000540
epoch 017 | step 0620 | total = 4.8477 | box = 0.6617 | obj = 1.4976 | cls = 0.0417 | lr = 0.000540
epoch 017 | step 0640 | total = 5.3323 | box = 0.7386 | obj = 1.6041 | cls = 0.0354 | lr = 0.000540
epoch 017 | step 0660 | total = 4.8363 | box = 0.6343 | obj = 1.6223 | cls = 0.0424 | lr = 0.000540
epoch 017 | step 0680 | total = 4.3192 | box = 0.5279 | obj = 1.6245 | cls = 0.0551 | lr = 0.000540
epoch 017 | step 0700 | total = 4.8659 | box = 0.6654 | obj = 1.4900 | cls = 0.0490 | lr = 0.000540
epoch 017 | step 0720 | total = 4.9060 | box = 0.6853 | obj = 1.4402 | cls = 0.0390 | lr = 0.000540
epoch 017 | step 0740 | total = 4.8484 | box = 0.6605 | obj = 1.5096 | cls = 0.0360 | lr = 0.000540
epoch 017 | step 0760 | total = 4.9928 | box = 0.6374 | obj = 1.7592 | cls = 0.0467 | lr = 0.000540
epoch 017 | step 0780 | total = 3.9794 | box = 0.5135 | obj = 1.3615 | cls = 0.0506 | lr = 0.000540
epoch 017 | step 0800 | total = 4.7139 | box = 0.6305 | obj = 1.5195 | cls = 0.0417 | lr = 0.000540
epoch 017 | step 0820 | total = 4.3336 | box = 0.5620 | obj = 1.4883 | cls = 0.0354 | lr = 0.000540
epoch 017 | step 0840 | total = 4.3045 | box = 0.5589 | obj = 1.4720 | cls = 0.0383 | lr = 0.000540
epoch 017 | step 0860 | total = 4.9760 | box = 0.6796 | obj = 1.5378 | cls = 0.0401 | lr = 0.000540
epoch 017 | step 0880 | total = 4.8072 | box = 0.6155 | obj = 1.6858 | cls = 0.0438 | lr = 0.000540
epoch 017 | step 0900 | total = 4.0981 | box = 0.5224 | obj = 1.4489 | cls = 0.0370 | lr = 0.000540
epoch 017 | step 0920 | total = 4.7179 | box = 0.5894 | obj = 1.7297 | cls = 0.0410 | lr = 0.000540
[epoch 017 train] total = 4.8076 | box = 0.6425 | obj = 1.5521 | cls = 0.0432 | steps = 925 | global_batches = 7400 | samples = 118288 | time = 802.6s
[epoch 017 val] total = 4.9148 | box = 0.6584 | obj = 1.5791 | cls = 0.0439 | steps = 40 | global_batches = 320 | samples = 5000 | time = 23.3s
epoch 018 | step 0001 | total = 4.3754 | box = 0.5613 | obj = 1.5273 | cls = 0.0418 | lr = 0.000521
epoch 018 | step 0020 | total = 4.0888 | box = 0.4969 | obj = 1.5457 | cls = 0.0586 | lr = 0.000521
epoch 018 | step 0040 | total = 5.6317 | box = 0.8218 | obj = 1.4828 | cls = 0.0398 | lr = 0.000521
epoch 018 | step 0060 | total = 4.6476 | box = 0.5743 | obj = 1.7277 | cls = 0.0482 | lr = 0.000521
epoch 018 | step 0080 | total = 4.1188 | box = 0.5200 | obj = 1.4808 | cls = 0.0381 | lr = 0.000521
epoch 018 | step 0100 | total = 5.2830 | box = 0.7285 | obj = 1.5996 | cls = 0.0408 | lr = 0.000521
epoch 018 | step 0120 | total = 4.1666 | box = 0.5502 | obj = 1.3698 | cls = 0.0460 | lr = 0.000521
epoch 018 | step 0140 | total = 5.4543 | box = 0.7551 | obj = 1.6410 | cls = 0.0375 | lr = 0.000521
epoch 018 | step 0160 | total = 4.8304 | box = 0.6222 | obj = 1.6656 | cls = 0.0537 | lr = 0.000521
epoch 018 | step 0180 | total = 4.7958 | box = 0.6485 | obj = 1.5075 | cls = 0.0460 | lr = 0.000521
epoch 018 | step 0200 | total = 4.2174 | box = 0.5337 | obj = 1.4988 | cls = 0.0500 | lr = 0.000521
epoch 018 | step 0220 | total = 4.7783 | box = 0.6627 | obj = 1.4256 | cls = 0.0391 | lr = 0.000521
epoch 018 | step 0240 | total = 4.5057 | box = 0.5755 | obj = 1.5846 | cls = 0.0435 | lr = 0.000521
epoch 018 | step 0260 | total = 5.1512 | box = 0.7052 | obj = 1.5841 | cls = 0.0410 | lr = 0.000521
epoch 018 | step 0280 | total = 5.2387 | box = 0.7284 | obj = 1.5571 | cls = 0.0398 | lr = 0.000521
epoch 018 | step 0300 | total = 5.0308 | box = 0.6412 | obj = 1.7818 | cls = 0.0429 | lr = 0.000521
epoch 018 | step 0320 | total = 4.9024 | box = 0.6643 | obj = 1.5444 | cls = 0.0367 | lr = 0.000521
epoch 018 | step 0340 | total = 4.1727 | box = 0.5246 | obj = 1.5000 | cls = 0.0495 | lr = 0.000521
epoch 018 | step 0360 | total = 4.7160 | box = 0.6190 | obj = 1.5826 | cls = 0.0383 | lr = 0.000521
epoch 018 | step 0380 | total = 5.0491 | box = 0.6847 | obj = 1.5760 | cls = 0.0496 | lr = 0.000521
epoch 018 | step 0400 | total = 4.7796 | box = 0.6585 | obj = 1.4499 | cls = 0.0372 | lr = 0.000521
epoch 018 | step 0420 | total = 4.7963 | box = 0.6391 | obj = 1.5664 | cls = 0.0344 | lr = 0.000521
epoch 018 | step 0440 | total = 4.9885 | box = 0.6749 | obj = 1.5685 | cls = 0.0457 | lr = 0.000521
epoch 018 | step 0460 | total = 4.7871 | box = 0.6296 | obj = 1.5893 | cls = 0.0497 | lr = 0.000521
epoch 018 | step 0480 | total = 5.0675 | box = 0.7156 | obj = 1.4517 | cls = 0.0378 | lr = 0.000521
epoch 018 | step 0500 | total = 4.8455 | box = 0.6688 | obj = 1.4669 | cls = 0.0346 | lr = 0.000521
epoch 018 | step 0520 | total = 4.9862 | box = 0.6951 | obj = 1.4707 | cls = 0.0402 | lr = 0.000521
epoch 018 | step 0540 | total = 4.8119 | box = 0.6642 | obj = 1.4547 | cls = 0.0361 | lr = 0.000521
epoch 018 | step 0560 | total = 4.5982 | box = 0.6058 | obj = 1.5208 | cls = 0.0483 | lr = 0.000521
epoch 018 | step 0580 | total = 4.4198 | box = 0.5677 | obj = 1.5316 | cls = 0.0499 | lr = 0.000521
epoch 018 | step 0600 | total = 4.0445 | box = 0.4723 | obj = 1.6388 | cls = 0.0445 | lr = 0.000521
epoch 018 | step 0620 | total = 4.9942 | box = 0.6745 | obj = 1.5772 | cls = 0.0443 | lr = 0.000521
epoch 018 | step 0640 | total = 5.0982 | box = 0.7090 | obj = 1.5110 | cls = 0.0423 | lr = 0.000521
epoch 018 | step 0660 | total = 5.3406 | box = 0.7718 | obj = 1.4441 | cls = 0.0374 | lr = 0.000521
epoch 018 | step 0680 | total = 4.6018 | box = 0.6135 | obj = 1.4916 | cls = 0.0426 | lr = 0.000521
epoch 018 | step 0700 | total = 4.4828 | box = 0.5840 | obj = 1.5173 | cls = 0.0456 | lr = 0.000521
epoch 018 | step 0720 | total = 4.6924 | box = 0.6350 | obj = 1.4837 | cls = 0.0336 | lr = 0.000521
epoch 018 | step 0740 | total = 5.9448 | box = 0.8488 | obj = 1.6552 | cls = 0.0454 | lr = 0.000521
epoch 018 | step 0760 | total = 4.7891 | box = 0.6153 | obj = 1.6636 | cls = 0.0489 | lr = 0.000521
epoch 018 | step 0780 | total = 5.0698 | box = 0.6480 | obj = 1.7924 | cls = 0.0376 | lr = 0.000521
epoch 018 | step 0800 | total = 3.9432 | box = 0.4712 | obj = 1.5365 | cls = 0.0507 | lr = 0.000521
epoch 018 | step 0820 | total = 4.7225 | box = 0.6068 | obj = 1.6433 | cls = 0.0450 | lr = 0.000521
epoch 018 | step 0840 | total = 4.2986 | box = 0.5499 | obj = 1.5068 | cls = 0.0423 | lr = 0.000521
epoch 018 | step 0860 | total = 4.2857 | box = 0.5203 | obj = 1.6379 | cls = 0.0463 | lr = 0.000521
epoch 018 | step 0880 | total = 5.3969 | box = 0.7793 | obj = 1.4665 | cls = 0.0341 | lr = 0.000521
epoch 018 | step 0900 | total = 4.5401 | box = 0.5846 | obj = 1.5657 | cls = 0.0512 | lr = 0.000521
epoch 018 | step 0920 | total = 5.1548 | box = 0.7273 | obj = 1.4831 | cls = 0.0352 | lr = 0.000521
[epoch 018 train] total = 4.7653 | box = 0.6359 | obj = 1.5430 | cls = 0.0428 | steps = 925 | global_batches = 7400 | samples = 118288 | time = 802.7s
[epoch 018 val] total = 4.8409 | box = 0.6463 | obj = 1.5663 | cls = 0.0429 | steps = 40 | global_batches = 320 | samples = 5000 | time = 23.4s
epoch 019 | step 0001 | total = 4.5293 | box = 0.6127 | obj = 1.4288 | cls = 0.0368 | lr = 0.000502
epoch 019 | step 0020 | total = 4.3851 | box = 0.5898 | obj = 1.3911 | cls = 0.0452 | lr = 0.000502
epoch 019 | step 0040 | total = 4.2000 | box = 0.5478 | obj = 1.4156 | cls = 0.0453 | lr = 0.000502
epoch 019 | step 0060 | total = 4.7065 | box = 0.6403 | obj = 1.4655 | cls = 0.0396 | lr = 0.000502
epoch 019 | step 0080 | total = 5.0439 | box = 0.6832 | obj = 1.5888 | cls = 0.0392 | lr = 0.000502
epoch 019 | step 0100 | total = 3.9480 | box = 0.4937 | obj = 1.4359 | cls = 0.0438 | lr = 0.000502
epoch 019 | step 0120 | total = 4.7349 | box = 0.6199 | obj = 1.5854 | cls = 0.0501 | lr = 0.000502
epoch 019 | step 0140 | total = 4.8815 | box = 0.6633 | obj = 1.5256 | cls = 0.0396 | lr = 0.000502
epoch 019 | step 0160 | total = 4.6871 | box = 0.6449 | obj = 1.4312 | cls = 0.0312 | lr = 0.000502
epoch 019 | step 0180 | total = 4.7554 | box = 0.6390 | obj = 1.5182 | cls = 0.0423 | lr = 0.000502
epoch 019 | step 0200 | total = 4.9721 | box = 0.7045 | obj = 1.4127 | cls = 0.0368 | lr = 0.000502
epoch 019 | step 0220 | total = 4.8803 | box = 0.6537 | obj = 1.5687 | cls = 0.0431 | lr = 0.000502
epoch 019 | step 0240 | total = 4.9801 | box = 0.6422 | obj = 1.7249 | cls = 0.0442 | lr = 0.000502
epoch 019 | step 0260 | total = 4.6133 | box = 0.6100 | obj = 1.5193 | cls = 0.0439 | lr = 0.000502
epoch 019 | step 0280 | total = 4.7768 | box = 0.6672 | obj = 1.3982 | cls = 0.0428 | lr = 0.000502
epoch 019 | step 0300 | total = 4.4093 | box = 0.5254 | obj = 1.7341 | cls = 0.0484 | lr = 0.000502
epoch 019 | step 0320 | total = 5.7787 | box = 0.8456 | obj = 1.5120 | cls = 0.0388 | lr = 0.000502
epoch 019 | step 0340 | total = 4.9673 | box = 0.6776 | obj = 1.5395 | cls = 0.0398 | lr = 0.000502
epoch 019 | step 0360 | total = 5.2126 | box = 0.7072 | obj = 1.6371 | cls = 0.0395 | lr = 0.000502
epoch 019 | step 0380 | total = 4.3621 | box = 0.5585 | obj = 1.5247 | cls = 0.0450 | lr = 0.000502
epoch 019 | step 0400 | total = 4.3773 | box = 0.5560 | obj = 1.5533 | cls = 0.0439 | lr = 0.000502
epoch 019 | step 0420 | total = 4.2631 | box = 0.5404 | obj = 1.5143 | cls = 0.0468 | lr = 0.000502
epoch 019 | step 0440 | total = 4.1806 | box = 0.5444 | obj = 1.4193 | cls = 0.0392 | lr = 0.000502
epoch 019 | step 0460 | total = 4.5400 | box = 0.5788 | obj = 1.6004 | cls = 0.0457 | lr = 0.000502
epoch 019 | step 0480 | total = 5.5522 | box = 0.7812 | obj = 1.6091 | cls = 0.0369 | lr = 0.000502
epoch 019 | step 0500 | total = 4.0890 | box = 0.5150 | obj = 1.4765 | cls = 0.0374 | lr = 0.000502
epoch 019 | step 0520 | total = 4.9646 | box = 0.6792 | obj = 1.5272 | cls = 0.0414 | lr = 0.000502
epoch 019 | step 0540 | total = 5.1274 | box = 0.7270 | obj = 1.4540 | cls = 0.0384 | lr = 0.000502
epoch 019 | step 0560 | total = 5.0270 | box = 0.6976 | obj = 1.5024 | cls = 0.0366 | lr = 0.000502
epoch 019 | step 0580 | total = 4.2712 | box = 0.5442 | obj = 1.5143 | cls = 0.0359 | lr = 0.000502
epoch 019 | step 0600 | total = 4.7247 | box = 0.5964 | obj = 1.6855 | cls = 0.0571 | lr = 0.000502
epoch 019 | step 0620 | total = 4.4695 | box = 0.5673 | obj = 1.5879 | cls = 0.0452 | lr = 0.000502
epoch 019 | step 0640 | total = 4.2878 | box = 0.5632 | obj = 1.4350 | cls = 0.0368 | lr = 0.000502
epoch 019 | step 0660 | total = 4.3319 | box = 0.5614 | obj = 1.4674 | cls = 0.0577 | lr = 0.000502
epoch 019 | step 0680 | total = 4.2158 | box = 0.5370 | obj = 1.4893 | cls = 0.0414 | lr = 0.000502
epoch 019 | step 0700 | total = 4.8955 | box = 0.6583 | obj = 1.5627 | cls = 0.0415 | lr = 0.000502
epoch 019 | step 0720 | total = 4.3033 | box = 0.5608 | obj = 1.4503 | cls = 0.0491 | lr = 0.000502
epoch 019 | step 0740 | total = 4.1869 | box = 0.5213 | obj = 1.5351 | cls = 0.0453 | lr = 0.000502
epoch 019 | step 0760 | total = 4.3440 | box = 0.5272 | obj = 1.6556 | cls = 0.0525 | lr = 0.000502
epoch 019 | step 0780 | total = 5.0854 | box = 0.7002 | obj = 1.5452 | cls = 0.0393 | lr = 0.000502
epoch 019 | step 0800 | total = 4.7173 | box = 0.6309 | obj = 1.5241 | cls = 0.0389 | lr = 0.000502
epoch 019 | step 0820 | total = 4.5251 | box = 0.5735 | obj = 1.6127 | cls = 0.0448 | lr = 0.000502
epoch 019 | step 0840 | total = 4.7464 | box = 0.6023 | obj = 1.6788 | cls = 0.0561 | lr = 0.000502
epoch 019 | step 0860 | total = 4.6844 | box = 0.6436 | obj = 1.4260 | cls = 0.0403 | lr = 0.000502
epoch 019 | step 0880 | total = 5.7689 | box = 0.8267 | obj = 1.5906 | cls = 0.0448 | lr = 0.000502
epoch 019 | step 0900 | total = 4.2536 | box = 0.5113 | obj = 1.6526 | cls = 0.0446 | lr = 0.000502
epoch 019 | step 0920 | total = 5.0298 | box = 0.6690 | obj = 1.6385 | cls = 0.0465 | lr = 0.000502
[epoch 019 train] total = 4.7312 | box = 0.6311 | obj = 1.5335 | cls = 0.0424 | steps = 925 | global_batches = 7400 | samples = 118288 | time = 802.8s
[epoch 019 val] total = 4.8132 | box = 0.6430 | obj = 1.5555 | cls = 0.0425 | steps = 40 | global_batches = 320 | samples = 5000 | time = 22.8s
epoch 020 | step 0001 | total = 4.0918 | box = 0.5212 | obj = 1.4398 | cls = 0.0461 | lr = 0.000482
epoch 020 | step 0020 | total = 4.6901 | box = 0.6347 | obj = 1.4753 | cls = 0.0415 | lr = 0.000482
epoch 020 | step 0040 | total = 5.5066 | box = 0.7891 | obj = 1.5258 | cls = 0.0351 | lr = 0.000482
epoch 020 | step 0060 | total = 4.8419 | box = 0.6422 | obj = 1.5841 | cls = 0.0468 | lr = 0.000482
epoch 020 | step 0080 | total = 4.8986 | box = 0.6854 | obj = 1.4309 | cls = 0.0406 | lr = 0.000482
epoch 020 | step 0100 | total = 4.5989 | box = 0.6031 | obj = 1.5363 | cls = 0.0471 | lr = 0.000482
epoch 020 | step 0120 | total = 4.4858 | box = 0.5725 | obj = 1.5731 | cls = 0.0503 | lr = 0.000482
epoch 020 | step 0140 | total = 4.5690 | box = 0.5731 | obj = 1.6581 | cls = 0.0456 | lr = 0.000482
epoch 020 | step 0160 | total = 4.5338 | box = 0.6065 | obj = 1.4552 | cls = 0.0463 | lr = 0.000482
epoch 020 | step 0180 | total = 4.5544 | box = 0.6183 | obj = 1.4199 | cls = 0.0428 | lr = 0.000482
epoch 020 | step 0200 | total = 3.8366 | box = 0.4700 | obj = 1.4412 | cls = 0.0453 | lr = 0.000482
epoch 020 | step 0220 | total = 4.5392 | box = 0.5997 | obj = 1.4992 | cls = 0.0413 | lr = 0.000482
epoch 020 | step 0240 | total = 4.6144 | box = 0.6046 | obj = 1.5447 | cls = 0.0468 | lr = 0.000482
epoch 020 | step 0260 | total = 4.5107 | box = 0.6157 | obj = 1.3924 | cls = 0.0398 | lr = 0.000482
epoch 020 | step 0280 | total = 5.1510 | box = 0.7022 | obj = 1.5995 | cls = 0.0404 | lr = 0.000482
epoch 020 | step 0300 | total = 5.0930 | box = 0.6938 | obj = 1.5813 | cls = 0.0428 | lr = 0.000482
epoch 020 | step 0320 | total = 4.7306 | box = 0.6337 | obj = 1.5051 | cls = 0.0567 | lr = 0.000482
epoch 020 | step 0340 | total = 4.6980 | box = 0.6128 | obj = 1.5990 | cls = 0.0350 | lr = 0.000482
epoch 020 | step 0360 | total = 4.0756 | box = 0.4978 | obj = 1.5337 | cls = 0.0527 | lr = 0.000482
epoch 020 | step 0380 | total = 5.2198 | box = 0.7193 | obj = 1.5766 | cls = 0.0469 | lr = 0.000482
epoch 020 | step 0400 | total = 4.1670 | box = 0.5318 | obj = 1.4704 | cls = 0.0376 | lr = 0.000482
epoch 020 | step 0420 | total = 5.2252 | box = 0.7412 | obj = 1.4851 | cls = 0.0342 | lr = 0.000482
epoch 020 | step 0440 | total = 4.6737 | box = 0.5912 | obj = 1.6704 | cls = 0.0470 | lr = 0.000482
epoch 020 | step 0460 | total = 4.2071 | box = 0.5137 | obj = 1.5798 | cls = 0.0588 | lr = 0.000482
epoch 020 | step 0480 | total = 4.9095 | box = 0.6706 | obj = 1.5204 | cls = 0.0359 | lr = 0.000482
epoch 020 | step 0500 | total = 4.6052 | box = 0.6135 | obj = 1.5007 | cls = 0.0369 | lr = 0.000482
epoch 020 | step 0520 | total = 5.4816 | box = 0.7765 | obj = 1.5599 | cls = 0.0390 | lr = 0.000482
epoch 020 | step 0540 | total = 4.7064 | box = 0.6384 | obj = 1.4761 | cls = 0.0382 | lr = 0.000482
epoch 020 | step 0560 | total = 4.3906 | box = 0.5368 | obj = 1.6619 | cls = 0.0446 | lr = 0.000482
epoch 020 | step 0580 | total = 4.3362 | box = 0.5501 | obj = 1.5355 | cls = 0.0502 | lr = 0.000482
epoch 020 | step 0600 | total = 5.6062 | box = 0.7692 | obj = 1.7162 | cls = 0.0438 | lr = 0.000482
epoch 020 | step 0620 | total = 5.4296 | box = 0.7686 | obj = 1.5494 | cls = 0.0374 | lr = 0.000482
epoch 020 | step 0640 | total = 4.7952 | box = 0.6676 | obj = 1.4188 | cls = 0.0384 | lr = 0.000482
epoch 020 | step 0660 | total = 4.9230 | box = 0.6542 | obj = 1.6174 | cls = 0.0346 | lr = 0.000482
epoch 020 | step 0680 | total = 5.3361 | box = 0.7423 | obj = 1.5879 | cls = 0.0365 | lr = 0.000482
epoch 020 | step 0700 | total = 3.9392 | box = 0.4957 | obj = 1.4158 | cls = 0.0447 | lr = 0.000482
epoch 020 | step 0720 | total = 3.2574 | box = 0.3786 | obj = 1.3035 | cls = 0.0611 | lr = 0.000482
epoch 020 | step 0740 | total = 5.1415 | box = 0.6989 | obj = 1.6049 | cls = 0.0419 | lr = 0.000482
epoch 020 | step 0760 | total = 4.2463 | box = 0.5299 | obj = 1.5592 | cls = 0.0376 | lr = 0.000482
epoch 020 | step 0780 | total = 5.2861 | box = 0.7171 | obj = 1.6559 | cls = 0.0444 | lr = 0.000482
epoch 020 | step 0800 | total = 5.1573 | box = 0.7033 | obj = 1.5911 | cls = 0.0495 | lr = 0.000482
epoch 020 | step 0820 | total = 4.5788 | box = 0.5848 | obj = 1.6045 | cls = 0.0502 | lr = 0.000482
epoch 020 | step 0840 | total = 4.8820 | box = 0.6580 | obj = 1.5564 | cls = 0.0353 | lr = 0.000482
epoch 020 | step 0860 | total = 5.1906 | box = 0.7101 | obj = 1.5962 | cls = 0.0440 | lr = 0.000482
epoch 020 | step 0880 | total = 5.1434 | box = 0.6750 | obj = 1.7253 | cls = 0.0432 | lr = 0.000482
epoch 020 | step 0900 | total = 4.6223 | box = 0.6265 | obj = 1.4515 | cls = 0.0383 | lr = 0.000482
epoch 020 | step 0920 | total = 4.6406 | box = 0.6020 | obj = 1.5845 | cls = 0.0461 | lr = 0.000482
[epoch 020 train] total = 4.6978 | box = 0.6261 | obj = 1.5250 | cls = 0.0421 | steps = 925 | global_batches = 7400 | samples = 118288 | time = 803.2s
[epoch 020 val] total = 4.7756 | box = 0.6376 | obj = 1.5451 | cls = 0.0424 | steps = 40 | global_batches = 320 | samples = 5000 | time = 22.9s
epoch 021 | step 0001 | total = 4.9818 | box = 0.6775 | obj = 1.5566 | cls = 0.0376 | lr = 0.000462
epoch 021 | step 0020 | total = 4.9360 | box = 0.7018 | obj = 1.3924 | cls = 0.0346 | lr = 0.000462
epoch 021 | step 0040 | total = 4.1902 | box = 0.5452 | obj = 1.4209 | cls = 0.0432 | lr = 0.000462
epoch 021 | step 0060 | total = 3.7058 | box = 0.4414 | obj = 1.4511 | cls = 0.0479 | lr = 0.000462
epoch 021 | step 0080 | total = 4.8472 | box = 0.6547 | obj = 1.5361 | cls = 0.0375 | lr = 0.000462
epoch 021 | step 0100 | total = 5.2925 | box = 0.7423 | obj = 1.5428 | cls = 0.0383 | lr = 0.000462
epoch 021 | step 0120 | total = 4.4805 | box = 0.5972 | obj = 1.4573 | cls = 0.0373 | lr = 0.000462
epoch 021 | step 0140 | total = 4.8885 | box = 0.6449 | obj = 1.6199 | cls = 0.0442 | lr = 0.000462
epoch 021 | step 0160 | total = 4.5367 | box = 0.6152 | obj = 1.4178 | cls = 0.0428 | lr = 0.000462
epoch 021 | step 0180 | total = 4.1831 | box = 0.5399 | obj = 1.4439 | cls = 0.0397 | lr = 0.000462
epoch 021 | step 0200 | total = 4.4394 | box = 0.6160 | obj = 1.3202 | cls = 0.0394 | lr = 0.000462
epoch 021 | step 0220 | total = 5.0337 | box = 0.6775 | obj = 1.6098 | cls = 0.0363 | lr = 0.000462
epoch 021 | step 0240 | total = 5.2244 | box = 0.6965 | obj = 1.6968 | cls = 0.0451 | lr = 0.000462
epoch 021 | step 0260 | total = 4.3465 | box = 0.5589 | obj = 1.5068 | cls = 0.0453 | lr = 0.000462
epoch 021 | step 0280 | total = 4.0407 | box = 0.5116 | obj = 1.4458 | cls = 0.0367 | lr = 0.000462
epoch 021 | step 0300 | total = 4.2692 | box = 0.5450 | obj = 1.4946 | cls = 0.0495 | lr = 0.000462
epoch 021 | step 0320 | total = 5.1112 | box = 0.7061 | obj = 1.5509 | cls = 0.0299 | lr = 0.000462
epoch 021 | step 0340 | total = 4.5513 | box = 0.5917 | obj = 1.5485 | cls = 0.0445 | lr = 0.000462
epoch 021 | step 0360 | total = 4.6166 | box = 0.6306 | obj = 1.4169 | cls = 0.0467 | lr = 0.000462
epoch 021 | step 0380 | total = 4.8061 | box = 0.6467 | obj = 1.5361 | cls = 0.0366 | lr = 0.000462
epoch 021 | step 0400 | total = 4.9888 | box = 0.6975 | obj = 1.4665 | cls = 0.0349 | lr = 0.000462
epoch 021 | step 0420 | total = 4.8389 | box = 0.6765 | obj = 1.4141 | cls = 0.0425 | lr = 0.000462
epoch 021 | step 0440 | total = 4.4330 | box = 0.5627 | obj = 1.5718 | cls = 0.0476 | lr = 0.000462
epoch 021 | step 0460 | total = 5.4717 | box = 0.7876 | obj = 1.4954 | cls = 0.0382 | lr = 0.000462
epoch 021 | step 0480 | total = 5.4852 | box = 0.7565 | obj = 1.6593 | cls = 0.0433 | lr = 0.000462
epoch 021 | step 0500 | total = 4.5118 | box = 0.5981 | obj = 1.4809 | cls = 0.0404 | lr = 0.000462
epoch 021 | step 0520 | total = 4.9241 | box = 0.6666 | obj = 1.5515 | cls = 0.0398 | lr = 0.000462
epoch 021 | step 0540 | total = 5.0003 | box = 0.6641 | obj = 1.6423 | cls = 0.0375 | lr = 0.000462
epoch 021 | step 0560 | total = 4.8530 | box = 0.6516 | obj = 1.5498 | cls = 0.0452 | lr = 0.000462
epoch 021 | step 0580 | total = 5.0236 | box = 0.6802 | obj = 1.5853 | cls = 0.0375 | lr = 0.000462
epoch 021 | step 0600 | total = 3.5857 | box = 0.4341 | obj = 1.3776 | cls = 0.0375 | lr = 0.000462
epoch 021 | step 0620 | total = 4.2094 | box = 0.5457 | obj = 1.4392 | cls = 0.0415 | lr = 0.000462
epoch 021 | step 0640 | total = 4.6200 | box = 0.6210 | obj = 1.4758 | cls = 0.0390 | lr = 0.000462
epoch 021 | step 0660 | total = 3.6648 | box = 0.4585 | obj = 1.3244 | cls = 0.0480 | lr = 0.000462
epoch 021 | step 0680 | total = 4.2138 | box = 0.5339 | obj = 1.4916 | cls = 0.0526 | lr = 0.000462
epoch 021 | step 0700 | total = 5.2329 | box = 0.7345 | obj = 1.5210 | cls = 0.0395 | lr = 0.000462
epoch 021 | step 0720 | total = 5.0567 | box = 0.6738 | obj = 1.6504 | cls = 0.0376 | lr = 0.000462
epoch 021 | step 0740 | total = 4.9463 | box = 0.6755 | obj = 1.5302 | cls = 0.0387 | lr = 0.000462
epoch 021 | step 0760 | total = 4.7471 | box = 0.6605 | obj = 1.4067 | cls = 0.0377 | lr = 0.000462
epoch 021 | step 0780 | total = 4.8014 | box = 0.6324 | obj = 1.5930 | cls = 0.0462 | lr = 0.000462
epoch 021 | step 0800 | total = 4.9328 | box = 0.6599 | obj = 1.5905 | cls = 0.0428 | lr = 0.000462
epoch 021 | step 0820 | total = 4.3431 | box = 0.5657 | obj = 1.4676 | cls = 0.0472 | lr = 0.000462
epoch 021 | step 0840 | total = 3.9634 | box = 0.5090 | obj = 1.3859 | cls = 0.0326 | lr = 0.000462
epoch 021 | step 0860 | total = 3.7135 | box = 0.4511 | obj = 1.4238 | cls = 0.0342 | lr = 0.000462
epoch 021 | step 0880 | total = 4.2773 | box = 0.5482 | obj = 1.4879 | cls = 0.0485 | lr = 0.000462
epoch 021 | step 0900 | total = 4.8563 | box = 0.6763 | obj = 1.4362 | cls = 0.0384 | lr = 0.000462
epoch 021 | step 0920 | total = 4.7811 | box = 0.6395 | obj = 1.5462 | cls = 0.0376 | lr = 0.000462
[epoch 021 train] total = 4.6614 | box = 0.6203 | obj = 1.5181 | cls = 0.0418 | steps = 925 | global_batches = 7400 | samples = 118288 | time = 803.6s
[epoch 021 val] total = 4.7924 | box = 0.6397 | obj = 1.5516 | cls = 0.0423 | steps = 40 | global_batches = 320 | samples = 5000 | time = 22.9s
epoch 022 | step 0001 | total = 4.2436 | box = 0.5515 | obj = 1.4472 | cls = 0.0388 | lr = 0.000441
epoch 022 | step 0020 | total = 4.2589 | box = 0.5632 | obj = 1.3986 | cls = 0.0443 | lr = 0.000441
epoch 022 | step 0040 | total = 5.2667 | box = 0.7168 | obj = 1.6402 | cls = 0.0426 | lr = 0.000441
epoch 022 | step 0060 | total = 4.3905 | box = 0.5945 | obj = 1.3844 | cls = 0.0336 | lr = 0.000441
epoch 022 | step 0080 | total = 4.0114 | box = 0.4736 | obj = 1.5880 | cls = 0.0556 | lr = 0.000441
epoch 022 | step 0100 | total = 4.2130 | box = 0.5505 | obj = 1.4195 | cls = 0.0408 | lr = 0.000441
epoch 022 | step 0120 | total = 4.3758 | box = 0.5574 | obj = 1.5406 | cls = 0.0483 | lr = 0.000441
epoch 022 | step 0140 | total = 4.9206 | box = 0.6638 | obj = 1.5630 | cls = 0.0385 | lr = 0.000441
epoch 022 | step 0160 | total = 5.0565 | box = 0.6910 | obj = 1.5643 | cls = 0.0373 | lr = 0.000441
epoch 022 | step 0180 | total = 5.0839 | box = 0.7073 | obj = 1.5059 | cls = 0.0416 | lr = 0.000441
epoch 022 | step 0200 | total = 4.9107 | box = 0.6683 | obj = 1.5284 | cls = 0.0407 | lr = 0.000441
epoch 022 | step 0220 | total = 4.7842 | box = 0.6671 | obj = 1.4146 | cls = 0.0343 | lr = 0.000441
epoch 022 | step 0240 | total = 4.9910 | box = 0.6984 | obj = 1.4589 | cls = 0.0399 | lr = 0.000441
epoch 022 | step 0260 | total = 5.1767 | box = 0.7228 | obj = 1.5251 | cls = 0.0376 | lr = 0.000441
epoch 022 | step 0280 | total = 4.0892 | box = 0.5286 | obj = 1.4120 | cls = 0.0342 | lr = 0.000441
epoch 022 | step 0300 | total = 4.8239 | box = 0.6391 | obj = 1.5792 | cls = 0.0492 | lr = 0.000441
epoch 022 | step 0320 | total = 4.6050 | box = 0.6017 | obj = 1.5577 | cls = 0.0388 | lr = 0.000441
epoch 022 | step 0340 | total = 4.9073 | box = 0.6500 | obj = 1.6091 | cls = 0.0483 | lr = 0.000441
epoch 022 | step 0360 | total = 4.6756 | box = 0.6252 | obj = 1.5059 | cls = 0.0439 | lr = 0.000441
epoch 022 | step 0380 | total = 4.6323 | box = 0.5827 | obj = 1.6632 | cls = 0.0556 | lr = 0.000441
epoch 022 | step 0400 | total = 4.5350 | box = 0.5916 | obj = 1.5344 | cls = 0.0427 | lr = 0.000441
epoch 022 | step 0420 | total = 4.0430 | box = 0.4947 | obj = 1.5295 | cls = 0.0398 | lr = 0.000441
epoch 022 | step 0440 | total = 4.3442 | box = 0.5590 | obj = 1.5057 | cls = 0.0434 | lr = 0.000441
epoch 022 | step 0460 | total = 4.9518 | box = 0.7055 | obj = 1.3806 | cls = 0.0434 | lr = 0.000441
epoch 022 | step 0480 | total = 5.3994 | box = 0.7661 | obj = 1.5325 | cls = 0.0364 | lr = 0.000441
epoch 022 | step 0500 | total = 5.3772 | box = 0.7617 | obj = 1.5370 | cls = 0.0315 | lr = 0.000441
epoch 022 | step 0520 | total = 4.2783 | box = 0.5284 | obj = 1.5960 | cls = 0.0403 | lr = 0.000441
epoch 022 | step 0540 | total = 5.5412 | box = 0.7984 | obj = 1.5108 | cls = 0.0385 | lr = 0.000441
epoch 022 | step 0560 | total = 4.4610 | box = 0.5821 | obj = 1.5054 | cls = 0.0450 | lr = 0.000441
epoch 022 | step 0580 | total = 4.1794 | box = 0.5012 | obj = 1.6173 | cls = 0.0558 | lr = 0.000441
epoch 022 | step 0600 | total = 3.9229 | box = 0.5029 | obj = 1.3696 | cls = 0.0387 | lr = 0.000441
epoch 022 | step 0620 | total = 4.0103 | box = 0.4858 | obj = 1.5116 | cls = 0.0699 | lr = 0.000441
epoch 022 | step 0640 | total = 4.7016 | box = 0.6225 | obj = 1.5582 | cls = 0.0310 | lr = 0.000441
epoch 022 | step 0660 | total = 3.6118 | box = 0.4244 | obj = 1.4424 | cls = 0.0474 | lr = 0.000441
epoch 022 | step 0680 | total = 4.5835 | box = 0.6039 | obj = 1.5246 | cls = 0.0391 | lr = 0.000441
epoch 022 | step 0700 | total = 5.7420 | box = 0.8184 | obj = 1.6074 | cls = 0.0428 | lr = 0.000441
epoch 022 | step 0720 | total = 4.9192 | box = 0.6668 | obj = 1.5448 | cls = 0.0402 | lr = 0.000441
epoch 022 | step 0740 | total = 4.8481 | box = 0.6280 | obj = 1.6556 | cls = 0.0522 | lr = 0.000441
epoch 022 | step 0760 | total = 4.1667 | box = 0.5278 | obj = 1.4795 | cls = 0.0481 | lr = 0.000441
epoch 022 | step 0780 | total = 4.1622 | box = 0.5272 | obj = 1.4906 | cls = 0.0357 | lr = 0.000441
epoch 022 | step 0800 | total = 4.2663 | box = 0.5435 | obj = 1.5032 | cls = 0.0455 | lr = 0.000441
epoch 022 | step 0820 | total = 4.4494 | box = 0.5910 | obj = 1.4479 | cls = 0.0463 | lr = 0.000441
epoch 022 | step 0840 | total = 4.9178 | box = 0.6748 | obj = 1.5095 | cls = 0.0342 | lr = 0.000441
epoch 022 | step 0860 | total = 4.1779 | box = 0.5329 | obj = 1.4774 | cls = 0.0362 | lr = 0.000441
epoch 022 | step 0880 | total = 4.5916 | box = 0.5902 | obj = 1.6021 | cls = 0.0386 | lr = 0.000441
epoch 022 | step 0900 | total = 4.2007 | box = 0.5624 | obj = 1.3476 | cls = 0.0413 | lr = 0.000441
epoch 022 | step 0920 | total = 4.9136 | box = 0.6642 | obj = 1.5586 | cls = 0.0339 | lr = 0.000441
[epoch 022 train] total = 4.6275 | box = 0.6156 | obj = 1.5080 | cls = 0.0415 | steps = 925 | global_batches = 7400 | samples = 118288 | time = 802.4s
[epoch 022 val] total = 4.7166 | box = 0.6269 | obj = 1.5401 | cls = 0.0419 | steps = 40 | global_batches = 320 | samples = 5000 | time = 22.5s
epoch 023 | step 0001 | total = 4.7220 | box = 0.6497 | obj = 1.4300 | cls = 0.0433 | lr = 0.000420
epoch 023 | step 0020 | total = 4.4968 | box = 0.6120 | obj = 1.4033 | cls = 0.0332 | lr = 0.000420
epoch 023 | step 0040 | total = 4.5579 | box = 0.5871 | obj = 1.5779 | cls = 0.0445 | lr = 0.000420
epoch 023 | step 0060 | total = 4.4766 | box = 0.5750 | obj = 1.5649 | cls = 0.0365 | lr = 0.000420
epoch 023 | step 0080 | total = 4.1564 | box = 0.4921 | obj = 1.6494 | cls = 0.0464 | lr = 0.000420
epoch 023 | step 0100 | total = 4.7455 | box = 0.6273 | obj = 1.5690 | cls = 0.0400 | lr = 0.000420
epoch 023 | step 0120 | total = 4.1869 | box = 0.5361 | obj = 1.4702 | cls = 0.0360 | lr = 0.000420
epoch 023 | step 0140 | total = 5.3626 | box = 0.7628 | obj = 1.5104 | cls = 0.0383 | lr = 0.000420
epoch 023 | step 0160 | total = 3.6774 | box = 0.4487 | obj = 1.3798 | cls = 0.0543 | lr = 0.000420
epoch 023 | step 0180 | total = 3.5754 | box = 0.4273 | obj = 1.3988 | cls = 0.0401 | lr = 0.000420
epoch 023 | step 0200 | total = 4.5370 | box = 0.6181 | obj = 1.4123 | cls = 0.0345 | lr = 0.000420
epoch 023 | step 0220 | total = 4.2386 | box = 0.5746 | obj = 1.3277 | cls = 0.0378 | lr = 0.000420
epoch 023 | step 0240 | total = 4.6879 | box = 0.6228 | obj = 1.5314 | cls = 0.0423 | lr = 0.000420
epoch 023 | step 0260 | total = 4.5117 | box = 0.6214 | obj = 1.3751 | cls = 0.0295 | lr = 0.000420
epoch 023 | step 0280 | total = 4.1584 | box = 0.5341 | obj = 1.4463 | cls = 0.0419 | lr = 0.000420
epoch 023 | step 0300 | total = 4.3500 | box = 0.5724 | obj = 1.4481 | cls = 0.0399 | lr = 0.000420
epoch 023 | step 0320 | total = 3.8004 | box = 0.4468 | obj = 1.5132 | cls = 0.0530 | lr = 0.000420
epoch 023 | step 0340 | total = 4.5462 | box = 0.5997 | obj = 1.5009 | cls = 0.0467 | lr = 0.000420
epoch 023 | step 0360 | total = 4.1843 | box = 0.5439 | obj = 1.4310 | cls = 0.0339 | lr = 0.000420
epoch 023 | step 0380 | total = 4.2084 | box = 0.5344 | obj = 1.5000 | cls = 0.0362 | lr = 0.000420
epoch 023 | step 0400 | total = 3.8406 | box = 0.4668 | obj = 1.4629 | cls = 0.0437 | lr = 0.000420
epoch 023 | step 0420 | total = 4.4876 | box = 0.5876 | obj = 1.5128 | cls = 0.0366 | lr = 0.000420
epoch 023 | step 0440 | total = 4.8346 | box = 0.6650 | obj = 1.4802 | cls = 0.0293 | lr = 0.000420
epoch 023 | step 0460 | total = 4.7630 | box = 0.6431 | obj = 1.5096 | cls = 0.0379 | lr = 0.000420
epoch 023 | step 0480 | total = 4.7963 | box = 0.6303 | obj = 1.5955 | cls = 0.0494 | lr = 0.000420
epoch 023 | step 0500 | total = 4.9739 | box = 0.6623 | obj = 1.6319 | cls = 0.0307 | lr = 0.000420
epoch 023 | step 0520 | total = 4.5343 | box = 0.6127 | obj = 1.4323 | cls = 0.0388 | lr = 0.000420
epoch 023 | step 0540 | total = 4.1168 | box = 0.5492 | obj = 1.3216 | cls = 0.0491 | lr = 0.000420
epoch 023 | step 0560 | total = 4.3984 | box = 0.5655 | obj = 1.5284 | cls = 0.0426 | lr = 0.000420
epoch 023 | step 0580 | total = 3.7502 | box = 0.4328 | obj = 1.5421 | cls = 0.0443 | lr = 0.000420
epoch 023 | step 0600 | total = 5.0757 | box = 0.7006 | obj = 1.5398 | cls = 0.0332 | lr = 0.000420
epoch 023 | step 0620 | total = 5.2627 | box = 0.7225 | obj = 1.6056 | cls = 0.0446 | lr = 0.000420
epoch 023 | step 0640 | total = 4.7316 | box = 0.6290 | obj = 1.5420 | cls = 0.0447 | lr = 0.000420
epoch 023 | step 0660 | total = 5.2408 | box = 0.7471 | obj = 1.4722 | cls = 0.0331 | lr = 0.000420
epoch 023 | step 0680 | total = 4.6207 | box = 0.6184 | obj = 1.4891 | cls = 0.0395 | lr = 0.000420
epoch 023 | step 0700 | total = 4.3724 | box = 0.5765 | obj = 1.4535 | cls = 0.0365 | lr = 0.000420
epoch 023 | step 0720 | total = 5.1334 | box = 0.6726 | obj = 1.7220 | cls = 0.0485 | lr = 0.000420
epoch 023 | step 0740 | total = 3.7833 | box = 0.4801 | obj = 1.3377 | cls = 0.0452 | lr = 0.000420
epoch 023 | step 0760 | total = 4.4845 | box = 0.6246 | obj = 1.3184 | cls = 0.0431 | lr = 0.000420
epoch 023 | step 0780 | total = 4.2089 | box = 0.5395 | obj = 1.4702 | cls = 0.0413 | lr = 0.000420
epoch 023 | step 0800 | total = 4.6635 | box = 0.6248 | obj = 1.4873 | cls = 0.0521 | lr = 0.000420
epoch 023 | step 0820 | total = 4.9168 | box = 0.6790 | obj = 1.4762 | cls = 0.0456 | lr = 0.000420
epoch 023 | step 0840 | total = 4.9633 | box = 0.6777 | obj = 1.5368 | cls = 0.0380 | lr = 0.000420
epoch 023 | step 0860 | total = 4.3135 | box = 0.5415 | obj = 1.5629 | cls = 0.0431 | lr = 0.000420
epoch 023 | step 0880 | total = 5.2477 | box = 0.7557 | obj = 1.4291 | cls = 0.0402 | lr = 0.000420
epoch 023 | step 0900 | total = 5.2123 | box = 0.7069 | obj = 1.6383 | cls = 0.0397 | lr = 0.000420
epoch 023 | step 0920 | total = 4.5096 | box = 0.6050 | obj = 1.4467 | cls = 0.0380 | lr = 0.000420
[epoch 023 train] total = 4.5913 | box = 0.6101 | obj = 1.4994 | cls = 0.0412 | steps = 925 | global_batches = 7400 | samples = 118288 | time = 803.6s
[epoch 023 val] total = 4.6939 | box = 0.6256 | obj = 1.5245 | cls = 0.0413 | steps = 40 | global_batches = 320 | samples = 5000 | time = 23.4s
epoch 024 | step 0001 | total = 4.5591 | box = 0.6239 | obj = 1.3909 | cls = 0.0485 | lr = 0.000398
epoch 024 | step 0020 | total = 4.1757 | box = 0.5327 | obj = 1.4666 | cls = 0.0454 | lr = 0.000398
epoch 024 | step 0040 | total = 4.2122 | box = 0.4956 | obj = 1.6845 | cls = 0.0498 | lr = 0.000398
epoch 024 | step 0060 | total = 4.2837 | box = 0.5335 | obj = 1.5705 | cls = 0.0459 | lr = 0.000398
epoch 024 | step 0080 | total = 4.4952 | box = 0.5884 | obj = 1.5209 | cls = 0.0321 | lr = 0.000398
epoch 024 | step 0100 | total = 5.0284 | box = 0.6752 | obj = 1.6091 | cls = 0.0434 | lr = 0.000398
epoch 024 | step 0120 | total = 4.4983 | box = 0.5816 | obj = 1.5316 | cls = 0.0588 | lr = 0.000398
epoch 024 | step 0140 | total = 4.7996 | box = 0.6540 | obj = 1.5010 | cls = 0.0288 | lr = 0.000398
epoch 024 | step 0160 | total = 4.9095 | box = 0.6509 | obj = 1.6129 | cls = 0.0423 | lr = 0.000398
epoch 024 | step 0180 | total = 4.2290 | box = 0.5315 | obj = 1.5172 | cls = 0.0545 | lr = 0.000398
epoch 024 | step 0200 | total = 4.1789 | box = 0.5492 | obj = 1.3933 | cls = 0.0397 | lr = 0.000398
epoch 024 | step 0220 | total = 5.3922 | box = 0.7553 | obj = 1.5804 | cls = 0.0353 | lr = 0.000398
epoch 024 | step 0240 | total = 4.6101 | box = 0.6116 | obj = 1.5157 | cls = 0.0364 | lr = 0.000398
epoch 024 | step 0260 | total = 5.4279 | box = 0.7656 | obj = 1.5646 | cls = 0.0351 | lr = 0.000398
epoch 024 | step 0280 | total = 4.6021 | box = 0.6267 | obj = 1.4333 | cls = 0.0353 | lr = 0.000398
epoch 024 | step 0300 | total = 4.1557 | box = 0.5426 | obj = 1.3956 | cls = 0.0469 | lr = 0.000398
epoch 024 | step 0320 | total = 4.5369 | box = 0.6201 | obj = 1.3986 | cls = 0.0377 | lr = 0.000398
epoch 024 | step 0340 | total = 5.1748 | box = 0.7099 | obj = 1.5886 | cls = 0.0366 | lr = 0.000398
epoch 024 | step 0360 | total = 4.9148 | box = 0.6684 | obj = 1.5350 | cls = 0.0379 | lr = 0.000398
epoch 024 | step 0380 | total = 5.3599 | box = 0.7845 | obj = 1.4021 | cls = 0.0351 | lr = 0.000398
epoch 024 | step 0400 | total = 5.4142 | box = 0.7575 | obj = 1.5913 | cls = 0.0353 | lr = 0.000398
epoch 024 | step 0420 | total = 4.5037 | box = 0.6084 | obj = 1.4212 | cls = 0.0406 | lr = 0.000398
epoch 024 | step 0440 | total = 3.8378 | box = 0.4746 | obj = 1.4279 | cls = 0.0371 | lr = 0.000398
epoch 024 | step 0460 | total = 4.8803 | box = 0.6740 | obj = 1.4636 | cls = 0.0469 | lr = 0.000398
epoch 024 | step 0480 | total = 4.4796 | box = 0.6033 | obj = 1.4255 | cls = 0.0373 | lr = 0.000398
epoch 024 | step 0500 | total = 5.0977 | box = 0.6994 | obj = 1.5627 | cls = 0.0382 | lr = 0.000398
epoch 024 | step 0520 | total = 4.6109 | box = 0.5957 | obj = 1.5908 | cls = 0.0418 | lr = 0.000398
epoch 024 | step 0540 | total = 4.7539 | box = 0.6076 | obj = 1.6768 | cls = 0.0389 | lr = 0.000398
epoch 024 | step 0560 | total = 4.1999 | box = 0.5471 | obj = 1.4277 | cls = 0.0367 | lr = 0.000398
epoch 024 | step 0580 | total = 4.2627 | box = 0.5497 | obj = 1.4733 | cls = 0.0412 | lr = 0.000398
epoch 024 | step 0600 | total = 4.3519 | box = 0.5593 | obj = 1.5080 | cls = 0.0475 | lr = 0.000398
epoch 024 | step 0620 | total = 3.7241 | box = 0.4790 | obj = 1.2796 | cls = 0.0493 | lr = 0.000398
epoch 024 | step 0640 | total = 4.4369 | box = 0.5694 | obj = 1.5452 | cls = 0.0448 | lr = 0.000398
epoch 024 | step 0660 | total = 4.8734 | box = 0.6729 | obj = 1.4748 | cls = 0.0339 | lr = 0.000398
epoch 024 | step 0680 | total = 3.8822 | box = 0.5007 | obj = 1.3400 | cls = 0.0387 | lr = 0.000398
epoch 024 | step 0700 | total = 4.5919 | box = 0.6122 | obj = 1.4882 | cls = 0.0428 | lr = 0.000398
epoch 024 | step 0720 | total = 5.6212 | box = 0.8121 | obj = 1.5236 | cls = 0.0373 | lr = 0.000398
epoch 024 | step 0740 | total = 4.9892 | box = 0.6818 | obj = 1.5448 | cls = 0.0355 | lr = 0.000398
epoch 024 | step 0760 | total = 4.9125 | box = 0.6570 | obj = 1.5813 | cls = 0.0460 | lr = 0.000398
epoch 024 | step 0780 | total = 4.7216 | box = 0.6714 | obj = 1.3344 | cls = 0.0302 | lr = 0.000398
epoch 024 | step 0800 | total = 4.9192 | box = 0.6734 | obj = 1.5100 | cls = 0.0423 | lr = 0.000398
epoch 024 | step 0820 | total = 4.8236 | box = 0.6274 | obj = 1.6471 | cls = 0.0395 | lr = 0.000398
epoch 024 | step 0840 | total = 4.5435 | box = 0.6096 | obj = 1.4559 | cls = 0.0397 | lr = 0.000398
epoch 024 | step 0860 | total = 4.7477 | box = 0.6531 | obj = 1.4431 | cls = 0.0389 | lr = 0.000398
epoch 024 | step 0880 | total = 4.4276 | box = 0.5718 | obj = 1.5235 | cls = 0.0450 | lr = 0.000398
epoch 024 | step 0900 | total = 5.3435 | box = 0.7532 | obj = 1.5374 | cls = 0.0403 | lr = 0.000398
epoch 024 | step 0920 | total = 4.6354 | box = 0.6108 | obj = 1.5405 | cls = 0.0411 | lr = 0.000398
[epoch 024 train] total = 4.5641 | box = 0.6064 | obj = 1.4914 | cls = 0.0409 | steps = 925 | global_batches = 7400 | samples = 118288 | time = 802.6s
[epoch 024 val] total = 4.7005 | box = 0.6260 | obj = 1.5294 | cls = 0.0413 | steps = 40 | global_batches = 320 | samples = 5000 | time = 23.3s
epoch 025 | step 0001 | total = 5.4212 | box = 0.8144 | obj = 1.3223 | cls = 0.0271 | lr = 0.000377
epoch 025 | step 0020 | total = 4.6457 | box = 0.6366 | obj = 1.4241 | cls = 0.0386 | lr = 0.000377
epoch 025 | step 0040 | total = 4.4378 | box = 0.5927 | obj = 1.4271 | cls = 0.0471 | lr = 0.000377
epoch 025 | step 0060 | total = 4.1436 | box = 0.5230 | obj = 1.4866 | cls = 0.0419 | lr = 0.000377
epoch 025 | step 0080 | total = 4.6053 | box = 0.5883 | obj = 1.6161 | cls = 0.0475 | lr = 0.000377
epoch 025 | step 0100 | total = 3.9926 | box = 0.5200 | obj = 1.3453 | cls = 0.0474 | lr = 0.000377
epoch 025 | step 0120 | total = 5.2252 | box = 0.7289 | obj = 1.5390 | cls = 0.0418 | lr = 0.000377
epoch 025 | step 0140 | total = 4.0843 | box = 0.5249 | obj = 1.4188 | cls = 0.0409 | lr = 0.000377
epoch 025 | step 0160 | total = 3.9519 | box = 0.4738 | obj = 1.5320 | cls = 0.0510 | lr = 0.000377
epoch 025 | step 0180 | total = 4.7857 | box = 0.6661 | obj = 1.4202 | cls = 0.0349 | lr = 0.000377
epoch 025 | step 0200 | total = 5.4411 | box = 0.7785 | obj = 1.5093 | cls = 0.0395 | lr = 0.000377
epoch 025 | step 0220 | total = 4.6335 | box = 0.6050 | obj = 1.5704 | cls = 0.0380 | lr = 0.000377
epoch 025 | step 0240 | total = 4.4353 | box = 0.5801 | obj = 1.4907 | cls = 0.0440 | lr = 0.000377
epoch 025 | step 0260 | total = 5.3187 | box = 0.7418 | obj = 1.5757 | cls = 0.0341 | lr = 0.000377
epoch 025 | step 0280 | total = 4.3443 | box = 0.5722 | obj = 1.4414 | cls = 0.0420 | lr = 0.000377
epoch 025 | step 0300 | total = 4.6391 | box = 0.6219 | obj = 1.4903 | cls = 0.0393 | lr = 0.000377
epoch 025 | step 0320 | total = 4.9034 | box = 0.6973 | obj = 1.3869 | cls = 0.0300 | lr = 0.000377
epoch 025 | step 0340 | total = 5.2283 | box = 0.7213 | obj = 1.5876 | cls = 0.0340 | lr = 0.000377
epoch 025 | step 0360 | total = 4.4621 | box = 0.5916 | obj = 1.4633 | cls = 0.0406 | lr = 0.000377
epoch 025 | step 0380 | total = 3.8464 | box = 0.4590 | obj = 1.5042 | cls = 0.0472 | lr = 0.000377
epoch 025 | step 0400 | total = 4.9038 | box = 0.6522 | obj = 1.6018 | cls = 0.0407 | lr = 0.000377
epoch 025 | step 0420 | total = 5.1770 | box = 0.7049 | obj = 1.6093 | cls = 0.0430 | lr = 0.000377
epoch 025 | step 0440 | total = 4.6304 | box = 0.6120 | obj = 1.5233 | cls = 0.0469 | lr = 0.000377
epoch 025 | step 0460 | total = 4.1486 | box = 0.5381 | obj = 1.4190 | cls = 0.0391 | lr = 0.000377
epoch 025 | step 0480 | total = 4.6326 | box = 0.6363 | obj = 1.4117 | cls = 0.0393 | lr = 0.000377
epoch 025 | step 0500 | total = 4.6795 | box = 0.6327 | obj = 1.4770 | cls = 0.0393 | lr = 0.000377
epoch 025 | step 0520 | total = 5.0646 | box = 0.6848 | obj = 1.5977 | cls = 0.0428 | lr = 0.000377
epoch 025 | step 0540 | total = 4.6565 | box = 0.6164 | obj = 1.5211 | cls = 0.0531 | lr = 0.000377
epoch 025 | step 0560 | total = 5.2662 | box = 0.7316 | obj = 1.5684 | cls = 0.0400 | lr = 0.000377
epoch 025 | step 0580 | total = 4.3325 | box = 0.6046 | obj = 1.2762 | cls = 0.0334 | lr = 0.000377
epoch 025 | step 0600 | total = 5.1660 | box = 0.7075 | obj = 1.5884 | cls = 0.0399 | lr = 0.000377
epoch 025 | step 0620 | total = 4.4378 | box = 0.6011 | obj = 1.3941 | cls = 0.0383 | lr = 0.000377
epoch 025 | step 0640 | total = 4.0387 | box = 0.4847 | obj = 1.5646 | cls = 0.0506 | lr = 0.000377
epoch 025 | step 0660 | total = 4.7930 | box = 0.6693 | obj = 1.4120 | cls = 0.0343 | lr = 0.000377
epoch 025 | step 0680 | total = 4.5482 | box = 0.6169 | obj = 1.4197 | cls = 0.0439 | lr = 0.000377
epoch 025 | step 0700 | total = 4.5874 | box = 0.6080 | obj = 1.5071 | cls = 0.0400 | lr = 0.000377
epoch 025 | step 0720 | total = 4.3804 | box = 0.5596 | obj = 1.5349 | cls = 0.0473 | lr = 0.000377
epoch 025 | step 0740 | total = 4.8964 | box = 0.6447 | obj = 1.6204 | cls = 0.0524 | lr = 0.000377
epoch 025 | step 0760 | total = 4.6561 | box = 0.6230 | obj = 1.5034 | cls = 0.0377 | lr = 0.000377
epoch 025 | step 0780 | total = 4.0280 | box = 0.4923 | obj = 1.5154 | cls = 0.0513 | lr = 0.000377
epoch 025 | step 0800 | total = 3.7594 | box = 0.4550 | obj = 1.4334 | cls = 0.0509 | lr = 0.000377
epoch 025 | step 0820 | total = 4.3429 | box = 0.5776 | obj = 1.4188 | cls = 0.0363 | lr = 0.000377
epoch 025 | step 0840 | total = 4.0170 | box = 0.5134 | obj = 1.4013 | cls = 0.0485 | lr = 0.000377
epoch 025 | step 0860 | total = 3.8103 | box = 0.4670 | obj = 1.4264 | cls = 0.0489 | lr = 0.000377
epoch 025 | step 0880 | total = 4.6761 | box = 0.6516 | obj = 1.3787 | cls = 0.0392 | lr = 0.000377
epoch 025 | step 0900 | total = 4.5898 | box = 0.6164 | obj = 1.4681 | cls = 0.0394 | lr = 0.000377
epoch 025 | step 0920 | total = 4.2570 | box = 0.5571 | obj = 1.4380 | cls = 0.0335 | lr = 0.000377
[epoch 025 train] total = 4.5341 | box = 0.6018 | obj = 1.4844 | cls = 0.0406 | steps = 925 | global_batches = 7400 | samples = 118288 | time = 802.3s
[epoch 025 val] total = 4.6405 | box = 0.6178 | obj = 1.5108 | cls = 0.0408 | steps = 40 | global_batches = 320 | samples = 5000 | time = 23.3s
epoch 026 | step 0001 | total = 3.6721 | box = 0.4281 | obj = 1.4792 | cls = 0.0524 | lr = 0.000355
epoch 026 | step 0020 | total = 3.9102 | box = 0.4800 | obj = 1.4664 | cls = 0.0437 | lr = 0.000355
epoch 026 | step 0040 | total = 4.0569 | box = 0.5233 | obj = 1.4056 | cls = 0.0349 | lr = 0.000355
epoch 026 | step 0060 | total = 4.1885 | box = 0.5392 | obj = 1.4515 | cls = 0.0409 | lr = 0.000355
epoch 026 | step 0080 | total = 3.9527 | box = 0.4684 | obj = 1.5631 | cls = 0.0477 | lr = 0.000355
epoch 026 | step 0100 | total = 4.3811 | box = 0.5685 | obj = 1.4974 | cls = 0.0412 | lr = 0.000355
epoch 026 | step 0120 | total = 5.5151 | box = 0.7804 | obj = 1.5746 | cls = 0.0387 | lr = 0.000355
epoch 026 | step 0140 | total = 4.5443 | box = 0.5915 | obj = 1.5475 | cls = 0.0395 | lr = 0.000355
epoch 026 | step 0160 | total = 3.7648 | box = 0.4515 | obj = 1.4627 | cls = 0.0447 | lr = 0.000355
epoch 026 | step 0180 | total = 3.8205 | box = 0.4586 | obj = 1.4808 | cls = 0.0468 | lr = 0.000355
epoch 026 | step 0200 | total = 5.1613 | box = 0.7069 | obj = 1.5920 | cls = 0.0351 | lr = 0.000355
epoch 026 | step 0220 | total = 4.1839 | box = 0.5332 | obj = 1.4843 | cls = 0.0334 | lr = 0.000355
epoch 026 | step 0240 | total = 3.9383 | box = 0.5187 | obj = 1.3062 | cls = 0.0383 | lr = 0.000355
epoch 026 | step 0260 | total = 4.0247 | box = 0.5415 | obj = 1.2843 | cls = 0.0326 | lr = 0.000355
epoch 026 | step 0280 | total = 4.7207 | box = 0.6472 | obj = 1.4516 | cls = 0.0331 | lr = 0.000355
epoch 026 | step 0300 | total = 4.0239 | box = 0.5157 | obj = 1.4067 | cls = 0.0384 | lr = 0.000355
epoch 026 | step 0320 | total = 4.9271 | box = 0.6757 | obj = 1.5165 | cls = 0.0322 | lr = 0.000355
epoch 026 | step 0340 | total = 4.6726 | box = 0.6141 | obj = 1.5602 | cls = 0.0420 | lr = 0.000355
epoch 026 | step 0360 | total = 3.9136 | box = 0.4728 | obj = 1.5033 | cls = 0.0460 | lr = 0.000355
epoch 026 | step 0380 | total = 4.6758 | box = 0.5928 | obj = 1.6699 | cls = 0.0421 | lr = 0.000355
epoch 026 | step 0400 | total = 4.1573 | box = 0.5298 | obj = 1.4720 | cls = 0.0363 | lr = 0.000355
epoch 026 | step 0420 | total = 5.0931 | box = 0.6923 | obj = 1.5943 | cls = 0.0373 | lr = 0.000355
epoch 026 | step 0440 | total = 4.2226 | box = 0.5403 | obj = 1.4796 | cls = 0.0417 | lr = 0.000355
epoch 026 | step 0460 | total = 4.5742 | box = 0.6081 | obj = 1.4970 | cls = 0.0367 | lr = 0.000355
epoch 026 | step 0480 | total = 4.9982 | box = 0.6746 | obj = 1.5900 | cls = 0.0352 | lr = 0.000355
epoch 026 | step 0500 | total = 5.1709 | box = 0.7457 | obj = 1.4103 | cls = 0.0319 | lr = 0.000355
epoch 026 | step 0520 | total = 4.6098 | box = 0.6264 | obj = 1.4354 | cls = 0.0425 | lr = 0.000355
epoch 026 | step 0540 | total = 4.4620 | box = 0.5735 | obj = 1.5543 | cls = 0.0400 | lr = 0.000355
epoch 026 | step 0560 | total = 4.6872 | box = 0.6450 | obj = 1.4252 | cls = 0.0371 | lr = 0.000355
epoch 026 | step 0580 | total = 4.9762 | box = 0.6768 | obj = 1.5525 | cls = 0.0398 | lr = 0.000355
epoch 026 | step 0600 | total = 4.9636 | box = 0.6740 | obj = 1.5532 | cls = 0.0406 | lr = 0.000355
epoch 026 | step 0620 | total = 4.2253 | box = 0.5513 | obj = 1.4335 | cls = 0.0352 | lr = 0.000355
epoch 026 | step 0640 | total = 4.1153 | box = 0.5129 | obj = 1.5133 | cls = 0.0374 | lr = 0.000355
epoch 026 | step 0660 | total = 4.9505 | box = 0.6801 | obj = 1.5159 | cls = 0.0339 | lr = 0.000355
epoch 026 | step 0680 | total = 4.4808 | box = 0.6187 | obj = 1.3480 | cls = 0.0393 | lr = 0.000355
epoch 026 | step 0700 | total = 4.7751 | box = 0.5981 | obj = 1.7433 | cls = 0.0415 | lr = 0.000355
epoch 026 | step 0720 | total = 3.9845 | box = 0.5112 | obj = 1.3960 | cls = 0.0324 | lr = 0.000355
epoch 026 | step 0740 | total = 3.4352 | box = 0.3984 | obj = 1.3868 | cls = 0.0562 | lr = 0.000355
epoch 026 | step 0760 | total = 4.5321 | box = 0.5839 | obj = 1.5757 | cls = 0.0371 | lr = 0.000355
epoch 026 | step 0780 | total = 4.4825 | box = 0.5996 | obj = 1.4452 | cls = 0.0393 | lr = 0.000355
epoch 026 | step 0800 | total = 5.3352 | box = 0.7544 | obj = 1.5250 | cls = 0.0383 | lr = 0.000355
epoch 026 | step 0820 | total = 5.2629 | box = 0.7423 | obj = 1.5103 | cls = 0.0414 | lr = 0.000355
epoch 026 | step 0840 | total = 4.7317 | box = 0.6134 | obj = 1.6214 | cls = 0.0433 | lr = 0.000355
epoch 026 | step 0860 | total = 4.6333 | box = 0.6301 | obj = 1.4390 | cls = 0.0437 | lr = 0.000355
epoch 026 | step 0880 | total = 3.9740 | box = 0.4993 | obj = 1.4369 | cls = 0.0407 | lr = 0.000355
epoch 026 | step 0900 | total = 5.2494 | box = 0.7332 | obj = 1.5499 | cls = 0.0337 | lr = 0.000355
epoch 026 | step 0920 | total = 3.5851 | box = 0.4502 | obj = 1.2920 | cls = 0.0421 | lr = 0.000355
[epoch 026 train] total = 4.5031 | box = 0.5973 | obj = 1.4761 | cls = 0.0403 | steps = 925 | global_batches = 7400 | samples = 118288 | time = 803.4s
[epoch 026 val] total = 4.6350 | box = 0.6153 | obj = 1.5178 | cls = 0.0408 | steps = 40 | global_batches = 320 | samples = 5000 | time = 23.0s
epoch 027 | step 0001 | total = 4.2918 | box = 0.5648 | obj = 1.4211 | cls = 0.0469 | lr = 0.000333
epoch 027 | step 0020 | total = 4.2100 | box = 0.5452 | obj = 1.4387 | cls = 0.0452 | lr = 0.000333
epoch 027 | step 0040 | total = 3.1627 | box = 0.3924 | obj = 1.1593 | cls = 0.0412 | lr = 0.000333
epoch 027 | step 0060 | total = 4.7146 | box = 0.6395 | obj = 1.4810 | cls = 0.0362 | lr = 0.000333
epoch 027 | step 0080 | total = 4.7209 | box = 0.6281 | obj = 1.5379 | cls = 0.0427 | lr = 0.000333
epoch 027 | step 0100 | total = 4.9831 | box = 0.6670 | obj = 1.6071 | cls = 0.0410 | lr = 0.000333
epoch 027 | step 0120 | total = 4.7174 | box = 0.6495 | obj = 1.4316 | cls = 0.0381 | lr = 0.000333
epoch 027 | step 0140 | total = 4.1619 | box = 0.5519 | obj = 1.3554 | cls = 0.0472 | lr = 0.000333
epoch 027 | step 0160 | total = 4.3299 | box = 0.5709 | obj = 1.4355 | cls = 0.0398 | lr = 0.000333
epoch 027 | step 0180 | total = 4.8852 | box = 0.6768 | obj = 1.4687 | cls = 0.0325 | lr = 0.000333
epoch 027 | step 0200 | total = 4.2690 | box = 0.5482 | obj = 1.4813 | cls = 0.0468 | lr = 0.000333
epoch 027 | step 0220 | total = 4.2619 | box = 0.5304 | obj = 1.5694 | cls = 0.0403 | lr = 0.000333
epoch 027 | step 0240 | total = 4.6730 | box = 0.6389 | obj = 1.4354 | cls = 0.0429 | lr = 0.000333
epoch 027 | step 0260 | total = 4.7704 | box = 0.6611 | obj = 1.4293 | cls = 0.0354 | lr = 0.000333
epoch 027 | step 0280 | total = 5.8452 | box = 0.8359 | obj = 1.6178 | cls = 0.0481 | lr = 0.000333
epoch 027 | step 0300 | total = 4.1321 | box = 0.5284 | obj = 1.4482 | cls = 0.0420 | lr = 0.000333
epoch 027 | step 0320 | total = 4.7679 | box = 0.6276 | obj = 1.5880 | cls = 0.0420 | lr = 0.000333
epoch 027 | step 0340 | total = 4.1802 | box = 0.5316 | obj = 1.4857 | cls = 0.0365 | lr = 0.000333
epoch 027 | step 0360 | total = 4.6009 | box = 0.6282 | obj = 1.4202 | cls = 0.0395 | lr = 0.000333
epoch 027 | step 0380 | total = 5.1671 | box = 0.7203 | obj = 1.5303 | cls = 0.0353 | lr = 0.000333
epoch 027 | step 0400 | total = 4.7442 | box = 0.6355 | obj = 1.5253 | cls = 0.0412 | lr = 0.000333
epoch 027 | step 0420 | total = 3.1916 | box = 0.3937 | obj = 1.1840 | cls = 0.0390 | lr = 0.000333
epoch 027 | step 0440 | total = 4.2144 | box = 0.5129 | obj = 1.6034 | cls = 0.0463 | lr = 0.000333
epoch 027 | step 0460 | total = 4.6303 | box = 0.6313 | obj = 1.4339 | cls = 0.0398 | lr = 0.000333
epoch 027 | step 0480 | total = 4.9571 | box = 0.6879 | obj = 1.4855 | cls = 0.0322 | lr = 0.000333
epoch 027 | step 0500 | total = 4.6995 | box = 0.6297 | obj = 1.4965 | cls = 0.0546 | lr = 0.000333
epoch 027 | step 0520 | total = 4.3029 | box = 0.5567 | obj = 1.4810 | cls = 0.0384 | lr = 0.000333
epoch 027 | step 0540 | total = 5.4972 | box = 0.7904 | obj = 1.5092 | cls = 0.0360 | lr = 0.000333
epoch 027 | step 0560 | total = 4.2409 | box = 0.5480 | obj = 1.4605 | cls = 0.0404 | lr = 0.000333
epoch 027 | step 0580 | total = 4.7980 | box = 0.6352 | obj = 1.5844 | cls = 0.0377 | lr = 0.000333
epoch 027 | step 0600 | total = 4.4270 | box = 0.6085 | obj = 1.3429 | cls = 0.0418 | lr = 0.000333
epoch 027 | step 0620 | total = 4.3062 | box = 0.5550 | obj = 1.4885 | cls = 0.0428 | lr = 0.000333
epoch 027 | step 0640 | total = 4.3420 | box = 0.5683 | obj = 1.4585 | cls = 0.0420 | lr = 0.000333
epoch 027 | step 0660 | total = 4.5829 | box = 0.6296 | obj = 1.4045 | cls = 0.0305 | lr = 0.000333
epoch 027 | step 0680 | total = 4.1750 | box = 0.5414 | obj = 1.4240 | cls = 0.0438 | lr = 0.000333
epoch 027 | step 0700 | total = 4.1453 | box = 0.5272 | obj = 1.4711 | cls = 0.0382 | lr = 0.000333
epoch 027 | step 0720 | total = 5.0909 | box = 0.7297 | obj = 1.4121 | cls = 0.0301 | lr = 0.000333
epoch 027 | step 0740 | total = 4.9305 | box = 0.6700 | obj = 1.5425 | cls = 0.0381 | lr = 0.000333
epoch 027 | step 0760 | total = 3.9817 | box = 0.5082 | obj = 1.3990 | cls = 0.0418 | lr = 0.000333
epoch 027 | step 0780 | total = 4.9493 | box = 0.6727 | obj = 1.5545 | cls = 0.0312 | lr = 0.000333
epoch 027 | step 0800 | total = 4.3500 | box = 0.5774 | obj = 1.4201 | cls = 0.0432 | lr = 0.000333
epoch 027 | step 0820 | total = 4.3939 | box = 0.5699 | obj = 1.5014 | cls = 0.0431 | lr = 0.000333
epoch 027 | step 0840 | total = 3.8381 | box = 0.4770 | obj = 1.4128 | cls = 0.0403 | lr = 0.000333
epoch 027 | step 0860 | total = 4.5713 | box = 0.6116 | obj = 1.4769 | cls = 0.0362 | lr = 0.000333
epoch 027 | step 0880 | total = 4.6930 | box = 0.6066 | obj = 1.6121 | cls = 0.0478 | lr = 0.000333
epoch 027 | step 0900 | total = 4.2399 | box = 0.5246 | obj = 1.5814 | cls = 0.0356 | lr = 0.000333
epoch 027 | step 0920 | total = 4.6026 | box = 0.6072 | obj = 1.5321 | cls = 0.0344 | lr = 0.000333
[epoch 027 train] total = 4.4733 | box = 0.5931 | obj = 1.4680 | cls = 0.0401 | steps = 925 | global_batches = 7400 | samples = 118288 | time = 804.5s
[epoch 027 val] total = 4.5976 | box = 0.6105 | obj = 1.5048 | cls = 0.0403 | steps = 40 | global_batches = 320 | samples = 5000 | time = 23.5s
epoch 028 | step 0001 | total = 4.6575 | box = 0.6086 | obj = 1.5622 | cls = 0.0524 | lr = 0.000312
epoch 028 | step 0020 | total = 3.5243 | box = 0.4201 | obj = 1.3829 | cls = 0.0407 | lr = 0.000312
epoch 028 | step 0040 | total = 5.0821 | box = 0.6597 | obj = 1.7405 | cls = 0.0432 | lr = 0.000312
epoch 028 | step 0060 | total = 4.2881 | box = 0.5548 | obj = 1.4806 | cls = 0.0333 | lr = 0.000312
epoch 028 | step 0080 | total = 4.1938 | box = 0.5474 | obj = 1.4237 | cls = 0.0329 | lr = 0.000312
epoch 028 | step 0100 | total = 5.2248 | box = 0.7389 | obj = 1.4949 | cls = 0.0354 | lr = 0.000312
epoch 028 | step 0120 | total = 4.6888 | box = 0.6327 | obj = 1.4834 | cls = 0.0418 | lr = 0.000312
epoch 028 | step 0140 | total = 4.3763 | box = 0.5917 | obj = 1.3779 | cls = 0.0399 | lr = 0.000312
epoch 028 | step 0160 | total = 4.0532 | box = 0.4982 | obj = 1.5179 | cls = 0.0442 | lr = 0.000312
epoch 028 | step 0180 | total = 4.5454 | box = 0.6037 | obj = 1.4863 | cls = 0.0406 | lr = 0.000312
epoch 028 | step 0200 | total = 4.6572 | box = 0.6418 | obj = 1.4159 | cls = 0.0324 | lr = 0.000312
epoch 028 | step 0220 | total = 4.4259 | box = 0.5745 | obj = 1.5165 | cls = 0.0370 | lr = 0.000312
epoch 028 | step 0240 | total = 4.1221 | box = 0.5517 | obj = 1.3258 | cls = 0.0380 | lr = 0.000312
epoch 028 | step 0260 | total = 4.2797 | box = 0.5627 | obj = 1.4351 | cls = 0.0309 | lr = 0.000312
epoch 028 | step 0280 | total = 4.4865 | box = 0.5629 | obj = 1.6195 | cls = 0.0528 | lr = 0.000312
epoch 028 | step 0300 | total = 4.3385 | box = 0.5796 | obj = 1.4000 | cls = 0.0403 | lr = 0.000312
epoch 028 | step 0320 | total = 4.8932 | box = 0.6633 | obj = 1.5444 | cls = 0.0322 | lr = 0.000312
epoch 028 | step 0340 | total = 4.0000 | box = 0.5264 | obj = 1.3316 | cls = 0.0366 | lr = 0.000312
epoch 028 | step 0360 | total = 4.5336 | box = 0.6074 | obj = 1.4574 | cls = 0.0394 | lr = 0.000312
epoch 028 | step 0380 | total = 4.5682 | box = 0.6151 | obj = 1.4522 | cls = 0.0403 | lr = 0.000312
epoch 028 | step 0400 | total = 4.6267 | box = 0.6240 | obj = 1.4710 | cls = 0.0356 | lr = 0.000312
epoch 028 | step 0420 | total = 4.5559 | box = 0.6114 | obj = 1.4661 | cls = 0.0331 | lr = 0.000312
epoch 028 | step 0440 | total = 4.5433 | box = 0.6019 | obj = 1.4938 | cls = 0.0398 | lr = 0.000312
epoch 028 | step 0460 | total = 4.9110 | box = 0.6660 | obj = 1.5399 | cls = 0.0410 | lr = 0.000312
epoch 028 | step 0480 | total = 4.0415 | box = 0.5154 | obj = 1.4237 | cls = 0.0409 | lr = 0.000312
epoch 028 | step 0500 | total = 4.6998 | box = 0.6549 | obj = 1.3890 | cls = 0.0362 | lr = 0.000312
epoch 028 | step 0520 | total = 4.0708 | box = 0.5347 | obj = 1.3605 | cls = 0.0367 | lr = 0.000312
epoch 028 | step 0540 | total = 3.4896 | box = 0.4290 | obj = 1.3047 | cls = 0.0401 | lr = 0.000312
epoch 028 | step 0560 | total = 5.0538 | box = 0.7088 | obj = 1.4662 | cls = 0.0436 | lr = 0.000312
epoch 028 | step 0580 | total = 4.8084 | box = 0.6602 | obj = 1.4724 | cls = 0.0351 | lr = 0.000312
epoch 028 | step 0600 | total = 5.3139 | box = 0.7438 | obj = 1.5606 | cls = 0.0345 | lr = 0.000312
epoch 028 | step 0620 | total = 5.1427 | box = 0.7624 | obj = 1.2977 | cls = 0.0329 | lr = 0.000312
epoch 028 | step 0640 | total = 4.8484 | box = 0.6249 | obj = 1.6802 | cls = 0.0438 | lr = 0.000312
epoch 028 | step 0660 | total = 4.4016 | box = 0.5933 | obj = 1.3982 | cls = 0.0371 | lr = 0.000312
epoch 028 | step 0680 | total = 4.1089 | box = 0.5113 | obj = 1.5171 | cls = 0.0351 | lr = 0.000312
epoch 028 | step 0700 | total = 5.0070 | box = 0.7019 | obj = 1.4613 | cls = 0.0362 | lr = 0.000312
epoch 028 | step 0720 | total = 3.8326 | box = 0.5000 | obj = 1.2969 | cls = 0.0358 | lr = 0.000312
epoch 028 | step 0740 | total = 5.1992 | box = 0.7405 | obj = 1.4670 | cls = 0.0298 | lr = 0.000312
epoch 028 | step 0760 | total = 4.2363 | box = 0.5812 | obj = 1.2980 | cls = 0.0324 | lr = 0.000312
epoch 028 | step 0780 | total = 4.8741 | box = 0.6595 | obj = 1.5376 | cls = 0.0388 | lr = 0.000312
epoch 028 | step 0800 | total = 4.2290 | box = 0.5420 | obj = 1.4805 | cls = 0.0383 | lr = 0.000312
epoch 028 | step 0820 | total = 5.1062 | box = 0.7217 | obj = 1.4689 | cls = 0.0290 | lr = 0.000312
epoch 028 | step 0840 | total = 4.0647 | box = 0.5140 | obj = 1.4481 | cls = 0.0467 | lr = 0.000312
epoch 028 | step 0860 | total = 4.9585 | box = 0.6872 | obj = 1.4855 | cls = 0.0371 | lr = 0.000312
epoch 028 | step 0880 | total = 4.2016 | box = 0.5404 | obj = 1.4584 | cls = 0.0412 | lr = 0.000312
epoch 028 | step 0900 | total = 5.0970 | box = 0.7033 | obj = 1.5451 | cls = 0.0356 | lr = 0.000312
epoch 028 | step 0920 | total = 4.6350 | box = 0.6354 | obj = 1.4176 | cls = 0.0405 | lr = 0.000312
[epoch 028 train] total = 4.4484 | box = 0.5894 | obj = 1.4613 | cls = 0.0399 | steps = 925 | global_batches = 7400 | samples = 118288 | time = 805.3s
[epoch 028 val] total = 4.5978 | box = 0.6113 | obj = 1.5012 | cls = 0.0398 | steps = 40 | global_batches = 320 | samples = 5000 | time = 23.7s
epoch 029 | step 0001 | total = 4.0008 | box = 0.4975 | obj = 1.4714 | cls = 0.0418 | lr = 0.000290
epoch 029 | step 0020 | total = 4.3370 | box = 0.5581 | obj = 1.5058 | cls = 0.0408 | lr = 0.000290
epoch 029 | step 0040 | total = 3.9297 | box = 0.4977 | obj = 1.3945 | cls = 0.0470 | lr = 0.000290
epoch 029 | step 0060 | total = 4.6883 | box = 0.6336 | obj = 1.4733 | cls = 0.0467 | lr = 0.000290
epoch 029 | step 0080 | total = 4.3981 | box = 0.5836 | obj = 1.4428 | cls = 0.0374 | lr = 0.000290
epoch 029 | step 0100 | total = 4.4599 | box = 0.5774 | obj = 1.5259 | cls = 0.0470 | lr = 0.000290
epoch 029 | step 0120 | total = 5.1072 | box = 0.7084 | obj = 1.5299 | cls = 0.0351 | lr = 0.000290
epoch 029 | step 0140 | total = 4.5508 | box = 0.6036 | obj = 1.4770 | cls = 0.0559 | lr = 0.000290
epoch 029 | step 0160 | total = 4.4718 | box = 0.5900 | obj = 1.4884 | cls = 0.0334 | lr = 0.000290
epoch 029 | step 0180 | total = 4.4709 | box = 0.6066 | obj = 1.3981 | cls = 0.0397 | lr = 0.000290
epoch 029 | step 0200 | total = 4.4359 | box = 0.6052 | obj = 1.3762 | cls = 0.0337 | lr = 0.000290
epoch 029 | step 0220 | total = 4.0455 | box = 0.5238 | obj = 1.3852 | cls = 0.0415 | lr = 0.000290
epoch 029 | step 0240 | total = 4.0309 | box = 0.5266 | obj = 1.3568 | cls = 0.0410 | lr = 0.000290
epoch 029 | step 0260 | total = 4.1796 | box = 0.5387 | obj = 1.4447 | cls = 0.0413 | lr = 0.000290
epoch 029 | step 0280 | total = 4.5635 | box = 0.6434 | obj = 1.3070 | cls = 0.0394 | lr = 0.000290
epoch 029 | step 0300 | total = 3.7822 | box = 0.4591 | obj = 1.4485 | cls = 0.0383 | lr = 0.000290
epoch 029 | step 0320 | total = 3.8366 | box = 0.4880 | obj = 1.3620 | cls = 0.0346 | lr = 0.000290
epoch 029 | step 0340 | total = 5.2015 | box = 0.7359 | obj = 1.4864 | cls = 0.0355 | lr = 0.000290
epoch 029 | step 0360 | total = 4.2847 | box = 0.5541 | obj = 1.4754 | cls = 0.0391 | lr = 0.000290
epoch 029 | step 0380 | total = 4.6636 | box = 0.6397 | obj = 1.4307 | cls = 0.0343 | lr = 0.000290
epoch 029 | step 0400 | total = 4.4752 | box = 0.5673 | obj = 1.5897 | cls = 0.0489 | lr = 0.000290
epoch 029 | step 0420 | total = 4.5763 | box = 0.6260 | obj = 1.4060 | cls = 0.0403 | lr = 0.000290
epoch 029 | step 0440 | total = 4.9551 | box = 0.6703 | obj = 1.5600 | cls = 0.0434 | lr = 0.000290
epoch 029 | step 0460 | total = 4.1957 | box = 0.5547 | obj = 1.3902 | cls = 0.0318 | lr = 0.000290
epoch 029 | step 0480 | total = 3.7676 | box = 0.4594 | obj = 1.4228 | cls = 0.0479 | lr = 0.000290
epoch 029 | step 0500 | total = 4.5849 | box = 0.6083 | obj = 1.5006 | cls = 0.0430 | lr = 0.000290
epoch 029 | step 0520 | total = 4.0545 | box = 0.5175 | obj = 1.4248 | cls = 0.0422 | lr = 0.000290
epoch 029 | step 0540 | total = 4.4130 | box = 0.5855 | obj = 1.4528 | cls = 0.0328 | lr = 0.000290
epoch 029 | step 0560 | total = 5.0284 | box = 0.7032 | obj = 1.4819 | cls = 0.0306 | lr = 0.000290
epoch 029 | step 0580 | total = 4.4823 | box = 0.5990 | obj = 1.4549 | cls = 0.0326 | lr = 0.000290
epoch 029 | step 0600 | total = 4.6585 | box = 0.6554 | obj = 1.3547 | cls = 0.0266 | lr = 0.000290
epoch 029 | step 0620 | total = 5.2980 | box = 0.7223 | obj = 1.6389 | cls = 0.0474 | lr = 0.000290
epoch 029 | step 0640 | total = 4.2936 | box = 0.5864 | obj = 1.3296 | cls = 0.0321 | lr = 0.000290
epoch 029 | step 0660 | total = 4.4153 | box = 0.5892 | obj = 1.4365 | cls = 0.0328 | lr = 0.000290
epoch 029 | step 0680 | total = 4.7714 | box = 0.6611 | obj = 1.4289 | cls = 0.0371 | lr = 0.000290
epoch 029 | step 0700 | total = 4.4745 | box = 0.5605 | obj = 1.6211 | cls = 0.0510 | lr = 0.000290
epoch 029 | step 0720 | total = 4.4367 | box = 0.5884 | obj = 1.4515 | cls = 0.0433 | lr = 0.000290
epoch 029 | step 0740 | total = 4.1592 | box = 0.5469 | obj = 1.3871 | cls = 0.0378 | lr = 0.000290
epoch 029 | step 0760 | total = 4.2992 | box = 0.5641 | obj = 1.4444 | cls = 0.0342 | lr = 0.000290
epoch 029 | step 0780 | total = 4.6402 | box = 0.6189 | obj = 1.5048 | cls = 0.0409 | lr = 0.000290
epoch 029 | step 0800 | total = 5.0744 | box = 0.6943 | obj = 1.5600 | cls = 0.0429 | lr = 0.000290
epoch 029 | step 0820 | total = 5.7354 | box = 0.8407 | obj = 1.4949 | cls = 0.0368 | lr = 0.000290
epoch 029 | step 0840 | total = 4.0157 | box = 0.5294 | obj = 1.3295 | cls = 0.0391 | lr = 0.000290
epoch 029 | step 0860 | total = 4.6693 | box = 0.6426 | obj = 1.4211 | cls = 0.0350 | lr = 0.000290
epoch 029 | step 0880 | total = 4.5920 | box = 0.5962 | obj = 1.5632 | cls = 0.0480 | lr = 0.000290
epoch 029 | step 0900 | total = 4.8695 | box = 0.6657 | obj = 1.5026 | cls = 0.0382 | lr = 0.000290
epoch 029 | step 0920 | total = 4.8522 | box = 0.6553 | obj = 1.5427 | cls = 0.0330 | lr = 0.000290
[epoch 029 train] total = 4.4207 | box = 0.5855 | obj = 1.4533 | cls = 0.0396 | steps = 925 | global_batches = 7400 | samples = 118288 | time = 802.8s
[epoch 029 val] total = 4.6061 | box = 0.6111 | obj = 1.5106 | cls = 0.0400 | steps = 40 | global_batches = 320 | samples = 5000 | time = 23.4s
epoch 030 | step 0001 | total = 4.2556 | box = 0.5367 | obj = 1.5368 | cls = 0.0354 | lr = 0.000269
epoch 030 | step 0020 | total = 4.0180 | box = 0.5154 | obj = 1.4072 | cls = 0.0336 | lr = 0.000269
epoch 030 | step 0040 | total = 4.3642 | box = 0.5686 | obj = 1.4816 | cls = 0.0397 | lr = 0.000269
epoch 030 | step 0060 | total = 4.3858 | box = 0.5813 | obj = 1.4357 | cls = 0.0436 | lr = 0.000269
epoch 030 | step 0080 | total = 4.8170 | box = 0.6643 | obj = 1.4603 | cls = 0.0351 | lr = 0.000269
epoch 030 | step 0100 | total = 4.1109 | box = 0.5259 | obj = 1.4387 | cls = 0.0427 | lr = 0.000269
epoch 030 | step 0120 | total = 4.2282 | box = 0.5362 | obj = 1.5106 | cls = 0.0366 | lr = 0.000269
epoch 030 | step 0140 | total = 5.1011 | box = 0.7025 | obj = 1.5556 | cls = 0.0330 | lr = 0.000269
epoch 030 | step 0160 | total = 4.6697 | box = 0.6303 | obj = 1.4795 | cls = 0.0389 | lr = 0.000269
epoch 030 | step 0180 | total = 3.8517 | box = 0.4842 | obj = 1.3948 | cls = 0.0360 | lr = 0.000269
epoch 030 | step 0200 | total = 4.4839 | box = 0.6005 | obj = 1.4468 | cls = 0.0347 | lr = 0.000269
epoch 030 | step 0220 | total = 3.5487 | box = 0.4412 | obj = 1.3027 | cls = 0.0401 | lr = 0.000269
epoch 030 | step 0240 | total = 3.7453 | box = 0.4700 | obj = 1.3575 | cls = 0.0376 | lr = 0.000269
epoch 030 | step 0260 | total = 4.8510 | box = 0.6750 | obj = 1.4312 | cls = 0.0450 | lr = 0.000269
epoch 030 | step 0280 | total = 4.3509 | box = 0.5805 | obj = 1.4104 | cls = 0.0380 | lr = 0.000269
epoch 030 | step 0300 | total = 4.8405 | box = 0.6431 | obj = 1.5900 | cls = 0.0352 | lr = 0.000269
epoch 030 | step 0320 | total = 5.1335 | box = 0.7431 | obj = 1.3784 | cls = 0.0397 | lr = 0.000269
epoch 030 | step 0340 | total = 4.5543 | box = 0.5770 | obj = 1.6165 | cls = 0.0525 | lr = 0.000269
epoch 030 | step 0360 | total = 4.2904 | box = 0.5542 | obj = 1.4774 | cls = 0.0422 | lr = 0.000269
epoch 030 | step 0380 | total = 4.4797 | box = 0.6004 | obj = 1.4362 | cls = 0.0417 | lr = 0.000269
epoch 030 | step 0400 | total = 4.8009 | box = 0.6634 | obj = 1.4417 | cls = 0.0423 | lr = 0.000269
epoch 030 | step 0420 | total = 4.3683 | box = 0.5586 | obj = 1.5252 | cls = 0.0500 | lr = 0.000269
epoch 030 | step 0440 | total = 4.3587 | box = 0.5573 | obj = 1.5383 | cls = 0.0340 | lr = 0.000269
epoch 030 | step 0460 | total = 4.8206 | box = 0.6471 | obj = 1.5385 | cls = 0.0467 | lr = 0.000269
epoch 030 | step 0480 | total = 3.9053 | box = 0.5075 | obj = 1.3283 | cls = 0.0392 | lr = 0.000269
epoch 030 | step 0500 | total = 4.0527 | box = 0.5062 | obj = 1.4835 | cls = 0.0382 | lr = 0.000269
epoch 030 | step 0520 | total = 5.0191 | box = 0.7064 | obj = 1.4457 | cls = 0.0412 | lr = 0.000269
epoch 030 | step 0540 | total = 4.7241 | box = 0.6268 | obj = 1.5514 | cls = 0.0387 | lr = 0.000269
epoch 030 | step 0560 | total = 4.5495 | box = 0.6053 | obj = 1.4791 | cls = 0.0440 | lr = 0.000269
epoch 030 | step 0580 | total = 4.7031 | box = 0.6631 | obj = 1.3541 | cls = 0.0334 | lr = 0.000269
epoch 030 | step 0600 | total = 3.5622 | box = 0.4335 | obj = 1.3612 | cls = 0.0337 | lr = 0.000269
epoch 030 | step 0620 | total = 4.8934 | box = 0.6896 | obj = 1.4055 | cls = 0.0402 | lr = 0.000269
epoch 030 | step 0640 | total = 5.0968 | box = 0.7101 | obj = 1.5020 | cls = 0.0443 | lr = 0.000269
epoch 030 | step 0660 | total = 4.8808 | box = 0.6680 | obj = 1.5057 | cls = 0.0352 | lr = 0.000269
epoch 030 | step 0680 | total = 4.1886 | box = 0.5505 | obj = 1.3988 | cls = 0.0371 | lr = 0.000269
epoch 030 | step 0700 | total = 3.9712 | box = 0.5102 | obj = 1.3808 | cls = 0.0393 | lr = 0.000269
epoch 030 | step 0720 | total = 4.4703 | box = 0.5722 | obj = 1.5685 | cls = 0.0409 | lr = 0.000269
epoch 030 | step 0740 | total = 4.3746 | box = 0.5917 | obj = 1.3740 | cls = 0.0419 | lr = 0.000269
epoch 030 | step 0760 | total = 4.0167 | box = 0.5107 | obj = 1.4210 | cls = 0.0422 | lr = 0.000269
epoch 030 | step 0780 | total = 4.2687 | box = 0.5799 | obj = 1.3334 | cls = 0.0356 | lr = 0.000269
epoch 030 | step 0800 | total = 3.5107 | box = 0.4251 | obj = 1.3322 | cls = 0.0530 | lr = 0.000269
epoch 030 | step 0820 | total = 5.0005 | box = 0.7113 | obj = 1.4046 | cls = 0.0396 | lr = 0.000269
epoch 030 | step 0840 | total = 4.6384 | box = 0.6401 | obj = 1.4067 | cls = 0.0313 | lr = 0.000269
epoch 030 | step 0860 | total = 3.9406 | box = 0.5058 | obj = 1.3761 | cls = 0.0357 | lr = 0.000269
epoch 030 | step 0880 | total = 4.4364 | box = 0.5714 | obj = 1.5359 | cls = 0.0432 | lr = 0.000269
epoch 030 | step 0900 | total = 4.8748 | box = 0.6816 | obj = 1.4341 | cls = 0.0328 | lr = 0.000269
epoch 030 | step 0920 | total = 4.7957 | box = 0.6541 | obj = 1.4881 | cls = 0.0370 | lr = 0.000269
[epoch 030 train] total = 4.3945 | box = 0.5817 | obj = 1.4467 | cls = 0.0394 | steps = 925 | global_batches = 7400 | samples = 118288 | time = 803.2s
[epoch 030 val] total = 4.5489 | box = 0.6028 | obj = 1.4953 | cls = 0.0398 | steps = 40 | global_batches = 320 | samples = 5000 | time = 23.2s
epoch 031 | step 0001 | total = 4.4952 | box = 0.5863 | obj = 1.5174 | cls = 0.0464 | lr = 0.000248
epoch 031 | step 0020 | total = 4.9834 | box = 0.7041 | obj = 1.4254 | cls = 0.0374 | lr = 0.000248
epoch 031 | step 0040 | total = 4.4992 | box = 0.5655 | obj = 1.6301 | cls = 0.0418 | lr = 0.000248
epoch 031 | step 0060 | total = 3.7255 | box = 0.4543 | obj = 1.4062 | cls = 0.0475 | lr = 0.000248
epoch 031 | step 0080 | total = 4.2303 | box = 0.5438 | obj = 1.4798 | cls = 0.0314 | lr = 0.000248
epoch 031 | step 0100 | total = 4.2536 | box = 0.5631 | obj = 1.4081 | cls = 0.0297 | lr = 0.000248
epoch 031 | step 0120 | total = 5.0837 | box = 0.7007 | obj = 1.5410 | cls = 0.0390 | lr = 0.000248
epoch 031 | step 0140 | total = 5.1230 | box = 0.7141 | obj = 1.5202 | cls = 0.0324 | lr = 0.000248
epoch 031 | step 0160 | total = 4.8962 | box = 0.6649 | obj = 1.5365 | cls = 0.0354 | lr = 0.000248
epoch 031 | step 0180 | total = 4.8358 | box = 0.6660 | obj = 1.4691 | cls = 0.0368 | lr = 0.000248
epoch 031 | step 0200 | total = 4.2571 | box = 0.5702 | obj = 1.3701 | cls = 0.0358 | lr = 0.000248
epoch 031 | step 0220 | total = 4.8366 | box = 0.6549 | obj = 1.5176 | cls = 0.0446 | lr = 0.000248
epoch 031 | step 0240 | total = 4.3485 | box = 0.5631 | obj = 1.4922 | cls = 0.0409 | lr = 0.000248
epoch 031 | step 0260 | total = 4.8147 | box = 0.6290 | obj = 1.6294 | cls = 0.0402 | lr = 0.000248
epoch 031 | step 0280 | total = 3.4885 | box = 0.4388 | obj = 1.2568 | cls = 0.0377 | lr = 0.000248
epoch 031 | step 0300 | total = 4.0520 | box = 0.5429 | obj = 1.2980 | cls = 0.0394 | lr = 0.000248
epoch 031 | step 0320 | total = 3.5989 | box = 0.4446 | obj = 1.3418 | cls = 0.0342 | lr = 0.000248
epoch 031 | step 0340 | total = 3.9949 | box = 0.4948 | obj = 1.4733 | cls = 0.0477 | lr = 0.000248
epoch 031 | step 0360 | total = 3.7240 | box = 0.4748 | obj = 1.3140 | cls = 0.0361 | lr = 0.000248
epoch 031 | step 0380 | total = 4.5359 | box = 0.6057 | obj = 1.4669 | cls = 0.0407 | lr = 0.000248
epoch 031 | step 0400 | total = 4.7423 | box = 0.6551 | obj = 1.4296 | cls = 0.0372 | lr = 0.000248
epoch 031 | step 0420 | total = 4.5627 | box = 0.6151 | obj = 1.4413 | cls = 0.0461 | lr = 0.000248
epoch 031 | step 0440 | total = 4.3409 | box = 0.5833 | obj = 1.3890 | cls = 0.0353 | lr = 0.000248
epoch 031 | step 0460 | total = 4.5734 | box = 0.6237 | obj = 1.4157 | cls = 0.0391 | lr = 0.000248
epoch 031 | step 0480 | total = 4.9081 | box = 0.6723 | obj = 1.5121 | cls = 0.0345 | lr = 0.000248
epoch 031 | step 0500 | total = 4.9018 | box = 0.6703 | obj = 1.5156 | cls = 0.0347 | lr = 0.000248
epoch 031 | step 0520 | total = 4.4874 | box = 0.5995 | obj = 1.4541 | cls = 0.0358 | lr = 0.000248
epoch 031 | step 0540 | total = 4.9347 | box = 0.6401 | obj = 1.6983 | cls = 0.0360 | lr = 0.000248
epoch 031 | step 0560 | total = 4.4596 | box = 0.5665 | obj = 1.5834 | cls = 0.0436 | lr = 0.000248
epoch 031 | step 0580 | total = 3.7689 | box = 0.4595 | obj = 1.4250 | cls = 0.0465 | lr = 0.000248
epoch 031 | step 0600 | total = 4.3461 | box = 0.5906 | obj = 1.3474 | cls = 0.0455 | lr = 0.000248
epoch 031 | step 0620 | total = 4.2133 | box = 0.5355 | obj = 1.4933 | cls = 0.0422 | lr = 0.000248
epoch 031 | step 0640 | total = 4.3250 | box = 0.5799 | obj = 1.3931 | cls = 0.0325 | lr = 0.000248
epoch 031 | step 0660 | total = 4.7225 | box = 0.6372 | obj = 1.4972 | cls = 0.0395 | lr = 0.000248
epoch 031 | step 0680 | total = 4.5124 | box = 0.5600 | obj = 1.6710 | cls = 0.0413 | lr = 0.000248
epoch 031 | step 0700 | total = 4.4805 | box = 0.5905 | obj = 1.4836 | cls = 0.0444 | lr = 0.000248
epoch 031 | step 0720 | total = 4.3597 | box = 0.5706 | obj = 1.4672 | cls = 0.0396 | lr = 0.000248
epoch 031 | step 0740 | total = 4.2617 | box = 0.5336 | obj = 1.5525 | cls = 0.0413 | lr = 0.000248
epoch 031 | step 0760 | total = 4.3627 | box = 0.5651 | obj = 1.4991 | cls = 0.0381 | lr = 0.000248
epoch 031 | step 0780 | total = 4.6008 | box = 0.5941 | obj = 1.5905 | cls = 0.0396 | lr = 0.000248
epoch 031 | step 0800 | total = 4.3439 | box = 0.5754 | obj = 1.4296 | cls = 0.0372 | lr = 0.000248
epoch 031 | step 0820 | total = 3.2373 | box = 0.3750 | obj = 1.3101 | cls = 0.0520 | lr = 0.000248
epoch 031 | step 0840 | total = 3.7739 | box = 0.4733 | obj = 1.3644 | cls = 0.0429 | lr = 0.000248
epoch 031 | step 0860 | total = 4.1006 | box = 0.5430 | obj = 1.3537 | cls = 0.0321 | lr = 0.000248
epoch 031 | step 0880 | total = 3.8709 | box = 0.4597 | obj = 1.5311 | cls = 0.0411 | lr = 0.000248
epoch 031 | step 0900 | total = 4.3090 | box = 0.5795 | obj = 1.3785 | cls = 0.0330 | lr = 0.000248
epoch 031 | step 0920 | total = 4.5300 | box = 0.5885 | obj = 1.5432 | cls = 0.0443 | lr = 0.000248
[epoch 031 train] total = 4.3739 | box = 0.5785 | obj = 1.4420 | cls = 0.0392 | steps = 925 | global_batches = 7400 | samples = 118288 | time = 803.6s
[epoch 031 val] total = 4.5439 | box = 0.6014 | obj = 1.4970 | cls = 0.0399 | steps = 40 | global_batches = 320 | samples = 5000 | time = 23.5s
epoch 032 | step 0001 | total = 4.6069 | box = 0.6263 | obj = 1.4379 | cls = 0.0378 | lr = 0.000228
epoch 032 | step 0020 | total = 4.2582 | box = 0.5636 | obj = 1.4054 | cls = 0.0348 | lr = 0.000228
epoch 032 | step 0040 | total = 4.2963 | box = 0.5971 | obj = 1.2813 | cls = 0.0296 | lr = 0.000228
epoch 032 | step 0060 | total = 5.0959 | box = 0.7273 | obj = 1.4311 | cls = 0.0283 | lr = 0.000228
epoch 032 | step 0080 | total = 4.7254 | box = 0.5949 | obj = 1.7081 | cls = 0.0426 | lr = 0.000228
epoch 032 | step 0100 | total = 4.5465 | box = 0.6090 | obj = 1.4614 | cls = 0.0401 | lr = 0.000228
epoch 032 | step 0120 | total = 4.0110 | box = 0.5028 | obj = 1.4617 | cls = 0.0354 | lr = 0.000228
epoch 032 | step 0140 | total = 3.8870 | box = 0.4908 | obj = 1.3947 | cls = 0.0384 | lr = 0.000228
epoch 032 | step 0160 | total = 4.2970 | box = 0.5889 | obj = 1.3136 | cls = 0.0387 | lr = 0.000228
epoch 032 | step 0180 | total = 4.2557 | box = 0.5597 | obj = 1.4202 | cls = 0.0370 | lr = 0.000228
epoch 032 | step 0200 | total = 3.7463 | box = 0.4657 | obj = 1.3707 | cls = 0.0474 | lr = 0.000228
epoch 032 | step 0220 | total = 5.3204 | box = 0.7595 | obj = 1.4838 | cls = 0.0388 | lr = 0.000228
epoch 032 | step 0240 | total = 3.8853 | box = 0.5035 | obj = 1.3361 | cls = 0.0317 | lr = 0.000228
epoch 032 | step 0260 | total = 4.5648 | box = 0.6226 | obj = 1.4115 | cls = 0.0402 | lr = 0.000228
epoch 032 | step 0280 | total = 4.5266 | box = 0.5717 | obj = 1.6359 | cls = 0.0324 | lr = 0.000228
epoch 032 | step 0300 | total = 3.9375 | box = 0.5099 | obj = 1.3519 | cls = 0.0363 | lr = 0.000228
epoch 032 | step 0320 | total = 4.1121 | box = 0.5361 | obj = 1.3925 | cls = 0.0390 | lr = 0.000228
epoch 032 | step 0340 | total = 4.8589 | box = 0.6579 | obj = 1.5342 | cls = 0.0352 | lr = 0.000228
epoch 032 | step 0360 | total = 4.1242 | box = 0.5568 | obj = 1.3084 | cls = 0.0315 | lr = 0.000228
epoch 032 | step 0380 | total = 3.8983 | box = 0.4678 | obj = 1.5136 | cls = 0.0455 | lr = 0.000228
epoch 032 | step 0400 | total = 4.6883 | box = 0.6698 | obj = 1.3096 | cls = 0.0297 | lr = 0.000228
epoch 032 | step 0420 | total = 3.3236 | box = 0.4101 | obj = 1.2211 | cls = 0.0520 | lr = 0.000228
epoch 032 | step 0440 | total = 4.3684 | box = 0.5369 | obj = 1.6453 | cls = 0.0388 | lr = 0.000228
epoch 032 | step 0460 | total = 4.0508 | box = 0.5143 | obj = 1.4404 | cls = 0.0387 | lr = 0.000228
epoch 032 | step 0480 | total = 4.3910 | box = 0.5948 | obj = 1.3815 | cls = 0.0354 | lr = 0.000228
epoch 032 | step 0500 | total = 3.8649 | box = 0.4590 | obj = 1.5227 | cls = 0.0472 | lr = 0.000228
epoch 032 | step 0520 | total = 4.5484 | box = 0.6102 | obj = 1.4604 | cls = 0.0369 | lr = 0.000228
epoch 032 | step 0540 | total = 4.6034 | box = 0.6295 | obj = 1.4228 | cls = 0.0333 | lr = 0.000228
epoch 032 | step 0560 | total = 4.5282 | box = 0.6060 | obj = 1.4525 | cls = 0.0459 | lr = 0.000228
epoch 032 | step 0580 | total = 5.0366 | box = 0.6989 | obj = 1.5051 | cls = 0.0368 | lr = 0.000228
epoch 032 | step 0600 | total = 3.8091 | box = 0.4930 | obj = 1.3120 | cls = 0.0321 | lr = 0.000228
epoch 032 | step 0620 | total = 4.7233 | box = 0.6383 | obj = 1.5003 | cls = 0.0315 | lr = 0.000228
epoch 032 | step 0640 | total = 4.9927 | box = 0.7152 | obj = 1.3813 | cls = 0.0356 | lr = 0.000228
epoch 032 | step 0660 | total = 4.0646 | box = 0.5151 | obj = 1.4530 | cls = 0.0363 | lr = 0.000228
epoch 032 | step 0680 | total = 3.5394 | box = 0.4356 | obj = 1.3215 | cls = 0.0399 | lr = 0.000228
epoch 032 | step 0700 | total = 4.2323 | box = 0.5643 | obj = 1.3711 | cls = 0.0396 | lr = 0.000228
epoch 032 | step 0720 | total = 4.2962 | box = 0.5589 | obj = 1.4682 | cls = 0.0335 | lr = 0.000228
epoch 032 | step 0740 | total = 3.9957 | box = 0.5040 | obj = 1.4357 | cls = 0.0399 | lr = 0.000228
epoch 032 | step 0760 | total = 4.4745 | box = 0.6117 | obj = 1.3748 | cls = 0.0414 | lr = 0.000228
epoch 032 | step 0780 | total = 4.2475 | box = 0.5506 | obj = 1.4463 | cls = 0.0482 | lr = 0.000228
epoch 032 | step 0800 | total = 4.1852 | box = 0.5456 | obj = 1.4175 | cls = 0.0398 | lr = 0.000228
epoch 032 | step 0820 | total = 3.8896 | box = 0.4925 | obj = 1.3841 | cls = 0.0429 | lr = 0.000228
epoch 032 | step 0840 | total = 4.0322 | box = 0.5448 | obj = 1.2650 | cls = 0.0434 | lr = 0.000228
epoch 032 | step 0860 | total = 3.8167 | box = 0.5032 | obj = 1.2649 | cls = 0.0356 | lr = 0.000228
epoch 032 | step 0880 | total = 3.9814 | box = 0.4867 | obj = 1.5022 | cls = 0.0456 | lr = 0.000228
epoch 032 | step 0900 | total = 4.4171 | box = 0.5921 | obj = 1.4225 | cls = 0.0340 | lr = 0.000228
epoch 032 | step 0920 | total = 4.4493 | box = 0.6128 | obj = 1.3546 | cls = 0.0307 | lr = 0.000228
[epoch 032 train] total = 4.3419 | box = 0.5741 | obj = 1.4325 | cls = 0.0390 | steps = 925 | global_batches = 7400 | samples = 118288 | time = 803.6s
[epoch 032 val] total = 4.5143 | box = 0.5976 | obj = 1.4865 | cls = 0.0399 | steps = 40 | global_batches = 320 | samples = 5000 | time = 23.5s
epoch 033 | step 0001 | total = 4.4806 | box = 0.5960 | obj = 1.4545 | cls = 0.0461 | lr = 0.000208
epoch 033 | step 0020 | total = 4.4815 | box = 0.5963 | obj = 1.4565 | cls = 0.0433 | lr = 0.000208
epoch 033 | step 0040 | total = 4.3598 | box = 0.5291 | obj = 1.6484 | cls = 0.0659 | lr = 0.000208
epoch 033 | step 0060 | total = 3.2620 | box = 0.3876 | obj = 1.2802 | cls = 0.0437 | lr = 0.000208
epoch 033 | step 0080 | total = 4.9921 | box = 0.6859 | obj = 1.5248 | cls = 0.0378 | lr = 0.000208
epoch 033 | step 0100 | total = 4.4899 | box = 0.5836 | obj = 1.5339 | cls = 0.0382 | lr = 0.000208
epoch 033 | step 0120 | total = 4.9175 | box = 0.7124 | obj = 1.3271 | cls = 0.0283 | lr = 0.000208
epoch 033 | step 0140 | total = 5.1617 | box = 0.7090 | obj = 1.5826 | cls = 0.0340 | lr = 0.000208
epoch 033 | step 0160 | total = 4.4143 | box = 0.5770 | obj = 1.4821 | cls = 0.0474 | lr = 0.000208
epoch 033 | step 0180 | total = 4.2215 | box = 0.5669 | obj = 1.3539 | cls = 0.0330 | lr = 0.000208
epoch 033 | step 0200 | total = 4.7913 | box = 0.6478 | obj = 1.5087 | cls = 0.0434 | lr = 0.000208
epoch 033 | step 0220 | total = 3.9787 | box = 0.5280 | obj = 1.2995 | cls = 0.0390 | lr = 0.000208
epoch 033 | step 0240 | total = 4.4705 | box = 0.5975 | obj = 1.4472 | cls = 0.0356 | lr = 0.000208
epoch 033 | step 0260 | total = 4.1787 | box = 0.5244 | obj = 1.5155 | cls = 0.0411 | lr = 0.000208
epoch 033 | step 0280 | total = 4.3959 | box = 0.5911 | obj = 1.4040 | cls = 0.0365 | lr = 0.000208
epoch 033 | step 0300 | total = 4.4756 | box = 0.5933 | obj = 1.4730 | cls = 0.0361 | lr = 0.000208
epoch 033 | step 0320 | total = 3.3565 | box = 0.4017 | obj = 1.3070 | cls = 0.0412 | lr = 0.000208
epoch 033 | step 0340 | total = 5.3609 | box = 0.7520 | obj = 1.5605 | cls = 0.0403 | lr = 0.000208
epoch 033 | step 0360 | total = 4.1034 | box = 0.5327 | obj = 1.3927 | cls = 0.0473 | lr = 0.000208
epoch 033 | step 0380 | total = 4.1383 | box = 0.5464 | obj = 1.3612 | cls = 0.0451 | lr = 0.000208
epoch 033 | step 0400 | total = 4.1096 | box = 0.5285 | obj = 1.4284 | cls = 0.0388 | lr = 0.000208
epoch 033 | step 0420 | total = 4.8238 | box = 0.6953 | obj = 1.3134 | cls = 0.0341 | lr = 0.000208
epoch 033 | step 0440 | total = 3.4743 | box = 0.4255 | obj = 1.3058 | cls = 0.0409 | lr = 0.000208
epoch 033 | step 0460 | total = 4.0421 | box = 0.5227 | obj = 1.4004 | cls = 0.0283 | lr = 0.000208
epoch 033 | step 0480 | total = 4.0453 | box = 0.5175 | obj = 1.4243 | cls = 0.0335 | lr = 0.000208
epoch 033 | step 0500 | total = 5.2640 | box = 0.7245 | obj = 1.5970 | cls = 0.0446 | lr = 0.000208
epoch 033 | step 0520 | total = 4.1268 | box = 0.5408 | obj = 1.3875 | cls = 0.0353 | lr = 0.000208
epoch 033 | step 0540 | total = 4.8511 | box = 0.6671 | obj = 1.4797 | cls = 0.0360 | lr = 0.000208
epoch 033 | step 0560 | total = 3.5187 | box = 0.4224 | obj = 1.3688 | cls = 0.0380 | lr = 0.000208
epoch 033 | step 0580 | total = 4.4148 | box = 0.5932 | obj = 1.4041 | cls = 0.0445 | lr = 0.000208
epoch 033 | step 0600 | total = 4.0663 | box = 0.5047 | obj = 1.5004 | cls = 0.0424 | lr = 0.000208
epoch 033 | step 0620 | total = 4.7025 | box = 0.6559 | obj = 1.3847 | cls = 0.0385 | lr = 0.000208
epoch 033 | step 0640 | total = 4.3734 | box = 0.5889 | obj = 1.3914 | cls = 0.0374 | lr = 0.000208
epoch 033 | step 0660 | total = 4.8909 | box = 0.6839 | obj = 1.4282 | cls = 0.0430 | lr = 0.000208
epoch 033 | step 0680 | total = 4.3744 | box = 0.6217 | obj = 1.2299 | cls = 0.0358 | lr = 0.000208
epoch 033 | step 0700 | total = 3.3890 | box = 0.3913 | obj = 1.3975 | cls = 0.0348 | lr = 0.000208
epoch 033 | step 0720 | total = 4.0835 | box = 0.5223 | obj = 1.4311 | cls = 0.0409 | lr = 0.000208
epoch 033 | step 0740 | total = 4.0895 | box = 0.5438 | obj = 1.3346 | cls = 0.0358 | lr = 0.000208
epoch 033 | step 0760 | total = 4.3146 | box = 0.5886 | obj = 1.3421 | cls = 0.0295 | lr = 0.000208
epoch 033 | step 0780 | total = 4.0917 | box = 0.5174 | obj = 1.4647 | cls = 0.0399 | lr = 0.000208
epoch 033 | step 0800 | total = 5.1899 | box = 0.7288 | obj = 1.5070 | cls = 0.0387 | lr = 0.000208
epoch 033 | step 0820 | total = 4.8142 | box = 0.6546 | obj = 1.5039 | cls = 0.0372 | lr = 0.000208
epoch 033 | step 0840 | total = 3.5441 | box = 0.4091 | obj = 1.4581 | cls = 0.0406 | lr = 0.000208
epoch 033 | step 0860 | total = 4.9741 | box = 0.7063 | obj = 1.4130 | cls = 0.0298 | lr = 0.000208
epoch 033 | step 0880 | total = 4.9401 | box = 0.6478 | obj = 1.6609 | cls = 0.0404 | lr = 0.000208
epoch 033 | step 0900 | total = 3.5660 | box = 0.4349 | obj = 1.3547 | cls = 0.0366 | lr = 0.000208
epoch 033 | step 0920 | total = 3.7528 | box = 0.4762 | obj = 1.3280 | cls = 0.0439 | lr = 0.000208
[epoch 033 train] total = 4.3275 | box = 0.5722 | obj = 1.4277 | cls = 0.0389 | steps = 925 | global_batches = 7400 | samples = 118288 | time = 802.9s
[epoch 033 val] total = 4.5110 | box = 0.5969 | obj = 1.4874 | cls = 0.0392 | steps = 40 | global_batches = 320 | samples = 5000 | time = 23.6s
epoch 034 | step 0001 | total = 3.5392 | box = 0.4020 | obj = 1.4859 | cls = 0.0432 | lr = 0.000189
epoch 034 | step 0020 | total = 4.5944 | box = 0.5973 | obj = 1.5653 | cls = 0.0425 | lr = 0.000189
epoch 034 | step 0040 | total = 3.9596 | box = 0.5142 | obj = 1.3401 | cls = 0.0484 | lr = 0.000189
epoch 034 | step 0060 | total = 3.9792 | box = 0.5358 | obj = 1.2617 | cls = 0.0383 | lr = 0.000189
epoch 034 | step 0080 | total = 4.3051 | box = 0.5567 | obj = 1.4799 | cls = 0.0415 | lr = 0.000189
epoch 034 | step 0100 | total = 4.0118 | box = 0.5200 | obj = 1.3730 | cls = 0.0390 | lr = 0.000189
epoch 034 | step 0120 | total = 4.9565 | box = 0.6684 | obj = 1.5697 | cls = 0.0447 | lr = 0.000189
epoch 034 | step 0140 | total = 4.3218 | box = 0.5630 | obj = 1.4687 | cls = 0.0382 | lr = 0.000189
epoch 034 | step 0160 | total = 4.3482 | box = 0.5623 | obj = 1.4949 | cls = 0.0420 | lr = 0.000189
epoch 034 | step 0180 | total = 4.3479 | box = 0.5747 | obj = 1.4339 | cls = 0.0403 | lr = 0.000189
epoch 034 | step 0200 | total = 3.1898 | box = 0.3669 | obj = 1.3156 | cls = 0.0399 | lr = 0.000189
epoch 034 | step 0220 | total = 4.3992 | box = 0.5762 | obj = 1.4826 | cls = 0.0356 | lr = 0.000189
epoch 034 | step 0240 | total = 3.9258 | box = 0.4998 | obj = 1.3854 | cls = 0.0412 | lr = 0.000189
epoch 034 | step 0260 | total = 4.0244 | box = 0.5179 | obj = 1.3969 | cls = 0.0379 | lr = 0.000189
epoch 034 | step 0280 | total = 3.3733 | box = 0.4246 | obj = 1.2117 | cls = 0.0387 | lr = 0.000189
epoch 034 | step 0300 | total = 4.1123 | box = 0.5516 | obj = 1.3049 | cls = 0.0493 | lr = 0.000189
epoch 034 | step 0320 | total = 3.8022 | box = 0.4910 | obj = 1.3021 | cls = 0.0450 | lr = 0.000189
epoch 034 | step 0340 | total = 4.2982 | box = 0.5759 | obj = 1.3779 | cls = 0.0406 | lr = 0.000189
epoch 034 | step 0360 | total = 3.6009 | box = 0.4500 | obj = 1.3149 | cls = 0.0361 | lr = 0.000189
epoch 034 | step 0380 | total = 3.3852 | box = 0.4069 | obj = 1.3049 | cls = 0.0457 | lr = 0.000189
epoch 034 | step 0400 | total = 4.1196 | box = 0.5407 | obj = 1.3816 | cls = 0.0343 | lr = 0.000189
epoch 034 | step 0420 | total = 4.5020 | box = 0.5769 | obj = 1.5788 | cls = 0.0387 | lr = 0.000189
epoch 034 | step 0440 | total = 4.3253 | box = 0.5599 | obj = 1.4866 | cls = 0.0390 | lr = 0.000189
epoch 034 | step 0460 | total = 4.4684 | box = 0.5885 | obj = 1.4886 | cls = 0.0371 | lr = 0.000189
epoch 034 | step 0480 | total = 3.9277 | box = 0.5153 | obj = 1.3116 | cls = 0.0393 | lr = 0.000189
epoch 034 | step 0500 | total = 4.3170 | box = 0.5548 | obj = 1.5021 | cls = 0.0409 | lr = 0.000189
epoch 034 | step 0520 | total = 4.3573 | box = 0.5713 | obj = 1.4584 | cls = 0.0423 | lr = 0.000189
epoch 034 | step 0540 | total = 4.3819 | box = 0.5953 | obj = 1.3710 | cls = 0.0344 | lr = 0.000189
epoch 034 | step 0560 | total = 4.5186 | box = 0.5866 | obj = 1.5514 | cls = 0.0340 | lr = 0.000189
epoch 034 | step 0580 | total = 4.2440 | box = 0.5901 | obj = 1.2646 | cls = 0.0290 | lr = 0.000189
epoch 034 | step 0600 | total = 3.5969 | box = 0.4591 | obj = 1.2583 | cls = 0.0430 | lr = 0.000189
epoch 034 | step 0620 | total = 4.5451 | box = 0.5957 | obj = 1.5267 | cls = 0.0398 | lr = 0.000189
epoch 034 | step 0640 | total = 4.8240 | box = 0.6665 | obj = 1.4560 | cls = 0.0355 | lr = 0.000189
epoch 034 | step 0660 | total = 4.1442 | box = 0.5505 | obj = 1.3603 | cls = 0.0313 | lr = 0.000189
epoch 034 | step 0680 | total = 4.5276 | box = 0.6044 | obj = 1.4686 | cls = 0.0371 | lr = 0.000189
epoch 034 | step 0700 | total = 4.2029 | box = 0.5422 | obj = 1.4450 | cls = 0.0470 | lr = 0.000189
epoch 034 | step 0720 | total = 4.7285 | box = 0.6389 | obj = 1.4952 | cls = 0.0390 | lr = 0.000189
epoch 034 | step 0740 | total = 4.1269 | box = 0.5271 | obj = 1.4483 | cls = 0.0430 | lr = 0.000189
epoch 034 | step 0760 | total = 4.2116 | box = 0.5144 | obj = 1.5959 | cls = 0.0439 | lr = 0.000189
epoch 034 | step 0780 | total = 4.2029 | box = 0.5664 | obj = 1.3365 | cls = 0.0342 | lr = 0.000189
epoch 034 | step 0800 | total = 4.5885 | box = 0.6160 | obj = 1.4717 | cls = 0.0368 | lr = 0.000189
epoch 034 | step 0820 | total = 3.6413 | box = 0.4590 | obj = 1.3147 | cls = 0.0314 | lr = 0.000189
epoch 034 | step 0840 | total = 4.3912 | box = 0.5660 | obj = 1.5264 | cls = 0.0349 | lr = 0.000189
epoch 034 | step 0860 | total = 4.7319 | box = 0.6437 | obj = 1.4761 | cls = 0.0375 | lr = 0.000189
epoch 034 | step 0880 | total = 5.3393 | box = 0.7767 | obj = 1.4181 | cls = 0.0379 | lr = 0.000189
epoch 034 | step 0900 | total = 3.9122 | box = 0.4630 | obj = 1.5543 | cls = 0.0431 | lr = 0.000189
epoch 034 | step 0920 | total = 4.1292 | box = 0.5128 | obj = 1.5310 | cls = 0.0344 | lr = 0.000189
[epoch 034 train] total = 4.2990 | box = 0.5681 | obj = 1.4198 | cls = 0.0386 | steps = 925 | global_batches = 7400 | samples = 118288 | time = 804.5s
[epoch 034 val] total = 4.4812 | box = 0.5930 | obj = 1.4772 | cls = 0.0389 | steps = 40 | global_batches = 320 | samples = 5000 | time = 23.8s
epoch 035 | step 0001 | total = 4.6583 | box = 0.6306 | obj = 1.4709 | cls = 0.0344 | lr = 0.000170
epoch 035 | step 0020 | total = 3.5979 | box = 0.4507 | obj = 1.3074 | cls = 0.0371 | lr = 0.000170
epoch 035 | step 0040 | total = 4.7498 | box = 0.6275 | obj = 1.5695 | cls = 0.0427 | lr = 0.000170
epoch 035 | step 0060 | total = 3.9611 | box = 0.5186 | obj = 1.3279 | cls = 0.0403 | lr = 0.000170
epoch 035 | step 0080 | total = 5.1787 | box = 0.7270 | obj = 1.5089 | cls = 0.0350 | lr = 0.000170
epoch 035 | step 0100 | total = 4.0181 | box = 0.5085 | obj = 1.4462 | cls = 0.0293 | lr = 0.000170
epoch 035 | step 0120 | total = 4.4897 | box = 0.6221 | obj = 1.3473 | cls = 0.0320 | lr = 0.000170
epoch 035 | step 0140 | total = 4.2593 | box = 0.5309 | obj = 1.5601 | cls = 0.0445 | lr = 0.000170
epoch 035 | step 0160 | total = 4.7792 | box = 0.6548 | obj = 1.4701 | cls = 0.0351 | lr = 0.000170
epoch 035 | step 0180 | total = 3.9290 | box = 0.5125 | obj = 1.3349 | cls = 0.0317 | lr = 0.000170
epoch 035 | step 0200 | total = 3.9860 | box = 0.5204 | obj = 1.3509 | cls = 0.0329 | lr = 0.000170
epoch 035 | step 0220 | total = 4.6915 | box = 0.6486 | obj = 1.4085 | cls = 0.0400 | lr = 0.000170
epoch 035 | step 0240 | total = 4.2239 | box = 0.5633 | obj = 1.3715 | cls = 0.0360 | lr = 0.000170
epoch 035 | step 0260 | total = 3.6948 | box = 0.4506 | obj = 1.3991 | cls = 0.0425 | lr = 0.000170
epoch 035 | step 0280 | total = 4.1816 | box = 0.5725 | obj = 1.2820 | cls = 0.0369 | lr = 0.000170
epoch 035 | step 0300 | total = 3.8829 | box = 0.4881 | obj = 1.4071 | cls = 0.0352 | lr = 0.000170
epoch 035 | step 0320 | total = 3.7195 | box = 0.4655 | obj = 1.3632 | cls = 0.0288 | lr = 0.000170
epoch 035 | step 0340 | total = 4.4265 | box = 0.5992 | obj = 1.3981 | cls = 0.0326 | lr = 0.000170
epoch 035 | step 0360 | total = 3.8397 | box = 0.4850 | obj = 1.3769 | cls = 0.0377 | lr = 0.000170
epoch 035 | step 0380 | total = 4.1173 | box = 0.5157 | obj = 1.4976 | cls = 0.0413 | lr = 0.000170
epoch 035 | step 0400 | total = 4.5165 | box = 0.6120 | obj = 1.4175 | cls = 0.0388 | lr = 0.000170
epoch 035 | step 0420 | total = 4.7778 | box = 0.6601 | obj = 1.4410 | cls = 0.0361 | lr = 0.000170
epoch 035 | step 0440 | total = 3.7155 | box = 0.4708 | obj = 1.3195 | cls = 0.0420 | lr = 0.000170
epoch 035 | step 0460 | total = 3.9510 | box = 0.4782 | obj = 1.4978 | cls = 0.0620 | lr = 0.000170
epoch 035 | step 0480 | total = 4.7703 | box = 0.6321 | obj = 1.5728 | cls = 0.0371 | lr = 0.000170
epoch 035 | step 0500 | total = 3.8966 | box = 0.4990 | obj = 1.3661 | cls = 0.0353 | lr = 0.000170
epoch 035 | step 0520 | total = 4.2233 | box = 0.5560 | obj = 1.4022 | cls = 0.0410 | lr = 0.000170
epoch 035 | step 0540 | total = 4.4651 | box = 0.5820 | obj = 1.5094 | cls = 0.0455 | lr = 0.000170
epoch 035 | step 0560 | total = 4.1672 | box = 0.5385 | obj = 1.4272 | cls = 0.0476 | lr = 0.000170
epoch 035 | step 0580 | total = 3.6954 | box = 0.4629 | obj = 1.3379 | cls = 0.0433 | lr = 0.000170
epoch 035 | step 0600 | total = 4.5073 | box = 0.5862 | obj = 1.5336 | cls = 0.0426 | lr = 0.000170
epoch 035 | step 0620 | total = 3.5626 | box = 0.4471 | obj = 1.2799 | cls = 0.0474 | lr = 0.000170
epoch 035 | step 0640 | total = 3.5951 | box = 0.4393 | obj = 1.3638 | cls = 0.0347 | lr = 0.000170
epoch 035 | step 0660 | total = 4.6231 | box = 0.6181 | obj = 1.4939 | cls = 0.0385 | lr = 0.000170
epoch 035 | step 0680 | total = 4.6988 | box = 0.6612 | obj = 1.3556 | cls = 0.0374 | lr = 0.000170
epoch 035 | step 0700 | total = 3.7455 | box = 0.4901 | obj = 1.2610 | cls = 0.0340 | lr = 0.000170
epoch 035 | step 0720 | total = 4.0598 | box = 0.5335 | obj = 1.3555 | cls = 0.0369 | lr = 0.000170
epoch 035 | step 0740 | total = 4.5412 | box = 0.5778 | obj = 1.6132 | cls = 0.0388 | lr = 0.000170
epoch 035 | step 0760 | total = 4.4237 | box = 0.5780 | obj = 1.4837 | cls = 0.0503 | lr = 0.000170
epoch 035 | step 0780 | total = 3.4699 | box = 0.4461 | obj = 1.1848 | cls = 0.0546 | lr = 0.000170
epoch 035 | step 0800 | total = 3.6833 | box = 0.4715 | obj = 1.2888 | cls = 0.0368 | lr = 0.000170
epoch 035 | step 0820 | total = 5.0373 | box = 0.6816 | obj = 1.5932 | cls = 0.0360 | lr = 0.000170
epoch 035 | step 0840 | total = 3.7145 | box = 0.4764 | obj = 1.2983 | cls = 0.0343 | lr = 0.000170
epoch 035 | step 0860 | total = 3.9038 | box = 0.4834 | obj = 1.4383 | cls = 0.0486 | lr = 0.000170
epoch 035 | step 0880 | total = 4.1294 | box = 0.5436 | obj = 1.3751 | cls = 0.0365 | lr = 0.000170
epoch 035 | step 0900 | total = 3.8417 | box = 0.4664 | obj = 1.4622 | cls = 0.0475 | lr = 0.000170
epoch 035 | step 0920 | total = 4.9357 | box = 0.6878 | obj = 1.4599 | cls = 0.0370 | lr = 0.000170
[epoch 035 train] total = 4.2784 | box = 0.5652 | obj = 1.4141 | cls = 0.0385 | steps = 925 | global_batches = 7400 | samples = 118288 | time = 804.1s
[epoch 035 val] total = 4.4858 | box = 0.5928 | obj = 1.4827 | cls = 0.0388 | steps = 40 | global_batches = 320 | samples = 5000 | time = 23.8s
epoch 036 | step 0001 | total = 5.2163 | box = 0.7097 | obj = 1.6326 | cls = 0.0350 | lr = 0.000152
epoch 036 | step 0020 | total = 3.4596 | box = 0.4103 | obj = 1.3725 | cls = 0.0354 | lr = 0.000152
epoch 036 | step 0040 | total = 4.6222 | box = 0.5952 | obj = 1.6089 | cls = 0.0371 | lr = 0.000152
epoch 036 | step 0060 | total = 4.9577 | box = 0.6615 | obj = 1.6160 | cls = 0.0342 | lr = 0.000152
epoch 036 | step 0080 | total = 4.8232 | box = 0.6709 | obj = 1.4324 | cls = 0.0363 | lr = 0.000152
epoch 036 | step 0100 | total = 4.2143 | box = 0.5621 | obj = 1.3707 | cls = 0.0330 | lr = 0.000152
epoch 036 | step 0120 | total = 5.0974 | box = 0.7284 | obj = 1.4203 | cls = 0.0351 | lr = 0.000152
epoch 036 | step 0140 | total = 4.8819 | box = 0.6753 | obj = 1.4644 | cls = 0.0409 | lr = 0.000152
epoch 036 | step 0160 | total = 3.9917 | box = 0.5009 | obj = 1.4548 | cls = 0.0325 | lr = 0.000152
epoch 036 | step 0180 | total = 4.0093 | box = 0.5360 | obj = 1.3004 | cls = 0.0291 | lr = 0.000152
epoch 036 | step 0200 | total = 4.9434 | box = 0.6644 | obj = 1.5821 | cls = 0.0394 | lr = 0.000152
epoch 036 | step 0220 | total = 5.0076 | box = 0.6906 | obj = 1.5213 | cls = 0.0335 | lr = 0.000152
epoch 036 | step 0240 | total = 3.9076 | box = 0.5159 | obj = 1.2885 | cls = 0.0399 | lr = 0.000152
epoch 036 | step 0260 | total = 5.1074 | box = 0.7032 | obj = 1.5515 | cls = 0.0401 | lr = 0.000152
epoch 036 | step 0280 | total = 3.6604 | box = 0.4580 | obj = 1.3370 | cls = 0.0333 | lr = 0.000152
epoch 036 | step 0300 | total = 3.4099 | box = 0.4254 | obj = 1.2348 | cls = 0.0483 | lr = 0.000152
epoch 036 | step 0320 | total = 3.8179 | box = 0.4619 | obj = 1.4608 | cls = 0.0474 | lr = 0.000152
epoch 036 | step 0340 | total = 4.2289 | box = 0.5299 | obj = 1.5409 | cls = 0.0386 | lr = 0.000152
epoch 036 | step 0360 | total = 4.4373 | box = 0.6064 | obj = 1.3679 | cls = 0.0373 | lr = 0.000152
epoch 036 | step 0380 | total = 4.0493 | box = 0.5356 | obj = 1.3425 | cls = 0.0289 | lr = 0.000152
epoch 036 | step 0400 | total = 4.0271 | box = 0.5008 | obj = 1.4846 | cls = 0.0384 | lr = 0.000152
epoch 036 | step 0420 | total = 4.0804 | box = 0.5492 | obj = 1.3084 | cls = 0.0258 | lr = 0.000152
epoch 036 | step 0440 | total = 4.3577 | box = 0.6027 | obj = 1.3106 | cls = 0.0336 | lr = 0.000152
epoch 036 | step 0460 | total = 4.3772 | box = 0.5662 | obj = 1.5037 | cls = 0.0426 | lr = 0.000152
epoch 036 | step 0480 | total = 3.4697 | box = 0.4387 | obj = 1.2440 | cls = 0.0323 | lr = 0.000152
epoch 036 | step 0500 | total = 4.2921 | box = 0.5660 | obj = 1.4191 | cls = 0.0431 | lr = 0.000152
epoch 036 | step 0520 | total = 3.9557 | box = 0.4846 | obj = 1.4706 | cls = 0.0621 | lr = 0.000152
epoch 036 | step 0540 | total = 4.0808 | box = 0.5277 | obj = 1.4065 | cls = 0.0357 | lr = 0.000152
epoch 036 | step 0560 | total = 4.3850 | box = 0.5715 | obj = 1.4942 | cls = 0.0335 | lr = 0.000152
epoch 036 | step 0580 | total = 4.4037 | box = 0.5870 | obj = 1.4323 | cls = 0.0364 | lr = 0.000152
epoch 036 | step 0600 | total = 4.7677 | box = 0.6588 | obj = 1.4378 | cls = 0.0358 | lr = 0.000152
epoch 036 | step 0620 | total = 4.6142 | box = 0.6079 | obj = 1.5381 | cls = 0.0364 | lr = 0.000152
epoch 036 | step 0640 | total = 4.7594 | box = 0.6539 | obj = 1.4561 | cls = 0.0338 | lr = 0.000152
epoch 036 | step 0660 | total = 4.3469 | box = 0.5810 | obj = 1.4043 | cls = 0.0375 | lr = 0.000152
epoch 036 | step 0680 | total = 4.0813 | box = 0.5392 | obj = 1.3533 | cls = 0.0319 | lr = 0.000152
epoch 036 | step 0700 | total = 3.9662 | box = 0.5278 | obj = 1.2980 | cls = 0.0291 | lr = 0.000152
epoch 036 | step 0720 | total = 4.4778 | box = 0.5710 | obj = 1.5780 | cls = 0.0446 | lr = 0.000152
epoch 036 | step 0740 | total = 4.1775 | box = 0.5103 | obj = 1.5815 | cls = 0.0444 | lr = 0.000152
epoch 036 | step 0760 | total = 4.0041 | box = 0.5451 | obj = 1.2442 | cls = 0.0346 | lr = 0.000152
epoch 036 | step 0780 | total = 3.6728 | box = 0.4687 | obj = 1.2937 | cls = 0.0354 | lr = 0.000152
epoch 036 | step 0800 | total = 4.6289 | box = 0.6449 | obj = 1.3694 | cls = 0.0352 | lr = 0.000152
epoch 036 | step 0820 | total = 4.0934 | box = 0.5601 | obj = 1.2563 | cls = 0.0366 | lr = 0.000152
epoch 036 | step 0840 | total = 4.5529 | box = 0.6182 | obj = 1.4241 | cls = 0.0379 | lr = 0.000152
epoch 036 | step 0860 | total = 4.1136 | box = 0.5410 | obj = 1.3664 | cls = 0.0421 | lr = 0.000152
epoch 036 | step 0880 | total = 3.8707 | box = 0.5187 | obj = 1.2387 | cls = 0.0385 | lr = 0.000152
epoch 036 | step 0900 | total = 4.5303 | box = 0.5867 | obj = 1.5536 | cls = 0.0433 | lr = 0.000152
epoch 036 | step 0920 | total = 4.7053 | box = 0.6496 | obj = 1.4240 | cls = 0.0334 | lr = 0.000152
[epoch 036 train] total = 4.2594 | box = 0.5626 | obj = 1.4080 | cls = 0.0383 | steps = 925 | global_batches = 7400 | samples = 118288 | time = 803.8s
[epoch 036 val] total = 4.4610 | box = 0.5899 | obj = 1.4729 | cls = 0.0387 | steps = 40 | global_batches = 320 | samples = 5000 | time = 23.7s
epoch 037 | step 0001 | total = 4.3816 | box = 0.5985 | obj = 1.3564 | cls = 0.0326 | lr = 0.000135
epoch 037 | step 0020 | total = 4.6978 | box = 0.6301 | obj = 1.5030 | cls = 0.0442 | lr = 0.000135
epoch 037 | step 0040 | total = 4.0438 | box = 0.4916 | obj = 1.5435 | cls = 0.0425 | lr = 0.000135
epoch 037 | step 0060 | total = 4.1555 | box = 0.5680 | obj = 1.2695 | cls = 0.0462 | lr = 0.000135
epoch 037 | step 0080 | total = 4.0874 | box = 0.5358 | obj = 1.3706 | cls = 0.0377 | lr = 0.000135
epoch 037 | step 0100 | total = 4.0037 | box = 0.5447 | obj = 1.2462 | cls = 0.0340 | lr = 0.000135
epoch 037 | step 0120 | total = 4.9609 | box = 0.6657 | obj = 1.5984 | cls = 0.0340 | lr = 0.000135
epoch 037 | step 0140 | total = 3.8736 | box = 0.5066 | obj = 1.3032 | cls = 0.0373 | lr = 0.000135
epoch 037 | step 0160 | total = 3.3526 | box = 0.4004 | obj = 1.3080 | cls = 0.0426 | lr = 0.000135
epoch 037 | step 0180 | total = 4.4340 | box = 0.5916 | obj = 1.4410 | cls = 0.0351 | lr = 0.000135
epoch 037 | step 0200 | total = 3.1284 | box = 0.3612 | obj = 1.2745 | cls = 0.0481 | lr = 0.000135
epoch 037 | step 0220 | total = 4.8326 | box = 0.6866 | obj = 1.3633 | cls = 0.0364 | lr = 0.000135
epoch 037 | step 0240 | total = 3.9017 | box = 0.5027 | obj = 1.3529 | cls = 0.0354 | lr = 0.000135
epoch 037 | step 0260 | total = 4.4827 | box = 0.5936 | obj = 1.4698 | cls = 0.0450 | lr = 0.000135
epoch 037 | step 0280 | total = 4.2470 | box = 0.5822 | obj = 1.3072 | cls = 0.0288 | lr = 0.000135
epoch 037 | step 0300 | total = 4.3643 | box = 0.5789 | obj = 1.4403 | cls = 0.0296 | lr = 0.000135
epoch 037 | step 0320 | total = 4.0018 | box = 0.5362 | obj = 1.2775 | cls = 0.0431 | lr = 0.000135
epoch 037 | step 0340 | total = 4.5215 | box = 0.6246 | obj = 1.3674 | cls = 0.0309 | lr = 0.000135
epoch 037 | step 0360 | total = 4.2081 | box = 0.5240 | obj = 1.5487 | cls = 0.0393 | lr = 0.000135
epoch 037 | step 0380 | total = 3.4304 | box = 0.4171 | obj = 1.3098 | cls = 0.0353 | lr = 0.000135
epoch 037 | step 0400 | total = 4.8890 | box = 0.6603 | obj = 1.5524 | cls = 0.0352 | lr = 0.000135
epoch 037 | step 0420 | total = 4.0430 | box = 0.5282 | obj = 1.3629 | cls = 0.0390 | lr = 0.000135
epoch 037 | step 0440 | total = 4.4263 | box = 0.5912 | obj = 1.4349 | cls = 0.0353 | lr = 0.000135
epoch 037 | step 0460 | total = 3.6362 | box = 0.4574 | obj = 1.3095 | cls = 0.0396 | lr = 0.000135
epoch 037 | step 0480 | total = 5.0719 | box = 0.7340 | obj = 1.3714 | cls = 0.0307 | lr = 0.000135
epoch 037 | step 0500 | total = 3.2780 | box = 0.4240 | obj = 1.1208 | cls = 0.0374 | lr = 0.000135
epoch 037 | step 0520 | total = 4.4496 | box = 0.5648 | obj = 1.5720 | cls = 0.0535 | lr = 0.000135
epoch 037 | step 0540 | total = 4.0418 | box = 0.5308 | obj = 1.3511 | cls = 0.0369 | lr = 0.000135
epoch 037 | step 0560 | total = 4.1301 | box = 0.5435 | obj = 1.3801 | cls = 0.0323 | lr = 0.000135
epoch 037 | step 0580 | total = 4.4778 | box = 0.6190 | obj = 1.3523 | cls = 0.0305 | lr = 0.000135
epoch 037 | step 0600 | total = 4.5107 | box = 0.6117 | obj = 1.4242 | cls = 0.0281 | lr = 0.000135
epoch 037 | step 0620 | total = 3.5487 | box = 0.4334 | obj = 1.3409 | cls = 0.0410 | lr = 0.000135
epoch 037 | step 0640 | total = 3.7980 | box = 0.4815 | obj = 1.3489 | cls = 0.0413 | lr = 0.000135
epoch 037 | step 0660 | total = 4.3678 | box = 0.5971 | obj = 1.3544 | cls = 0.0276 | lr = 0.000135
epoch 037 | step 0680 | total = 4.5653 | box = 0.6274 | obj = 1.3973 | cls = 0.0311 | lr = 0.000135
epoch 037 | step 0700 | total = 5.1777 | box = 0.7454 | obj = 1.4082 | cls = 0.0425 | lr = 0.000135
epoch 037 | step 0720 | total = 3.9436 | box = 0.5108 | obj = 1.3538 | cls = 0.0361 | lr = 0.000135
epoch 037 | step 0740 | total = 3.3633 | box = 0.4167 | obj = 1.2361 | cls = 0.0438 | lr = 0.000135
epoch 037 | step 0760 | total = 3.9811 | box = 0.5324 | obj = 1.2832 | cls = 0.0359 | lr = 0.000135
epoch 037 | step 0780 | total = 4.4187 | box = 0.5818 | obj = 1.4740 | cls = 0.0355 | lr = 0.000135
epoch 037 | step 0800 | total = 4.1879 | box = 0.5536 | obj = 1.3822 | cls = 0.0380 | lr = 0.000135
epoch 037 | step 0820 | total = 3.5267 | box = 0.4233 | obj = 1.3725 | cls = 0.0379 | lr = 0.000135
epoch 037 | step 0840 | total = 4.2300 | box = 0.5633 | obj = 1.3837 | cls = 0.0297 | lr = 0.000135
epoch 037 | step 0860 | total = 3.4083 | box = 0.4120 | obj = 1.3130 | cls = 0.0351 | lr = 0.000135
epoch 037 | step 0880 | total = 4.3113 | box = 0.5824 | obj = 1.3591 | cls = 0.0404 | lr = 0.000135
epoch 037 | step 0900 | total = 3.6847 | box = 0.4694 | obj = 1.3045 | cls = 0.0334 | lr = 0.000135
epoch 037 | step 0920 | total = 3.7149 | box = 0.4787 | obj = 1.2817 | cls = 0.0397 | lr = 0.000135
[epoch 037 train] total = 4.2362 | box = 0.5590 | obj = 1.4029 | cls = 0.0382 | steps = 925 | global_batches = 7400 | samples = 118288 | time = 804.6s
[epoch 037 val] total = 4.4483 | box = 0.5881 | obj = 1.4691 | cls = 0.0387 | steps = 40 | global_batches = 320 | samples = 5000 | time = 23.7s
epoch 038 | step 0001 | total = 4.0204 | box = 0.5435 | obj = 1.2642 | cls = 0.0385 | lr = 0.000119
epoch 038 | step 0020 | total = 4.5237 | box = 0.5855 | obj = 1.5538 | cls = 0.0424 | lr = 0.000119
epoch 038 | step 0040 | total = 4.7793 | box = 0.6395 | obj = 1.5401 | cls = 0.0418 | lr = 0.000119
epoch 038 | step 0060 | total = 4.5334 | box = 0.6122 | obj = 1.4326 | cls = 0.0400 | lr = 0.000119
epoch 038 | step 0080 | total = 3.9905 | box = 0.4926 | obj = 1.4809 | cls = 0.0466 | lr = 0.000119
epoch 038 | step 0100 | total = 3.8177 | box = 0.4996 | obj = 1.2896 | cls = 0.0303 | lr = 0.000119
epoch 038 | step 0120 | total = 4.7215 | box = 0.6352 | obj = 1.5164 | cls = 0.0289 | lr = 0.000119
epoch 038 | step 0140 | total = 3.9716 | box = 0.5116 | obj = 1.3770 | cls = 0.0363 | lr = 0.000119
epoch 038 | step 0160 | total = 4.2923 | box = 0.5476 | obj = 1.5155 | cls = 0.0388 | lr = 0.000119
epoch 038 | step 0180 | total = 5.2908 | box = 0.7907 | obj = 1.3072 | cls = 0.0301 | lr = 0.000119
epoch 038 | step 0200 | total = 5.0299 | box = 0.6928 | obj = 1.5286 | cls = 0.0371 | lr = 0.000119
epoch 038 | step 0220 | total = 4.3969 | box = 0.5956 | obj = 1.3891 | cls = 0.0298 | lr = 0.000119
epoch 038 | step 0240 | total = 4.5441 | box = 0.5931 | obj = 1.5384 | cls = 0.0404 | lr = 0.000119
epoch 038 | step 0260 | total = 4.2985 | box = 0.5998 | obj = 1.2686 | cls = 0.0310 | lr = 0.000119
epoch 038 | step 0280 | total = 4.5280 | box = 0.5834 | obj = 1.5733 | cls = 0.0379 | lr = 0.000119
epoch 038 | step 0300 | total = 3.8327 | box = 0.5038 | obj = 1.2805 | cls = 0.0334 | lr = 0.000119
epoch 038 | step 0320 | total = 3.9308 | box = 0.5077 | obj = 1.3472 | cls = 0.0451 | lr = 0.000119
epoch 038 | step 0340 | total = 4.0479 | box = 0.5158 | obj = 1.4258 | cls = 0.0433 | lr = 0.000119
epoch 038 | step 0360 | total = 4.7909 | box = 0.6562 | obj = 1.4810 | cls = 0.0291 | lr = 0.000119
epoch 038 | step 0380 | total = 4.5811 | box = 0.5970 | obj = 1.5577 | cls = 0.0383 | lr = 0.000119
epoch 038 | step 0400 | total = 4.2895 | box = 0.5638 | obj = 1.4386 | cls = 0.0321 | lr = 0.000119
epoch 038 | step 0420 | total = 3.5652 | box = 0.4159 | obj = 1.4389 | cls = 0.0468 | lr = 0.000119
epoch 038 | step 0440 | total = 4.3048 | box = 0.5848 | obj = 1.3441 | cls = 0.0368 | lr = 0.000119
epoch 038 | step 0460 | total = 4.7879 | box = 0.6710 | obj = 1.3940 | cls = 0.0388 | lr = 0.000119
epoch 038 | step 0480 | total = 4.8605 | box = 0.6812 | obj = 1.4211 | cls = 0.0332 | lr = 0.000119
epoch 038 | step 0500 | total = 4.0484 | box = 0.5275 | obj = 1.3763 | cls = 0.0343 | lr = 0.000119
epoch 038 | step 0520 | total = 4.3824 | box = 0.6047 | obj = 1.3215 | cls = 0.0376 | lr = 0.000119
epoch 038 | step 0540 | total = 4.6360 | box = 0.6208 | obj = 1.4934 | cls = 0.0383 | lr = 0.000119
epoch 038 | step 0560 | total = 5.0426 | box = 0.6976 | obj = 1.5192 | cls = 0.0353 | lr = 0.000119
epoch 038 | step 0580 | total = 4.5479 | box = 0.6228 | obj = 1.3942 | cls = 0.0397 | lr = 0.000119
epoch 038 | step 0600 | total = 3.7968 | box = 0.4954 | obj = 1.2841 | cls = 0.0356 | lr = 0.000119
epoch 038 | step 0620 | total = 4.5351 | box = 0.6031 | obj = 1.4775 | cls = 0.0422 | lr = 0.000119
epoch 038 | step 0640 | total = 4.1857 | box = 0.5281 | obj = 1.5081 | cls = 0.0370 | lr = 0.000119
epoch 038 | step 0660 | total = 3.6001 | box = 0.4485 | obj = 1.3215 | cls = 0.0362 | lr = 0.000119
epoch 038 | step 0680 | total = 2.9541 | box = 0.3363 | obj = 1.2335 | cls = 0.0392 | lr = 0.000119
epoch 038 | step 0700 | total = 4.4636 | box = 0.6161 | obj = 1.3517 | cls = 0.0311 | lr = 0.000119
epoch 038 | step 0720 | total = 3.9739 | box = 0.5272 | obj = 1.3050 | cls = 0.0330 | lr = 0.000119
epoch 038 | step 0740 | total = 3.9667 | box = 0.5008 | obj = 1.4260 | cls = 0.0366 | lr = 0.000119
epoch 038 | step 0760 | total = 3.7912 | box = 0.4750 | obj = 1.3862 | cls = 0.0299 | lr = 0.000119
epoch 038 | step 0780 | total = 3.8898 | box = 0.5125 | obj = 1.2956 | cls = 0.0317 | lr = 0.000119
epoch 038 | step 0800 | total = 3.9967 | box = 0.5131 | obj = 1.3938 | cls = 0.0374 | lr = 0.000119
epoch 038 | step 0820 | total = 4.7264 | box = 0.6456 | obj = 1.4615 | cls = 0.0370 | lr = 0.000119
epoch 038 | step 0840 | total = 4.6955 | box = 0.6387 | obj = 1.4677 | cls = 0.0343 | lr = 0.000119
epoch 038 | step 0860 | total = 4.1512 | box = 0.5550 | obj = 1.3477 | cls = 0.0287 | lr = 0.000119
epoch 038 | step 0880 | total = 3.1575 | box = 0.3783 | obj = 1.2170 | cls = 0.0491 | lr = 0.000119
epoch 038 | step 0900 | total = 4.5570 | box = 0.6175 | obj = 1.4343 | cls = 0.0349 | lr = 0.000119
epoch 038 | step 0920 | total = 4.3746 | box = 0.5648 | obj = 1.5025 | cls = 0.0479 | lr = 0.000119
[epoch 038 train] total = 4.2204 | box = 0.5570 | obj = 1.3971 | cls = 0.0380 | steps = 925 | global_batches = 7400 | samples = 118288 | time = 805.1s
[epoch 038 val] total = 4.4590 | box = 0.5886 | obj = 1.4776 | cls = 0.0385 | steps = 40 | global_batches = 320 | samples = 5000 | time = 24.0s
epoch 039 | step 0001 | total = 3.8833 | box = 0.5159 | obj = 1.2683 | cls = 0.0358 | lr = 0.000104
epoch 039 | step 0020 | total = 5.1497 | box = 0.7449 | obj = 1.3904 | cls = 0.0347 | lr = 0.000104
epoch 039 | step 0040 | total = 3.9976 | box = 0.4990 | obj = 1.4641 | cls = 0.0383 | lr = 0.000104
epoch 039 | step 0060 | total = 4.2136 | box = 0.5591 | obj = 1.3813 | cls = 0.0367 | lr = 0.000104
epoch 039 | step 0080 | total = 4.4751 | box = 0.6053 | obj = 1.4130 | cls = 0.0357 | lr = 0.000104
epoch 039 | step 0100 | total = 3.3323 | box = 0.4133 | obj = 1.2256 | cls = 0.0402 | lr = 0.000104
epoch 039 | step 0120 | total = 3.9083 | box = 0.5103 | obj = 1.3193 | cls = 0.0377 | lr = 0.000104
epoch 039 | step 0140 | total = 3.8831 | box = 0.4843 | obj = 1.4241 | cls = 0.0374 | lr = 0.000104
epoch 039 | step 0160 | total = 4.3627 | box = 0.5865 | obj = 1.3956 | cls = 0.0349 | lr = 0.000104
epoch 039 | step 0180 | total = 4.6890 | box = 0.6336 | obj = 1.4877 | cls = 0.0334 | lr = 0.000104
epoch 039 | step 0200 | total = 4.2765 | box = 0.5674 | obj = 1.3990 | cls = 0.0405 | lr = 0.000104
epoch 039 | step 0220 | total = 3.7769 | box = 0.4648 | obj = 1.4026 | cls = 0.0506 | lr = 0.000104
epoch 039 | step 0240 | total = 4.1235 | box = 0.5427 | obj = 1.3711 | cls = 0.0391 | lr = 0.000104
epoch 039 | step 0260 | total = 4.3700 | box = 0.5818 | obj = 1.4221 | cls = 0.0390 | lr = 0.000104
epoch 039 | step 0280 | total = 3.9886 | box = 0.5218 | obj = 1.3435 | cls = 0.0360 | lr = 0.000104
epoch 039 | step 0300 | total = 3.7528 | box = 0.4831 | obj = 1.3021 | cls = 0.0351 | lr = 0.000104
epoch 039 | step 0320 | total = 4.1770 | box = 0.5470 | obj = 1.3976 | cls = 0.0444 | lr = 0.000104
epoch 039 | step 0340 | total = 3.9529 | box = 0.5146 | obj = 1.3422 | cls = 0.0378 | lr = 0.000104
epoch 039 | step 0360 | total = 3.7823 | box = 0.4888 | obj = 1.3114 | cls = 0.0268 | lr = 0.000104
epoch 039 | step 0380 | total = 4.4486 | box = 0.6196 | obj = 1.3185 | cls = 0.0322 | lr = 0.000104
epoch 039 | step 0400 | total = 3.4366 | box = 0.4111 | obj = 1.3384 | cls = 0.0425 | lr = 0.000104
epoch 039 | step 0420 | total = 4.8210 | box = 0.6585 | obj = 1.4895 | cls = 0.0388 | lr = 0.000104
epoch 039 | step 0440 | total = 4.0021 | box = 0.5041 | obj = 1.4355 | cls = 0.0462 | lr = 0.000104
epoch 039 | step 0460 | total = 5.5059 | box = 0.8105 | obj = 1.4142 | cls = 0.0394 | lr = 0.000104
epoch 039 | step 0480 | total = 4.1914 | box = 0.5327 | obj = 1.4867 | cls = 0.0411 | lr = 0.000104
epoch 039 | step 0500 | total = 5.2345 | box = 0.7211 | obj = 1.5918 | cls = 0.0373 | lr = 0.000104
epoch 039 | step 0520 | total = 4.2656 | box = 0.5618 | obj = 1.4172 | cls = 0.0397 | lr = 0.000104
epoch 039 | step 0540 | total = 4.1238 | box = 0.5339 | obj = 1.4238 | cls = 0.0303 | lr = 0.000104
epoch 039 | step 0560 | total = 3.4662 | box = 0.4042 | obj = 1.4062 | cls = 0.0388 | lr = 0.000104
epoch 039 | step 0580 | total = 3.8204 | box = 0.4727 | obj = 1.4186 | cls = 0.0383 | lr = 0.000104
epoch 039 | step 0600 | total = 3.2621 | box = 0.4026 | obj = 1.2158 | cls = 0.0335 | lr = 0.000104
epoch 039 | step 0620 | total = 4.9081 | box = 0.6924 | obj = 1.4130 | cls = 0.0332 | lr = 0.000104
epoch 039 | step 0640 | total = 4.1200 | box = 0.5305 | obj = 1.4283 | cls = 0.0394 | lr = 0.000104
epoch 039 | step 0660 | total = 3.9531 | box = 0.5211 | obj = 1.3089 | cls = 0.0386 | lr = 0.000104
epoch 039 | step 0680 | total = 4.9807 | box = 0.6568 | obj = 1.6420 | cls = 0.0548 | lr = 0.000104
epoch 039 | step 0700 | total = 4.5818 | box = 0.6450 | obj = 1.3197 | cls = 0.0372 | lr = 0.000104
epoch 039 | step 0720 | total = 4.3477 | box = 0.5767 | obj = 1.4260 | cls = 0.0380 | lr = 0.000104
epoch 039 | step 0740 | total = 3.7717 | box = 0.4686 | obj = 1.3896 | cls = 0.0393 | lr = 0.000104
epoch 039 | step 0760 | total = 3.9931 | box = 0.5226 | obj = 1.3430 | cls = 0.0371 | lr = 0.000104
epoch 039 | step 0780 | total = 4.5051 | box = 0.6132 | obj = 1.4063 | cls = 0.0328 | lr = 0.000104
epoch 039 | step 0800 | total = 4.3868 | box = 0.5907 | obj = 1.3992 | cls = 0.0340 | lr = 0.000104
epoch 039 | step 0820 | total = 3.5832 | box = 0.4691 | obj = 1.2019 | cls = 0.0359 | lr = 0.000104
epoch 039 | step 0840 | total = 3.9261 | box = 0.5146 | obj = 1.3192 | cls = 0.0337 | lr = 0.000104
epoch 039 | step 0860 | total = 4.9964 | box = 0.7296 | obj = 1.3107 | cls = 0.0378 | lr = 0.000104
epoch 039 | step 0880 | total = 3.8061 | box = 0.4811 | obj = 1.3605 | cls = 0.0399 | lr = 0.000104
epoch 039 | step 0900 | total = 4.9784 | box = 0.6862 | obj = 1.5142 | cls = 0.0332 | lr = 0.000104
epoch 039 | step 0920 | total = 4.4204 | box = 0.5811 | obj = 1.4741 | cls = 0.0408 | lr = 0.000104
[epoch 039 train] total = 4.2042 | box = 0.5549 | obj = 1.3919 | cls = 0.0379 | steps = 925 | global_batches = 7400 | samples = 118288 | time = 805.8s
[epoch 039 val] total = 4.4434 | box = 0.5871 | obj = 1.4696 | cls = 0.0385 | steps = 40 | global_batches = 320 | samples = 5000 | time = 23.8s
epoch 040 | step 0001 | total = 4.2956 | box = 0.5774 | obj = 1.3699 | cls = 0.0388 | lr = 0.000089
epoch 040 | step 0020 | total = 4.4610 | box = 0.6168 | obj = 1.3477 | cls = 0.0292 | lr = 0.000089
epoch 040 | step 0040 | total = 4.4657 | box = 0.5880 | obj = 1.4841 | cls = 0.0416 | lr = 0.000089
epoch 040 | step 0060 | total = 4.4428 | box = 0.5976 | obj = 1.4183 | cls = 0.0365 | lr = 0.000089
epoch 040 | step 0080 | total = 4.1536 | box = 0.5489 | obj = 1.3686 | cls = 0.0404 | lr = 0.000089
epoch 040 | step 0100 | total = 3.6542 | box = 0.4462 | obj = 1.3859 | cls = 0.0373 | lr = 0.000089
epoch 040 | step 0120 | total = 3.7243 | box = 0.4952 | obj = 1.2123 | cls = 0.0361 | lr = 0.000089
epoch 040 | step 0140 | total = 3.9956 | box = 0.5205 | obj = 1.3566 | cls = 0.0363 | lr = 0.000089
epoch 040 | step 0160 | total = 3.8532 | box = 0.4860 | obj = 1.3776 | cls = 0.0454 | lr = 0.000089
epoch 040 | step 0180 | total = 4.2492 | box = 0.5898 | obj = 1.2721 | cls = 0.0282 | lr = 0.000089
epoch 040 | step 0200 | total = 4.0729 | box = 0.5336 | obj = 1.3672 | cls = 0.0377 | lr = 0.000089
epoch 040 | step 0220 | total = 3.9673 | box = 0.5163 | obj = 1.3454 | cls = 0.0402 | lr = 0.000089
epoch 040 | step 0240 | total = 4.5328 | box = 0.5920 | obj = 1.5312 | cls = 0.0416 | lr = 0.000089
epoch 040 | step 0260 | total = 4.1586 | box = 0.5525 | obj = 1.3616 | cls = 0.0346 | lr = 0.000089
epoch 040 | step 0280 | total = 3.9279 | box = 0.5158 | obj = 1.3123 | cls = 0.0367 | lr = 0.000089
epoch 040 | step 0300 | total = 3.9345 | box = 0.4746 | obj = 1.5184 | cls = 0.0433 | lr = 0.000089
epoch 040 | step 0320 | total = 4.4555 | box = 0.5925 | obj = 1.4359 | cls = 0.0571 | lr = 0.000089
epoch 040 | step 0340 | total = 3.5559 | box = 0.4478 | obj = 1.2772 | cls = 0.0396 | lr = 0.000089
epoch 040 | step 0360 | total = 4.4863 | box = 0.6018 | obj = 1.4351 | cls = 0.0422 | lr = 0.000089
epoch 040 | step 0380 | total = 4.4875 | box = 0.6033 | obj = 1.4308 | cls = 0.0402 | lr = 0.000089
epoch 040 | step 0400 | total = 4.1259 | box = 0.5357 | obj = 1.4107 | cls = 0.0366 | lr = 0.000089
epoch 040 | step 0420 | total = 4.3293 | box = 0.5954 | obj = 1.3236 | cls = 0.0289 | lr = 0.000089
epoch 040 | step 0440 | total = 4.2826 | box = 0.5942 | obj = 1.2739 | cls = 0.0378 | lr = 0.000089
epoch 040 | step 0460 | total = 3.4201 | box = 0.4358 | obj = 1.2051 | cls = 0.0358 | lr = 0.000089
epoch 040 | step 0480 | total = 4.4155 | box = 0.5847 | obj = 1.4583 | cls = 0.0336 | lr = 0.000089
epoch 040 | step 0500 | total = 3.8440 | box = 0.4923 | obj = 1.3451 | cls = 0.0376 | lr = 0.000089
epoch 040 | step 0520 | total = 4.1482 | box = 0.5512 | obj = 1.3530 | cls = 0.0390 | lr = 0.000089
epoch 040 | step 0540 | total = 3.7283 | box = 0.4889 | obj = 1.2440 | cls = 0.0397 | lr = 0.000089
epoch 040 | step 0560 | total = 4.6838 | box = 0.6456 | obj = 1.4249 | cls = 0.0310 | lr = 0.000089
epoch 040 | step 0580 | total = 4.3311 | box = 0.5641 | obj = 1.4654 | cls = 0.0454 | lr = 0.000089
epoch 040 | step 0600 | total = 4.7945 | box = 0.6563 | obj = 1.4720 | cls = 0.0413 | lr = 0.000089
epoch 040 | step 0620 | total = 4.2036 | box = 0.5706 | obj = 1.3139 | cls = 0.0368 | lr = 0.000089
epoch 040 | step 0640 | total = 3.6628 | box = 0.4442 | obj = 1.4082 | cls = 0.0334 | lr = 0.000089
epoch 040 | step 0660 | total = 4.4491 | box = 0.6053 | obj = 1.3908 | cls = 0.0318 | lr = 0.000089
epoch 040 | step 0680 | total = 4.5147 | box = 0.6137 | obj = 1.4111 | cls = 0.0349 | lr = 0.000089
epoch 040 | step 0700 | total = 4.7834 | box = 0.6568 | obj = 1.4587 | cls = 0.0409 | lr = 0.000089
epoch 040 | step 0720 | total = 3.8838 | box = 0.4609 | obj = 1.5416 | cls = 0.0374 | lr = 0.000089
epoch 040 | step 0740 | total = 4.0924 | box = 0.5549 | obj = 1.2761 | cls = 0.0418 | lr = 0.000089
epoch 040 | step 0760 | total = 3.6181 | box = 0.4636 | obj = 1.2653 | cls = 0.0349 | lr = 0.000089
epoch 040 | step 0780 | total = 4.4930 | box = 0.5858 | obj = 1.5277 | cls = 0.0365 | lr = 0.000089
epoch 040 | step 0800 | total = 3.9271 | box = 0.5160 | obj = 1.3036 | cls = 0.0437 | lr = 0.000089
epoch 040 | step 0820 | total = 3.8837 | box = 0.4962 | obj = 1.3648 | cls = 0.0379 | lr = 0.000089
epoch 040 | step 0840 | total = 4.6533 | box = 0.5889 | obj = 1.6721 | cls = 0.0365 | lr = 0.000089
epoch 040 | step 0860 | total = 4.4205 | box = 0.5832 | obj = 1.4646 | cls = 0.0401 | lr = 0.000089
epoch 040 | step 0880 | total = 4.9715 | box = 0.6914 | obj = 1.4801 | cls = 0.0342 | lr = 0.000089
epoch 040 | step 0900 | total = 4.6482 | box = 0.6104 | obj = 1.5613 | cls = 0.0348 | lr = 0.000089
epoch 040 | step 0920 | total = 3.8603 | box = 0.4950 | obj = 1.3533 | cls = 0.0322 | lr = 0.000089
[epoch 040 train] total = 4.1857 | box = 0.5521 | obj = 1.3872 | cls = 0.0378 | steps = 925 | global_batches = 7400 | samples = 118288 | time = 804.8s
[epoch 040 val] total = 4.4452 | box = 0.5850 | obj = 1.4817 | cls = 0.0385 | steps = 40 | global_batches = 320 | samples = 5000 | time = 23.9s
epoch 041 | step 0001 | total = 3.9752 | box = 0.5188 | obj = 1.3460 | cls = 0.0352 | lr = 0.000076
epoch 041 | step 0020 | total = 3.3246 | box = 0.4139 | obj = 1.2187 | cls = 0.0362 | lr = 0.000076
epoch 041 | step 0040 | total = 3.9450 | box = 0.5149 | obj = 1.3305 | cls = 0.0401 | lr = 0.000076
epoch 041 | step 0060 | total = 3.4808 | box = 0.4230 | obj = 1.3260 | cls = 0.0400 | lr = 0.000076
epoch 041 | step 0080 | total = 4.1409 | box = 0.5547 | obj = 1.3273 | cls = 0.0401 | lr = 0.000076
epoch 041 | step 0100 | total = 3.9445 | box = 0.5021 | obj = 1.3958 | cls = 0.0380 | lr = 0.000076
epoch 041 | step 0120 | total = 3.6912 | box = 0.4689 | obj = 1.3008 | cls = 0.0459 | lr = 0.000076
epoch 041 | step 0140 | total = 4.1410 | box = 0.5483 | obj = 1.3667 | cls = 0.0329 | lr = 0.000076
epoch 041 | step 0160 | total = 4.1250 | box = 0.5718 | obj = 1.2369 | cls = 0.0291 | lr = 0.000076
epoch 041 | step 0180 | total = 3.7247 | box = 0.4805 | obj = 1.2809 | cls = 0.0414 | lr = 0.000076
epoch 041 | step 0200 | total = 4.2781 | box = 0.5695 | obj = 1.3974 | cls = 0.0332 | lr = 0.000076
epoch 041 | step 0220 | total = 4.5585 | box = 0.6186 | obj = 1.4338 | cls = 0.0315 | lr = 0.000076
epoch 041 | step 0240 | total = 3.1983 | box = 0.3948 | obj = 1.1791 | cls = 0.0451 | lr = 0.000076
epoch 041 | step 0260 | total = 3.4270 | box = 0.4136 | obj = 1.3165 | cls = 0.0425 | lr = 0.000076
epoch 041 | step 0280 | total = 3.2348 | box = 0.4009 | obj = 1.1932 | cls = 0.0371 | lr = 0.000076
epoch 041 | step 0300 | total = 4.5221 | box = 0.6067 | obj = 1.4505 | cls = 0.0380 | lr = 0.000076
epoch 041 | step 0320 | total = 3.6215 | box = 0.4548 | obj = 1.3057 | cls = 0.0419 | lr = 0.000076
epoch 041 | step 0340 | total = 4.3592 | box = 0.6055 | obj = 1.2972 | cls = 0.0346 | lr = 0.000076
epoch 041 | step 0360 | total = 4.5588 | box = 0.6192 | obj = 1.4225 | cls = 0.0402 | lr = 0.000076
epoch 041 | step 0380 | total = 3.7008 | box = 0.4507 | obj = 1.4051 | cls = 0.0421 | lr = 0.000076
epoch 041 | step 0400 | total = 3.3805 | box = 0.4232 | obj = 1.2211 | cls = 0.0435 | lr = 0.000076
epoch 041 | step 0420 | total = 4.5783 | box = 0.6524 | obj = 1.2852 | cls = 0.0310 | lr = 0.000076
epoch 041 | step 0440 | total = 3.9367 | box = 0.5240 | obj = 1.2801 | cls = 0.0367 | lr = 0.000076
epoch 041 | step 0460 | total = 3.7100 | box = 0.4638 | obj = 1.3522 | cls = 0.0388 | lr = 0.000076
epoch 041 | step 0480 | total = 3.5412 | box = 0.4505 | obj = 1.2410 | cls = 0.0475 | lr = 0.000076
epoch 041 | step 0500 | total = 3.7329 | box = 0.4567 | obj = 1.4039 | cls = 0.0455 | lr = 0.000076
epoch 041 | step 0520 | total = 4.2522 | box = 0.5761 | obj = 1.3348 | cls = 0.0366 | lr = 0.000076
epoch 041 | step 0540 | total = 4.1443 | box = 0.5446 | obj = 1.3893 | cls = 0.0322 | lr = 0.000076
epoch 041 | step 0560 | total = 4.4350 | box = 0.6015 | obj = 1.3908 | cls = 0.0365 | lr = 0.000076
epoch 041 | step 0580 | total = 4.3417 | box = 0.5531 | obj = 1.5357 | cls = 0.0404 | lr = 0.000076
epoch 041 | step 0600 | total = 4.4116 | box = 0.5901 | obj = 1.4228 | cls = 0.0384 | lr = 0.000076
epoch 041 | step 0620 | total = 3.6696 | box = 0.4546 | obj = 1.3515 | cls = 0.0450 | lr = 0.000076
epoch 041 | step 0640 | total = 3.7029 | box = 0.4559 | obj = 1.3870 | cls = 0.0362 | lr = 0.000076
epoch 041 | step 0660 | total = 4.4019 | box = 0.5535 | obj = 1.5944 | cls = 0.0399 | lr = 0.000076
epoch 041 | step 0680 | total = 4.4854 | box = 0.5891 | obj = 1.4983 | cls = 0.0416 | lr = 0.000076
epoch 041 | step 0700 | total = 4.2483 | box = 0.5848 | obj = 1.2852 | cls = 0.0393 | lr = 0.000076
epoch 041 | step 0720 | total = 4.4018 | box = 0.5879 | obj = 1.4256 | cls = 0.0366 | lr = 0.000076
epoch 041 | step 0740 | total = 4.6868 | box = 0.6458 | obj = 1.4154 | cls = 0.0425 | lr = 0.000076
epoch 041 | step 0760 | total = 3.5711 | box = 0.4230 | obj = 1.4119 | cls = 0.0443 | lr = 0.000076
epoch 041 | step 0780 | total = 4.5435 | box = 0.6329 | obj = 1.3449 | cls = 0.0343 | lr = 0.000076
epoch 041 | step 0800 | total = 4.2117 | box = 0.5712 | obj = 1.3192 | cls = 0.0365 | lr = 0.000076
epoch 041 | step 0820 | total = 4.1153 | box = 0.5427 | obj = 1.3674 | cls = 0.0343 | lr = 0.000076
epoch 041 | step 0840 | total = 3.5833 | box = 0.4524 | obj = 1.2874 | cls = 0.0341 | lr = 0.000076
epoch 041 | step 0860 | total = 3.7251 | box = 0.4737 | obj = 1.3145 | cls = 0.0419 | lr = 0.000076
epoch 041 | step 0880 | total = 4.6975 | box = 0.6220 | obj = 1.5453 | cls = 0.0421 | lr = 0.000076
epoch 041 | step 0900 | total = 4.1469 | box = 0.5615 | obj = 1.3077 | cls = 0.0318 | lr = 0.000076
epoch 041 | step 0920 | total = 4.3224 | box = 0.5842 | obj = 1.3642 | cls = 0.0374 | lr = 0.000076
[epoch 041 train] total = 4.1725 | box = 0.5505 | obj = 1.3823 | cls = 0.0377 | steps = 925 | global_batches = 7400 | samples = 118288 | time = 805.1s
[epoch 041 val] total = 4.4265 | box = 0.5835 | obj = 1.4708 | cls = 0.0384 | steps = 40 | global_batches = 320 | samples = 5000 | time = 23.9s
epoch 042 | step 0001 | total = 4.2707 | box = 0.5780 | obj = 1.3406 | cls = 0.0400 | lr = 0.000064
epoch 042 | step 0020 | total = 3.8311 | box = 0.4933 | obj = 1.3336 | cls = 0.0309 | lr = 0.000064
epoch 042 | step 0040 | total = 4.4107 | box = 0.5998 | obj = 1.3665 | cls = 0.0449 | lr = 0.000064
epoch 042 | step 0060 | total = 3.9391 | box = 0.5161 | obj = 1.3176 | cls = 0.0411 | lr = 0.000064
epoch 042 | step 0080 | total = 4.4437 | box = 0.6069 | obj = 1.3758 | cls = 0.0336 | lr = 0.000064
epoch 042 | step 0100 | total = 4.1475 | box = 0.5432 | obj = 1.3972 | cls = 0.0341 | lr = 0.000064
epoch 042 | step 0120 | total = 4.0321 | box = 0.5132 | obj = 1.4269 | cls = 0.0390 | lr = 0.000064
epoch 042 | step 0140 | total = 4.8278 | box = 0.6647 | obj = 1.4686 | cls = 0.0358 | lr = 0.000064
epoch 042 | step 0160 | total = 4.5346 | box = 0.6262 | obj = 1.3721 | cls = 0.0317 | lr = 0.000064
epoch 042 | step 0180 | total = 4.4749 | box = 0.6116 | obj = 1.3809 | cls = 0.0360 | lr = 0.000064
epoch 042 | step 0200 | total = 4.6961 | box = 0.6429 | obj = 1.4418 | cls = 0.0397 | lr = 0.000064
epoch 042 | step 0220 | total = 3.6387 | box = 0.4648 | obj = 1.2760 | cls = 0.0387 | lr = 0.000064
epoch 042 | step 0240 | total = 3.3886 | box = 0.4104 | obj = 1.2833 | cls = 0.0536 | lr = 0.000064
epoch 042 | step 0260 | total = 4.2638 | box = 0.5710 | obj = 1.3713 | cls = 0.0376 | lr = 0.000064
epoch 042 | step 0280 | total = 4.7507 | box = 0.6517 | obj = 1.4595 | cls = 0.0328 | lr = 0.000064
epoch 042 | step 0300 | total = 3.2432 | box = 0.3896 | obj = 1.2407 | cls = 0.0547 | lr = 0.000064
epoch 042 | step 0320 | total = 4.1128 | box = 0.5620 | obj = 1.2665 | cls = 0.0362 | lr = 0.000064
epoch 042 | step 0340 | total = 4.0127 | box = 0.5388 | obj = 1.2844 | cls = 0.0345 | lr = 0.000064
epoch 042 | step 0360 | total = 4.9632 | box = 0.6920 | obj = 1.4657 | cls = 0.0376 | lr = 0.000064
epoch 042 | step 0380 | total = 4.2011 | box = 0.5639 | obj = 1.3449 | cls = 0.0366 | lr = 0.000064
epoch 042 | step 0400 | total = 4.6227 | box = 0.6483 | obj = 1.3482 | cls = 0.0331 | lr = 0.000064
epoch 042 | step 0420 | total = 3.6229 | box = 0.4560 | obj = 1.3087 | cls = 0.0339 | lr = 0.000064
epoch 042 | step 0440 | total = 3.5273 | box = 0.4483 | obj = 1.2550 | cls = 0.0308 | lr = 0.000064
epoch 042 | step 0460 | total = 4.8808 | box = 0.6477 | obj = 1.5951 | cls = 0.0471 | lr = 0.000064
epoch 042 | step 0480 | total = 3.2190 | box = 0.3825 | obj = 1.2635 | cls = 0.0430 | lr = 0.000064
epoch 042 | step 0500 | total = 3.8462 | box = 0.4693 | obj = 1.4609 | cls = 0.0389 | lr = 0.000064
epoch 042 | step 0520 | total = 4.2599 | box = 0.5411 | obj = 1.5118 | cls = 0.0424 | lr = 0.000064
epoch 042 | step 0540 | total = 3.9194 | box = 0.5158 | obj = 1.3044 | cls = 0.0361 | lr = 0.000064
epoch 042 | step 0560 | total = 4.3831 | box = 0.5677 | obj = 1.5084 | cls = 0.0363 | lr = 0.000064
epoch 042 | step 0580 | total = 4.1009 | box = 0.5273 | obj = 1.4297 | cls = 0.0348 | lr = 0.000064
epoch 042 | step 0600 | total = 4.0693 | box = 0.5220 | obj = 1.4180 | cls = 0.0414 | lr = 0.000064
epoch 042 | step 0620 | total = 4.5775 | box = 0.6113 | obj = 1.4755 | cls = 0.0453 | lr = 0.000064
epoch 042 | step 0640 | total = 3.9043 | box = 0.4870 | obj = 1.4382 | cls = 0.0311 | lr = 0.000064
epoch 042 | step 0660 | total = 4.8891 | box = 0.6900 | obj = 1.3996 | cls = 0.0397 | lr = 0.000064
epoch 042 | step 0680 | total = 4.2253 | box = 0.5546 | obj = 1.4165 | cls = 0.0357 | lr = 0.000064
epoch 042 | step 0700 | total = 4.4807 | box = 0.6154 | obj = 1.3727 | cls = 0.0310 | lr = 0.000064
epoch 042 | step 0720 | total = 4.5429 | box = 0.6277 | obj = 1.3698 | cls = 0.0348 | lr = 0.000064
epoch 042 | step 0740 | total = 3.6338 | box = 0.4429 | obj = 1.3751 | cls = 0.0444 | lr = 0.000064
epoch 042 | step 0760 | total = 5.1231 | box = 0.7383 | obj = 1.4071 | cls = 0.0245 | lr = 0.000064
epoch 042 | step 0780 | total = 3.4184 | box = 0.4083 | obj = 1.3376 | cls = 0.0393 | lr = 0.000064
epoch 042 | step 0800 | total = 4.1832 | box = 0.5288 | obj = 1.5041 | cls = 0.0351 | lr = 0.000064
epoch 042 | step 0820 | total = 4.3490 | box = 0.5844 | obj = 1.3941 | cls = 0.0329 | lr = 0.000064
epoch 042 | step 0840 | total = 3.7983 | box = 0.4996 | obj = 1.2740 | cls = 0.0264 | lr = 0.000064
epoch 042 | step 0860 | total = 3.8831 | box = 0.5207 | obj = 1.2463 | cls = 0.0335 | lr = 0.000064
epoch 042 | step 0880 | total = 3.7640 | box = 0.4579 | obj = 1.4368 | cls = 0.0375 | lr = 0.000064
epoch 042 | step 0900 | total = 4.3368 | box = 0.5701 | obj = 1.4423 | cls = 0.0440 | lr = 0.000064
epoch 042 | step 0920 | total = 4.3756 | box = 0.5701 | obj = 1.4887 | cls = 0.0364 | lr = 0.000064
[epoch 042 train] total = 4.1626 | box = 0.5491 | obj = 1.3794 | cls = 0.0376 | steps = 925 | global_batches = 7400 | samples = 118288 | time = 806.2s
[epoch 042 val] total = 4.4209 | box = 0.5825 | obj = 1.4702 | cls = 0.0382 | steps = 40 | global_batches = 320 | samples = 5000 | time = 23.9s
epoch 043 | step 0001 | total = 3.8502 | box = 0.5062 | obj = 1.2816 | cls = 0.0378 | lr = 0.000053
epoch 043 | step 0020 | total = 3.5480 | box = 0.4286 | obj = 1.3602 | cls = 0.0449 | lr = 0.000053
epoch 043 | step 0040 | total = 3.8912 | box = 0.4709 | obj = 1.4955 | cls = 0.0413 | lr = 0.000053
epoch 043 | step 0060 | total = 4.5449 | box = 0.5891 | obj = 1.5643 | cls = 0.0349 | lr = 0.000053
epoch 043 | step 0080 | total = 4.1998 | box = 0.5747 | obj = 1.2897 | cls = 0.0366 | lr = 0.000053
epoch 043 | step 0100 | total = 4.7731 | box = 0.6881 | obj = 1.2953 | cls = 0.0373 | lr = 0.000053
epoch 043 | step 0120 | total = 3.9573 | box = 0.5011 | obj = 1.4095 | cls = 0.0424 | lr = 0.000053
epoch 043 | step 0140 | total = 4.2049 | box = 0.5579 | obj = 1.3779 | cls = 0.0373 | lr = 0.000053
epoch 043 | step 0160 | total = 3.9687 | box = 0.4986 | obj = 1.4392 | cls = 0.0368 | lr = 0.000053
epoch 043 | step 0180 | total = 4.2047 | box = 0.5503 | obj = 1.4185 | cls = 0.0348 | lr = 0.000053
epoch 043 | step 0200 | total = 4.0206 | box = 0.5283 | obj = 1.3471 | cls = 0.0321 | lr = 0.000053
epoch 043 | step 0220 | total = 3.7556 | box = 0.4728 | obj = 1.3598 | cls = 0.0321 | lr = 0.000053
epoch 043 | step 0240 | total = 4.4971 | box = 0.6173 | obj = 1.3716 | cls = 0.0391 | lr = 0.000053
epoch 043 | step 0260 | total = 4.3540 | box = 0.5933 | obj = 1.3560 | cls = 0.0316 | lr = 0.000053
epoch 043 | step 0280 | total = 3.4460 | box = 0.4158 | obj = 1.3216 | cls = 0.0453 | lr = 0.000053
epoch 043 | step 0300 | total = 5.0317 | box = 0.7139 | obj = 1.4278 | cls = 0.0345 | lr = 0.000053
epoch 043 | step 0320 | total = 4.2785 | box = 0.5730 | obj = 1.3809 | cls = 0.0327 | lr = 0.000053
epoch 043 | step 0340 | total = 4.2161 | box = 0.5742 | obj = 1.3031 | cls = 0.0418 | lr = 0.000053
epoch 043 | step 0360 | total = 5.2547 | box = 0.7558 | obj = 1.4446 | cls = 0.0313 | lr = 0.000053
epoch 043 | step 0380 | total = 4.0055 | box = 0.5066 | obj = 1.4353 | cls = 0.0373 | lr = 0.000053
epoch 043 | step 0400 | total = 4.3566 | box = 0.5398 | obj = 1.6160 | cls = 0.0417 | lr = 0.000053
epoch 043 | step 0420 | total = 4.4729 | box = 0.6095 | obj = 1.3938 | cls = 0.0315 | lr = 0.000053
epoch 043 | step 0440 | total = 3.9474 | box = 0.5024 | obj = 1.4022 | cls = 0.0332 | lr = 0.000053
epoch 043 | step 0460 | total = 4.8213 | box = 0.6601 | obj = 1.4841 | cls = 0.0368 | lr = 0.000053
epoch 043 | step 0480 | total = 4.1541 | box = 0.5412 | obj = 1.4140 | cls = 0.0342 | lr = 0.000053
epoch 043 | step 0500 | total = 4.6306 | box = 0.6392 | obj = 1.3982 | cls = 0.0365 | lr = 0.000053
epoch 043 | step 0520 | total = 3.7940 | box = 0.4487 | obj = 1.5013 | cls = 0.0492 | lr = 0.000053
epoch 043 | step 0540 | total = 4.2086 | box = 0.5385 | obj = 1.4837 | cls = 0.0322 | lr = 0.000053
epoch 043 | step 0560 | total = 3.8141 | box = 0.4570 | obj = 1.4811 | cls = 0.0480 | lr = 0.000053
epoch 043 | step 0580 | total = 3.9686 | box = 0.5183 | obj = 1.3415 | cls = 0.0356 | lr = 0.000053
epoch 043 | step 0600 | total = 3.9166 | box = 0.5053 | obj = 1.3554 | cls = 0.0348 | lr = 0.000053
epoch 043 | step 0620 | total = 5.0032 | box = 0.6964 | obj = 1.4836 | cls = 0.0375 | lr = 0.000053
epoch 043 | step 0640 | total = 4.8179 | box = 0.6427 | obj = 1.5615 | cls = 0.0428 | lr = 0.000053
epoch 043 | step 0660 | total = 4.3663 | box = 0.5622 | obj = 1.5154 | cls = 0.0401 | lr = 0.000053
epoch 043 | step 0680 | total = 3.8532 | box = 0.4536 | obj = 1.5419 | cls = 0.0434 | lr = 0.000053
epoch 043 | step 0700 | total = 4.0251 | box = 0.5236 | obj = 1.3745 | cls = 0.0325 | lr = 0.000053
epoch 043 | step 0720 | total = 4.2123 | box = 0.5869 | obj = 1.2375 | cls = 0.0404 | lr = 0.000053
epoch 043 | step 0740 | total = 4.3534 | box = 0.5722 | obj = 1.4504 | cls = 0.0422 | lr = 0.000053
epoch 043 | step 0760 | total = 4.8356 | box = 0.6618 | obj = 1.4864 | cls = 0.0405 | lr = 0.000053
epoch 043 | step 0780 | total = 3.6152 | box = 0.4551 | obj = 1.3100 | cls = 0.0296 | lr = 0.000053
epoch 043 | step 0800 | total = 4.1854 | box = 0.5451 | obj = 1.4206 | cls = 0.0391 | lr = 0.000053
epoch 043 | step 0820 | total = 5.0181 | box = 0.6916 | obj = 1.5218 | cls = 0.0380 | lr = 0.000053
epoch 043 | step 0840 | total = 4.4205 | box = 0.6204 | obj = 1.2881 | cls = 0.0306 | lr = 0.000053
epoch 043 | step 0860 | total = 4.0996 | box = 0.5532 | obj = 1.2969 | cls = 0.0369 | lr = 0.000053
epoch 043 | step 0880 | total = 4.2329 | box = 0.5446 | obj = 1.4764 | cls = 0.0333 | lr = 0.000053
epoch 043 | step 0900 | total = 4.3367 | box = 0.5301 | obj = 1.6434 | cls = 0.0426 | lr = 0.000053
epoch 043 | step 0920 | total = 4.2814 | box = 0.5529 | obj = 1.4754 | cls = 0.0417 | lr = 0.000053
[epoch 043 train] total = 4.1479 | box = 0.5470 | obj = 1.3755 | cls = 0.0375 | steps = 925 | global_batches = 7400 | samples = 118288 | time = 809.3s
[epoch 043 val] total = 4.4120 | box = 0.5816 | obj = 1.4656 | cls = 0.0382 | steps = 40 | global_batches = 320 | samples = 5000 | time = 23.6s
epoch 044 | step 0001 | total = 4.9420 | box = 0.6571 | obj = 1.6053 | cls = 0.0515 | lr = 0.000043
epoch 044 | step 0020 | total = 4.7257 | box = 0.6677 | obj = 1.3471 | cls = 0.0403 | lr = 0.000043
epoch 044 | step 0040 | total = 4.2906 | box = 0.5609 | obj = 1.4430 | cls = 0.0430 | lr = 0.000043
epoch 044 | step 0060 | total = 4.7963 | box = 0.6580 | obj = 1.4740 | cls = 0.0321 | lr = 0.000043
epoch 044 | step 0080 | total = 3.5625 | box = 0.4495 | obj = 1.2718 | cls = 0.0434 | lr = 0.000043
epoch 044 | step 0100 | total = 4.1892 | box = 0.5464 | obj = 1.4230 | cls = 0.0341 | lr = 0.000043
epoch 044 | step 0120 | total = 3.4389 | box = 0.4225 | obj = 1.2942 | cls = 0.0324 | lr = 0.000043
epoch 044 | step 0140 | total = 4.5425 | box = 0.6012 | obj = 1.5015 | cls = 0.0351 | lr = 0.000043
epoch 044 | step 0160 | total = 3.6501 | box = 0.4648 | obj = 1.2877 | cls = 0.0382 | lr = 0.000043
epoch 044 | step 0180 | total = 4.3539 | box = 0.5518 | obj = 1.5598 | cls = 0.0352 | lr = 0.000043
epoch 044 | step 0200 | total = 3.7867 | box = 0.5026 | obj = 1.2452 | cls = 0.0285 | lr = 0.000043
epoch 044 | step 0220 | total = 4.8122 | box = 0.6890 | obj = 1.3300 | cls = 0.0370 | lr = 0.000043
epoch 044 | step 0240 | total = 4.3644 | box = 0.6067 | obj = 1.2994 | cls = 0.0315 | lr = 0.000043
epoch 044 | step 0260 | total = 3.9773 | box = 0.5116 | obj = 1.3718 | cls = 0.0474 | lr = 0.000043
epoch 044 | step 0280 | total = 4.1730 | box = 0.5555 | obj = 1.3530 | cls = 0.0427 | lr = 0.000043
epoch 044 | step 0300 | total = 4.4761 | box = 0.6026 | obj = 1.4168 | cls = 0.0465 | lr = 0.000043
epoch 044 | step 0320 | total = 4.0497 | box = 0.5244 | obj = 1.3926 | cls = 0.0349 | lr = 0.000043
epoch 044 | step 0340 | total = 4.0576 | box = 0.5129 | obj = 1.4514 | cls = 0.0419 | lr = 0.000043
epoch 044 | step 0360 | total = 4.4834 | box = 0.6059 | obj = 1.4185 | cls = 0.0354 | lr = 0.000043
epoch 044 | step 0380 | total = 4.3599 | box = 0.5829 | obj = 1.4114 | cls = 0.0339 | lr = 0.000043
epoch 044 | step 0400 | total = 4.1424 | box = 0.5461 | obj = 1.3750 | cls = 0.0370 | lr = 0.000043
epoch 044 | step 0420 | total = 3.8960 | box = 0.5218 | obj = 1.2499 | cls = 0.0371 | lr = 0.000043
epoch 044 | step 0440 | total = 3.6976 | box = 0.4733 | obj = 1.2968 | cls = 0.0340 | lr = 0.000043
epoch 044 | step 0460 | total = 3.4886 | box = 0.4148 | obj = 1.3674 | cls = 0.0472 | lr = 0.000043
epoch 044 | step 0480 | total = 5.0827 | box = 0.7262 | obj = 1.4196 | cls = 0.0320 | lr = 0.000043
epoch 044 | step 0500 | total = 3.5876 | box = 0.4034 | obj = 1.5150 | cls = 0.0558 | lr = 0.000043
epoch 044 | step 0520 | total = 3.4777 | box = 0.4171 | obj = 1.3460 | cls = 0.0463 | lr = 0.000043
epoch 044 | step 0540 | total = 3.6142 | box = 0.4322 | obj = 1.4185 | cls = 0.0350 | lr = 0.000043
epoch 044 | step 0560 | total = 4.2101 | box = 0.5396 | obj = 1.4730 | cls = 0.0392 | lr = 0.000043
epoch 044 | step 0580 | total = 3.7459 | box = 0.4611 | obj = 1.4011 | cls = 0.0394 | lr = 0.000043
epoch 044 | step 0600 | total = 3.6433 | box = 0.4299 | obj = 1.4465 | cls = 0.0472 | lr = 0.000043
epoch 044 | step 0620 | total = 4.7769 | box = 0.6646 | obj = 1.4095 | cls = 0.0447 | lr = 0.000043
epoch 044 | step 0640 | total = 3.9495 | box = 0.5138 | obj = 1.3400 | cls = 0.0407 | lr = 0.000043
epoch 044 | step 0660 | total = 4.0114 | box = 0.5348 | obj = 1.3008 | cls = 0.0368 | lr = 0.000043
epoch 044 | step 0680 | total = 4.2666 | box = 0.5918 | obj = 1.2708 | cls = 0.0369 | lr = 0.000043
epoch 044 | step 0700 | total = 3.7922 | box = 0.4970 | obj = 1.2744 | cls = 0.0327 | lr = 0.000043
epoch 044 | step 0720 | total = 4.1414 | box = 0.5507 | obj = 1.3523 | cls = 0.0354 | lr = 0.000043
epoch 044 | step 0740 | total = 3.3878 | box = 0.3958 | obj = 1.3680 | cls = 0.0408 | lr = 0.000043
epoch 044 | step 0760 | total = 4.2951 | box = 0.5666 | obj = 1.4145 | cls = 0.0476 | lr = 0.000043
epoch 044 | step 0780 | total = 4.5257 | box = 0.6261 | obj = 1.3638 | cls = 0.0313 | lr = 0.000043
epoch 044 | step 0800 | total = 4.1438 | box = 0.5640 | obj = 1.2876 | cls = 0.0362 | lr = 0.000043
epoch 044 | step 0820 | total = 3.6660 | box = 0.4718 | obj = 1.2711 | cls = 0.0359 | lr = 0.000043
epoch 044 | step 0840 | total = 4.7001 | box = 0.6292 | obj = 1.5124 | cls = 0.0416 | lr = 0.000043
epoch 044 | step 0860 | total = 4.4587 | box = 0.6040 | obj = 1.3978 | cls = 0.0407 | lr = 0.000043
epoch 044 | step 0880 | total = 4.0537 | box = 0.5459 | obj = 1.2921 | cls = 0.0320 | lr = 0.000043
epoch 044 | step 0900 | total = 3.9353 | box = 0.4995 | obj = 1.4002 | cls = 0.0376 | lr = 0.000043
epoch 044 | step 0920 | total = 4.8220 | box = 0.7042 | obj = 1.2709 | cls = 0.0301 | lr = 0.000043
[epoch 044 train] total = 4.1379 | box = 0.5459 | obj = 1.3708 | cls = 0.0374 | steps = 925 | global_batches = 7400 | samples = 118288 | time = 807.5s
[epoch 044 val] total = 4.4237 | box = 0.5816 | obj = 1.4778 | cls = 0.0381 | steps = 40 | global_batches = 320 | samples = 5000 | time = 24.0s
epoch 045 | step 0001 | total = 3.3906 | box = 0.4325 | obj = 1.1964 | cls = 0.0318 | lr = 0.000034
epoch 045 | step 0020 | total = 4.3901 | box = 0.5813 | obj = 1.4427 | cls = 0.0410 | lr = 0.000034
epoch 045 | step 0040 | total = 3.7586 | box = 0.4657 | obj = 1.3802 | cls = 0.0500 | lr = 0.000034
epoch 045 | step 0060 | total = 5.1282 | box = 0.7244 | obj = 1.4638 | cls = 0.0425 | lr = 0.000034
epoch 045 | step 0080 | total = 4.0880 | box = 0.5250 | obj = 1.4208 | cls = 0.0424 | lr = 0.000034
epoch 045 | step 0100 | total = 3.4134 | box = 0.4297 | obj = 1.2368 | cls = 0.0281 | lr = 0.000034
epoch 045 | step 0120 | total = 4.7237 | box = 0.6359 | obj = 1.5088 | cls = 0.0356 | lr = 0.000034
epoch 045 | step 0140 | total = 4.3196 | box = 0.6089 | obj = 1.2452 | cls = 0.0300 | lr = 0.000034
epoch 045 | step 0160 | total = 4.7312 | box = 0.6352 | obj = 1.5156 | cls = 0.0396 | lr = 0.000034
epoch 045 | step 0180 | total = 4.3316 | box = 0.5761 | obj = 1.4178 | cls = 0.0331 | lr = 0.000034
epoch 045 | step 0200 | total = 4.2295 | box = 0.5720 | obj = 1.3330 | cls = 0.0364 | lr = 0.000034
epoch 045 | step 0220 | total = 4.3323 | box = 0.5813 | obj = 1.3952 | cls = 0.0303 | lr = 0.000034
epoch 045 | step 0240 | total = 3.7031 | box = 0.4909 | obj = 1.2070 | cls = 0.0414 | lr = 0.000034
epoch 045 | step 0260 | total = 3.9318 | box = 0.5012 | obj = 1.3812 | cls = 0.0445 | lr = 0.000034
epoch 045 | step 0280 | total = 4.8107 | box = 0.6720 | obj = 1.4154 | cls = 0.0353 | lr = 0.000034
epoch 045 | step 0300 | total = 4.1700 | box = 0.5511 | obj = 1.3777 | cls = 0.0367 | lr = 0.000034
epoch 045 | step 0320 | total = 4.1311 | box = 0.5399 | obj = 1.3963 | cls = 0.0355 | lr = 0.000034
epoch 045 | step 0340 | total = 3.7299 | box = 0.4781 | obj = 1.3059 | cls = 0.0335 | lr = 0.000034
epoch 045 | step 0360 | total = 4.4688 | box = 0.6125 | obj = 1.3752 | cls = 0.0311 | lr = 0.000034
epoch 045 | step 0380 | total = 3.9507 | box = 0.5094 | obj = 1.3732 | cls = 0.0304 | lr = 0.000034
epoch 045 | step 0400 | total = 4.4179 | box = 0.5871 | obj = 1.4472 | cls = 0.0350 | lr = 0.000034
epoch 045 | step 0420 | total = 4.2047 | box = 0.5761 | obj = 1.2885 | cls = 0.0359 | lr = 0.000034
epoch 045 | step 0440 | total = 4.3389 | box = 0.5537 | obj = 1.5328 | cls = 0.0378 | lr = 0.000034
epoch 045 | step 0460 | total = 3.7798 | box = 0.4768 | obj = 1.3557 | cls = 0.0400 | lr = 0.000034
epoch 045 | step 0480 | total = 4.1605 | box = 0.5775 | obj = 1.2327 | cls = 0.0401 | lr = 0.000034
epoch 045 | step 0500 | total = 3.5283 | box = 0.4528 | obj = 1.2279 | cls = 0.0363 | lr = 0.000034
epoch 045 | step 0520 | total = 3.7295 | box = 0.4837 | obj = 1.2701 | cls = 0.0407 | lr = 0.000034
epoch 045 | step 0540 | total = 4.4180 | box = 0.5899 | obj = 1.4351 | cls = 0.0333 | lr = 0.000034
epoch 045 | step 0560 | total = 4.0531 | box = 0.5290 | obj = 1.3770 | cls = 0.0308 | lr = 0.000034
epoch 045 | step 0580 | total = 4.3830 | box = 0.5719 | obj = 1.4810 | cls = 0.0425 | lr = 0.000034
epoch 045 | step 0600 | total = 4.2227 | box = 0.5564 | obj = 1.4092 | cls = 0.0315 | lr = 0.000034
epoch 045 | step 0620 | total = 3.9858 | box = 0.5299 | obj = 1.3026 | cls = 0.0337 | lr = 0.000034
epoch 045 | step 0640 | total = 3.5136 | box = 0.4027 | obj = 1.4600 | cls = 0.0400 | lr = 0.000034
epoch 045 | step 0660 | total = 4.5682 | box = 0.6353 | obj = 1.3561 | cls = 0.0357 | lr = 0.000034
epoch 045 | step 0680 | total = 4.7338 | box = 0.6472 | obj = 1.4647 | cls = 0.0331 | lr = 0.000034
epoch 045 | step 0700 | total = 4.5538 | box = 0.6201 | obj = 1.4138 | cls = 0.0397 | lr = 0.000034
epoch 045 | step 0720 | total = 4.5522 | box = 0.5839 | obj = 1.5937 | cls = 0.0388 | lr = 0.000034
epoch 045 | step 0740 | total = 3.4346 | box = 0.4288 | obj = 1.2487 | cls = 0.0418 | lr = 0.000034
epoch 045 | step 0760 | total = 3.5635 | box = 0.4406 | obj = 1.3228 | cls = 0.0379 | lr = 0.000034
epoch 045 | step 0780 | total = 4.1450 | box = 0.5396 | obj = 1.4050 | cls = 0.0421 | lr = 0.000034
epoch 045 | step 0800 | total = 4.2251 | box = 0.5550 | obj = 1.4139 | cls = 0.0364 | lr = 0.000034
epoch 045 | step 0820 | total = 3.8905 | box = 0.4774 | obj = 1.4589 | cls = 0.0447 | lr = 0.000034
epoch 045 | step 0840 | total = 5.0458 | box = 0.7153 | obj = 1.4324 | cls = 0.0368 | lr = 0.000034
epoch 045 | step 0860 | total = 3.9146 | box = 0.5184 | obj = 1.2906 | cls = 0.0319 | lr = 0.000034
epoch 045 | step 0880 | total = 3.9424 | box = 0.4910 | obj = 1.4492 | cls = 0.0385 | lr = 0.000034
epoch 045 | step 0900 | total = 4.8343 | box = 0.7037 | obj = 1.2825 | cls = 0.0333 | lr = 0.000034
epoch 045 | step 0920 | total = 3.8060 | box = 0.4689 | obj = 1.4188 | cls = 0.0425 | lr = 0.000034
[epoch 045 train] total = 4.1312 | box = 0.5448 | obj = 1.3697 | cls = 0.0374 | steps = 925 | global_batches = 7400 | samples = 118288 | time = 807.1s
[epoch 045 val] total = 4.4090 | box = 0.5801 | obj = 1.4703 | cls = 0.0381 | steps = 40 | global_batches = 320 | samples = 5000 | time = 23.9s
epoch 046 | step 0001 | total = 3.7194 | box = 0.4652 | obj = 1.3525 | cls = 0.0407 | lr = 0.000027
epoch 046 | step 0020 | total = 3.8128 | box = 0.4902 | obj = 1.3290 | cls = 0.0329 | lr = 0.000027
epoch 046 | step 0040 | total = 3.5966 | box = 0.4600 | obj = 1.2641 | cls = 0.0325 | lr = 0.000027
epoch 046 | step 0060 | total = 4.0849 | box = 0.5257 | obj = 1.4102 | cls = 0.0460 | lr = 0.000027
epoch 046 | step 0080 | total = 4.1210 | box = 0.5524 | obj = 1.3249 | cls = 0.0340 | lr = 0.000027
epoch 046 | step 0100 | total = 4.6185 | box = 0.6380 | obj = 1.3877 | cls = 0.0409 | lr = 0.000027
epoch 046 | step 0120 | total = 3.0221 | box = 0.3700 | obj = 1.1355 | cls = 0.0368 | lr = 0.000027
epoch 046 | step 0140 | total = 3.9440 | box = 0.5047 | obj = 1.3853 | cls = 0.0354 | lr = 0.000027
epoch 046 | step 0160 | total = 3.3962 | box = 0.4219 | obj = 1.2500 | cls = 0.0365 | lr = 0.000027
epoch 046 | step 0180 | total = 4.3237 | box = 0.5426 | obj = 1.5666 | cls = 0.0440 | lr = 0.000027
epoch 046 | step 0200 | total = 4.0405 | box = 0.5472 | obj = 1.2656 | cls = 0.0387 | lr = 0.000027
epoch 046 | step 0220 | total = 4.0918 | box = 0.5326 | obj = 1.3893 | cls = 0.0392 | lr = 0.000027
epoch 046 | step 0240 | total = 4.7864 | box = 0.6378 | obj = 1.5643 | cls = 0.0330 | lr = 0.000027
epoch 046 | step 0260 | total = 4.8759 | box = 0.6588 | obj = 1.5386 | cls = 0.0432 | lr = 0.000027
epoch 046 | step 0280 | total = 3.1885 | box = 0.3804 | obj = 1.2547 | cls = 0.0316 | lr = 0.000027
epoch 046 | step 0300 | total = 4.5444 | box = 0.6163 | obj = 1.4255 | cls = 0.0374 | lr = 0.000027
epoch 046 | step 0320 | total = 4.9581 | box = 0.6857 | obj = 1.4891 | cls = 0.0404 | lr = 0.000027
epoch 046 | step 0340 | total = 4.1806 | box = 0.5603 | obj = 1.3467 | cls = 0.0325 | lr = 0.000027
epoch 046 | step 0360 | total = 4.1916 | box = 0.5454 | obj = 1.4323 | cls = 0.0325 | lr = 0.000027
epoch 046 | step 0380 | total = 4.6550 | box = 0.6220 | obj = 1.5095 | cls = 0.0356 | lr = 0.000027
epoch 046 | step 0400 | total = 4.3148 | box = 0.5811 | obj = 1.3653 | cls = 0.0439 | lr = 0.000027
epoch 046 | step 0420 | total = 4.3008 | box = 0.5907 | obj = 1.3163 | cls = 0.0310 | lr = 0.000027
epoch 046 | step 0440 | total = 4.5385 | box = 0.6182 | obj = 1.4158 | cls = 0.0315 | lr = 0.000027
epoch 046 | step 0460 | total = 3.4050 | box = 0.4283 | obj = 1.2297 | cls = 0.0338 | lr = 0.000027
epoch 046 | step 0480 | total = 3.9060 | box = 0.4875 | obj = 1.4205 | cls = 0.0478 | lr = 0.000027
epoch 046 | step 0500 | total = 3.3145 | box = 0.4340 | obj = 1.1182 | cls = 0.0261 | lr = 0.000027
epoch 046 | step 0520 | total = 3.2290 | box = 0.3935 | obj = 1.2227 | cls = 0.0387 | lr = 0.000027
epoch 046 | step 0540 | total = 3.4015 | box = 0.4132 | obj = 1.2945 | cls = 0.0410 | lr = 0.000027
epoch 046 | step 0560 | total = 4.1157 | box = 0.5630 | obj = 1.2636 | cls = 0.0373 | lr = 0.000027
epoch 046 | step 0580 | total = 3.7867 | box = 0.4854 | obj = 1.3197 | cls = 0.0401 | lr = 0.000027
epoch 046 | step 0600 | total = 4.0703 | box = 0.5392 | obj = 1.3395 | cls = 0.0345 | lr = 0.000027
epoch 046 | step 0620 | total = 4.5166 | box = 0.5887 | obj = 1.5358 | cls = 0.0375 | lr = 0.000027
epoch 046 | step 0640 | total = 3.9385 | box = 0.5104 | obj = 1.3507 | cls = 0.0357 | lr = 0.000027
epoch 046 | step 0660 | total = 4.9659 | box = 0.6633 | obj = 1.6144 | cls = 0.0351 | lr = 0.000027
epoch 046 | step 0680 | total = 4.6258 | box = 0.5861 | obj = 1.6639 | cls = 0.0313 | lr = 0.000027
epoch 046 | step 0700 | total = 4.0160 | box = 0.5149 | obj = 1.4055 | cls = 0.0359 | lr = 0.000027
epoch 046 | step 0720 | total = 4.2641 | box = 0.5864 | obj = 1.2936 | cls = 0.0383 | lr = 0.000027
epoch 046 | step 0740 | total = 3.4627 | box = 0.4142 | obj = 1.3518 | cls = 0.0398 | lr = 0.000027
epoch 046 | step 0760 | total = 3.9895 | box = 0.5390 | obj = 1.2577 | cls = 0.0366 | lr = 0.000027
epoch 046 | step 0780 | total = 4.4803 | box = 0.6046 | obj = 1.4204 | cls = 0.0369 | lr = 0.000027
epoch 046 | step 0800 | total = 4.6323 | box = 0.6235 | obj = 1.4729 | cls = 0.0418 | lr = 0.000027
epoch 046 | step 0820 | total = 5.3813 | box = 0.7639 | obj = 1.5280 | cls = 0.0338 | lr = 0.000027
epoch 046 | step 0840 | total = 4.1339 | box = 0.5415 | obj = 1.3831 | cls = 0.0433 | lr = 0.000027
epoch 046 | step 0860 | total = 4.5036 | box = 0.5923 | obj = 1.5023 | cls = 0.0399 | lr = 0.000027
epoch 046 | step 0880 | total = 3.6706 | box = 0.4580 | obj = 1.3407 | cls = 0.0398 | lr = 0.000027
epoch 046 | step 0900 | total = 4.4807 | box = 0.5889 | obj = 1.5006 | cls = 0.0357 | lr = 0.000027
epoch 046 | step 0920 | total = 4.2567 | box = 0.5702 | obj = 1.3725 | cls = 0.0334 | lr = 0.000027
[epoch 046 train] total = 4.1192 | box = 0.5431 | obj = 1.3662 | cls = 0.0373 | steps = 925 | global_batches = 7400 | samples = 118288 | time = 809.5s
[epoch 046 val] total = 4.4099 | box = 0.5801 | obj = 1.4710 | cls = 0.0382 | steps = 40 | global_batches = 320 | samples = 5000 | time = 23.9s
epoch 047 | step 0001 | total = 4.8388 | box = 0.6877 | obj = 1.3624 | cls = 0.0379 | lr = 0.000021
epoch 047 | step 0020 | total = 3.7365 | box = 0.4741 | obj = 1.3352 | cls = 0.0310 | lr = 0.000021
epoch 047 | step 0040 | total = 3.2896 | box = 0.4083 | obj = 1.2099 | cls = 0.0383 | lr = 0.000021
epoch 047 | step 0060 | total = 3.6189 | box = 0.4534 | obj = 1.3184 | cls = 0.0335 | lr = 0.000021
epoch 047 | step 0080 | total = 4.1685 | box = 0.5607 | obj = 1.3319 | cls = 0.0331 | lr = 0.000021
epoch 047 | step 0100 | total = 4.3259 | box = 0.5590 | obj = 1.4933 | cls = 0.0378 | lr = 0.000021
epoch 047 | step 0120 | total = 4.3257 | box = 0.5986 | obj = 1.3042 | cls = 0.0286 | lr = 0.000021
epoch 047 | step 0140 | total = 4.2044 | box = 0.5590 | obj = 1.3810 | cls = 0.0287 | lr = 0.000021
epoch 047 | step 0160 | total = 4.9632 | box = 0.6803 | obj = 1.5255 | cls = 0.0364 | lr = 0.000021
epoch 047 | step 0180 | total = 3.4617 | box = 0.4165 | obj = 1.3329 | cls = 0.0466 | lr = 0.000021
epoch 047 | step 0200 | total = 4.1969 | box = 0.5564 | obj = 1.3842 | cls = 0.0305 | lr = 0.000021
epoch 047 | step 0220 | total = 5.1913 | box = 0.7722 | obj = 1.2952 | cls = 0.0351 | lr = 0.000021
epoch 047 | step 0240 | total = 4.2294 | box = 0.5644 | obj = 1.3704 | cls = 0.0368 | lr = 0.000021
epoch 047 | step 0260 | total = 4.2901 | box = 0.5460 | obj = 1.5231 | cls = 0.0369 | lr = 0.000021
epoch 047 | step 0280 | total = 4.9466 | box = 0.6858 | obj = 1.4838 | cls = 0.0339 | lr = 0.000021
epoch 047 | step 0300 | total = 4.3095 | box = 0.6110 | obj = 1.2282 | cls = 0.0263 | lr = 0.000021
epoch 047 | step 0320 | total = 4.1902 | box = 0.5362 | obj = 1.4736 | cls = 0.0356 | lr = 0.000021
epoch 047 | step 0340 | total = 4.5112 | box = 0.6334 | obj = 1.3150 | cls = 0.0294 | lr = 0.000021
epoch 047 | step 0360 | total = 3.1153 | box = 0.3837 | obj = 1.1438 | cls = 0.0530 | lr = 0.000021
epoch 047 | step 0380 | total = 3.6250 | box = 0.4638 | obj = 1.2719 | cls = 0.0340 | lr = 0.000021
epoch 047 | step 0400 | total = 3.6489 | box = 0.4488 | obj = 1.3726 | cls = 0.0322 | lr = 0.000021
epoch 047 | step 0420 | total = 4.4037 | box = 0.6190 | obj = 1.2718 | cls = 0.0370 | lr = 0.000021
epoch 047 | step 0440 | total = 4.5556 | box = 0.6007 | obj = 1.5194 | cls = 0.0328 | lr = 0.000021
epoch 047 | step 0460 | total = 4.2517 | box = 0.5566 | obj = 1.4309 | cls = 0.0380 | lr = 0.000021
epoch 047 | step 0480 | total = 3.4924 | box = 0.4471 | obj = 1.2228 | cls = 0.0343 | lr = 0.000021
epoch 047 | step 0500 | total = 3.8874 | box = 0.4890 | obj = 1.4061 | cls = 0.0363 | lr = 0.000021
epoch 047 | step 0520 | total = 3.8504 | box = 0.4508 | obj = 1.5613 | cls = 0.0350 | lr = 0.000021
epoch 047 | step 0540 | total = 3.5254 | box = 0.4420 | obj = 1.2848 | cls = 0.0308 | lr = 0.000021
epoch 047 | step 0560 | total = 4.6000 | box = 0.6145 | obj = 1.4868 | cls = 0.0407 | lr = 0.000021
epoch 047 | step 0580 | total = 3.9232 | box = 0.5109 | obj = 1.3355 | cls = 0.0331 | lr = 0.000021
epoch 047 | step 0600 | total = 4.5386 | box = 0.6184 | obj = 1.4079 | cls = 0.0389 | lr = 0.000021
epoch 047 | step 0620 | total = 3.7555 | box = 0.4936 | obj = 1.2525 | cls = 0.0352 | lr = 0.000021
epoch 047 | step 0640 | total = 3.9209 | box = 0.5133 | obj = 1.3207 | cls = 0.0338 | lr = 0.000021
epoch 047 | step 0660 | total = 3.6530 | box = 0.4374 | obj = 1.4024 | cls = 0.0635 | lr = 0.000021
epoch 047 | step 0680 | total = 4.0793 | box = 0.5434 | obj = 1.3269 | cls = 0.0354 | lr = 0.000021
epoch 047 | step 0700 | total = 4.0915 | box = 0.5211 | obj = 1.4451 | cls = 0.0411 | lr = 0.000021
epoch 047 | step 0720 | total = 4.1691 | box = 0.5382 | obj = 1.4463 | cls = 0.0318 | lr = 0.000021
epoch 047 | step 0740 | total = 4.1494 | box = 0.5532 | obj = 1.3431 | cls = 0.0401 | lr = 0.000021
epoch 047 | step 0760 | total = 4.9196 | box = 0.6783 | obj = 1.4950 | cls = 0.0330 | lr = 0.000021
epoch 047 | step 0780 | total = 4.4814 | box = 0.5801 | obj = 1.5464 | cls = 0.0347 | lr = 0.000021
epoch 047 | step 0800 | total = 4.7767 | box = 0.6633 | obj = 1.4287 | cls = 0.0318 | lr = 0.000021
epoch 047 | step 0820 | total = 4.2579 | box = 0.5632 | obj = 1.4075 | cls = 0.0345 | lr = 0.000021
epoch 047 | step 0840 | total = 4.2677 | box = 0.5759 | obj = 1.3501 | cls = 0.0379 | lr = 0.000021
epoch 047 | step 0860 | total = 4.5035 | box = 0.6137 | obj = 1.3928 | cls = 0.0421 | lr = 0.000021
epoch 047 | step 0880 | total = 4.4938 | box = 0.5916 | obj = 1.4996 | cls = 0.0361 | lr = 0.000021
epoch 047 | step 0900 | total = 4.5008 | box = 0.6170 | obj = 1.3783 | cls = 0.0373 | lr = 0.000021
epoch 047 | step 0920 | total = 4.0582 | box = 0.5405 | obj = 1.3230 | cls = 0.0326 | lr = 0.000021
[epoch 047 train] total = 4.1170 | box = 0.5428 | obj = 1.3656 | cls = 0.0373 | steps = 925 | global_batches = 7400 | samples = 118288 | time = 810.4s
[epoch 047 val] total = 4.3917 | box = 0.5782 | obj = 1.4626 | cls = 0.0380 | steps = 40 | global_batches = 320 | samples = 5000 | time = 23.8s
epoch 048 | step 0001 | total = 3.7834 | box = 0.4925 | obj = 1.2761 | cls = 0.0447 | lr = 0.000016
epoch 048 | step 0020 | total = 4.3604 | box = 0.5899 | obj = 1.3720 | cls = 0.0389 | lr = 0.000016
epoch 048 | step 0040 | total = 4.4605 | box = 0.6196 | obj = 1.3261 | cls = 0.0363 | lr = 0.000016
epoch 048 | step 0060 | total = 4.1403 | box = 0.5600 | obj = 1.3075 | cls = 0.0327 | lr = 0.000016
epoch 048 | step 0080 | total = 3.7650 | box = 0.4789 | obj = 1.3364 | cls = 0.0340 | lr = 0.000016
epoch 048 | step 0100 | total = 5.0962 | box = 0.7408 | obj = 1.3484 | cls = 0.0439 | lr = 0.000016
epoch 048 | step 0120 | total = 4.5957 | box = 0.6240 | obj = 1.4341 | cls = 0.0416 | lr = 0.000016
epoch 048 | step 0140 | total = 4.2408 | box = 0.5561 | obj = 1.4284 | cls = 0.0319 | lr = 0.000016
epoch 048 | step 0160 | total = 4.9199 | box = 0.6750 | obj = 1.5114 | cls = 0.0334 | lr = 0.000016
epoch 048 | step 0180 | total = 4.0387 | box = 0.5331 | obj = 1.3355 | cls = 0.0377 | lr = 0.000016
epoch 048 | step 0200 | total = 4.0440 | box = 0.5468 | obj = 1.2764 | cls = 0.0337 | lr = 0.000016
epoch 048 | step 0220 | total = 3.7171 | box = 0.4811 | obj = 1.2745 | cls = 0.0370 | lr = 0.000016
epoch 048 | step 0240 | total = 3.6042 | box = 0.4474 | obj = 1.3287 | cls = 0.0385 | lr = 0.000016
epoch 048 | step 0260 | total = 3.3494 | box = 0.4075 | obj = 1.2676 | cls = 0.0443 | lr = 0.000016
epoch 048 | step 0280 | total = 4.4412 | box = 0.5969 | obj = 1.4197 | cls = 0.0370 | lr = 0.000016
epoch 048 | step 0300 | total = 3.7272 | box = 0.4701 | obj = 1.3363 | cls = 0.0401 | lr = 0.000016
epoch 048 | step 0320 | total = 4.2895 | box = 0.5880 | obj = 1.3178 | cls = 0.0318 | lr = 0.000016
epoch 048 | step 0340 | total = 4.2409 | box = 0.5883 | obj = 1.2608 | cls = 0.0386 | lr = 0.000016
epoch 048 | step 0360 | total = 4.1036 | box = 0.5140 | obj = 1.4972 | cls = 0.0366 | lr = 0.000016
epoch 048 | step 0380 | total = 3.7637 | box = 0.4850 | obj = 1.3065 | cls = 0.0322 | lr = 0.000016
epoch 048 | step 0400 | total = 3.0643 | box = 0.3306 | obj = 1.3654 | cls = 0.0461 | lr = 0.000016
epoch 048 | step 0420 | total = 3.5438 | box = 0.4380 | obj = 1.3191 | cls = 0.0349 | lr = 0.000016
epoch 048 | step 0440 | total = 3.5556 | box = 0.4443 | obj = 1.2861 | cls = 0.0478 | lr = 0.000016
epoch 048 | step 0460 | total = 4.4912 | box = 0.6242 | obj = 1.3317 | cls = 0.0383 | lr = 0.000016
epoch 048 | step 0480 | total = 4.0403 | box = 0.5339 | obj = 1.3366 | cls = 0.0344 | lr = 0.000016
epoch 048 | step 0500 | total = 4.3424 | box = 0.5737 | obj = 1.4377 | cls = 0.0363 | lr = 0.000016
epoch 048 | step 0520 | total = 3.8274 | box = 0.4873 | obj = 1.3585 | cls = 0.0322 | lr = 0.000016
epoch 048 | step 0540 | total = 4.2612 | box = 0.5735 | obj = 1.3617 | cls = 0.0321 | lr = 0.000016
epoch 048 | step 0560 | total = 3.4849 | box = 0.4463 | obj = 1.2227 | cls = 0.0307 | lr = 0.000016
epoch 048 | step 0580 | total = 4.7464 | box = 0.6526 | obj = 1.4508 | cls = 0.0324 | lr = 0.000016
epoch 048 | step 0600 | total = 4.5697 | box = 0.6367 | obj = 1.3527 | cls = 0.0336 | lr = 0.000016
epoch 048 | step 0620 | total = 4.4900 | box = 0.6165 | obj = 1.3706 | cls = 0.0371 | lr = 0.000016
epoch 048 | step 0640 | total = 4.1601 | box = 0.5666 | obj = 1.2880 | cls = 0.0391 | lr = 0.000016
epoch 048 | step 0660 | total = 4.3671 | box = 0.5723 | obj = 1.4616 | cls = 0.0440 | lr = 0.000016
epoch 048 | step 0680 | total = 4.1891 | box = 0.5251 | obj = 1.5204 | cls = 0.0431 | lr = 0.000016
epoch 048 | step 0700 | total = 4.7276 | box = 0.6629 | obj = 1.3790 | cls = 0.0340 | lr = 0.000016
epoch 048 | step 0720 | total = 4.1076 | box = 0.5450 | obj = 1.3455 | cls = 0.0374 | lr = 0.000016
epoch 048 | step 0740 | total = 4.3388 | box = 0.5932 | obj = 1.3359 | cls = 0.0369 | lr = 0.000016
epoch 048 | step 0760 | total = 4.2898 | box = 0.5828 | obj = 1.3385 | cls = 0.0374 | lr = 0.000016
epoch 048 | step 0780 | total = 4.0332 | box = 0.5316 | obj = 1.3431 | cls = 0.0322 | lr = 0.000016
epoch 048 | step 0800 | total = 3.1114 | box = 0.3567 | obj = 1.2899 | cls = 0.0383 | lr = 0.000016
epoch 048 | step 0820 | total = 4.0784 | box = 0.5202 | obj = 1.4468 | cls = 0.0307 | lr = 0.000016
epoch 048 | step 0840 | total = 3.3913 | box = 0.4207 | obj = 1.2524 | cls = 0.0356 | lr = 0.000016
epoch 048 | step 0860 | total = 3.1361 | box = 0.3740 | obj = 1.2246 | cls = 0.0414 | lr = 0.000016
epoch 048 | step 0880 | total = 4.9718 | box = 0.6802 | obj = 1.5314 | cls = 0.0395 | lr = 0.000016
epoch 048 | step 0900 | total = 3.8226 | box = 0.4761 | obj = 1.4022 | cls = 0.0401 | lr = 0.000016
epoch 048 | step 0920 | total = 4.5533 | box = 0.6101 | obj = 1.4609 | cls = 0.0418 | lr = 0.000016
[epoch 048 train] total = 4.1097 | box = 0.5419 | obj = 1.3630 | cls = 0.0373 | steps = 925 | global_batches = 7400 | samples = 118288 | time = 811.3s
[epoch 048 val] total = 4.4053 | box = 0.5797 | obj = 1.4688 | cls = 0.0380 | steps = 40 | global_batches = 320 | samples = 5000 | time = 24.1s
epoch 049 | step 0001 | total = 4.6459 | box = 0.6470 | obj = 1.3684 | cls = 0.0426 | lr = 0.000013
epoch 049 | step 0020 | total = 4.3874 | box = 0.5948 | obj = 1.3785 | cls = 0.0347 | lr = 0.000013
epoch 049 | step 0040 | total = 3.6825 | box = 0.4846 | obj = 1.2280 | cls = 0.0316 | lr = 0.000013
epoch 049 | step 0060 | total = 4.5479 | box = 0.6018 | obj = 1.5031 | cls = 0.0359 | lr = 0.000013
epoch 049 | step 0080 | total = 4.0490 | box = 0.5419 | obj = 1.3033 | cls = 0.0363 | lr = 0.000013
epoch 049 | step 0100 | total = 5.0833 | box = 0.6788 | obj = 1.6518 | cls = 0.0374 | lr = 0.000013
epoch 049 | step 0120 | total = 3.1974 | box = 0.3995 | obj = 1.1690 | cls = 0.0312 | lr = 0.000013
epoch 049 | step 0140 | total = 4.6908 | box = 0.6520 | obj = 1.3990 | cls = 0.0319 | lr = 0.000013
epoch 049 | step 0160 | total = 4.2010 | box = 0.5428 | obj = 1.4553 | cls = 0.0318 | lr = 0.000013
epoch 049 | step 0180 | total = 3.6692 | box = 0.4703 | obj = 1.2692 | cls = 0.0483 | lr = 0.000013
epoch 049 | step 0200 | total = 4.6368 | box = 0.6497 | obj = 1.3538 | cls = 0.0346 | lr = 0.000013
epoch 049 | step 0220 | total = 3.3911 | box = 0.4189 | obj = 1.2585 | cls = 0.0378 | lr = 0.000013
epoch 049 | step 0240 | total = 4.5812 | box = 0.6301 | obj = 1.3896 | cls = 0.0413 | lr = 0.000013
epoch 049 | step 0260 | total = 4.7533 | box = 0.6418 | obj = 1.5126 | cls = 0.0320 | lr = 0.000013
epoch 049 | step 0280 | total = 3.6245 | box = 0.4502 | obj = 1.3344 | cls = 0.0394 | lr = 0.000013
epoch 049 | step 0300 | total = 3.8726 | box = 0.4815 | obj = 1.4250 | cls = 0.0402 | lr = 0.000013
epoch 049 | step 0320 | total = 3.8833 | box = 0.4898 | obj = 1.3959 | cls = 0.0385 | lr = 0.000013
epoch 049 | step 0340 | total = 3.4392 | box = 0.4295 | obj = 1.2489 | cls = 0.0426 | lr = 0.000013
epoch 049 | step 0360 | total = 4.8340 | box = 0.6809 | obj = 1.3912 | cls = 0.0383 | lr = 0.000013
epoch 049 | step 0380 | total = 4.0760 | box = 0.5661 | obj = 1.2095 | cls = 0.0358 | lr = 0.000013
epoch 049 | step 0400 | total = 3.6161 | box = 0.4742 | obj = 1.2058 | cls = 0.0391 | lr = 0.000013
epoch 049 | step 0420 | total = 4.3750 | box = 0.5931 | obj = 1.3815 | cls = 0.0278 | lr = 0.000013
epoch 049 | step 0440 | total = 4.0040 | box = 0.5139 | obj = 1.3889 | cls = 0.0455 | lr = 0.000013
epoch 049 | step 0460 | total = 3.4920 | box = 0.4306 | obj = 1.3052 | cls = 0.0335 | lr = 0.000013
epoch 049 | step 0480 | total = 4.0866 | box = 0.5337 | obj = 1.3827 | cls = 0.0354 | lr = 0.000013
epoch 049 | step 0500 | total = 4.0724 | box = 0.5235 | obj = 1.4188 | cls = 0.0360 | lr = 0.000013
epoch 049 | step 0520 | total = 4.1379 | box = 0.5658 | obj = 1.2821 | cls = 0.0268 | lr = 0.000013
epoch 049 | step 0540 | total = 4.0792 | box = 0.5486 | obj = 1.2990 | cls = 0.0370 | lr = 0.000013
epoch 049 | step 0560 | total = 4.1148 | box = 0.5444 | obj = 1.3588 | cls = 0.0341 | lr = 0.000013
epoch 049 | step 0580 | total = 3.8421 | box = 0.4830 | obj = 1.3867 | cls = 0.0403 | lr = 0.000013
epoch 049 | step 0600 | total = 4.0670 | box = 0.5385 | obj = 1.3376 | cls = 0.0372 | lr = 0.000013
epoch 049 | step 0620 | total = 4.2793 | box = 0.5606 | obj = 1.4385 | cls = 0.0378 | lr = 0.000013
epoch 049 | step 0640 | total = 4.3260 | box = 0.6100 | obj = 1.2375 | cls = 0.0385 | lr = 0.000013
epoch 049 | step 0660 | total = 3.9271 | box = 0.5050 | obj = 1.3676 | cls = 0.0347 | lr = 0.000013
epoch 049 | step 0680 | total = 4.2779 | box = 0.5582 | obj = 1.4427 | cls = 0.0440 | lr = 0.000013
epoch 049 | step 0700 | total = 4.8029 | box = 0.6942 | obj = 1.2894 | cls = 0.0426 | lr = 0.000013
epoch 049 | step 0720 | total = 4.1866 | box = 0.5564 | obj = 1.3688 | cls = 0.0355 | lr = 0.000013
epoch 049 | step 0740 | total = 3.9025 | box = 0.4866 | obj = 1.4243 | cls = 0.0451 | lr = 0.000013
epoch 049 | step 0760 | total = 4.5396 | box = 0.6117 | obj = 1.4445 | cls = 0.0367 | lr = 0.000013
epoch 049 | step 0780 | total = 4.0261 | box = 0.5391 | obj = 1.2963 | cls = 0.0342 | lr = 0.000013
epoch 049 | step 0800 | total = 4.5656 | box = 0.6159 | obj = 1.4455 | cls = 0.0404 | lr = 0.000013
epoch 049 | step 0820 | total = 5.2033 | box = 0.7483 | obj = 1.4235 | cls = 0.0385 | lr = 0.000013
epoch 049 | step 0840 | total = 4.4091 | box = 0.5721 | obj = 1.5069 | cls = 0.0417 | lr = 0.000013
epoch 049 | step 0860 | total = 4.1546 | box = 0.5459 | obj = 1.3880 | cls = 0.0373 | lr = 0.000013
epoch 049 | step 0880 | total = 3.5747 | box = 0.4290 | obj = 1.3874 | cls = 0.0425 | lr = 0.000013
epoch 049 | step 0900 | total = 4.2967 | box = 0.5696 | obj = 1.4122 | cls = 0.0363 | lr = 0.000013
epoch 049 | step 0920 | total = 4.5152 | box = 0.6145 | obj = 1.4123 | cls = 0.0303 | lr = 0.000013
[epoch 049 train] total = 4.1070 | box = 0.5416 | obj = 1.3620 | cls = 0.0372 | steps = 925 | global_batches = 7400 | samples = 118288 | time = 807.3s
[epoch 049 val] total = 4.3982 | box = 0.5784 | obj = 1.4684 | cls = 0.0380 | steps = 40 | global_batches = 320 | samples = 5000 | time = 23.9s
epoch 050 | step 0001 | total = 4.4110 | box = 0.5679 | obj = 1.5240 | cls = 0.0473 | lr = 0.000011
epoch 050 | step 0020 | total = 3.4285 | box = 0.4306 | obj = 1.2392 | cls = 0.0364 | lr = 0.000011
epoch 050 | step 0040 | total = 3.0470 | box = 0.3655 | obj = 1.1783 | cls = 0.0409 | lr = 0.000011
epoch 050 | step 0060 | total = 3.9902 | box = 0.5249 | obj = 1.3255 | cls = 0.0401 | lr = 0.000011
epoch 050 | step 0080 | total = 4.4841 | box = 0.6084 | obj = 1.4097 | cls = 0.0324 | lr = 0.000011
epoch 050 | step 0100 | total = 4.2139 | box = 0.5478 | obj = 1.4360 | cls = 0.0392 | lr = 0.000011
epoch 050 | step 0120 | total = 4.3902 | box = 0.5772 | obj = 1.4693 | cls = 0.0349 | lr = 0.000011
epoch 050 | step 0140 | total = 3.8453 | box = 0.5086 | obj = 1.2707 | cls = 0.0319 | lr = 0.000011
epoch 050 | step 0160 | total = 4.8334 | box = 0.6676 | obj = 1.4617 | cls = 0.0338 | lr = 0.000011
epoch 050 | step 0180 | total = 3.6664 | box = 0.4807 | obj = 1.2258 | cls = 0.0374 | lr = 0.000011
epoch 050 | step 0200 | total = 3.7876 | box = 0.4727 | obj = 1.3916 | cls = 0.0325 | lr = 0.000011
epoch 050 | step 0220 | total = 3.9464 | box = 0.5369 | obj = 1.2205 | cls = 0.0412 | lr = 0.000011
epoch 050 | step 0240 | total = 4.3612 | box = 0.5904 | obj = 1.3767 | cls = 0.0324 | lr = 0.000011
epoch 050 | step 0260 | total = 4.1563 | box = 0.5475 | obj = 1.3885 | cls = 0.0303 | lr = 0.000011
epoch 050 | step 0280 | total = 4.3113 | box = 0.5685 | obj = 1.4234 | cls = 0.0452 | lr = 0.000011
epoch 050 | step 0300 | total = 3.7251 | box = 0.4660 | obj = 1.3604 | cls = 0.0344 | lr = 0.000011
epoch 050 | step 0320 | total = 4.4694 | box = 0.6207 | obj = 1.3265 | cls = 0.0396 | lr = 0.000011
epoch 050 | step 0340 | total = 4.4374 | box = 0.5889 | obj = 1.4447 | cls = 0.0484 | lr = 0.000011
epoch 050 | step 0360 | total = 4.6193 | box = 0.6581 | obj = 1.2969 | cls = 0.0316 | lr = 0.000011
epoch 050 | step 0380 | total = 3.5472 | box = 0.4343 | obj = 1.3355 | cls = 0.0403 | lr = 0.000011
epoch 050 | step 0400 | total = 3.8491 | box = 0.4750 | obj = 1.4377 | cls = 0.0364 | lr = 0.000011
epoch 050 | step 0420 | total = 4.3784 | box = 0.5888 | obj = 1.3973 | cls = 0.0370 | lr = 0.000011
epoch 050 | step 0440 | total = 4.6231 | box = 0.6566 | obj = 1.3082 | cls = 0.0319 | lr = 0.000011
epoch 050 | step 0460 | total = 4.1663 | box = 0.5586 | obj = 1.3409 | cls = 0.0324 | lr = 0.000011
epoch 050 | step 0480 | total = 5.0120 | box = 0.7081 | obj = 1.4387 | cls = 0.0330 | lr = 0.000011
epoch 050 | step 0500 | total = 4.4790 | box = 0.5719 | obj = 1.5764 | cls = 0.0431 | lr = 0.000011
epoch 050 | step 0520 | total = 4.4173 | box = 0.6079 | obj = 1.3391 | cls = 0.0387 | lr = 0.000011
epoch 050 | step 0540 | total = 4.0849 | box = 0.5173 | obj = 1.4537 | cls = 0.0445 | lr = 0.000011
epoch 050 | step 0560 | total = 3.5245 | box = 0.4590 | obj = 1.1980 | cls = 0.0316 | lr = 0.000011
epoch 050 | step 0580 | total = 3.8894 | box = 0.4841 | obj = 1.4312 | cls = 0.0375 | lr = 0.000011
epoch 050 | step 0600 | total = 3.9239 | box = 0.5117 | obj = 1.3299 | cls = 0.0353 | lr = 0.000011
epoch 050 | step 0620 | total = 5.3779 | box = 0.7796 | obj = 1.4436 | cls = 0.0363 | lr = 0.000011
epoch 050 | step 0640 | total = 3.4237 | box = 0.4317 | obj = 1.2302 | cls = 0.0350 | lr = 0.000011
epoch 050 | step 0660 | total = 3.9865 | box = 0.5283 | obj = 1.3151 | cls = 0.0301 | lr = 0.000011
epoch 050 | step 0680 | total = 3.8143 | box = 0.4938 | obj = 1.3145 | cls = 0.0311 | lr = 0.000011
epoch 050 | step 0700 | total = 4.5525 | box = 0.6135 | obj = 1.4493 | cls = 0.0358 | lr = 0.000011
epoch 050 | step 0720 | total = 4.3736 | box = 0.5725 | obj = 1.4746 | cls = 0.0366 | lr = 0.000011
epoch 050 | step 0740 | total = 4.2236 | box = 0.5850 | obj = 1.2650 | cls = 0.0335 | lr = 0.000011
epoch 050 | step 0760 | total = 4.2685 | box = 0.5579 | obj = 1.4287 | cls = 0.0502 | lr = 0.000011
epoch 050 | step 0780 | total = 4.1642 | box = 0.5554 | obj = 1.3581 | cls = 0.0289 | lr = 0.000011
epoch 050 | step 0800 | total = 3.8354 | box = 0.4860 | obj = 1.3695 | cls = 0.0361 | lr = 0.000011
epoch 050 | step 0820 | total = 4.6065 | box = 0.6381 | obj = 1.3773 | cls = 0.0388 | lr = 0.000011
epoch 050 | step 0840 | total = 4.5484 | box = 0.6351 | obj = 1.3366 | cls = 0.0362 | lr = 0.000011
epoch 050 | step 0860 | total = 3.6625 | box = 0.4729 | obj = 1.2645 | cls = 0.0335 | lr = 0.000011
epoch 050 | step 0880 | total = 4.6042 | box = 0.6451 | obj = 1.3418 | cls = 0.0368 | lr = 0.000011
epoch 050 | step 0900 | total = 3.8417 | box = 0.5028 | obj = 1.2923 | cls = 0.0352 | lr = 0.000011
epoch 050 | step 0920 | total = 3.6530 | box = 0.4574 | obj = 1.3327 | cls = 0.0335 | lr = 0.000011
[epoch 050 train] total = 4.1061 | box = 0.5415 | obj = 1.3614 | cls = 0.0372 | steps = 925 | global_batches = 7400 | samples = 118288 | time = 808.2s
[epoch 050 val] total = 4.3951 | box = 0.5782 | obj = 1.4659 | cls = 0.0380 | steps = 40 | global_batches = 320 | samples = 5000 | time = 23.7s
training status: completed
result summary: logs/records/dual_scale_three_box_coco_only_noobj1_416_basic_aug_scale_jitter_50_lr7e4_ddp_20260512_130823/result.txt
training_exit=0
postrun_run_id=dual_scale_three_box_coco_only_noobj1_416_basic_aug_scale_jitter_50_lr7e4_ddp_20260512_130823
best_checkpoint=outputs/dual_scale_three_box_coco_only_noobj1_416_basic_aug_scale_jitter_50_lr7e4_ddp_20260512_130823/best.pth
stage=coco_eval_full_val2017
creating index...
index created!
Loading and preparing results...
DONE (t=0.68s)
creating index...
index created!
Running per image evaluation...
Evaluate annotation type *bbox*
DONE (t=20.82s).
Accumulating evaluation results...
DONE (t=4.44s).
 Average Precision  (AP) @[ IoU=0.50:0.95 | area=   all | maxDets=100 ] = 0.192
 Average Precision  (AP) @[ IoU=0.50      | area=   all | maxDets=100 ] = 0.310
 Average Precision  (AP) @[ IoU=0.75      | area=   all | maxDets=100 ] = 0.201
 Average Precision  (AP) @[ IoU=0.50:0.95 | area= small | maxDets=100 ] = 0.085
 Average Precision  (AP) @[ IoU=0.50:0.95 | area=medium | maxDets=100 ] = 0.212
 Average Precision  (AP) @[ IoU=0.50:0.95 | area= large | maxDets=100 ] = 0.262
 Average Recall     (AR) @[ IoU=0.50:0.95 | area=   all | maxDets=  1 ] = 0.216
 Average Recall     (AR) @[ IoU=0.50:0.95 | area=   all | maxDets= 10 ] = 0.336
 Average Recall     (AR) @[ IoU=0.50:0.95 | area=   all | maxDets=100 ] = 0.352
 Average Recall     (AR) @[ IoU=0.50:0.95 | area= small | maxDets=100 ] = 0.141
 Average Recall     (AR) @[ IoU=0.50:0.95 | area=medium | maxDets=100 ] = 0.380
 Average Recall     (AR) @[ IoU=0.50:0.95 | area= large | maxDets=100 ] = 0.481
{
  "anchors": {
    "p4": [
      [
        0.04,
        0.055
      ],
      [
        0.075,
        0.11
      ],
      [
        0.13,
        0.18
      ]
    ],
    "p5": [
      [
        0.18,
        0.24
      ],
      [
        0.32,
        0.42
      ],
      [
        0.52,
        0.62
      ]
    ]
  },
  "batch_size": 1.0,
  "box_parameterization": "yolov5",
  "checkpoint_path": "/home/lidz/YOLO/yolo_final/outputs/dual_scale_three_box_coco_only_noobj1_416_basic_aug_scale_jitter_50_lr7e4_ddp_20260512_130823/best.pth",
  "coco_ap": 0.19217023044106255,
  "coco_ap50": 0.310451626617608,
  "coco_ap75": 0.20096491635509778,
  "coco_ap_large": 0.2618324102936514,
  "coco_ap_medium": 0.2116483795881541,
  "coco_ap_small": 0.08470859523567616,
  "coco_ar1": 0.21640638469758577,
  "coco_ar10": 0.3362510441158875,
  "coco_ar100": 0.35194698896032806,
  "coco_ar_large": 0.4812638898185604,
  "coco_ar_medium": 0.3803555382024139,
  "coco_ar_small": 0.1411707261824686,
  "config_path": "/home/lidz/YOLO/yolo_final/configs/dual_scale_three_box_coco_only_noobj1_416_basic_aug_scale_jitter_50_lr7e4.toml",
  "conv2d_flops": 78381475328.0,
  "device": "cuda",
  "duration_seconds": 0.3668699839618057,
  "images_per_second": 272.57612879665527,
  "linear_flops": 0.0,
  "manifest_path": "/home/lidz/YOLO/DataSet/Unified/manifests/coco2017_val.jsonl",
  "measure_iters": 100.0,
  "milliseconds_per_batch": 3.668699839618057,
  "model_name": "deep_residual_dual_scale_three_box",
  "num_boxes": 3,
  "num_predictions": 238644.0,
  "num_samples": 5000.0,
  "output_shape": {
    "p4": [
      1,
      26,
      26,
      255
    ],
    "p5": [
      1,
      13,
      13,
      255
    ]
  },
  "params_total": 36531294,
  "params_trainable": 36531294,
  "score_alpha": 2.0,
  "score_beta": 1.0,
  "total_flops": 78381475328.0,
  "total_gflops": 78.381475328,
  "warmup_iters": 20.0
}
coco_eval_exit=0
stage=sweep_500
sweep 1/96: alpha=1.5, beta=1.0, threshold=0.03, top_k=20, nms=0.4
creating index...
index created!
Loading and preparing results...
DONE (t=0.01s)
creating index...
index created!
Running per image evaluation...
Evaluate annotation type *bbox*
DONE (t=1.11s).
Accumulating evaluation results...
DONE (t=0.45s).
 Average Precision  (AP) @[ IoU=0.50:0.95 | area=   all | maxDets=100 ] = 0.234
 Average Precision  (AP) @[ IoU=0.50      | area=   all | maxDets=100 ] = 0.349
 Average Precision  (AP) @[ IoU=0.75      | area=   all | maxDets=100 ] = 0.255
 Average Precision  (AP) @[ IoU=0.50:0.95 | area= small | maxDets=100 ] = 0.077
 Average Precision  (AP) @[ IoU=0.50:0.95 | area=medium | maxDets=100 ] = 0.258
 Average Precision  (AP) @[ IoU=0.50:0.95 | area= large | maxDets=100 ] = 0.319
 Average Recall     (AR) @[ IoU=0.50:0.95 | area=   all | maxDets=  1 ] = 0.237
 Average Recall     (AR) @[ IoU=0.50:0.95 | area=   all | maxDets= 10 ] = 0.328
 Average Recall     (AR) @[ IoU=0.50:0.95 | area=   all | maxDets=100 ] = 0.329
 Average Recall     (AR) @[ IoU=0.50:0.95 | area= small | maxDets=100 ] = 0.102
 Average Recall     (AR) @[ IoU=0.50:0.95 | area=medium | maxDets=100 ] = 0.337
 Average Recall     (AR) @[ IoU=0.50:0.95 | area= large | maxDets=100 ] = 0.463
sweep 2/96: alpha=1.5, beta=1.0, threshold=0.03, top_k=20, nms=0.5
creating index...
index created!
Loading and preparing results...
DONE (t=0.01s)
creating index...
index created!
Running per image evaluation...
Evaluate annotation type *bbox*
DONE (t=1.08s).
Accumulating evaluation results...
DONE (t=0.44s).
 Average Precision  (AP) @[ IoU=0.50:0.95 | area=   all | maxDets=100 ] = 0.233
 Average Precision  (AP) @[ IoU=0.50      | area=   all | maxDets=100 ] = 0.346
 Average Precision  (AP) @[ IoU=0.75      | area=   all | maxDets=100 ] = 0.254
 Average Precision  (AP) @[ IoU=0.50:0.95 | area= small | maxDets=100 ] = 0.074
 Average Precision  (AP) @[ IoU=0.50:0.95 | area=medium | maxDets=100 ] = 0.258
 Average Precision  (AP) @[ IoU=0.50:0.95 | area= large | maxDets=100 ] = 0.318
 Average Recall     (AR) @[ IoU=0.50:0.95 | area=   all | maxDets=  1 ] = 0.234
 Average Recall     (AR) @[ IoU=0.50:0.95 | area=   all | maxDets= 10 ] = 0.329
 Average Recall     (AR) @[ IoU=0.50:0.95 | area=   all | maxDets=100 ] = 0.331
 Average Recall     (AR) @[ IoU=0.50:0.95 | area= small | maxDets=100 ] = 0.100
 Average Recall     (AR) @[ IoU=0.50:0.95 | area=medium | maxDets=100 ] = 0.340
 Average Recall     (AR) @[ IoU=0.50:0.95 | area= large | maxDets=100 ] = 0.473
sweep 3/96: alpha=1.5, beta=1.0, threshold=0.03, top_k=20, nms=0.6
creating index...
index created!
Loading and preparing results...
DONE (t=0.01s)
creating index...
index created!
Running per image evaluation...
Evaluate annotation type *bbox*
DONE (t=1.07s).
Accumulating evaluation results...
DONE (t=0.43s).
 Average Precision  (AP) @[ IoU=0.50:0.95 | area=   all | maxDets=100 ] = 0.229
 Average Precision  (AP) @[ IoU=0.50      | area=   all | maxDets=100 ] = 0.335
 Average Precision  (AP) @[ IoU=0.75      | area=   all | maxDets=100 ] = 0.253
 Average Precision  (AP) @[ IoU=0.50:0.95 | area= small | maxDets=100 ] = 0.073
 Average Precision  (AP) @[ IoU=0.50:0.95 | area=medium | maxDets=100 ] = 0.255
 Average Precision  (AP) @[ IoU=0.50:0.95 | area= large | maxDets=100 ] = 0.314
 Average Recall     (AR) @[ IoU=0.50:0.95 | area=   all | maxDets=  1 ] = 0.232
 Average Recall     (AR) @[ IoU=0.50:0.95 | area=   all | maxDets= 10 ] = 0.326
 Average Recall     (AR) @[ IoU=0.50:0.95 | area=   all | maxDets=100 ] = 0.328
 Average Recall     (AR) @[ IoU=0.50:0.95 | area= small | maxDets=100 ] = 0.097
 Average Recall     (AR) @[ IoU=0.50:0.95 | area=medium | maxDets=100 ] = 0.334
 Average Recall     (AR) @[ IoU=0.50:0.95 | area= large | maxDets=100 ] = 0.475
sweep 4/96: alpha=1.5, beta=1.0, threshold=0.03, top_k=50, nms=0.4
creating index...
index created!
Loading and preparing results...
DONE (t=0.02s)
creating index...
index created!
Running per image evaluation...
Evaluate annotation type *bbox*
DONE (t=1.61s).
Accumulating evaluation results...
DONE (t=0.59s).
 Average Precision  (AP) @[ IoU=0.50:0.95 | area=   all | maxDets=100 ] = 0.239
 Average Precision  (AP) @[ IoU=0.50      | area=   all | maxDets=100 ] = 0.363
 Average Precision  (AP) @[ IoU=0.75      | area=   all | maxDets=100 ] = 0.259
 Average Precision  (AP) @[ IoU=0.50:0.95 | area= small | maxDets=100 ] = 0.085
 Average Precision  (AP) @[ IoU=0.50:0.95 | area=medium | maxDets=100 ] = 0.269
 Average Precision  (AP) @[ IoU=0.50:0.95 | area= large | maxDets=100 ] = 0.321
 Average Recall     (AR) @[ IoU=0.50:0.95 | area=   all | maxDets=  1 ] = 0.243
 Average Recall     (AR) @[ IoU=0.50:0.95 | area=   all | maxDets= 10 ] = 0.356
 Average Recall     (AR) @[ IoU=0.50:0.95 | area=   all | maxDets=100 ] = 0.363
 Average Recall     (AR) @[ IoU=0.50:0.95 | area= small | maxDets=100 ] = 0.131
 Average Recall     (AR) @[ IoU=0.50:0.95 | area=medium | maxDets=100 ] = 0.390
 Average Recall     (AR) @[ IoU=0.50:0.95 | area= large | maxDets=100 ] = 0.488
sweep 5/96: alpha=1.5, beta=1.0, threshold=0.03, top_k=50, nms=0.5
creating index...
index created!
Loading and preparing results...
DONE (t=0.02s)
creating index...
index created!
Running per image evaluation...
Evaluate annotation type *bbox*
DONE (t=1.65s).
Accumulating evaluation results...
DONE (t=0.59s).
 Average Precision  (AP) @[ IoU=0.50:0.95 | area=   all | maxDets=100 ] = 0.239
 Average Precision  (AP) @[ IoU=0.50      | area=   all | maxDets=100 ] = 0.360
 Average Precision  (AP) @[ IoU=0.75      | area=   all | maxDets=100 ] = 0.259
 Average Precision  (AP) @[ IoU=0.50:0.95 | area= small | maxDets=100 ] = 0.084
 Average Precision  (AP) @[ IoU=0.50:0.95 | area=medium | maxDets=100 ] = 0.270
 Average Precision  (AP) @[ IoU=0.50:0.95 | area= large | maxDets=100 ] = 0.322
 Average Recall     (AR) @[ IoU=0.50:0.95 | area=   all | maxDets=  1 ] = 0.243
 Average Recall     (AR) @[ IoU=0.50:0.95 | area=   all | maxDets= 10 ] = 0.361
 Average Recall     (AR) @[ IoU=0.50:0.95 | area=   all | maxDets=100 ] = 0.371
 Average Recall     (AR) @[ IoU=0.50:0.95 | area= small | maxDets=100 ] = 0.131
 Average Recall     (AR) @[ IoU=0.50:0.95 | area=medium | maxDets=100 ] = 0.401
 Average Recall     (AR) @[ IoU=0.50:0.95 | area= large | maxDets=100 ] = 0.507
sweep 6/96: alpha=1.5, beta=1.0, threshold=0.03, top_k=50, nms=0.6
creating index...
index created!
Loading and preparing results...
DONE (t=0.02s)
creating index...
index created!
Running per image evaluation...
Evaluate annotation type *bbox*
DONE (t=1.74s).
Accumulating evaluation results...
DONE (t=0.59s).
 Average Precision  (AP) @[ IoU=0.50:0.95 | area=   all | maxDets=100 ] = 0.236
 Average Precision  (AP) @[ IoU=0.50      | area=   all | maxDets=100 ] = 0.349
 Average Precision  (AP) @[ IoU=0.75      | area=   all | maxDets=100 ] = 0.259
 Average Precision  (AP) @[ IoU=0.50:0.95 | area= small | maxDets=100 ] = 0.086
 Average Precision  (AP) @[ IoU=0.50:0.95 | area=medium | maxDets=100 ] = 0.269
 Average Precision  (AP) @[ IoU=0.50:0.95 | area= large | maxDets=100 ] = 0.318
 Average Recall     (AR) @[ IoU=0.50:0.95 | area=   all | maxDets=  1 ] = 0.241
 Average Recall     (AR) @[ IoU=0.50:0.95 | area=   all | maxDets= 10 ] = 0.363
 Average Recall     (AR) @[ IoU=0.50:0.95 | area=   all | maxDets=100 ] = 0.375
 Average Recall     (AR) @[ IoU=0.50:0.95 | area= small | maxDets=100 ] = 0.134
 Average Recall     (AR) @[ IoU=0.50:0.95 | area=medium | maxDets=100 ] = 0.402
 Average Recall     (AR) @[ IoU=0.50:0.95 | area= large | maxDets=100 ] = 0.513
sweep 7/96: alpha=1.5, beta=1.0, threshold=0.03, top_k=100, nms=0.4
creating index...
index created!
Loading and preparing results...
DONE (t=0.15s)
creating index...
index created!
Running per image evaluation...
Evaluate annotation type *bbox*
DONE (t=2.20s).
Accumulating evaluation results...
DONE (t=0.71s).
 Average Precision  (AP) @[ IoU=0.50:0.95 | area=   all | maxDets=100 ] = 0.240
 Average Precision  (AP) @[ IoU=0.50      | area=   all | maxDets=100 ] = 0.365
 Average Precision  (AP) @[ IoU=0.75      | area=   all | maxDets=100 ] = 0.259
 Average Precision  (AP) @[ IoU=0.50:0.95 | area= small | maxDets=100 ] = 0.087
 Average Precision  (AP) @[ IoU=0.50:0.95 | area=medium | maxDets=100 ] = 0.270
 Average Precision  (AP) @[ IoU=0.50:0.95 | area= large | maxDets=100 ] = 0.321
 Average Recall     (AR) @[ IoU=0.50:0.95 | area=   all | maxDets=  1 ] = 0.246
 Average Recall     (AR) @[ IoU=0.50:0.95 | area=   all | maxDets= 10 ] = 0.365
 Average Recall     (AR) @[ IoU=0.50:0.95 | area=   all | maxDets=100 ] = 0.377
 Average Recall     (AR) @[ IoU=0.50:0.95 | area= small | maxDets=100 ] = 0.142
 Average Recall     (AR) @[ IoU=0.50:0.95 | area=medium | maxDets=100 ] = 0.404
 Average Recall     (AR) @[ IoU=0.50:0.95 | area= large | maxDets=100 ] = 0.501
sweep 8/96: alpha=1.5, beta=1.0, threshold=0.03, top_k=100, nms=0.5
creating index...
index created!
Loading and preparing results...
DONE (t=0.14s)
creating index...
index created!
Running per image evaluation...
Evaluate annotation type *bbox*
DONE (t=2.29s).
Accumulating evaluation results...
DONE (t=0.72s).
 Average Precision  (AP) @[ IoU=0.50:0.95 | area=   all | maxDets=100 ] = 0.241
 Average Precision  (AP) @[ IoU=0.50      | area=   all | maxDets=100 ] = 0.363
 Average Precision  (AP) @[ IoU=0.75      | area=   all | maxDets=100 ] = 0.260
 Average Precision  (AP) @[ IoU=0.50:0.95 | area= small | maxDets=100 ] = 0.088
 Average Precision  (AP) @[ IoU=0.50:0.95 | area=medium | maxDets=100 ] = 0.272
 Average Precision  (AP) @[ IoU=0.50:0.95 | area= large | maxDets=100 ] = 0.322
 Average Recall     (AR) @[ IoU=0.50:0.95 | area=   all | maxDets=  1 ] = 0.246
 Average Recall     (AR) @[ IoU=0.50:0.95 | area=   all | maxDets= 10 ] = 0.373
 Average Recall     (AR) @[ IoU=0.50:0.95 | area=   all | maxDets=100 ] = 0.389
 Average Recall     (AR) @[ IoU=0.50:0.95 | area= small | maxDets=100 ] = 0.145
 Average Recall     (AR) @[ IoU=0.50:0.95 | area=medium | maxDets=100 ] = 0.424
 Average Recall     (AR) @[ IoU=0.50:0.95 | area= large | maxDets=100 ] = 0.520
sweep 9/96: alpha=1.5, beta=1.0, threshold=0.03, top_k=100, nms=0.6
creating index...
index created!
Loading and preparing results...
DONE (t=0.14s)
creating index...
index created!
Running per image evaluation...
Evaluate annotation type *bbox*
DONE (t=2.32s).
Accumulating evaluation results...
DONE (t=0.72s).
 Average Precision  (AP) @[ IoU=0.50:0.95 | area=   all | maxDets=100 ] = 0.238
 Average Precision  (AP) @[ IoU=0.50      | area=   all | maxDets=100 ] = 0.353
 Average Precision  (AP) @[ IoU=0.75      | area=   all | maxDets=100 ] = 0.261
 Average Precision  (AP) @[ IoU=0.50:0.95 | area= small | maxDets=100 ] = 0.090
 Average Precision  (AP) @[ IoU=0.50:0.95 | area=medium | maxDets=100 ] = 0.271
 Average Precision  (AP) @[ IoU=0.50:0.95 | area= large | maxDets=100 ] = 0.318
 Average Recall     (AR) @[ IoU=0.50:0.95 | area=   all | maxDets=  1 ] = 0.244
 Average Recall     (AR) @[ IoU=0.50:0.95 | area=   all | maxDets= 10 ] = 0.375
 Average Recall     (AR) @[ IoU=0.50:0.95 | area=   all | maxDets=100 ] = 0.396
 Average Recall     (AR) @[ IoU=0.50:0.95 | area= small | maxDets=100 ] = 0.150
 Average Recall     (AR) @[ IoU=0.50:0.95 | area=medium | maxDets=100 ] = 0.430
 Average Recall     (AR) @[ IoU=0.50:0.95 | area= large | maxDets=100 ] = 0.530
sweep 10/96: alpha=1.5, beta=1.0, threshold=0.03, top_k=200, nms=0.4
creating index...
index created!
Loading and preparing results...
DONE (t=0.14s)
creating index...
index created!
Running per image evaluation...
Evaluate annotation type *bbox*
DONE (t=2.44s).
Accumulating evaluation results...
DONE (t=0.74s).
 Average Precision  (AP) @[ IoU=0.50:0.95 | area=   all | maxDets=100 ] = 0.240
 Average Precision  (AP) @[ IoU=0.50      | area=   all | maxDets=100 ] = 0.366
 Average Precision  (AP) @[ IoU=0.75      | area=   all | maxDets=100 ] = 0.260
 Average Precision  (AP) @[ IoU=0.50:0.95 | area= small | maxDets=100 ] = 0.088
 Average Precision  (AP) @[ IoU=0.50:0.95 | area=medium | maxDets=100 ] = 0.270
 Average Precision  (AP) @[ IoU=0.50:0.95 | area= large | maxDets=100 ] = 0.321
 Average Recall     (AR) @[ IoU=0.50:0.95 | area=   all | maxDets=  1 ] = 0.247
 Average Recall     (AR) @[ IoU=0.50:0.95 | area=   all | maxDets= 10 ] = 0.368
 Average Recall     (AR) @[ IoU=0.50:0.95 | area=   all | maxDets=100 ] = 0.382
 Average Recall     (AR) @[ IoU=0.50:0.95 | area= small | maxDets=100 ] = 0.147
 Average Recall     (AR) @[ IoU=0.50:0.95 | area=medium | maxDets=100 ] = 0.412
 Average Recall     (AR) @[ IoU=0.50:0.95 | area= large | maxDets=100 ] = 0.502
sweep 11/96: alpha=1.5, beta=1.0, threshold=0.03, top_k=200, nms=0.5
creating index...
index created!
Loading and preparing results...
DONE (t=0.15s)
creating index...
index created!
Running per image evaluation...
Evaluate annotation type *bbox*
DONE (t=2.71s).
Accumulating evaluation results...
DONE (t=0.80s).
 Average Precision  (AP) @[ IoU=0.50:0.95 | area=   all | maxDets=100 ] = 0.241
 Average Precision  (AP) @[ IoU=0.50      | area=   all | maxDets=100 ] = 0.365
 Average Precision  (AP) @[ IoU=0.75      | area=   all | maxDets=100 ] = 0.260
 Average Precision  (AP) @[ IoU=0.50:0.95 | area= small | maxDets=100 ] = 0.088
 Average Precision  (AP) @[ IoU=0.50:0.95 | area=medium | maxDets=100 ] = 0.273
 Average Precision  (AP) @[ IoU=0.50:0.95 | area= large | maxDets=100 ] = 0.322
 Average Recall     (AR) @[ IoU=0.50:0.95 | area=   all | maxDets=  1 ] = 0.247
 Average Recall     (AR) @[ IoU=0.50:0.95 | area=   all | maxDets= 10 ] = 0.379
 Average Recall     (AR) @[ IoU=0.50:0.95 | area=   all | maxDets=100 ] = 0.398
 Average Recall     (AR) @[ IoU=0.50:0.95 | area= small | maxDets=100 ] = 0.154
 Average Recall     (AR) @[ IoU=0.50:0.95 | area=medium | maxDets=100 ] = 0.438
 Average Recall     (AR) @[ IoU=0.50:0.95 | area= large | maxDets=100 ] = 0.523
sweep 12/96: alpha=1.5, beta=1.0, threshold=0.03, top_k=200, nms=0.6
creating index...
index created!
Loading and preparing results...
DONE (t=0.15s)
creating index...
index created!
Running per image evaluation...
Evaluate annotation type *bbox*
DONE (t=2.77s).
Accumulating evaluation results...
DONE (t=0.84s).
 Average Precision  (AP) @[ IoU=0.50:0.95 | area=   all | maxDets=100 ] = 0.239
 Average Precision  (AP) @[ IoU=0.50      | area=   all | maxDets=100 ] = 0.355
 Average Precision  (AP) @[ IoU=0.75      | area=   all | maxDets=100 ] = 0.261
 Average Precision  (AP) @[ IoU=0.50:0.95 | area= small | maxDets=100 ] = 0.091
 Average Precision  (AP) @[ IoU=0.50:0.95 | area=medium | maxDets=100 ] = 0.272
 Average Precision  (AP) @[ IoU=0.50:0.95 | area= large | maxDets=100 ] = 0.318
 Average Recall     (AR) @[ IoU=0.50:0.95 | area=   all | maxDets=  1 ] = 0.246
 Average Recall     (AR) @[ IoU=0.50:0.95 | area=   all | maxDets= 10 ] = 0.386
 Average Recall     (AR) @[ IoU=0.50:0.95 | area=   all | maxDets=100 ] = 0.411
 Average Recall     (AR) @[ IoU=0.50:0.95 | area= small | maxDets=100 ] = 0.162
 Average Recall     (AR) @[ IoU=0.50:0.95 | area=medium | maxDets=100 ] = 0.450
 Average Recall     (AR) @[ IoU=0.50:0.95 | area= large | maxDets=100 ] = 0.538
sweep 13/96: alpha=1.5, beta=1.0, threshold=0.05, top_k=20, nms=0.4
creating index...
index created!
Loading and preparing results...
DONE (t=0.01s)
creating index...
index created!
Running per image evaluation...
Evaluate annotation type *bbox*
DONE (t=1.09s).
Accumulating evaluation results...
DONE (t=0.44s).
 Average Precision  (AP) @[ IoU=0.50:0.95 | area=   all | maxDets=100 ] = 0.233
 Average Precision  (AP) @[ IoU=0.50      | area=   all | maxDets=100 ] = 0.349
 Average Precision  (AP) @[ IoU=0.75      | area=   all | maxDets=100 ] = 0.255
 Average Precision  (AP) @[ IoU=0.50:0.95 | area= small | maxDets=100 ] = 0.077
 Average Precision  (AP) @[ IoU=0.50:0.95 | area=medium | maxDets=100 ] = 0.258
 Average Precision  (AP) @[ IoU=0.50:0.95 | area= large | maxDets=100 ] = 0.318
 Average Recall     (AR) @[ IoU=0.50:0.95 | area=   all | maxDets=  1 ] = 0.236
 Average Recall     (AR) @[ IoU=0.50:0.95 | area=   all | maxDets= 10 ] = 0.327
 Average Recall     (AR) @[ IoU=0.50:0.95 | area=   all | maxDets=100 ] = 0.328
 Average Recall     (AR) @[ IoU=0.50:0.95 | area= small | maxDets=100 ] = 0.102
 Average Recall     (AR) @[ IoU=0.50:0.95 | area=medium | maxDets=100 ] = 0.337
 Average Recall     (AR) @[ IoU=0.50:0.95 | area= large | maxDets=100 ] = 0.461
sweep 14/96: alpha=1.5, beta=1.0, threshold=0.05, top_k=20, nms=0.5
creating index...
index created!
Loading and preparing results...
DONE (t=0.01s)
creating index...
index created!
Running per image evaluation...
Evaluate annotation type *bbox*
DONE (t=1.13s).
Accumulating evaluation results...
DONE (t=0.44s).
 Average Precision  (AP) @[ IoU=0.50:0.95 | area=   all | maxDets=100 ] = 0.232
 Average Precision  (AP) @[ IoU=0.50      | area=   all | maxDets=100 ] = 0.345
 Average Precision  (AP) @[ IoU=0.75      | area=   all | maxDets=100 ] = 0.253
 Average Precision  (AP) @[ IoU=0.50:0.95 | area= small | maxDets=100 ] = 0.074
 Average Precision  (AP) @[ IoU=0.50:0.95 | area=medium | maxDets=100 ] = 0.258
 Average Precision  (AP) @[ IoU=0.50:0.95 | area= large | maxDets=100 ] = 0.317
 Average Recall     (AR) @[ IoU=0.50:0.95 | area=   all | maxDets=  1 ] = 0.232
 Average Recall     (AR) @[ IoU=0.50:0.95 | area=   all | maxDets= 10 ] = 0.328
 Average Recall     (AR) @[ IoU=0.50:0.95 | area=   all | maxDets=100 ] = 0.330
 Average Recall     (AR) @[ IoU=0.50:0.95 | area= small | maxDets=100 ] = 0.100
 Average Recall     (AR) @[ IoU=0.50:0.95 | area=medium | maxDets=100 ] = 0.340
 Average Recall     (AR) @[ IoU=0.50:0.95 | area= large | maxDets=100 ] = 0.471
sweep 15/96: alpha=1.5, beta=1.0, threshold=0.05, top_k=20, nms=0.6
creating index...
index created!
Loading and preparing results...
DONE (t=0.01s)
creating index...
index created!
Running per image evaluation...
Evaluate annotation type *bbox*
DONE (t=1.07s).
Accumulating evaluation results...
DONE (t=0.43s).
 Average Precision  (AP) @[ IoU=0.50:0.95 | area=   all | maxDets=100 ] = 0.228
 Average Precision  (AP) @[ IoU=0.50      | area=   all | maxDets=100 ] = 0.334
 Average Precision  (AP) @[ IoU=0.75      | area=   all | maxDets=100 ] = 0.252
 Average Precision  (AP) @[ IoU=0.50:0.95 | area= small | maxDets=100 ] = 0.073
 Average Precision  (AP) @[ IoU=0.50:0.95 | area=medium | maxDets=100 ] = 0.255
 Average Precision  (AP) @[ IoU=0.50:0.95 | area= large | maxDets=100 ] = 0.313
 Average Recall     (AR) @[ IoU=0.50:0.95 | area=   all | maxDets=  1 ] = 0.231
 Average Recall     (AR) @[ IoU=0.50:0.95 | area=   all | maxDets= 10 ] = 0.324
 Average Recall     (AR) @[ IoU=0.50:0.95 | area=   all | maxDets=100 ] = 0.327
 Average Recall     (AR) @[ IoU=0.50:0.95 | area= small | maxDets=100 ] = 0.097
 Average Recall     (AR) @[ IoU=0.50:0.95 | area=medium | maxDets=100 ] = 0.334
 Average Recall     (AR) @[ IoU=0.50:0.95 | area= large | maxDets=100 ] = 0.473
sweep 16/96: alpha=1.5, beta=1.0, threshold=0.05, top_k=50, nms=0.4
creating index...
index created!
Loading and preparing results...
DONE (t=0.01s)
creating index...
index created!
Running per image evaluation...
Evaluate annotation type *bbox*
DONE (t=1.57s).
Accumulating evaluation results...
DONE (t=0.57s).
 Average Precision  (AP) @[ IoU=0.50:0.95 | area=   all | maxDets=100 ] = 0.239
 Average Precision  (AP) @[ IoU=0.50      | area=   all | maxDets=100 ] = 0.362
 Average Precision  (AP) @[ IoU=0.75      | area=   all | maxDets=100 ] = 0.258
 Average Precision  (AP) @[ IoU=0.50:0.95 | area= small | maxDets=100 ] = 0.085
 Average Precision  (AP) @[ IoU=0.50:0.95 | area=medium | maxDets=100 ] = 0.269
 Average Precision  (AP) @[ IoU=0.50:0.95 | area= large | maxDets=100 ] = 0.320
 Average Recall     (AR) @[ IoU=0.50:0.95 | area=   all | maxDets=  1 ] = 0.242
 Average Recall     (AR) @[ IoU=0.50:0.95 | area=   all | maxDets= 10 ] = 0.354
 Average Recall     (AR) @[ IoU=0.50:0.95 | area=   all | maxDets=100 ] = 0.361
 Average Recall     (AR) @[ IoU=0.50:0.95 | area= small | maxDets=100 ] = 0.130
 Average Recall     (AR) @[ IoU=0.50:0.95 | area=medium | maxDets=100 ] = 0.389
 Average Recall     (AR) @[ IoU=0.50:0.95 | area= large | maxDets=100 ] = 0.486
sweep 17/96: alpha=1.5, beta=1.0, threshold=0.05, top_k=50, nms=0.5
creating index...
index created!
Loading and preparing results...
DONE (t=0.11s)
creating index...
index created!
Running per image evaluation...
Evaluate annotation type *bbox*
DONE (t=1.60s).
Accumulating evaluation results...
DONE (t=0.57s).
 Average Precision  (AP) @[ IoU=0.50:0.95 | area=   all | maxDets=100 ] = 0.239
 Average Precision  (AP) @[ IoU=0.50      | area=   all | maxDets=100 ] = 0.359
 Average Precision  (AP) @[ IoU=0.75      | area=   all | maxDets=100 ] = 0.259
 Average Precision  (AP) @[ IoU=0.50:0.95 | area= small | maxDets=100 ] = 0.084
 Average Precision  (AP) @[ IoU=0.50:0.95 | area=medium | maxDets=100 ] = 0.270
 Average Precision  (AP) @[ IoU=0.50:0.95 | area= large | maxDets=100 ] = 0.321
 Average Recall     (AR) @[ IoU=0.50:0.95 | area=   all | maxDets=  1 ] = 0.242
 Average Recall     (AR) @[ IoU=0.50:0.95 | area=   all | maxDets= 10 ] = 0.359
 Average Recall     (AR) @[ IoU=0.50:0.95 | area=   all | maxDets=100 ] = 0.369
 Average Recall     (AR) @[ IoU=0.50:0.95 | area= small | maxDets=100 ] = 0.129
 Average Recall     (AR) @[ IoU=0.50:0.95 | area=medium | maxDets=100 ] = 0.400
 Average Recall     (AR) @[ IoU=0.50:0.95 | area= large | maxDets=100 ] = 0.505
sweep 18/96: alpha=1.5, beta=1.0, threshold=0.05, top_k=50, nms=0.6
creating index...
index created!
Loading and preparing results...
DONE (t=0.02s)
creating index...
index created!
Running per image evaluation...
Evaluate annotation type *bbox*
DONE (t=1.62s).
Accumulating evaluation results...
DONE (t=0.56s).
 Average Precision  (AP) @[ IoU=0.50:0.95 | area=   all | maxDets=100 ] = 0.236
 Average Precision  (AP) @[ IoU=0.50      | area=   all | maxDets=100 ] = 0.349
 Average Precision  (AP) @[ IoU=0.75      | area=   all | maxDets=100 ] = 0.259
 Average Precision  (AP) @[ IoU=0.50:0.95 | area= small | maxDets=100 ] = 0.086
 Average Precision  (AP) @[ IoU=0.50:0.95 | area=medium | maxDets=100 ] = 0.269
 Average Precision  (AP) @[ IoU=0.50:0.95 | area= large | maxDets=100 ] = 0.317
 Average Recall     (AR) @[ IoU=0.50:0.95 | area=   all | maxDets=  1 ] = 0.240
 Average Recall     (AR) @[ IoU=0.50:0.95 | area=   all | maxDets= 10 ] = 0.361
 Average Recall     (AR) @[ IoU=0.50:0.95 | area=   all | maxDets=100 ] = 0.373
 Average Recall     (AR) @[ IoU=0.50:0.95 | area= small | maxDets=100 ] = 0.134
 Average Recall     (AR) @[ IoU=0.50:0.95 | area=medium | maxDets=100 ] = 0.401
 Average Recall     (AR) @[ IoU=0.50:0.95 | area= large | maxDets=100 ] = 0.511
sweep 19/96: alpha=1.5, beta=1.0, threshold=0.05, top_k=100, nms=0.4
creating index...
index created!
Loading and preparing results...
DONE (t=0.11s)
creating index...
index created!
Running per image evaluation...
Evaluate annotation type *bbox*
DONE (t=1.83s).
Accumulating evaluation results...
DONE (t=0.64s).
 Average Precision  (AP) @[ IoU=0.50:0.95 | area=   all | maxDets=100 ] = 0.240
 Average Precision  (AP) @[ IoU=0.50      | area=   all | maxDets=100 ] = 0.365
 Average Precision  (AP) @[ IoU=0.75      | area=   all | maxDets=100 ] = 0.259
 Average Precision  (AP) @[ IoU=0.50:0.95 | area= small | maxDets=100 ] = 0.087
 Average Precision  (AP) @[ IoU=0.50:0.95 | area=medium | maxDets=100 ] = 0.270
 Average Precision  (AP) @[ IoU=0.50:0.95 | area= large | maxDets=100 ] = 0.321
 Average Recall     (AR) @[ IoU=0.50:0.95 | area=   all | maxDets=  1 ] = 0.245
 Average Recall     (AR) @[ IoU=0.50:0.95 | area=   all | maxDets= 10 ] = 0.362
 Average Recall     (AR) @[ IoU=0.50:0.95 | area=   all | maxDets=100 ] = 0.373
 Average Recall     (AR) @[ IoU=0.50:0.95 | area= small | maxDets=100 ] = 0.141
 Average Recall     (AR) @[ IoU=0.50:0.95 | area=medium | maxDets=100 ] = 0.401
 Average Recall     (AR) @[ IoU=0.50:0.95 | area= large | maxDets=100 ] = 0.495
sweep 20/96: alpha=1.5, beta=1.0, threshold=0.05, top_k=100, nms=0.5
creating index...
index created!
Loading and preparing results...
DONE (t=0.12s)
creating index...
index created!
Running per image evaluation...
Evaluate annotation type *bbox*
DONE (t=2.11s).
Accumulating evaluation results...
DONE (t=0.65s).
 Average Precision  (AP) @[ IoU=0.50:0.95 | area=   all | maxDets=100 ] = 0.240
 Average Precision  (AP) @[ IoU=0.50      | area=   all | maxDets=100 ] = 0.363
 Average Precision  (AP) @[ IoU=0.75      | area=   all | maxDets=100 ] = 0.260
 Average Precision  (AP) @[ IoU=0.50:0.95 | area= small | maxDets=100 ] = 0.087
 Average Precision  (AP) @[ IoU=0.50:0.95 | area=medium | maxDets=100 ] = 0.272
 Average Precision  (AP) @[ IoU=0.50:0.95 | area= large | maxDets=100 ] = 0.322
 Average Recall     (AR) @[ IoU=0.50:0.95 | area=   all | maxDets=  1 ] = 0.245
 Average Recall     (AR) @[ IoU=0.50:0.95 | area=   all | maxDets= 10 ] = 0.370
 Average Recall     (AR) @[ IoU=0.50:0.95 | area=   all | maxDets=100 ] = 0.386
 Average Recall     (AR) @[ IoU=0.50:0.95 | area= small | maxDets=100 ] = 0.143
 Average Recall     (AR) @[ IoU=0.50:0.95 | area=medium | maxDets=100 ] = 0.421
 Average Recall     (AR) @[ IoU=0.50:0.95 | area= large | maxDets=100 ] = 0.515
sweep 21/96: alpha=1.5, beta=1.0, threshold=0.05, top_k=100, nms=0.6
creating index...
index created!
Loading and preparing results...
DONE (t=0.12s)
creating index...
index created!
Running per image evaluation...
Evaluate annotation type *bbox*
DONE (t=2.08s).
Accumulating evaluation results...
DONE (t=0.67s).
 Average Precision  (AP) @[ IoU=0.50:0.95 | area=   all | maxDets=100 ] = 0.238
 Average Precision  (AP) @[ IoU=0.50      | area=   all | maxDets=100 ] = 0.353
 Average Precision  (AP) @[ IoU=0.75      | area=   all | maxDets=100 ] = 0.261
 Average Precision  (AP) @[ IoU=0.50:0.95 | area= small | maxDets=100 ] = 0.090
 Average Precision  (AP) @[ IoU=0.50:0.95 | area=medium | maxDets=100 ] = 0.271
 Average Precision  (AP) @[ IoU=0.50:0.95 | area= large | maxDets=100 ] = 0.317
 Average Recall     (AR) @[ IoU=0.50:0.95 | area=   all | maxDets=  1 ] = 0.243
 Average Recall     (AR) @[ IoU=0.50:0.95 | area=   all | maxDets= 10 ] = 0.373
 Average Recall     (AR) @[ IoU=0.50:0.95 | area=   all | maxDets=100 ] = 0.392
 Average Recall     (AR) @[ IoU=0.50:0.95 | area= small | maxDets=100 ] = 0.150
 Average Recall     (AR) @[ IoU=0.50:0.95 | area=medium | maxDets=100 ] = 0.426
 Average Recall     (AR) @[ IoU=0.50:0.95 | area= large | maxDets=100 ] = 0.525
sweep 22/96: alpha=1.5, beta=1.0, threshold=0.05, top_k=200, nms=0.4
creating index...
index created!
Loading and preparing results...
DONE (t=0.02s)
creating index...
index created!
Running per image evaluation...
Evaluate annotation type *bbox*
DONE (t=2.11s).
Accumulating evaluation results...
DONE (t=0.66s).
 Average Precision  (AP) @[ IoU=0.50:0.95 | area=   all | maxDets=100 ] = 0.240
 Average Precision  (AP) @[ IoU=0.50      | area=   all | maxDets=100 ] = 0.365
 Average Precision  (AP) @[ IoU=0.75      | area=   all | maxDets=100 ] = 0.259
 Average Precision  (AP) @[ IoU=0.50:0.95 | area= small | maxDets=100 ] = 0.087
 Average Precision  (AP) @[ IoU=0.50:0.95 | area=medium | maxDets=100 ] = 0.270
 Average Precision  (AP) @[ IoU=0.50:0.95 | area= large | maxDets=100 ] = 0.321
 Average Recall     (AR) @[ IoU=0.50:0.95 | area=   all | maxDets=  1 ] = 0.246
 Average Recall     (AR) @[ IoU=0.50:0.95 | area=   all | maxDets= 10 ] = 0.364
 Average Recall     (AR) @[ IoU=0.50:0.95 | area=   all | maxDets=100 ] = 0.377
 Average Recall     (AR) @[ IoU=0.50:0.95 | area= small | maxDets=100 ] = 0.144
 Average Recall     (AR) @[ IoU=0.50:0.95 | area=medium | maxDets=100 ] = 0.408
 Average Recall     (AR) @[ IoU=0.50:0.95 | area= large | maxDets=100 ] = 0.495
sweep 23/96: alpha=1.5, beta=1.0, threshold=0.05, top_k=200, nms=0.5
creating index...
index created!
Loading and preparing results...
DONE (t=0.12s)
creating index...
index created!
Running per image evaluation...
Evaluate annotation type *bbox*
DONE (t=2.41s).
Accumulating evaluation results...
DONE (t=0.71s).
 Average Precision  (AP) @[ IoU=0.50:0.95 | area=   all | maxDets=100 ] = 0.241
 Average Precision  (AP) @[ IoU=0.50      | area=   all | maxDets=100 ] = 0.364
 Average Precision  (AP) @[ IoU=0.75      | area=   all | maxDets=100 ] = 0.260
 Average Precision  (AP) @[ IoU=0.50:0.95 | area= small | maxDets=100 ] = 0.088
 Average Precision  (AP) @[ IoU=0.50:0.95 | area=medium | maxDets=100 ] = 0.273
 Average Precision  (AP) @[ IoU=0.50:0.95 | area= large | maxDets=100 ] = 0.322
 Average Recall     (AR) @[ IoU=0.50:0.95 | area=   all | maxDets=  1 ] = 0.246
 Average Recall     (AR) @[ IoU=0.50:0.95 | area=   all | maxDets= 10 ] = 0.373
 Average Recall     (AR) @[ IoU=0.50:0.95 | area=   all | maxDets=100 ] = 0.391
 Average Recall     (AR) @[ IoU=0.50:0.95 | area= small | maxDets=100 ] = 0.150
 Average Recall     (AR) @[ IoU=0.50:0.95 | area=medium | maxDets=100 ] = 0.428
 Average Recall     (AR) @[ IoU=0.50:0.95 | area= large | maxDets=100 ] = 0.515
sweep 24/96: alpha=1.5, beta=1.0, threshold=0.05, top_k=200, nms=0.6
creating index...
index created!
Loading and preparing results...
DONE (t=0.13s)
creating index...
index created!
Running per image evaluation...
Evaluate annotation type *bbox*
DONE (t=2.67s).
Accumulating evaluation results...
DONE (t=0.75s).
 Average Precision  (AP) @[ IoU=0.50:0.95 | area=   all | maxDets=100 ] = 0.238
 Average Precision  (AP) @[ IoU=0.50      | area=   all | maxDets=100 ] = 0.354
 Average Precision  (AP) @[ IoU=0.75      | area=   all | maxDets=100 ] = 0.261
 Average Precision  (AP) @[ IoU=0.50:0.95 | area= small | maxDets=100 ] = 0.091
 Average Precision  (AP) @[ IoU=0.50:0.95 | area=medium | maxDets=100 ] = 0.272
 Average Precision  (AP) @[ IoU=0.50:0.95 | area= large | maxDets=100 ] = 0.318
 Average Recall     (AR) @[ IoU=0.50:0.95 | area=   all | maxDets=  1 ] = 0.245
 Average Recall     (AR) @[ IoU=0.50:0.95 | area=   all | maxDets= 10 ] = 0.381
 Average Recall     (AR) @[ IoU=0.50:0.95 | area=   all | maxDets=100 ] = 0.403
 Average Recall     (AR) @[ IoU=0.50:0.95 | area= small | maxDets=100 ] = 0.160
 Average Recall     (AR) @[ IoU=0.50:0.95 | area=medium | maxDets=100 ] = 0.439
 Average Recall     (AR) @[ IoU=0.50:0.95 | area= large | maxDets=100 ] = 0.531
sweep 25/96: alpha=1.5, beta=1.0, threshold=0.1, top_k=20, nms=0.4
creating index...
index created!
Loading and preparing results...
DONE (t=0.01s)
creating index...
index created!
Running per image evaluation...
Evaluate annotation type *bbox*
DONE (t=0.96s).
Accumulating evaluation results...
DONE (t=0.43s).
 Average Precision  (AP) @[ IoU=0.50:0.95 | area=   all | maxDets=100 ] = 0.233
 Average Precision  (AP) @[ IoU=0.50      | area=   all | maxDets=100 ] = 0.349
 Average Precision  (AP) @[ IoU=0.75      | area=   all | maxDets=100 ] = 0.254
 Average Precision  (AP) @[ IoU=0.50:0.95 | area= small | maxDets=100 ] = 0.077
 Average Precision  (AP) @[ IoU=0.50:0.95 | area=medium | maxDets=100 ] = 0.258
 Average Precision  (AP) @[ IoU=0.50:0.95 | area= large | maxDets=100 ] = 0.317
 Average Recall     (AR) @[ IoU=0.50:0.95 | area=   all | maxDets=  1 ] = 0.235
 Average Recall     (AR) @[ IoU=0.50:0.95 | area=   all | maxDets= 10 ] = 0.326
 Average Recall     (AR) @[ IoU=0.50:0.95 | area=   all | maxDets=100 ] = 0.327
 Average Recall     (AR) @[ IoU=0.50:0.95 | area= small | maxDets=100 ] = 0.101
 Average Recall     (AR) @[ IoU=0.50:0.95 | area=medium | maxDets=100 ] = 0.337
 Average Recall     (AR) @[ IoU=0.50:0.95 | area= large | maxDets=100 ] = 0.456
sweep 26/96: alpha=1.5, beta=1.0, threshold=0.1, top_k=20, nms=0.5
creating index...
index created!
Loading and preparing results...
DONE (t=0.01s)
creating index...
index created!
Running per image evaluation...
Evaluate annotation type *bbox*
DONE (t=1.06s).
Accumulating evaluation results...
DONE (t=0.43s).
 Average Precision  (AP) @[ IoU=0.50:0.95 | area=   all | maxDets=100 ] = 0.232
 Average Precision  (AP) @[ IoU=0.50      | area=   all | maxDets=100 ] = 0.345
 Average Precision  (AP) @[ IoU=0.75      | area=   all | maxDets=100 ] = 0.253
 Average Precision  (AP) @[ IoU=0.50:0.95 | area= small | maxDets=100 ] = 0.074
 Average Precision  (AP) @[ IoU=0.50:0.95 | area=medium | maxDets=100 ] = 0.258
 Average Precision  (AP) @[ IoU=0.50:0.95 | area= large | maxDets=100 ] = 0.317
 Average Recall     (AR) @[ IoU=0.50:0.95 | area=   all | maxDets=  1 ] = 0.232
 Average Recall     (AR) @[ IoU=0.50:0.95 | area=   all | maxDets= 10 ] = 0.327
 Average Recall     (AR) @[ IoU=0.50:0.95 | area=   all | maxDets=100 ] = 0.329
 Average Recall     (AR) @[ IoU=0.50:0.95 | area= small | maxDets=100 ] = 0.100
 Average Recall     (AR) @[ IoU=0.50:0.95 | area=medium | maxDets=100 ] = 0.340
 Average Recall     (AR) @[ IoU=0.50:0.95 | area= large | maxDets=100 ] = 0.464
sweep 27/96: alpha=1.5, beta=1.0, threshold=0.1, top_k=20, nms=0.6
creating index...
index created!
Loading and preparing results...
DONE (t=0.01s)
creating index...
index created!
Running per image evaluation...
Evaluate annotation type *bbox*
DONE (t=1.07s).
Accumulating evaluation results...
DONE (t=0.43s).
 Average Precision  (AP) @[ IoU=0.50:0.95 | area=   all | maxDets=100 ] = 0.228
 Average Precision  (AP) @[ IoU=0.50      | area=   all | maxDets=100 ] = 0.334
 Average Precision  (AP) @[ IoU=0.75      | area=   all | maxDets=100 ] = 0.252
 Average Precision  (AP) @[ IoU=0.50:0.95 | area= small | maxDets=100 ] = 0.072
 Average Precision  (AP) @[ IoU=0.50:0.95 | area=medium | maxDets=100 ] = 0.255
 Average Precision  (AP) @[ IoU=0.50:0.95 | area= large | maxDets=100 ] = 0.312
 Average Recall     (AR) @[ IoU=0.50:0.95 | area=   all | maxDets=  1 ] = 0.230
 Average Recall     (AR) @[ IoU=0.50:0.95 | area=   all | maxDets= 10 ] = 0.324
 Average Recall     (AR) @[ IoU=0.50:0.95 | area=   all | maxDets=100 ] = 0.327
 Average Recall     (AR) @[ IoU=0.50:0.95 | area= small | maxDets=100 ] = 0.096
 Average Recall     (AR) @[ IoU=0.50:0.95 | area=medium | maxDets=100 ] = 0.334
 Average Recall     (AR) @[ IoU=0.50:0.95 | area= large | maxDets=100 ] = 0.468
sweep 28/96: alpha=1.5, beta=1.0, threshold=0.1, top_k=50, nms=0.4
creating index...
index created!
Loading and preparing results...
DONE (t=0.01s)
creating index...
index created!
Running per image evaluation...
Evaluate annotation type *bbox*
DONE (t=1.43s).
Accumulating evaluation results...
DONE (t=0.52s).
 Average Precision  (AP) @[ IoU=0.50:0.95 | area=   all | maxDets=100 ] = 0.238
 Average Precision  (AP) @[ IoU=0.50      | area=   all | maxDets=100 ] = 0.361
 Average Precision  (AP) @[ IoU=0.75      | area=   all | maxDets=100 ] = 0.258
 Average Precision  (AP) @[ IoU=0.50:0.95 | area= small | maxDets=100 ] = 0.084
 Average Precision  (AP) @[ IoU=0.50:0.95 | area=medium | maxDets=100 ] = 0.268
 Average Precision  (AP) @[ IoU=0.50:0.95 | area= large | maxDets=100 ] = 0.319
 Average Recall     (AR) @[ IoU=0.50:0.95 | area=   all | maxDets=  1 ] = 0.240
 Average Recall     (AR) @[ IoU=0.50:0.95 | area=   all | maxDets= 10 ] = 0.350
 Average Recall     (AR) @[ IoU=0.50:0.95 | area=   all | maxDets=100 ] = 0.357
 Average Recall     (AR) @[ IoU=0.50:0.95 | area= small | maxDets=100 ] = 0.127
 Average Recall     (AR) @[ IoU=0.50:0.95 | area=medium | maxDets=100 ] = 0.380
 Average Recall     (AR) @[ IoU=0.50:0.95 | area= large | maxDets=100 ] = 0.472
sweep 29/96: alpha=1.5, beta=1.0, threshold=0.1, top_k=50, nms=0.5
creating index...
index created!
Loading and preparing results...
DONE (t=0.01s)
creating index...
index created!
Running per image evaluation...
Evaluate annotation type *bbox*
DONE (t=1.46s).
Accumulating evaluation results...
DONE (t=0.52s).
 Average Precision  (AP) @[ IoU=0.50:0.95 | area=   all | maxDets=100 ] = 0.239
 Average Precision  (AP) @[ IoU=0.50      | area=   all | maxDets=100 ] = 0.358
 Average Precision  (AP) @[ IoU=0.75      | area=   all | maxDets=100 ] = 0.258
 Average Precision  (AP) @[ IoU=0.50:0.95 | area= small | maxDets=100 ] = 0.084
 Average Precision  (AP) @[ IoU=0.50:0.95 | area=medium | maxDets=100 ] = 0.270
 Average Precision  (AP) @[ IoU=0.50:0.95 | area= large | maxDets=100 ] = 0.320
 Average Recall     (AR) @[ IoU=0.50:0.95 | area=   all | maxDets=  1 ] = 0.240
 Average Recall     (AR) @[ IoU=0.50:0.95 | area=   all | maxDets= 10 ] = 0.355
 Average Recall     (AR) @[ IoU=0.50:0.95 | area=   all | maxDets=100 ] = 0.365
 Average Recall     (AR) @[ IoU=0.50:0.95 | area= small | maxDets=100 ] = 0.127
 Average Recall     (AR) @[ IoU=0.50:0.95 | area=medium | maxDets=100 ] = 0.392
 Average Recall     (AR) @[ IoU=0.50:0.95 | area= large | maxDets=100 ] = 0.489
sweep 30/96: alpha=1.5, beta=1.0, threshold=0.1, top_k=50, nms=0.6
creating index...
index created!
Loading and preparing results...
DONE (t=0.11s)
creating index...
index created!
Running per image evaluation...
Evaluate annotation type *bbox*
DONE (t=1.41s).
Accumulating evaluation results...
DONE (t=0.53s).
 Average Precision  (AP) @[ IoU=0.50:0.95 | area=   all | maxDets=100 ] = 0.236
 Average Precision  (AP) @[ IoU=0.50      | area=   all | maxDets=100 ] = 0.348
 Average Precision  (AP) @[ IoU=0.75      | area=   all | maxDets=100 ] = 0.259
 Average Precision  (AP) @[ IoU=0.50:0.95 | area= small | maxDets=100 ] = 0.085
 Average Precision  (AP) @[ IoU=0.50:0.95 | area=medium | maxDets=100 ] = 0.268
 Average Precision  (AP) @[ IoU=0.50:0.95 | area= large | maxDets=100 ] = 0.316
 Average Recall     (AR) @[ IoU=0.50:0.95 | area=   all | maxDets=  1 ] = 0.238
 Average Recall     (AR) @[ IoU=0.50:0.95 | area=   all | maxDets= 10 ] = 0.357
 Average Recall     (AR) @[ IoU=0.50:0.95 | area=   all | maxDets=100 ] = 0.369
 Average Recall     (AR) @[ IoU=0.50:0.95 | area= small | maxDets=100 ] = 0.130
 Average Recall     (AR) @[ IoU=0.50:0.95 | area=medium | maxDets=100 ] = 0.394
 Average Recall     (AR) @[ IoU=0.50:0.95 | area= large | maxDets=100 ] = 0.498
sweep 31/96: alpha=1.5, beta=1.0, threshold=0.1, top_k=100, nms=0.4
creating index...
index created!
Loading and preparing results...
DONE (t=0.01s)
creating index...
index created!
Running per image evaluation...
Evaluate annotation type *bbox*
DONE (t=1.62s).
Accumulating evaluation results...
DONE (t=0.55s).
 Average Precision  (AP) @[ IoU=0.50:0.95 | area=   all | maxDets=100 ] = 0.239
 Average Precision  (AP) @[ IoU=0.50      | area=   all | maxDets=100 ] = 0.363
 Average Precision  (AP) @[ IoU=0.75      | area=   all | maxDets=100 ] = 0.259
 Average Precision  (AP) @[ IoU=0.50:0.95 | area= small | maxDets=100 ] = 0.086
 Average Precision  (AP) @[ IoU=0.50:0.95 | area=medium | maxDets=100 ] = 0.269
 Average Precision  (AP) @[ IoU=0.50:0.95 | area= large | maxDets=100 ] = 0.319
 Average Recall     (AR) @[ IoU=0.50:0.95 | area=   all | maxDets=  1 ] = 0.241
 Average Recall     (AR) @[ IoU=0.50:0.95 | area=   all | maxDets= 10 ] = 0.354
 Average Recall     (AR) @[ IoU=0.50:0.95 | area=   all | maxDets=100 ] = 0.364
 Average Recall     (AR) @[ IoU=0.50:0.95 | area= small | maxDets=100 ] = 0.135
 Average Recall     (AR) @[ IoU=0.50:0.95 | area=medium | maxDets=100 ] = 0.387
 Average Recall     (AR) @[ IoU=0.50:0.95 | area= large | maxDets=100 ] = 0.475
sweep 32/96: alpha=1.5, beta=1.0, threshold=0.1, top_k=100, nms=0.5
creating index...
index created!
Loading and preparing results...
DONE (t=0.11s)
creating index...
index created!
Running per image evaluation...
Evaluate annotation type *bbox*
DONE (t=1.79s).
Accumulating evaluation results...
DONE (t=0.56s).
 Average Precision  (AP) @[ IoU=0.50:0.95 | area=   all | maxDets=100 ] = 0.240
 Average Precision  (AP) @[ IoU=0.50      | area=   all | maxDets=100 ] = 0.361
 Average Precision  (AP) @[ IoU=0.75      | area=   all | maxDets=100 ] = 0.259
 Average Precision  (AP) @[ IoU=0.50:0.95 | area= small | maxDets=100 ] = 0.087
 Average Precision  (AP) @[ IoU=0.50:0.95 | area=medium | maxDets=100 ] = 0.271
 Average Precision  (AP) @[ IoU=0.50:0.95 | area= large | maxDets=100 ] = 0.320
 Average Recall     (AR) @[ IoU=0.50:0.95 | area=   all | maxDets=  1 ] = 0.241
 Average Recall     (AR) @[ IoU=0.50:0.95 | area=   all | maxDets= 10 ] = 0.362
 Average Recall     (AR) @[ IoU=0.50:0.95 | area=   all | maxDets=100 ] = 0.376
 Average Recall     (AR) @[ IoU=0.50:0.95 | area= small | maxDets=100 ] = 0.138
 Average Recall     (AR) @[ IoU=0.50:0.95 | area=medium | maxDets=100 ] = 0.405
 Average Recall     (AR) @[ IoU=0.50:0.95 | area= large | maxDets=100 ] = 0.491
sweep 33/96: alpha=1.5, beta=1.0, threshold=0.1, top_k=100, nms=0.6
creating index...
index created!
Loading and preparing results...
DONE (t=0.02s)
creating index...
index created!
Running per image evaluation...
Evaluate annotation type *bbox*
DONE (t=1.94s).
Accumulating evaluation results...
DONE (t=0.59s).
 Average Precision  (AP) @[ IoU=0.50:0.95 | area=   all | maxDets=100 ] = 0.237
 Average Precision  (AP) @[ IoU=0.50      | area=   all | maxDets=100 ] = 0.351
 Average Precision  (AP) @[ IoU=0.75      | area=   all | maxDets=100 ] = 0.260
 Average Precision  (AP) @[ IoU=0.50:0.95 | area= small | maxDets=100 ] = 0.088
 Average Precision  (AP) @[ IoU=0.50:0.95 | area=medium | maxDets=100 ] = 0.270
 Average Precision  (AP) @[ IoU=0.50:0.95 | area= large | maxDets=100 ] = 0.316
 Average Recall     (AR) @[ IoU=0.50:0.95 | area=   all | maxDets=  1 ] = 0.241
 Average Recall     (AR) @[ IoU=0.50:0.95 | area=   all | maxDets= 10 ] = 0.366
 Average Recall     (AR) @[ IoU=0.50:0.95 | area=   all | maxDets=100 ] = 0.383
 Average Recall     (AR) @[ IoU=0.50:0.95 | area= small | maxDets=100 ] = 0.143
 Average Recall     (AR) @[ IoU=0.50:0.95 | area=medium | maxDets=100 ] = 0.413
 Average Recall     (AR) @[ IoU=0.50:0.95 | area= large | maxDets=100 ] = 0.506
sweep 34/96: alpha=1.5, beta=1.0, threshold=0.1, top_k=200, nms=0.4
creating index...
index created!
Loading and preparing results...
DONE (t=0.02s)
creating index...
index created!
Running per image evaluation...
Evaluate annotation type *bbox*
DONE (t=1.64s).
Accumulating evaluation results...
DONE (t=0.55s).
 Average Precision  (AP) @[ IoU=0.50:0.95 | area=   all | maxDets=100 ] = 0.239
 Average Precision  (AP) @[ IoU=0.50      | area=   all | maxDets=100 ] = 0.363
 Average Precision  (AP) @[ IoU=0.75      | area=   all | maxDets=100 ] = 0.259
 Average Precision  (AP) @[ IoU=0.50:0.95 | area= small | maxDets=100 ] = 0.086
 Average Precision  (AP) @[ IoU=0.50:0.95 | area=medium | maxDets=100 ] = 0.269
 Average Precision  (AP) @[ IoU=0.50:0.95 | area= large | maxDets=100 ] = 0.319
 Average Recall     (AR) @[ IoU=0.50:0.95 | area=   all | maxDets=  1 ] = 0.242
 Average Recall     (AR) @[ IoU=0.50:0.95 | area=   all | maxDets= 10 ] = 0.355
 Average Recall     (AR) @[ IoU=0.50:0.95 | area=   all | maxDets=100 ] = 0.366
 Average Recall     (AR) @[ IoU=0.50:0.95 | area= small | maxDets=100 ] = 0.136
 Average Recall     (AR) @[ IoU=0.50:0.95 | area=medium | maxDets=100 ] = 0.391
 Average Recall     (AR) @[ IoU=0.50:0.95 | area= large | maxDets=100 ] = 0.475
sweep 35/96: alpha=1.5, beta=1.0, threshold=0.1, top_k=200, nms=0.5
creating index...
index created!
Loading and preparing results...
DONE (t=0.02s)
creating index...
index created!
Running per image evaluation...
Evaluate annotation type *bbox*
DONE (t=1.88s).
Accumulating evaluation results...
DONE (t=0.57s).
 Average Precision  (AP) @[ IoU=0.50:0.95 | area=   all | maxDets=100 ] = 0.240
 Average Precision  (AP) @[ IoU=0.50      | area=   all | maxDets=100 ] = 0.362
 Average Precision  (AP) @[ IoU=0.75      | area=   all | maxDets=100 ] = 0.259
 Average Precision  (AP) @[ IoU=0.50:0.95 | area= small | maxDets=100 ] = 0.087
 Average Precision  (AP) @[ IoU=0.50:0.95 | area=medium | maxDets=100 ] = 0.272
 Average Precision  (AP) @[ IoU=0.50:0.95 | area= large | maxDets=100 ] = 0.320
 Average Recall     (AR) @[ IoU=0.50:0.95 | area=   all | maxDets=  1 ] = 0.242
 Average Recall     (AR) @[ IoU=0.50:0.95 | area=   all | maxDets= 10 ] = 0.363
 Average Recall     (AR) @[ IoU=0.50:0.95 | area=   all | maxDets=100 ] = 0.378
 Average Recall     (AR) @[ IoU=0.50:0.95 | area= small | maxDets=100 ] = 0.142
 Average Recall     (AR) @[ IoU=0.50:0.95 | area=medium | maxDets=100 ] = 0.409
 Average Recall     (AR) @[ IoU=0.50:0.95 | area= large | maxDets=100 ] = 0.491
sweep 36/96: alpha=1.5, beta=1.0, threshold=0.1, top_k=200, nms=0.6
creating index...
index created!
Loading and preparing results...
DONE (t=0.11s)
creating index...
index created!
Running per image evaluation...
Evaluate annotation type *bbox*
DONE (t=2.14s).
Accumulating evaluation results...
DONE (t=0.61s).
 Average Precision  (AP) @[ IoU=0.50:0.95 | area=   all | maxDets=100 ] = 0.237
 Average Precision  (AP) @[ IoU=0.50      | area=   all | maxDets=100 ] = 0.352
 Average Precision  (AP) @[ IoU=0.75      | area=   all | maxDets=100 ] = 0.260
 Average Precision  (AP) @[ IoU=0.50:0.95 | area= small | maxDets=100 ] = 0.090
 Average Precision  (AP) @[ IoU=0.50:0.95 | area=medium | maxDets=100 ] = 0.271
 Average Precision  (AP) @[ IoU=0.50:0.95 | area= large | maxDets=100 ] = 0.317
 Average Recall     (AR) @[ IoU=0.50:0.95 | area=   all | maxDets=  1 ] = 0.241
 Average Recall     (AR) @[ IoU=0.50:0.95 | area=   all | maxDets= 10 ] = 0.368
 Average Recall     (AR) @[ IoU=0.50:0.95 | area=   all | maxDets=100 ] = 0.388
 Average Recall     (AR) @[ IoU=0.50:0.95 | area= small | maxDets=100 ] = 0.150
 Average Recall     (AR) @[ IoU=0.50:0.95 | area=medium | maxDets=100 ] = 0.417
 Average Recall     (AR) @[ IoU=0.50:0.95 | area= large | maxDets=100 ] = 0.508
sweep 37/96: alpha=1.5, beta=1.0, threshold=0.2, top_k=20, nms=0.4
creating index...
index created!
Loading and preparing results...
DONE (t=0.01s)
creating index...
index created!
Running per image evaluation...
Evaluate annotation type *bbox*
DONE (t=0.85s).
Accumulating evaluation results...
DONE (t=0.39s).
 Average Precision  (AP) @[ IoU=0.50:0.95 | area=   all | maxDets=100 ] = 0.232
 Average Precision  (AP) @[ IoU=0.50      | area=   all | maxDets=100 ] = 0.345
 Average Precision  (AP) @[ IoU=0.75      | area=   all | maxDets=100 ] = 0.254
 Average Precision  (AP) @[ IoU=0.50:0.95 | area= small | maxDets=100 ] = 0.073
 Average Precision  (AP) @[ IoU=0.50:0.95 | area=medium | maxDets=100 ] = 0.256
 Average Precision  (AP) @[ IoU=0.50:0.95 | area= large | maxDets=100 ] = 0.316
 Average Recall     (AR) @[ IoU=0.50:0.95 | area=   all | maxDets=  1 ] = 0.232
 Average Recall     (AR) @[ IoU=0.50:0.95 | area=   all | maxDets= 10 ] = 0.319
 Average Recall     (AR) @[ IoU=0.50:0.95 | area=   all | maxDets=100 ] = 0.320
 Average Recall     (AR) @[ IoU=0.50:0.95 | area= small | maxDets=100 ] = 0.094
 Average Recall     (AR) @[ IoU=0.50:0.95 | area=medium | maxDets=100 ] = 0.328
 Average Recall     (AR) @[ IoU=0.50:0.95 | area= large | maxDets=100 ] = 0.444
sweep 38/96: alpha=1.5, beta=1.0, threshold=0.2, top_k=20, nms=0.5
creating index...
index created!
Loading and preparing results...
DONE (t=0.09s)
creating index...
index created!
Running per image evaluation...
Evaluate annotation type *bbox*
DONE (t=0.87s).
Accumulating evaluation results...
DONE (t=0.40s).
 Average Precision  (AP) @[ IoU=0.50:0.95 | area=   all | maxDets=100 ] = 0.231
 Average Precision  (AP) @[ IoU=0.50      | area=   all | maxDets=100 ] = 0.343
 Average Precision  (AP) @[ IoU=0.75      | area=   all | maxDets=100 ] = 0.252
 Average Precision  (AP) @[ IoU=0.50:0.95 | area= small | maxDets=100 ] = 0.071
 Average Precision  (AP) @[ IoU=0.50:0.95 | area=medium | maxDets=100 ] = 0.258
 Average Precision  (AP) @[ IoU=0.50:0.95 | area= large | maxDets=100 ] = 0.316
 Average Recall     (AR) @[ IoU=0.50:0.95 | area=   all | maxDets=  1 ] = 0.230
 Average Recall     (AR) @[ IoU=0.50:0.95 | area=   all | maxDets= 10 ] = 0.322
 Average Recall     (AR) @[ IoU=0.50:0.95 | area=   all | maxDets=100 ] = 0.324
 Average Recall     (AR) @[ IoU=0.50:0.95 | area= small | maxDets=100 ] = 0.093
 Average Recall     (AR) @[ IoU=0.50:0.95 | area=medium | maxDets=100 ] = 0.337
 Average Recall     (AR) @[ IoU=0.50:0.95 | area= large | maxDets=100 ] = 0.457
sweep 39/96: alpha=1.5, beta=1.0, threshold=0.2, top_k=20, nms=0.6
creating index...
index created!
Loading and preparing results...
DONE (t=0.01s)
creating index...
index created!
Running per image evaluation...
Evaluate annotation type *bbox*
DONE (t=0.99s).
Accumulating evaluation results...
DONE (t=0.40s).
 Average Precision  (AP) @[ IoU=0.50:0.95 | area=   all | maxDets=100 ] = 0.228
 Average Precision  (AP) @[ IoU=0.50      | area=   all | maxDets=100 ] = 0.332
 Average Precision  (AP) @[ IoU=0.75      | area=   all | maxDets=100 ] = 0.252
 Average Precision  (AP) @[ IoU=0.50:0.95 | area= small | maxDets=100 ] = 0.070
 Average Precision  (AP) @[ IoU=0.50:0.95 | area=medium | maxDets=100 ] = 0.255
 Average Precision  (AP) @[ IoU=0.50:0.95 | area= large | maxDets=100 ] = 0.311
 Average Recall     (AR) @[ IoU=0.50:0.95 | area=   all | maxDets=  1 ] = 0.229
 Average Recall     (AR) @[ IoU=0.50:0.95 | area=   all | maxDets= 10 ] = 0.320
 Average Recall     (AR) @[ IoU=0.50:0.95 | area=   all | maxDets=100 ] = 0.323
 Average Recall     (AR) @[ IoU=0.50:0.95 | area= small | maxDets=100 ] = 0.092
 Average Recall     (AR) @[ IoU=0.50:0.95 | area=medium | maxDets=100 ] = 0.332
 Average Recall     (AR) @[ IoU=0.50:0.95 | area= large | maxDets=100 ] = 0.461
sweep 40/96: alpha=1.5, beta=1.0, threshold=0.2, top_k=50, nms=0.4
creating index...
index created!
Loading and preparing results...
DONE (t=0.01s)
creating index...
index created!
Running per image evaluation...
Evaluate annotation type *bbox*
DONE (t=1.04s).
Accumulating evaluation results...
DONE (t=0.42s).
 Average Precision  (AP) @[ IoU=0.50:0.95 | area=   all | maxDets=100 ] = 0.235
 Average Precision  (AP) @[ IoU=0.50      | area=   all | maxDets=100 ] = 0.353
 Average Precision  (AP) @[ IoU=0.75      | area=   all | maxDets=100 ] = 0.256
 Average Precision  (AP) @[ IoU=0.50:0.95 | area= small | maxDets=100 ] = 0.076
 Average Precision  (AP) @[ IoU=0.50:0.95 | area=medium | maxDets=100 ] = 0.265
 Average Precision  (AP) @[ IoU=0.50:0.95 | area= large | maxDets=100 ] = 0.317
 Average Recall     (AR) @[ IoU=0.50:0.95 | area=   all | maxDets=  1 ] = 0.235
 Average Recall     (AR) @[ IoU=0.50:0.95 | area=   all | maxDets= 10 ] = 0.332
 Average Recall     (AR) @[ IoU=0.50:0.95 | area=   all | maxDets=100 ] = 0.338
 Average Recall     (AR) @[ IoU=0.50:0.95 | area= small | maxDets=100 ] = 0.105
 Average Recall     (AR) @[ IoU=0.50:0.95 | area=medium | maxDets=100 ] = 0.358
 Average Recall     (AR) @[ IoU=0.50:0.95 | area= large | maxDets=100 ] = 0.452
sweep 41/96: alpha=1.5, beta=1.0, threshold=0.2, top_k=50, nms=0.5
creating index...
index created!
Loading and preparing results...
DONE (t=0.01s)
creating index...
index created!
Running per image evaluation...
Evaluate annotation type *bbox*
DONE (t=1.23s).
Accumulating evaluation results...
DONE (t=0.44s).
 Average Precision  (AP) @[ IoU=0.50:0.95 | area=   all | maxDets=100 ] = 0.236
 Average Precision  (AP) @[ IoU=0.50      | area=   all | maxDets=100 ] = 0.352
 Average Precision  (AP) @[ IoU=0.75      | area=   all | maxDets=100 ] = 0.256
 Average Precision  (AP) @[ IoU=0.50:0.95 | area= small | maxDets=100 ] = 0.077
 Average Precision  (AP) @[ IoU=0.50:0.95 | area=medium | maxDets=100 ] = 0.267
 Average Precision  (AP) @[ IoU=0.50:0.95 | area= large | maxDets=100 ] = 0.318
 Average Recall     (AR) @[ IoU=0.50:0.95 | area=   all | maxDets=  1 ] = 0.235
 Average Recall     (AR) @[ IoU=0.50:0.95 | area=   all | maxDets= 10 ] = 0.339
 Average Recall     (AR) @[ IoU=0.50:0.95 | area=   all | maxDets=100 ] = 0.347
 Average Recall     (AR) @[ IoU=0.50:0.95 | area= small | maxDets=100 ] = 0.107
 Average Recall     (AR) @[ IoU=0.50:0.95 | area=medium | maxDets=100 ] = 0.372
 Average Recall     (AR) @[ IoU=0.50:0.95 | area= large | maxDets=100 ] = 0.469
sweep 42/96: alpha=1.5, beta=1.0, threshold=0.2, top_k=50, nms=0.6
creating index...
index created!
Loading and preparing results...
DONE (t=0.01s)
creating index...
index created!
Running per image evaluation...
Evaluate annotation type *bbox*
DONE (t=1.26s).
Accumulating evaluation results...
DONE (t=0.44s).
 Average Precision  (AP) @[ IoU=0.50:0.95 | area=   all | maxDets=100 ] = 0.233
 Average Precision  (AP) @[ IoU=0.50      | area=   all | maxDets=100 ] = 0.343
 Average Precision  (AP) @[ IoU=0.75      | area=   all | maxDets=100 ] = 0.257
 Average Precision  (AP) @[ IoU=0.50:0.95 | area= small | maxDets=100 ] = 0.078
 Average Precision  (AP) @[ IoU=0.50:0.95 | area=medium | maxDets=100 ] = 0.266
 Average Precision  (AP) @[ IoU=0.50:0.95 | area= large | maxDets=100 ] = 0.314
 Average Recall     (AR) @[ IoU=0.50:0.95 | area=   all | maxDets=  1 ] = 0.234
 Average Recall     (AR) @[ IoU=0.50:0.95 | area=   all | maxDets= 10 ] = 0.342
 Average Recall     (AR) @[ IoU=0.50:0.95 | area=   all | maxDets=100 ] = 0.352
 Average Recall     (AR) @[ IoU=0.50:0.95 | area= small | maxDets=100 ] = 0.110
 Average Recall     (AR) @[ IoU=0.50:0.95 | area=medium | maxDets=100 ] = 0.375
 Average Recall     (AR) @[ IoU=0.50:0.95 | area= large | maxDets=100 ] = 0.477
sweep 43/96: alpha=1.5, beta=1.0, threshold=0.2, top_k=100, nms=0.4
creating index...
index created!
Loading and preparing results...
DONE (t=0.01s)
creating index...
index created!
Running per image evaluation...
Evaluate annotation type *bbox*
DONE (t=1.19s).
Accumulating evaluation results...
DONE (t=0.42s).
 Average Precision  (AP) @[ IoU=0.50:0.95 | area=   all | maxDets=100 ] = 0.236
 Average Precision  (AP) @[ IoU=0.50      | area=   all | maxDets=100 ] = 0.354
 Average Precision  (AP) @[ IoU=0.75      | area=   all | maxDets=100 ] = 0.257
 Average Precision  (AP) @[ IoU=0.50:0.95 | area= small | maxDets=100 ] = 0.077
 Average Precision  (AP) @[ IoU=0.50:0.95 | area=medium | maxDets=100 ] = 0.265
 Average Precision  (AP) @[ IoU=0.50:0.95 | area= large | maxDets=100 ] = 0.317
 Average Recall     (AR) @[ IoU=0.50:0.95 | area=   all | maxDets=  1 ] = 0.235
 Average Recall     (AR) @[ IoU=0.50:0.95 | area=   all | maxDets= 10 ] = 0.334
 Average Recall     (AR) @[ IoU=0.50:0.95 | area=   all | maxDets=100 ] = 0.340
 Average Recall     (AR) @[ IoU=0.50:0.95 | area= small | maxDets=100 ] = 0.108
 Average Recall     (AR) @[ IoU=0.50:0.95 | area=medium | maxDets=100 ] = 0.361
 Average Recall     (AR) @[ IoU=0.50:0.95 | area= large | maxDets=100 ] = 0.452
sweep 44/96: alpha=1.5, beta=1.0, threshold=0.2, top_k=100, nms=0.5
creating index...
index created!
Loading and preparing results...
DONE (t=0.01s)
creating index...
index created!
Running per image evaluation...
Evaluate annotation type *bbox*
DONE (t=1.28s).
Accumulating evaluation results...
DONE (t=0.44s).
 Average Precision  (AP) @[ IoU=0.50:0.95 | area=   all | maxDets=100 ] = 0.236
 Average Precision  (AP) @[ IoU=0.50      | area=   all | maxDets=100 ] = 0.353
 Average Precision  (AP) @[ IoU=0.75      | area=   all | maxDets=100 ] = 0.257
 Average Precision  (AP) @[ IoU=0.50:0.95 | area= small | maxDets=100 ] = 0.078
 Average Precision  (AP) @[ IoU=0.50:0.95 | area=medium | maxDets=100 ] = 0.268
 Average Precision  (AP) @[ IoU=0.50:0.95 | area= large | maxDets=100 ] = 0.318
 Average Recall     (AR) @[ IoU=0.50:0.95 | area=   all | maxDets=  1 ] = 0.235
 Average Recall     (AR) @[ IoU=0.50:0.95 | area=   all | maxDets= 10 ] = 0.340
 Average Recall     (AR) @[ IoU=0.50:0.95 | area=   all | maxDets=100 ] = 0.350
 Average Recall     (AR) @[ IoU=0.50:0.95 | area= small | maxDets=100 ] = 0.110
 Average Recall     (AR) @[ IoU=0.50:0.95 | area=medium | maxDets=100 ] = 0.375
 Average Recall     (AR) @[ IoU=0.50:0.95 | area= large | maxDets=100 ] = 0.470
sweep 45/96: alpha=1.5, beta=1.0, threshold=0.2, top_k=100, nms=0.6
creating index...
index created!
Loading and preparing results...
DONE (t=0.11s)
creating index...
index created!
Running per image evaluation...
Evaluate annotation type *bbox*
DONE (t=1.34s).
Accumulating evaluation results...
DONE (t=0.46s).
 Average Precision  (AP) @[ IoU=0.50:0.95 | area=   all | maxDets=100 ] = 0.234
 Average Precision  (AP) @[ IoU=0.50      | area=   all | maxDets=100 ] = 0.345
 Average Precision  (AP) @[ IoU=0.75      | area=   all | maxDets=100 ] = 0.258
 Average Precision  (AP) @[ IoU=0.50:0.95 | area= small | maxDets=100 ] = 0.080
 Average Precision  (AP) @[ IoU=0.50:0.95 | area=medium | maxDets=100 ] = 0.267
 Average Precision  (AP) @[ IoU=0.50:0.95 | area= large | maxDets=100 ] = 0.314
 Average Recall     (AR) @[ IoU=0.50:0.95 | area=   all | maxDets=  1 ] = 0.235
 Average Recall     (AR) @[ IoU=0.50:0.95 | area=   all | maxDets= 10 ] = 0.346
 Average Recall     (AR) @[ IoU=0.50:0.95 | area=   all | maxDets=100 ] = 0.358
 Average Recall     (AR) @[ IoU=0.50:0.95 | area= small | maxDets=100 ] = 0.115
 Average Recall     (AR) @[ IoU=0.50:0.95 | area=medium | maxDets=100 ] = 0.385
 Average Recall     (AR) @[ IoU=0.50:0.95 | area= large | maxDets=100 ] = 0.477
sweep 46/96: alpha=1.5, beta=1.0, threshold=0.2, top_k=200, nms=0.4
creating index...
index created!
Loading and preparing results...
DONE (t=0.01s)
creating index...
index created!
Running per image evaluation...
Evaluate annotation type *bbox*
DONE (t=1.19s).
Accumulating evaluation results...
DONE (t=0.42s).
 Average Precision  (AP) @[ IoU=0.50:0.95 | area=   all | maxDets=100 ] = 0.236
 Average Precision  (AP) @[ IoU=0.50      | area=   all | maxDets=100 ] = 0.354
 Average Precision  (AP) @[ IoU=0.75      | area=   all | maxDets=100 ] = 0.257
 Average Precision  (AP) @[ IoU=0.50:0.95 | area= small | maxDets=100 ] = 0.077
 Average Precision  (AP) @[ IoU=0.50:0.95 | area=medium | maxDets=100 ] = 0.265
 Average Precision  (AP) @[ IoU=0.50:0.95 | area= large | maxDets=100 ] = 0.317
 Average Recall     (AR) @[ IoU=0.50:0.95 | area=   all | maxDets=  1 ] = 0.235
 Average Recall     (AR) @[ IoU=0.50:0.95 | area=   all | maxDets= 10 ] = 0.334
 Average Recall     (AR) @[ IoU=0.50:0.95 | area=   all | maxDets=100 ] = 0.340
 Average Recall     (AR) @[ IoU=0.50:0.95 | area= small | maxDets=100 ] = 0.108
 Average Recall     (AR) @[ IoU=0.50:0.95 | area=medium | maxDets=100 ] = 0.361
 Average Recall     (AR) @[ IoU=0.50:0.95 | area= large | maxDets=100 ] = 0.452
sweep 47/96: alpha=1.5, beta=1.0, threshold=0.2, top_k=200, nms=0.5
creating index...
index created!
Loading and preparing results...
DONE (t=0.01s)
creating index...
index created!
Running per image evaluation...
Evaluate annotation type *bbox*
DONE (t=1.29s).
Accumulating evaluation results...
DONE (t=0.44s).
 Average Precision  (AP) @[ IoU=0.50:0.95 | area=   all | maxDets=100 ] = 0.236
 Average Precision  (AP) @[ IoU=0.50      | area=   all | maxDets=100 ] = 0.353
 Average Precision  (AP) @[ IoU=0.75      | area=   all | maxDets=100 ] = 0.257
 Average Precision  (AP) @[ IoU=0.50:0.95 | area= small | maxDets=100 ] = 0.078
 Average Precision  (AP) @[ IoU=0.50:0.95 | area=medium | maxDets=100 ] = 0.268
 Average Precision  (AP) @[ IoU=0.50:0.95 | area= large | maxDets=100 ] = 0.318
 Average Recall     (AR) @[ IoU=0.50:0.95 | area=   all | maxDets=  1 ] = 0.235
 Average Recall     (AR) @[ IoU=0.50:0.95 | area=   all | maxDets= 10 ] = 0.340
 Average Recall     (AR) @[ IoU=0.50:0.95 | area=   all | maxDets=100 ] = 0.350
 Average Recall     (AR) @[ IoU=0.50:0.95 | area= small | maxDets=100 ] = 0.111
 Average Recall     (AR) @[ IoU=0.50:0.95 | area=medium | maxDets=100 ] = 0.375
 Average Recall     (AR) @[ IoU=0.50:0.95 | area= large | maxDets=100 ] = 0.470
sweep 48/96: alpha=1.5, beta=1.0, threshold=0.2, top_k=200, nms=0.6
creating index...
index created!
Loading and preparing results...
DONE (t=0.01s)
creating index...
index created!
Running per image evaluation...
Evaluate annotation type *bbox*
DONE (t=1.46s).
Accumulating evaluation results...
DONE (t=0.46s).
 Average Precision  (AP) @[ IoU=0.50:0.95 | area=   all | maxDets=100 ] = 0.234
 Average Precision  (AP) @[ IoU=0.50      | area=   all | maxDets=100 ] = 0.345
 Average Precision  (AP) @[ IoU=0.75      | area=   all | maxDets=100 ] = 0.258
 Average Precision  (AP) @[ IoU=0.50:0.95 | area= small | maxDets=100 ] = 0.081
 Average Precision  (AP) @[ IoU=0.50:0.95 | area=medium | maxDets=100 ] = 0.267
 Average Precision  (AP) @[ IoU=0.50:0.95 | area= large | maxDets=100 ] = 0.314
 Average Recall     (AR) @[ IoU=0.50:0.95 | area=   all | maxDets=  1 ] = 0.235
 Average Recall     (AR) @[ IoU=0.50:0.95 | area=   all | maxDets= 10 ] = 0.346
 Average Recall     (AR) @[ IoU=0.50:0.95 | area=   all | maxDets=100 ] = 0.359
 Average Recall     (AR) @[ IoU=0.50:0.95 | area= small | maxDets=100 ] = 0.117
 Average Recall     (AR) @[ IoU=0.50:0.95 | area=medium | maxDets=100 ] = 0.385
 Average Recall     (AR) @[ IoU=0.50:0.95 | area= large | maxDets=100 ] = 0.478
sweep 49/96: alpha=2.0, beta=1.0, threshold=0.03, top_k=20, nms=0.4
creating index...
index created!
Loading and preparing results...
DONE (t=0.01s)
creating index...
index created!
Running per image evaluation...
Evaluate annotation type *bbox*
DONE (t=1.06s).
Accumulating evaluation results...
DONE (t=0.45s).
 Average Precision  (AP) @[ IoU=0.50:0.95 | area=   all | maxDets=100 ] = 0.235
 Average Precision  (AP) @[ IoU=0.50      | area=   all | maxDets=100 ] = 0.351
 Average Precision  (AP) @[ IoU=0.75      | area=   all | maxDets=100 ] = 0.256
 Average Precision  (AP) @[ IoU=0.50:0.95 | area= small | maxDets=100 ] = 0.079
 Average Precision  (AP) @[ IoU=0.50:0.95 | area=medium | maxDets=100 ] = 0.256
 Average Precision  (AP) @[ IoU=0.50:0.95 | area= large | maxDets=100 ] = 0.322
 Average Recall     (AR) @[ IoU=0.50:0.95 | area=   all | maxDets=  1 ] = 0.239
 Average Recall     (AR) @[ IoU=0.50:0.95 | area=   all | maxDets= 10 ] = 0.330
 Average Recall     (AR) @[ IoU=0.50:0.95 | area=   all | maxDets=100 ] = 0.331
 Average Recall     (AR) @[ IoU=0.50:0.95 | area= small | maxDets=100 ] = 0.102
 Average Recall     (AR) @[ IoU=0.50:0.95 | area=medium | maxDets=100 ] = 0.341
 Average Recall     (AR) @[ IoU=0.50:0.95 | area= large | maxDets=100 ] = 0.465
sweep 50/96: alpha=2.0, beta=1.0, threshold=0.03, top_k=20, nms=0.5
creating index...
index created!
Loading and preparing results...
DONE (t=0.09s)
creating index...
index created!
Running per image evaluation...
Evaluate annotation type *bbox*
DONE (t=1.08s).
Accumulating evaluation results...
DONE (t=0.45s).
 Average Precision  (AP) @[ IoU=0.50:0.95 | area=   all | maxDets=100 ] = 0.235
 Average Precision  (AP) @[ IoU=0.50      | area=   all | maxDets=100 ] = 0.348
 Average Precision  (AP) @[ IoU=0.75      | area=   all | maxDets=100 ] = 0.255
 Average Precision  (AP) @[ IoU=0.50:0.95 | area= small | maxDets=100 ] = 0.075
 Average Precision  (AP) @[ IoU=0.50:0.95 | area=medium | maxDets=100 ] = 0.260
 Average Precision  (AP) @[ IoU=0.50:0.95 | area= large | maxDets=100 ] = 0.323
 Average Recall     (AR) @[ IoU=0.50:0.95 | area=   all | maxDets=  1 ] = 0.237
 Average Recall     (AR) @[ IoU=0.50:0.95 | area=   all | maxDets= 10 ] = 0.332
 Average Recall     (AR) @[ IoU=0.50:0.95 | area=   all | maxDets=100 ] = 0.334
 Average Recall     (AR) @[ IoU=0.50:0.95 | area= small | maxDets=100 ] = 0.099
 Average Recall     (AR) @[ IoU=0.50:0.95 | area=medium | maxDets=100 ] = 0.344
 Average Recall     (AR) @[ IoU=0.50:0.95 | area= large | maxDets=100 ] = 0.478
sweep 51/96: alpha=2.0, beta=1.0, threshold=0.03, top_k=20, nms=0.6
creating index...
index created!
Loading and preparing results...
DONE (t=0.01s)
creating index...
index created!
Running per image evaluation...
Evaluate annotation type *bbox*
DONE (t=0.97s).
Accumulating evaluation results...
DONE (t=0.43s).
 Average Precision  (AP) @[ IoU=0.50:0.95 | area=   all | maxDets=100 ] = 0.231
 Average Precision  (AP) @[ IoU=0.50      | area=   all | maxDets=100 ] = 0.337
 Average Precision  (AP) @[ IoU=0.75      | area=   all | maxDets=100 ] = 0.254
 Average Precision  (AP) @[ IoU=0.50:0.95 | area= small | maxDets=100 ] = 0.075
 Average Precision  (AP) @[ IoU=0.50:0.95 | area=medium | maxDets=100 ] = 0.257
 Average Precision  (AP) @[ IoU=0.50:0.95 | area= large | maxDets=100 ] = 0.318
 Average Recall     (AR) @[ IoU=0.50:0.95 | area=   all | maxDets=  1 ] = 0.234
 Average Recall     (AR) @[ IoU=0.50:0.95 | area=   all | maxDets= 10 ] = 0.328
 Average Recall     (AR) @[ IoU=0.50:0.95 | area=   all | maxDets=100 ] = 0.331
 Average Recall     (AR) @[ IoU=0.50:0.95 | area= small | maxDets=100 ] = 0.098
 Average Recall     (AR) @[ IoU=0.50:0.95 | area=medium | maxDets=100 ] = 0.338
 Average Recall     (AR) @[ IoU=0.50:0.95 | area= large | maxDets=100 ] = 0.479
sweep 52/96: alpha=2.0, beta=1.0, threshold=0.03, top_k=50, nms=0.4
creating index...
index created!
Loading and preparing results...
DONE (t=0.02s)
creating index...
index created!
Running per image evaluation...
Evaluate annotation type *bbox*
DONE (t=1.56s).
Accumulating evaluation results...
DONE (t=0.58s).
 Average Precision  (AP) @[ IoU=0.50:0.95 | area=   all | maxDets=100 ] = 0.241
 Average Precision  (AP) @[ IoU=0.50      | area=   all | maxDets=100 ] = 0.363
 Average Precision  (AP) @[ IoU=0.75      | area=   all | maxDets=100 ] = 0.260
 Average Precision  (AP) @[ IoU=0.50:0.95 | area= small | maxDets=100 ] = 0.088
 Average Precision  (AP) @[ IoU=0.50:0.95 | area=medium | maxDets=100 ] = 0.265
 Average Precision  (AP) @[ IoU=0.50:0.95 | area= large | maxDets=100 ] = 0.324
 Average Recall     (AR) @[ IoU=0.50:0.95 | area=   all | maxDets=  1 ] = 0.245
 Average Recall     (AR) @[ IoU=0.50:0.95 | area=   all | maxDets= 10 ] = 0.356
 Average Recall     (AR) @[ IoU=0.50:0.95 | area=   all | maxDets=100 ] = 0.363
 Average Recall     (AR) @[ IoU=0.50:0.95 | area= small | maxDets=100 ] = 0.131
 Average Recall     (AR) @[ IoU=0.50:0.95 | area=medium | maxDets=100 ] = 0.388
 Average Recall     (AR) @[ IoU=0.50:0.95 | area= large | maxDets=100 ] = 0.492
sweep 53/96: alpha=2.0, beta=1.0, threshold=0.03, top_k=50, nms=0.5
creating index...
index created!
Loading and preparing results...
DONE (t=0.02s)
creating index...
index created!
Running per image evaluation...
Evaluate annotation type *bbox*
DONE (t=1.56s).
Accumulating evaluation results...
DONE (t=0.57s).
 Average Precision  (AP) @[ IoU=0.50:0.95 | area=   all | maxDets=100 ] = 0.241
 Average Precision  (AP) @[ IoU=0.50      | area=   all | maxDets=100 ] = 0.361
 Average Precision  (AP) @[ IoU=0.75      | area=   all | maxDets=100 ] = 0.260
 Average Precision  (AP) @[ IoU=0.50:0.95 | area= small | maxDets=100 ] = 0.088
 Average Precision  (AP) @[ IoU=0.50:0.95 | area=medium | maxDets=100 ] = 0.271
 Average Precision  (AP) @[ IoU=0.50:0.95 | area= large | maxDets=100 ] = 0.325
 Average Recall     (AR) @[ IoU=0.50:0.95 | area=   all | maxDets=  1 ] = 0.244
 Average Recall     (AR) @[ IoU=0.50:0.95 | area=   all | maxDets= 10 ] = 0.361
 Average Recall     (AR) @[ IoU=0.50:0.95 | area=   all | maxDets=100 ] = 0.371
 Average Recall     (AR) @[ IoU=0.50:0.95 | area= small | maxDets=100 ] = 0.132
 Average Recall     (AR) @[ IoU=0.50:0.95 | area=medium | maxDets=100 ] = 0.402
 Average Recall     (AR) @[ IoU=0.50:0.95 | area= large | maxDets=100 ] = 0.508
sweep 54/96: alpha=2.0, beta=1.0, threshold=0.03, top_k=50, nms=0.6
creating index...
index created!
Loading and preparing results...
DONE (t=0.02s)
creating index...
index created!
Running per image evaluation...
Evaluate annotation type *bbox*
DONE (t=1.59s).
Accumulating evaluation results...
DONE (t=0.57s).
 Average Precision  (AP) @[ IoU=0.50:0.95 | area=   all | maxDets=100 ] = 0.239
 Average Precision  (AP) @[ IoU=0.50      | area=   all | maxDets=100 ] = 0.352
 Average Precision  (AP) @[ IoU=0.75      | area=   all | maxDets=100 ] = 0.260
 Average Precision  (AP) @[ IoU=0.50:0.95 | area= small | maxDets=100 ] = 0.088
 Average Precision  (AP) @[ IoU=0.50:0.95 | area=medium | maxDets=100 ] = 0.270
 Average Precision  (AP) @[ IoU=0.50:0.95 | area= large | maxDets=100 ] = 0.322
 Average Recall     (AR) @[ IoU=0.50:0.95 | area=   all | maxDets=  1 ] = 0.243
 Average Recall     (AR) @[ IoU=0.50:0.95 | area=   all | maxDets= 10 ] = 0.363
 Average Recall     (AR) @[ IoU=0.50:0.95 | area=   all | maxDets=100 ] = 0.375
 Average Recall     (AR) @[ IoU=0.50:0.95 | area= small | maxDets=100 ] = 0.133
 Average Recall     (AR) @[ IoU=0.50:0.95 | area=medium | maxDets=100 ] = 0.403
 Average Recall     (AR) @[ IoU=0.50:0.95 | area= large | maxDets=100 ] = 0.515
sweep 55/96: alpha=2.0, beta=1.0, threshold=0.03, top_k=100, nms=0.4
creating index...
index created!
Loading and preparing results...
DONE (t=0.02s)
creating index...
index created!
Running per image evaluation...
Evaluate annotation type *bbox*
DONE (t=1.92s).
Accumulating evaluation results...
DONE (t=0.64s).
 Average Precision  (AP) @[ IoU=0.50:0.95 | area=   all | maxDets=100 ] = 0.242
 Average Precision  (AP) @[ IoU=0.50      | area=   all | maxDets=100 ] = 0.366
 Average Precision  (AP) @[ IoU=0.75      | area=   all | maxDets=100 ] = 0.260
 Average Precision  (AP) @[ IoU=0.50:0.95 | area= small | maxDets=100 ] = 0.090
 Average Precision  (AP) @[ IoU=0.50:0.95 | area=medium | maxDets=100 ] = 0.266
 Average Precision  (AP) @[ IoU=0.50:0.95 | area= large | maxDets=100 ] = 0.325
 Average Recall     (AR) @[ IoU=0.50:0.95 | area=   all | maxDets=  1 ] = 0.247
 Average Recall     (AR) @[ IoU=0.50:0.95 | area=   all | maxDets= 10 ] = 0.364
 Average Recall     (AR) @[ IoU=0.50:0.95 | area=   all | maxDets=100 ] = 0.375
 Average Recall     (AR) @[ IoU=0.50:0.95 | area= small | maxDets=100 ] = 0.143
 Average Recall     (AR) @[ IoU=0.50:0.95 | area=medium | maxDets=100 ] = 0.400
 Average Recall     (AR) @[ IoU=0.50:0.95 | area= large | maxDets=100 ] = 0.501
sweep 56/96: alpha=2.0, beta=1.0, threshold=0.03, top_k=100, nms=0.5
creating index...
index created!
Loading and preparing results...
DONE (t=0.02s)
creating index...
index created!
Running per image evaluation...
Evaluate annotation type *bbox*
DONE (t=2.05s).
Accumulating evaluation results...
DONE (t=0.66s).
 Average Precision  (AP) @[ IoU=0.50:0.95 | area=   all | maxDets=100 ] = 0.242
 Average Precision  (AP) @[ IoU=0.50      | area=   all | maxDets=100 ] = 0.365
 Average Precision  (AP) @[ IoU=0.75      | area=   all | maxDets=100 ] = 0.261
 Average Precision  (AP) @[ IoU=0.50:0.95 | area= small | maxDets=100 ] = 0.090
 Average Precision  (AP) @[ IoU=0.50:0.95 | area=medium | maxDets=100 ] = 0.273
 Average Precision  (AP) @[ IoU=0.50:0.95 | area= large | maxDets=100 ] = 0.325
 Average Recall     (AR) @[ IoU=0.50:0.95 | area=   all | maxDets=  1 ] = 0.247
 Average Recall     (AR) @[ IoU=0.50:0.95 | area=   all | maxDets= 10 ] = 0.371
 Average Recall     (AR) @[ IoU=0.50:0.95 | area=   all | maxDets=100 ] = 0.386
 Average Recall     (AR) @[ IoU=0.50:0.95 | area= small | maxDets=100 ] = 0.144
 Average Recall     (AR) @[ IoU=0.50:0.95 | area=medium | maxDets=100 ] = 0.421
 Average Recall     (AR) @[ IoU=0.50:0.95 | area= large | maxDets=100 ] = 0.517
sweep 57/96: alpha=2.0, beta=1.0, threshold=0.03, top_k=100, nms=0.6
creating index...
index created!
Loading and preparing results...
DONE (t=0.12s)
creating index...
index created!
Running per image evaluation...
Evaluate annotation type *bbox*
DONE (t=2.22s).
Accumulating evaluation results...
DONE (t=0.68s).
 Average Precision  (AP) @[ IoU=0.50:0.95 | area=   all | maxDets=100 ] = 0.240
 Average Precision  (AP) @[ IoU=0.50      | area=   all | maxDets=100 ] = 0.356
 Average Precision  (AP) @[ IoU=0.75      | area=   all | maxDets=100 ] = 0.262
 Average Precision  (AP) @[ IoU=0.50:0.95 | area= small | maxDets=100 ] = 0.092
 Average Precision  (AP) @[ IoU=0.50:0.95 | area=medium | maxDets=100 ] = 0.272
 Average Precision  (AP) @[ IoU=0.50:0.95 | area= large | maxDets=100 ] = 0.323
 Average Recall     (AR) @[ IoU=0.50:0.95 | area=   all | maxDets=  1 ] = 0.246
 Average Recall     (AR) @[ IoU=0.50:0.95 | area=   all | maxDets= 10 ] = 0.376
 Average Recall     (AR) @[ IoU=0.50:0.95 | area=   all | maxDets=100 ] = 0.395
 Average Recall     (AR) @[ IoU=0.50:0.95 | area= small | maxDets=100 ] = 0.150
 Average Recall     (AR) @[ IoU=0.50:0.95 | area=medium | maxDets=100 ] = 0.427
 Average Recall     (AR) @[ IoU=0.50:0.95 | area= large | maxDets=100 ] = 0.532
sweep 58/96: alpha=2.0, beta=1.0, threshold=0.03, top_k=200, nms=0.4
creating index...
index created!
Loading and preparing results...
DONE (t=0.02s)
creating index...
index created!
Running per image evaluation...
Evaluate annotation type *bbox*
DONE (t=2.12s).
Accumulating evaluation results...
DONE (t=0.67s).
 Average Precision  (AP) @[ IoU=0.50:0.95 | area=   all | maxDets=100 ] = 0.242
 Average Precision  (AP) @[ IoU=0.50      | area=   all | maxDets=100 ] = 0.367
 Average Precision  (AP) @[ IoU=0.75      | area=   all | maxDets=100 ] = 0.260
 Average Precision  (AP) @[ IoU=0.50:0.95 | area= small | maxDets=100 ] = 0.090
 Average Precision  (AP) @[ IoU=0.50:0.95 | area=medium | maxDets=100 ] = 0.267
 Average Precision  (AP) @[ IoU=0.50:0.95 | area= large | maxDets=100 ] = 0.325
 Average Recall     (AR) @[ IoU=0.50:0.95 | area=   all | maxDets=  1 ] = 0.248
 Average Recall     (AR) @[ IoU=0.50:0.95 | area=   all | maxDets= 10 ] = 0.366
 Average Recall     (AR) @[ IoU=0.50:0.95 | area=   all | maxDets=100 ] = 0.378
 Average Recall     (AR) @[ IoU=0.50:0.95 | area= small | maxDets=100 ] = 0.146
 Average Recall     (AR) @[ IoU=0.50:0.95 | area=medium | maxDets=100 ] = 0.407
 Average Recall     (AR) @[ IoU=0.50:0.95 | area= large | maxDets=100 ] = 0.501
sweep 59/96: alpha=2.0, beta=1.0, threshold=0.03, top_k=200, nms=0.5
creating index...
index created!
Loading and preparing results...
DONE (t=0.13s)
creating index...
index created!
Running per image evaluation...
Evaluate annotation type *bbox*
DONE (t=2.26s).
Accumulating evaluation results...
DONE (t=0.70s).
 Average Precision  (AP) @[ IoU=0.50:0.95 | area=   all | maxDets=100 ] = 0.243
 Average Precision  (AP) @[ IoU=0.50      | area=   all | maxDets=100 ] = 0.366
 Average Precision  (AP) @[ IoU=0.75      | area=   all | maxDets=100 ] = 0.261
 Average Precision  (AP) @[ IoU=0.50:0.95 | area= small | maxDets=100 ] = 0.091
 Average Precision  (AP) @[ IoU=0.50:0.95 | area=medium | maxDets=100 ] = 0.274
 Average Precision  (AP) @[ IoU=0.50:0.95 | area= large | maxDets=100 ] = 0.325
 Average Recall     (AR) @[ IoU=0.50:0.95 | area=   all | maxDets=  1 ] = 0.248
 Average Recall     (AR) @[ IoU=0.50:0.95 | area=   all | maxDets= 10 ] = 0.374
 Average Recall     (AR) @[ IoU=0.50:0.95 | area=   all | maxDets=100 ] = 0.392
 Average Recall     (AR) @[ IoU=0.50:0.95 | area= small | maxDets=100 ] = 0.153
 Average Recall     (AR) @[ IoU=0.50:0.95 | area=medium | maxDets=100 ] = 0.429
 Average Recall     (AR) @[ IoU=0.50:0.95 | area= large | maxDets=100 ] = 0.517
sweep 60/96: alpha=2.0, beta=1.0, threshold=0.03, top_k=200, nms=0.6
creating index...
index created!
Loading and preparing results...
DONE (t=0.13s)
creating index...
index created!
Running per image evaluation...
Evaluate annotation type *bbox*
DONE (t=2.61s).
Accumulating evaluation results...
DONE (t=0.75s).
 Average Precision  (AP) @[ IoU=0.50:0.95 | area=   all | maxDets=100 ] = 0.241
 Average Precision  (AP) @[ IoU=0.50      | area=   all | maxDets=100 ] = 0.357
 Average Precision  (AP) @[ IoU=0.75      | area=   all | maxDets=100 ] = 0.263
 Average Precision  (AP) @[ IoU=0.50:0.95 | area= small | maxDets=100 ] = 0.093
 Average Precision  (AP) @[ IoU=0.50:0.95 | area=medium | maxDets=100 ] = 0.273
 Average Precision  (AP) @[ IoU=0.50:0.95 | area= large | maxDets=100 ] = 0.323
 Average Recall     (AR) @[ IoU=0.50:0.95 | area=   all | maxDets=  1 ] = 0.247
 Average Recall     (AR) @[ IoU=0.50:0.95 | area=   all | maxDets= 10 ] = 0.382
 Average Recall     (AR) @[ IoU=0.50:0.95 | area=   all | maxDets=100 ] = 0.405
 Average Recall     (AR) @[ IoU=0.50:0.95 | area= small | maxDets=100 ] = 0.162
 Average Recall     (AR) @[ IoU=0.50:0.95 | area=medium | maxDets=100 ] = 0.440
 Average Recall     (AR) @[ IoU=0.50:0.95 | area= large | maxDets=100 ] = 0.534
sweep 61/96: alpha=2.0, beta=1.0, threshold=0.05, top_k=20, nms=0.4
creating index...
index created!
Loading and preparing results...
DONE (t=0.01s)
creating index...
index created!
Running per image evaluation...
Evaluate annotation type *bbox*
DONE (t=1.07s).
Accumulating evaluation results...
DONE (t=0.44s).
 Average Precision  (AP) @[ IoU=0.50:0.95 | area=   all | maxDets=100 ] = 0.235
 Average Precision  (AP) @[ IoU=0.50      | area=   all | maxDets=100 ] = 0.351
 Average Precision  (AP) @[ IoU=0.75      | area=   all | maxDets=100 ] = 0.256
 Average Precision  (AP) @[ IoU=0.50:0.95 | area= small | maxDets=100 ] = 0.078
 Average Precision  (AP) @[ IoU=0.50:0.95 | area=medium | maxDets=100 ] = 0.256
 Average Precision  (AP) @[ IoU=0.50:0.95 | area= large | maxDets=100 ] = 0.322
 Average Recall     (AR) @[ IoU=0.50:0.95 | area=   all | maxDets=  1 ] = 0.239
 Average Recall     (AR) @[ IoU=0.50:0.95 | area=   all | maxDets= 10 ] = 0.329
 Average Recall     (AR) @[ IoU=0.50:0.95 | area=   all | maxDets=100 ] = 0.331
 Average Recall     (AR) @[ IoU=0.50:0.95 | area= small | maxDets=100 ] = 0.102
 Average Recall     (AR) @[ IoU=0.50:0.95 | area=medium | maxDets=100 ] = 0.341
 Average Recall     (AR) @[ IoU=0.50:0.95 | area= large | maxDets=100 ] = 0.463
sweep 62/96: alpha=2.0, beta=1.0, threshold=0.05, top_k=20, nms=0.5
creating index...
index created!
Loading and preparing results...
DONE (t=0.01s)
creating index...
index created!
Running per image evaluation...
Evaluate annotation type *bbox*
DONE (t=1.08s).
Accumulating evaluation results...
DONE (t=0.44s).
 Average Precision  (AP) @[ IoU=0.50:0.95 | area=   all | maxDets=100 ] = 0.235
 Average Precision  (AP) @[ IoU=0.50      | area=   all | maxDets=100 ] = 0.348
 Average Precision  (AP) @[ IoU=0.75      | area=   all | maxDets=100 ] = 0.255
 Average Precision  (AP) @[ IoU=0.50:0.95 | area= small | maxDets=100 ] = 0.075
 Average Precision  (AP) @[ IoU=0.50:0.95 | area=medium | maxDets=100 ] = 0.260
 Average Precision  (AP) @[ IoU=0.50:0.95 | area= large | maxDets=100 ] = 0.323
 Average Recall     (AR) @[ IoU=0.50:0.95 | area=   all | maxDets=  1 ] = 0.237
 Average Recall     (AR) @[ IoU=0.50:0.95 | area=   all | maxDets= 10 ] = 0.331
 Average Recall     (AR) @[ IoU=0.50:0.95 | area=   all | maxDets=100 ] = 0.334
 Average Recall     (AR) @[ IoU=0.50:0.95 | area= small | maxDets=100 ] = 0.099
 Average Recall     (AR) @[ IoU=0.50:0.95 | area=medium | maxDets=100 ] = 0.344
 Average Recall     (AR) @[ IoU=0.50:0.95 | area= large | maxDets=100 ] = 0.475
sweep 63/96: alpha=2.0, beta=1.0, threshold=0.05, top_k=20, nms=0.6
creating index...
index created!
Loading and preparing results...
DONE (t=0.01s)
creating index...
index created!
Running per image evaluation...
Evaluate annotation type *bbox*
DONE (t=1.10s).
Accumulating evaluation results...
DONE (t=0.43s).
 Average Precision  (AP) @[ IoU=0.50:0.95 | area=   all | maxDets=100 ] = 0.231
 Average Precision  (AP) @[ IoU=0.50      | area=   all | maxDets=100 ] = 0.337
 Average Precision  (AP) @[ IoU=0.75      | area=   all | maxDets=100 ] = 0.254
 Average Precision  (AP) @[ IoU=0.50:0.95 | area= small | maxDets=100 ] = 0.075
 Average Precision  (AP) @[ IoU=0.50:0.95 | area=medium | maxDets=100 ] = 0.257
 Average Precision  (AP) @[ IoU=0.50:0.95 | area= large | maxDets=100 ] = 0.318
 Average Recall     (AR) @[ IoU=0.50:0.95 | area=   all | maxDets=  1 ] = 0.234
 Average Recall     (AR) @[ IoU=0.50:0.95 | area=   all | maxDets= 10 ] = 0.328
 Average Recall     (AR) @[ IoU=0.50:0.95 | area=   all | maxDets=100 ] = 0.331
 Average Recall     (AR) @[ IoU=0.50:0.95 | area= small | maxDets=100 ] = 0.098
 Average Recall     (AR) @[ IoU=0.50:0.95 | area=medium | maxDets=100 ] = 0.338
 Average Recall     (AR) @[ IoU=0.50:0.95 | area= large | maxDets=100 ] = 0.476
sweep 64/96: alpha=2.0, beta=1.0, threshold=0.05, top_k=50, nms=0.4
creating index...
index created!
Loading and preparing results...
DONE (t=0.01s)
creating index...
index created!
Running per image evaluation...
Evaluate annotation type *bbox*
DONE (t=1.48s).
Accumulating evaluation results...
DONE (t=0.54s).
 Average Precision  (AP) @[ IoU=0.50:0.95 | area=   all | maxDets=100 ] = 0.240
 Average Precision  (AP) @[ IoU=0.50      | area=   all | maxDets=100 ] = 0.363
 Average Precision  (AP) @[ IoU=0.75      | area=   all | maxDets=100 ] = 0.259
 Average Precision  (AP) @[ IoU=0.50:0.95 | area= small | maxDets=100 ] = 0.088
 Average Precision  (AP) @[ IoU=0.50:0.95 | area=medium | maxDets=100 ] = 0.265
 Average Precision  (AP) @[ IoU=0.50:0.95 | area= large | maxDets=100 ] = 0.323
 Average Recall     (AR) @[ IoU=0.50:0.95 | area=   all | maxDets=  1 ] = 0.244
 Average Recall     (AR) @[ IoU=0.50:0.95 | area=   all | maxDets= 10 ] = 0.355
 Average Recall     (AR) @[ IoU=0.50:0.95 | area=   all | maxDets=100 ] = 0.361
 Average Recall     (AR) @[ IoU=0.50:0.95 | area= small | maxDets=100 ] = 0.131
 Average Recall     (AR) @[ IoU=0.50:0.95 | area=medium | maxDets=100 ] = 0.386
 Average Recall     (AR) @[ IoU=0.50:0.95 | area= large | maxDets=100 ] = 0.483
sweep 65/96: alpha=2.0, beta=1.0, threshold=0.05, top_k=50, nms=0.5
creating index...
index created!
Loading and preparing results...
DONE (t=0.11s)
creating index...
index created!
Running per image evaluation...
Evaluate annotation type *bbox*
DONE (t=1.43s).
Accumulating evaluation results...
DONE (t=0.55s).
 Average Precision  (AP) @[ IoU=0.50:0.95 | area=   all | maxDets=100 ] = 0.241
 Average Precision  (AP) @[ IoU=0.50      | area=   all | maxDets=100 ] = 0.361
 Average Precision  (AP) @[ IoU=0.75      | area=   all | maxDets=100 ] = 0.260
 Average Precision  (AP) @[ IoU=0.50:0.95 | area= small | maxDets=100 ] = 0.087
 Average Precision  (AP) @[ IoU=0.50:0.95 | area=medium | maxDets=100 ] = 0.271
 Average Precision  (AP) @[ IoU=0.50:0.95 | area= large | maxDets=100 ] = 0.325
 Average Recall     (AR) @[ IoU=0.50:0.95 | area=   all | maxDets=  1 ] = 0.243
 Average Recall     (AR) @[ IoU=0.50:0.95 | area=   all | maxDets= 10 ] = 0.359
 Average Recall     (AR) @[ IoU=0.50:0.95 | area=   all | maxDets=100 ] = 0.369
 Average Recall     (AR) @[ IoU=0.50:0.95 | area= small | maxDets=100 ] = 0.130
 Average Recall     (AR) @[ IoU=0.50:0.95 | area=medium | maxDets=100 ] = 0.400
 Average Recall     (AR) @[ IoU=0.50:0.95 | area= large | maxDets=100 ] = 0.499
sweep 66/96: alpha=2.0, beta=1.0, threshold=0.05, top_k=50, nms=0.6
creating index...
index created!
Loading and preparing results...
DONE (t=0.02s)
creating index...
index created!
Running per image evaluation...
Evaluate annotation type *bbox*
DONE (t=1.57s).
Accumulating evaluation results...
DONE (t=0.55s).
 Average Precision  (AP) @[ IoU=0.50:0.95 | area=   all | maxDets=100 ] = 0.239
 Average Precision  (AP) @[ IoU=0.50      | area=   all | maxDets=100 ] = 0.352
 Average Precision  (AP) @[ IoU=0.75      | area=   all | maxDets=100 ] = 0.260
 Average Precision  (AP) @[ IoU=0.50:0.95 | area= small | maxDets=100 ] = 0.088
 Average Precision  (AP) @[ IoU=0.50:0.95 | area=medium | maxDets=100 ] = 0.270
 Average Precision  (AP) @[ IoU=0.50:0.95 | area= large | maxDets=100 ] = 0.321
 Average Recall     (AR) @[ IoU=0.50:0.95 | area=   all | maxDets=  1 ] = 0.242
 Average Recall     (AR) @[ IoU=0.50:0.95 | area=   all | maxDets= 10 ] = 0.362
 Average Recall     (AR) @[ IoU=0.50:0.95 | area=   all | maxDets=100 ] = 0.374
 Average Recall     (AR) @[ IoU=0.50:0.95 | area= small | maxDets=100 ] = 0.133
 Average Recall     (AR) @[ IoU=0.50:0.95 | area=medium | maxDets=100 ] = 0.402
 Average Recall     (AR) @[ IoU=0.50:0.95 | area= large | maxDets=100 ] = 0.507
sweep 67/96: alpha=2.0, beta=1.0, threshold=0.05, top_k=100, nms=0.4
creating index...
index created!
Loading and preparing results...
DONE (t=0.02s)
creating index...
index created!
Running per image evaluation...
Evaluate annotation type *bbox*
DONE (t=1.76s).
Accumulating evaluation results...
DONE (t=0.59s).
 Average Precision  (AP) @[ IoU=0.50:0.95 | area=   all | maxDets=100 ] = 0.241
 Average Precision  (AP) @[ IoU=0.50      | area=   all | maxDets=100 ] = 0.365
 Average Precision  (AP) @[ IoU=0.75      | area=   all | maxDets=100 ] = 0.260
 Average Precision  (AP) @[ IoU=0.50:0.95 | area= small | maxDets=100 ] = 0.089
 Average Precision  (AP) @[ IoU=0.50:0.95 | area=medium | maxDets=100 ] = 0.266
 Average Precision  (AP) @[ IoU=0.50:0.95 | area= large | maxDets=100 ] = 0.324
 Average Recall     (AR) @[ IoU=0.50:0.95 | area=   all | maxDets=  1 ] = 0.245
 Average Recall     (AR) @[ IoU=0.50:0.95 | area=   all | maxDets= 10 ] = 0.360
 Average Recall     (AR) @[ IoU=0.50:0.95 | area=   all | maxDets=100 ] = 0.370
 Average Recall     (AR) @[ IoU=0.50:0.95 | area= small | maxDets=100 ] = 0.141
 Average Recall     (AR) @[ IoU=0.50:0.95 | area=medium | maxDets=100 ] = 0.396
 Average Recall     (AR) @[ IoU=0.50:0.95 | area= large | maxDets=100 ] = 0.487
sweep 68/96: alpha=2.0, beta=1.0, threshold=0.05, top_k=100, nms=0.5
creating index...
index created!
Loading and preparing results...
DONE (t=0.02s)
creating index...
index created!
Running per image evaluation...
Evaluate annotation type *bbox*
DONE (t=1.92s).
Accumulating evaluation results...
DONE (t=0.61s).
 Average Precision  (AP) @[ IoU=0.50:0.95 | area=   all | maxDets=100 ] = 0.242
 Average Precision  (AP) @[ IoU=0.50      | area=   all | maxDets=100 ] = 0.364
 Average Precision  (AP) @[ IoU=0.75      | area=   all | maxDets=100 ] = 0.260
 Average Precision  (AP) @[ IoU=0.50:0.95 | area= small | maxDets=100 ] = 0.089
 Average Precision  (AP) @[ IoU=0.50:0.95 | area=medium | maxDets=100 ] = 0.273
 Average Precision  (AP) @[ IoU=0.50:0.95 | area= large | maxDets=100 ] = 0.325
 Average Recall     (AR) @[ IoU=0.50:0.95 | area=   all | maxDets=  1 ] = 0.245
 Average Recall     (AR) @[ IoU=0.50:0.95 | area=   all | maxDets= 10 ] = 0.367
 Average Recall     (AR) @[ IoU=0.50:0.95 | area=   all | maxDets=100 ] = 0.381
 Average Recall     (AR) @[ IoU=0.50:0.95 | area= small | maxDets=100 ] = 0.141
 Average Recall     (AR) @[ IoU=0.50:0.95 | area=medium | maxDets=100 ] = 0.416
 Average Recall     (AR) @[ IoU=0.50:0.95 | area= large | maxDets=100 ] = 0.503
sweep 69/96: alpha=2.0, beta=1.0, threshold=0.05, top_k=100, nms=0.6
creating index...
index created!
Loading and preparing results...
DONE (t=0.13s)
creating index...
index created!
Running per image evaluation...
Evaluate annotation type *bbox*
DONE (t=2.03s).
Accumulating evaluation results...
DONE (t=0.63s).
 Average Precision  (AP) @[ IoU=0.50:0.95 | area=   all | maxDets=100 ] = 0.240
 Average Precision  (AP) @[ IoU=0.50      | area=   all | maxDets=100 ] = 0.355
 Average Precision  (AP) @[ IoU=0.75      | area=   all | maxDets=100 ] = 0.262
 Average Precision  (AP) @[ IoU=0.50:0.95 | area= small | maxDets=100 ] = 0.091
 Average Precision  (AP) @[ IoU=0.50:0.95 | area=medium | maxDets=100 ] = 0.272
 Average Precision  (AP) @[ IoU=0.50:0.95 | area= large | maxDets=100 ] = 0.322
 Average Recall     (AR) @[ IoU=0.50:0.95 | area=   all | maxDets=  1 ] = 0.244
 Average Recall     (AR) @[ IoU=0.50:0.95 | area=   all | maxDets= 10 ] = 0.372
 Average Recall     (AR) @[ IoU=0.50:0.95 | area=   all | maxDets=100 ] = 0.390
 Average Recall     (AR) @[ IoU=0.50:0.95 | area= small | maxDets=100 ] = 0.148
 Average Recall     (AR) @[ IoU=0.50:0.95 | area=medium | maxDets=100 ] = 0.423
 Average Recall     (AR) @[ IoU=0.50:0.95 | area= large | maxDets=100 ] = 0.518
sweep 70/96: alpha=2.0, beta=1.0, threshold=0.05, top_k=200, nms=0.4
creating index...
index created!
Loading and preparing results...
DONE (t=0.11s)
creating index...
index created!
Running per image evaluation...
Evaluate annotation type *bbox*
DONE (t=1.73s).
Accumulating evaluation results...
DONE (t=0.60s).
 Average Precision  (AP) @[ IoU=0.50:0.95 | area=   all | maxDets=100 ] = 0.241
 Average Precision  (AP) @[ IoU=0.50      | area=   all | maxDets=100 ] = 0.365
 Average Precision  (AP) @[ IoU=0.75      | area=   all | maxDets=100 ] = 0.260
 Average Precision  (AP) @[ IoU=0.50:0.95 | area= small | maxDets=100 ] = 0.089
 Average Precision  (AP) @[ IoU=0.50:0.95 | area=medium | maxDets=100 ] = 0.266
 Average Precision  (AP) @[ IoU=0.50:0.95 | area= large | maxDets=100 ] = 0.324
 Average Recall     (AR) @[ IoU=0.50:0.95 | area=   all | maxDets=  1 ] = 0.246
 Average Recall     (AR) @[ IoU=0.50:0.95 | area=   all | maxDets= 10 ] = 0.361
 Average Recall     (AR) @[ IoU=0.50:0.95 | area=   all | maxDets=100 ] = 0.372
 Average Recall     (AR) @[ IoU=0.50:0.95 | area= small | maxDets=100 ] = 0.143
 Average Recall     (AR) @[ IoU=0.50:0.95 | area=medium | maxDets=100 ] = 0.401
 Average Recall     (AR) @[ IoU=0.50:0.95 | area= large | maxDets=100 ] = 0.487
sweep 71/96: alpha=2.0, beta=1.0, threshold=0.05, top_k=200, nms=0.5
creating index...
index created!
Loading and preparing results...
DONE (t=0.11s)
creating index...
index created!
Running per image evaluation...
Evaluate annotation type *bbox*
DONE (t=2.11s).
Accumulating evaluation results...
DONE (t=0.64s).
 Average Precision  (AP) @[ IoU=0.50:0.95 | area=   all | maxDets=100 ] = 0.242
 Average Precision  (AP) @[ IoU=0.50      | area=   all | maxDets=100 ] = 0.365
 Average Precision  (AP) @[ IoU=0.75      | area=   all | maxDets=100 ] = 0.261
 Average Precision  (AP) @[ IoU=0.50:0.95 | area= small | maxDets=100 ] = 0.090
 Average Precision  (AP) @[ IoU=0.50:0.95 | area=medium | maxDets=100 ] = 0.274
 Average Precision  (AP) @[ IoU=0.50:0.95 | area= large | maxDets=100 ] = 0.325
 Average Recall     (AR) @[ IoU=0.50:0.95 | area=   all | maxDets=  1 ] = 0.246
 Average Recall     (AR) @[ IoU=0.50:0.95 | area=   all | maxDets= 10 ] = 0.370
 Average Recall     (AR) @[ IoU=0.50:0.95 | area=   all | maxDets=100 ] = 0.385
 Average Recall     (AR) @[ IoU=0.50:0.95 | area= small | maxDets=100 ] = 0.148
 Average Recall     (AR) @[ IoU=0.50:0.95 | area=medium | maxDets=100 ] = 0.423
 Average Recall     (AR) @[ IoU=0.50:0.95 | area= large | maxDets=100 ] = 0.503
sweep 72/96: alpha=2.0, beta=1.0, threshold=0.05, top_k=200, nms=0.6
creating index...
index created!
Loading and preparing results...
DONE (t=0.13s)
creating index...
index created!
Running per image evaluation...
Evaluate annotation type *bbox*
DONE (t=2.22s).
Accumulating evaluation results...
DONE (t=0.67s).
 Average Precision  (AP) @[ IoU=0.50:0.95 | area=   all | maxDets=100 ] = 0.241
 Average Precision  (AP) @[ IoU=0.50      | area=   all | maxDets=100 ] = 0.357
 Average Precision  (AP) @[ IoU=0.75      | area=   all | maxDets=100 ] = 0.262
 Average Precision  (AP) @[ IoU=0.50:0.95 | area= small | maxDets=100 ] = 0.093
 Average Precision  (AP) @[ IoU=0.50:0.95 | area=medium | maxDets=100 ] = 0.273
 Average Precision  (AP) @[ IoU=0.50:0.95 | area= large | maxDets=100 ] = 0.322
 Average Recall     (AR) @[ IoU=0.50:0.95 | area=   all | maxDets=  1 ] = 0.245
 Average Recall     (AR) @[ IoU=0.50:0.95 | area=   all | maxDets= 10 ] = 0.377
 Average Recall     (AR) @[ IoU=0.50:0.95 | area=   all | maxDets=100 ] = 0.399
 Average Recall     (AR) @[ IoU=0.50:0.95 | area= small | maxDets=100 ] = 0.158
 Average Recall     (AR) @[ IoU=0.50:0.95 | area=medium | maxDets=100 ] = 0.433
 Average Recall     (AR) @[ IoU=0.50:0.95 | area= large | maxDets=100 ] = 0.519
sweep 73/96: alpha=2.0, beta=1.0, threshold=0.1, top_k=20, nms=0.4
creating index...
index created!
Loading and preparing results...
DONE (t=0.09s)
creating index...
index created!
Running per image evaluation...
Evaluate annotation type *bbox*
DONE (t=0.90s).
Accumulating evaluation results...
DONE (t=0.43s).
 Average Precision  (AP) @[ IoU=0.50:0.95 | area=   all | maxDets=100 ] = 0.235
 Average Precision  (AP) @[ IoU=0.50      | area=   all | maxDets=100 ] = 0.350
 Average Precision  (AP) @[ IoU=0.75      | area=   all | maxDets=100 ] = 0.255
 Average Precision  (AP) @[ IoU=0.50:0.95 | area= small | maxDets=100 ] = 0.078
 Average Precision  (AP) @[ IoU=0.50:0.95 | area=medium | maxDets=100 ] = 0.256
 Average Precision  (AP) @[ IoU=0.50:0.95 | area= large | maxDets=100 ] = 0.321
 Average Recall     (AR) @[ IoU=0.50:0.95 | area=   all | maxDets=  1 ] = 0.238
 Average Recall     (AR) @[ IoU=0.50:0.95 | area=   all | maxDets= 10 ] = 0.327
 Average Recall     (AR) @[ IoU=0.50:0.95 | area=   all | maxDets=100 ] = 0.329
 Average Recall     (AR) @[ IoU=0.50:0.95 | area= small | maxDets=100 ] = 0.101
 Average Recall     (AR) @[ IoU=0.50:0.95 | area=medium | maxDets=100 ] = 0.339
 Average Recall     (AR) @[ IoU=0.50:0.95 | area= large | maxDets=100 ] = 0.458
sweep 74/96: alpha=2.0, beta=1.0, threshold=0.1, top_k=20, nms=0.5
creating index...
index created!
Loading and preparing results...
DONE (t=0.01s)
creating index...
index created!
Running per image evaluation...
Evaluate annotation type *bbox*
DONE (t=1.02s).
Accumulating evaluation results...
DONE (t=0.42s).
 Average Precision  (AP) @[ IoU=0.50:0.95 | area=   all | maxDets=100 ] = 0.234
 Average Precision  (AP) @[ IoU=0.50      | area=   all | maxDets=100 ] = 0.348
 Average Precision  (AP) @[ IoU=0.75      | area=   all | maxDets=100 ] = 0.254
 Average Precision  (AP) @[ IoU=0.50:0.95 | area= small | maxDets=100 ] = 0.075
 Average Precision  (AP) @[ IoU=0.50:0.95 | area=medium | maxDets=100 ] = 0.260
 Average Precision  (AP) @[ IoU=0.50:0.95 | area= large | maxDets=100 ] = 0.322
 Average Recall     (AR) @[ IoU=0.50:0.95 | area=   all | maxDets=  1 ] = 0.236
 Average Recall     (AR) @[ IoU=0.50:0.95 | area=   all | maxDets= 10 ] = 0.330
 Average Recall     (AR) @[ IoU=0.50:0.95 | area=   all | maxDets=100 ] = 0.332
 Average Recall     (AR) @[ IoU=0.50:0.95 | area= small | maxDets=100 ] = 0.099
 Average Recall     (AR) @[ IoU=0.50:0.95 | area=medium | maxDets=100 ] = 0.343
 Average Recall     (AR) @[ IoU=0.50:0.95 | area= large | maxDets=100 ] = 0.469
sweep 75/96: alpha=2.0, beta=1.0, threshold=0.1, top_k=20, nms=0.6
creating index...
index created!
Loading and preparing results...
DONE (t=0.01s)
creating index...
index created!
Running per image evaluation...
Evaluate annotation type *bbox*
DONE (t=1.06s).
Accumulating evaluation results...
DONE (t=0.42s).
 Average Precision  (AP) @[ IoU=0.50:0.95 | area=   all | maxDets=100 ] = 0.231
 Average Precision  (AP) @[ IoU=0.50      | area=   all | maxDets=100 ] = 0.337
 Average Precision  (AP) @[ IoU=0.75      | area=   all | maxDets=100 ] = 0.254
 Average Precision  (AP) @[ IoU=0.50:0.95 | area= small | maxDets=100 ] = 0.075
 Average Precision  (AP) @[ IoU=0.50:0.95 | area=medium | maxDets=100 ] = 0.257
 Average Precision  (AP) @[ IoU=0.50:0.95 | area= large | maxDets=100 ] = 0.318
 Average Recall     (AR) @[ IoU=0.50:0.95 | area=   all | maxDets=  1 ] = 0.234
 Average Recall     (AR) @[ IoU=0.50:0.95 | area=   all | maxDets= 10 ] = 0.327
 Average Recall     (AR) @[ IoU=0.50:0.95 | area=   all | maxDets=100 ] = 0.330
 Average Recall     (AR) @[ IoU=0.50:0.95 | area= small | maxDets=100 ] = 0.097
 Average Recall     (AR) @[ IoU=0.50:0.95 | area=medium | maxDets=100 ] = 0.337
 Average Recall     (AR) @[ IoU=0.50:0.95 | area= large | maxDets=100 ] = 0.474
sweep 76/96: alpha=2.0, beta=1.0, threshold=0.1, top_k=50, nms=0.4
creating index...
index created!
Loading and preparing results...
DONE (t=0.01s)
creating index...
index created!
Running per image evaluation...
Evaluate annotation type *bbox*
DONE (t=1.29s).
Accumulating evaluation results...
DONE (t=0.48s).
 Average Precision  (AP) @[ IoU=0.50:0.95 | area=   all | maxDets=100 ] = 0.240
 Average Precision  (AP) @[ IoU=0.50      | area=   all | maxDets=100 ] = 0.361
 Average Precision  (AP) @[ IoU=0.75      | area=   all | maxDets=100 ] = 0.259
 Average Precision  (AP) @[ IoU=0.50:0.95 | area= small | maxDets=100 ] = 0.087
 Average Precision  (AP) @[ IoU=0.50:0.95 | area=medium | maxDets=100 ] = 0.264
 Average Precision  (AP) @[ IoU=0.50:0.95 | area= large | maxDets=100 ] = 0.322
 Average Recall     (AR) @[ IoU=0.50:0.95 | area=   all | maxDets=  1 ] = 0.241
 Average Recall     (AR) @[ IoU=0.50:0.95 | area=   all | maxDets= 10 ] = 0.348
 Average Recall     (AR) @[ IoU=0.50:0.95 | area=   all | maxDets=100 ] = 0.354
 Average Recall     (AR) @[ IoU=0.50:0.95 | area= small | maxDets=100 ] = 0.126
 Average Recall     (AR) @[ IoU=0.50:0.95 | area=medium | maxDets=100 ] = 0.372
 Average Recall     (AR) @[ IoU=0.50:0.95 | area= large | maxDets=100 ] = 0.474
sweep 77/96: alpha=2.0, beta=1.0, threshold=0.1, top_k=50, nms=0.5
creating index...
index created!
Loading and preparing results...
DONE (t=0.01s)
creating index...
index created!
Running per image evaluation...
Evaluate annotation type *bbox*
DONE (t=1.25s).
Accumulating evaluation results...
DONE (t=0.48s).
 Average Precision  (AP) @[ IoU=0.50:0.95 | area=   all | maxDets=100 ] = 0.240
 Average Precision  (AP) @[ IoU=0.50      | area=   all | maxDets=100 ] = 0.359
 Average Precision  (AP) @[ IoU=0.75      | area=   all | maxDets=100 ] = 0.259
 Average Precision  (AP) @[ IoU=0.50:0.95 | area= small | maxDets=100 ] = 0.087
 Average Precision  (AP) @[ IoU=0.50:0.95 | area=medium | maxDets=100 ] = 0.270
 Average Precision  (AP) @[ IoU=0.50:0.95 | area= large | maxDets=100 ] = 0.324
 Average Recall     (AR) @[ IoU=0.50:0.95 | area=   all | maxDets=  1 ] = 0.241
 Average Recall     (AR) @[ IoU=0.50:0.95 | area=   all | maxDets= 10 ] = 0.353
 Average Recall     (AR) @[ IoU=0.50:0.95 | area=   all | maxDets=100 ] = 0.362
 Average Recall     (AR) @[ IoU=0.50:0.95 | area= small | maxDets=100 ] = 0.127
 Average Recall     (AR) @[ IoU=0.50:0.95 | area=medium | maxDets=100 ] = 0.386
 Average Recall     (AR) @[ IoU=0.50:0.95 | area= large | maxDets=100 ] = 0.487
sweep 78/96: alpha=2.0, beta=1.0, threshold=0.1, top_k=50, nms=0.6
creating index...
index created!
Loading and preparing results...
DONE (t=0.01s)
creating index...
index created!
Running per image evaluation...
Evaluate annotation type *bbox*
DONE (t=1.41s).
Accumulating evaluation results...
DONE (t=0.50s).
 Average Precision  (AP) @[ IoU=0.50:0.95 | area=   all | maxDets=100 ] = 0.238
 Average Precision  (AP) @[ IoU=0.50      | area=   all | maxDets=100 ] = 0.351
 Average Precision  (AP) @[ IoU=0.75      | area=   all | maxDets=100 ] = 0.260
 Average Precision  (AP) @[ IoU=0.50:0.95 | area= small | maxDets=100 ] = 0.087
 Average Precision  (AP) @[ IoU=0.50:0.95 | area=medium | maxDets=100 ] = 0.269
 Average Precision  (AP) @[ IoU=0.50:0.95 | area= large | maxDets=100 ] = 0.321
 Average Recall     (AR) @[ IoU=0.50:0.95 | area=   all | maxDets=  1 ] = 0.240
 Average Recall     (AR) @[ IoU=0.50:0.95 | area=   all | maxDets= 10 ] = 0.357
 Average Recall     (AR) @[ IoU=0.50:0.95 | area=   all | maxDets=100 ] = 0.368
 Average Recall     (AR) @[ IoU=0.50:0.95 | area= small | maxDets=100 ] = 0.129
 Average Recall     (AR) @[ IoU=0.50:0.95 | area=medium | maxDets=100 ] = 0.392
 Average Recall     (AR) @[ IoU=0.50:0.95 | area= large | maxDets=100 ] = 0.498
sweep 79/96: alpha=2.0, beta=1.0, threshold=0.1, top_k=100, nms=0.4
creating index...
index created!
Loading and preparing results...
DONE (t=0.01s)
creating index...
index created!
Running per image evaluation...
Evaluate annotation type *bbox*
DONE (t=1.39s).
Accumulating evaluation results...
DONE (t=0.49s).
 Average Precision  (AP) @[ IoU=0.50:0.95 | area=   all | maxDets=100 ] = 0.240
 Average Precision  (AP) @[ IoU=0.50      | area=   all | maxDets=100 ] = 0.362
 Average Precision  (AP) @[ IoU=0.75      | area=   all | maxDets=100 ] = 0.259
 Average Precision  (AP) @[ IoU=0.50:0.95 | area= small | maxDets=100 ] = 0.088
 Average Precision  (AP) @[ IoU=0.50:0.95 | area=medium | maxDets=100 ] = 0.264
 Average Precision  (AP) @[ IoU=0.50:0.95 | area= large | maxDets=100 ] = 0.322
 Average Recall     (AR) @[ IoU=0.50:0.95 | area=   all | maxDets=  1 ] = 0.242
 Average Recall     (AR) @[ IoU=0.50:0.95 | area=   all | maxDets= 10 ] = 0.350
 Average Recall     (AR) @[ IoU=0.50:0.95 | area=   all | maxDets=100 ] = 0.358
 Average Recall     (AR) @[ IoU=0.50:0.95 | area= small | maxDets=100 ] = 0.132
 Average Recall     (AR) @[ IoU=0.50:0.95 | area=medium | maxDets=100 ] = 0.376
 Average Recall     (AR) @[ IoU=0.50:0.95 | area= large | maxDets=100 ] = 0.475
sweep 80/96: alpha=2.0, beta=1.0, threshold=0.1, top_k=100, nms=0.5
creating index...
index created!
Loading and preparing results...
DONE (t=0.01s)
creating index...
index created!
Running per image evaluation...
Evaluate annotation type *bbox*
DONE (t=1.55s).
Accumulating evaluation results...
DONE (t=0.52s).
 Average Precision  (AP) @[ IoU=0.50:0.95 | area=   all | maxDets=100 ] = 0.241
 Average Precision  (AP) @[ IoU=0.50      | area=   all | maxDets=100 ] = 0.362
 Average Precision  (AP) @[ IoU=0.75      | area=   all | maxDets=100 ] = 0.260
 Average Precision  (AP) @[ IoU=0.50:0.95 | area= small | maxDets=100 ] = 0.088
 Average Precision  (AP) @[ IoU=0.50:0.95 | area=medium | maxDets=100 ] = 0.271
 Average Precision  (AP) @[ IoU=0.50:0.95 | area= large | maxDets=100 ] = 0.324
 Average Recall     (AR) @[ IoU=0.50:0.95 | area=   all | maxDets=  1 ] = 0.242
 Average Recall     (AR) @[ IoU=0.50:0.95 | area=   all | maxDets= 10 ] = 0.357
 Average Recall     (AR) @[ IoU=0.50:0.95 | area=   all | maxDets=100 ] = 0.369
 Average Recall     (AR) @[ IoU=0.50:0.95 | area= small | maxDets=100 ] = 0.134
 Average Recall     (AR) @[ IoU=0.50:0.95 | area=medium | maxDets=100 ] = 0.395
 Average Recall     (AR) @[ IoU=0.50:0.95 | area= large | maxDets=100 ] = 0.488
sweep 81/96: alpha=2.0, beta=1.0, threshold=0.1, top_k=100, nms=0.6
creating index...
index created!
Loading and preparing results...
DONE (t=0.10s)
creating index...
index created!
Running per image evaluation...
Evaluate annotation type *bbox*
DONE (t=1.61s).
Accumulating evaluation results...
DONE (t=0.53s).
 Average Precision  (AP) @[ IoU=0.50:0.95 | area=   all | maxDets=100 ] = 0.239
 Average Precision  (AP) @[ IoU=0.50      | area=   all | maxDets=100 ] = 0.354
 Average Precision  (AP) @[ IoU=0.75      | area=   all | maxDets=100 ] = 0.261
 Average Precision  (AP) @[ IoU=0.50:0.95 | area= small | maxDets=100 ] = 0.090
 Average Precision  (AP) @[ IoU=0.50:0.95 | area=medium | maxDets=100 ] = 0.271
 Average Precision  (AP) @[ IoU=0.50:0.95 | area= large | maxDets=100 ] = 0.321
 Average Recall     (AR) @[ IoU=0.50:0.95 | area=   all | maxDets=  1 ] = 0.241
 Average Recall     (AR) @[ IoU=0.50:0.95 | area=   all | maxDets= 10 ] = 0.363
 Average Recall     (AR) @[ IoU=0.50:0.95 | area=   all | maxDets=100 ] = 0.379
 Average Recall     (AR) @[ IoU=0.50:0.95 | area= small | maxDets=100 ] = 0.139
 Average Recall     (AR) @[ IoU=0.50:0.95 | area=medium | maxDets=100 ] = 0.404
 Average Recall     (AR) @[ IoU=0.50:0.95 | area= large | maxDets=100 ] = 0.501
sweep 82/96: alpha=2.0, beta=1.0, threshold=0.1, top_k=200, nms=0.4
creating index...
index created!
Loading and preparing results...
DONE (t=0.01s)
creating index...
index created!
Running per image evaluation...
Evaluate annotation type *bbox*
DONE (t=1.42s).
Accumulating evaluation results...
DONE (t=0.49s).
 Average Precision  (AP) @[ IoU=0.50:0.95 | area=   all | maxDets=100 ] = 0.240
 Average Precision  (AP) @[ IoU=0.50      | area=   all | maxDets=100 ] = 0.362
 Average Precision  (AP) @[ IoU=0.75      | area=   all | maxDets=100 ] = 0.260
 Average Precision  (AP) @[ IoU=0.50:0.95 | area= small | maxDets=100 ] = 0.088
 Average Precision  (AP) @[ IoU=0.50:0.95 | area=medium | maxDets=100 ] = 0.265
 Average Precision  (AP) @[ IoU=0.50:0.95 | area= large | maxDets=100 ] = 0.322
 Average Recall     (AR) @[ IoU=0.50:0.95 | area=   all | maxDets=  1 ] = 0.243
 Average Recall     (AR) @[ IoU=0.50:0.95 | area=   all | maxDets= 10 ] = 0.351
 Average Recall     (AR) @[ IoU=0.50:0.95 | area=   all | maxDets=100 ] = 0.359
 Average Recall     (AR) @[ IoU=0.50:0.95 | area= small | maxDets=100 ] = 0.132
 Average Recall     (AR) @[ IoU=0.50:0.95 | area=medium | maxDets=100 ] = 0.379
 Average Recall     (AR) @[ IoU=0.50:0.95 | area= large | maxDets=100 ] = 0.475
sweep 83/96: alpha=2.0, beta=1.0, threshold=0.1, top_k=200, nms=0.5
creating index...
index created!
Loading and preparing results...
DONE (t=0.10s)
creating index...
index created!
Running per image evaluation...
Evaluate annotation type *bbox*
DONE (t=1.48s).
Accumulating evaluation results...
DONE (t=0.51s).
 Average Precision  (AP) @[ IoU=0.50:0.95 | area=   all | maxDets=100 ] = 0.241
 Average Precision  (AP) @[ IoU=0.50      | area=   all | maxDets=100 ] = 0.362
 Average Precision  (AP) @[ IoU=0.75      | area=   all | maxDets=100 ] = 0.260
 Average Precision  (AP) @[ IoU=0.50:0.95 | area= small | maxDets=100 ] = 0.088
 Average Precision  (AP) @[ IoU=0.50:0.95 | area=medium | maxDets=100 ] = 0.272
 Average Precision  (AP) @[ IoU=0.50:0.95 | area= large | maxDets=100 ] = 0.324
 Average Recall     (AR) @[ IoU=0.50:0.95 | area=   all | maxDets=  1 ] = 0.243
 Average Recall     (AR) @[ IoU=0.50:0.95 | area=   all | maxDets= 10 ] = 0.359
 Average Recall     (AR) @[ IoU=0.50:0.95 | area=   all | maxDets=100 ] = 0.371
 Average Recall     (AR) @[ IoU=0.50:0.95 | area= small | maxDets=100 ] = 0.136
 Average Recall     (AR) @[ IoU=0.50:0.95 | area=medium | maxDets=100 ] = 0.399
 Average Recall     (AR) @[ IoU=0.50:0.95 | area= large | maxDets=100 ] = 0.488
sweep 84/96: alpha=2.0, beta=1.0, threshold=0.1, top_k=200, nms=0.6
creating index...
index created!
Loading and preparing results...
DONE (t=0.02s)
creating index...
index created!
Running per image evaluation...
Evaluate annotation type *bbox*
DONE (t=1.80s).
Accumulating evaluation results...
DONE (t=0.54s).
 Average Precision  (AP) @[ IoU=0.50:0.95 | area=   all | maxDets=100 ] = 0.239
 Average Precision  (AP) @[ IoU=0.50      | area=   all | maxDets=100 ] = 0.354
 Average Precision  (AP) @[ IoU=0.75      | area=   all | maxDets=100 ] = 0.261
 Average Precision  (AP) @[ IoU=0.50:0.95 | area= small | maxDets=100 ] = 0.091
 Average Precision  (AP) @[ IoU=0.50:0.95 | area=medium | maxDets=100 ] = 0.271
 Average Precision  (AP) @[ IoU=0.50:0.95 | area= large | maxDets=100 ] = 0.321
 Average Recall     (AR) @[ IoU=0.50:0.95 | area=   all | maxDets=  1 ] = 0.242
 Average Recall     (AR) @[ IoU=0.50:0.95 | area=   all | maxDets= 10 ] = 0.364
 Average Recall     (AR) @[ IoU=0.50:0.95 | area=   all | maxDets=100 ] = 0.381
 Average Recall     (AR) @[ IoU=0.50:0.95 | area= small | maxDets=100 ] = 0.143
 Average Recall     (AR) @[ IoU=0.50:0.95 | area=medium | maxDets=100 ] = 0.406
 Average Recall     (AR) @[ IoU=0.50:0.95 | area= large | maxDets=100 ] = 0.502
sweep 85/96: alpha=2.0, beta=1.0, threshold=0.2, top_k=20, nms=0.4
creating index...
index created!
Loading and preparing results...
DONE (t=0.01s)
creating index...
index created!
Running per image evaluation...
Evaluate annotation type *bbox*
DONE (t=0.88s).
Accumulating evaluation results...
DONE (t=0.38s).
 Average Precision  (AP) @[ IoU=0.50:0.95 | area=   all | maxDets=100 ] = 0.233
 Average Precision  (AP) @[ IoU=0.50      | area=   all | maxDets=100 ] = 0.345
 Average Precision  (AP) @[ IoU=0.75      | area=   all | maxDets=100 ] = 0.254
 Average Precision  (AP) @[ IoU=0.50:0.95 | area= small | maxDets=100 ] = 0.073
 Average Precision  (AP) @[ IoU=0.50:0.95 | area=medium | maxDets=100 ] = 0.253
 Average Precision  (AP) @[ IoU=0.50:0.95 | area= large | maxDets=100 ] = 0.319
 Average Recall     (AR) @[ IoU=0.50:0.95 | area=   all | maxDets=  1 ] = 0.234
 Average Recall     (AR) @[ IoU=0.50:0.95 | area=   all | maxDets= 10 ] = 0.316
 Average Recall     (AR) @[ IoU=0.50:0.95 | area=   all | maxDets=100 ] = 0.317
 Average Recall     (AR) @[ IoU=0.50:0.95 | area= small | maxDets=100 ] = 0.092
 Average Recall     (AR) @[ IoU=0.50:0.95 | area=medium | maxDets=100 ] = 0.326
 Average Recall     (AR) @[ IoU=0.50:0.95 | area= large | maxDets=100 ] = 0.439
sweep 86/96: alpha=2.0, beta=1.0, threshold=0.2, top_k=20, nms=0.5
creating index...
index created!
Loading and preparing results...
DONE (t=0.09s)
creating index...
index created!
Running per image evaluation...
Evaluate annotation type *bbox*
DONE (t=0.82s).
Accumulating evaluation results...
DONE (t=0.38s).
 Average Precision  (AP) @[ IoU=0.50:0.95 | area=   all | maxDets=100 ] = 0.232
 Average Precision  (AP) @[ IoU=0.50      | area=   all | maxDets=100 ] = 0.343
 Average Precision  (AP) @[ IoU=0.75      | area=   all | maxDets=100 ] = 0.253
 Average Precision  (AP) @[ IoU=0.50:0.95 | area= small | maxDets=100 ] = 0.070
 Average Precision  (AP) @[ IoU=0.50:0.95 | area=medium | maxDets=100 ] = 0.258
 Average Precision  (AP) @[ IoU=0.50:0.95 | area= large | maxDets=100 ] = 0.320
 Average Recall     (AR) @[ IoU=0.50:0.95 | area=   all | maxDets=  1 ] = 0.233
 Average Recall     (AR) @[ IoU=0.50:0.95 | area=   all | maxDets= 10 ] = 0.320
 Average Recall     (AR) @[ IoU=0.50:0.95 | area=   all | maxDets=100 ] = 0.322
 Average Recall     (AR) @[ IoU=0.50:0.95 | area= small | maxDets=100 ] = 0.091
 Average Recall     (AR) @[ IoU=0.50:0.95 | area=medium | maxDets=100 ] = 0.333
 Average Recall     (AR) @[ IoU=0.50:0.95 | area= large | maxDets=100 ] = 0.456
sweep 87/96: alpha=2.0, beta=1.0, threshold=0.2, top_k=20, nms=0.6
creating index...
index created!
Loading and preparing results...
DONE (t=0.08s)
creating index...
index created!
Running per image evaluation...
Evaluate annotation type *bbox*
DONE (t=0.83s).
Accumulating evaluation results...
DONE (t=0.39s).
 Average Precision  (AP) @[ IoU=0.50:0.95 | area=   all | maxDets=100 ] = 0.230
 Average Precision  (AP) @[ IoU=0.50      | area=   all | maxDets=100 ] = 0.334
 Average Precision  (AP) @[ IoU=0.75      | area=   all | maxDets=100 ] = 0.253
 Average Precision  (AP) @[ IoU=0.50:0.95 | area= small | maxDets=100 ] = 0.071
 Average Precision  (AP) @[ IoU=0.50:0.95 | area=medium | maxDets=100 ] = 0.256
 Average Precision  (AP) @[ IoU=0.50:0.95 | area= large | maxDets=100 ] = 0.316
 Average Recall     (AR) @[ IoU=0.50:0.95 | area=   all | maxDets=  1 ] = 0.232
 Average Recall     (AR) @[ IoU=0.50:0.95 | area=   all | maxDets= 10 ] = 0.320
 Average Recall     (AR) @[ IoU=0.50:0.95 | area=   all | maxDets=100 ] = 0.322
 Average Recall     (AR) @[ IoU=0.50:0.95 | area= small | maxDets=100 ] = 0.090
 Average Recall     (AR) @[ IoU=0.50:0.95 | area=medium | maxDets=100 ] = 0.332
 Average Recall     (AR) @[ IoU=0.50:0.95 | area= large | maxDets=100 ] = 0.460
sweep 88/96: alpha=2.0, beta=1.0, threshold=0.2, top_k=50, nms=0.4
creating index...
index created!
Loading and preparing results...
DONE (t=0.01s)
creating index...
index created!
Running per image evaluation...
Evaluate annotation type *bbox*
DONE (t=1.04s).
Accumulating evaluation results...
DONE (t=0.40s).
 Average Precision  (AP) @[ IoU=0.50:0.95 | area=   all | maxDets=100 ] = 0.235
 Average Precision  (AP) @[ IoU=0.50      | area=   all | maxDets=100 ] = 0.349
 Average Precision  (AP) @[ IoU=0.75      | area=   all | maxDets=100 ] = 0.256
 Average Precision  (AP) @[ IoU=0.50:0.95 | area= small | maxDets=100 ] = 0.076
 Average Precision  (AP) @[ IoU=0.50:0.95 | area=medium | maxDets=100 ] = 0.258
 Average Precision  (AP) @[ IoU=0.50:0.95 | area= large | maxDets=100 ] = 0.319
 Average Recall     (AR) @[ IoU=0.50:0.95 | area=   all | maxDets=  1 ] = 0.236
 Average Recall     (AR) @[ IoU=0.50:0.95 | area=   all | maxDets= 10 ] = 0.324
 Average Recall     (AR) @[ IoU=0.50:0.95 | area=   all | maxDets=100 ] = 0.328
 Average Recall     (AR) @[ IoU=0.50:0.95 | area= small | maxDets=100 ] = 0.100
 Average Recall     (AR) @[ IoU=0.50:0.95 | area=medium | maxDets=100 ] = 0.342
 Average Recall     (AR) @[ IoU=0.50:0.95 | area= large | maxDets=100 ] = 0.443
sweep 89/96: alpha=2.0, beta=1.0, threshold=0.2, top_k=50, nms=0.5
creating index...
index created!
Loading and preparing results...
DONE (t=0.01s)
creating index...
index created!
Running per image evaluation...
Evaluate annotation type *bbox*
DONE (t=0.99s).
Accumulating evaluation results...
DONE (t=0.41s).
 Average Precision  (AP) @[ IoU=0.50:0.95 | area=   all | maxDets=100 ] = 0.236
 Average Precision  (AP) @[ IoU=0.50      | area=   all | maxDets=100 ] = 0.350
 Average Precision  (AP) @[ IoU=0.75      | area=   all | maxDets=100 ] = 0.256
 Average Precision  (AP) @[ IoU=0.50:0.95 | area= small | maxDets=100 ] = 0.076
 Average Precision  (AP) @[ IoU=0.50:0.95 | area=medium | maxDets=100 ] = 0.265
 Average Precision  (AP) @[ IoU=0.50:0.95 | area= large | maxDets=100 ] = 0.320
 Average Recall     (AR) @[ IoU=0.50:0.95 | area=   all | maxDets=  1 ] = 0.235
 Average Recall     (AR) @[ IoU=0.50:0.95 | area=   all | maxDets= 10 ] = 0.330
 Average Recall     (AR) @[ IoU=0.50:0.95 | area=   all | maxDets=100 ] = 0.337
 Average Recall     (AR) @[ IoU=0.50:0.95 | area= small | maxDets=100 ] = 0.102
 Average Recall     (AR) @[ IoU=0.50:0.95 | area=medium | maxDets=100 ] = 0.353
 Average Recall     (AR) @[ IoU=0.50:0.95 | area= large | maxDets=100 ] = 0.464
sweep 90/96: alpha=2.0, beta=1.0, threshold=0.2, top_k=50, nms=0.6
creating index...
index created!
Loading and preparing results...
DONE (t=0.01s)
creating index...
index created!
Running per image evaluation...
Evaluate annotation type *bbox*
DONE (t=1.17s).
Accumulating evaluation results...
DONE (t=0.42s).
 Average Precision  (AP) @[ IoU=0.50:0.95 | area=   all | maxDets=100 ] = 0.234
 Average Precision  (AP) @[ IoU=0.50      | area=   all | maxDets=100 ] = 0.343
 Average Precision  (AP) @[ IoU=0.75      | area=   all | maxDets=100 ] = 0.257
 Average Precision  (AP) @[ IoU=0.50:0.95 | area= small | maxDets=100 ] = 0.078
 Average Precision  (AP) @[ IoU=0.50:0.95 | area=medium | maxDets=100 ] = 0.264
 Average Precision  (AP) @[ IoU=0.50:0.95 | area= large | maxDets=100 ] = 0.318
 Average Recall     (AR) @[ IoU=0.50:0.95 | area=   all | maxDets=  1 ] = 0.234
 Average Recall     (AR) @[ IoU=0.50:0.95 | area=   all | maxDets= 10 ] = 0.336
 Average Recall     (AR) @[ IoU=0.50:0.95 | area=   all | maxDets=100 ] = 0.344
 Average Recall     (AR) @[ IoU=0.50:0.95 | area= small | maxDets=100 ] = 0.104
 Average Recall     (AR) @[ IoU=0.50:0.95 | area=medium | maxDets=100 ] = 0.360
 Average Recall     (AR) @[ IoU=0.50:0.95 | area= large | maxDets=100 ] = 0.473
sweep 91/96: alpha=2.0, beta=1.0, threshold=0.2, top_k=100, nms=0.4
creating index...
index created!
Loading and preparing results...
DONE (t=0.01s)
creating index...
index created!
Running per image evaluation...
Evaluate annotation type *bbox*
DONE (t=0.96s).
Accumulating evaluation results...
DONE (t=0.40s).
 Average Precision  (AP) @[ IoU=0.50:0.95 | area=   all | maxDets=100 ] = 0.235
 Average Precision  (AP) @[ IoU=0.50      | area=   all | maxDets=100 ] = 0.350
 Average Precision  (AP) @[ IoU=0.75      | area=   all | maxDets=100 ] = 0.256
 Average Precision  (AP) @[ IoU=0.50:0.95 | area= small | maxDets=100 ] = 0.076
 Average Precision  (AP) @[ IoU=0.50:0.95 | area=medium | maxDets=100 ] = 0.258
 Average Precision  (AP) @[ IoU=0.50:0.95 | area= large | maxDets=100 ] = 0.319
 Average Recall     (AR) @[ IoU=0.50:0.95 | area=   all | maxDets=  1 ] = 0.236
 Average Recall     (AR) @[ IoU=0.50:0.95 | area=   all | maxDets= 10 ] = 0.324
 Average Recall     (AR) @[ IoU=0.50:0.95 | area=   all | maxDets=100 ] = 0.329
 Average Recall     (AR) @[ IoU=0.50:0.95 | area= small | maxDets=100 ] = 0.101
 Average Recall     (AR) @[ IoU=0.50:0.95 | area=medium | maxDets=100 ] = 0.344
 Average Recall     (AR) @[ IoU=0.50:0.95 | area= large | maxDets=100 ] = 0.444
sweep 92/96: alpha=2.0, beta=1.0, threshold=0.2, top_k=100, nms=0.5
creating index...
index created!
Loading and preparing results...
DONE (t=0.01s)
creating index...
index created!
Running per image evaluation...
Evaluate annotation type *bbox*
DONE (t=1.13s).
Accumulating evaluation results...
DONE (t=0.41s).
 Average Precision  (AP) @[ IoU=0.50:0.95 | area=   all | maxDets=100 ] = 0.236
 Average Precision  (AP) @[ IoU=0.50      | area=   all | maxDets=100 ] = 0.351
 Average Precision  (AP) @[ IoU=0.75      | area=   all | maxDets=100 ] = 0.256
 Average Precision  (AP) @[ IoU=0.50:0.95 | area= small | maxDets=100 ] = 0.078
 Average Precision  (AP) @[ IoU=0.50:0.95 | area=medium | maxDets=100 ] = 0.265
 Average Precision  (AP) @[ IoU=0.50:0.95 | area= large | maxDets=100 ] = 0.320
 Average Recall     (AR) @[ IoU=0.50:0.95 | area=   all | maxDets=  1 ] = 0.236
 Average Recall     (AR) @[ IoU=0.50:0.95 | area=   all | maxDets= 10 ] = 0.331
 Average Recall     (AR) @[ IoU=0.50:0.95 | area=   all | maxDets=100 ] = 0.339
 Average Recall     (AR) @[ IoU=0.50:0.95 | area= small | maxDets=100 ] = 0.104
 Average Recall     (AR) @[ IoU=0.50:0.95 | area=medium | maxDets=100 ] = 0.356
 Average Recall     (AR) @[ IoU=0.50:0.95 | area= large | maxDets=100 ] = 0.464
sweep 93/96: alpha=2.0, beta=1.0, threshold=0.2, top_k=100, nms=0.6
creating index...
index created!
Loading and preparing results...
DONE (t=0.01s)
creating index...
index created!
Running per image evaluation...
Evaluate annotation type *bbox*
DONE (t=1.15s).
Accumulating evaluation results...
DONE (t=0.42s).
 Average Precision  (AP) @[ IoU=0.50:0.95 | area=   all | maxDets=100 ] = 0.235
 Average Precision  (AP) @[ IoU=0.50      | area=   all | maxDets=100 ] = 0.344
 Average Precision  (AP) @[ IoU=0.75      | area=   all | maxDets=100 ] = 0.258
 Average Precision  (AP) @[ IoU=0.50:0.95 | area= small | maxDets=100 ] = 0.079
 Average Precision  (AP) @[ IoU=0.50:0.95 | area=medium | maxDets=100 ] = 0.265
 Average Precision  (AP) @[ IoU=0.50:0.95 | area= large | maxDets=100 ] = 0.318
 Average Recall     (AR) @[ IoU=0.50:0.95 | area=   all | maxDets=  1 ] = 0.236
 Average Recall     (AR) @[ IoU=0.50:0.95 | area=   all | maxDets= 10 ] = 0.338
 Average Recall     (AR) @[ IoU=0.50:0.95 | area=   all | maxDets=100 ] = 0.347
 Average Recall     (AR) @[ IoU=0.50:0.95 | area= small | maxDets=100 ] = 0.107
 Average Recall     (AR) @[ IoU=0.50:0.95 | area=medium | maxDets=100 ] = 0.366
 Average Recall     (AR) @[ IoU=0.50:0.95 | area= large | maxDets=100 ] = 0.473
sweep 94/96: alpha=2.0, beta=1.0, threshold=0.2, top_k=200, nms=0.4
creating index...
index created!
Loading and preparing results...
DONE (t=0.01s)
creating index...
index created!
Running per image evaluation...
Evaluate annotation type *bbox*
DONE (t=1.05s).
Accumulating evaluation results...
DONE (t=0.40s).
 Average Precision  (AP) @[ IoU=0.50:0.95 | area=   all | maxDets=100 ] = 0.235
 Average Precision  (AP) @[ IoU=0.50      | area=   all | maxDets=100 ] = 0.350
 Average Precision  (AP) @[ IoU=0.75      | area=   all | maxDets=100 ] = 0.256
 Average Precision  (AP) @[ IoU=0.50:0.95 | area= small | maxDets=100 ] = 0.076
 Average Precision  (AP) @[ IoU=0.50:0.95 | area=medium | maxDets=100 ] = 0.258
 Average Precision  (AP) @[ IoU=0.50:0.95 | area= large | maxDets=100 ] = 0.319
 Average Recall     (AR) @[ IoU=0.50:0.95 | area=   all | maxDets=  1 ] = 0.236
 Average Recall     (AR) @[ IoU=0.50:0.95 | area=   all | maxDets= 10 ] = 0.324
 Average Recall     (AR) @[ IoU=0.50:0.95 | area=   all | maxDets=100 ] = 0.329
 Average Recall     (AR) @[ IoU=0.50:0.95 | area= small | maxDets=100 ] = 0.101
 Average Recall     (AR) @[ IoU=0.50:0.95 | area=medium | maxDets=100 ] = 0.344
 Average Recall     (AR) @[ IoU=0.50:0.95 | area= large | maxDets=100 ] = 0.444
sweep 95/96: alpha=2.0, beta=1.0, threshold=0.2, top_k=200, nms=0.5
creating index...
index created!
Loading and preparing results...
DONE (t=0.01s)
creating index...
index created!
Running per image evaluation...
Evaluate annotation type *bbox*
DONE (t=1.03s).
Accumulating evaluation results...
DONE (t=0.41s).
 Average Precision  (AP) @[ IoU=0.50:0.95 | area=   all | maxDets=100 ] = 0.236
 Average Precision  (AP) @[ IoU=0.50      | area=   all | maxDets=100 ] = 0.351
 Average Precision  (AP) @[ IoU=0.75      | area=   all | maxDets=100 ] = 0.256
 Average Precision  (AP) @[ IoU=0.50:0.95 | area= small | maxDets=100 ] = 0.078
 Average Precision  (AP) @[ IoU=0.50:0.95 | area=medium | maxDets=100 ] = 0.265
 Average Precision  (AP) @[ IoU=0.50:0.95 | area= large | maxDets=100 ] = 0.320
 Average Recall     (AR) @[ IoU=0.50:0.95 | area=   all | maxDets=  1 ] = 0.236
 Average Recall     (AR) @[ IoU=0.50:0.95 | area=   all | maxDets= 10 ] = 0.331
 Average Recall     (AR) @[ IoU=0.50:0.95 | area=   all | maxDets=100 ] = 0.339
 Average Recall     (AR) @[ IoU=0.50:0.95 | area= small | maxDets=100 ] = 0.104
 Average Recall     (AR) @[ IoU=0.50:0.95 | area=medium | maxDets=100 ] = 0.356
 Average Recall     (AR) @[ IoU=0.50:0.95 | area= large | maxDets=100 ] = 0.464
sweep 96/96: alpha=2.0, beta=1.0, threshold=0.2, top_k=200, nms=0.6
creating index...
index created!
Loading and preparing results...
DONE (t=0.01s)
creating index...
index created!
Running per image evaluation...
Evaluate annotation type *bbox*
DONE (t=1.25s).
Accumulating evaluation results...
DONE (t=0.42s).
 Average Precision  (AP) @[ IoU=0.50:0.95 | area=   all | maxDets=100 ] = 0.235
 Average Precision  (AP) @[ IoU=0.50      | area=   all | maxDets=100 ] = 0.344
 Average Precision  (AP) @[ IoU=0.75      | area=   all | maxDets=100 ] = 0.258
 Average Precision  (AP) @[ IoU=0.50:0.95 | area= small | maxDets=100 ] = 0.079
 Average Precision  (AP) @[ IoU=0.50:0.95 | area=medium | maxDets=100 ] = 0.265
 Average Precision  (AP) @[ IoU=0.50:0.95 | area= large | maxDets=100 ] = 0.318
 Average Recall     (AR) @[ IoU=0.50:0.95 | area=   all | maxDets=  1 ] = 0.236
 Average Recall     (AR) @[ IoU=0.50:0.95 | area=   all | maxDets= 10 ] = 0.338
 Average Recall     (AR) @[ IoU=0.50:0.95 | area=   all | maxDets=100 ] = 0.348
 Average Recall     (AR) @[ IoU=0.50:0.95 | area= small | maxDets=100 ] = 0.107
 Average Recall     (AR) @[ IoU=0.50:0.95 | area=medium | maxDets=100 ] = 0.366
 Average Recall     (AR) @[ IoU=0.50:0.95 | area= large | maxDets=100 ] = 0.473
{
  "anchors": {
    "p4": [
      [
        0.04,
        0.055
      ],
      [
        0.075,
        0.11
      ],
      [
        0.13,
        0.18
      ]
    ],
    "p5": [
      [
        0.18,
        0.24
      ],
      [
        0.32,
        0.42
      ],
      [
        0.52,
        0.62
      ]
    ]
  },
  "box_parameterization": "yolov5",
  "checkpoint_path": "/home/lidz/YOLO/yolo_final/outputs/dual_scale_three_box_coco_only_noobj1_416_basic_aug_scale_jitter_50_lr7e4_ddp_20260512_130823/best.pth",
  "config_path": "/home/lidz/YOLO/yolo_final/configs/dual_scale_three_box_coco_only_noobj1_416_basic_aug_scale_jitter_50_lr7e4.toml",
  "device": "cuda",
  "manifest_path": "/home/lidz/YOLO/DataSet/Unified/manifests/coco2017_val.jsonl",
  "max_samples": 500,
  "metadata_path": "/home/lidz/YOLO/DataSet/Unified/metadata/class_maps.json",
  "model_name": "deep_residual_dual_scale_three_box",
  "num_boxes": 3,
  "num_combinations": 96,
  "output_shape": {
    "p4": [
      1,
      26,
      26,
      255
    ],
    "p5": [
      1,
      13,
      13,
      255
    ]
  },
  "params_total": 36531294,
  "params_trainable": 36531294,
  "results": [
    {
      "coco_ap": 0.2335563725400391,
      "coco_ap50": 0.34937518425427533,
      "coco_ap75": 0.25497938918990914,
      "coco_ap_large": 0.318814888076729,
      "coco_ap_medium": 0.2576612206304453,
      "coco_ap_small": 0.07671917020611342,
      "coco_ar1": 0.23666648178536173,
      "coco_ar10": 0.3276930438271522,
      "coco_ar100": 0.32929685787115565,
      "coco_ar_large": 0.46309053164166997,
      "coco_ar_medium": 0.33682203513583103,
      "coco_ar_small": 0.10162686354438728,
      "nms_iou_threshold": 0.4,
      "num_predictions": 9326.0,
      "num_samples": 500.0,
      "score_alpha": 1.5,
      "score_beta": 1.0,
      "score_threshold": 0.03,
      "top_k": 20
    },
    {
      "coco_ap": 0.23255265449591472,
      "coco_ap50": 0.3456088439278882,
      "coco_ap75": 0.25360295344920414,
      "coco_ap_large": 0.3182662063258118,
      "coco_ap_medium": 0.2583407065820897,
      "coco_ap_small": 0.07376819812280565,
      "coco_ar1": 0.23361880980772007,
      "coco_ar10": 0.3286729821604965,
      "coco_ar100": 0.3312597136228344,
      "coco_ar_large": 0.47305435320776545,
      "coco_ar_medium": 0.33953971644372455,
      "coco_ar_small": 0.09981397475014722,
      "nms_iou_threshold": 0.5,
      "num_predictions": 9508.0,
      "num_samples": 500.0,
      "score_alpha": 1.5,
      "score_beta": 1.0,
      "score_threshold": 0.03,
      "top_k": 20
    },
    {
      "coco_ap": 0.2286644272499242,
      "coco_ap50": 0.3347585551810072,
      "coco_ap75": 0.2527257660959274,
      "coco_ap_large": 0.313558303593686,
      "coco_ap_medium": 0.2553539887742714,
      "coco_ap_small": 0.07254120926650773,
      "coco_ar1": 0.23177656041333758,
      "coco_ar10": 0.3255620331334675,
      "coco_ar100": 0.3284612405147406,
      "coco_ar_large": 0.4749889105962731,
      "coco_ar_medium": 0.333581460056359,
      "coco_ar_small": 0.09696232654775298,
      "nms_iou_threshold": 0.6,
      "num_predictions": 9665.0,
      "num_samples": 500.0,
      "score_alpha": 1.5,
      "score_beta": 1.0,
      "score_threshold": 0.03,
      "top_k": 20
    },
    {
      "coco_ap": 0.2390719327887785,
      "coco_ap50": 0.3626441633913693,
      "coco_ap75": 0.2585832352645102,
      "coco_ap_large": 0.3206902811224739,
      "coco_ap_medium": 0.26874874020065215,
      "coco_ap_small": 0.08544091342389762,
      "coco_ar1": 0.24301048789260363,
      "coco_ar10": 0.3555762215302284,
      "coco_ar100": 0.36340052670922235,
      "coco_ar_large": 0.4878677182187582,
      "coco_ar_medium": 0.39019538881588617,
      "coco_ar_small": 0.13135721382143736,
      "nms_iou_threshold": 0.4,
      "num_predictions": 19864.0,
      "num_samples": 500.0,
      "score_alpha": 1.5,
      "score_beta": 1.0,
      "score_threshold": 0.03,
      "top_k": 50
    },
    {
      "coco_ap": 0.23920758889521485,
      "coco_ap50": 0.3597293348084184,
      "coco_ap75": 0.2588988631108068,
      "coco_ap_large": 0.3219581041097999,
      "coco_ap_medium": 0.2703669870592464,
      "coco_ap_small": 0.08415236186311495,
      "coco_ar1": 0.24274635450793194,
      "coco_ar10": 0.36062407827742093,
      "coco_ar100": 0.3709214719669346,
      "coco_ar_large": 0.5069243904657925,
      "coco_ar_medium": 0.4010515583237984,
      "coco_ar_small": 0.13063654715168305,
      "nms_iou_threshold": 0.5,
      "num_predictions": 20920.0,
      "num_samples": 500.0,
      "score_alpha": 1.5,
      "score_beta": 1.0,
      "score_threshold": 0.03,
      "top_k": 50
    },
    {
      "coco_ap": 0.23626937991500097,
      "coco_ap50": 0.349021657034956,
      "coco_ap75": 0.2594863505602255,
      "coco_ap_large": 0.31780564370902004,
      "coco_ap_medium": 0.26873071827875294,
      "coco_ap_small": 0.08570456502690008,
      "coco_ar1": 0.24139134249840286,
      "coco_ar10": 0.3626381437526769,
      "coco_ar100": 0.3748465171547655,
      "coco_ar_large": 0.5133272845005065,
      "coco_ar_medium": 0.40201393445586203,
      "coco_ar_small": 0.13360185677442568,
      "nms_iou_threshold": 0.6,
      "num_predictions": 22003.0,
      "num_samples": 500.0,
      "score_alpha": 1.5,
      "score_beta": 1.0,
      "score_threshold": 0.03,
      "top_k": 50
    },
    {
      "coco_ap": 0.2401084259709002,
      "coco_ap50": 0.36530275244258353,
      "coco_ap75": 0.2593698327194436,
      "coco_ap_large": 0.32144900754597616,
      "coco_ap_medium": 0.2696749002850382,
      "coco_ap_small": 0.0872981205665193,
      "coco_ar1": 0.24613410941986502,
      "coco_ar10": 0.36477265366760164,
      "coco_ar100": 0.3765824695594495,
      "coco_ar_large": 0.500752489850394,
      "coco_ar_medium": 0.404293909289778,
      "coco_ar_small": 0.14244812289581188,
      "nms_iou_threshold": 0.4,
      "num_predictions": 30093.0,
      "num_samples": 500.0,
      "score_alpha": 1.5,
      "score_beta": 1.0,
      "score_threshold": 0.03,
      "top_k": 100
    },
    {
      "coco_ap": 0.24070022748624176,
      "coco_ap50": 0.36335077770802443,
      "coco_ap75": 0.25991180997163005,
      "coco_ap_large": 0.32230636221948117,
      "coco_ap_medium": 0.27236927564358876,
      "coco_ap_small": 0.08757961852896202,
      "coco_ar1": 0.2460547701000194,
      "coco_ar10": 0.37252868139136114,
      "coco_ar100": 0.38918492835219687,
      "coco_ar_large": 0.5197799214684355,
      "coco_ar_medium": 0.42386445268549316,
      "coco_ar_small": 0.14516634385404742,
      "nms_iou_threshold": 0.5,
      "num_predictions": 33420.0,
      "num_samples": 500.0,
      "score_alpha": 1.5,
      "score_beta": 1.0,
      "score_threshold": 0.03,
      "top_k": 100
    },
    {
      "coco_ap": 0.23800061771467784,
      "coco_ap50": 0.35314337901483667,
      "coco_ap75": 0.2608930056192751,
      "coco_ap_large": 0.3181841675392048,
      "coco_ap_medium": 0.2713834708881056,
      "coco_ap_small": 0.08978569559260915,
      "coco_ar1": 0.24406909624665446,
      "coco_ar10": 0.37512278515436354,
      "coco_ar100": 0.3958540704890305,
      "coco_ar_large": 0.529570395363517,
      "coco_ar_medium": 0.42956051770300435,
      "coco_ar_small": 0.1502556276554717,
      "nms_iou_threshold": 0.6,
      "num_predictions": 37159.0,
      "num_samples": 500.0,
      "score_alpha": 1.5,
      "score_beta": 1.0,
      "score_threshold": 0.03,
      "top_k": 100
    },
    {
      "coco_ap": 0.2404707588698519,
      "coco_ap50": 0.366295546663464,
      "coco_ap75": 0.2595303288767323,
      "coco_ap_large": 0.32147119925945755,
      "coco_ap_medium": 0.2703502723721507,
      "coco_ap_small": 0.08757816822997894,
      "coco_ar1": 0.24737180280945711,
      "coco_ar10": 0.3677752911505048,
      "coco_ar100": 0.38161885332636186,
      "coco_ar_large": 0.5019025479968675,
      "coco_ar_medium": 0.41226405019276435,
      "coco_ar_small": 0.14688192345994944,
      "nms_iou_threshold": 0.4,
      "num_predictions": 37470.0,
      "num_samples": 500.0,
      "score_alpha": 1.5,
      "score_beta": 1.0,
      "score_threshold": 0.03,
      "top_k": 200
    },
    {
      "coco_ap": 0.24114678423204386,
      "coco_ap50": 0.3645746063433097,
      "coco_ap75": 0.26012659857306586,
      "coco_ap_large": 0.3223171388047956,
      "coco_ap_medium": 0.2732958736216256,
      "coco_ap_small": 0.08844468877538392,
      "coco_ar1": 0.24737180280945711,
      "coco_ar10": 0.3790480996547525,
      "coco_ar100": 0.39823678029370513,
      "coco_ar_large": 0.5226407793740893,
      "coco_ar_medium": 0.43777053582160796,
      "coco_ar_small": 0.1544776241581048,
      "nms_iou_threshold": 0.5,
      "num_predictions": 45140.0,
      "num_samples": 500.0,
      "score_alpha": 1.5,
      "score_beta": 1.0,
      "score_threshold": 0.03,
      "top_k": 200
    },
    {
      "coco_ap": 0.2386470484207206,
      "coco_ap50": 0.35473016744028235,
      "coco_ap75": 0.26143386841240873,
      "coco_ap_large": 0.31845841263444513,
      "coco_ap_medium": 0.272367192651638,
      "coco_ap_small": 0.09122179025702347,
      "coco_ar1": 0.24613410941986502,
      "coco_ar10": 0.38647734631430875,
      "coco_ar100": 0.4111891373585373,
      "coco_ar_large": 0.5379824813665622,
      "coco_ar_medium": 0.4499921577560776,
      "coco_ar_small": 0.16207057740026493,
      "nms_iou_threshold": 0.6,
      "num_predictions": 54252.0,
      "num_samples": 500.0,
      "score_alpha": 1.5,
      "score_beta": 1.0,
      "score_threshold": 0.03,
      "top_k": 200
    },
    {
      "coco_ap": 0.23328064876512997,
      "coco_ap50": 0.3488738682998951,
      "coco_ap75": 0.2545407377298264,
      "coco_ap_large": 0.317881204964828,
      "coco_ap_medium": 0.2576612206304453,
      "coco_ap_small": 0.07670125222412824,
      "coco_ar1": 0.23551486857512094,
      "coco_ar10": 0.3265360555732391,
      "coco_ar100": 0.3281398696172426,
      "coco_ar_large": 0.4608864253614767,
      "coco_ar_medium": 0.33682203513583103,
      "coco_ar_small": 0.10160774491328124,
      "nms_iou_threshold": 0.4,
      "num_predictions": 9039.0,
      "num_samples": 500.0,
      "score_alpha": 1.5,
      "score_beta": 1.0,
      "score_threshold": 0.05,
      "top_k": 20
    },
    {
      "coco_ap": 0.2322671734771828,
      "coco_ap50": 0.345104915592297,
      "coco_ap75": 0.25314121507016973,
      "coco_ap_large": 0.3173332358357803,
      "coco_ap_medium": 0.2583407065820897,
      "coco_ap_small": 0.0737633738518323,
      "coco_ar1": 0.23246719659747928,
      "coco_ar10": 0.32751599390658354,
      "coco_ar100": 0.3301027253689214,
      "coco_ar_large": 0.4708502469275722,
      "coco_ar_medium": 0.33953971644372455,
      "coco_ar_small": 0.09979485611904122,
      "nms_iou_threshold": 0.5,
      "num_predictions": 9250.0,
      "num_samples": 500.0,
      "score_alpha": 1.5,
      "score_beta": 1.0,
      "score_threshold": 0.05,
      "top_k": 20
    },
    {
      "coco_ap": 0.2283880148541986,
      "coco_ap50": 0.3342537961225447,
      "coco_ap75": 0.2522871146358447,
      "coco_ap_large": 0.3126247200392521,
      "coco_ap_medium": 0.2553539887742714,
      "coco_ap_small": 0.07254120926650773,
      "coco_ar1": 0.2306249472030968,
      "coco_ar10": 0.32441041992322667,
      "coco_ar100": 0.3273096273044998,
      "coco_ar_large": 0.47278480431607983,
      "coco_ar_medium": 0.333581460056359,
      "coco_ar_small": 0.09696232654775298,
      "nms_iou_threshold": 0.6,
      "num_predictions": 9476.0,
      "num_samples": 500.0,
      "score_alpha": 1.5,
      "score_beta": 1.0,
      "score_threshold": 0.05,
      "top_k": 20
    },
    {
      "coco_ap": 0.23880168306338848,
      "coco_ap50": 0.36190092511776556,
      "coco_ap75": 0.2582569045359743,
      "coco_ap_large": 0.31991975364818726,
      "coco_ap_medium": 0.26857935735915406,
      "coco_ap_small": 0.08520048762325882,
      "coco_ar1": 0.24185887468236283,
      "coco_ar10": 0.3539218898792683,
      "coco_ar100": 0.3613156490947549,
      "coco_ar_large": 0.4855428389917051,
      "coco_ar_medium": 0.3885320016979536,
      "coco_ar_small": 0.13006609790170084,
      "nms_iou_threshold": 0.4,
      "num_predictions": 18055.0,
      "num_samples": 500.0,
      "score_alpha": 1.5,
      "score_beta": 1.0,
      "score_threshold": 0.05,
      "top_k": 50
    },
    {
      "coco_ap": 0.23895824200292592,
      "coco_ap50": 0.3591859195253579,
      "coco_ap75": 0.25854061034332015,
      "coco_ap_large": 0.32111402234371367,
      "coco_ap_medium": 0.27027081961791,
      "coco_ap_small": 0.08403990977406989,
      "coco_ar1": 0.24159474129769115,
      "coco_ar10": 0.3589160450537719,
      "coco_ar100": 0.369188434743399,
      "coco_ar_large": 0.5045995112387394,
      "coco_ar_medium": 0.39996537178306635,
      "coco_ar_small": 0.12934543123194656,
      "nms_iou_threshold": 0.5,
      "num_predictions": 19390.0,
      "num_samples": 500.0,
      "score_alpha": 1.5,
      "score_beta": 1.0,
      "score_threshold": 0.05,
      "top_k": 50
    },
    {
      "coco_ap": 0.23603028423705033,
      "coco_ap50": 0.3485446666029572,
      "coco_ap75": 0.25911465763764485,
      "coco_ap_large": 0.31687194430787874,
      "coco_ap_medium": 0.26865525582509614,
      "coco_ap_small": 0.08570005971466073,
      "coco_ar1": 0.24023972928816206,
      "coco_ar10": 0.36110241081340705,
      "coco_ar100": 0.37331078421549574,
      "coco_ar_large": 0.5110286959829738,
      "coco_ar_medium": 0.40092774791513,
      "coco_ar_small": 0.13358273814331964,
      "nms_iou_threshold": 0.6,
      "num_predictions": 20791.0,
      "num_samples": 500.0,
      "score_alpha": 1.5,
      "score_beta": 1.0,
      "score_threshold": 0.05,
      "top_k": 50
    },
    {
      "coco_ap": 0.23984689387742558,
      "coco_ap50": 0.36456129272764654,
      "coco_ap75": 0.25908871521411764,
      "coco_ap_large": 0.32076121176174105,
      "coco_ap_medium": 0.26950227351786826,
      "coco_ap_small": 0.08705910903257517,
      "coco_ar1": 0.24498249620962423,
      "coco_ar10": 0.36210971436347095,
      "coco_ar100": 0.37303376883619294,
      "coco_ar_large": 0.4947640124321263,
      "coco_ar_medium": 0.40127166704504774,
      "coco_ar_small": 0.1405384088860069,
      "nms_iou_threshold": 0.4,
      "num_predictions": 25446.0,
      "num_samples": 500.0,
      "score_alpha": 1.5,
      "score_beta": 1.0,
      "score_threshold": 0.05,
      "top_k": 100
    },
    {
      "coco_ap": 0.24045255430158652,
      "coco_ap50": 0.36278161106070134,
      "coco_ap75": 0.2596241093106063,
      "coco_ap_large": 0.3216179850577144,
      "coco_ap_medium": 0.27219609974910086,
      "coco_ap_small": 0.08747033716078836,
      "coco_ar1": 0.24490315688977857,
      "coco_ar10": 0.36980083267959313,
      "coco_ar100": 0.3856697855816282,
      "coco_ar_large": 0.5150791885054788,
      "coco_ar_medium": 0.4207637391420762,
      "coco_ar_small": 0.143333069904341,
      "nms_iou_threshold": 0.5,
      "num_predictions": 28998.0,
      "num_samples": 500.0,
      "score_alpha": 1.5,
      "score_beta": 1.0,
      "score_threshold": 0.05,
      "top_k": 100
    },
    {
      "coco_ap": 0.2377341936528767,
      "coco_ap50": 0.3526399454815488,
      "coco_ap75": 0.2605297467356622,
      "coco_ap_large": 0.3174193839895924,
      "coco_ap_medium": 0.2712181554420471,
      "coco_ap_small": 0.08975278585094788,
      "coco_ar1": 0.24291748303641367,
      "coco_ar10": 0.373050699836134,
      "coco_ar100": 0.3924310473814192,
      "coco_ar_large": 0.525240271179767,
      "coco_ar_medium": 0.42644343397515,
      "coco_ar_small": 0.14979095801672695,
      "nms_iou_threshold": 0.6,
      "num_predictions": 32861.0,
      "num_samples": 500.0,
      "score_alpha": 1.5,
      "score_beta": 1.0,
      "score_threshold": 0.05,
      "top_k": 100
    },
    {
      "coco_ap": 0.24015749480372994,
      "coco_ap50": 0.36538015013579056,
      "coco_ap75": 0.2592550106039601,
      "coco_ap_large": 0.3207620592998641,
      "coco_ap_medium": 0.2700997117847655,
      "coco_ap_small": 0.08732906247156072,
      "coco_ar1": 0.24622018959921632,
      "coco_ar10": 0.36424838406738524,
      "coco_ar100": 0.3768340994127793,
      "coco_ar_large": 0.4949833106777403,
      "coco_ar_medium": 0.4076967065350419,
      "coco_ar_small": 0.14385273758850872,
      "nms_iou_threshold": 0.4,
      "num_predictions": 29108.0,
      "num_samples": 500.0,
      "score_alpha": 1.5,
      "score_beta": 1.0,
      "score_threshold": 0.05,
      "top_k": 200
    },
    {
      "coco_ap": 0.24079096529347008,
      "coco_ap50": 0.36376332699453395,
      "coco_ap75": 0.25977057610541615,
      "coco_ap_large": 0.32159245843457085,
      "coco_ap_medium": 0.27272314783516116,
      "coco_ap_small": 0.08820768636585694,
      "coco_ar1": 0.24622018959921632,
      "coco_ar10": 0.3726244590012407,
      "coco_ar100": 0.3906636506550706,
      "coco_ar_large": 0.5154710113164745,
      "coco_ar_medium": 0.4279546247524248,
      "coco_ar_small": 0.15024293886887613,
      "nms_iou_threshold": 0.5,
      "num_predictions": 35938.0,
      "num_samples": 500.0,
      "score_alpha": 1.5,
      "score_beta": 1.0,
      "score_threshold": 0.05,
      "top_k": 200
    },
    {
      "coco_ap": 0.23830587050713836,
      "coco_ap50": 0.3540251218841843,
      "coco_ap75": 0.26102067392670053,
      "coco_ap_large": 0.3177789297914412,
      "coco_ap_medium": 0.27173853995583763,
      "coco_ap_small": 0.09112126667324347,
      "coco_ar1": 0.24498249620962423,
      "coco_ar10": 0.38063024707794196,
      "coco_ar100": 0.4033997117187912,
      "coco_ar_large": 0.5307655238319009,
      "coco_ar_medium": 0.4385642014698336,
      "coco_ar_small": 0.15993464297572357,
      "nms_iou_threshold": 0.6,
      "num_predictions": 44395.0,
      "num_samples": 500.0,
      "score_alpha": 1.5,
      "score_beta": 1.0,
      "score_threshold": 0.05,
      "top_k": 200
    },
    {
      "coco_ap": 0.23315879679427828,
      "coco_ap50": 0.34861074758730076,
      "coco_ap75": 0.25447767499178603,
      "coco_ap_large": 0.3172114652440955,
      "coco_ap_medium": 0.2576612206304453,
      "coco_ap_small": 0.07662441249971141,
      "coco_ar1": 0.23488950864386102,
      "coco_ar10": 0.3258012308102698,
      "coco_ar100": 0.32740504485427335,
      "coco_ar_large": 0.4557321692145736,
      "coco_ar_medium": 0.3368181115669528,
      "coco_ar_small": 0.10126704221668524,
      "nms_iou_threshold": 0.4,
      "num_predictions": 8300.0,
      "num_samples": 500.0,
      "score_alpha": 1.5,
      "score_beta": 1.0,
      "score_threshold": 0.1,
      "top_k": 20
    },
    {
      "coco_ap": 0.232153653776047,
      "coco_ap50": 0.344911901861978,
      "coco_ap75": 0.25305666433372503,
      "coco_ap_large": 0.31669827804704237,
      "coco_ap_medium": 0.2583407065820897,
      "coco_ap_small": 0.07371060519963002,
      "coco_ar1": 0.2319495662649266,
      "coco_ar10": 0.3267147460352634,
      "coco_ar100": 0.3293014774976012,
      "coco_ar_large": 0.4639016366753905,
      "coco_ar_medium": 0.33953971644372455,
      "coco_ar_small": 0.09960566857396036,
      "nms_iou_threshold": 0.5,
      "num_predictions": 8648.0,
      "num_samples": 500.0,
      "score_alpha": 1.5,
      "score_beta": 1.0,
      "score_threshold": 0.1,
      "top_k": 20
    },
    {
      "coco_ap": 0.22825733073676902,
      "coco_ap50": 0.3339734076189208,
      "coco_ap75": 0.25226883749167456,
      "coco_ap_large": 0.31211775120594953,
      "coco_ap_medium": 0.2553539887742714,
      "coco_ap_small": 0.07226144846600019,
      "coco_ar1": 0.23017829758744943,
      "coco_ar10": 0.32360396899009636,
      "coco_ar100": 0.32650317637136955,
      "coco_ar_large": 0.46791952739723147,
      "coco_ar_medium": 0.333581460056359,
      "coco_ar_small": 0.0961808525012947,
      "nms_iou_threshold": 0.6,
      "num_predictions": 8970.0,
      "num_samples": 500.0,
      "score_alpha": 1.5,
      "score_beta": 1.0,
      "score_threshold": 0.1,
      "top_k": 20
    },
    {
      "coco_ap": 0.2383920740397391,
      "coco_ap50": 0.36058295774685906,
      "coco_ap75": 0.2580332718123351,
      "coco_ap_large": 0.3191129320500501,
      "coco_ap_medium": 0.267897405713237,
      "coco_ap_small": 0.08424500125281677,
      "coco_ar1": 0.23990628412666878,
      "coco_ar10": 0.35015876063052837,
      "coco_ar100": 0.3571852190379395,
      "coco_ar_large": 0.4723553860602193,
      "coco_ar_medium": 0.3797518288355847,
      "coco_ar_small": 0.1269406964171418,
      "nms_iou_threshold": 0.4,
      "num_predictions": 14311.0,
      "num_samples": 500.0,
      "score_alpha": 1.5,
      "score_beta": 1.0,
      "score_threshold": 0.1,
      "top_k": 50
    },
    {
      "coco_ap": 0.23858578978823192,
      "coco_ap50": 0.35831749673326785,
      "coco_ap75": 0.25827030650003296,
      "coco_ap_large": 0.3201449927432956,
      "coco_ap_medium": 0.2696654725214487,
      "coco_ap_small": 0.0836554359249311,
      "coco_ar1": 0.23966603419076707,
      "coco_ar10": 0.3550931616717914,
      "coco_ar100": 0.3649413362425193,
      "coco_ar_large": 0.48873421126991873,
      "coco_ar_medium": 0.39169391194235825,
      "coco_ar_small": 0.1271745520521772,
      "nms_iou_threshold": 0.5,
      "num_predictions": 15772.0,
      "num_samples": 500.0,
      "score_alpha": 1.5,
      "score_beta": 1.0,
      "score_threshold": 0.1,
      "top_k": 50
    },
    {
      "coco_ap": 0.2357023264512177,
      "coco_ap50": 0.34780421963223945,
      "coco_ap75": 0.25882732455581653,
      "coco_ap_large": 0.3161946013055515,
      "coco_ap_medium": 0.26809579630034935,
      "coco_ap_small": 0.08482313676360846,
      "coco_ar1": 0.238311022181238,
      "coco_ar10": 0.3574339526558667,
      "coco_ar100": 0.3694516664149017,
      "coco_ar_large": 0.4980106009082436,
      "coco_ar_medium": 0.39378148363895643,
      "coco_ar_small": 0.13007194165162983,
      "nms_iou_threshold": 0.6,
      "num_predictions": 17553.0,
      "num_samples": 500.0,
      "score_alpha": 1.5,
      "score_beta": 1.0,
      "score_threshold": 0.1,
      "top_k": 50
    },
    {
      "coco_ap": 0.23918265117476406,
      "coco_ap50": 0.3625429764807432,
      "coco_ap75": 0.2586985180995316,
      "coco_ap_large": 0.31927745723230416,
      "coco_ap_medium": 0.2685897882071918,
      "coco_ap_small": 0.08592532540291759,
      "coco_ar1": 0.24098050616837802,
      "coco_ar10": 0.3540534767228868,
      "coco_ar100": 0.36395453284462526,
      "coco_ar_large": 0.47483519659623424,
      "coco_ar_medium": 0.38656538041535954,
      "coco_ar_small": 0.13528844855474076,
      "nms_iou_threshold": 0.4,
      "num_predictions": 17363.0,
      "num_samples": 500.0,
      "score_alpha": 1.5,
      "score_beta": 1.0,
      "score_threshold": 0.1,
      "top_k": 100
    },
    {
      "coco_ap": 0.23979286832381203,
      "coco_ap50": 0.3612214580658055,
      "coco_ap75": 0.25921425319546515,
      "coco_ap_large": 0.3200930620138583,
      "coco_ap_medium": 0.27128353052194376,
      "coco_ap_small": 0.08660864340420828,
      "coco_ar1": 0.24090116684853238,
      "coco_ar10": 0.36160144464006594,
      "coco_ar100": 0.375536310541636,
      "coco_ar_large": 0.4910230817935651,
      "coco_ar_medium": 0.4045746635308719,
      "coco_ar_small": 0.13844877690771518,
      "nms_iou_threshold": 0.5,
      "num_predictions": 20479.0,
      "num_samples": 500.0,
      "score_alpha": 1.5,
      "score_beta": 1.0,
      "score_threshold": 0.1,
      "top_k": 100
    },
    {
      "coco_ap": 0.23715285346359655,
      "coco_ap50": 0.3513072222687156,
      "coco_ap75": 0.2600300651835314,
      "coco_ap_large": 0.3164013141250405,
      "coco_ap_medium": 0.27047692418022795,
      "coco_ap_small": 0.0883792993081479,
      "coco_ar1": 0.24063467784120393,
      "coco_ar10": 0.3657422231531733,
      "coco_ar100": 0.383340275133238,
      "coco_ar_large": 0.505916971888114,
      "coco_ar_medium": 0.4128946249408444,
      "coco_ar_small": 0.1427489509804133,
      "nms_iou_threshold": 0.6,
      "num_predictions": 24510.0,
      "num_samples": 500.0,
      "score_alpha": 1.5,
      "score_beta": 1.0,
      "score_threshold": 0.1,
      "top_k": 100
    },
    {
      "coco_ap": 0.23934298367002768,
      "coco_ap50": 0.36290859601647885,
      "coco_ap75": 0.2588368515558685,
      "coco_ap_large": 0.31927655429685387,
      "coco_ap_medium": 0.2690701941280112,
      "coco_ap_small": 0.08593523826156994,
      "coco_ar1": 0.2420775525818801,
      "coco_ar10": 0.3552286603453278,
      "coco_ar100": 0.3655979534020961,
      "coco_ar_large": 0.47483519659623424,
      "coco_ar_medium": 0.39080743465741385,
      "coco_ar_small": 0.13573231024860244,
      "nms_iou_threshold": 0.4,
      "num_predictions": 18049.0,
      "num_samples": 500.0,
      "score_alpha": 1.5,
      "score_beta": 1.0,
      "score_threshold": 0.1,
      "top_k": 200
    },
    {
      "coco_ap": 0.24000481729595202,
      "coco_ap50": 0.36178072321242605,
      "coco_ap75": 0.2593565047449585,
      "coco_ap_large": 0.3200894740124999,
      "coco_ap_medium": 0.27168186410600603,
      "coco_ap_small": 0.0870992866207278,
      "coco_ar1": 0.2420775525818801,
      "coco_ar10": 0.36335610745291935,
      "coco_ar100": 0.3781633336965869,
      "coco_ar_large": 0.49108449524783565,
      "coco_ar_medium": 0.4093802330313055,
      "coco_ar_small": 0.14194513526651886,
      "nms_iou_threshold": 0.5,
      "num_predictions": 22141.0,
      "num_samples": 500.0,
      "score_alpha": 1.5,
      "score_beta": 1.0,
      "score_threshold": 0.1,
      "top_k": 200
    },
    {
      "coco_ap": 0.23745452202172077,
      "coco_ap50": 0.3520951963833213,
      "coco_ap75": 0.2602587130463363,
      "coco_ap_large": 0.3165090349535304,
      "coco_ap_medium": 0.270610944577224,
      "coco_ap_small": 0.08966401705504715,
      "coco_ar1": 0.24098050616837802,
      "coco_ar10": 0.3683727115815677,
      "coco_ar100": 0.3882020123782446,
      "coco_ar_large": 0.5079280526489207,
      "coco_ar_medium": 0.41651557634747655,
      "coco_ar_small": 0.15026495071969564,
      "nms_iou_threshold": 0.6,
      "num_predictions": 28531.0,
      "num_samples": 500.0,
      "score_alpha": 1.5,
      "score_beta": 1.0,
      "score_threshold": 0.1,
      "top_k": 200
    },
    {
      "coco_ap": 0.23179641955494495,
      "coco_ap50": 0.3451473895415111,
      "coco_ap75": 0.25360417045630923,
      "coco_ap_large": 0.31591366449988595,
      "coco_ap_medium": 0.25625733628366204,
      "coco_ap_small": 0.07273722977508883,
      "coco_ar1": 0.23195164230902707,
      "coco_ar10": 0.31868234379800775,
      "coco_ar100": 0.3201098808415788,
      "coco_ar_large": 0.4437871631144598,
      "coco_ar_medium": 0.32753472152320606,
      "coco_ar_small": 0.09385669108932676,
      "nms_iou_threshold": 0.4,
      "num_predictions": 6431.0,
      "num_samples": 500.0,
      "score_alpha": 1.5,
      "score_beta": 1.0,
      "score_threshold": 0.2,
      "top_k": 20
    },
    {
      "coco_ap": 0.2311743234618834,
      "coco_ap50": 0.34257788150062707,
      "coco_ap75": 0.2522910355621445,
      "coco_ap_large": 0.3156916819458993,
      "coco_ap_medium": 0.25787412338070553,
      "coco_ap_small": 0.0705990507864505,
      "coco_ar1": 0.2303917053410854,
      "coco_ar10": 0.32187761057122233,
      "coco_ar100": 0.32435292672613686,
      "coco_ar_large": 0.4569929203437094,
      "coco_ar_medium": 0.3372554679706657,
      "coco_ar_small": 0.09349149093224697,
      "nms_iou_threshold": 0.5,
      "num_predictions": 6847.0,
      "num_samples": 500.0,
      "score_alpha": 1.5,
      "score_beta": 1.0,
      "score_threshold": 0.2,
      "top_k": 20
    },
    {
      "coco_ap": 0.22762985460845014,
      "coco_ap50": 0.3324696518830253,
      "coco_ap75": 0.2519007159912022,
      "coco_ap_large": 0.3112187353909128,
      "coco_ap_medium": 0.25501651546927284,
      "coco_ap_small": 0.06982082821343752,
      "coco_ar1": 0.22897835549165088,
      "coco_ar10": 0.32042681075246443,
      "coco_ar100": 0.3233233306119015,
      "coco_ar_large": 0.4608091850962964,
      "coco_ar_medium": 0.33221144152386545,
      "coco_ar_small": 0.09217775072675126,
      "nms_iou_threshold": 0.6,
      "num_predictions": 7449.0,
      "num_samples": 500.0,
      "score_alpha": 1.5,
      "score_beta": 1.0,
      "score_threshold": 0.2,
      "top_k": 20
    },
    {
      "coco_ap": 0.23547827343746952,
      "coco_ap50": 0.35303068962980283,
      "coco_ap75": 0.2563075051325888,
      "coco_ap_large": 0.3170679205482949,
      "coco_ap_medium": 0.2650648410123707,
      "coco_ap_small": 0.07598527928363429,
      "coco_ar1": 0.2348235155072667,
      "coco_ar10": 0.3323326698155997,
      "coco_ar100": 0.33786914110852695,
      "coco_ar_large": 0.4515989936758596,
      "coco_ar_medium": 0.35826995833819253,
      "coco_ar_small": 0.10457619101807093,
      "nms_iou_threshold": 0.4,
      "num_predictions": 8626.0,
      "num_samples": 500.0,
      "score_alpha": 1.5,
      "score_beta": 1.0,
      "score_threshold": 0.2,
      "top_k": 50
    },
    {
      "coco_ap": 0.23601322220875454,
      "coco_ap50": 0.3521909098316129,
      "coco_ap75": 0.2564931612218694,
      "coco_ap_large": 0.31801896537754853,
      "coco_ap_medium": 0.2673823726655937,
      "coco_ap_small": 0.07650786359650236,
      "coco_ar1": 0.23470576455054018,
      "coco_ar10": 0.33871827860494846,
      "coco_ar100": 0.3467160423499343,
      "coco_ar_large": 0.4689305344249674,
      "coco_ar_medium": 0.3718470650462998,
      "coco_ar_small": 0.10680964415099979,
      "nms_iou_threshold": 0.5,
      "num_predictions": 9847.0,
      "num_samples": 500.0,
      "score_alpha": 1.5,
      "score_beta": 1.0,
      "score_threshold": 0.2,
      "top_k": 50
    },
    {
      "coco_ap": 0.2334791826439475,
      "coco_ap50": 0.342917480602004,
      "coco_ap75": 0.2572335300637696,
      "coco_ap_large": 0.3143711585929356,
      "coco_ap_medium": 0.26586555982440974,
      "coco_ap_small": 0.07821980589481158,
      "coco_ar1": 0.23357336211273386,
      "coco_ar10": 0.34216936467501546,
      "coco_ar100": 0.3520269210571482,
      "coco_ar_large": 0.47664799634992466,
      "coco_ar_medium": 0.3751809823134853,
      "coco_ar_small": 0.1100672568187559,
      "nms_iou_threshold": 0.6,
      "num_predictions": 11588.0,
      "num_samples": 500.0,
      "score_alpha": 1.5,
      "score_beta": 1.0,
      "score_threshold": 0.2,
      "top_k": 50
    },
    {
      "coco_ap": 0.23582915525344092,
      "coco_ap50": 0.35399566733997667,
      "coco_ap75": 0.2565665414213799,
      "coco_ap_large": 0.3170236635850968,
      "coco_ap_medium": 0.26536715334858313,
      "coco_ap_small": 0.07696960014930695,
      "coco_ar1": 0.23537731297562114,
      "coco_ar10": 0.3335471750028897,
      "coco_ar100": 0.34027269431652213,
      "coco_ar_large": 0.4520434381203041,
      "coco_ar_medium": 0.3606029808723013,
      "coco_ar_small": 0.1081813672587083,
      "nms_iou_threshold": 0.4,
      "num_predictions": 9121.0,
      "num_samples": 500.0,
      "score_alpha": 1.5,
      "score_beta": 1.0,
      "score_threshold": 0.2,
      "top_k": 100
    },
    {
      "coco_ap": 0.23633079361222362,
      "coco_ap50": 0.35313631575362114,
      "coco_ap75": 0.25678166666086044,
      "coco_ap_large": 0.31790762491776525,
      "coco_ap_medium": 0.26778349591125683,
      "coco_ap_small": 0.07785202728092624,
      "coco_ar1": 0.23537731297562114,
      "coco_ar10": 0.34011653765249217,
      "coco_ar100": 0.34975058399806735,
      "coco_ar_large": 0.4695469365413695,
      "coco_ar_medium": 0.37503937487474126,
      "coco_ar_small": 0.11006425525400576,
      "nms_iou_threshold": 0.5,
      "num_predictions": 10781.0,
      "num_samples": 500.0,
      "score_alpha": 1.5,
      "score_beta": 1.0,
      "score_threshold": 0.2,
      "top_k": 100
    },
    {
      "coco_ap": 0.2342819053215115,
      "coco_ap50": 0.3448924710667947,
      "coco_ap75": 0.2578660045150298,
      "coco_ap_large": 0.31412630223987886,
      "coco_ap_medium": 0.26744756985057644,
      "coco_ap_small": 0.08035069976117135,
      "coco_ar1": 0.23537731297562114,
      "coco_ar10": 0.345887891683934,
      "coco_ar100": 0.35835329864607207,
      "coco_ar_large": 0.47745334187760385,
      "coco_ar_medium": 0.3847925687617634,
      "coco_ar_small": 0.11517889447511075,
      "nms_iou_threshold": 0.6,
      "num_predictions": 13454.0,
      "num_samples": 500.0,
      "score_alpha": 1.5,
      "score_beta": 1.0,
      "score_threshold": 0.2,
      "top_k": 100
    },
    {
      "coco_ap": 0.2358275600517326,
      "coco_ap50": 0.35399193777984794,
      "coco_ap75": 0.25656498953254386,
      "coco_ap_large": 0.31702365596251236,
      "coco_ap_medium": 0.26536397131482825,
      "coco_ap_small": 0.07696960014930695,
      "coco_ar1": 0.23537731297562114,
      "coco_ar10": 0.3335471750028897,
      "coco_ar100": 0.34027269431652213,
      "coco_ar_large": 0.4520434381203041,
      "coco_ar_medium": 0.3606029808723013,
      "coco_ar_small": 0.1081813672587083,
      "nms_iou_threshold": 0.4,
      "num_predictions": 9191.0,
      "num_samples": 500.0,
      "score_alpha": 1.5,
      "score_beta": 1.0,
      "score_threshold": 0.2,
      "top_k": 200
    },
    {
      "coco_ap": 0.23635307305076791,
      "coco_ap50": 0.35318841895635583,
      "coco_ap75": 0.25678288808345373,
      "coco_ap_large": 0.3178972977231014,
      "coco_ap_medium": 0.26776355354395337,
      "coco_ap_small": 0.07805356905565804,
      "coco_ar1": 0.23537731297562114,
      "coco_ar10": 0.34011653765249217,
      "coco_ar100": 0.3500535140180488,
      "coco_ar_large": 0.4695469365413695,
      "coco_ar_medium": 0.3751596249949914,
      "coco_ar_small": 0.11135862754837805,
      "nms_iou_threshold": 0.5,
      "num_predictions": 10979.0,
      "num_samples": 500.0,
      "score_alpha": 1.5,
      "score_beta": 1.0,
      "score_threshold": 0.2,
      "top_k": 200
    },
    {
      "coco_ap": 0.23431217878277386,
      "coco_ap50": 0.3450097304020606,
      "coco_ap75": 0.2578940111444998,
      "coco_ap_large": 0.31415652187483567,
      "coco_ap_medium": 0.26745485210422876,
      "coco_ap_small": 0.08052937696071681,
      "coco_ar1": 0.23537731297562114,
      "coco_ar10": 0.3460390347030158,
      "coco_ar100": 0.35896023112346165,
      "coco_ar_large": 0.4778977863220482,
      "coco_ar_medium": 0.3853868661968775,
      "coco_ar_small": 0.11659218706487393,
      "nms_iou_threshold": 0.6,
      "num_predictions": 14091.0,
      "num_samples": 500.0,
      "score_alpha": 1.5,
      "score_beta": 1.0,
      "score_threshold": 0.2,
      "top_k": 200
    },
    {
      "coco_ap": 0.23525433500499954,
      "coco_ap50": 0.3508817428511633,
      "coco_ap75": 0.25561647134158255,
      "coco_ap_large": 0.32228009746537384,
      "coco_ap_medium": 0.2559061502123951,
      "coco_ap_small": 0.07850835142552468,
      "coco_ar1": 0.23882194305804305,
      "coco_ar10": 0.3297387329976563,
      "coco_ar100": 0.3313126515682679,
      "coco_ar_large": 0.46501834900974964,
      "coco_ar_medium": 0.34131915758087134,
      "coco_ar_small": 0.10197267251642245,
      "nms_iou_threshold": 0.4,
      "num_predictions": 9025.0,
      "num_samples": 500.0,
      "score_alpha": 2.0,
      "score_beta": 1.0,
      "score_threshold": 0.03,
      "top_k": 20
    },
    {
      "coco_ap": 0.23475168967016888,
      "coco_ap50": 0.3479983676400219,
      "coco_ap75": 0.25467535993173224,
      "coco_ap_large": 0.3231196077564296,
      "coco_ap_medium": 0.2604091567139887,
      "coco_ap_small": 0.07478623190111001,
      "coco_ar1": 0.23710749611659737,
      "coco_ar10": 0.3316421767687039,
      "coco_ar100": 0.33421462272058694,
      "coco_ar_large": 0.4776388082423799,
      "coco_ar_medium": 0.34403326084674163,
      "coco_ar_small": 0.09937721554207139,
      "nms_iou_threshold": 0.5,
      "num_predictions": 9233.0,
      "num_samples": 500.0,
      "score_alpha": 2.0,
      "score_beta": 1.0,
      "score_threshold": 0.03,
      "top_k": 20
    },
    {
      "coco_ap": 0.23120524458160377,
      "coco_ap50": 0.33743670568631057,
      "coco_ap75": 0.2541225522548689,
      "coco_ap_large": 0.31832574587933604,
      "coco_ap_medium": 0.2570604340256434,
      "coco_ap_small": 0.07498959088839884,
      "coco_ar1": 0.23427992601178005,
      "coco_ar10": 0.32845399423417243,
      "coco_ar100": 0.3313300171269627,
      "coco_ar_large": 0.4789701139892405,
      "coco_ar_medium": 0.33770564994906516,
      "coco_ar_small": 0.09816315713576115,
      "nms_iou_threshold": 0.6,
      "num_predictions": 9454.0,
      "num_samples": 500.0,
      "score_alpha": 2.0,
      "score_beta": 1.0,
      "score_threshold": 0.03,
      "top_k": 20
    },
    {
      "coco_ap": 0.24059497359258908,
      "coco_ap50": 0.36336066151975244,
      "coco_ap75": 0.25956307502056664,
      "coco_ap_large": 0.32378759552560565,
      "coco_ap_medium": 0.2650480020890885,
      "coco_ap_small": 0.0880655594222066,
      "coco_ar1": 0.24467495220510657,
      "coco_ar10": 0.35633657517605843,
      "coco_ar100": 0.3631584023535712,
      "coco_ar_large": 0.4916213153912276,
      "coco_ar_medium": 0.38810913796526086,
      "coco_ar_small": 0.1312213831254357,
      "nms_iou_threshold": 0.4,
      "num_predictions": 18074.0,
      "num_samples": 500.0,
      "score_alpha": 2.0,
      "score_beta": 1.0,
      "score_threshold": 0.03,
      "top_k": 50
    },
    {
      "coco_ap": 0.24100083779208586,
      "coco_ap50": 0.36140546718818495,
      "coco_ap75": 0.2596540428934783,
      "coco_ap_large": 0.32488783118294345,
      "coco_ap_medium": 0.2714228270285442,
      "coco_ap_small": 0.08802264074707086,
      "coco_ar1": 0.24373760410823045,
      "coco_ar10": 0.36105838204850565,
      "coco_ar100": 0.37123239169096045,
      "coco_ar_large": 0.5077419017352166,
      "coco_ar_medium": 0.40156917378783846,
      "coco_ar_small": 0.13213049517139694,
      "nms_iou_threshold": 0.5,
      "num_predictions": 19359.0,
      "num_samples": 500.0,
      "score_alpha": 2.0,
      "score_beta": 1.0,
      "score_threshold": 0.03,
      "top_k": 50
    },
    {
      "coco_ap": 0.2386536430659862,
      "coco_ap50": 0.35190453119066056,
      "coco_ap75": 0.26049939905470754,
      "coco_ap_large": 0.3217899343251258,
      "coco_ap_medium": 0.26981933938677904,
      "coco_ap_small": 0.0878796573575584,
      "coco_ar1": 0.2430181380042097,
      "coco_ar10": 0.3630868951598584,
      "coco_ar100": 0.3752424433412,
      "coco_ar_large": 0.5153106031386414,
      "coco_ar_medium": 0.403209669936234,
      "coco_ar_small": 0.13315072201542716,
      "nms_iou_threshold": 0.6,
      "num_predictions": 20728.0,
      "num_samples": 500.0,
      "score_alpha": 2.0,
      "score_beta": 1.0,
      "score_threshold": 0.03,
      "top_k": 50
    },
    {
      "coco_ap": 0.24156207168865362,
      "coco_ap50": 0.3658765930456004,
      "coco_ap75": 0.2602259273526653,
      "coco_ap_large": 0.3245965625277427,
      "coco_ap_medium": 0.2660632830688744,
      "coco_ap_small": 0.08959084908488088,
      "coco_ar1": 0.2469739783548253,
      "coco_ar10": 0.36402006734847453,
      "coco_ar100": 0.3747150732287926,
      "coco_ar_large": 0.5008741192473158,
      "coco_ar_medium": 0.40046865436077744,
      "coco_ar_small": 0.14283881358095998,
      "nms_iou_threshold": 0.4,
      "num_predictions": 25520.0,
      "num_samples": 500.0,
      "score_alpha": 2.0,
      "score_beta": 1.0,
      "score_threshold": 0.03,
      "top_k": 100
    },
    {
      "coco_ap": 0.24239479940918912,
      "coco_ap50": 0.36496073360684295,
      "coco_ap75": 0.26057798111584973,
      "coco_ap_large": 0.32545722223048035,
      "coco_ap_medium": 0.2733837846707236,
      "coco_ap_small": 0.09001830001360706,
      "coco_ar1": 0.246730550896208,
      "coco_ar10": 0.37093063403760634,
      "coco_ar100": 0.38612856676338636,
      "coco_ar_large": 0.5166783893645546,
      "coco_ar_medium": 0.42146331473334303,
      "coco_ar_small": 0.1437951423687133,
      "nms_iou_threshold": 0.5,
      "num_predictions": 28972.0,
      "num_samples": 500.0,
      "score_alpha": 2.0,
      "score_beta": 1.0,
      "score_threshold": 0.03,
      "top_k": 100
    },
    {
      "coco_ap": 0.24049127564361356,
      "coco_ap50": 0.3560130287531498,
      "coco_ap75": 0.26208806788541605,
      "coco_ap_large": 0.3228893868974253,
      "coco_ap_medium": 0.27240813341074444,
      "coco_ap_small": 0.09189226916647102,
      "coco_ar1": 0.2461747879664249,
      "coco_ar10": 0.3755199961870413,
      "coco_ar100": 0.3948734867353923,
      "coco_ar_large": 0.5319319480309229,
      "coco_ar_medium": 0.42667287703480183,
      "coco_ar_small": 0.15029307399852337,
      "nms_iou_threshold": 0.6,
      "num_predictions": 32759.0,
      "num_samples": 500.0,
      "score_alpha": 2.0,
      "score_beta": 1.0,
      "score_threshold": 0.03,
      "top_k": 100
    },
    {
      "coco_ap": 0.24182324698347088,
      "coco_ap50": 0.36655566736559975,
      "coco_ap75": 0.2603854073623801,
      "coco_ap_large": 0.32456291767482864,
      "coco_ap_medium": 0.2666427095808901,
      "coco_ap_small": 0.08986611599989346,
      "coco_ar1": 0.24800070128028237,
      "coco_ar10": 0.3660373587642015,
      "coco_ar100": 0.37813760967240306,
      "coco_ar_large": 0.5008741192473158,
      "coco_ar_medium": 0.4068524901120888,
      "coco_ar_small": 0.1463597914262811,
      "nms_iou_threshold": 0.4,
      "num_predictions": 29257.0,
      "num_samples": 500.0,
      "score_alpha": 2.0,
      "score_beta": 1.0,
      "score_threshold": 0.03,
      "top_k": 200
    },
    {
      "coco_ap": 0.24279776633554168,
      "coco_ap50": 0.36607462939502006,
      "coco_ap75": 0.26076569177657194,
      "coco_ap_large": 0.32545117607254104,
      "coco_ap_medium": 0.27398211427016883,
      "coco_ap_small": 0.09089926726724444,
      "coco_ar1": 0.24800070128028237,
      "coco_ar10": 0.3744387387318767,
      "coco_ar100": 0.3921067032444808,
      "coco_ar_large": 0.5173886972846757,
      "coco_ar_medium": 0.42930691271068977,
      "coco_ar_small": 0.15343633668106924,
      "nms_iou_threshold": 0.5,
      "num_predictions": 35953.0,
      "num_samples": 500.0,
      "score_alpha": 2.0,
      "score_beta": 1.0,
      "score_threshold": 0.03,
      "top_k": 200
    },
    {
      "coco_ap": 0.24104393868901358,
      "coco_ap50": 0.35737585536720334,
      "coco_ap75": 0.2625536533435662,
      "coco_ap_large": 0.3228475811286137,
      "coco_ap_medium": 0.2730133888677854,
      "coco_ap_small": 0.09344253237229913,
      "coco_ar1": 0.2469739783548253,
      "coco_ar10": 0.3821966080647813,
      "coco_ar100": 0.4053681898326092,
      "coco_ar_large": 0.5339499591500799,
      "coco_ar_medium": 0.439803531210238,
      "coco_ar_small": 0.16194162271748333,
      "nms_iou_threshold": 0.6,
      "num_predictions": 44209.0,
      "num_samples": 500.0,
      "score_alpha": 2.0,
      "score_beta": 1.0,
      "score_threshold": 0.03,
      "top_k": 200
    },
    {
      "coco_ap": 0.2352124845748089,
      "coco_ap50": 0.35082158493663773,
      "coco_ap75": 0.25560721709136985,
      "coco_ap_large": 0.3220106149567864,
      "coco_ap_medium": 0.2558967166601029,
      "coco_ap_small": 0.07847151738497776,
      "coco_ar1": 0.23859832270664494,
      "coco_ar10": 0.32935950681465315,
      "coco_ar100": 0.3309334253852647,
      "coco_ar_large": 0.462684637747467,
      "coco_ar_medium": 0.34117929744101116,
      "coco_ar_small": 0.10179725907602476,
      "nms_iou_threshold": 0.4,
      "num_predictions": 8661.0,
      "num_samples": 500.0,
      "score_alpha": 2.0,
      "score_beta": 1.0,
      "score_threshold": 0.05,
      "top_k": 20
    },
    {
      "coco_ap": 0.23470554731159476,
      "coco_ap50": 0.34793570314572436,
      "coco_ap75": 0.25467535993173224,
      "coco_ap_large": 0.32286952067707464,
      "coco_ap_medium": 0.2604091567139887,
      "coco_ap_small": 0.07477588157643666,
      "coco_ar1": 0.23688387576519923,
      "coco_ar10": 0.3312931667266395,
      "coco_ar100": 0.3338656126785226,
      "coco_ar_large": 0.47492630910130934,
      "coco_ar_medium": 0.34403326084674163,
      "coco_ar_small": 0.09935331725318888,
      "nms_iou_threshold": 0.5,
      "num_predictions": 8924.0,
      "num_samples": 500.0,
      "score_alpha": 2.0,
      "score_beta": 1.0,
      "score_threshold": 0.05,
      "top_k": 20
    },
    {
      "coco_ap": 0.23115293651301183,
      "coco_ap50": 0.3373683444198042,
      "coco_ap75": 0.2541225522548689,
      "coco_ap_large": 0.31804974737705194,
      "coco_ap_medium": 0.2570604340256434,
      "coco_ap_small": 0.07498462662385644,
      "coco_ar1": 0.23405630566038194,
      "coco_ar10": 0.3281049841921081,
      "coco_ar100": 0.3309810070848983,
      "coco_ar_large": 0.4762576148481699,
      "coco_ar_medium": 0.33770564994906516,
      "coco_ar_small": 0.09813925884687864,
      "nms_iou_threshold": 0.6,
      "num_predictions": 9187.0,
      "num_samples": 500.0,
      "score_alpha": 2.0,
      "score_beta": 1.0,
      "score_threshold": 0.05,
      "top_k": 20
    },
    {
      "coco_ap": 0.2404249335486912,
      "coco_ap50": 0.36281327473636066,
      "coco_ap75": 0.2594318741247168,
      "coco_ap_large": 0.32339110440051305,
      "coco_ap_medium": 0.26485968306193386,
      "coco_ap_small": 0.08802258521968039,
      "coco_ar1": 0.2437480969732584,
      "coco_ar10": 0.35461583613042635,
      "coco_ar100": 0.36118811345659024,
      "coco_ar_large": 0.48326900847830306,
      "coco_ar_medium": 0.3860614413808227,
      "coco_ar_small": 0.13094649305756453,
      "nms_iou_threshold": 0.4,
      "num_predictions": 16047.0,
      "num_samples": 500.0,
      "score_alpha": 2.0,
      "score_beta": 1.0,
      "score_threshold": 0.05,
      "top_k": 50
    },
    {
      "coco_ap": 0.24080419820002333,
      "coco_ap50": 0.3608615325779455,
      "coco_ap75": 0.25950302624016836,
      "coco_ap_large": 0.32452508519020234,
      "coco_ap_medium": 0.27129569039218565,
      "coco_ap_small": 0.08739651252067737,
      "coco_ar1": 0.24281074887638227,
      "coco_ar10": 0.3591237928134968,
      "coco_ar100": 0.3688145095198601,
      "coco_ar_large": 0.4990108069435041,
      "coco_ar_medium": 0.39950220967765904,
      "coco_ar_small": 0.12996166570958637,
      "nms_iou_threshold": 0.5,
      "num_predictions": 17380.0,
      "num_samples": 500.0,
      "score_alpha": 2.0,
      "score_beta": 1.0,
      "score_threshold": 0.05,
      "top_k": 50
    },
    {
      "coco_ap": 0.23854189479850782,
      "coco_ap50": 0.3516345384029576,
      "coco_ap75": 0.2603824083148627,
      "coco_ap_large": 0.3214910368390306,
      "coco_ap_medium": 0.26973740249650335,
      "coco_ap_small": 0.08787230254002333,
      "coco_ar1": 0.2420912827723615,
      "coco_ar10": 0.3615748507043349,
      "coco_ar100": 0.37367536311242394,
      "coco_ar_large": 0.506760406353914,
      "coco_ar_medium": 0.4019547632267818,
      "coco_ar_small": 0.13312682372654464,
      "nms_iou_threshold": 0.6,
      "num_predictions": 19077.0,
      "num_samples": 500.0,
      "score_alpha": 2.0,
      "score_beta": 1.0,
      "score_threshold": 0.05,
      "top_k": 50
    },
    {
      "coco_ap": 0.24125691000209007,
      "coco_ap50": 0.3649309063452732,
      "coco_ap75": 0.2600225555664202,
      "coco_ap_large": 0.3236885419574089,
      "coco_ap_medium": 0.26577729069591777,
      "coco_ap_small": 0.08943471245882881,
      "coco_ar1": 0.245203241266437,
      "coco_ar10": 0.3595723399068846,
      "coco_ar100": 0.3695937315751289,
      "coco_ar_large": 0.4867809737156456,
      "coco_ar_medium": 0.39568963680972424,
      "coco_ar_small": 0.1413970320406922,
      "nms_iou_threshold": 0.4,
      "num_predictions": 20842.0,
      "num_samples": 500.0,
      "score_alpha": 2.0,
      "score_beta": 1.0,
      "score_threshold": 0.05,
      "top_k": 100
    },
    {
      "coco_ap": 0.2421123766058256,
      "coco_ap50": 0.36419819477483695,
      "coco_ap75": 0.26036933514276395,
      "coco_ap_large": 0.3246916191700831,
      "coco_ap_medium": 0.2731034973536666,
      "coco_ap_small": 0.08936737555367717,
      "coco_ar1": 0.24495981380781967,
      "coco_ar10": 0.3667149863180081,
      "coco_ar100": 0.3807909036875694,
      "coco_ar_large": 0.5028084056839531,
      "coco_ar_medium": 0.4158419252684894,
      "coco_ar_small": 0.14077277621858478,
      "nms_iou_threshold": 0.5,
      "num_predictions": 24115.0,
      "num_samples": 500.0,
      "score_alpha": 2.0,
      "score_beta": 1.0,
      "score_threshold": 0.05,
      "top_k": 100
    },
    {
      "coco_ap": 0.24024173313630237,
      "coco_ap50": 0.3554098472516158,
      "coco_ap75": 0.26189561726313304,
      "coco_ap_large": 0.3221584477888812,
      "coco_ap_medium": 0.2721797545374702,
      "coco_ap_small": 0.09148112920502312,
      "coco_ar1": 0.24440405087803657,
      "coco_ar10": 0.3718949379456389,
      "coco_ar100": 0.38994586000802334,
      "coco_ar_large": 0.5178020283345717,
      "coco_ar_medium": 0.4225321929937595,
      "coco_ar_small": 0.14781647135342724,
      "nms_iou_threshold": 0.6,
      "num_predictions": 28192.0,
      "num_samples": 500.0,
      "score_alpha": 2.0,
      "score_beta": 1.0,
      "score_threshold": 0.05,
      "top_k": 100
    },
    {
      "coco_ap": 0.241430647949052,
      "coco_ap50": 0.3653290098507957,
      "coco_ap75": 0.26018967897941736,
      "coco_ap_large": 0.32367867039696996,
      "coco_ap_medium": 0.26627488508760205,
      "coco_ap_small": 0.08947803470290332,
      "coco_ar1": 0.2460893172158041,
      "coco_ar10": 0.3610463299030093,
      "coco_ar100": 0.37177162750700743,
      "coco_ar_large": 0.4867809737156456,
      "coco_ar_medium": 0.4006183943267171,
      "coco_ar_small": 0.14269226458592474,
      "nms_iou_threshold": 0.4,
      "num_predictions": 22312.0,
      "num_samples": 500.0,
      "score_alpha": 2.0,
      "score_beta": 1.0,
      "score_threshold": 0.05,
      "top_k": 200
    },
    {
      "coco_ap": 0.24244655376031463,
      "coco_ap50": 0.3650766377037707,
      "coco_ap75": 0.2605675815496233,
      "coco_ap_large": 0.324712680231855,
      "coco_ap_medium": 0.2736398613458436,
      "coco_ap_small": 0.0902153013548183,
      "coco_ar1": 0.2460893172158041,
      "coco_ar10": 0.369627866695997,
      "coco_ar100": 0.3854624299113677,
      "coco_ar_large": 0.5031529873762791,
      "coco_ar_medium": 0.422519268865296,
      "coco_ar_small": 0.14815228219584664,
      "nms_iou_threshold": 0.5,
      "num_predictions": 27438.0,
      "num_samples": 500.0,
      "score_alpha": 2.0,
      "score_beta": 1.0,
      "score_threshold": 0.05,
      "top_k": 200
    },
    {
      "coco_ap": 0.24074474200254853,
      "coco_ap50": 0.35664275583403277,
      "coco_ap75": 0.26234159515803557,
      "coco_ap_large": 0.32214467566829874,
      "coco_ap_medium": 0.2727161476607731,
      "coco_ap_small": 0.09299696291006397,
      "coco_ar1": 0.245203241266437,
      "coco_ar10": 0.37742823491957045,
      "coco_ar100": 0.39861036451597737,
      "coco_ar_large": 0.5193759433199773,
      "coco_ar_medium": 0.4328877783226983,
      "coco_ar_small": 0.15802349896256407,
      "nms_iou_threshold": 0.6,
      "num_predictions": 34866.0,
      "num_samples": 500.0,
      "score_alpha": 2.0,
      "score_beta": 1.0,
      "score_threshold": 0.05,
      "top_k": 200
    },
    {
      "coco_ap": 0.234897644982539,
      "coco_ap50": 0.35009094968548105,
      "coco_ap75": 0.2554990110931961,
      "coco_ap_large": 0.3213850005999915,
      "coco_ap_medium": 0.25558767623506945,
      "coco_ap_small": 0.07826598779144886,
      "coco_ar1": 0.23754174290477265,
      "coco_ar10": 0.32729924317249776,
      "coco_ar100": 0.3288731617431094,
      "coco_ar_large": 0.45847681446663946,
      "coco_ar_medium": 0.33927070076421295,
      "coco_ar_small": 0.10117742436528096,
      "nms_iou_threshold": 0.4,
      "num_predictions": 7724.0,
      "num_samples": 500.0,
      "score_alpha": 2.0,
      "score_beta": 1.0,
      "score_threshold": 0.1,
      "top_k": 20
    },
    {
      "coco_ap": 0.23447833015256372,
      "coco_ap50": 0.34751927209752215,
      "coco_ap75": 0.2544970771153729,
      "coco_ap_large": 0.3221785856363259,
      "coco_ap_medium": 0.2602365575928873,
      "coco_ap_small": 0.07473144852110371,
      "coco_ar1": 0.2358741782886903,
      "coco_ar10": 0.329718133307042,
      "coco_ar100": 0.3322905792589251,
      "coco_ar_large": 0.46917488226794984,
      "coco_ar_medium": 0.34291106137345295,
      "coco_ar_small": 0.09918802799699052,
      "nms_iou_threshold": 0.5,
      "num_predictions": 8099.0,
      "num_samples": 500.0,
      "score_alpha": 2.0,
      "score_beta": 1.0,
      "score_threshold": 0.1,
      "top_k": 20
    },
    {
      "coco_ap": 0.2310481930099311,
      "coco_ap50": 0.3371221149280243,
      "coco_ap75": 0.2540762174779942,
      "coco_ap_large": 0.31780133234047203,
      "coco_ap_medium": 0.25700727888434516,
      "coco_ap_small": 0.07466424350973078,
      "coco_ar1": 0.23376229567922738,
      "coco_ar10": 0.3273771839594685,
      "coco_ar100": 0.3302532068522588,
      "coco_ar_large": 0.47382705929261437,
      "coco_ar_medium": 0.33741262130494726,
      "coco_ar_small": 0.09721639383310454,
      "nms_iou_threshold": 0.6,
      "num_predictions": 8540.0,
      "num_samples": 500.0,
      "score_alpha": 2.0,
      "score_beta": 1.0,
      "score_threshold": 0.1,
      "top_k": 20
    },
    {
      "coco_ap": 0.23970206633368035,
      "coco_ap50": 0.3608143717645038,
      "coco_ap75": 0.2590677229727389,
      "coco_ap_large": 0.3224756737480251,
      "coco_ap_medium": 0.2637660796062006,
      "coco_ap_small": 0.08689506492821497,
      "coco_ar1": 0.24130218831245098,
      "coco_ar10": 0.34798319439020176,
      "coco_ar100": 0.35428053088296624,
      "coco_ar_large": 0.47394660717974546,
      "coco_ar_medium": 0.37196105103814603,
      "coco_ar_small": 0.12621601843331223,
      "nms_iou_threshold": 0.4,
      "num_predictions": 12029.0,
      "num_samples": 500.0,
      "score_alpha": 2.0,
      "score_beta": 1.0,
      "score_threshold": 0.1,
      "top_k": 50
    },
    {
      "coco_ap": 0.24010866199852537,
      "coco_ap50": 0.35928319074973303,
      "coco_ap75": 0.2590604416439179,
      "coco_ap_large": 0.32357190599770164,
      "coco_ap_medium": 0.27000945783891955,
      "coco_ap_small": 0.0866676166650198,
      "coco_ar1": 0.24050814090819486,
      "coco_ar10": 0.35314188435251537,
      "coco_ar100": 0.362149581722582,
      "coco_ar_large": 0.48690193079116223,
      "coco_ar_medium": 0.38579096651070777,
      "coco_ar_small": 0.1267251474512328,
      "nms_iou_threshold": 0.5,
      "num_predictions": 13402.0,
      "num_samples": 500.0,
      "score_alpha": 2.0,
      "score_beta": 1.0,
      "score_threshold": 0.1,
      "top_k": 50
    },
    {
      "coco_ap": 0.23803569217281262,
      "coco_ap50": 0.3505174176623414,
      "coco_ap75": 0.26004021494750035,
      "coco_ap_large": 0.3207975020631573,
      "coco_ap_medium": 0.2689754551073158,
      "coco_ap_small": 0.08663975943146059,
      "coco_ar1": 0.2398842085992541,
      "coco_ar10": 0.35685632260522515,
      "coco_ar100": 0.368309933859941,
      "coco_ar_large": 0.49845794501157553,
      "coco_ar_medium": 0.39229491018974777,
      "coco_ar_small": 0.1288441125039496,
      "nms_iou_threshold": 0.6,
      "num_predictions": 15266.0,
      "num_samples": 500.0,
      "score_alpha": 2.0,
      "score_beta": 1.0,
      "score_threshold": 0.1,
      "top_k": 50
    },
    {
      "coco_ap": 0.24019297713222132,
      "coco_ap50": 0.3621216232237898,
      "coco_ap75": 0.2593815586563386,
      "coco_ap_large": 0.32246962895061376,
      "coco_ap_medium": 0.2642946488637575,
      "coco_ap_small": 0.0876167589345762,
      "coco_ar1": 0.24174364111551344,
      "coco_ar10": 0.34999926395127545,
      "coco_ar100": 0.35830873506070665,
      "coco_ar_large": 0.474928488821291,
      "coco_ar_medium": 0.37587536264390753,
      "coco_ar_small": 0.1317550370092827,
      "nms_iou_threshold": 0.4,
      "num_predictions": 13486.0,
      "num_samples": 500.0,
      "score_alpha": 2.0,
      "score_beta": 1.0,
      "score_threshold": 0.1,
      "top_k": 100
    },
    {
      "coco_ap": 0.2410848646405946,
      "coco_ap50": 0.36192619939286375,
      "coco_ap75": 0.2597579479446338,
      "coco_ap_large": 0.3235346108132403,
      "coco_ap_medium": 0.27148923782303985,
      "coco_ap_small": 0.08807737169086155,
      "coco_ar1": 0.24150021365689614,
      "coco_ar10": 0.3573150059927432,
      "coco_ar100": 0.3692711860696877,
      "coco_ar_large": 0.4882262675965914,
      "coco_ar_medium": 0.39522244022901054,
      "coco_ar_small": 0.1340258359215579,
      "nms_iou_threshold": 0.5,
      "num_predictions": 15979.0,
      "num_samples": 500.0,
      "score_alpha": 2.0,
      "score_beta": 1.0,
      "score_threshold": 0.1,
      "top_k": 100
    },
    {
      "coco_ap": 0.23934472867525575,
      "coco_ap50": 0.35359767896123184,
      "coco_ap75": 0.2611878867493962,
      "coco_ap_large": 0.32090327555848436,
      "coco_ap_medium": 0.27089601433964183,
      "coco_ap_small": 0.09000574925663103,
      "coco_ar1": 0.24145333133153277,
      "coco_ar10": 0.3631817721729977,
      "coco_ar100": 0.37871174947026826,
      "coco_ar_large": 0.5014887451810678,
      "coco_ar_medium": 0.40443142146964933,
      "coco_ar_small": 0.13948133108589236,
      "nms_iou_threshold": 0.6,
      "num_predictions": 19554.0,
      "num_samples": 500.0,
      "score_alpha": 2.0,
      "score_beta": 1.0,
      "score_threshold": 0.1,
      "top_k": 100
    },
    {
      "coco_ap": 0.24028785776554443,
      "coco_ap50": 0.3623278982379383,
      "coco_ap75": 0.25951581578776783,
      "coco_ap_large": 0.3224691250542609,
      "coco_ap_medium": 0.2646808884475173,
      "coco_ap_small": 0.08759509375247683,
      "coco_ar1": 0.2426297170648805,
      "coco_ar10": 0.3508853399006425,
      "coco_ar100": 0.35921701842735115,
      "coco_ar_large": 0.474928488821291,
      "coco_ar_medium": 0.37890566567421063,
      "coco_ar_small": 0.13181816832241405,
      "nms_iou_threshold": 0.4,
      "num_predictions": 13773.0,
      "num_samples": 500.0,
      "score_alpha": 2.0,
      "score_beta": 1.0,
      "score_threshold": 0.1,
      "top_k": 200
    },
    {
      "coco_ap": 0.24127003910131525,
      "coco_ap50": 0.3624067823492573,
      "coco_ap75": 0.25990297398060525,
      "coco_ap_large": 0.32353600980530306,
      "coco_ap_medium": 0.27190284837527434,
      "coco_ap_small": 0.08846018653635432,
      "coco_ar1": 0.2426297170648805,
      "coco_ar10": 0.3585964081349048,
      "coco_ar100": 0.3710814206006214,
      "coco_ar_large": 0.4882357158203253,
      "coco_ar_medium": 0.39872449373106406,
      "coco_ar_small": 0.13623550033473275,
      "nms_iou_threshold": 0.5,
      "num_predictions": 16625.0,
      "num_samples": 500.0,
      "score_alpha": 2.0,
      "score_beta": 1.0,
      "score_threshold": 0.1,
      "top_k": 200
    },
    {
      "coco_ap": 0.2394853659822799,
      "coco_ap50": 0.3540266009027079,
      "coco_ap75": 0.2612142756066953,
      "coco_ap_large": 0.3208740140772826,
      "coco_ap_medium": 0.2709533360761196,
      "coco_ap_small": 0.09070662063722823,
      "coco_ar1": 0.24174364111551344,
      "coco_ar10": 0.36405344193224554,
      "coco_ar100": 0.38077966094294996,
      "coco_ar_large": 0.5020443007366233,
      "coco_ar_medium": 0.4058900522386249,
      "coco_ar_small": 0.14328562872485526,
      "nms_iou_threshold": 0.6,
      "num_predictions": 21239.0,
      "num_samples": 500.0,
      "score_alpha": 2.0,
      "score_beta": 1.0,
      "score_threshold": 0.1,
      "top_k": 200
    },
    {
      "coco_ap": 0.23261721521689793,
      "coco_ap50": 0.3446728815855617,
      "coco_ap75": 0.2539716443018713,
      "coco_ap_large": 0.3185657441052569,
      "coco_ap_medium": 0.253335456527262,
      "coco_ap_small": 0.07334633874212027,
      "coco_ar1": 0.23375959522947184,
      "coco_ar10": 0.3159072909089406,
      "coco_ar100": 0.31729552615269335,
      "coco_ar_large": 0.4393874982754279,
      "coco_ar_medium": 0.32595423302533383,
      "coco_ar_small": 0.09168888768461506,
      "nms_iou_threshold": 0.4,
      "num_predictions": 5662.0,
      "num_samples": 500.0,
      "score_alpha": 2.0,
      "score_beta": 1.0,
      "score_threshold": 0.2,
      "top_k": 20
    },
    {
      "coco_ap": 0.23246034362588758,
      "coco_ap50": 0.3431210169067722,
      "coco_ap75": 0.25300574835113226,
      "coco_ap_large": 0.3198437887835036,
      "coco_ap_medium": 0.258212470037085,
      "coco_ap_small": 0.07048702010434549,
      "coco_ar1": 0.23324883369023652,
      "coco_ar10": 0.3199318135504204,
      "coco_ar100": 0.32216759520564126,
      "coco_ar_large": 0.45618483827720097,
      "coco_ar_medium": 0.3326312467519601,
      "coco_ar_small": 0.09099121272768684,
      "nms_iou_threshold": 0.5,
      "num_predictions": 6081.0,
      "num_samples": 500.0,
      "score_alpha": 2.0,
      "score_beta": 1.0,
      "score_threshold": 0.2,
      "top_k": 20
    },
    {
      "coco_ap": 0.22955704906255764,
      "coco_ap50": 0.3341502285369478,
      "coco_ap75": 0.2528762208883228,
      "coco_ap_large": 0.31565052941665334,
      "coco_ap_medium": 0.2558353106431492,
      "coco_ap_small": 0.07085105256595554,
      "coco_ar1": 0.23153752563557312,
      "coco_ar10": 0.31952259673456646,
      "coco_ar100": 0.3223851820181762,
      "coco_ar_large": 0.46000080055991976,
      "coco_ar_medium": 0.3318354820923745,
      "coco_ar_small": 0.09039346653469198,
      "nms_iou_threshold": 0.6,
      "num_predictions": 6694.0,
      "num_samples": 500.0,
      "score_alpha": 2.0,
      "score_beta": 1.0,
      "score_threshold": 0.2,
      "top_k": 20
    },
    {
      "coco_ap": 0.2349542561603166,
      "coco_ap50": 0.34945118498376715,
      "coco_ap75": 0.25579098357569924,
      "coco_ap_large": 0.3187332832470844,
      "coco_ap_medium": 0.2581096892191081,
      "coco_ap_small": 0.07607007553947877,
      "coco_ar1": 0.23552681156438215,
      "coco_ar10": 0.3237512522610311,
      "coco_ar100": 0.32808167237782215,
      "coco_ar_large": 0.4433102852241199,
      "coco_ar_medium": 0.3418410236143844,
      "coco_ar_small": 0.10013147481319969,
      "nms_iou_threshold": 0.4,
      "num_predictions": 6933.0,
      "num_samples": 500.0,
      "score_alpha": 2.0,
      "score_beta": 1.0,
      "score_threshold": 0.2,
      "top_k": 50
    },
    {
      "coco_ap": 0.23594710384601267,
      "coco_ap50": 0.3497427849965355,
      "coco_ap75": 0.25611698410233485,
      "coco_ap_large": 0.32047273866453807,
      "coco_ap_medium": 0.2646450238289391,
      "coco_ap_small": 0.07649406892353064,
      "coco_ar1": 0.2348552631393012,
      "coco_ar10": 0.32982450662444923,
      "coco_ar100": 0.33683527001559527,
      "coco_ar_large": 0.46373143454631277,
      "coco_ar_medium": 0.3531349270337436,
      "coco_ar_small": 0.10200015338560303,
      "nms_iou_threshold": 0.5,
      "num_predictions": 7877.0,
      "num_samples": 500.0,
      "score_alpha": 2.0,
      "score_beta": 1.0,
      "score_threshold": 0.2,
      "top_k": 50
    },
    {
      "coco_ap": 0.2344088597024506,
      "coco_ap50": 0.34286755052454676,
      "coco_ap75": 0.2573842313540543,
      "coco_ap_large": 0.3180141630938313,
      "coco_ap_medium": 0.2641456968296292,
      "coco_ap_small": 0.07767305391788784,
      "coco_ar1": 0.2344179642078949,
      "coco_ar10": 0.33555138177143023,
      "coco_ar100": 0.3437107774219528,
      "coco_ar_large": 0.4726483054123942,
      "coco_ar_medium": 0.360447183368659,
      "coco_ar_small": 0.10406913087832213,
      "nms_iou_threshold": 0.6,
      "num_predictions": 9375.0,
      "num_samples": 500.0,
      "score_alpha": 2.0,
      "score_beta": 1.0,
      "score_threshold": 0.2,
      "top_k": 50
    },
    {
      "coco_ap": 0.23513511887781438,
      "coco_ap50": 0.3498333055452375,
      "coco_ap75": 0.2559244318583373,
      "coco_ap_large": 0.31869679183938676,
      "coco_ap_medium": 0.2584416536500341,
      "coco_ap_small": 0.07633173779311056,
      "coco_ar1": 0.23567795458346397,
      "coco_ar10": 0.32399070849765776,
      "coco_ar100": 0.3292795820950118,
      "coco_ar_large": 0.44375472966856433,
      "coco_ar_medium": 0.3437902629852538,
      "coco_ar_small": 0.10073326191498679,
      "nms_iou_threshold": 0.4,
      "num_predictions": 7138.0,
      "num_samples": 500.0,
      "score_alpha": 2.0,
      "score_beta": 1.0,
      "score_threshold": 0.2,
      "top_k": 100
    },
    {
      "coco_ap": 0.23631791101527086,
      "coco_ap50": 0.35068094861026894,
      "coco_ap75": 0.2563924713707393,
      "coco_ap_large": 0.32040009769607003,
      "coco_ap_medium": 0.2651328517537664,
      "coco_ap_small": 0.07751491957580411,
      "coco_ar1": 0.23567795458346397,
      "coco_ar10": 0.3309204009462801,
      "coco_ar100": 0.3392348010067132,
      "coco_ar_large": 0.4641853272144911,
      "coco_ar_medium": 0.3560801149005616,
      "coco_ar_small": 0.10415050303595269,
      "nms_iou_threshold": 0.5,
      "num_predictions": 8248.0,
      "num_samples": 500.0,
      "score_alpha": 2.0,
      "score_beta": 1.0,
      "score_threshold": 0.2,
      "top_k": 100
    },
    {
      "coco_ap": 0.23503615780370807,
      "coco_ap50": 0.3441571630669869,
      "coco_ap75": 0.2578937607860567,
      "coco_ap_large": 0.31795916787375433,
      "coco_ap_medium": 0.265233066498256,
      "coco_ap_small": 0.07937236993534891,
      "coco_ar1": 0.23567795458346397,
      "coco_ar10": 0.33759246695660794,
      "coco_ar100": 0.3474999497815495,
      "coco_ar_large": 0.47313999097550824,
      "coco_ar_medium": 0.36593407277000517,
      "coco_ar_small": 0.10708949685021393,
      "nms_iou_threshold": 0.6,
      "num_predictions": 10211.0,
      "num_samples": 500.0,
      "score_alpha": 2.0,
      "score_beta": 1.0,
      "score_threshold": 0.2,
      "top_k": 100
    },
    {
      "coco_ap": 0.23513511887781438,
      "coco_ap50": 0.3498333055452375,
      "coco_ap75": 0.2559244318583373,
      "coco_ap_large": 0.31869679183938676,
      "coco_ap_medium": 0.2584416536500341,
      "coco_ap_small": 0.07633173779311056,
      "coco_ar1": 0.23567795458346397,
      "coco_ar10": 0.32399070849765776,
      "coco_ar100": 0.3292795820950118,
      "coco_ar_large": 0.44375472966856433,
      "coco_ar_medium": 0.3437902629852538,
      "coco_ar_small": 0.10073326191498679,
      "nms_iou_threshold": 0.4,
      "num_predictions": 7138.0,
      "num_samples": 500.0,
      "score_alpha": 2.0,
      "score_beta": 1.0,
      "score_threshold": 0.2,
      "top_k": 200
    },
    {
      "coco_ap": 0.23632850592186994,
      "coco_ap50": 0.3507008928595137,
      "coco_ap75": 0.2564006452824257,
      "coco_ap_large": 0.32040006267856264,
      "coco_ap_medium": 0.26513167204071714,
      "coco_ap_small": 0.0775633965890858,
      "coco_ar1": 0.23567795458346397,
      "coco_ar10": 0.3309204009462801,
      "coco_ar100": 0.3393285656574399,
      "coco_ar_large": 0.4641853272144911,
      "coco_ar_medium": 0.3560801149005616,
      "coco_ar_small": 0.10430201818746783,
      "nms_iou_threshold": 0.5,
      "num_predictions": 8273.0,
      "num_samples": 500.0,
      "score_alpha": 2.0,
      "score_beta": 1.0,
      "score_threshold": 0.2,
      "top_k": 200
    },
    {
      "coco_ap": 0.23503147771519564,
      "coco_ap50": 0.34416031177765677,
      "coco_ap75": 0.257880673042263,
      "coco_ap_large": 0.3179324756582739,
      "coco_ap_medium": 0.26523595098739733,
      "coco_ap_small": 0.07937236993534891,
      "coco_ar1": 0.23567795458346397,
      "coco_ar10": 0.33759246695660794,
      "coco_ar100": 0.347568994660721,
      "coco_ar_large": 0.47313999097550824,
      "coco_ar_medium": 0.3660684211802156,
      "coco_ar_small": 0.10708949685021393,
      "nms_iou_threshold": 0.6,
      "num_predictions": 10364.0,
      "num_samples": 500.0,
      "score_alpha": 2.0,
      "score_beta": 1.0,
      "score_threshold": 0.2,
      "top_k": 200
    }
  ],
  "sweep_space": {
    "nms_iou_thresholds": [
      0.4,
      0.5,
      0.6
    ],
    "score_alphas": [
      1.5,
      2.0
    ],
    "score_betas": [
      1.0
    ],
    "score_thresholds": [
      0.03,
      0.05,
      0.1,
      0.2
    ],
    "top_ks": [
      20,
      50,
      100,
      200
    ]
  },
  "top_by_ap": [
    {
      "coco_ap": 0.24279776633554168,
      "coco_ap50": 0.36607462939502006,
      "coco_ap75": 0.26076569177657194,
      "coco_ap_large": 0.32545117607254104,
      "coco_ap_medium": 0.27398211427016883,
      "coco_ap_small": 0.09089926726724444,
      "coco_ar1": 0.24800070128028237,
      "coco_ar10": 0.3744387387318767,
      "coco_ar100": 0.3921067032444808,
      "coco_ar_large": 0.5173886972846757,
      "coco_ar_medium": 0.42930691271068977,
      "coco_ar_small": 0.15343633668106924,
      "nms_iou_threshold": 0.5,
      "num_predictions": 35953.0,
      "num_samples": 500.0,
      "score_alpha": 2.0,
      "score_beta": 1.0,
      "score_threshold": 0.03,
      "top_k": 200
    },
    {
      "coco_ap": 0.24244655376031463,
      "coco_ap50": 0.3650766377037707,
      "coco_ap75": 0.2605675815496233,
      "coco_ap_large": 0.324712680231855,
      "coco_ap_medium": 0.2736398613458436,
      "coco_ap_small": 0.0902153013548183,
      "coco_ar1": 0.2460893172158041,
      "coco_ar10": 0.369627866695997,
      "coco_ar100": 0.3854624299113677,
      "coco_ar_large": 0.5031529873762791,
      "coco_ar_medium": 0.422519268865296,
      "coco_ar_small": 0.14815228219584664,
      "nms_iou_threshold": 0.5,
      "num_predictions": 27438.0,
      "num_samples": 500.0,
      "score_alpha": 2.0,
      "score_beta": 1.0,
      "score_threshold": 0.05,
      "top_k": 200
    },
    {
      "coco_ap": 0.24239479940918912,
      "coco_ap50": 0.36496073360684295,
      "coco_ap75": 0.26057798111584973,
      "coco_ap_large": 0.32545722223048035,
      "coco_ap_medium": 0.2733837846707236,
      "coco_ap_small": 0.09001830001360706,
      "coco_ar1": 0.246730550896208,
      "coco_ar10": 0.37093063403760634,
      "coco_ar100": 0.38612856676338636,
      "coco_ar_large": 0.5166783893645546,
      "coco_ar_medium": 0.42146331473334303,
      "coco_ar_small": 0.1437951423687133,
      "nms_iou_threshold": 0.5,
      "num_predictions": 28972.0,
      "num_samples": 500.0,
      "score_alpha": 2.0,
      "score_beta": 1.0,
      "score_threshold": 0.03,
      "top_k": 100
    },
    {
      "coco_ap": 0.2421123766058256,
      "coco_ap50": 0.36419819477483695,
      "coco_ap75": 0.26036933514276395,
      "coco_ap_large": 0.3246916191700831,
      "coco_ap_medium": 0.2731034973536666,
      "coco_ap_small": 0.08936737555367717,
      "coco_ar1": 0.24495981380781967,
      "coco_ar10": 0.3667149863180081,
      "coco_ar100": 0.3807909036875694,
      "coco_ar_large": 0.5028084056839531,
      "coco_ar_medium": 0.4158419252684894,
      "coco_ar_small": 0.14077277621858478,
      "nms_iou_threshold": 0.5,
      "num_predictions": 24115.0,
      "num_samples": 500.0,
      "score_alpha": 2.0,
      "score_beta": 1.0,
      "score_threshold": 0.05,
      "top_k": 100
    },
    {
      "coco_ap": 0.24182324698347088,
      "coco_ap50": 0.36655566736559975,
      "coco_ap75": 0.2603854073623801,
      "coco_ap_large": 0.32456291767482864,
      "coco_ap_medium": 0.2666427095808901,
      "coco_ap_small": 0.08986611599989346,
      "coco_ar1": 0.24800070128028237,
      "coco_ar10": 0.3660373587642015,
      "coco_ar100": 0.37813760967240306,
      "coco_ar_large": 0.5008741192473158,
      "coco_ar_medium": 0.4068524901120888,
      "coco_ar_small": 0.1463597914262811,
      "nms_iou_threshold": 0.4,
      "num_predictions": 29257.0,
      "num_samples": 500.0,
      "score_alpha": 2.0,
      "score_beta": 1.0,
      "score_threshold": 0.03,
      "top_k": 200
    },
    {
      "coco_ap": 0.24156207168865362,
      "coco_ap50": 0.3658765930456004,
      "coco_ap75": 0.2602259273526653,
      "coco_ap_large": 0.3245965625277427,
      "coco_ap_medium": 0.2660632830688744,
      "coco_ap_small": 0.08959084908488088,
      "coco_ar1": 0.2469739783548253,
      "coco_ar10": 0.36402006734847453,
      "coco_ar100": 0.3747150732287926,
      "coco_ar_large": 0.5008741192473158,
      "coco_ar_medium": 0.40046865436077744,
      "coco_ar_small": 0.14283881358095998,
      "nms_iou_threshold": 0.4,
      "num_predictions": 25520.0,
      "num_samples": 500.0,
      "score_alpha": 2.0,
      "score_beta": 1.0,
      "score_threshold": 0.03,
      "top_k": 100
    },
    {
      "coco_ap": 0.241430647949052,
      "coco_ap50": 0.3653290098507957,
      "coco_ap75": 0.26018967897941736,
      "coco_ap_large": 0.32367867039696996,
      "coco_ap_medium": 0.26627488508760205,
      "coco_ap_small": 0.08947803470290332,
      "coco_ar1": 0.2460893172158041,
      "coco_ar10": 0.3610463299030093,
      "coco_ar100": 0.37177162750700743,
      "coco_ar_large": 0.4867809737156456,
      "coco_ar_medium": 0.4006183943267171,
      "coco_ar_small": 0.14269226458592474,
      "nms_iou_threshold": 0.4,
      "num_predictions": 22312.0,
      "num_samples": 500.0,
      "score_alpha": 2.0,
      "score_beta": 1.0,
      "score_threshold": 0.05,
      "top_k": 200
    },
    {
      "coco_ap": 0.24127003910131525,
      "coco_ap50": 0.3624067823492573,
      "coco_ap75": 0.25990297398060525,
      "coco_ap_large": 0.32353600980530306,
      "coco_ap_medium": 0.27190284837527434,
      "coco_ap_small": 0.08846018653635432,
      "coco_ar1": 0.2426297170648805,
      "coco_ar10": 0.3585964081349048,
      "coco_ar100": 0.3710814206006214,
      "coco_ar_large": 0.4882357158203253,
      "coco_ar_medium": 0.39872449373106406,
      "coco_ar_small": 0.13623550033473275,
      "nms_iou_threshold": 0.5,
      "num_predictions": 16625.0,
      "num_samples": 500.0,
      "score_alpha": 2.0,
      "score_beta": 1.0,
      "score_threshold": 0.1,
      "top_k": 200
    },
    {
      "coco_ap": 0.24125691000209007,
      "coco_ap50": 0.3649309063452732,
      "coco_ap75": 0.2600225555664202,
      "coco_ap_large": 0.3236885419574089,
      "coco_ap_medium": 0.26577729069591777,
      "coco_ap_small": 0.08943471245882881,
      "coco_ar1": 0.245203241266437,
      "coco_ar10": 0.3595723399068846,
      "coco_ar100": 0.3695937315751289,
      "coco_ar_large": 0.4867809737156456,
      "coco_ar_medium": 0.39568963680972424,
      "coco_ar_small": 0.1413970320406922,
      "nms_iou_threshold": 0.4,
      "num_predictions": 20842.0,
      "num_samples": 500.0,
      "score_alpha": 2.0,
      "score_beta": 1.0,
      "score_threshold": 0.05,
      "top_k": 100
    },
    {
      "coco_ap": 0.24114678423204386,
      "coco_ap50": 0.3645746063433097,
      "coco_ap75": 0.26012659857306586,
      "coco_ap_large": 0.3223171388047956,
      "coco_ap_medium": 0.2732958736216256,
      "coco_ap_small": 0.08844468877538392,
      "coco_ar1": 0.24737180280945711,
      "coco_ar10": 0.3790480996547525,
      "coco_ar100": 0.39823678029370513,
      "coco_ar_large": 0.5226407793740893,
      "coco_ar_medium": 0.43777053582160796,
      "coco_ar_small": 0.1544776241581048,
      "nms_iou_threshold": 0.5,
      "num_predictions": 45140.0,
      "num_samples": 500.0,
      "score_alpha": 1.5,
      "score_beta": 1.0,
      "score_threshold": 0.03,
      "top_k": 200
    }
  ],
  "top_by_ap50": [
    {
      "coco_ap": 0.24182324698347088,
      "coco_ap50": 0.36655566736559975,
      "coco_ap75": 0.2603854073623801,
      "coco_ap_large": 0.32456291767482864,
      "coco_ap_medium": 0.2666427095808901,
      "coco_ap_small": 0.08986611599989346,
      "coco_ar1": 0.24800070128028237,
      "coco_ar10": 0.3660373587642015,
      "coco_ar100": 0.37813760967240306,
      "coco_ar_large": 0.5008741192473158,
      "coco_ar_medium": 0.4068524901120888,
      "coco_ar_small": 0.1463597914262811,
      "nms_iou_threshold": 0.4,
      "num_predictions": 29257.0,
      "num_samples": 500.0,
      "score_alpha": 2.0,
      "score_beta": 1.0,
      "score_threshold": 0.03,
      "top_k": 200
    },
    {
      "coco_ap": 0.2404707588698519,
      "coco_ap50": 0.366295546663464,
      "coco_ap75": 0.2595303288767323,
      "coco_ap_large": 0.32147119925945755,
      "coco_ap_medium": 0.2703502723721507,
      "coco_ap_small": 0.08757816822997894,
      "coco_ar1": 0.24737180280945711,
      "coco_ar10": 0.3677752911505048,
      "coco_ar100": 0.38161885332636186,
      "coco_ar_large": 0.5019025479968675,
      "coco_ar_medium": 0.41226405019276435,
      "coco_ar_small": 0.14688192345994944,
      "nms_iou_threshold": 0.4,
      "num_predictions": 37470.0,
      "num_samples": 500.0,
      "score_alpha": 1.5,
      "score_beta": 1.0,
      "score_threshold": 0.03,
      "top_k": 200
    },
    {
      "coco_ap": 0.24279776633554168,
      "coco_ap50": 0.36607462939502006,
      "coco_ap75": 0.26076569177657194,
      "coco_ap_large": 0.32545117607254104,
      "coco_ap_medium": 0.27398211427016883,
      "coco_ap_small": 0.09089926726724444,
      "coco_ar1": 0.24800070128028237,
      "coco_ar10": 0.3744387387318767,
      "coco_ar100": 0.3921067032444808,
      "coco_ar_large": 0.5173886972846757,
      "coco_ar_medium": 0.42930691271068977,
      "coco_ar_small": 0.15343633668106924,
      "nms_iou_threshold": 0.5,
      "num_predictions": 35953.0,
      "num_samples": 500.0,
      "score_alpha": 2.0,
      "score_beta": 1.0,
      "score_threshold": 0.03,
      "top_k": 200
    },
    {
      "coco_ap": 0.24156207168865362,
      "coco_ap50": 0.3658765930456004,
      "coco_ap75": 0.2602259273526653,
      "coco_ap_large": 0.3245965625277427,
      "coco_ap_medium": 0.2660632830688744,
      "coco_ap_small": 0.08959084908488088,
      "coco_ar1": 0.2469739783548253,
      "coco_ar10": 0.36402006734847453,
      "coco_ar100": 0.3747150732287926,
      "coco_ar_large": 0.5008741192473158,
      "coco_ar_medium": 0.40046865436077744,
      "coco_ar_small": 0.14283881358095998,
      "nms_iou_threshold": 0.4,
      "num_predictions": 25520.0,
      "num_samples": 500.0,
      "score_alpha": 2.0,
      "score_beta": 1.0,
      "score_threshold": 0.03,
      "top_k": 100
    },
    {
      "coco_ap": 0.24015749480372994,
      "coco_ap50": 0.36538015013579056,
      "coco_ap75": 0.2592550106039601,
      "coco_ap_large": 0.3207620592998641,
      "coco_ap_medium": 0.2700997117847655,
      "coco_ap_small": 0.08732906247156072,
      "coco_ar1": 0.24622018959921632,
      "coco_ar10": 0.36424838406738524,
      "coco_ar100": 0.3768340994127793,
      "coco_ar_large": 0.4949833106777403,
      "coco_ar_medium": 0.4076967065350419,
      "coco_ar_small": 0.14385273758850872,
      "nms_iou_threshold": 0.4,
      "num_predictions": 29108.0,
      "num_samples": 500.0,
      "score_alpha": 1.5,
      "score_beta": 1.0,
      "score_threshold": 0.05,
      "top_k": 200
    },
    {
      "coco_ap": 0.241430647949052,
      "coco_ap50": 0.3653290098507957,
      "coco_ap75": 0.26018967897941736,
      "coco_ap_large": 0.32367867039696996,
      "coco_ap_medium": 0.26627488508760205,
      "coco_ap_small": 0.08947803470290332,
      "coco_ar1": 0.2460893172158041,
      "coco_ar10": 0.3610463299030093,
      "coco_ar100": 0.37177162750700743,
      "coco_ar_large": 0.4867809737156456,
      "coco_ar_medium": 0.4006183943267171,
      "coco_ar_small": 0.14269226458592474,
      "nms_iou_threshold": 0.4,
      "num_predictions": 22312.0,
      "num_samples": 500.0,
      "score_alpha": 2.0,
      "score_beta": 1.0,
      "score_threshold": 0.05,
      "top_k": 200
    },
    {
      "coco_ap": 0.2401084259709002,
      "coco_ap50": 0.36530275244258353,
      "coco_ap75": 0.2593698327194436,
      "coco_ap_large": 0.32144900754597616,
      "coco_ap_medium": 0.2696749002850382,
      "coco_ap_small": 0.0872981205665193,
      "coco_ar1": 0.24613410941986502,
      "coco_ar10": 0.36477265366760164,
      "coco_ar100": 0.3765824695594495,
      "coco_ar_large": 0.500752489850394,
      "coco_ar_medium": 0.404293909289778,
      "coco_ar_small": 0.14244812289581188,
      "nms_iou_threshold": 0.4,
      "num_predictions": 30093.0,
      "num_samples": 500.0,
      "score_alpha": 1.5,
      "score_beta": 1.0,
      "score_threshold": 0.03,
      "top_k": 100
    },
    {
      "coco_ap": 0.24244655376031463,
      "coco_ap50": 0.3650766377037707,
      "coco_ap75": 0.2605675815496233,
      "coco_ap_large": 0.324712680231855,
      "coco_ap_medium": 0.2736398613458436,
      "coco_ap_small": 0.0902153013548183,
      "coco_ar1": 0.2460893172158041,
      "coco_ar10": 0.369627866695997,
      "coco_ar100": 0.3854624299113677,
      "coco_ar_large": 0.5031529873762791,
      "coco_ar_medium": 0.422519268865296,
      "coco_ar_small": 0.14815228219584664,
      "nms_iou_threshold": 0.5,
      "num_predictions": 27438.0,
      "num_samples": 500.0,
      "score_alpha": 2.0,
      "score_beta": 1.0,
      "score_threshold": 0.05,
      "top_k": 200
    },
    {
      "coco_ap": 0.24239479940918912,
      "coco_ap50": 0.36496073360684295,
      "coco_ap75": 0.26057798111584973,
      "coco_ap_large": 0.32545722223048035,
      "coco_ap_medium": 0.2733837846707236,
      "coco_ap_small": 0.09001830001360706,
      "coco_ar1": 0.246730550896208,
      "coco_ar10": 0.37093063403760634,
      "coco_ar100": 0.38612856676338636,
      "coco_ar_large": 0.5166783893645546,
      "coco_ar_medium": 0.42146331473334303,
      "coco_ar_small": 0.1437951423687133,
      "nms_iou_threshold": 0.5,
      "num_predictions": 28972.0,
      "num_samples": 500.0,
      "score_alpha": 2.0,
      "score_beta": 1.0,
      "score_threshold": 0.03,
      "top_k": 100
    },
    {
      "coco_ap": 0.24125691000209007,
      "coco_ap50": 0.3649309063452732,
      "coco_ap75": 0.2600225555664202,
      "coco_ap_large": 0.3236885419574089,
      "coco_ap_medium": 0.26577729069591777,
      "coco_ap_small": 0.08943471245882881,
      "coco_ar1": 0.245203241266437,
      "coco_ar10": 0.3595723399068846,
      "coco_ar100": 0.3695937315751289,
      "coco_ar_large": 0.4867809737156456,
      "coco_ar_medium": 0.39568963680972424,
      "coco_ar_small": 0.1413970320406922,
      "nms_iou_threshold": 0.4,
      "num_predictions": 20842.0,
      "num_samples": 500.0,
      "score_alpha": 2.0,
      "score_beta": 1.0,
      "score_threshold": 0.05,
      "top_k": 100
    }
  ],
  "top_by_ar100": [
    {
      "coco_ap": 0.2386470484207206,
      "coco_ap50": 0.35473016744028235,
      "coco_ap75": 0.26143386841240873,
      "coco_ap_large": 0.31845841263444513,
      "coco_ap_medium": 0.272367192651638,
      "coco_ap_small": 0.09122179025702347,
      "coco_ar1": 0.24613410941986502,
      "coco_ar10": 0.38647734631430875,
      "coco_ar100": 0.4111891373585373,
      "coco_ar_large": 0.5379824813665622,
      "coco_ar_medium": 0.4499921577560776,
      "coco_ar_small": 0.16207057740026493,
      "nms_iou_threshold": 0.6,
      "num_predictions": 54252.0,
      "num_samples": 500.0,
      "score_alpha": 1.5,
      "score_beta": 1.0,
      "score_threshold": 0.03,
      "top_k": 200
    },
    {
      "coco_ap": 0.24104393868901358,
      "coco_ap50": 0.35737585536720334,
      "coco_ap75": 0.2625536533435662,
      "coco_ap_large": 0.3228475811286137,
      "coco_ap_medium": 0.2730133888677854,
      "coco_ap_small": 0.09344253237229913,
      "coco_ar1": 0.2469739783548253,
      "coco_ar10": 0.3821966080647813,
      "coco_ar100": 0.4053681898326092,
      "coco_ar_large": 0.5339499591500799,
      "coco_ar_medium": 0.439803531210238,
      "coco_ar_small": 0.16194162271748333,
      "nms_iou_threshold": 0.6,
      "num_predictions": 44209.0,
      "num_samples": 500.0,
      "score_alpha": 2.0,
      "score_beta": 1.0,
      "score_threshold": 0.03,
      "top_k": 200
    },
    {
      "coco_ap": 0.23830587050713836,
      "coco_ap50": 0.3540251218841843,
      "coco_ap75": 0.26102067392670053,
      "coco_ap_large": 0.3177789297914412,
      "coco_ap_medium": 0.27173853995583763,
      "coco_ap_small": 0.09112126667324347,
      "coco_ar1": 0.24498249620962423,
      "coco_ar10": 0.38063024707794196,
      "coco_ar100": 0.4033997117187912,
      "coco_ar_large": 0.5307655238319009,
      "coco_ar_medium": 0.4385642014698336,
      "coco_ar_small": 0.15993464297572357,
      "nms_iou_threshold": 0.6,
      "num_predictions": 44395.0,
      "num_samples": 500.0,
      "score_alpha": 1.5,
      "score_beta": 1.0,
      "score_threshold": 0.05,
      "top_k": 200
    },
    {
      "coco_ap": 0.24074474200254853,
      "coco_ap50": 0.35664275583403277,
      "coco_ap75": 0.26234159515803557,
      "coco_ap_large": 0.32214467566829874,
      "coco_ap_medium": 0.2727161476607731,
      "coco_ap_small": 0.09299696291006397,
      "coco_ar1": 0.245203241266437,
      "coco_ar10": 0.37742823491957045,
      "coco_ar100": 0.39861036451597737,
      "coco_ar_large": 0.5193759433199773,
      "coco_ar_medium": 0.4328877783226983,
      "coco_ar_small": 0.15802349896256407,
      "nms_iou_threshold": 0.6,
      "num_predictions": 34866.0,
      "num_samples": 500.0,
      "score_alpha": 2.0,
      "score_beta": 1.0,
      "score_threshold": 0.05,
      "top_k": 200
    },
    {
      "coco_ap": 0.24114678423204386,
      "coco_ap50": 0.3645746063433097,
      "coco_ap75": 0.26012659857306586,
      "coco_ap_large": 0.3223171388047956,
      "coco_ap_medium": 0.2732958736216256,
      "coco_ap_small": 0.08844468877538392,
      "coco_ar1": 0.24737180280945711,
      "coco_ar10": 0.3790480996547525,
      "coco_ar100": 0.39823678029370513,
      "coco_ar_large": 0.5226407793740893,
      "coco_ar_medium": 0.43777053582160796,
      "coco_ar_small": 0.1544776241581048,
      "nms_iou_threshold": 0.5,
      "num_predictions": 45140.0,
      "num_samples": 500.0,
      "score_alpha": 1.5,
      "score_beta": 1.0,
      "score_threshold": 0.03,
      "top_k": 200
    },
    {
      "coco_ap": 0.23800061771467784,
      "coco_ap50": 0.35314337901483667,
      "coco_ap75": 0.2608930056192751,
      "coco_ap_large": 0.3181841675392048,
      "coco_ap_medium": 0.2713834708881056,
      "coco_ap_small": 0.08978569559260915,
      "coco_ar1": 0.24406909624665446,
      "coco_ar10": 0.37512278515436354,
      "coco_ar100": 0.3958540704890305,
      "coco_ar_large": 0.529570395363517,
      "coco_ar_medium": 0.42956051770300435,
      "coco_ar_small": 0.1502556276554717,
      "nms_iou_threshold": 0.6,
      "num_predictions": 37159.0,
      "num_samples": 500.0,
      "score_alpha": 1.5,
      "score_beta": 1.0,
      "score_threshold": 0.03,
      "top_k": 100
    },
    {
      "coco_ap": 0.24049127564361356,
      "coco_ap50": 0.3560130287531498,
      "coco_ap75": 0.26208806788541605,
      "coco_ap_large": 0.3228893868974253,
      "coco_ap_medium": 0.27240813341074444,
      "coco_ap_small": 0.09189226916647102,
      "coco_ar1": 0.2461747879664249,
      "coco_ar10": 0.3755199961870413,
      "coco_ar100": 0.3948734867353923,
      "coco_ar_large": 0.5319319480309229,
      "coco_ar_medium": 0.42667287703480183,
      "coco_ar_small": 0.15029307399852337,
      "nms_iou_threshold": 0.6,
      "num_predictions": 32759.0,
      "num_samples": 500.0,
      "score_alpha": 2.0,
      "score_beta": 1.0,
      "score_threshold": 0.03,
      "top_k": 100
    },
    {
      "coco_ap": 0.2377341936528767,
      "coco_ap50": 0.3526399454815488,
      "coco_ap75": 0.2605297467356622,
      "coco_ap_large": 0.3174193839895924,
      "coco_ap_medium": 0.2712181554420471,
      "coco_ap_small": 0.08975278585094788,
      "coco_ar1": 0.24291748303641367,
      "coco_ar10": 0.373050699836134,
      "coco_ar100": 0.3924310473814192,
      "coco_ar_large": 0.525240271179767,
      "coco_ar_medium": 0.42644343397515,
      "coco_ar_small": 0.14979095801672695,
      "nms_iou_threshold": 0.6,
      "num_predictions": 32861.0,
      "num_samples": 500.0,
      "score_alpha": 1.5,
      "score_beta": 1.0,
      "score_threshold": 0.05,
      "top_k": 100
    },
    {
      "coco_ap": 0.24279776633554168,
      "coco_ap50": 0.36607462939502006,
      "coco_ap75": 0.26076569177657194,
      "coco_ap_large": 0.32545117607254104,
      "coco_ap_medium": 0.27398211427016883,
      "coco_ap_small": 0.09089926726724444,
      "coco_ar1": 0.24800070128028237,
      "coco_ar10": 0.3744387387318767,
      "coco_ar100": 0.3921067032444808,
      "coco_ar_large": 0.5173886972846757,
      "coco_ar_medium": 0.42930691271068977,
      "coco_ar_small": 0.15343633668106924,
      "nms_iou_threshold": 0.5,
      "num_predictions": 35953.0,
      "num_samples": 500.0,
      "score_alpha": 2.0,
      "score_beta": 1.0,
      "score_threshold": 0.03,
      "top_k": 200
    },
    {
      "coco_ap": 0.24079096529347008,
      "coco_ap50": 0.36376332699453395,
      "coco_ap75": 0.25977057610541615,
      "coco_ap_large": 0.32159245843457085,
      "coco_ap_medium": 0.27272314783516116,
      "coco_ap_small": 0.08820768636585694,
      "coco_ar1": 0.24622018959921632,
      "coco_ar10": 0.3726244590012407,
      "coco_ar100": 0.3906636506550706,
      "coco_ar_large": 0.5154710113164745,
      "coco_ar_medium": 0.4279546247524248,
      "coco_ar_small": 0.15024293886887613,
      "nms_iou_threshold": 0.5,
      "num_predictions": 35938.0,
      "num_samples": 500.0,
      "score_alpha": 1.5,
      "score_beta": 1.0,
      "score_threshold": 0.05,
      "top_k": 200
    }
  ]
}
sweep_exit=0
stage=pred_only_vis12
creating index...
index created!
Loading and preparing results...
DONE (t=0.00s)
creating index...
index created!
Running per image evaluation...
Evaluate annotation type *bbox*
DONE (t=0.08s).
Accumulating evaluation results...
DONE (t=0.08s).
 Average Precision  (AP) @[ IoU=0.50:0.95 | area=   all | maxDets=100 ] = 0.232
 Average Precision  (AP) @[ IoU=0.50      | area=   all | maxDets=100 ] = 0.338
 Average Precision  (AP) @[ IoU=0.75      | area=   all | maxDets=100 ] = 0.273
 Average Precision  (AP) @[ IoU=0.50:0.95 | area= small | maxDets=100 ] = 0.119
 Average Precision  (AP) @[ IoU=0.50:0.95 | area=medium | maxDets=100 ] = 0.417
 Average Precision  (AP) @[ IoU=0.50:0.95 | area= large | maxDets=100 ] = 0.445
 Average Recall     (AR) @[ IoU=0.50:0.95 | area=   all | maxDets=  1 ] = 0.186
 Average Recall     (AR) @[ IoU=0.50:0.95 | area=   all | maxDets= 10 ] = 0.290
 Average Recall     (AR) @[ IoU=0.50:0.95 | area=   all | maxDets=100 ] = 0.305
 Average Recall     (AR) @[ IoU=0.50:0.95 | area= small | maxDets=100 ] = 0.137
 Average Recall     (AR) @[ IoU=0.50:0.95 | area=medium | maxDets=100 ] = 0.539
 Average Recall     (AR) @[ IoU=0.50:0.95 | area= large | maxDets=100 ] = 0.465
creating index...
index created!
Loading and preparing results...
DONE (t=0.00s)
creating index...
index created!
Running per image evaluation...
Evaluate annotation type *bbox*
DONE (t=0.08s).
Accumulating evaluation results...
DONE (t=0.08s).
 Average Precision  (AP) @[ IoU=0.50:0.95 | area=   all | maxDets=100 ] = 0.232
 Average Precision  (AP) @[ IoU=0.50      | area=   all | maxDets=100 ] = 0.338
 Average Precision  (AP) @[ IoU=0.75      | area=   all | maxDets=100 ] = 0.273
 Average Precision  (AP) @[ IoU=0.50:0.95 | area= small | maxDets=100 ] = 0.119
 Average Precision  (AP) @[ IoU=0.50:0.95 | area=medium | maxDets=100 ] = 0.417
 Average Precision  (AP) @[ IoU=0.50:0.95 | area= large | maxDets=100 ] = 0.445
 Average Recall     (AR) @[ IoU=0.50:0.95 | area=   all | maxDets=  1 ] = 0.186
 Average Recall     (AR) @[ IoU=0.50:0.95 | area=   all | maxDets= 10 ] = 0.290
 Average Recall     (AR) @[ IoU=0.50:0.95 | area=   all | maxDets=100 ] = 0.305
 Average Recall     (AR) @[ IoU=0.50:0.95 | area= small | maxDets=100 ] = 0.137
 Average Recall     (AR) @[ IoU=0.50:0.95 | area=medium | maxDets=100 ] = 0.539
 Average Recall     (AR) @[ IoU=0.50:0.95 | area= large | maxDets=100 ] = 0.465
creating index...
index created!
Loading and preparing results...
DONE (t=0.00s)
creating index...
index created!
Running per image evaluation...
Evaluate annotation type *bbox*
DONE (t=0.07s).
Accumulating evaluation results...
DONE (t=0.08s).
 Average Precision  (AP) @[ IoU=0.50:0.95 | area=   all | maxDets=100 ] = 0.232
 Average Precision  (AP) @[ IoU=0.50      | area=   all | maxDets=100 ] = 0.338
 Average Precision  (AP) @[ IoU=0.75      | area=   all | maxDets=100 ] = 0.273
 Average Precision  (AP) @[ IoU=0.50:0.95 | area= small | maxDets=100 ] = 0.119
 Average Precision  (AP) @[ IoU=0.50:0.95 | area=medium | maxDets=100 ] = 0.417
 Average Precision  (AP) @[ IoU=0.50:0.95 | area= large | maxDets=100 ] = 0.445
 Average Recall     (AR) @[ IoU=0.50:0.95 | area=   all | maxDets=  1 ] = 0.186
 Average Recall     (AR) @[ IoU=0.50:0.95 | area=   all | maxDets= 10 ] = 0.290
 Average Recall     (AR) @[ IoU=0.50:0.95 | area=   all | maxDets=100 ] = 0.305
 Average Recall     (AR) @[ IoU=0.50:0.95 | area= small | maxDets=100 ] = 0.137
 Average Recall     (AR) @[ IoU=0.50:0.95 | area=medium | maxDets=100 ] = 0.539
 Average Recall     (AR) @[ IoU=0.50:0.95 | area= large | maxDets=100 ] = 0.465
creating index...
index created!
Loading and preparing results...
DONE (t=0.00s)
creating index...
index created!
Running per image evaluation...
Evaluate annotation type *bbox*
DONE (t=0.06s).
Accumulating evaluation results...
DONE (t=0.07s).
 Average Precision  (AP) @[ IoU=0.50:0.95 | area=   all | maxDets=100 ] = 0.232
 Average Precision  (AP) @[ IoU=0.50      | area=   all | maxDets=100 ] = 0.338
 Average Precision  (AP) @[ IoU=0.75      | area=   all | maxDets=100 ] = 0.273
 Average Precision  (AP) @[ IoU=0.50:0.95 | area= small | maxDets=100 ] = 0.118
 Average Precision  (AP) @[ IoU=0.50:0.95 | area=medium | maxDets=100 ] = 0.417
 Average Precision  (AP) @[ IoU=0.50:0.95 | area= large | maxDets=100 ] = 0.445
 Average Recall     (AR) @[ IoU=0.50:0.95 | area=   all | maxDets=  1 ] = 0.186
 Average Recall     (AR) @[ IoU=0.50:0.95 | area=   all | maxDets= 10 ] = 0.290
 Average Recall     (AR) @[ IoU=0.50:0.95 | area=   all | maxDets=100 ] = 0.304
 Average Recall     (AR) @[ IoU=0.50:0.95 | area= small | maxDets=100 ] = 0.136
 Average Recall     (AR) @[ IoU=0.50:0.95 | area=medium | maxDets=100 ] = 0.539
 Average Recall     (AR) @[ IoU=0.50:0.95 | area= large | maxDets=100 ] = 0.465
creating index...
index created!
Loading and preparing results...
DONE (t=0.00s)
creating index...
index created!
Running per image evaluation...
Evaluate annotation type *bbox*
DONE (t=0.04s).
Accumulating evaluation results...
DONE (t=0.07s).
 Average Precision  (AP) @[ IoU=0.50:0.95 | area=   all | maxDets=100 ] = 0.227
 Average Precision  (AP) @[ IoU=0.50      | area=   all | maxDets=100 ] = 0.328
 Average Precision  (AP) @[ IoU=0.75      | area=   all | maxDets=100 ] = 0.267
 Average Precision  (AP) @[ IoU=0.50:0.95 | area= small | maxDets=100 ] = 0.113
 Average Precision  (AP) @[ IoU=0.50:0.95 | area=medium | maxDets=100 ] = 0.405
 Average Precision  (AP) @[ IoU=0.50:0.95 | area= large | maxDets=100 ] = 0.443
 Average Recall     (AR) @[ IoU=0.50:0.95 | area=   all | maxDets=  1 ] = 0.186
 Average Recall     (AR) @[ IoU=0.50:0.95 | area=   all | maxDets= 10 ] = 0.275
 Average Recall     (AR) @[ IoU=0.50:0.95 | area=   all | maxDets=100 ] = 0.289
 Average Recall     (AR) @[ IoU=0.50:0.95 | area= small | maxDets=100 ] = 0.129
 Average Recall     (AR) @[ IoU=0.50:0.95 | area=medium | maxDets=100 ] = 0.504
 Average Recall     (AR) @[ IoU=0.50:0.95 | area= large | maxDets=100 ] = 0.460
creating index...
index created!
Loading and preparing results...
DONE (t=0.00s)
creating index...
index created!
Running per image evaluation...
Evaluate annotation type *bbox*
DONE (t=0.03s).
Accumulating evaluation results...
DONE (t=0.06s).
 Average Precision  (AP) @[ IoU=0.50:0.95 | area=   all | maxDets=100 ] = 0.203
 Average Precision  (AP) @[ IoU=0.50      | area=   all | maxDets=100 ] = 0.289
 Average Precision  (AP) @[ IoU=0.75      | area=   all | maxDets=100 ] = 0.240
 Average Precision  (AP) @[ IoU=0.50:0.95 | area= small | maxDets=100 ] = 0.090
 Average Precision  (AP) @[ IoU=0.50:0.95 | area=medium | maxDets=100 ] = 0.357
 Average Precision  (AP) @[ IoU=0.50:0.95 | area= large | maxDets=100 ] = 0.439
 Average Recall     (AR) @[ IoU=0.50:0.95 | area=   all | maxDets=  1 ] = 0.171
 Average Recall     (AR) @[ IoU=0.50:0.95 | area=   all | maxDets= 10 ] = 0.215
 Average Recall     (AR) @[ IoU=0.50:0.95 | area=   all | maxDets=100 ] = 0.224
 Average Recall     (AR) @[ IoU=0.50:0.95 | area= small | maxDets=100 ] = 0.102
 Average Recall     (AR) @[ IoU=0.50:0.95 | area=medium | maxDets=100 ] = 0.402
 Average Recall     (AR) @[ IoU=0.50:0.95 | area= large | maxDets=100 ] = 0.453
creating index...
index created!
Loading and preparing results...
DONE (t=0.00s)
creating index...
index created!
Running per image evaluation...
Evaluate annotation type *bbox*
DONE (t=0.03s).
Accumulating evaluation results...
DONE (t=0.07s).
 Average Precision  (AP) @[ IoU=0.50:0.95 | area=   all | maxDets=100 ] = 0.202
 Average Precision  (AP) @[ IoU=0.50      | area=   all | maxDets=100 ] = 0.278
 Average Precision  (AP) @[ IoU=0.75      | area=   all | maxDets=100 ] = 0.240
 Average Precision  (AP) @[ IoU=0.50:0.95 | area= small | maxDets=100 ] = 0.093
 Average Precision  (AP) @[ IoU=0.50:0.95 | area=medium | maxDets=100 ] = 0.357
 Average Precision  (AP) @[ IoU=0.50:0.95 | area= large | maxDets=100 ] = 0.443
 Average Recall     (AR) @[ IoU=0.50:0.95 | area=   all | maxDets=  1 ] = 0.175
 Average Recall     (AR) @[ IoU=0.50:0.95 | area=   all | maxDets= 10 ] = 0.226
 Average Recall     (AR) @[ IoU=0.50:0.95 | area=   all | maxDets=100 ] = 0.229
 Average Recall     (AR) @[ IoU=0.50:0.95 | area= small | maxDets=100 ] = 0.108
 Average Recall     (AR) @[ IoU=0.50:0.95 | area=medium | maxDets=100 ] = 0.402
 Average Recall     (AR) @[ IoU=0.50:0.95 | area= large | maxDets=100 ] = 0.460
creating index...
index created!
Loading and preparing results...
DONE (t=0.00s)
creating index...
index created!
Running per image evaluation...
Evaluate annotation type *bbox*
DONE (t=0.05s).
Accumulating evaluation results...
DONE (t=0.07s).
 Average Precision  (AP) @[ IoU=0.50:0.95 | area=   all | maxDets=100 ] = 0.224
 Average Precision  (AP) @[ IoU=0.50      | area=   all | maxDets=100 ] = 0.325
 Average Precision  (AP) @[ IoU=0.75      | area=   all | maxDets=100 ] = 0.265
 Average Precision  (AP) @[ IoU=0.50:0.95 | area= small | maxDets=100 ] = 0.110
 Average Precision  (AP) @[ IoU=0.50:0.95 | area=medium | maxDets=100 ] = 0.405
 Average Precision  (AP) @[ IoU=0.50:0.95 | area= large | maxDets=100 ] = 0.443
 Average Recall     (AR) @[ IoU=0.50:0.95 | area=   all | maxDets=  1 ] = 0.186
 Average Recall     (AR) @[ IoU=0.50:0.95 | area=   all | maxDets= 10 ] = 0.277
 Average Recall     (AR) @[ IoU=0.50:0.95 | area=   all | maxDets=100 ] = 0.287
 Average Recall     (AR) @[ IoU=0.50:0.95 | area= small | maxDets=100 ] = 0.127
 Average Recall     (AR) @[ IoU=0.50:0.95 | area=medium | maxDets=100 ] = 0.504
 Average Recall     (AR) @[ IoU=0.50:0.95 | area= large | maxDets=100 ] = 0.460
creating index...
index created!
Loading and preparing results...
DONE (t=0.00s)
creating index...
index created!
Running per image evaluation...
Evaluate annotation type *bbox*
DONE (t=0.07s).
Accumulating evaluation results...
DONE (t=0.08s).
 Average Precision  (AP) @[ IoU=0.50:0.95 | area=   all | maxDets=100 ] = 0.232
 Average Precision  (AP) @[ IoU=0.50      | area=   all | maxDets=100 ] = 0.338
 Average Precision  (AP) @[ IoU=0.75      | area=   all | maxDets=100 ] = 0.273
 Average Precision  (AP) @[ IoU=0.50:0.95 | area= small | maxDets=100 ] = 0.119
 Average Precision  (AP) @[ IoU=0.50:0.95 | area=medium | maxDets=100 ] = 0.417
 Average Precision  (AP) @[ IoU=0.50:0.95 | area= large | maxDets=100 ] = 0.445
 Average Recall     (AR) @[ IoU=0.50:0.95 | area=   all | maxDets=  1 ] = 0.186
 Average Recall     (AR) @[ IoU=0.50:0.95 | area=   all | maxDets= 10 ] = 0.290
 Average Recall     (AR) @[ IoU=0.50:0.95 | area=   all | maxDets=100 ] = 0.305
 Average Recall     (AR) @[ IoU=0.50:0.95 | area= small | maxDets=100 ] = 0.137
 Average Recall     (AR) @[ IoU=0.50:0.95 | area=medium | maxDets=100 ] = 0.539
 Average Recall     (AR) @[ IoU=0.50:0.95 | area= large | maxDets=100 ] = 0.465
creating index...
index created!
Loading and preparing results...
DONE (t=0.00s)
creating index...
index created!
Running per image evaluation...
Evaluate annotation type *bbox*
DONE (t=0.08s).
Accumulating evaluation results...
DONE (t=0.08s).
 Average Precision  (AP) @[ IoU=0.50:0.95 | area=   all | maxDets=100 ] = 0.241
 Average Precision  (AP) @[ IoU=0.50      | area=   all | maxDets=100 ] = 0.352
 Average Precision  (AP) @[ IoU=0.75      | area=   all | maxDets=100 ] = 0.286
 Average Precision  (AP) @[ IoU=0.50:0.95 | area= small | maxDets=100 ] = 0.121
 Average Precision  (AP) @[ IoU=0.50:0.95 | area=medium | maxDets=100 ] = 0.456
 Average Precision  (AP) @[ IoU=0.50:0.95 | area= large | maxDets=100 ] = 0.445
 Average Recall     (AR) @[ IoU=0.50:0.95 | area=   all | maxDets=  1 ] = 0.210
 Average Recall     (AR) @[ IoU=0.50:0.95 | area=   all | maxDets= 10 ] = 0.315
 Average Recall     (AR) @[ IoU=0.50:0.95 | area=   all | maxDets=100 ] = 0.331
 Average Recall     (AR) @[ IoU=0.50:0.95 | area= small | maxDets=100 ] = 0.139
 Average Recall     (AR) @[ IoU=0.50:0.95 | area=medium | maxDets=100 ] = 0.579
 Average Recall     (AR) @[ IoU=0.50:0.95 | area= large | maxDets=100 ] = 0.465
creating index...
index created!
Loading and preparing results...
DONE (t=0.00s)
creating index...
index created!
Running per image evaluation...
Evaluate annotation type *bbox*
DONE (t=0.16s).
Accumulating evaluation results...
DONE (t=0.08s).
 Average Precision  (AP) @[ IoU=0.50:0.95 | area=   all | maxDets=100 ] = 0.226
 Average Precision  (AP) @[ IoU=0.50      | area=   all | maxDets=100 ] = 0.330
 Average Precision  (AP) @[ IoU=0.75      | area=   all | maxDets=100 ] = 0.264
 Average Precision  (AP) @[ IoU=0.50:0.95 | area= small | maxDets=100 ] = 0.109
 Average Precision  (AP) @[ IoU=0.50:0.95 | area=medium | maxDets=100 ] = 0.430
 Average Precision  (AP) @[ IoU=0.50:0.95 | area= large | maxDets=100 ] = 0.446
 Average Recall     (AR) @[ IoU=0.50:0.95 | area=   all | maxDets=  1 ] = 0.186
 Average Recall     (AR) @[ IoU=0.50:0.95 | area=   all | maxDets= 10 ] = 0.279
 Average Recall     (AR) @[ IoU=0.50:0.95 | area=   all | maxDets=100 ] = 0.287
 Average Recall     (AR) @[ IoU=0.50:0.95 | area= small | maxDets=100 ] = 0.126
 Average Recall     (AR) @[ IoU=0.50:0.95 | area=medium | maxDets=100 ] = 0.502
 Average Recall     (AR) @[ IoU=0.50:0.95 | area= large | maxDets=100 ] = 0.465
creating index...
index created!
Loading and preparing results...
DONE (t=0.00s)
creating index...
index created!
Running per image evaluation...
Evaluate annotation type *bbox*
DONE (t=0.07s).
Accumulating evaluation results...
DONE (t=0.08s).
 Average Precision  (AP) @[ IoU=0.50:0.95 | area=   all | maxDets=100 ] = 0.232
 Average Precision  (AP) @[ IoU=0.50      | area=   all | maxDets=100 ] = 0.338
 Average Precision  (AP) @[ IoU=0.75      | area=   all | maxDets=100 ] = 0.273
 Average Precision  (AP) @[ IoU=0.50:0.95 | area= small | maxDets=100 ] = 0.119
 Average Precision  (AP) @[ IoU=0.50:0.95 | area=medium | maxDets=100 ] = 0.417
 Average Precision  (AP) @[ IoU=0.50:0.95 | area= large | maxDets=100 ] = 0.445
 Average Recall     (AR) @[ IoU=0.50:0.95 | area=   all | maxDets=  1 ] = 0.186
 Average Recall     (AR) @[ IoU=0.50:0.95 | area=   all | maxDets= 10 ] = 0.290
 Average Recall     (AR) @[ IoU=0.50:0.95 | area=   all | maxDets=100 ] = 0.305
 Average Recall     (AR) @[ IoU=0.50:0.95 | area= small | maxDets=100 ] = 0.137
 Average Recall     (AR) @[ IoU=0.50:0.95 | area=medium | maxDets=100 ] = 0.539
 Average Recall     (AR) @[ IoU=0.50:0.95 | area= large | maxDets=100 ] = 0.465
creating index...
index created!
Loading and preparing results...
DONE (t=0.00s)
creating index...
index created!
Running per image evaluation...
Evaluate annotation type *bbox*
DONE (t=0.08s).
Accumulating evaluation results...
DONE (t=0.08s).
 Average Precision  (AP) @[ IoU=0.50:0.95 | area=   all | maxDets=100 ] = 0.233
 Average Precision  (AP) @[ IoU=0.50      | area=   all | maxDets=100 ] = 0.336
 Average Precision  (AP) @[ IoU=0.75      | area=   all | maxDets=100 ] = 0.274
 Average Precision  (AP) @[ IoU=0.50:0.95 | area= small | maxDets=100 ] = 0.123
 Average Precision  (AP) @[ IoU=0.50:0.95 | area=medium | maxDets=100 ] = 0.414
 Average Precision  (AP) @[ IoU=0.50:0.95 | area= large | maxDets=100 ] = 0.444
 Average Recall     (AR) @[ IoU=0.50:0.95 | area=   all | maxDets=  1 ] = 0.186
 Average Recall     (AR) @[ IoU=0.50:0.95 | area=   all | maxDets= 10 ] = 0.287
 Average Recall     (AR) @[ IoU=0.50:0.95 | area=   all | maxDets=100 ] = 0.303
 Average Recall     (AR) @[ IoU=0.50:0.95 | area= small | maxDets=100 ] = 0.141
 Average Recall     (AR) @[ IoU=0.50:0.95 | area=medium | maxDets=100 ] = 0.528
 Average Recall     (AR) @[ IoU=0.50:0.95 | area= large | maxDets=100 ] = 0.465
creating index...
index created!
Loading and preparing results...
DONE (t=0.00s)
creating index...
index created!
Running per image evaluation...
Evaluate annotation type *bbox*
DONE (t=0.08s).
Accumulating evaluation results...
DONE (t=0.08s).
 Average Precision  (AP) @[ IoU=0.50:0.95 | area=   all | maxDets=100 ] = 0.226
 Average Precision  (AP) @[ IoU=0.50      | area=   all | maxDets=100 ] = 0.325
 Average Precision  (AP) @[ IoU=0.75      | area=   all | maxDets=100 ] = 0.270
 Average Precision  (AP) @[ IoU=0.50:0.95 | area= small | maxDets=100 ] = 0.116
 Average Precision  (AP) @[ IoU=0.50:0.95 | area=medium | maxDets=100 ] = 0.404
 Average Precision  (AP) @[ IoU=0.50:0.95 | area= large | maxDets=100 ] = 0.443
 Average Recall     (AR) @[ IoU=0.50:0.95 | area=   all | maxDets=  1 ] = 0.186
 Average Recall     (AR) @[ IoU=0.50:0.95 | area=   all | maxDets= 10 ] = 0.287
 Average Recall     (AR) @[ IoU=0.50:0.95 | area=   all | maxDets=100 ] = 0.302
 Average Recall     (AR) @[ IoU=0.50:0.95 | area= small | maxDets=100 ] = 0.141
 Average Recall     (AR) @[ IoU=0.50:0.95 | area=medium | maxDets=100 ] = 0.521
 Average Recall     (AR) @[ IoU=0.50:0.95 | area= large | maxDets=100 ] = 0.466
{
  "checkpoint_path": "/home/lidz/YOLO/yolo_final/outputs/dual_scale_three_box_coco_only_noobj1_416_basic_aug_scale_jitter_50_lr7e4_ddp_20260512_130823/best.pth",
  "config_path": "/home/lidz/YOLO/yolo_final/configs/dual_scale_three_box_coco_only_noobj1_416_basic_aug_scale_jitter_50_lr7e4.toml",
  "manifest_path": "/home/lidz/YOLO/DataSet/Unified/manifests/coco2017_val.jsonl",
  "max_samples": 12,
  "packed_index": "/home/lidz/YOLO/DataSet/Unified/packed/pt/coco2017_val/chunk_1024/index.json",
  "prediction_stats": {
    "prediction_count": 1200,
    "predictions_per_image": {
      "max": 100,
      "mean": 100.0,
      "min": 100
    },
    "samples": 12,
    "score_quantiles": {
      "0.0": 0.00013777517597191036,
      "0.25": 0.03481913357973099,
      "0.5": 0.10190063714981079,
      "0.75": 0.22822290658950806,
      "0.9": 0.37764501571655273,
      "0.95": 0.4916740357875824,
      "0.99": 0.7739793658256531
    },
    "top_predicted_classes": [
      {
        "class_id": 0,
        "count": 273
      },
      {
        "class_id": 73,
        "count": 109
      },
      {
        "class_id": 56,
        "count": 57
      },
      {
        "class_id": 39,
        "count": 57
      },
      {
        "class_id": 2,
        "count": 42
      },
      {
        "class_id": 46,
        "count": 40
      },
      {
        "class_id": 71,
        "count": 39
      },
      {
        "class_id": 41,
        "count": 33
      },
      {
        "class_id": 45,
        "count": 26
      },
      {
        "class_id": 9,
        "count": 26
      },
      {
        "class_id": 61,
        "count": 25
      },
      {
        "class_id": 60,
        "count": 24
      },
      {
        "class_id": 72,
        "count": 24
      },
      {
        "class_id": 74,
        "count": 23
      },
      {
        "class_id": 49,
        "count": 22
      }
    ]
  },
  "storage_mode": "pt",
  "sweeps": {
    "nms_iou_threshold": [
      {
        "coco_ap": 0.22560295849643258,
        "coco_ap50": 0.3298796557031175,
        "coco_ap75": 0.2639329715464915,
        "coco_ap_large": 0.4458782544921158,
        "coco_ap_medium": 0.43045226096623884,
        "coco_ap_small": 0.10853802523164868,
        "coco_ar1": 0.18635941644562334,
        "coco_ar10": 0.2789485705865016,
        "coco_ar100": 0.28717138225758915,
        "coco_ar_large": 0.46455026455026455,
        "coco_ar_medium": 0.5018518518518518,
        "coco_ar_small": 0.1263744588744589,
        "num_predictions": 743.0,
        "num_samples": 12.0,
        "value": 0.4
      },
      {
        "coco_ap": 0.23164936465432837,
        "coco_ap50": 0.3384576707289693,
        "coco_ap75": 0.27270985649451446,
        "coco_ap_large": 0.4454162082874954,
        "coco_ap_medium": 0.41675514770486105,
        "coco_ap_small": 0.11861150989377053,
        "coco_ar1": 0.18635941644562334,
        "coco_ar10": 0.2901554671382257,
        "coco_ar100": 0.3045674918950781,
        "coco_ar_large": 0.46455026455026455,
        "coco_ar_medium": 0.5388888888888889,
        "coco_ar_small": 0.13683621933621934,
        "num_predictions": 818.0,
        "num_samples": 12.0,
        "value": 0.5
      },
      {
        "coco_ap": 0.23290805086782174,
        "coco_ap50": 0.3359141379099181,
        "coco_ap75": 0.27428675919385875,
        "coco_ap_large": 0.4443894389438944,
        "coco_ap_medium": 0.41398830693239547,
        "coco_ap_small": 0.12283837385650788,
        "coco_ar1": 0.18635941644562334,
        "coco_ar10": 0.2874543177129384,
        "coco_ar100": 0.30345785440613027,
        "coco_ar_large": 0.46455026455026455,
        "coco_ar_medium": 0.5282407407407407,
        "coco_ar_small": 0.14075396825396824,
        "num_predictions": 898.0,
        "num_samples": 12.0,
        "value": 0.6
      },
      {
        "coco_ap": 0.22603817007830165,
        "coco_ap50": 0.32455688508406644,
        "coco_ap75": 0.26976804447867664,
        "coco_ap_large": 0.4429904657132379,
        "coco_ap_medium": 0.4042787325194829,
        "coco_ap_small": 0.11648709451641008,
        "coco_ar1": 0.18635941644562334,
        "coco_ar10": 0.28687960506926025,
        "coco_ar100": 0.3015568818155025,
        "coco_ar_large": 0.4661375661375661,
        "coco_ar_medium": 0.5208333333333334,
        "coco_ar_small": 0.14055555555555554,
        "num_predictions": 983.0,
        "num_samples": 12.0,
        "value": 0.7
      }
    ],
    "score_threshold": [
      {
        "coco_ap": 0.23164936465432837,
        "coco_ap50": 0.3384576707289693,
        "coco_ap75": 0.27270985649451446,
        "coco_ap_large": 0.4454162082874954,
        "coco_ap_medium": 0.41675514770486105,
        "coco_ap_small": 0.11861150989377053,
        "coco_ar1": 0.18635941644562334,
        "coco_ar10": 0.2901554671382257,
        "coco_ar100": 0.3045674918950781,
        "coco_ar_large": 0.46455026455026455,
        "coco_ar_medium": 0.5388888888888889,
        "coco_ar_small": 0.13683621933621934,
        "num_predictions": 1026.0,
        "num_samples": 12.0,
        "value": 0.01
      },
      {
        "coco_ap": 0.23164936465432837,
        "coco_ap50": 0.3384576707289693,
        "coco_ap75": 0.27270985649451446,
        "coco_ap_large": 0.4454162082874954,
        "coco_ap_medium": 0.41675514770486105,
        "coco_ap_small": 0.11861150989377053,
        "coco_ar1": 0.18635941644562334,
        "coco_ar10": 0.2901554671382257,
        "coco_ar100": 0.3045674918950781,
        "coco_ar_large": 0.46455026455026455,
        "coco_ar_medium": 0.5388888888888889,
        "coco_ar_small": 0.13683621933621934,
        "num_predictions": 928.0,
        "num_samples": 12.0,
        "value": 0.03
      },
      {
        "coco_ap": 0.23164936465432837,
        "coco_ap50": 0.3384576707289693,
        "coco_ap75": 0.27270985649451446,
        "coco_ap_large": 0.4454162082874954,
        "coco_ap_medium": 0.41675514770486105,
        "coco_ap_small": 0.11861150989377053,
        "coco_ar1": 0.18635941644562334,
        "coco_ar10": 0.2901554671382257,
        "coco_ar100": 0.3045674918950781,
        "coco_ar_large": 0.46455026455026455,
        "coco_ar_medium": 0.5388888888888889,
        "coco_ar_small": 0.13683621933621934,
        "num_predictions": 818.0,
        "num_samples": 12.0,
        "value": 0.05
      },
      {
        "coco_ap": 0.23158307306822673,
        "coco_ap50": 0.3380272065797418,
        "coco_ap75": 0.27270985649451446,
        "coco_ap_large": 0.4454162082874954,
        "coco_ap_medium": 0.41675514770486105,
        "coco_ap_small": 0.11840653021212888,
        "coco_ar1": 0.18635941644562334,
        "coco_ar10": 0.2901554671382257,
        "coco_ar100": 0.3043022399056882,
        "coco_ar_large": 0.46455026455026455,
        "coco_ar_medium": 0.5388888888888889,
        "coco_ar_small": 0.13624098124098125,
        "num_predictions": 611.0,
        "num_samples": 12.0,
        "value": 0.1
      },
      {
        "coco_ap": 0.22684480365884727,
        "coco_ap50": 0.32796003723887557,
        "coco_ap75": 0.26717536475132925,
        "coco_ap_large": 0.44310597726439305,
        "coco_ap_medium": 0.4047969518852791,
        "coco_ap_small": 0.11251535447135835,
        "coco_ar1": 0.18556366047745357,
        "coco_ar10": 0.275279251399941,
        "coco_ar100": 0.28871868552903035,
        "coco_ar_large": 0.45978835978835975,
        "coco_ar_medium": 0.5037037037037037,
        "coco_ar_small": 0.1290981240981241,
        "num_predictions": 337.0,
        "num_samples": 12.0,
        "value": 0.2
      },
      {
        "coco_ap": 0.20293534455810613,
        "coco_ap50": 0.2888895851008235,
        "coco_ap75": 0.23980538637418117,
        "coco_ap_large": 0.438998899889989,
        "coco_ap_medium": 0.357158914271994,
        "coco_ap_small": 0.08972916339252972,
        "coco_ar1": 0.1709084880636605,
        "coco_ar10": 0.2153485116416151,
        "coco_ar100": 0.22419024462127907,
        "coco_ar_large": 0.4534391534391534,
        "coco_ar_medium": 0.40185185185185185,
        "coco_ar_small": 0.10183621933621934,
        "num_predictions": 201.0,
        "num_samples": 12.0,
        "value": 0.3
      }
    ],
    "top_k": [
      {
        "coco_ap": 0.20170001997894144,
        "coco_ap50": 0.2778200026434852,
        "coco_ap75": 0.24048821327756115,
        "coco_ap_large": 0.44310597726439305,
        "coco_ap_medium": 0.357158914271994,
        "coco_ap_small": 0.09325314216403324,
        "coco_ar1": 0.17521883289124668,
        "coco_ar10": 0.22623710580607131,
        "coco_ar100": 0.22906646035956377,
        "coco_ar_large": 0.45978835978835975,
        "coco_ar_medium": 0.40185185185185185,
        "coco_ar_small": 0.10779581529581529,
        "num_predictions": 230.0,
        "num_samples": 12.0,
        "value": 20
      },
      {
        "coco_ap": 0.2238832694492892,
        "coco_ap50": 0.3245378888790351,
        "coco_ap75": 0.26468987482302603,
        "coco_ap_large": 0.44310597726439305,
        "coco_ap_medium": 0.4054318725201997,
        "coco_ap_small": 0.10997227516523624,
        "coco_ar1": 0.18556366047745357,
        "coco_ar10": 0.2770033893309755,
        "coco_ar100": 0.2870829649277925,
        "coco_ar_large": 0.45978835978835975,
        "coco_ar_medium": 0.5037037037037037,
        "coco_ar_small": 0.12716810966810965,
        "num_predictions": 509.0,
        "num_samples": 12.0,
        "value": 50
      },
      {
        "coco_ap": 0.23164936465432837,
        "coco_ap50": 0.3384576707289693,
        "coco_ap75": 0.27270985649451446,
        "coco_ap_large": 0.4454162082874954,
        "coco_ap_medium": 0.41675514770486105,
        "coco_ap_small": 0.11861150989377053,
        "coco_ar1": 0.18635941644562334,
        "coco_ar10": 0.2901554671382257,
        "coco_ar100": 0.3045674918950781,
        "coco_ar_large": 0.46455026455026455,
        "coco_ar_medium": 0.5388888888888889,
        "coco_ar_small": 0.13683621933621934,
        "num_predictions": 818.0,
        "num_samples": 12.0,
        "value": 100
      },
      {
        "coco_ap": 0.24095780111493714,
        "coco_ap50": 0.35205772873014435,
        "coco_ap75": 0.2858889203325534,
        "coco_ap_large": 0.4454162082874954,
        "coco_ap_medium": 0.45588815053932474,
        "coco_ap_small": 0.12114274830959658,
        "coco_ar1": 0.2104973474801061,
        "coco_ar10": 0.31455865016209844,
        "coco_ar100": 0.3305621868552903,
        "coco_ar_large": 0.46455026455026455,
        "coco_ar_medium": 0.5791666666666667,
        "coco_ar_small": 0.13943362193362194,
        "num_predictions": 1075.0,
        "num_samples": 12.0,
        "value": 200
      }
    ]
  },
  "visualization_config": {
    "nms_iou_threshold": 0.5,
    "score_alpha": 2.0,
    "score_beta": 1.0,
    "score_threshold": 0.5,
    "show_gt": false,
    "top_k": 10
  },
  "visualizations": [
    "/home/lidz/YOLO/yolo_final/outputs/evaluations/dual_scale_three_box_coco_only_noobj1_416_basic_aug_scale_jitter_50_lr7e4_ddp_20260512_130823_display_pred_only_vis12/coco2017_val_000000397133.png",
    "/home/lidz/YOLO/yolo_final/outputs/evaluations/dual_scale_three_box_coco_only_noobj1_416_basic_aug_scale_jitter_50_lr7e4_ddp_20260512_130823_display_pred_only_vis12/coco2017_val_000000037777.png",
    "/home/lidz/YOLO/yolo_final/outputs/evaluations/dual_scale_three_box_coco_only_noobj1_416_basic_aug_scale_jitter_50_lr7e4_ddp_20260512_130823_display_pred_only_vis12/coco2017_val_000000252219.png",
    "/home/lidz/YOLO/yolo_final/outputs/evaluations/dual_scale_three_box_coco_only_noobj1_416_basic_aug_scale_jitter_50_lr7e4_ddp_20260512_130823_display_pred_only_vis12/coco2017_val_000000087038.png",
    "/home/lidz/YOLO/yolo_final/outputs/evaluations/dual_scale_three_box_coco_only_noobj1_416_basic_aug_scale_jitter_50_lr7e4_ddp_20260512_130823_display_pred_only_vis12/coco2017_val_000000174482.png",
    "/home/lidz/YOLO/yolo_final/outputs/evaluations/dual_scale_three_box_coco_only_noobj1_416_basic_aug_scale_jitter_50_lr7e4_ddp_20260512_130823_display_pred_only_vis12/coco2017_val_000000403385.png",
    "/home/lidz/YOLO/yolo_final/outputs/evaluations/dual_scale_three_box_coco_only_noobj1_416_basic_aug_scale_jitter_50_lr7e4_ddp_20260512_130823_display_pred_only_vis12/coco2017_val_000000006818.png",
    "/home/lidz/YOLO/yolo_final/outputs/evaluations/dual_scale_three_box_coco_only_noobj1_416_basic_aug_scale_jitter_50_lr7e4_ddp_20260512_130823_display_pred_only_vis12/coco2017_val_000000480985.png",
    "/home/lidz/YOLO/yolo_final/outputs/evaluations/dual_scale_three_box_coco_only_noobj1_416_basic_aug_scale_jitter_50_lr7e4_ddp_20260512_130823_display_pred_only_vis12/coco2017_val_000000458054.png",
    "/home/lidz/YOLO/yolo_final/outputs/evaluations/dual_scale_three_box_coco_only_noobj1_416_basic_aug_scale_jitter_50_lr7e4_ddp_20260512_130823_display_pred_only_vis12/coco2017_val_000000331352.png",
    "/home/lidz/YOLO/yolo_final/outputs/evaluations/dual_scale_three_box_coco_only_noobj1_416_basic_aug_scale_jitter_50_lr7e4_ddp_20260512_130823_display_pred_only_vis12/coco2017_val_000000296649.png",
    "/home/lidz/YOLO/yolo_final/outputs/evaluations/dual_scale_three_box_coco_only_noobj1_416_basic_aug_scale_jitter_50_lr7e4_ddp_20260512_130823_display_pred_only_vis12/coco2017_val_000000386912.png"
  ]
}
pred_only_vis12_exit=0
stage=loss_curves
outputs/evaluations/dual_scale_three_box_coco_only_noobj1_416_basic_aug_scale_jitter_50_lr7e4_ddp_20260512_130823_loss_curves.png
loss_curves_exit=0
