session=train_416_basic_aug
config=configs/dual_scale_three_box_coco_only_noobj1_416_basic_aug.toml
log=logs/training_tmux/dual_scale_three_box_coco_only_noobj1_416_basic_aug_ddp_20260508_014007.log
stage=train_ddp_8gpu
W0508 01:40:09.215000 1425694 site-packages/torch/distributed/run.py:851] 
W0508 01:40:09.215000 1425694 site-packages/torch/distributed/run.py:851] *****************************************
W0508 01:40:09.215000 1425694 site-packages/torch/distributed/run.py:851] Setting OMP_NUM_THREADS environment variable for each process to be 1 in default, to avoid your system being overloaded, please further tune the variable for optimal performance in your application as needed. 
W0508 01:40:09.215000 1425694 site-packages/torch/distributed/run.py:851] *****************************************
DDP mode: ignoring train.use_data_parallel from config.
dataset storage train: pt | index = /home/lidz/YOLO/DataSet/Unified/packed/pt/coco2017_train/chunk_1024/index.json | chunks = 116 | samples = 118287 | chunk_size = 1024
dataset storage val: pt | index = /home/lidz/YOLO/DataSet/Unified/packed/pt/coco2017_val/chunk_1024/index.json | chunks = 5 | samples = 5000 | chunk_size = 1024
/home/lidz/miniconda3/envs/yolov1/lib/python3.10/site-packages/torch/distributed/c10d_logger.py:83: UserWarning: barrier(): using the device under current context. You can specify `device_id` in `init_process_group` to mute this warning.
  return func(*args, **kwargs)
DDP configured global batch size: 128
DDP per-rank batch size: 16
DDP effective global batch size: 128
DDP configured workers: 64
DDP per-rank workers: 8
starting yolov0 DDP training
run id: dual_scale_three_box_coco_only_noobj1_416_basic_aug_ddp_20260508_014013
device: cuda:0
backend: nccl
world size: 8
train dataset length: 118287
val dataset length: 5000
model output shape: {'p4': (1, 26, 26, 255), 'p5': (1, 13, 13, 255)}
train augmentation: {'enabled': True, 'horizontal_flip_p': 0.5, 'color_jitter_p': 0.8, 'brightness': 0.15, 'contrast': 0.15, 'saturation': 0.15, 'affine_p': 0.3, 'degrees': 3.0, 'translate': 0.04, 'scale_min': 0.96, 'scale_max': 1.04, 'shear': 0.0, 'min_box_size': 1.0}
parameter total: 36531294
parameter trainable: 36531294
tensorboard dir: runs/dual_scale_three_box_coco_only_noobj1_416_basic_aug_ddp_20260508_014013
output dir: outputs/dual_scale_three_box_coco_only_noobj1_416_basic_aug_ddp_20260508_014013
epoch 001 | step 0001 | total = 11.2455 | box = 1.3588 | obj = 3.0478 | cls = 1.4035 | lr = 0.001000
epoch 001 | step 0020 | total = 8.1547 | box = 1.1502 | obj = 2.1715 | cls = 0.2324 | lr = 0.001000
epoch 001 | step 0040 | total = 7.6463 | box = 1.1188 | obj = 1.9735 | cls = 0.0787 | lr = 0.001000
epoch 001 | step 0060 | total = 7.7889 | box = 1.1435 | obj = 1.9945 | cls = 0.0771 | lr = 0.001000
epoch 001 | step 0080 | total = 8.0477 | box = 1.2057 | obj = 1.9528 | cls = 0.0661 | lr = 0.001000
epoch 001 | step 0100 | total = 7.7022 | box = 1.1469 | obj = 1.9065 | cls = 0.0610 | lr = 0.001000
epoch 001 | step 0120 | total = 7.9059 | box = 1.1839 | obj = 1.9275 | cls = 0.0588 | lr = 0.001000
epoch 001 | step 0140 | total = 7.1527 | box = 1.0123 | obj = 2.0288 | cls = 0.0623 | lr = 0.001000
epoch 001 | step 0160 | total = 7.1613 | box = 1.0087 | obj = 2.0455 | cls = 0.0722 | lr = 0.001000
epoch 001 | step 0180 | total = 7.2675 | box = 1.0232 | obj = 2.0828 | cls = 0.0688 | lr = 0.001000
epoch 001 | step 0200 | total = 6.9788 | box = 0.9821 | obj = 2.0049 | cls = 0.0636 | lr = 0.001000
epoch 001 | step 0220 | total = 6.7689 | box = 0.9277 | obj = 2.0634 | cls = 0.0672 | lr = 0.001000
epoch 001 | step 0240 | total = 7.4763 | box = 1.1011 | obj = 1.9077 | cls = 0.0632 | lr = 0.001000
epoch 001 | step 0260 | total = 7.1948 | box = 1.0399 | obj = 1.9351 | cls = 0.0601 | lr = 0.001000
epoch 001 | step 0280 | total = 7.6579 | box = 1.1296 | obj = 1.9552 | cls = 0.0547 | lr = 0.001000
epoch 001 | step 0300 | total = 7.8212 | box = 1.1821 | obj = 1.8520 | cls = 0.0589 | lr = 0.001000
epoch 001 | step 0320 | total = 7.2073 | box = 1.0402 | obj = 1.9481 | cls = 0.0583 | lr = 0.001000
epoch 001 | step 0340 | total = 7.0005 | box = 0.9808 | obj = 2.0340 | cls = 0.0626 | lr = 0.001000
epoch 001 | step 0360 | total = 7.3361 | box = 1.0705 | obj = 1.9286 | cls = 0.0549 | lr = 0.001000
epoch 001 | step 0380 | total = 6.6369 | box = 0.9052 | obj = 2.0363 | cls = 0.0747 | lr = 0.001000
epoch 001 | step 0400 | total = 6.5916 | box = 0.8962 | obj = 2.0423 | cls = 0.0681 | lr = 0.001000
epoch 001 | step 0420 | total = 7.6063 | box = 1.1211 | obj = 1.9443 | cls = 0.0566 | lr = 0.001000
epoch 001 | step 0440 | total = 6.9491 | box = 1.0048 | obj = 1.8601 | cls = 0.0652 | lr = 0.001000
epoch 001 | step 0460 | total = 7.8649 | box = 1.1989 | obj = 1.8196 | cls = 0.0506 | lr = 0.001000
epoch 001 | step 0480 | total = 7.6404 | box = 1.1618 | obj = 1.7809 | cls = 0.0503 | lr = 0.001000
epoch 001 | step 0500 | total = 7.2213 | box = 1.0603 | obj = 1.8659 | cls = 0.0541 | lr = 0.001000
epoch 001 | step 0520 | total = 7.1628 | box = 1.0278 | obj = 1.9616 | cls = 0.0622 | lr = 0.001000
epoch 001 | step 0540 | total = 6.9019 | box = 0.9645 | obj = 2.0146 | cls = 0.0646 | lr = 0.001000
epoch 001 | step 0560 | total = 6.6350 | box = 0.9164 | obj = 1.9953 | cls = 0.0578 | lr = 0.001000
epoch 001 | step 0580 | total = 7.6235 | box = 1.1496 | obj = 1.8234 | cls = 0.0520 | lr = 0.001000
epoch 001 | step 0600 | total = 7.5749 | box = 1.1304 | obj = 1.8722 | cls = 0.0507 | lr = 0.001000
epoch 001 | step 0620 | total = 6.9422 | box = 0.9688 | obj = 2.0411 | cls = 0.0573 | lr = 0.001000
epoch 001 | step 0640 | total = 6.4347 | box = 0.8982 | obj = 1.8907 | cls = 0.0530 | lr = 0.001000
epoch 001 | step 0660 | total = 6.8384 | box = 0.9738 | obj = 1.9112 | cls = 0.0582 | lr = 0.001000
epoch 001 | step 0680 | total = 6.5742 | box = 0.9049 | obj = 1.9872 | cls = 0.0624 | lr = 0.001000
epoch 001 | step 0700 | total = 6.6790 | box = 0.9324 | obj = 1.9585 | cls = 0.0585 | lr = 0.001000
epoch 001 | step 0720 | total = 6.9054 | box = 0.9815 | obj = 1.9392 | cls = 0.0588 | lr = 0.001000
epoch 001 | step 0740 | total = 6.6192 | box = 0.9389 | obj = 1.8661 | cls = 0.0585 | lr = 0.001000
epoch 001 | step 0760 | total = 6.4344 | box = 0.8813 | obj = 1.9600 | cls = 0.0677 | lr = 0.001000
epoch 001 | step 0780 | total = 6.4189 | box = 0.8640 | obj = 2.0339 | cls = 0.0649 | lr = 0.001000
epoch 001 | step 0800 | total = 5.5691 | box = 0.7312 | obj = 1.8401 | cls = 0.0730 | lr = 0.001000
epoch 001 | step 0820 | total = 6.2081 | box = 0.8293 | obj = 1.9951 | cls = 0.0666 | lr = 0.001000
epoch 001 | step 0840 | total = 6.0057 | box = 0.7621 | obj = 2.1197 | cls = 0.0755 | lr = 0.001000
epoch 001 | step 0860 | total = 6.2076 | box = 0.8733 | obj = 1.7873 | cls = 0.0537 | lr = 0.001000
epoch 001 | step 0880 | total = 6.3193 | box = 0.8341 | obj = 2.0840 | cls = 0.0648 | lr = 0.001000
epoch 001 | step 0900 | total = 6.5231 | box = 0.9203 | obj = 1.8729 | cls = 0.0489 | lr = 0.001000
epoch 001 | step 0920 | total = 7.1016 | box = 1.0247 | obj = 1.9253 | cls = 0.0527 | lr = 0.001000
[epoch 001 train] total = 7.1894 | box = 1.0348 | obj = 1.9401 | cls = 0.0753 | steps = 925 | global_batches = 7400 | samples = 118288 | time = 819.5s
[epoch 001 val] total = 6.8639 | box = 0.9628 | obj = 1.9908 | cls = 0.0593 | steps = 40 | global_batches = 320 | samples = 5000 | time = 19.1s
epoch 002 | step 0001 | total = 6.1859 | box = 0.8418 | obj = 1.9220 | cls = 0.0551 | lr = 0.000997
epoch 002 | step 0020 | total = 6.2062 | box = 0.8600 | obj = 1.8524 | cls = 0.0538 | lr = 0.000997
epoch 002 | step 0040 | total = 7.1051 | box = 1.0242 | obj = 1.9297 | cls = 0.0544 | lr = 0.000997
epoch 002 | step 0060 | total = 6.9067 | box = 1.0160 | obj = 1.7779 | cls = 0.0488 | lr = 0.000997
epoch 002 | step 0080 | total = 6.7253 | box = 0.9503 | obj = 1.9112 | cls = 0.0626 | lr = 0.000997
epoch 002 | step 0100 | total = 6.0520 | box = 0.8385 | obj = 1.8072 | cls = 0.0524 | lr = 0.000997
epoch 002 | step 0120 | total = 6.4073 | box = 0.8977 | obj = 1.8665 | cls = 0.0524 | lr = 0.000997
epoch 002 | step 0140 | total = 6.6278 | box = 0.9560 | obj = 1.7898 | cls = 0.0578 | lr = 0.000997
epoch 002 | step 0160 | total = 6.9790 | box = 1.0084 | obj = 1.8828 | cls = 0.0543 | lr = 0.000997
epoch 002 | step 0180 | total = 5.8879 | box = 0.7891 | obj = 1.8756 | cls = 0.0667 | lr = 0.000997
epoch 002 | step 0200 | total = 6.8326 | box = 0.9633 | obj = 1.9576 | cls = 0.0588 | lr = 0.000997
epoch 002 | step 0220 | total = 6.3332 | box = 0.8819 | obj = 1.8733 | cls = 0.0505 | lr = 0.000997
epoch 002 | step 0240 | total = 5.7059 | box = 0.7330 | obj = 1.9647 | cls = 0.0762 | lr = 0.000997
epoch 002 | step 0260 | total = 6.7856 | box = 0.9773 | obj = 1.8402 | cls = 0.0589 | lr = 0.000997
epoch 002 | step 0280 | total = 7.0540 | box = 1.0379 | obj = 1.8142 | cls = 0.0505 | lr = 0.000997
epoch 002 | step 0300 | total = 6.8508 | box = 0.9901 | obj = 1.8411 | cls = 0.0593 | lr = 0.000997
epoch 002 | step 0320 | total = 6.5334 | box = 0.9266 | obj = 1.8450 | cls = 0.0553 | lr = 0.000997
epoch 002 | step 0340 | total = 6.5907 | box = 0.8767 | obj = 2.1411 | cls = 0.0660 | lr = 0.000997
epoch 002 | step 0360 | total = 5.8736 | box = 0.8005 | obj = 1.8135 | cls = 0.0576 | lr = 0.000997
epoch 002 | step 0380 | total = 6.6861 | box = 0.9820 | obj = 1.7216 | cls = 0.0545 | lr = 0.000997
epoch 002 | step 0400 | total = 6.8239 | box = 0.9875 | obj = 1.8337 | cls = 0.0527 | lr = 0.000997
epoch 002 | step 0420 | total = 5.8093 | box = 0.7799 | obj = 1.8461 | cls = 0.0637 | lr = 0.000997
epoch 002 | step 0440 | total = 6.2441 | box = 0.8538 | obj = 1.9213 | cls = 0.0538 | lr = 0.000997
epoch 002 | step 0460 | total = 6.6332 | box = 0.9494 | obj = 1.8275 | cls = 0.0589 | lr = 0.000997
epoch 002 | step 0480 | total = 5.7196 | box = 0.7671 | obj = 1.8255 | cls = 0.0589 | lr = 0.000997
epoch 002 | step 0500 | total = 5.6196 | box = 0.7416 | obj = 1.8470 | cls = 0.0645 | lr = 0.000997
epoch 002 | step 0520 | total = 6.2238 | box = 0.8581 | obj = 1.8761 | cls = 0.0570 | lr = 0.000997
epoch 002 | step 0540 | total = 6.8986 | box = 1.0262 | obj = 1.7215 | cls = 0.0462 | lr = 0.000997
epoch 002 | step 0560 | total = 6.3764 | box = 0.8917 | obj = 1.8613 | cls = 0.0567 | lr = 0.000997
epoch 002 | step 0580 | total = 5.8214 | box = 0.7675 | obj = 1.9286 | cls = 0.0553 | lr = 0.000997
epoch 002 | step 0600 | total = 6.3097 | box = 0.8384 | obj = 2.0614 | cls = 0.0563 | lr = 0.000997
epoch 002 | step 0620 | total = 5.6359 | box = 0.7695 | obj = 1.7340 | cls = 0.0546 | lr = 0.000997
epoch 002 | step 0640 | total = 5.3020 | box = 0.6510 | obj = 1.9757 | cls = 0.0714 | lr = 0.000997
epoch 002 | step 0660 | total = 5.8323 | box = 0.7907 | obj = 1.8259 | cls = 0.0528 | lr = 0.000997
epoch 002 | step 0680 | total = 5.5341 | box = 0.7274 | obj = 1.8361 | cls = 0.0610 | lr = 0.000997
epoch 002 | step 0700 | total = 6.8297 | box = 0.9848 | obj = 1.8559 | cls = 0.0497 | lr = 0.000997
epoch 002 | step 0720 | total = 6.3049 | box = 0.8720 | obj = 1.8824 | cls = 0.0625 | lr = 0.000997
epoch 002 | step 0740 | total = 6.9238 | box = 1.0192 | obj = 1.7822 | cls = 0.0454 | lr = 0.000997
epoch 002 | step 0760 | total = 7.5094 | box = 1.1319 | obj = 1.8007 | cls = 0.0492 | lr = 0.000997
epoch 002 | step 0780 | total = 6.2913 | box = 0.8851 | obj = 1.8083 | cls = 0.0574 | lr = 0.000997
epoch 002 | step 0800 | total = 5.7864 | box = 0.7735 | obj = 1.8470 | cls = 0.0720 | lr = 0.000997
epoch 002 | step 0820 | total = 6.4702 | box = 0.9056 | obj = 1.8886 | cls = 0.0537 | lr = 0.000997
epoch 002 | step 0840 | total = 6.0490 | box = 0.8268 | obj = 1.8533 | cls = 0.0615 | lr = 0.000997
epoch 002 | step 0860 | total = 6.5709 | box = 0.9586 | obj = 1.7314 | cls = 0.0465 | lr = 0.000997
epoch 002 | step 0880 | total = 6.5402 | box = 0.9357 | obj = 1.8056 | cls = 0.0561 | lr = 0.000997
epoch 002 | step 0900 | total = 6.3543 | box = 0.9200 | obj = 1.7082 | cls = 0.0462 | lr = 0.000997
epoch 002 | step 0920 | total = 6.2768 | box = 0.8858 | obj = 1.7955 | cls = 0.0525 | lr = 0.000997
[epoch 002 train] total = 6.3552 | box = 0.8886 | obj = 1.8557 | cls = 0.0564 | steps = 925 | global_batches = 7400 | samples = 118288 | time = 822.5s
[epoch 002 val] total = 6.2072 | box = 0.8630 | obj = 1.8368 | cls = 0.0555 | steps = 40 | global_batches = 320 | samples = 5000 | time = 20.6s
epoch 003 | step 0001 | total = 5.9130 | box = 0.8242 | obj = 1.7361 | cls = 0.0559 | lr = 0.000989
epoch 003 | step 0020 | total = 6.3924 | box = 0.9154 | obj = 1.7662 | cls = 0.0491 | lr = 0.000989
epoch 003 | step 0040 | total = 5.9015 | box = 0.8114 | obj = 1.7800 | cls = 0.0644 | lr = 0.000989
epoch 003 | step 0060 | total = 6.7116 | box = 0.9680 | obj = 1.8242 | cls = 0.0476 | lr = 0.000989
epoch 003 | step 0080 | total = 5.9462 | box = 0.7989 | obj = 1.8890 | cls = 0.0627 | lr = 0.000989
epoch 003 | step 0100 | total = 5.9576 | box = 0.8302 | obj = 1.7574 | cls = 0.0490 | lr = 0.000989
epoch 003 | step 0120 | total = 6.6749 | box = 0.9749 | obj = 1.7476 | cls = 0.0527 | lr = 0.000989
epoch 003 | step 0140 | total = 6.2390 | box = 0.8936 | obj = 1.7263 | cls = 0.0448 | lr = 0.000989
epoch 003 | step 0160 | total = 6.4176 | box = 0.9018 | obj = 1.8527 | cls = 0.0560 | lr = 0.000989
epoch 003 | step 0180 | total = 6.9726 | box = 1.0345 | obj = 1.7536 | cls = 0.0466 | lr = 0.000989
epoch 003 | step 0200 | total = 5.5214 | box = 0.7064 | obj = 1.9234 | cls = 0.0659 | lr = 0.000989
epoch 003 | step 0220 | total = 6.4263 | box = 0.9549 | obj = 1.6060 | cls = 0.0456 | lr = 0.000989
epoch 003 | step 0240 | total = 5.6946 | box = 0.7766 | obj = 1.7623 | cls = 0.0492 | lr = 0.000989
epoch 003 | step 0260 | total = 6.0937 | box = 0.8363 | obj = 1.8514 | cls = 0.0607 | lr = 0.000989
epoch 003 | step 0280 | total = 5.4743 | box = 0.7076 | obj = 1.8745 | cls = 0.0619 | lr = 0.000989
epoch 003 | step 0300 | total = 6.0989 | box = 0.8249 | obj = 1.9168 | cls = 0.0578 | lr = 0.000989
epoch 003 | step 0320 | total = 5.9836 | box = 0.7989 | obj = 1.9234 | cls = 0.0656 | lr = 0.000989
epoch 003 | step 0340 | total = 6.0073 | box = 0.8441 | obj = 1.7359 | cls = 0.0508 | lr = 0.000989
epoch 003 | step 0360 | total = 6.1695 | box = 0.8788 | obj = 1.7197 | cls = 0.0557 | lr = 0.000989
epoch 003 | step 0380 | total = 5.7265 | box = 0.7901 | obj = 1.7245 | cls = 0.0516 | lr = 0.000989
epoch 003 | step 0400 | total = 5.5951 | box = 0.7651 | obj = 1.7126 | cls = 0.0569 | lr = 0.000989
epoch 003 | step 0420 | total = 6.6331 | box = 0.9586 | obj = 1.7957 | cls = 0.0442 | lr = 0.000989
epoch 003 | step 0440 | total = 6.1030 | box = 0.8259 | obj = 1.9150 | cls = 0.0585 | lr = 0.000989
epoch 003 | step 0460 | total = 5.7053 | box = 0.7653 | obj = 1.8237 | cls = 0.0549 | lr = 0.000989
epoch 003 | step 0480 | total = 5.7101 | box = 0.7737 | obj = 1.7902 | cls = 0.0514 | lr = 0.000989
epoch 003 | step 0500 | total = 5.6440 | box = 0.7312 | obj = 1.9279 | cls = 0.0599 | lr = 0.000989
epoch 003 | step 0520 | total = 6.2056 | box = 0.8451 | obj = 1.9290 | cls = 0.0509 | lr = 0.000989
epoch 003 | step 0540 | total = 6.1010 | box = 0.8466 | obj = 1.8088 | cls = 0.0590 | lr = 0.000989
epoch 003 | step 0560 | total = 5.7229 | box = 0.7554 | obj = 1.8795 | cls = 0.0662 | lr = 0.000989
epoch 003 | step 0580 | total = 6.8108 | box = 0.9884 | obj = 1.8165 | cls = 0.0525 | lr = 0.000989
epoch 003 | step 0600 | total = 6.1267 | box = 0.8724 | obj = 1.7153 | cls = 0.0491 | lr = 0.000989
epoch 003 | step 0620 | total = 6.1357 | box = 0.8690 | obj = 1.7453 | cls = 0.0453 | lr = 0.000989
epoch 003 | step 0640 | total = 6.4869 | box = 0.9094 | obj = 1.8936 | cls = 0.0461 | lr = 0.000989
epoch 003 | step 0660 | total = 6.1749 | box = 0.8322 | obj = 1.9553 | cls = 0.0588 | lr = 0.000989
epoch 003 | step 0680 | total = 5.4330 | box = 0.7076 | obj = 1.8434 | cls = 0.0516 | lr = 0.000989
epoch 003 | step 0700 | total = 5.4480 | box = 0.6950 | obj = 1.9107 | cls = 0.0623 | lr = 0.000989
epoch 003 | step 0720 | total = 5.1882 | box = 0.6992 | obj = 1.6377 | cls = 0.0543 | lr = 0.000989
epoch 003 | step 0740 | total = 6.3055 | box = 0.8981 | obj = 1.7670 | cls = 0.0482 | lr = 0.000989
epoch 003 | step 0760 | total = 6.0905 | box = 0.8369 | obj = 1.8499 | cls = 0.0559 | lr = 0.000989
epoch 003 | step 0780 | total = 5.9528 | box = 0.7910 | obj = 1.9371 | cls = 0.0609 | lr = 0.000989
epoch 003 | step 0800 | total = 5.8116 | box = 0.8055 | obj = 1.7299 | cls = 0.0541 | lr = 0.000989
epoch 003 | step 0820 | total = 5.3190 | box = 0.6939 | obj = 1.7973 | cls = 0.0523 | lr = 0.000989
epoch 003 | step 0840 | total = 6.3791 | box = 0.8633 | obj = 2.0068 | cls = 0.0558 | lr = 0.000989
epoch 003 | step 0860 | total = 6.9797 | box = 1.0345 | obj = 1.7540 | cls = 0.0530 | lr = 0.000989
epoch 003 | step 0880 | total = 5.8740 | box = 0.8186 | obj = 1.7295 | cls = 0.0517 | lr = 0.000989
epoch 003 | step 0900 | total = 5.3875 | box = 0.7232 | obj = 1.7046 | cls = 0.0671 | lr = 0.000989
epoch 003 | step 0920 | total = 5.8093 | box = 0.7826 | obj = 1.8422 | cls = 0.0541 | lr = 0.000989
[epoch 003 train] total = 6.0054 | box = 0.8301 | obj = 1.8007 | cls = 0.0542 | steps = 925 | global_batches = 7400 | samples = 118288 | time = 823.0s
[epoch 003 val] total = 6.0846 | box = 0.8396 | obj = 1.8297 | cls = 0.0570 | steps = 40 | global_batches = 320 | samples = 5000 | time = 21.0s
epoch 004 | step 0001 | total = 6.1776 | box = 0.8597 | obj = 1.8289 | cls = 0.0504 | lr = 0.000976
epoch 004 | step 0020 | total = 6.0995 | box = 0.8581 | obj = 1.7605 | cls = 0.0487 | lr = 0.000976
epoch 004 | step 0040 | total = 5.8625 | box = 0.8243 | obj = 1.6910 | cls = 0.0498 | lr = 0.000976
epoch 004 | step 0060 | total = 6.2848 | box = 0.8972 | obj = 1.7520 | cls = 0.0468 | lr = 0.000976
epoch 004 | step 0080 | total = 6.2901 | box = 0.8645 | obj = 1.9121 | cls = 0.0554 | lr = 0.000976
epoch 004 | step 0100 | total = 5.5931 | box = 0.7665 | obj = 1.6987 | cls = 0.0616 | lr = 0.000976
epoch 004 | step 0120 | total = 5.5044 | box = 0.6758 | obj = 2.0620 | cls = 0.0632 | lr = 0.000976
epoch 004 | step 0140 | total = 4.9865 | box = 0.6209 | obj = 1.8261 | cls = 0.0557 | lr = 0.000976
epoch 004 | step 0160 | total = 6.9667 | box = 1.0182 | obj = 1.8165 | cls = 0.0589 | lr = 0.000976
epoch 004 | step 0180 | total = 5.7776 | box = 0.8027 | obj = 1.7202 | cls = 0.0437 | lr = 0.000976
epoch 004 | step 0200 | total = 5.4773 | box = 0.7230 | obj = 1.8076 | cls = 0.0549 | lr = 0.000976
epoch 004 | step 0220 | total = 5.3195 | box = 0.7049 | obj = 1.7372 | cls = 0.0580 | lr = 0.000976
epoch 004 | step 0240 | total = 6.5020 | box = 0.9500 | obj = 1.7080 | cls = 0.0441 | lr = 0.000976
epoch 004 | step 0260 | total = 6.3525 | box = 0.9136 | obj = 1.7407 | cls = 0.0441 | lr = 0.000976
epoch 004 | step 0280 | total = 5.7635 | box = 0.7624 | obj = 1.8983 | cls = 0.0531 | lr = 0.000976
epoch 004 | step 0300 | total = 5.6925 | box = 0.7815 | obj = 1.7314 | cls = 0.0535 | lr = 0.000976
epoch 004 | step 0320 | total = 6.1922 | box = 0.8697 | obj = 1.7803 | cls = 0.0637 | lr = 0.000976
epoch 004 | step 0340 | total = 6.2013 | box = 0.8863 | obj = 1.7222 | cls = 0.0474 | lr = 0.000976
epoch 004 | step 0360 | total = 5.2289 | box = 0.6779 | obj = 1.7743 | cls = 0.0653 | lr = 0.000976
epoch 004 | step 0380 | total = 6.1747 | box = 0.8905 | obj = 1.6827 | cls = 0.0392 | lr = 0.000976
epoch 004 | step 0400 | total = 5.8485 | box = 0.8084 | obj = 1.7551 | cls = 0.0515 | lr = 0.000976
epoch 004 | step 0420 | total = 6.1302 | box = 0.8557 | obj = 1.7995 | cls = 0.0519 | lr = 0.000976
epoch 004 | step 0440 | total = 5.3375 | box = 0.7207 | obj = 1.6817 | cls = 0.0522 | lr = 0.000976
epoch 004 | step 0460 | total = 5.6004 | box = 0.7721 | obj = 1.6961 | cls = 0.0439 | lr = 0.000976
epoch 004 | step 0480 | total = 5.3604 | box = 0.7172 | obj = 1.7161 | cls = 0.0582 | lr = 0.000976
epoch 004 | step 0500 | total = 5.7767 | box = 0.8074 | obj = 1.6865 | cls = 0.0531 | lr = 0.000976
epoch 004 | step 0520 | total = 5.8609 | box = 0.8143 | obj = 1.7405 | cls = 0.0490 | lr = 0.000976
epoch 004 | step 0540 | total = 5.6313 | box = 0.7312 | obj = 1.9208 | cls = 0.0547 | lr = 0.000976
epoch 004 | step 0560 | total = 5.9281 | box = 0.8117 | obj = 1.8121 | cls = 0.0575 | lr = 0.000976
epoch 004 | step 0580 | total = 5.1499 | box = 0.6855 | obj = 1.6807 | cls = 0.0416 | lr = 0.000976
epoch 004 | step 0600 | total = 5.7733 | box = 0.8155 | obj = 1.6481 | cls = 0.0478 | lr = 0.000976
epoch 004 | step 0620 | total = 6.5089 | box = 0.9452 | obj = 1.7365 | cls = 0.0464 | lr = 0.000976
epoch 004 | step 0640 | total = 6.0121 | box = 0.8488 | obj = 1.7265 | cls = 0.0418 | lr = 0.000976
epoch 004 | step 0660 | total = 5.0614 | box = 0.6343 | obj = 1.8263 | cls = 0.0638 | lr = 0.000976
epoch 004 | step 0680 | total = 5.9060 | box = 0.7795 | obj = 1.9452 | cls = 0.0635 | lr = 0.000976
epoch 004 | step 0700 | total = 6.3963 | box = 0.9087 | obj = 1.8013 | cls = 0.0515 | lr = 0.000976
epoch 004 | step 0720 | total = 5.7882 | box = 0.7851 | obj = 1.8138 | cls = 0.0490 | lr = 0.000976
epoch 004 | step 0740 | total = 5.7815 | box = 0.7928 | obj = 1.7688 | cls = 0.0487 | lr = 0.000976
epoch 004 | step 0760 | total = 5.0486 | box = 0.6594 | obj = 1.7004 | cls = 0.0509 | lr = 0.000976
epoch 004 | step 0780 | total = 6.2044 | box = 0.8558 | obj = 1.8687 | cls = 0.0566 | lr = 0.000976
epoch 004 | step 0800 | total = 5.7882 | box = 0.7960 | obj = 1.7575 | cls = 0.0505 | lr = 0.000976
epoch 004 | step 0820 | total = 5.4772 | box = 0.7364 | obj = 1.7429 | cls = 0.0523 | lr = 0.000976
epoch 004 | step 0840 | total = 6.4166 | box = 0.9132 | obj = 1.7999 | cls = 0.0506 | lr = 0.000976
epoch 004 | step 0860 | total = 6.2504 | box = 0.8911 | obj = 1.7462 | cls = 0.0489 | lr = 0.000976
epoch 004 | step 0880 | total = 5.2378 | box = 0.6696 | obj = 1.8369 | cls = 0.0529 | lr = 0.000976
epoch 004 | step 0900 | total = 5.3464 | box = 0.6659 | obj = 1.9498 | cls = 0.0670 | lr = 0.000976
epoch 004 | step 0920 | total = 5.1589 | box = 0.6543 | obj = 1.8276 | cls = 0.0599 | lr = 0.000976
[epoch 004 train] total = 5.7922 | box = 0.7955 | obj = 1.7622 | cls = 0.0524 | steps = 925 | global_batches = 7400 | samples = 118288 | time = 820.1s
[epoch 004 val] total = 5.8195 | box = 0.7946 | obj = 1.7940 | cls = 0.0526 | steps = 40 | global_batches = 320 | samples = 5000 | time = 21.7s
epoch 005 | step 0001 | total = 5.4870 | box = 0.7457 | obj = 1.7183 | cls = 0.0401 | lr = 0.000957
epoch 005 | step 0020 | total = 5.1606 | box = 0.6734 | obj = 1.7296 | cls = 0.0641 | lr = 0.000957
epoch 005 | step 0040 | total = 5.5299 | box = 0.7461 | obj = 1.7533 | cls = 0.0459 | lr = 0.000957
epoch 005 | step 0060 | total = 5.6975 | box = 0.7800 | obj = 1.7536 | cls = 0.0439 | lr = 0.000957
epoch 005 | step 0080 | total = 5.1563 | box = 0.7013 | obj = 1.5954 | cls = 0.0543 | lr = 0.000957
epoch 005 | step 0100 | total = 5.8997 | box = 0.8179 | obj = 1.7597 | cls = 0.0504 | lr = 0.000957
epoch 005 | step 0120 | total = 5.9581 | box = 0.8391 | obj = 1.7181 | cls = 0.0446 | lr = 0.000957
epoch 005 | step 0140 | total = 6.0315 | box = 0.8273 | obj = 1.8408 | cls = 0.0540 | lr = 0.000957
epoch 005 | step 0160 | total = 4.8881 | box = 0.6230 | obj = 1.7250 | cls = 0.0480 | lr = 0.000957
epoch 005 | step 0180 | total = 5.5549 | box = 0.7466 | obj = 1.7744 | cls = 0.0477 | lr = 0.000957
epoch 005 | step 0200 | total = 5.7721 | box = 0.7750 | obj = 1.8430 | cls = 0.0540 | lr = 0.000957
epoch 005 | step 0220 | total = 5.8406 | box = 0.8214 | obj = 1.6776 | cls = 0.0560 | lr = 0.000957
epoch 005 | step 0240 | total = 5.9208 | box = 0.8142 | obj = 1.7999 | cls = 0.0501 | lr = 0.000957
epoch 005 | step 0260 | total = 6.1657 | box = 0.8709 | obj = 1.7616 | cls = 0.0495 | lr = 0.000957
epoch 005 | step 0280 | total = 5.1144 | box = 0.6873 | obj = 1.6295 | cls = 0.0484 | lr = 0.000957
epoch 005 | step 0300 | total = 6.4939 | box = 0.9584 | obj = 1.6587 | cls = 0.0432 | lr = 0.000957
epoch 005 | step 0320 | total = 5.4729 | box = 0.7659 | obj = 1.5985 | cls = 0.0451 | lr = 0.000957
epoch 005 | step 0340 | total = 5.3628 | box = 0.7127 | obj = 1.7413 | cls = 0.0578 | lr = 0.000957
epoch 005 | step 0360 | total = 5.1945 | box = 0.6930 | obj = 1.6742 | cls = 0.0555 | lr = 0.000957
epoch 005 | step 0380 | total = 5.9309 | box = 0.8123 | obj = 1.8190 | cls = 0.0504 | lr = 0.000957
epoch 005 | step 0400 | total = 5.6562 | box = 0.7777 | obj = 1.7196 | cls = 0.0482 | lr = 0.000957
epoch 005 | step 0420 | total = 6.0451 | box = 0.8552 | obj = 1.7198 | cls = 0.0493 | lr = 0.000957
epoch 005 | step 0440 | total = 5.4625 | box = 0.7547 | obj = 1.6501 | cls = 0.0389 | lr = 0.000957
epoch 005 | step 0460 | total = 5.6379 | box = 0.7818 | obj = 1.6839 | cls = 0.0452 | lr = 0.000957
epoch 005 | step 0480 | total = 6.5645 | box = 0.9825 | obj = 1.6080 | cls = 0.0440 | lr = 0.000957
epoch 005 | step 0500 | total = 5.4721 | box = 0.7136 | obj = 1.8492 | cls = 0.0549 | lr = 0.000957
epoch 005 | step 0520 | total = 5.4166 | box = 0.7168 | obj = 1.7787 | cls = 0.0540 | lr = 0.000957
epoch 005 | step 0540 | total = 5.1147 | box = 0.6608 | obj = 1.7512 | cls = 0.0596 | lr = 0.000957
epoch 005 | step 0560 | total = 5.5653 | box = 0.7908 | obj = 1.5674 | cls = 0.0437 | lr = 0.000957
epoch 005 | step 0580 | total = 6.0729 | box = 0.8726 | obj = 1.6664 | cls = 0.0437 | lr = 0.000957
epoch 005 | step 0600 | total = 5.4657 | box = 0.7355 | obj = 1.7395 | cls = 0.0486 | lr = 0.000957
epoch 005 | step 0620 | total = 6.3773 | box = 0.9209 | obj = 1.7210 | cls = 0.0517 | lr = 0.000957
epoch 005 | step 0640 | total = 6.0632 | box = 0.8702 | obj = 1.6710 | cls = 0.0411 | lr = 0.000957
epoch 005 | step 0660 | total = 5.1393 | box = 0.6540 | obj = 1.8171 | cls = 0.0524 | lr = 0.000957
epoch 005 | step 0680 | total = 5.5398 | box = 0.7521 | obj = 1.7215 | cls = 0.0577 | lr = 0.000957
epoch 005 | step 0700 | total = 5.6197 | box = 0.7584 | obj = 1.7766 | cls = 0.0512 | lr = 0.000957
epoch 005 | step 0720 | total = 5.7369 | box = 0.7931 | obj = 1.7148 | cls = 0.0568 | lr = 0.000957
epoch 005 | step 0740 | total = 5.7128 | box = 0.7784 | obj = 1.7581 | cls = 0.0627 | lr = 0.000957
epoch 005 | step 0760 | total = 5.5685 | box = 0.7590 | obj = 1.7290 | cls = 0.0445 | lr = 0.000957
epoch 005 | step 0780 | total = 4.8642 | box = 0.6128 | obj = 1.7325 | cls = 0.0677 | lr = 0.000957
epoch 005 | step 0800 | total = 5.4467 | box = 0.7350 | obj = 1.7205 | cls = 0.0511 | lr = 0.000957
epoch 005 | step 0820 | total = 5.5272 | box = 0.7283 | obj = 1.8302 | cls = 0.0553 | lr = 0.000957
epoch 005 | step 0840 | total = 5.8551 | box = 0.8331 | obj = 1.6523 | cls = 0.0373 | lr = 0.000957
epoch 005 | step 0860 | total = 6.0780 | box = 0.8647 | obj = 1.7069 | cls = 0.0476 | lr = 0.000957
epoch 005 | step 0880 | total = 5.4340 | box = 0.7129 | obj = 1.8183 | cls = 0.0512 | lr = 0.000957
epoch 005 | step 0900 | total = 4.7515 | box = 0.6246 | obj = 1.5669 | cls = 0.0616 | lr = 0.000957
epoch 005 | step 0920 | total = 6.2683 | box = 0.9154 | obj = 1.6505 | cls = 0.0407 | lr = 0.000957
[epoch 005 train] total = 5.6316 | box = 0.7693 | obj = 1.7342 | cls = 0.0511 | steps = 925 | global_batches = 7400 | samples = 118288 | time = 819.0s
[epoch 005 val] total = 5.7113 | box = 0.7775 | obj = 1.7717 | cls = 0.0522 | steps = 40 | global_batches = 320 | samples = 5000 | time = 21.9s
epoch 006 | step 0001 | total = 5.5569 | box = 0.7890 | obj = 1.5653 | cls = 0.0466 | lr = 0.000934
epoch 006 | step 0020 | total = 6.1047 | box = 0.8694 | obj = 1.7121 | cls = 0.0455 | lr = 0.000934
epoch 006 | step 0040 | total = 5.3365 | box = 0.7159 | obj = 1.7034 | cls = 0.0537 | lr = 0.000934
epoch 006 | step 0060 | total = 4.9978 | box = 0.6554 | obj = 1.6691 | cls = 0.0516 | lr = 0.000934
epoch 006 | step 0080 | total = 5.8151 | box = 0.8229 | obj = 1.6575 | cls = 0.0431 | lr = 0.000934
epoch 006 | step 0100 | total = 5.8510 | box = 0.8139 | obj = 1.7293 | cls = 0.0523 | lr = 0.000934
epoch 006 | step 0120 | total = 5.7012 | box = 0.8205 | obj = 1.5565 | cls = 0.0421 | lr = 0.000934
epoch 006 | step 0140 | total = 6.6658 | box = 0.9928 | obj = 1.6574 | cls = 0.0447 | lr = 0.000934
epoch 006 | step 0160 | total = 5.2346 | box = 0.7012 | obj = 1.6884 | cls = 0.0402 | lr = 0.000934
epoch 006 | step 0180 | total = 5.7516 | box = 0.7935 | obj = 1.7327 | cls = 0.0516 | lr = 0.000934
epoch 006 | step 0200 | total = 5.0522 | box = 0.6928 | obj = 1.5372 | cls = 0.0513 | lr = 0.000934
epoch 006 | step 0220 | total = 5.3234 | box = 0.7041 | obj = 1.7475 | cls = 0.0554 | lr = 0.000934
epoch 006 | step 0240 | total = 5.7672 | box = 0.7712 | obj = 1.8590 | cls = 0.0525 | lr = 0.000934
epoch 006 | step 0260 | total = 5.5486 | box = 0.7333 | obj = 1.8310 | cls = 0.0509 | lr = 0.000934
epoch 006 | step 0280 | total = 4.8070 | box = 0.6307 | obj = 1.6088 | cls = 0.0447 | lr = 0.000934
epoch 006 | step 0300 | total = 6.6684 | box = 0.9789 | obj = 1.7319 | cls = 0.0422 | lr = 0.000934
epoch 006 | step 0320 | total = 5.2556 | box = 0.7267 | obj = 1.5758 | cls = 0.0464 | lr = 0.000934
epoch 006 | step 0340 | total = 4.6895 | box = 0.5645 | obj = 1.8105 | cls = 0.0564 | lr = 0.000934
epoch 006 | step 0360 | total = 6.8695 | box = 1.0429 | obj = 1.6139 | cls = 0.0409 | lr = 0.000934
epoch 006 | step 0380 | total = 6.0476 | box = 0.8784 | obj = 1.6170 | cls = 0.0388 | lr = 0.000934
epoch 006 | step 0400 | total = 4.8481 | box = 0.6114 | obj = 1.7345 | cls = 0.0565 | lr = 0.000934
epoch 006 | step 0420 | total = 4.5367 | box = 0.5506 | obj = 1.7166 | cls = 0.0668 | lr = 0.000934
epoch 006 | step 0440 | total = 5.5434 | box = 0.7832 | obj = 1.5804 | cls = 0.0471 | lr = 0.000934
epoch 006 | step 0460 | total = 5.3488 | box = 0.7421 | obj = 1.5946 | cls = 0.0439 | lr = 0.000934
epoch 006 | step 0480 | total = 5.3910 | box = 0.7270 | obj = 1.7119 | cls = 0.0440 | lr = 0.000934
epoch 006 | step 0500 | total = 5.5932 | box = 0.7336 | obj = 1.8693 | cls = 0.0558 | lr = 0.000934
epoch 006 | step 0520 | total = 4.5882 | box = 0.5529 | obj = 1.7641 | cls = 0.0598 | lr = 0.000934
epoch 006 | step 0540 | total = 4.7050 | box = 0.6043 | obj = 1.6418 | cls = 0.0418 | lr = 0.000934
epoch 006 | step 0560 | total = 5.8368 | box = 0.7970 | obj = 1.7965 | cls = 0.0551 | lr = 0.000934
epoch 006 | step 0580 | total = 6.5155 | box = 0.9650 | obj = 1.6445 | cls = 0.0463 | lr = 0.000934
epoch 006 | step 0600 | total = 5.7164 | box = 0.7802 | obj = 1.7759 | cls = 0.0395 | lr = 0.000934
epoch 006 | step 0620 | total = 5.2276 | box = 0.7036 | obj = 1.6621 | cls = 0.0475 | lr = 0.000934
epoch 006 | step 0640 | total = 6.4403 | box = 0.9248 | obj = 1.7703 | cls = 0.0462 | lr = 0.000934
epoch 006 | step 0660 | total = 5.9108 | box = 0.8592 | obj = 1.5769 | cls = 0.0382 | lr = 0.000934
epoch 006 | step 0680 | total = 5.3434 | box = 0.6814 | obj = 1.8777 | cls = 0.0588 | lr = 0.000934
epoch 006 | step 0700 | total = 4.8096 | box = 0.6142 | obj = 1.6906 | cls = 0.0477 | lr = 0.000934
epoch 006 | step 0720 | total = 5.5222 | box = 0.7823 | obj = 1.5670 | cls = 0.0439 | lr = 0.000934
epoch 006 | step 0740 | total = 5.8380 | box = 0.8089 | obj = 1.7414 | cls = 0.0523 | lr = 0.000934
epoch 006 | step 0760 | total = 4.6986 | box = 0.6216 | obj = 1.5407 | cls = 0.0500 | lr = 0.000934
epoch 006 | step 0780 | total = 5.6448 | box = 0.7693 | obj = 1.7481 | cls = 0.0504 | lr = 0.000934
epoch 006 | step 0800 | total = 4.9051 | box = 0.6548 | obj = 1.5796 | cls = 0.0514 | lr = 0.000934
epoch 006 | step 0820 | total = 5.3996 | box = 0.7168 | obj = 1.7602 | cls = 0.0552 | lr = 0.000934
epoch 006 | step 0840 | total = 5.0137 | box = 0.6616 | obj = 1.6579 | cls = 0.0476 | lr = 0.000934
epoch 006 | step 0860 | total = 5.6226 | box = 0.7521 | obj = 1.8135 | cls = 0.0487 | lr = 0.000934
epoch 006 | step 0880 | total = 5.7202 | box = 0.7491 | obj = 1.9196 | cls = 0.0551 | lr = 0.000934
epoch 006 | step 0900 | total = 5.0558 | box = 0.6832 | obj = 1.5886 | cls = 0.0513 | lr = 0.000934
epoch 006 | step 0920 | total = 5.0149 | box = 0.6360 | obj = 1.7750 | cls = 0.0599 | lr = 0.000934
[epoch 006 train] total = 5.5022 | box = 0.7487 | obj = 1.7089 | cls = 0.0500 | steps = 925 | global_batches = 7400 | samples = 118288 | time = 818.4s
[epoch 006 val] total = 5.5809 | box = 0.7620 | obj = 1.7198 | cls = 0.0511 | steps = 40 | global_batches = 320 | samples = 5000 | time = 21.5s
epoch 007 | step 0001 | total = 4.6249 | box = 0.5705 | obj = 1.7112 | cls = 0.0614 | lr = 0.000905
epoch 007 | step 0020 | total = 5.6428 | box = 0.7894 | obj = 1.6474 | cls = 0.0486 | lr = 0.000905
epoch 007 | step 0040 | total = 5.9497 | box = 0.8374 | obj = 1.7214 | cls = 0.0412 | lr = 0.000905
epoch 007 | step 0060 | total = 5.4210 | box = 0.7547 | obj = 1.6009 | cls = 0.0468 | lr = 0.000905
epoch 007 | step 0080 | total = 6.2689 | box = 0.9024 | obj = 1.7163 | cls = 0.0403 | lr = 0.000905
epoch 007 | step 0100 | total = 5.2844 | box = 0.7121 | obj = 1.6783 | cls = 0.0453 | lr = 0.000905
epoch 007 | step 0120 | total = 5.0172 | box = 0.6704 | obj = 1.6110 | cls = 0.0540 | lr = 0.000905
epoch 007 | step 0140 | total = 4.8914 | box = 0.6167 | obj = 1.7461 | cls = 0.0616 | lr = 0.000905
epoch 007 | step 0160 | total = 5.7112 | box = 0.8106 | obj = 1.6130 | cls = 0.0455 | lr = 0.000905
epoch 007 | step 0180 | total = 5.0770 | box = 0.6573 | obj = 1.7438 | cls = 0.0466 | lr = 0.000905
epoch 007 | step 0200 | total = 6.4652 | box = 0.9461 | obj = 1.6887 | cls = 0.0461 | lr = 0.000905
epoch 007 | step 0220 | total = 5.1056 | box = 0.6451 | obj = 1.8274 | cls = 0.0526 | lr = 0.000905
epoch 007 | step 0240 | total = 6.1161 | box = 0.8819 | obj = 1.6656 | cls = 0.0409 | lr = 0.000905
epoch 007 | step 0260 | total = 5.0461 | box = 0.6601 | obj = 1.6977 | cls = 0.0482 | lr = 0.000905
epoch 007 | step 0280 | total = 5.7989 | box = 0.8345 | obj = 1.5709 | cls = 0.0554 | lr = 0.000905
epoch 007 | step 0300 | total = 5.5171 | box = 0.7469 | obj = 1.7269 | cls = 0.0559 | lr = 0.000905
epoch 007 | step 0320 | total = 5.1820 | box = 0.6752 | obj = 1.7505 | cls = 0.0556 | lr = 0.000905
epoch 007 | step 0340 | total = 4.8974 | box = 0.6558 | obj = 1.5669 | cls = 0.0517 | lr = 0.000905
epoch 007 | step 0360 | total = 5.9579 | box = 0.8452 | obj = 1.6832 | cls = 0.0490 | lr = 0.000905
epoch 007 | step 0380 | total = 5.3155 | box = 0.6859 | obj = 1.8304 | cls = 0.0557 | lr = 0.000905
epoch 007 | step 0400 | total = 5.7229 | box = 0.8058 | obj = 1.6507 | cls = 0.0431 | lr = 0.000905
epoch 007 | step 0420 | total = 6.2244 | box = 0.9024 | obj = 1.6688 | cls = 0.0434 | lr = 0.000905
epoch 007 | step 0440 | total = 4.9820 | box = 0.6310 | obj = 1.7753 | cls = 0.0519 | lr = 0.000905
epoch 007 | step 0460 | total = 5.6200 | box = 0.7684 | obj = 1.7255 | cls = 0.0527 | lr = 0.000905
epoch 007 | step 0480 | total = 4.9010 | box = 0.6324 | obj = 1.6820 | cls = 0.0570 | lr = 0.000905
epoch 007 | step 0500 | total = 5.4242 | box = 0.7351 | obj = 1.7020 | cls = 0.0465 | lr = 0.000905
epoch 007 | step 0520 | total = 5.8004 | box = 0.7819 | obj = 1.8482 | cls = 0.0426 | lr = 0.000905
epoch 007 | step 0540 | total = 5.5085 | box = 0.7628 | obj = 1.6515 | cls = 0.0431 | lr = 0.000905
epoch 007 | step 0560 | total = 5.5612 | box = 0.7630 | obj = 1.7008 | cls = 0.0456 | lr = 0.000905
epoch 007 | step 0580 | total = 5.4838 | box = 0.7113 | obj = 1.8778 | cls = 0.0496 | lr = 0.000905
epoch 007 | step 0600 | total = 4.8819 | box = 0.6477 | obj = 1.5926 | cls = 0.0509 | lr = 0.000905
epoch 007 | step 0620 | total = 4.3863 | box = 0.4863 | obj = 1.8882 | cls = 0.0668 | lr = 0.000905
epoch 007 | step 0640 | total = 5.8197 | box = 0.8308 | obj = 1.6238 | cls = 0.0418 | lr = 0.000905
epoch 007 | step 0660 | total = 5.5697 | box = 0.7448 | obj = 1.7879 | cls = 0.0581 | lr = 0.000905
epoch 007 | step 0680 | total = 5.9635 | box = 0.7998 | obj = 1.9056 | cls = 0.0591 | lr = 0.000905
epoch 007 | step 0700 | total = 4.6265 | box = 0.5759 | obj = 1.7036 | cls = 0.0433 | lr = 0.000905
epoch 007 | step 0720 | total = 5.2161 | box = 0.6694 | obj = 1.8101 | cls = 0.0589 | lr = 0.000905
epoch 007 | step 0740 | total = 4.0767 | box = 0.4876 | obj = 1.5743 | cls = 0.0646 | lr = 0.000905
epoch 007 | step 0760 | total = 5.0251 | box = 0.6573 | obj = 1.6867 | cls = 0.0518 | lr = 0.000905
epoch 007 | step 0780 | total = 4.3436 | box = 0.5482 | obj = 1.5452 | cls = 0.0575 | lr = 0.000905
epoch 007 | step 0800 | total = 5.6817 | box = 0.7592 | obj = 1.8306 | cls = 0.0551 | lr = 0.000905
epoch 007 | step 0820 | total = 5.2141 | box = 0.6951 | obj = 1.6877 | cls = 0.0507 | lr = 0.000905
epoch 007 | step 0840 | total = 4.8213 | box = 0.6434 | obj = 1.5616 | cls = 0.0428 | lr = 0.000905
epoch 007 | step 0860 | total = 5.0795 | box = 0.6738 | obj = 1.6638 | cls = 0.0466 | lr = 0.000905
epoch 007 | step 0880 | total = 5.9554 | box = 0.8634 | obj = 1.6048 | cls = 0.0334 | lr = 0.000905
epoch 007 | step 0900 | total = 4.5931 | box = 0.5568 | obj = 1.7482 | cls = 0.0611 | lr = 0.000905
epoch 007 | step 0920 | total = 5.7776 | box = 0.8193 | obj = 1.6301 | cls = 0.0511 | lr = 0.000905
[epoch 007 train] total = 5.3918 | box = 0.7309 | obj = 1.6882 | cls = 0.0490 | steps = 925 | global_batches = 7400 | samples = 118288 | time = 815.9s
[epoch 007 val] total = 5.5643 | box = 0.7593 | obj = 1.7179 | cls = 0.0499 | steps = 40 | global_batches = 320 | samples = 5000 | time = 21.3s
epoch 008 | step 0001 | total = 4.8089 | box = 0.6351 | obj = 1.5852 | cls = 0.0483 | lr = 0.000873
epoch 008 | step 0020 | total = 5.5314 | box = 0.7317 | obj = 1.8162 | cls = 0.0565 | lr = 0.000873
epoch 008 | step 0040 | total = 6.2644 | box = 0.9093 | obj = 1.6752 | cls = 0.0428 | lr = 0.000873
epoch 008 | step 0060 | total = 5.1089 | box = 0.6664 | obj = 1.7329 | cls = 0.0441 | lr = 0.000873
epoch 008 | step 0080 | total = 5.3149 | box = 0.7407 | obj = 1.5608 | cls = 0.0507 | lr = 0.000873
epoch 008 | step 0100 | total = 6.3219 | box = 0.9135 | obj = 1.7071 | cls = 0.0470 | lr = 0.000873
epoch 008 | step 0120 | total = 4.5913 | box = 0.6101 | obj = 1.4957 | cls = 0.0452 | lr = 0.000873
epoch 008 | step 0140 | total = 4.5995 | box = 0.5825 | obj = 1.6348 | cls = 0.0523 | lr = 0.000873
epoch 008 | step 0160 | total = 5.5245 | box = 0.7378 | obj = 1.7879 | cls = 0.0475 | lr = 0.000873
epoch 008 | step 0180 | total = 5.0217 | box = 0.6687 | obj = 1.6278 | cls = 0.0505 | lr = 0.000873
epoch 008 | step 0200 | total = 4.6658 | box = 0.5653 | obj = 1.7822 | cls = 0.0571 | lr = 0.000873
epoch 008 | step 0220 | total = 5.4760 | box = 0.7591 | obj = 1.6302 | cls = 0.0505 | lr = 0.000873
epoch 008 | step 0240 | total = 5.7048 | box = 0.7928 | obj = 1.6866 | cls = 0.0543 | lr = 0.000873
epoch 008 | step 0260 | total = 5.5006 | box = 0.7571 | obj = 1.6669 | cls = 0.0484 | lr = 0.000873
epoch 008 | step 0280 | total = 4.2883 | box = 0.5273 | obj = 1.6085 | cls = 0.0431 | lr = 0.000873
epoch 008 | step 0300 | total = 5.5794 | box = 0.7861 | obj = 1.6060 | cls = 0.0428 | lr = 0.000873
epoch 008 | step 0320 | total = 5.2283 | box = 0.7213 | obj = 1.5792 | cls = 0.0424 | lr = 0.000873
epoch 008 | step 0340 | total = 5.4757 | box = 0.7613 | obj = 1.6224 | cls = 0.0467 | lr = 0.000873
epoch 008 | step 0360 | total = 5.3264 | box = 0.7496 | obj = 1.5366 | cls = 0.0418 | lr = 0.000873
epoch 008 | step 0380 | total = 6.1385 | box = 0.8520 | obj = 1.8319 | cls = 0.0465 | lr = 0.000873
epoch 008 | step 0400 | total = 4.8109 | box = 0.6446 | obj = 1.5440 | cls = 0.0440 | lr = 0.000873
epoch 008 | step 0420 | total = 4.6872 | box = 0.6030 | obj = 1.6187 | cls = 0.0535 | lr = 0.000873
epoch 008 | step 0440 | total = 4.9054 | box = 0.6233 | obj = 1.7393 | cls = 0.0498 | lr = 0.000873
epoch 008 | step 0460 | total = 4.3349 | box = 0.5322 | obj = 1.6256 | cls = 0.0485 | lr = 0.000873
epoch 008 | step 0480 | total = 5.1035 | box = 0.7040 | obj = 1.5437 | cls = 0.0396 | lr = 0.000873
epoch 008 | step 0500 | total = 5.6452 | box = 0.7854 | obj = 1.6779 | cls = 0.0403 | lr = 0.000873
epoch 008 | step 0520 | total = 4.9739 | box = 0.6522 | obj = 1.6634 | cls = 0.0494 | lr = 0.000873
epoch 008 | step 0540 | total = 4.7978 | box = 0.6044 | obj = 1.7262 | cls = 0.0497 | lr = 0.000873
epoch 008 | step 0560 | total = 5.0282 | box = 0.6573 | obj = 1.6906 | cls = 0.0512 | lr = 0.000873
epoch 008 | step 0580 | total = 4.8866 | box = 0.6105 | obj = 1.7862 | cls = 0.0478 | lr = 0.000873
epoch 008 | step 0600 | total = 4.9449 | box = 0.6428 | obj = 1.6796 | cls = 0.0515 | lr = 0.000873
epoch 008 | step 0620 | total = 5.5342 | box = 0.7434 | obj = 1.7781 | cls = 0.0391 | lr = 0.000873
epoch 008 | step 0640 | total = 5.5071 | box = 0.7542 | obj = 1.6837 | cls = 0.0523 | lr = 0.000873
epoch 008 | step 0660 | total = 5.7067 | box = 0.8023 | obj = 1.6501 | cls = 0.0452 | lr = 0.000873
epoch 008 | step 0680 | total = 5.2035 | box = 0.6860 | obj = 1.7272 | cls = 0.0462 | lr = 0.000873
epoch 008 | step 0700 | total = 4.8027 | box = 0.6427 | obj = 1.5417 | cls = 0.0476 | lr = 0.000873
epoch 008 | step 0720 | total = 5.2115 | box = 0.7256 | obj = 1.5385 | cls = 0.0448 | lr = 0.000873
epoch 008 | step 0740 | total = 4.7862 | box = 0.5932 | obj = 1.7636 | cls = 0.0567 | lr = 0.000873
epoch 008 | step 0760 | total = 5.1060 | box = 0.6857 | obj = 1.6271 | cls = 0.0503 | lr = 0.000873
epoch 008 | step 0780 | total = 4.8182 | box = 0.6216 | obj = 1.6667 | cls = 0.0436 | lr = 0.000873
epoch 008 | step 0800 | total = 5.8223 | box = 0.8306 | obj = 1.6252 | cls = 0.0439 | lr = 0.000873
epoch 008 | step 0820 | total = 5.8221 | box = 0.8347 | obj = 1.6079 | cls = 0.0404 | lr = 0.000873
epoch 008 | step 0840 | total = 5.0668 | box = 0.6848 | obj = 1.6014 | cls = 0.0413 | lr = 0.000873
epoch 008 | step 0860 | total = 6.2647 | box = 0.8923 | obj = 1.7540 | cls = 0.0491 | lr = 0.000873
epoch 008 | step 0880 | total = 5.3467 | box = 0.7010 | obj = 1.7947 | cls = 0.0470 | lr = 0.000873
epoch 008 | step 0900 | total = 6.3951 | box = 0.9275 | obj = 1.7129 | cls = 0.0446 | lr = 0.000873
epoch 008 | step 0920 | total = 6.0109 | box = 0.8322 | obj = 1.8086 | cls = 0.0414 | lr = 0.000873
[epoch 008 train] total = 5.2991 | box = 0.7164 | obj = 1.6689 | cls = 0.0481 | steps = 925 | global_batches = 7400 | samples = 118288 | time = 817.3s
[epoch 008 val] total = 5.4207 | box = 0.7326 | obj = 1.7081 | cls = 0.0496 | steps = 40 | global_batches = 320 | samples = 5000 | time = 21.8s
epoch 009 | step 0001 | total = 4.5877 | box = 0.5892 | obj = 1.5966 | cls = 0.0452 | lr = 0.000836
epoch 009 | step 0020 | total = 5.4873 | box = 0.7128 | obj = 1.8795 | cls = 0.0437 | lr = 0.000836
epoch 009 | step 0040 | total = 5.5430 | box = 0.7693 | obj = 1.6509 | cls = 0.0455 | lr = 0.000836
epoch 009 | step 0060 | total = 5.5037 | box = 0.7595 | obj = 1.6608 | cls = 0.0455 | lr = 0.000836
epoch 009 | step 0080 | total = 5.1831 | box = 0.7135 | obj = 1.5749 | cls = 0.0406 | lr = 0.000836
epoch 009 | step 0100 | total = 5.0232 | box = 0.6679 | obj = 1.6377 | cls = 0.0460 | lr = 0.000836
epoch 009 | step 0120 | total = 5.2892 | box = 0.7257 | obj = 1.6161 | cls = 0.0447 | lr = 0.000836
epoch 009 | step 0140 | total = 5.5692 | box = 0.7548 | obj = 1.7625 | cls = 0.0329 | lr = 0.000836
epoch 009 | step 0160 | total = 5.4055 | box = 0.7599 | obj = 1.5568 | cls = 0.0493 | lr = 0.000836
epoch 009 | step 0180 | total = 5.1550 | box = 0.6741 | obj = 1.7377 | cls = 0.0467 | lr = 0.000836
epoch 009 | step 0200 | total = 5.1895 | box = 0.6898 | obj = 1.6863 | cls = 0.0542 | lr = 0.000836
epoch 009 | step 0220 | total = 5.3167 | box = 0.7321 | obj = 1.6051 | cls = 0.0510 | lr = 0.000836
epoch 009 | step 0240 | total = 5.3107 | box = 0.7106 | obj = 1.6980 | cls = 0.0598 | lr = 0.000836
epoch 009 | step 0260 | total = 4.6155 | box = 0.5978 | obj = 1.5774 | cls = 0.0489 | lr = 0.000836
epoch 009 | step 0280 | total = 5.0979 | box = 0.6596 | obj = 1.7483 | cls = 0.0516 | lr = 0.000836
epoch 009 | step 0300 | total = 4.5672 | box = 0.5699 | obj = 1.6621 | cls = 0.0554 | lr = 0.000836
epoch 009 | step 0320 | total = 5.4606 | box = 0.7683 | obj = 1.5695 | cls = 0.0498 | lr = 0.000836
epoch 009 | step 0340 | total = 5.2226 | box = 0.7176 | obj = 1.5827 | cls = 0.0518 | lr = 0.000836
epoch 009 | step 0360 | total = 5.1089 | box = 0.7035 | obj = 1.5508 | cls = 0.0405 | lr = 0.000836
epoch 009 | step 0380 | total = 5.3786 | box = 0.7415 | obj = 1.6162 | cls = 0.0550 | lr = 0.000836
epoch 009 | step 0400 | total = 6.2639 | box = 0.8965 | obj = 1.7327 | cls = 0.0487 | lr = 0.000836
epoch 009 | step 0420 | total = 5.1113 | box = 0.7065 | obj = 1.5230 | cls = 0.0559 | lr = 0.000836
epoch 009 | step 0440 | total = 5.0106 | box = 0.6516 | obj = 1.6993 | cls = 0.0534 | lr = 0.000836
epoch 009 | step 0460 | total = 4.6820 | box = 0.6116 | obj = 1.5784 | cls = 0.0455 | lr = 0.000836
epoch 009 | step 0480 | total = 5.1330 | box = 0.6877 | obj = 1.6405 | cls = 0.0538 | lr = 0.000836
epoch 009 | step 0500 | total = 5.9127 | box = 0.8526 | obj = 1.6087 | cls = 0.0412 | lr = 0.000836
epoch 009 | step 0520 | total = 4.7688 | box = 0.6324 | obj = 1.5656 | cls = 0.0413 | lr = 0.000836
epoch 009 | step 0540 | total = 5.0392 | box = 0.6705 | obj = 1.6325 | cls = 0.0540 | lr = 0.000836
epoch 009 | step 0560 | total = 5.5756 | box = 0.7562 | obj = 1.7480 | cls = 0.0463 | lr = 0.000836
epoch 009 | step 0580 | total = 5.0005 | box = 0.6838 | obj = 1.5352 | cls = 0.0464 | lr = 0.000836
epoch 009 | step 0600 | total = 5.9426 | box = 0.8780 | obj = 1.5163 | cls = 0.0364 | lr = 0.000836
epoch 009 | step 0620 | total = 5.2675 | box = 0.7088 | obj = 1.6740 | cls = 0.0492 | lr = 0.000836
epoch 009 | step 0640 | total = 5.2985 | box = 0.7567 | obj = 1.4789 | cls = 0.0363 | lr = 0.000836
epoch 009 | step 0660 | total = 4.0108 | box = 0.4449 | obj = 1.7208 | cls = 0.0653 | lr = 0.000836
epoch 009 | step 0680 | total = 5.0580 | box = 0.6717 | obj = 1.6545 | cls = 0.0452 | lr = 0.000836
epoch 009 | step 0700 | total = 5.5537 | box = 0.7864 | obj = 1.5857 | cls = 0.0359 | lr = 0.000836
epoch 009 | step 0720 | total = 5.6703 | box = 0.7957 | obj = 1.6351 | cls = 0.0569 | lr = 0.000836
epoch 009 | step 0740 | total = 5.6540 | box = 0.7837 | obj = 1.6972 | cls = 0.0383 | lr = 0.000836
epoch 009 | step 0760 | total = 5.2883 | box = 0.7257 | obj = 1.6107 | cls = 0.0489 | lr = 0.000836
epoch 009 | step 0780 | total = 5.2916 | box = 0.7081 | obj = 1.6998 | cls = 0.0514 | lr = 0.000836
epoch 009 | step 0800 | total = 5.0811 | box = 0.6876 | obj = 1.6005 | cls = 0.0425 | lr = 0.000836
epoch 009 | step 0820 | total = 5.1862 | box = 0.6656 | obj = 1.8070 | cls = 0.0512 | lr = 0.000836
epoch 009 | step 0840 | total = 5.6260 | box = 0.7781 | obj = 1.6925 | cls = 0.0428 | lr = 0.000836
epoch 009 | step 0860 | total = 5.3080 | box = 0.6897 | obj = 1.8063 | cls = 0.0531 | lr = 0.000836
epoch 009 | step 0880 | total = 5.3685 | box = 0.7189 | obj = 1.7248 | cls = 0.0495 | lr = 0.000836
epoch 009 | step 0900 | total = 4.8172 | box = 0.6528 | obj = 1.5124 | cls = 0.0408 | lr = 0.000836
epoch 009 | step 0920 | total = 5.5605 | box = 0.7513 | obj = 1.7524 | cls = 0.0514 | lr = 0.000836
[epoch 009 train] total = 5.2108 | box = 0.7024 | obj = 1.6516 | cls = 0.0473 | steps = 925 | global_batches = 7400 | samples = 118288 | time = 815.6s
[epoch 009 val] total = 5.2645 | box = 0.7131 | obj = 1.6518 | cls = 0.0470 | steps = 40 | global_batches = 320 | samples = 5000 | time = 22.5s
epoch 010 | step 0001 | total = 5.2778 | box = 0.7156 | obj = 1.6531 | cls = 0.0465 | lr = 0.000796
epoch 010 | step 0020 | total = 6.3074 | box = 0.9332 | obj = 1.6005 | cls = 0.0410 | lr = 0.000796
epoch 010 | step 0040 | total = 4.7615 | box = 0.6174 | obj = 1.6279 | cls = 0.0466 | lr = 0.000796
epoch 010 | step 0060 | total = 5.3595 | box = 0.7309 | obj = 1.6565 | cls = 0.0486 | lr = 0.000796
epoch 010 | step 0080 | total = 5.2551 | box = 0.7151 | obj = 1.6359 | cls = 0.0438 | lr = 0.000796
epoch 010 | step 0100 | total = 5.2865 | box = 0.7096 | obj = 1.6865 | cls = 0.0519 | lr = 0.000796
epoch 010 | step 0120 | total = 5.0908 | box = 0.6455 | obj = 1.8051 | cls = 0.0585 | lr = 0.000796
epoch 010 | step 0140 | total = 5.1932 | box = 0.7034 | obj = 1.6272 | cls = 0.0493 | lr = 0.000796
epoch 010 | step 0160 | total = 4.5396 | box = 0.5815 | obj = 1.5900 | cls = 0.0421 | lr = 0.000796
epoch 010 | step 0180 | total = 4.6856 | box = 0.6045 | obj = 1.6183 | cls = 0.0449 | lr = 0.000796
epoch 010 | step 0200 | total = 5.3805 | box = 0.7680 | obj = 1.5016 | cls = 0.0387 | lr = 0.000796
epoch 010 | step 0220 | total = 5.2489 | box = 0.6817 | obj = 1.7933 | cls = 0.0473 | lr = 0.000796
epoch 010 | step 0240 | total = 4.6531 | box = 0.6147 | obj = 1.5312 | cls = 0.0485 | lr = 0.000796
epoch 010 | step 0260 | total = 4.6227 | box = 0.6070 | obj = 1.5368 | cls = 0.0508 | lr = 0.000796
epoch 010 | step 0280 | total = 5.0800 | box = 0.7044 | obj = 1.5179 | cls = 0.0399 | lr = 0.000796
epoch 010 | step 0300 | total = 5.0262 | box = 0.6797 | obj = 1.5803 | cls = 0.0473 | lr = 0.000796
epoch 010 | step 0320 | total = 5.4265 | box = 0.7378 | obj = 1.6855 | cls = 0.0521 | lr = 0.000796
epoch 010 | step 0340 | total = 5.3875 | box = 0.7661 | obj = 1.5065 | cls = 0.0504 | lr = 0.000796
epoch 010 | step 0360 | total = 5.4036 | box = 0.7502 | obj = 1.6097 | cls = 0.0431 | lr = 0.000796
epoch 010 | step 0380 | total = 5.3232 | box = 0.7311 | obj = 1.6240 | cls = 0.0438 | lr = 0.000796
epoch 010 | step 0400 | total = 3.9302 | box = 0.4403 | obj = 1.6675 | cls = 0.0612 | lr = 0.000796
epoch 010 | step 0420 | total = 5.3330 | box = 0.7538 | obj = 1.5233 | cls = 0.0410 | lr = 0.000796
epoch 010 | step 0440 | total = 4.6068 | box = 0.5713 | obj = 1.7016 | cls = 0.0489 | lr = 0.000796
epoch 010 | step 0460 | total = 5.0806 | box = 0.6771 | obj = 1.6462 | cls = 0.0489 | lr = 0.000796
epoch 010 | step 0480 | total = 5.6822 | box = 0.7800 | obj = 1.7305 | cls = 0.0519 | lr = 0.000796
epoch 010 | step 0500 | total = 4.8534 | box = 0.6186 | obj = 1.7128 | cls = 0.0475 | lr = 0.000796
epoch 010 | step 0520 | total = 5.0725 | box = 0.6656 | obj = 1.6976 | cls = 0.0470 | lr = 0.000796
epoch 010 | step 0540 | total = 4.7305 | box = 0.6496 | obj = 1.4385 | cls = 0.0441 | lr = 0.000796
epoch 010 | step 0560 | total = 5.3449 | box = 0.7327 | obj = 1.6272 | cls = 0.0543 | lr = 0.000796
epoch 010 | step 0580 | total = 5.4935 | box = 0.7348 | obj = 1.7768 | cls = 0.0428 | lr = 0.000796
epoch 010 | step 0600 | total = 4.4896 | box = 0.5705 | obj = 1.5885 | cls = 0.0484 | lr = 0.000796
epoch 010 | step 0620 | total = 5.4051 | box = 0.7457 | obj = 1.6251 | cls = 0.0514 | lr = 0.000796
epoch 010 | step 0640 | total = 4.9151 | box = 0.6781 | obj = 1.4804 | cls = 0.0441 | lr = 0.000796
epoch 010 | step 0660 | total = 4.3915 | box = 0.5342 | obj = 1.6745 | cls = 0.0461 | lr = 0.000796
epoch 010 | step 0680 | total = 5.0970 | box = 0.6902 | obj = 1.6008 | cls = 0.0452 | lr = 0.000796
epoch 010 | step 0700 | total = 6.0539 | box = 0.8410 | obj = 1.7983 | cls = 0.0507 | lr = 0.000796
epoch 010 | step 0720 | total = 5.2021 | box = 0.7221 | obj = 1.5572 | cls = 0.0346 | lr = 0.000796
epoch 010 | step 0740 | total = 6.0493 | box = 0.8444 | obj = 1.7839 | cls = 0.0434 | lr = 0.000796
epoch 010 | step 0760 | total = 5.9567 | box = 0.8537 | obj = 1.6419 | cls = 0.0461 | lr = 0.000796
epoch 010 | step 0780 | total = 4.3146 | box = 0.5500 | obj = 1.5085 | cls = 0.0560 | lr = 0.000796
epoch 010 | step 0800 | total = 5.7721 | box = 0.8178 | obj = 1.6340 | cls = 0.0492 | lr = 0.000796
epoch 010 | step 0820 | total = 5.2862 | box = 0.7490 | obj = 1.4953 | cls = 0.0456 | lr = 0.000796
epoch 010 | step 0840 | total = 5.1179 | box = 0.6945 | obj = 1.6016 | cls = 0.0438 | lr = 0.000796
epoch 010 | step 0860 | total = 5.2850 | box = 0.7267 | obj = 1.6083 | cls = 0.0434 | lr = 0.000796
epoch 010 | step 0880 | total = 4.9015 | box = 0.6675 | obj = 1.5214 | cls = 0.0424 | lr = 0.000796
epoch 010 | step 0900 | total = 5.3647 | box = 0.7341 | obj = 1.6518 | cls = 0.0425 | lr = 0.000796
epoch 010 | step 0920 | total = 4.7824 | box = 0.6245 | obj = 1.6126 | cls = 0.0474 | lr = 0.000796
[epoch 010 train] total = 5.1258 | box = 0.6893 | obj = 1.6326 | cls = 0.0466 | steps = 925 | global_batches = 7400 | samples = 118288 | time = 815.9s
[epoch 010 val] total = 5.1878 | box = 0.7004 | obj = 1.6388 | cls = 0.0470 | steps = 40 | global_batches = 320 | samples = 5000 | time = 22.3s
epoch 011 | step 0001 | total = 4.5728 | box = 0.5830 | obj = 1.6123 | cls = 0.0453 | lr = 0.000753
epoch 011 | step 0020 | total = 5.7216 | box = 0.7593 | obj = 1.8811 | cls = 0.0439 | lr = 0.000753
epoch 011 | step 0040 | total = 5.1276 | box = 0.7016 | obj = 1.5784 | cls = 0.0412 | lr = 0.000753
epoch 011 | step 0060 | total = 5.2267 | box = 0.6912 | obj = 1.7130 | cls = 0.0579 | lr = 0.000753
epoch 011 | step 0080 | total = 4.4255 | box = 0.5441 | obj = 1.6576 | cls = 0.0473 | lr = 0.000753
epoch 011 | step 0100 | total = 5.3446 | box = 0.7150 | obj = 1.7146 | cls = 0.0548 | lr = 0.000753
epoch 011 | step 0120 | total = 5.6414 | box = 0.8066 | obj = 1.5644 | cls = 0.0441 | lr = 0.000753
epoch 011 | step 0140 | total = 5.3365 | box = 0.7311 | obj = 1.6357 | cls = 0.0453 | lr = 0.000753
epoch 011 | step 0160 | total = 5.5967 | box = 0.7816 | obj = 1.6425 | cls = 0.0464 | lr = 0.000753
epoch 011 | step 0180 | total = 5.6334 | box = 0.8037 | obj = 1.5733 | cls = 0.0415 | lr = 0.000753
epoch 011 | step 0200 | total = 5.4098 | box = 0.7707 | obj = 1.5137 | cls = 0.0427 | lr = 0.000753
epoch 011 | step 0220 | total = 5.7303 | box = 0.7932 | obj = 1.7178 | cls = 0.0464 | lr = 0.000753
epoch 011 | step 0240 | total = 5.3293 | box = 0.7123 | obj = 1.7207 | cls = 0.0469 | lr = 0.000753
epoch 011 | step 0260 | total = 5.1325 | box = 0.6996 | obj = 1.5905 | cls = 0.0441 | lr = 0.000753
epoch 011 | step 0280 | total = 4.6026 | box = 0.5953 | obj = 1.5828 | cls = 0.0434 | lr = 0.000753
epoch 011 | step 0300 | total = 4.9957 | box = 0.6601 | obj = 1.6485 | cls = 0.0470 | lr = 0.000753
epoch 011 | step 0320 | total = 5.2467 | box = 0.6979 | obj = 1.7060 | cls = 0.0513 | lr = 0.000753
epoch 011 | step 0340 | total = 5.3527 | box = 0.7078 | obj = 1.7712 | cls = 0.0423 | lr = 0.000753
epoch 011 | step 0360 | total = 4.9899 | box = 0.6516 | obj = 1.6899 | cls = 0.0420 | lr = 0.000753
epoch 011 | step 0380 | total = 4.9070 | box = 0.6617 | obj = 1.5528 | cls = 0.0458 | lr = 0.000753
epoch 011 | step 0400 | total = 5.0582 | box = 0.6909 | obj = 1.5636 | cls = 0.0404 | lr = 0.000753
epoch 011 | step 0420 | total = 5.3458 | box = 0.7448 | obj = 1.5809 | cls = 0.0411 | lr = 0.000753
epoch 011 | step 0440 | total = 5.2825 | box = 0.7006 | obj = 1.7304 | cls = 0.0493 | lr = 0.000753
epoch 011 | step 0460 | total = 5.2404 | box = 0.7128 | obj = 1.6298 | cls = 0.0466 | lr = 0.000753
epoch 011 | step 0480 | total = 4.9302 | box = 0.6628 | obj = 1.5684 | cls = 0.0479 | lr = 0.000753
epoch 011 | step 0500 | total = 5.5810 | box = 0.8054 | obj = 1.5136 | cls = 0.0406 | lr = 0.000753
epoch 011 | step 0520 | total = 5.5700 | box = 0.7375 | obj = 1.8210 | cls = 0.0617 | lr = 0.000753
epoch 011 | step 0540 | total = 5.0806 | box = 0.6605 | obj = 1.7193 | cls = 0.0587 | lr = 0.000753
epoch 011 | step 0560 | total = 5.0160 | box = 0.6891 | obj = 1.5352 | cls = 0.0353 | lr = 0.000753
epoch 011 | step 0580 | total = 5.4933 | box = 0.7567 | obj = 1.6690 | cls = 0.0407 | lr = 0.000753
epoch 011 | step 0600 | total = 4.4055 | box = 0.5332 | obj = 1.6871 | cls = 0.0524 | lr = 0.000753
epoch 011 | step 0620 | total = 5.5616 | box = 0.7799 | obj = 1.6192 | cls = 0.0430 | lr = 0.000753
epoch 011 | step 0640 | total = 5.3781 | box = 0.7305 | obj = 1.6863 | cls = 0.0391 | lr = 0.000753
epoch 011 | step 0660 | total = 5.1745 | box = 0.6814 | obj = 1.7192 | cls = 0.0483 | lr = 0.000753
epoch 011 | step 0680 | total = 5.5708 | box = 0.7996 | obj = 1.5364 | cls = 0.0366 | lr = 0.000753
epoch 011 | step 0700 | total = 5.6451 | box = 0.8018 | obj = 1.6000 | cls = 0.0358 | lr = 0.000753
epoch 011 | step 0720 | total = 5.1853 | box = 0.7201 | obj = 1.5319 | cls = 0.0531 | lr = 0.000753
epoch 011 | step 0740 | total = 5.7059 | box = 0.7938 | obj = 1.6932 | cls = 0.0437 | lr = 0.000753
epoch 011 | step 0760 | total = 5.4339 | box = 0.7385 | obj = 1.6951 | cls = 0.0463 | lr = 0.000753
epoch 011 | step 0780 | total = 4.4944 | box = 0.6026 | obj = 1.4404 | cls = 0.0411 | lr = 0.000753
epoch 011 | step 0800 | total = 5.5178 | box = 0.6653 | obj = 2.1257 | cls = 0.0657 | lr = 0.000753
epoch 011 | step 0820 | total = 5.4680 | box = 0.7702 | obj = 1.5749 | cls = 0.0423 | lr = 0.000753
epoch 011 | step 0840 | total = 4.8482 | box = 0.6229 | obj = 1.6851 | cls = 0.0486 | lr = 0.000753
epoch 011 | step 0860 | total = 4.6431 | box = 0.6101 | obj = 1.5434 | cls = 0.0494 | lr = 0.000753
epoch 011 | step 0880 | total = 5.0859 | box = 0.7012 | obj = 1.5337 | cls = 0.0460 | lr = 0.000753
epoch 011 | step 0900 | total = 5.0191 | box = 0.6879 | obj = 1.5422 | cls = 0.0376 | lr = 0.000753
epoch 011 | step 0920 | total = 5.3590 | box = 0.6960 | obj = 1.8372 | cls = 0.0420 | lr = 0.000753
[epoch 011 train] total = 5.0553 | box = 0.6785 | obj = 1.6169 | cls = 0.0460 | steps = 925 | global_batches = 7400 | samples = 118288 | time = 815.8s
[epoch 011 val] total = 5.1521 | box = 0.6946 | obj = 1.6333 | cls = 0.0461 | steps = 40 | global_batches = 320 | samples = 5000 | time = 22.7s
epoch 012 | step 0001 | total = 4.8938 | box = 0.6597 | obj = 1.5578 | cls = 0.0375 | lr = 0.000706
epoch 012 | step 0020 | total = 4.4681 | box = 0.5906 | obj = 1.4742 | cls = 0.0409 | lr = 0.000706
epoch 012 | step 0040 | total = 5.3957 | box = 0.7633 | obj = 1.5355 | cls = 0.0436 | lr = 0.000706
epoch 012 | step 0060 | total = 3.6777 | box = 0.4419 | obj = 1.4105 | cls = 0.0577 | lr = 0.000706
epoch 012 | step 0080 | total = 5.7221 | box = 0.8002 | obj = 1.6772 | cls = 0.0437 | lr = 0.000706
epoch 012 | step 0100 | total = 4.6923 | box = 0.6088 | obj = 1.6088 | cls = 0.0395 | lr = 0.000706
epoch 012 | step 0120 | total = 5.3703 | box = 0.7556 | obj = 1.5545 | cls = 0.0378 | lr = 0.000706
epoch 012 | step 0140 | total = 4.8645 | box = 0.6650 | obj = 1.4863 | cls = 0.0530 | lr = 0.000706
epoch 012 | step 0160 | total = 4.8917 | box = 0.6428 | obj = 1.6373 | cls = 0.0405 | lr = 0.000706
epoch 012 | step 0180 | total = 4.6915 | box = 0.5699 | obj = 1.7944 | cls = 0.0478 | lr = 0.000706
epoch 012 | step 0200 | total = 4.0020 | box = 0.5077 | obj = 1.4152 | cls = 0.0483 | lr = 0.000706
epoch 012 | step 0220 | total = 5.1843 | box = 0.7065 | obj = 1.6091 | cls = 0.0427 | lr = 0.000706
epoch 012 | step 0240 | total = 5.3590 | box = 0.7354 | obj = 1.6388 | cls = 0.0431 | lr = 0.000706
epoch 012 | step 0260 | total = 5.1559 | box = 0.6941 | obj = 1.6407 | cls = 0.0446 | lr = 0.000706
epoch 012 | step 0280 | total = 4.2250 | box = 0.5135 | obj = 1.6171 | cls = 0.0402 | lr = 0.000706
epoch 012 | step 0300 | total = 5.2886 | box = 0.7353 | obj = 1.5752 | cls = 0.0368 | lr = 0.000706
epoch 012 | step 0320 | total = 4.9487 | box = 0.6549 | obj = 1.6315 | cls = 0.0429 | lr = 0.000706
epoch 012 | step 0340 | total = 5.2746 | box = 0.7308 | obj = 1.5775 | cls = 0.0430 | lr = 0.000706
epoch 012 | step 0360 | total = 6.1773 | box = 0.8869 | obj = 1.6995 | cls = 0.0434 | lr = 0.000706
epoch 012 | step 0380 | total = 4.8324 | box = 0.6624 | obj = 1.4788 | cls = 0.0414 | lr = 0.000706
epoch 012 | step 0400 | total = 4.7849 | box = 0.6384 | obj = 1.5367 | cls = 0.0563 | lr = 0.000706
epoch 012 | step 0420 | total = 5.3044 | box = 0.6881 | obj = 1.8193 | cls = 0.0444 | lr = 0.000706
epoch 012 | step 0440 | total = 4.4381 | box = 0.5825 | obj = 1.4811 | cls = 0.0444 | lr = 0.000706
epoch 012 | step 0460 | total = 5.8260 | box = 0.8337 | obj = 1.6215 | cls = 0.0362 | lr = 0.000706
epoch 012 | step 0480 | total = 4.5483 | box = 0.6017 | obj = 1.4964 | cls = 0.0435 | lr = 0.000706
epoch 012 | step 0500 | total = 6.0488 | box = 0.8693 | obj = 1.6626 | cls = 0.0396 | lr = 0.000706
epoch 012 | step 0520 | total = 5.0775 | box = 0.6870 | obj = 1.6033 | cls = 0.0390 | lr = 0.000706
epoch 012 | step 0540 | total = 3.7494 | box = 0.4447 | obj = 1.4798 | cls = 0.0462 | lr = 0.000706
epoch 012 | step 0560 | total = 5.4847 | box = 0.7559 | obj = 1.6602 | cls = 0.0449 | lr = 0.000706
epoch 012 | step 0580 | total = 5.6843 | box = 0.7462 | obj = 1.9033 | cls = 0.0502 | lr = 0.000706
epoch 012 | step 0600 | total = 4.9531 | box = 0.6724 | obj = 1.5410 | cls = 0.0499 | lr = 0.000706
epoch 012 | step 0620 | total = 4.6757 | box = 0.5918 | obj = 1.6581 | cls = 0.0586 | lr = 0.000706
epoch 012 | step 0640 | total = 5.4170 | box = 0.7731 | obj = 1.5150 | cls = 0.0363 | lr = 0.000706
epoch 012 | step 0660 | total = 5.0456 | box = 0.6815 | obj = 1.5921 | cls = 0.0459 | lr = 0.000706
epoch 012 | step 0680 | total = 4.9352 | box = 0.6277 | obj = 1.7531 | cls = 0.0436 | lr = 0.000706
epoch 012 | step 0700 | total = 4.6869 | box = 0.6127 | obj = 1.5701 | cls = 0.0535 | lr = 0.000706
epoch 012 | step 0720 | total = 5.6891 | box = 0.7660 | obj = 1.8094 | cls = 0.0500 | lr = 0.000706
epoch 012 | step 0740 | total = 5.1834 | box = 0.7013 | obj = 1.6339 | cls = 0.0430 | lr = 0.000706
epoch 012 | step 0760 | total = 4.9717 | box = 0.6527 | obj = 1.6658 | cls = 0.0427 | lr = 0.000706
epoch 012 | step 0780 | total = 5.2143 | box = 0.7076 | obj = 1.6376 | cls = 0.0388 | lr = 0.000706
epoch 012 | step 0800 | total = 4.7822 | box = 0.6302 | obj = 1.5924 | cls = 0.0388 | lr = 0.000706
epoch 012 | step 0820 | total = 5.2808 | box = 0.7086 | obj = 1.6928 | cls = 0.0450 | lr = 0.000706
epoch 012 | step 0840 | total = 4.2963 | box = 0.5398 | obj = 1.5449 | cls = 0.0524 | lr = 0.000706
epoch 012 | step 0860 | total = 4.7185 | box = 0.6176 | obj = 1.5861 | cls = 0.0446 | lr = 0.000706
epoch 012 | step 0880 | total = 5.4261 | box = 0.7190 | obj = 1.7864 | cls = 0.0449 | lr = 0.000706
epoch 012 | step 0900 | total = 5.4121 | box = 0.7527 | obj = 1.6013 | cls = 0.0473 | lr = 0.000706
epoch 012 | step 0920 | total = 4.7812 | box = 0.6508 | obj = 1.4738 | cls = 0.0532 | lr = 0.000706
[epoch 012 train] total = 4.9831 | box = 0.6673 | obj = 1.6015 | cls = 0.0453 | steps = 925 | global_batches = 7400 | samples = 118288 | time = 814.4s
[epoch 012 val] total = 5.0327 | box = 0.6771 | obj = 1.6026 | cls = 0.0446 | steps = 40 | global_batches = 320 | samples = 5000 | time = 23.2s
epoch 013 | step 0001 | total = 5.5867 | box = 0.7859 | obj = 1.6222 | cls = 0.0348 | lr = 0.000658
epoch 013 | step 0020 | total = 5.7341 | box = 0.7825 | obj = 1.7731 | cls = 0.0483 | lr = 0.000658
epoch 013 | step 0040 | total = 4.5529 | box = 0.5933 | obj = 1.5456 | cls = 0.0406 | lr = 0.000658
epoch 013 | step 0060 | total = 4.4208 | box = 0.5701 | obj = 1.5336 | cls = 0.0366 | lr = 0.000658
epoch 013 | step 0080 | total = 4.7590 | box = 0.6560 | obj = 1.4403 | cls = 0.0385 | lr = 0.000658
epoch 013 | step 0100 | total = 4.5032 | box = 0.6058 | obj = 1.4377 | cls = 0.0366 | lr = 0.000658
epoch 013 | step 0120 | total = 5.5149 | box = 0.7724 | obj = 1.6114 | cls = 0.0417 | lr = 0.000658
epoch 013 | step 0140 | total = 4.0445 | box = 0.4907 | obj = 1.5426 | cls = 0.0485 | lr = 0.000658
epoch 013 | step 0160 | total = 4.6808 | box = 0.6161 | obj = 1.5643 | cls = 0.0360 | lr = 0.000658
epoch 013 | step 0180 | total = 5.0901 | box = 0.6857 | obj = 1.6133 | cls = 0.0481 | lr = 0.000658
epoch 013 | step 0200 | total = 4.4470 | box = 0.5754 | obj = 1.5137 | cls = 0.0562 | lr = 0.000658
epoch 013 | step 0220 | total = 6.0820 | box = 0.8553 | obj = 1.7686 | cls = 0.0370 | lr = 0.000658
epoch 013 | step 0240 | total = 5.2887 | box = 0.7300 | obj = 1.5934 | cls = 0.0454 | lr = 0.000658
epoch 013 | step 0260 | total = 5.6019 | box = 0.7873 | obj = 1.6268 | cls = 0.0384 | lr = 0.000658
epoch 013 | step 0280 | total = 5.0853 | box = 0.6773 | obj = 1.6587 | cls = 0.0401 | lr = 0.000658
epoch 013 | step 0300 | total = 5.6451 | box = 0.8230 | obj = 1.4852 | cls = 0.0451 | lr = 0.000658
epoch 013 | step 0320 | total = 4.5823 | box = 0.5609 | obj = 1.7314 | cls = 0.0462 | lr = 0.000658
epoch 013 | step 0340 | total = 4.9548 | box = 0.6317 | obj = 1.7463 | cls = 0.0499 | lr = 0.000658
epoch 013 | step 0360 | total = 4.6340 | box = 0.6221 | obj = 1.4824 | cls = 0.0410 | lr = 0.000658
epoch 013 | step 0380 | total = 5.0787 | box = 0.6550 | obj = 1.7535 | cls = 0.0503 | lr = 0.000658
epoch 013 | step 0400 | total = 5.2130 | box = 0.7210 | obj = 1.5611 | cls = 0.0468 | lr = 0.000658
epoch 013 | step 0420 | total = 4.4570 | box = 0.5708 | obj = 1.5584 | cls = 0.0444 | lr = 0.000658
epoch 013 | step 0440 | total = 5.1624 | box = 0.6968 | obj = 1.6393 | cls = 0.0389 | lr = 0.000658
epoch 013 | step 0460 | total = 4.2429 | box = 0.5349 | obj = 1.5190 | cls = 0.0496 | lr = 0.000658
epoch 013 | step 0480 | total = 4.8445 | box = 0.6650 | obj = 1.4749 | cls = 0.0448 | lr = 0.000658
epoch 013 | step 0500 | total = 5.0601 | box = 0.6797 | obj = 1.6215 | cls = 0.0399 | lr = 0.000658
epoch 013 | step 0520 | total = 4.5423 | box = 0.6023 | obj = 1.4878 | cls = 0.0432 | lr = 0.000658
epoch 013 | step 0540 | total = 4.0578 | box = 0.4901 | obj = 1.5662 | cls = 0.0409 | lr = 0.000658
epoch 013 | step 0560 | total = 5.0775 | box = 0.7217 | obj = 1.4342 | cls = 0.0350 | lr = 0.000658
epoch 013 | step 0580 | total = 5.1283 | box = 0.7059 | obj = 1.5542 | cls = 0.0446 | lr = 0.000658
epoch 013 | step 0600 | total = 4.4214 | box = 0.5810 | obj = 1.4806 | cls = 0.0355 | lr = 0.000658
epoch 013 | step 0620 | total = 4.8839 | box = 0.6508 | obj = 1.5826 | cls = 0.0471 | lr = 0.000658
epoch 013 | step 0640 | total = 4.6610 | box = 0.6189 | obj = 1.5257 | cls = 0.0407 | lr = 0.000658
epoch 013 | step 0660 | total = 4.4851 | box = 0.5748 | obj = 1.5683 | cls = 0.0430 | lr = 0.000658
epoch 013 | step 0680 | total = 5.0269 | box = 0.6795 | obj = 1.5910 | cls = 0.0386 | lr = 0.000658
epoch 013 | step 0700 | total = 4.3875 | box = 0.5594 | obj = 1.5496 | cls = 0.0411 | lr = 0.000658
epoch 013 | step 0720 | total = 5.1504 | box = 0.7043 | obj = 1.5858 | cls = 0.0431 | lr = 0.000658
epoch 013 | step 0740 | total = 4.6441 | box = 0.5886 | obj = 1.6568 | cls = 0.0444 | lr = 0.000658
epoch 013 | step 0760 | total = 5.2683 | box = 0.7075 | obj = 1.6865 | cls = 0.0442 | lr = 0.000658
epoch 013 | step 0780 | total = 5.3065 | box = 0.7229 | obj = 1.6455 | cls = 0.0464 | lr = 0.000658
epoch 013 | step 0800 | total = 5.4767 | box = 0.7559 | obj = 1.6525 | cls = 0.0447 | lr = 0.000658
epoch 013 | step 0820 | total = 4.4254 | box = 0.5684 | obj = 1.5473 | cls = 0.0359 | lr = 0.000658
epoch 013 | step 0840 | total = 4.5483 | box = 0.5780 | obj = 1.6086 | cls = 0.0498 | lr = 0.000658
epoch 013 | step 0860 | total = 4.6391 | box = 0.5937 | obj = 1.6128 | cls = 0.0580 | lr = 0.000658
epoch 013 | step 0880 | total = 5.3603 | box = 0.7100 | obj = 1.7627 | cls = 0.0478 | lr = 0.000658
epoch 013 | step 0900 | total = 4.8347 | box = 0.6392 | obj = 1.5845 | cls = 0.0542 | lr = 0.000658
epoch 013 | step 0920 | total = 5.0741 | box = 0.6714 | obj = 1.6766 | cls = 0.0407 | lr = 0.000658
[epoch 013 train] total = 4.9186 | box = 0.6577 | obj = 1.5854 | cls = 0.0447 | steps = 925 | global_batches = 7400 | samples = 118288 | time = 815.4s
[epoch 013 val] total = 5.0804 | box = 0.6800 | obj = 1.6331 | cls = 0.0472 | steps = 40 | global_batches = 320 | samples = 5000 | time = 22.4s
epoch 014 | step 0001 | total = 5.0651 | box = 0.6867 | obj = 1.5839 | cls = 0.0475 | lr = 0.000608
epoch 014 | step 0020 | total = 4.8726 | box = 0.6256 | obj = 1.6959 | cls = 0.0486 | lr = 0.000608
epoch 014 | step 0040 | total = 4.9581 | box = 0.6624 | obj = 1.5981 | cls = 0.0482 | lr = 0.000608
epoch 014 | step 0060 | total = 5.2351 | box = 0.7367 | obj = 1.5065 | cls = 0.0449 | lr = 0.000608
epoch 014 | step 0080 | total = 4.4566 | box = 0.5792 | obj = 1.5246 | cls = 0.0360 | lr = 0.000608
epoch 014 | step 0100 | total = 4.1495 | box = 0.5252 | obj = 1.4769 | cls = 0.0466 | lr = 0.000608
epoch 014 | step 0120 | total = 5.2767 | box = 0.7523 | obj = 1.4749 | cls = 0.0402 | lr = 0.000608
epoch 014 | step 0140 | total = 6.1213 | box = 0.8988 | obj = 1.5840 | cls = 0.0432 | lr = 0.000608
epoch 014 | step 0160 | total = 5.3018 | box = 0.7495 | obj = 1.5156 | cls = 0.0389 | lr = 0.000608
epoch 014 | step 0180 | total = 5.2077 | box = 0.7282 | obj = 1.5269 | cls = 0.0399 | lr = 0.000608
epoch 014 | step 0200 | total = 4.9185 | box = 0.6729 | obj = 1.5132 | cls = 0.0406 | lr = 0.000608
epoch 014 | step 0220 | total = 5.6252 | box = 0.8045 | obj = 1.5639 | cls = 0.0387 | lr = 0.000608
epoch 014 | step 0240 | total = 4.9717 | box = 0.6717 | obj = 1.5685 | cls = 0.0450 | lr = 0.000608
epoch 014 | step 0260 | total = 3.8641 | box = 0.4804 | obj = 1.4115 | cls = 0.0508 | lr = 0.000608
epoch 014 | step 0280 | total = 4.9652 | box = 0.6737 | obj = 1.5570 | cls = 0.0396 | lr = 0.000608
epoch 014 | step 0300 | total = 6.0718 | box = 0.8553 | obj = 1.7427 | cls = 0.0527 | lr = 0.000608
epoch 014 | step 0320 | total = 3.9052 | box = 0.4609 | obj = 1.5377 | cls = 0.0632 | lr = 0.000608
epoch 014 | step 0340 | total = 5.3918 | box = 0.6945 | obj = 1.8705 | cls = 0.0488 | lr = 0.000608
epoch 014 | step 0360 | total = 6.0427 | box = 0.8769 | obj = 1.6188 | cls = 0.0395 | lr = 0.000608
epoch 014 | step 0380 | total = 3.9279 | box = 0.4958 | obj = 1.4014 | cls = 0.0476 | lr = 0.000608
epoch 014 | step 0400 | total = 5.2255 | box = 0.6762 | obj = 1.8008 | cls = 0.0435 | lr = 0.000608
epoch 014 | step 0420 | total = 5.2527 | box = 0.7323 | obj = 1.5494 | cls = 0.0419 | lr = 0.000608
epoch 014 | step 0440 | total = 4.9909 | box = 0.6943 | obj = 1.4846 | cls = 0.0350 | lr = 0.000608
epoch 014 | step 0460 | total = 4.6386 | box = 0.6043 | obj = 1.5718 | cls = 0.0453 | lr = 0.000608
epoch 014 | step 0480 | total = 4.4913 | box = 0.5942 | obj = 1.4779 | cls = 0.0424 | lr = 0.000608
epoch 014 | step 0500 | total = 4.7176 | box = 0.6229 | obj = 1.5603 | cls = 0.0430 | lr = 0.000608
epoch 014 | step 0520 | total = 5.5132 | box = 0.7938 | obj = 1.5072 | cls = 0.0373 | lr = 0.000608
epoch 014 | step 0540 | total = 4.7516 | box = 0.6325 | obj = 1.5416 | cls = 0.0476 | lr = 0.000608
epoch 014 | step 0560 | total = 5.3861 | box = 0.7672 | obj = 1.5105 | cls = 0.0393 | lr = 0.000608
epoch 014 | step 0580 | total = 4.6789 | box = 0.6239 | obj = 1.5137 | cls = 0.0458 | lr = 0.000608
epoch 014 | step 0600 | total = 4.5166 | box = 0.5676 | obj = 1.6368 | cls = 0.0418 | lr = 0.000608
epoch 014 | step 0620 | total = 4.5553 | box = 0.5924 | obj = 1.5543 | cls = 0.0389 | lr = 0.000608
epoch 014 | step 0640 | total = 4.1739 | box = 0.5038 | obj = 1.5925 | cls = 0.0625 | lr = 0.000608
epoch 014 | step 0660 | total = 4.9453 | box = 0.6617 | obj = 1.5941 | cls = 0.0427 | lr = 0.000608
epoch 014 | step 0680 | total = 5.5526 | box = 0.7968 | obj = 1.5299 | cls = 0.0386 | lr = 0.000608
epoch 014 | step 0700 | total = 5.5799 | box = 0.7985 | obj = 1.5459 | cls = 0.0413 | lr = 0.000608
epoch 014 | step 0720 | total = 4.3556 | box = 0.5720 | obj = 1.4560 | cls = 0.0398 | lr = 0.000608
epoch 014 | step 0740 | total = 5.1913 | box = 0.7330 | obj = 1.4830 | cls = 0.0432 | lr = 0.000608
epoch 014 | step 0760 | total = 4.8096 | box = 0.6527 | obj = 1.5066 | cls = 0.0396 | lr = 0.000608
epoch 014 | step 0780 | total = 4.8703 | box = 0.6269 | obj = 1.6907 | cls = 0.0452 | lr = 0.000608
epoch 014 | step 0800 | total = 5.2996 | box = 0.7552 | obj = 1.4868 | cls = 0.0369 | lr = 0.000608
epoch 014 | step 0820 | total = 4.8358 | box = 0.6427 | obj = 1.5745 | cls = 0.0476 | lr = 0.000608
epoch 014 | step 0840 | total = 5.4686 | box = 0.7681 | obj = 1.5912 | cls = 0.0369 | lr = 0.000608
epoch 014 | step 0860 | total = 5.4176 | box = 0.7685 | obj = 1.5360 | cls = 0.0393 | lr = 0.000608
epoch 014 | step 0880 | total = 5.5326 | box = 0.7999 | obj = 1.4919 | cls = 0.0411 | lr = 0.000608
epoch 014 | step 0900 | total = 5.2337 | box = 0.6871 | obj = 1.7576 | cls = 0.0408 | lr = 0.000608
epoch 014 | step 0920 | total = 5.2731 | box = 0.7330 | obj = 1.5615 | cls = 0.0464 | lr = 0.000608
[epoch 014 train] total = 4.8671 | box = 0.6498 | obj = 1.5741 | cls = 0.0442 | steps = 925 | global_batches = 7400 | samples = 118288 | time = 814.4s
[epoch 014 val] total = 4.9590 | box = 0.6662 | obj = 1.5836 | cls = 0.0443 | steps = 40 | global_batches = 320 | samples = 5000 | time = 23.5s
epoch 015 | step 0001 | total = 4.8095 | box = 0.6287 | obj = 1.6234 | cls = 0.0428 | lr = 0.000557
epoch 015 | step 0020 | total = 4.9067 | box = 0.6361 | obj = 1.6789 | cls = 0.0472 | lr = 0.000557
epoch 015 | step 0040 | total = 5.4297 | box = 0.7211 | obj = 1.7755 | cls = 0.0489 | lr = 0.000557
epoch 015 | step 0060 | total = 4.4235 | box = 0.5804 | obj = 1.4805 | cls = 0.0409 | lr = 0.000557
epoch 015 | step 0080 | total = 4.3245 | box = 0.5546 | obj = 1.5163 | cls = 0.0354 | lr = 0.000557
epoch 015 | step 0100 | total = 5.4365 | box = 0.7581 | obj = 1.5943 | cls = 0.0518 | lr = 0.000557
epoch 015 | step 0120 | total = 4.8074 | box = 0.6257 | obj = 1.6267 | cls = 0.0521 | lr = 0.000557
epoch 015 | step 0140 | total = 4.6990 | box = 0.6309 | obj = 1.5109 | cls = 0.0336 | lr = 0.000557
epoch 015 | step 0160 | total = 4.8671 | box = 0.6732 | obj = 1.4635 | cls = 0.0377 | lr = 0.000557
epoch 015 | step 0180 | total = 4.8378 | box = 0.6319 | obj = 1.6221 | cls = 0.0565 | lr = 0.000557
epoch 015 | step 0200 | total = 5.3595 | box = 0.7304 | obj = 1.6611 | cls = 0.0464 | lr = 0.000557
epoch 015 | step 0220 | total = 5.2975 | box = 0.7172 | obj = 1.6655 | cls = 0.0460 | lr = 0.000557
epoch 015 | step 0240 | total = 4.4887 | box = 0.5806 | obj = 1.5447 | cls = 0.0411 | lr = 0.000557
epoch 015 | step 0260 | total = 4.3437 | box = 0.5662 | obj = 1.4665 | cls = 0.0464 | lr = 0.000557
epoch 015 | step 0280 | total = 3.7740 | box = 0.4319 | obj = 1.5537 | cls = 0.0607 | lr = 0.000557
epoch 015 | step 0300 | total = 5.6916 | box = 0.8165 | obj = 1.5631 | cls = 0.0461 | lr = 0.000557
epoch 015 | step 0320 | total = 5.1877 | box = 0.7244 | obj = 1.5163 | cls = 0.0495 | lr = 0.000557
epoch 015 | step 0340 | total = 4.6807 | box = 0.6175 | obj = 1.5483 | cls = 0.0448 | lr = 0.000557
epoch 015 | step 0360 | total = 4.8345 | box = 0.6618 | obj = 1.4836 | cls = 0.0421 | lr = 0.000557
epoch 015 | step 0380 | total = 5.0539 | box = 0.6799 | obj = 1.6099 | cls = 0.0445 | lr = 0.000557
epoch 015 | step 0400 | total = 4.9109 | box = 0.6875 | obj = 1.4308 | cls = 0.0427 | lr = 0.000557
epoch 015 | step 0420 | total = 4.2278 | box = 0.5172 | obj = 1.5989 | cls = 0.0430 | lr = 0.000557
epoch 015 | step 0440 | total = 4.4144 | box = 0.5457 | obj = 1.6321 | cls = 0.0536 | lr = 0.000557
epoch 015 | step 0460 | total = 5.5144 | box = 0.7742 | obj = 1.5963 | cls = 0.0471 | lr = 0.000557
epoch 015 | step 0480 | total = 4.8111 | box = 0.6138 | obj = 1.6968 | cls = 0.0452 | lr = 0.000557
epoch 015 | step 0500 | total = 5.4665 | box = 0.7511 | obj = 1.6634 | cls = 0.0474 | lr = 0.000557
epoch 015 | step 0520 | total = 5.1960 | box = 0.7262 | obj = 1.5277 | cls = 0.0374 | lr = 0.000557
epoch 015 | step 0540 | total = 6.0128 | box = 0.8736 | obj = 1.5937 | cls = 0.0509 | lr = 0.000557
epoch 015 | step 0560 | total = 4.2946 | box = 0.5530 | obj = 1.4860 | cls = 0.0435 | lr = 0.000557
epoch 015 | step 0580 | total = 4.4677 | box = 0.5990 | obj = 1.4308 | cls = 0.0420 | lr = 0.000557
epoch 015 | step 0600 | total = 4.3433 | box = 0.5648 | obj = 1.4707 | cls = 0.0486 | lr = 0.000557
epoch 015 | step 0620 | total = 5.1921 | box = 0.6898 | obj = 1.6978 | cls = 0.0453 | lr = 0.000557
epoch 015 | step 0640 | total = 4.2458 | box = 0.5124 | obj = 1.6337 | cls = 0.0500 | lr = 0.000557
epoch 015 | step 0660 | total = 4.0375 | box = 0.5017 | obj = 1.4845 | cls = 0.0445 | lr = 0.000557
epoch 015 | step 0680 | total = 4.0365 | box = 0.5108 | obj = 1.4355 | cls = 0.0472 | lr = 0.000557
epoch 015 | step 0700 | total = 4.6582 | box = 0.5796 | obj = 1.7178 | cls = 0.0425 | lr = 0.000557
epoch 015 | step 0720 | total = 5.5439 | box = 0.7481 | obj = 1.7663 | cls = 0.0373 | lr = 0.000557
epoch 015 | step 0740 | total = 4.4797 | box = 0.5707 | obj = 1.5802 | cls = 0.0460 | lr = 0.000557
epoch 015 | step 0760 | total = 4.6181 | box = 0.6160 | obj = 1.4967 | cls = 0.0416 | lr = 0.000557
epoch 015 | step 0780 | total = 4.7609 | box = 0.6098 | obj = 1.6643 | cls = 0.0476 | lr = 0.000557
epoch 015 | step 0800 | total = 5.0170 | box = 0.6660 | obj = 1.6439 | cls = 0.0431 | lr = 0.000557
epoch 015 | step 0820 | total = 5.0589 | box = 0.7188 | obj = 1.4306 | cls = 0.0345 | lr = 0.000557
epoch 015 | step 0840 | total = 4.5412 | box = 0.5627 | obj = 1.6709 | cls = 0.0569 | lr = 0.000557
epoch 015 | step 0860 | total = 4.4380 | box = 0.5836 | obj = 1.4643 | cls = 0.0556 | lr = 0.000557
epoch 015 | step 0880 | total = 4.2187 | box = 0.5331 | obj = 1.5023 | cls = 0.0508 | lr = 0.000557
epoch 015 | step 0900 | total = 4.7437 | box = 0.6282 | obj = 1.5675 | cls = 0.0350 | lr = 0.000557
epoch 015 | step 0920 | total = 4.9009 | box = 0.6474 | obj = 1.6209 | cls = 0.0428 | lr = 0.000557
[epoch 015 train] total = 4.8015 | box = 0.6400 | obj = 1.5581 | cls = 0.0435 | steps = 925 | global_batches = 7400 | samples = 118288 | time = 814.1s
[epoch 015 val] total = 4.9144 | box = 0.6586 | obj = 1.5773 | cls = 0.0441 | steps = 40 | global_batches = 320 | samples = 5000 | time = 23.3s
epoch 016 | step 0001 | total = 5.1186 | box = 0.7155 | obj = 1.4972 | cls = 0.0439 | lr = 0.000505
epoch 016 | step 0020 | total = 5.1582 | box = 0.7115 | obj = 1.5629 | cls = 0.0377 | lr = 0.000505
epoch 016 | step 0040 | total = 5.4067 | box = 0.7510 | obj = 1.6061 | cls = 0.0456 | lr = 0.000505
epoch 016 | step 0060 | total = 4.7172 | box = 0.6325 | obj = 1.5124 | cls = 0.0423 | lr = 0.000505
epoch 016 | step 0080 | total = 5.1533 | box = 0.7545 | obj = 1.3404 | cls = 0.0402 | lr = 0.000505
epoch 016 | step 0100 | total = 4.7930 | box = 0.6404 | obj = 1.5531 | cls = 0.0379 | lr = 0.000505
epoch 016 | step 0120 | total = 4.6827 | box = 0.6261 | obj = 1.5040 | cls = 0.0482 | lr = 0.000505
epoch 016 | step 0140 | total = 5.3869 | box = 0.7635 | obj = 1.5301 | cls = 0.0394 | lr = 0.000505
epoch 016 | step 0160 | total = 5.3222 | box = 0.7568 | obj = 1.4999 | cls = 0.0383 | lr = 0.000505
epoch 016 | step 0180 | total = 4.2727 | box = 0.5534 | obj = 1.4596 | cls = 0.0462 | lr = 0.000505
epoch 016 | step 0200 | total = 4.8500 | box = 0.6592 | obj = 1.5030 | cls = 0.0510 | lr = 0.000505
epoch 016 | step 0220 | total = 4.7662 | box = 0.6439 | obj = 1.5020 | cls = 0.0447 | lr = 0.000505
epoch 016 | step 0240 | total = 5.6143 | box = 0.8102 | obj = 1.5321 | cls = 0.0313 | lr = 0.000505
epoch 016 | step 0260 | total = 4.0549 | box = 0.5256 | obj = 1.3900 | cls = 0.0369 | lr = 0.000505
epoch 016 | step 0280 | total = 4.6977 | box = 0.6303 | obj = 1.5078 | cls = 0.0382 | lr = 0.000505
epoch 016 | step 0300 | total = 4.6543 | box = 0.6106 | obj = 1.5593 | cls = 0.0421 | lr = 0.000505
epoch 016 | step 0320 | total = 4.8086 | box = 0.6499 | obj = 1.5163 | cls = 0.0430 | lr = 0.000505
epoch 016 | step 0340 | total = 4.6838 | box = 0.6070 | obj = 1.6064 | cls = 0.0425 | lr = 0.000505
epoch 016 | step 0360 | total = 5.0983 | box = 0.7031 | obj = 1.5458 | cls = 0.0371 | lr = 0.000505
epoch 016 | step 0380 | total = 4.1837 | box = 0.5277 | obj = 1.4979 | cls = 0.0471 | lr = 0.000505
epoch 016 | step 0400 | total = 4.1614 | box = 0.5187 | obj = 1.5181 | cls = 0.0500 | lr = 0.000505
epoch 016 | step 0420 | total = 5.3158 | box = 0.7285 | obj = 1.6300 | cls = 0.0431 | lr = 0.000505
epoch 016 | step 0440 | total = 4.8677 | box = 0.6414 | obj = 1.6161 | cls = 0.0444 | lr = 0.000505
epoch 016 | step 0460 | total = 5.0230 | box = 0.6778 | obj = 1.5891 | cls = 0.0448 | lr = 0.000505
epoch 016 | step 0480 | total = 5.4586 | box = 0.7480 | obj = 1.6771 | cls = 0.0415 | lr = 0.000505
epoch 016 | step 0500 | total = 4.7465 | box = 0.6074 | obj = 1.6648 | cls = 0.0448 | lr = 0.000505
epoch 016 | step 0520 | total = 3.8473 | box = 0.4632 | obj = 1.4848 | cls = 0.0462 | lr = 0.000505
epoch 016 | step 0540 | total = 5.0996 | box = 0.6794 | obj = 1.6654 | cls = 0.0370 | lr = 0.000505
epoch 016 | step 0560 | total = 5.6275 | box = 0.8087 | obj = 1.5480 | cls = 0.0357 | lr = 0.000505
epoch 016 | step 0580 | total = 4.2651 | box = 0.5299 | obj = 1.5622 | cls = 0.0534 | lr = 0.000505
epoch 016 | step 0600 | total = 4.5447 | box = 0.5924 | obj = 1.5422 | cls = 0.0404 | lr = 0.000505
epoch 016 | step 0620 | total = 5.0407 | box = 0.6898 | obj = 1.5581 | cls = 0.0337 | lr = 0.000505
epoch 016 | step 0640 | total = 4.9577 | box = 0.6793 | obj = 1.5219 | cls = 0.0392 | lr = 0.000505
epoch 016 | step 0660 | total = 4.5359 | box = 0.5918 | obj = 1.5398 | cls = 0.0373 | lr = 0.000505
epoch 016 | step 0680 | total = 4.4226 | box = 0.5389 | obj = 1.6778 | cls = 0.0504 | lr = 0.000505
epoch 016 | step 0700 | total = 4.7475 | box = 0.5914 | obj = 1.7475 | cls = 0.0433 | lr = 0.000505
epoch 016 | step 0720 | total = 4.8640 | box = 0.6478 | obj = 1.5817 | cls = 0.0433 | lr = 0.000505
epoch 016 | step 0740 | total = 4.4189 | box = 0.5772 | obj = 1.4944 | cls = 0.0384 | lr = 0.000505
epoch 016 | step 0760 | total = 5.0741 | box = 0.6808 | obj = 1.6292 | cls = 0.0410 | lr = 0.000505
epoch 016 | step 0780 | total = 5.4491 | box = 0.7721 | obj = 1.5460 | cls = 0.0427 | lr = 0.000505
epoch 016 | step 0800 | total = 4.7011 | box = 0.5923 | obj = 1.6923 | cls = 0.0472 | lr = 0.000505
epoch 016 | step 0820 | total = 4.0523 | box = 0.5190 | obj = 1.4147 | cls = 0.0425 | lr = 0.000505
epoch 016 | step 0840 | total = 4.4125 | box = 0.5739 | obj = 1.4996 | cls = 0.0436 | lr = 0.000505
epoch 016 | step 0860 | total = 4.2735 | box = 0.5533 | obj = 1.4630 | cls = 0.0440 | lr = 0.000505
epoch 016 | step 0880 | total = 4.7112 | box = 0.6415 | obj = 1.4536 | cls = 0.0500 | lr = 0.000505
epoch 016 | step 0900 | total = 4.9913 | box = 0.6665 | obj = 1.6162 | cls = 0.0428 | lr = 0.000505
epoch 016 | step 0920 | total = 5.5289 | box = 0.7662 | obj = 1.6518 | cls = 0.0459 | lr = 0.000505
[epoch 016 train] total = 4.7497 | box = 0.6322 | obj = 1.5458 | cls = 0.0431 | steps = 925 | global_batches = 7400 | samples = 118288 | time = 814.6s
[epoch 016 val] total = 4.8459 | box = 0.6483 | obj = 1.5611 | cls = 0.0433 | steps = 40 | global_batches = 320 | samples = 5000 | time = 22.8s
epoch 017 | step 0001 | total = 4.3582 | box = 0.5527 | obj = 1.5452 | cls = 0.0496 | lr = 0.000453
epoch 017 | step 0020 | total = 4.3392 | box = 0.5751 | obj = 1.4239 | cls = 0.0400 | lr = 0.000453
epoch 017 | step 0040 | total = 3.8027 | box = 0.4836 | obj = 1.3408 | cls = 0.0437 | lr = 0.000453
epoch 017 | step 0060 | total = 5.0745 | box = 0.6974 | obj = 1.5470 | cls = 0.0405 | lr = 0.000453
epoch 017 | step 0080 | total = 4.6942 | box = 0.6196 | obj = 1.5516 | cls = 0.0445 | lr = 0.000453
epoch 017 | step 0100 | total = 5.1009 | box = 0.6989 | obj = 1.5629 | cls = 0.0437 | lr = 0.000453
epoch 017 | step 0120 | total = 4.0037 | box = 0.5195 | obj = 1.3640 | cls = 0.0421 | lr = 0.000453
epoch 017 | step 0140 | total = 5.2013 | box = 0.7133 | obj = 1.5919 | cls = 0.0428 | lr = 0.000453
epoch 017 | step 0160 | total = 5.6374 | box = 0.7921 | obj = 1.6418 | cls = 0.0352 | lr = 0.000453
epoch 017 | step 0180 | total = 4.8798 | box = 0.6586 | obj = 1.5469 | cls = 0.0399 | lr = 0.000453
epoch 017 | step 0200 | total = 4.8896 | box = 0.6884 | obj = 1.4070 | cls = 0.0405 | lr = 0.000453
epoch 017 | step 0220 | total = 5.0767 | box = 0.7004 | obj = 1.5325 | cls = 0.0421 | lr = 0.000453
epoch 017 | step 0240 | total = 5.2752 | box = 0.7427 | obj = 1.5165 | cls = 0.0451 | lr = 0.000453
epoch 017 | step 0260 | total = 5.2249 | box = 0.7460 | obj = 1.4598 | cls = 0.0353 | lr = 0.000453
epoch 017 | step 0280 | total = 4.6270 | box = 0.6181 | obj = 1.4965 | cls = 0.0400 | lr = 0.000453
epoch 017 | step 0300 | total = 4.6754 | box = 0.6287 | obj = 1.4950 | cls = 0.0371 | lr = 0.000453
epoch 017 | step 0320 | total = 4.5370 | box = 0.5764 | obj = 1.6150 | cls = 0.0397 | lr = 0.000453
epoch 017 | step 0340 | total = 4.3233 | box = 0.5363 | obj = 1.6014 | cls = 0.0405 | lr = 0.000453
epoch 017 | step 0360 | total = 4.6323 | box = 0.6426 | obj = 1.3837 | cls = 0.0358 | lr = 0.000453
epoch 017 | step 0380 | total = 4.4968 | box = 0.5930 | obj = 1.4783 | cls = 0.0533 | lr = 0.000453
epoch 017 | step 0400 | total = 4.8439 | box = 0.6373 | obj = 1.6061 | cls = 0.0513 | lr = 0.000453
epoch 017 | step 0420 | total = 3.4632 | box = 0.3934 | obj = 1.4511 | cls = 0.0450 | lr = 0.000453
epoch 017 | step 0440 | total = 3.7995 | box = 0.4196 | obj = 1.6468 | cls = 0.0548 | lr = 0.000453
epoch 017 | step 0460 | total = 5.5466 | box = 0.8016 | obj = 1.5073 | cls = 0.0314 | lr = 0.000453
epoch 017 | step 0480 | total = 4.6214 | box = 0.5888 | obj = 1.6337 | cls = 0.0435 | lr = 0.000453
epoch 017 | step 0500 | total = 4.5455 | box = 0.5844 | obj = 1.5724 | cls = 0.0510 | lr = 0.000453
epoch 017 | step 0520 | total = 4.8833 | box = 0.6551 | obj = 1.5653 | cls = 0.0424 | lr = 0.000453
epoch 017 | step 0540 | total = 4.4091 | box = 0.5513 | obj = 1.5975 | cls = 0.0552 | lr = 0.000453
epoch 017 | step 0560 | total = 4.8476 | box = 0.6515 | obj = 1.5464 | cls = 0.0438 | lr = 0.000453
epoch 017 | step 0580 | total = 4.9670 | box = 0.6912 | obj = 1.4685 | cls = 0.0425 | lr = 0.000453
epoch 017 | step 0600 | total = 4.8938 | box = 0.6766 | obj = 1.4715 | cls = 0.0393 | lr = 0.000453
epoch 017 | step 0620 | total = 4.7645 | box = 0.6351 | obj = 1.5456 | cls = 0.0431 | lr = 0.000453
epoch 017 | step 0640 | total = 5.0963 | box = 0.7029 | obj = 1.5476 | cls = 0.0342 | lr = 0.000453
epoch 017 | step 0660 | total = 4.7280 | box = 0.6211 | obj = 1.5814 | cls = 0.0411 | lr = 0.000453
epoch 017 | step 0680 | total = 4.2669 | box = 0.5164 | obj = 1.6306 | cls = 0.0541 | lr = 0.000453
epoch 017 | step 0700 | total = 4.5382 | box = 0.6119 | obj = 1.4297 | cls = 0.0491 | lr = 0.000453
epoch 017 | step 0720 | total = 4.7920 | box = 0.6650 | obj = 1.4245 | cls = 0.0424 | lr = 0.000453
epoch 017 | step 0740 | total = 5.0314 | box = 0.6984 | obj = 1.5038 | cls = 0.0356 | lr = 0.000453
epoch 017 | step 0760 | total = 4.6545 | box = 0.5793 | obj = 1.7107 | cls = 0.0471 | lr = 0.000453
epoch 017 | step 0780 | total = 4.0436 | box = 0.5252 | obj = 1.3714 | cls = 0.0461 | lr = 0.000453
epoch 017 | step 0800 | total = 4.6315 | box = 0.6121 | obj = 1.5297 | cls = 0.0413 | lr = 0.000453
epoch 017 | step 0820 | total = 4.0863 | box = 0.5206 | obj = 1.4494 | cls = 0.0338 | lr = 0.000453
epoch 017 | step 0840 | total = 4.2221 | box = 0.5404 | obj = 1.4809 | cls = 0.0389 | lr = 0.000453
epoch 017 | step 0860 | total = 4.8291 | box = 0.6488 | obj = 1.5457 | cls = 0.0394 | lr = 0.000453
epoch 017 | step 0880 | total = 4.8222 | box = 0.6100 | obj = 1.7302 | cls = 0.0421 | lr = 0.000453
epoch 017 | step 0900 | total = 3.9986 | box = 0.5019 | obj = 1.4493 | cls = 0.0399 | lr = 0.000453
epoch 017 | step 0920 | total = 4.6475 | box = 0.5671 | obj = 1.7730 | cls = 0.0391 | lr = 0.000453
[epoch 017 train] total = 4.6926 | box = 0.6237 | obj = 1.5315 | cls = 0.0426 | steps = 925 | global_batches = 7400 | samples = 118288 | time = 813.6s
[epoch 017 val] total = 4.8304 | box = 0.6466 | obj = 1.5541 | cls = 0.0433 | steps = 40 | global_batches = 320 | samples = 5000 | time = 23.6s
epoch 018 | step 0001 | total = 4.4410 | box = 0.5781 | obj = 1.5077 | cls = 0.0427 | lr = 0.000402
epoch 018 | step 0020 | total = 3.9463 | box = 0.4710 | obj = 1.5396 | cls = 0.0516 | lr = 0.000402
epoch 018 | step 0040 | total = 5.4337 | box = 0.7799 | obj = 1.4953 | cls = 0.0391 | lr = 0.000402
epoch 018 | step 0060 | total = 4.5590 | box = 0.5648 | obj = 1.6878 | cls = 0.0474 | lr = 0.000402
epoch 018 | step 0080 | total = 3.9686 | box = 0.5111 | obj = 1.3783 | cls = 0.0348 | lr = 0.000402
epoch 018 | step 0100 | total = 5.1930 | box = 0.7197 | obj = 1.5561 | cls = 0.0386 | lr = 0.000402
epoch 018 | step 0120 | total = 4.0679 | box = 0.5251 | obj = 1.3983 | cls = 0.0440 | lr = 0.000402
epoch 018 | step 0140 | total = 5.3290 | box = 0.7357 | obj = 1.6151 | cls = 0.0355 | lr = 0.000402
epoch 018 | step 0160 | total = 4.6940 | box = 0.5975 | obj = 1.6523 | cls = 0.0541 | lr = 0.000402
epoch 018 | step 0180 | total = 4.6033 | box = 0.6167 | obj = 1.4738 | cls = 0.0459 | lr = 0.000402
epoch 018 | step 0200 | total = 4.0270 | box = 0.4974 | obj = 1.4908 | cls = 0.0494 | lr = 0.000402
epoch 018 | step 0220 | total = 4.9097 | box = 0.6908 | obj = 1.4166 | cls = 0.0392 | lr = 0.000402
epoch 018 | step 0240 | total = 4.2725 | box = 0.5452 | obj = 1.5026 | cls = 0.0440 | lr = 0.000402
epoch 018 | step 0260 | total = 5.1683 | box = 0.7111 | obj = 1.5718 | cls = 0.0410 | lr = 0.000402
epoch 018 | step 0280 | total = 5.0619 | box = 0.7012 | obj = 1.5171 | cls = 0.0387 | lr = 0.000402
epoch 018 | step 0300 | total = 5.0136 | box = 0.6314 | obj = 1.8125 | cls = 0.0441 | lr = 0.000402
epoch 018 | step 0320 | total = 4.8028 | box = 0.6436 | obj = 1.5495 | cls = 0.0355 | lr = 0.000402
epoch 018 | step 0340 | total = 4.0269 | box = 0.5064 | obj = 1.4483 | cls = 0.0466 | lr = 0.000402
epoch 018 | step 0360 | total = 4.5787 | box = 0.5967 | obj = 1.5572 | cls = 0.0378 | lr = 0.000402
epoch 018 | step 0380 | total = 5.0168 | box = 0.6756 | obj = 1.5856 | cls = 0.0529 | lr = 0.000402
epoch 018 | step 0400 | total = 4.5442 | box = 0.6121 | obj = 1.4466 | cls = 0.0372 | lr = 0.000402
epoch 018 | step 0420 | total = 4.5332 | box = 0.5915 | obj = 1.5395 | cls = 0.0364 | lr = 0.000402
epoch 018 | step 0440 | total = 4.9158 | box = 0.6643 | obj = 1.5506 | cls = 0.0438 | lr = 0.000402
epoch 018 | step 0460 | total = 4.8687 | box = 0.6376 | obj = 1.6309 | cls = 0.0496 | lr = 0.000402
epoch 018 | step 0480 | total = 4.8984 | box = 0.6872 | obj = 1.4241 | cls = 0.0382 | lr = 0.000402
epoch 018 | step 0500 | total = 4.6922 | box = 0.6419 | obj = 1.4477 | cls = 0.0352 | lr = 0.000402
epoch 018 | step 0520 | total = 4.9714 | box = 0.6913 | obj = 1.4760 | cls = 0.0390 | lr = 0.000402
epoch 018 | step 0540 | total = 4.7995 | box = 0.6693 | obj = 1.4165 | cls = 0.0367 | lr = 0.000402
epoch 018 | step 0560 | total = 4.3408 | box = 0.5612 | obj = 1.4872 | cls = 0.0476 | lr = 0.000402
epoch 018 | step 0580 | total = 4.4170 | box = 0.5604 | obj = 1.5631 | cls = 0.0520 | lr = 0.000402
epoch 018 | step 0600 | total = 3.9526 | box = 0.4614 | obj = 1.6031 | cls = 0.0427 | lr = 0.000402
epoch 018 | step 0620 | total = 4.8756 | box = 0.6493 | obj = 1.5845 | cls = 0.0449 | lr = 0.000402
epoch 018 | step 0640 | total = 4.7183 | box = 0.6394 | obj = 1.4805 | cls = 0.0407 | lr = 0.000402
epoch 018 | step 0660 | total = 5.2871 | box = 0.7582 | obj = 1.4586 | cls = 0.0373 | lr = 0.000402
epoch 018 | step 0680 | total = 4.4200 | box = 0.5854 | obj = 1.4482 | cls = 0.0446 | lr = 0.000402
epoch 018 | step 0700 | total = 4.3464 | box = 0.5635 | obj = 1.4817 | cls = 0.0470 | lr = 0.000402
epoch 018 | step 0720 | total = 4.6335 | box = 0.6269 | obj = 1.4643 | cls = 0.0347 | lr = 0.000402
epoch 018 | step 0740 | total = 5.7441 | box = 0.8257 | obj = 1.5696 | cls = 0.0461 | lr = 0.000402
epoch 018 | step 0760 | total = 4.7019 | box = 0.6153 | obj = 1.5785 | cls = 0.0467 | lr = 0.000402
epoch 018 | step 0780 | total = 5.0893 | box = 0.6569 | obj = 1.7658 | cls = 0.0388 | lr = 0.000402
epoch 018 | step 0800 | total = 3.7121 | box = 0.4484 | obj = 1.4212 | cls = 0.0487 | lr = 0.000402
epoch 018 | step 0820 | total = 4.6961 | box = 0.5892 | obj = 1.7052 | cls = 0.0447 | lr = 0.000402
epoch 018 | step 0840 | total = 4.2134 | box = 0.5385 | obj = 1.4816 | cls = 0.0396 | lr = 0.000402
epoch 018 | step 0860 | total = 4.2443 | box = 0.5114 | obj = 1.6436 | cls = 0.0437 | lr = 0.000402
epoch 018 | step 0880 | total = 5.1974 | box = 0.7358 | obj = 1.4841 | cls = 0.0341 | lr = 0.000402
epoch 018 | step 0900 | total = 4.4704 | box = 0.5663 | obj = 1.5891 | cls = 0.0498 | lr = 0.000402
epoch 018 | step 0920 | total = 5.0471 | box = 0.7068 | obj = 1.4792 | cls = 0.0340 | lr = 0.000402
[epoch 018 train] total = 4.6426 | box = 0.6163 | obj = 1.5190 | cls = 0.0422 | steps = 925 | global_batches = 7400 | samples = 118288 | time = 815.7s
[epoch 018 val] total = 4.7767 | box = 0.6365 | obj = 1.5521 | cls = 0.0423 | steps = 40 | global_batches = 320 | samples = 5000 | time = 23.4s
epoch 019 | step 0001 | total = 4.4535 | box = 0.5972 | obj = 1.4316 | cls = 0.0361 | lr = 0.000352
epoch 019 | step 0020 | total = 4.2040 | box = 0.5757 | obj = 1.2843 | cls = 0.0414 | lr = 0.000352
epoch 019 | step 0040 | total = 3.9873 | box = 0.5142 | obj = 1.3708 | cls = 0.0456 | lr = 0.000352
epoch 019 | step 0060 | total = 4.5835 | box = 0.6346 | obj = 1.3733 | cls = 0.0370 | lr = 0.000352
epoch 019 | step 0080 | total = 5.0591 | box = 0.6841 | obj = 1.6006 | cls = 0.0382 | lr = 0.000352
epoch 019 | step 0100 | total = 3.8403 | box = 0.4821 | obj = 1.3865 | cls = 0.0436 | lr = 0.000352
epoch 019 | step 0120 | total = 4.7255 | box = 0.6079 | obj = 1.6378 | cls = 0.0481 | lr = 0.000352
epoch 019 | step 0140 | total = 4.7273 | box = 0.6474 | obj = 1.4530 | cls = 0.0374 | lr = 0.000352
epoch 019 | step 0160 | total = 4.8575 | box = 0.6782 | obj = 1.4351 | cls = 0.0312 | lr = 0.000352
epoch 019 | step 0180 | total = 4.3686 | box = 0.5774 | obj = 1.4408 | cls = 0.0409 | lr = 0.000352
epoch 019 | step 0200 | total = 4.7869 | box = 0.6786 | obj = 1.3598 | cls = 0.0339 | lr = 0.000352
epoch 019 | step 0220 | total = 4.6317 | box = 0.6046 | obj = 1.5659 | cls = 0.0427 | lr = 0.000352
epoch 019 | step 0240 | total = 4.4662 | box = 0.5747 | obj = 1.5489 | cls = 0.0437 | lr = 0.000352
epoch 019 | step 0260 | total = 4.6118 | box = 0.6020 | obj = 1.5582 | cls = 0.0436 | lr = 0.000352
epoch 019 | step 0280 | total = 4.6628 | box = 0.6284 | obj = 1.4753 | cls = 0.0456 | lr = 0.000352
epoch 019 | step 0300 | total = 3.9968 | box = 0.4928 | obj = 1.4878 | cls = 0.0448 | lr = 0.000352
epoch 019 | step 0320 | total = 5.4309 | box = 0.7776 | obj = 1.5028 | cls = 0.0400 | lr = 0.000352
epoch 019 | step 0340 | total = 5.0113 | box = 0.6731 | obj = 1.6060 | cls = 0.0396 | lr = 0.000352
epoch 019 | step 0360 | total = 5.1557 | box = 0.6974 | obj = 1.6299 | cls = 0.0388 | lr = 0.000352
epoch 019 | step 0380 | total = 4.2320 | box = 0.5366 | obj = 1.5037 | cls = 0.0451 | lr = 0.000352
epoch 019 | step 0400 | total = 4.2220 | box = 0.5359 | obj = 1.5000 | cls = 0.0424 | lr = 0.000352
epoch 019 | step 0420 | total = 4.1645 | box = 0.5201 | obj = 1.5135 | cls = 0.0504 | lr = 0.000352
epoch 019 | step 0440 | total = 4.0242 | box = 0.5084 | obj = 1.4401 | cls = 0.0419 | lr = 0.000352
epoch 019 | step 0460 | total = 4.2445 | box = 0.5268 | obj = 1.5637 | cls = 0.0469 | lr = 0.000352
epoch 019 | step 0480 | total = 5.4263 | box = 0.7671 | obj = 1.5555 | cls = 0.0354 | lr = 0.000352
epoch 019 | step 0500 | total = 3.8002 | box = 0.4732 | obj = 1.3995 | cls = 0.0349 | lr = 0.000352
epoch 019 | step 0520 | total = 4.9048 | box = 0.6715 | obj = 1.5069 | cls = 0.0406 | lr = 0.000352
epoch 019 | step 0540 | total = 5.0297 | box = 0.7159 | obj = 1.4115 | cls = 0.0384 | lr = 0.000352
epoch 019 | step 0560 | total = 4.6183 | box = 0.6251 | obj = 1.4564 | cls = 0.0362 | lr = 0.000352
epoch 019 | step 0580 | total = 4.1698 | box = 0.5239 | obj = 1.5153 | cls = 0.0352 | lr = 0.000352
epoch 019 | step 0600 | total = 4.5257 | box = 0.5576 | obj = 1.6854 | cls = 0.0523 | lr = 0.000352
epoch 019 | step 0620 | total = 4.4932 | box = 0.5720 | obj = 1.5877 | cls = 0.0454 | lr = 0.000352
epoch 019 | step 0640 | total = 4.2053 | box = 0.5493 | obj = 1.4226 | cls = 0.0361 | lr = 0.000352
epoch 019 | step 0660 | total = 4.3620 | box = 0.5690 | obj = 1.4631 | cls = 0.0541 | lr = 0.000352
epoch 019 | step 0680 | total = 4.3952 | box = 0.5621 | obj = 1.5431 | cls = 0.0417 | lr = 0.000352
epoch 019 | step 0700 | total = 4.7599 | box = 0.6347 | obj = 1.5470 | cls = 0.0395 | lr = 0.000352
epoch 019 | step 0720 | total = 3.9707 | box = 0.4982 | obj = 1.4322 | cls = 0.0474 | lr = 0.000352
epoch 019 | step 0740 | total = 4.2642 | box = 0.5331 | obj = 1.5581 | cls = 0.0407 | lr = 0.000352
epoch 019 | step 0760 | total = 4.2596 | box = 0.5200 | obj = 1.6102 | cls = 0.0493 | lr = 0.000352
epoch 019 | step 0780 | total = 5.2485 | box = 0.7257 | obj = 1.5808 | cls = 0.0392 | lr = 0.000352
epoch 019 | step 0800 | total = 4.3998 | box = 0.5758 | obj = 1.4827 | cls = 0.0380 | lr = 0.000352
epoch 019 | step 0820 | total = 4.3992 | box = 0.5598 | obj = 1.5560 | cls = 0.0442 | lr = 0.000352
epoch 019 | step 0840 | total = 4.8699 | box = 0.6310 | obj = 1.6613 | cls = 0.0535 | lr = 0.000352
epoch 019 | step 0860 | total = 4.5983 | box = 0.6311 | obj = 1.4059 | cls = 0.0370 | lr = 0.000352
epoch 019 | step 0880 | total = 5.5365 | box = 0.7722 | obj = 1.6309 | cls = 0.0445 | lr = 0.000352
epoch 019 | step 0900 | total = 4.1154 | box = 0.4942 | obj = 1.6000 | cls = 0.0443 | lr = 0.000352
epoch 019 | step 0920 | total = 4.8755 | box = 0.6359 | obj = 1.6516 | cls = 0.0446 | lr = 0.000352
[epoch 019 train] total = 4.5953 | box = 0.6093 | obj = 1.5069 | cls = 0.0417 | steps = 925 | global_batches = 7400 | samples = 118288 | time = 813.8s
[epoch 019 val] total = 4.7311 | box = 0.6314 | obj = 1.5321 | cls = 0.0420 | steps = 40 | global_batches = 320 | samples = 5000 | time = 23.1s
epoch 020 | step 0001 | total = 4.0155 | box = 0.5116 | obj = 1.4110 | cls = 0.0467 | lr = 0.000304
epoch 020 | step 0020 | total = 4.5944 | box = 0.6135 | obj = 1.4855 | cls = 0.0417 | lr = 0.000304
epoch 020 | step 0040 | total = 5.2015 | box = 0.7366 | obj = 1.4846 | cls = 0.0336 | lr = 0.000304
epoch 020 | step 0060 | total = 4.6196 | box = 0.6087 | obj = 1.5300 | cls = 0.0459 | lr = 0.000304
epoch 020 | step 0080 | total = 4.8670 | box = 0.6859 | obj = 1.3980 | cls = 0.0395 | lr = 0.000304
epoch 020 | step 0100 | total = 4.3803 | box = 0.5707 | obj = 1.4803 | cls = 0.0463 | lr = 0.000304
epoch 020 | step 0120 | total = 4.3992 | box = 0.5550 | obj = 1.5734 | cls = 0.0507 | lr = 0.000304
epoch 020 | step 0140 | total = 4.2898 | box = 0.5351 | obj = 1.5689 | cls = 0.0451 | lr = 0.000304
epoch 020 | step 0160 | total = 4.5279 | box = 0.6146 | obj = 1.4108 | cls = 0.0439 | lr = 0.000304
epoch 020 | step 0180 | total = 4.7098 | box = 0.6402 | obj = 1.4651 | cls = 0.0436 | lr = 0.000304
epoch 020 | step 0200 | total = 3.6999 | box = 0.4527 | obj = 1.3904 | cls = 0.0458 | lr = 0.000304
epoch 020 | step 0220 | total = 4.3959 | box = 0.5795 | obj = 1.4589 | cls = 0.0394 | lr = 0.000304
epoch 020 | step 0240 | total = 4.2645 | box = 0.5541 | obj = 1.4483 | cls = 0.0458 | lr = 0.000304
epoch 020 | step 0260 | total = 4.5429 | box = 0.6244 | obj = 1.3823 | cls = 0.0385 | lr = 0.000304
epoch 020 | step 0280 | total = 4.8896 | box = 0.6578 | obj = 1.5618 | cls = 0.0388 | lr = 0.000304
epoch 020 | step 0300 | total = 4.9945 | box = 0.6806 | obj = 1.5502 | cls = 0.0412 | lr = 0.000304
epoch 020 | step 0320 | total = 4.5201 | box = 0.5967 | obj = 1.4863 | cls = 0.0504 | lr = 0.000304
epoch 020 | step 0340 | total = 4.4972 | box = 0.5628 | obj = 1.6504 | cls = 0.0326 | lr = 0.000304
epoch 020 | step 0360 | total = 3.9516 | box = 0.4835 | obj = 1.4789 | cls = 0.0552 | lr = 0.000304
epoch 020 | step 0380 | total = 4.9451 | box = 0.6771 | obj = 1.5149 | cls = 0.0448 | lr = 0.000304
epoch 020 | step 0400 | total = 4.1539 | box = 0.5292 | obj = 1.4696 | cls = 0.0385 | lr = 0.000304
epoch 020 | step 0420 | total = 4.9937 | box = 0.7075 | obj = 1.4218 | cls = 0.0345 | lr = 0.000304
epoch 020 | step 0440 | total = 4.5935 | box = 0.5678 | obj = 1.7080 | cls = 0.0464 | lr = 0.000304
epoch 020 | step 0460 | total = 4.1376 | box = 0.5124 | obj = 1.5251 | cls = 0.0507 | lr = 0.000304
epoch 020 | step 0480 | total = 4.7277 | box = 0.6459 | obj = 1.4647 | cls = 0.0335 | lr = 0.000304
epoch 020 | step 0500 | total = 4.3748 | box = 0.5818 | obj = 1.4300 | cls = 0.0360 | lr = 0.000304
epoch 020 | step 0520 | total = 5.2576 | box = 0.7377 | obj = 1.5311 | cls = 0.0379 | lr = 0.000304
epoch 020 | step 0540 | total = 4.7097 | box = 0.6346 | obj = 1.4973 | cls = 0.0394 | lr = 0.000304
epoch 020 | step 0560 | total = 4.2346 | box = 0.5173 | obj = 1.6012 | cls = 0.0470 | lr = 0.000304
epoch 020 | step 0580 | total = 4.2522 | box = 0.5366 | obj = 1.5212 | cls = 0.0482 | lr = 0.000304
epoch 020 | step 0600 | total = 5.4491 | box = 0.7372 | obj = 1.7210 | cls = 0.0419 | lr = 0.000304
epoch 020 | step 0620 | total = 5.1491 | box = 0.7194 | obj = 1.5130 | cls = 0.0389 | lr = 0.000304
epoch 020 | step 0640 | total = 4.4712 | box = 0.6098 | obj = 1.3845 | cls = 0.0376 | lr = 0.000304
epoch 020 | step 0660 | total = 4.8305 | box = 0.6398 | obj = 1.5968 | cls = 0.0348 | lr = 0.000304
epoch 020 | step 0680 | total = 5.2689 | box = 0.7312 | obj = 1.5776 | cls = 0.0352 | lr = 0.000304
epoch 020 | step 0700 | total = 3.6754 | box = 0.4428 | obj = 1.4168 | cls = 0.0445 | lr = 0.000304
epoch 020 | step 0720 | total = 3.2897 | box = 0.3824 | obj = 1.3235 | cls = 0.0543 | lr = 0.000304
epoch 020 | step 0740 | total = 4.8490 | box = 0.6579 | obj = 1.5162 | cls = 0.0435 | lr = 0.000304
epoch 020 | step 0760 | total = 4.1428 | box = 0.5195 | obj = 1.5078 | cls = 0.0376 | lr = 0.000304
epoch 020 | step 0780 | total = 4.9172 | box = 0.6482 | obj = 1.6323 | cls = 0.0436 | lr = 0.000304
epoch 020 | step 0800 | total = 5.0288 | box = 0.6731 | obj = 1.6154 | cls = 0.0480 | lr = 0.000304
epoch 020 | step 0820 | total = 4.3089 | box = 0.5651 | obj = 1.4340 | cls = 0.0495 | lr = 0.000304
epoch 020 | step 0840 | total = 4.8010 | box = 0.6430 | obj = 1.5487 | cls = 0.0375 | lr = 0.000304
epoch 020 | step 0860 | total = 4.9378 | box = 0.6717 | obj = 1.5366 | cls = 0.0429 | lr = 0.000304
epoch 020 | step 0880 | total = 4.8654 | box = 0.6261 | obj = 1.6929 | cls = 0.0423 | lr = 0.000304
epoch 020 | step 0900 | total = 4.5246 | box = 0.6121 | obj = 1.4261 | cls = 0.0381 | lr = 0.000304
epoch 020 | step 0920 | total = 4.5275 | box = 0.5758 | obj = 1.6038 | cls = 0.0448 | lr = 0.000304
[epoch 020 train] total = 4.5474 | box = 0.6022 | obj = 1.4949 | cls = 0.0414 | steps = 925 | global_batches = 7400 | samples = 118288 | time = 813.6s
[epoch 020 val] total = 4.6905 | box = 0.6255 | obj = 1.5217 | cls = 0.0415 | steps = 40 | global_batches = 320 | samples = 5000 | time = 23.4s
epoch 021 | step 0001 | total = 4.9830 | box = 0.6753 | obj = 1.5702 | cls = 0.0362 | lr = 0.000258
epoch 021 | step 0020 | total = 4.7941 | box = 0.6789 | obj = 1.3675 | cls = 0.0321 | lr = 0.000258
epoch 021 | step 0040 | total = 3.9577 | box = 0.5210 | obj = 1.3139 | cls = 0.0386 | lr = 0.000258
epoch 021 | step 0060 | total = 3.3770 | box = 0.3959 | obj = 1.3500 | cls = 0.0474 | lr = 0.000258
epoch 021 | step 0080 | total = 4.8489 | box = 0.6672 | obj = 1.4760 | cls = 0.0369 | lr = 0.000258
epoch 021 | step 0100 | total = 5.3316 | box = 0.7492 | obj = 1.5491 | cls = 0.0367 | lr = 0.000258
epoch 021 | step 0120 | total = 4.3446 | box = 0.5802 | obj = 1.4064 | cls = 0.0373 | lr = 0.000258
epoch 021 | step 0140 | total = 4.6214 | box = 0.6036 | obj = 1.5631 | cls = 0.0400 | lr = 0.000258
epoch 021 | step 0160 | total = 4.6669 | box = 0.6420 | obj = 1.4105 | cls = 0.0466 | lr = 0.000258
epoch 021 | step 0180 | total = 4.1183 | box = 0.5191 | obj = 1.4847 | cls = 0.0379 | lr = 0.000258
epoch 021 | step 0200 | total = 4.4569 | box = 0.6193 | obj = 1.3210 | cls = 0.0393 | lr = 0.000258
epoch 021 | step 0220 | total = 4.7166 | box = 0.6318 | obj = 1.5221 | cls = 0.0356 | lr = 0.000258
epoch 021 | step 0240 | total = 5.0274 | box = 0.6490 | obj = 1.7371 | cls = 0.0452 | lr = 0.000258
epoch 021 | step 0260 | total = 4.0881 | box = 0.5114 | obj = 1.4851 | cls = 0.0458 | lr = 0.000258
epoch 021 | step 0280 | total = 3.8246 | box = 0.4777 | obj = 1.3998 | cls = 0.0365 | lr = 0.000258
epoch 021 | step 0300 | total = 4.0579 | box = 0.5093 | obj = 1.4634 | cls = 0.0482 | lr = 0.000258
epoch 021 | step 0320 | total = 4.6109 | box = 0.6169 | obj = 1.4962 | cls = 0.0300 | lr = 0.000258
epoch 021 | step 0340 | total = 4.4579 | box = 0.5797 | obj = 1.5168 | cls = 0.0424 | lr = 0.000258
epoch 021 | step 0360 | total = 4.5023 | box = 0.6133 | obj = 1.3906 | cls = 0.0454 | lr = 0.000258
epoch 021 | step 0380 | total = 4.4992 | box = 0.5908 | obj = 1.5092 | cls = 0.0357 | lr = 0.000258
epoch 021 | step 0400 | total = 4.8591 | box = 0.6737 | obj = 1.4551 | cls = 0.0354 | lr = 0.000258
epoch 021 | step 0420 | total = 4.5970 | box = 0.6289 | obj = 1.4117 | cls = 0.0411 | lr = 0.000258
epoch 021 | step 0440 | total = 4.1818 | box = 0.5245 | obj = 1.5148 | cls = 0.0445 | lr = 0.000258
epoch 021 | step 0460 | total = 5.3202 | box = 0.7562 | obj = 1.4995 | cls = 0.0397 | lr = 0.000258
epoch 021 | step 0480 | total = 5.1296 | box = 0.7078 | obj = 1.5511 | cls = 0.0396 | lr = 0.000258
epoch 021 | step 0500 | total = 4.2308 | box = 0.5548 | obj = 1.4176 | cls = 0.0394 | lr = 0.000258
epoch 021 | step 0520 | total = 4.6287 | box = 0.6183 | obj = 1.4987 | cls = 0.0387 | lr = 0.000258
epoch 021 | step 0540 | total = 4.7633 | box = 0.6302 | obj = 1.5747 | cls = 0.0376 | lr = 0.000258
epoch 021 | step 0560 | total = 4.7389 | box = 0.6259 | obj = 1.5667 | cls = 0.0429 | lr = 0.000258
epoch 021 | step 0580 | total = 4.5430 | box = 0.6008 | obj = 1.5029 | cls = 0.0363 | lr = 0.000258
epoch 021 | step 0600 | total = 3.5512 | box = 0.4248 | obj = 1.3868 | cls = 0.0406 | lr = 0.000258
epoch 021 | step 0620 | total = 3.9100 | box = 0.4958 | obj = 1.3944 | cls = 0.0366 | lr = 0.000258
epoch 021 | step 0640 | total = 4.5077 | box = 0.5966 | obj = 1.4847 | cls = 0.0398 | lr = 0.000258
epoch 021 | step 0660 | total = 3.4151 | box = 0.4268 | obj = 1.2355 | cls = 0.0456 | lr = 0.000258
epoch 021 | step 0680 | total = 4.1788 | box = 0.5282 | obj = 1.4862 | cls = 0.0518 | lr = 0.000258
epoch 021 | step 0700 | total = 5.1287 | box = 0.7131 | obj = 1.5261 | cls = 0.0374 | lr = 0.000258
epoch 021 | step 0720 | total = 4.9898 | box = 0.6498 | obj = 1.7038 | cls = 0.0372 | lr = 0.000258
epoch 021 | step 0740 | total = 4.6504 | box = 0.6291 | obj = 1.4659 | cls = 0.0390 | lr = 0.000258
epoch 021 | step 0760 | total = 4.8347 | box = 0.6784 | obj = 1.4055 | cls = 0.0371 | lr = 0.000258
epoch 021 | step 0780 | total = 4.6799 | box = 0.6070 | obj = 1.6002 | cls = 0.0450 | lr = 0.000258
epoch 021 | step 0800 | total = 4.9625 | box = 0.6742 | obj = 1.5491 | cls = 0.0422 | lr = 0.000258
epoch 021 | step 0820 | total = 4.1860 | box = 0.5447 | obj = 1.4176 | cls = 0.0450 | lr = 0.000258
epoch 021 | step 0840 | total = 3.8101 | box = 0.4848 | obj = 1.3582 | cls = 0.0281 | lr = 0.000258
epoch 021 | step 0860 | total = 3.7177 | box = 0.4582 | obj = 1.3942 | cls = 0.0324 | lr = 0.000258
epoch 021 | step 0880 | total = 4.1877 | box = 0.5354 | obj = 1.4585 | cls = 0.0521 | lr = 0.000258
epoch 021 | step 0900 | total = 4.6165 | box = 0.6193 | obj = 1.4801 | cls = 0.0400 | lr = 0.000258
epoch 021 | step 0920 | total = 4.5934 | box = 0.6157 | obj = 1.4790 | cls = 0.0360 | lr = 0.000258
[epoch 021 train] total = 4.5053 | box = 0.5960 | obj = 1.4841 | cls = 0.0410 | steps = 925 | global_batches = 7400 | samples = 118288 | time = 812.8s
[epoch 021 val] total = 4.6754 | box = 0.6229 | obj = 1.5197 | cls = 0.0412 | steps = 40 | global_batches = 320 | samples = 5000 | time = 23.7s
epoch 022 | step 0001 | total = 4.3504 | box = 0.5753 | obj = 1.4384 | cls = 0.0357 | lr = 0.000214
epoch 022 | step 0020 | total = 4.0487 | box = 0.5290 | obj = 1.3619 | cls = 0.0417 | lr = 0.000214
epoch 022 | step 0040 | total = 5.1129 | box = 0.6846 | obj = 1.6497 | cls = 0.0404 | lr = 0.000214
epoch 022 | step 0060 | total = 4.1392 | box = 0.5488 | obj = 1.3639 | cls = 0.0313 | lr = 0.000214
epoch 022 | step 0080 | total = 4.1027 | box = 0.5028 | obj = 1.5371 | cls = 0.0517 | lr = 0.000214
epoch 022 | step 0100 | total = 4.1931 | box = 0.5491 | obj = 1.4070 | cls = 0.0406 | lr = 0.000214
epoch 022 | step 0120 | total = 4.2782 | box = 0.5474 | obj = 1.4937 | cls = 0.0475 | lr = 0.000214
epoch 022 | step 0140 | total = 4.9215 | box = 0.6668 | obj = 1.5488 | cls = 0.0387 | lr = 0.000214
epoch 022 | step 0160 | total = 4.8295 | box = 0.6596 | obj = 1.4950 | cls = 0.0365 | lr = 0.000214
epoch 022 | step 0180 | total = 5.0280 | box = 0.7094 | obj = 1.4373 | cls = 0.0438 | lr = 0.000214
epoch 022 | step 0200 | total = 4.6958 | box = 0.6376 | obj = 1.4679 | cls = 0.0399 | lr = 0.000214
epoch 022 | step 0220 | total = 4.7455 | box = 0.6655 | obj = 1.3838 | cls = 0.0342 | lr = 0.000214
epoch 022 | step 0240 | total = 4.8389 | box = 0.6609 | obj = 1.4945 | cls = 0.0401 | lr = 0.000214
epoch 022 | step 0260 | total = 5.1724 | box = 0.7095 | obj = 1.5885 | cls = 0.0363 | lr = 0.000214
epoch 022 | step 0280 | total = 3.8463 | box = 0.4861 | obj = 1.3799 | cls = 0.0358 | lr = 0.000214
epoch 022 | step 0300 | total = 4.5776 | box = 0.6013 | obj = 1.5245 | cls = 0.0467 | lr = 0.000214
epoch 022 | step 0320 | total = 4.5382 | box = 0.5865 | obj = 1.5671 | cls = 0.0388 | lr = 0.000214
epoch 022 | step 0340 | total = 4.5773 | box = 0.5877 | obj = 1.5920 | cls = 0.0468 | lr = 0.000214
epoch 022 | step 0360 | total = 4.5590 | box = 0.5977 | obj = 1.5281 | cls = 0.0425 | lr = 0.000214
epoch 022 | step 0380 | total = 4.3275 | box = 0.5469 | obj = 1.5376 | cls = 0.0555 | lr = 0.000214
epoch 022 | step 0400 | total = 4.4910 | box = 0.5936 | obj = 1.4838 | cls = 0.0390 | lr = 0.000214
epoch 022 | step 0420 | total = 3.9730 | box = 0.4841 | obj = 1.5140 | cls = 0.0385 | lr = 0.000214
epoch 022 | step 0440 | total = 4.0394 | box = 0.5070 | obj = 1.4606 | cls = 0.0436 | lr = 0.000214
epoch 022 | step 0460 | total = 5.0171 | box = 0.7144 | obj = 1.4038 | cls = 0.0413 | lr = 0.000214
epoch 022 | step 0480 | total = 5.1289 | box = 0.7181 | obj = 1.5037 | cls = 0.0345 | lr = 0.000214
epoch 022 | step 0500 | total = 5.1040 | box = 0.7211 | obj = 1.4673 | cls = 0.0310 | lr = 0.000214
epoch 022 | step 0520 | total = 3.8166 | box = 0.4489 | obj = 1.5306 | cls = 0.0415 | lr = 0.000214
epoch 022 | step 0540 | total = 5.0332 | box = 0.7108 | obj = 1.4406 | cls = 0.0387 | lr = 0.000214
epoch 022 | step 0560 | total = 4.1122 | box = 0.5200 | obj = 1.4635 | cls = 0.0487 | lr = 0.000214
epoch 022 | step 0580 | total = 3.9777 | box = 0.4759 | obj = 1.5470 | cls = 0.0514 | lr = 0.000214
epoch 022 | step 0600 | total = 3.7055 | box = 0.4641 | obj = 1.3465 | cls = 0.0386 | lr = 0.000214
epoch 022 | step 0620 | total = 3.8832 | box = 0.4752 | obj = 1.4420 | cls = 0.0655 | lr = 0.000214
epoch 022 | step 0640 | total = 4.4791 | box = 0.5929 | obj = 1.4837 | cls = 0.0310 | lr = 0.000214
epoch 022 | step 0660 | total = 3.3299 | box = 0.3741 | obj = 1.4115 | cls = 0.0477 | lr = 0.000214
epoch 022 | step 0680 | total = 4.3703 | box = 0.5761 | obj = 1.4531 | cls = 0.0369 | lr = 0.000214
epoch 022 | step 0700 | total = 5.6873 | box = 0.8089 | obj = 1.6016 | cls = 0.0412 | lr = 0.000214
epoch 022 | step 0720 | total = 4.7800 | box = 0.6462 | obj = 1.5090 | cls = 0.0400 | lr = 0.000214
epoch 022 | step 0740 | total = 4.5563 | box = 0.5817 | obj = 1.5979 | cls = 0.0499 | lr = 0.000214
epoch 022 | step 0760 | total = 4.1134 | box = 0.5195 | obj = 1.4707 | cls = 0.0450 | lr = 0.000214
epoch 022 | step 0780 | total = 3.8944 | box = 0.4950 | obj = 1.3847 | cls = 0.0348 | lr = 0.000214
epoch 022 | step 0800 | total = 3.9805 | box = 0.5009 | obj = 1.4322 | cls = 0.0440 | lr = 0.000214
epoch 022 | step 0820 | total = 4.3490 | box = 0.5833 | obj = 1.3886 | cls = 0.0441 | lr = 0.000214
epoch 022 | step 0840 | total = 4.8231 | box = 0.6605 | obj = 1.4868 | cls = 0.0336 | lr = 0.000214
epoch 022 | step 0860 | total = 3.9964 | box = 0.5118 | obj = 1.4058 | cls = 0.0315 | lr = 0.000214
epoch 022 | step 0880 | total = 4.4910 | box = 0.5736 | obj = 1.5866 | cls = 0.0363 | lr = 0.000214
epoch 022 | step 0900 | total = 4.1057 | box = 0.5264 | obj = 1.4344 | cls = 0.0395 | lr = 0.000214
epoch 022 | step 0920 | total = 4.7917 | box = 0.6480 | obj = 1.5155 | cls = 0.0364 | lr = 0.000214
[epoch 022 train] total = 4.4652 | box = 0.5901 | obj = 1.4740 | cls = 0.0407 | steps = 925 | global_batches = 7400 | samples = 118288 | time = 813.3s
[epoch 022 val] total = 4.6379 | box = 0.6173 | obj = 1.5106 | cls = 0.0409 | steps = 40 | global_batches = 320 | samples = 5000 | time = 23.6s
epoch 023 | step 0001 | total = 4.6585 | box = 0.6260 | obj = 1.4856 | cls = 0.0428 | lr = 0.000174
epoch 023 | step 0020 | total = 4.3972 | box = 0.6028 | obj = 1.3488 | cls = 0.0342 | lr = 0.000174
epoch 023 | step 0040 | total = 4.3015 | box = 0.5440 | obj = 1.5361 | cls = 0.0455 | lr = 0.000174
epoch 023 | step 0060 | total = 4.3344 | box = 0.5585 | obj = 1.5054 | cls = 0.0366 | lr = 0.000174
epoch 023 | step 0080 | total = 3.9462 | box = 0.4694 | obj = 1.5537 | cls = 0.0454 | lr = 0.000174
epoch 023 | step 0100 | total = 4.5001 | box = 0.5949 | obj = 1.4871 | cls = 0.0386 | lr = 0.000174
epoch 023 | step 0120 | total = 3.9922 | box = 0.5055 | obj = 1.4279 | cls = 0.0366 | lr = 0.000174
epoch 023 | step 0140 | total = 5.1489 | box = 0.7273 | obj = 1.4756 | cls = 0.0370 | lr = 0.000174
epoch 023 | step 0160 | total = 3.7483 | box = 0.4511 | obj = 1.4428 | cls = 0.0499 | lr = 0.000174
epoch 023 | step 0180 | total = 3.6170 | box = 0.4487 | obj = 1.3369 | cls = 0.0368 | lr = 0.000174
epoch 023 | step 0200 | total = 4.3858 | box = 0.5883 | obj = 1.4083 | cls = 0.0358 | lr = 0.000174
epoch 023 | step 0220 | total = 4.1129 | box = 0.5574 | obj = 1.2953 | cls = 0.0309 | lr = 0.000174
epoch 023 | step 0240 | total = 4.4002 | box = 0.5836 | obj = 1.4398 | cls = 0.0421 | lr = 0.000174
epoch 023 | step 0260 | total = 4.2250 | box = 0.5731 | obj = 1.3310 | cls = 0.0285 | lr = 0.000174
epoch 023 | step 0280 | total = 4.1020 | box = 0.5227 | obj = 1.4479 | cls = 0.0404 | lr = 0.000174
epoch 023 | step 0300 | total = 4.2026 | box = 0.5400 | obj = 1.4646 | cls = 0.0383 | lr = 0.000174
epoch 023 | step 0320 | total = 3.7717 | box = 0.4420 | obj = 1.5133 | cls = 0.0482 | lr = 0.000174
epoch 023 | step 0340 | total = 4.5364 | box = 0.5996 | obj = 1.4914 | cls = 0.0469 | lr = 0.000174
epoch 023 | step 0360 | total = 3.8617 | box = 0.4982 | obj = 1.3373 | cls = 0.0333 | lr = 0.000174
epoch 023 | step 0380 | total = 4.0173 | box = 0.5146 | obj = 1.4084 | cls = 0.0360 | lr = 0.000174
epoch 023 | step 0400 | total = 3.7892 | box = 0.4632 | obj = 1.4339 | cls = 0.0396 | lr = 0.000174
epoch 023 | step 0420 | total = 4.2757 | box = 0.5514 | obj = 1.4822 | cls = 0.0366 | lr = 0.000174
epoch 023 | step 0440 | total = 4.7172 | box = 0.6423 | obj = 1.4761 | cls = 0.0295 | lr = 0.000174
epoch 023 | step 0460 | total = 4.5031 | box = 0.5980 | obj = 1.4741 | cls = 0.0390 | lr = 0.000174
epoch 023 | step 0480 | total = 4.7071 | box = 0.6147 | obj = 1.5851 | cls = 0.0486 | lr = 0.000174
epoch 023 | step 0500 | total = 4.5338 | box = 0.5902 | obj = 1.5526 | cls = 0.0300 | lr = 0.000174
epoch 023 | step 0520 | total = 4.3625 | box = 0.5870 | obj = 1.3886 | cls = 0.0389 | lr = 0.000174
epoch 023 | step 0540 | total = 3.8296 | box = 0.4997 | obj = 1.2827 | cls = 0.0481 | lr = 0.000174
epoch 023 | step 0560 | total = 4.3403 | box = 0.5514 | obj = 1.5407 | cls = 0.0426 | lr = 0.000174
epoch 023 | step 0580 | total = 3.5305 | box = 0.3996 | obj = 1.4845 | cls = 0.0477 | lr = 0.000174
epoch 023 | step 0600 | total = 4.6757 | box = 0.6317 | obj = 1.4842 | cls = 0.0332 | lr = 0.000174
epoch 023 | step 0620 | total = 4.8627 | box = 0.6645 | obj = 1.4956 | cls = 0.0447 | lr = 0.000174
epoch 023 | step 0640 | total = 4.4724 | box = 0.5883 | obj = 1.4853 | cls = 0.0455 | lr = 0.000174
epoch 023 | step 0660 | total = 4.9928 | box = 0.6997 | obj = 1.4607 | cls = 0.0336 | lr = 0.000174
epoch 023 | step 0680 | total = 4.2284 | box = 0.5479 | obj = 1.4495 | cls = 0.0394 | lr = 0.000174
epoch 023 | step 0700 | total = 4.1900 | box = 0.5521 | obj = 1.3917 | cls = 0.0376 | lr = 0.000174
epoch 023 | step 0720 | total = 4.6332 | box = 0.5986 | obj = 1.5952 | cls = 0.0447 | lr = 0.000174
epoch 023 | step 0740 | total = 3.6536 | box = 0.4560 | obj = 1.3320 | cls = 0.0418 | lr = 0.000174
epoch 023 | step 0760 | total = 4.2892 | box = 0.5842 | obj = 1.3285 | cls = 0.0397 | lr = 0.000174
epoch 023 | step 0780 | total = 3.7632 | box = 0.4707 | obj = 1.3737 | cls = 0.0360 | lr = 0.000174
epoch 023 | step 0800 | total = 4.6189 | box = 0.6181 | obj = 1.4798 | cls = 0.0485 | lr = 0.000174
epoch 023 | step 0820 | total = 4.6914 | box = 0.6440 | obj = 1.4278 | cls = 0.0439 | lr = 0.000174
epoch 023 | step 0840 | total = 4.7179 | box = 0.6365 | obj = 1.4988 | cls = 0.0365 | lr = 0.000174
epoch 023 | step 0860 | total = 4.2153 | box = 0.5300 | obj = 1.5222 | cls = 0.0431 | lr = 0.000174
epoch 023 | step 0880 | total = 5.2515 | box = 0.7542 | obj = 1.4408 | cls = 0.0399 | lr = 0.000174
epoch 023 | step 0900 | total = 5.0165 | box = 0.6863 | obj = 1.5464 | cls = 0.0386 | lr = 0.000174
epoch 023 | step 0920 | total = 4.4939 | box = 0.6008 | obj = 1.4547 | cls = 0.0351 | lr = 0.000174
[epoch 023 train] total = 4.4252 | box = 0.5843 | obj = 1.4633 | cls = 0.0404 | steps = 925 | global_batches = 7400 | samples = 118288 | time = 813.5s
[epoch 023 val] total = 4.6050 | box = 0.6124 | obj = 1.5021 | cls = 0.0407 | steps = 40 | global_batches = 320 | samples = 5000 | time = 23.4s
epoch 024 | step 0001 | total = 4.4592 | box = 0.5966 | obj = 1.4289 | cls = 0.0475 | lr = 0.000137
epoch 024 | step 0020 | total = 3.9288 | box = 0.4875 | obj = 1.4457 | cls = 0.0458 | lr = 0.000137
epoch 024 | step 0040 | total = 3.8798 | box = 0.4521 | obj = 1.5713 | cls = 0.0483 | lr = 0.000137
epoch 024 | step 0060 | total = 4.0345 | box = 0.5036 | obj = 1.4734 | cls = 0.0428 | lr = 0.000137
epoch 024 | step 0080 | total = 4.3786 | box = 0.5691 | obj = 1.5011 | cls = 0.0320 | lr = 0.000137
epoch 024 | step 0100 | total = 4.8492 | box = 0.6410 | obj = 1.6017 | cls = 0.0425 | lr = 0.000137
epoch 024 | step 0120 | total = 4.2647 | box = 0.5383 | obj = 1.5187 | cls = 0.0543 | lr = 0.000137
epoch 024 | step 0140 | total = 4.5217 | box = 0.6175 | obj = 1.4055 | cls = 0.0288 | lr = 0.000137
epoch 024 | step 0160 | total = 4.6685 | box = 0.6048 | obj = 1.6023 | cls = 0.0422 | lr = 0.000137
epoch 024 | step 0180 | total = 4.0542 | box = 0.5165 | obj = 1.4192 | cls = 0.0527 | lr = 0.000137
epoch 024 | step 0200 | total = 4.1623 | box = 0.5400 | obj = 1.4223 | cls = 0.0402 | lr = 0.000137
epoch 024 | step 0220 | total = 5.1324 | box = 0.7283 | obj = 1.4563 | cls = 0.0344 | lr = 0.000137
epoch 024 | step 0240 | total = 4.4989 | box = 0.6051 | obj = 1.4380 | cls = 0.0356 | lr = 0.000137
epoch 024 | step 0260 | total = 5.2331 | box = 0.7207 | obj = 1.5947 | cls = 0.0350 | lr = 0.000137
epoch 024 | step 0280 | total = 4.4775 | box = 0.6071 | obj = 1.4065 | cls = 0.0355 | lr = 0.000137
epoch 024 | step 0300 | total = 3.9297 | box = 0.5023 | obj = 1.3750 | cls = 0.0434 | lr = 0.000137
epoch 024 | step 0320 | total = 4.4599 | box = 0.6036 | obj = 1.4024 | cls = 0.0396 | lr = 0.000137
epoch 024 | step 0340 | total = 5.0934 | box = 0.6923 | obj = 1.5950 | cls = 0.0368 | lr = 0.000137
epoch 024 | step 0360 | total = 4.7342 | box = 0.6438 | obj = 1.4790 | cls = 0.0360 | lr = 0.000137
epoch 024 | step 0380 | total = 5.2144 | box = 0.7598 | obj = 1.3804 | cls = 0.0350 | lr = 0.000137
epoch 024 | step 0400 | total = 4.9205 | box = 0.6741 | obj = 1.5167 | cls = 0.0331 | lr = 0.000137
epoch 024 | step 0420 | total = 4.3794 | box = 0.5954 | obj = 1.3636 | cls = 0.0388 | lr = 0.000137
epoch 024 | step 0440 | total = 3.6557 | box = 0.4457 | obj = 1.3921 | cls = 0.0352 | lr = 0.000137
epoch 024 | step 0460 | total = 4.8160 | box = 0.6597 | obj = 1.4715 | cls = 0.0459 | lr = 0.000137
epoch 024 | step 0480 | total = 4.4172 | box = 0.5953 | obj = 1.4044 | cls = 0.0361 | lr = 0.000137
epoch 024 | step 0500 | total = 5.0281 | box = 0.6866 | obj = 1.5551 | cls = 0.0402 | lr = 0.000137
epoch 024 | step 0520 | total = 4.4144 | box = 0.5713 | obj = 1.5163 | cls = 0.0418 | lr = 0.000137
epoch 024 | step 0540 | total = 4.4955 | box = 0.5820 | obj = 1.5464 | cls = 0.0392 | lr = 0.000137
epoch 024 | step 0560 | total = 4.1983 | box = 0.5415 | obj = 1.4551 | cls = 0.0355 | lr = 0.000137
epoch 024 | step 0580 | total = 4.1972 | box = 0.5398 | obj = 1.4556 | cls = 0.0425 | lr = 0.000137
epoch 024 | step 0600 | total = 4.1153 | box = 0.5254 | obj = 1.4418 | cls = 0.0466 | lr = 0.000137
epoch 024 | step 0620 | total = 3.6782 | box = 0.4918 | obj = 1.1697 | cls = 0.0495 | lr = 0.000137
epoch 024 | step 0640 | total = 4.1140 | box = 0.5252 | obj = 1.4453 | cls = 0.0428 | lr = 0.000137
epoch 024 | step 0660 | total = 4.6027 | box = 0.6326 | obj = 1.4057 | cls = 0.0339 | lr = 0.000137
epoch 024 | step 0680 | total = 3.8677 | box = 0.4990 | obj = 1.3345 | cls = 0.0381 | lr = 0.000137
epoch 024 | step 0700 | total = 4.4971 | box = 0.6053 | obj = 1.4297 | cls = 0.0410 | lr = 0.000137
epoch 024 | step 0720 | total = 5.3128 | box = 0.7580 | obj = 1.4838 | cls = 0.0389 | lr = 0.000137
epoch 024 | step 0740 | total = 4.7335 | box = 0.6497 | obj = 1.4519 | cls = 0.0332 | lr = 0.000137
epoch 024 | step 0760 | total = 4.8285 | box = 0.6344 | obj = 1.6104 | cls = 0.0460 | lr = 0.000137
epoch 024 | step 0780 | total = 4.6473 | box = 0.6609 | obj = 1.3138 | cls = 0.0289 | lr = 0.000137
epoch 024 | step 0800 | total = 4.9076 | box = 0.6722 | obj = 1.5044 | cls = 0.0420 | lr = 0.000137
epoch 024 | step 0820 | total = 4.5546 | box = 0.5856 | obj = 1.5870 | cls = 0.0396 | lr = 0.000137
epoch 024 | step 0840 | total = 4.3625 | box = 0.5776 | obj = 1.4345 | cls = 0.0401 | lr = 0.000137
epoch 024 | step 0860 | total = 4.3996 | box = 0.6036 | obj = 1.3449 | cls = 0.0369 | lr = 0.000137
epoch 024 | step 0880 | total = 4.3304 | box = 0.5669 | obj = 1.4495 | cls = 0.0466 | lr = 0.000137
epoch 024 | step 0900 | total = 5.1630 | box = 0.7355 | obj = 1.4461 | cls = 0.0395 | lr = 0.000137
epoch 024 | step 0920 | total = 4.3622 | box = 0.5659 | obj = 1.4920 | cls = 0.0405 | lr = 0.000137
[epoch 024 train] total = 4.3936 | box = 0.5797 | obj = 1.4548 | cls = 0.0401 | steps = 925 | global_batches = 7400 | samples = 118288 | time = 811.6s
[epoch 024 val] total = 4.5977 | box = 0.6109 | obj = 1.5028 | cls = 0.0406 | steps = 40 | global_batches = 320 | samples = 5000 | time = 23.8s
epoch 025 | step 0001 | total = 5.3190 | box = 0.7958 | obj = 1.3135 | cls = 0.0267 | lr = 0.000105
epoch 025 | step 0020 | total = 4.4964 | box = 0.6043 | obj = 1.4369 | cls = 0.0377 | lr = 0.000105
epoch 025 | step 0040 | total = 4.2033 | box = 0.5573 | obj = 1.3716 | cls = 0.0452 | lr = 0.000105
epoch 025 | step 0060 | total = 4.0621 | box = 0.5215 | obj = 1.4143 | cls = 0.0402 | lr = 0.000105
epoch 025 | step 0080 | total = 4.5983 | box = 0.5958 | obj = 1.5705 | cls = 0.0488 | lr = 0.000105
epoch 025 | step 0100 | total = 3.9365 | box = 0.5135 | obj = 1.3224 | cls = 0.0467 | lr = 0.000105
epoch 025 | step 0120 | total = 5.0649 | box = 0.7041 | obj = 1.5048 | cls = 0.0394 | lr = 0.000105
epoch 025 | step 0140 | total = 4.2869 | box = 0.5585 | obj = 1.4535 | cls = 0.0410 | lr = 0.000105
epoch 025 | step 0160 | total = 3.6981 | box = 0.4371 | obj = 1.4659 | cls = 0.0467 | lr = 0.000105
epoch 025 | step 0180 | total = 4.8485 | box = 0.6835 | obj = 1.3967 | cls = 0.0344 | lr = 0.000105
epoch 025 | step 0200 | total = 4.9012 | box = 0.6760 | obj = 1.4817 | cls = 0.0397 | lr = 0.000105
epoch 025 | step 0220 | total = 4.4229 | box = 0.5754 | obj = 1.5080 | cls = 0.0382 | lr = 0.000105
epoch 025 | step 0240 | total = 4.2355 | box = 0.5531 | obj = 1.4279 | cls = 0.0419 | lr = 0.000105
epoch 025 | step 0260 | total = 4.8881 | box = 0.6698 | obj = 1.5061 | cls = 0.0332 | lr = 0.000105
epoch 025 | step 0280 | total = 4.2280 | box = 0.5450 | obj = 1.4584 | cls = 0.0445 | lr = 0.000105
epoch 025 | step 0300 | total = 4.5166 | box = 0.6145 | obj = 1.4082 | cls = 0.0361 | lr = 0.000105
epoch 025 | step 0320 | total = 4.6654 | box = 0.6538 | obj = 1.3667 | cls = 0.0295 | lr = 0.000105
epoch 025 | step 0340 | total = 4.8398 | box = 0.6589 | obj = 1.5119 | cls = 0.0333 | lr = 0.000105
epoch 025 | step 0360 | total = 4.2358 | box = 0.5621 | obj = 1.3837 | cls = 0.0418 | lr = 0.000105
epoch 025 | step 0380 | total = 3.7715 | box = 0.4455 | obj = 1.4964 | cls = 0.0473 | lr = 0.000105
epoch 025 | step 0400 | total = 4.9661 | box = 0.6629 | obj = 1.6123 | cls = 0.0392 | lr = 0.000105
epoch 025 | step 0420 | total = 5.1775 | box = 0.7008 | obj = 1.6316 | cls = 0.0419 | lr = 0.000105
epoch 025 | step 0440 | total = 4.4337 | box = 0.5856 | obj = 1.4631 | cls = 0.0425 | lr = 0.000105
epoch 025 | step 0460 | total = 4.1419 | box = 0.5580 | obj = 1.3152 | cls = 0.0368 | lr = 0.000105
epoch 025 | step 0480 | total = 4.3888 | box = 0.5934 | obj = 1.3814 | cls = 0.0406 | lr = 0.000105
epoch 025 | step 0500 | total = 4.6254 | box = 0.6167 | obj = 1.5025 | cls = 0.0396 | lr = 0.000105
epoch 025 | step 0520 | total = 4.9858 | box = 0.6687 | obj = 1.5993 | cls = 0.0431 | lr = 0.000105
epoch 025 | step 0540 | total = 4.6063 | box = 0.6192 | obj = 1.4589 | cls = 0.0512 | lr = 0.000105
epoch 025 | step 0560 | total = 5.0050 | box = 0.6892 | obj = 1.5192 | cls = 0.0398 | lr = 0.000105
epoch 025 | step 0580 | total = 4.0960 | box = 0.5650 | obj = 1.2396 | cls = 0.0314 | lr = 0.000105
epoch 025 | step 0600 | total = 4.9664 | box = 0.6884 | obj = 1.4853 | cls = 0.0389 | lr = 0.000105
epoch 025 | step 0620 | total = 4.3160 | box = 0.5775 | obj = 1.3903 | cls = 0.0382 | lr = 0.000105
epoch 025 | step 0640 | total = 3.6417 | box = 0.4222 | obj = 1.4788 | cls = 0.0518 | lr = 0.000105
epoch 025 | step 0660 | total = 4.8754 | box = 0.6830 | obj = 1.4277 | cls = 0.0325 | lr = 0.000105
epoch 025 | step 0680 | total = 4.3049 | box = 0.5772 | obj = 1.3767 | cls = 0.0424 | lr = 0.000105
epoch 025 | step 0700 | total = 4.5431 | box = 0.6091 | obj = 1.4601 | cls = 0.0376 | lr = 0.000105
epoch 025 | step 0720 | total = 4.3099 | box = 0.5601 | obj = 1.4633 | cls = 0.0460 | lr = 0.000105
epoch 025 | step 0740 | total = 4.7443 | box = 0.6046 | obj = 1.6699 | cls = 0.0513 | lr = 0.000105
epoch 025 | step 0760 | total = 4.4749 | box = 0.5850 | obj = 1.5149 | cls = 0.0353 | lr = 0.000105
epoch 025 | step 0780 | total = 3.8177 | box = 0.4581 | obj = 1.4774 | cls = 0.0496 | lr = 0.000105
epoch 025 | step 0800 | total = 3.3501 | box = 0.3944 | obj = 1.3270 | cls = 0.0509 | lr = 0.000105
epoch 025 | step 0820 | total = 4.1683 | box = 0.5508 | obj = 1.3753 | cls = 0.0393 | lr = 0.000105
epoch 025 | step 0840 | total = 3.7617 | box = 0.4671 | obj = 1.3802 | cls = 0.0460 | lr = 0.000105
epoch 025 | step 0860 | total = 3.7544 | box = 0.4516 | obj = 1.4480 | cls = 0.0483 | lr = 0.000105
epoch 025 | step 0880 | total = 4.6669 | box = 0.6485 | obj = 1.3855 | cls = 0.0390 | lr = 0.000105
epoch 025 | step 0900 | total = 4.5327 | box = 0.6217 | obj = 1.3839 | cls = 0.0402 | lr = 0.000105
epoch 025 | step 0920 | total = 3.9797 | box = 0.5137 | obj = 1.3784 | cls = 0.0327 | lr = 0.000105
[epoch 025 train] total = 4.3643 | box = 0.5755 | obj = 1.4469 | cls = 0.0400 | steps = 925 | global_batches = 7400 | samples = 118288 | time = 812.5s
[epoch 025 val] total = 4.5702 | box = 0.6073 | obj = 1.4935 | cls = 0.0404 | steps = 40 | global_batches = 320 | samples = 5000 | time = 23.7s
epoch 026 | step 0001 | total = 3.6669 | box = 0.4404 | obj = 1.4099 | cls = 0.0550 | lr = 0.000076
epoch 026 | step 0020 | total = 3.7058 | box = 0.4575 | obj = 1.3784 | cls = 0.0399 | lr = 0.000076
epoch 026 | step 0040 | total = 4.1915 | box = 0.5351 | obj = 1.4782 | cls = 0.0380 | lr = 0.000076
epoch 026 | step 0060 | total = 4.0476 | box = 0.5131 | obj = 1.4411 | cls = 0.0410 | lr = 0.000076
epoch 026 | step 0080 | total = 3.5384 | box = 0.4374 | obj = 1.3060 | cls = 0.0455 | lr = 0.000076
epoch 026 | step 0100 | total = 4.1337 | box = 0.5276 | obj = 1.4566 | cls = 0.0394 | lr = 0.000076
epoch 026 | step 0120 | total = 5.3324 | box = 0.7559 | obj = 1.5135 | cls = 0.0392 | lr = 0.000076
epoch 026 | step 0140 | total = 4.4435 | box = 0.5660 | obj = 1.5756 | cls = 0.0381 | lr = 0.000076
epoch 026 | step 0160 | total = 3.5723 | box = 0.4184 | obj = 1.4365 | cls = 0.0440 | lr = 0.000076
epoch 026 | step 0180 | total = 3.7462 | box = 0.4557 | obj = 1.4231 | cls = 0.0444 | lr = 0.000076
epoch 026 | step 0200 | total = 4.9364 | box = 0.6648 | obj = 1.5758 | cls = 0.0364 | lr = 0.000076
epoch 026 | step 0220 | total = 4.1628 | box = 0.5216 | obj = 1.5212 | cls = 0.0336 | lr = 0.000076
epoch 026 | step 0240 | total = 3.6833 | box = 0.4832 | obj = 1.2310 | cls = 0.0361 | lr = 0.000076
epoch 026 | step 0260 | total = 4.0447 | box = 0.5626 | obj = 1.2020 | cls = 0.0298 | lr = 0.000076
epoch 026 | step 0280 | total = 4.3969 | box = 0.5840 | obj = 1.4407 | cls = 0.0360 | lr = 0.000076
epoch 026 | step 0300 | total = 3.9798 | box = 0.5103 | obj = 1.3890 | cls = 0.0393 | lr = 0.000076
epoch 026 | step 0320 | total = 4.7375 | box = 0.6454 | obj = 1.4804 | cls = 0.0302 | lr = 0.000076
epoch 026 | step 0340 | total = 4.6287 | box = 0.6157 | obj = 1.5066 | cls = 0.0434 | lr = 0.000076
epoch 026 | step 0360 | total = 3.7971 | box = 0.4641 | obj = 1.4342 | cls = 0.0422 | lr = 0.000076
epoch 026 | step 0380 | total = 4.3734 | box = 0.5455 | obj = 1.6040 | cls = 0.0419 | lr = 0.000076
epoch 026 | step 0400 | total = 3.8798 | box = 0.4827 | obj = 1.4297 | cls = 0.0366 | lr = 0.000076
epoch 026 | step 0420 | total = 4.8571 | box = 0.6566 | obj = 1.5353 | cls = 0.0387 | lr = 0.000076
epoch 026 | step 0440 | total = 3.9236 | box = 0.4936 | obj = 1.4127 | cls = 0.0427 | lr = 0.000076
epoch 026 | step 0460 | total = 4.6603 | box = 0.6204 | obj = 1.5210 | cls = 0.0370 | lr = 0.000076
epoch 026 | step 0480 | total = 4.8801 | box = 0.6615 | obj = 1.5397 | cls = 0.0328 | lr = 0.000076
epoch 026 | step 0500 | total = 5.0064 | box = 0.7139 | obj = 1.4045 | cls = 0.0324 | lr = 0.000076
epoch 026 | step 0520 | total = 4.3965 | box = 0.5931 | obj = 1.3900 | cls = 0.0409 | lr = 0.000076
epoch 026 | step 0540 | total = 4.4824 | box = 0.5764 | obj = 1.5600 | cls = 0.0405 | lr = 0.000076
epoch 026 | step 0560 | total = 4.5632 | box = 0.6271 | obj = 1.3922 | cls = 0.0352 | lr = 0.000076
epoch 026 | step 0580 | total = 4.7802 | box = 0.6491 | obj = 1.4968 | cls = 0.0379 | lr = 0.000076
epoch 026 | step 0600 | total = 4.6128 | box = 0.6027 | obj = 1.5568 | cls = 0.0424 | lr = 0.000076
epoch 026 | step 0620 | total = 4.1652 | box = 0.5381 | obj = 1.4398 | cls = 0.0348 | lr = 0.000076
epoch 026 | step 0640 | total = 3.8553 | box = 0.4806 | obj = 1.4140 | cls = 0.0382 | lr = 0.000076
epoch 026 | step 0660 | total = 4.9180 | box = 0.6762 | obj = 1.5024 | cls = 0.0345 | lr = 0.000076
epoch 026 | step 0680 | total = 4.3220 | box = 0.5885 | obj = 1.3399 | cls = 0.0398 | lr = 0.000076
epoch 026 | step 0700 | total = 4.5467 | box = 0.5676 | obj = 1.6679 | cls = 0.0410 | lr = 0.000076
epoch 026 | step 0720 | total = 3.7666 | box = 0.4793 | obj = 1.3394 | cls = 0.0308 | lr = 0.000076
epoch 026 | step 0740 | total = 3.2339 | box = 0.3706 | obj = 1.3252 | cls = 0.0557 | lr = 0.000076
epoch 026 | step 0760 | total = 4.5087 | box = 0.5718 | obj = 1.6133 | cls = 0.0364 | lr = 0.000076
epoch 026 | step 0780 | total = 4.5876 | box = 0.6114 | obj = 1.4935 | cls = 0.0370 | lr = 0.000076
epoch 026 | step 0800 | total = 5.0423 | box = 0.6974 | obj = 1.5167 | cls = 0.0389 | lr = 0.000076
epoch 026 | step 0820 | total = 4.9965 | box = 0.6918 | obj = 1.4951 | cls = 0.0425 | lr = 0.000076
epoch 026 | step 0840 | total = 4.5399 | box = 0.5755 | obj = 1.6213 | cls = 0.0411 | lr = 0.000076
epoch 026 | step 0860 | total = 4.7081 | box = 0.6327 | obj = 1.5034 | cls = 0.0412 | lr = 0.000076
epoch 026 | step 0880 | total = 3.8398 | box = 0.4893 | obj = 1.3499 | cls = 0.0432 | lr = 0.000076
epoch 026 | step 0900 | total = 5.0782 | box = 0.7018 | obj = 1.5360 | cls = 0.0333 | lr = 0.000076
epoch 026 | step 0920 | total = 3.5626 | box = 0.4385 | obj = 1.3286 | cls = 0.0415 | lr = 0.000076
[epoch 026 train] total = 4.3392 | box = 0.5720 | obj = 1.4395 | cls = 0.0398 | steps = 925 | global_batches = 7400 | samples = 118288 | time = 813.6s
[epoch 026 val] total = 4.5700 | box = 0.6067 | obj = 1.4962 | cls = 0.0403 | steps = 40 | global_batches = 320 | samples = 5000 | time = 23.5s
epoch 027 | step 0001 | total = 4.3363 | box = 0.5751 | obj = 1.4143 | cls = 0.0465 | lr = 0.000053
epoch 027 | step 0020 | total = 4.1231 | box = 0.5273 | obj = 1.4452 | cls = 0.0416 | lr = 0.000053
epoch 027 | step 0040 | total = 2.7811 | box = 0.3311 | obj = 1.0844 | cls = 0.0412 | lr = 0.000053
epoch 027 | step 0060 | total = 4.6215 | box = 0.6321 | obj = 1.4266 | cls = 0.0346 | lr = 0.000053
epoch 027 | step 0080 | total = 4.3794 | box = 0.5701 | obj = 1.4869 | cls = 0.0418 | lr = 0.000053
epoch 027 | step 0100 | total = 4.9759 | box = 0.6647 | obj = 1.6101 | cls = 0.0423 | lr = 0.000053
epoch 027 | step 0120 | total = 4.6276 | box = 0.6324 | obj = 1.4273 | cls = 0.0385 | lr = 0.000053
epoch 027 | step 0140 | total = 4.0593 | box = 0.5274 | obj = 1.3729 | cls = 0.0496 | lr = 0.000053
epoch 027 | step 0160 | total = 4.2609 | box = 0.5613 | obj = 1.4158 | cls = 0.0388 | lr = 0.000053
epoch 027 | step 0180 | total = 4.6257 | box = 0.6300 | obj = 1.4431 | cls = 0.0326 | lr = 0.000053
epoch 027 | step 0200 | total = 4.1017 | box = 0.5258 | obj = 1.4281 | cls = 0.0447 | lr = 0.000053
epoch 027 | step 0220 | total = 3.9677 | box = 0.4873 | obj = 1.4922 | cls = 0.0390 | lr = 0.000053
epoch 027 | step 0240 | total = 4.6305 | box = 0.6339 | obj = 1.4214 | cls = 0.0395 | lr = 0.000053
epoch 027 | step 0260 | total = 4.5458 | box = 0.6092 | obj = 1.4641 | cls = 0.0355 | lr = 0.000053
epoch 027 | step 0280 | total = 5.6707 | box = 0.8024 | obj = 1.6129 | cls = 0.0461 | lr = 0.000053
epoch 027 | step 0300 | total = 3.8810 | box = 0.4943 | obj = 1.3676 | cls = 0.0420 | lr = 0.000053
epoch 027 | step 0320 | total = 4.4560 | box = 0.5794 | obj = 1.5189 | cls = 0.0399 | lr = 0.000053
epoch 027 | step 0340 | total = 3.9629 | box = 0.4906 | obj = 1.4741 | cls = 0.0356 | lr = 0.000053
epoch 027 | step 0360 | total = 4.5897 | box = 0.6300 | obj = 1.3997 | cls = 0.0402 | lr = 0.000053
epoch 027 | step 0380 | total = 4.9684 | box = 0.6810 | obj = 1.5266 | cls = 0.0366 | lr = 0.000053
epoch 027 | step 0400 | total = 4.5478 | box = 0.5982 | obj = 1.5158 | cls = 0.0407 | lr = 0.000053
epoch 027 | step 0420 | total = 3.1126 | box = 0.3794 | obj = 1.1769 | cls = 0.0389 | lr = 0.000053
epoch 027 | step 0440 | total = 4.1871 | box = 0.5111 | obj = 1.5868 | cls = 0.0450 | lr = 0.000053
epoch 027 | step 0460 | total = 4.4631 | box = 0.6104 | obj = 1.3719 | cls = 0.0395 | lr = 0.000053
epoch 027 | step 0480 | total = 4.7911 | box = 0.6661 | obj = 1.4271 | cls = 0.0333 | lr = 0.000053
epoch 027 | step 0500 | total = 4.5408 | box = 0.6076 | obj = 1.4483 | cls = 0.0546 | lr = 0.000053
epoch 027 | step 0520 | total = 4.2427 | box = 0.5528 | obj = 1.4415 | cls = 0.0372 | lr = 0.000053
epoch 027 | step 0540 | total = 5.2007 | box = 0.7373 | obj = 1.4780 | cls = 0.0361 | lr = 0.000053
epoch 027 | step 0560 | total = 4.0538 | box = 0.5197 | obj = 1.4155 | cls = 0.0398 | lr = 0.000053
epoch 027 | step 0580 | total = 4.7812 | box = 0.6275 | obj = 1.6055 | cls = 0.0381 | lr = 0.000053
epoch 027 | step 0600 | total = 4.3242 | box = 0.5776 | obj = 1.3946 | cls = 0.0417 | lr = 0.000053
epoch 027 | step 0620 | total = 4.2020 | box = 0.5246 | obj = 1.5383 | cls = 0.0405 | lr = 0.000053
epoch 027 | step 0640 | total = 4.2564 | box = 0.5609 | obj = 1.4130 | cls = 0.0387 | lr = 0.000053
epoch 027 | step 0660 | total = 4.5371 | box = 0.6210 | obj = 1.4023 | cls = 0.0300 | lr = 0.000053
epoch 027 | step 0680 | total = 3.9310 | box = 0.5081 | obj = 1.3464 | cls = 0.0440 | lr = 0.000053
epoch 027 | step 0700 | total = 3.9232 | box = 0.4859 | obj = 1.4551 | cls = 0.0384 | lr = 0.000053
epoch 027 | step 0720 | total = 5.0032 | box = 0.7251 | obj = 1.3497 | cls = 0.0281 | lr = 0.000053
epoch 027 | step 0740 | total = 4.5904 | box = 0.6135 | obj = 1.4845 | cls = 0.0385 | lr = 0.000053
epoch 027 | step 0760 | total = 3.8255 | box = 0.4789 | obj = 1.3897 | cls = 0.0413 | lr = 0.000053
epoch 027 | step 0780 | total = 4.7816 | box = 0.6476 | obj = 1.5089 | cls = 0.0349 | lr = 0.000053
epoch 027 | step 0800 | total = 4.1969 | box = 0.5537 | obj = 1.3845 | cls = 0.0436 | lr = 0.000053
epoch 027 | step 0820 | total = 4.4323 | box = 0.5762 | obj = 1.5097 | cls = 0.0415 | lr = 0.000053
epoch 027 | step 0840 | total = 3.5788 | box = 0.4338 | obj = 1.3721 | cls = 0.0375 | lr = 0.000053
epoch 027 | step 0860 | total = 4.3679 | box = 0.5826 | obj = 1.4176 | cls = 0.0375 | lr = 0.000053
epoch 027 | step 0880 | total = 4.4764 | box = 0.5776 | obj = 1.5412 | cls = 0.0472 | lr = 0.000053
epoch 027 | step 0900 | total = 4.1393 | box = 0.5223 | obj = 1.4926 | cls = 0.0354 | lr = 0.000053
epoch 027 | step 0920 | total = 4.5332 | box = 0.6065 | obj = 1.4668 | cls = 0.0338 | lr = 0.000053
[epoch 027 train] total = 4.3189 | box = 0.5690 | obj = 1.4344 | cls = 0.0397 | steps = 925 | global_batches = 7400 | samples = 118288 | time = 812.9s
[epoch 027 val] total = 4.5559 | box = 0.6044 | obj = 1.4936 | cls = 0.0401 | steps = 40 | global_batches = 320 | samples = 5000 | time = 24.0s
epoch 028 | step 0001 | total = 4.6749 | box = 0.6069 | obj = 1.5895 | cls = 0.0509 | lr = 0.000034
epoch 028 | step 0020 | total = 3.4228 | box = 0.4155 | obj = 1.3049 | cls = 0.0405 | lr = 0.000034
epoch 028 | step 0040 | total = 4.7929 | box = 0.6244 | obj = 1.6287 | cls = 0.0420 | lr = 0.000034
epoch 028 | step 0060 | total = 4.2826 | box = 0.5577 | obj = 1.4603 | cls = 0.0337 | lr = 0.000034
epoch 028 | step 0080 | total = 4.0642 | box = 0.5290 | obj = 1.3866 | cls = 0.0324 | lr = 0.000034
epoch 028 | step 0100 | total = 4.9710 | box = 0.6970 | obj = 1.4483 | cls = 0.0375 | lr = 0.000034
epoch 028 | step 0120 | total = 4.5753 | box = 0.6038 | obj = 1.5135 | cls = 0.0430 | lr = 0.000034
epoch 028 | step 0140 | total = 4.3762 | box = 0.5703 | obj = 1.4857 | cls = 0.0392 | lr = 0.000034
epoch 028 | step 0160 | total = 3.8702 | box = 0.4739 | obj = 1.4602 | cls = 0.0407 | lr = 0.000034
epoch 028 | step 0180 | total = 4.3009 | box = 0.5722 | obj = 1.4012 | cls = 0.0388 | lr = 0.000034
epoch 028 | step 0200 | total = 4.7480 | box = 0.6593 | obj = 1.4184 | cls = 0.0330 | lr = 0.000034
epoch 028 | step 0220 | total = 4.1737 | box = 0.5237 | obj = 1.5172 | cls = 0.0379 | lr = 0.000034
epoch 028 | step 0240 | total = 3.7294 | box = 0.4832 | obj = 1.2760 | cls = 0.0374 | lr = 0.000034
epoch 028 | step 0260 | total = 4.1216 | box = 0.5400 | obj = 1.3907 | cls = 0.0309 | lr = 0.000034
epoch 028 | step 0280 | total = 4.2856 | box = 0.5305 | obj = 1.5808 | cls = 0.0523 | lr = 0.000034
epoch 028 | step 0300 | total = 3.9488 | box = 0.5098 | obj = 1.3586 | cls = 0.0413 | lr = 0.000034
epoch 028 | step 0320 | total = 4.3801 | box = 0.5745 | obj = 1.4726 | cls = 0.0350 | lr = 0.000034
epoch 028 | step 0340 | total = 3.7460 | box = 0.4897 | obj = 1.2618 | cls = 0.0359 | lr = 0.000034
epoch 028 | step 0360 | total = 4.2000 | box = 0.5431 | obj = 1.4436 | cls = 0.0411 | lr = 0.000034
epoch 028 | step 0380 | total = 4.4177 | box = 0.5930 | obj = 1.4114 | cls = 0.0413 | lr = 0.000034
epoch 028 | step 0400 | total = 4.2984 | box = 0.5697 | obj = 1.4184 | cls = 0.0316 | lr = 0.000034
epoch 028 | step 0420 | total = 4.3369 | box = 0.5791 | obj = 1.4086 | cls = 0.0330 | lr = 0.000034
epoch 028 | step 0440 | total = 4.5909 | box = 0.6195 | obj = 1.4580 | cls = 0.0355 | lr = 0.000034
epoch 028 | step 0460 | total = 4.7614 | box = 0.6435 | obj = 1.5002 | cls = 0.0437 | lr = 0.000034
epoch 028 | step 0480 | total = 3.7939 | box = 0.4662 | obj = 1.4225 | cls = 0.0402 | lr = 0.000034
epoch 028 | step 0500 | total = 4.5415 | box = 0.6214 | obj = 1.3962 | cls = 0.0380 | lr = 0.000034
epoch 028 | step 0520 | total = 4.0321 | box = 0.5317 | obj = 1.3392 | cls = 0.0344 | lr = 0.000034
epoch 028 | step 0540 | total = 3.4011 | box = 0.4103 | obj = 1.3088 | cls = 0.0406 | lr = 0.000034
epoch 028 | step 0560 | total = 4.6325 | box = 0.6327 | obj = 1.4289 | cls = 0.0400 | lr = 0.000034
epoch 028 | step 0580 | total = 4.6141 | box = 0.6294 | obj = 1.4314 | cls = 0.0357 | lr = 0.000034
epoch 028 | step 0600 | total = 4.9196 | box = 0.6655 | obj = 1.5570 | cls = 0.0349 | lr = 0.000034
epoch 028 | step 0620 | total = 4.8582 | box = 0.7125 | obj = 1.2628 | cls = 0.0328 | lr = 0.000034
epoch 028 | step 0640 | total = 4.7477 | box = 0.6223 | obj = 1.5936 | cls = 0.0427 | lr = 0.000034
epoch 028 | step 0660 | total = 4.2772 | box = 0.5756 | obj = 1.3618 | cls = 0.0374 | lr = 0.000034
epoch 028 | step 0680 | total = 3.8912 | box = 0.4742 | obj = 1.4840 | cls = 0.0365 | lr = 0.000034
epoch 028 | step 0700 | total = 4.8091 | box = 0.6649 | obj = 1.4465 | cls = 0.0384 | lr = 0.000034
epoch 028 | step 0720 | total = 3.8179 | box = 0.4888 | obj = 1.3408 | cls = 0.0331 | lr = 0.000034
epoch 028 | step 0740 | total = 5.0122 | box = 0.7190 | obj = 1.3894 | cls = 0.0277 | lr = 0.000034
epoch 028 | step 0760 | total = 4.2015 | box = 0.5714 | obj = 1.3088 | cls = 0.0355 | lr = 0.000034
epoch 028 | step 0780 | total = 4.7766 | box = 0.6528 | obj = 1.4758 | cls = 0.0369 | lr = 0.000034
epoch 028 | step 0800 | total = 4.0680 | box = 0.5162 | obj = 1.4490 | cls = 0.0380 | lr = 0.000034
epoch 028 | step 0820 | total = 4.8852 | box = 0.6872 | obj = 1.4211 | cls = 0.0279 | lr = 0.000034
epoch 028 | step 0840 | total = 3.7518 | box = 0.4595 | obj = 1.4110 | cls = 0.0431 | lr = 0.000034
epoch 028 | step 0860 | total = 4.7558 | box = 0.6517 | obj = 1.4643 | cls = 0.0329 | lr = 0.000034
epoch 028 | step 0880 | total = 3.8316 | box = 0.4916 | obj = 1.3328 | cls = 0.0405 | lr = 0.000034
epoch 028 | step 0900 | total = 4.7827 | box = 0.6533 | obj = 1.4813 | cls = 0.0347 | lr = 0.000034
epoch 028 | step 0920 | total = 4.3559 | box = 0.5844 | obj = 1.3932 | cls = 0.0407 | lr = 0.000034
[epoch 028 train] total = 4.3029 | box = 0.5666 | obj = 1.4301 | cls = 0.0395 | steps = 925 | global_batches = 7400 | samples = 118288 | time = 812.5s
[epoch 028 val] total = 4.5428 | box = 0.6030 | obj = 1.4877 | cls = 0.0400 | steps = 40 | global_batches = 320 | samples = 5000 | time = 23.8s
epoch 029 | step 0001 | total = 3.5910 | box = 0.4464 | obj = 1.3136 | cls = 0.0455 | lr = 0.000021
epoch 029 | step 0020 | total = 4.1984 | box = 0.5472 | obj = 1.4214 | cls = 0.0412 | lr = 0.000021
epoch 029 | step 0040 | total = 3.7371 | box = 0.4611 | obj = 1.3874 | cls = 0.0442 | lr = 0.000021
epoch 029 | step 0060 | total = 4.6255 | box = 0.6292 | obj = 1.4313 | cls = 0.0482 | lr = 0.000021
epoch 029 | step 0080 | total = 4.2294 | box = 0.5666 | obj = 1.3570 | cls = 0.0395 | lr = 0.000021
epoch 029 | step 0100 | total = 4.4287 | box = 0.5718 | obj = 1.5234 | cls = 0.0461 | lr = 0.000021
epoch 029 | step 0120 | total = 4.9311 | box = 0.6801 | obj = 1.4967 | cls = 0.0339 | lr = 0.000021
epoch 029 | step 0140 | total = 4.4649 | box = 0.5981 | obj = 1.4222 | cls = 0.0524 | lr = 0.000021
epoch 029 | step 0160 | total = 4.3236 | box = 0.5706 | obj = 1.4359 | cls = 0.0346 | lr = 0.000021
epoch 029 | step 0180 | total = 4.4759 | box = 0.6044 | obj = 1.4114 | cls = 0.0425 | lr = 0.000021
epoch 029 | step 0200 | total = 4.4741 | box = 0.6045 | obj = 1.4165 | cls = 0.0352 | lr = 0.000021
epoch 029 | step 0220 | total = 3.9258 | box = 0.5007 | obj = 1.3787 | cls = 0.0439 | lr = 0.000021
epoch 029 | step 0240 | total = 3.8340 | box = 0.4872 | obj = 1.3535 | cls = 0.0443 | lr = 0.000021
epoch 029 | step 0260 | total = 4.2415 | box = 0.5461 | obj = 1.4703 | cls = 0.0407 | lr = 0.000021
epoch 029 | step 0280 | total = 4.5332 | box = 0.6342 | obj = 1.3232 | cls = 0.0391 | lr = 0.000021
epoch 029 | step 0300 | total = 3.4277 | box = 0.3948 | obj = 1.4172 | cls = 0.0363 | lr = 0.000021
epoch 029 | step 0320 | total = 3.8212 | box = 0.4851 | obj = 1.3617 | cls = 0.0338 | lr = 0.000021
epoch 029 | step 0340 | total = 4.9204 | box = 0.6869 | obj = 1.4498 | cls = 0.0360 | lr = 0.000021
epoch 029 | step 0360 | total = 4.3406 | box = 0.5621 | obj = 1.4904 | cls = 0.0399 | lr = 0.000021
epoch 029 | step 0380 | total = 4.3471 | box = 0.5808 | obj = 1.4086 | cls = 0.0343 | lr = 0.000021
epoch 029 | step 0400 | total = 4.3214 | box = 0.5471 | obj = 1.5383 | cls = 0.0475 | lr = 0.000021
epoch 029 | step 0420 | total = 4.3827 | box = 0.5879 | obj = 1.4018 | cls = 0.0415 | lr = 0.000021
epoch 029 | step 0440 | total = 4.8945 | box = 0.6674 | obj = 1.5141 | cls = 0.0432 | lr = 0.000021
epoch 029 | step 0460 | total = 3.8874 | box = 0.5060 | obj = 1.3252 | cls = 0.0322 | lr = 0.000021
epoch 029 | step 0480 | total = 3.8044 | box = 0.4688 | obj = 1.4134 | cls = 0.0472 | lr = 0.000021
epoch 029 | step 0500 | total = 4.4545 | box = 0.5824 | obj = 1.5008 | cls = 0.0420 | lr = 0.000021
epoch 029 | step 0520 | total = 4.0062 | box = 0.5146 | obj = 1.3931 | cls = 0.0402 | lr = 0.000021
epoch 029 | step 0540 | total = 4.4851 | box = 0.6082 | obj = 1.4131 | cls = 0.0311 | lr = 0.000021
epoch 029 | step 0560 | total = 4.7833 | box = 0.6692 | obj = 1.4074 | cls = 0.0301 | lr = 0.000021
epoch 029 | step 0580 | total = 4.4142 | box = 0.5863 | obj = 1.4493 | cls = 0.0333 | lr = 0.000021
epoch 029 | step 0600 | total = 4.4403 | box = 0.6042 | obj = 1.3919 | cls = 0.0272 | lr = 0.000021
epoch 029 | step 0620 | total = 5.1474 | box = 0.7068 | obj = 1.5677 | cls = 0.0458 | lr = 0.000021
epoch 029 | step 0640 | total = 4.0723 | box = 0.5469 | obj = 1.3066 | cls = 0.0312 | lr = 0.000021
epoch 029 | step 0660 | total = 4.2794 | box = 0.5706 | obj = 1.3925 | cls = 0.0338 | lr = 0.000021
epoch 029 | step 0680 | total = 4.5760 | box = 0.6275 | obj = 1.4016 | cls = 0.0367 | lr = 0.000021
epoch 029 | step 0700 | total = 4.2890 | box = 0.5464 | obj = 1.5088 | cls = 0.0483 | lr = 0.000021
epoch 029 | step 0720 | total = 4.3469 | box = 0.5553 | obj = 1.5257 | cls = 0.0448 | lr = 0.000021
epoch 029 | step 0740 | total = 3.9063 | box = 0.4984 | obj = 1.3766 | cls = 0.0379 | lr = 0.000021
epoch 029 | step 0760 | total = 4.1148 | box = 0.5334 | obj = 1.4141 | cls = 0.0339 | lr = 0.000021
epoch 029 | step 0780 | total = 4.5117 | box = 0.6027 | obj = 1.4572 | cls = 0.0407 | lr = 0.000021
epoch 029 | step 0800 | total = 4.9094 | box = 0.6612 | obj = 1.5599 | cls = 0.0436 | lr = 0.000021
epoch 029 | step 0820 | total = 5.5441 | box = 0.8092 | obj = 1.4615 | cls = 0.0364 | lr = 0.000021
epoch 029 | step 0840 | total = 3.9882 | box = 0.5289 | obj = 1.3072 | cls = 0.0365 | lr = 0.000021
epoch 029 | step 0860 | total = 4.6787 | box = 0.6443 | obj = 1.4221 | cls = 0.0349 | lr = 0.000021
epoch 029 | step 0880 | total = 4.5085 | box = 0.5778 | obj = 1.5698 | cls = 0.0499 | lr = 0.000021
epoch 029 | step 0900 | total = 4.5570 | box = 0.6177 | obj = 1.4343 | cls = 0.0342 | lr = 0.000021
epoch 029 | step 0920 | total = 4.6400 | box = 0.6162 | obj = 1.5245 | cls = 0.0348 | lr = 0.000021
[epoch 029 train] total = 4.2913 | box = 0.5650 | obj = 1.4270 | cls = 0.0395 | steps = 925 | global_batches = 7400 | samples = 118288 | time = 811.9s
[epoch 029 val] total = 4.5526 | box = 0.6034 | obj = 1.4954 | cls = 0.0400 | steps = 40 | global_batches = 320 | samples = 5000 | time = 24.0s
epoch 030 | step 0001 | total = 4.1423 | box = 0.5193 | obj = 1.5133 | cls = 0.0327 | lr = 0.000013
epoch 030 | step 0020 | total = 3.5310 | box = 0.4362 | obj = 1.3164 | cls = 0.0336 | lr = 0.000013
epoch 030 | step 0040 | total = 4.0853 | box = 0.5291 | obj = 1.4024 | cls = 0.0373 | lr = 0.000013
epoch 030 | step 0060 | total = 4.1598 | box = 0.5496 | obj = 1.3648 | cls = 0.0469 | lr = 0.000013
epoch 030 | step 0080 | total = 4.7149 | box = 0.6569 | obj = 1.3966 | cls = 0.0338 | lr = 0.000013
epoch 030 | step 0100 | total = 4.0440 | box = 0.5151 | obj = 1.4226 | cls = 0.0458 | lr = 0.000013
epoch 030 | step 0120 | total = 4.0015 | box = 0.5023 | obj = 1.4514 | cls = 0.0386 | lr = 0.000013
epoch 030 | step 0140 | total = 4.9873 | box = 0.6788 | obj = 1.5610 | cls = 0.0326 | lr = 0.000013
epoch 030 | step 0160 | total = 4.6098 | box = 0.6045 | obj = 1.5486 | cls = 0.0389 | lr = 0.000013
epoch 030 | step 0180 | total = 3.6308 | box = 0.4595 | obj = 1.2959 | cls = 0.0372 | lr = 0.000013
epoch 030 | step 0200 | total = 4.3501 | box = 0.5673 | obj = 1.4797 | cls = 0.0337 | lr = 0.000013
epoch 030 | step 0220 | total = 3.3124 | box = 0.4009 | obj = 1.2665 | cls = 0.0414 | lr = 0.000013
epoch 030 | step 0240 | total = 3.7241 | box = 0.4636 | obj = 1.3663 | cls = 0.0399 | lr = 0.000013
epoch 030 | step 0260 | total = 4.5451 | box = 0.6204 | obj = 1.4001 | cls = 0.0430 | lr = 0.000013
epoch 030 | step 0280 | total = 4.3186 | box = 0.5732 | obj = 1.4129 | cls = 0.0396 | lr = 0.000013
epoch 030 | step 0300 | total = 4.7567 | box = 0.6330 | obj = 1.5558 | cls = 0.0358 | lr = 0.000013
epoch 030 | step 0320 | total = 5.0288 | box = 0.7169 | obj = 1.4021 | cls = 0.0420 | lr = 0.000013
epoch 030 | step 0340 | total = 4.3729 | box = 0.5521 | obj = 1.5589 | cls = 0.0533 | lr = 0.000013
epoch 030 | step 0360 | total = 4.1147 | box = 0.5239 | obj = 1.4527 | cls = 0.0426 | lr = 0.000013
epoch 030 | step 0380 | total = 4.5089 | box = 0.6001 | obj = 1.4691 | cls = 0.0396 | lr = 0.000013
epoch 030 | step 0400 | total = 4.7847 | box = 0.6663 | obj = 1.4110 | cls = 0.0420 | lr = 0.000013
epoch 030 | step 0420 | total = 4.3858 | box = 0.5588 | obj = 1.5415 | cls = 0.0504 | lr = 0.000013
epoch 030 | step 0440 | total = 4.2941 | box = 0.5493 | obj = 1.5131 | cls = 0.0344 | lr = 0.000013
epoch 030 | step 0460 | total = 4.7774 | box = 0.6441 | obj = 1.5102 | cls = 0.0467 | lr = 0.000013
epoch 030 | step 0480 | total = 3.9211 | box = 0.4985 | obj = 1.3886 | cls = 0.0403 | lr = 0.000013
epoch 030 | step 0500 | total = 3.8783 | box = 0.4858 | obj = 1.4129 | cls = 0.0362 | lr = 0.000013
epoch 030 | step 0520 | total = 4.9679 | box = 0.7000 | obj = 1.4261 | cls = 0.0420 | lr = 0.000013
epoch 030 | step 0540 | total = 4.6797 | box = 0.6275 | obj = 1.5061 | cls = 0.0363 | lr = 0.000013
epoch 030 | step 0560 | total = 4.4608 | box = 0.5828 | obj = 1.5045 | cls = 0.0421 | lr = 0.000013
epoch 030 | step 0580 | total = 4.7306 | box = 0.6741 | obj = 1.3279 | cls = 0.0324 | lr = 0.000013
epoch 030 | step 0600 | total = 3.5695 | box = 0.4371 | obj = 1.3499 | cls = 0.0341 | lr = 0.000013
epoch 030 | step 0620 | total = 4.9738 | box = 0.7083 | obj = 1.3949 | cls = 0.0372 | lr = 0.000013
epoch 030 | step 0640 | total = 4.9464 | box = 0.6911 | obj = 1.4456 | cls = 0.0451 | lr = 0.000013
epoch 030 | step 0660 | total = 4.7047 | box = 0.6354 | obj = 1.4934 | cls = 0.0343 | lr = 0.000013
epoch 030 | step 0680 | total = 4.0535 | box = 0.5190 | obj = 1.4205 | cls = 0.0381 | lr = 0.000013
epoch 030 | step 0700 | total = 3.8950 | box = 0.4893 | obj = 1.4115 | cls = 0.0369 | lr = 0.000013
epoch 030 | step 0720 | total = 4.2626 | box = 0.5316 | obj = 1.5647 | cls = 0.0400 | lr = 0.000013
epoch 030 | step 0740 | total = 4.0980 | box = 0.5407 | obj = 1.3520 | cls = 0.0423 | lr = 0.000013
epoch 030 | step 0760 | total = 3.7474 | box = 0.4664 | obj = 1.3743 | cls = 0.0414 | lr = 0.000013
epoch 030 | step 0780 | total = 4.2169 | box = 0.5745 | obj = 1.3091 | cls = 0.0352 | lr = 0.000013
epoch 030 | step 0800 | total = 3.3419 | box = 0.3906 | obj = 1.3361 | cls = 0.0530 | lr = 0.000013
epoch 030 | step 0820 | total = 4.8751 | box = 0.6792 | obj = 1.4384 | cls = 0.0405 | lr = 0.000013
epoch 030 | step 0840 | total = 4.9190 | box = 0.6981 | obj = 1.3953 | cls = 0.0333 | lr = 0.000013
epoch 030 | step 0860 | total = 3.9010 | box = 0.5058 | obj = 1.3374 | cls = 0.0347 | lr = 0.000013
epoch 030 | step 0880 | total = 4.2034 | box = 0.5303 | obj = 1.5082 | cls = 0.0435 | lr = 0.000013
epoch 030 | step 0900 | total = 4.7839 | box = 0.6580 | obj = 1.4611 | cls = 0.0328 | lr = 0.000013
epoch 030 | step 0920 | total = 4.5818 | box = 0.6216 | obj = 1.4370 | cls = 0.0369 | lr = 0.000013
[epoch 030 train] total = 4.2840 | box = 0.5640 | obj = 1.4249 | cls = 0.0394 | steps = 925 | global_batches = 7400 | samples = 118288 | time = 814.5s
[epoch 030 val] total = 4.5397 | box = 0.6025 | obj = 1.4873 | cls = 0.0400 | steps = 40 | global_batches = 320 | samples = 5000 | time = 23.9s
training status: completed
result summary: logs/records/dual_scale_three_box_coco_only_noobj1_416_basic_aug_ddp_20260508_014013/result.txt
training_exit=0
postrun_run_id=dual_scale_three_box_coco_only_noobj1_416_basic_aug_ddp_20260508_014013
best_checkpoint=outputs/dual_scale_three_box_coco_only_noobj1_416_basic_aug_ddp_20260508_014013/best.pth
stage=coco_eval_full_val2017
creating index...
index created!
Loading and preparing results...
DONE (t=0.69s)
creating index...
index created!
Running per image evaluation...
Evaluate annotation type *bbox*
DONE (t=21.00s).
Accumulating evaluation results...
DONE (t=4.63s).
 Average Precision  (AP) @[ IoU=0.50:0.95 | area=   all | maxDets=100 ] = 0.165
 Average Precision  (AP) @[ IoU=0.50      | area=   all | maxDets=100 ] = 0.271
 Average Precision  (AP) @[ IoU=0.75      | area=   all | maxDets=100 ] = 0.172
 Average Precision  (AP) @[ IoU=0.50:0.95 | area= small | maxDets=100 ] = 0.068
 Average Precision  (AP) @[ IoU=0.50:0.95 | area=medium | maxDets=100 ] = 0.183
 Average Precision  (AP) @[ IoU=0.50:0.95 | area= large | maxDets=100 ] = 0.228
 Average Recall     (AR) @[ IoU=0.50:0.95 | area=   all | maxDets=  1 ] = 0.203
 Average Recall     (AR) @[ IoU=0.50:0.95 | area=   all | maxDets= 10 ] = 0.313
 Average Recall     (AR) @[ IoU=0.50:0.95 | area=   all | maxDets=100 ] = 0.327
 Average Recall     (AR) @[ IoU=0.50:0.95 | area= small | maxDets=100 ] = 0.119
 Average Recall     (AR) @[ IoU=0.50:0.95 | area=medium | maxDets=100 ] = 0.350
 Average Recall     (AR) @[ IoU=0.50:0.95 | area= large | maxDets=100 ] = 0.460
{
  "anchors": {
    "p4": [
      [
        0.04,
        0.055
      ],
      [
        0.075,
        0.11
      ],
      [
        0.13,
        0.18
      ]
    ],
    "p5": [
      [
        0.18,
        0.24
      ],
      [
        0.32,
        0.42
      ],
      [
        0.52,
        0.62
      ]
    ]
  },
  "batch_size": 1.0,
  "box_parameterization": "yolov5",
  "checkpoint_path": "/home/lidz/YOLO/yolo_final/outputs/dual_scale_three_box_coco_only_noobj1_416_basic_aug_ddp_20260508_014013/best.pth",
  "coco_ap": 0.16475807563258515,
  "coco_ap50": 0.2711519469529804,
  "coco_ap75": 0.1715533339336837,
  "coco_ap_large": 0.22774603676909833,
  "coco_ap_medium": 0.18332191600408376,
  "coco_ap_small": 0.0675576478398384,
  "coco_ar1": 0.2025673363343047,
  "coco_ar10": 0.3133218799020677,
  "coco_ar100": 0.3266675519546199,
  "coco_ar_large": 0.4595410949226796,
  "coco_ar_medium": 0.34957710896812166,
  "coco_ar_small": 0.11910143234558584,
  "config_path": "/home/lidz/YOLO/yolo_final/configs/dual_scale_three_box_coco_only_noobj1_416_basic_aug.toml",
  "conv2d_flops": 78381475328.0,
  "device": "cuda",
  "duration_seconds": 0.3606368580367416,
  "images_per_second": 277.2872427526862,
  "linear_flops": 0.0,
  "manifest_path": "/home/lidz/YOLO/DataSet/Unified/manifests/coco2017_val.jsonl",
  "measure_iters": 100.0,
  "milliseconds_per_batch": 3.606368580367416,
  "model_name": "deep_residual_dual_scale_three_box",
  "num_boxes": 3,
  "num_predictions": 246490.0,
  "num_samples": 5000.0,
  "output_shape": {
    "p4": [
      1,
      26,
      26,
      255
    ],
    "p5": [
      1,
      13,
      13,
      255
    ]
  },
  "params_total": 36531294,
  "params_trainable": 36531294,
  "score_alpha": 2.0,
  "score_beta": 1.0,
  "total_flops": 78381475328.0,
  "total_gflops": 78.381475328,
  "warmup_iters": 20.0
}
coco_eval_exit=0
stage=sweep_500
sweep 1/96: alpha=1.5, beta=1.0, threshold=0.03, top_k=20, nms=0.4
creating index...
index created!
Loading and preparing results...
DONE (t=0.01s)
creating index...
index created!
Running per image evaluation...
Evaluate annotation type *bbox*
DONE (t=1.13s).
Accumulating evaluation results...
DONE (t=0.46s).
 Average Precision  (AP) @[ IoU=0.50:0.95 | area=   all | maxDets=100 ] = 0.194
 Average Precision  (AP) @[ IoU=0.50      | area=   all | maxDets=100 ] = 0.295
 Average Precision  (AP) @[ IoU=0.75      | area=   all | maxDets=100 ] = 0.211
 Average Precision  (AP) @[ IoU=0.50:0.95 | area= small | maxDets=100 ] = 0.073
 Average Precision  (AP) @[ IoU=0.50:0.95 | area=medium | maxDets=100 ] = 0.220
 Average Precision  (AP) @[ IoU=0.50:0.95 | area= large | maxDets=100 ] = 0.255
 Average Recall     (AR) @[ IoU=0.50:0.95 | area=   all | maxDets=  1 ] = 0.219
 Average Recall     (AR) @[ IoU=0.50:0.95 | area=   all | maxDets= 10 ] = 0.294
 Average Recall     (AR) @[ IoU=0.50:0.95 | area=   all | maxDets=100 ] = 0.295
 Average Recall     (AR) @[ IoU=0.50:0.95 | area= small | maxDets=100 ] = 0.092
 Average Recall     (AR) @[ IoU=0.50:0.95 | area=medium | maxDets=100 ] = 0.303
 Average Recall     (AR) @[ IoU=0.50:0.95 | area= large | maxDets=100 ] = 0.401
sweep 2/96: alpha=1.5, beta=1.0, threshold=0.03, top_k=20, nms=0.5
creating index...
index created!
Loading and preparing results...
DONE (t=0.01s)
creating index...
index created!
Running per image evaluation...
Evaluate annotation type *bbox*
DONE (t=1.13s).
Accumulating evaluation results...
DONE (t=0.45s).
 Average Precision  (AP) @[ IoU=0.50:0.95 | area=   all | maxDets=100 ] = 0.194
 Average Precision  (AP) @[ IoU=0.50      | area=   all | maxDets=100 ] = 0.293
 Average Precision  (AP) @[ IoU=0.75      | area=   all | maxDets=100 ] = 0.211
 Average Precision  (AP) @[ IoU=0.50:0.95 | area= small | maxDets=100 ] = 0.073
 Average Precision  (AP) @[ IoU=0.50:0.95 | area=medium | maxDets=100 ] = 0.216
 Average Precision  (AP) @[ IoU=0.50:0.95 | area= large | maxDets=100 ] = 0.257
 Average Recall     (AR) @[ IoU=0.50:0.95 | area=   all | maxDets=  1 ] = 0.216
 Average Recall     (AR) @[ IoU=0.50:0.95 | area=   all | maxDets= 10 ] = 0.296
 Average Recall     (AR) @[ IoU=0.50:0.95 | area=   all | maxDets=100 ] = 0.297
 Average Recall     (AR) @[ IoU=0.50:0.95 | area= small | maxDets=100 ] = 0.091
 Average Recall     (AR) @[ IoU=0.50:0.95 | area=medium | maxDets=100 ] = 0.294
 Average Recall     (AR) @[ IoU=0.50:0.95 | area= large | maxDets=100 ] = 0.413
sweep 3/96: alpha=1.5, beta=1.0, threshold=0.03, top_k=20, nms=0.6
creating index...
index created!
Loading and preparing results...
DONE (t=0.01s)
creating index...
index created!
Running per image evaluation...
Evaluate annotation type *bbox*
DONE (t=1.10s).
Accumulating evaluation results...
DONE (t=0.44s).
 Average Precision  (AP) @[ IoU=0.50:0.95 | area=   all | maxDets=100 ] = 0.189
 Average Precision  (AP) @[ IoU=0.50      | area=   all | maxDets=100 ] = 0.281
 Average Precision  (AP) @[ IoU=0.75      | area=   all | maxDets=100 ] = 0.209
 Average Precision  (AP) @[ IoU=0.50:0.95 | area= small | maxDets=100 ] = 0.072
 Average Precision  (AP) @[ IoU=0.50:0.95 | area=medium | maxDets=100 ] = 0.211
 Average Precision  (AP) @[ IoU=0.50:0.95 | area= large | maxDets=100 ] = 0.255
 Average Recall     (AR) @[ IoU=0.50:0.95 | area=   all | maxDets=  1 ] = 0.208
 Average Recall     (AR) @[ IoU=0.50:0.95 | area=   all | maxDets= 10 ] = 0.289
 Average Recall     (AR) @[ IoU=0.50:0.95 | area=   all | maxDets=100 ] = 0.291
 Average Recall     (AR) @[ IoU=0.50:0.95 | area= small | maxDets=100 ] = 0.090
 Average Recall     (AR) @[ IoU=0.50:0.95 | area=medium | maxDets=100 ] = 0.285
 Average Recall     (AR) @[ IoU=0.50:0.95 | area= large | maxDets=100 ] = 0.412
sweep 4/96: alpha=1.5, beta=1.0, threshold=0.03, top_k=50, nms=0.4
creating index...
index created!
Loading and preparing results...
DONE (t=0.02s)
creating index...
index created!
Running per image evaluation...
Evaluate annotation type *bbox*
DONE (t=1.65s).
Accumulating evaluation results...
DONE (t=0.61s).
 Average Precision  (AP) @[ IoU=0.50:0.95 | area=   all | maxDets=100 ] = 0.199
 Average Precision  (AP) @[ IoU=0.50      | area=   all | maxDets=100 ] = 0.307
 Average Precision  (AP) @[ IoU=0.75      | area=   all | maxDets=100 ] = 0.214
 Average Precision  (AP) @[ IoU=0.50:0.95 | area= small | maxDets=100 ] = 0.083
 Average Precision  (AP) @[ IoU=0.50:0.95 | area=medium | maxDets=100 ] = 0.228
 Average Precision  (AP) @[ IoU=0.50:0.95 | area= large | maxDets=100 ] = 0.259
 Average Recall     (AR) @[ IoU=0.50:0.95 | area=   all | maxDets=  1 ] = 0.229
 Average Recall     (AR) @[ IoU=0.50:0.95 | area=   all | maxDets= 10 ] = 0.325
 Average Recall     (AR) @[ IoU=0.50:0.95 | area=   all | maxDets=100 ] = 0.331
 Average Recall     (AR) @[ IoU=0.50:0.95 | area= small | maxDets=100 ] = 0.118
 Average Recall     (AR) @[ IoU=0.50:0.95 | area=medium | maxDets=100 ] = 0.355
 Average Recall     (AR) @[ IoU=0.50:0.95 | area= large | maxDets=100 ] = 0.433
sweep 5/96: alpha=1.5, beta=1.0, threshold=0.03, top_k=50, nms=0.5
creating index...
index created!
Loading and preparing results...
DONE (t=0.04s)
creating index...
index created!
Running per image evaluation...
Evaluate annotation type *bbox*
DONE (t=1.85s).
Accumulating evaluation results...
DONE (t=0.61s).
 Average Precision  (AP) @[ IoU=0.50:0.95 | area=   all | maxDets=100 ] = 0.200
 Average Precision  (AP) @[ IoU=0.50      | area=   all | maxDets=100 ] = 0.305
 Average Precision  (AP) @[ IoU=0.75      | area=   all | maxDets=100 ] = 0.216
 Average Precision  (AP) @[ IoU=0.50:0.95 | area= small | maxDets=100 ] = 0.082
 Average Precision  (AP) @[ IoU=0.50:0.95 | area=medium | maxDets=100 ] = 0.228
 Average Precision  (AP) @[ IoU=0.50:0.95 | area= large | maxDets=100 ] = 0.262
 Average Recall     (AR) @[ IoU=0.50:0.95 | area=   all | maxDets=  1 ] = 0.228
 Average Recall     (AR) @[ IoU=0.50:0.95 | area=   all | maxDets= 10 ] = 0.331
 Average Recall     (AR) @[ IoU=0.50:0.95 | area=   all | maxDets=100 ] = 0.339
 Average Recall     (AR) @[ IoU=0.50:0.95 | area= small | maxDets=100 ] = 0.117
 Average Recall     (AR) @[ IoU=0.50:0.95 | area=medium | maxDets=100 ] = 0.363
 Average Recall     (AR) @[ IoU=0.50:0.95 | area= large | maxDets=100 ] = 0.447
sweep 6/96: alpha=1.5, beta=1.0, threshold=0.03, top_k=50, nms=0.6
creating index...
index created!
Loading and preparing results...
DONE (t=0.02s)
creating index...
index created!
Running per image evaluation...
Evaluate annotation type *bbox*
DONE (t=1.84s).
Accumulating evaluation results...
DONE (t=0.72s).
 Average Precision  (AP) @[ IoU=0.50:0.95 | area=   all | maxDets=100 ] = 0.196
 Average Precision  (AP) @[ IoU=0.50      | area=   all | maxDets=100 ] = 0.294
 Average Precision  (AP) @[ IoU=0.75      | area=   all | maxDets=100 ] = 0.216
 Average Precision  (AP) @[ IoU=0.50:0.95 | area= small | maxDets=100 ] = 0.082
 Average Precision  (AP) @[ IoU=0.50:0.95 | area=medium | maxDets=100 ] = 0.227
 Average Precision  (AP) @[ IoU=0.50:0.95 | area= large | maxDets=100 ] = 0.259
 Average Recall     (AR) @[ IoU=0.50:0.95 | area=   all | maxDets=  1 ] = 0.225
 Average Recall     (AR) @[ IoU=0.50:0.95 | area=   all | maxDets= 10 ] = 0.331
 Average Recall     (AR) @[ IoU=0.50:0.95 | area=   all | maxDets=100 ] = 0.340
 Average Recall     (AR) @[ IoU=0.50:0.95 | area= small | maxDets=100 ] = 0.112
 Average Recall     (AR) @[ IoU=0.50:0.95 | area=medium | maxDets=100 ] = 0.362
 Average Recall     (AR) @[ IoU=0.50:0.95 | area= large | maxDets=100 ] = 0.454
sweep 7/96: alpha=1.5, beta=1.0, threshold=0.03, top_k=100, nms=0.4
creating index...
index created!
Loading and preparing results...
DONE (t=0.15s)
creating index...
index created!
Running per image evaluation...
Evaluate annotation type *bbox*
DONE (t=2.22s).
Accumulating evaluation results...
DONE (t=0.73s).
 Average Precision  (AP) @[ IoU=0.50:0.95 | area=   all | maxDets=100 ] = 0.209
 Average Precision  (AP) @[ IoU=0.50      | area=   all | maxDets=100 ] = 0.323
 Average Precision  (AP) @[ IoU=0.75      | area=   all | maxDets=100 ] = 0.227
 Average Precision  (AP) @[ IoU=0.50:0.95 | area= small | maxDets=100 ] = 0.085
 Average Precision  (AP) @[ IoU=0.50:0.95 | area=medium | maxDets=100 ] = 0.240
 Average Precision  (AP) @[ IoU=0.50:0.95 | area= large | maxDets=100 ] = 0.259
 Average Recall     (AR) @[ IoU=0.50:0.95 | area=   all | maxDets=  1 ] = 0.242
 Average Recall     (AR) @[ IoU=0.50:0.95 | area=   all | maxDets= 10 ] = 0.347
 Average Recall     (AR) @[ IoU=0.50:0.95 | area=   all | maxDets=100 ] = 0.355
 Average Recall     (AR) @[ IoU=0.50:0.95 | area= small | maxDets=100 ] = 0.128
 Average Recall     (AR) @[ IoU=0.50:0.95 | area=medium | maxDets=100 ] = 0.386
 Average Recall     (AR) @[ IoU=0.50:0.95 | area= large | maxDets=100 ] = 0.446
sweep 8/96: alpha=1.5, beta=1.0, threshold=0.03, top_k=100, nms=0.5
creating index...
index created!
Loading and preparing results...
DONE (t=0.15s)
creating index...
index created!
Running per image evaluation...
Evaluate annotation type *bbox*
DONE (t=2.34s).
Accumulating evaluation results...
DONE (t=0.74s).
 Average Precision  (AP) @[ IoU=0.50:0.95 | area=   all | maxDets=100 ] = 0.210
 Average Precision  (AP) @[ IoU=0.50      | area=   all | maxDets=100 ] = 0.321
 Average Precision  (AP) @[ IoU=0.75      | area=   all | maxDets=100 ] = 0.229
 Average Precision  (AP) @[ IoU=0.50:0.95 | area= small | maxDets=100 ] = 0.087
 Average Precision  (AP) @[ IoU=0.50:0.95 | area=medium | maxDets=100 ] = 0.239
 Average Precision  (AP) @[ IoU=0.50:0.95 | area= large | maxDets=100 ] = 0.263
 Average Recall     (AR) @[ IoU=0.50:0.95 | area=   all | maxDets=  1 ] = 0.241
 Average Recall     (AR) @[ IoU=0.50:0.95 | area=   all | maxDets= 10 ] = 0.355
 Average Recall     (AR) @[ IoU=0.50:0.95 | area=   all | maxDets=100 ] = 0.367
 Average Recall     (AR) @[ IoU=0.50:0.95 | area= small | maxDets=100 ] = 0.135
 Average Recall     (AR) @[ IoU=0.50:0.95 | area=medium | maxDets=100 ] = 0.392
 Average Recall     (AR) @[ IoU=0.50:0.95 | area= large | maxDets=100 ] = 0.468
sweep 9/96: alpha=1.5, beta=1.0, threshold=0.03, top_k=100, nms=0.6
creating index...
index created!
Loading and preparing results...
DONE (t=0.18s)
creating index...
index created!
Running per image evaluation...
Evaluate annotation type *bbox*
DONE (t=2.25s).
Accumulating evaluation results...
DONE (t=0.74s).
 Average Precision  (AP) @[ IoU=0.50:0.95 | area=   all | maxDets=100 ] = 0.198
 Average Precision  (AP) @[ IoU=0.50      | area=   all | maxDets=100 ] = 0.298
 Average Precision  (AP) @[ IoU=0.75      | area=   all | maxDets=100 ] = 0.217
 Average Precision  (AP) @[ IoU=0.50:0.95 | area= small | maxDets=100 ] = 0.086
 Average Precision  (AP) @[ IoU=0.50:0.95 | area=medium | maxDets=100 ] = 0.230
 Average Precision  (AP) @[ IoU=0.50:0.95 | area= large | maxDets=100 ] = 0.260
 Average Recall     (AR) @[ IoU=0.50:0.95 | area=   all | maxDets=  1 ] = 0.230
 Average Recall     (AR) @[ IoU=0.50:0.95 | area=   all | maxDets= 10 ] = 0.347
 Average Recall     (AR) @[ IoU=0.50:0.95 | area=   all | maxDets=100 ] = 0.364
 Average Recall     (AR) @[ IoU=0.50:0.95 | area= small | maxDets=100 ] = 0.135
 Average Recall     (AR) @[ IoU=0.50:0.95 | area=medium | maxDets=100 ] = 0.393
 Average Recall     (AR) @[ IoU=0.50:0.95 | area= large | maxDets=100 ] = 0.467
sweep 10/96: alpha=1.5, beta=1.0, threshold=0.03, top_k=200, nms=0.4
creating index...
index created!
Loading and preparing results...
DONE (t=0.15s)
creating index...
index created!
Running per image evaluation...
Evaluate annotation type *bbox*
DONE (t=2.55s).
Accumulating evaluation results...
DONE (t=0.79s).
 Average Precision  (AP) @[ IoU=0.50:0.95 | area=   all | maxDets=100 ] = 0.209
 Average Precision  (AP) @[ IoU=0.50      | area=   all | maxDets=100 ] = 0.324
 Average Precision  (AP) @[ IoU=0.75      | area=   all | maxDets=100 ] = 0.228
 Average Precision  (AP) @[ IoU=0.50:0.95 | area= small | maxDets=100 ] = 0.086
 Average Precision  (AP) @[ IoU=0.50:0.95 | area=medium | maxDets=100 ] = 0.240
 Average Precision  (AP) @[ IoU=0.50:0.95 | area= large | maxDets=100 ] = 0.259
 Average Recall     (AR) @[ IoU=0.50:0.95 | area=   all | maxDets=  1 ] = 0.243
 Average Recall     (AR) @[ IoU=0.50:0.95 | area=   all | maxDets= 10 ] = 0.350
 Average Recall     (AR) @[ IoU=0.50:0.95 | area=   all | maxDets=100 ] = 0.360
 Average Recall     (AR) @[ IoU=0.50:0.95 | area= small | maxDets=100 ] = 0.134
 Average Recall     (AR) @[ IoU=0.50:0.95 | area=medium | maxDets=100 ] = 0.393
 Average Recall     (AR) @[ IoU=0.50:0.95 | area= large | maxDets=100 ] = 0.447
sweep 11/96: alpha=1.5, beta=1.0, threshold=0.03, top_k=200, nms=0.5
creating index...
index created!
Loading and preparing results...
DONE (t=0.16s)
creating index...
index created!
Running per image evaluation...
Evaluate annotation type *bbox*
DONE (t=2.80s).
Accumulating evaluation results...
DONE (t=0.84s).
 Average Precision  (AP) @[ IoU=0.50:0.95 | area=   all | maxDets=100 ] = 0.210
 Average Precision  (AP) @[ IoU=0.50      | area=   all | maxDets=100 ] = 0.323
 Average Precision  (AP) @[ IoU=0.75      | area=   all | maxDets=100 ] = 0.229
 Average Precision  (AP) @[ IoU=0.50:0.95 | area= small | maxDets=100 ] = 0.088
 Average Precision  (AP) @[ IoU=0.50:0.95 | area=medium | maxDets=100 ] = 0.240
 Average Precision  (AP) @[ IoU=0.50:0.95 | area= large | maxDets=100 ] = 0.263
 Average Recall     (AR) @[ IoU=0.50:0.95 | area=   all | maxDets=  1 ] = 0.243
 Average Recall     (AR) @[ IoU=0.50:0.95 | area=   all | maxDets= 10 ] = 0.361
 Average Recall     (AR) @[ IoU=0.50:0.95 | area=   all | maxDets=100 ] = 0.376
 Average Recall     (AR) @[ IoU=0.50:0.95 | area= small | maxDets=100 ] = 0.142
 Average Recall     (AR) @[ IoU=0.50:0.95 | area=medium | maxDets=100 ] = 0.406
 Average Recall     (AR) @[ IoU=0.50:0.95 | area= large | maxDets=100 ] = 0.473
sweep 12/96: alpha=1.5, beta=1.0, threshold=0.03, top_k=200, nms=0.6
creating index...
index created!
Loading and preparing results...
DONE (t=0.19s)
creating index...
index created!
Running per image evaluation...
Evaluate annotation type *bbox*
DONE (t=2.86s).
Accumulating evaluation results...
DONE (t=0.87s).
 Average Precision  (AP) @[ IoU=0.50:0.95 | area=   all | maxDets=100 ] = 0.208
 Average Precision  (AP) @[ IoU=0.50      | area=   all | maxDets=100 ] = 0.313
 Average Precision  (AP) @[ IoU=0.75      | area=   all | maxDets=100 ] = 0.230
 Average Precision  (AP) @[ IoU=0.50:0.95 | area= small | maxDets=100 ] = 0.087
 Average Precision  (AP) @[ IoU=0.50:0.95 | area=medium | maxDets=100 ] = 0.241
 Average Precision  (AP) @[ IoU=0.50:0.95 | area= large | maxDets=100 ] = 0.260
 Average Recall     (AR) @[ IoU=0.50:0.95 | area=   all | maxDets=  1 ] = 0.243
 Average Recall     (AR) @[ IoU=0.50:0.95 | area=   all | maxDets= 10 ] = 0.366
 Average Recall     (AR) @[ IoU=0.50:0.95 | area=   all | maxDets=100 ] = 0.389
 Average Recall     (AR) @[ IoU=0.50:0.95 | area= small | maxDets=100 ] = 0.147
 Average Recall     (AR) @[ IoU=0.50:0.95 | area=medium | maxDets=100 ] = 0.423
 Average Recall     (AR) @[ IoU=0.50:0.95 | area= large | maxDets=100 ] = 0.485
sweep 13/96: alpha=1.5, beta=1.0, threshold=0.05, top_k=20, nms=0.4
creating index...
index created!
Loading and preparing results...
DONE (t=0.01s)
creating index...
index created!
Running per image evaluation...
Evaluate annotation type *bbox*
DONE (t=1.11s).
Accumulating evaluation results...
DONE (t=0.45s).
 Average Precision  (AP) @[ IoU=0.50:0.95 | area=   all | maxDets=100 ] = 0.193
 Average Precision  (AP) @[ IoU=0.50      | area=   all | maxDets=100 ] = 0.295
 Average Precision  (AP) @[ IoU=0.75      | area=   all | maxDets=100 ] = 0.211
 Average Precision  (AP) @[ IoU=0.50:0.95 | area= small | maxDets=100 ] = 0.073
 Average Precision  (AP) @[ IoU=0.50:0.95 | area=medium | maxDets=100 ] = 0.220
 Average Precision  (AP) @[ IoU=0.50:0.95 | area= large | maxDets=100 ] = 0.255
 Average Recall     (AR) @[ IoU=0.50:0.95 | area=   all | maxDets=  1 ] = 0.219
 Average Recall     (AR) @[ IoU=0.50:0.95 | area=   all | maxDets= 10 ] = 0.293
 Average Recall     (AR) @[ IoU=0.50:0.95 | area=   all | maxDets=100 ] = 0.294
 Average Recall     (AR) @[ IoU=0.50:0.95 | area= small | maxDets=100 ] = 0.092
 Average Recall     (AR) @[ IoU=0.50:0.95 | area=medium | maxDets=100 ] = 0.301
 Average Recall     (AR) @[ IoU=0.50:0.95 | area= large | maxDets=100 ] = 0.401
sweep 14/96: alpha=1.5, beta=1.0, threshold=0.05, top_k=20, nms=0.5
creating index...
index created!
Loading and preparing results...
DONE (t=0.01s)
creating index...
index created!
Running per image evaluation...
Evaluate annotation type *bbox*
DONE (t=1.14s).
Accumulating evaluation results...
DONE (t=0.44s).
 Average Precision  (AP) @[ IoU=0.50:0.95 | area=   all | maxDets=100 ] = 0.194
 Average Precision  (AP) @[ IoU=0.50      | area=   all | maxDets=100 ] = 0.293
 Average Precision  (AP) @[ IoU=0.75      | area=   all | maxDets=100 ] = 0.211
 Average Precision  (AP) @[ IoU=0.50:0.95 | area= small | maxDets=100 ] = 0.073
 Average Precision  (AP) @[ IoU=0.50:0.95 | area=medium | maxDets=100 ] = 0.216
 Average Precision  (AP) @[ IoU=0.50:0.95 | area= large | maxDets=100 ] = 0.257
 Average Recall     (AR) @[ IoU=0.50:0.95 | area=   all | maxDets=  1 ] = 0.216
 Average Recall     (AR) @[ IoU=0.50:0.95 | area=   all | maxDets= 10 ] = 0.296
 Average Recall     (AR) @[ IoU=0.50:0.95 | area=   all | maxDets=100 ] = 0.297
 Average Recall     (AR) @[ IoU=0.50:0.95 | area= small | maxDets=100 ] = 0.091
 Average Recall     (AR) @[ IoU=0.50:0.95 | area=medium | maxDets=100 ] = 0.294
 Average Recall     (AR) @[ IoU=0.50:0.95 | area= large | maxDets=100 ] = 0.413
sweep 15/96: alpha=1.5, beta=1.0, threshold=0.05, top_k=20, nms=0.6
creating index...
index created!
Loading and preparing results...
DONE (t=0.01s)
creating index...
index created!
Running per image evaluation...
Evaluate annotation type *bbox*
DONE (t=1.13s).
Accumulating evaluation results...
DONE (t=0.44s).
 Average Precision  (AP) @[ IoU=0.50:0.95 | area=   all | maxDets=100 ] = 0.189
 Average Precision  (AP) @[ IoU=0.50      | area=   all | maxDets=100 ] = 0.281
 Average Precision  (AP) @[ IoU=0.75      | area=   all | maxDets=100 ] = 0.209
 Average Precision  (AP) @[ IoU=0.50:0.95 | area= small | maxDets=100 ] = 0.072
 Average Precision  (AP) @[ IoU=0.50:0.95 | area=medium | maxDets=100 ] = 0.211
 Average Precision  (AP) @[ IoU=0.50:0.95 | area= large | maxDets=100 ] = 0.255
 Average Recall     (AR) @[ IoU=0.50:0.95 | area=   all | maxDets=  1 ] = 0.208
 Average Recall     (AR) @[ IoU=0.50:0.95 | area=   all | maxDets= 10 ] = 0.289
 Average Recall     (AR) @[ IoU=0.50:0.95 | area=   all | maxDets=100 ] = 0.291
 Average Recall     (AR) @[ IoU=0.50:0.95 | area= small | maxDets=100 ] = 0.090
 Average Recall     (AR) @[ IoU=0.50:0.95 | area=medium | maxDets=100 ] = 0.285
 Average Recall     (AR) @[ IoU=0.50:0.95 | area= large | maxDets=100 ] = 0.412
sweep 16/96: alpha=1.5, beta=1.0, threshold=0.05, top_k=50, nms=0.4
creating index...
index created!
Loading and preparing results...
DONE (t=0.02s)
creating index...
index created!
Running per image evaluation...
Evaluate annotation type *bbox*
DONE (t=1.62s).
Accumulating evaluation results...
DONE (t=0.59s).
 Average Precision  (AP) @[ IoU=0.50:0.95 | area=   all | maxDets=100 ] = 0.198
 Average Precision  (AP) @[ IoU=0.50      | area=   all | maxDets=100 ] = 0.307
 Average Precision  (AP) @[ IoU=0.75      | area=   all | maxDets=100 ] = 0.214
 Average Precision  (AP) @[ IoU=0.50:0.95 | area= small | maxDets=100 ] = 0.083
 Average Precision  (AP) @[ IoU=0.50:0.95 | area=medium | maxDets=100 ] = 0.228
 Average Precision  (AP) @[ IoU=0.50:0.95 | area= large | maxDets=100 ] = 0.258
 Average Recall     (AR) @[ IoU=0.50:0.95 | area=   all | maxDets=  1 ] = 0.229
 Average Recall     (AR) @[ IoU=0.50:0.95 | area=   all | maxDets= 10 ] = 0.323
 Average Recall     (AR) @[ IoU=0.50:0.95 | area=   all | maxDets=100 ] = 0.329
 Average Recall     (AR) @[ IoU=0.50:0.95 | area= small | maxDets=100 ] = 0.114
 Average Recall     (AR) @[ IoU=0.50:0.95 | area=medium | maxDets=100 ] = 0.353
 Average Recall     (AR) @[ IoU=0.50:0.95 | area= large | maxDets=100 ] = 0.432
sweep 17/96: alpha=1.5, beta=1.0, threshold=0.05, top_k=50, nms=0.5
creating index...
index created!
Loading and preparing results...
DONE (t=0.02s)
creating index...
index created!
Running per image evaluation...
Evaluate annotation type *bbox*
DONE (t=1.65s).
Accumulating evaluation results...
DONE (t=0.58s).
 Average Precision  (AP) @[ IoU=0.50:0.95 | area=   all | maxDets=100 ] = 0.200
 Average Precision  (AP) @[ IoU=0.50      | area=   all | maxDets=100 ] = 0.305
 Average Precision  (AP) @[ IoU=0.75      | area=   all | maxDets=100 ] = 0.216
 Average Precision  (AP) @[ IoU=0.50:0.95 | area= small | maxDets=100 ] = 0.082
 Average Precision  (AP) @[ IoU=0.50:0.95 | area=medium | maxDets=100 ] = 0.227
 Average Precision  (AP) @[ IoU=0.50:0.95 | area= large | maxDets=100 ] = 0.262
 Average Recall     (AR) @[ IoU=0.50:0.95 | area=   all | maxDets=  1 ] = 0.228
 Average Recall     (AR) @[ IoU=0.50:0.95 | area=   all | maxDets= 10 ] = 0.331
 Average Recall     (AR) @[ IoU=0.50:0.95 | area=   all | maxDets=100 ] = 0.338
 Average Recall     (AR) @[ IoU=0.50:0.95 | area= small | maxDets=100 ] = 0.115
 Average Recall     (AR) @[ IoU=0.50:0.95 | area=medium | maxDets=100 ] = 0.360
 Average Recall     (AR) @[ IoU=0.50:0.95 | area= large | maxDets=100 ] = 0.447
sweep 18/96: alpha=1.5, beta=1.0, threshold=0.05, top_k=50, nms=0.6
creating index...
index created!
Loading and preparing results...
DONE (t=0.13s)
creating index...
index created!
Running per image evaluation...
Evaluate annotation type *bbox*
DONE (t=1.53s).
Accumulating evaluation results...
DONE (t=0.57s).
 Average Precision  (AP) @[ IoU=0.50:0.95 | area=   all | maxDets=100 ] = 0.196
 Average Precision  (AP) @[ IoU=0.50      | area=   all | maxDets=100 ] = 0.294
 Average Precision  (AP) @[ IoU=0.75      | area=   all | maxDets=100 ] = 0.216
 Average Precision  (AP) @[ IoU=0.50:0.95 | area= small | maxDets=100 ] = 0.082
 Average Precision  (AP) @[ IoU=0.50:0.95 | area=medium | maxDets=100 ] = 0.227
 Average Precision  (AP) @[ IoU=0.50:0.95 | area= large | maxDets=100 ] = 0.259
 Average Recall     (AR) @[ IoU=0.50:0.95 | area=   all | maxDets=  1 ] = 0.225
 Average Recall     (AR) @[ IoU=0.50:0.95 | area=   all | maxDets= 10 ] = 0.330
 Average Recall     (AR) @[ IoU=0.50:0.95 | area=   all | maxDets=100 ] = 0.340
 Average Recall     (AR) @[ IoU=0.50:0.95 | area= small | maxDets=100 ] = 0.112
 Average Recall     (AR) @[ IoU=0.50:0.95 | area=medium | maxDets=100 ] = 0.360
 Average Recall     (AR) @[ IoU=0.50:0.95 | area= large | maxDets=100 ] = 0.454
sweep 19/96: alpha=1.5, beta=1.0, threshold=0.05, top_k=100, nms=0.4
creating index...
index created!
Loading and preparing results...
DONE (t=0.15s)
creating index...
index created!
Running per image evaluation...
Evaluate annotation type *bbox*
DONE (t=2.05s).
Accumulating evaluation results...
DONE (t=0.66s).
 Average Precision  (AP) @[ IoU=0.50:0.95 | area=   all | maxDets=100 ] = 0.208
 Average Precision  (AP) @[ IoU=0.50      | area=   all | maxDets=100 ] = 0.322
 Average Precision  (AP) @[ IoU=0.75      | area=   all | maxDets=100 ] = 0.227
 Average Precision  (AP) @[ IoU=0.50:0.95 | area= small | maxDets=100 ] = 0.084
 Average Precision  (AP) @[ IoU=0.50:0.95 | area=medium | maxDets=100 ] = 0.238
 Average Precision  (AP) @[ IoU=0.50:0.95 | area= large | maxDets=100 ] = 0.259
 Average Recall     (AR) @[ IoU=0.50:0.95 | area=   all | maxDets=  1 ] = 0.241
 Average Recall     (AR) @[ IoU=0.50:0.95 | area=   all | maxDets= 10 ] = 0.343
 Average Recall     (AR) @[ IoU=0.50:0.95 | area=   all | maxDets=100 ] = 0.351
 Average Recall     (AR) @[ IoU=0.50:0.95 | area= small | maxDets=100 ] = 0.124
 Average Recall     (AR) @[ IoU=0.50:0.95 | area=medium | maxDets=100 ] = 0.379
 Average Recall     (AR) @[ IoU=0.50:0.95 | area= large | maxDets=100 ] = 0.440
sweep 20/96: alpha=1.5, beta=1.0, threshold=0.05, top_k=100, nms=0.5
creating index...
index created!
Loading and preparing results...
DONE (t=0.02s)
creating index...
index created!
Running per image evaluation...
Evaluate annotation type *bbox*
DONE (t=2.17s).
Accumulating evaluation results...
DONE (t=0.68s).
 Average Precision  (AP) @[ IoU=0.50:0.95 | area=   all | maxDets=100 ] = 0.210
 Average Precision  (AP) @[ IoU=0.50      | area=   all | maxDets=100 ] = 0.321
 Average Precision  (AP) @[ IoU=0.75      | area=   all | maxDets=100 ] = 0.229
 Average Precision  (AP) @[ IoU=0.50:0.95 | area= small | maxDets=100 ] = 0.086
 Average Precision  (AP) @[ IoU=0.50:0.95 | area=medium | maxDets=100 ] = 0.238
 Average Precision  (AP) @[ IoU=0.50:0.95 | area= large | maxDets=100 ] = 0.262
 Average Recall     (AR) @[ IoU=0.50:0.95 | area=   all | maxDets=  1 ] = 0.241
 Average Recall     (AR) @[ IoU=0.50:0.95 | area=   all | maxDets= 10 ] = 0.352
 Average Recall     (AR) @[ IoU=0.50:0.95 | area=   all | maxDets=100 ] = 0.363
 Average Recall     (AR) @[ IoU=0.50:0.95 | area= small | maxDets=100 ] = 0.130
 Average Recall     (AR) @[ IoU=0.50:0.95 | area=medium | maxDets=100 ] = 0.388
 Average Recall     (AR) @[ IoU=0.50:0.95 | area= large | maxDets=100 ] = 0.462
sweep 21/96: alpha=1.5, beta=1.0, threshold=0.05, top_k=100, nms=0.6
creating index...
index created!
Loading and preparing results...
DONE (t=0.13s)
creating index...
index created!
Running per image evaluation...
Evaluate annotation type *bbox*
DONE (t=2.11s).
Accumulating evaluation results...
DONE (t=0.69s).
 Average Precision  (AP) @[ IoU=0.50:0.95 | area=   all | maxDets=100 ] = 0.198
 Average Precision  (AP) @[ IoU=0.50      | area=   all | maxDets=100 ] = 0.298
 Average Precision  (AP) @[ IoU=0.75      | area=   all | maxDets=100 ] = 0.217
 Average Precision  (AP) @[ IoU=0.50:0.95 | area= small | maxDets=100 ] = 0.085
 Average Precision  (AP) @[ IoU=0.50:0.95 | area=medium | maxDets=100 ] = 0.230
 Average Precision  (AP) @[ IoU=0.50:0.95 | area= large | maxDets=100 ] = 0.260
 Average Recall     (AR) @[ IoU=0.50:0.95 | area=   all | maxDets=  1 ] = 0.230
 Average Recall     (AR) @[ IoU=0.50:0.95 | area=   all | maxDets= 10 ] = 0.345
 Average Recall     (AR) @[ IoU=0.50:0.95 | area=   all | maxDets=100 ] = 0.361
 Average Recall     (AR) @[ IoU=0.50:0.95 | area= small | maxDets=100 ] = 0.130
 Average Recall     (AR) @[ IoU=0.50:0.95 | area=medium | maxDets=100 ] = 0.389
 Average Recall     (AR) @[ IoU=0.50:0.95 | area= large | maxDets=100 ] = 0.466
sweep 22/96: alpha=1.5, beta=1.0, threshold=0.05, top_k=200, nms=0.4
creating index...
index created!
Loading and preparing results...
DONE (t=0.12s)
creating index...
index created!
Running per image evaluation...
Evaluate annotation type *bbox*
DONE (t=2.20s).
Accumulating evaluation results...
DONE (t=0.69s).
 Average Precision  (AP) @[ IoU=0.50:0.95 | area=   all | maxDets=100 ] = 0.209
 Average Precision  (AP) @[ IoU=0.50      | area=   all | maxDets=100 ] = 0.323
 Average Precision  (AP) @[ IoU=0.75      | area=   all | maxDets=100 ] = 0.227
 Average Precision  (AP) @[ IoU=0.50:0.95 | area= small | maxDets=100 ] = 0.085
 Average Precision  (AP) @[ IoU=0.50:0.95 | area=medium | maxDets=100 ] = 0.239
 Average Precision  (AP) @[ IoU=0.50:0.95 | area= large | maxDets=100 ] = 0.259
 Average Recall     (AR) @[ IoU=0.50:0.95 | area=   all | maxDets=  1 ] = 0.242
 Average Recall     (AR) @[ IoU=0.50:0.95 | area=   all | maxDets= 10 ] = 0.346
 Average Recall     (AR) @[ IoU=0.50:0.95 | area=   all | maxDets=100 ] = 0.355
 Average Recall     (AR) @[ IoU=0.50:0.95 | area= small | maxDets=100 ] = 0.128
 Average Recall     (AR) @[ IoU=0.50:0.95 | area=medium | maxDets=100 ] = 0.384
 Average Recall     (AR) @[ IoU=0.50:0.95 | area= large | maxDets=100 ] = 0.441
sweep 23/96: alpha=1.5, beta=1.0, threshold=0.05, top_k=200, nms=0.5
creating index...
index created!
Loading and preparing results...
DONE (t=0.13s)
creating index...
index created!
Running per image evaluation...
Evaluate annotation type *bbox*
DONE (t=2.46s).
Accumulating evaluation results...
DONE (t=0.73s).
 Average Precision  (AP) @[ IoU=0.50:0.95 | area=   all | maxDets=100 ] = 0.210
 Average Precision  (AP) @[ IoU=0.50      | area=   all | maxDets=100 ] = 0.322
 Average Precision  (AP) @[ IoU=0.75      | area=   all | maxDets=100 ] = 0.229
 Average Precision  (AP) @[ IoU=0.50:0.95 | area= small | maxDets=100 ] = 0.087
 Average Precision  (AP) @[ IoU=0.50:0.95 | area=medium | maxDets=100 ] = 0.239
 Average Precision  (AP) @[ IoU=0.50:0.95 | area= large | maxDets=100 ] = 0.263
 Average Recall     (AR) @[ IoU=0.50:0.95 | area=   all | maxDets=  1 ] = 0.242
 Average Recall     (AR) @[ IoU=0.50:0.95 | area=   all | maxDets= 10 ] = 0.357
 Average Recall     (AR) @[ IoU=0.50:0.95 | area=   all | maxDets=100 ] = 0.370
 Average Recall     (AR) @[ IoU=0.50:0.95 | area= small | maxDets=100 ] = 0.136
 Average Recall     (AR) @[ IoU=0.50:0.95 | area=medium | maxDets=100 ] = 0.397
 Average Recall     (AR) @[ IoU=0.50:0.95 | area= large | maxDets=100 ] = 0.466
sweep 24/96: alpha=1.5, beta=1.0, threshold=0.05, top_k=200, nms=0.6
creating index...
index created!
Loading and preparing results...
DONE (t=0.15s)
creating index...
index created!
Running per image evaluation...
Evaluate annotation type *bbox*
DONE (t=2.73s).
Accumulating evaluation results...
DONE (t=0.78s).
 Average Precision  (AP) @[ IoU=0.50:0.95 | area=   all | maxDets=100 ] = 0.207
 Average Precision  (AP) @[ IoU=0.50      | area=   all | maxDets=100 ] = 0.312
 Average Precision  (AP) @[ IoU=0.75      | area=   all | maxDets=100 ] = 0.230
 Average Precision  (AP) @[ IoU=0.50:0.95 | area= small | maxDets=100 ] = 0.087
 Average Precision  (AP) @[ IoU=0.50:0.95 | area=medium | maxDets=100 ] = 0.240
 Average Precision  (AP) @[ IoU=0.50:0.95 | area= large | maxDets=100 ] = 0.260
 Average Recall     (AR) @[ IoU=0.50:0.95 | area=   all | maxDets=  1 ] = 0.242
 Average Recall     (AR) @[ IoU=0.50:0.95 | area=   all | maxDets= 10 ] = 0.362
 Average Recall     (AR) @[ IoU=0.50:0.95 | area=   all | maxDets=100 ] = 0.383
 Average Recall     (AR) @[ IoU=0.50:0.95 | area= small | maxDets=100 ] = 0.141
 Average Recall     (AR) @[ IoU=0.50:0.95 | area=medium | maxDets=100 ] = 0.414
 Average Recall     (AR) @[ IoU=0.50:0.95 | area= large | maxDets=100 ] = 0.477
sweep 25/96: alpha=1.5, beta=1.0, threshold=0.1, top_k=20, nms=0.4
creating index...
index created!
Loading and preparing results...
DONE (t=0.01s)
creating index...
index created!
Running per image evaluation...
Evaluate annotation type *bbox*
DONE (t=0.96s).
Accumulating evaluation results...
DONE (t=0.43s).
 Average Precision  (AP) @[ IoU=0.50:0.95 | area=   all | maxDets=100 ] = 0.193
 Average Precision  (AP) @[ IoU=0.50      | area=   all | maxDets=100 ] = 0.295
 Average Precision  (AP) @[ IoU=0.75      | area=   all | maxDets=100 ] = 0.211
 Average Precision  (AP) @[ IoU=0.50:0.95 | area= small | maxDets=100 ] = 0.073
 Average Precision  (AP) @[ IoU=0.50:0.95 | area=medium | maxDets=100 ] = 0.220
 Average Precision  (AP) @[ IoU=0.50:0.95 | area= large | maxDets=100 ] = 0.254
 Average Recall     (AR) @[ IoU=0.50:0.95 | area=   all | maxDets=  1 ] = 0.218
 Average Recall     (AR) @[ IoU=0.50:0.95 | area=   all | maxDets= 10 ] = 0.293
 Average Recall     (AR) @[ IoU=0.50:0.95 | area=   all | maxDets=100 ] = 0.294
 Average Recall     (AR) @[ IoU=0.50:0.95 | area= small | maxDets=100 ] = 0.092
 Average Recall     (AR) @[ IoU=0.50:0.95 | area=medium | maxDets=100 ] = 0.301
 Average Recall     (AR) @[ IoU=0.50:0.95 | area= large | maxDets=100 ] = 0.395
sweep 26/96: alpha=1.5, beta=1.0, threshold=0.1, top_k=20, nms=0.5
creating index...
index created!
Loading and preparing results...
DONE (t=0.01s)
creating index...
index created!
Running per image evaluation...
Evaluate annotation type *bbox*
DONE (t=1.04s).
Accumulating evaluation results...
DONE (t=0.43s).
 Average Precision  (AP) @[ IoU=0.50:0.95 | area=   all | maxDets=100 ] = 0.193
 Average Precision  (AP) @[ IoU=0.50      | area=   all | maxDets=100 ] = 0.293
 Average Precision  (AP) @[ IoU=0.75      | area=   all | maxDets=100 ] = 0.211
 Average Precision  (AP) @[ IoU=0.50:0.95 | area= small | maxDets=100 ] = 0.073
 Average Precision  (AP) @[ IoU=0.50:0.95 | area=medium | maxDets=100 ] = 0.216
 Average Precision  (AP) @[ IoU=0.50:0.95 | area= large | maxDets=100 ] = 0.257
 Average Recall     (AR) @[ IoU=0.50:0.95 | area=   all | maxDets=  1 ] = 0.215
 Average Recall     (AR) @[ IoU=0.50:0.95 | area=   all | maxDets= 10 ] = 0.295
 Average Recall     (AR) @[ IoU=0.50:0.95 | area=   all | maxDets=100 ] = 0.296
 Average Recall     (AR) @[ IoU=0.50:0.95 | area= small | maxDets=100 ] = 0.091
 Average Recall     (AR) @[ IoU=0.50:0.95 | area=medium | maxDets=100 ] = 0.294
 Average Recall     (AR) @[ IoU=0.50:0.95 | area= large | maxDets=100 ] = 0.407
sweep 27/96: alpha=1.5, beta=1.0, threshold=0.1, top_k=20, nms=0.6
creating index...
index created!
Loading and preparing results...
DONE (t=0.01s)
creating index...
index created!
Running per image evaluation...
Evaluate annotation type *bbox*
DONE (t=1.02s).
Accumulating evaluation results...
DONE (t=0.43s).
 Average Precision  (AP) @[ IoU=0.50:0.95 | area=   all | maxDets=100 ] = 0.189
 Average Precision  (AP) @[ IoU=0.50      | area=   all | maxDets=100 ] = 0.281
 Average Precision  (AP) @[ IoU=0.75      | area=   all | maxDets=100 ] = 0.209
 Average Precision  (AP) @[ IoU=0.50:0.95 | area= small | maxDets=100 ] = 0.072
 Average Precision  (AP) @[ IoU=0.50:0.95 | area=medium | maxDets=100 ] = 0.211
 Average Precision  (AP) @[ IoU=0.50:0.95 | area= large | maxDets=100 ] = 0.254
 Average Recall     (AR) @[ IoU=0.50:0.95 | area=   all | maxDets=  1 ] = 0.208
 Average Recall     (AR) @[ IoU=0.50:0.95 | area=   all | maxDets= 10 ] = 0.289
 Average Recall     (AR) @[ IoU=0.50:0.95 | area=   all | maxDets=100 ] = 0.291
 Average Recall     (AR) @[ IoU=0.50:0.95 | area= small | maxDets=100 ] = 0.090
 Average Recall     (AR) @[ IoU=0.50:0.95 | area=medium | maxDets=100 ] = 0.285
 Average Recall     (AR) @[ IoU=0.50:0.95 | area= large | maxDets=100 ] = 0.406
sweep 28/96: alpha=1.5, beta=1.0, threshold=0.1, top_k=50, nms=0.4
creating index...
index created!
Loading and preparing results...
DONE (t=0.01s)
creating index...
index created!
Running per image evaluation...
Evaluate annotation type *bbox*
DONE (t=1.40s).
Accumulating evaluation results...
DONE (t=0.52s).
 Average Precision  (AP) @[ IoU=0.50:0.95 | area=   all | maxDets=100 ] = 0.198
 Average Precision  (AP) @[ IoU=0.50      | area=   all | maxDets=100 ] = 0.305
 Average Precision  (AP) @[ IoU=0.75      | area=   all | maxDets=100 ] = 0.214
 Average Precision  (AP) @[ IoU=0.50:0.95 | area= small | maxDets=100 ] = 0.082
 Average Precision  (AP) @[ IoU=0.50:0.95 | area=medium | maxDets=100 ] = 0.227
 Average Precision  (AP) @[ IoU=0.50:0.95 | area= large | maxDets=100 ] = 0.257
 Average Recall     (AR) @[ IoU=0.50:0.95 | area=   all | maxDets=  1 ] = 0.228
 Average Recall     (AR) @[ IoU=0.50:0.95 | area=   all | maxDets= 10 ] = 0.317
 Average Recall     (AR) @[ IoU=0.50:0.95 | area=   all | maxDets=100 ] = 0.322
 Average Recall     (AR) @[ IoU=0.50:0.95 | area= small | maxDets=100 ] = 0.112
 Average Recall     (AR) @[ IoU=0.50:0.95 | area=medium | maxDets=100 ] = 0.344
 Average Recall     (AR) @[ IoU=0.50:0.95 | area= large | maxDets=100 ] = 0.415
sweep 29/96: alpha=1.5, beta=1.0, threshold=0.1, top_k=50, nms=0.5
creating index...
index created!
Loading and preparing results...
DONE (t=0.01s)
creating index...
index created!
Running per image evaluation...
Evaluate annotation type *bbox*
DONE (t=1.44s).
Accumulating evaluation results...
DONE (t=0.53s).
 Average Precision  (AP) @[ IoU=0.50:0.95 | area=   all | maxDets=100 ] = 0.199
 Average Precision  (AP) @[ IoU=0.50      | area=   all | maxDets=100 ] = 0.304
 Average Precision  (AP) @[ IoU=0.75      | area=   all | maxDets=100 ] = 0.216
 Average Precision  (AP) @[ IoU=0.50:0.95 | area= small | maxDets=100 ] = 0.082
 Average Precision  (AP) @[ IoU=0.50:0.95 | area=medium | maxDets=100 ] = 0.227
 Average Precision  (AP) @[ IoU=0.50:0.95 | area= large | maxDets=100 ] = 0.261
 Average Recall     (AR) @[ IoU=0.50:0.95 | area=   all | maxDets=  1 ] = 0.227
 Average Recall     (AR) @[ IoU=0.50:0.95 | area=   all | maxDets= 10 ] = 0.325
 Average Recall     (AR) @[ IoU=0.50:0.95 | area=   all | maxDets=100 ] = 0.332
 Average Recall     (AR) @[ IoU=0.50:0.95 | area= small | maxDets=100 ] = 0.112
 Average Recall     (AR) @[ IoU=0.50:0.95 | area=medium | maxDets=100 ] = 0.353
 Average Recall     (AR) @[ IoU=0.50:0.95 | area= large | maxDets=100 ] = 0.434
sweep 30/96: alpha=1.5, beta=1.0, threshold=0.1, top_k=50, nms=0.6
creating index...
index created!
Loading and preparing results...
DONE (t=0.02s)
creating index...
index created!
Running per image evaluation...
Evaluate annotation type *bbox*
DONE (t=1.52s).
Accumulating evaluation results...
DONE (t=0.54s).
 Average Precision  (AP) @[ IoU=0.50:0.95 | area=   all | maxDets=100 ] = 0.196
 Average Precision  (AP) @[ IoU=0.50      | area=   all | maxDets=100 ] = 0.293
 Average Precision  (AP) @[ IoU=0.75      | area=   all | maxDets=100 ] = 0.216
 Average Precision  (AP) @[ IoU=0.50:0.95 | area= small | maxDets=100 ] = 0.082
 Average Precision  (AP) @[ IoU=0.50:0.95 | area=medium | maxDets=100 ] = 0.226
 Average Precision  (AP) @[ IoU=0.50:0.95 | area= large | maxDets=100 ] = 0.258
 Average Recall     (AR) @[ IoU=0.50:0.95 | area=   all | maxDets=  1 ] = 0.224
 Average Recall     (AR) @[ IoU=0.50:0.95 | area=   all | maxDets= 10 ] = 0.326
 Average Recall     (AR) @[ IoU=0.50:0.95 | area=   all | maxDets=100 ] = 0.336
 Average Recall     (AR) @[ IoU=0.50:0.95 | area= small | maxDets=100 ] = 0.111
 Average Recall     (AR) @[ IoU=0.50:0.95 | area=medium | maxDets=100 ] = 0.355
 Average Recall     (AR) @[ IoU=0.50:0.95 | area= large | maxDets=100 ] = 0.442
sweep 31/96: alpha=1.5, beta=1.0, threshold=0.1, top_k=100, nms=0.4
creating index...
index created!
Loading and preparing results...
DONE (t=0.01s)
creating index...
index created!
Running per image evaluation...
Evaluate annotation type *bbox*
DONE (t=1.60s).
Accumulating evaluation results...
DONE (t=0.54s).
 Average Precision  (AP) @[ IoU=0.50:0.95 | area=   all | maxDets=100 ] = 0.199
 Average Precision  (AP) @[ IoU=0.50      | area=   all | maxDets=100 ] = 0.307
 Average Precision  (AP) @[ IoU=0.75      | area=   all | maxDets=100 ] = 0.214
 Average Precision  (AP) @[ IoU=0.50:0.95 | area= small | maxDets=100 ] = 0.083
 Average Precision  (AP) @[ IoU=0.50:0.95 | area=medium | maxDets=100 ] = 0.228
 Average Precision  (AP) @[ IoU=0.50:0.95 | area= large | maxDets=100 ] = 0.257
 Average Recall     (AR) @[ IoU=0.50:0.95 | area=   all | maxDets=  1 ] = 0.230
 Average Recall     (AR) @[ IoU=0.50:0.95 | area=   all | maxDets= 10 ] = 0.322
 Average Recall     (AR) @[ IoU=0.50:0.95 | area=   all | maxDets=100 ] = 0.329
 Average Recall     (AR) @[ IoU=0.50:0.95 | area= small | maxDets=100 ] = 0.117
 Average Recall     (AR) @[ IoU=0.50:0.95 | area=medium | maxDets=100 ] = 0.355
 Average Recall     (AR) @[ IoU=0.50:0.95 | area= large | maxDets=100 ] = 0.417
sweep 32/96: alpha=1.5, beta=1.0, threshold=0.1, top_k=100, nms=0.5
creating index...
index created!
Loading and preparing results...
DONE (t=0.11s)
creating index...
index created!
Running per image evaluation...
Evaluate annotation type *bbox*
DONE (t=1.77s).
Accumulating evaluation results...
DONE (t=0.57s).
 Average Precision  (AP) @[ IoU=0.50:0.95 | area=   all | maxDets=100 ] = 0.200
 Average Precision  (AP) @[ IoU=0.50      | area=   all | maxDets=100 ] = 0.306
 Average Precision  (AP) @[ IoU=0.75      | area=   all | maxDets=100 ] = 0.216
 Average Precision  (AP) @[ IoU=0.50:0.95 | area= small | maxDets=100 ] = 0.085
 Average Precision  (AP) @[ IoU=0.50:0.95 | area=medium | maxDets=100 ] = 0.229
 Average Precision  (AP) @[ IoU=0.50:0.95 | area= large | maxDets=100 ] = 0.261
 Average Recall     (AR) @[ IoU=0.50:0.95 | area=   all | maxDets=  1 ] = 0.229
 Average Recall     (AR) @[ IoU=0.50:0.95 | area=   all | maxDets= 10 ] = 0.333
 Average Recall     (AR) @[ IoU=0.50:0.95 | area=   all | maxDets=100 ] = 0.343
 Average Recall     (AR) @[ IoU=0.50:0.95 | area= small | maxDets=100 ] = 0.123
 Average Recall     (AR) @[ IoU=0.50:0.95 | area=medium | maxDets=100 ] = 0.367
 Average Recall     (AR) @[ IoU=0.50:0.95 | area= large | maxDets=100 ] = 0.439
sweep 33/96: alpha=1.5, beta=1.0, threshold=0.1, top_k=100, nms=0.6
creating index...
index created!
Loading and preparing results...
DONE (t=0.11s)
creating index...
index created!
Running per image evaluation...
Evaluate annotation type *bbox*
DONE (t=1.79s).
Accumulating evaluation results...
DONE (t=0.58s).
 Average Precision  (AP) @[ IoU=0.50:0.95 | area=   all | maxDets=100 ] = 0.197
 Average Precision  (AP) @[ IoU=0.50      | area=   all | maxDets=100 ] = 0.296
 Average Precision  (AP) @[ IoU=0.75      | area=   all | maxDets=100 ] = 0.217
 Average Precision  (AP) @[ IoU=0.50:0.95 | area= small | maxDets=100 ] = 0.084
 Average Precision  (AP) @[ IoU=0.50:0.95 | area=medium | maxDets=100 ] = 0.229
 Average Precision  (AP) @[ IoU=0.50:0.95 | area= large | maxDets=100 ] = 0.258
 Average Recall     (AR) @[ IoU=0.50:0.95 | area=   all | maxDets=  1 ] = 0.228
 Average Recall     (AR) @[ IoU=0.50:0.95 | area=   all | maxDets= 10 ] = 0.337
 Average Recall     (AR) @[ IoU=0.50:0.95 | area=   all | maxDets=100 ] = 0.351
 Average Recall     (AR) @[ IoU=0.50:0.95 | area= small | maxDets=100 ] = 0.125
 Average Recall     (AR) @[ IoU=0.50:0.95 | area=medium | maxDets=100 ] = 0.376
 Average Recall     (AR) @[ IoU=0.50:0.95 | area= large | maxDets=100 ] = 0.447
sweep 34/96: alpha=1.5, beta=1.0, threshold=0.1, top_k=200, nms=0.4
creating index...
index created!
Loading and preparing results...
DONE (t=0.02s)
creating index...
index created!
Running per image evaluation...
Evaluate annotation type *bbox*
DONE (t=1.63s).
Accumulating evaluation results...
DONE (t=0.55s).
 Average Precision  (AP) @[ IoU=0.50:0.95 | area=   all | maxDets=100 ] = 0.199
 Average Precision  (AP) @[ IoU=0.50      | area=   all | maxDets=100 ] = 0.307
 Average Precision  (AP) @[ IoU=0.75      | area=   all | maxDets=100 ] = 0.214
 Average Precision  (AP) @[ IoU=0.50:0.95 | area= small | maxDets=100 ] = 0.083
 Average Precision  (AP) @[ IoU=0.50:0.95 | area=medium | maxDets=100 ] = 0.229
 Average Precision  (AP) @[ IoU=0.50:0.95 | area= large | maxDets=100 ] = 0.257
 Average Recall     (AR) @[ IoU=0.50:0.95 | area=   all | maxDets=  1 ] = 0.230
 Average Recall     (AR) @[ IoU=0.50:0.95 | area=   all | maxDets= 10 ] = 0.323
 Average Recall     (AR) @[ IoU=0.50:0.95 | area=   all | maxDets=100 ] = 0.330
 Average Recall     (AR) @[ IoU=0.50:0.95 | area= small | maxDets=100 ] = 0.118
 Average Recall     (AR) @[ IoU=0.50:0.95 | area=medium | maxDets=100 ] = 0.357
 Average Recall     (AR) @[ IoU=0.50:0.95 | area= large | maxDets=100 ] = 0.417
sweep 35/96: alpha=1.5, beta=1.0, threshold=0.1, top_k=200, nms=0.5
creating index...
index created!
Loading and preparing results...
DONE (t=0.02s)
creating index...
index created!
Running per image evaluation...
Evaluate annotation type *bbox*
DONE (t=1.86s).
Accumulating evaluation results...
DONE (t=0.58s).
 Average Precision  (AP) @[ IoU=0.50:0.95 | area=   all | maxDets=100 ] = 0.200
 Average Precision  (AP) @[ IoU=0.50      | area=   all | maxDets=100 ] = 0.307
 Average Precision  (AP) @[ IoU=0.75      | area=   all | maxDets=100 ] = 0.216
 Average Precision  (AP) @[ IoU=0.50:0.95 | area= small | maxDets=100 ] = 0.086
 Average Precision  (AP) @[ IoU=0.50:0.95 | area=medium | maxDets=100 ] = 0.229
 Average Precision  (AP) @[ IoU=0.50:0.95 | area= large | maxDets=100 ] = 0.261
 Average Recall     (AR) @[ IoU=0.50:0.95 | area=   all | maxDets=  1 ] = 0.230
 Average Recall     (AR) @[ IoU=0.50:0.95 | area=   all | maxDets= 10 ] = 0.335
 Average Recall     (AR) @[ IoU=0.50:0.95 | area=   all | maxDets=100 ] = 0.346
 Average Recall     (AR) @[ IoU=0.50:0.95 | area= small | maxDets=100 ] = 0.125
 Average Recall     (AR) @[ IoU=0.50:0.95 | area=medium | maxDets=100 ] = 0.373
 Average Recall     (AR) @[ IoU=0.50:0.95 | area= large | maxDets=100 ] = 0.441
sweep 36/96: alpha=1.5, beta=1.0, threshold=0.1, top_k=200, nms=0.6
creating index...
index created!
Loading and preparing results...
DONE (t=0.11s)
creating index...
index created!
Running per image evaluation...
Evaluate annotation type *bbox*
DONE (t=2.11s).
Accumulating evaluation results...
DONE (t=0.61s).
 Average Precision  (AP) @[ IoU=0.50:0.95 | area=   all | maxDets=100 ] = 0.198
 Average Precision  (AP) @[ IoU=0.50      | area=   all | maxDets=100 ] = 0.298
 Average Precision  (AP) @[ IoU=0.75      | area=   all | maxDets=100 ] = 0.217
 Average Precision  (AP) @[ IoU=0.50:0.95 | area= small | maxDets=100 ] = 0.086
 Average Precision  (AP) @[ IoU=0.50:0.95 | area=medium | maxDets=100 ] = 0.230
 Average Precision  (AP) @[ IoU=0.50:0.95 | area= large | maxDets=100 ] = 0.259
 Average Recall     (AR) @[ IoU=0.50:0.95 | area=   all | maxDets=  1 ] = 0.230
 Average Recall     (AR) @[ IoU=0.50:0.95 | area=   all | maxDets= 10 ] = 0.342
 Average Recall     (AR) @[ IoU=0.50:0.95 | area=   all | maxDets=100 ] = 0.358
 Average Recall     (AR) @[ IoU=0.50:0.95 | area= small | maxDets=100 ] = 0.130
 Average Recall     (AR) @[ IoU=0.50:0.95 | area=medium | maxDets=100 ] = 0.387
 Average Recall     (AR) @[ IoU=0.50:0.95 | area= large | maxDets=100 ] = 0.450
sweep 37/96: alpha=1.5, beta=1.0, threshold=0.2, top_k=20, nms=0.4
creating index...
index created!
Loading and preparing results...
DONE (t=0.01s)
creating index...
index created!
Running per image evaluation...
Evaluate annotation type *bbox*
DONE (t=0.85s).
Accumulating evaluation results...
DONE (t=0.39s).
 Average Precision  (AP) @[ IoU=0.50:0.95 | area=   all | maxDets=100 ] = 0.192
 Average Precision  (AP) @[ IoU=0.50      | area=   all | maxDets=100 ] = 0.291
 Average Precision  (AP) @[ IoU=0.75      | area=   all | maxDets=100 ] = 0.209
 Average Precision  (AP) @[ IoU=0.50:0.95 | area= small | maxDets=100 ] = 0.071
 Average Precision  (AP) @[ IoU=0.50:0.95 | area=medium | maxDets=100 ] = 0.219
 Average Precision  (AP) @[ IoU=0.50:0.95 | area= large | maxDets=100 ] = 0.252
 Average Recall     (AR) @[ IoU=0.50:0.95 | area=   all | maxDets=  1 ] = 0.215
 Average Recall     (AR) @[ IoU=0.50:0.95 | area=   all | maxDets= 10 ] = 0.282
 Average Recall     (AR) @[ IoU=0.50:0.95 | area=   all | maxDets=100 ] = 0.283
 Average Recall     (AR) @[ IoU=0.50:0.95 | area= small | maxDets=100 ] = 0.086
 Average Recall     (AR) @[ IoU=0.50:0.95 | area=medium | maxDets=100 ] = 0.292
 Average Recall     (AR) @[ IoU=0.50:0.95 | area= large | maxDets=100 ] = 0.377
sweep 38/96: alpha=1.5, beta=1.0, threshold=0.2, top_k=20, nms=0.5
creating index...
index created!
Loading and preparing results...
DONE (t=0.09s)
creating index...
index created!
Running per image evaluation...
Evaluate annotation type *bbox*
DONE (t=0.85s).
Accumulating evaluation results...
DONE (t=0.40s).
 Average Precision  (AP) @[ IoU=0.50:0.95 | area=   all | maxDets=100 ] = 0.192
 Average Precision  (AP) @[ IoU=0.50      | area=   all | maxDets=100 ] = 0.290
 Average Precision  (AP) @[ IoU=0.75      | area=   all | maxDets=100 ] = 0.210
 Average Precision  (AP) @[ IoU=0.50:0.95 | area= small | maxDets=100 ] = 0.071
 Average Precision  (AP) @[ IoU=0.50:0.95 | area=medium | maxDets=100 ] = 0.214
 Average Precision  (AP) @[ IoU=0.50:0.95 | area= large | maxDets=100 ] = 0.255
 Average Recall     (AR) @[ IoU=0.50:0.95 | area=   all | maxDets=  1 ] = 0.213
 Average Recall     (AR) @[ IoU=0.50:0.95 | area=   all | maxDets= 10 ] = 0.286
 Average Recall     (AR) @[ IoU=0.50:0.95 | area=   all | maxDets=100 ] = 0.287
 Average Recall     (AR) @[ IoU=0.50:0.95 | area= small | maxDets=100 ] = 0.086
 Average Recall     (AR) @[ IoU=0.50:0.95 | area=medium | maxDets=100 ] = 0.285
 Average Recall     (AR) @[ IoU=0.50:0.95 | area= large | maxDets=100 ] = 0.389
sweep 39/96: alpha=1.5, beta=1.0, threshold=0.2, top_k=20, nms=0.6
creating index...
index created!
Loading and preparing results...
DONE (t=0.09s)
creating index...
index created!
Running per image evaluation...
Evaluate annotation type *bbox*
DONE (t=0.97s).
Accumulating evaluation results...
DONE (t=0.40s).
 Average Precision  (AP) @[ IoU=0.50:0.95 | area=   all | maxDets=100 ] = 0.188
 Average Precision  (AP) @[ IoU=0.50      | area=   all | maxDets=100 ] = 0.279
 Average Precision  (AP) @[ IoU=0.75      | area=   all | maxDets=100 ] = 0.208
 Average Precision  (AP) @[ IoU=0.50:0.95 | area= small | maxDets=100 ] = 0.070
 Average Precision  (AP) @[ IoU=0.50:0.95 | area=medium | maxDets=100 ] = 0.209
 Average Precision  (AP) @[ IoU=0.50:0.95 | area= large | maxDets=100 ] = 0.253
 Average Recall     (AR) @[ IoU=0.50:0.95 | area=   all | maxDets=  1 ] = 0.206
 Average Recall     (AR) @[ IoU=0.50:0.95 | area=   all | maxDets= 10 ] = 0.282
 Average Recall     (AR) @[ IoU=0.50:0.95 | area=   all | maxDets=100 ] = 0.283
 Average Recall     (AR) @[ IoU=0.50:0.95 | area= small | maxDets=100 ] = 0.086
 Average Recall     (AR) @[ IoU=0.50:0.95 | area=medium | maxDets=100 ] = 0.277
 Average Recall     (AR) @[ IoU=0.50:0.95 | area= large | maxDets=100 ] = 0.393
sweep 40/96: alpha=1.5, beta=1.0, threshold=0.2, top_k=50, nms=0.4
creating index...
index created!
Loading and preparing results...
DONE (t=0.01s)
creating index...
index created!
Running per image evaluation...
Evaluate annotation type *bbox*
DONE (t=1.03s).
Accumulating evaluation results...
DONE (t=0.42s).
 Average Precision  (AP) @[ IoU=0.50:0.95 | area=   all | maxDets=100 ] = 0.194
 Average Precision  (AP) @[ IoU=0.50      | area=   all | maxDets=100 ] = 0.298
 Average Precision  (AP) @[ IoU=0.75      | area=   all | maxDets=100 ] = 0.211
 Average Precision  (AP) @[ IoU=0.50:0.95 | area= small | maxDets=100 ] = 0.077
 Average Precision  (AP) @[ IoU=0.50:0.95 | area=medium | maxDets=100 ] = 0.222
 Average Precision  (AP) @[ IoU=0.50:0.95 | area= large | maxDets=100 ] = 0.253
 Average Recall     (AR) @[ IoU=0.50:0.95 | area=   all | maxDets=  1 ] = 0.219
 Average Recall     (AR) @[ IoU=0.50:0.95 | area=   all | maxDets= 10 ] = 0.293
 Average Recall     (AR) @[ IoU=0.50:0.95 | area=   all | maxDets=100 ] = 0.297
 Average Recall     (AR) @[ IoU=0.50:0.95 | area= small | maxDets=100 ] = 0.096
 Average Recall     (AR) @[ IoU=0.50:0.95 | area=medium | maxDets=100 ] = 0.312
 Average Recall     (AR) @[ IoU=0.50:0.95 | area= large | maxDets=100 ] = 0.385
sweep 41/96: alpha=1.5, beta=1.0, threshold=0.2, top_k=50, nms=0.5
creating index...
index created!
Loading and preparing results...
DONE (t=0.01s)
creating index...
index created!
Running per image evaluation...
Evaluate annotation type *bbox*
DONE (t=1.19s).
Accumulating evaluation results...
DONE (t=0.43s).
 Average Precision  (AP) @[ IoU=0.50:0.95 | area=   all | maxDets=100 ] = 0.196
 Average Precision  (AP) @[ IoU=0.50      | area=   all | maxDets=100 ] = 0.297
 Average Precision  (AP) @[ IoU=0.75      | area=   all | maxDets=100 ] = 0.213
 Average Precision  (AP) @[ IoU=0.50:0.95 | area= small | maxDets=100 ] = 0.076
 Average Precision  (AP) @[ IoU=0.50:0.95 | area=medium | maxDets=100 ] = 0.222
 Average Precision  (AP) @[ IoU=0.50:0.95 | area= large | maxDets=100 ] = 0.257
 Average Recall     (AR) @[ IoU=0.50:0.95 | area=   all | maxDets=  1 ] = 0.219
 Average Recall     (AR) @[ IoU=0.50:0.95 | area=   all | maxDets= 10 ] = 0.302
 Average Recall     (AR) @[ IoU=0.50:0.95 | area=   all | maxDets=100 ] = 0.308
 Average Recall     (AR) @[ IoU=0.50:0.95 | area= small | maxDets=100 ] = 0.097
 Average Recall     (AR) @[ IoU=0.50:0.95 | area=medium | maxDets=100 ] = 0.321
 Average Recall     (AR) @[ IoU=0.50:0.95 | area= large | maxDets=100 ] = 0.403
sweep 42/96: alpha=1.5, beta=1.0, threshold=0.2, top_k=50, nms=0.6
creating index...
index created!
Loading and preparing results...
DONE (t=0.01s)
creating index...
index created!
Running per image evaluation...
Evaluate annotation type *bbox*
DONE (t=1.27s).
Accumulating evaluation results...
DONE (t=0.44s).
 Average Precision  (AP) @[ IoU=0.50:0.95 | area=   all | maxDets=100 ] = 0.193
 Average Precision  (AP) @[ IoU=0.50      | area=   all | maxDets=100 ] = 0.288
 Average Precision  (AP) @[ IoU=0.75      | area=   all | maxDets=100 ] = 0.213
 Average Precision  (AP) @[ IoU=0.50:0.95 | area= small | maxDets=100 ] = 0.077
 Average Precision  (AP) @[ IoU=0.50:0.95 | area=medium | maxDets=100 ] = 0.222
 Average Precision  (AP) @[ IoU=0.50:0.95 | area= large | maxDets=100 ] = 0.255
 Average Recall     (AR) @[ IoU=0.50:0.95 | area=   all | maxDets=  1 ] = 0.217
 Average Recall     (AR) @[ IoU=0.50:0.95 | area=   all | maxDets= 10 ] = 0.305
 Average Recall     (AR) @[ IoU=0.50:0.95 | area=   all | maxDets=100 ] = 0.312
 Average Recall     (AR) @[ IoU=0.50:0.95 | area= small | maxDets=100 ] = 0.100
 Average Recall     (AR) @[ IoU=0.50:0.95 | area=medium | maxDets=100 ] = 0.323
 Average Recall     (AR) @[ IoU=0.50:0.95 | area= large | maxDets=100 ] = 0.414
sweep 43/96: alpha=1.5, beta=1.0, threshold=0.2, top_k=100, nms=0.4
creating index...
index created!
Loading and preparing results...
DONE (t=0.01s)
creating index...
index created!
Running per image evaluation...
Evaluate annotation type *bbox*
DONE (t=1.06s).
Accumulating evaluation results...
DONE (t=0.42s).
 Average Precision  (AP) @[ IoU=0.50:0.95 | area=   all | maxDets=100 ] = 0.194
 Average Precision  (AP) @[ IoU=0.50      | area=   all | maxDets=100 ] = 0.298
 Average Precision  (AP) @[ IoU=0.75      | area=   all | maxDets=100 ] = 0.211
 Average Precision  (AP) @[ IoU=0.50:0.95 | area= small | maxDets=100 ] = 0.077
 Average Precision  (AP) @[ IoU=0.50:0.95 | area=medium | maxDets=100 ] = 0.222
 Average Precision  (AP) @[ IoU=0.50:0.95 | area= large | maxDets=100 ] = 0.253
 Average Recall     (AR) @[ IoU=0.50:0.95 | area=   all | maxDets=  1 ] = 0.220
 Average Recall     (AR) @[ IoU=0.50:0.95 | area=   all | maxDets= 10 ] = 0.294
 Average Recall     (AR) @[ IoU=0.50:0.95 | area=   all | maxDets=100 ] = 0.299
 Average Recall     (AR) @[ IoU=0.50:0.95 | area= small | maxDets=100 ] = 0.099
 Average Recall     (AR) @[ IoU=0.50:0.95 | area=medium | maxDets=100 ] = 0.314
 Average Recall     (AR) @[ IoU=0.50:0.95 | area= large | maxDets=100 ] = 0.386
sweep 44/96: alpha=1.5, beta=1.0, threshold=0.2, top_k=100, nms=0.5
creating index...
index created!
Loading and preparing results...
DONE (t=0.01s)
creating index...
index created!
Running per image evaluation...
Evaluate annotation type *bbox*
DONE (t=1.26s).
Accumulating evaluation results...
DONE (t=0.44s).
 Average Precision  (AP) @[ IoU=0.50:0.95 | area=   all | maxDets=100 ] = 0.196
 Average Precision  (AP) @[ IoU=0.50      | area=   all | maxDets=100 ] = 0.298
 Average Precision  (AP) @[ IoU=0.75      | area=   all | maxDets=100 ] = 0.213
 Average Precision  (AP) @[ IoU=0.50:0.95 | area= small | maxDets=100 ] = 0.077
 Average Precision  (AP) @[ IoU=0.50:0.95 | area=medium | maxDets=100 ] = 0.223
 Average Precision  (AP) @[ IoU=0.50:0.95 | area= large | maxDets=100 ] = 0.257
 Average Recall     (AR) @[ IoU=0.50:0.95 | area=   all | maxDets=  1 ] = 0.219
 Average Recall     (AR) @[ IoU=0.50:0.95 | area=   all | maxDets= 10 ] = 0.303
 Average Recall     (AR) @[ IoU=0.50:0.95 | area=   all | maxDets=100 ] = 0.310
 Average Recall     (AR) @[ IoU=0.50:0.95 | area= small | maxDets=100 ] = 0.100
 Average Recall     (AR) @[ IoU=0.50:0.95 | area=medium | maxDets=100 ] = 0.324
 Average Recall     (AR) @[ IoU=0.50:0.95 | area= large | maxDets=100 ] = 0.403
sweep 45/96: alpha=1.5, beta=1.0, threshold=0.2, top_k=100, nms=0.6
creating index...
index created!
Loading and preparing results...
DONE (t=0.01s)
creating index...
index created!
Running per image evaluation...
Evaluate annotation type *bbox*
DONE (t=1.39s).
Accumulating evaluation results...
DONE (t=0.46s).
 Average Precision  (AP) @[ IoU=0.50:0.95 | area=   all | maxDets=100 ] = 0.194
 Average Precision  (AP) @[ IoU=0.50      | area=   all | maxDets=100 ] = 0.290
 Average Precision  (AP) @[ IoU=0.75      | area=   all | maxDets=100 ] = 0.213
 Average Precision  (AP) @[ IoU=0.50:0.95 | area= small | maxDets=100 ] = 0.078
 Average Precision  (AP) @[ IoU=0.50:0.95 | area=medium | maxDets=100 ] = 0.223
 Average Precision  (AP) @[ IoU=0.50:0.95 | area= large | maxDets=100 ] = 0.255
 Average Recall     (AR) @[ IoU=0.50:0.95 | area=   all | maxDets=  1 ] = 0.219
 Average Recall     (AR) @[ IoU=0.50:0.95 | area=   all | maxDets= 10 ] = 0.308
 Average Recall     (AR) @[ IoU=0.50:0.95 | area=   all | maxDets=100 ] = 0.317
 Average Recall     (AR) @[ IoU=0.50:0.95 | area= small | maxDets=100 ] = 0.104
 Average Recall     (AR) @[ IoU=0.50:0.95 | area=medium | maxDets=100 ] = 0.331
 Average Recall     (AR) @[ IoU=0.50:0.95 | area= large | maxDets=100 ] = 0.415
sweep 46/96: alpha=1.5, beta=1.0, threshold=0.2, top_k=200, nms=0.4
creating index...
index created!
Loading and preparing results...
DONE (t=0.09s)
creating index...
index created!
Running per image evaluation...
Evaluate annotation type *bbox*
DONE (t=1.05s).
Accumulating evaluation results...
DONE (t=0.43s).
 Average Precision  (AP) @[ IoU=0.50:0.95 | area=   all | maxDets=100 ] = 0.194
 Average Precision  (AP) @[ IoU=0.50      | area=   all | maxDets=100 ] = 0.298
 Average Precision  (AP) @[ IoU=0.75      | area=   all | maxDets=100 ] = 0.211
 Average Precision  (AP) @[ IoU=0.50:0.95 | area= small | maxDets=100 ] = 0.077
 Average Precision  (AP) @[ IoU=0.50:0.95 | area=medium | maxDets=100 ] = 0.222
 Average Precision  (AP) @[ IoU=0.50:0.95 | area= large | maxDets=100 ] = 0.253
 Average Recall     (AR) @[ IoU=0.50:0.95 | area=   all | maxDets=  1 ] = 0.220
 Average Recall     (AR) @[ IoU=0.50:0.95 | area=   all | maxDets= 10 ] = 0.294
 Average Recall     (AR) @[ IoU=0.50:0.95 | area=   all | maxDets=100 ] = 0.299
 Average Recall     (AR) @[ IoU=0.50:0.95 | area= small | maxDets=100 ] = 0.099
 Average Recall     (AR) @[ IoU=0.50:0.95 | area=medium | maxDets=100 ] = 0.314
 Average Recall     (AR) @[ IoU=0.50:0.95 | area= large | maxDets=100 ] = 0.386
sweep 47/96: alpha=1.5, beta=1.0, threshold=0.2, top_k=200, nms=0.5
creating index...
index created!
Loading and preparing results...
DONE (t=0.01s)
creating index...
index created!
Running per image evaluation...
Evaluate annotation type *bbox*
DONE (t=1.29s).
Accumulating evaluation results...
DONE (t=0.44s).
 Average Precision  (AP) @[ IoU=0.50:0.95 | area=   all | maxDets=100 ] = 0.196
 Average Precision  (AP) @[ IoU=0.50      | area=   all | maxDets=100 ] = 0.298
 Average Precision  (AP) @[ IoU=0.75      | area=   all | maxDets=100 ] = 0.213
 Average Precision  (AP) @[ IoU=0.50:0.95 | area= small | maxDets=100 ] = 0.077
 Average Precision  (AP) @[ IoU=0.50:0.95 | area=medium | maxDets=100 ] = 0.223
 Average Precision  (AP) @[ IoU=0.50:0.95 | area= large | maxDets=100 ] = 0.257
 Average Recall     (AR) @[ IoU=0.50:0.95 | area=   all | maxDets=  1 ] = 0.220
 Average Recall     (AR) @[ IoU=0.50:0.95 | area=   all | maxDets= 10 ] = 0.304
 Average Recall     (AR) @[ IoU=0.50:0.95 | area=   all | maxDets=100 ] = 0.311
 Average Recall     (AR) @[ IoU=0.50:0.95 | area= small | maxDets=100 ] = 0.100
 Average Recall     (AR) @[ IoU=0.50:0.95 | area=medium | maxDets=100 ] = 0.325
 Average Recall     (AR) @[ IoU=0.50:0.95 | area= large | maxDets=100 ] = 0.403
sweep 48/96: alpha=1.5, beta=1.0, threshold=0.2, top_k=200, nms=0.6
creating index...
index created!
Loading and preparing results...
DONE (t=0.01s)
creating index...
index created!
Running per image evaluation...
Evaluate annotation type *bbox*
DONE (t=1.46s).
Accumulating evaluation results...
DONE (t=0.46s).
 Average Precision  (AP) @[ IoU=0.50:0.95 | area=   all | maxDets=100 ] = 0.194
 Average Precision  (AP) @[ IoU=0.50      | area=   all | maxDets=100 ] = 0.290
 Average Precision  (AP) @[ IoU=0.75      | area=   all | maxDets=100 ] = 0.214
 Average Precision  (AP) @[ IoU=0.50:0.95 | area= small | maxDets=100 ] = 0.079
 Average Precision  (AP) @[ IoU=0.50:0.95 | area=medium | maxDets=100 ] = 0.223
 Average Precision  (AP) @[ IoU=0.50:0.95 | area= large | maxDets=100 ] = 0.255
 Average Recall     (AR) @[ IoU=0.50:0.95 | area=   all | maxDets=  1 ] = 0.220
 Average Recall     (AR) @[ IoU=0.50:0.95 | area=   all | maxDets= 10 ] = 0.309
 Average Recall     (AR) @[ IoU=0.50:0.95 | area=   all | maxDets=100 ] = 0.319
 Average Recall     (AR) @[ IoU=0.50:0.95 | area= small | maxDets=100 ] = 0.105
 Average Recall     (AR) @[ IoU=0.50:0.95 | area=medium | maxDets=100 ] = 0.332
 Average Recall     (AR) @[ IoU=0.50:0.95 | area= large | maxDets=100 ] = 0.416
sweep 49/96: alpha=2.0, beta=1.0, threshold=0.03, top_k=20, nms=0.4
creating index...
index created!
Loading and preparing results...
DONE (t=0.01s)
creating index...
index created!
Running per image evaluation...
Evaluate annotation type *bbox*
DONE (t=1.09s).
Accumulating evaluation results...
DONE (t=0.46s).
 Average Precision  (AP) @[ IoU=0.50:0.95 | area=   all | maxDets=100 ] = 0.195
 Average Precision  (AP) @[ IoU=0.50      | area=   all | maxDets=100 ] = 0.296
 Average Precision  (AP) @[ IoU=0.75      | area=   all | maxDets=100 ] = 0.215
 Average Precision  (AP) @[ IoU=0.50:0.95 | area= small | maxDets=100 ] = 0.073
 Average Precision  (AP) @[ IoU=0.50:0.95 | area=medium | maxDets=100 ] = 0.223
 Average Precision  (AP) @[ IoU=0.50:0.95 | area= large | maxDets=100 ] = 0.259
 Average Recall     (AR) @[ IoU=0.50:0.95 | area=   all | maxDets=  1 ] = 0.221
 Average Recall     (AR) @[ IoU=0.50:0.95 | area=   all | maxDets= 10 ] = 0.297
 Average Recall     (AR) @[ IoU=0.50:0.95 | area=   all | maxDets=100 ] = 0.298
 Average Recall     (AR) @[ IoU=0.50:0.95 | area= small | maxDets=100 ] = 0.093
 Average Recall     (AR) @[ IoU=0.50:0.95 | area=medium | maxDets=100 ] = 0.306
 Average Recall     (AR) @[ IoU=0.50:0.95 | area= large | maxDets=100 ] = 0.410
sweep 50/96: alpha=2.0, beta=1.0, threshold=0.03, top_k=20, nms=0.5
creating index...
index created!
Loading and preparing results...
DONE (t=0.01s)
creating index...
index created!
Running per image evaluation...
Evaluate annotation type *bbox*
DONE (t=1.08s).
Accumulating evaluation results...
DONE (t=0.45s).
 Average Precision  (AP) @[ IoU=0.50:0.95 | area=   all | maxDets=100 ] = 0.196
 Average Precision  (AP) @[ IoU=0.50      | area=   all | maxDets=100 ] = 0.295
 Average Precision  (AP) @[ IoU=0.75      | area=   all | maxDets=100 ] = 0.217
 Average Precision  (AP) @[ IoU=0.50:0.95 | area= small | maxDets=100 ] = 0.073
 Average Precision  (AP) @[ IoU=0.50:0.95 | area=medium | maxDets=100 ] = 0.221
 Average Precision  (AP) @[ IoU=0.50:0.95 | area= large | maxDets=100 ] = 0.261
 Average Recall     (AR) @[ IoU=0.50:0.95 | area=   all | maxDets=  1 ] = 0.219
 Average Recall     (AR) @[ IoU=0.50:0.95 | area=   all | maxDets= 10 ] = 0.301
 Average Recall     (AR) @[ IoU=0.50:0.95 | area=   all | maxDets=100 ] = 0.303
 Average Recall     (AR) @[ IoU=0.50:0.95 | area= small | maxDets=100 ] = 0.092
 Average Recall     (AR) @[ IoU=0.50:0.95 | area=medium | maxDets=100 ] = 0.303
 Average Recall     (AR) @[ IoU=0.50:0.95 | area= large | maxDets=100 ] = 0.423
sweep 51/96: alpha=2.0, beta=1.0, threshold=0.03, top_k=20, nms=0.6
creating index...
index created!
Loading and preparing results...
DONE (t=0.01s)
creating index...
index created!
Running per image evaluation...
Evaluate annotation type *bbox*
DONE (t=1.06s).
Accumulating evaluation results...
DONE (t=0.44s).
 Average Precision  (AP) @[ IoU=0.50:0.95 | area=   all | maxDets=100 ] = 0.192
 Average Precision  (AP) @[ IoU=0.50      | area=   all | maxDets=100 ] = 0.284
 Average Precision  (AP) @[ IoU=0.75      | area=   all | maxDets=100 ] = 0.214
 Average Precision  (AP) @[ IoU=0.50:0.95 | area= small | maxDets=100 ] = 0.073
 Average Precision  (AP) @[ IoU=0.50:0.95 | area=medium | maxDets=100 ] = 0.216
 Average Precision  (AP) @[ IoU=0.50:0.95 | area= large | maxDets=100 ] = 0.259
 Average Recall     (AR) @[ IoU=0.50:0.95 | area=   all | maxDets=  1 ] = 0.212
 Average Recall     (AR) @[ IoU=0.50:0.95 | area=   all | maxDets= 10 ] = 0.295
 Average Recall     (AR) @[ IoU=0.50:0.95 | area=   all | maxDets=100 ] = 0.297
 Average Recall     (AR) @[ IoU=0.50:0.95 | area= small | maxDets=100 ] = 0.092
 Average Recall     (AR) @[ IoU=0.50:0.95 | area=medium | maxDets=100 ] = 0.291
 Average Recall     (AR) @[ IoU=0.50:0.95 | area= large | maxDets=100 ] = 0.421
sweep 52/96: alpha=2.0, beta=1.0, threshold=0.03, top_k=50, nms=0.4
creating index...
index created!
Loading and preparing results...
DONE (t=0.10s)
creating index...
index created!
Running per image evaluation...
Evaluate annotation type *bbox*
DONE (t=1.57s).
Accumulating evaluation results...
DONE (t=0.59s).
 Average Precision  (AP) @[ IoU=0.50:0.95 | area=   all | maxDets=100 ] = 0.201
 Average Precision  (AP) @[ IoU=0.50      | area=   all | maxDets=100 ] = 0.308
 Average Precision  (AP) @[ IoU=0.75      | area=   all | maxDets=100 ] = 0.219
 Average Precision  (AP) @[ IoU=0.50:0.95 | area= small | maxDets=100 ] = 0.084
 Average Precision  (AP) @[ IoU=0.50:0.95 | area=medium | maxDets=100 ] = 0.231
 Average Precision  (AP) @[ IoU=0.50:0.95 | area= large | maxDets=100 ] = 0.262
 Average Recall     (AR) @[ IoU=0.50:0.95 | area=   all | maxDets=  1 ] = 0.232
 Average Recall     (AR) @[ IoU=0.50:0.95 | area=   all | maxDets= 10 ] = 0.329
 Average Recall     (AR) @[ IoU=0.50:0.95 | area=   all | maxDets=100 ] = 0.335
 Average Recall     (AR) @[ IoU=0.50:0.95 | area= small | maxDets=100 ] = 0.117
 Average Recall     (AR) @[ IoU=0.50:0.95 | area=medium | maxDets=100 ] = 0.361
 Average Recall     (AR) @[ IoU=0.50:0.95 | area= large | maxDets=100 ] = 0.439
sweep 53/96: alpha=2.0, beta=1.0, threshold=0.03, top_k=50, nms=0.5
creating index...
index created!
Loading and preparing results...
DONE (t=0.02s)
creating index...
index created!
Running per image evaluation...
Evaluate annotation type *bbox*
DONE (t=1.59s).
Accumulating evaluation results...
DONE (t=0.59s).
 Average Precision  (AP) @[ IoU=0.50:0.95 | area=   all | maxDets=100 ] = 0.202
 Average Precision  (AP) @[ IoU=0.50      | area=   all | maxDets=100 ] = 0.306
 Average Precision  (AP) @[ IoU=0.75      | area=   all | maxDets=100 ] = 0.220
 Average Precision  (AP) @[ IoU=0.50:0.95 | area= small | maxDets=100 ] = 0.083
 Average Precision  (AP) @[ IoU=0.50:0.95 | area=medium | maxDets=100 ] = 0.230
 Average Precision  (AP) @[ IoU=0.50:0.95 | area= large | maxDets=100 ] = 0.265
 Average Recall     (AR) @[ IoU=0.50:0.95 | area=   all | maxDets=  1 ] = 0.230
 Average Recall     (AR) @[ IoU=0.50:0.95 | area=   all | maxDets= 10 ] = 0.335
 Average Recall     (AR) @[ IoU=0.50:0.95 | area=   all | maxDets=100 ] = 0.342
 Average Recall     (AR) @[ IoU=0.50:0.95 | area= small | maxDets=100 ] = 0.117
 Average Recall     (AR) @[ IoU=0.50:0.95 | area=medium | maxDets=100 ] = 0.363
 Average Recall     (AR) @[ IoU=0.50:0.95 | area= large | maxDets=100 ] = 0.452
sweep 54/96: alpha=2.0, beta=1.0, threshold=0.03, top_k=50, nms=0.6
creating index...
index created!
Loading and preparing results...
DONE (t=0.02s)
creating index...
index created!
Running per image evaluation...
Evaluate annotation type *bbox*
DONE (t=1.60s).
Accumulating evaluation results...
DONE (t=0.58s).
 Average Precision  (AP) @[ IoU=0.50:0.95 | area=   all | maxDets=100 ] = 0.199
 Average Precision  (AP) @[ IoU=0.50      | area=   all | maxDets=100 ] = 0.296
 Average Precision  (AP) @[ IoU=0.75      | area=   all | maxDets=100 ] = 0.221
 Average Precision  (AP) @[ IoU=0.50:0.95 | area= small | maxDets=100 ] = 0.084
 Average Precision  (AP) @[ IoU=0.50:0.95 | area=medium | maxDets=100 ] = 0.231
 Average Precision  (AP) @[ IoU=0.50:0.95 | area= large | maxDets=100 ] = 0.262
 Average Recall     (AR) @[ IoU=0.50:0.95 | area=   all | maxDets=  1 ] = 0.226
 Average Recall     (AR) @[ IoU=0.50:0.95 | area=   all | maxDets= 10 ] = 0.333
 Average Recall     (AR) @[ IoU=0.50:0.95 | area=   all | maxDets=100 ] = 0.343
 Average Recall     (AR) @[ IoU=0.50:0.95 | area= small | maxDets=100 ] = 0.115
 Average Recall     (AR) @[ IoU=0.50:0.95 | area=medium | maxDets=100 ] = 0.365
 Average Recall     (AR) @[ IoU=0.50:0.95 | area= large | maxDets=100 ] = 0.457
sweep 55/96: alpha=2.0, beta=1.0, threshold=0.03, top_k=100, nms=0.4
creating index...
index created!
Loading and preparing results...
DONE (t=0.02s)
creating index...
index created!
Running per image evaluation...
Evaluate annotation type *bbox*
DONE (t=1.95s).
Accumulating evaluation results...
DONE (t=0.67s).
 Average Precision  (AP) @[ IoU=0.50:0.95 | area=   all | maxDets=100 ] = 0.211
 Average Precision  (AP) @[ IoU=0.50      | area=   all | maxDets=100 ] = 0.324
 Average Precision  (AP) @[ IoU=0.75      | area=   all | maxDets=100 ] = 0.232
 Average Precision  (AP) @[ IoU=0.50:0.95 | area= small | maxDets=100 ] = 0.086
 Average Precision  (AP) @[ IoU=0.50:0.95 | area=medium | maxDets=100 ] = 0.242
 Average Precision  (AP) @[ IoU=0.50:0.95 | area= large | maxDets=100 ] = 0.263
 Average Recall     (AR) @[ IoU=0.50:0.95 | area=   all | maxDets=  1 ] = 0.244
 Average Recall     (AR) @[ IoU=0.50:0.95 | area=   all | maxDets= 10 ] = 0.348
 Average Recall     (AR) @[ IoU=0.50:0.95 | area=   all | maxDets=100 ] = 0.356
 Average Recall     (AR) @[ IoU=0.50:0.95 | area= small | maxDets=100 ] = 0.126
 Average Recall     (AR) @[ IoU=0.50:0.95 | area=medium | maxDets=100 ] = 0.388
 Average Recall     (AR) @[ IoU=0.50:0.95 | area= large | maxDets=100 ] = 0.448
sweep 56/96: alpha=2.0, beta=1.0, threshold=0.03, top_k=100, nms=0.5
creating index...
index created!
Loading and preparing results...
DONE (t=0.02s)
creating index...
index created!
Running per image evaluation...
Evaluate annotation type *bbox*
DONE (t=2.07s).
Accumulating evaluation results...
DONE (t=0.69s).
 Average Precision  (AP) @[ IoU=0.50:0.95 | area=   all | maxDets=100 ] = 0.212
 Average Precision  (AP) @[ IoU=0.50      | area=   all | maxDets=100 ] = 0.323
 Average Precision  (AP) @[ IoU=0.75      | area=   all | maxDets=100 ] = 0.234
 Average Precision  (AP) @[ IoU=0.50:0.95 | area= small | maxDets=100 ] = 0.087
 Average Precision  (AP) @[ IoU=0.50:0.95 | area=medium | maxDets=100 ] = 0.241
 Average Precision  (AP) @[ IoU=0.50:0.95 | area= large | maxDets=100 ] = 0.266
 Average Recall     (AR) @[ IoU=0.50:0.95 | area=   all | maxDets=  1 ] = 0.243
 Average Recall     (AR) @[ IoU=0.50:0.95 | area=   all | maxDets= 10 ] = 0.357
 Average Recall     (AR) @[ IoU=0.50:0.95 | area=   all | maxDets=100 ] = 0.367
 Average Recall     (AR) @[ IoU=0.50:0.95 | area= small | maxDets=100 ] = 0.132
 Average Recall     (AR) @[ IoU=0.50:0.95 | area=medium | maxDets=100 ] = 0.393
 Average Recall     (AR) @[ IoU=0.50:0.95 | area= large | maxDets=100 ] = 0.468
sweep 57/96: alpha=2.0, beta=1.0, threshold=0.03, top_k=100, nms=0.6
creating index...
index created!
Loading and preparing results...
DONE (t=0.12s)
creating index...
index created!
Running per image evaluation...
Evaluate annotation type *bbox*
DONE (t=2.22s).
Accumulating evaluation results...
DONE (t=0.71s).
 Average Precision  (AP) @[ IoU=0.50:0.95 | area=   all | maxDets=100 ] = 0.210
 Average Precision  (AP) @[ IoU=0.50      | area=   all | maxDets=100 ] = 0.314
 Average Precision  (AP) @[ IoU=0.75      | area=   all | maxDets=100 ] = 0.235
 Average Precision  (AP) @[ IoU=0.50:0.95 | area= small | maxDets=100 ] = 0.087
 Average Precision  (AP) @[ IoU=0.50:0.95 | area=medium | maxDets=100 ] = 0.243
 Average Precision  (AP) @[ IoU=0.50:0.95 | area= large | maxDets=100 ] = 0.263
 Average Recall     (AR) @[ IoU=0.50:0.95 | area=   all | maxDets=  1 ] = 0.242
 Average Recall     (AR) @[ IoU=0.50:0.95 | area=   all | maxDets= 10 ] = 0.360
 Average Recall     (AR) @[ IoU=0.50:0.95 | area=   all | maxDets=100 ] = 0.375
 Average Recall     (AR) @[ IoU=0.50:0.95 | area= small | maxDets=100 ] = 0.131
 Average Recall     (AR) @[ IoU=0.50:0.95 | area=medium | maxDets=100 ] = 0.405
 Average Recall     (AR) @[ IoU=0.50:0.95 | area= large | maxDets=100 ] = 0.476
sweep 58/96: alpha=2.0, beta=1.0, threshold=0.03, top_k=200, nms=0.4
creating index...
index created!
Loading and preparing results...
DONE (t=0.03s)
creating index...
index created!
Running per image evaluation...
Evaluate annotation type *bbox*
DONE (t=2.18s).
Accumulating evaluation results...
DONE (t=0.71s).
 Average Precision  (AP) @[ IoU=0.50:0.95 | area=   all | maxDets=100 ] = 0.211
 Average Precision  (AP) @[ IoU=0.50      | area=   all | maxDets=100 ] = 0.325
 Average Precision  (AP) @[ IoU=0.75      | area=   all | maxDets=100 ] = 0.232
 Average Precision  (AP) @[ IoU=0.50:0.95 | area= small | maxDets=100 ] = 0.086
 Average Precision  (AP) @[ IoU=0.50:0.95 | area=medium | maxDets=100 ] = 0.242
 Average Precision  (AP) @[ IoU=0.50:0.95 | area= large | maxDets=100 ] = 0.263
 Average Recall     (AR) @[ IoU=0.50:0.95 | area=   all | maxDets=  1 ] = 0.244
 Average Recall     (AR) @[ IoU=0.50:0.95 | area=   all | maxDets= 10 ] = 0.350
 Average Recall     (AR) @[ IoU=0.50:0.95 | area=   all | maxDets=100 ] = 0.359
 Average Recall     (AR) @[ IoU=0.50:0.95 | area= small | maxDets=100 ] = 0.130
 Average Recall     (AR) @[ IoU=0.50:0.95 | area=medium | maxDets=100 ] = 0.390
 Average Recall     (AR) @[ IoU=0.50:0.95 | area= large | maxDets=100 ] = 0.448
sweep 59/96: alpha=2.0, beta=1.0, threshold=0.03, top_k=200, nms=0.5
creating index...
index created!
Loading and preparing results...
DONE (t=0.13s)
creating index...
index created!
Running per image evaluation...
Evaluate annotation type *bbox*
DONE (t=2.44s).
Accumulating evaluation results...
DONE (t=0.74s).
 Average Precision  (AP) @[ IoU=0.50:0.95 | area=   all | maxDets=100 ] = 0.212
 Average Precision  (AP) @[ IoU=0.50      | area=   all | maxDets=100 ] = 0.324
 Average Precision  (AP) @[ IoU=0.75      | area=   all | maxDets=100 ] = 0.234
 Average Precision  (AP) @[ IoU=0.50:0.95 | area= small | maxDets=100 ] = 0.088
 Average Precision  (AP) @[ IoU=0.50:0.95 | area=medium | maxDets=100 ] = 0.242
 Average Precision  (AP) @[ IoU=0.50:0.95 | area= large | maxDets=100 ] = 0.266
 Average Recall     (AR) @[ IoU=0.50:0.95 | area=   all | maxDets=  1 ] = 0.244
 Average Recall     (AR) @[ IoU=0.50:0.95 | area=   all | maxDets= 10 ] = 0.361
 Average Recall     (AR) @[ IoU=0.50:0.95 | area=   all | maxDets=100 ] = 0.374
 Average Recall     (AR) @[ IoU=0.50:0.95 | area= small | maxDets=100 ] = 0.137
 Average Recall     (AR) @[ IoU=0.50:0.95 | area=medium | maxDets=100 ] = 0.402
 Average Recall     (AR) @[ IoU=0.50:0.95 | area= large | maxDets=100 ] = 0.471
sweep 60/96: alpha=2.0, beta=1.0, threshold=0.03, top_k=200, nms=0.6
creating index...
index created!
Loading and preparing results...
DONE (t=0.14s)
creating index...
index created!
Running per image evaluation...
Evaluate annotation type *bbox*
DONE (t=2.55s).
Accumulating evaluation results...
DONE (t=0.79s).
 Average Precision  (AP) @[ IoU=0.50:0.95 | area=   all | maxDets=100 ] = 0.210
 Average Precision  (AP) @[ IoU=0.50      | area=   all | maxDets=100 ] = 0.315
 Average Precision  (AP) @[ IoU=0.75      | area=   all | maxDets=100 ] = 0.235
 Average Precision  (AP) @[ IoU=0.50:0.95 | area= small | maxDets=100 ] = 0.088
 Average Precision  (AP) @[ IoU=0.50:0.95 | area=medium | maxDets=100 ] = 0.244
 Average Precision  (AP) @[ IoU=0.50:0.95 | area= large | maxDets=100 ] = 0.264
 Average Recall     (AR) @[ IoU=0.50:0.95 | area=   all | maxDets=  1 ] = 0.244
 Average Recall     (AR) @[ IoU=0.50:0.95 | area=   all | maxDets= 10 ] = 0.366
 Average Recall     (AR) @[ IoU=0.50:0.95 | area=   all | maxDets=100 ] = 0.386
 Average Recall     (AR) @[ IoU=0.50:0.95 | area= small | maxDets=100 ] = 0.142
 Average Recall     (AR) @[ IoU=0.50:0.95 | area=medium | maxDets=100 ] = 0.418
 Average Recall     (AR) @[ IoU=0.50:0.95 | area= large | maxDets=100 ] = 0.483
sweep 61/96: alpha=2.0, beta=1.0, threshold=0.05, top_k=20, nms=0.4
creating index...
index created!
Loading and preparing results...
DONE (t=0.01s)
creating index...
index created!
Running per image evaluation...
Evaluate annotation type *bbox*
DONE (t=1.08s).
Accumulating evaluation results...
DONE (t=0.45s).
 Average Precision  (AP) @[ IoU=0.50:0.95 | area=   all | maxDets=100 ] = 0.195
 Average Precision  (AP) @[ IoU=0.50      | area=   all | maxDets=100 ] = 0.296
 Average Precision  (AP) @[ IoU=0.75      | area=   all | maxDets=100 ] = 0.215
 Average Precision  (AP) @[ IoU=0.50:0.95 | area= small | maxDets=100 ] = 0.073
 Average Precision  (AP) @[ IoU=0.50:0.95 | area=medium | maxDets=100 ] = 0.223
 Average Precision  (AP) @[ IoU=0.50:0.95 | area= large | maxDets=100 ] = 0.258
 Average Recall     (AR) @[ IoU=0.50:0.95 | area=   all | maxDets=  1 ] = 0.221
 Average Recall     (AR) @[ IoU=0.50:0.95 | area=   all | maxDets= 10 ] = 0.296
 Average Recall     (AR) @[ IoU=0.50:0.95 | area=   all | maxDets=100 ] = 0.297
 Average Recall     (AR) @[ IoU=0.50:0.95 | area= small | maxDets=100 ] = 0.093
 Average Recall     (AR) @[ IoU=0.50:0.95 | area=medium | maxDets=100 ] = 0.306
 Average Recall     (AR) @[ IoU=0.50:0.95 | area= large | maxDets=100 ] = 0.405
sweep 62/96: alpha=2.0, beta=1.0, threshold=0.05, top_k=20, nms=0.5
creating index...
index created!
Loading and preparing results...
DONE (t=0.01s)
creating index...
index created!
Running per image evaluation...
Evaluate annotation type *bbox*
DONE (t=1.08s).
Accumulating evaluation results...
DONE (t=0.45s).
 Average Precision  (AP) @[ IoU=0.50:0.95 | area=   all | maxDets=100 ] = 0.196
 Average Precision  (AP) @[ IoU=0.50      | area=   all | maxDets=100 ] = 0.295
 Average Precision  (AP) @[ IoU=0.75      | area=   all | maxDets=100 ] = 0.217
 Average Precision  (AP) @[ IoU=0.50:0.95 | area= small | maxDets=100 ] = 0.073
 Average Precision  (AP) @[ IoU=0.50:0.95 | area=medium | maxDets=100 ] = 0.221
 Average Precision  (AP) @[ IoU=0.50:0.95 | area= large | maxDets=100 ] = 0.261
 Average Recall     (AR) @[ IoU=0.50:0.95 | area=   all | maxDets=  1 ] = 0.219
 Average Recall     (AR) @[ IoU=0.50:0.95 | area=   all | maxDets= 10 ] = 0.301
 Average Recall     (AR) @[ IoU=0.50:0.95 | area=   all | maxDets=100 ] = 0.302
 Average Recall     (AR) @[ IoU=0.50:0.95 | area= small | maxDets=100 ] = 0.092
 Average Recall     (AR) @[ IoU=0.50:0.95 | area=medium | maxDets=100 ] = 0.303
 Average Recall     (AR) @[ IoU=0.50:0.95 | area= large | maxDets=100 ] = 0.420
sweep 63/96: alpha=2.0, beta=1.0, threshold=0.05, top_k=20, nms=0.6
creating index...
index created!
Loading and preparing results...
DONE (t=0.01s)
creating index...
index created!
Running per image evaluation...
Evaluate annotation type *bbox*
DONE (t=1.06s).
Accumulating evaluation results...
DONE (t=0.44s).
 Average Precision  (AP) @[ IoU=0.50:0.95 | area=   all | maxDets=100 ] = 0.192
 Average Precision  (AP) @[ IoU=0.50      | area=   all | maxDets=100 ] = 0.284
 Average Precision  (AP) @[ IoU=0.75      | area=   all | maxDets=100 ] = 0.214
 Average Precision  (AP) @[ IoU=0.50:0.95 | area= small | maxDets=100 ] = 0.073
 Average Precision  (AP) @[ IoU=0.50:0.95 | area=medium | maxDets=100 ] = 0.216
 Average Precision  (AP) @[ IoU=0.50:0.95 | area= large | maxDets=100 ] = 0.259
 Average Recall     (AR) @[ IoU=0.50:0.95 | area=   all | maxDets=  1 ] = 0.212
 Average Recall     (AR) @[ IoU=0.50:0.95 | area=   all | maxDets= 10 ] = 0.295
 Average Recall     (AR) @[ IoU=0.50:0.95 | area=   all | maxDets=100 ] = 0.297
 Average Recall     (AR) @[ IoU=0.50:0.95 | area= small | maxDets=100 ] = 0.092
 Average Recall     (AR) @[ IoU=0.50:0.95 | area=medium | maxDets=100 ] = 0.290
 Average Recall     (AR) @[ IoU=0.50:0.95 | area= large | maxDets=100 ] = 0.418
sweep 64/96: alpha=2.0, beta=1.0, threshold=0.05, top_k=50, nms=0.4
creating index...
index created!
Loading and preparing results...
DONE (t=0.02s)
creating index...
index created!
Running per image evaluation...
Evaluate annotation type *bbox*
DONE (t=1.48s).
Accumulating evaluation results...
DONE (t=0.56s).
 Average Precision  (AP) @[ IoU=0.50:0.95 | area=   all | maxDets=100 ] = 0.200
 Average Precision  (AP) @[ IoU=0.50      | area=   all | maxDets=100 ] = 0.308
 Average Precision  (AP) @[ IoU=0.75      | area=   all | maxDets=100 ] = 0.218
 Average Precision  (AP) @[ IoU=0.50:0.95 | area= small | maxDets=100 ] = 0.083
 Average Precision  (AP) @[ IoU=0.50:0.95 | area=medium | maxDets=100 ] = 0.231
 Average Precision  (AP) @[ IoU=0.50:0.95 | area= large | maxDets=100 ] = 0.262
 Average Recall     (AR) @[ IoU=0.50:0.95 | area=   all | maxDets=  1 ] = 0.231
 Average Recall     (AR) @[ IoU=0.50:0.95 | area=   all | maxDets= 10 ] = 0.326
 Average Recall     (AR) @[ IoU=0.50:0.95 | area=   all | maxDets=100 ] = 0.332
 Average Recall     (AR) @[ IoU=0.50:0.95 | area= small | maxDets=100 ] = 0.115
 Average Recall     (AR) @[ IoU=0.50:0.95 | area=medium | maxDets=100 ] = 0.359
 Average Recall     (AR) @[ IoU=0.50:0.95 | area= large | maxDets=100 ] = 0.429
sweep 65/96: alpha=2.0, beta=1.0, threshold=0.05, top_k=50, nms=0.5
creating index...
index created!
Loading and preparing results...
DONE (t=0.02s)
creating index...
index created!
Running per image evaluation...
Evaluate annotation type *bbox*
DONE (t=1.53s).
Accumulating evaluation results...
DONE (t=0.56s).
 Average Precision  (AP) @[ IoU=0.50:0.95 | area=   all | maxDets=100 ] = 0.202
 Average Precision  (AP) @[ IoU=0.50      | area=   all | maxDets=100 ] = 0.306
 Average Precision  (AP) @[ IoU=0.75      | area=   all | maxDets=100 ] = 0.220
 Average Precision  (AP) @[ IoU=0.50:0.95 | area= small | maxDets=100 ] = 0.082
 Average Precision  (AP) @[ IoU=0.50:0.95 | area=medium | maxDets=100 ] = 0.230
 Average Precision  (AP) @[ IoU=0.50:0.95 | area= large | maxDets=100 ] = 0.264
 Average Recall     (AR) @[ IoU=0.50:0.95 | area=   all | maxDets=  1 ] = 0.229
 Average Recall     (AR) @[ IoU=0.50:0.95 | area=   all | maxDets= 10 ] = 0.333
 Average Recall     (AR) @[ IoU=0.50:0.95 | area=   all | maxDets=100 ] = 0.340
 Average Recall     (AR) @[ IoU=0.50:0.95 | area= small | maxDets=100 ] = 0.115
 Average Recall     (AR) @[ IoU=0.50:0.95 | area=medium | maxDets=100 ] = 0.363
 Average Recall     (AR) @[ IoU=0.50:0.95 | area= large | maxDets=100 ] = 0.446
sweep 66/96: alpha=2.0, beta=1.0, threshold=0.05, top_k=50, nms=0.6
creating index...
index created!
Loading and preparing results...
DONE (t=0.10s)
creating index...
index created!
Running per image evaluation...
Evaluate annotation type *bbox*
DONE (t=1.58s).
Accumulating evaluation results...
DONE (t=0.56s).
 Average Precision  (AP) @[ IoU=0.50:0.95 | area=   all | maxDets=100 ] = 0.199
 Average Precision  (AP) @[ IoU=0.50      | area=   all | maxDets=100 ] = 0.296
 Average Precision  (AP) @[ IoU=0.75      | area=   all | maxDets=100 ] = 0.221
 Average Precision  (AP) @[ IoU=0.50:0.95 | area= small | maxDets=100 ] = 0.084
 Average Precision  (AP) @[ IoU=0.50:0.95 | area=medium | maxDets=100 ] = 0.231
 Average Precision  (AP) @[ IoU=0.50:0.95 | area= large | maxDets=100 ] = 0.262
 Average Recall     (AR) @[ IoU=0.50:0.95 | area=   all | maxDets=  1 ] = 0.226
 Average Recall     (AR) @[ IoU=0.50:0.95 | area=   all | maxDets= 10 ] = 0.332
 Average Recall     (AR) @[ IoU=0.50:0.95 | area=   all | maxDets=100 ] = 0.342
 Average Recall     (AR) @[ IoU=0.50:0.95 | area= small | maxDets=100 ] = 0.115
 Average Recall     (AR) @[ IoU=0.50:0.95 | area=medium | maxDets=100 ] = 0.365
 Average Recall     (AR) @[ IoU=0.50:0.95 | area= large | maxDets=100 ] = 0.451
sweep 67/96: alpha=2.0, beta=1.0, threshold=0.05, top_k=100, nms=0.4
creating index...
index created!
Loading and preparing results...
DONE (t=0.02s)
creating index...
index created!
Running per image evaluation...
Evaluate annotation type *bbox*
DONE (t=1.75s).
Accumulating evaluation results...
DONE (t=0.61s).
 Average Precision  (AP) @[ IoU=0.50:0.95 | area=   all | maxDets=100 ] = 0.210
 Average Precision  (AP) @[ IoU=0.50      | area=   all | maxDets=100 ] = 0.323
 Average Precision  (AP) @[ IoU=0.75      | area=   all | maxDets=100 ] = 0.232
 Average Precision  (AP) @[ IoU=0.50:0.95 | area= small | maxDets=100 ] = 0.085
 Average Precision  (AP) @[ IoU=0.50:0.95 | area=medium | maxDets=100 ] = 0.242
 Average Precision  (AP) @[ IoU=0.50:0.95 | area= large | maxDets=100 ] = 0.262
 Average Recall     (AR) @[ IoU=0.50:0.95 | area=   all | maxDets=  1 ] = 0.243
 Average Recall     (AR) @[ IoU=0.50:0.95 | area=   all | maxDets= 10 ] = 0.342
 Average Recall     (AR) @[ IoU=0.50:0.95 | area=   all | maxDets=100 ] = 0.350
 Average Recall     (AR) @[ IoU=0.50:0.95 | area= small | maxDets=100 ] = 0.122
 Average Recall     (AR) @[ IoU=0.50:0.95 | area=medium | maxDets=100 ] = 0.382
 Average Recall     (AR) @[ IoU=0.50:0.95 | area= large | maxDets=100 ] = 0.435
sweep 68/96: alpha=2.0, beta=1.0, threshold=0.05, top_k=100, nms=0.5
creating index...
index created!
Loading and preparing results...
DONE (t=0.02s)
creating index...
index created!
Running per image evaluation...
Evaluate annotation type *bbox*
DONE (t=1.90s).
Accumulating evaluation results...
DONE (t=0.63s).
 Average Precision  (AP) @[ IoU=0.50:0.95 | area=   all | maxDets=100 ] = 0.212
 Average Precision  (AP) @[ IoU=0.50      | area=   all | maxDets=100 ] = 0.322
 Average Precision  (AP) @[ IoU=0.75      | area=   all | maxDets=100 ] = 0.234
 Average Precision  (AP) @[ IoU=0.50:0.95 | area= small | maxDets=100 ] = 0.087
 Average Precision  (AP) @[ IoU=0.50:0.95 | area=medium | maxDets=100 ] = 0.241
 Average Precision  (AP) @[ IoU=0.50:0.95 | area= large | maxDets=100 ] = 0.265
 Average Recall     (AR) @[ IoU=0.50:0.95 | area=   all | maxDets=  1 ] = 0.242
 Average Recall     (AR) @[ IoU=0.50:0.95 | area=   all | maxDets= 10 ] = 0.353
 Average Recall     (AR) @[ IoU=0.50:0.95 | area=   all | maxDets=100 ] = 0.363
 Average Recall     (AR) @[ IoU=0.50:0.95 | area= small | maxDets=100 ] = 0.128
 Average Recall     (AR) @[ IoU=0.50:0.95 | area=medium | maxDets=100 ] = 0.390
 Average Recall     (AR) @[ IoU=0.50:0.95 | area= large | maxDets=100 ] = 0.457
sweep 69/96: alpha=2.0, beta=1.0, threshold=0.05, top_k=100, nms=0.6
creating index...
index created!
Loading and preparing results...
DONE (t=0.02s)
creating index...
index created!
Running per image evaluation...
Evaluate annotation type *bbox*
DONE (t=2.04s).
Accumulating evaluation results...
DONE (t=0.65s).
 Average Precision  (AP) @[ IoU=0.50:0.95 | area=   all | maxDets=100 ] = 0.210
 Average Precision  (AP) @[ IoU=0.50      | area=   all | maxDets=100 ] = 0.313
 Average Precision  (AP) @[ IoU=0.75      | area=   all | maxDets=100 ] = 0.235
 Average Precision  (AP) @[ IoU=0.50:0.95 | area= small | maxDets=100 ] = 0.086
 Average Precision  (AP) @[ IoU=0.50:0.95 | area=medium | maxDets=100 ] = 0.243
 Average Precision  (AP) @[ IoU=0.50:0.95 | area= large | maxDets=100 ] = 0.263
 Average Recall     (AR) @[ IoU=0.50:0.95 | area=   all | maxDets=  1 ] = 0.241
 Average Recall     (AR) @[ IoU=0.50:0.95 | area=   all | maxDets= 10 ] = 0.356
 Average Recall     (AR) @[ IoU=0.50:0.95 | area=   all | maxDets=100 ] = 0.371
 Average Recall     (AR) @[ IoU=0.50:0.95 | area= small | maxDets=100 ] = 0.128
 Average Recall     (AR) @[ IoU=0.50:0.95 | area=medium | maxDets=100 ] = 0.400
 Average Recall     (AR) @[ IoU=0.50:0.95 | area= large | maxDets=100 ] = 0.466
sweep 70/96: alpha=2.0, beta=1.0, threshold=0.05, top_k=200, nms=0.4
creating index...
index created!
Loading and preparing results...
DONE (t=0.02s)
creating index...
index created!
Running per image evaluation...
Evaluate annotation type *bbox*
DONE (t=1.85s).
Accumulating evaluation results...
DONE (t=0.62s).
 Average Precision  (AP) @[ IoU=0.50:0.95 | area=   all | maxDets=100 ] = 0.210
 Average Precision  (AP) @[ IoU=0.50      | area=   all | maxDets=100 ] = 0.323
 Average Precision  (AP) @[ IoU=0.75      | area=   all | maxDets=100 ] = 0.232
 Average Precision  (AP) @[ IoU=0.50:0.95 | area= small | maxDets=100 ] = 0.085
 Average Precision  (AP) @[ IoU=0.50:0.95 | area=medium | maxDets=100 ] = 0.242
 Average Precision  (AP) @[ IoU=0.50:0.95 | area= large | maxDets=100 ] = 0.262
 Average Recall     (AR) @[ IoU=0.50:0.95 | area=   all | maxDets=  1 ] = 0.243
 Average Recall     (AR) @[ IoU=0.50:0.95 | area=   all | maxDets= 10 ] = 0.343
 Average Recall     (AR) @[ IoU=0.50:0.95 | area=   all | maxDets=100 ] = 0.352
 Average Recall     (AR) @[ IoU=0.50:0.95 | area= small | maxDets=100 ] = 0.125
 Average Recall     (AR) @[ IoU=0.50:0.95 | area=medium | maxDets=100 ] = 0.383
 Average Recall     (AR) @[ IoU=0.50:0.95 | area= large | maxDets=100 ] = 0.435
sweep 71/96: alpha=2.0, beta=1.0, threshold=0.05, top_k=200, nms=0.5
creating index...
index created!
Loading and preparing results...
DONE (t=0.02s)
creating index...
index created!
Running per image evaluation...
Evaluate annotation type *bbox*
DONE (t=2.07s).
Accumulating evaluation results...
DONE (t=0.65s).
 Average Precision  (AP) @[ IoU=0.50:0.95 | area=   all | maxDets=100 ] = 0.212
 Average Precision  (AP) @[ IoU=0.50      | area=   all | maxDets=100 ] = 0.323
 Average Precision  (AP) @[ IoU=0.75      | area=   all | maxDets=100 ] = 0.234
 Average Precision  (AP) @[ IoU=0.50:0.95 | area= small | maxDets=100 ] = 0.087
 Average Precision  (AP) @[ IoU=0.50:0.95 | area=medium | maxDets=100 ] = 0.242
 Average Precision  (AP) @[ IoU=0.50:0.95 | area= large | maxDets=100 ] = 0.265
 Average Recall     (AR) @[ IoU=0.50:0.95 | area=   all | maxDets=  1 ] = 0.243
 Average Recall     (AR) @[ IoU=0.50:0.95 | area=   all | maxDets= 10 ] = 0.356
 Average Recall     (AR) @[ IoU=0.50:0.95 | area=   all | maxDets=100 ] = 0.368
 Average Recall     (AR) @[ IoU=0.50:0.95 | area= small | maxDets=100 ] = 0.133
 Average Recall     (AR) @[ IoU=0.50:0.95 | area=medium | maxDets=100 ] = 0.397
 Average Recall     (AR) @[ IoU=0.50:0.95 | area= large | maxDets=100 ] = 0.459
sweep 72/96: alpha=2.0, beta=1.0, threshold=0.05, top_k=200, nms=0.6
creating index...
index created!
Loading and preparing results...
DONE (t=0.12s)
creating index...
index created!
Running per image evaluation...
Evaluate annotation type *bbox*
DONE (t=2.38s).
Accumulating evaluation results...
DONE (t=0.69s).
 Average Precision  (AP) @[ IoU=0.50:0.95 | area=   all | maxDets=100 ] = 0.210
 Average Precision  (AP) @[ IoU=0.50      | area=   all | maxDets=100 ] = 0.314
 Average Precision  (AP) @[ IoU=0.75      | area=   all | maxDets=100 ] = 0.235
 Average Precision  (AP) @[ IoU=0.50:0.95 | area= small | maxDets=100 ] = 0.087
 Average Precision  (AP) @[ IoU=0.50:0.95 | area=medium | maxDets=100 ] = 0.244
 Average Precision  (AP) @[ IoU=0.50:0.95 | area= large | maxDets=100 ] = 0.263
 Average Recall     (AR) @[ IoU=0.50:0.95 | area=   all | maxDets=  1 ] = 0.243
 Average Recall     (AR) @[ IoU=0.50:0.95 | area=   all | maxDets= 10 ] = 0.360
 Average Recall     (AR) @[ IoU=0.50:0.95 | area=   all | maxDets=100 ] = 0.379
 Average Recall     (AR) @[ IoU=0.50:0.95 | area= small | maxDets=100 ] = 0.136
 Average Recall     (AR) @[ IoU=0.50:0.95 | area=medium | maxDets=100 ] = 0.411
 Average Recall     (AR) @[ IoU=0.50:0.95 | area= large | maxDets=100 ] = 0.469
sweep 73/96: alpha=2.0, beta=1.0, threshold=0.1, top_k=20, nms=0.4
creating index...
index created!
Loading and preparing results...
DONE (t=0.01s)
creating index...
index created!
Running per image evaluation...
Evaluate annotation type *bbox*
DONE (t=0.93s).
Accumulating evaluation results...
DONE (t=0.43s).
 Average Precision  (AP) @[ IoU=0.50:0.95 | area=   all | maxDets=100 ] = 0.195
 Average Precision  (AP) @[ IoU=0.50      | area=   all | maxDets=100 ] = 0.295
 Average Precision  (AP) @[ IoU=0.75      | area=   all | maxDets=100 ] = 0.215
 Average Precision  (AP) @[ IoU=0.50:0.95 | area= small | maxDets=100 ] = 0.073
 Average Precision  (AP) @[ IoU=0.50:0.95 | area=medium | maxDets=100 ] = 0.223
 Average Precision  (AP) @[ IoU=0.50:0.95 | area= large | maxDets=100 ] = 0.258
 Average Recall     (AR) @[ IoU=0.50:0.95 | area=   all | maxDets=  1 ] = 0.220
 Average Recall     (AR) @[ IoU=0.50:0.95 | area=   all | maxDets= 10 ] = 0.295
 Average Recall     (AR) @[ IoU=0.50:0.95 | area=   all | maxDets=100 ] = 0.296
 Average Recall     (AR) @[ IoU=0.50:0.95 | area= small | maxDets=100 ] = 0.093
 Average Recall     (AR) @[ IoU=0.50:0.95 | area=medium | maxDets=100 ] = 0.305
 Average Recall     (AR) @[ IoU=0.50:0.95 | area= large | maxDets=100 ] = 0.399
sweep 74/96: alpha=2.0, beta=1.0, threshold=0.1, top_k=20, nms=0.5
creating index...
index created!
Loading and preparing results...
DONE (t=0.01s)
creating index...
index created!
Running per image evaluation...
Evaluate annotation type *bbox*
DONE (t=1.04s).
Accumulating evaluation results...
DONE (t=0.43s).
 Average Precision  (AP) @[ IoU=0.50:0.95 | area=   all | maxDets=100 ] = 0.196
 Average Precision  (AP) @[ IoU=0.50      | area=   all | maxDets=100 ] = 0.294
 Average Precision  (AP) @[ IoU=0.75      | area=   all | maxDets=100 ] = 0.216
 Average Precision  (AP) @[ IoU=0.50:0.95 | area= small | maxDets=100 ] = 0.073
 Average Precision  (AP) @[ IoU=0.50:0.95 | area=medium | maxDets=100 ] = 0.221
 Average Precision  (AP) @[ IoU=0.50:0.95 | area= large | maxDets=100 ] = 0.260
 Average Recall     (AR) @[ IoU=0.50:0.95 | area=   all | maxDets=  1 ] = 0.218
 Average Recall     (AR) @[ IoU=0.50:0.95 | area=   all | maxDets= 10 ] = 0.300
 Average Recall     (AR) @[ IoU=0.50:0.95 | area=   all | maxDets=100 ] = 0.301
 Average Recall     (AR) @[ IoU=0.50:0.95 | area= small | maxDets=100 ] = 0.092
 Average Recall     (AR) @[ IoU=0.50:0.95 | area=medium | maxDets=100 ] = 0.302
 Average Recall     (AR) @[ IoU=0.50:0.95 | area= large | maxDets=100 ] = 0.414
sweep 75/96: alpha=2.0, beta=1.0, threshold=0.1, top_k=20, nms=0.6
creating index...
index created!
Loading and preparing results...
DONE (t=0.01s)
creating index...
index created!
Running per image evaluation...
Evaluate annotation type *bbox*
DONE (t=1.05s).
Accumulating evaluation results...
DONE (t=0.43s).
 Average Precision  (AP) @[ IoU=0.50:0.95 | area=   all | maxDets=100 ] = 0.192
 Average Precision  (AP) @[ IoU=0.50      | area=   all | maxDets=100 ] = 0.284
 Average Precision  (AP) @[ IoU=0.75      | area=   all | maxDets=100 ] = 0.214
 Average Precision  (AP) @[ IoU=0.50:0.95 | area= small | maxDets=100 ] = 0.073
 Average Precision  (AP) @[ IoU=0.50:0.95 | area=medium | maxDets=100 ] = 0.216
 Average Precision  (AP) @[ IoU=0.50:0.95 | area= large | maxDets=100 ] = 0.258
 Average Recall     (AR) @[ IoU=0.50:0.95 | area=   all | maxDets=  1 ] = 0.211
 Average Recall     (AR) @[ IoU=0.50:0.95 | area=   all | maxDets= 10 ] = 0.294
 Average Recall     (AR) @[ IoU=0.50:0.95 | area=   all | maxDets=100 ] = 0.296
 Average Recall     (AR) @[ IoU=0.50:0.95 | area= small | maxDets=100 ] = 0.092
 Average Recall     (AR) @[ IoU=0.50:0.95 | area=medium | maxDets=100 ] = 0.289
 Average Recall     (AR) @[ IoU=0.50:0.95 | area= large | maxDets=100 ] = 0.413
sweep 76/96: alpha=2.0, beta=1.0, threshold=0.1, top_k=50, nms=0.4
creating index...
index created!
Loading and preparing results...
DONE (t=0.01s)
creating index...
index created!
Running per image evaluation...
Evaluate annotation type *bbox*
DONE (t=1.33s).
Accumulating evaluation results...
DONE (t=0.49s).
 Average Precision  (AP) @[ IoU=0.50:0.95 | area=   all | maxDets=100 ] = 0.199
 Average Precision  (AP) @[ IoU=0.50      | area=   all | maxDets=100 ] = 0.305
 Average Precision  (AP) @[ IoU=0.75      | area=   all | maxDets=100 ] = 0.218
 Average Precision  (AP) @[ IoU=0.50:0.95 | area= small | maxDets=100 ] = 0.083
 Average Precision  (AP) @[ IoU=0.50:0.95 | area=medium | maxDets=100 ] = 0.229
 Average Precision  (AP) @[ IoU=0.50:0.95 | area= large | maxDets=100 ] = 0.260
 Average Recall     (AR) @[ IoU=0.50:0.95 | area=   all | maxDets=  1 ] = 0.228
 Average Recall     (AR) @[ IoU=0.50:0.95 | area=   all | maxDets= 10 ] = 0.315
 Average Recall     (AR) @[ IoU=0.50:0.95 | area=   all | maxDets=100 ] = 0.320
 Average Recall     (AR) @[ IoU=0.50:0.95 | area= small | maxDets=100 ] = 0.112
 Average Recall     (AR) @[ IoU=0.50:0.95 | area=medium | maxDets=100 ] = 0.336
 Average Recall     (AR) @[ IoU=0.50:0.95 | area= large | maxDets=100 ] = 0.414
sweep 77/96: alpha=2.0, beta=1.0, threshold=0.1, top_k=50, nms=0.5
creating index...
index created!
Loading and preparing results...
DONE (t=0.01s)
creating index...
index created!
Running per image evaluation...
Evaluate annotation type *bbox*
DONE (t=1.38s).
Accumulating evaluation results...
DONE (t=0.50s).
 Average Precision  (AP) @[ IoU=0.50:0.95 | area=   all | maxDets=100 ] = 0.201
 Average Precision  (AP) @[ IoU=0.50      | area=   all | maxDets=100 ] = 0.304
 Average Precision  (AP) @[ IoU=0.75      | area=   all | maxDets=100 ] = 0.220
 Average Precision  (AP) @[ IoU=0.50:0.95 | area= small | maxDets=100 ] = 0.082
 Average Precision  (AP) @[ IoU=0.50:0.95 | area=medium | maxDets=100 ] = 0.229
 Average Precision  (AP) @[ IoU=0.50:0.95 | area= large | maxDets=100 ] = 0.263
 Average Recall     (AR) @[ IoU=0.50:0.95 | area=   all | maxDets=  1 ] = 0.227
 Average Recall     (AR) @[ IoU=0.50:0.95 | area=   all | maxDets= 10 ] = 0.324
 Average Recall     (AR) @[ IoU=0.50:0.95 | area=   all | maxDets=100 ] = 0.330
 Average Recall     (AR) @[ IoU=0.50:0.95 | area= small | maxDets=100 ] = 0.112
 Average Recall     (AR) @[ IoU=0.50:0.95 | area=medium | maxDets=100 ] = 0.345
 Average Recall     (AR) @[ IoU=0.50:0.95 | area= large | maxDets=100 ] = 0.432
sweep 78/96: alpha=2.0, beta=1.0, threshold=0.1, top_k=50, nms=0.6
creating index...
index created!
Loading and preparing results...
DONE (t=0.02s)
creating index...
index created!
Running per image evaluation...
Evaluate annotation type *bbox*
DONE (t=1.45s).
Accumulating evaluation results...
DONE (t=0.51s).
 Average Precision  (AP) @[ IoU=0.50:0.95 | area=   all | maxDets=100 ] = 0.198
 Average Precision  (AP) @[ IoU=0.50      | area=   all | maxDets=100 ] = 0.295
 Average Precision  (AP) @[ IoU=0.75      | area=   all | maxDets=100 ] = 0.220
 Average Precision  (AP) @[ IoU=0.50:0.95 | area= small | maxDets=100 ] = 0.083
 Average Precision  (AP) @[ IoU=0.50:0.95 | area=medium | maxDets=100 ] = 0.230
 Average Precision  (AP) @[ IoU=0.50:0.95 | area= large | maxDets=100 ] = 0.261
 Average Recall     (AR) @[ IoU=0.50:0.95 | area=   all | maxDets=  1 ] = 0.224
 Average Recall     (AR) @[ IoU=0.50:0.95 | area=   all | maxDets= 10 ] = 0.327
 Average Recall     (AR) @[ IoU=0.50:0.95 | area=   all | maxDets=100 ] = 0.335
 Average Recall     (AR) @[ IoU=0.50:0.95 | area= small | maxDets=100 ] = 0.114
 Average Recall     (AR) @[ IoU=0.50:0.95 | area=medium | maxDets=100 ] = 0.352
 Average Recall     (AR) @[ IoU=0.50:0.95 | area= large | maxDets=100 ] = 0.439
sweep 79/96: alpha=2.0, beta=1.0, threshold=0.1, top_k=100, nms=0.4
creating index...
index created!
Loading and preparing results...
DONE (t=0.01s)
creating index...
index created!
Running per image evaluation...
Evaluate annotation type *bbox*
DONE (t=1.40s).
Accumulating evaluation results...
DONE (t=0.50s).
 Average Precision  (AP) @[ IoU=0.50:0.95 | area=   all | maxDets=100 ] = 0.200
 Average Precision  (AP) @[ IoU=0.50      | area=   all | maxDets=100 ] = 0.306
 Average Precision  (AP) @[ IoU=0.75      | area=   all | maxDets=100 ] = 0.218
 Average Precision  (AP) @[ IoU=0.50:0.95 | area= small | maxDets=100 ] = 0.084
 Average Precision  (AP) @[ IoU=0.50:0.95 | area=medium | maxDets=100 ] = 0.230
 Average Precision  (AP) @[ IoU=0.50:0.95 | area= large | maxDets=100 ] = 0.260
 Average Recall     (AR) @[ IoU=0.50:0.95 | area=   all | maxDets=  1 ] = 0.230
 Average Recall     (AR) @[ IoU=0.50:0.95 | area=   all | maxDets= 10 ] = 0.319
 Average Recall     (AR) @[ IoU=0.50:0.95 | area=   all | maxDets=100 ] = 0.325
 Average Recall     (AR) @[ IoU=0.50:0.95 | area= small | maxDets=100 ] = 0.115
 Average Recall     (AR) @[ IoU=0.50:0.95 | area=medium | maxDets=100 ] = 0.346
 Average Recall     (AR) @[ IoU=0.50:0.95 | area= large | maxDets=100 ] = 0.415
sweep 80/96: alpha=2.0, beta=1.0, threshold=0.1, top_k=100, nms=0.5
creating index...
index created!
Loading and preparing results...
DONE (t=0.10s)
creating index...
index created!
Running per image evaluation...
Evaluate annotation type *bbox*
DONE (t=1.55s).
Accumulating evaluation results...
DONE (t=0.52s).
 Average Precision  (AP) @[ IoU=0.50:0.95 | area=   all | maxDets=100 ] = 0.201
 Average Precision  (AP) @[ IoU=0.50      | area=   all | maxDets=100 ] = 0.306
 Average Precision  (AP) @[ IoU=0.75      | area=   all | maxDets=100 ] = 0.220
 Average Precision  (AP) @[ IoU=0.50:0.95 | area= small | maxDets=100 ] = 0.085
 Average Precision  (AP) @[ IoU=0.50:0.95 | area=medium | maxDets=100 ] = 0.230
 Average Precision  (AP) @[ IoU=0.50:0.95 | area= large | maxDets=100 ] = 0.263
 Average Recall     (AR) @[ IoU=0.50:0.95 | area=   all | maxDets=  1 ] = 0.229
 Average Recall     (AR) @[ IoU=0.50:0.95 | area=   all | maxDets= 10 ] = 0.329
 Average Recall     (AR) @[ IoU=0.50:0.95 | area=   all | maxDets=100 ] = 0.337
 Average Recall     (AR) @[ IoU=0.50:0.95 | area= small | maxDets=100 ] = 0.119
 Average Recall     (AR) @[ IoU=0.50:0.95 | area=medium | maxDets=100 ] = 0.354
 Average Recall     (AR) @[ IoU=0.50:0.95 | area= large | maxDets=100 ] = 0.435
sweep 81/96: alpha=2.0, beta=1.0, threshold=0.1, top_k=100, nms=0.6
creating index...
index created!
Loading and preparing results...
DONE (t=0.02s)
creating index...
index created!
Running per image evaluation...
Evaluate annotation type *bbox*
DONE (t=1.73s).
Accumulating evaluation results...
DONE (t=0.54s).
 Average Precision  (AP) @[ IoU=0.50:0.95 | area=   all | maxDets=100 ] = 0.200
 Average Precision  (AP) @[ IoU=0.50      | area=   all | maxDets=100 ] = 0.298
 Average Precision  (AP) @[ IoU=0.75      | area=   all | maxDets=100 ] = 0.222
 Average Precision  (AP) @[ IoU=0.50:0.95 | area= small | maxDets=100 ] = 0.085
 Average Precision  (AP) @[ IoU=0.50:0.95 | area=medium | maxDets=100 ] = 0.232
 Average Precision  (AP) @[ IoU=0.50:0.95 | area= large | maxDets=100 ] = 0.261
 Average Recall     (AR) @[ IoU=0.50:0.95 | area=   all | maxDets=  1 ] = 0.229
 Average Recall     (AR) @[ IoU=0.50:0.95 | area=   all | maxDets= 10 ] = 0.335
 Average Recall     (AR) @[ IoU=0.50:0.95 | area=   all | maxDets=100 ] = 0.347
 Average Recall     (AR) @[ IoU=0.50:0.95 | area= small | maxDets=100 ] = 0.122
 Average Recall     (AR) @[ IoU=0.50:0.95 | area=medium | maxDets=100 ] = 0.367
 Average Recall     (AR) @[ IoU=0.50:0.95 | area= large | maxDets=100 ] = 0.446
sweep 82/96: alpha=2.0, beta=1.0, threshold=0.1, top_k=200, nms=0.4
creating index...
index created!
Loading and preparing results...
DONE (t=0.01s)
creating index...
index created!
Running per image evaluation...
Evaluate annotation type *bbox*
DONE (t=1.42s).
Accumulating evaluation results...
DONE (t=0.50s).
 Average Precision  (AP) @[ IoU=0.50:0.95 | area=   all | maxDets=100 ] = 0.200
 Average Precision  (AP) @[ IoU=0.50      | area=   all | maxDets=100 ] = 0.306
 Average Precision  (AP) @[ IoU=0.75      | area=   all | maxDets=100 ] = 0.218
 Average Precision  (AP) @[ IoU=0.50:0.95 | area= small | maxDets=100 ] = 0.084
 Average Precision  (AP) @[ IoU=0.50:0.95 | area=medium | maxDets=100 ] = 0.230
 Average Precision  (AP) @[ IoU=0.50:0.95 | area= large | maxDets=100 ] = 0.260
 Average Recall     (AR) @[ IoU=0.50:0.95 | area=   all | maxDets=  1 ] = 0.230
 Average Recall     (AR) @[ IoU=0.50:0.95 | area=   all | maxDets= 10 ] = 0.319
 Average Recall     (AR) @[ IoU=0.50:0.95 | area=   all | maxDets=100 ] = 0.325
 Average Recall     (AR) @[ IoU=0.50:0.95 | area= small | maxDets=100 ] = 0.115
 Average Recall     (AR) @[ IoU=0.50:0.95 | area=medium | maxDets=100 ] = 0.346
 Average Recall     (AR) @[ IoU=0.50:0.95 | area= large | maxDets=100 ] = 0.415
sweep 83/96: alpha=2.0, beta=1.0, threshold=0.1, top_k=200, nms=0.5
creating index...
index created!
Loading and preparing results...
DONE (t=0.01s)
creating index...
index created!
Running per image evaluation...
Evaluate annotation type *bbox*
DONE (t=1.58s).
Accumulating evaluation results...
DONE (t=0.52s).
 Average Precision  (AP) @[ IoU=0.50:0.95 | area=   all | maxDets=100 ] = 0.202
 Average Precision  (AP) @[ IoU=0.50      | area=   all | maxDets=100 ] = 0.306
 Average Precision  (AP) @[ IoU=0.75      | area=   all | maxDets=100 ] = 0.220
 Average Precision  (AP) @[ IoU=0.50:0.95 | area= small | maxDets=100 ] = 0.085
 Average Precision  (AP) @[ IoU=0.50:0.95 | area=medium | maxDets=100 ] = 0.231
 Average Precision  (AP) @[ IoU=0.50:0.95 | area= large | maxDets=100 ] = 0.263
 Average Recall     (AR) @[ IoU=0.50:0.95 | area=   all | maxDets=  1 ] = 0.230
 Average Recall     (AR) @[ IoU=0.50:0.95 | area=   all | maxDets= 10 ] = 0.330
 Average Recall     (AR) @[ IoU=0.50:0.95 | area=   all | maxDets=100 ] = 0.338
 Average Recall     (AR) @[ IoU=0.50:0.95 | area= small | maxDets=100 ] = 0.120
 Average Recall     (AR) @[ IoU=0.50:0.95 | area=medium | maxDets=100 ] = 0.358
 Average Recall     (AR) @[ IoU=0.50:0.95 | area= large | maxDets=100 ] = 0.435
sweep 84/96: alpha=2.0, beta=1.0, threshold=0.1, top_k=200, nms=0.6
creating index...
index created!
Loading and preparing results...
DONE (t=0.10s)
creating index...
index created!
Running per image evaluation...
Evaluate annotation type *bbox*
DONE (t=1.82s).
Accumulating evaluation results...
DONE (t=0.55s).
 Average Precision  (AP) @[ IoU=0.50:0.95 | area=   all | maxDets=100 ] = 0.200
 Average Precision  (AP) @[ IoU=0.50      | area=   all | maxDets=100 ] = 0.298
 Average Precision  (AP) @[ IoU=0.75      | area=   all | maxDets=100 ] = 0.222
 Average Precision  (AP) @[ IoU=0.50:0.95 | area= small | maxDets=100 ] = 0.086
 Average Precision  (AP) @[ IoU=0.50:0.95 | area=medium | maxDets=100 ] = 0.232
 Average Precision  (AP) @[ IoU=0.50:0.95 | area= large | maxDets=100 ] = 0.261
 Average Recall     (AR) @[ IoU=0.50:0.95 | area=   all | maxDets=  1 ] = 0.230
 Average Recall     (AR) @[ IoU=0.50:0.95 | area=   all | maxDets= 10 ] = 0.337
 Average Recall     (AR) @[ IoU=0.50:0.95 | area=   all | maxDets=100 ] = 0.350
 Average Recall     (AR) @[ IoU=0.50:0.95 | area= small | maxDets=100 ] = 0.125
 Average Recall     (AR) @[ IoU=0.50:0.95 | area=medium | maxDets=100 ] = 0.372
 Average Recall     (AR) @[ IoU=0.50:0.95 | area= large | maxDets=100 ] = 0.446
sweep 85/96: alpha=2.0, beta=1.0, threshold=0.2, top_k=20, nms=0.4
creating index...
index created!
Loading and preparing results...
DONE (t=0.01s)
creating index...
index created!
Running per image evaluation...
Evaluate annotation type *bbox*
DONE (t=0.81s).
Accumulating evaluation results...
DONE (t=0.38s).
 Average Precision  (AP) @[ IoU=0.50:0.95 | area=   all | maxDets=100 ] = 0.192
 Average Precision  (AP) @[ IoU=0.50      | area=   all | maxDets=100 ] = 0.289
 Average Precision  (AP) @[ IoU=0.75      | area=   all | maxDets=100 ] = 0.212
 Average Precision  (AP) @[ IoU=0.50:0.95 | area= small | maxDets=100 ] = 0.070
 Average Precision  (AP) @[ IoU=0.50:0.95 | area=medium | maxDets=100 ] = 0.219
 Average Precision  (AP) @[ IoU=0.50:0.95 | area= large | maxDets=100 ] = 0.254
 Average Recall     (AR) @[ IoU=0.50:0.95 | area=   all | maxDets=  1 ] = 0.214
 Average Recall     (AR) @[ IoU=0.50:0.95 | area=   all | maxDets= 10 ] = 0.279
 Average Recall     (AR) @[ IoU=0.50:0.95 | area=   all | maxDets=100 ] = 0.280
 Average Recall     (AR) @[ IoU=0.50:0.95 | area= small | maxDets=100 ] = 0.084
 Average Recall     (AR) @[ IoU=0.50:0.95 | area=medium | maxDets=100 ] = 0.289
 Average Recall     (AR) @[ IoU=0.50:0.95 | area= large | maxDets=100 ] = 0.378
sweep 86/96: alpha=2.0, beta=1.0, threshold=0.2, top_k=20, nms=0.5
creating index...
index created!
Loading and preparing results...
DONE (t=0.01s)
creating index...
index created!
Running per image evaluation...
Evaluate annotation type *bbox*
DONE (t=0.89s).
Accumulating evaluation results...
DONE (t=0.38s).
 Average Precision  (AP) @[ IoU=0.50:0.95 | area=   all | maxDets=100 ] = 0.193
 Average Precision  (AP) @[ IoU=0.50      | area=   all | maxDets=100 ] = 0.289
 Average Precision  (AP) @[ IoU=0.75      | area=   all | maxDets=100 ] = 0.214
 Average Precision  (AP) @[ IoU=0.50:0.95 | area= small | maxDets=100 ] = 0.069
 Average Precision  (AP) @[ IoU=0.50:0.95 | area=medium | maxDets=100 ] = 0.218
 Average Precision  (AP) @[ IoU=0.50:0.95 | area= large | maxDets=100 ] = 0.257
 Average Recall     (AR) @[ IoU=0.50:0.95 | area=   all | maxDets=  1 ] = 0.213
 Average Recall     (AR) @[ IoU=0.50:0.95 | area=   all | maxDets= 10 ] = 0.285
 Average Recall     (AR) @[ IoU=0.50:0.95 | area=   all | maxDets=100 ] = 0.286
 Average Recall     (AR) @[ IoU=0.50:0.95 | area= small | maxDets=100 ] = 0.084
 Average Recall     (AR) @[ IoU=0.50:0.95 | area=medium | maxDets=100 ] = 0.286
 Average Recall     (AR) @[ IoU=0.50:0.95 | area= large | maxDets=100 ] = 0.391
sweep 87/96: alpha=2.0, beta=1.0, threshold=0.2, top_k=20, nms=0.6
creating index...
index created!
Loading and preparing results...
DONE (t=0.09s)
creating index...
index created!
Running per image evaluation...
Evaluate annotation type *bbox*
DONE (t=0.83s).
Accumulating evaluation results...
DONE (t=0.39s).
 Average Precision  (AP) @[ IoU=0.50:0.95 | area=   all | maxDets=100 ] = 0.190
 Average Precision  (AP) @[ IoU=0.50      | area=   all | maxDets=100 ] = 0.280
 Average Precision  (AP) @[ IoU=0.75      | area=   all | maxDets=100 ] = 0.212
 Average Precision  (AP) @[ IoU=0.50:0.95 | area= small | maxDets=100 ] = 0.069
 Average Precision  (AP) @[ IoU=0.50:0.95 | area=medium | maxDets=100 ] = 0.212
 Average Precision  (AP) @[ IoU=0.50:0.95 | area= large | maxDets=100 ] = 0.256
 Average Recall     (AR) @[ IoU=0.50:0.95 | area=   all | maxDets=  1 ] = 0.208
 Average Recall     (AR) @[ IoU=0.50:0.95 | area=   all | maxDets= 10 ] = 0.282
 Average Recall     (AR) @[ IoU=0.50:0.95 | area=   all | maxDets=100 ] = 0.284
 Average Recall     (AR) @[ IoU=0.50:0.95 | area= small | maxDets=100 ] = 0.084
 Average Recall     (AR) @[ IoU=0.50:0.95 | area=medium | maxDets=100 ] = 0.279
 Average Recall     (AR) @[ IoU=0.50:0.95 | area= large | maxDets=100 ] = 0.398
sweep 88/96: alpha=2.0, beta=1.0, threshold=0.2, top_k=50, nms=0.4
creating index...
index created!
Loading and preparing results...
DONE (t=0.09s)
creating index...
index created!
Running per image evaluation...
Evaluate annotation type *bbox*
DONE (t=0.90s).
Accumulating evaluation results...
DONE (t=0.40s).
 Average Precision  (AP) @[ IoU=0.50:0.95 | area=   all | maxDets=100 ] = 0.194
 Average Precision  (AP) @[ IoU=0.50      | area=   all | maxDets=100 ] = 0.294
 Average Precision  (AP) @[ IoU=0.75      | area=   all | maxDets=100 ] = 0.214
 Average Precision  (AP) @[ IoU=0.50:0.95 | area= small | maxDets=100 ] = 0.075
 Average Precision  (AP) @[ IoU=0.50:0.95 | area=medium | maxDets=100 ] = 0.222
 Average Precision  (AP) @[ IoU=0.50:0.95 | area= large | maxDets=100 ] = 0.255
 Average Recall     (AR) @[ IoU=0.50:0.95 | area=   all | maxDets=  1 ] = 0.217
 Average Recall     (AR) @[ IoU=0.50:0.95 | area=   all | maxDets= 10 ] = 0.287
 Average Recall     (AR) @[ IoU=0.50:0.95 | area=   all | maxDets=100 ] = 0.291
 Average Recall     (AR) @[ IoU=0.50:0.95 | area= small | maxDets=100 ] = 0.093
 Average Recall     (AR) @[ IoU=0.50:0.95 | area=medium | maxDets=100 ] = 0.304
 Average Recall     (AR) @[ IoU=0.50:0.95 | area= large | maxDets=100 ] = 0.382
sweep 89/96: alpha=2.0, beta=1.0, threshold=0.2, top_k=50, nms=0.5
creating index...
index created!
Loading and preparing results...
DONE (t=0.01s)
creating index...
index created!
Running per image evaluation...
Evaluate annotation type *bbox*
DONE (t=1.07s).
Accumulating evaluation results...
DONE (t=0.40s).
 Average Precision  (AP) @[ IoU=0.50:0.95 | area=   all | maxDets=100 ] = 0.196
 Average Precision  (AP) @[ IoU=0.50      | area=   all | maxDets=100 ] = 0.294
 Average Precision  (AP) @[ IoU=0.75      | area=   all | maxDets=100 ] = 0.216
 Average Precision  (AP) @[ IoU=0.50:0.95 | area= small | maxDets=100 ] = 0.074
 Average Precision  (AP) @[ IoU=0.50:0.95 | area=medium | maxDets=100 ] = 0.222
 Average Precision  (AP) @[ IoU=0.50:0.95 | area= large | maxDets=100 ] = 0.258
 Average Recall     (AR) @[ IoU=0.50:0.95 | area=   all | maxDets=  1 ] = 0.217
 Average Recall     (AR) @[ IoU=0.50:0.95 | area=   all | maxDets= 10 ] = 0.296
 Average Recall     (AR) @[ IoU=0.50:0.95 | area=   all | maxDets=100 ] = 0.300
 Average Recall     (AR) @[ IoU=0.50:0.95 | area= small | maxDets=100 ] = 0.092
 Average Recall     (AR) @[ IoU=0.50:0.95 | area=medium | maxDets=100 ] = 0.309
 Average Recall     (AR) @[ IoU=0.50:0.95 | area= large | maxDets=100 ] = 0.399
sweep 90/96: alpha=2.0, beta=1.0, threshold=0.2, top_k=50, nms=0.6
creating index...
index created!
Loading and preparing results...
DONE (t=0.01s)
creating index...
index created!
Running per image evaluation...
Evaluate annotation type *bbox*
DONE (t=1.15s).
Accumulating evaluation results...
DONE (t=0.42s).
 Average Precision  (AP) @[ IoU=0.50:0.95 | area=   all | maxDets=100 ] = 0.194
 Average Precision  (AP) @[ IoU=0.50      | area=   all | maxDets=100 ] = 0.287
 Average Precision  (AP) @[ IoU=0.75      | area=   all | maxDets=100 ] = 0.216
 Average Precision  (AP) @[ IoU=0.50:0.95 | area= small | maxDets=100 ] = 0.075
 Average Precision  (AP) @[ IoU=0.50:0.95 | area=medium | maxDets=100 ] = 0.223
 Average Precision  (AP) @[ IoU=0.50:0.95 | area= large | maxDets=100 ] = 0.257
 Average Recall     (AR) @[ IoU=0.50:0.95 | area=   all | maxDets=  1 ] = 0.217
 Average Recall     (AR) @[ IoU=0.50:0.95 | area=   all | maxDets= 10 ] = 0.300
 Average Recall     (AR) @[ IoU=0.50:0.95 | area=   all | maxDets=100 ] = 0.306
 Average Recall     (AR) @[ IoU=0.50:0.95 | area= small | maxDets=100 ] = 0.095
 Average Recall     (AR) @[ IoU=0.50:0.95 | area=medium | maxDets=100 ] = 0.317
 Average Recall     (AR) @[ IoU=0.50:0.95 | area= large | maxDets=100 ] = 0.409
sweep 91/96: alpha=2.0, beta=1.0, threshold=0.2, top_k=100, nms=0.4
creating index...
index created!
Loading and preparing results...
DONE (t=0.01s)
creating index...
index created!
Running per image evaluation...
Evaluate annotation type *bbox*
DONE (t=0.93s).
Accumulating evaluation results...
DONE (t=0.39s).
 Average Precision  (AP) @[ IoU=0.50:0.95 | area=   all | maxDets=100 ] = 0.194
 Average Precision  (AP) @[ IoU=0.50      | area=   all | maxDets=100 ] = 0.294
 Average Precision  (AP) @[ IoU=0.75      | area=   all | maxDets=100 ] = 0.214
 Average Precision  (AP) @[ IoU=0.50:0.95 | area= small | maxDets=100 ] = 0.075
 Average Precision  (AP) @[ IoU=0.50:0.95 | area=medium | maxDets=100 ] = 0.222
 Average Precision  (AP) @[ IoU=0.50:0.95 | area= large | maxDets=100 ] = 0.255
 Average Recall     (AR) @[ IoU=0.50:0.95 | area=   all | maxDets=  1 ] = 0.218
 Average Recall     (AR) @[ IoU=0.50:0.95 | area=   all | maxDets= 10 ] = 0.287
 Average Recall     (AR) @[ IoU=0.50:0.95 | area=   all | maxDets=100 ] = 0.291
 Average Recall     (AR) @[ IoU=0.50:0.95 | area= small | maxDets=100 ] = 0.093
 Average Recall     (AR) @[ IoU=0.50:0.95 | area=medium | maxDets=100 ] = 0.304
 Average Recall     (AR) @[ IoU=0.50:0.95 | area= large | maxDets=100 ] = 0.382
sweep 92/96: alpha=2.0, beta=1.0, threshold=0.2, top_k=100, nms=0.5
creating index...
index created!
Loading and preparing results...
DONE (t=0.01s)
creating index...
index created!
Running per image evaluation...
Evaluate annotation type *bbox*
DONE (t=1.14s).
Accumulating evaluation results...
DONE (t=0.41s).
 Average Precision  (AP) @[ IoU=0.50:0.95 | area=   all | maxDets=100 ] = 0.196
 Average Precision  (AP) @[ IoU=0.50      | area=   all | maxDets=100 ] = 0.295
 Average Precision  (AP) @[ IoU=0.75      | area=   all | maxDets=100 ] = 0.216
 Average Precision  (AP) @[ IoU=0.50:0.95 | area= small | maxDets=100 ] = 0.075
 Average Precision  (AP) @[ IoU=0.50:0.95 | area=medium | maxDets=100 ] = 0.222
 Average Precision  (AP) @[ IoU=0.50:0.95 | area= large | maxDets=100 ] = 0.258
 Average Recall     (AR) @[ IoU=0.50:0.95 | area=   all | maxDets=  1 ] = 0.218
 Average Recall     (AR) @[ IoU=0.50:0.95 | area=   all | maxDets= 10 ] = 0.296
 Average Recall     (AR) @[ IoU=0.50:0.95 | area=   all | maxDets=100 ] = 0.301
 Average Recall     (AR) @[ IoU=0.50:0.95 | area= small | maxDets=100 ] = 0.094
 Average Recall     (AR) @[ IoU=0.50:0.95 | area=medium | maxDets=100 ] = 0.311
 Average Recall     (AR) @[ IoU=0.50:0.95 | area= large | maxDets=100 ] = 0.399
sweep 93/96: alpha=2.0, beta=1.0, threshold=0.2, top_k=100, nms=0.6
creating index...
index created!
Loading and preparing results...
DONE (t=0.01s)
creating index...
index created!
Running per image evaluation...
Evaluate annotation type *bbox*
DONE (t=1.14s).
Accumulating evaluation results...
DONE (t=0.42s).
 Average Precision  (AP) @[ IoU=0.50:0.95 | area=   all | maxDets=100 ] = 0.194
 Average Precision  (AP) @[ IoU=0.50      | area=   all | maxDets=100 ] = 0.288
 Average Precision  (AP) @[ IoU=0.75      | area=   all | maxDets=100 ] = 0.217
 Average Precision  (AP) @[ IoU=0.50:0.95 | area= small | maxDets=100 ] = 0.076
 Average Precision  (AP) @[ IoU=0.50:0.95 | area=medium | maxDets=100 ] = 0.223
 Average Precision  (AP) @[ IoU=0.50:0.95 | area= large | maxDets=100 ] = 0.257
 Average Recall     (AR) @[ IoU=0.50:0.95 | area=   all | maxDets=  1 ] = 0.217
 Average Recall     (AR) @[ IoU=0.50:0.95 | area=   all | maxDets= 10 ] = 0.301
 Average Recall     (AR) @[ IoU=0.50:0.95 | area=   all | maxDets=100 ] = 0.308
 Average Recall     (AR) @[ IoU=0.50:0.95 | area= small | maxDets=100 ] = 0.098
 Average Recall     (AR) @[ IoU=0.50:0.95 | area=medium | maxDets=100 ] = 0.320
 Average Recall     (AR) @[ IoU=0.50:0.95 | area= large | maxDets=100 ] = 0.409
sweep 94/96: alpha=2.0, beta=1.0, threshold=0.2, top_k=200, nms=0.4
creating index...
index created!
Loading and preparing results...
DONE (t=0.01s)
creating index...
index created!
Running per image evaluation...
Evaluate annotation type *bbox*
DONE (t=1.05s).
Accumulating evaluation results...
DONE (t=0.40s).
 Average Precision  (AP) @[ IoU=0.50:0.95 | area=   all | maxDets=100 ] = 0.194
 Average Precision  (AP) @[ IoU=0.50      | area=   all | maxDets=100 ] = 0.294
 Average Precision  (AP) @[ IoU=0.75      | area=   all | maxDets=100 ] = 0.214
 Average Precision  (AP) @[ IoU=0.50:0.95 | area= small | maxDets=100 ] = 0.075
 Average Precision  (AP) @[ IoU=0.50:0.95 | area=medium | maxDets=100 ] = 0.222
 Average Precision  (AP) @[ IoU=0.50:0.95 | area= large | maxDets=100 ] = 0.255
 Average Recall     (AR) @[ IoU=0.50:0.95 | area=   all | maxDets=  1 ] = 0.218
 Average Recall     (AR) @[ IoU=0.50:0.95 | area=   all | maxDets= 10 ] = 0.287
 Average Recall     (AR) @[ IoU=0.50:0.95 | area=   all | maxDets=100 ] = 0.291
 Average Recall     (AR) @[ IoU=0.50:0.95 | area= small | maxDets=100 ] = 0.093
 Average Recall     (AR) @[ IoU=0.50:0.95 | area=medium | maxDets=100 ] = 0.304
 Average Recall     (AR) @[ IoU=0.50:0.95 | area= large | maxDets=100 ] = 0.382
sweep 95/96: alpha=2.0, beta=1.0, threshold=0.2, top_k=200, nms=0.5
creating index...
index created!
Loading and preparing results...
DONE (t=0.01s)
creating index...
index created!
Running per image evaluation...
Evaluate annotation type *bbox*
DONE (t=1.01s).
Accumulating evaluation results...
DONE (t=0.41s).
 Average Precision  (AP) @[ IoU=0.50:0.95 | area=   all | maxDets=100 ] = 0.196
 Average Precision  (AP) @[ IoU=0.50      | area=   all | maxDets=100 ] = 0.295
 Average Precision  (AP) @[ IoU=0.75      | area=   all | maxDets=100 ] = 0.216
 Average Precision  (AP) @[ IoU=0.50:0.95 | area= small | maxDets=100 ] = 0.075
 Average Precision  (AP) @[ IoU=0.50:0.95 | area=medium | maxDets=100 ] = 0.222
 Average Precision  (AP) @[ IoU=0.50:0.95 | area= large | maxDets=100 ] = 0.258
 Average Recall     (AR) @[ IoU=0.50:0.95 | area=   all | maxDets=  1 ] = 0.218
 Average Recall     (AR) @[ IoU=0.50:0.95 | area=   all | maxDets= 10 ] = 0.296
 Average Recall     (AR) @[ IoU=0.50:0.95 | area=   all | maxDets=100 ] = 0.301
 Average Recall     (AR) @[ IoU=0.50:0.95 | area= small | maxDets=100 ] = 0.094
 Average Recall     (AR) @[ IoU=0.50:0.95 | area=medium | maxDets=100 ] = 0.311
 Average Recall     (AR) @[ IoU=0.50:0.95 | area= large | maxDets=100 ] = 0.399
sweep 96/96: alpha=2.0, beta=1.0, threshold=0.2, top_k=200, nms=0.6
creating index...
index created!
Loading and preparing results...
DONE (t=0.01s)
creating index...
index created!
Running per image evaluation...
Evaluate annotation type *bbox*
DONE (t=1.23s).
Accumulating evaluation results...
DONE (t=0.42s).
 Average Precision  (AP) @[ IoU=0.50:0.95 | area=   all | maxDets=100 ] = 0.194
 Average Precision  (AP) @[ IoU=0.50      | area=   all | maxDets=100 ] = 0.288
 Average Precision  (AP) @[ IoU=0.75      | area=   all | maxDets=100 ] = 0.217
 Average Precision  (AP) @[ IoU=0.50:0.95 | area= small | maxDets=100 ] = 0.076
 Average Precision  (AP) @[ IoU=0.50:0.95 | area=medium | maxDets=100 ] = 0.223
 Average Precision  (AP) @[ IoU=0.50:0.95 | area= large | maxDets=100 ] = 0.257
 Average Recall     (AR) @[ IoU=0.50:0.95 | area=   all | maxDets=  1 ] = 0.218
 Average Recall     (AR) @[ IoU=0.50:0.95 | area=   all | maxDets= 10 ] = 0.301
 Average Recall     (AR) @[ IoU=0.50:0.95 | area=   all | maxDets=100 ] = 0.308
 Average Recall     (AR) @[ IoU=0.50:0.95 | area= small | maxDets=100 ] = 0.098
 Average Recall     (AR) @[ IoU=0.50:0.95 | area=medium | maxDets=100 ] = 0.320
 Average Recall     (AR) @[ IoU=0.50:0.95 | area= large | maxDets=100 ] = 0.410
{
  "anchors": {
    "p4": [
      [
        0.04,
        0.055
      ],
      [
        0.075,
        0.11
      ],
      [
        0.13,
        0.18
      ]
    ],
    "p5": [
      [
        0.18,
        0.24
      ],
      [
        0.32,
        0.42
      ],
      [
        0.52,
        0.62
      ]
    ]
  },
  "box_parameterization": "yolov5",
  "checkpoint_path": "/home/lidz/YOLO/yolo_final/outputs/dual_scale_three_box_coco_only_noobj1_416_basic_aug_ddp_20260508_014013/best.pth",
  "config_path": "/home/lidz/YOLO/yolo_final/configs/dual_scale_three_box_coco_only_noobj1_416_basic_aug.toml",
  "device": "cuda",
  "manifest_path": "/home/lidz/YOLO/DataSet/Unified/manifests/coco2017_val.jsonl",
  "max_samples": 500,
  "metadata_path": "/home/lidz/YOLO/DataSet/Unified/metadata/class_maps.json",
  "model_name": "deep_residual_dual_scale_three_box",
  "num_boxes": 3,
  "num_combinations": 96,
  "output_shape": {
    "p4": [
      1,
      26,
      26,
      255
    ],
    "p5": [
      1,
      13,
      13,
      255
    ]
  },
  "params_total": 36531294,
  "params_trainable": 36531294,
  "results": [
    {
      "coco_ap": 0.19352891908003067,
      "coco_ap50": 0.2949611165872691,
      "coco_ap75": 0.21075414448282836,
      "coco_ap_large": 0.2547849214413852,
      "coco_ap_medium": 0.2202506153765183,
      "coco_ap_small": 0.07333274836458871,
      "coco_ar1": 0.21896831679335996,
      "coco_ar10": 0.29373788294233605,
      "coco_ar100": 0.2947566359879469,
      "coco_ar_large": 0.40129677881544723,
      "coco_ar_medium": 0.3025099796894223,
      "coco_ar_small": 0.09214432374716938,
      "nms_iou_threshold": 0.4,
      "num_predictions": 9510.0,
      "num_samples": 500.0,
      "score_alpha": 1.5,
      "score_beta": 1.0,
      "score_threshold": 0.03,
      "top_k": 20
    },
    {
      "coco_ap": 0.19352475522285592,
      "coco_ap50": 0.2928833015199412,
      "coco_ap75": 0.21120122286603832,
      "coco_ap_large": 0.2574456837993124,
      "coco_ap_medium": 0.21586512124016413,
      "coco_ap_small": 0.07261136513869508,
      "coco_ar1": 0.21584134527853138,
      "coco_ar10": 0.29573934072902475,
      "coco_ar100": 0.29707609089776216,
      "coco_ar_large": 0.4129629579712294,
      "coco_ar_medium": 0.2942002408161261,
      "coco_ar_small": 0.09109044708748107,
      "nms_iou_threshold": 0.5,
      "num_predictions": 9618.0,
      "num_samples": 500.0,
      "score_alpha": 1.5,
      "score_beta": 1.0,
      "score_threshold": 0.03,
      "top_k": 20
    },
    {
      "coco_ap": 0.18868452052565332,
      "coco_ap50": 0.28058778659748906,
      "coco_ap75": 0.2090328761269334,
      "coco_ap_large": 0.25481494229347795,
      "coco_ap_medium": 0.21078367522605407,
      "coco_ap_small": 0.07208799875294516,
      "coco_ar1": 0.2081537593610557,
      "coco_ar10": 0.2894207355773934,
      "coco_ar100": 0.2910470649772884,
      "coco_ar_large": 0.41152828260279856,
      "coco_ar_medium": 0.28474811955550433,
      "coco_ar_small": 0.08990160653004065,
      "nms_iou_threshold": 0.6,
      "num_predictions": 9763.0,
      "num_samples": 500.0,
      "score_alpha": 1.5,
      "score_beta": 1.0,
      "score_threshold": 0.03,
      "top_k": 20
    },
    {
      "coco_ap": 0.19855606277313217,
      "coco_ap50": 0.30730881306609203,
      "coco_ap75": 0.2142800995698674,
      "coco_ap_large": 0.25852813270082914,
      "coco_ap_medium": 0.22798675285725778,
      "coco_ap_small": 0.08335987320445681,
      "coco_ar1": 0.22935720733853426,
      "coco_ar10": 0.3246416011507274,
      "coco_ar100": 0.3310938479746457,
      "coco_ar_large": 0.43330853131330466,
      "coco_ar_medium": 0.3554189014906551,
      "coco_ar_small": 0.11828383425259559,
      "nms_iou_threshold": 0.4,
      "num_predictions": 20704.0,
      "num_samples": 500.0,
      "score_alpha": 1.5,
      "score_beta": 1.0,
      "score_threshold": 0.03,
      "top_k": 50
    },
    {
      "coco_ap": 0.19961868694406917,
      "coco_ap50": 0.30533790108850134,
      "coco_ap75": 0.21588734791601927,
      "coco_ap_large": 0.2618714927970825,
      "coco_ap_medium": 0.22768587823868677,
      "coco_ap_small": 0.08249326210740067,
      "coco_ar1": 0.22836515325966605,
      "coco_ar10": 0.33147358924080095,
      "coco_ar100": 0.33933038618732275,
      "coco_ar_large": 0.4472150465001104,
      "coco_ar_medium": 0.363231784752975,
      "coco_ar_small": 0.11736207033175168,
      "nms_iou_threshold": 0.5,
      "num_predictions": 21701.0,
      "num_samples": 500.0,
      "score_alpha": 1.5,
      "score_beta": 1.0,
      "score_threshold": 0.03,
      "top_k": 50
    },
    {
      "coco_ap": 0.19606746715363924,
      "coco_ap50": 0.29406405341134795,
      "coco_ap75": 0.21565191229197564,
      "coco_ap_large": 0.25898329307139956,
      "coco_ap_medium": 0.22699463450876853,
      "coco_ap_small": 0.08190662013298633,
      "coco_ar1": 0.22494156792288375,
      "coco_ar10": 0.330524295361017,
      "coco_ar100": 0.3401933351814476,
      "coco_ar_large": 0.4539051702255059,
      "coco_ar_medium": 0.3618379355146243,
      "coco_ar_small": 0.11216272113711634,
      "nms_iou_threshold": 0.6,
      "num_predictions": 22680.0,
      "num_samples": 500.0,
      "score_alpha": 1.5,
      "score_beta": 1.0,
      "score_threshold": 0.03,
      "top_k": 50
    },
    {
      "coco_ap": 0.208596556525043,
      "coco_ap50": 0.32338999455913836,
      "coco_ap75": 0.22746254398396998,
      "coco_ap_large": 0.2592300890869216,
      "coco_ap_medium": 0.23972419419597796,
      "coco_ap_small": 0.08487834804389324,
      "coco_ar1": 0.24216130972372368,
      "coco_ar10": 0.346584955929692,
      "coco_ar100": 0.3551474243647662,
      "coco_ar_large": 0.44636276494816285,
      "coco_ar_medium": 0.38574234633708815,
      "coco_ar_small": 0.12832838234293828,
      "nms_iou_threshold": 0.4,
      "num_predictions": 31811.0,
      "num_samples": 500.0,
      "score_alpha": 1.5,
      "score_beta": 1.0,
      "score_threshold": 0.03,
      "top_k": 100
    },
    {
      "coco_ap": 0.20979261722505305,
      "coco_ap50": 0.3214840973632488,
      "coco_ap75": 0.22923385142967212,
      "coco_ap_large": 0.262592215796801,
      "coco_ap_medium": 0.2387148577461669,
      "coco_ap_small": 0.08672561448476591,
      "coco_ar1": 0.24103786266599778,
      "coco_ar10": 0.3548206783320199,
      "coco_ar100": 0.3667960657108522,
      "coco_ar_large": 0.4681791584560325,
      "coco_ar_medium": 0.3922509062310915,
      "coco_ar_small": 0.13490186638940274,
      "nms_iou_threshold": 0.5,
      "num_predictions": 35295.0,
      "num_samples": 500.0,
      "score_alpha": 1.5,
      "score_beta": 1.0,
      "score_threshold": 0.03,
      "top_k": 100
    },
    {
      "coco_ap": 0.19796806183785476,
      "coco_ap50": 0.2982021286149187,
      "coco_ap75": 0.21729406537979162,
      "coco_ap_large": 0.2596380311518882,
      "coco_ap_medium": 0.22973144085260844,
      "coco_ap_small": 0.08581936166819693,
      "coco_ar1": 0.23048678892788207,
      "coco_ar10": 0.34676535683493503,
      "coco_ar100": 0.3635019053728303,
      "coco_ar_large": 0.46713955521826195,
      "coco_ar_medium": 0.392856587191593,
      "coco_ar_small": 0.13503947774204086,
      "nms_iou_threshold": 0.6,
      "num_predictions": 38885.0,
      "num_samples": 500.0,
      "score_alpha": 1.5,
      "score_beta": 1.0,
      "score_threshold": 0.03,
      "top_k": 100
    },
    {
      "coco_ap": 0.20884686606851405,
      "coco_ap50": 0.3243045105063418,
      "coco_ap75": 0.22750657185554904,
      "coco_ap_large": 0.25927052674354073,
      "coco_ap_medium": 0.23977975656632727,
      "coco_ap_small": 0.08552731067934258,
      "coco_ar1": 0.24343978107530514,
      "coco_ar10": 0.34977137392586616,
      "coco_ar100": 0.36023794846658197,
      "coco_ar_large": 0.44743277628603134,
      "coco_ar_medium": 0.3929203350966169,
      "coco_ar_small": 0.13378110481680122,
      "nms_iou_threshold": 0.4,
      "num_predictions": 39812.0,
      "num_samples": 500.0,
      "score_alpha": 1.5,
      "score_beta": 1.0,
      "score_threshold": 0.03,
      "top_k": 200
    },
    {
      "coco_ap": 0.21030062507406252,
      "coco_ap50": 0.3230697166962325,
      "coco_ap75": 0.22936442919171654,
      "coco_ap_large": 0.2628361708527381,
      "coco_ap_medium": 0.24044560912432664,
      "coco_ap_small": 0.08759132820766259,
      "coco_ar1": 0.24336813072899516,
      "coco_ar10": 0.3610361582283518,
      "coco_ar100": 0.3757050380863928,
      "coco_ar_large": 0.47303000161461256,
      "coco_ar_medium": 0.4059146058692333,
      "coco_ar_small": 0.14223941261157913,
      "nms_iou_threshold": 0.5,
      "num_predictions": 47712.0,
      "num_samples": 500.0,
      "score_alpha": 1.5,
      "score_beta": 1.0,
      "score_threshold": 0.03,
      "top_k": 200
    },
    {
      "coco_ap": 0.2076984088981611,
      "coco_ap50": 0.31321943740352726,
      "coco_ap75": 0.2303768963663426,
      "coco_ap_large": 0.2603415034715643,
      "coco_ap_medium": 0.24102798970052733,
      "coco_ap_small": 0.08747623189575439,
      "coco_ar1": 0.24297889022266603,
      "coco_ar10": 0.3664859407279497,
      "coco_ar100": 0.3890793307429738,
      "coco_ar_large": 0.4853630823268939,
      "coco_ar_medium": 0.42305015185733297,
      "coco_ar_small": 0.14733656646101398,
      "nms_iou_threshold": 0.6,
      "num_predictions": 57014.0,
      "num_samples": 500.0,
      "score_alpha": 1.5,
      "score_beta": 1.0,
      "score_threshold": 0.03,
      "top_k": 200
    },
    {
      "coco_ap": 0.19348772179756588,
      "coco_ap50": 0.2947905100543192,
      "coco_ap75": 0.21075414448282836,
      "coco_ap_large": 0.2547849214413852,
      "coco_ap_medium": 0.2201233169323882,
      "coco_ap_small": 0.07327024211396363,
      "coco_ar1": 0.21873097502120806,
      "coco_ar10": 0.29340317018673717,
      "coco_ar100": 0.2944219232323481,
      "coco_ar_large": 0.40129677881544723,
      "coco_ar_medium": 0.301211278390721,
      "coco_ar_small": 0.09199280859565422,
      "nms_iou_threshold": 0.4,
      "num_predictions": 9267.0,
      "num_samples": 500.0,
      "score_alpha": 1.5,
      "score_beta": 1.0,
      "score_threshold": 0.05,
      "top_k": 20
    },
    {
      "coco_ap": 0.19351671886022842,
      "coco_ap50": 0.2928431197068039,
      "coco_ap75": 0.21120122286603832,
      "coco_ap_large": 0.2574456837993124,
      "coco_ap_medium": 0.21586512124016413,
      "coco_ap_small": 0.07254614122499937,
      "coco_ar1": 0.21584134527853138,
      "coco_ar10": 0.2956419697455779,
      "coco_ar100": 0.29697871991431524,
      "coco_ar_large": 0.4129629579712294,
      "coco_ar_medium": 0.2942002408161261,
      "coco_ar_small": 0.09093893193596592,
      "nms_iou_threshold": 0.5,
      "num_predictions": 9417.0,
      "num_samples": 500.0,
      "score_alpha": 1.5,
      "score_beta": 1.0,
      "score_threshold": 0.05,
      "top_k": 20
    },
    {
      "coco_ap": 0.1886774549987795,
      "coco_ap50": 0.2805524589631199,
      "coco_ap75": 0.2090328761269334,
      "coco_ap_large": 0.25481494229347795,
      "coco_ap_medium": 0.21078367522605407,
      "coco_ap_small": 0.07202799275234512,
      "coco_ar1": 0.2081537593610557,
      "coco_ar10": 0.2893233645939464,
      "coco_ar100": 0.2909496939938414,
      "coco_ar_large": 0.41152828260279856,
      "coco_ar_medium": 0.28474811955550433,
      "coco_ar_small": 0.08975009137852548,
      "nms_iou_threshold": 0.6,
      "num_predictions": 9603.0,
      "num_samples": 500.0,
      "score_alpha": 1.5,
      "score_beta": 1.0,
      "score_threshold": 0.05,
      "top_k": 20
    },
    {
      "coco_ap": 0.19838329868455631,
      "coco_ap50": 0.3068696520816841,
      "coco_ap75": 0.21417486598591778,
      "coco_ap_large": 0.25842262672410293,
      "coco_ap_medium": 0.22780611354041538,
      "coco_ap_small": 0.0825392912854408,
      "coco_ar1": 0.22887486760803202,
      "coco_ar10": 0.3234189898654548,
      "coco_ar100": 0.32927932723751524,
      "coco_ar_large": 0.4320073605924911,
      "coco_ar_medium": 0.3526359701362951,
      "coco_ar_small": 0.11434030487016894,
      "nms_iou_threshold": 0.4,
      "num_predictions": 18833.0,
      "num_samples": 500.0,
      "score_alpha": 1.5,
      "score_beta": 1.0,
      "score_threshold": 0.05,
      "top_k": 50
    },
    {
      "coco_ap": 0.19951708347355612,
      "coco_ap50": 0.3050742936585503,
      "coco_ap75": 0.21580473092789354,
      "coco_ap_large": 0.26186781359758526,
      "coco_ap_medium": 0.22749417400008526,
      "coco_ap_small": 0.0821172583898128,
      "coco_ar1": 0.22812781148751415,
      "coco_ar10": 0.33065715781252963,
      "coco_ar100": 0.3381129130689107,
      "coco_ar_large": 0.4471457229050393,
      "coco_ar_medium": 0.36037670332646504,
      "coco_ar_small": 0.11464500113477574,
      "nms_iou_threshold": 0.5,
      "num_predictions": 20040.0,
      "num_samples": 500.0,
      "score_alpha": 1.5,
      "score_beta": 1.0,
      "score_threshold": 0.05,
      "top_k": 50
    },
    {
      "coco_ap": 0.19600890402277377,
      "coco_ap50": 0.29387154473524696,
      "coco_ap75": 0.21563631836251912,
      "coco_ap_large": 0.25898329307139956,
      "coco_ap_medium": 0.22682570215648734,
      "coco_ap_small": 0.08185979483465998,
      "coco_ar1": 0.22470422615073185,
      "coco_ar10": 0.32994940435680004,
      "coco_ar100": 0.3395790661398928,
      "coco_ar_large": 0.45390044611363894,
      "coco_ar_medium": 0.3598177334944222,
      "coco_ar_small": 0.11186989436438284,
      "nms_iou_threshold": 0.6,
      "num_predictions": 21297.0,
      "num_samples": 500.0,
      "score_alpha": 1.5,
      "score_beta": 1.0,
      "score_threshold": 0.05,
      "top_k": 50
    },
    {
      "coco_ap": 0.2083052259814381,
      "coco_ap50": 0.3224987784557982,
      "coco_ap75": 0.22733353765717468,
      "coco_ap_large": 0.2589540252306954,
      "coco_ap_medium": 0.23845972060761725,
      "coco_ap_small": 0.0839217280238925,
      "coco_ar1": 0.2414139753167752,
      "coco_ar10": 0.3434159168918616,
      "coco_ar100": 0.35131724730333636,
      "coco_ar_large": 0.44048903598568084,
      "coco_ar_medium": 0.3793344685006388,
      "coco_ar_small": 0.12389850186069143,
      "nms_iou_threshold": 0.4,
      "num_predictions": 26537.0,
      "num_samples": 500.0,
      "score_alpha": 1.5,
      "score_beta": 1.0,
      "score_threshold": 0.05,
      "top_k": 100
    },
    {
      "coco_ap": 0.2095747476747503,
      "coco_ap50": 0.3208178800644595,
      "coco_ap75": 0.22915616454567309,
      "coco_ap_large": 0.26244059048042284,
      "coco_ap_medium": 0.2384545471298961,
      "coco_ap_small": 0.08587723139441807,
      "coco_ar1": 0.24055552293549554,
      "coco_ar10": 0.3519370060303209,
      "coco_ar100": 0.3632035499336111,
      "coco_ar_large": 0.4621982523183121,
      "coco_ar_medium": 0.38779445767397397,
      "coco_ar_small": 0.12968024181089982,
      "nms_iou_threshold": 0.5,
      "num_predictions": 30148.0,
      "num_samples": 500.0,
      "score_alpha": 1.5,
      "score_beta": 1.0,
      "score_threshold": 0.05,
      "top_k": 100
    },
    {
      "coco_ap": 0.1978175588909854,
      "coco_ap50": 0.2978346810989092,
      "coco_ap75": 0.21716946381077287,
      "coco_ap_large": 0.2595868973113577,
      "coco_ap_medium": 0.22955755636151468,
      "coco_ap_small": 0.0850252622582946,
      "coco_ar1": 0.23000444919737983,
      "coco_ar10": 0.3452478346474725,
      "coco_ar100": 0.3609088677780656,
      "coco_ar_large": 0.4660011603744649,
      "coco_ar_medium": 0.3893687413392151,
      "coco_ar_small": 0.12987543884809527,
      "nms_iou_threshold": 0.6,
      "num_predictions": 34276.0,
      "num_samples": 500.0,
      "score_alpha": 1.5,
      "score_beta": 1.0,
      "score_threshold": 0.05,
      "top_k": 100
    },
    {
      "coco_ap": 0.2085202899365698,
      "coco_ap50": 0.32328478006586303,
      "coco_ap75": 0.2273645409778021,
      "coco_ap_large": 0.25897532357788433,
      "coco_ap_medium": 0.23881566260769904,
      "coco_ap_small": 0.0845347581660799,
      "coco_ar1": 0.24238159946477908,
      "coco_ar10": 0.3456504202520371,
      "coco_ar100": 0.35507452330618083,
      "coco_ar_large": 0.4410115227581676,
      "coco_ar_medium": 0.38361804752831946,
      "coco_ar_small": 0.12828059598258382,
      "nms_iou_threshold": 0.4,
      "num_predictions": 30502.0,
      "num_samples": 500.0,
      "score_alpha": 1.5,
      "score_beta": 1.0,
      "score_threshold": 0.05,
      "top_k": 200
    },
    {
      "coco_ap": 0.21002940460223662,
      "coco_ap50": 0.32220280055926476,
      "coco_ap75": 0.22927565902410174,
      "coco_ap_large": 0.26264348775534413,
      "coco_ap_medium": 0.23919188432209887,
      "coco_ap_small": 0.08673526170942962,
      "coco_ar1": 0.24238159946477908,
      "coco_ar10": 0.3566790039273562,
      "coco_ar100": 0.37019518288499675,
      "coco_ar_large": 0.46580811423591084,
      "coco_ar_medium": 0.39719135552595924,
      "coco_ar_small": 0.13571281161194254,
      "nms_iou_threshold": 0.5,
      "num_predictions": 37288.0,
      "num_samples": 500.0,
      "score_alpha": 1.5,
      "score_beta": 1.0,
      "score_threshold": 0.05,
      "top_k": 200
    },
    {
      "coco_ap": 0.20741731853964016,
      "coco_ap50": 0.3124913887516752,
      "coco_ap75": 0.23019372136661556,
      "coco_ap_large": 0.2601134945256692,
      "coco_ap_medium": 0.23977224678956743,
      "coco_ap_small": 0.08658176986423174,
      "coco_ar1": 0.24214425769262718,
      "coco_ar10": 0.36159159406990965,
      "coco_ar100": 0.38251181971462833,
      "coco_ar_large": 0.47680118862227294,
      "coco_ar_medium": 0.41373246917511824,
      "coco_ar_small": 0.14054664296212332,
      "nms_iou_threshold": 0.6,
      "num_predictions": 45969.0,
      "num_samples": 500.0,
      "score_alpha": 1.5,
      "score_beta": 1.0,
      "score_threshold": 0.05,
      "top_k": 200
    },
    {
      "coco_ap": 0.1934108967155048,
      "coco_ap50": 0.294592916849506,
      "coco_ap75": 0.21072564747740885,
      "coco_ap_large": 0.2543596044910415,
      "coco_ap_medium": 0.22006583886079797,
      "coco_ap_small": 0.07322124078525934,
      "coco_ar1": 0.2181616568529964,
      "coco_ar10": 0.2927289466942758,
      "coco_ar100": 0.2937476997398867,
      "coco_ar_large": 0.39537085288952134,
      "coco_ar_medium": 0.300654692119849,
      "coco_ar_small": 0.09174244398700085,
      "nms_iou_threshold": 0.4,
      "num_predictions": 8452.0,
      "num_samples": 500.0,
      "score_alpha": 1.5,
      "score_beta": 1.0,
      "score_threshold": 0.1,
      "top_k": 20
    },
    {
      "coco_ap": 0.19345595685853376,
      "coco_ap50": 0.2927034961049604,
      "coco_ap75": 0.21117073288359786,
      "coco_ap_large": 0.25701100112810965,
      "coco_ap_medium": 0.21581271282955597,
      "coco_ap_small": 0.07254614122499937,
      "coco_ar1": 0.2152720271103197,
      "coco_ar10": 0.2950726515773662,
      "coco_ar100": 0.29640940174610353,
      "coco_ar_large": 0.40703703204530345,
      "coco_ar_medium": 0.2936436545452542,
      "coco_ar_small": 0.09093893193596592,
      "nms_iou_threshold": 0.5,
      "num_predictions": 8749.0,
      "num_samples": 500.0,
      "score_alpha": 1.5,
      "score_beta": 1.0,
      "score_threshold": 0.1,
      "top_k": 20
    },
    {
      "coco_ap": 0.18865323195098424,
      "coco_ap50": 0.2805111060150734,
      "coco_ap75": 0.20901813154003987,
      "coco_ap_large": 0.25444477444361663,
      "coco_ap_medium": 0.21076760219017904,
      "coco_ap_small": 0.07202799275234512,
      "coco_ar1": 0.20789777778193105,
      "coco_ar10": 0.28896485894205304,
      "coco_ar100": 0.290591188341948,
      "coco_ar_large": 0.40569494926946514,
      "coco_ar_medium": 0.28456259079854695,
      "coco_ar_small": 0.08975009137852548,
      "nms_iou_threshold": 0.6,
      "num_predictions": 9075.0,
      "num_samples": 500.0,
      "score_alpha": 1.5,
      "score_beta": 1.0,
      "score_threshold": 0.1,
      "top_k": 20
    },
    {
      "coco_ap": 0.19782977869588803,
      "coco_ap50": 0.3052948860055274,
      "coco_ap75": 0.21392042464445912,
      "coco_ap_large": 0.2570243990420664,
      "coco_ap_medium": 0.22713948455759542,
      "coco_ap_small": 0.0821518034513745,
      "coco_ar1": 0.22756285892694442,
      "coco_ar10": 0.3165260243299669,
      "coco_ar100": 0.3221766989470961,
      "coco_ar_large": 0.4145143435270689,
      "coco_ar_medium": 0.3437202735454624,
      "coco_ar_small": 0.11167619353123598,
      "nms_iou_threshold": 0.4,
      "num_predictions": 14544.0,
      "num_samples": 500.0,
      "score_alpha": 1.5,
      "score_beta": 1.0,
      "score_threshold": 0.1,
      "top_k": 50
    },
    {
      "coco_ap": 0.19905457013973324,
      "coco_ap50": 0.3039448940302616,
      "coco_ap75": 0.215578022208255,
      "coco_ap_large": 0.2607983245221083,
      "coco_ap_medium": 0.22696479920066995,
      "coco_ap_small": 0.08176669575775124,
      "coco_ar1": 0.22700687039658662,
      "coco_ar10": 0.32508757626526597,
      "coco_ar100": 0.3323809827506472,
      "coco_ar_large": 0.4340402191343508,
      "coco_ar_medium": 0.35344703898140484,
      "coco_ar_small": 0.11236784981024257,
      "nms_iou_threshold": 0.5,
      "num_predictions": 16090.0,
      "num_samples": 500.0,
      "score_alpha": 1.5,
      "score_beta": 1.0,
      "score_threshold": 0.1,
      "top_k": 50
    },
    {
      "coco_ap": 0.19574275297673596,
      "coco_ap50": 0.29322522576292415,
      "coco_ap75": 0.21553007284819398,
      "coco_ap_large": 0.2581215568651326,
      "coco_ap_medium": 0.22649326865066963,
      "coco_ap_small": 0.08180520748804623,
      "coco_ar1": 0.22384929129719194,
      "coco_ar10": 0.32638112342845665,
      "coco_ar100": 0.33577526186539114,
      "coco_ar_large": 0.4416728945339279,
      "coco_ar_medium": 0.35535164264739477,
      "coco_ar_small": 0.11137232585552871,
      "nms_iou_threshold": 0.6,
      "num_predictions": 17844.0,
      "num_samples": 500.0,
      "score_alpha": 1.5,
      "score_beta": 1.0,
      "score_threshold": 0.1,
      "top_k": 50
    },
    {
      "coco_ap": 0.1985046886179916,
      "coco_ap50": 0.30710258850339595,
      "coco_ap75": 0.2142569687180312,
      "coco_ap_large": 0.257118870601019,
      "coco_ap_medium": 0.22828103845562167,
      "coco_ap_small": 0.08319852346908053,
      "coco_ar1": 0.22978981556045788,
      "coco_ar10": 0.32202486347425013,
      "coco_ar100": 0.3293842477564784,
      "coco_ar_large": 0.41698146212681453,
      "coco_ar_medium": 0.35451277373098267,
      "coco_ar_small": 0.11727345825170478,
      "nms_iou_threshold": 0.4,
      "num_predictions": 17549.0,
      "num_samples": 500.0,
      "score_alpha": 1.5,
      "score_beta": 1.0,
      "score_threshold": 0.1,
      "top_k": 100
    },
    {
      "coco_ap": 0.19996457958485164,
      "coco_ap50": 0.30618256207908917,
      "coco_ap75": 0.2161690096779497,
      "coco_ap_large": 0.2608244619694589,
      "coco_ap_medium": 0.2287228437090739,
      "coco_ap_small": 0.08507335620622498,
      "coco_ar1": 0.22938980774271553,
      "coco_ar10": 0.3326161604123905,
      "coco_ar100": 0.3427535136121681,
      "coco_ar_large": 0.43928449932336977,
      "coco_ar_medium": 0.36727879578046957,
      "coco_ar_small": 0.1227373627756729,
      "nms_iou_threshold": 0.5,
      "num_predictions": 20615.0,
      "num_samples": 500.0,
      "score_alpha": 1.5,
      "score_beta": 1.0,
      "score_threshold": 0.1,
      "top_k": 100
    },
    {
      "coco_ap": 0.1972673498825554,
      "coco_ap50": 0.2963796158625289,
      "coco_ap75": 0.21690559068339782,
      "coco_ap_large": 0.25845499933008925,
      "coco_ap_medium": 0.22887791704372812,
      "coco_ap_small": 0.0843731830605121,
      "coco_ar1": 0.2279916064486115,
      "coco_ar10": 0.3371358269416,
      "coco_ar100": 0.3510267938813276,
      "coco_ar_large": 0.44684988616075233,
      "coco_ar_medium": 0.37643182852660667,
      "coco_ar_small": 0.1246584051569645,
      "nms_iou_threshold": 0.6,
      "num_predictions": 24681.0,
      "num_samples": 500.0,
      "score_alpha": 1.5,
      "score_beta": 1.0,
      "score_threshold": 0.1,
      "top_k": 100
    },
    {
      "coco_ap": 0.19859073851217812,
      "coco_ap50": 0.30735702297339496,
      "coco_ap75": 0.21425208635048204,
      "coco_ap_large": 0.25711510943280846,
      "coco_ap_medium": 0.22858583637476354,
      "coco_ap_small": 0.0833606568796002,
      "coco_ar1": 0.23042272695286295,
      "coco_ar10": 0.3226577748666552,
      "coco_ar100": 0.3304827441627454,
      "coco_ar_large": 0.41698146212681453,
      "coco_ar_medium": 0.35677347599168485,
      "coco_ar_small": 0.11803133525289727,
      "nms_iou_threshold": 0.4,
      "num_predictions": 18241.0,
      "num_samples": 500.0,
      "score_alpha": 1.5,
      "score_beta": 1.0,
      "score_threshold": 0.1,
      "top_k": 200
    },
    {
      "coco_ap": 0.20023704313870208,
      "coco_ap50": 0.306966302208983,
      "coco_ap75": 0.21625741513350533,
      "coco_ap_large": 0.2609230154744526,
      "coco_ap_medium": 0.22937234130430498,
      "coco_ap_small": 0.08552547089369825,
      "coco_ar1": 0.23042272695286295,
      "coco_ar10": 0.33452305849436365,
      "coco_ar100": 0.34602825059233866,
      "coco_ar_large": 0.4413061355640729,
      "coco_ar_medium": 0.3732668756765796,
      "coco_ar_small": 0.12472560134456287,
      "nms_iou_threshold": 0.5,
      "num_predictions": 22385.0,
      "num_samples": 500.0,
      "score_alpha": 1.5,
      "score_beta": 1.0,
      "score_threshold": 0.1,
      "top_k": 200
    },
    {
      "coco_ap": 0.19775714147973028,
      "coco_ap50": 0.2976953934546768,
      "coco_ap75": 0.21719958256103128,
      "coco_ap_large": 0.2585935319059024,
      "coco_ap_medium": 0.22988266271103805,
      "coco_ap_small": 0.08561798599758036,
      "coco_ar1": 0.23042272695286295,
      "coco_ar10": 0.34154275444310317,
      "coco_ar100": 0.3578905532591707,
      "coco_ar_large": 0.450182592541504,
      "coco_ar_medium": 0.38662331774947495,
      "coco_ar_small": 0.13030920672214688,
      "nms_iou_threshold": 0.6,
      "num_predictions": 28706.0,
      "num_samples": 500.0,
      "score_alpha": 1.5,
      "score_beta": 1.0,
      "score_threshold": 0.1,
      "top_k": 200
    },
    {
      "coco_ap": 0.19174827593810767,
      "coco_ap50": 0.2913520516719638,
      "coco_ap75": 0.20926932509431398,
      "coco_ap_large": 0.2516784839862631,
      "coco_ap_medium": 0.21863572727632846,
      "coco_ap_small": 0.07111915126706404,
      "coco_ar1": 0.2147896020272939,
      "coco_ar10": 0.28196956650827043,
      "coco_ar100": 0.2829735381837827,
      "coco_ar_large": 0.37734156911159716,
      "coco_ar_medium": 0.29198019265298475,
      "coco_ar_small": 0.0859703834835417,
      "nms_iou_threshold": 0.4,
      "num_predictions": 6447.0,
      "num_samples": 500.0,
      "score_alpha": 1.5,
      "score_beta": 1.0,
      "score_threshold": 0.2,
      "top_k": 20
    },
    {
      "coco_ap": 0.1919908833954293,
      "coco_ap50": 0.2900394212058952,
      "coco_ap75": 0.20971749099682652,
      "coco_ap_large": 0.25471124694558245,
      "coco_ap_medium": 0.2143920405012325,
      "coco_ap_small": 0.07053816572389196,
      "coco_ar1": 0.21256604404096607,
      "coco_ar10": 0.28558178825987207,
      "coco_ar100": 0.286744556292602,
      "coco_ar_large": 0.3887507156137158,
      "coco_ar_medium": 0.285006823778514,
      "coco_ar_small": 0.08553699682068823,
      "nms_iou_threshold": 0.5,
      "num_predictions": 6867.0,
      "num_samples": 500.0,
      "score_alpha": 1.5,
      "score_beta": 1.0,
      "score_threshold": 0.2,
      "top_k": 20
    },
    {
      "coco_ap": 0.18758439790853593,
      "coco_ap50": 0.2788084270709062,
      "coco_ap75": 0.2078488023201646,
      "coco_ap_large": 0.2527679505464894,
      "coco_ap_medium": 0.20915374712312454,
      "coco_ap_small": 0.07039760363621889,
      "coco_ar1": 0.20636028264024356,
      "coco_ar10": 0.2816210471192395,
      "coco_ar100": 0.28323662643179004,
      "coco_ar_large": 0.39326650562548277,
      "coco_ar_medium": 0.2767820033555826,
      "coco_ar_small": 0.08591783932848579,
      "nms_iou_threshold": 0.6,
      "num_predictions": 7441.0,
      "num_samples": 500.0,
      "score_alpha": 1.5,
      "score_beta": 1.0,
      "score_threshold": 0.2,
      "top_k": 20
    },
    {
      "coco_ap": 0.19424222043240266,
      "coco_ap50": 0.2975410495595667,
      "coco_ap75": 0.2109734329677912,
      "coco_ap_large": 0.2529756502276291,
      "coco_ap_medium": 0.2223140559197001,
      "coco_ap_small": 0.0765171407320748,
      "coco_ar1": 0.21891548046862264,
      "coco_ar10": 0.2928637093357323,
      "coco_ar100": 0.29741083515906275,
      "coco_ar_large": 0.38544974156965595,
      "coco_ar_medium": 0.3116844957708536,
      "coco_ar_small": 0.09615525039621366,
      "nms_iou_threshold": 0.4,
      "num_predictions": 8484.0,
      "num_samples": 500.0,
      "score_alpha": 1.5,
      "score_beta": 1.0,
      "score_threshold": 0.2,
      "top_k": 50
    },
    {
      "coco_ap": 0.1957034095547041,
      "coco_ap50": 0.29727512181637716,
      "coco_ap75": 0.2128181074241519,
      "coco_ap_large": 0.25704241970846603,
      "coco_ap_medium": 0.22207417632912727,
      "coco_ap_small": 0.07618026463162621,
      "coco_ar1": 0.21860562414642237,
      "coco_ar10": 0.3024077032245171,
      "coco_ar100": 0.3078704668599917,
      "coco_ar_large": 0.40251745157386803,
      "coco_ar_medium": 0.32085890238699727,
      "coco_ar_small": 0.09693070022512783,
      "nms_iou_threshold": 0.5,
      "num_predictions": 9719.0,
      "num_samples": 500.0,
      "score_alpha": 1.5,
      "score_beta": 1.0,
      "score_threshold": 0.2,
      "top_k": 50
    },
    {
      "coco_ap": 0.19299725938896753,
      "coco_ap50": 0.28831800493670334,
      "coco_ap75": 0.2129558389421973,
      "coco_ap_large": 0.2550927714140634,
      "coco_ap_medium": 0.22168777922018398,
      "coco_ap_small": 0.07675680141883451,
      "coco_ar1": 0.21722309143146382,
      "coco_ar10": 0.305199318834416,
      "coco_ar100": 0.3123846681386107,
      "coco_ar_large": 0.413886431819353,
      "coco_ar_medium": 0.32329045149323477,
      "coco_ar_small": 0.09979464699509442,
      "nms_iou_threshold": 0.6,
      "num_predictions": 11453.0,
      "num_samples": 500.0,
      "score_alpha": 1.5,
      "score_beta": 1.0,
      "score_threshold": 0.2,
      "top_k": 50
    },
    {
      "coco_ap": 0.1944648059257404,
      "coco_ap50": 0.2980450030987474,
      "coco_ap75": 0.21110605334011107,
      "coco_ap_large": 0.2530319913947462,
      "coco_ap_medium": 0.22249131267420366,
      "coco_ap_small": 0.07706110000617504,
      "coco_ar1": 0.21958197729369344,
      "coco_ar10": 0.29360380050875723,
      "coco_ar100": 0.29905610044873626,
      "coco_ar_large": 0.38623895580607515,
      "coco_ar_medium": 0.3136004423576466,
      "coco_ar_small": 0.09852049626145953,
      "nms_iou_threshold": 0.4,
      "num_predictions": 8910.0,
      "num_samples": 500.0,
      "score_alpha": 1.5,
      "score_beta": 1.0,
      "score_threshold": 0.2,
      "top_k": 100
    },
    {
      "coco_ap": 0.19593035365342676,
      "coco_ap50": 0.29788269730556033,
      "coco_ap75": 0.2129273800276065,
      "coco_ap_large": 0.256898814111038,
      "coco_ap_medium": 0.22264380040522574,
      "coco_ap_small": 0.07703235625645771,
      "coco_ar1": 0.2191819694759511,
      "coco_ar10": 0.3032754163595542,
      "coco_ar100": 0.309998165818052,
      "coco_ar_large": 0.4030288880325094,
      "coco_ar_medium": 0.323687304386383,
      "coco_ar_small": 0.09992930841885571,
      "nms_iou_threshold": 0.5,
      "num_predictions": 10590.0,
      "num_samples": 500.0,
      "score_alpha": 1.5,
      "score_beta": 1.0,
      "score_threshold": 0.2,
      "top_k": 100
    },
    {
      "coco_ap": 0.1935815346127313,
      "coco_ap50": 0.2897369404946925,
      "coco_ap75": 0.21348960851696594,
      "coco_ap_large": 0.25503946027414515,
      "coco_ap_medium": 0.22273068929705012,
      "coco_ap_small": 0.0783375088925662,
      "coco_ar1": 0.21891548046862264,
      "coco_ar10": 0.3082785281371818,
      "coco_ar100": 0.31717488595406257,
      "coco_ar_large": 0.41493000362325333,
      "coco_ar_medium": 0.3311089703935306,
      "coco_ar_small": 0.1038433328207648,
      "nms_iou_threshold": 0.6,
      "num_predictions": 13179.0,
      "num_samples": 500.0,
      "score_alpha": 1.5,
      "score_beta": 1.0,
      "score_threshold": 0.2,
      "top_k": 100
    },
    {
      "coco_ap": 0.1944648059257404,
      "coco_ap50": 0.2980450030987474,
      "coco_ap75": 0.21110605334011107,
      "coco_ap_large": 0.2530319913947462,
      "coco_ap_medium": 0.22249131267420366,
      "coco_ap_small": 0.07706110000617504,
      "coco_ar1": 0.21958197729369344,
      "coco_ar10": 0.29360380050875723,
      "coco_ar100": 0.29905610044873626,
      "coco_ar_large": 0.38623895580607515,
      "coco_ar_medium": 0.3136004423576466,
      "coco_ar_small": 0.09852049626145953,
      "nms_iou_threshold": 0.4,
      "num_predictions": 8910.0,
      "num_samples": 500.0,
      "score_alpha": 1.5,
      "score_beta": 1.0,
      "score_threshold": 0.2,
      "top_k": 200
    },
    {
      "coco_ap": 0.19600743518557565,
      "coco_ap50": 0.298034880028348,
      "coco_ap75": 0.21300154180343991,
      "coco_ap_large": 0.2569604155153848,
      "coco_ap_medium": 0.22280447392793432,
      "coco_ap_small": 0.07703119033502052,
      "coco_ar1": 0.21958197729369344,
      "coco_ar10": 0.30367542417729654,
      "coco_ar100": 0.31050986388151286,
      "coco_ar_large": 0.4033066658102872,
      "coco_ar_medium": 0.3248417055407841,
      "coco_ar_small": 0.09992930841885571,
      "nms_iou_threshold": 0.5,
      "num_predictions": 10673.0,
      "num_samples": 500.0,
      "score_alpha": 1.5,
      "score_beta": 1.0,
      "score_threshold": 0.2,
      "top_k": 200
    },
    {
      "coco_ap": 0.19370934711430982,
      "coco_ap50": 0.28994257337432044,
      "coco_ap75": 0.2136604834918725,
      "coco_ap_large": 0.25509805825315696,
      "coco_ap_medium": 0.2228398674097329,
      "coco_ap_small": 0.07871129098272713,
      "coco_ar1": 0.21958197729369344,
      "coco_ar10": 0.3089450249622526,
      "coco_ar100": 0.3185066680250201,
      "coco_ar_large": 0.4156908731884707,
      "coco_ar_medium": 0.3324179441267152,
      "coco_ar_small": 0.10542242039985239,
      "nms_iou_threshold": 0.6,
      "num_predictions": 13629.0,
      "num_samples": 500.0,
      "score_alpha": 1.5,
      "score_beta": 1.0,
      "score_threshold": 0.2,
      "top_k": 200
    },
    {
      "coco_ap": 0.19547331037260282,
      "coco_ap50": 0.29575624119508137,
      "coco_ap75": 0.21493825738767686,
      "coco_ap_large": 0.25877946740404534,
      "coco_ap_medium": 0.2231734916787636,
      "coco_ap_small": 0.07340343029890609,
      "coco_ar1": 0.22097568356727942,
      "coco_ar10": 0.2970959249446311,
      "coco_ar100": 0.2980938589367757,
      "coco_ar_large": 0.4104733504840288,
      "coco_ar_medium": 0.30632755022072927,
      "coco_ar_small": 0.09308793286820743,
      "nms_iou_threshold": 0.4,
      "num_predictions": 9258.0,
      "num_samples": 500.0,
      "score_alpha": 2.0,
      "score_beta": 1.0,
      "score_threshold": 0.03,
      "top_k": 20
    },
    {
      "coco_ap": 0.19631992796486317,
      "coco_ap50": 0.29474703423121923,
      "coco_ap75": 0.21658816287502355,
      "coco_ap_large": 0.26098487395987796,
      "coco_ap_medium": 0.2213998301671891,
      "coco_ap_small": 0.07273677865049023,
      "coco_ar1": 0.2193246174112846,
      "coco_ar10": 0.30137900886639624,
      "coco_ar100": 0.30252355047019586,
      "coco_ar_large": 0.4232648969359383,
      "coco_ar_medium": 0.3028189542802141,
      "coco_ar_small": 0.09226726164497745,
      "nms_iou_threshold": 0.5,
      "num_predictions": 9397.0,
      "num_samples": 500.0,
      "score_alpha": 2.0,
      "score_beta": 1.0,
      "score_threshold": 0.03,
      "top_k": 20
    },
    {
      "coco_ap": 0.192002934930748,
      "coco_ap50": 0.2838746086555755,
      "coco_ap75": 0.21447647954133772,
      "coco_ap_large": 0.25876202432411066,
      "coco_ap_medium": 0.2157091925698365,
      "coco_ap_small": 0.07270014337813074,
      "coco_ar1": 0.21169185799314957,
      "coco_ar10": 0.2952987329315226,
      "coco_ar100": 0.29712623398660976,
      "coco_ar_large": 0.4206765136822275,
      "coco_ar_medium": 0.2906674924210131,
      "coco_ar_small": 0.09200419991963463,
      "nms_iou_threshold": 0.6,
      "num_predictions": 9585.0,
      "num_samples": 500.0,
      "score_alpha": 2.0,
      "score_beta": 1.0,
      "score_threshold": 0.03,
      "top_k": 20
    },
    {
      "coco_ap": 0.20066507825689534,
      "coco_ap50": 0.3084269637915574,
      "coco_ap75": 0.21859073246222174,
      "coco_ap_large": 0.2623091637421543,
      "coco_ap_medium": 0.23086227261302575,
      "coco_ap_small": 0.0835206894289595,
      "coco_ar1": 0.2315392587593404,
      "coco_ar10": 0.3287805542577582,
      "coco_ar100": 0.33468427846082244,
      "coco_ar_large": 0.43916522372424244,
      "coco_ar_medium": 0.36061336897490326,
      "coco_ar_small": 0.11690609844792399,
      "nms_iou_threshold": 0.4,
      "num_predictions": 18852.0,
      "num_samples": 500.0,
      "score_alpha": 2.0,
      "score_beta": 1.0,
      "score_threshold": 0.03,
      "top_k": 50
    },
    {
      "coco_ap": 0.20173595796998434,
      "coco_ap50": 0.3062123122600597,
      "coco_ap75": 0.2202889045164361,
      "coco_ap_large": 0.2647465284689903,
      "coco_ap_medium": 0.2300642708990634,
      "coco_ap_small": 0.08284987031191318,
      "coco_ar1": 0.22955064834034086,
      "coco_ar10": 0.3347242579678716,
      "coco_ar100": 0.3415717961994972,
      "coco_ar_large": 0.451891701347567,
      "coco_ar_medium": 0.3634230813164483,
      "coco_ar_small": 0.11682984037286903,
      "nms_iou_threshold": 0.5,
      "num_predictions": 20012.0,
      "num_samples": 500.0,
      "score_alpha": 2.0,
      "score_beta": 1.0,
      "score_threshold": 0.03,
      "top_k": 50
    },
    {
      "coco_ap": 0.19886609565877833,
      "coco_ap50": 0.29634963830442757,
      "coco_ap75": 0.22072807431732383,
      "coco_ap_large": 0.26219245191086876,
      "coco_ap_medium": 0.23099426496144537,
      "coco_ap_small": 0.08373964495804882,
      "coco_ar1": 0.22634891263217374,
      "coco_ar10": 0.3329742366520571,
      "coco_ar100": 0.3427995543826595,
      "coco_ar_large": 0.4573906770312702,
      "coco_ar_medium": 0.3650087553100637,
      "coco_ar_small": 0.11515899634119094,
      "nms_iou_threshold": 0.6,
      "num_predictions": 21238.0,
      "num_samples": 500.0,
      "score_alpha": 2.0,
      "score_beta": 1.0,
      "score_threshold": 0.03,
      "top_k": 50
    },
    {
      "coco_ap": 0.2105919422922479,
      "coco_ap50": 0.32410823653243936,
      "coco_ap75": 0.23181653378798062,
      "coco_ap_large": 0.26289430917215795,
      "coco_ap_medium": 0.2418445048703151,
      "coco_ap_small": 0.08551110396577791,
      "coco_ar1": 0.24409571102206248,
      "coco_ar10": 0.34813235402250664,
      "coco_ar100": 0.3561772692243797,
      "coco_ar_large": 0.4476161319656102,
      "coco_ar_medium": 0.3879512215992711,
      "coco_ar_small": 0.12591044508180932,
      "nms_iou_threshold": 0.4,
      "num_predictions": 26691.0,
      "num_samples": 500.0,
      "score_alpha": 2.0,
      "score_beta": 1.0,
      "score_threshold": 0.03,
      "top_k": 100
    },
    {
      "coco_ap": 0.2119964600518376,
      "coco_ap50": 0.32250073115344047,
      "coco_ap75": 0.23379891122050034,
      "coco_ap_large": 0.2655262975521312,
      "coco_ap_medium": 0.24147288082008014,
      "coco_ap_small": 0.08717995716909262,
      "coco_ar1": 0.24262460823067708,
      "coco_ar10": 0.35707460510626676,
      "coco_ar100": 0.36729269994267755,
      "coco_ar_large": 0.4675579166862318,
      "coco_ar_medium": 0.39336883037686754,
      "coco_ar_small": 0.13160028326966172,
      "nms_iou_threshold": 0.5,
      "num_predictions": 30222.0,
      "num_samples": 500.0,
      "score_alpha": 2.0,
      "score_beta": 1.0,
      "score_threshold": 0.03,
      "top_k": 100
    },
    {
      "coco_ap": 0.20976748599378187,
      "coco_ap50": 0.3135744830331647,
      "coco_ap75": 0.23511566951059693,
      "coco_ap_large": 0.2633435681771756,
      "coco_ap_medium": 0.24287384013990596,
      "coco_ap_small": 0.08654098757887287,
      "coco_ar1": 0.2421272294294878,
      "coco_ar10": 0.3595524441961513,
      "coco_ar100": 0.3748962526743688,
      "coco_ar_large": 0.47617597503995623,
      "coco_ar_medium": 0.4050076080797389,
      "coco_ar_small": 0.1310369553175062,
      "nms_iou_threshold": 0.6,
      "num_predictions": 34262.0,
      "num_samples": 500.0,
      "score_alpha": 2.0,
      "score_beta": 1.0,
      "score_threshold": 0.03,
      "top_k": 100
    },
    {
      "coco_ap": 0.2107103400544438,
      "coco_ap50": 0.32466391005469314,
      "coco_ap75": 0.2318278786316732,
      "coco_ap_large": 0.26291686002904213,
      "coco_ap_medium": 0.24184487729964332,
      "coco_ap_small": 0.08595738882838935,
      "coco_ar1": 0.24426473235181945,
      "coco_ar10": 0.3496178343888025,
      "coco_ar100": 0.35866886019789856,
      "coco_ar_large": 0.44814806696183085,
      "coco_ar_medium": 0.3895492103551546,
      "coco_ar_small": 0.1295881097144479,
      "nms_iou_threshold": 0.4,
      "num_predictions": 30829.0,
      "num_samples": 500.0,
      "score_alpha": 2.0,
      "score_beta": 1.0,
      "score_threshold": 0.03,
      "top_k": 200
    },
    {
      "coco_ap": 0.21240980795852435,
      "coco_ap50": 0.3238110835088555,
      "coco_ap75": 0.2339579664523066,
      "coco_ap_large": 0.26567907707947797,
      "coco_ap_medium": 0.24223060195726218,
      "coco_ap_small": 0.0879350282099401,
      "coco_ar1": 0.2441930820055094,
      "coco_ar10": 0.36135205361646333,
      "coco_ar100": 0.3738482351676498,
      "coco_ar_large": 0.4709629685261702,
      "coco_ar_medium": 0.4023917114999129,
      "coco_ar_small": 0.13731217974943444,
      "nms_iou_threshold": 0.5,
      "num_predictions": 37463.0,
      "num_samples": 500.0,
      "score_alpha": 2.0,
      "score_beta": 1.0,
      "score_threshold": 0.03,
      "top_k": 200
    },
    {
      "coco_ap": 0.2103596682268708,
      "coco_ap50": 0.3152005676629279,
      "coco_ap75": 0.23543209929486025,
      "coco_ap_large": 0.2636794732440648,
      "coco_ap_medium": 0.24379772003115538,
      "coco_ap_small": 0.08795460555911959,
      "coco_ar1": 0.2441930820055094,
      "coco_ar10": 0.3658251226327264,
      "coco_ar100": 0.3857314291978716,
      "coco_ar_large": 0.4825275517081031,
      "coco_ar_medium": 0.418228216938239,
      "coco_ar_small": 0.14205497445572235,
      "nms_iou_threshold": 0.6,
      "num_predictions": 45973.0,
      "num_samples": 500.0,
      "score_alpha": 2.0,
      "score_beta": 1.0,
      "score_threshold": 0.03,
      "top_k": 200
    },
    {
      "coco_ap": 0.19542081617195797,
      "coco_ap50": 0.29562813204685917,
      "coco_ap75": 0.21488824866379627,
      "coco_ap_large": 0.25831969856130743,
      "coco_ap_medium": 0.2231734916787636,
      "coco_ap_small": 0.07339687502152961,
      "coco_ar1": 0.22068908218203942,
      "coco_ar10": 0.29637555251163683,
      "coco_ar100": 0.2973734865037814,
      "coco_ar_large": 0.40505668381736204,
      "coco_ar_medium": 0.30632755022072927,
      "coco_ar_small": 0.09306038465884105,
      "nms_iou_threshold": 0.4,
      "num_predictions": 8882.0,
      "num_samples": 500.0,
      "score_alpha": 2.0,
      "score_beta": 1.0,
      "score_threshold": 0.05,
      "top_k": 20
    },
    {
      "coco_ap": 0.19630218226736296,
      "coco_ap50": 0.29471376104840646,
      "coco_ap75": 0.2165726353897109,
      "coco_ap_large": 0.2608221896540112,
      "coco_ap_medium": 0.2213998301671891,
      "coco_ap_small": 0.07273677865049023,
      "coco_ar1": 0.21903801602604456,
      "coco_ar10": 0.3010924074811562,
      "coco_ar100": 0.30223694908495585,
      "coco_ar_large": 0.419931563602605,
      "coco_ar_medium": 0.3028189542802141,
      "coco_ar_small": 0.09226726164497745,
      "nms_iou_threshold": 0.5,
      "num_predictions": 9089.0,
      "num_samples": 500.0,
      "score_alpha": 2.0,
      "score_beta": 1.0,
      "score_threshold": 0.05,
      "top_k": 20
    },
    {
      "coco_ap": 0.19198869489284118,
      "coco_ap50": 0.28386453757613483,
      "coco_ap75": 0.21446081341776335,
      "coco_ap_large": 0.2586998987519071,
      "coco_ap_medium": 0.2156927775544748,
      "coco_ap_small": 0.07270014337813074,
      "coco_ar1": 0.21150079040298958,
      "coco_ar10": 0.29507679161490385,
      "coco_ar100": 0.29690429266999097,
      "coco_ar_large": 0.41845429146000535,
      "coco_ar_medium": 0.29048196366405576,
      "coco_ar_small": 0.09200419991963463,
      "nms_iou_threshold": 0.6,
      "num_predictions": 9332.0,
      "num_samples": 500.0,
      "score_alpha": 2.0,
      "score_beta": 1.0,
      "score_threshold": 0.05,
      "top_k": 20
    },
    {
      "coco_ap": 0.20046893086024994,
      "coco_ap50": 0.307860965903593,
      "coco_ap75": 0.21849137893933368,
      "coco_ap_large": 0.26162318417840985,
      "coco_ap_medium": 0.23081301864008505,
      "coco_ap_small": 0.08316966543307838,
      "coco_ar1": 0.2308267358710353,
      "coco_ar10": 0.32585613727839846,
      "coco_ar100": 0.33175986148146275,
      "coco_ar_large": 0.42919976295715123,
      "coco_ar_medium": 0.3593496579646276,
      "coco_ar_small": 0.1148198209469061,
      "nms_iou_threshold": 0.4,
      "num_predictions": 16688.0,
      "num_samples": 500.0,
      "score_alpha": 2.0,
      "score_beta": 1.0,
      "score_threshold": 0.05,
      "top_k": 50
    },
    {
      "coco_ap": 0.20162446417453792,
      "coco_ap50": 0.3058613689909621,
      "coco_ap75": 0.2202635845741282,
      "coco_ap_large": 0.2643944787780464,
      "coco_ap_medium": 0.23004550846100807,
      "coco_ap_small": 0.08247716524889184,
      "coco_ar1": 0.22926404695510083,
      "coco_ar10": 0.3331374275107017,
      "coco_ar100": 0.339973135622843,
      "coco_ar_large": 0.44600159277888707,
      "coco_ar_medium": 0.36307583688053396,
      "coco_ar_small": 0.11497069184660819,
      "nms_iou_threshold": 0.5,
      "num_predictions": 18042.0,
      "num_samples": 500.0,
      "score_alpha": 2.0,
      "score_beta": 1.0,
      "score_threshold": 0.05,
      "top_k": 50
    },
    {
      "coco_ap": 0.19880752699808024,
      "coco_ap50": 0.2961894261477683,
      "coco_ap75": 0.22070370549642124,
      "coco_ap_large": 0.2618548606825668,
      "coco_ap_medium": 0.2309686032464321,
      "coco_ap_small": 0.08368525064164706,
      "coco_ar1": 0.22606231124693377,
      "coco_ar10": 0.3320001816927952,
      "coco_ar100": 0.3417216094650181,
      "coco_ar_large": 0.4511406770312702,
      "coco_ar_medium": 0.3646615108741493,
      "coco_ar_small": 0.1146662074901133,
      "nms_iou_threshold": 0.6,
      "num_predictions": 19591.0,
      "num_samples": 500.0,
      "score_alpha": 2.0,
      "score_beta": 1.0,
      "score_threshold": 0.05,
      "top_k": 50
    },
    {
      "coco_ap": 0.210134197556856,
      "coco_ap50": 0.32265321997778157,
      "coco_ap75": 0.23168085651203899,
      "coco_ap_large": 0.261951396001356,
      "coco_ap_medium": 0.24153077818097665,
      "coco_ap_small": 0.08485072996136728,
      "coco_ar1": 0.2425608420591667,
      "coco_ar10": 0.34212633208131893,
      "coco_ar100": 0.34984344745451557,
      "coco_ar_large": 0.4345398213204277,
      "coco_ar_medium": 0.3818981765878387,
      "coco_ar_small": 0.1220617444984223,
      "nms_iou_threshold": 0.4,
      "num_predictions": 21379.0,
      "num_samples": 500.0,
      "score_alpha": 2.0,
      "score_beta": 1.0,
      "score_threshold": 0.05,
      "top_k": 100
    },
    {
      "coco_ap": 0.2117191482159507,
      "coco_ap50": 0.32154828635956806,
      "coco_ap75": 0.23375405221022574,
      "coco_ap_large": 0.2649089066878389,
      "coco_ap_medium": 0.24126149715118522,
      "coco_ap_small": 0.08656191264225842,
      "coco_ar1": 0.24150130150595528,
      "coco_ar10": 0.35290780275021394,
      "coco_ar100": 0.3627241847476771,
      "coco_ar_large": 0.45724171358438664,
      "coco_ar_medium": 0.38964583384885904,
      "coco_ar_small": 0.12812999601939268,
      "nms_iou_threshold": 0.5,
      "num_predictions": 24750.0,
      "num_samples": 500.0,
      "score_alpha": 2.0,
      "score_beta": 1.0,
      "score_threshold": 0.05,
      "top_k": 100
    },
    {
      "coco_ap": 0.20953708779180685,
      "coco_ap50": 0.31280273973126055,
      "coco_ap75": 0.23507318227911775,
      "coco_ap_large": 0.26277608506478245,
      "coco_ap_medium": 0.24267511247390544,
      "coco_ap_small": 0.08602232128497941,
      "coco_ar1": 0.24100392270476598,
      "coco_ar10": 0.3557801957301875,
      "coco_ar100": 0.3706726588499949,
      "coco_ar_large": 0.46574666291719474,
      "coco_ar_medium": 0.40041741521039603,
      "coco_ar_small": 0.12829717202770097,
      "nms_iou_threshold": 0.6,
      "num_predictions": 29018.0,
      "num_samples": 500.0,
      "score_alpha": 2.0,
      "score_beta": 1.0,
      "score_threshold": 0.05,
      "top_k": 100
    },
    {
      "coco_ap": 0.2102378983398726,
      "coco_ap50": 0.3231104377114563,
      "coco_ap75": 0.23169287150287846,
      "coco_ap_large": 0.261974714995612,
      "coco_ap_medium": 0.2415351481195745,
      "coco_ap_small": 0.08525839121799092,
      "coco_ar1": 0.24265821304261365,
      "coco_ar10": 0.3431698315716872,
      "coco_ar100": 0.3516971850964859,
      "coco_ar_large": 0.43486389539450176,
      "coco_ar_medium": 0.3827597906073475,
      "coco_ar_small": 0.12485947853705406,
      "nms_iou_threshold": 0.4,
      "num_predictions": 23019.0,
      "num_samples": 500.0,
      "score_alpha": 2.0,
      "score_beta": 1.0,
      "score_threshold": 0.05,
      "top_k": 200
    },
    {
      "coco_ap": 0.21204196885702709,
      "coco_ap50": 0.3225820856122109,
      "coco_ap75": 0.2339042473794619,
      "coco_ap_large": 0.26494021139292034,
      "coco_ap_medium": 0.24198623624646673,
      "coco_ap_small": 0.08725673268982415,
      "coco_ar1": 0.24265821304261365,
      "coco_ar10": 0.35589560757165706,
      "coco_ar100": 0.3675453258857141,
      "coco_ar_large": 0.4591509715404426,
      "coco_ar_medium": 0.39653473401033706,
      "coco_ar_small": 0.13270045176576095,
      "nms_iou_threshold": 0.5,
      "num_predictions": 28116.0,
      "num_samples": 500.0,
      "score_alpha": 2.0,
      "score_beta": 1.0,
      "score_threshold": 0.05,
      "top_k": 200
    },
    {
      "coco_ap": 0.21002099749307898,
      "coco_ap50": 0.3141067702473719,
      "coco_ap75": 0.23537271571602403,
      "coco_ap_large": 0.26298278109535445,
      "coco_ap_medium": 0.24355854433415408,
      "coco_ap_small": 0.08727865449810235,
      "coco_ar1": 0.24265821304261365,
      "coco_ar10": 0.36048518693564485,
      "coco_ar100": 0.3786263500677224,
      "coco_ar_large": 0.4693081655588955,
      "coco_ar_medium": 0.41116363011209334,
      "coco_ar_small": 0.13612125021308769,
      "nms_iou_threshold": 0.6,
      "num_predictions": 35652.0,
      "num_samples": 500.0,
      "score_alpha": 2.0,
      "score_beta": 1.0,
      "score_threshold": 0.05,
      "top_k": 200
    },
    {
      "coco_ap": 0.19524547324235705,
      "coco_ap50": 0.2952734009388463,
      "coco_ap75": 0.21477889720841145,
      "coco_ap_large": 0.257660505666484,
      "coco_ap_medium": 0.22295720714162448,
      "coco_ap_small": 0.07332468030205766,
      "coco_ar1": 0.21998758147839373,
      "coco_ar10": 0.29500662799791433,
      "coco_ar100": 0.296004561990059,
      "coco_ar_large": 0.398813555252805,
      "coco_ar_medium": 0.3050865278756931,
      "coco_ar_small": 0.09290886950732591,
      "nms_iou_threshold": 0.4,
      "num_predictions": 7836.0,
      "num_samples": 500.0,
      "score_alpha": 2.0,
      "score_beta": 1.0,
      "score_threshold": 0.1,
      "top_k": 20
    },
    {
      "coco_ap": 0.1961213589752218,
      "coco_ap50": 0.2943339814327709,
      "coco_ap75": 0.21648890333168214,
      "coco_ap_large": 0.2600890955052732,
      "coco_ap_medium": 0.22124871011758585,
      "coco_ap_small": 0.07273677865049023,
      "coco_ar1": 0.21840198891471663,
      "coco_ar10": 0.29979727686078006,
      "coco_ar100": 0.3009418184645796,
      "coco_ar_large": 0.4135732311282011,
      "coco_ar_medium": 0.3017573175042917,
      "coco_ar_small": 0.09226726164497745,
      "nms_iou_threshold": 0.5,
      "num_predictions": 8168.0,
      "num_samples": 500.0,
      "score_alpha": 2.0,
      "score_beta": 1.0,
      "score_threshold": 0.1,
      "top_k": 20
    },
    {
      "coco_ap": 0.19188135027487094,
      "coco_ap50": 0.2836537671778169,
      "coco_ap75": 0.2143971327424772,
      "coco_ap_large": 0.2581977170815441,
      "coco_ap_medium": 0.21559536098051924,
      "coco_ap_small": 0.07270014337813074,
      "coco_ar1": 0.21114392184199166,
      "coco_ar10": 0.29422282094019286,
      "coco_ar100": 0.29605032199528,
      "coco_ar_large": 0.41336169886741275,
      "coco_ar_medium": 0.28942032688813335,
      "coco_ar_small": 0.09200419991963463,
      "nms_iou_threshold": 0.6,
      "num_predictions": 8596.0,
      "num_samples": 500.0,
      "score_alpha": 2.0,
      "score_beta": 1.0,
      "score_threshold": 0.1,
      "top_k": 20
    },
    {
      "coco_ap": 0.19940279788321788,
      "coco_ap50": 0.3053176988309426,
      "coco_ap75": 0.21778511029531686,
      "coco_ap_large": 0.26019439311459863,
      "coco_ap_medium": 0.22861513705200687,
      "coco_ap_small": 0.08268640164082991,
      "coco_ar1": 0.22758880105325152,
      "coco_ar10": 0.31542631441292385,
      "coco_ar100": 0.32039034291568314,
      "coco_ar_large": 0.41436414391383575,
      "coco_ar_medium": 0.33647625849326795,
      "coco_ar_small": 0.11162374996712363,
      "nms_iou_threshold": 0.4,
      "num_predictions": 12122.0,
      "num_samples": 500.0,
      "score_alpha": 2.0,
      "score_beta": 1.0,
      "score_threshold": 0.1,
      "top_k": 50
    },
    {
      "coco_ap": 0.20074092668901072,
      "coco_ap50": 0.30394666187991104,
      "coco_ap75": 0.21974317350885111,
      "coco_ap_large": 0.2629869977811412,
      "coco_ap_medium": 0.22854791173747666,
      "coco_ap_small": 0.08185357536386313,
      "coco_ar1": 0.22712981043743857,
      "coco_ar10": 0.3240422308263789,
      "coco_ar100": 0.3299311671129055,
      "coco_ar_large": 0.4320616135571566,
      "coco_ar_medium": 0.34456116983983404,
      "coco_ar_small": 0.11242228115366744,
      "nms_iou_threshold": 0.5,
      "num_predictions": 13492.0,
      "num_samples": 500.0,
      "score_alpha": 2.0,
      "score_beta": 1.0,
      "score_threshold": 0.1,
      "top_k": 50
    },
    {
      "coco_ap": 0.19823828589425171,
      "coco_ap50": 0.29494673872921834,
      "coco_ap75": 0.2203439212098733,
      "coco_ap_large": 0.26078335717190837,
      "coco_ap_medium": 0.2299965345049813,
      "coco_ap_small": 0.08297387646279057,
      "coco_ar1": 0.2239280747292714,
      "coco_ar10": 0.3265411419402284,
      "coco_ar100": 0.3349433868732017,
      "coco_ar_large": 0.43896288461564503,
      "coco_ar_medium": 0.3519952570517963,
      "coco_ar_small": 0.11392812050549156,
      "nms_iou_threshold": 0.6,
      "num_predictions": 15417.0,
      "num_samples": 500.0,
      "score_alpha": 2.0,
      "score_beta": 1.0,
      "score_threshold": 0.1,
      "top_k": 50
    },
    {
      "coco_ap": 0.19988267681052693,
      "coco_ap50": 0.306452421137934,
      "coco_ap75": 0.21814432462143385,
      "coco_ap_large": 0.26021841558869424,
      "coco_ap_medium": 0.22989519390800542,
      "coco_ap_small": 0.08369790559356938,
      "coco_ar1": 0.23031789443890174,
      "coco_ar10": 0.3188557672173959,
      "coco_ar100": 0.3250797445265225,
      "coco_ar_large": 0.4151250134790532,
      "coco_ar_medium": 0.3456471013305574,
      "coco_ar_small": 0.11501593695194955,
      "nms_iou_threshold": 0.4,
      "num_predictions": 13488.0,
      "num_samples": 500.0,
      "score_alpha": 2.0,
      "score_beta": 1.0,
      "score_threshold": 0.1,
      "top_k": 100
    },
    {
      "coco_ap": 0.20149508283641235,
      "coco_ap50": 0.30578751402202375,
      "coco_ap75": 0.22023553204282542,
      "coco_ap_large": 0.2630724231541739,
      "coco_ap_medium": 0.23013295182484478,
      "coco_ap_small": 0.085258510991104,
      "coco_ar1": 0.22930523621105367,
      "coco_ar10": 0.3286050176482606,
      "coco_ar100": 0.336733123436723,
      "coco_ar_large": 0.43502721036772674,
      "coco_ar_medium": 0.3540457599273887,
      "coco_ar_small": 0.1193938465959568,
      "nms_iou_threshold": 0.5,
      "num_predictions": 15908.0,
      "num_samples": 500.0,
      "score_alpha": 2.0,
      "score_beta": 1.0,
      "score_threshold": 0.1,
      "top_k": 100
    },
    {
      "coco_ap": 0.19961209202408564,
      "coco_ap50": 0.2979254557433746,
      "coco_ap75": 0.2216643390805795,
      "coco_ap_large": 0.2613479196151251,
      "coco_ap_medium": 0.2317741539987255,
      "coco_ap_small": 0.08518496812121594,
      "coco_ar1": 0.22890522839331132,
      "coco_ar10": 0.3353626420716954,
      "coco_ar100": 0.34688150431432835,
      "coco_ar_large": 0.4459144543213953,
      "coco_ar_medium": 0.3666046986190604,
      "coco_ar_small": 0.12210682732229866,
      "nms_iou_threshold": 0.6,
      "num_predictions": 19557.0,
      "num_samples": 500.0,
      "score_alpha": 2.0,
      "score_beta": 1.0,
      "score_threshold": 0.1,
      "top_k": 100
    },
    {
      "coco_ap": 0.19988516312501156,
      "coco_ap50": 0.30647257252251886,
      "coco_ap75": 0.21814327898836514,
      "coco_ap_large": 0.26021829997896756,
      "coco_ap_medium": 0.22988745831161933,
      "coco_ap_small": 0.08375767445996678,
      "coco_ar1": 0.23031789443890174,
      "coco_ar10": 0.3188557672173959,
      "coco_ar100": 0.3252106917111581,
      "coco_ar_large": 0.4151250134790532,
      "coco_ar_medium": 0.3456471013305574,
      "coco_ar_small": 0.11524320967922226,
      "nms_iou_threshold": 0.4,
      "num_predictions": 13700.0,
      "num_samples": 500.0,
      "score_alpha": 2.0,
      "score_beta": 1.0,
      "score_threshold": 0.1,
      "top_k": 200
    },
    {
      "coco_ap": 0.20162943743845488,
      "coco_ap50": 0.30613515602828173,
      "coco_ap75": 0.2203691109509429,
      "coco_ap_large": 0.26307068281924834,
      "coco_ap_medium": 0.23061441095766247,
      "coco_ap_small": 0.08546250373414986,
      "coco_ar1": 0.23031789443890174,
      "coco_ar10": 0.32961767587610874,
      "coco_ar100": 0.3383818071501023,
      "coco_ar_large": 0.43502721036772674,
      "coco_ar_medium": 0.35781829645854596,
      "coco_ar_small": 0.12029959236533894,
      "nms_iou_threshold": 0.5,
      "num_predictions": 16499.0,
      "num_samples": 500.0,
      "score_alpha": 2.0,
      "score_beta": 1.0,
      "score_threshold": 0.1,
      "top_k": 200
    },
    {
      "coco_ap": 0.19985273544620752,
      "coco_ap50": 0.298497584194778,
      "coco_ap75": 0.22187966948332585,
      "coco_ap_large": 0.2613808929016872,
      "coco_ap_medium": 0.23243614641609223,
      "coco_ap_small": 0.08569796845573886,
      "coco_ar1": 0.23031789443890174,
      "coco_ar10": 0.33689914964073964,
      "coco_ar100": 0.3498357124041115,
      "coco_ar_large": 0.4461922320991731,
      "coco_ar_medium": 0.3724840433489483,
      "coco_ar_small": 0.12488406155348343,
      "nms_iou_threshold": 0.6,
      "num_predictions": 21174.0,
      "num_samples": 500.0,
      "score_alpha": 2.0,
      "score_beta": 1.0,
      "score_threshold": 0.1,
      "top_k": 200
    },
    {
      "coco_ap": 0.19227382043698352,
      "coco_ap50": 0.2891739955518289,
      "coco_ap75": 0.212276682938178,
      "coco_ap_large": 0.25390847242272896,
      "coco_ap_medium": 0.21889864929687308,
      "coco_ap_small": 0.06972259168101648,
      "coco_ar1": 0.21442556426536066,
      "coco_ar10": 0.27894763208029527,
      "coco_ar100": 0.2799079407667343,
      "coco_ar_large": 0.3778184824715903,
      "coco_ar_medium": 0.2888521127461435,
      "coco_ar_small": 0.0840493964267387,
      "nms_iou_threshold": 0.4,
      "num_predictions": 5596.0,
      "num_samples": 500.0,
      "score_alpha": 2.0,
      "score_beta": 1.0,
      "score_threshold": 0.2,
      "top_k": 20
    },
    {
      "coco_ap": 0.19344565982663095,
      "coco_ap50": 0.2892368449379809,
      "coco_ap75": 0.21392140530506484,
      "coco_ap_large": 0.2568959374646121,
      "coco_ap_medium": 0.21761047285779603,
      "coco_ap_small": 0.06908212716202888,
      "coco_ar1": 0.21340661554751938,
      "coco_ar10": 0.2850850935047702,
      "coco_ar100": 0.28600251333625737,
      "coco_ar_large": 0.3910874261008304,
      "coco_ar_medium": 0.28615130427587115,
      "coco_ar_small": 0.08350926492021495,
      "nms_iou_threshold": 0.5,
      "num_predictions": 5998.0,
      "num_samples": 500.0,
      "score_alpha": 2.0,
      "score_beta": 1.0,
      "score_threshold": 0.2,
      "top_k": 20
    },
    {
      "coco_ap": 0.18988762692264954,
      "coco_ap50": 0.28003758918341354,
      "coco_ap75": 0.21220205468093978,
      "coco_ap_large": 0.2557960136285314,
      "coco_ap_medium": 0.21236636371828468,
      "coco_ap_small": 0.0694937940179884,
      "coco_ar1": 0.20812723909900563,
      "coco_ar10": 0.2822880135268281,
      "coco_ar100": 0.2839196919681292,
      "coco_ar_large": 0.39789170627492165,
      "coco_ar_medium": 0.27869606116367135,
      "coco_ar_small": 0.08401935143854637,
      "nms_iou_threshold": 0.6,
      "num_predictions": 6582.0,
      "num_samples": 500.0,
      "score_alpha": 2.0,
      "score_beta": 1.0,
      "score_threshold": 0.2,
      "top_k": 20
    },
    {
      "coco_ap": 0.19425980387545932,
      "coco_ap50": 0.29427920521112527,
      "coco_ap75": 0.21353162408698684,
      "coco_ap_large": 0.25459634957768446,
      "coco_ap_medium": 0.2220159177283687,
      "coco_ap_small": 0.0747038150009436,
      "coco_ar1": 0.21743300613764965,
      "coco_ar10": 0.2868745691507124,
      "coco_ar100": 0.29071615953244173,
      "coco_ar_large": 0.38185087642997106,
      "coco_ar_medium": 0.30419667349767826,
      "coco_ar_small": 0.09261788571202294,
      "nms_iou_threshold": 0.4,
      "num_predictions": 6765.0,
      "num_samples": 500.0,
      "score_alpha": 2.0,
      "score_beta": 1.0,
      "score_threshold": 0.2,
      "top_k": 50
    },
    {
      "coco_ap": 0.1958958073831028,
      "coco_ap50": 0.2944298121882414,
      "coco_ap75": 0.21557392581424853,
      "coco_ap_large": 0.2582196706427086,
      "coco_ap_medium": 0.22192956457116486,
      "coco_ap_small": 0.07425084724293479,
      "coco_ar1": 0.21728970544502965,
      "coco_ar10": 0.2957261678861637,
      "coco_ar100": 0.3002452079074948,
      "coco_ar_large": 0.3987889707856282,
      "coco_ar_medium": 0.30935446892022783,
      "coco_ar_small": 0.0924855171878757,
      "nms_iou_threshold": 0.5,
      "num_predictions": 7681.0,
      "num_samples": 500.0,
      "score_alpha": 2.0,
      "score_beta": 1.0,
      "score_threshold": 0.2,
      "top_k": 50
    },
    {
      "coco_ap": 0.19413495539155154,
      "coco_ap50": 0.2873764811603438,
      "coco_ap75": 0.21635193083221532,
      "coco_ap_large": 0.2566640226568082,
      "coco_ap_medium": 0.22301162254152193,
      "coco_ap_small": 0.07531761262099348,
      "coco_ar1": 0.21653185092098437,
      "coco_ar10": 0.2997936416153153,
      "coco_ar100": 0.3058597485909731,
      "coco_ar_large": 0.40876613965012837,
      "coco_ar_medium": 0.317244075290206,
      "coco_ar_small": 0.09523973023573067,
      "nms_iou_threshold": 0.6,
      "num_predictions": 9165.0,
      "num_samples": 500.0,
      "score_alpha": 2.0,
      "score_beta": 1.0,
      "score_threshold": 0.2,
      "top_k": 50
    },
    {
      "coco_ap": 0.1942979561568249,
      "coco_ap50": 0.2943816876045452,
      "coco_ap75": 0.2135124840466629,
      "coco_ap_large": 0.25466209808735324,
      "coco_ap_medium": 0.2220224537404235,
      "coco_ap_small": 0.07520360915090701,
      "coco_ar1": 0.21752747052457574,
      "coco_ar10": 0.28700583071161556,
      "coco_ar100": 0.29111666854427515,
      "coco_ar_large": 0.38212865420774883,
      "coco_ar_medium": 0.3044720048074923,
      "coco_ar_small": 0.09344011903425625,
      "nms_iou_threshold": 0.4,
      "num_predictions": 6924.0,
      "num_samples": 500.0,
      "score_alpha": 2.0,
      "score_beta": 1.0,
      "score_threshold": 0.2,
      "top_k": 100
    },
    {
      "coco_ap": 0.19609435323814198,
      "coco_ap50": 0.2949001942221579,
      "coco_ap75": 0.21570310194470774,
      "coco_ap_large": 0.258213729433196,
      "coco_ap_medium": 0.22219094499962858,
      "coco_ap_small": 0.07499146245177157,
      "coco_ar1": 0.21752747052457574,
      "coco_ar10": 0.2960724046350856,
      "coco_ar100": 0.3013532337531098,
      "coco_ar_large": 0.3990950932346078,
      "coco_ar_medium": 0.31053964678943524,
      "coco_ar_small": 0.09403545417898916,
      "nms_iou_threshold": 0.5,
      "num_predictions": 8029.0,
      "num_samples": 500.0,
      "score_alpha": 2.0,
      "score_beta": 1.0,
      "score_threshold": 0.2,
      "top_k": 100
    },
    {
      "coco_ap": 0.19446132836207988,
      "coco_ap50": 0.28815176954196464,
      "coco_ap75": 0.2165926620807283,
      "coco_ap_large": 0.2566662596591682,
      "coco_ap_medium": 0.22339660667002698,
      "coco_ap_small": 0.07631451231674743,
      "coco_ar1": 0.21743300613764965,
      "coco_ar10": 0.30120115546238774,
      "coco_ar100": 0.30823185480754095,
      "coco_ar_large": 0.4093345248989648,
      "coco_ar_medium": 0.3202760056861848,
      "coco_ar_small": 0.09763923412745777,
      "nms_iou_threshold": 0.6,
      "num_predictions": 9933.0,
      "num_samples": 500.0,
      "score_alpha": 2.0,
      "score_beta": 1.0,
      "score_threshold": 0.2,
      "top_k": 100
    },
    {
      "coco_ap": 0.1942979561568249,
      "coco_ap50": 0.2943816876045452,
      "coco_ap75": 0.2135124840466629,
      "coco_ap_large": 0.25466209808735324,
      "coco_ap_medium": 0.2220224537404235,
      "coco_ap_small": 0.07520360915090701,
      "coco_ar1": 0.21752747052457574,
      "coco_ar10": 0.28700583071161556,
      "coco_ar100": 0.29111666854427515,
      "coco_ar_large": 0.38212865420774883,
      "coco_ar_medium": 0.3044720048074923,
      "coco_ar_small": 0.09344011903425625,
      "nms_iou_threshold": 0.4,
      "num_predictions": 6924.0,
      "num_samples": 500.0,
      "score_alpha": 2.0,
      "score_beta": 1.0,
      "score_threshold": 0.2,
      "top_k": 200
    },
    {
      "coco_ap": 0.19609435323814198,
      "coco_ap50": 0.2949001942221579,
      "coco_ap75": 0.21570310194470774,
      "coco_ap_large": 0.258213729433196,
      "coco_ap_medium": 0.22219094499962858,
      "coco_ap_small": 0.07499146245177157,
      "coco_ar1": 0.21752747052457574,
      "coco_ar10": 0.2960724046350856,
      "coco_ar100": 0.3013532337531098,
      "coco_ar_large": 0.3990950932346078,
      "coco_ar_medium": 0.31053964678943524,
      "coco_ar_small": 0.09403545417898916,
      "nms_iou_threshold": 0.5,
      "num_predictions": 8029.0,
      "num_samples": 500.0,
      "score_alpha": 2.0,
      "score_beta": 1.0,
      "score_threshold": 0.2,
      "top_k": 200
    },
    {
      "coco_ap": 0.19447846653375908,
      "coco_ap50": 0.2882025391772713,
      "coco_ap75": 0.21658549893773668,
      "coco_ap_large": 0.2567205434740396,
      "coco_ap_medium": 0.22340893431269046,
      "coco_ap_small": 0.07631392887687269,
      "coco_ar1": 0.21752747052457574,
      "coco_ar10": 0.30129561984931386,
      "coco_ar100": 0.3084183790333624,
      "coco_ar_large": 0.4096123026767425,
      "coco_ar_medium": 0.32045513689979876,
      "coco_ar_small": 0.09763923412745777,
      "nms_iou_threshold": 0.6,
      "num_predictions": 10000.0,
      "num_samples": 500.0,
      "score_alpha": 2.0,
      "score_beta": 1.0,
      "score_threshold": 0.2,
      "top_k": 200
    }
  ],
  "sweep_space": {
    "nms_iou_thresholds": [
      0.4,
      0.5,
      0.6
    ],
    "score_alphas": [
      1.5,
      2.0
    ],
    "score_betas": [
      1.0
    ],
    "score_thresholds": [
      0.03,
      0.05,
      0.1,
      0.2
    ],
    "top_ks": [
      20,
      50,
      100,
      200
    ]
  },
  "top_by_ap": [
    {
      "coco_ap": 0.21240980795852435,
      "coco_ap50": 0.3238110835088555,
      "coco_ap75": 0.2339579664523066,
      "coco_ap_large": 0.26567907707947797,
      "coco_ap_medium": 0.24223060195726218,
      "coco_ap_small": 0.0879350282099401,
      "coco_ar1": 0.2441930820055094,
      "coco_ar10": 0.36135205361646333,
      "coco_ar100": 0.3738482351676498,
      "coco_ar_large": 0.4709629685261702,
      "coco_ar_medium": 0.4023917114999129,
      "coco_ar_small": 0.13731217974943444,
      "nms_iou_threshold": 0.5,
      "num_predictions": 37463.0,
      "num_samples": 500.0,
      "score_alpha": 2.0,
      "score_beta": 1.0,
      "score_threshold": 0.03,
      "top_k": 200
    },
    {
      "coco_ap": 0.21204196885702709,
      "coco_ap50": 0.3225820856122109,
      "coco_ap75": 0.2339042473794619,
      "coco_ap_large": 0.26494021139292034,
      "coco_ap_medium": 0.24198623624646673,
      "coco_ap_small": 0.08725673268982415,
      "coco_ar1": 0.24265821304261365,
      "coco_ar10": 0.35589560757165706,
      "coco_ar100": 0.3675453258857141,
      "coco_ar_large": 0.4591509715404426,
      "coco_ar_medium": 0.39653473401033706,
      "coco_ar_small": 0.13270045176576095,
      "nms_iou_threshold": 0.5,
      "num_predictions": 28116.0,
      "num_samples": 500.0,
      "score_alpha": 2.0,
      "score_beta": 1.0,
      "score_threshold": 0.05,
      "top_k": 200
    },
    {
      "coco_ap": 0.2119964600518376,
      "coco_ap50": 0.32250073115344047,
      "coco_ap75": 0.23379891122050034,
      "coco_ap_large": 0.2655262975521312,
      "coco_ap_medium": 0.24147288082008014,
      "coco_ap_small": 0.08717995716909262,
      "coco_ar1": 0.24262460823067708,
      "coco_ar10": 0.35707460510626676,
      "coco_ar100": 0.36729269994267755,
      "coco_ar_large": 0.4675579166862318,
      "coco_ar_medium": 0.39336883037686754,
      "coco_ar_small": 0.13160028326966172,
      "nms_iou_threshold": 0.5,
      "num_predictions": 30222.0,
      "num_samples": 500.0,
      "score_alpha": 2.0,
      "score_beta": 1.0,
      "score_threshold": 0.03,
      "top_k": 100
    },
    {
      "coco_ap": 0.2117191482159507,
      "coco_ap50": 0.32154828635956806,
      "coco_ap75": 0.23375405221022574,
      "coco_ap_large": 0.2649089066878389,
      "coco_ap_medium": 0.24126149715118522,
      "coco_ap_small": 0.08656191264225842,
      "coco_ar1": 0.24150130150595528,
      "coco_ar10": 0.35290780275021394,
      "coco_ar100": 0.3627241847476771,
      "coco_ar_large": 0.45724171358438664,
      "coco_ar_medium": 0.38964583384885904,
      "coco_ar_small": 0.12812999601939268,
      "nms_iou_threshold": 0.5,
      "num_predictions": 24750.0,
      "num_samples": 500.0,
      "score_alpha": 2.0,
      "score_beta": 1.0,
      "score_threshold": 0.05,
      "top_k": 100
    },
    {
      "coco_ap": 0.2107103400544438,
      "coco_ap50": 0.32466391005469314,
      "coco_ap75": 0.2318278786316732,
      "coco_ap_large": 0.26291686002904213,
      "coco_ap_medium": 0.24184487729964332,
      "coco_ap_small": 0.08595738882838935,
      "coco_ar1": 0.24426473235181945,
      "coco_ar10": 0.3496178343888025,
      "coco_ar100": 0.35866886019789856,
      "coco_ar_large": 0.44814806696183085,
      "coco_ar_medium": 0.3895492103551546,
      "coco_ar_small": 0.1295881097144479,
      "nms_iou_threshold": 0.4,
      "num_predictions": 30829.0,
      "num_samples": 500.0,
      "score_alpha": 2.0,
      "score_beta": 1.0,
      "score_threshold": 0.03,
      "top_k": 200
    },
    {
      "coco_ap": 0.2105919422922479,
      "coco_ap50": 0.32410823653243936,
      "coco_ap75": 0.23181653378798062,
      "coco_ap_large": 0.26289430917215795,
      "coco_ap_medium": 0.2418445048703151,
      "coco_ap_small": 0.08551110396577791,
      "coco_ar1": 0.24409571102206248,
      "coco_ar10": 0.34813235402250664,
      "coco_ar100": 0.3561772692243797,
      "coco_ar_large": 0.4476161319656102,
      "coco_ar_medium": 0.3879512215992711,
      "coco_ar_small": 0.12591044508180932,
      "nms_iou_threshold": 0.4,
      "num_predictions": 26691.0,
      "num_samples": 500.0,
      "score_alpha": 2.0,
      "score_beta": 1.0,
      "score_threshold": 0.03,
      "top_k": 100
    },
    {
      "coco_ap": 0.2103596682268708,
      "coco_ap50": 0.3152005676629279,
      "coco_ap75": 0.23543209929486025,
      "coco_ap_large": 0.2636794732440648,
      "coco_ap_medium": 0.24379772003115538,
      "coco_ap_small": 0.08795460555911959,
      "coco_ar1": 0.2441930820055094,
      "coco_ar10": 0.3658251226327264,
      "coco_ar100": 0.3857314291978716,
      "coco_ar_large": 0.4825275517081031,
      "coco_ar_medium": 0.418228216938239,
      "coco_ar_small": 0.14205497445572235,
      "nms_iou_threshold": 0.6,
      "num_predictions": 45973.0,
      "num_samples": 500.0,
      "score_alpha": 2.0,
      "score_beta": 1.0,
      "score_threshold": 0.03,
      "top_k": 200
    },
    {
      "coco_ap": 0.21030062507406252,
      "coco_ap50": 0.3230697166962325,
      "coco_ap75": 0.22936442919171654,
      "coco_ap_large": 0.2628361708527381,
      "coco_ap_medium": 0.24044560912432664,
      "coco_ap_small": 0.08759132820766259,
      "coco_ar1": 0.24336813072899516,
      "coco_ar10": 0.3610361582283518,
      "coco_ar100": 0.3757050380863928,
      "coco_ar_large": 0.47303000161461256,
      "coco_ar_medium": 0.4059146058692333,
      "coco_ar_small": 0.14223941261157913,
      "nms_iou_threshold": 0.5,
      "num_predictions": 47712.0,
      "num_samples": 500.0,
      "score_alpha": 1.5,
      "score_beta": 1.0,
      "score_threshold": 0.03,
      "top_k": 200
    },
    {
      "coco_ap": 0.2102378983398726,
      "coco_ap50": 0.3231104377114563,
      "coco_ap75": 0.23169287150287846,
      "coco_ap_large": 0.261974714995612,
      "coco_ap_medium": 0.2415351481195745,
      "coco_ap_small": 0.08525839121799092,
      "coco_ar1": 0.24265821304261365,
      "coco_ar10": 0.3431698315716872,
      "coco_ar100": 0.3516971850964859,
      "coco_ar_large": 0.43486389539450176,
      "coco_ar_medium": 0.3827597906073475,
      "coco_ar_small": 0.12485947853705406,
      "nms_iou_threshold": 0.4,
      "num_predictions": 23019.0,
      "num_samples": 500.0,
      "score_alpha": 2.0,
      "score_beta": 1.0,
      "score_threshold": 0.05,
      "top_k": 200
    },
    {
      "coco_ap": 0.210134197556856,
      "coco_ap50": 0.32265321997778157,
      "coco_ap75": 0.23168085651203899,
      "coco_ap_large": 0.261951396001356,
      "coco_ap_medium": 0.24153077818097665,
      "coco_ap_small": 0.08485072996136728,
      "coco_ar1": 0.2425608420591667,
      "coco_ar10": 0.34212633208131893,
      "coco_ar100": 0.34984344745451557,
      "coco_ar_large": 0.4345398213204277,
      "coco_ar_medium": 0.3818981765878387,
      "coco_ar_small": 0.1220617444984223,
      "nms_iou_threshold": 0.4,
      "num_predictions": 21379.0,
      "num_samples": 500.0,
      "score_alpha": 2.0,
      "score_beta": 1.0,
      "score_threshold": 0.05,
      "top_k": 100
    }
  ],
  "top_by_ap50": [
    {
      "coco_ap": 0.2107103400544438,
      "coco_ap50": 0.32466391005469314,
      "coco_ap75": 0.2318278786316732,
      "coco_ap_large": 0.26291686002904213,
      "coco_ap_medium": 0.24184487729964332,
      "coco_ap_small": 0.08595738882838935,
      "coco_ar1": 0.24426473235181945,
      "coco_ar10": 0.3496178343888025,
      "coco_ar100": 0.35866886019789856,
      "coco_ar_large": 0.44814806696183085,
      "coco_ar_medium": 0.3895492103551546,
      "coco_ar_small": 0.1295881097144479,
      "nms_iou_threshold": 0.4,
      "num_predictions": 30829.0,
      "num_samples": 500.0,
      "score_alpha": 2.0,
      "score_beta": 1.0,
      "score_threshold": 0.03,
      "top_k": 200
    },
    {
      "coco_ap": 0.20884686606851405,
      "coco_ap50": 0.3243045105063418,
      "coco_ap75": 0.22750657185554904,
      "coco_ap_large": 0.25927052674354073,
      "coco_ap_medium": 0.23977975656632727,
      "coco_ap_small": 0.08552731067934258,
      "coco_ar1": 0.24343978107530514,
      "coco_ar10": 0.34977137392586616,
      "coco_ar100": 0.36023794846658197,
      "coco_ar_large": 0.44743277628603134,
      "coco_ar_medium": 0.3929203350966169,
      "coco_ar_small": 0.13378110481680122,
      "nms_iou_threshold": 0.4,
      "num_predictions": 39812.0,
      "num_samples": 500.0,
      "score_alpha": 1.5,
      "score_beta": 1.0,
      "score_threshold": 0.03,
      "top_k": 200
    },
    {
      "coco_ap": 0.2105919422922479,
      "coco_ap50": 0.32410823653243936,
      "coco_ap75": 0.23181653378798062,
      "coco_ap_large": 0.26289430917215795,
      "coco_ap_medium": 0.2418445048703151,
      "coco_ap_small": 0.08551110396577791,
      "coco_ar1": 0.24409571102206248,
      "coco_ar10": 0.34813235402250664,
      "coco_ar100": 0.3561772692243797,
      "coco_ar_large": 0.4476161319656102,
      "coco_ar_medium": 0.3879512215992711,
      "coco_ar_small": 0.12591044508180932,
      "nms_iou_threshold": 0.4,
      "num_predictions": 26691.0,
      "num_samples": 500.0,
      "score_alpha": 2.0,
      "score_beta": 1.0,
      "score_threshold": 0.03,
      "top_k": 100
    },
    {
      "coco_ap": 0.21240980795852435,
      "coco_ap50": 0.3238110835088555,
      "coco_ap75": 0.2339579664523066,
      "coco_ap_large": 0.26567907707947797,
      "coco_ap_medium": 0.24223060195726218,
      "coco_ap_small": 0.0879350282099401,
      "coco_ar1": 0.2441930820055094,
      "coco_ar10": 0.36135205361646333,
      "coco_ar100": 0.3738482351676498,
      "coco_ar_large": 0.4709629685261702,
      "coco_ar_medium": 0.4023917114999129,
      "coco_ar_small": 0.13731217974943444,
      "nms_iou_threshold": 0.5,
      "num_predictions": 37463.0,
      "num_samples": 500.0,
      "score_alpha": 2.0,
      "score_beta": 1.0,
      "score_threshold": 0.03,
      "top_k": 200
    },
    {
      "coco_ap": 0.208596556525043,
      "coco_ap50": 0.32338999455913836,
      "coco_ap75": 0.22746254398396998,
      "coco_ap_large": 0.2592300890869216,
      "coco_ap_medium": 0.23972419419597796,
      "coco_ap_small": 0.08487834804389324,
      "coco_ar1": 0.24216130972372368,
      "coco_ar10": 0.346584955929692,
      "coco_ar100": 0.3551474243647662,
      "coco_ar_large": 0.44636276494816285,
      "coco_ar_medium": 0.38574234633708815,
      "coco_ar_small": 0.12832838234293828,
      "nms_iou_threshold": 0.4,
      "num_predictions": 31811.0,
      "num_samples": 500.0,
      "score_alpha": 1.5,
      "score_beta": 1.0,
      "score_threshold": 0.03,
      "top_k": 100
    },
    {
      "coco_ap": 0.2085202899365698,
      "coco_ap50": 0.32328478006586303,
      "coco_ap75": 0.2273645409778021,
      "coco_ap_large": 0.25897532357788433,
      "coco_ap_medium": 0.23881566260769904,
      "coco_ap_small": 0.0845347581660799,
      "coco_ar1": 0.24238159946477908,
      "coco_ar10": 0.3456504202520371,
      "coco_ar100": 0.35507452330618083,
      "coco_ar_large": 0.4410115227581676,
      "coco_ar_medium": 0.38361804752831946,
      "coco_ar_small": 0.12828059598258382,
      "nms_iou_threshold": 0.4,
      "num_predictions": 30502.0,
      "num_samples": 500.0,
      "score_alpha": 1.5,
      "score_beta": 1.0,
      "score_threshold": 0.05,
      "top_k": 200
    },
    {
      "coco_ap": 0.2102378983398726,
      "coco_ap50": 0.3231104377114563,
      "coco_ap75": 0.23169287150287846,
      "coco_ap_large": 0.261974714995612,
      "coco_ap_medium": 0.2415351481195745,
      "coco_ap_small": 0.08525839121799092,
      "coco_ar1": 0.24265821304261365,
      "coco_ar10": 0.3431698315716872,
      "coco_ar100": 0.3516971850964859,
      "coco_ar_large": 0.43486389539450176,
      "coco_ar_medium": 0.3827597906073475,
      "coco_ar_small": 0.12485947853705406,
      "nms_iou_threshold": 0.4,
      "num_predictions": 23019.0,
      "num_samples": 500.0,
      "score_alpha": 2.0,
      "score_beta": 1.0,
      "score_threshold": 0.05,
      "top_k": 200
    },
    {
      "coco_ap": 0.21030062507406252,
      "coco_ap50": 0.3230697166962325,
      "coco_ap75": 0.22936442919171654,
      "coco_ap_large": 0.2628361708527381,
      "coco_ap_medium": 0.24044560912432664,
      "coco_ap_small": 0.08759132820766259,
      "coco_ar1": 0.24336813072899516,
      "coco_ar10": 0.3610361582283518,
      "coco_ar100": 0.3757050380863928,
      "coco_ar_large": 0.47303000161461256,
      "coco_ar_medium": 0.4059146058692333,
      "coco_ar_small": 0.14223941261157913,
      "nms_iou_threshold": 0.5,
      "num_predictions": 47712.0,
      "num_samples": 500.0,
      "score_alpha": 1.5,
      "score_beta": 1.0,
      "score_threshold": 0.03,
      "top_k": 200
    },
    {
      "coco_ap": 0.210134197556856,
      "coco_ap50": 0.32265321997778157,
      "coco_ap75": 0.23168085651203899,
      "coco_ap_large": 0.261951396001356,
      "coco_ap_medium": 0.24153077818097665,
      "coco_ap_small": 0.08485072996136728,
      "coco_ar1": 0.2425608420591667,
      "coco_ar10": 0.34212633208131893,
      "coco_ar100": 0.34984344745451557,
      "coco_ar_large": 0.4345398213204277,
      "coco_ar_medium": 0.3818981765878387,
      "coco_ar_small": 0.1220617444984223,
      "nms_iou_threshold": 0.4,
      "num_predictions": 21379.0,
      "num_samples": 500.0,
      "score_alpha": 2.0,
      "score_beta": 1.0,
      "score_threshold": 0.05,
      "top_k": 100
    },
    {
      "coco_ap": 0.21204196885702709,
      "coco_ap50": 0.3225820856122109,
      "coco_ap75": 0.2339042473794619,
      "coco_ap_large": 0.26494021139292034,
      "coco_ap_medium": 0.24198623624646673,
      "coco_ap_small": 0.08725673268982415,
      "coco_ar1": 0.24265821304261365,
      "coco_ar10": 0.35589560757165706,
      "coco_ar100": 0.3675453258857141,
      "coco_ar_large": 0.4591509715404426,
      "coco_ar_medium": 0.39653473401033706,
      "coco_ar_small": 0.13270045176576095,
      "nms_iou_threshold": 0.5,
      "num_predictions": 28116.0,
      "num_samples": 500.0,
      "score_alpha": 2.0,
      "score_beta": 1.0,
      "score_threshold": 0.05,
      "top_k": 200
    }
  ],
  "top_by_ar100": [
    {
      "coco_ap": 0.2076984088981611,
      "coco_ap50": 0.31321943740352726,
      "coco_ap75": 0.2303768963663426,
      "coco_ap_large": 0.2603415034715643,
      "coco_ap_medium": 0.24102798970052733,
      "coco_ap_small": 0.08747623189575439,
      "coco_ar1": 0.24297889022266603,
      "coco_ar10": 0.3664859407279497,
      "coco_ar100": 0.3890793307429738,
      "coco_ar_large": 0.4853630823268939,
      "coco_ar_medium": 0.42305015185733297,
      "coco_ar_small": 0.14733656646101398,
      "nms_iou_threshold": 0.6,
      "num_predictions": 57014.0,
      "num_samples": 500.0,
      "score_alpha": 1.5,
      "score_beta": 1.0,
      "score_threshold": 0.03,
      "top_k": 200
    },
    {
      "coco_ap": 0.2103596682268708,
      "coco_ap50": 0.3152005676629279,
      "coco_ap75": 0.23543209929486025,
      "coco_ap_large": 0.2636794732440648,
      "coco_ap_medium": 0.24379772003115538,
      "coco_ap_small": 0.08795460555911959,
      "coco_ar1": 0.2441930820055094,
      "coco_ar10": 0.3658251226327264,
      "coco_ar100": 0.3857314291978716,
      "coco_ar_large": 0.4825275517081031,
      "coco_ar_medium": 0.418228216938239,
      "coco_ar_small": 0.14205497445572235,
      "nms_iou_threshold": 0.6,
      "num_predictions": 45973.0,
      "num_samples": 500.0,
      "score_alpha": 2.0,
      "score_beta": 1.0,
      "score_threshold": 0.03,
      "top_k": 200
    },
    {
      "coco_ap": 0.20741731853964016,
      "coco_ap50": 0.3124913887516752,
      "coco_ap75": 0.23019372136661556,
      "coco_ap_large": 0.2601134945256692,
      "coco_ap_medium": 0.23977224678956743,
      "coco_ap_small": 0.08658176986423174,
      "coco_ar1": 0.24214425769262718,
      "coco_ar10": 0.36159159406990965,
      "coco_ar100": 0.38251181971462833,
      "coco_ar_large": 0.47680118862227294,
      "coco_ar_medium": 0.41373246917511824,
      "coco_ar_small": 0.14054664296212332,
      "nms_iou_threshold": 0.6,
      "num_predictions": 45969.0,
      "num_samples": 500.0,
      "score_alpha": 1.5,
      "score_beta": 1.0,
      "score_threshold": 0.05,
      "top_k": 200
    },
    {
      "coco_ap": 0.21002099749307898,
      "coco_ap50": 0.3141067702473719,
      "coco_ap75": 0.23537271571602403,
      "coco_ap_large": 0.26298278109535445,
      "coco_ap_medium": 0.24355854433415408,
      "coco_ap_small": 0.08727865449810235,
      "coco_ar1": 0.24265821304261365,
      "coco_ar10": 0.36048518693564485,
      "coco_ar100": 0.3786263500677224,
      "coco_ar_large": 0.4693081655588955,
      "coco_ar_medium": 0.41116363011209334,
      "coco_ar_small": 0.13612125021308769,
      "nms_iou_threshold": 0.6,
      "num_predictions": 35652.0,
      "num_samples": 500.0,
      "score_alpha": 2.0,
      "score_beta": 1.0,
      "score_threshold": 0.05,
      "top_k": 200
    },
    {
      "coco_ap": 0.21030062507406252,
      "coco_ap50": 0.3230697166962325,
      "coco_ap75": 0.22936442919171654,
      "coco_ap_large": 0.2628361708527381,
      "coco_ap_medium": 0.24044560912432664,
      "coco_ap_small": 0.08759132820766259,
      "coco_ar1": 0.24336813072899516,
      "coco_ar10": 0.3610361582283518,
      "coco_ar100": 0.3757050380863928,
      "coco_ar_large": 0.47303000161461256,
      "coco_ar_medium": 0.4059146058692333,
      "coco_ar_small": 0.14223941261157913,
      "nms_iou_threshold": 0.5,
      "num_predictions": 47712.0,
      "num_samples": 500.0,
      "score_alpha": 1.5,
      "score_beta": 1.0,
      "score_threshold": 0.03,
      "top_k": 200
    },
    {
      "coco_ap": 0.20976748599378187,
      "coco_ap50": 0.3135744830331647,
      "coco_ap75": 0.23511566951059693,
      "coco_ap_large": 0.2633435681771756,
      "coco_ap_medium": 0.24287384013990596,
      "coco_ap_small": 0.08654098757887287,
      "coco_ar1": 0.2421272294294878,
      "coco_ar10": 0.3595524441961513,
      "coco_ar100": 0.3748962526743688,
      "coco_ar_large": 0.47617597503995623,
      "coco_ar_medium": 0.4050076080797389,
      "coco_ar_small": 0.1310369553175062,
      "nms_iou_threshold": 0.6,
      "num_predictions": 34262.0,
      "num_samples": 500.0,
      "score_alpha": 2.0,
      "score_beta": 1.0,
      "score_threshold": 0.03,
      "top_k": 100
    },
    {
      "coco_ap": 0.21240980795852435,
      "coco_ap50": 0.3238110835088555,
      "coco_ap75": 0.2339579664523066,
      "coco_ap_large": 0.26567907707947797,
      "coco_ap_medium": 0.24223060195726218,
      "coco_ap_small": 0.0879350282099401,
      "coco_ar1": 0.2441930820055094,
      "coco_ar10": 0.36135205361646333,
      "coco_ar100": 0.3738482351676498,
      "coco_ar_large": 0.4709629685261702,
      "coco_ar_medium": 0.4023917114999129,
      "coco_ar_small": 0.13731217974943444,
      "nms_iou_threshold": 0.5,
      "num_predictions": 37463.0,
      "num_samples": 500.0,
      "score_alpha": 2.0,
      "score_beta": 1.0,
      "score_threshold": 0.03,
      "top_k": 200
    },
    {
      "coco_ap": 0.20953708779180685,
      "coco_ap50": 0.31280273973126055,
      "coco_ap75": 0.23507318227911775,
      "coco_ap_large": 0.26277608506478245,
      "coco_ap_medium": 0.24267511247390544,
      "coco_ap_small": 0.08602232128497941,
      "coco_ar1": 0.24100392270476598,
      "coco_ar10": 0.3557801957301875,
      "coco_ar100": 0.3706726588499949,
      "coco_ar_large": 0.46574666291719474,
      "coco_ar_medium": 0.40041741521039603,
      "coco_ar_small": 0.12829717202770097,
      "nms_iou_threshold": 0.6,
      "num_predictions": 29018.0,
      "num_samples": 500.0,
      "score_alpha": 2.0,
      "score_beta": 1.0,
      "score_threshold": 0.05,
      "top_k": 100
    },
    {
      "coco_ap": 0.21002940460223662,
      "coco_ap50": 0.32220280055926476,
      "coco_ap75": 0.22927565902410174,
      "coco_ap_large": 0.26264348775534413,
      "coco_ap_medium": 0.23919188432209887,
      "coco_ap_small": 0.08673526170942962,
      "coco_ar1": 0.24238159946477908,
      "coco_ar10": 0.3566790039273562,
      "coco_ar100": 0.37019518288499675,
      "coco_ar_large": 0.46580811423591084,
      "coco_ar_medium": 0.39719135552595924,
      "coco_ar_small": 0.13571281161194254,
      "nms_iou_threshold": 0.5,
      "num_predictions": 37288.0,
      "num_samples": 500.0,
      "score_alpha": 1.5,
      "score_beta": 1.0,
      "score_threshold": 0.05,
      "top_k": 200
    },
    {
      "coco_ap": 0.21204196885702709,
      "coco_ap50": 0.3225820856122109,
      "coco_ap75": 0.2339042473794619,
      "coco_ap_large": 0.26494021139292034,
      "coco_ap_medium": 0.24198623624646673,
      "coco_ap_small": 0.08725673268982415,
      "coco_ar1": 0.24265821304261365,
      "coco_ar10": 0.35589560757165706,
      "coco_ar100": 0.3675453258857141,
      "coco_ar_large": 0.4591509715404426,
      "coco_ar_medium": 0.39653473401033706,
      "coco_ar_small": 0.13270045176576095,
      "nms_iou_threshold": 0.5,
      "num_predictions": 28116.0,
      "num_samples": 500.0,
      "score_alpha": 2.0,
      "score_beta": 1.0,
      "score_threshold": 0.05,
      "top_k": 200
    }
  ]
}
sweep_exit=0
