session=train_416_basic_aug_v2_no_noise_40
config=configs/dual_scale_three_box_coco_only_noobj1_416_basic_aug_v2_no_noise_40.toml
log=logs/training_tmux/dual_scale_three_box_coco_only_noobj1_416_basic_aug_v2_no_noise_40_ddp_20260510_231338.log
stage=train_ddp_8gpu
W0510 23:13:39.977000 2137429 site-packages/torch/distributed/run.py:851] 
W0510 23:13:39.977000 2137429 site-packages/torch/distributed/run.py:851] *****************************************
W0510 23:13:39.977000 2137429 site-packages/torch/distributed/run.py:851] Setting OMP_NUM_THREADS environment variable for each process to be 1 in default, to avoid your system being overloaded, please further tune the variable for optimal performance in your application as needed. 
W0510 23:13:39.977000 2137429 site-packages/torch/distributed/run.py:851] *****************************************
DDP mode: ignoring train.use_data_parallel from config.
dataset storage train: pt | index = /home/lidz/YOLO/DataSet/Unified/packed/pt/coco2017_train/chunk_1024/index.json | chunks = 116 | samples = 118287 | chunk_size = 1024
dataset storage val: pt | index = /home/lidz/YOLO/DataSet/Unified/packed/pt/coco2017_val/chunk_1024/index.json | chunks = 5 | samples = 5000 | chunk_size = 1024
/home/lidz/miniconda3/envs/yolov1/lib/python3.10/site-packages/torch/distributed/c10d_logger.py:83: UserWarning: barrier(): using the device under current context. You can specify `device_id` in `init_process_group` to mute this warning.
  return func(*args, **kwargs)
DDP configured global batch size: 128
DDP per-rank batch size: 16
DDP effective global batch size: 128
DDP configured workers: 64
DDP per-rank workers: 8
starting yolov0 DDP training
run id: dual_scale_three_box_coco_only_noobj1_416_basic_aug_v2_no_noise_40_ddp_20260510_231343
device: cuda:0
backend: nccl
world size: 8
train dataset length: 118287
val dataset length: 5000
model output shape: {'p4': (1, 26, 26, 255), 'p5': (1, 13, 13, 255)}
train augmentation: {'enabled': True, 'horizontal_flip_p': 0.5, 'color_jitter_p': 0.8, 'brightness': 0.15, 'contrast': 0.15, 'saturation': 0.15, 'scale_jitter_p': 0.5, 'scale_jitter_min': 0.9, 'scale_jitter_max': 1.1, 'scale_jitter_fill': 0.0, 'affine_p': 0.3, 'degrees': 3.0, 'translate': 0.04, 'scale_min': 0.96, 'scale_max': 1.04, 'shear': 0.0, 'blur_p': 0.15, 'blur_kernel_size': 3, 'blur_sigma_min': 0.1, 'blur_sigma_max': 0.8, 'min_box_size': 1.0}
parameter total: 36531294
parameter trainable: 36531294
tensorboard dir: runs/dual_scale_three_box_coco_only_noobj1_416_basic_aug_v2_no_noise_40_ddp_20260510_231343
output dir: outputs/dual_scale_three_box_coco_only_noobj1_416_basic_aug_v2_no_noise_40_ddp_20260510_231343
epoch 001 | step 0001 | total = 11.3272 | box = 1.3685 | obj = 3.0712 | cls = 1.4133 | lr = 0.001000
epoch 001 | step 0020 | total = 8.2504 | box = 1.1805 | obj = 2.1352 | cls = 0.2130 | lr = 0.001000
epoch 001 | step 0040 | total = 7.8728 | box = 1.1606 | obj = 1.9928 | cls = 0.0769 | lr = 0.001000
epoch 001 | step 0060 | total = 7.9903 | box = 1.1848 | obj = 1.9970 | cls = 0.0695 | lr = 0.001000
epoch 001 | step 0080 | total = 8.2875 | box = 1.2651 | obj = 1.8987 | cls = 0.0633 | lr = 0.001000
epoch 001 | step 0100 | total = 7.7837 | box = 1.1818 | obj = 1.8174 | cls = 0.0572 | lr = 0.001000
epoch 001 | step 0120 | total = 8.1564 | box = 1.2350 | obj = 1.9259 | cls = 0.0557 | lr = 0.001000
epoch 001 | step 0140 | total = 7.2835 | box = 1.0353 | obj = 2.0451 | cls = 0.0619 | lr = 0.001000
epoch 001 | step 0160 | total = 7.5014 | box = 1.0735 | obj = 2.0632 | cls = 0.0706 | lr = 0.001000
epoch 001 | step 0180 | total = 7.3336 | box = 1.0432 | obj = 2.0499 | cls = 0.0675 | lr = 0.001000
epoch 001 | step 0200 | total = 7.3039 | box = 1.0468 | obj = 2.0078 | cls = 0.0620 | lr = 0.001000
epoch 001 | step 0220 | total = 7.0003 | box = 0.9767 | obj = 2.0513 | cls = 0.0655 | lr = 0.001000
epoch 001 | step 0240 | total = 7.5732 | box = 1.1224 | obj = 1.9004 | cls = 0.0609 | lr = 0.001000
epoch 001 | step 0260 | total = 7.3343 | box = 1.0667 | obj = 1.9420 | cls = 0.0591 | lr = 0.001000
epoch 001 | step 0280 | total = 7.6593 | box = 1.1371 | obj = 1.9219 | cls = 0.0519 | lr = 0.001000
epoch 001 | step 0300 | total = 7.8693 | box = 1.2008 | obj = 1.8082 | cls = 0.0572 | lr = 0.001000
epoch 001 | step 0320 | total = 7.2661 | box = 1.0410 | obj = 2.0020 | cls = 0.0593 | lr = 0.001000
epoch 001 | step 0340 | total = 7.1064 | box = 0.9961 | obj = 2.0646 | cls = 0.0616 | lr = 0.001000
epoch 001 | step 0360 | total = 7.3674 | box = 1.0760 | obj = 1.9321 | cls = 0.0551 | lr = 0.001000
epoch 001 | step 0380 | total = 6.7793 | box = 0.9296 | obj = 2.0578 | cls = 0.0736 | lr = 0.001000
epoch 001 | step 0400 | total = 6.8379 | box = 0.9557 | obj = 1.9928 | cls = 0.0668 | lr = 0.001000
epoch 001 | step 0420 | total = 7.6161 | box = 1.1250 | obj = 1.9338 | cls = 0.0574 | lr = 0.001000
epoch 001 | step 0440 | total = 7.0739 | box = 1.0316 | obj = 1.8519 | cls = 0.0642 | lr = 0.001000
epoch 001 | step 0460 | total = 7.8881 | box = 1.2120 | obj = 1.7788 | cls = 0.0494 | lr = 0.001000
epoch 001 | step 0480 | total = 7.7262 | box = 1.1715 | obj = 1.8169 | cls = 0.0518 | lr = 0.001000
epoch 001 | step 0500 | total = 7.2827 | box = 1.0761 | obj = 1.8480 | cls = 0.0544 | lr = 0.001000
epoch 001 | step 0520 | total = 7.1079 | box = 1.0056 | obj = 2.0177 | cls = 0.0623 | lr = 0.001000
epoch 001 | step 0540 | total = 7.0709 | box = 1.0107 | obj = 1.9533 | cls = 0.0640 | lr = 0.001000
epoch 001 | step 0560 | total = 6.6992 | box = 0.9313 | obj = 1.9858 | cls = 0.0567 | lr = 0.001000
epoch 001 | step 0580 | total = 7.5440 | box = 1.1317 | obj = 1.8325 | cls = 0.0532 | lr = 0.001000
epoch 001 | step 0600 | total = 7.6478 | box = 1.1441 | obj = 1.8771 | cls = 0.0505 | lr = 0.001000
epoch 001 | step 0620 | total = 7.0798 | box = 1.0098 | obj = 1.9746 | cls = 0.0561 | lr = 0.001000
epoch 001 | step 0640 | total = 6.4244 | box = 0.8897 | obj = 1.9211 | cls = 0.0548 | lr = 0.001000
epoch 001 | step 0660 | total = 7.0109 | box = 1.0045 | obj = 1.9292 | cls = 0.0590 | lr = 0.001000
epoch 001 | step 0680 | total = 6.6719 | box = 0.9030 | obj = 2.0936 | cls = 0.0634 | lr = 0.001000
epoch 001 | step 0700 | total = 6.8633 | box = 0.9504 | obj = 2.0522 | cls = 0.0589 | lr = 0.001000
epoch 001 | step 0720 | total = 7.1101 | box = 1.0271 | obj = 1.9168 | cls = 0.0580 | lr = 0.001000
epoch 001 | step 0740 | total = 6.6411 | box = 0.9430 | obj = 1.8665 | cls = 0.0593 | lr = 0.001000
epoch 001 | step 0760 | total = 6.6358 | box = 0.9194 | obj = 1.9695 | cls = 0.0695 | lr = 0.001000
epoch 001 | step 0780 | total = 6.6760 | box = 0.9026 | obj = 2.0976 | cls = 0.0652 | lr = 0.001000
epoch 001 | step 0800 | total = 5.6306 | box = 0.7345 | obj = 1.8847 | cls = 0.0733 | lr = 0.001000
epoch 001 | step 0820 | total = 6.4321 | box = 0.8780 | obj = 1.9757 | cls = 0.0663 | lr = 0.001000
epoch 001 | step 0840 | total = 6.0053 | box = 0.7745 | obj = 2.0583 | cls = 0.0747 | lr = 0.001000
epoch 001 | step 0860 | total = 6.3349 | box = 0.8846 | obj = 1.8585 | cls = 0.0534 | lr = 0.001000
epoch 001 | step 0880 | total = 6.2126 | box = 0.8183 | obj = 2.0541 | cls = 0.0672 | lr = 0.001000
epoch 001 | step 0900 | total = 6.6874 | box = 0.9564 | obj = 1.8584 | cls = 0.0470 | lr = 0.001000
epoch 001 | step 0920 | total = 7.1316 | box = 1.0380 | obj = 1.8895 | cls = 0.0520 | lr = 0.001000
[epoch 001 train] total = 7.2778 | box = 1.0517 | obj = 1.9442 | cls = 0.0751 | steps = 925 | global_batches = 7400 | samples = 118288 | time = 807.6s
[epoch 001 val] total = 6.7353 | box = 0.9558 | obj = 1.8988 | cls = 0.0577 | steps = 40 | global_batches = 320 | samples = 5000 | time = 20.2s
epoch 002 | step 0001 | total = 6.0792 | box = 0.8109 | obj = 1.9691 | cls = 0.0557 | lr = 0.000998
epoch 002 | step 0020 | total = 6.4210 | box = 0.8970 | obj = 1.8852 | cls = 0.0509 | lr = 0.000998
epoch 002 | step 0040 | total = 6.9966 | box = 1.0167 | obj = 1.8582 | cls = 0.0548 | lr = 0.000998
epoch 002 | step 0060 | total = 6.9226 | box = 1.0137 | obj = 1.8042 | cls = 0.0501 | lr = 0.000998
epoch 002 | step 0080 | total = 6.8827 | box = 0.9849 | obj = 1.8973 | cls = 0.0607 | lr = 0.000998
epoch 002 | step 0100 | total = 6.1885 | box = 0.8552 | obj = 1.8610 | cls = 0.0517 | lr = 0.000998
epoch 002 | step 0120 | total = 6.5233 | box = 0.9168 | obj = 1.8854 | cls = 0.0540 | lr = 0.000998
epoch 002 | step 0140 | total = 6.7734 | box = 0.9778 | obj = 1.8290 | cls = 0.0555 | lr = 0.000998
epoch 002 | step 0160 | total = 7.1062 | box = 1.0347 | obj = 1.8771 | cls = 0.0554 | lr = 0.000998
epoch 002 | step 0180 | total = 5.9591 | box = 0.7986 | obj = 1.8996 | cls = 0.0663 | lr = 0.000998
epoch 002 | step 0200 | total = 6.8167 | box = 0.9664 | obj = 1.9267 | cls = 0.0580 | lr = 0.000998
epoch 002 | step 0220 | total = 6.3072 | box = 0.8747 | obj = 1.8830 | cls = 0.0508 | lr = 0.000998
epoch 002 | step 0240 | total = 6.0797 | box = 0.8012 | obj = 2.0017 | cls = 0.0717 | lr = 0.000998
epoch 002 | step 0260 | total = 6.8901 | box = 0.9944 | obj = 1.8620 | cls = 0.0563 | lr = 0.000998
epoch 002 | step 0280 | total = 7.0152 | box = 1.0308 | obj = 1.8108 | cls = 0.0505 | lr = 0.000998
epoch 002 | step 0300 | total = 6.5838 | box = 0.9405 | obj = 1.8231 | cls = 0.0582 | lr = 0.000998
epoch 002 | step 0320 | total = 6.6818 | box = 0.9595 | obj = 1.8300 | cls = 0.0542 | lr = 0.000998
epoch 002 | step 0340 | total = 6.4549 | box = 0.8699 | obj = 2.0419 | cls = 0.0637 | lr = 0.000998
epoch 002 | step 0360 | total = 5.8536 | box = 0.7982 | obj = 1.8062 | cls = 0.0564 | lr = 0.000998
epoch 002 | step 0380 | total = 6.6901 | box = 0.9821 | obj = 1.7254 | cls = 0.0542 | lr = 0.000998
epoch 002 | step 0400 | total = 6.8954 | box = 1.0073 | obj = 1.8084 | cls = 0.0503 | lr = 0.000998
epoch 002 | step 0420 | total = 6.0438 | box = 0.8161 | obj = 1.8995 | cls = 0.0638 | lr = 0.000998
epoch 002 | step 0440 | total = 6.3824 | box = 0.8782 | obj = 1.9386 | cls = 0.0528 | lr = 0.000998
epoch 002 | step 0460 | total = 6.6851 | box = 0.9472 | obj = 1.8890 | cls = 0.0603 | lr = 0.000998
epoch 002 | step 0480 | total = 5.8066 | box = 0.7792 | obj = 1.8518 | cls = 0.0587 | lr = 0.000998
epoch 002 | step 0500 | total = 5.6284 | box = 0.7512 | obj = 1.8063 | cls = 0.0663 | lr = 0.000998
epoch 002 | step 0520 | total = 6.2894 | box = 0.8781 | obj = 1.8406 | cls = 0.0581 | lr = 0.000998
epoch 002 | step 0540 | total = 6.9095 | box = 1.0348 | obj = 1.6890 | cls = 0.0463 | lr = 0.000998
epoch 002 | step 0560 | total = 6.5075 | box = 0.9122 | obj = 1.8891 | cls = 0.0575 | lr = 0.000998
epoch 002 | step 0580 | total = 5.8002 | box = 0.7589 | obj = 1.9517 | cls = 0.0541 | lr = 0.000998
epoch 002 | step 0600 | total = 6.4248 | box = 0.8742 | obj = 1.9960 | cls = 0.0579 | lr = 0.000998
epoch 002 | step 0620 | total = 5.8266 | box = 0.8048 | obj = 1.7474 | cls = 0.0554 | lr = 0.000998
epoch 002 | step 0640 | total = 5.3605 | box = 0.6737 | obj = 1.9180 | cls = 0.0741 | lr = 0.000998
epoch 002 | step 0660 | total = 5.8627 | box = 0.8002 | obj = 1.8071 | cls = 0.0544 | lr = 0.000998
epoch 002 | step 0680 | total = 5.7232 | box = 0.7671 | obj = 1.8278 | cls = 0.0600 | lr = 0.000998
epoch 002 | step 0700 | total = 6.8967 | box = 0.9975 | obj = 1.8615 | cls = 0.0480 | lr = 0.000998
epoch 002 | step 0720 | total = 6.3399 | box = 0.8600 | obj = 1.9759 | cls = 0.0642 | lr = 0.000998
epoch 002 | step 0740 | total = 6.8232 | box = 1.0109 | obj = 1.7218 | cls = 0.0471 | lr = 0.000998
epoch 002 | step 0760 | total = 7.4368 | box = 1.1137 | obj = 1.8202 | cls = 0.0481 | lr = 0.000998
epoch 002 | step 0780 | total = 6.2467 | box = 0.8720 | obj = 1.8260 | cls = 0.0607 | lr = 0.000998
epoch 002 | step 0800 | total = 5.8127 | box = 0.7725 | obj = 1.8808 | cls = 0.0695 | lr = 0.000998
epoch 002 | step 0820 | total = 6.5254 | box = 0.9262 | obj = 1.8397 | cls = 0.0546 | lr = 0.000998
epoch 002 | step 0840 | total = 6.1740 | box = 0.8497 | obj = 1.8642 | cls = 0.0612 | lr = 0.000998
epoch 002 | step 0860 | total = 6.8107 | box = 1.0139 | obj = 1.6949 | cls = 0.0462 | lr = 0.000998
epoch 002 | step 0880 | total = 6.3540 | box = 0.8975 | obj = 1.8080 | cls = 0.0586 | lr = 0.000998
epoch 002 | step 0900 | total = 6.4088 | box = 0.9288 | obj = 1.7195 | cls = 0.0453 | lr = 0.000998
epoch 002 | step 0920 | total = 6.2961 | box = 0.8897 | obj = 1.7931 | cls = 0.0544 | lr = 0.000998
[epoch 002 train] total = 6.4158 | box = 0.9001 | obj = 1.8590 | cls = 0.0565 | steps = 925 | global_batches = 7400 | samples = 118288 | time = 809.3s
[epoch 002 val] total = 6.3447 | box = 0.8829 | obj = 1.8746 | cls = 0.0558 | steps = 40 | global_batches = 320 | samples = 5000 | time = 20.6s
epoch 003 | step 0001 | total = 5.8469 | box = 0.8090 | obj = 1.7435 | cls = 0.0587 | lr = 0.000994
epoch 003 | step 0020 | total = 6.6827 | box = 0.9646 | obj = 1.8094 | cls = 0.0505 | lr = 0.000994
epoch 003 | step 0040 | total = 6.0618 | box = 0.8500 | obj = 1.7481 | cls = 0.0638 | lr = 0.000994
epoch 003 | step 0060 | total = 6.8287 | box = 0.9967 | obj = 1.7984 | cls = 0.0469 | lr = 0.000994
epoch 003 | step 0080 | total = 6.0360 | box = 0.8126 | obj = 1.9091 | cls = 0.0640 | lr = 0.000994
epoch 003 | step 0100 | total = 6.1196 | box = 0.8591 | obj = 1.7742 | cls = 0.0500 | lr = 0.000994
epoch 003 | step 0120 | total = 6.5844 | box = 0.9516 | obj = 1.7717 | cls = 0.0546 | lr = 0.000994
epoch 003 | step 0140 | total = 6.2386 | box = 0.8802 | obj = 1.7928 | cls = 0.0447 | lr = 0.000994
epoch 003 | step 0160 | total = 6.5008 | box = 0.9213 | obj = 1.8382 | cls = 0.0561 | lr = 0.000994
epoch 003 | step 0180 | total = 6.9157 | box = 1.0084 | obj = 1.8241 | cls = 0.0493 | lr = 0.000994
epoch 003 | step 0200 | total = 5.3242 | box = 0.6799 | obj = 1.8563 | cls = 0.0685 | lr = 0.000994
epoch 003 | step 0220 | total = 6.4717 | box = 0.9559 | obj = 1.6465 | cls = 0.0458 | lr = 0.000994
epoch 003 | step 0240 | total = 5.7228 | box = 0.7914 | obj = 1.7184 | cls = 0.0472 | lr = 0.000994
epoch 003 | step 0260 | total = 5.9158 | box = 0.8021 | obj = 1.8431 | cls = 0.0620 | lr = 0.000994
epoch 003 | step 0280 | total = 5.1973 | box = 0.6572 | obj = 1.8445 | cls = 0.0669 | lr = 0.000994
epoch 003 | step 0300 | total = 6.0666 | box = 0.8208 | obj = 1.9013 | cls = 0.0616 | lr = 0.000994
epoch 003 | step 0320 | total = 6.0560 | box = 0.8101 | obj = 1.9391 | cls = 0.0665 | lr = 0.000994
epoch 003 | step 0340 | total = 6.2242 | box = 0.8694 | obj = 1.8234 | cls = 0.0540 | lr = 0.000994
epoch 003 | step 0360 | total = 6.1184 | box = 0.8572 | obj = 1.7783 | cls = 0.0542 | lr = 0.000994
epoch 003 | step 0380 | total = 5.6776 | box = 0.7830 | obj = 1.7104 | cls = 0.0520 | lr = 0.000994
epoch 003 | step 0400 | total = 5.8160 | box = 0.8116 | obj = 1.6991 | cls = 0.0588 | lr = 0.000994
epoch 003 | step 0420 | total = 6.7799 | box = 0.9889 | obj = 1.7926 | cls = 0.0431 | lr = 0.000994
epoch 003 | step 0440 | total = 6.2066 | box = 0.8224 | obj = 2.0357 | cls = 0.0589 | lr = 0.000994
epoch 003 | step 0460 | total = 5.8458 | box = 0.7866 | obj = 1.8579 | cls = 0.0551 | lr = 0.000994
epoch 003 | step 0480 | total = 5.8863 | box = 0.7982 | obj = 1.8427 | cls = 0.0526 | lr = 0.000994
epoch 003 | step 0500 | total = 5.8066 | box = 0.7652 | obj = 1.9210 | cls = 0.0595 | lr = 0.000994
epoch 003 | step 0520 | total = 6.3703 | box = 0.8720 | obj = 1.9587 | cls = 0.0515 | lr = 0.000994
epoch 003 | step 0540 | total = 6.0265 | box = 0.8301 | obj = 1.8193 | cls = 0.0568 | lr = 0.000994
epoch 003 | step 0560 | total = 5.7706 | box = 0.7712 | obj = 1.8479 | cls = 0.0668 | lr = 0.000994
epoch 003 | step 0580 | total = 7.0132 | box = 1.0261 | obj = 1.8300 | cls = 0.0526 | lr = 0.000994
epoch 003 | step 0600 | total = 6.2335 | box = 0.8861 | obj = 1.7531 | cls = 0.0501 | lr = 0.000994
epoch 003 | step 0620 | total = 6.0952 | box = 0.8590 | obj = 1.7537 | cls = 0.0466 | lr = 0.000994
epoch 003 | step 0640 | total = 6.5778 | box = 0.9253 | obj = 1.9050 | cls = 0.0464 | lr = 0.000994
epoch 003 | step 0660 | total = 6.3232 | box = 0.8526 | obj = 2.0018 | cls = 0.0584 | lr = 0.000994
epoch 003 | step 0680 | total = 5.4962 | box = 0.7175 | obj = 1.8572 | cls = 0.0516 | lr = 0.000994
epoch 003 | step 0700 | total = 5.6178 | box = 0.7336 | obj = 1.8875 | cls = 0.0622 | lr = 0.000994
epoch 003 | step 0720 | total = 5.5210 | box = 0.7461 | obj = 1.7352 | cls = 0.0552 | lr = 0.000994
epoch 003 | step 0740 | total = 6.3415 | box = 0.9061 | obj = 1.7620 | cls = 0.0488 | lr = 0.000994
epoch 003 | step 0760 | total = 5.9210 | box = 0.8008 | obj = 1.8582 | cls = 0.0589 | lr = 0.000994
epoch 003 | step 0780 | total = 6.0356 | box = 0.8085 | obj = 1.9341 | cls = 0.0591 | lr = 0.000994
epoch 003 | step 0800 | total = 5.8461 | box = 0.8093 | obj = 1.7463 | cls = 0.0531 | lr = 0.000994
epoch 003 | step 0820 | total = 5.2485 | box = 0.6783 | obj = 1.8023 | cls = 0.0548 | lr = 0.000994
epoch 003 | step 0840 | total = 6.4153 | box = 0.8690 | obj = 2.0147 | cls = 0.0553 | lr = 0.000994
epoch 003 | step 0860 | total = 7.0709 | box = 1.0506 | obj = 1.7661 | cls = 0.0520 | lr = 0.000994
epoch 003 | step 0880 | total = 5.7239 | box = 0.7855 | obj = 1.7408 | cls = 0.0555 | lr = 0.000994
epoch 003 | step 0900 | total = 5.4547 | box = 0.7325 | obj = 1.7250 | cls = 0.0673 | lr = 0.000994
epoch 003 | step 0920 | total = 5.9167 | box = 0.8047 | obj = 1.8418 | cls = 0.0512 | lr = 0.000994
[epoch 003 train] total = 6.0583 | box = 0.8399 | obj = 1.8048 | cls = 0.0543 | steps = 925 | global_batches = 7400 | samples = 118288 | time = 807.7s
[epoch 003 val] total = 6.0679 | box = 0.8358 | obj = 1.8338 | cls = 0.0551 | steps = 40 | global_batches = 320 | samples = 5000 | time = 21.2s
epoch 004 | step 0001 | total = 6.0773 | box = 0.8371 | obj = 1.8411 | cls = 0.0509 | lr = 0.000986
epoch 004 | step 0020 | total = 6.3306 | box = 0.9040 | obj = 1.7613 | cls = 0.0491 | lr = 0.000986
epoch 004 | step 0040 | total = 5.8611 | box = 0.8240 | obj = 1.6934 | cls = 0.0478 | lr = 0.000986
epoch 004 | step 0060 | total = 6.3940 | box = 0.9229 | obj = 1.7337 | cls = 0.0457 | lr = 0.000986
epoch 004 | step 0080 | total = 6.4035 | box = 0.8975 | obj = 1.8600 | cls = 0.0559 | lr = 0.000986
epoch 004 | step 0100 | total = 5.8197 | box = 0.8093 | obj = 1.7148 | cls = 0.0583 | lr = 0.000986
epoch 004 | step 0120 | total = 5.4695 | box = 0.6923 | obj = 1.9460 | cls = 0.0620 | lr = 0.000986
epoch 004 | step 0140 | total = 4.9938 | box = 0.6263 | obj = 1.8053 | cls = 0.0569 | lr = 0.000986
epoch 004 | step 0160 | total = 7.0901 | box = 1.0301 | obj = 1.8791 | cls = 0.0608 | lr = 0.000986
epoch 004 | step 0180 | total = 5.9800 | box = 0.8401 | obj = 1.7332 | cls = 0.0464 | lr = 0.000986
epoch 004 | step 0200 | total = 5.7524 | box = 0.7630 | obj = 1.8838 | cls = 0.0535 | lr = 0.000986
epoch 004 | step 0220 | total = 5.3585 | box = 0.7163 | obj = 1.7181 | cls = 0.0592 | lr = 0.000986
epoch 004 | step 0240 | total = 6.4950 | box = 0.9392 | obj = 1.7540 | cls = 0.0453 | lr = 0.000986
epoch 004 | step 0260 | total = 6.3543 | box = 0.9155 | obj = 1.7332 | cls = 0.0435 | lr = 0.000986
epoch 004 | step 0280 | total = 5.9012 | box = 0.7836 | obj = 1.9321 | cls = 0.0510 | lr = 0.000986
epoch 004 | step 0300 | total = 5.6693 | box = 0.7743 | obj = 1.7435 | cls = 0.0542 | lr = 0.000986
epoch 004 | step 0320 | total = 6.2716 | box = 0.8847 | obj = 1.7885 | cls = 0.0597 | lr = 0.000986
epoch 004 | step 0340 | total = 6.2288 | box = 0.8823 | obj = 1.7704 | cls = 0.0468 | lr = 0.000986
epoch 004 | step 0360 | total = 5.4671 | box = 0.7281 | obj = 1.7618 | cls = 0.0647 | lr = 0.000986
epoch 004 | step 0380 | total = 6.3291 | box = 0.9213 | obj = 1.6833 | cls = 0.0395 | lr = 0.000986
epoch 004 | step 0400 | total = 5.9119 | box = 0.8190 | obj = 1.7637 | cls = 0.0530 | lr = 0.000986
epoch 004 | step 0420 | total = 5.9820 | box = 0.8264 | obj = 1.7970 | cls = 0.0530 | lr = 0.000986
epoch 004 | step 0440 | total = 5.3334 | box = 0.7165 | obj = 1.6972 | cls = 0.0539 | lr = 0.000986
epoch 004 | step 0460 | total = 5.4951 | box = 0.7562 | obj = 1.6697 | cls = 0.0444 | lr = 0.000986
epoch 004 | step 0480 | total = 5.5930 | box = 0.7487 | obj = 1.7926 | cls = 0.0571 | lr = 0.000986
epoch 004 | step 0500 | total = 5.8075 | box = 0.8095 | obj = 1.7077 | cls = 0.0524 | lr = 0.000986
epoch 004 | step 0520 | total = 5.8207 | box = 0.8069 | obj = 1.7355 | cls = 0.0506 | lr = 0.000986
epoch 004 | step 0540 | total = 5.5420 | box = 0.7331 | obj = 1.8200 | cls = 0.0567 | lr = 0.000986
epoch 004 | step 0560 | total = 5.9047 | box = 0.8143 | obj = 1.7773 | cls = 0.0559 | lr = 0.000986
epoch 004 | step 0580 | total = 5.4440 | box = 0.7324 | obj = 1.7390 | cls = 0.0432 | lr = 0.000986
epoch 004 | step 0600 | total = 5.8555 | box = 0.8298 | obj = 1.6606 | cls = 0.0457 | lr = 0.000986
epoch 004 | step 0620 | total = 6.5530 | box = 0.9527 | obj = 1.7424 | cls = 0.0470 | lr = 0.000986
epoch 004 | step 0640 | total = 6.0964 | box = 0.8742 | obj = 1.6827 | cls = 0.0424 | lr = 0.000986
epoch 004 | step 0660 | total = 5.0259 | box = 0.6334 | obj = 1.7927 | cls = 0.0662 | lr = 0.000986
epoch 004 | step 0680 | total = 6.1052 | box = 0.8217 | obj = 1.9332 | cls = 0.0637 | lr = 0.000986
epoch 004 | step 0700 | total = 6.5876 | box = 0.9447 | obj = 1.8106 | cls = 0.0533 | lr = 0.000986
epoch 004 | step 0720 | total = 6.0148 | box = 0.8140 | obj = 1.8935 | cls = 0.0513 | lr = 0.000986
epoch 004 | step 0740 | total = 5.5422 | box = 0.7465 | obj = 1.7591 | cls = 0.0504 | lr = 0.000986
epoch 004 | step 0760 | total = 5.0970 | box = 0.6666 | obj = 1.7143 | cls = 0.0498 | lr = 0.000986
epoch 004 | step 0780 | total = 6.1542 | box = 0.8613 | obj = 1.7918 | cls = 0.0558 | lr = 0.000986
epoch 004 | step 0800 | total = 5.7260 | box = 0.7789 | obj = 1.7810 | cls = 0.0507 | lr = 0.000986
epoch 004 | step 0820 | total = 5.5681 | box = 0.7479 | obj = 1.7773 | cls = 0.0515 | lr = 0.000986
epoch 004 | step 0840 | total = 6.2975 | box = 0.8780 | obj = 1.8545 | cls = 0.0530 | lr = 0.000986
epoch 004 | step 0860 | total = 6.2090 | box = 0.8863 | obj = 1.7293 | cls = 0.0481 | lr = 0.000986
epoch 004 | step 0880 | total = 5.2844 | box = 0.6739 | obj = 1.8618 | cls = 0.0533 | lr = 0.000986
epoch 004 | step 0900 | total = 5.6882 | box = 0.7100 | obj = 2.0713 | cls = 0.0669 | lr = 0.000986
epoch 004 | step 0920 | total = 5.3084 | box = 0.6918 | obj = 1.7880 | cls = 0.0611 | lr = 0.000986
[epoch 004 train] total = 5.8486 | box = 0.8052 | obj = 1.7701 | cls = 0.0526 | steps = 925 | global_batches = 7400 | samples = 118288 | time = 804.6s
[epoch 004 val] total = 5.8927 | box = 0.8111 | obj = 1.7843 | cls = 0.0527 | steps = 40 | global_batches = 320 | samples = 5000 | time = 21.6s
epoch 005 | step 0001 | total = 5.6781 | box = 0.7775 | obj = 1.7516 | cls = 0.0388 | lr = 0.000976
epoch 005 | step 0020 | total = 5.3867 | box = 0.7107 | obj = 1.7694 | cls = 0.0639 | lr = 0.000976
epoch 005 | step 0040 | total = 5.5990 | box = 0.7573 | obj = 1.7673 | cls = 0.0449 | lr = 0.000976
epoch 005 | step 0060 | total = 5.7734 | box = 0.7941 | obj = 1.7600 | cls = 0.0432 | lr = 0.000976
epoch 005 | step 0080 | total = 5.1273 | box = 0.6902 | obj = 1.6220 | cls = 0.0544 | lr = 0.000976
epoch 005 | step 0100 | total = 5.8779 | box = 0.8117 | obj = 1.7699 | cls = 0.0493 | lr = 0.000976
epoch 005 | step 0120 | total = 6.0964 | box = 0.8645 | obj = 1.7316 | cls = 0.0424 | lr = 0.000976
epoch 005 | step 0140 | total = 6.0249 | box = 0.8279 | obj = 1.8313 | cls = 0.0539 | lr = 0.000976
epoch 005 | step 0160 | total = 4.8241 | box = 0.6278 | obj = 1.6342 | cls = 0.0507 | lr = 0.000976
epoch 005 | step 0180 | total = 5.6882 | box = 0.7712 | obj = 1.7849 | cls = 0.0474 | lr = 0.000976
epoch 005 | step 0200 | total = 5.8366 | box = 0.7982 | obj = 1.7896 | cls = 0.0559 | lr = 0.000976
epoch 005 | step 0220 | total = 5.9853 | box = 0.8487 | obj = 1.6830 | cls = 0.0587 | lr = 0.000976
epoch 005 | step 0240 | total = 6.0555 | box = 0.8480 | obj = 1.7675 | cls = 0.0479 | lr = 0.000976
epoch 005 | step 0260 | total = 6.2468 | box = 0.8942 | obj = 1.7261 | cls = 0.0496 | lr = 0.000976
epoch 005 | step 0280 | total = 5.1296 | box = 0.6812 | obj = 1.6708 | cls = 0.0529 | lr = 0.000976
epoch 005 | step 0300 | total = 6.6693 | box = 0.9882 | obj = 1.6861 | cls = 0.0421 | lr = 0.000976
epoch 005 | step 0320 | total = 5.5929 | box = 0.7896 | obj = 1.5977 | cls = 0.0471 | lr = 0.000976
epoch 005 | step 0340 | total = 5.5864 | box = 0.7561 | obj = 1.7516 | cls = 0.0544 | lr = 0.000976
epoch 005 | step 0360 | total = 5.2064 | box = 0.6916 | obj = 1.6913 | cls = 0.0570 | lr = 0.000976
epoch 005 | step 0380 | total = 5.8996 | box = 0.8044 | obj = 1.8262 | cls = 0.0516 | lr = 0.000976
epoch 005 | step 0400 | total = 5.6967 | box = 0.7990 | obj = 1.6554 | cls = 0.0463 | lr = 0.000976
epoch 005 | step 0420 | total = 5.9497 | box = 0.8476 | obj = 1.6626 | cls = 0.0491 | lr = 0.000976
epoch 005 | step 0440 | total = 5.4710 | box = 0.7559 | obj = 1.6515 | cls = 0.0401 | lr = 0.000976
epoch 005 | step 0460 | total = 5.7694 | box = 0.7991 | obj = 1.7267 | cls = 0.0471 | lr = 0.000976
epoch 005 | step 0480 | total = 6.9303 | box = 1.0469 | obj = 1.6515 | cls = 0.0441 | lr = 0.000976
epoch 005 | step 0500 | total = 5.6891 | box = 0.7462 | obj = 1.9063 | cls = 0.0518 | lr = 0.000976
epoch 005 | step 0520 | total = 5.5818 | box = 0.7456 | obj = 1.8023 | cls = 0.0518 | lr = 0.000976
epoch 005 | step 0540 | total = 5.0789 | box = 0.6599 | obj = 1.7231 | cls = 0.0565 | lr = 0.000976
epoch 005 | step 0560 | total = 5.6020 | box = 0.7883 | obj = 1.6175 | cls = 0.0428 | lr = 0.000976
epoch 005 | step 0580 | total = 6.2564 | box = 0.8987 | obj = 1.7201 | cls = 0.0427 | lr = 0.000976
epoch 005 | step 0600 | total = 5.4340 | box = 0.7310 | obj = 1.7264 | cls = 0.0524 | lr = 0.000976
epoch 005 | step 0620 | total = 6.4163 | box = 0.9351 | obj = 1.6895 | cls = 0.0511 | lr = 0.000976
epoch 005 | step 0640 | total = 6.1945 | box = 0.8974 | obj = 1.6655 | cls = 0.0422 | lr = 0.000976
epoch 005 | step 0660 | total = 5.1994 | box = 0.6604 | obj = 1.8460 | cls = 0.0512 | lr = 0.000976
epoch 005 | step 0680 | total = 5.6123 | box = 0.7699 | obj = 1.7060 | cls = 0.0569 | lr = 0.000976
epoch 005 | step 0700 | total = 5.6315 | box = 0.7613 | obj = 1.7745 | cls = 0.0506 | lr = 0.000976
epoch 005 | step 0720 | total = 5.8531 | box = 0.8179 | obj = 1.7073 | cls = 0.0562 | lr = 0.000976
epoch 005 | step 0740 | total = 5.4396 | box = 0.7296 | obj = 1.7269 | cls = 0.0649 | lr = 0.000976
epoch 005 | step 0760 | total = 5.8423 | box = 0.7644 | obj = 1.9737 | cls = 0.0466 | lr = 0.000976
epoch 005 | step 0780 | total = 5.0311 | box = 0.6445 | obj = 1.7375 | cls = 0.0714 | lr = 0.000976
epoch 005 | step 0800 | total = 5.3020 | box = 0.7128 | obj = 1.6867 | cls = 0.0514 | lr = 0.000976
epoch 005 | step 0820 | total = 5.5155 | box = 0.7328 | obj = 1.7920 | cls = 0.0594 | lr = 0.000976
epoch 005 | step 0840 | total = 5.9435 | box = 0.8407 | obj = 1.7026 | cls = 0.0375 | lr = 0.000976
epoch 005 | step 0860 | total = 6.2088 | box = 0.8825 | obj = 1.7487 | cls = 0.0474 | lr = 0.000976
epoch 005 | step 0880 | total = 5.2887 | box = 0.6954 | obj = 1.7573 | cls = 0.0546 | lr = 0.000976
epoch 005 | step 0900 | total = 5.1054 | box = 0.6836 | obj = 1.6253 | cls = 0.0622 | lr = 0.000976
epoch 005 | step 0920 | total = 6.2499 | box = 0.9116 | obj = 1.6481 | cls = 0.0436 | lr = 0.000976
[epoch 005 train] total = 5.6881 | box = 0.7791 | obj = 1.7413 | cls = 0.0512 | steps = 925 | global_batches = 7400 | samples = 118288 | time = 806.6s
[epoch 005 val] total = 5.8226 | box = 0.7956 | obj = 1.7923 | cls = 0.0525 | steps = 40 | global_batches = 320 | samples = 5000 | time = 21.7s
epoch 006 | step 0001 | total = 5.7361 | box = 0.8168 | obj = 1.6052 | cls = 0.0468 | lr = 0.000962
epoch 006 | step 0020 | total = 6.1541 | box = 0.8717 | obj = 1.7499 | cls = 0.0455 | lr = 0.000962
epoch 006 | step 0040 | total = 5.1965 | box = 0.6853 | obj = 1.7160 | cls = 0.0538 | lr = 0.000962
epoch 006 | step 0060 | total = 4.9350 | box = 0.6581 | obj = 1.5930 | cls = 0.0516 | lr = 0.000962
epoch 006 | step 0080 | total = 5.7885 | box = 0.8111 | obj = 1.6916 | cls = 0.0413 | lr = 0.000962
epoch 006 | step 0100 | total = 5.9650 | box = 0.8411 | obj = 1.7088 | cls = 0.0507 | lr = 0.000962
epoch 006 | step 0120 | total = 5.6908 | box = 0.8149 | obj = 1.5724 | cls = 0.0439 | lr = 0.000962
epoch 006 | step 0140 | total = 6.7062 | box = 1.0039 | obj = 1.6436 | cls = 0.0431 | lr = 0.000962
epoch 006 | step 0160 | total = 5.3216 | box = 0.7205 | obj = 1.6782 | cls = 0.0411 | lr = 0.000962
epoch 006 | step 0180 | total = 5.7728 | box = 0.7944 | obj = 1.7515 | cls = 0.0492 | lr = 0.000962
epoch 006 | step 0200 | total = 5.0125 | box = 0.6865 | obj = 1.5319 | cls = 0.0483 | lr = 0.000962
epoch 006 | step 0220 | total = 5.3620 | box = 0.7071 | obj = 1.7702 | cls = 0.0561 | lr = 0.000962
epoch 006 | step 0240 | total = 5.8208 | box = 0.7708 | obj = 1.9125 | cls = 0.0543 | lr = 0.000962
epoch 006 | step 0260 | total = 5.4724 | box = 0.7298 | obj = 1.7705 | cls = 0.0532 | lr = 0.000962
epoch 006 | step 0280 | total = 4.7461 | box = 0.6199 | obj = 1.5998 | cls = 0.0471 | lr = 0.000962
epoch 006 | step 0300 | total = 6.7731 | box = 0.9986 | obj = 1.7386 | cls = 0.0415 | lr = 0.000962
epoch 006 | step 0320 | total = 5.4128 | box = 0.7484 | obj = 1.6249 | cls = 0.0461 | lr = 0.000962
epoch 006 | step 0340 | total = 4.7332 | box = 0.5639 | obj = 1.8583 | cls = 0.0554 | lr = 0.000962
epoch 006 | step 0360 | total = 6.8904 | box = 1.0517 | obj = 1.5908 | cls = 0.0412 | lr = 0.000962
epoch 006 | step 0380 | total = 6.2873 | box = 0.9381 | obj = 1.5596 | cls = 0.0373 | lr = 0.000962
epoch 006 | step 0400 | total = 4.9693 | box = 0.6386 | obj = 1.7194 | cls = 0.0570 | lr = 0.000962
epoch 006 | step 0420 | total = 4.5435 | box = 0.5472 | obj = 1.7413 | cls = 0.0661 | lr = 0.000962
epoch 006 | step 0440 | total = 5.5830 | box = 0.7728 | obj = 1.6701 | cls = 0.0490 | lr = 0.000962
epoch 006 | step 0460 | total = 5.4956 | box = 0.7549 | obj = 1.6773 | cls = 0.0438 | lr = 0.000962
epoch 006 | step 0480 | total = 5.6703 | box = 0.7549 | obj = 1.8468 | cls = 0.0493 | lr = 0.000962
epoch 006 | step 0500 | total = 5.6347 | box = 0.7311 | obj = 1.9236 | cls = 0.0555 | lr = 0.000962
epoch 006 | step 0520 | total = 4.8097 | box = 0.5923 | obj = 1.7898 | cls = 0.0585 | lr = 0.000962
epoch 006 | step 0540 | total = 4.7278 | box = 0.6085 | obj = 1.6417 | cls = 0.0436 | lr = 0.000962
epoch 006 | step 0560 | total = 5.9335 | box = 0.8091 | obj = 1.8336 | cls = 0.0545 | lr = 0.000962
epoch 006 | step 0580 | total = 6.6487 | box = 0.9895 | obj = 1.6561 | cls = 0.0449 | lr = 0.000962
epoch 006 | step 0600 | total = 5.6916 | box = 0.7772 | obj = 1.7661 | cls = 0.0398 | lr = 0.000962
epoch 006 | step 0620 | total = 5.2764 | box = 0.7069 | obj = 1.6934 | cls = 0.0484 | lr = 0.000962
epoch 006 | step 0640 | total = 6.4824 | box = 0.9264 | obj = 1.8047 | cls = 0.0458 | lr = 0.000962
epoch 006 | step 0660 | total = 5.9430 | box = 0.8607 | obj = 1.5986 | cls = 0.0409 | lr = 0.000962
epoch 006 | step 0680 | total = 5.2658 | box = 0.6579 | obj = 1.9189 | cls = 0.0574 | lr = 0.000962
epoch 006 | step 0700 | total = 4.7503 | box = 0.5956 | obj = 1.7225 | cls = 0.0496 | lr = 0.000962
epoch 006 | step 0720 | total = 5.3225 | box = 0.7522 | obj = 1.5161 | cls = 0.0452 | lr = 0.000962
epoch 006 | step 0740 | total = 5.7994 | box = 0.8025 | obj = 1.7331 | cls = 0.0536 | lr = 0.000962
epoch 006 | step 0760 | total = 4.5536 | box = 0.5949 | obj = 1.5272 | cls = 0.0519 | lr = 0.000962
epoch 006 | step 0780 | total = 5.8031 | box = 0.7952 | obj = 1.7747 | cls = 0.0525 | lr = 0.000962
epoch 006 | step 0800 | total = 4.9120 | box = 0.6606 | obj = 1.5581 | cls = 0.0510 | lr = 0.000962
epoch 006 | step 0820 | total = 5.3546 | box = 0.7131 | obj = 1.7342 | cls = 0.0548 | lr = 0.000962
epoch 006 | step 0840 | total = 5.0674 | box = 0.6691 | obj = 1.6739 | cls = 0.0481 | lr = 0.000962
epoch 006 | step 0860 | total = 5.7376 | box = 0.7538 | obj = 1.9172 | cls = 0.0512 | lr = 0.000962
epoch 006 | step 0880 | total = 5.8048 | box = 0.7557 | obj = 1.9696 | cls = 0.0566 | lr = 0.000962
epoch 006 | step 0900 | total = 4.9648 | box = 0.6485 | obj = 1.6686 | cls = 0.0537 | lr = 0.000962
epoch 006 | step 0920 | total = 5.0221 | box = 0.6504 | obj = 1.7093 | cls = 0.0607 | lr = 0.000962
[epoch 006 train] total = 5.5631 | box = 0.7588 | obj = 1.7191 | cls = 0.0501 | steps = 925 | global_batches = 7400 | samples = 118288 | time = 802.6s
[epoch 006 val] total = 5.6102 | box = 0.7633 | obj = 1.7421 | cls = 0.0514 | steps = 40 | global_batches = 320 | samples = 5000 | time = 21.0s
epoch 007 | step 0001 | total = 4.6727 | box = 0.5735 | obj = 1.7464 | cls = 0.0590 | lr = 0.000946
epoch 007 | step 0020 | total = 5.5058 | box = 0.7629 | obj = 1.6426 | cls = 0.0486 | lr = 0.000946
epoch 007 | step 0040 | total = 5.9157 | box = 0.8178 | obj = 1.7840 | cls = 0.0425 | lr = 0.000946
epoch 007 | step 0060 | total = 5.4810 | box = 0.7644 | obj = 1.6113 | cls = 0.0477 | lr = 0.000946
epoch 007 | step 0080 | total = 6.4055 | box = 0.9299 | obj = 1.7147 | cls = 0.0414 | lr = 0.000946
epoch 007 | step 0100 | total = 5.2181 | box = 0.7019 | obj = 1.6629 | cls = 0.0458 | lr = 0.000946
epoch 007 | step 0120 | total = 5.0071 | box = 0.6741 | obj = 1.5836 | cls = 0.0532 | lr = 0.000946
epoch 007 | step 0140 | total = 4.9919 | box = 0.6415 | obj = 1.7236 | cls = 0.0608 | lr = 0.000946
epoch 007 | step 0160 | total = 5.7453 | box = 0.8171 | obj = 1.6143 | cls = 0.0455 | lr = 0.000946
epoch 007 | step 0180 | total = 5.4043 | box = 0.7151 | obj = 1.7796 | cls = 0.0493 | lr = 0.000946
epoch 007 | step 0200 | total = 6.2751 | box = 0.9097 | obj = 1.6797 | cls = 0.0468 | lr = 0.000946
epoch 007 | step 0220 | total = 5.2954 | box = 0.6931 | obj = 1.7793 | cls = 0.0507 | lr = 0.000946
epoch 007 | step 0240 | total = 6.2644 | box = 0.9125 | obj = 1.6596 | cls = 0.0422 | lr = 0.000946
epoch 007 | step 0260 | total = 5.0264 | box = 0.6616 | obj = 1.6695 | cls = 0.0489 | lr = 0.000946
epoch 007 | step 0280 | total = 5.8916 | box = 0.8615 | obj = 1.5304 | cls = 0.0536 | lr = 0.000946
epoch 007 | step 0300 | total = 5.3785 | box = 0.7225 | obj = 1.7080 | cls = 0.0578 | lr = 0.000946
epoch 007 | step 0320 | total = 5.2808 | box = 0.6791 | obj = 1.8290 | cls = 0.0564 | lr = 0.000946
epoch 007 | step 0340 | total = 4.9528 | box = 0.6619 | obj = 1.5922 | cls = 0.0510 | lr = 0.000946
epoch 007 | step 0360 | total = 5.9636 | box = 0.8474 | obj = 1.6766 | cls = 0.0501 | lr = 0.000946
epoch 007 | step 0380 | total = 5.3906 | box = 0.6729 | obj = 1.9684 | cls = 0.0576 | lr = 0.000946
epoch 007 | step 0400 | total = 5.9609 | box = 0.8296 | obj = 1.7665 | cls = 0.0466 | lr = 0.000946
epoch 007 | step 0420 | total = 6.2176 | box = 0.8946 | obj = 1.7004 | cls = 0.0445 | lr = 0.000946
epoch 007 | step 0440 | total = 5.0368 | box = 0.6473 | obj = 1.7492 | cls = 0.0511 | lr = 0.000946
epoch 007 | step 0460 | total = 5.8095 | box = 0.8095 | obj = 1.7102 | cls = 0.0517 | lr = 0.000946
epoch 007 | step 0480 | total = 5.0913 | box = 0.6756 | obj = 1.6567 | cls = 0.0564 | lr = 0.000946
epoch 007 | step 0500 | total = 5.3961 | box = 0.7283 | obj = 1.7040 | cls = 0.0503 | lr = 0.000946
epoch 007 | step 0520 | total = 5.6296 | box = 0.7585 | obj = 1.7954 | cls = 0.0416 | lr = 0.000946
epoch 007 | step 0540 | total = 5.4435 | box = 0.7506 | obj = 1.6472 | cls = 0.0435 | lr = 0.000946
epoch 007 | step 0560 | total = 5.7232 | box = 0.7808 | obj = 1.7701 | cls = 0.0490 | lr = 0.000946
epoch 007 | step 0580 | total = 5.4438 | box = 0.6951 | obj = 1.9143 | cls = 0.0540 | lr = 0.000946
epoch 007 | step 0600 | total = 4.7548 | box = 0.6335 | obj = 1.5334 | cls = 0.0541 | lr = 0.000946
epoch 007 | step 0620 | total = 4.5058 | box = 0.5103 | obj = 1.8866 | cls = 0.0676 | lr = 0.000946
epoch 007 | step 0640 | total = 6.1178 | box = 0.8791 | obj = 1.6803 | cls = 0.0421 | lr = 0.000946
epoch 007 | step 0660 | total = 5.4181 | box = 0.7222 | obj = 1.7534 | cls = 0.0537 | lr = 0.000946
epoch 007 | step 0680 | total = 6.1112 | box = 0.8425 | obj = 1.8433 | cls = 0.0553 | lr = 0.000946
epoch 007 | step 0700 | total = 4.7073 | box = 0.5886 | obj = 1.7203 | cls = 0.0442 | lr = 0.000946
epoch 007 | step 0720 | total = 5.1808 | box = 0.6711 | obj = 1.7647 | cls = 0.0605 | lr = 0.000946
epoch 007 | step 0740 | total = 4.3002 | box = 0.5201 | obj = 1.6359 | cls = 0.0636 | lr = 0.000946
epoch 007 | step 0760 | total = 5.0719 | box = 0.6604 | obj = 1.7185 | cls = 0.0515 | lr = 0.000946
epoch 007 | step 0780 | total = 4.4731 | box = 0.5631 | obj = 1.6048 | cls = 0.0527 | lr = 0.000946
epoch 007 | step 0800 | total = 5.7037 | box = 0.7611 | obj = 1.8421 | cls = 0.0560 | lr = 0.000946
epoch 007 | step 0820 | total = 5.5182 | box = 0.7455 | obj = 1.7427 | cls = 0.0479 | lr = 0.000946
epoch 007 | step 0840 | total = 4.6970 | box = 0.6163 | obj = 1.5723 | cls = 0.0432 | lr = 0.000946
epoch 007 | step 0860 | total = 5.2600 | box = 0.7159 | obj = 1.6318 | cls = 0.0485 | lr = 0.000946
epoch 007 | step 0880 | total = 5.9377 | box = 0.8558 | obj = 1.6239 | cls = 0.0349 | lr = 0.000946
epoch 007 | step 0900 | total = 4.6997 | box = 0.5736 | obj = 1.7687 | cls = 0.0629 | lr = 0.000946
epoch 007 | step 0920 | total = 5.8458 | box = 0.8377 | obj = 1.6089 | cls = 0.0483 | lr = 0.000946
[epoch 007 train] total = 5.4491 | box = 0.7407 | obj = 1.6962 | cls = 0.0492 | steps = 925 | global_batches = 7400 | samples = 118288 | time = 803.5s
[epoch 007 val] total = 5.4776 | box = 0.7451 | obj = 1.7025 | cls = 0.0496 | steps = 40 | global_batches = 320 | samples = 5000 | time = 21.5s
epoch 008 | step 0001 | total = 4.8544 | box = 0.6433 | obj = 1.5909 | cls = 0.0473 | lr = 0.000927
epoch 008 | step 0020 | total = 5.4163 | box = 0.7104 | obj = 1.8077 | cls = 0.0564 | lr = 0.000927
epoch 008 | step 0040 | total = 6.2587 | box = 0.9154 | obj = 1.6389 | cls = 0.0430 | lr = 0.000927
epoch 008 | step 0060 | total = 5.3648 | box = 0.7171 | obj = 1.7356 | cls = 0.0437 | lr = 0.000927
epoch 008 | step 0080 | total = 5.5262 | box = 0.7752 | obj = 1.6001 | cls = 0.0502 | lr = 0.000927
epoch 008 | step 0100 | total = 6.3190 | box = 0.9165 | obj = 1.6858 | cls = 0.0506 | lr = 0.000927
epoch 008 | step 0120 | total = 4.6886 | box = 0.6311 | obj = 1.4900 | cls = 0.0430 | lr = 0.000927
epoch 008 | step 0140 | total = 4.8049 | box = 0.6209 | obj = 1.6499 | cls = 0.0506 | lr = 0.000927
epoch 008 | step 0160 | total = 5.5503 | box = 0.7508 | obj = 1.7508 | cls = 0.0455 | lr = 0.000927
epoch 008 | step 0180 | total = 5.0288 | box = 0.6637 | obj = 1.6612 | cls = 0.0490 | lr = 0.000927
epoch 008 | step 0200 | total = 4.8351 | box = 0.5977 | obj = 1.7885 | cls = 0.0583 | lr = 0.000927
epoch 008 | step 0220 | total = 5.5289 | box = 0.7619 | obj = 1.6694 | cls = 0.0501 | lr = 0.000927
epoch 008 | step 0240 | total = 5.8356 | box = 0.8092 | obj = 1.7358 | cls = 0.0538 | lr = 0.000927
epoch 008 | step 0260 | total = 5.3498 | box = 0.7323 | obj = 1.6375 | cls = 0.0510 | lr = 0.000927
epoch 008 | step 0280 | total = 4.4038 | box = 0.5420 | obj = 1.6512 | cls = 0.0428 | lr = 0.000927
epoch 008 | step 0300 | total = 5.5145 | box = 0.7662 | obj = 1.6389 | cls = 0.0447 | lr = 0.000927
epoch 008 | step 0320 | total = 5.2989 | box = 0.7234 | obj = 1.6386 | cls = 0.0431 | lr = 0.000927
epoch 008 | step 0340 | total = 5.6168 | box = 0.7810 | obj = 1.6648 | cls = 0.0471 | lr = 0.000927
epoch 008 | step 0360 | total = 5.2921 | box = 0.7431 | obj = 1.5347 | cls = 0.0418 | lr = 0.000927
epoch 008 | step 0380 | total = 6.1872 | box = 0.8686 | obj = 1.7961 | cls = 0.0481 | lr = 0.000927
epoch 008 | step 0400 | total = 5.1646 | box = 0.7156 | obj = 1.5407 | cls = 0.0459 | lr = 0.000927
epoch 008 | step 0420 | total = 4.8699 | box = 0.6400 | obj = 1.6210 | cls = 0.0487 | lr = 0.000927
epoch 008 | step 0440 | total = 5.0022 | box = 0.6342 | obj = 1.7806 | cls = 0.0508 | lr = 0.000927
epoch 008 | step 0460 | total = 4.6727 | box = 0.5876 | obj = 1.6848 | cls = 0.0497 | lr = 0.000927
epoch 008 | step 0480 | total = 5.0191 | box = 0.6841 | obj = 1.5591 | cls = 0.0396 | lr = 0.000927
epoch 008 | step 0500 | total = 5.9992 | box = 0.8387 | obj = 1.7644 | cls = 0.0410 | lr = 0.000927
epoch 008 | step 0520 | total = 5.0557 | box = 0.6764 | obj = 1.6232 | cls = 0.0505 | lr = 0.000927
epoch 008 | step 0540 | total = 4.7249 | box = 0.5994 | obj = 1.6784 | cls = 0.0495 | lr = 0.000927
epoch 008 | step 0560 | total = 5.0879 | box = 0.6693 | obj = 1.6904 | cls = 0.0510 | lr = 0.000927
epoch 008 | step 0580 | total = 4.9275 | box = 0.6099 | obj = 1.8297 | cls = 0.0482 | lr = 0.000927
epoch 008 | step 0600 | total = 5.0303 | box = 0.6573 | obj = 1.6930 | cls = 0.0506 | lr = 0.000927
epoch 008 | step 0620 | total = 5.4203 | box = 0.7341 | obj = 1.7121 | cls = 0.0378 | lr = 0.000927
epoch 008 | step 0640 | total = 5.5060 | box = 0.7581 | obj = 1.6645 | cls = 0.0510 | lr = 0.000927
epoch 008 | step 0660 | total = 5.8700 | box = 0.8389 | obj = 1.6306 | cls = 0.0451 | lr = 0.000927
epoch 008 | step 0680 | total = 5.2257 | box = 0.6891 | obj = 1.7326 | cls = 0.0476 | lr = 0.000927
epoch 008 | step 0700 | total = 4.9003 | box = 0.6501 | obj = 1.6030 | cls = 0.0470 | lr = 0.000927
epoch 008 | step 0720 | total = 5.4276 | box = 0.7628 | obj = 1.5708 | cls = 0.0428 | lr = 0.000927
epoch 008 | step 0740 | total = 4.4147 | box = 0.5337 | obj = 1.6894 | cls = 0.0570 | lr = 0.000927
epoch 008 | step 0760 | total = 5.1959 | box = 0.6983 | obj = 1.6529 | cls = 0.0513 | lr = 0.000927
epoch 008 | step 0780 | total = 4.8287 | box = 0.6195 | obj = 1.6877 | cls = 0.0435 | lr = 0.000927
epoch 008 | step 0800 | total = 5.8343 | box = 0.8268 | obj = 1.6570 | cls = 0.0433 | lr = 0.000927
epoch 008 | step 0820 | total = 5.6328 | box = 0.8003 | obj = 1.5894 | cls = 0.0419 | lr = 0.000927
epoch 008 | step 0840 | total = 5.1475 | box = 0.7028 | obj = 1.5907 | cls = 0.0429 | lr = 0.000927
epoch 008 | step 0860 | total = 6.1958 | box = 0.8947 | obj = 1.6743 | cls = 0.0479 | lr = 0.000927
epoch 008 | step 0880 | total = 5.3220 | box = 0.6858 | obj = 1.8436 | cls = 0.0493 | lr = 0.000927
epoch 008 | step 0900 | total = 6.2879 | box = 0.9088 | obj = 1.6995 | cls = 0.0445 | lr = 0.000927
epoch 008 | step 0920 | total = 6.2101 | box = 0.8630 | obj = 1.8543 | cls = 0.0406 | lr = 0.000927
[epoch 008 train] total = 5.3631 | box = 0.7273 | obj = 1.6784 | cls = 0.0483 | steps = 925 | global_batches = 7400 | samples = 118288 | time = 805.1s
[epoch 008 val] total = 5.4227 | box = 0.7348 | obj = 1.6994 | cls = 0.0493 | steps = 40 | global_batches = 320 | samples = 5000 | time = 22.6s
epoch 009 | step 0001 | total = 4.7219 | box = 0.6233 | obj = 1.5610 | cls = 0.0444 | lr = 0.000905
epoch 009 | step 0020 | total = 5.6127 | box = 0.7391 | obj = 1.8749 | cls = 0.0426 | lr = 0.000905
epoch 009 | step 0040 | total = 5.6973 | box = 0.7955 | obj = 1.6742 | cls = 0.0458 | lr = 0.000905
epoch 009 | step 0060 | total = 5.7631 | box = 0.8180 | obj = 1.6285 | cls = 0.0444 | lr = 0.000905
epoch 009 | step 0080 | total = 5.2116 | box = 0.7185 | obj = 1.5768 | cls = 0.0421 | lr = 0.000905
epoch 009 | step 0100 | total = 4.9635 | box = 0.6469 | obj = 1.6807 | cls = 0.0484 | lr = 0.000905
epoch 009 | step 0120 | total = 5.2484 | box = 0.7142 | obj = 1.6297 | cls = 0.0477 | lr = 0.000905
epoch 009 | step 0140 | total = 5.4066 | box = 0.7407 | obj = 1.6699 | cls = 0.0333 | lr = 0.000905
epoch 009 | step 0160 | total = 5.6198 | box = 0.7964 | obj = 1.5873 | cls = 0.0502 | lr = 0.000905
epoch 009 | step 0180 | total = 5.0942 | box = 0.6743 | obj = 1.6755 | cls = 0.0474 | lr = 0.000905
epoch 009 | step 0200 | total = 5.2385 | box = 0.7087 | obj = 1.6383 | cls = 0.0566 | lr = 0.000905
epoch 009 | step 0220 | total = 5.5736 | box = 0.7808 | obj = 1.6217 | cls = 0.0478 | lr = 0.000905
epoch 009 | step 0240 | total = 5.2408 | box = 0.6962 | obj = 1.7002 | cls = 0.0597 | lr = 0.000905
epoch 009 | step 0260 | total = 4.4832 | box = 0.5710 | obj = 1.5775 | cls = 0.0506 | lr = 0.000905
epoch 009 | step 0280 | total = 5.1112 | box = 0.6734 | obj = 1.6945 | cls = 0.0496 | lr = 0.000905
epoch 009 | step 0300 | total = 4.4348 | box = 0.5522 | obj = 1.6210 | cls = 0.0529 | lr = 0.000905
epoch 009 | step 0320 | total = 5.6012 | box = 0.7778 | obj = 1.6621 | cls = 0.0503 | lr = 0.000905
epoch 009 | step 0340 | total = 5.2013 | box = 0.7150 | obj = 1.5744 | cls = 0.0520 | lr = 0.000905
epoch 009 | step 0360 | total = 5.3615 | box = 0.7451 | obj = 1.5939 | cls = 0.0422 | lr = 0.000905
epoch 009 | step 0380 | total = 4.8465 | box = 0.6430 | obj = 1.5766 | cls = 0.0550 | lr = 0.000905
epoch 009 | step 0400 | total = 6.1696 | box = 0.8786 | obj = 1.7260 | cls = 0.0504 | lr = 0.000905
epoch 009 | step 0420 | total = 5.2254 | box = 0.7242 | obj = 1.5473 | cls = 0.0571 | lr = 0.000905
epoch 009 | step 0440 | total = 5.1622 | box = 0.6730 | obj = 1.7448 | cls = 0.0526 | lr = 0.000905
epoch 009 | step 0460 | total = 4.6812 | box = 0.6074 | obj = 1.5973 | cls = 0.0467 | lr = 0.000905
epoch 009 | step 0480 | total = 5.1246 | box = 0.6902 | obj = 1.6194 | cls = 0.0542 | lr = 0.000905
epoch 009 | step 0500 | total = 5.9086 | box = 0.8468 | obj = 1.6318 | cls = 0.0427 | lr = 0.000905
epoch 009 | step 0520 | total = 5.0625 | box = 0.6690 | obj = 1.6793 | cls = 0.0379 | lr = 0.000905
epoch 009 | step 0540 | total = 5.2835 | box = 0.7067 | obj = 1.6975 | cls = 0.0524 | lr = 0.000905
epoch 009 | step 0560 | total = 5.8374 | box = 0.8060 | obj = 1.7600 | cls = 0.0473 | lr = 0.000905
epoch 009 | step 0580 | total = 5.0534 | box = 0.6948 | obj = 1.5323 | cls = 0.0472 | lr = 0.000905
epoch 009 | step 0600 | total = 5.9477 | box = 0.8714 | obj = 1.5532 | cls = 0.0377 | lr = 0.000905
epoch 009 | step 0620 | total = 5.4269 | box = 0.7484 | obj = 1.6370 | cls = 0.0478 | lr = 0.000905
epoch 009 | step 0640 | total = 5.4429 | box = 0.7827 | obj = 1.4937 | cls = 0.0356 | lr = 0.000905
epoch 009 | step 0660 | total = 3.9028 | box = 0.4406 | obj = 1.6357 | cls = 0.0641 | lr = 0.000905
epoch 009 | step 0680 | total = 5.1582 | box = 0.6887 | obj = 1.6735 | cls = 0.0412 | lr = 0.000905
epoch 009 | step 0700 | total = 5.6863 | box = 0.8169 | obj = 1.5663 | cls = 0.0352 | lr = 0.000905
epoch 009 | step 0720 | total = 5.9858 | box = 0.8672 | obj = 1.5958 | cls = 0.0540 | lr = 0.000905
epoch 009 | step 0740 | total = 5.8999 | box = 0.8177 | obj = 1.7724 | cls = 0.0389 | lr = 0.000905
epoch 009 | step 0760 | total = 5.1886 | box = 0.6968 | obj = 1.6559 | cls = 0.0485 | lr = 0.000905
epoch 009 | step 0780 | total = 5.2773 | box = 0.7137 | obj = 1.6592 | cls = 0.0496 | lr = 0.000905
epoch 009 | step 0800 | total = 5.1943 | box = 0.7005 | obj = 1.6500 | cls = 0.0419 | lr = 0.000905
epoch 009 | step 0820 | total = 5.4693 | box = 0.7134 | obj = 1.8522 | cls = 0.0500 | lr = 0.000905
epoch 009 | step 0840 | total = 5.7249 | box = 0.7874 | obj = 1.7444 | cls = 0.0436 | lr = 0.000905
epoch 009 | step 0860 | total = 5.1794 | box = 0.6713 | obj = 1.7679 | cls = 0.0552 | lr = 0.000905
epoch 009 | step 0880 | total = 5.4202 | box = 0.7311 | obj = 1.7179 | cls = 0.0470 | lr = 0.000905
epoch 009 | step 0900 | total = 5.1930 | box = 0.7173 | obj = 1.5635 | cls = 0.0430 | lr = 0.000905
epoch 009 | step 0920 | total = 5.6959 | box = 0.7708 | obj = 1.7906 | cls = 0.0512 | lr = 0.000905
[epoch 009 train] total = 5.2833 | box = 0.7146 | obj = 1.6629 | cls = 0.0475 | steps = 925 | global_batches = 7400 | samples = 118288 | time = 803.4s
[epoch 009 val] total = 5.3559 | box = 0.7263 | obj = 1.6757 | cls = 0.0487 | steps = 40 | global_batches = 320 | samples = 5000 | time = 21.8s
epoch 010 | step 0001 | total = 5.2351 | box = 0.7053 | obj = 1.6637 | cls = 0.0448 | lr = 0.000881
epoch 010 | step 0020 | total = 6.1851 | box = 0.9184 | obj = 1.5513 | cls = 0.0420 | lr = 0.000881
epoch 010 | step 0040 | total = 5.0171 | box = 0.6552 | obj = 1.6945 | cls = 0.0468 | lr = 0.000881
epoch 010 | step 0060 | total = 5.2129 | box = 0.6983 | obj = 1.6744 | cls = 0.0470 | lr = 0.000881
epoch 010 | step 0080 | total = 5.2610 | box = 0.7064 | obj = 1.6850 | cls = 0.0442 | lr = 0.000881
epoch 010 | step 0100 | total = 5.3986 | box = 0.7296 | obj = 1.7011 | cls = 0.0497 | lr = 0.000881
epoch 010 | step 0120 | total = 4.9441 | box = 0.6318 | obj = 1.7242 | cls = 0.0607 | lr = 0.000881
epoch 010 | step 0140 | total = 5.4876 | box = 0.7533 | obj = 1.6727 | cls = 0.0483 | lr = 0.000881
epoch 010 | step 0160 | total = 4.5687 | box = 0.5877 | obj = 1.5866 | cls = 0.0439 | lr = 0.000881
epoch 010 | step 0180 | total = 4.8720 | box = 0.6379 | obj = 1.6407 | cls = 0.0420 | lr = 0.000881
epoch 010 | step 0200 | total = 5.3334 | box = 0.7550 | obj = 1.5189 | cls = 0.0395 | lr = 0.000881
epoch 010 | step 0220 | total = 5.2905 | box = 0.6746 | obj = 1.8705 | cls = 0.0468 | lr = 0.000881
epoch 010 | step 0240 | total = 4.6890 | box = 0.6181 | obj = 1.5477 | cls = 0.0510 | lr = 0.000881
epoch 010 | step 0260 | total = 4.5930 | box = 0.6081 | obj = 1.5003 | cls = 0.0523 | lr = 0.000881
epoch 010 | step 0280 | total = 5.0190 | box = 0.6857 | obj = 1.5473 | cls = 0.0432 | lr = 0.000881
epoch 010 | step 0300 | total = 4.9477 | box = 0.6689 | obj = 1.5575 | cls = 0.0457 | lr = 0.000881
epoch 010 | step 0320 | total = 5.4130 | box = 0.7300 | obj = 1.7116 | cls = 0.0515 | lr = 0.000881
epoch 010 | step 0340 | total = 5.5046 | box = 0.7744 | obj = 1.5815 | cls = 0.0509 | lr = 0.000881
epoch 010 | step 0360 | total = 5.3886 | box = 0.7378 | obj = 1.6532 | cls = 0.0463 | lr = 0.000881
epoch 010 | step 0380 | total = 5.1246 | box = 0.6941 | obj = 1.6089 | cls = 0.0450 | lr = 0.000881
epoch 010 | step 0400 | total = 4.1045 | box = 0.4733 | obj = 1.6791 | cls = 0.0588 | lr = 0.000881
epoch 010 | step 0420 | total = 5.6246 | box = 0.8039 | obj = 1.5672 | cls = 0.0379 | lr = 0.000881
epoch 010 | step 0440 | total = 4.8089 | box = 0.6126 | obj = 1.6967 | cls = 0.0493 | lr = 0.000881
epoch 010 | step 0460 | total = 5.1648 | box = 0.6877 | obj = 1.6744 | cls = 0.0518 | lr = 0.000881
epoch 010 | step 0480 | total = 5.9094 | box = 0.7985 | obj = 1.8646 | cls = 0.0521 | lr = 0.000881
epoch 010 | step 0500 | total = 4.8769 | box = 0.6186 | obj = 1.7369 | cls = 0.0471 | lr = 0.000881
epoch 010 | step 0520 | total = 5.0320 | box = 0.6672 | obj = 1.6497 | cls = 0.0461 | lr = 0.000881
epoch 010 | step 0540 | total = 4.6515 | box = 0.6327 | obj = 1.4467 | cls = 0.0413 | lr = 0.000881
epoch 010 | step 0560 | total = 5.2480 | box = 0.7180 | obj = 1.6042 | cls = 0.0539 | lr = 0.000881
epoch 010 | step 0580 | total = 5.3795 | box = 0.7143 | obj = 1.7636 | cls = 0.0442 | lr = 0.000881
epoch 010 | step 0600 | total = 4.6027 | box = 0.5945 | obj = 1.5813 | cls = 0.0492 | lr = 0.000881
epoch 010 | step 0620 | total = 5.4750 | box = 0.7595 | obj = 1.6257 | cls = 0.0519 | lr = 0.000881
epoch 010 | step 0640 | total = 4.9566 | box = 0.6865 | obj = 1.4804 | cls = 0.0436 | lr = 0.000881
epoch 010 | step 0660 | total = 4.6811 | box = 0.5895 | obj = 1.6880 | cls = 0.0457 | lr = 0.000881
epoch 010 | step 0680 | total = 5.2261 | box = 0.7037 | obj = 1.6603 | cls = 0.0472 | lr = 0.000881
epoch 010 | step 0700 | total = 6.2550 | box = 0.8731 | obj = 1.8377 | cls = 0.0518 | lr = 0.000881
epoch 010 | step 0720 | total = 5.3373 | box = 0.7422 | obj = 1.5912 | cls = 0.0353 | lr = 0.000881
epoch 010 | step 0740 | total = 5.9465 | box = 0.8278 | obj = 1.7636 | cls = 0.0439 | lr = 0.000881
epoch 010 | step 0760 | total = 6.0900 | box = 0.8731 | obj = 1.6781 | cls = 0.0466 | lr = 0.000881
epoch 010 | step 0780 | total = 4.2137 | box = 0.5451 | obj = 1.4354 | cls = 0.0528 | lr = 0.000881
epoch 010 | step 0800 | total = 6.0802 | box = 0.8904 | obj = 1.5756 | cls = 0.0525 | lr = 0.000881
epoch 010 | step 0820 | total = 5.3324 | box = 0.7527 | obj = 1.5243 | cls = 0.0445 | lr = 0.000881
epoch 010 | step 0840 | total = 5.0094 | box = 0.6790 | obj = 1.5714 | cls = 0.0431 | lr = 0.000881
epoch 010 | step 0860 | total = 5.4028 | box = 0.7363 | obj = 1.6787 | cls = 0.0426 | lr = 0.000881
epoch 010 | step 0880 | total = 5.0575 | box = 0.6971 | obj = 1.5290 | cls = 0.0428 | lr = 0.000881
epoch 010 | step 0900 | total = 5.5843 | box = 0.7757 | obj = 1.6650 | cls = 0.0407 | lr = 0.000881
epoch 010 | step 0920 | total = 4.8566 | box = 0.6252 | obj = 1.6831 | cls = 0.0473 | lr = 0.000881
[epoch 010 train] total = 5.1997 | box = 0.7016 | obj = 1.6448 | cls = 0.0468 | steps = 925 | global_batches = 7400 | samples = 118288 | time = 803.0s
[epoch 010 val] total = 5.2068 | box = 0.7029 | obj = 1.6454 | cls = 0.0467 | steps = 40 | global_batches = 320 | samples = 5000 | time = 22.7s
epoch 011 | step 0001 | total = 4.6919 | box = 0.6015 | obj = 1.6388 | cls = 0.0458 | lr = 0.000855
epoch 011 | step 0020 | total = 5.7711 | box = 0.7769 | obj = 1.8422 | cls = 0.0445 | lr = 0.000855
epoch 011 | step 0040 | total = 5.0868 | box = 0.6907 | obj = 1.5916 | cls = 0.0418 | lr = 0.000855
epoch 011 | step 0060 | total = 5.3580 | box = 0.7169 | obj = 1.7157 | cls = 0.0579 | lr = 0.000855
epoch 011 | step 0080 | total = 4.5862 | box = 0.5777 | obj = 1.6503 | cls = 0.0473 | lr = 0.000855
epoch 011 | step 0100 | total = 5.4175 | box = 0.7273 | obj = 1.7272 | cls = 0.0538 | lr = 0.000855
epoch 011 | step 0120 | total = 5.7002 | box = 0.8082 | obj = 1.6139 | cls = 0.0451 | lr = 0.000855
epoch 011 | step 0140 | total = 5.3497 | box = 0.7343 | obj = 1.6343 | cls = 0.0440 | lr = 0.000855
epoch 011 | step 0160 | total = 5.6934 | box = 0.8016 | obj = 1.6388 | cls = 0.0463 | lr = 0.000855
epoch 011 | step 0180 | total = 5.5951 | box = 0.7888 | obj = 1.6065 | cls = 0.0444 | lr = 0.000855
epoch 011 | step 0200 | total = 5.3119 | box = 0.7377 | obj = 1.5807 | cls = 0.0430 | lr = 0.000855
epoch 011 | step 0220 | total = 5.7848 | box = 0.8040 | obj = 1.7171 | cls = 0.0478 | lr = 0.000855
epoch 011 | step 0240 | total = 5.3102 | box = 0.7292 | obj = 1.6163 | cls = 0.0477 | lr = 0.000855
epoch 011 | step 0260 | total = 5.3586 | box = 0.7248 | obj = 1.6898 | cls = 0.0450 | lr = 0.000855
epoch 011 | step 0280 | total = 4.9351 | box = 0.6305 | obj = 1.7376 | cls = 0.0451 | lr = 0.000855
epoch 011 | step 0300 | total = 5.0658 | box = 0.6727 | obj = 1.6497 | cls = 0.0526 | lr = 0.000855
epoch 011 | step 0320 | total = 5.1630 | box = 0.6949 | obj = 1.6375 | cls = 0.0509 | lr = 0.000855
epoch 011 | step 0340 | total = 5.6034 | box = 0.7348 | obj = 1.8868 | cls = 0.0426 | lr = 0.000855
epoch 011 | step 0360 | total = 5.1236 | box = 0.6689 | obj = 1.7340 | cls = 0.0452 | lr = 0.000855
epoch 011 | step 0380 | total = 4.9485 | box = 0.6637 | obj = 1.5834 | cls = 0.0463 | lr = 0.000855
epoch 011 | step 0400 | total = 5.1473 | box = 0.7078 | obj = 1.5673 | cls = 0.0411 | lr = 0.000855
epoch 011 | step 0420 | total = 5.3594 | box = 0.7510 | obj = 1.5629 | cls = 0.0414 | lr = 0.000855
epoch 011 | step 0440 | total = 5.5365 | box = 0.7416 | obj = 1.7775 | cls = 0.0509 | lr = 0.000855
epoch 011 | step 0460 | total = 5.2266 | box = 0.7080 | obj = 1.6400 | cls = 0.0464 | lr = 0.000855
epoch 011 | step 0480 | total = 5.0494 | box = 0.6821 | obj = 1.5908 | cls = 0.0481 | lr = 0.000855
epoch 011 | step 0500 | total = 5.6342 | box = 0.8173 | obj = 1.5086 | cls = 0.0392 | lr = 0.000855
epoch 011 | step 0520 | total = 5.4178 | box = 0.7220 | obj = 1.7445 | cls = 0.0633 | lr = 0.000855
epoch 011 | step 0540 | total = 5.1256 | box = 0.6745 | obj = 1.6949 | cls = 0.0585 | lr = 0.000855
epoch 011 | step 0560 | total = 4.9465 | box = 0.6664 | obj = 1.5797 | cls = 0.0349 | lr = 0.000855
epoch 011 | step 0580 | total = 5.6082 | box = 0.7739 | obj = 1.6953 | cls = 0.0432 | lr = 0.000855
epoch 011 | step 0600 | total = 4.5993 | box = 0.5715 | obj = 1.6932 | cls = 0.0484 | lr = 0.000855
epoch 011 | step 0620 | total = 5.4215 | box = 0.7447 | obj = 1.6546 | cls = 0.0436 | lr = 0.000855
epoch 011 | step 0640 | total = 5.3772 | box = 0.7217 | obj = 1.7285 | cls = 0.0399 | lr = 0.000855
epoch 011 | step 0660 | total = 5.0772 | box = 0.6748 | obj = 1.6574 | cls = 0.0459 | lr = 0.000855
epoch 011 | step 0680 | total = 5.6371 | box = 0.7989 | obj = 1.6061 | cls = 0.0365 | lr = 0.000855
epoch 011 | step 0700 | total = 5.6538 | box = 0.8003 | obj = 1.6151 | cls = 0.0371 | lr = 0.000855
epoch 011 | step 0720 | total = 5.0388 | box = 0.6905 | obj = 1.5308 | cls = 0.0558 | lr = 0.000855
epoch 011 | step 0740 | total = 5.6305 | box = 0.7795 | obj = 1.6899 | cls = 0.0430 | lr = 0.000855
epoch 011 | step 0760 | total = 5.3753 | box = 0.7246 | obj = 1.7069 | cls = 0.0452 | lr = 0.000855
epoch 011 | step 0780 | total = 4.5126 | box = 0.6069 | obj = 1.4329 | cls = 0.0451 | lr = 0.000855
epoch 011 | step 0800 | total = 5.3208 | box = 0.6515 | obj = 1.9972 | cls = 0.0663 | lr = 0.000855
epoch 011 | step 0820 | total = 5.2895 | box = 0.7350 | obj = 1.5713 | cls = 0.0432 | lr = 0.000855
epoch 011 | step 0840 | total = 4.8678 | box = 0.6321 | obj = 1.6563 | cls = 0.0507 | lr = 0.000855
epoch 011 | step 0860 | total = 4.6475 | box = 0.6007 | obj = 1.5935 | cls = 0.0507 | lr = 0.000855
epoch 011 | step 0880 | total = 5.1907 | box = 0.7219 | obj = 1.5367 | cls = 0.0443 | lr = 0.000855
epoch 011 | step 0900 | total = 5.0255 | box = 0.6892 | obj = 1.5422 | cls = 0.0371 | lr = 0.000855
epoch 011 | step 0920 | total = 5.4652 | box = 0.7203 | obj = 1.8218 | cls = 0.0420 | lr = 0.000855
[epoch 011 train] total = 5.1375 | box = 0.6919 | obj = 1.6316 | cls = 0.0463 | steps = 925 | global_batches = 7400 | samples = 118288 | time = 804.4s
[epoch 011 val] total = 5.1815 | box = 0.6987 | obj = 1.6421 | cls = 0.0460 | steps = 40 | global_batches = 320 | samples = 5000 | time = 22.6s
epoch 012 | step 0001 | total = 5.1561 | box = 0.7149 | obj = 1.5417 | cls = 0.0401 | lr = 0.000826
epoch 012 | step 0020 | total = 4.6892 | box = 0.6325 | obj = 1.4869 | cls = 0.0397 | lr = 0.000826
epoch 012 | step 0040 | total = 5.3463 | box = 0.7518 | obj = 1.5434 | cls = 0.0437 | lr = 0.000826
epoch 012 | step 0060 | total = 3.7895 | box = 0.4473 | obj = 1.4934 | cls = 0.0594 | lr = 0.000826
epoch 012 | step 0080 | total = 5.8302 | box = 0.8157 | obj = 1.7092 | cls = 0.0428 | lr = 0.000826
epoch 012 | step 0100 | total = 4.6266 | box = 0.6125 | obj = 1.5250 | cls = 0.0389 | lr = 0.000826
epoch 012 | step 0120 | total = 5.2805 | box = 0.7367 | obj = 1.5600 | cls = 0.0371 | lr = 0.000826
epoch 012 | step 0140 | total = 4.5078 | box = 0.5851 | obj = 1.5316 | cls = 0.0507 | lr = 0.000826
epoch 012 | step 0160 | total = 5.2218 | box = 0.6968 | obj = 1.6969 | cls = 0.0412 | lr = 0.000826
epoch 012 | step 0180 | total = 4.8292 | box = 0.6005 | obj = 1.7782 | cls = 0.0482 | lr = 0.000826
epoch 012 | step 0200 | total = 4.2189 | box = 0.5431 | obj = 1.4559 | cls = 0.0476 | lr = 0.000826
epoch 012 | step 0220 | total = 5.2832 | box = 0.7147 | obj = 1.6648 | cls = 0.0450 | lr = 0.000826
epoch 012 | step 0240 | total = 5.3983 | box = 0.7382 | obj = 1.6616 | cls = 0.0456 | lr = 0.000826
epoch 012 | step 0260 | total = 5.0975 | box = 0.6813 | obj = 1.6458 | cls = 0.0454 | lr = 0.000826
epoch 012 | step 0280 | total = 4.3719 | box = 0.5466 | obj = 1.5935 | cls = 0.0455 | lr = 0.000826
epoch 012 | step 0300 | total = 5.4783 | box = 0.7531 | obj = 1.6719 | cls = 0.0410 | lr = 0.000826
epoch 012 | step 0320 | total = 5.1878 | box = 0.6908 | obj = 1.6893 | cls = 0.0446 | lr = 0.000826
epoch 012 | step 0340 | total = 5.4327 | box = 0.7593 | obj = 1.5940 | cls = 0.0424 | lr = 0.000826
epoch 012 | step 0360 | total = 6.1285 | box = 0.8747 | obj = 1.7116 | cls = 0.0437 | lr = 0.000826
epoch 012 | step 0380 | total = 4.9387 | box = 0.6861 | obj = 1.4654 | cls = 0.0426 | lr = 0.000826
epoch 012 | step 0400 | total = 4.9289 | box = 0.6577 | obj = 1.5850 | cls = 0.0554 | lr = 0.000826
epoch 012 | step 0420 | total = 5.3307 | box = 0.6915 | obj = 1.8258 | cls = 0.0473 | lr = 0.000826
epoch 012 | step 0440 | total = 4.5216 | box = 0.6023 | obj = 1.4654 | cls = 0.0446 | lr = 0.000826
epoch 012 | step 0460 | total = 5.9290 | box = 0.8589 | obj = 1.5995 | cls = 0.0351 | lr = 0.000826
epoch 012 | step 0480 | total = 4.6033 | box = 0.6152 | obj = 1.4843 | cls = 0.0433 | lr = 0.000826
epoch 012 | step 0500 | total = 6.0410 | box = 0.8656 | obj = 1.6722 | cls = 0.0407 | lr = 0.000826
epoch 012 | step 0520 | total = 5.1334 | box = 0.6996 | obj = 1.5957 | cls = 0.0395 | lr = 0.000826
epoch 012 | step 0540 | total = 4.0382 | box = 0.4817 | obj = 1.5829 | cls = 0.0467 | lr = 0.000826
epoch 012 | step 0560 | total = 5.7567 | box = 0.8010 | obj = 1.7064 | cls = 0.0451 | lr = 0.000826
epoch 012 | step 0580 | total = 5.7053 | box = 0.7449 | obj = 1.9308 | cls = 0.0502 | lr = 0.000826
epoch 012 | step 0600 | total = 5.1472 | box = 0.6933 | obj = 1.6274 | cls = 0.0532 | lr = 0.000826
epoch 012 | step 0620 | total = 4.7908 | box = 0.6120 | obj = 1.6699 | cls = 0.0608 | lr = 0.000826
epoch 012 | step 0640 | total = 5.4702 | box = 0.7760 | obj = 1.5550 | cls = 0.0350 | lr = 0.000826
epoch 012 | step 0660 | total = 5.2192 | box = 0.7105 | obj = 1.6200 | cls = 0.0467 | lr = 0.000826
epoch 012 | step 0680 | total = 5.0424 | box = 0.6553 | obj = 1.7194 | cls = 0.0464 | lr = 0.000826
epoch 012 | step 0700 | total = 4.7239 | box = 0.6124 | obj = 1.6104 | cls = 0.0517 | lr = 0.000826
epoch 012 | step 0720 | total = 5.8547 | box = 0.7911 | obj = 1.8513 | cls = 0.0481 | lr = 0.000826
epoch 012 | step 0740 | total = 5.2278 | box = 0.6989 | obj = 1.6875 | cls = 0.0460 | lr = 0.000826
epoch 012 | step 0760 | total = 4.6802 | box = 0.6040 | obj = 1.6157 | cls = 0.0445 | lr = 0.000826
epoch 012 | step 0780 | total = 5.3553 | box = 0.7345 | obj = 1.6447 | cls = 0.0384 | lr = 0.000826
epoch 012 | step 0800 | total = 4.7995 | box = 0.6288 | obj = 1.6156 | cls = 0.0399 | lr = 0.000826
epoch 012 | step 0820 | total = 5.3394 | box = 0.7213 | obj = 1.6891 | cls = 0.0438 | lr = 0.000826
epoch 012 | step 0840 | total = 4.2973 | box = 0.5389 | obj = 1.5476 | cls = 0.0551 | lr = 0.000826
epoch 012 | step 0860 | total = 4.8799 | box = 0.6301 | obj = 1.6820 | cls = 0.0472 | lr = 0.000826
epoch 012 | step 0880 | total = 5.4746 | box = 0.7302 | obj = 1.7784 | cls = 0.0451 | lr = 0.000826
epoch 012 | step 0900 | total = 5.4114 | box = 0.7509 | obj = 1.6074 | cls = 0.0493 | lr = 0.000826
epoch 012 | step 0920 | total = 4.7486 | box = 0.6411 | obj = 1.4896 | cls = 0.0535 | lr = 0.000826
[epoch 012 train] total = 5.0781 | box = 0.6826 | obj = 1.6195 | cls = 0.0456 | steps = 925 | global_batches = 7400 | samples = 118288 | time = 804.6s
[epoch 012 val] total = 5.0994 | box = 0.6888 | obj = 1.6106 | cls = 0.0448 | steps = 40 | global_batches = 320 | samples = 5000 | time = 22.4s
epoch 013 | step 0001 | total = 5.5525 | box = 0.7870 | obj = 1.5817 | cls = 0.0356 | lr = 0.000796
epoch 013 | step 0020 | total = 5.9448 | box = 0.8071 | obj = 1.8586 | cls = 0.0506 | lr = 0.000796
epoch 013 | step 0040 | total = 4.7030 | box = 0.6136 | obj = 1.5930 | cls = 0.0420 | lr = 0.000796
epoch 013 | step 0060 | total = 4.5180 | box = 0.5878 | obj = 1.5402 | cls = 0.0388 | lr = 0.000796
epoch 013 | step 0080 | total = 4.6648 | box = 0.6316 | obj = 1.4690 | cls = 0.0377 | lr = 0.000796
epoch 013 | step 0100 | total = 4.6816 | box = 0.6348 | obj = 1.4719 | cls = 0.0355 | lr = 0.000796
epoch 013 | step 0120 | total = 5.5110 | box = 0.7702 | obj = 1.6182 | cls = 0.0417 | lr = 0.000796
epoch 013 | step 0140 | total = 4.1307 | box = 0.5059 | obj = 1.5534 | cls = 0.0475 | lr = 0.000796
epoch 013 | step 0160 | total = 4.7568 | box = 0.6306 | obj = 1.5676 | cls = 0.0361 | lr = 0.000796
epoch 013 | step 0180 | total = 5.2785 | box = 0.7290 | obj = 1.5868 | cls = 0.0468 | lr = 0.000796
epoch 013 | step 0200 | total = 4.9854 | box = 0.6676 | obj = 1.5916 | cls = 0.0560 | lr = 0.000796
epoch 013 | step 0220 | total = 6.1683 | box = 0.8724 | obj = 1.7684 | cls = 0.0378 | lr = 0.000796
epoch 013 | step 0240 | total = 5.4499 | box = 0.7497 | obj = 1.6547 | cls = 0.0468 | lr = 0.000796
epoch 013 | step 0260 | total = 5.7401 | box = 0.8105 | obj = 1.6495 | cls = 0.0382 | lr = 0.000796
epoch 013 | step 0280 | total = 4.9952 | box = 0.6633 | obj = 1.6385 | cls = 0.0403 | lr = 0.000796
epoch 013 | step 0300 | total = 5.4959 | box = 0.7931 | obj = 1.4848 | cls = 0.0456 | lr = 0.000796
epoch 013 | step 0320 | total = 4.8163 | box = 0.5859 | obj = 1.8379 | cls = 0.0489 | lr = 0.000796
epoch 013 | step 0340 | total = 5.0137 | box = 0.6405 | obj = 1.7614 | cls = 0.0496 | lr = 0.000796
epoch 013 | step 0360 | total = 4.7225 | box = 0.6446 | obj = 1.4589 | cls = 0.0405 | lr = 0.000796
epoch 013 | step 0380 | total = 5.2462 | box = 0.6834 | obj = 1.7790 | cls = 0.0500 | lr = 0.000796
epoch 013 | step 0400 | total = 5.1566 | box = 0.7007 | obj = 1.6043 | cls = 0.0488 | lr = 0.000796
epoch 013 | step 0420 | total = 4.6621 | box = 0.6052 | obj = 1.5898 | cls = 0.0461 | lr = 0.000796
epoch 013 | step 0440 | total = 5.1755 | box = 0.7070 | obj = 1.6028 | cls = 0.0376 | lr = 0.000796
epoch 013 | step 0460 | total = 4.2492 | box = 0.5443 | obj = 1.4765 | cls = 0.0513 | lr = 0.000796
epoch 013 | step 0480 | total = 5.0808 | box = 0.7013 | obj = 1.5286 | cls = 0.0457 | lr = 0.000796
epoch 013 | step 0500 | total = 5.1637 | box = 0.6942 | obj = 1.6560 | cls = 0.0366 | lr = 0.000796
epoch 013 | step 0520 | total = 4.5999 | box = 0.6108 | obj = 1.4998 | cls = 0.0458 | lr = 0.000796
epoch 013 | step 0540 | total = 4.1413 | box = 0.5080 | obj = 1.5605 | cls = 0.0406 | lr = 0.000796
epoch 013 | step 0560 | total = 4.9826 | box = 0.6895 | obj = 1.4960 | cls = 0.0389 | lr = 0.000796
epoch 013 | step 0580 | total = 5.2725 | box = 0.7346 | obj = 1.5580 | cls = 0.0414 | lr = 0.000796
epoch 013 | step 0600 | total = 4.3472 | box = 0.5756 | obj = 1.4343 | cls = 0.0348 | lr = 0.000796
epoch 013 | step 0620 | total = 5.0853 | box = 0.6843 | obj = 1.6153 | cls = 0.0483 | lr = 0.000796
epoch 013 | step 0640 | total = 4.7465 | box = 0.6153 | obj = 1.6254 | cls = 0.0448 | lr = 0.000796
epoch 013 | step 0660 | total = 4.6188 | box = 0.5898 | obj = 1.6275 | cls = 0.0424 | lr = 0.000796
epoch 013 | step 0680 | total = 5.0058 | box = 0.6842 | obj = 1.5468 | cls = 0.0379 | lr = 0.000796
epoch 013 | step 0700 | total = 4.4078 | box = 0.5665 | obj = 1.5361 | cls = 0.0393 | lr = 0.000796
epoch 013 | step 0720 | total = 5.2103 | box = 0.7115 | obj = 1.6106 | cls = 0.0423 | lr = 0.000796
epoch 013 | step 0740 | total = 4.7438 | box = 0.5984 | obj = 1.7074 | cls = 0.0445 | lr = 0.000796
epoch 013 | step 0760 | total = 5.3410 | box = 0.7123 | obj = 1.7349 | cls = 0.0446 | lr = 0.000796
epoch 013 | step 0780 | total = 5.4519 | box = 0.7378 | obj = 1.7148 | cls = 0.0481 | lr = 0.000796
epoch 013 | step 0800 | total = 5.7422 | box = 0.8018 | obj = 1.6868 | cls = 0.0466 | lr = 0.000796
epoch 013 | step 0820 | total = 4.7286 | box = 0.6297 | obj = 1.5440 | cls = 0.0360 | lr = 0.000796
epoch 013 | step 0840 | total = 4.8472 | box = 0.6295 | obj = 1.6513 | cls = 0.0485 | lr = 0.000796
epoch 013 | step 0860 | total = 4.8672 | box = 0.6375 | obj = 1.6235 | cls = 0.0563 | lr = 0.000796
epoch 013 | step 0880 | total = 5.5538 | box = 0.7420 | obj = 1.7934 | cls = 0.0505 | lr = 0.000796
epoch 013 | step 0900 | total = 4.5746 | box = 0.5967 | obj = 1.5334 | cls = 0.0574 | lr = 0.000796
epoch 013 | step 0920 | total = 5.2576 | box = 0.7140 | obj = 1.6454 | cls = 0.0423 | lr = 0.000796
[epoch 013 train] total = 5.0158 | box = 0.6733 | obj = 1.6045 | cls = 0.0451 | steps = 925 | global_batches = 7400 | samples = 118288 | time = 803.6s
[epoch 013 val] total = 5.0925 | box = 0.6848 | obj = 1.6230 | cls = 0.0455 | steps = 40 | global_batches = 320 | samples = 5000 | time = 21.9s
epoch 014 | step 0001 | total = 5.0473 | box = 0.6787 | obj = 1.6076 | cls = 0.0461 | lr = 0.000764
epoch 014 | step 0020 | total = 4.8760 | box = 0.6254 | obj = 1.6985 | cls = 0.0507 | lr = 0.000764
epoch 014 | step 0040 | total = 4.9152 | box = 0.6532 | obj = 1.6010 | cls = 0.0484 | lr = 0.000764
epoch 014 | step 0060 | total = 5.2099 | box = 0.7252 | obj = 1.5353 | cls = 0.0487 | lr = 0.000764
epoch 014 | step 0080 | total = 4.5474 | box = 0.6033 | obj = 1.4938 | cls = 0.0371 | lr = 0.000764
epoch 014 | step 0100 | total = 4.1980 | box = 0.5280 | obj = 1.5102 | cls = 0.0478 | lr = 0.000764
epoch 014 | step 0120 | total = 5.1559 | box = 0.7200 | obj = 1.5144 | cls = 0.0413 | lr = 0.000764
epoch 014 | step 0140 | total = 6.2453 | box = 0.9174 | obj = 1.6154 | cls = 0.0429 | lr = 0.000764
epoch 014 | step 0160 | total = 5.4227 | box = 0.7712 | obj = 1.5275 | cls = 0.0389 | lr = 0.000764
epoch 014 | step 0180 | total = 5.3381 | box = 0.7452 | obj = 1.5724 | cls = 0.0399 | lr = 0.000764
epoch 014 | step 0200 | total = 5.1039 | box = 0.7063 | obj = 1.5286 | cls = 0.0440 | lr = 0.000764
epoch 014 | step 0220 | total = 5.6280 | box = 0.8088 | obj = 1.5444 | cls = 0.0395 | lr = 0.000764
epoch 014 | step 0240 | total = 5.0957 | box = 0.7000 | obj = 1.5524 | cls = 0.0431 | lr = 0.000764
epoch 014 | step 0260 | total = 4.0882 | box = 0.5164 | obj = 1.4469 | cls = 0.0594 | lr = 0.000764
epoch 014 | step 0280 | total = 5.1377 | box = 0.7060 | obj = 1.5671 | cls = 0.0408 | lr = 0.000764
epoch 014 | step 0300 | total = 6.0806 | box = 0.8656 | obj = 1.7012 | cls = 0.0513 | lr = 0.000764
epoch 014 | step 0320 | total = 4.2761 | box = 0.5145 | obj = 1.6342 | cls = 0.0695 | lr = 0.000764
epoch 014 | step 0340 | total = 5.5162 | box = 0.7080 | obj = 1.9261 | cls = 0.0501 | lr = 0.000764
epoch 014 | step 0360 | total = 6.2286 | box = 0.9131 | obj = 1.6219 | cls = 0.0411 | lr = 0.000764
epoch 014 | step 0380 | total = 4.0737 | box = 0.5286 | obj = 1.3832 | cls = 0.0476 | lr = 0.000764
epoch 014 | step 0400 | total = 5.3448 | box = 0.7237 | obj = 1.6835 | cls = 0.0426 | lr = 0.000764
epoch 014 | step 0420 | total = 5.4371 | box = 0.7472 | obj = 1.6570 | cls = 0.0441 | lr = 0.000764
epoch 014 | step 0440 | total = 5.1220 | box = 0.7129 | obj = 1.5216 | cls = 0.0357 | lr = 0.000764
epoch 014 | step 0460 | total = 4.9838 | box = 0.6640 | obj = 1.6178 | cls = 0.0462 | lr = 0.000764
epoch 014 | step 0480 | total = 4.5123 | box = 0.5976 | obj = 1.4826 | cls = 0.0419 | lr = 0.000764
epoch 014 | step 0500 | total = 4.9805 | box = 0.6685 | obj = 1.5925 | cls = 0.0453 | lr = 0.000764
epoch 014 | step 0520 | total = 5.5190 | box = 0.7829 | obj = 1.5646 | cls = 0.0400 | lr = 0.000764
epoch 014 | step 0540 | total = 4.7421 | box = 0.6226 | obj = 1.5777 | cls = 0.0514 | lr = 0.000764
epoch 014 | step 0560 | total = 5.4895 | box = 0.7766 | obj = 1.5673 | cls = 0.0394 | lr = 0.000764
epoch 014 | step 0580 | total = 4.7374 | box = 0.6289 | obj = 1.5455 | cls = 0.0473 | lr = 0.000764
epoch 014 | step 0600 | total = 4.7647 | box = 0.6129 | obj = 1.6610 | cls = 0.0394 | lr = 0.000764
epoch 014 | step 0620 | total = 4.7560 | box = 0.6187 | obj = 1.6207 | cls = 0.0420 | lr = 0.000764
epoch 014 | step 0640 | total = 4.0258 | box = 0.4907 | obj = 1.5119 | cls = 0.0606 | lr = 0.000764
epoch 014 | step 0660 | total = 4.9074 | box = 0.6607 | obj = 1.5620 | cls = 0.0420 | lr = 0.000764
epoch 014 | step 0680 | total = 5.6601 | box = 0.8094 | obj = 1.5739 | cls = 0.0391 | lr = 0.000764
epoch 014 | step 0700 | total = 5.7039 | box = 0.8131 | obj = 1.5954 | cls = 0.0430 | lr = 0.000764
epoch 014 | step 0720 | total = 4.3707 | box = 0.5803 | obj = 1.4289 | cls = 0.0401 | lr = 0.000764
epoch 014 | step 0740 | total = 5.3801 | box = 0.7647 | obj = 1.5124 | cls = 0.0442 | lr = 0.000764
epoch 014 | step 0760 | total = 4.6617 | box = 0.6210 | obj = 1.5166 | cls = 0.0403 | lr = 0.000764
epoch 014 | step 0780 | total = 5.0444 | box = 0.6538 | obj = 1.7291 | cls = 0.0463 | lr = 0.000764
epoch 014 | step 0800 | total = 5.2855 | box = 0.7389 | obj = 1.5511 | cls = 0.0397 | lr = 0.000764
epoch 014 | step 0820 | total = 5.0334 | box = 0.6818 | obj = 1.5738 | cls = 0.0507 | lr = 0.000764
epoch 014 | step 0840 | total = 5.5860 | box = 0.7866 | obj = 1.6163 | cls = 0.0367 | lr = 0.000764
epoch 014 | step 0860 | total = 5.2875 | box = 0.7391 | obj = 1.5507 | cls = 0.0412 | lr = 0.000764
epoch 014 | step 0880 | total = 5.4923 | box = 0.7870 | obj = 1.5148 | cls = 0.0427 | lr = 0.000764
epoch 014 | step 0900 | total = 5.1705 | box = 0.6864 | obj = 1.6968 | cls = 0.0419 | lr = 0.000764
epoch 014 | step 0920 | total = 5.2682 | box = 0.7281 | obj = 1.5827 | cls = 0.0447 | lr = 0.000764
[epoch 014 train] total = 4.9650 | box = 0.6656 | obj = 1.5925 | cls = 0.0446 | steps = 925 | global_batches = 7400 | samples = 118288 | time = 804.4s
[epoch 014 val] total = 5.0225 | box = 0.6753 | obj = 1.6017 | cls = 0.0443 | steps = 40 | global_batches = 320 | samples = 5000 | time = 23.0s
epoch 015 | step 0001 | total = 4.8288 | box = 0.6235 | obj = 1.6666 | cls = 0.0445 | lr = 0.000730
epoch 015 | step 0020 | total = 5.1401 | box = 0.6644 | obj = 1.7728 | cls = 0.0451 | lr = 0.000730
epoch 015 | step 0040 | total = 5.5558 | box = 0.7411 | obj = 1.8012 | cls = 0.0491 | lr = 0.000730
epoch 015 | step 0060 | total = 4.4425 | box = 0.5738 | obj = 1.5334 | cls = 0.0403 | lr = 0.000730
epoch 015 | step 0080 | total = 4.4944 | box = 0.5929 | obj = 1.4951 | cls = 0.0349 | lr = 0.000730
epoch 015 | step 0100 | total = 5.4359 | box = 0.7664 | obj = 1.5533 | cls = 0.0504 | lr = 0.000730
epoch 015 | step 0120 | total = 5.0055 | box = 0.6584 | obj = 1.6617 | cls = 0.0520 | lr = 0.000730
epoch 015 | step 0140 | total = 4.9926 | box = 0.6776 | obj = 1.5688 | cls = 0.0360 | lr = 0.000730
epoch 015 | step 0160 | total = 4.7367 | box = 0.6461 | obj = 1.4683 | cls = 0.0377 | lr = 0.000730
epoch 015 | step 0180 | total = 4.9767 | box = 0.6519 | obj = 1.6593 | cls = 0.0578 | lr = 0.000730
epoch 015 | step 0200 | total = 5.4939 | box = 0.7536 | obj = 1.6809 | cls = 0.0448 | lr = 0.000730
epoch 015 | step 0220 | total = 5.4002 | box = 0.7331 | obj = 1.6833 | cls = 0.0516 | lr = 0.000730
epoch 015 | step 0240 | total = 4.8268 | box = 0.6378 | obj = 1.5963 | cls = 0.0418 | lr = 0.000730
epoch 015 | step 0260 | total = 4.4329 | box = 0.5669 | obj = 1.5507 | cls = 0.0478 | lr = 0.000730
epoch 015 | step 0280 | total = 3.9524 | box = 0.4522 | obj = 1.6327 | cls = 0.0585 | lr = 0.000730
epoch 015 | step 0300 | total = 5.8862 | box = 0.8422 | obj = 1.6304 | cls = 0.0446 | lr = 0.000730
epoch 015 | step 0320 | total = 5.2701 | box = 0.7438 | obj = 1.5035 | cls = 0.0473 | lr = 0.000730
epoch 015 | step 0340 | total = 4.7989 | box = 0.6369 | obj = 1.5683 | cls = 0.0460 | lr = 0.000730
epoch 015 | step 0360 | total = 4.7930 | box = 0.6513 | obj = 1.4933 | cls = 0.0430 | lr = 0.000730
epoch 015 | step 0380 | total = 5.1197 | box = 0.6855 | obj = 1.6451 | cls = 0.0472 | lr = 0.000730
epoch 015 | step 0400 | total = 4.9004 | box = 0.6756 | obj = 1.4780 | cls = 0.0443 | lr = 0.000730
epoch 015 | step 0420 | total = 4.3595 | box = 0.5381 | obj = 1.6271 | cls = 0.0418 | lr = 0.000730
epoch 015 | step 0440 | total = 4.5262 | box = 0.5646 | obj = 1.6507 | cls = 0.0524 | lr = 0.000730
epoch 015 | step 0460 | total = 5.6282 | box = 0.7923 | obj = 1.6205 | cls = 0.0459 | lr = 0.000730
epoch 015 | step 0480 | total = 4.8788 | box = 0.6364 | obj = 1.6524 | cls = 0.0443 | lr = 0.000730
epoch 015 | step 0500 | total = 5.5615 | box = 0.7667 | obj = 1.6776 | cls = 0.0505 | lr = 0.000730
epoch 015 | step 0520 | total = 5.3317 | box = 0.7420 | obj = 1.5837 | cls = 0.0380 | lr = 0.000730
epoch 015 | step 0540 | total = 6.1295 | box = 0.8807 | obj = 1.6717 | cls = 0.0542 | lr = 0.000730
epoch 015 | step 0560 | total = 4.4734 | box = 0.5702 | obj = 1.5771 | cls = 0.0451 | lr = 0.000730
epoch 015 | step 0580 | total = 4.6758 | box = 0.6265 | obj = 1.5002 | cls = 0.0429 | lr = 0.000730
epoch 015 | step 0600 | total = 4.6274 | box = 0.6147 | obj = 1.5030 | cls = 0.0509 | lr = 0.000730
epoch 015 | step 0620 | total = 5.1813 | box = 0.6939 | obj = 1.6647 | cls = 0.0472 | lr = 0.000730
epoch 015 | step 0640 | total = 4.3969 | box = 0.5409 | obj = 1.6420 | cls = 0.0505 | lr = 0.000730
epoch 015 | step 0660 | total = 4.0312 | box = 0.5086 | obj = 1.4431 | cls = 0.0453 | lr = 0.000730
epoch 015 | step 0680 | total = 4.0856 | box = 0.5251 | obj = 1.4103 | cls = 0.0496 | lr = 0.000730
epoch 015 | step 0700 | total = 4.5883 | box = 0.5791 | obj = 1.6499 | cls = 0.0431 | lr = 0.000730
epoch 015 | step 0720 | total = 5.6461 | box = 0.7710 | obj = 1.7539 | cls = 0.0370 | lr = 0.000730
epoch 015 | step 0740 | total = 4.4607 | box = 0.5674 | obj = 1.5759 | cls = 0.0478 | lr = 0.000730
epoch 015 | step 0760 | total = 4.6229 | box = 0.6178 | obj = 1.4930 | cls = 0.0407 | lr = 0.000730
epoch 015 | step 0780 | total = 4.8300 | box = 0.6298 | obj = 1.6338 | cls = 0.0473 | lr = 0.000730
epoch 015 | step 0800 | total = 5.3688 | box = 0.7175 | obj = 1.7372 | cls = 0.0444 | lr = 0.000730
epoch 015 | step 0820 | total = 5.4279 | box = 0.7842 | obj = 1.4706 | cls = 0.0364 | lr = 0.000730
epoch 015 | step 0840 | total = 4.7866 | box = 0.5854 | obj = 1.8032 | cls = 0.0565 | lr = 0.000730
epoch 015 | step 0860 | total = 4.3647 | box = 0.5697 | obj = 1.4595 | cls = 0.0565 | lr = 0.000730
epoch 015 | step 0880 | total = 4.3829 | box = 0.5630 | obj = 1.5170 | cls = 0.0510 | lr = 0.000730
epoch 015 | step 0900 | total = 4.9912 | box = 0.6709 | obj = 1.5995 | cls = 0.0373 | lr = 0.000730
epoch 015 | step 0920 | total = 4.9593 | box = 0.6648 | obj = 1.5936 | cls = 0.0416 | lr = 0.000730
[epoch 015 train] total = 4.9099 | box = 0.6572 | obj = 1.5799 | cls = 0.0440 | steps = 925 | global_batches = 7400 | samples = 118288 | time = 803.4s
[epoch 015 val] total = 4.9549 | box = 0.6651 | obj = 1.5848 | cls = 0.0447 | steps = 40 | global_batches = 320 | samples = 5000 | time = 22.9s
epoch 016 | step 0001 | total = 5.2179 | box = 0.7342 | obj = 1.5025 | cls = 0.0447 | lr = 0.000694
epoch 016 | step 0020 | total = 5.1279 | box = 0.6857 | obj = 1.6617 | cls = 0.0376 | lr = 0.000694
epoch 016 | step 0040 | total = 5.3403 | box = 0.7272 | obj = 1.6594 | cls = 0.0450 | lr = 0.000694
epoch 016 | step 0060 | total = 4.8489 | box = 0.6676 | obj = 1.4654 | cls = 0.0457 | lr = 0.000694
epoch 016 | step 0080 | total = 5.1675 | box = 0.7612 | obj = 1.3197 | cls = 0.0416 | lr = 0.000694
epoch 016 | step 0100 | total = 4.7383 | box = 0.6331 | obj = 1.5296 | cls = 0.0429 | lr = 0.000694
epoch 016 | step 0120 | total = 5.0070 | box = 0.6867 | obj = 1.5279 | cls = 0.0458 | lr = 0.000694
epoch 016 | step 0140 | total = 5.3692 | box = 0.7627 | obj = 1.5166 | cls = 0.0390 | lr = 0.000694
epoch 016 | step 0160 | total = 5.3858 | box = 0.7719 | obj = 1.4883 | cls = 0.0380 | lr = 0.000694
epoch 016 | step 0180 | total = 4.1290 | box = 0.5252 | obj = 1.4571 | cls = 0.0460 | lr = 0.000694
epoch 016 | step 0200 | total = 5.0369 | box = 0.6782 | obj = 1.5960 | cls = 0.0501 | lr = 0.000694
epoch 016 | step 0220 | total = 4.7870 | box = 0.6358 | obj = 1.5640 | cls = 0.0438 | lr = 0.000694
epoch 016 | step 0240 | total = 5.5863 | box = 0.8020 | obj = 1.5457 | cls = 0.0307 | lr = 0.000694
epoch 016 | step 0260 | total = 4.3107 | box = 0.5699 | obj = 1.4241 | cls = 0.0371 | lr = 0.000694
epoch 016 | step 0280 | total = 4.9033 | box = 0.6699 | obj = 1.5157 | cls = 0.0382 | lr = 0.000694
epoch 016 | step 0300 | total = 4.8852 | box = 0.6326 | obj = 1.6814 | cls = 0.0408 | lr = 0.000694
epoch 016 | step 0320 | total = 4.6469 | box = 0.6330 | obj = 1.4412 | cls = 0.0406 | lr = 0.000694
epoch 016 | step 0340 | total = 4.8470 | box = 0.6369 | obj = 1.6174 | cls = 0.0452 | lr = 0.000694
epoch 016 | step 0360 | total = 5.4588 | box = 0.7681 | obj = 1.5807 | cls = 0.0375 | lr = 0.000694
epoch 016 | step 0380 | total = 4.2569 | box = 0.5357 | obj = 1.5318 | cls = 0.0464 | lr = 0.000694
epoch 016 | step 0400 | total = 4.3636 | box = 0.5516 | obj = 1.5545 | cls = 0.0513 | lr = 0.000694
epoch 016 | step 0420 | total = 5.3970 | box = 0.7473 | obj = 1.6179 | cls = 0.0424 | lr = 0.000694
epoch 016 | step 0440 | total = 5.0445 | box = 0.6675 | obj = 1.6628 | cls = 0.0440 | lr = 0.000694
epoch 016 | step 0460 | total = 5.3504 | box = 0.7467 | obj = 1.5744 | cls = 0.0427 | lr = 0.000694
epoch 016 | step 0480 | total = 5.6404 | box = 0.7765 | obj = 1.7163 | cls = 0.0418 | lr = 0.000694
epoch 016 | step 0500 | total = 4.7114 | box = 0.6004 | obj = 1.6632 | cls = 0.0462 | lr = 0.000694
epoch 016 | step 0520 | total = 4.3079 | box = 0.5332 | obj = 1.5911 | cls = 0.0506 | lr = 0.000694
epoch 016 | step 0540 | total = 5.4190 | box = 0.7452 | obj = 1.6560 | cls = 0.0368 | lr = 0.000694
epoch 016 | step 0560 | total = 5.6576 | box = 0.8056 | obj = 1.5911 | cls = 0.0383 | lr = 0.000694
epoch 016 | step 0580 | total = 4.5855 | box = 0.5959 | obj = 1.5526 | cls = 0.0535 | lr = 0.000694
epoch 016 | step 0600 | total = 4.6691 | box = 0.6066 | obj = 1.5935 | cls = 0.0427 | lr = 0.000694
epoch 016 | step 0620 | total = 5.0353 | box = 0.6854 | obj = 1.5741 | cls = 0.0343 | lr = 0.000694
epoch 016 | step 0640 | total = 5.1543 | box = 0.7173 | obj = 1.5286 | cls = 0.0394 | lr = 0.000694
epoch 016 | step 0660 | total = 4.7331 | box = 0.6259 | obj = 1.5672 | cls = 0.0361 | lr = 0.000694
epoch 016 | step 0680 | total = 4.6541 | box = 0.5773 | obj = 1.7162 | cls = 0.0514 | lr = 0.000694
epoch 016 | step 0700 | total = 4.8463 | box = 0.6205 | obj = 1.6997 | cls = 0.0440 | lr = 0.000694
epoch 016 | step 0720 | total = 5.0153 | box = 0.6783 | obj = 1.5816 | cls = 0.0422 | lr = 0.000694
epoch 016 | step 0740 | total = 4.4994 | box = 0.5864 | obj = 1.5271 | cls = 0.0404 | lr = 0.000694
epoch 016 | step 0760 | total = 5.0574 | box = 0.6847 | obj = 1.5935 | cls = 0.0403 | lr = 0.000694
epoch 016 | step 0780 | total = 5.4890 | box = 0.7708 | obj = 1.5941 | cls = 0.0407 | lr = 0.000694
epoch 016 | step 0800 | total = 4.7514 | box = 0.6018 | obj = 1.6959 | cls = 0.0466 | lr = 0.000694
epoch 016 | step 0820 | total = 4.2712 | box = 0.5469 | obj = 1.4938 | cls = 0.0426 | lr = 0.000694
epoch 016 | step 0840 | total = 4.3726 | box = 0.5634 | obj = 1.5085 | cls = 0.0471 | lr = 0.000694
epoch 016 | step 0860 | total = 4.5682 | box = 0.5902 | obj = 1.5713 | cls = 0.0461 | lr = 0.000694
epoch 016 | step 0880 | total = 4.8254 | box = 0.6576 | obj = 1.4883 | cls = 0.0489 | lr = 0.000694
epoch 016 | step 0900 | total = 4.9633 | box = 0.6691 | obj = 1.5743 | cls = 0.0434 | lr = 0.000694
epoch 016 | step 0920 | total = 5.5515 | box = 0.7707 | obj = 1.6546 | cls = 0.0433 | lr = 0.000694
[epoch 016 train] total = 4.8629 | box = 0.6501 | obj = 1.5688 | cls = 0.0436 | steps = 925 | global_batches = 7400 | samples = 118288 | time = 802.2s
[epoch 016 val] total = 4.9341 | box = 0.6621 | obj = 1.5799 | cls = 0.0439 | steps = 40 | global_batches = 320 | samples = 5000 | time = 22.4s
epoch 017 | step 0001 | total = 4.5969 | box = 0.6007 | obj = 1.5442 | cls = 0.0491 | lr = 0.000658
epoch 017 | step 0020 | total = 4.5711 | box = 0.6088 | obj = 1.4810 | cls = 0.0458 | lr = 0.000658
epoch 017 | step 0040 | total = 3.7577 | box = 0.4737 | obj = 1.3456 | cls = 0.0438 | lr = 0.000658
epoch 017 | step 0060 | total = 5.2247 | box = 0.7222 | obj = 1.5708 | cls = 0.0427 | lr = 0.000658
epoch 017 | step 0080 | total = 4.7201 | box = 0.6151 | obj = 1.6018 | cls = 0.0428 | lr = 0.000658
epoch 017 | step 0100 | total = 5.2808 | box = 0.7367 | obj = 1.5532 | cls = 0.0440 | lr = 0.000658
epoch 017 | step 0120 | total = 4.0605 | box = 0.5237 | obj = 1.3957 | cls = 0.0465 | lr = 0.000658
epoch 017 | step 0140 | total = 5.2232 | box = 0.7087 | obj = 1.6339 | cls = 0.0459 | lr = 0.000658
epoch 017 | step 0160 | total = 5.6965 | box = 0.7996 | obj = 1.6616 | cls = 0.0370 | lr = 0.000658
epoch 017 | step 0180 | total = 5.0634 | box = 0.6834 | obj = 1.6035 | cls = 0.0427 | lr = 0.000658
epoch 017 | step 0200 | total = 5.0601 | box = 0.7049 | obj = 1.4944 | cls = 0.0413 | lr = 0.000658
epoch 017 | step 0220 | total = 5.0903 | box = 0.7034 | obj = 1.5326 | cls = 0.0409 | lr = 0.000658
epoch 017 | step 0240 | total = 5.2630 | box = 0.7385 | obj = 1.5269 | cls = 0.0435 | lr = 0.000658
epoch 017 | step 0260 | total = 5.3669 | box = 0.7706 | obj = 1.4795 | cls = 0.0346 | lr = 0.000658
epoch 017 | step 0280 | total = 4.7981 | box = 0.6435 | obj = 1.5390 | cls = 0.0416 | lr = 0.000658
epoch 017 | step 0300 | total = 4.7410 | box = 0.6381 | obj = 1.5110 | cls = 0.0394 | lr = 0.000658
epoch 017 | step 0320 | total = 4.4310 | box = 0.5433 | obj = 1.6727 | cls = 0.0420 | lr = 0.000658
epoch 017 | step 0340 | total = 4.4525 | box = 0.5642 | obj = 1.5895 | cls = 0.0419 | lr = 0.000658
epoch 017 | step 0360 | total = 4.6411 | box = 0.6418 | obj = 1.3972 | cls = 0.0346 | lr = 0.000658
epoch 017 | step 0380 | total = 4.7136 | box = 0.6268 | obj = 1.5264 | cls = 0.0533 | lr = 0.000658
epoch 017 | step 0400 | total = 4.7159 | box = 0.6139 | obj = 1.5942 | cls = 0.0524 | lr = 0.000658
epoch 017 | step 0420 | total = 3.5611 | box = 0.4054 | obj = 1.4865 | cls = 0.0475 | lr = 0.000658
epoch 017 | step 0440 | total = 4.0335 | box = 0.4465 | obj = 1.7451 | cls = 0.0560 | lr = 0.000658
epoch 017 | step 0460 | total = 5.6933 | box = 0.8324 | obj = 1.4993 | cls = 0.0321 | lr = 0.000658
epoch 017 | step 0480 | total = 4.5586 | box = 0.5833 | obj = 1.5994 | cls = 0.0427 | lr = 0.000658
epoch 017 | step 0500 | total = 4.4533 | box = 0.5799 | obj = 1.5058 | cls = 0.0482 | lr = 0.000658
epoch 017 | step 0520 | total = 5.0322 | box = 0.6827 | obj = 1.5767 | cls = 0.0418 | lr = 0.000658
epoch 017 | step 0540 | total = 4.6129 | box = 0.5949 | obj = 1.5866 | cls = 0.0519 | lr = 0.000658
epoch 017 | step 0560 | total = 4.8222 | box = 0.6472 | obj = 1.5429 | cls = 0.0434 | lr = 0.000658
epoch 017 | step 0580 | total = 5.0420 | box = 0.6982 | obj = 1.5056 | cls = 0.0451 | lr = 0.000658
epoch 017 | step 0600 | total = 4.8439 | box = 0.6647 | obj = 1.4779 | cls = 0.0427 | lr = 0.000658
epoch 017 | step 0620 | total = 4.7649 | box = 0.6387 | obj = 1.5300 | cls = 0.0413 | lr = 0.000658
epoch 017 | step 0640 | total = 5.2643 | box = 0.7309 | obj = 1.5728 | cls = 0.0371 | lr = 0.000658
epoch 017 | step 0660 | total = 5.0031 | box = 0.6665 | obj = 1.6295 | cls = 0.0411 | lr = 0.000658
epoch 017 | step 0680 | total = 4.2978 | box = 0.5223 | obj = 1.6342 | cls = 0.0523 | lr = 0.000658
epoch 017 | step 0700 | total = 4.8649 | box = 0.6590 | obj = 1.5218 | cls = 0.0479 | lr = 0.000658
epoch 017 | step 0720 | total = 4.9910 | box = 0.6927 | obj = 1.4863 | cls = 0.0413 | lr = 0.000658
epoch 017 | step 0740 | total = 5.1883 | box = 0.7299 | obj = 1.5039 | cls = 0.0348 | lr = 0.000658
epoch 017 | step 0760 | total = 4.8338 | box = 0.6156 | obj = 1.7080 | cls = 0.0480 | lr = 0.000658
epoch 017 | step 0780 | total = 4.0465 | box = 0.5094 | obj = 1.4512 | cls = 0.0481 | lr = 0.000658
epoch 017 | step 0800 | total = 4.6628 | box = 0.6278 | obj = 1.4811 | cls = 0.0429 | lr = 0.000658
epoch 017 | step 0820 | total = 4.2167 | box = 0.5410 | obj = 1.4806 | cls = 0.0310 | lr = 0.000658
epoch 017 | step 0840 | total = 4.4197 | box = 0.5651 | obj = 1.5531 | cls = 0.0412 | lr = 0.000658
epoch 017 | step 0860 | total = 4.8870 | box = 0.6647 | obj = 1.5232 | cls = 0.0403 | lr = 0.000658
epoch 017 | step 0880 | total = 4.7438 | box = 0.6027 | obj = 1.6844 | cls = 0.0457 | lr = 0.000658
epoch 017 | step 0900 | total = 4.2083 | box = 0.5410 | obj = 1.4649 | cls = 0.0383 | lr = 0.000658
epoch 017 | step 0920 | total = 4.6816 | box = 0.5805 | obj = 1.7373 | cls = 0.0417 | lr = 0.000658
[epoch 017 train] total = 4.8132 | box = 0.6427 | obj = 1.5565 | cls = 0.0432 | steps = 925 | global_batches = 7400 | samples = 118288 | time = 802.8s
[epoch 017 val] total = 4.8648 | box = 0.6506 | obj = 1.5686 | cls = 0.0433 | steps = 40 | global_batches = 320 | samples = 5000 | time = 22.6s
epoch 018 | step 0001 | total = 4.6599 | box = 0.6173 | obj = 1.5299 | cls = 0.0437 | lr = 0.000621
epoch 018 | step 0020 | total = 4.2880 | box = 0.5231 | obj = 1.6179 | cls = 0.0545 | lr = 0.000621
epoch 018 | step 0040 | total = 5.6141 | box = 0.8075 | obj = 1.5365 | cls = 0.0400 | lr = 0.000621
epoch 018 | step 0060 | total = 4.5173 | box = 0.5691 | obj = 1.6242 | cls = 0.0478 | lr = 0.000621
epoch 018 | step 0080 | total = 4.1679 | box = 0.5311 | obj = 1.4745 | cls = 0.0380 | lr = 0.000621
epoch 018 | step 0100 | total = 5.3700 | box = 0.7405 | obj = 1.6296 | cls = 0.0381 | lr = 0.000621
epoch 018 | step 0120 | total = 4.1618 | box = 0.5507 | obj = 1.3641 | cls = 0.0441 | lr = 0.000621
epoch 018 | step 0140 | total = 5.1795 | box = 0.7134 | obj = 1.5744 | cls = 0.0380 | lr = 0.000621
epoch 018 | step 0160 | total = 4.6985 | box = 0.6051 | obj = 1.6215 | cls = 0.0516 | lr = 0.000621
epoch 018 | step 0180 | total = 4.7918 | box = 0.6423 | obj = 1.5320 | cls = 0.0486 | lr = 0.000621
epoch 018 | step 0200 | total = 4.1653 | box = 0.5229 | obj = 1.5013 | cls = 0.0493 | lr = 0.000621
epoch 018 | step 0220 | total = 4.9122 | box = 0.6928 | obj = 1.4081 | cls = 0.0403 | lr = 0.000621
epoch 018 | step 0240 | total = 4.3492 | box = 0.5435 | obj = 1.5871 | cls = 0.0446 | lr = 0.000621
epoch 018 | step 0260 | total = 5.1115 | box = 0.6934 | obj = 1.6030 | cls = 0.0414 | lr = 0.000621
epoch 018 | step 0280 | total = 5.1278 | box = 0.7111 | obj = 1.5321 | cls = 0.0404 | lr = 0.000621
epoch 018 | step 0300 | total = 5.1602 | box = 0.6607 | obj = 1.8133 | cls = 0.0431 | lr = 0.000621
epoch 018 | step 0320 | total = 4.8092 | box = 0.6448 | obj = 1.5477 | cls = 0.0377 | lr = 0.000621
epoch 018 | step 0340 | total = 4.3696 | box = 0.5425 | obj = 1.6071 | cls = 0.0502 | lr = 0.000621
epoch 018 | step 0360 | total = 4.6899 | box = 0.6117 | obj = 1.5908 | cls = 0.0409 | lr = 0.000621
epoch 018 | step 0380 | total = 5.1358 | box = 0.7070 | obj = 1.5519 | cls = 0.0487 | lr = 0.000621
epoch 018 | step 0400 | total = 4.8027 | box = 0.6561 | obj = 1.4844 | cls = 0.0377 | lr = 0.000621
epoch 018 | step 0420 | total = 4.8445 | box = 0.6448 | obj = 1.5824 | cls = 0.0379 | lr = 0.000621
epoch 018 | step 0440 | total = 4.9289 | box = 0.6582 | obj = 1.5951 | cls = 0.0427 | lr = 0.000621
epoch 018 | step 0460 | total = 4.9260 | box = 0.6477 | obj = 1.6409 | cls = 0.0465 | lr = 0.000621
epoch 018 | step 0480 | total = 5.0217 | box = 0.7024 | obj = 1.4740 | cls = 0.0357 | lr = 0.000621
epoch 018 | step 0500 | total = 4.8838 | box = 0.6752 | obj = 1.4726 | cls = 0.0354 | lr = 0.000621
epoch 018 | step 0520 | total = 4.7145 | box = 0.6463 | obj = 1.4439 | cls = 0.0393 | lr = 0.000621
epoch 018 | step 0540 | total = 4.9134 | box = 0.6763 | obj = 1.4964 | cls = 0.0354 | lr = 0.000621
epoch 018 | step 0560 | total = 4.4070 | box = 0.5828 | obj = 1.4468 | cls = 0.0464 | lr = 0.000621
epoch 018 | step 0580 | total = 4.3090 | box = 0.5474 | obj = 1.5218 | cls = 0.0503 | lr = 0.000621
epoch 018 | step 0600 | total = 4.1131 | box = 0.4923 | obj = 1.6050 | cls = 0.0466 | lr = 0.000621
epoch 018 | step 0620 | total = 5.1143 | box = 0.7022 | obj = 1.5598 | cls = 0.0437 | lr = 0.000621
epoch 018 | step 0640 | total = 4.9553 | box = 0.6784 | obj = 1.5208 | cls = 0.0426 | lr = 0.000621
epoch 018 | step 0660 | total = 5.3372 | box = 0.7655 | obj = 1.4704 | cls = 0.0392 | lr = 0.000621
epoch 018 | step 0680 | total = 4.7560 | box = 0.6322 | obj = 1.5518 | cls = 0.0433 | lr = 0.000621
epoch 018 | step 0700 | total = 4.5137 | box = 0.5913 | obj = 1.5102 | cls = 0.0468 | lr = 0.000621
epoch 018 | step 0720 | total = 4.7097 | box = 0.6348 | obj = 1.5000 | cls = 0.0357 | lr = 0.000621
epoch 018 | step 0740 | total = 5.8807 | box = 0.8551 | obj = 1.5595 | cls = 0.0458 | lr = 0.000621
epoch 018 | step 0760 | total = 4.7246 | box = 0.6025 | obj = 1.6567 | cls = 0.0554 | lr = 0.000621
epoch 018 | step 0780 | total = 5.2118 | box = 0.6745 | obj = 1.7995 | cls = 0.0400 | lr = 0.000621
epoch 018 | step 0800 | total = 3.8886 | box = 0.4779 | obj = 1.4505 | cls = 0.0488 | lr = 0.000621
epoch 018 | step 0820 | total = 4.9797 | box = 0.6576 | obj = 1.6466 | cls = 0.0449 | lr = 0.000621
epoch 018 | step 0840 | total = 4.2495 | box = 0.5488 | obj = 1.4639 | cls = 0.0414 | lr = 0.000621
epoch 018 | step 0860 | total = 4.3724 | box = 0.5386 | obj = 1.6347 | cls = 0.0448 | lr = 0.000621
epoch 018 | step 0880 | total = 5.2827 | box = 0.7625 | obj = 1.4370 | cls = 0.0331 | lr = 0.000621
epoch 018 | step 0900 | total = 4.6727 | box = 0.5879 | obj = 1.6865 | cls = 0.0465 | lr = 0.000621
epoch 018 | step 0920 | total = 5.1817 | box = 0.7262 | obj = 1.5149 | cls = 0.0359 | lr = 0.000621
[epoch 018 train] total = 4.7727 | box = 0.6365 | obj = 1.5472 | cls = 0.0429 | steps = 925 | global_batches = 7400 | samples = 118288 | time = 804.1s
[epoch 018 val] total = 4.9064 | box = 0.6558 | obj = 1.5840 | cls = 0.0433 | steps = 40 | global_batches = 320 | samples = 5000 | time = 22.9s
epoch 019 | step 0001 | total = 4.4688 | box = 0.6001 | obj = 1.4337 | cls = 0.0348 | lr = 0.000582
epoch 019 | step 0020 | total = 4.6098 | box = 0.6235 | obj = 1.4454 | cls = 0.0472 | lr = 0.000582
epoch 019 | step 0040 | total = 4.4407 | box = 0.5846 | obj = 1.4697 | cls = 0.0483 | lr = 0.000582
epoch 019 | step 0060 | total = 4.8586 | box = 0.6854 | obj = 1.3952 | cls = 0.0365 | lr = 0.000582
epoch 019 | step 0080 | total = 5.1479 | box = 0.7063 | obj = 1.5780 | cls = 0.0384 | lr = 0.000582
epoch 019 | step 0100 | total = 4.2898 | box = 0.5465 | obj = 1.5104 | cls = 0.0468 | lr = 0.000582
epoch 019 | step 0120 | total = 4.8001 | box = 0.6347 | obj = 1.5748 | cls = 0.0518 | lr = 0.000582
epoch 019 | step 0140 | total = 4.9884 | box = 0.6846 | obj = 1.5261 | cls = 0.0391 | lr = 0.000582
epoch 019 | step 0160 | total = 4.7411 | box = 0.6596 | obj = 1.4110 | cls = 0.0319 | lr = 0.000582
epoch 019 | step 0180 | total = 4.6935 | box = 0.6195 | obj = 1.5562 | cls = 0.0398 | lr = 0.000582
epoch 019 | step 0200 | total = 5.0819 | box = 0.7249 | obj = 1.4220 | cls = 0.0355 | lr = 0.000582
epoch 019 | step 0220 | total = 4.7949 | box = 0.6266 | obj = 1.6184 | cls = 0.0433 | lr = 0.000582
epoch 019 | step 0240 | total = 4.7130 | box = 0.6075 | obj = 1.6327 | cls = 0.0429 | lr = 0.000582
epoch 019 | step 0260 | total = 4.6487 | box = 0.6191 | obj = 1.5125 | cls = 0.0409 | lr = 0.000582
epoch 019 | step 0280 | total = 4.8646 | box = 0.6783 | obj = 1.4298 | cls = 0.0432 | lr = 0.000582
epoch 019 | step 0300 | total = 4.2196 | box = 0.5185 | obj = 1.5800 | cls = 0.0473 | lr = 0.000582
epoch 019 | step 0320 | total = 5.6917 | box = 0.8265 | obj = 1.5188 | cls = 0.0403 | lr = 0.000582
epoch 019 | step 0340 | total = 5.1894 | box = 0.7112 | obj = 1.5937 | cls = 0.0398 | lr = 0.000582
epoch 019 | step 0360 | total = 5.2329 | box = 0.7039 | obj = 1.6706 | cls = 0.0427 | lr = 0.000582
epoch 019 | step 0380 | total = 4.5413 | box = 0.5874 | obj = 1.5600 | cls = 0.0445 | lr = 0.000582
epoch 019 | step 0400 | total = 4.3723 | box = 0.5576 | obj = 1.5379 | cls = 0.0462 | lr = 0.000582
epoch 019 | step 0420 | total = 4.2482 | box = 0.5361 | obj = 1.5198 | cls = 0.0477 | lr = 0.000582
epoch 019 | step 0440 | total = 4.2429 | box = 0.5469 | obj = 1.4665 | cls = 0.0417 | lr = 0.000582
epoch 019 | step 0460 | total = 4.3766 | box = 0.5486 | obj = 1.5864 | cls = 0.0471 | lr = 0.000582
epoch 019 | step 0480 | total = 5.5261 | box = 0.7801 | obj = 1.5888 | cls = 0.0369 | lr = 0.000582
epoch 019 | step 0500 | total = 3.9398 | box = 0.4896 | obj = 1.4544 | cls = 0.0375 | lr = 0.000582
epoch 019 | step 0520 | total = 4.9174 | box = 0.6674 | obj = 1.5394 | cls = 0.0411 | lr = 0.000582
epoch 019 | step 0540 | total = 4.9891 | box = 0.6982 | obj = 1.4573 | cls = 0.0407 | lr = 0.000582
epoch 019 | step 0560 | total = 4.8725 | box = 0.6726 | obj = 1.4727 | cls = 0.0370 | lr = 0.000582
epoch 019 | step 0580 | total = 4.3012 | box = 0.5522 | obj = 1.5053 | cls = 0.0348 | lr = 0.000582
epoch 019 | step 0600 | total = 4.7776 | box = 0.5941 | obj = 1.7523 | cls = 0.0549 | lr = 0.000582
epoch 019 | step 0620 | total = 4.5259 | box = 0.5773 | obj = 1.5955 | cls = 0.0438 | lr = 0.000582
epoch 019 | step 0640 | total = 4.3781 | box = 0.5791 | obj = 1.4454 | cls = 0.0371 | lr = 0.000582
epoch 019 | step 0660 | total = 4.5708 | box = 0.6016 | obj = 1.5073 | cls = 0.0554 | lr = 0.000582
epoch 019 | step 0680 | total = 4.4431 | box = 0.5763 | obj = 1.5223 | cls = 0.0396 | lr = 0.000582
epoch 019 | step 0700 | total = 4.9914 | box = 0.6705 | obj = 1.5990 | cls = 0.0398 | lr = 0.000582
epoch 019 | step 0720 | total = 4.1978 | box = 0.5364 | obj = 1.4672 | cls = 0.0487 | lr = 0.000582
epoch 019 | step 0740 | total = 4.4165 | box = 0.5619 | obj = 1.5636 | cls = 0.0435 | lr = 0.000582
epoch 019 | step 0760 | total = 4.3249 | box = 0.5277 | obj = 1.6337 | cls = 0.0528 | lr = 0.000582
epoch 019 | step 0780 | total = 5.2653 | box = 0.7351 | obj = 1.5516 | cls = 0.0383 | lr = 0.000582
epoch 019 | step 0800 | total = 4.5389 | box = 0.6067 | obj = 1.4683 | cls = 0.0372 | lr = 0.000582
epoch 019 | step 0820 | total = 4.4693 | box = 0.5649 | obj = 1.5999 | cls = 0.0447 | lr = 0.000582
epoch 019 | step 0840 | total = 4.7057 | box = 0.6191 | obj = 1.5557 | cls = 0.0546 | lr = 0.000582
epoch 019 | step 0860 | total = 4.6438 | box = 0.6306 | obj = 1.4532 | cls = 0.0378 | lr = 0.000582
epoch 019 | step 0880 | total = 5.7799 | box = 0.8168 | obj = 1.6495 | cls = 0.0465 | lr = 0.000582
epoch 019 | step 0900 | total = 4.2152 | box = 0.5049 | obj = 1.6471 | cls = 0.0436 | lr = 0.000582
epoch 019 | step 0920 | total = 5.1066 | box = 0.6749 | obj = 1.6876 | cls = 0.0443 | lr = 0.000582
[epoch 019 train] total = 4.7622 | box = 0.6346 | obj = 1.5467 | cls = 0.0426 | steps = 925 | global_batches = 7400 | samples = 118288 | time = 802.4s
[epoch 019 val] total = 4.8107 | box = 0.6429 | obj = 1.5535 | cls = 0.0426 | steps = 40 | global_batches = 320 | samples = 5000 | time = 23.4s
epoch 020 | step 0001 | total = 4.1282 | box = 0.5321 | obj = 1.4189 | cls = 0.0486 | lr = 0.000544
epoch 020 | step 0020 | total = 4.7527 | box = 0.6387 | obj = 1.5152 | cls = 0.0442 | lr = 0.000544
epoch 020 | step 0040 | total = 5.4530 | box = 0.7731 | obj = 1.5514 | cls = 0.0361 | lr = 0.000544
epoch 020 | step 0060 | total = 4.6076 | box = 0.6007 | obj = 1.5589 | cls = 0.0454 | lr = 0.000544
epoch 020 | step 0080 | total = 5.1036 | box = 0.7211 | obj = 1.4574 | cls = 0.0405 | lr = 0.000544
epoch 020 | step 0100 | total = 4.5452 | box = 0.6017 | obj = 1.4913 | cls = 0.0456 | lr = 0.000544
epoch 020 | step 0120 | total = 4.5990 | box = 0.5960 | obj = 1.5707 | cls = 0.0485 | lr = 0.000544
epoch 020 | step 0140 | total = 4.5653 | box = 0.5867 | obj = 1.5896 | cls = 0.0424 | lr = 0.000544
epoch 020 | step 0160 | total = 4.5582 | box = 0.6042 | obj = 1.4889 | cls = 0.0485 | lr = 0.000544
epoch 020 | step 0180 | total = 4.7933 | box = 0.6461 | obj = 1.5204 | cls = 0.0422 | lr = 0.000544
epoch 020 | step 0200 | total = 3.8173 | box = 0.4628 | obj = 1.4544 | cls = 0.0487 | lr = 0.000544
epoch 020 | step 0220 | total = 4.5541 | box = 0.6118 | obj = 1.4556 | cls = 0.0397 | lr = 0.000544
epoch 020 | step 0240 | total = 4.3965 | box = 0.5826 | obj = 1.4343 | cls = 0.0490 | lr = 0.000544
epoch 020 | step 0260 | total = 4.5529 | box = 0.6131 | obj = 1.4451 | cls = 0.0422 | lr = 0.000544
epoch 020 | step 0280 | total = 4.9805 | box = 0.6618 | obj = 1.6316 | cls = 0.0402 | lr = 0.000544
epoch 020 | step 0300 | total = 5.1031 | box = 0.6903 | obj = 1.6090 | cls = 0.0426 | lr = 0.000544
epoch 020 | step 0320 | total = 4.8175 | box = 0.6489 | obj = 1.5234 | cls = 0.0495 | lr = 0.000544
epoch 020 | step 0340 | total = 4.7434 | box = 0.6073 | obj = 1.6722 | cls = 0.0346 | lr = 0.000544
epoch 020 | step 0360 | total = 4.1067 | box = 0.4887 | obj = 1.6053 | cls = 0.0581 | lr = 0.000544
epoch 020 | step 0380 | total = 5.3271 | box = 0.7308 | obj = 1.6282 | cls = 0.0447 | lr = 0.000544
epoch 020 | step 0400 | total = 4.2066 | box = 0.5399 | obj = 1.4715 | cls = 0.0354 | lr = 0.000544
epoch 020 | step 0420 | total = 5.1483 | box = 0.7247 | obj = 1.4901 | cls = 0.0349 | lr = 0.000544
epoch 020 | step 0440 | total = 4.6896 | box = 0.5813 | obj = 1.7353 | cls = 0.0479 | lr = 0.000544
epoch 020 | step 0460 | total = 4.4505 | box = 0.5554 | obj = 1.6181 | cls = 0.0557 | lr = 0.000544
epoch 020 | step 0480 | total = 4.8047 | box = 0.6516 | obj = 1.5128 | cls = 0.0339 | lr = 0.000544
epoch 020 | step 0500 | total = 4.5776 | box = 0.6125 | obj = 1.4802 | cls = 0.0349 | lr = 0.000544
epoch 020 | step 0520 | total = 5.4289 | box = 0.7729 | obj = 1.5241 | cls = 0.0402 | lr = 0.000544
epoch 020 | step 0540 | total = 4.7936 | box = 0.6528 | obj = 1.4917 | cls = 0.0378 | lr = 0.000544
epoch 020 | step 0560 | total = 4.4183 | box = 0.5413 | obj = 1.6652 | cls = 0.0467 | lr = 0.000544
epoch 020 | step 0580 | total = 4.3024 | box = 0.5493 | obj = 1.5051 | cls = 0.0509 | lr = 0.000544
epoch 020 | step 0600 | total = 5.6660 | box = 0.7637 | obj = 1.8058 | cls = 0.0418 | lr = 0.000544
epoch 020 | step 0620 | total = 5.2289 | box = 0.7345 | obj = 1.5196 | cls = 0.0370 | lr = 0.000544
epoch 020 | step 0640 | total = 4.5929 | box = 0.6245 | obj = 1.4324 | cls = 0.0380 | lr = 0.000544
epoch 020 | step 0660 | total = 5.0431 | box = 0.6812 | obj = 1.6033 | cls = 0.0338 | lr = 0.000544
epoch 020 | step 0680 | total = 5.3288 | box = 0.7427 | obj = 1.5796 | cls = 0.0357 | lr = 0.000544
epoch 020 | step 0700 | total = 3.8986 | box = 0.4700 | obj = 1.5054 | cls = 0.0431 | lr = 0.000544
epoch 020 | step 0720 | total = 3.4986 | box = 0.4160 | obj = 1.3605 | cls = 0.0582 | lr = 0.000544
epoch 020 | step 0740 | total = 4.9427 | box = 0.6712 | obj = 1.5432 | cls = 0.0435 | lr = 0.000544
epoch 020 | step 0760 | total = 4.4141 | box = 0.5543 | obj = 1.6039 | cls = 0.0387 | lr = 0.000544
epoch 020 | step 0780 | total = 5.2955 | box = 0.7141 | obj = 1.6820 | cls = 0.0428 | lr = 0.000544
epoch 020 | step 0800 | total = 5.2105 | box = 0.7107 | obj = 1.6076 | cls = 0.0494 | lr = 0.000544
epoch 020 | step 0820 | total = 4.5972 | box = 0.6199 | obj = 1.4465 | cls = 0.0513 | lr = 0.000544
epoch 020 | step 0840 | total = 4.9137 | box = 0.6606 | obj = 1.5737 | cls = 0.0371 | lr = 0.000544
epoch 020 | step 0860 | total = 5.2735 | box = 0.7260 | obj = 1.6027 | cls = 0.0407 | lr = 0.000544
epoch 020 | step 0880 | total = 5.1021 | box = 0.6666 | obj = 1.7264 | cls = 0.0426 | lr = 0.000544
epoch 020 | step 0900 | total = 4.9040 | box = 0.6658 | obj = 1.5351 | cls = 0.0401 | lr = 0.000544
epoch 020 | step 0920 | total = 4.6650 | box = 0.6152 | obj = 1.5469 | cls = 0.0422 | lr = 0.000544
[epoch 020 train] total = 4.6948 | box = 0.6249 | obj = 1.5283 | cls = 0.0421 | steps = 925 | global_batches = 7400 | samples = 118288 | time = 801.9s
[epoch 020 val] total = 4.7671 | box = 0.6362 | obj = 1.5441 | cls = 0.0421 | steps = 40 | global_batches = 320 | samples = 5000 | time = 23.1s
epoch 021 | step 0001 | total = 5.0707 | box = 0.6851 | obj = 1.6071 | cls = 0.0381 | lr = 0.000505
epoch 021 | step 0020 | total = 4.7482 | box = 0.6633 | obj = 1.3974 | cls = 0.0342 | lr = 0.000505
epoch 021 | step 0040 | total = 3.9662 | box = 0.5144 | obj = 1.3539 | cls = 0.0404 | lr = 0.000505
epoch 021 | step 0060 | total = 3.3889 | box = 0.3979 | obj = 1.3545 | cls = 0.0450 | lr = 0.000505
epoch 021 | step 0080 | total = 4.8724 | box = 0.6663 | obj = 1.5030 | cls = 0.0378 | lr = 0.000505
epoch 021 | step 0100 | total = 5.4066 | box = 0.7608 | obj = 1.5663 | cls = 0.0364 | lr = 0.000505
epoch 021 | step 0120 | total = 4.4509 | box = 0.5962 | obj = 1.4338 | cls = 0.0362 | lr = 0.000505
epoch 021 | step 0140 | total = 4.6678 | box = 0.5947 | obj = 1.6529 | cls = 0.0412 | lr = 0.000505
epoch 021 | step 0160 | total = 4.6526 | box = 0.6368 | obj = 1.4239 | cls = 0.0446 | lr = 0.000505
epoch 021 | step 0180 | total = 4.1329 | box = 0.5345 | obj = 1.4189 | cls = 0.0413 | lr = 0.000505
epoch 021 | step 0200 | total = 4.5456 | box = 0.6365 | obj = 1.3229 | cls = 0.0402 | lr = 0.000505
epoch 021 | step 0220 | total = 4.9670 | box = 0.6763 | obj = 1.5477 | cls = 0.0380 | lr = 0.000505
epoch 021 | step 0240 | total = 5.2822 | box = 0.7098 | obj = 1.6867 | cls = 0.0463 | lr = 0.000505
epoch 021 | step 0260 | total = 4.2004 | box = 0.5348 | obj = 1.4780 | cls = 0.0486 | lr = 0.000505
epoch 021 | step 0280 | total = 4.1740 | box = 0.5351 | obj = 1.4629 | cls = 0.0356 | lr = 0.000505
epoch 021 | step 0300 | total = 4.1421 | box = 0.5211 | obj = 1.4862 | cls = 0.0502 | lr = 0.000505
epoch 021 | step 0320 | total = 4.9196 | box = 0.6704 | obj = 1.5384 | cls = 0.0293 | lr = 0.000505
epoch 021 | step 0340 | total = 4.6978 | box = 0.6195 | obj = 1.5556 | cls = 0.0449 | lr = 0.000505
epoch 021 | step 0360 | total = 4.7091 | box = 0.6426 | obj = 1.4473 | cls = 0.0489 | lr = 0.000505
epoch 021 | step 0380 | total = 4.7487 | box = 0.6283 | obj = 1.5705 | cls = 0.0365 | lr = 0.000505
epoch 021 | step 0400 | total = 4.9243 | box = 0.6773 | obj = 1.5014 | cls = 0.0362 | lr = 0.000505
epoch 021 | step 0420 | total = 4.7410 | box = 0.6446 | obj = 1.4733 | cls = 0.0446 | lr = 0.000505
epoch 021 | step 0440 | total = 4.4482 | box = 0.5696 | obj = 1.5525 | cls = 0.0475 | lr = 0.000505
epoch 021 | step 0460 | total = 5.6189 | box = 0.8266 | obj = 1.4489 | cls = 0.0369 | lr = 0.000505
epoch 021 | step 0480 | total = 5.3184 | box = 0.7441 | obj = 1.5567 | cls = 0.0412 | lr = 0.000505
epoch 021 | step 0500 | total = 4.4214 | box = 0.5712 | obj = 1.5248 | cls = 0.0406 | lr = 0.000505
epoch 021 | step 0520 | total = 4.7606 | box = 0.6454 | obj = 1.4960 | cls = 0.0377 | lr = 0.000505
epoch 021 | step 0540 | total = 4.7950 | box = 0.6385 | obj = 1.5637 | cls = 0.0388 | lr = 0.000505
epoch 021 | step 0560 | total = 5.0352 | box = 0.6693 | obj = 1.6456 | cls = 0.0431 | lr = 0.000505
epoch 021 | step 0580 | total = 4.8195 | box = 0.6503 | obj = 1.5332 | cls = 0.0349 | lr = 0.000505
epoch 021 | step 0600 | total = 3.6373 | box = 0.4385 | obj = 1.4054 | cls = 0.0392 | lr = 0.000505
epoch 021 | step 0620 | total = 4.1541 | box = 0.5362 | obj = 1.4345 | cls = 0.0385 | lr = 0.000505
epoch 021 | step 0640 | total = 4.6873 | box = 0.6251 | obj = 1.5251 | cls = 0.0368 | lr = 0.000505
epoch 021 | step 0660 | total = 3.8010 | box = 0.4858 | obj = 1.3236 | cls = 0.0486 | lr = 0.000505
epoch 021 | step 0680 | total = 4.3500 | box = 0.5448 | obj = 1.5738 | cls = 0.0520 | lr = 0.000505
epoch 021 | step 0700 | total = 5.2321 | box = 0.7283 | obj = 1.5518 | cls = 0.0390 | lr = 0.000505
epoch 021 | step 0720 | total = 5.1296 | box = 0.6800 | obj = 1.6906 | cls = 0.0389 | lr = 0.000505
epoch 021 | step 0740 | total = 4.7735 | box = 0.6448 | obj = 1.5085 | cls = 0.0410 | lr = 0.000505
epoch 021 | step 0760 | total = 4.8394 | box = 0.6756 | obj = 1.4232 | cls = 0.0383 | lr = 0.000505
epoch 021 | step 0780 | total = 4.9858 | box = 0.6619 | obj = 1.6330 | cls = 0.0434 | lr = 0.000505
epoch 021 | step 0800 | total = 5.1117 | box = 0.6963 | obj = 1.5876 | cls = 0.0427 | lr = 0.000505
epoch 021 | step 0820 | total = 4.5365 | box = 0.6076 | obj = 1.4543 | cls = 0.0443 | lr = 0.000505
epoch 021 | step 0840 | total = 3.9267 | box = 0.4972 | obj = 1.4105 | cls = 0.0302 | lr = 0.000505
epoch 021 | step 0860 | total = 3.9112 | box = 0.4940 | obj = 1.4092 | cls = 0.0319 | lr = 0.000505
epoch 021 | step 0880 | total = 4.1721 | box = 0.5297 | obj = 1.4726 | cls = 0.0511 | lr = 0.000505
epoch 021 | step 0900 | total = 4.7954 | box = 0.6575 | obj = 1.4646 | cls = 0.0430 | lr = 0.000505
epoch 021 | step 0920 | total = 4.7748 | box = 0.6417 | obj = 1.5288 | cls = 0.0375 | lr = 0.000505
[epoch 021 train] total = 4.6592 | box = 0.6195 | obj = 1.5201 | cls = 0.0417 | steps = 925 | global_batches = 7400 | samples = 118288 | time = 803.3s
[epoch 021 val] total = 4.7369 | box = 0.6317 | obj = 1.5368 | cls = 0.0418 | steps = 40 | global_batches = 320 | samples = 5000 | time = 23.1s
epoch 022 | step 0001 | total = 4.4277 | box = 0.5806 | obj = 1.4840 | cls = 0.0407 | lr = 0.000466
epoch 022 | step 0020 | total = 4.3412 | box = 0.5627 | obj = 1.4853 | cls = 0.0427 | lr = 0.000466
epoch 022 | step 0040 | total = 5.2330 | box = 0.6995 | obj = 1.6933 | cls = 0.0423 | lr = 0.000466
epoch 022 | step 0060 | total = 4.2611 | box = 0.5714 | obj = 1.3705 | cls = 0.0339 | lr = 0.000466
epoch 022 | step 0080 | total = 3.9456 | box = 0.4659 | obj = 1.5634 | cls = 0.0529 | lr = 0.000466
epoch 022 | step 0100 | total = 4.1271 | box = 0.5260 | obj = 1.4537 | cls = 0.0435 | lr = 0.000466
epoch 022 | step 0120 | total = 4.4129 | box = 0.5787 | obj = 1.4751 | cls = 0.0441 | lr = 0.000466
epoch 022 | step 0140 | total = 5.0649 | box = 0.6844 | obj = 1.6024 | cls = 0.0403 | lr = 0.000466
epoch 022 | step 0160 | total = 5.0866 | box = 0.6990 | obj = 1.5547 | cls = 0.0370 | lr = 0.000466
epoch 022 | step 0180 | total = 5.1173 | box = 0.7091 | obj = 1.5298 | cls = 0.0420 | lr = 0.000466
epoch 022 | step 0200 | total = 5.1105 | box = 0.7058 | obj = 1.5387 | cls = 0.0430 | lr = 0.000466
epoch 022 | step 0220 | total = 4.7559 | box = 0.6600 | obj = 1.4219 | cls = 0.0338 | lr = 0.000466
epoch 022 | step 0240 | total = 4.9458 | box = 0.6772 | obj = 1.5210 | cls = 0.0389 | lr = 0.000466
epoch 022 | step 0260 | total = 5.1500 | box = 0.7195 | obj = 1.5160 | cls = 0.0366 | lr = 0.000466
epoch 022 | step 0280 | total = 4.0937 | box = 0.5256 | obj = 1.4275 | cls = 0.0382 | lr = 0.000466
epoch 022 | step 0300 | total = 4.8474 | box = 0.6391 | obj = 1.6063 | cls = 0.0455 | lr = 0.000466
epoch 022 | step 0320 | total = 4.5586 | box = 0.5792 | obj = 1.6213 | cls = 0.0413 | lr = 0.000466
epoch 022 | step 0340 | total = 4.9156 | box = 0.6436 | obj = 1.6507 | cls = 0.0469 | lr = 0.000466
epoch 022 | step 0360 | total = 4.7533 | box = 0.6323 | obj = 1.5466 | cls = 0.0455 | lr = 0.000466
epoch 022 | step 0380 | total = 4.5569 | box = 0.5569 | obj = 1.7138 | cls = 0.0583 | lr = 0.000466
epoch 022 | step 0400 | total = 4.5429 | box = 0.5958 | obj = 1.5204 | cls = 0.0433 | lr = 0.000466
epoch 022 | step 0420 | total = 4.0149 | box = 0.4955 | obj = 1.4970 | cls = 0.0404 | lr = 0.000466
epoch 022 | step 0440 | total = 4.4104 | box = 0.5659 | obj = 1.5373 | cls = 0.0437 | lr = 0.000466
epoch 022 | step 0460 | total = 4.9966 | box = 0.7092 | obj = 1.4052 | cls = 0.0454 | lr = 0.000466
epoch 022 | step 0480 | total = 5.4686 | box = 0.7792 | obj = 1.5366 | cls = 0.0361 | lr = 0.000466
epoch 022 | step 0500 | total = 5.2552 | box = 0.7424 | obj = 1.5111 | cls = 0.0323 | lr = 0.000466
epoch 022 | step 0520 | total = 3.9012 | box = 0.4676 | obj = 1.5199 | cls = 0.0430 | lr = 0.000466
epoch 022 | step 0540 | total = 5.5624 | box = 0.8024 | obj = 1.5129 | cls = 0.0373 | lr = 0.000466
epoch 022 | step 0560 | total = 4.5156 | box = 0.5867 | obj = 1.5357 | cls = 0.0465 | lr = 0.000466
epoch 022 | step 0580 | total = 4.0680 | box = 0.4972 | obj = 1.5283 | cls = 0.0538 | lr = 0.000466
epoch 022 | step 0600 | total = 3.9905 | box = 0.5077 | obj = 1.4123 | cls = 0.0395 | lr = 0.000466
epoch 022 | step 0620 | total = 3.9025 | box = 0.4777 | obj = 1.4433 | cls = 0.0708 | lr = 0.000466
epoch 022 | step 0640 | total = 4.6886 | box = 0.6245 | obj = 1.5329 | cls = 0.0332 | lr = 0.000466
epoch 022 | step 0660 | total = 3.5023 | box = 0.4062 | obj = 1.4240 | cls = 0.0474 | lr = 0.000466
epoch 022 | step 0680 | total = 4.3896 | box = 0.5705 | obj = 1.4966 | cls = 0.0405 | lr = 0.000466
epoch 022 | step 0700 | total = 5.8386 | box = 0.8415 | obj = 1.5895 | cls = 0.0416 | lr = 0.000466
epoch 022 | step 0720 | total = 4.8421 | box = 0.6420 | obj = 1.5868 | cls = 0.0452 | lr = 0.000466
epoch 022 | step 0740 | total = 4.6177 | box = 0.5943 | obj = 1.5955 | cls = 0.0506 | lr = 0.000466
epoch 022 | step 0760 | total = 4.2103 | box = 0.5329 | obj = 1.5013 | cls = 0.0446 | lr = 0.000466
epoch 022 | step 0780 | total = 4.3212 | box = 0.5598 | obj = 1.4871 | cls = 0.0349 | lr = 0.000466
epoch 022 | step 0800 | total = 4.1840 | box = 0.5262 | obj = 1.5078 | cls = 0.0453 | lr = 0.000466
epoch 022 | step 0820 | total = 4.4420 | box = 0.5997 | obj = 1.4012 | cls = 0.0422 | lr = 0.000466
epoch 022 | step 0840 | total = 5.1471 | box = 0.7139 | obj = 1.5446 | cls = 0.0329 | lr = 0.000466
epoch 022 | step 0860 | total = 4.4164 | box = 0.5816 | obj = 1.4730 | cls = 0.0353 | lr = 0.000466
epoch 022 | step 0880 | total = 4.4059 | box = 0.5695 | obj = 1.5218 | cls = 0.0367 | lr = 0.000466
epoch 022 | step 0900 | total = 4.0994 | box = 0.5334 | obj = 1.3937 | cls = 0.0385 | lr = 0.000466
epoch 022 | step 0920 | total = 5.0910 | box = 0.6905 | obj = 1.6012 | cls = 0.0374 | lr = 0.000466
[epoch 022 train] total = 4.6231 | box = 0.6143 | obj = 1.5104 | cls = 0.0414 | steps = 925 | global_batches = 7400 | samples = 118288 | time = 802.9s
[epoch 022 val] total = 4.7121 | box = 0.6283 | obj = 1.5291 | cls = 0.0414 | steps = 40 | global_batches = 320 | samples = 5000 | time = 23.1s
epoch 023 | step 0001 | total = 5.0157 | box = 0.7044 | obj = 1.4549 | cls = 0.0388 | lr = 0.000428
epoch 023 | step 0020 | total = 4.5717 | box = 0.6194 | obj = 1.4387 | cls = 0.0361 | lr = 0.000428
epoch 023 | step 0040 | total = 4.5796 | box = 0.5828 | obj = 1.6185 | cls = 0.0471 | lr = 0.000428
epoch 023 | step 0060 | total = 4.3972 | box = 0.5719 | obj = 1.4999 | cls = 0.0381 | lr = 0.000428
epoch 023 | step 0080 | total = 3.9003 | box = 0.4548 | obj = 1.5790 | cls = 0.0472 | lr = 0.000428
epoch 023 | step 0100 | total = 4.7936 | box = 0.6418 | obj = 1.5476 | cls = 0.0370 | lr = 0.000428
epoch 023 | step 0120 | total = 4.4114 | box = 0.5640 | obj = 1.5577 | cls = 0.0339 | lr = 0.000428
epoch 023 | step 0140 | total = 5.2018 | box = 0.7320 | obj = 1.5039 | cls = 0.0378 | lr = 0.000428
epoch 023 | step 0160 | total = 3.8203 | box = 0.4604 | obj = 1.4656 | cls = 0.0528 | lr = 0.000428
epoch 023 | step 0180 | total = 3.7663 | box = 0.4520 | obj = 1.4649 | cls = 0.0415 | lr = 0.000428
epoch 023 | step 0200 | total = 4.5529 | box = 0.6070 | obj = 1.4819 | cls = 0.0361 | lr = 0.000428
epoch 023 | step 0220 | total = 4.2593 | box = 0.5804 | obj = 1.3208 | cls = 0.0365 | lr = 0.000428
epoch 023 | step 0240 | total = 4.5033 | box = 0.5899 | obj = 1.5098 | cls = 0.0439 | lr = 0.000428
epoch 023 | step 0260 | total = 4.5414 | box = 0.6211 | obj = 1.4041 | cls = 0.0317 | lr = 0.000428
epoch 023 | step 0280 | total = 4.3414 | box = 0.5633 | obj = 1.4840 | cls = 0.0407 | lr = 0.000428
epoch 023 | step 0300 | total = 4.4412 | box = 0.5860 | obj = 1.4721 | cls = 0.0389 | lr = 0.000428
epoch 023 | step 0320 | total = 3.7573 | box = 0.4452 | obj = 1.4798 | cls = 0.0518 | lr = 0.000428
epoch 023 | step 0340 | total = 4.7028 | box = 0.6288 | obj = 1.5136 | cls = 0.0454 | lr = 0.000428
epoch 023 | step 0360 | total = 4.2464 | box = 0.5477 | obj = 1.4732 | cls = 0.0347 | lr = 0.000428
epoch 023 | step 0380 | total = 4.2693 | box = 0.5463 | obj = 1.5015 | cls = 0.0361 | lr = 0.000428
epoch 023 | step 0400 | total = 3.8508 | box = 0.4595 | obj = 1.5117 | cls = 0.0417 | lr = 0.000428
epoch 023 | step 0420 | total = 4.4076 | box = 0.5793 | obj = 1.4730 | cls = 0.0380 | lr = 0.000428
epoch 023 | step 0440 | total = 4.9254 | box = 0.6776 | obj = 1.5088 | cls = 0.0286 | lr = 0.000428
epoch 023 | step 0460 | total = 4.7302 | box = 0.6301 | obj = 1.5427 | cls = 0.0369 | lr = 0.000428
epoch 023 | step 0480 | total = 5.0660 | box = 0.6742 | obj = 1.6460 | cls = 0.0488 | lr = 0.000428
epoch 023 | step 0500 | total = 4.7354 | box = 0.6198 | obj = 1.6061 | cls = 0.0305 | lr = 0.000428
epoch 023 | step 0520 | total = 4.5415 | box = 0.6076 | obj = 1.4643 | cls = 0.0390 | lr = 0.000428
epoch 023 | step 0540 | total = 3.8895 | box = 0.5085 | obj = 1.2985 | cls = 0.0484 | lr = 0.000428
epoch 023 | step 0560 | total = 4.5894 | box = 0.5880 | obj = 1.6065 | cls = 0.0427 | lr = 0.000428
epoch 023 | step 0580 | total = 3.6873 | box = 0.4243 | obj = 1.5204 | cls = 0.0455 | lr = 0.000428
epoch 023 | step 0600 | total = 5.0189 | box = 0.6920 | obj = 1.5274 | cls = 0.0317 | lr = 0.000428
epoch 023 | step 0620 | total = 5.0266 | box = 0.6862 | obj = 1.5492 | cls = 0.0462 | lr = 0.000428
epoch 023 | step 0640 | total = 4.6787 | box = 0.6215 | obj = 1.5277 | cls = 0.0433 | lr = 0.000428
epoch 023 | step 0660 | total = 5.2905 | box = 0.7565 | obj = 1.4743 | cls = 0.0337 | lr = 0.000428
epoch 023 | step 0680 | total = 4.6692 | box = 0.6290 | obj = 1.4856 | cls = 0.0384 | lr = 0.000428
epoch 023 | step 0700 | total = 4.2459 | box = 0.5552 | obj = 1.4315 | cls = 0.0383 | lr = 0.000428
epoch 023 | step 0720 | total = 4.9230 | box = 0.6501 | obj = 1.6272 | cls = 0.0455 | lr = 0.000428
epoch 023 | step 0740 | total = 4.0880 | box = 0.5313 | obj = 1.3896 | cls = 0.0421 | lr = 0.000428
epoch 023 | step 0760 | total = 4.4082 | box = 0.6107 | obj = 1.3133 | cls = 0.0413 | lr = 0.000428
epoch 023 | step 0780 | total = 3.9330 | box = 0.4946 | obj = 1.4219 | cls = 0.0379 | lr = 0.000428
epoch 023 | step 0800 | total = 4.6399 | box = 0.6197 | obj = 1.4896 | cls = 0.0517 | lr = 0.000428
epoch 023 | step 0820 | total = 4.9129 | box = 0.6802 | obj = 1.4689 | cls = 0.0427 | lr = 0.000428
epoch 023 | step 0840 | total = 4.8488 | box = 0.6554 | obj = 1.5325 | cls = 0.0393 | lr = 0.000428
epoch 023 | step 0860 | total = 4.5284 | box = 0.5872 | obj = 1.5506 | cls = 0.0420 | lr = 0.000428
epoch 023 | step 0880 | total = 5.2492 | box = 0.7541 | obj = 1.4396 | cls = 0.0390 | lr = 0.000428
epoch 023 | step 0900 | total = 5.0823 | box = 0.6992 | obj = 1.5480 | cls = 0.0385 | lr = 0.000428
epoch 023 | step 0920 | total = 4.5371 | box = 0.6105 | obj = 1.4485 | cls = 0.0361 | lr = 0.000428
[epoch 023 train] total = 4.5884 | box = 0.6092 | obj = 1.5012 | cls = 0.0411 | steps = 925 | global_batches = 7400 | samples = 118288 | time = 804.5s
[epoch 023 val] total = 4.6926 | box = 0.6252 | obj = 1.5256 | cls = 0.0412 | steps = 40 | global_batches = 320 | samples = 5000 | time = 23.0s
epoch 024 | step 0001 | total = 4.5509 | box = 0.6154 | obj = 1.4238 | cls = 0.0502 | lr = 0.000389
epoch 024 | step 0020 | total = 4.0517 | box = 0.5033 | obj = 1.4920 | cls = 0.0429 | lr = 0.000389
epoch 024 | step 0040 | total = 4.1068 | box = 0.4874 | obj = 1.6185 | cls = 0.0513 | lr = 0.000389
epoch 024 | step 0060 | total = 4.5196 | box = 0.5671 | obj = 1.6401 | cls = 0.0437 | lr = 0.000389
epoch 024 | step 0080 | total = 4.4893 | box = 0.5747 | obj = 1.5832 | cls = 0.0324 | lr = 0.000389
epoch 024 | step 0100 | total = 4.9791 | box = 0.6655 | obj = 1.6083 | cls = 0.0432 | lr = 0.000389
epoch 024 | step 0120 | total = 4.6803 | box = 0.6017 | obj = 1.6153 | cls = 0.0566 | lr = 0.000389
epoch 024 | step 0140 | total = 4.7271 | box = 0.6410 | obj = 1.4924 | cls = 0.0299 | lr = 0.000389
epoch 024 | step 0160 | total = 4.9276 | box = 0.6452 | obj = 1.6589 | cls = 0.0429 | lr = 0.000389
epoch 024 | step 0180 | total = 4.2406 | box = 0.5339 | obj = 1.5137 | cls = 0.0572 | lr = 0.000389
epoch 024 | step 0200 | total = 4.3980 | box = 0.5774 | obj = 1.4721 | cls = 0.0389 | lr = 0.000389
epoch 024 | step 0220 | total = 5.3954 | box = 0.7740 | obj = 1.4903 | cls = 0.0350 | lr = 0.000389
epoch 024 | step 0240 | total = 4.4819 | box = 0.5990 | obj = 1.4493 | cls = 0.0378 | lr = 0.000389
epoch 024 | step 0260 | total = 5.2460 | box = 0.7223 | obj = 1.5987 | cls = 0.0357 | lr = 0.000389
epoch 024 | step 0280 | total = 4.5343 | box = 0.6153 | obj = 1.4240 | cls = 0.0338 | lr = 0.000389
epoch 024 | step 0300 | total = 4.3200 | box = 0.5635 | obj = 1.4540 | cls = 0.0485 | lr = 0.000389
epoch 024 | step 0320 | total = 4.8008 | box = 0.6468 | obj = 1.5273 | cls = 0.0395 | lr = 0.000389
epoch 024 | step 0340 | total = 5.2348 | box = 0.7171 | obj = 1.6127 | cls = 0.0369 | lr = 0.000389
epoch 024 | step 0360 | total = 4.6672 | box = 0.6248 | obj = 1.5071 | cls = 0.0363 | lr = 0.000389
epoch 024 | step 0380 | total = 5.2373 | box = 0.7565 | obj = 1.4190 | cls = 0.0360 | lr = 0.000389
epoch 024 | step 0400 | total = 5.3672 | box = 0.7523 | obj = 1.5721 | cls = 0.0338 | lr = 0.000389
epoch 024 | step 0420 | total = 4.5930 | box = 0.6388 | obj = 1.3610 | cls = 0.0378 | lr = 0.000389
epoch 024 | step 0440 | total = 3.7431 | box = 0.4546 | obj = 1.4341 | cls = 0.0363 | lr = 0.000389
epoch 024 | step 0460 | total = 5.1793 | box = 0.7265 | obj = 1.5013 | cls = 0.0454 | lr = 0.000389
epoch 024 | step 0480 | total = 4.6992 | box = 0.6231 | obj = 1.5433 | cls = 0.0404 | lr = 0.000389
epoch 024 | step 0500 | total = 5.2000 | box = 0.7104 | obj = 1.6091 | cls = 0.0390 | lr = 0.000389
epoch 024 | step 0520 | total = 4.5452 | box = 0.5868 | obj = 1.5681 | cls = 0.0431 | lr = 0.000389
epoch 024 | step 0540 | total = 4.8240 | box = 0.6278 | obj = 1.6451 | cls = 0.0399 | lr = 0.000389
epoch 024 | step 0560 | total = 4.2502 | box = 0.5675 | obj = 1.3773 | cls = 0.0354 | lr = 0.000389
epoch 024 | step 0580 | total = 4.4796 | box = 0.5839 | obj = 1.5174 | cls = 0.0425 | lr = 0.000389
epoch 024 | step 0600 | total = 4.3277 | box = 0.5667 | obj = 1.4505 | cls = 0.0436 | lr = 0.000389
epoch 024 | step 0620 | total = 3.8622 | box = 0.5021 | obj = 1.3007 | cls = 0.0507 | lr = 0.000389
epoch 024 | step 0640 | total = 4.5100 | box = 0.5862 | obj = 1.5330 | cls = 0.0458 | lr = 0.000389
epoch 024 | step 0660 | total = 4.6555 | box = 0.6328 | obj = 1.4572 | cls = 0.0345 | lr = 0.000389
epoch 024 | step 0680 | total = 3.8154 | box = 0.4904 | obj = 1.3245 | cls = 0.0390 | lr = 0.000389
epoch 024 | step 0700 | total = 4.8046 | box = 0.6485 | obj = 1.5212 | cls = 0.0410 | lr = 0.000389
epoch 024 | step 0720 | total = 5.4956 | box = 0.7924 | obj = 1.4940 | cls = 0.0395 | lr = 0.000389
epoch 024 | step 0740 | total = 4.9341 | box = 0.6755 | obj = 1.5212 | cls = 0.0352 | lr = 0.000389
epoch 024 | step 0760 | total = 4.8193 | box = 0.6351 | obj = 1.5965 | cls = 0.0474 | lr = 0.000389
epoch 024 | step 0780 | total = 5.0089 | box = 0.7219 | obj = 1.3695 | cls = 0.0301 | lr = 0.000389
epoch 024 | step 0800 | total = 5.0238 | box = 0.6976 | obj = 1.4951 | cls = 0.0406 | lr = 0.000389
epoch 024 | step 0820 | total = 4.7498 | box = 0.6304 | obj = 1.5579 | cls = 0.0399 | lr = 0.000389
epoch 024 | step 0840 | total = 4.5133 | box = 0.6026 | obj = 1.4594 | cls = 0.0407 | lr = 0.000389
epoch 024 | step 0860 | total = 4.5231 | box = 0.6150 | obj = 1.4084 | cls = 0.0397 | lr = 0.000389
epoch 024 | step 0880 | total = 4.4828 | box = 0.5812 | obj = 1.5320 | cls = 0.0449 | lr = 0.000389
epoch 024 | step 0900 | total = 5.3228 | box = 0.7544 | obj = 1.5112 | cls = 0.0395 | lr = 0.000389
epoch 024 | step 0920 | total = 4.4836 | box = 0.5874 | obj = 1.5060 | cls = 0.0405 | lr = 0.000389
[epoch 024 train] total = 4.5555 | box = 0.6044 | obj = 1.4929 | cls = 0.0408 | steps = 925 | global_batches = 7400 | samples = 118288 | time = 801.9s
[epoch 024 val] total = 4.7334 | box = 0.6287 | obj = 1.5475 | cls = 0.0426 | steps = 40 | global_batches = 320 | samples = 5000 | time = 23.1s
epoch 025 | step 0001 | total = 5.4818 | box = 0.8295 | obj = 1.3071 | cls = 0.0271 | lr = 0.000352
epoch 025 | step 0020 | total = 4.8765 | box = 0.6552 | obj = 1.5591 | cls = 0.0414 | lr = 0.000352
epoch 025 | step 0040 | total = 4.6119 | box = 0.6150 | obj = 1.4918 | cls = 0.0451 | lr = 0.000352
epoch 025 | step 0060 | total = 4.2429 | box = 0.5318 | obj = 1.5418 | cls = 0.0421 | lr = 0.000352
epoch 025 | step 0080 | total = 4.7948 | box = 0.6339 | obj = 1.5774 | cls = 0.0478 | lr = 0.000352
epoch 025 | step 0100 | total = 3.9991 | box = 0.5202 | obj = 1.3507 | cls = 0.0477 | lr = 0.000352
epoch 025 | step 0120 | total = 5.2285 | box = 0.7302 | obj = 1.5367 | cls = 0.0410 | lr = 0.000352
epoch 025 | step 0140 | total = 4.2603 | box = 0.5396 | obj = 1.5170 | cls = 0.0452 | lr = 0.000352
epoch 025 | step 0160 | total = 4.0072 | box = 0.4711 | obj = 1.6008 | cls = 0.0507 | lr = 0.000352
epoch 025 | step 0180 | total = 4.9425 | box = 0.6910 | obj = 1.4533 | cls = 0.0344 | lr = 0.000352
epoch 025 | step 0200 | total = 5.1899 | box = 0.7225 | obj = 1.5376 | cls = 0.0397 | lr = 0.000352
epoch 025 | step 0220 | total = 4.5407 | box = 0.5958 | obj = 1.5227 | cls = 0.0389 | lr = 0.000352
epoch 025 | step 0240 | total = 4.4657 | box = 0.5797 | obj = 1.5257 | cls = 0.0413 | lr = 0.000352
epoch 025 | step 0260 | total = 5.0468 | box = 0.6911 | obj = 1.5561 | cls = 0.0350 | lr = 0.000352
epoch 025 | step 0280 | total = 4.4302 | box = 0.5694 | obj = 1.5411 | cls = 0.0421 | lr = 0.000352
epoch 025 | step 0300 | total = 4.5122 | box = 0.6063 | obj = 1.4419 | cls = 0.0390 | lr = 0.000352
epoch 025 | step 0320 | total = 4.8708 | box = 0.6901 | obj = 1.3908 | cls = 0.0294 | lr = 0.000352
epoch 025 | step 0340 | total = 5.1761 | box = 0.7166 | obj = 1.5576 | cls = 0.0353 | lr = 0.000352
epoch 025 | step 0360 | total = 4.3910 | box = 0.5855 | obj = 1.4246 | cls = 0.0391 | lr = 0.000352
epoch 025 | step 0380 | total = 3.9522 | box = 0.4718 | obj = 1.5469 | cls = 0.0461 | lr = 0.000352
epoch 025 | step 0400 | total = 5.1699 | box = 0.6905 | obj = 1.6740 | cls = 0.0432 | lr = 0.000352
epoch 025 | step 0420 | total = 5.4179 | box = 0.7424 | obj = 1.6643 | cls = 0.0414 | lr = 0.000352
epoch 025 | step 0440 | total = 4.6911 | box = 0.6224 | obj = 1.5315 | cls = 0.0474 | lr = 0.000352
epoch 025 | step 0460 | total = 4.2141 | box = 0.5587 | obj = 1.3815 | cls = 0.0389 | lr = 0.000352
epoch 025 | step 0480 | total = 4.6442 | box = 0.6429 | obj = 1.3886 | cls = 0.0410 | lr = 0.000352
epoch 025 | step 0500 | total = 4.6413 | box = 0.6133 | obj = 1.5352 | cls = 0.0396 | lr = 0.000352
epoch 025 | step 0520 | total = 4.9902 | box = 0.6580 | obj = 1.6562 | cls = 0.0442 | lr = 0.000352
epoch 025 | step 0540 | total = 4.8380 | box = 0.6471 | obj = 1.5479 | cls = 0.0548 | lr = 0.000352
epoch 025 | step 0560 | total = 5.2791 | box = 0.7424 | obj = 1.5242 | cls = 0.0427 | lr = 0.000352
epoch 025 | step 0580 | total = 4.4205 | box = 0.6141 | obj = 1.3160 | cls = 0.0339 | lr = 0.000352
epoch 025 | step 0600 | total = 5.0192 | box = 0.6981 | obj = 1.4882 | cls = 0.0406 | lr = 0.000352
epoch 025 | step 0620 | total = 4.4919 | box = 0.6039 | obj = 1.4340 | cls = 0.0385 | lr = 0.000352
epoch 025 | step 0640 | total = 4.0163 | box = 0.4729 | obj = 1.6031 | cls = 0.0485 | lr = 0.000352
epoch 025 | step 0660 | total = 4.9468 | box = 0.7021 | obj = 1.4023 | cls = 0.0341 | lr = 0.000352
epoch 025 | step 0680 | total = 4.3266 | box = 0.5778 | obj = 1.3937 | cls = 0.0437 | lr = 0.000352
epoch 025 | step 0700 | total = 4.5410 | box = 0.6061 | obj = 1.4707 | cls = 0.0399 | lr = 0.000352
epoch 025 | step 0720 | total = 4.4371 | box = 0.5709 | obj = 1.5358 | cls = 0.0468 | lr = 0.000352
epoch 025 | step 0740 | total = 5.0037 | box = 0.6592 | obj = 1.6563 | cls = 0.0513 | lr = 0.000352
epoch 025 | step 0760 | total = 4.5564 | box = 0.6115 | obj = 1.4637 | cls = 0.0350 | lr = 0.000352
epoch 025 | step 0780 | total = 3.9337 | box = 0.4708 | obj = 1.5288 | cls = 0.0511 | lr = 0.000352
epoch 025 | step 0800 | total = 3.6145 | box = 0.4272 | obj = 1.4251 | cls = 0.0534 | lr = 0.000352
epoch 025 | step 0820 | total = 4.4571 | box = 0.5955 | obj = 1.4404 | cls = 0.0389 | lr = 0.000352
epoch 025 | step 0840 | total = 4.0993 | box = 0.5224 | obj = 1.4402 | cls = 0.0473 | lr = 0.000352
epoch 025 | step 0860 | total = 4.0634 | box = 0.4964 | obj = 1.5321 | cls = 0.0494 | lr = 0.000352
epoch 025 | step 0880 | total = 4.7388 | box = 0.6654 | obj = 1.3749 | cls = 0.0369 | lr = 0.000352
epoch 025 | step 0900 | total = 4.5711 | box = 0.6038 | obj = 1.5093 | cls = 0.0427 | lr = 0.000352
epoch 025 | step 0920 | total = 4.2416 | box = 0.5572 | obj = 1.4233 | cls = 0.0322 | lr = 0.000352
[epoch 025 train] total = 4.5437 | box = 0.6021 | obj = 1.4924 | cls = 0.0407 | steps = 925 | global_batches = 7400 | samples = 118288 | time = 802.8s
[epoch 025 val] total = 4.6314 | box = 0.6153 | obj = 1.5143 | cls = 0.0407 | steps = 40 | global_batches = 320 | samples = 5000 | time = 23.5s
epoch 026 | step 0001 | total = 3.6418 | box = 0.4181 | obj = 1.4960 | cls = 0.0554 | lr = 0.000316
epoch 026 | step 0020 | total = 3.8314 | box = 0.4659 | obj = 1.4598 | cls = 0.0421 | lr = 0.000316
epoch 026 | step 0040 | total = 4.3686 | box = 0.5445 | obj = 1.6089 | cls = 0.0372 | lr = 0.000316
epoch 026 | step 0060 | total = 4.3312 | box = 0.5587 | obj = 1.4951 | cls = 0.0426 | lr = 0.000316
epoch 026 | step 0080 | total = 3.6236 | box = 0.4326 | obj = 1.4086 | cls = 0.0520 | lr = 0.000316
epoch 026 | step 0100 | total = 4.2967 | box = 0.5491 | obj = 1.5088 | cls = 0.0426 | lr = 0.000316
epoch 026 | step 0120 | total = 5.4064 | box = 0.7567 | obj = 1.5818 | cls = 0.0413 | lr = 0.000316
epoch 026 | step 0140 | total = 4.5293 | box = 0.5895 | obj = 1.5426 | cls = 0.0390 | lr = 0.000316
epoch 026 | step 0160 | total = 3.7486 | box = 0.4551 | obj = 1.4275 | cls = 0.0458 | lr = 0.000316
epoch 026 | step 0180 | total = 3.6846 | box = 0.4358 | obj = 1.4619 | cls = 0.0440 | lr = 0.000316
epoch 026 | step 0200 | total = 5.1219 | box = 0.7041 | obj = 1.5653 | cls = 0.0360 | lr = 0.000316
epoch 026 | step 0220 | total = 4.3166 | box = 0.5538 | obj = 1.5133 | cls = 0.0341 | lr = 0.000316
epoch 026 | step 0240 | total = 3.9225 | box = 0.5067 | obj = 1.3520 | cls = 0.0368 | lr = 0.000316
epoch 026 | step 0260 | total = 4.1196 | box = 0.5693 | obj = 1.2423 | cls = 0.0310 | lr = 0.000316
epoch 026 | step 0280 | total = 4.4396 | box = 0.5864 | obj = 1.4723 | cls = 0.0352 | lr = 0.000316
epoch 026 | step 0300 | total = 3.9395 | box = 0.4984 | obj = 1.4106 | cls = 0.0371 | lr = 0.000316
epoch 026 | step 0320 | total = 4.8497 | box = 0.6628 | obj = 1.5039 | cls = 0.0316 | lr = 0.000316
epoch 026 | step 0340 | total = 4.5649 | box = 0.5994 | obj = 1.5238 | cls = 0.0441 | lr = 0.000316
epoch 026 | step 0360 | total = 4.0453 | box = 0.5096 | obj = 1.4556 | cls = 0.0420 | lr = 0.000316
epoch 026 | step 0380 | total = 4.7850 | box = 0.6151 | obj = 1.6665 | cls = 0.0431 | lr = 0.000316
epoch 026 | step 0400 | total = 4.0260 | box = 0.5064 | obj = 1.4567 | cls = 0.0373 | lr = 0.000316
epoch 026 | step 0420 | total = 4.7861 | box = 0.6442 | obj = 1.5287 | cls = 0.0363 | lr = 0.000316
epoch 026 | step 0440 | total = 4.2352 | box = 0.5488 | obj = 1.4500 | cls = 0.0410 | lr = 0.000316
epoch 026 | step 0460 | total = 4.7511 | box = 0.6275 | obj = 1.5773 | cls = 0.0366 | lr = 0.000316
epoch 026 | step 0480 | total = 5.0964 | box = 0.7055 | obj = 1.5342 | cls = 0.0349 | lr = 0.000316
epoch 026 | step 0500 | total = 5.2288 | box = 0.7477 | obj = 1.4562 | cls = 0.0341 | lr = 0.000316
epoch 026 | step 0520 | total = 4.5396 | box = 0.6189 | obj = 1.4023 | cls = 0.0429 | lr = 0.000316
epoch 026 | step 0540 | total = 4.3004 | box = 0.5428 | obj = 1.5456 | cls = 0.0406 | lr = 0.000316
epoch 026 | step 0560 | total = 4.7570 | box = 0.6566 | obj = 1.4379 | cls = 0.0362 | lr = 0.000316
epoch 026 | step 0580 | total = 4.9194 | box = 0.6714 | obj = 1.5266 | cls = 0.0357 | lr = 0.000316
epoch 026 | step 0600 | total = 4.6599 | box = 0.6295 | obj = 1.4721 | cls = 0.0402 | lr = 0.000316
epoch 026 | step 0620 | total = 4.3143 | box = 0.5620 | obj = 1.4675 | cls = 0.0366 | lr = 0.000316
epoch 026 | step 0640 | total = 4.0111 | box = 0.5058 | obj = 1.4448 | cls = 0.0372 | lr = 0.000316
epoch 026 | step 0660 | total = 5.0250 | box = 0.6947 | obj = 1.5156 | cls = 0.0361 | lr = 0.000316
epoch 026 | step 0680 | total = 4.2994 | box = 0.5781 | obj = 1.3683 | cls = 0.0407 | lr = 0.000316
epoch 026 | step 0700 | total = 4.7972 | box = 0.6030 | obj = 1.7405 | cls = 0.0415 | lr = 0.000316
epoch 026 | step 0720 | total = 4.0253 | box = 0.5134 | obj = 1.4259 | cls = 0.0323 | lr = 0.000316
epoch 026 | step 0740 | total = 3.3392 | box = 0.3837 | obj = 1.3664 | cls = 0.0542 | lr = 0.000316
epoch 026 | step 0760 | total = 4.5520 | box = 0.5789 | obj = 1.6207 | cls = 0.0369 | lr = 0.000316
epoch 026 | step 0780 | total = 4.9264 | box = 0.6666 | obj = 1.5549 | cls = 0.0385 | lr = 0.000316
epoch 026 | step 0800 | total = 5.2074 | box = 0.7323 | obj = 1.5066 | cls = 0.0393 | lr = 0.000316
epoch 026 | step 0820 | total = 5.2629 | box = 0.7369 | obj = 1.5375 | cls = 0.0408 | lr = 0.000316
epoch 026 | step 0840 | total = 4.7198 | box = 0.6079 | obj = 1.6364 | cls = 0.0438 | lr = 0.000316
epoch 026 | step 0860 | total = 4.6095 | box = 0.6104 | obj = 1.5116 | cls = 0.0457 | lr = 0.000316
epoch 026 | step 0880 | total = 3.9167 | box = 0.4927 | obj = 1.4081 | cls = 0.0450 | lr = 0.000316
epoch 026 | step 0900 | total = 5.3916 | box = 0.7544 | obj = 1.5869 | cls = 0.0325 | lr = 0.000316
epoch 026 | step 0920 | total = 3.6030 | box = 0.4563 | obj = 1.2810 | cls = 0.0403 | lr = 0.000316
[epoch 026 train] total = 4.4929 | box = 0.5951 | obj = 1.4771 | cls = 0.0403 | steps = 925 | global_batches = 7400 | samples = 118288 | time = 802.8s
[epoch 026 val] total = 4.6048 | box = 0.6115 | obj = 1.5065 | cls = 0.0407 | steps = 40 | global_batches = 320 | samples = 5000 | time = 23.5s
epoch 027 | step 0001 | total = 4.3497 | box = 0.5759 | obj = 1.4233 | cls = 0.0470 | lr = 0.000280
epoch 027 | step 0020 | total = 4.1982 | box = 0.5365 | obj = 1.4704 | cls = 0.0451 | lr = 0.000280
epoch 027 | step 0040 | total = 3.1432 | box = 0.3895 | obj = 1.1527 | cls = 0.0430 | lr = 0.000280
epoch 027 | step 0060 | total = 4.6787 | box = 0.6260 | obj = 1.5122 | cls = 0.0367 | lr = 0.000280
epoch 027 | step 0080 | total = 4.4116 | box = 0.5802 | obj = 1.4671 | cls = 0.0434 | lr = 0.000280
epoch 027 | step 0100 | total = 5.1294 | box = 0.6826 | obj = 1.6761 | cls = 0.0405 | lr = 0.000280
epoch 027 | step 0120 | total = 4.6393 | box = 0.6336 | obj = 1.4328 | cls = 0.0385 | lr = 0.000280
epoch 027 | step 0140 | total = 4.0700 | box = 0.5295 | obj = 1.3761 | cls = 0.0463 | lr = 0.000280
epoch 027 | step 0160 | total = 4.4276 | box = 0.5880 | obj = 1.4468 | cls = 0.0408 | lr = 0.000280
epoch 027 | step 0180 | total = 5.0381 | box = 0.7007 | obj = 1.5002 | cls = 0.0344 | lr = 0.000280
epoch 027 | step 0200 | total = 4.3034 | box = 0.5502 | obj = 1.5088 | cls = 0.0437 | lr = 0.000280
epoch 027 | step 0220 | total = 4.2050 | box = 0.5348 | obj = 1.4906 | cls = 0.0402 | lr = 0.000280
epoch 027 | step 0240 | total = 4.8733 | box = 0.6805 | obj = 1.4289 | cls = 0.0420 | lr = 0.000280
epoch 027 | step 0260 | total = 4.7341 | box = 0.6456 | obj = 1.4694 | cls = 0.0368 | lr = 0.000280
epoch 027 | step 0280 | total = 5.6850 | box = 0.8173 | obj = 1.5548 | cls = 0.0436 | lr = 0.000280
epoch 027 | step 0300 | total = 4.1974 | box = 0.5398 | obj = 1.4566 | cls = 0.0419 | lr = 0.000280
epoch 027 | step 0320 | total = 4.6687 | box = 0.6170 | obj = 1.5419 | cls = 0.0416 | lr = 0.000280
epoch 027 | step 0340 | total = 4.1404 | box = 0.5315 | obj = 1.4480 | cls = 0.0348 | lr = 0.000280
epoch 027 | step 0360 | total = 4.6261 | box = 0.6333 | obj = 1.4199 | cls = 0.0396 | lr = 0.000280
epoch 027 | step 0380 | total = 5.1791 | box = 0.7024 | obj = 1.6324 | cls = 0.0348 | lr = 0.000280
epoch 027 | step 0400 | total = 4.5315 | box = 0.5889 | obj = 1.5453 | cls = 0.0417 | lr = 0.000280
epoch 027 | step 0420 | total = 3.1892 | box = 0.3787 | obj = 1.2595 | cls = 0.0361 | lr = 0.000280
epoch 027 | step 0440 | total = 4.1783 | box = 0.5076 | obj = 1.5966 | cls = 0.0435 | lr = 0.000280
epoch 027 | step 0460 | total = 4.7656 | box = 0.6652 | obj = 1.3995 | cls = 0.0402 | lr = 0.000280
epoch 027 | step 0480 | total = 5.0769 | box = 0.7212 | obj = 1.4391 | cls = 0.0317 | lr = 0.000280
epoch 027 | step 0500 | total = 4.8499 | box = 0.6390 | obj = 1.6014 | cls = 0.0535 | lr = 0.000280
epoch 027 | step 0520 | total = 4.2550 | box = 0.5523 | obj = 1.4568 | cls = 0.0369 | lr = 0.000280
epoch 027 | step 0540 | total = 5.3491 | box = 0.7610 | obj = 1.5087 | cls = 0.0353 | lr = 0.000280
epoch 027 | step 0560 | total = 4.0745 | box = 0.5170 | obj = 1.4490 | cls = 0.0405 | lr = 0.000280
epoch 027 | step 0580 | total = 4.8610 | box = 0.6426 | obj = 1.6091 | cls = 0.0387 | lr = 0.000280
epoch 027 | step 0600 | total = 4.4282 | box = 0.5887 | obj = 1.4423 | cls = 0.0422 | lr = 0.000280
epoch 027 | step 0620 | total = 4.4706 | box = 0.5647 | obj = 1.6045 | cls = 0.0424 | lr = 0.000280
epoch 027 | step 0640 | total = 4.4214 | box = 0.5737 | obj = 1.5106 | cls = 0.0425 | lr = 0.000280
epoch 027 | step 0660 | total = 4.6354 | box = 0.6378 | obj = 1.4167 | cls = 0.0297 | lr = 0.000280
epoch 027 | step 0680 | total = 4.2638 | box = 0.5608 | obj = 1.4184 | cls = 0.0414 | lr = 0.000280
epoch 027 | step 0700 | total = 4.2339 | box = 0.5340 | obj = 1.5258 | cls = 0.0381 | lr = 0.000280
epoch 027 | step 0720 | total = 5.1356 | box = 0.7401 | obj = 1.4061 | cls = 0.0290 | lr = 0.000280
epoch 027 | step 0740 | total = 4.7575 | box = 0.6468 | obj = 1.4848 | cls = 0.0385 | lr = 0.000280
epoch 027 | step 0760 | total = 4.0420 | box = 0.5169 | obj = 1.4136 | cls = 0.0436 | lr = 0.000280
epoch 027 | step 0780 | total = 4.9574 | box = 0.6670 | obj = 1.5893 | cls = 0.0330 | lr = 0.000280
epoch 027 | step 0800 | total = 4.4516 | box = 0.5974 | obj = 1.4207 | cls = 0.0439 | lr = 0.000280
epoch 027 | step 0820 | total = 4.5596 | box = 0.5919 | obj = 1.5603 | cls = 0.0396 | lr = 0.000280
epoch 027 | step 0840 | total = 3.6660 | box = 0.4429 | obj = 1.4155 | cls = 0.0361 | lr = 0.000280
epoch 027 | step 0860 | total = 4.5269 | box = 0.6082 | obj = 1.4500 | cls = 0.0361 | lr = 0.000280
epoch 027 | step 0880 | total = 4.7185 | box = 0.6240 | obj = 1.5522 | cls = 0.0463 | lr = 0.000280
epoch 027 | step 0900 | total = 4.1831 | box = 0.5187 | obj = 1.5542 | cls = 0.0353 | lr = 0.000280
epoch 027 | step 0920 | total = 4.5835 | box = 0.6076 | obj = 1.5110 | cls = 0.0347 | lr = 0.000280
[epoch 027 train] total = 4.4656 | box = 0.5912 | obj = 1.4694 | cls = 0.0400 | steps = 925 | global_batches = 7400 | samples = 118288 | time = 803.3s
[epoch 027 val] total = 4.5879 | box = 0.6084 | obj = 1.5054 | cls = 0.0403 | steps = 40 | global_batches = 320 | samples = 5000 | time = 23.8s
epoch 028 | step 0001 | total = 4.8498 | box = 0.6379 | obj = 1.6097 | cls = 0.0505 | lr = 0.000246
epoch 028 | step 0020 | total = 3.6639 | box = 0.4446 | obj = 1.3995 | cls = 0.0415 | lr = 0.000246
epoch 028 | step 0040 | total = 4.9257 | box = 0.6465 | obj = 1.6500 | cls = 0.0431 | lr = 0.000246
epoch 028 | step 0060 | total = 4.2060 | box = 0.5477 | obj = 1.4331 | cls = 0.0341 | lr = 0.000246
epoch 028 | step 0080 | total = 4.2513 | box = 0.5614 | obj = 1.4105 | cls = 0.0337 | lr = 0.000246
epoch 028 | step 0100 | total = 5.1689 | box = 0.7188 | obj = 1.5388 | cls = 0.0362 | lr = 0.000246
epoch 028 | step 0120 | total = 4.6267 | box = 0.6166 | obj = 1.5026 | cls = 0.0410 | lr = 0.000246
epoch 028 | step 0140 | total = 4.4274 | box = 0.5871 | obj = 1.4544 | cls = 0.0373 | lr = 0.000246
epoch 028 | step 0160 | total = 4.3119 | box = 0.5386 | obj = 1.5756 | cls = 0.0431 | lr = 0.000246
epoch 028 | step 0180 | total = 4.3927 | box = 0.5715 | obj = 1.4934 | cls = 0.0416 | lr = 0.000246
epoch 028 | step 0200 | total = 5.0815 | box = 0.7121 | obj = 1.4870 | cls = 0.0340 | lr = 0.000246
epoch 028 | step 0220 | total = 4.1440 | box = 0.5235 | obj = 1.4907 | cls = 0.0359 | lr = 0.000246
epoch 028 | step 0240 | total = 3.8721 | box = 0.5023 | obj = 1.3245 | cls = 0.0359 | lr = 0.000246
epoch 028 | step 0260 | total = 4.0959 | box = 0.5331 | obj = 1.3989 | cls = 0.0318 | lr = 0.000246
epoch 028 | step 0280 | total = 4.3144 | box = 0.5370 | obj = 1.5777 | cls = 0.0518 | lr = 0.000246
epoch 028 | step 0300 | total = 4.1993 | box = 0.5444 | obj = 1.4374 | cls = 0.0398 | lr = 0.000246
epoch 028 | step 0320 | total = 4.8960 | box = 0.6619 | obj = 1.5492 | cls = 0.0372 | lr = 0.000246
epoch 028 | step 0340 | total = 4.0361 | box = 0.5398 | obj = 1.2994 | cls = 0.0377 | lr = 0.000246
epoch 028 | step 0360 | total = 4.5391 | box = 0.5913 | obj = 1.5432 | cls = 0.0395 | lr = 0.000246
epoch 028 | step 0380 | total = 4.5288 | box = 0.6062 | obj = 1.4555 | cls = 0.0422 | lr = 0.000246
epoch 028 | step 0400 | total = 4.6471 | box = 0.6196 | obj = 1.5172 | cls = 0.0321 | lr = 0.000246
epoch 028 | step 0420 | total = 4.6547 | box = 0.6267 | obj = 1.4885 | cls = 0.0328 | lr = 0.000246
epoch 028 | step 0440 | total = 4.6265 | box = 0.6164 | obj = 1.5077 | cls = 0.0367 | lr = 0.000246
epoch 028 | step 0460 | total = 4.6954 | box = 0.6191 | obj = 1.5571 | cls = 0.0427 | lr = 0.000246
epoch 028 | step 0480 | total = 3.9282 | box = 0.4808 | obj = 1.4797 | cls = 0.0444 | lr = 0.000246
epoch 028 | step 0500 | total = 4.7428 | box = 0.6585 | obj = 1.4107 | cls = 0.0396 | lr = 0.000246
epoch 028 | step 0520 | total = 4.2986 | box = 0.5739 | obj = 1.3964 | cls = 0.0326 | lr = 0.000246
epoch 028 | step 0540 | total = 3.5830 | box = 0.4338 | obj = 1.3722 | cls = 0.0420 | lr = 0.000246
epoch 028 | step 0560 | total = 4.9554 | box = 0.6862 | obj = 1.4802 | cls = 0.0439 | lr = 0.000246
epoch 028 | step 0580 | total = 4.7413 | box = 0.6430 | obj = 1.4922 | cls = 0.0343 | lr = 0.000246
epoch 028 | step 0600 | total = 5.2108 | box = 0.7212 | obj = 1.5691 | cls = 0.0355 | lr = 0.000246
epoch 028 | step 0620 | total = 5.2377 | box = 0.7789 | obj = 1.3097 | cls = 0.0334 | lr = 0.000246
epoch 028 | step 0640 | total = 4.9369 | box = 0.6416 | obj = 1.6846 | cls = 0.0445 | lr = 0.000246
epoch 028 | step 0660 | total = 4.4991 | box = 0.6120 | obj = 1.4021 | cls = 0.0373 | lr = 0.000246
epoch 028 | step 0680 | total = 3.9745 | box = 0.5006 | obj = 1.4351 | cls = 0.0363 | lr = 0.000246
epoch 028 | step 0700 | total = 4.8140 | box = 0.6652 | obj = 1.4529 | cls = 0.0351 | lr = 0.000246
epoch 028 | step 0720 | total = 3.8888 | box = 0.5067 | obj = 1.3213 | cls = 0.0338 | lr = 0.000246
epoch 028 | step 0740 | total = 5.2218 | box = 0.7562 | obj = 1.4125 | cls = 0.0284 | lr = 0.000246
epoch 028 | step 0760 | total = 4.4312 | box = 0.6125 | obj = 1.3345 | cls = 0.0342 | lr = 0.000246
epoch 028 | step 0780 | total = 4.8651 | box = 0.6582 | obj = 1.5350 | cls = 0.0392 | lr = 0.000246
epoch 028 | step 0800 | total = 4.2980 | box = 0.5459 | obj = 1.5296 | cls = 0.0390 | lr = 0.000246
epoch 028 | step 0820 | total = 5.0558 | box = 0.7070 | obj = 1.4931 | cls = 0.0277 | lr = 0.000246
epoch 028 | step 0840 | total = 3.9620 | box = 0.4903 | obj = 1.4675 | cls = 0.0429 | lr = 0.000246
epoch 028 | step 0860 | total = 4.6959 | box = 0.6374 | obj = 1.4722 | cls = 0.0368 | lr = 0.000246
epoch 028 | step 0880 | total = 4.0755 | box = 0.5179 | obj = 1.4464 | cls = 0.0397 | lr = 0.000246
epoch 028 | step 0900 | total = 4.9726 | box = 0.6751 | obj = 1.5599 | cls = 0.0373 | lr = 0.000246
epoch 028 | step 0920 | total = 4.3778 | box = 0.5917 | obj = 1.3805 | cls = 0.0387 | lr = 0.000246
[epoch 028 train] total = 4.4349 | box = 0.5867 | obj = 1.4615 | cls = 0.0398 | steps = 925 | global_batches = 7400 | samples = 118288 | time = 803.9s
[epoch 028 val] total = 4.5558 | box = 0.6043 | obj = 1.4943 | cls = 0.0400 | steps = 40 | global_batches = 320 | samples = 5000 | time = 23.6s
epoch 029 | step 0001 | total = 3.5320 | box = 0.4348 | obj = 1.3110 | cls = 0.0471 | lr = 0.000214
epoch 029 | step 0020 | total = 4.5424 | box = 0.5930 | obj = 1.5373 | cls = 0.0401 | lr = 0.000214
epoch 029 | step 0040 | total = 3.9154 | box = 0.4882 | obj = 1.4274 | cls = 0.0469 | lr = 0.000214
epoch 029 | step 0060 | total = 4.7035 | box = 0.6348 | obj = 1.4841 | cls = 0.0455 | lr = 0.000214
epoch 029 | step 0080 | total = 4.3079 | box = 0.5730 | obj = 1.4055 | cls = 0.0375 | lr = 0.000214
epoch 029 | step 0100 | total = 4.4429 | box = 0.5775 | obj = 1.5090 | cls = 0.0466 | lr = 0.000214
epoch 029 | step 0120 | total = 4.9421 | box = 0.6813 | obj = 1.5014 | cls = 0.0344 | lr = 0.000214
epoch 029 | step 0140 | total = 4.6901 | box = 0.6324 | obj = 1.4721 | cls = 0.0562 | lr = 0.000214
epoch 029 | step 0160 | total = 4.2943 | box = 0.5541 | obj = 1.4902 | cls = 0.0337 | lr = 0.000214
epoch 029 | step 0180 | total = 4.4171 | box = 0.5963 | obj = 1.3992 | cls = 0.0363 | lr = 0.000214
epoch 029 | step 0200 | total = 4.5032 | box = 0.6193 | obj = 1.3744 | cls = 0.0322 | lr = 0.000214
epoch 029 | step 0220 | total = 4.1495 | box = 0.5448 | obj = 1.3846 | cls = 0.0411 | lr = 0.000214
epoch 029 | step 0240 | total = 4.0212 | box = 0.5227 | obj = 1.3666 | cls = 0.0409 | lr = 0.000214
epoch 029 | step 0260 | total = 4.1890 | box = 0.5415 | obj = 1.4393 | cls = 0.0421 | lr = 0.000214
epoch 029 | step 0280 | total = 4.6171 | box = 0.6504 | obj = 1.3265 | cls = 0.0387 | lr = 0.000214
epoch 029 | step 0300 | total = 3.7210 | box = 0.4557 | obj = 1.4043 | cls = 0.0384 | lr = 0.000214
epoch 029 | step 0320 | total = 3.9224 | box = 0.5054 | obj = 1.3611 | cls = 0.0344 | lr = 0.000214
epoch 029 | step 0340 | total = 5.3633 | box = 0.7616 | obj = 1.5217 | cls = 0.0334 | lr = 0.000214
epoch 029 | step 0360 | total = 4.3879 | box = 0.5748 | obj = 1.4752 | cls = 0.0389 | lr = 0.000214
epoch 029 | step 0380 | total = 4.5230 | box = 0.6121 | obj = 1.4271 | cls = 0.0354 | lr = 0.000214
epoch 029 | step 0400 | total = 4.4533 | box = 0.5560 | obj = 1.6257 | cls = 0.0478 | lr = 0.000214
epoch 029 | step 0420 | total = 4.4949 | box = 0.6125 | obj = 1.3925 | cls = 0.0398 | lr = 0.000214
epoch 029 | step 0440 | total = 5.0488 | box = 0.6893 | obj = 1.5578 | cls = 0.0447 | lr = 0.000214
epoch 029 | step 0460 | total = 4.1791 | box = 0.5471 | obj = 1.4108 | cls = 0.0330 | lr = 0.000214
epoch 029 | step 0480 | total = 3.8853 | box = 0.4693 | obj = 1.4911 | cls = 0.0477 | lr = 0.000214
epoch 029 | step 0500 | total = 4.6228 | box = 0.6086 | obj = 1.5363 | cls = 0.0435 | lr = 0.000214
epoch 029 | step 0520 | total = 4.1076 | box = 0.5257 | obj = 1.4404 | cls = 0.0388 | lr = 0.000214
epoch 029 | step 0540 | total = 4.4764 | box = 0.5941 | obj = 1.4735 | cls = 0.0325 | lr = 0.000214
epoch 029 | step 0560 | total = 4.6477 | box = 0.6338 | obj = 1.4476 | cls = 0.0312 | lr = 0.000214
epoch 029 | step 0580 | total = 4.5036 | box = 0.6013 | obj = 1.4625 | cls = 0.0344 | lr = 0.000214
epoch 029 | step 0600 | total = 4.5895 | box = 0.6377 | obj = 1.3752 | cls = 0.0258 | lr = 0.000214
epoch 029 | step 0620 | total = 5.2541 | box = 0.7243 | obj = 1.5879 | cls = 0.0449 | lr = 0.000214
epoch 029 | step 0640 | total = 4.1988 | box = 0.5621 | obj = 1.3551 | cls = 0.0332 | lr = 0.000214
epoch 029 | step 0660 | total = 4.4252 | box = 0.5971 | obj = 1.4046 | cls = 0.0349 | lr = 0.000214
epoch 029 | step 0680 | total = 4.7038 | box = 0.6502 | obj = 1.4155 | cls = 0.0375 | lr = 0.000214
epoch 029 | step 0700 | total = 4.4678 | box = 0.5808 | obj = 1.5179 | cls = 0.0461 | lr = 0.000214
epoch 029 | step 0720 | total = 4.5052 | box = 0.5870 | obj = 1.5246 | cls = 0.0455 | lr = 0.000214
epoch 029 | step 0740 | total = 4.1128 | box = 0.5329 | obj = 1.4104 | cls = 0.0380 | lr = 0.000214
epoch 029 | step 0760 | total = 4.1803 | box = 0.5418 | obj = 1.4352 | cls = 0.0363 | lr = 0.000214
epoch 029 | step 0780 | total = 4.6400 | box = 0.6115 | obj = 1.5409 | cls = 0.0414 | lr = 0.000214
epoch 029 | step 0800 | total = 5.0790 | box = 0.6909 | obj = 1.5800 | cls = 0.0444 | lr = 0.000214
epoch 029 | step 0820 | total = 5.6112 | box = 0.8262 | obj = 1.4419 | cls = 0.0383 | lr = 0.000214
epoch 029 | step 0840 | total = 4.2111 | box = 0.5604 | obj = 1.3702 | cls = 0.0390 | lr = 0.000214
epoch 029 | step 0860 | total = 4.6982 | box = 0.6529 | obj = 1.3971 | cls = 0.0365 | lr = 0.000214
epoch 029 | step 0880 | total = 4.5989 | box = 0.5920 | obj = 1.5900 | cls = 0.0489 | lr = 0.000214
epoch 029 | step 0900 | total = 4.5785 | box = 0.6266 | obj = 1.4105 | cls = 0.0349 | lr = 0.000214
epoch 029 | step 0920 | total = 4.8830 | box = 0.6604 | obj = 1.5467 | cls = 0.0344 | lr = 0.000214
[epoch 029 train] total = 4.4125 | box = 0.5836 | obj = 1.4547 | cls = 0.0396 | steps = 925 | global_batches = 7400 | samples = 118288 | time = 801.8s
[epoch 029 val] total = 4.5446 | box = 0.6023 | obj = 1.4935 | cls = 0.0399 | steps = 40 | global_batches = 320 | samples = 5000 | time = 24.0s
epoch 030 | step 0001 | total = 4.3383 | box = 0.5539 | obj = 1.5355 | cls = 0.0336 | lr = 0.000184
epoch 030 | step 0020 | total = 4.0134 | box = 0.5175 | obj = 1.3887 | cls = 0.0373 | lr = 0.000184
epoch 030 | step 0040 | total = 4.3514 | box = 0.5721 | obj = 1.4531 | cls = 0.0378 | lr = 0.000184
epoch 030 | step 0060 | total = 4.5381 | box = 0.5952 | obj = 1.5159 | cls = 0.0462 | lr = 0.000184
epoch 030 | step 0080 | total = 4.8891 | box = 0.6816 | obj = 1.4468 | cls = 0.0340 | lr = 0.000184
epoch 030 | step 0100 | total = 4.2915 | box = 0.5594 | obj = 1.4534 | cls = 0.0409 | lr = 0.000184
epoch 030 | step 0120 | total = 3.9425 | box = 0.4920 | obj = 1.4442 | cls = 0.0385 | lr = 0.000184
epoch 030 | step 0140 | total = 5.0403 | box = 0.6911 | obj = 1.5535 | cls = 0.0315 | lr = 0.000184
epoch 030 | step 0160 | total = 4.5893 | box = 0.6175 | obj = 1.4645 | cls = 0.0372 | lr = 0.000184
epoch 030 | step 0180 | total = 3.5487 | box = 0.4388 | obj = 1.3199 | cls = 0.0350 | lr = 0.000184
epoch 030 | step 0200 | total = 4.5307 | box = 0.6107 | obj = 1.4429 | cls = 0.0342 | lr = 0.000184
epoch 030 | step 0220 | total = 3.4315 | box = 0.4162 | obj = 1.3111 | cls = 0.0396 | lr = 0.000184
epoch 030 | step 0240 | total = 3.9041 | box = 0.4924 | obj = 1.4033 | cls = 0.0387 | lr = 0.000184
epoch 030 | step 0260 | total = 4.6189 | box = 0.6323 | obj = 1.4109 | cls = 0.0463 | lr = 0.000184
epoch 030 | step 0280 | total = 4.4572 | box = 0.5988 | obj = 1.4234 | cls = 0.0397 | lr = 0.000184
epoch 030 | step 0300 | total = 4.8065 | box = 0.6356 | obj = 1.5929 | cls = 0.0357 | lr = 0.000184
epoch 030 | step 0320 | total = 5.1247 | box = 0.7213 | obj = 1.4807 | cls = 0.0376 | lr = 0.000184
epoch 030 | step 0340 | total = 4.6610 | box = 0.5994 | obj = 1.6166 | cls = 0.0472 | lr = 0.000184
epoch 030 | step 0360 | total = 4.3005 | box = 0.5573 | obj = 1.4727 | cls = 0.0411 | lr = 0.000184
epoch 030 | step 0380 | total = 4.6146 | box = 0.6184 | obj = 1.4819 | cls = 0.0405 | lr = 0.000184
epoch 030 | step 0400 | total = 4.7408 | box = 0.6558 | obj = 1.4181 | cls = 0.0438 | lr = 0.000184
epoch 030 | step 0420 | total = 4.4855 | box = 0.5802 | obj = 1.5327 | cls = 0.0520 | lr = 0.000184
epoch 030 | step 0440 | total = 4.2986 | box = 0.5477 | obj = 1.5268 | cls = 0.0334 | lr = 0.000184
epoch 030 | step 0460 | total = 4.8661 | box = 0.6591 | obj = 1.5211 | cls = 0.0495 | lr = 0.000184
epoch 030 | step 0480 | total = 4.1171 | box = 0.5302 | obj = 1.4247 | cls = 0.0417 | lr = 0.000184
epoch 030 | step 0500 | total = 4.1439 | box = 0.5165 | obj = 1.5243 | cls = 0.0370 | lr = 0.000184
epoch 030 | step 0520 | total = 4.8481 | box = 0.6733 | obj = 1.4399 | cls = 0.0416 | lr = 0.000184
epoch 030 | step 0540 | total = 4.8092 | box = 0.6369 | obj = 1.5881 | cls = 0.0364 | lr = 0.000184
epoch 030 | step 0560 | total = 4.3963 | box = 0.5696 | obj = 1.5036 | cls = 0.0450 | lr = 0.000184
epoch 030 | step 0580 | total = 4.7655 | box = 0.6780 | obj = 1.3421 | cls = 0.0336 | lr = 0.000184
epoch 030 | step 0600 | total = 3.7174 | box = 0.4583 | obj = 1.3909 | cls = 0.0350 | lr = 0.000184
epoch 030 | step 0620 | total = 5.0254 | box = 0.7114 | obj = 1.4308 | cls = 0.0375 | lr = 0.000184
epoch 030 | step 0640 | total = 4.9855 | box = 0.6852 | obj = 1.5150 | cls = 0.0444 | lr = 0.000184
epoch 030 | step 0660 | total = 4.8264 | box = 0.6589 | obj = 1.4979 | cls = 0.0339 | lr = 0.000184
epoch 030 | step 0680 | total = 4.1530 | box = 0.5300 | obj = 1.4668 | cls = 0.0365 | lr = 0.000184
epoch 030 | step 0700 | total = 4.0420 | box = 0.5210 | obj = 1.3989 | cls = 0.0383 | lr = 0.000184
epoch 030 | step 0720 | total = 4.4851 | box = 0.5689 | obj = 1.5998 | cls = 0.0409 | lr = 0.000184
epoch 030 | step 0740 | total = 4.3085 | box = 0.5774 | obj = 1.3799 | cls = 0.0414 | lr = 0.000184
epoch 030 | step 0760 | total = 4.2323 | box = 0.5484 | obj = 1.4496 | cls = 0.0407 | lr = 0.000184
epoch 030 | step 0780 | total = 4.5061 | box = 0.6143 | obj = 1.3982 | cls = 0.0366 | lr = 0.000184
epoch 030 | step 0800 | total = 3.5613 | box = 0.4191 | obj = 1.4132 | cls = 0.0524 | lr = 0.000184
epoch 030 | step 0820 | total = 4.9553 | box = 0.6930 | obj = 1.4514 | cls = 0.0388 | lr = 0.000184
epoch 030 | step 0840 | total = 4.7684 | box = 0.6554 | obj = 1.4568 | cls = 0.0348 | lr = 0.000184
epoch 030 | step 0860 | total = 4.0952 | box = 0.5254 | obj = 1.4314 | cls = 0.0367 | lr = 0.000184
epoch 030 | step 0880 | total = 4.4313 | box = 0.5742 | obj = 1.5170 | cls = 0.0432 | lr = 0.000184
epoch 030 | step 0900 | total = 4.7526 | box = 0.6568 | obj = 1.4368 | cls = 0.0320 | lr = 0.000184
epoch 030 | step 0920 | total = 4.7778 | box = 0.6505 | obj = 1.4877 | cls = 0.0377 | lr = 0.000184
[epoch 030 train] total = 4.3864 | box = 0.5797 | obj = 1.4482 | cls = 0.0394 | steps = 925 | global_batches = 7400 | samples = 118288 | time = 803.7s
[epoch 030 val] total = 4.5257 | box = 0.5995 | obj = 1.4884 | cls = 0.0398 | steps = 40 | global_batches = 320 | samples = 5000 | time = 23.8s
epoch 031 | step 0001 | total = 4.4915 | box = 0.5848 | obj = 1.5205 | cls = 0.0470 | lr = 0.000155
epoch 031 | step 0020 | total = 5.1008 | box = 0.7205 | obj = 1.4622 | cls = 0.0362 | lr = 0.000155
epoch 031 | step 0040 | total = 4.3158 | box = 0.5439 | obj = 1.5537 | cls = 0.0425 | lr = 0.000155
epoch 031 | step 0060 | total = 3.7011 | box = 0.4618 | obj = 1.3468 | cls = 0.0454 | lr = 0.000155
epoch 031 | step 0080 | total = 4.2863 | box = 0.5576 | obj = 1.4660 | cls = 0.0323 | lr = 0.000155
epoch 031 | step 0100 | total = 4.2552 | box = 0.5587 | obj = 1.4331 | cls = 0.0288 | lr = 0.000155
epoch 031 | step 0120 | total = 5.1202 | box = 0.7147 | obj = 1.5071 | cls = 0.0398 | lr = 0.000155
epoch 031 | step 0140 | total = 5.1977 | box = 0.7283 | obj = 1.5251 | cls = 0.0312 | lr = 0.000155
epoch 031 | step 0160 | total = 4.8538 | box = 0.6601 | obj = 1.5209 | cls = 0.0325 | lr = 0.000155
epoch 031 | step 0180 | total = 4.8182 | box = 0.6542 | obj = 1.5068 | cls = 0.0404 | lr = 0.000155
epoch 031 | step 0200 | total = 4.4461 | box = 0.6091 | obj = 1.3664 | cls = 0.0340 | lr = 0.000155
epoch 031 | step 0220 | total = 4.7810 | box = 0.6397 | obj = 1.5363 | cls = 0.0462 | lr = 0.000155
epoch 031 | step 0240 | total = 4.2599 | box = 0.5639 | obj = 1.4017 | cls = 0.0385 | lr = 0.000155
epoch 031 | step 0260 | total = 4.7492 | box = 0.6268 | obj = 1.5737 | cls = 0.0413 | lr = 0.000155
epoch 031 | step 0280 | total = 3.4828 | box = 0.4080 | obj = 1.4014 | cls = 0.0412 | lr = 0.000155
epoch 031 | step 0300 | total = 3.8672 | box = 0.5073 | obj = 1.2909 | cls = 0.0395 | lr = 0.000155
epoch 031 | step 0320 | total = 3.5069 | box = 0.4350 | obj = 1.3007 | cls = 0.0310 | lr = 0.000155
epoch 031 | step 0340 | total = 3.9282 | box = 0.4820 | obj = 1.4735 | cls = 0.0449 | lr = 0.000155
epoch 031 | step 0360 | total = 3.7939 | box = 0.4795 | obj = 1.3571 | cls = 0.0394 | lr = 0.000155
epoch 031 | step 0380 | total = 4.4043 | box = 0.5771 | obj = 1.4773 | cls = 0.0417 | lr = 0.000155
epoch 031 | step 0400 | total = 4.7331 | box = 0.6494 | obj = 1.4462 | cls = 0.0399 | lr = 0.000155
epoch 031 | step 0420 | total = 4.3043 | box = 0.5678 | obj = 1.4175 | cls = 0.0476 | lr = 0.000155
epoch 031 | step 0440 | total = 4.4931 | box = 0.6137 | obj = 1.3906 | cls = 0.0341 | lr = 0.000155
epoch 031 | step 0460 | total = 4.5022 | box = 0.6083 | obj = 1.4213 | cls = 0.0395 | lr = 0.000155
epoch 031 | step 0480 | total = 4.8276 | box = 0.6605 | obj = 1.4901 | cls = 0.0349 | lr = 0.000155
epoch 031 | step 0500 | total = 4.9335 | box = 0.6696 | obj = 1.5496 | cls = 0.0361 | lr = 0.000155
epoch 031 | step 0520 | total = 4.8433 | box = 0.6623 | obj = 1.4968 | cls = 0.0350 | lr = 0.000155
epoch 031 | step 0540 | total = 4.9797 | box = 0.6597 | obj = 1.6448 | cls = 0.0364 | lr = 0.000155
epoch 031 | step 0560 | total = 4.3814 | box = 0.5640 | obj = 1.5185 | cls = 0.0429 | lr = 0.000155
epoch 031 | step 0580 | total = 3.9153 | box = 0.4913 | obj = 1.4096 | cls = 0.0491 | lr = 0.000155
epoch 031 | step 0600 | total = 4.3441 | box = 0.5835 | obj = 1.3819 | cls = 0.0445 | lr = 0.000155
epoch 031 | step 0620 | total = 4.3858 | box = 0.5631 | obj = 1.5261 | cls = 0.0445 | lr = 0.000155
epoch 031 | step 0640 | total = 4.4895 | box = 0.6052 | obj = 1.4298 | cls = 0.0335 | lr = 0.000155
epoch 031 | step 0660 | total = 4.7406 | box = 0.6343 | obj = 1.5277 | cls = 0.0412 | lr = 0.000155
epoch 031 | step 0680 | total = 4.3582 | box = 0.5557 | obj = 1.5361 | cls = 0.0438 | lr = 0.000155
epoch 031 | step 0700 | total = 4.2933 | box = 0.5722 | obj = 1.3882 | cls = 0.0442 | lr = 0.000155
epoch 031 | step 0720 | total = 4.1913 | box = 0.5407 | obj = 1.4498 | cls = 0.0381 | lr = 0.000155
epoch 031 | step 0740 | total = 4.0861 | box = 0.5127 | obj = 1.4820 | cls = 0.0408 | lr = 0.000155
epoch 031 | step 0760 | total = 4.2572 | box = 0.5581 | obj = 1.4306 | cls = 0.0363 | lr = 0.000155
epoch 031 | step 0780 | total = 4.4169 | box = 0.5662 | obj = 1.5475 | cls = 0.0385 | lr = 0.000155
epoch 031 | step 0800 | total = 4.3706 | box = 0.5779 | obj = 1.4445 | cls = 0.0367 | lr = 0.000155
epoch 031 | step 0820 | total = 3.1488 | box = 0.3656 | obj = 1.2703 | cls = 0.0507 | lr = 0.000155
epoch 031 | step 0840 | total = 3.5977 | box = 0.4361 | obj = 1.3746 | cls = 0.0423 | lr = 0.000155
epoch 031 | step 0860 | total = 4.3794 | box = 0.5934 | obj = 1.3803 | cls = 0.0318 | lr = 0.000155
epoch 031 | step 0880 | total = 3.8766 | box = 0.4578 | obj = 1.5449 | cls = 0.0425 | lr = 0.000155
epoch 031 | step 0900 | total = 4.4417 | box = 0.5894 | obj = 1.4576 | cls = 0.0369 | lr = 0.000155
epoch 031 | step 0920 | total = 4.5683 | box = 0.5934 | obj = 1.5523 | cls = 0.0489 | lr = 0.000155
[epoch 031 train] total = 4.3644 | box = 0.5766 | obj = 1.4421 | cls = 0.0392 | steps = 925 | global_batches = 7400 | samples = 118288 | time = 802.3s
[epoch 031 val] total = 4.5285 | box = 0.5991 | obj = 1.4934 | cls = 0.0398 | steps = 40 | global_batches = 320 | samples = 5000 | time = 23.7s
epoch 032 | step 0001 | total = 4.4476 | box = 0.6057 | obj = 1.3818 | cls = 0.0372 | lr = 0.000129
epoch 032 | step 0020 | total = 4.2982 | box = 0.5632 | obj = 1.4459 | cls = 0.0363 | lr = 0.000129
epoch 032 | step 0040 | total = 4.3623 | box = 0.6163 | obj = 1.2489 | cls = 0.0317 | lr = 0.000129
epoch 032 | step 0060 | total = 4.9017 | box = 0.7057 | obj = 1.3448 | cls = 0.0284 | lr = 0.000129
epoch 032 | step 0080 | total = 4.6580 | box = 0.5930 | obj = 1.6516 | cls = 0.0414 | lr = 0.000129
epoch 032 | step 0100 | total = 4.4016 | box = 0.5878 | obj = 1.4215 | cls = 0.0412 | lr = 0.000129
epoch 032 | step 0120 | total = 4.0672 | box = 0.5232 | obj = 1.4117 | cls = 0.0396 | lr = 0.000129
epoch 032 | step 0140 | total = 3.9945 | box = 0.5185 | obj = 1.3642 | cls = 0.0377 | lr = 0.000129
epoch 032 | step 0160 | total = 4.2280 | box = 0.5687 | obj = 1.3478 | cls = 0.0364 | lr = 0.000129
epoch 032 | step 0180 | total = 4.2477 | box = 0.5600 | obj = 1.4103 | cls = 0.0374 | lr = 0.000129
epoch 032 | step 0200 | total = 3.7542 | box = 0.4512 | obj = 1.4502 | cls = 0.0480 | lr = 0.000129
epoch 032 | step 0220 | total = 5.3136 | box = 0.7539 | obj = 1.5056 | cls = 0.0388 | lr = 0.000129
epoch 032 | step 0240 | total = 3.7941 | box = 0.4755 | obj = 1.3814 | cls = 0.0350 | lr = 0.000129
epoch 032 | step 0260 | total = 4.5745 | box = 0.6234 | obj = 1.4193 | cls = 0.0381 | lr = 0.000129
epoch 032 | step 0280 | total = 4.5104 | box = 0.5731 | obj = 1.6102 | cls = 0.0345 | lr = 0.000129
epoch 032 | step 0300 | total = 4.0199 | box = 0.5265 | obj = 1.3514 | cls = 0.0362 | lr = 0.000129
epoch 032 | step 0320 | total = 3.9965 | box = 0.5045 | obj = 1.4351 | cls = 0.0390 | lr = 0.000129
epoch 032 | step 0340 | total = 4.6715 | box = 0.6344 | obj = 1.4676 | cls = 0.0318 | lr = 0.000129
epoch 032 | step 0360 | total = 3.9455 | box = 0.5241 | obj = 1.2945 | cls = 0.0303 | lr = 0.000129
epoch 032 | step 0380 | total = 3.8761 | box = 0.4452 | obj = 1.6027 | cls = 0.0477 | lr = 0.000129
epoch 032 | step 0400 | total = 4.5318 | box = 0.6463 | obj = 1.2722 | cls = 0.0282 | lr = 0.000129
epoch 032 | step 0420 | total = 3.1834 | box = 0.3811 | obj = 1.2302 | cls = 0.0474 | lr = 0.000129
epoch 032 | step 0440 | total = 4.5604 | box = 0.5635 | obj = 1.7016 | cls = 0.0413 | lr = 0.000129
epoch 032 | step 0460 | total = 3.9493 | box = 0.5068 | obj = 1.3780 | cls = 0.0371 | lr = 0.000129
epoch 032 | step 0480 | total = 4.4072 | box = 0.5927 | obj = 1.4071 | cls = 0.0367 | lr = 0.000129
epoch 032 | step 0500 | total = 3.6904 | box = 0.4379 | obj = 1.4503 | cls = 0.0503 | lr = 0.000129
epoch 032 | step 0520 | total = 4.6216 | box = 0.6144 | obj = 1.5106 | cls = 0.0392 | lr = 0.000129
epoch 032 | step 0540 | total = 4.7216 | box = 0.6461 | obj = 1.4597 | cls = 0.0314 | lr = 0.000129
epoch 032 | step 0560 | total = 4.5460 | box = 0.6072 | obj = 1.4681 | cls = 0.0419 | lr = 0.000129
epoch 032 | step 0580 | total = 5.0598 | box = 0.7064 | obj = 1.4899 | cls = 0.0377 | lr = 0.000129
epoch 032 | step 0600 | total = 3.7467 | box = 0.4872 | obj = 1.2795 | cls = 0.0312 | lr = 0.000129
epoch 032 | step 0620 | total = 4.6603 | box = 0.6184 | obj = 1.5348 | cls = 0.0334 | lr = 0.000129
epoch 032 | step 0640 | total = 4.9660 | box = 0.7018 | obj = 1.4206 | cls = 0.0362 | lr = 0.000129
epoch 032 | step 0660 | total = 4.1441 | box = 0.5164 | obj = 1.5255 | cls = 0.0366 | lr = 0.000129
epoch 032 | step 0680 | total = 3.7090 | box = 0.4652 | obj = 1.3405 | cls = 0.0424 | lr = 0.000129
epoch 032 | step 0700 | total = 4.2802 | box = 0.5694 | obj = 1.3926 | cls = 0.0408 | lr = 0.000129
epoch 032 | step 0720 | total = 4.2788 | box = 0.5494 | obj = 1.4947 | cls = 0.0369 | lr = 0.000129
epoch 032 | step 0740 | total = 3.9827 | box = 0.5020 | obj = 1.4330 | cls = 0.0396 | lr = 0.000129
epoch 032 | step 0760 | total = 4.3229 | box = 0.5751 | obj = 1.4075 | cls = 0.0399 | lr = 0.000129
epoch 032 | step 0780 | total = 4.4776 | box = 0.5862 | obj = 1.5009 | cls = 0.0455 | lr = 0.000129
epoch 032 | step 0800 | total = 4.3719 | box = 0.5759 | obj = 1.4547 | cls = 0.0378 | lr = 0.000129
epoch 032 | step 0820 | total = 4.0866 | box = 0.5233 | obj = 1.4271 | cls = 0.0428 | lr = 0.000129
epoch 032 | step 0840 | total = 3.9725 | box = 0.5408 | obj = 1.2288 | cls = 0.0398 | lr = 0.000129
epoch 032 | step 0860 | total = 3.7144 | box = 0.4863 | obj = 1.2447 | cls = 0.0382 | lr = 0.000129
epoch 032 | step 0880 | total = 4.3264 | box = 0.5451 | obj = 1.5543 | cls = 0.0467 | lr = 0.000129
epoch 032 | step 0900 | total = 4.3560 | box = 0.5757 | obj = 1.4437 | cls = 0.0337 | lr = 0.000129
epoch 032 | step 0920 | total = 4.5780 | box = 0.6293 | obj = 1.4008 | cls = 0.0307 | lr = 0.000129
[epoch 032 train] total = 4.3434 | box = 0.5737 | obj = 1.4360 | cls = 0.0390 | steps = 925 | global_batches = 7400 | samples = 118288 | time = 802.4s
[epoch 032 val] total = 4.4987 | box = 0.5955 | obj = 1.4818 | cls = 0.0395 | steps = 40 | global_batches = 320 | samples = 5000 | time = 23.5s
epoch 033 | step 0001 | total = 4.4734 | box = 0.6013 | obj = 1.4182 | cls = 0.0486 | lr = 0.000105
epoch 033 | step 0020 | total = 4.5556 | box = 0.6146 | obj = 1.4410 | cls = 0.0417 | lr = 0.000105
epoch 033 | step 0040 | total = 4.2841 | box = 0.5265 | obj = 1.5876 | cls = 0.0640 | lr = 0.000105
epoch 033 | step 0060 | total = 3.2813 | box = 0.4058 | obj = 1.2096 | cls = 0.0426 | lr = 0.000105
epoch 033 | step 0080 | total = 5.2031 | box = 0.7151 | obj = 1.5886 | cls = 0.0391 | lr = 0.000105
epoch 033 | step 0100 | total = 4.5281 | box = 0.5904 | obj = 1.5363 | cls = 0.0396 | lr = 0.000105
epoch 033 | step 0120 | total = 4.7543 | box = 0.6830 | obj = 1.3105 | cls = 0.0287 | lr = 0.000105
epoch 033 | step 0140 | total = 5.1645 | box = 0.7111 | obj = 1.5753 | cls = 0.0335 | lr = 0.000105
epoch 033 | step 0160 | total = 4.6174 | box = 0.5999 | obj = 1.5696 | cls = 0.0486 | lr = 0.000105
epoch 033 | step 0180 | total = 4.0374 | box = 0.5323 | obj = 1.3430 | cls = 0.0329 | lr = 0.000105
epoch 033 | step 0200 | total = 4.7564 | box = 0.6520 | obj = 1.4543 | cls = 0.0421 | lr = 0.000105
epoch 033 | step 0220 | total = 4.0816 | box = 0.5439 | obj = 1.3216 | cls = 0.0404 | lr = 0.000105
epoch 033 | step 0240 | total = 4.3375 | box = 0.5794 | obj = 1.4033 | cls = 0.0373 | lr = 0.000105
epoch 033 | step 0260 | total = 4.3997 | box = 0.5648 | obj = 1.5355 | cls = 0.0403 | lr = 0.000105
epoch 033 | step 0280 | total = 4.4129 | box = 0.5868 | obj = 1.4408 | cls = 0.0382 | lr = 0.000105
epoch 033 | step 0300 | total = 4.3736 | box = 0.5690 | obj = 1.4929 | cls = 0.0358 | lr = 0.000105
epoch 033 | step 0320 | total = 3.4159 | box = 0.4137 | obj = 1.3068 | cls = 0.0407 | lr = 0.000105
epoch 033 | step 0340 | total = 5.3435 | box = 0.7554 | obj = 1.5260 | cls = 0.0407 | lr = 0.000105
epoch 033 | step 0360 | total = 4.0406 | box = 0.5236 | obj = 1.3767 | cls = 0.0457 | lr = 0.000105
epoch 033 | step 0380 | total = 4.1522 | box = 0.5466 | obj = 1.3739 | cls = 0.0452 | lr = 0.000105
epoch 033 | step 0400 | total = 4.0723 | box = 0.5245 | obj = 1.4091 | cls = 0.0406 | lr = 0.000105
epoch 033 | step 0420 | total = 4.7508 | box = 0.6747 | obj = 1.3440 | cls = 0.0331 | lr = 0.000105
epoch 033 | step 0440 | total = 3.7045 | box = 0.4573 | obj = 1.3759 | cls = 0.0424 | lr = 0.000105
epoch 033 | step 0460 | total = 4.0936 | box = 0.5386 | obj = 1.3714 | cls = 0.0292 | lr = 0.000105
epoch 033 | step 0480 | total = 4.2112 | box = 0.5516 | obj = 1.4213 | cls = 0.0321 | lr = 0.000105
epoch 033 | step 0500 | total = 5.4530 | box = 0.7558 | obj = 1.6297 | cls = 0.0446 | lr = 0.000105
epoch 033 | step 0520 | total = 4.1384 | box = 0.5477 | obj = 1.3647 | cls = 0.0354 | lr = 0.000105
epoch 033 | step 0540 | total = 4.8096 | box = 0.6456 | obj = 1.5447 | cls = 0.0371 | lr = 0.000105
epoch 033 | step 0560 | total = 4.1455 | box = 0.5447 | obj = 1.3847 | cls = 0.0375 | lr = 0.000105
epoch 033 | step 0580 | total = 4.5844 | box = 0.6018 | obj = 1.5296 | cls = 0.0456 | lr = 0.000105
epoch 033 | step 0600 | total = 4.0055 | box = 0.4794 | obj = 1.5675 | cls = 0.0410 | lr = 0.000105
epoch 033 | step 0620 | total = 4.5358 | box = 0.6217 | obj = 1.3912 | cls = 0.0359 | lr = 0.000105
epoch 033 | step 0640 | total = 4.3027 | box = 0.5750 | obj = 1.3892 | cls = 0.0388 | lr = 0.000105
epoch 033 | step 0660 | total = 4.4143 | box = 0.5841 | obj = 1.4495 | cls = 0.0445 | lr = 0.000105
epoch 033 | step 0680 | total = 4.5957 | box = 0.6622 | obj = 1.2528 | cls = 0.0320 | lr = 0.000105
epoch 033 | step 0700 | total = 3.4327 | box = 0.4013 | obj = 1.3921 | cls = 0.0339 | lr = 0.000105
epoch 033 | step 0720 | total = 4.0880 | box = 0.5136 | obj = 1.4806 | cls = 0.0396 | lr = 0.000105
epoch 033 | step 0740 | total = 4.1813 | box = 0.5646 | obj = 1.3224 | cls = 0.0360 | lr = 0.000105
epoch 033 | step 0760 | total = 4.3591 | box = 0.5993 | obj = 1.3329 | cls = 0.0299 | lr = 0.000105
epoch 033 | step 0780 | total = 4.0902 | box = 0.5181 | obj = 1.4570 | cls = 0.0425 | lr = 0.000105
epoch 033 | step 0800 | total = 4.9039 | box = 0.6896 | obj = 1.4193 | cls = 0.0365 | lr = 0.000105
epoch 033 | step 0820 | total = 4.8015 | box = 0.6604 | obj = 1.4625 | cls = 0.0367 | lr = 0.000105
epoch 033 | step 0840 | total = 3.6891 | box = 0.4478 | obj = 1.4084 | cls = 0.0418 | lr = 0.000105
epoch 033 | step 0860 | total = 4.8927 | box = 0.6815 | obj = 1.4539 | cls = 0.0316 | lr = 0.000105
epoch 033 | step 0880 | total = 4.6732 | box = 0.5939 | obj = 1.6608 | cls = 0.0428 | lr = 0.000105
epoch 033 | step 0900 | total = 3.5986 | box = 0.4336 | obj = 1.3932 | cls = 0.0373 | lr = 0.000105
epoch 033 | step 0920 | total = 3.5456 | box = 0.4374 | obj = 1.3167 | cls = 0.0417 | lr = 0.000105
[epoch 033 train] total = 4.3271 | box = 0.5715 | obj = 1.4306 | cls = 0.0389 | steps = 925 | global_batches = 7400 | samples = 118288 | time = 802.1s
[epoch 033 val] total = 4.5007 | box = 0.5954 | obj = 1.4846 | cls = 0.0393 | steps = 40 | global_batches = 320 | samples = 5000 | time = 23.9s
epoch 034 | step 0001 | total = 3.5617 | box = 0.4043 | obj = 1.4950 | cls = 0.0452 | lr = 0.000083
epoch 034 | step 0020 | total = 4.4557 | box = 0.5791 | obj = 1.5209 | cls = 0.0395 | lr = 0.000083
epoch 034 | step 0040 | total = 3.9657 | box = 0.5182 | obj = 1.3278 | cls = 0.0471 | lr = 0.000083
epoch 034 | step 0060 | total = 4.0665 | box = 0.5446 | obj = 1.3028 | cls = 0.0408 | lr = 0.000083
epoch 034 | step 0080 | total = 4.5503 | box = 0.6054 | obj = 1.4837 | cls = 0.0398 | lr = 0.000083
epoch 034 | step 0100 | total = 4.0973 | box = 0.5372 | obj = 1.3751 | cls = 0.0362 | lr = 0.000083
epoch 034 | step 0120 | total = 4.8775 | box = 0.6540 | obj = 1.5613 | cls = 0.0463 | lr = 0.000083
epoch 034 | step 0140 | total = 4.2918 | box = 0.5604 | obj = 1.4526 | cls = 0.0372 | lr = 0.000083
epoch 034 | step 0160 | total = 4.0226 | box = 0.5134 | obj = 1.4119 | cls = 0.0437 | lr = 0.000083
epoch 034 | step 0180 | total = 4.6182 | box = 0.6096 | obj = 1.5306 | cls = 0.0396 | lr = 0.000083
epoch 034 | step 0200 | total = 3.3256 | box = 0.3969 | obj = 1.3014 | cls = 0.0399 | lr = 0.000083
epoch 034 | step 0220 | total = 4.3241 | box = 0.5617 | obj = 1.4806 | cls = 0.0348 | lr = 0.000083
epoch 034 | step 0240 | total = 3.8874 | box = 0.4884 | obj = 1.4038 | cls = 0.0417 | lr = 0.000083
epoch 034 | step 0260 | total = 4.1115 | box = 0.5384 | obj = 1.3826 | cls = 0.0367 | lr = 0.000083
epoch 034 | step 0280 | total = 3.3792 | box = 0.4206 | obj = 1.2368 | cls = 0.0393 | lr = 0.000083
epoch 034 | step 0300 | total = 4.1737 | box = 0.5504 | obj = 1.3720 | cls = 0.0496 | lr = 0.000083
epoch 034 | step 0320 | total = 3.9880 | box = 0.5101 | obj = 1.3906 | cls = 0.0468 | lr = 0.000083
epoch 034 | step 0340 | total = 4.1734 | box = 0.5560 | obj = 1.3542 | cls = 0.0391 | lr = 0.000083
epoch 034 | step 0360 | total = 3.6869 | box = 0.4593 | obj = 1.3538 | cls = 0.0365 | lr = 0.000083
epoch 034 | step 0380 | total = 3.3186 | box = 0.4048 | obj = 1.2498 | cls = 0.0447 | lr = 0.000083
epoch 034 | step 0400 | total = 3.9506 | box = 0.5087 | obj = 1.3729 | cls = 0.0343 | lr = 0.000083
epoch 034 | step 0420 | total = 4.4018 | box = 0.5602 | obj = 1.5618 | cls = 0.0391 | lr = 0.000083
epoch 034 | step 0440 | total = 4.5618 | box = 0.5901 | obj = 1.5730 | cls = 0.0384 | lr = 0.000083
epoch 034 | step 0460 | total = 4.5617 | box = 0.6045 | obj = 1.5014 | cls = 0.0380 | lr = 0.000083
epoch 034 | step 0480 | total = 3.8875 | box = 0.5068 | obj = 1.3142 | cls = 0.0393 | lr = 0.000083
epoch 034 | step 0500 | total = 4.2876 | box = 0.5555 | obj = 1.4691 | cls = 0.0408 | lr = 0.000083
epoch 034 | step 0520 | total = 4.1959 | box = 0.5471 | obj = 1.4164 | cls = 0.0442 | lr = 0.000083
epoch 034 | step 0540 | total = 4.2783 | box = 0.5690 | obj = 1.4002 | cls = 0.0330 | lr = 0.000083
epoch 034 | step 0560 | total = 4.5871 | box = 0.5993 | obj = 1.5569 | cls = 0.0338 | lr = 0.000083
epoch 034 | step 0580 | total = 4.1496 | box = 0.5664 | obj = 1.2888 | cls = 0.0287 | lr = 0.000083
epoch 034 | step 0600 | total = 3.3839 | box = 0.4165 | obj = 1.2552 | cls = 0.0463 | lr = 0.000083
epoch 034 | step 0620 | total = 4.3611 | box = 0.5653 | obj = 1.4935 | cls = 0.0413 | lr = 0.000083
epoch 034 | step 0640 | total = 4.6063 | box = 0.6269 | obj = 1.4383 | cls = 0.0333 | lr = 0.000083
epoch 034 | step 0660 | total = 4.0217 | box = 0.5328 | obj = 1.3275 | cls = 0.0300 | lr = 0.000083
epoch 034 | step 0680 | total = 4.3094 | box = 0.5726 | obj = 1.4105 | cls = 0.0360 | lr = 0.000083
epoch 034 | step 0700 | total = 4.5537 | box = 0.6002 | obj = 1.5058 | cls = 0.0469 | lr = 0.000083
epoch 034 | step 0720 | total = 4.8650 | box = 0.6519 | obj = 1.5668 | cls = 0.0386 | lr = 0.000083
epoch 034 | step 0740 | total = 4.0396 | box = 0.5193 | obj = 1.4010 | cls = 0.0423 | lr = 0.000083
epoch 034 | step 0760 | total = 4.2026 | box = 0.5154 | obj = 1.5824 | cls = 0.0432 | lr = 0.000083
epoch 034 | step 0780 | total = 4.3892 | box = 0.5828 | obj = 1.4407 | cls = 0.0342 | lr = 0.000083
epoch 034 | step 0800 | total = 4.0173 | box = 0.5156 | obj = 1.4020 | cls = 0.0371 | lr = 0.000083
epoch 034 | step 0820 | total = 3.7683 | box = 0.4826 | obj = 1.3249 | cls = 0.0307 | lr = 0.000083
epoch 034 | step 0840 | total = 4.4198 | box = 0.5639 | obj = 1.5620 | cls = 0.0384 | lr = 0.000083
epoch 034 | step 0860 | total = 4.6249 | box = 0.6335 | obj = 1.4184 | cls = 0.0389 | lr = 0.000083
epoch 034 | step 0880 | total = 5.4332 | box = 0.7878 | obj = 1.4557 | cls = 0.0387 | lr = 0.000083
epoch 034 | step 0900 | total = 3.9226 | box = 0.4698 | obj = 1.5322 | cls = 0.0414 | lr = 0.000083
epoch 034 | step 0920 | total = 3.9387 | box = 0.4930 | obj = 1.4381 | cls = 0.0357 | lr = 0.000083
[epoch 034 train] total = 4.3129 | box = 0.5694 | obj = 1.4269 | cls = 0.0388 | steps = 925 | global_batches = 7400 | samples = 118288 | time = 803.6s
[epoch 034 val] total = 4.4871 | box = 0.5930 | obj = 1.4825 | cls = 0.0393 | steps = 40 | global_batches = 320 | samples = 5000 | time = 23.7s
epoch 035 | step 0001 | total = 4.8895 | box = 0.6721 | obj = 1.4924 | cls = 0.0364 | lr = 0.000064
epoch 035 | step 0020 | total = 3.4481 | box = 0.4243 | obj = 1.2904 | cls = 0.0361 | lr = 0.000064
epoch 035 | step 0040 | total = 4.7929 | box = 0.6393 | obj = 1.5551 | cls = 0.0413 | lr = 0.000064
epoch 035 | step 0060 | total = 3.9658 | box = 0.5065 | obj = 1.3933 | cls = 0.0398 | lr = 0.000064
epoch 035 | step 0080 | total = 5.2807 | box = 0.7462 | obj = 1.5130 | cls = 0.0366 | lr = 0.000064
epoch 035 | step 0100 | total = 4.2576 | box = 0.5518 | obj = 1.4690 | cls = 0.0298 | lr = 0.000064
epoch 035 | step 0120 | total = 4.3302 | box = 0.5886 | obj = 1.3535 | cls = 0.0336 | lr = 0.000064
epoch 035 | step 0140 | total = 4.2216 | box = 0.5308 | obj = 1.5241 | cls = 0.0437 | lr = 0.000064
epoch 035 | step 0160 | total = 4.7905 | box = 0.6539 | obj = 1.4830 | cls = 0.0378 | lr = 0.000064
epoch 035 | step 0180 | total = 4.0336 | box = 0.5237 | obj = 1.3825 | cls = 0.0327 | lr = 0.000064
epoch 035 | step 0200 | total = 4.1977 | box = 0.5593 | obj = 1.3694 | cls = 0.0317 | lr = 0.000064
epoch 035 | step 0220 | total = 4.9751 | box = 0.6927 | obj = 1.4700 | cls = 0.0415 | lr = 0.000064
epoch 035 | step 0240 | total = 4.3737 | box = 0.5902 | obj = 1.3870 | cls = 0.0358 | lr = 0.000064
epoch 035 | step 0260 | total = 3.6329 | box = 0.4442 | obj = 1.3701 | cls = 0.0420 | lr = 0.000064
epoch 035 | step 0280 | total = 4.1741 | box = 0.5680 | obj = 1.3012 | cls = 0.0330 | lr = 0.000064
epoch 035 | step 0300 | total = 4.0568 | box = 0.5299 | obj = 1.3688 | cls = 0.0386 | lr = 0.000064
epoch 035 | step 0320 | total = 3.8009 | box = 0.4666 | obj = 1.4378 | cls = 0.0303 | lr = 0.000064
epoch 035 | step 0340 | total = 4.3986 | box = 0.5924 | obj = 1.4054 | cls = 0.0312 | lr = 0.000064
epoch 035 | step 0360 | total = 3.7542 | box = 0.4719 | obj = 1.3583 | cls = 0.0362 | lr = 0.000064
epoch 035 | step 0380 | total = 4.3029 | box = 0.5518 | obj = 1.5041 | cls = 0.0395 | lr = 0.000064
epoch 035 | step 0400 | total = 4.5240 | box = 0.6146 | obj = 1.4131 | cls = 0.0380 | lr = 0.000064
epoch 035 | step 0420 | total = 4.7177 | box = 0.6339 | obj = 1.5138 | cls = 0.0342 | lr = 0.000064
epoch 035 | step 0440 | total = 3.6233 | box = 0.4556 | obj = 1.3028 | cls = 0.0426 | lr = 0.000064
epoch 035 | step 0460 | total = 3.4478 | box = 0.4200 | obj = 1.2845 | cls = 0.0634 | lr = 0.000064
epoch 035 | step 0480 | total = 4.7370 | box = 0.6334 | obj = 1.5325 | cls = 0.0377 | lr = 0.000064
epoch 035 | step 0500 | total = 3.9119 | box = 0.5002 | obj = 1.3754 | cls = 0.0354 | lr = 0.000064
epoch 035 | step 0520 | total = 4.3879 | box = 0.5877 | obj = 1.4122 | cls = 0.0372 | lr = 0.000064
epoch 035 | step 0540 | total = 4.2672 | box = 0.5479 | obj = 1.4867 | cls = 0.0410 | lr = 0.000064
epoch 035 | step 0560 | total = 4.4093 | box = 0.5710 | obj = 1.5058 | cls = 0.0485 | lr = 0.000064
epoch 035 | step 0580 | total = 3.6363 | box = 0.4440 | obj = 1.3731 | cls = 0.0434 | lr = 0.000064
epoch 035 | step 0600 | total = 4.5817 | box = 0.6029 | obj = 1.5232 | cls = 0.0438 | lr = 0.000064
epoch 035 | step 0620 | total = 3.4442 | box = 0.4273 | obj = 1.2601 | cls = 0.0476 | lr = 0.000064
epoch 035 | step 0640 | total = 3.7828 | box = 0.4690 | obj = 1.4028 | cls = 0.0352 | lr = 0.000064
epoch 035 | step 0660 | total = 4.6130 | box = 0.6192 | obj = 1.4785 | cls = 0.0385 | lr = 0.000064
epoch 035 | step 0680 | total = 4.9608 | box = 0.6980 | obj = 1.4353 | cls = 0.0358 | lr = 0.000064
epoch 035 | step 0700 | total = 3.7004 | box = 0.4894 | obj = 1.2199 | cls = 0.0338 | lr = 0.000064
epoch 035 | step 0720 | total = 3.9175 | box = 0.5073 | obj = 1.3453 | cls = 0.0358 | lr = 0.000064
epoch 035 | step 0740 | total = 4.4112 | box = 0.5744 | obj = 1.5026 | cls = 0.0368 | lr = 0.000064
epoch 035 | step 0760 | total = 4.4432 | box = 0.5748 | obj = 1.5191 | cls = 0.0503 | lr = 0.000064
epoch 035 | step 0780 | total = 3.7409 | box = 0.4933 | obj = 1.2224 | cls = 0.0522 | lr = 0.000064
epoch 035 | step 0800 | total = 3.6568 | box = 0.4673 | obj = 1.2843 | cls = 0.0358 | lr = 0.000064
epoch 035 | step 0820 | total = 5.1605 | box = 0.7131 | obj = 1.5566 | cls = 0.0383 | lr = 0.000064
epoch 035 | step 0840 | total = 3.7113 | box = 0.4680 | obj = 1.3379 | cls = 0.0335 | lr = 0.000064
epoch 035 | step 0860 | total = 3.9308 | box = 0.4842 | obj = 1.4631 | cls = 0.0467 | lr = 0.000064
epoch 035 | step 0880 | total = 4.1009 | box = 0.5400 | obj = 1.3666 | cls = 0.0343 | lr = 0.000064
epoch 035 | step 0900 | total = 3.8363 | box = 0.4695 | obj = 1.4451 | cls = 0.0438 | lr = 0.000064
epoch 035 | step 0920 | total = 4.7718 | box = 0.6565 | obj = 1.4534 | cls = 0.0358 | lr = 0.000064
[epoch 035 train] total = 4.2957 | box = 0.5669 | obj = 1.4225 | cls = 0.0387 | steps = 925 | global_batches = 7400 | samples = 118288 | time = 803.5s
[epoch 035 val] total = 4.4784 | box = 0.5917 | obj = 1.4807 | cls = 0.0392 | steps = 40 | global_batches = 320 | samples = 5000 | time = 23.9s
epoch 036 | step 0001 | total = 5.1504 | box = 0.7024 | obj = 1.6049 | cls = 0.0338 | lr = 0.000048
epoch 036 | step 0020 | total = 3.2927 | box = 0.3938 | obj = 1.2894 | cls = 0.0342 | lr = 0.000048
epoch 036 | step 0040 | total = 4.7322 | box = 0.6082 | obj = 1.6519 | cls = 0.0393 | lr = 0.000048
epoch 036 | step 0060 | total = 5.2837 | box = 0.7142 | obj = 1.6769 | cls = 0.0356 | lr = 0.000048
epoch 036 | step 0080 | total = 4.7307 | box = 0.6567 | obj = 1.4111 | cls = 0.0359 | lr = 0.000048
epoch 036 | step 0100 | total = 4.2623 | box = 0.5636 | obj = 1.4122 | cls = 0.0322 | lr = 0.000048
epoch 036 | step 0120 | total = 5.2409 | box = 0.7439 | obj = 1.4831 | cls = 0.0381 | lr = 0.000048
epoch 036 | step 0140 | total = 4.8433 | box = 0.6682 | obj = 1.4609 | cls = 0.0414 | lr = 0.000048
epoch 036 | step 0160 | total = 3.9188 | box = 0.4897 | obj = 1.4371 | cls = 0.0329 | lr = 0.000048
epoch 036 | step 0180 | total = 3.9584 | box = 0.5325 | obj = 1.2668 | cls = 0.0290 | lr = 0.000048
epoch 036 | step 0200 | total = 4.7265 | box = 0.6343 | obj = 1.5176 | cls = 0.0374 | lr = 0.000048
epoch 036 | step 0220 | total = 5.0749 | box = 0.6985 | obj = 1.5494 | cls = 0.0332 | lr = 0.000048
epoch 036 | step 0240 | total = 3.9429 | box = 0.5162 | obj = 1.3186 | cls = 0.0435 | lr = 0.000048
epoch 036 | step 0260 | total = 5.0901 | box = 0.7013 | obj = 1.5439 | cls = 0.0398 | lr = 0.000048
epoch 036 | step 0280 | total = 3.7582 | box = 0.4713 | obj = 1.3682 | cls = 0.0336 | lr = 0.000048
epoch 036 | step 0300 | total = 3.4055 | box = 0.4217 | obj = 1.2543 | cls = 0.0429 | lr = 0.000048
epoch 036 | step 0320 | total = 4.0448 | box = 0.4883 | obj = 1.5580 | cls = 0.0453 | lr = 0.000048
epoch 036 | step 0340 | total = 4.2935 | box = 0.5394 | obj = 1.5564 | cls = 0.0402 | lr = 0.000048
epoch 036 | step 0360 | total = 4.4186 | box = 0.6067 | obj = 1.3474 | cls = 0.0378 | lr = 0.000048
epoch 036 | step 0380 | total = 4.0169 | box = 0.5450 | obj = 1.2624 | cls = 0.0293 | lr = 0.000048
epoch 036 | step 0400 | total = 3.9298 | box = 0.4817 | obj = 1.4835 | cls = 0.0376 | lr = 0.000048
epoch 036 | step 0420 | total = 4.0392 | box = 0.5448 | obj = 1.2910 | cls = 0.0242 | lr = 0.000048
epoch 036 | step 0440 | total = 4.4289 | box = 0.6118 | obj = 1.3363 | cls = 0.0334 | lr = 0.000048
epoch 036 | step 0460 | total = 4.4801 | box = 0.5689 | obj = 1.5935 | cls = 0.0420 | lr = 0.000048
epoch 036 | step 0480 | total = 3.5903 | box = 0.4661 | obj = 1.2280 | cls = 0.0319 | lr = 0.000048
epoch 036 | step 0500 | total = 4.3623 | box = 0.5750 | obj = 1.4467 | cls = 0.0407 | lr = 0.000048
epoch 036 | step 0520 | total = 3.8336 | box = 0.4692 | obj = 1.4242 | cls = 0.0635 | lr = 0.000048
epoch 036 | step 0540 | total = 4.2440 | box = 0.5618 | obj = 1.4023 | cls = 0.0325 | lr = 0.000048
epoch 036 | step 0560 | total = 4.5346 | box = 0.5934 | obj = 1.5315 | cls = 0.0358 | lr = 0.000048
epoch 036 | step 0580 | total = 4.3203 | box = 0.5668 | obj = 1.4506 | cls = 0.0355 | lr = 0.000048
epoch 036 | step 0600 | total = 4.8458 | box = 0.6713 | obj = 1.4525 | cls = 0.0366 | lr = 0.000048
epoch 036 | step 0620 | total = 4.7507 | box = 0.6387 | obj = 1.5200 | cls = 0.0373 | lr = 0.000048
epoch 036 | step 0640 | total = 4.9070 | box = 0.6798 | obj = 1.4735 | cls = 0.0346 | lr = 0.000048
epoch 036 | step 0660 | total = 4.4043 | box = 0.5820 | obj = 1.4532 | cls = 0.0411 | lr = 0.000048
epoch 036 | step 0680 | total = 4.0837 | box = 0.5375 | obj = 1.3644 | cls = 0.0319 | lr = 0.000048
epoch 036 | step 0700 | total = 4.0833 | box = 0.5337 | obj = 1.3862 | cls = 0.0288 | lr = 0.000048
epoch 036 | step 0720 | total = 4.4344 | box = 0.5639 | obj = 1.5693 | cls = 0.0454 | lr = 0.000048
epoch 036 | step 0740 | total = 4.1877 | box = 0.5015 | obj = 1.6366 | cls = 0.0435 | lr = 0.000048
epoch 036 | step 0760 | total = 4.2283 | box = 0.5784 | obj = 1.3035 | cls = 0.0331 | lr = 0.000048
epoch 036 | step 0780 | total = 3.9349 | box = 0.4994 | obj = 1.4001 | cls = 0.0379 | lr = 0.000048
epoch 036 | step 0800 | total = 4.6252 | box = 0.6414 | obj = 1.3833 | cls = 0.0349 | lr = 0.000048
epoch 036 | step 0820 | total = 4.1824 | box = 0.5822 | obj = 1.2368 | cls = 0.0344 | lr = 0.000048
epoch 036 | step 0840 | total = 4.6956 | box = 0.6441 | obj = 1.4361 | cls = 0.0391 | lr = 0.000048
epoch 036 | step 0860 | total = 3.7926 | box = 0.4888 | obj = 1.3021 | cls = 0.0465 | lr = 0.000048
epoch 036 | step 0880 | total = 3.9863 | box = 0.5338 | obj = 1.2783 | cls = 0.0388 | lr = 0.000048
epoch 036 | step 0900 | total = 4.4012 | box = 0.5650 | obj = 1.5299 | cls = 0.0464 | lr = 0.000048
epoch 036 | step 0920 | total = 4.8291 | box = 0.6758 | obj = 1.4169 | cls = 0.0332 | lr = 0.000048
[epoch 036 train] total = 4.2838 | box = 0.5652 | obj = 1.4192 | cls = 0.0386 | steps = 925 | global_batches = 7400 | samples = 118288 | time = 806.0s
[epoch 036 val] total = 4.4714 | box = 0.5910 | obj = 1.4771 | cls = 0.0391 | steps = 40 | global_batches = 320 | samples = 5000 | time = 23.8s
epoch 037 | step 0001 | total = 4.3136 | box = 0.5875 | obj = 1.3422 | cls = 0.0340 | lr = 0.000034
epoch 037 | step 0020 | total = 4.7713 | box = 0.6331 | obj = 1.5598 | cls = 0.0460 | lr = 0.000034
epoch 037 | step 0040 | total = 4.1542 | box = 0.5019 | obj = 1.6035 | cls = 0.0411 | lr = 0.000034
epoch 037 | step 0060 | total = 4.3828 | box = 0.6012 | obj = 1.3312 | cls = 0.0454 | lr = 0.000034
epoch 037 | step 0080 | total = 4.0893 | box = 0.5392 | obj = 1.3551 | cls = 0.0383 | lr = 0.000034
epoch 037 | step 0100 | total = 4.1003 | box = 0.5614 | obj = 1.2598 | cls = 0.0337 | lr = 0.000034
epoch 037 | step 0120 | total = 5.0121 | box = 0.6777 | obj = 1.5902 | cls = 0.0333 | lr = 0.000034
epoch 037 | step 0140 | total = 3.8799 | box = 0.4999 | obj = 1.3377 | cls = 0.0429 | lr = 0.000034
epoch 037 | step 0160 | total = 3.2989 | box = 0.3927 | obj = 1.2960 | cls = 0.0392 | lr = 0.000034
epoch 037 | step 0180 | total = 4.3994 | box = 0.5750 | obj = 1.4876 | cls = 0.0366 | lr = 0.000034
epoch 037 | step 0200 | total = 3.2735 | box = 0.3862 | obj = 1.2896 | cls = 0.0528 | lr = 0.000034
epoch 037 | step 0220 | total = 4.6833 | box = 0.6529 | obj = 1.3845 | cls = 0.0345 | lr = 0.000034
epoch 037 | step 0240 | total = 4.1219 | box = 0.5443 | obj = 1.3637 | cls = 0.0368 | lr = 0.000034
epoch 037 | step 0260 | total = 4.6385 | box = 0.6083 | obj = 1.5498 | cls = 0.0471 | lr = 0.000034
epoch 037 | step 0280 | total = 4.1327 | box = 0.5554 | obj = 1.3242 | cls = 0.0316 | lr = 0.000034
epoch 037 | step 0300 | total = 4.4124 | box = 0.5770 | obj = 1.4963 | cls = 0.0312 | lr = 0.000034
epoch 037 | step 0320 | total = 4.0601 | box = 0.5504 | obj = 1.2644 | cls = 0.0438 | lr = 0.000034
epoch 037 | step 0340 | total = 4.6117 | box = 0.6341 | obj = 1.4103 | cls = 0.0308 | lr = 0.000034
epoch 037 | step 0360 | total = 4.0729 | box = 0.5070 | obj = 1.4969 | cls = 0.0410 | lr = 0.000034
epoch 037 | step 0380 | total = 3.3992 | box = 0.4131 | obj = 1.3005 | cls = 0.0333 | lr = 0.000034
epoch 037 | step 0400 | total = 4.8002 | box = 0.6312 | obj = 1.6084 | cls = 0.0361 | lr = 0.000034
epoch 037 | step 0420 | total = 4.3668 | box = 0.5839 | obj = 1.4082 | cls = 0.0392 | lr = 0.000034
epoch 037 | step 0440 | total = 4.5382 | box = 0.6161 | obj = 1.4228 | cls = 0.0349 | lr = 0.000034
epoch 037 | step 0460 | total = 3.7483 | box = 0.4780 | obj = 1.3181 | cls = 0.0400 | lr = 0.000034
epoch 037 | step 0480 | total = 5.1438 | box = 0.7444 | obj = 1.3920 | cls = 0.0299 | lr = 0.000034
epoch 037 | step 0500 | total = 3.7915 | box = 0.5048 | obj = 1.2326 | cls = 0.0347 | lr = 0.000034
epoch 037 | step 0520 | total = 4.6856 | box = 0.5862 | obj = 1.7030 | cls = 0.0514 | lr = 0.000034
epoch 037 | step 0540 | total = 3.9556 | box = 0.5189 | obj = 1.3255 | cls = 0.0356 | lr = 0.000034
epoch 037 | step 0560 | total = 4.1072 | box = 0.5385 | obj = 1.3807 | cls = 0.0338 | lr = 0.000034
epoch 037 | step 0580 | total = 4.4270 | box = 0.6006 | obj = 1.3934 | cls = 0.0306 | lr = 0.000034
epoch 037 | step 0600 | total = 4.5230 | box = 0.6139 | obj = 1.4236 | cls = 0.0298 | lr = 0.000034
epoch 037 | step 0620 | total = 3.5682 | box = 0.4347 | obj = 1.3518 | cls = 0.0430 | lr = 0.000034
epoch 037 | step 0640 | total = 3.7925 | box = 0.4752 | obj = 1.3746 | cls = 0.0419 | lr = 0.000034
epoch 037 | step 0660 | total = 4.3597 | box = 0.5965 | obj = 1.3460 | cls = 0.0310 | lr = 0.000034
epoch 037 | step 0680 | total = 4.4739 | box = 0.6066 | obj = 1.4103 | cls = 0.0305 | lr = 0.000034
epoch 037 | step 0700 | total = 5.2850 | box = 0.7563 | obj = 1.4614 | cls = 0.0423 | lr = 0.000034
epoch 037 | step 0720 | total = 4.0103 | box = 0.5237 | obj = 1.3550 | cls = 0.0370 | lr = 0.000034
epoch 037 | step 0740 | total = 3.4265 | box = 0.4227 | obj = 1.2653 | cls = 0.0478 | lr = 0.000034
epoch 037 | step 0760 | total = 3.8904 | box = 0.5063 | obj = 1.3206 | cls = 0.0380 | lr = 0.000034
epoch 037 | step 0780 | total = 4.4717 | box = 0.5949 | obj = 1.4632 | cls = 0.0340 | lr = 0.000034
epoch 037 | step 0800 | total = 4.2834 | box = 0.5755 | obj = 1.3700 | cls = 0.0361 | lr = 0.000034
epoch 037 | step 0820 | total = 3.5965 | box = 0.4395 | obj = 1.3605 | cls = 0.0383 | lr = 0.000034
epoch 037 | step 0840 | total = 4.3677 | box = 0.5862 | obj = 1.4069 | cls = 0.0296 | lr = 0.000034
epoch 037 | step 0860 | total = 3.7463 | box = 0.4575 | obj = 1.4211 | cls = 0.0377 | lr = 0.000034
epoch 037 | step 0880 | total = 4.3429 | box = 0.5893 | obj = 1.3554 | cls = 0.0408 | lr = 0.000034
epoch 037 | step 0900 | total = 3.7786 | box = 0.4740 | obj = 1.3710 | cls = 0.0377 | lr = 0.000034
epoch 037 | step 0920 | total = 3.7641 | box = 0.4794 | obj = 1.3265 | cls = 0.0406 | lr = 0.000034
[epoch 037 train] total = 4.2733 | box = 0.5635 | obj = 1.4170 | cls = 0.0385 | steps = 925 | global_batches = 7400 | samples = 118288 | time = 805.6s
[epoch 037 val] total = 4.4649 | box = 0.5900 | obj = 1.4757 | cls = 0.0391 | steps = 40 | global_batches = 320 | samples = 5000 | time = 23.6s
epoch 038 | step 0001 | total = 4.0715 | box = 0.5517 | obj = 1.2714 | cls = 0.0417 | lr = 0.000024
epoch 038 | step 0020 | total = 4.6800 | box = 0.6170 | obj = 1.5533 | cls = 0.0418 | lr = 0.000024
epoch 038 | step 0040 | total = 4.8739 | box = 0.6606 | obj = 1.5272 | cls = 0.0437 | lr = 0.000024
epoch 038 | step 0060 | total = 4.5405 | box = 0.6217 | obj = 1.3923 | cls = 0.0397 | lr = 0.000024
epoch 038 | step 0080 | total = 4.1623 | box = 0.5272 | obj = 1.4786 | cls = 0.0478 | lr = 0.000024
epoch 038 | step 0100 | total = 3.8449 | box = 0.4995 | obj = 1.3159 | cls = 0.0315 | lr = 0.000024
epoch 038 | step 0120 | total = 4.7769 | box = 0.6548 | obj = 1.4731 | cls = 0.0300 | lr = 0.000024
epoch 038 | step 0140 | total = 3.7979 | box = 0.4805 | obj = 1.3584 | cls = 0.0367 | lr = 0.000024
epoch 038 | step 0160 | total = 4.4914 | box = 0.5937 | obj = 1.4830 | cls = 0.0399 | lr = 0.000024
epoch 038 | step 0180 | total = 5.2992 | box = 0.7860 | obj = 1.3368 | cls = 0.0324 | lr = 0.000024
epoch 038 | step 0200 | total = 5.0129 | box = 0.6943 | obj = 1.5050 | cls = 0.0362 | lr = 0.000024
epoch 038 | step 0220 | total = 4.6134 | box = 0.6374 | obj = 1.3941 | cls = 0.0323 | lr = 0.000024
epoch 038 | step 0240 | total = 4.8340 | box = 0.6416 | obj = 1.5880 | cls = 0.0381 | lr = 0.000024
epoch 038 | step 0260 | total = 4.6155 | box = 0.6553 | obj = 1.3083 | cls = 0.0305 | lr = 0.000024
epoch 038 | step 0280 | total = 4.0977 | box = 0.5232 | obj = 1.4442 | cls = 0.0377 | lr = 0.000024
epoch 038 | step 0300 | total = 3.8122 | box = 0.4983 | obj = 1.2899 | cls = 0.0309 | lr = 0.000024
epoch 038 | step 0320 | total = 3.9348 | box = 0.5014 | obj = 1.3813 | cls = 0.0464 | lr = 0.000024
epoch 038 | step 0340 | total = 4.0521 | box = 0.5081 | obj = 1.4651 | cls = 0.0467 | lr = 0.000024
epoch 038 | step 0360 | total = 4.9636 | box = 0.6823 | obj = 1.5235 | cls = 0.0285 | lr = 0.000024
epoch 038 | step 0380 | total = 4.6163 | box = 0.6021 | obj = 1.5676 | cls = 0.0383 | lr = 0.000024
epoch 038 | step 0400 | total = 4.2153 | box = 0.5583 | obj = 1.3889 | cls = 0.0348 | lr = 0.000024
epoch 038 | step 0420 | total = 3.8119 | box = 0.4542 | obj = 1.4954 | cls = 0.0454 | lr = 0.000024
epoch 038 | step 0440 | total = 4.4454 | box = 0.6060 | obj = 1.3791 | cls = 0.0362 | lr = 0.000024
epoch 038 | step 0460 | total = 4.7490 | box = 0.6651 | obj = 1.3856 | cls = 0.0381 | lr = 0.000024
epoch 038 | step 0480 | total = 4.8864 | box = 0.6790 | obj = 1.4569 | cls = 0.0347 | lr = 0.000024
epoch 038 | step 0500 | total = 4.1129 | box = 0.5451 | obj = 1.3525 | cls = 0.0347 | lr = 0.000024
epoch 038 | step 0520 | total = 4.5981 | box = 0.6246 | obj = 1.4373 | cls = 0.0377 | lr = 0.000024
epoch 038 | step 0540 | total = 4.5412 | box = 0.5996 | obj = 1.5062 | cls = 0.0372 | lr = 0.000024
epoch 038 | step 0560 | total = 5.0203 | box = 0.6923 | obj = 1.5241 | cls = 0.0346 | lr = 0.000024
epoch 038 | step 0580 | total = 4.4876 | box = 0.6152 | obj = 1.3694 | cls = 0.0420 | lr = 0.000024
epoch 038 | step 0600 | total = 3.7703 | box = 0.4791 | obj = 1.3380 | cls = 0.0369 | lr = 0.000024
epoch 038 | step 0620 | total = 4.5897 | box = 0.6104 | obj = 1.4969 | cls = 0.0409 | lr = 0.000024
epoch 038 | step 0640 | total = 4.5561 | box = 0.5796 | obj = 1.6200 | cls = 0.0379 | lr = 0.000024
epoch 038 | step 0660 | total = 3.5897 | box = 0.4437 | obj = 1.3323 | cls = 0.0388 | lr = 0.000024
epoch 038 | step 0680 | total = 2.9064 | box = 0.3418 | obj = 1.1589 | cls = 0.0384 | lr = 0.000024
epoch 038 | step 0700 | total = 4.6432 | box = 0.6439 | obj = 1.3890 | cls = 0.0348 | lr = 0.000024
epoch 038 | step 0720 | total = 3.9538 | box = 0.5085 | obj = 1.3757 | cls = 0.0356 | lr = 0.000024
epoch 038 | step 0740 | total = 3.9587 | box = 0.4900 | obj = 1.4741 | cls = 0.0348 | lr = 0.000024
epoch 038 | step 0760 | total = 3.7395 | box = 0.4672 | obj = 1.3689 | cls = 0.0345 | lr = 0.000024
epoch 038 | step 0780 | total = 3.9633 | box = 0.5234 | obj = 1.3159 | cls = 0.0303 | lr = 0.000024
epoch 038 | step 0800 | total = 4.0847 | box = 0.5280 | obj = 1.4084 | cls = 0.0364 | lr = 0.000024
epoch 038 | step 0820 | total = 4.9086 | box = 0.6872 | obj = 1.4334 | cls = 0.0394 | lr = 0.000024
epoch 038 | step 0840 | total = 4.6761 | box = 0.6364 | obj = 1.4593 | cls = 0.0348 | lr = 0.000024
epoch 038 | step 0860 | total = 4.0943 | box = 0.5469 | obj = 1.3300 | cls = 0.0300 | lr = 0.000024
epoch 038 | step 0880 | total = 3.2189 | box = 0.3872 | obj = 1.2359 | cls = 0.0472 | lr = 0.000024
epoch 038 | step 0900 | total = 4.8850 | box = 0.6678 | obj = 1.5084 | cls = 0.0376 | lr = 0.000024
epoch 038 | step 0920 | total = 4.3960 | box = 0.5563 | obj = 1.5685 | cls = 0.0460 | lr = 0.000024
[epoch 038 train] total = 4.2700 | box = 0.5634 | obj = 1.4148 | cls = 0.0384 | steps = 925 | global_batches = 7400 | samples = 118288 | time = 804.5s
[epoch 038 val] total = 4.4706 | box = 0.5901 | obj = 1.4811 | cls = 0.0390 | steps = 40 | global_batches = 320 | samples = 5000 | time = 23.9s
epoch 039 | step 0001 | total = 3.8969 | box = 0.5093 | obj = 1.3153 | cls = 0.0349 | lr = 0.000016
epoch 039 | step 0020 | total = 5.1976 | box = 0.7504 | obj = 1.4108 | cls = 0.0347 | lr = 0.000016
epoch 039 | step 0040 | total = 4.0735 | box = 0.5030 | obj = 1.5198 | cls = 0.0385 | lr = 0.000016
epoch 039 | step 0060 | total = 4.3532 | box = 0.5744 | obj = 1.4411 | cls = 0.0402 | lr = 0.000016
epoch 039 | step 0080 | total = 4.3847 | box = 0.5830 | obj = 1.4335 | cls = 0.0359 | lr = 0.000016
epoch 039 | step 0100 | total = 3.1735 | box = 0.3836 | obj = 1.2150 | cls = 0.0406 | lr = 0.000016
epoch 039 | step 0120 | total = 4.0770 | box = 0.5376 | obj = 1.3513 | cls = 0.0376 | lr = 0.000016
epoch 039 | step 0140 | total = 4.1168 | box = 0.5111 | obj = 1.5235 | cls = 0.0376 | lr = 0.000016
epoch 039 | step 0160 | total = 4.5132 | box = 0.6154 | obj = 1.4015 | cls = 0.0347 | lr = 0.000016
epoch 039 | step 0180 | total = 4.6571 | box = 0.6291 | obj = 1.4787 | cls = 0.0329 | lr = 0.000016
epoch 039 | step 0200 | total = 4.3803 | box = 0.5682 | obj = 1.4981 | cls = 0.0412 | lr = 0.000016
epoch 039 | step 0220 | total = 3.8682 | box = 0.4900 | obj = 1.3659 | cls = 0.0521 | lr = 0.000016
epoch 039 | step 0240 | total = 4.1382 | box = 0.5461 | obj = 1.3682 | cls = 0.0395 | lr = 0.000016
epoch 039 | step 0260 | total = 4.5467 | box = 0.5919 | obj = 1.5496 | cls = 0.0374 | lr = 0.000016
epoch 039 | step 0280 | total = 4.1728 | box = 0.5493 | obj = 1.3897 | cls = 0.0368 | lr = 0.000016
epoch 039 | step 0300 | total = 3.9683 | box = 0.5222 | obj = 1.3189 | cls = 0.0386 | lr = 0.000016
epoch 039 | step 0320 | total = 4.1888 | box = 0.5508 | obj = 1.3943 | cls = 0.0406 | lr = 0.000016
epoch 039 | step 0340 | total = 4.1273 | box = 0.5443 | obj = 1.3664 | cls = 0.0396 | lr = 0.000016
epoch 039 | step 0360 | total = 4.0089 | box = 0.5283 | obj = 1.3381 | cls = 0.0292 | lr = 0.000016
epoch 039 | step 0380 | total = 4.3919 | box = 0.6041 | obj = 1.3378 | cls = 0.0334 | lr = 0.000016
epoch 039 | step 0400 | total = 3.4894 | box = 0.4215 | obj = 1.3369 | cls = 0.0450 | lr = 0.000016
epoch 039 | step 0420 | total = 4.9205 | box = 0.6833 | obj = 1.4644 | cls = 0.0396 | lr = 0.000016
epoch 039 | step 0440 | total = 3.7589 | box = 0.4440 | obj = 1.4938 | cls = 0.0454 | lr = 0.000016
epoch 039 | step 0460 | total = 5.6325 | box = 0.8170 | obj = 1.5039 | cls = 0.0435 | lr = 0.000016
epoch 039 | step 0480 | total = 4.1935 | box = 0.5357 | obj = 1.4727 | cls = 0.0421 | lr = 0.000016
epoch 039 | step 0500 | total = 5.0757 | box = 0.6859 | obj = 1.6069 | cls = 0.0393 | lr = 0.000016
epoch 039 | step 0520 | total = 4.3531 | box = 0.5731 | obj = 1.4489 | cls = 0.0388 | lr = 0.000016
epoch 039 | step 0540 | total = 4.2323 | box = 0.5561 | obj = 1.4209 | cls = 0.0310 | lr = 0.000016
epoch 039 | step 0560 | total = 3.6360 | box = 0.4214 | obj = 1.4882 | cls = 0.0406 | lr = 0.000016
epoch 039 | step 0580 | total = 3.8434 | box = 0.4804 | obj = 1.4028 | cls = 0.0387 | lr = 0.000016
epoch 039 | step 0600 | total = 3.1129 | box = 0.3790 | obj = 1.1819 | cls = 0.0361 | lr = 0.000016
epoch 039 | step 0620 | total = 5.0022 | box = 0.7007 | obj = 1.4633 | cls = 0.0355 | lr = 0.000016
epoch 039 | step 0640 | total = 4.1498 | box = 0.5316 | obj = 1.4526 | cls = 0.0394 | lr = 0.000016
epoch 039 | step 0660 | total = 4.0844 | box = 0.5402 | obj = 1.3417 | cls = 0.0415 | lr = 0.000016
epoch 039 | step 0680 | total = 4.7747 | box = 0.6244 | obj = 1.6003 | cls = 0.0522 | lr = 0.000016
epoch 039 | step 0700 | total = 4.4221 | box = 0.6181 | obj = 1.2926 | cls = 0.0391 | lr = 0.000016
epoch 039 | step 0720 | total = 4.4035 | box = 0.5915 | obj = 1.4083 | cls = 0.0379 | lr = 0.000016
epoch 039 | step 0740 | total = 4.0363 | box = 0.5168 | obj = 1.4136 | cls = 0.0387 | lr = 0.000016
epoch 039 | step 0760 | total = 4.0496 | box = 0.5258 | obj = 1.3826 | cls = 0.0378 | lr = 0.000016
epoch 039 | step 0780 | total = 4.5968 | box = 0.6290 | obj = 1.4168 | cls = 0.0351 | lr = 0.000016
epoch 039 | step 0800 | total = 4.2807 | box = 0.5653 | obj = 1.4184 | cls = 0.0356 | lr = 0.000016
epoch 039 | step 0820 | total = 3.7464 | box = 0.4928 | obj = 1.2445 | cls = 0.0380 | lr = 0.000016
epoch 039 | step 0840 | total = 4.0255 | box = 0.5186 | obj = 1.3957 | cls = 0.0368 | lr = 0.000016
epoch 039 | step 0860 | total = 5.0199 | box = 0.7209 | obj = 1.3765 | cls = 0.0389 | lr = 0.000016
epoch 039 | step 0880 | total = 3.7888 | box = 0.4743 | obj = 1.3730 | cls = 0.0442 | lr = 0.000016
epoch 039 | step 0900 | total = 5.1591 | box = 0.7199 | obj = 1.5255 | cls = 0.0340 | lr = 0.000016
epoch 039 | step 0920 | total = 4.3088 | box = 0.5645 | obj = 1.4467 | cls = 0.0395 | lr = 0.000016
[epoch 039 train] total = 4.2625 | box = 0.5622 | obj = 1.4133 | cls = 0.0384 | steps = 925 | global_batches = 7400 | samples = 118288 | time = 804.6s
[epoch 039 val] total = 4.4610 | box = 0.5895 | obj = 1.4745 | cls = 0.0390 | steps = 40 | global_batches = 320 | samples = 5000 | time = 23.6s
epoch 040 | step 0001 | total = 4.2458 | box = 0.5729 | obj = 1.3428 | cls = 0.0387 | lr = 0.000012
epoch 040 | step 0020 | total = 4.4002 | box = 0.5980 | obj = 1.3789 | cls = 0.0313 | lr = 0.000012
epoch 040 | step 0040 | total = 4.5780 | box = 0.6092 | obj = 1.4883 | cls = 0.0436 | lr = 0.000012
epoch 040 | step 0060 | total = 4.4934 | box = 0.6038 | obj = 1.4343 | cls = 0.0399 | lr = 0.000012
epoch 040 | step 0080 | total = 4.3398 | box = 0.5807 | obj = 1.3924 | cls = 0.0439 | lr = 0.000012
epoch 040 | step 0100 | total = 3.7869 | box = 0.4739 | obj = 1.3797 | cls = 0.0377 | lr = 0.000012
epoch 040 | step 0120 | total = 3.7160 | box = 0.4897 | obj = 1.2324 | cls = 0.0353 | lr = 0.000012
epoch 040 | step 0140 | total = 4.2660 | box = 0.5623 | obj = 1.4172 | cls = 0.0374 | lr = 0.000012
epoch 040 | step 0160 | total = 4.2447 | box = 0.5490 | obj = 1.4537 | cls = 0.0458 | lr = 0.000012
epoch 040 | step 0180 | total = 4.2660 | box = 0.5851 | obj = 1.3112 | cls = 0.0292 | lr = 0.000012
epoch 040 | step 0200 | total = 4.1863 | box = 0.5400 | obj = 1.4468 | cls = 0.0393 | lr = 0.000012
epoch 040 | step 0220 | total = 4.0981 | box = 0.5275 | obj = 1.4182 | cls = 0.0424 | lr = 0.000012
epoch 040 | step 0240 | total = 4.4839 | box = 0.5802 | obj = 1.5414 | cls = 0.0416 | lr = 0.000012
epoch 040 | step 0260 | total = 4.2729 | box = 0.5708 | obj = 1.3837 | cls = 0.0354 | lr = 0.000012
epoch 040 | step 0280 | total = 3.9597 | box = 0.5011 | obj = 1.4187 | cls = 0.0355 | lr = 0.000012
epoch 040 | step 0300 | total = 3.7231 | box = 0.4409 | obj = 1.4730 | cls = 0.0455 | lr = 0.000012
epoch 040 | step 0320 | total = 4.6020 | box = 0.6022 | obj = 1.5376 | cls = 0.0532 | lr = 0.000012
epoch 040 | step 0340 | total = 3.6360 | box = 0.4451 | obj = 1.3686 | cls = 0.0419 | lr = 0.000012
epoch 040 | step 0360 | total = 4.6818 | box = 0.6398 | obj = 1.4413 | cls = 0.0415 | lr = 0.000012
epoch 040 | step 0380 | total = 4.6857 | box = 0.6406 | obj = 1.4440 | cls = 0.0388 | lr = 0.000012
epoch 040 | step 0400 | total = 4.1577 | box = 0.5299 | obj = 1.4706 | cls = 0.0376 | lr = 0.000012
epoch 040 | step 0420 | total = 4.3021 | box = 0.5947 | obj = 1.2984 | cls = 0.0303 | lr = 0.000012
epoch 040 | step 0440 | total = 4.4321 | box = 0.6168 | obj = 1.3092 | cls = 0.0391 | lr = 0.000012
epoch 040 | step 0460 | total = 3.8487 | box = 0.4944 | obj = 1.3417 | cls = 0.0351 | lr = 0.000012
epoch 040 | step 0480 | total = 4.5851 | box = 0.6029 | obj = 1.5358 | cls = 0.0348 | lr = 0.000012
epoch 040 | step 0500 | total = 3.7427 | box = 0.4867 | obj = 1.2712 | cls = 0.0378 | lr = 0.000012
epoch 040 | step 0520 | total = 4.0100 | box = 0.5365 | obj = 1.2874 | cls = 0.0401 | lr = 0.000012
epoch 040 | step 0540 | total = 3.9123 | box = 0.5169 | obj = 1.2876 | cls = 0.0404 | lr = 0.000012
epoch 040 | step 0560 | total = 4.7526 | box = 0.6554 | obj = 1.4435 | cls = 0.0319 | lr = 0.000012
epoch 040 | step 0580 | total = 4.5505 | box = 0.6059 | obj = 1.4757 | cls = 0.0455 | lr = 0.000012
epoch 040 | step 0600 | total = 4.7227 | box = 0.6384 | obj = 1.4900 | cls = 0.0407 | lr = 0.000012
epoch 040 | step 0620 | total = 4.3991 | box = 0.5921 | obj = 1.4043 | cls = 0.0340 | lr = 0.000012
epoch 040 | step 0640 | total = 3.8152 | box = 0.4707 | obj = 1.4260 | cls = 0.0355 | lr = 0.000012
epoch 040 | step 0660 | total = 4.5010 | box = 0.6067 | obj = 1.4327 | cls = 0.0349 | lr = 0.000012
epoch 040 | step 0680 | total = 4.5818 | box = 0.6207 | obj = 1.4424 | cls = 0.0359 | lr = 0.000012
epoch 040 | step 0700 | total = 4.8231 | box = 0.6633 | obj = 1.4657 | cls = 0.0412 | lr = 0.000012
epoch 040 | step 0720 | total = 4.0742 | box = 0.4819 | obj = 1.6245 | cls = 0.0402 | lr = 0.000012
epoch 040 | step 0740 | total = 3.8528 | box = 0.5006 | obj = 1.3074 | cls = 0.0421 | lr = 0.000012
epoch 040 | step 0760 | total = 3.7644 | box = 0.4869 | obj = 1.2946 | cls = 0.0352 | lr = 0.000012
epoch 040 | step 0780 | total = 4.4252 | box = 0.5747 | obj = 1.5145 | cls = 0.0374 | lr = 0.000012
epoch 040 | step 0800 | total = 3.9029 | box = 0.5023 | obj = 1.3466 | cls = 0.0448 | lr = 0.000012
epoch 040 | step 0820 | total = 4.2568 | box = 0.5632 | obj = 1.4037 | cls = 0.0371 | lr = 0.000012
epoch 040 | step 0840 | total = 4.6221 | box = 0.5947 | obj = 1.6108 | cls = 0.0377 | lr = 0.000012
epoch 040 | step 0860 | total = 4.4157 | box = 0.5845 | obj = 1.4541 | cls = 0.0391 | lr = 0.000012
epoch 040 | step 0880 | total = 5.1041 | box = 0.7135 | obj = 1.5016 | cls = 0.0353 | lr = 0.000012
epoch 040 | step 0900 | total = 4.7098 | box = 0.6258 | obj = 1.5451 | cls = 0.0359 | lr = 0.000012
epoch 040 | step 0920 | total = 3.8723 | box = 0.4955 | obj = 1.3601 | cls = 0.0348 | lr = 0.000012
[epoch 040 train] total = 4.2592 | box = 0.5618 | obj = 1.4121 | cls = 0.0384 | steps = 925 | global_batches = 7400 | samples = 118288 | time = 804.7s
[epoch 040 val] total = 4.4797 | box = 0.5908 | obj = 1.4867 | cls = 0.0392 | steps = 40 | global_batches = 320 | samples = 5000 | time = 24.3s
training status: completed
result summary: logs/records/dual_scale_three_box_coco_only_noobj1_416_basic_aug_v2_no_noise_40_ddp_20260510_231343/result.txt
training_exit=0
postrun_run_id=dual_scale_three_box_coco_only_noobj1_416_basic_aug_v2_no_noise_40_ddp_20260510_231343
best_checkpoint=outputs/dual_scale_three_box_coco_only_noobj1_416_basic_aug_v2_no_noise_40_ddp_20260510_231343/best.pth
stage=coco_eval_full_val2017
creating index...
index created!
Loading and preparing results...
DONE (t=0.73s)
creating index...
index created!
Running per image evaluation...
Evaluate annotation type *bbox*
DONE (t=21.00s).
Accumulating evaluation results...
DONE (t=4.51s).
 Average Precision  (AP) @[ IoU=0.50:0.95 | area=   all | maxDets=100 ] = 0.178
 Average Precision  (AP) @[ IoU=0.50      | area=   all | maxDets=100 ] = 0.290
 Average Precision  (AP) @[ IoU=0.75      | area=   all | maxDets=100 ] = 0.188
 Average Precision  (AP) @[ IoU=0.50:0.95 | area= small | maxDets=100 ] = 0.076
 Average Precision  (AP) @[ IoU=0.50:0.95 | area=medium | maxDets=100 ] = 0.194
 Average Precision  (AP) @[ IoU=0.50:0.95 | area= large | maxDets=100 ] = 0.248
 Average Recall     (AR) @[ IoU=0.50:0.95 | area=   all | maxDets=  1 ] = 0.211
 Average Recall     (AR) @[ IoU=0.50:0.95 | area=   all | maxDets= 10 ] = 0.323
 Average Recall     (AR) @[ IoU=0.50:0.95 | area=   all | maxDets=100 ] = 0.338
 Average Recall     (AR) @[ IoU=0.50:0.95 | area= small | maxDets=100 ] = 0.128
 Average Recall     (AR) @[ IoU=0.50:0.95 | area=medium | maxDets=100 ] = 0.364
 Average Recall     (AR) @[ IoU=0.50:0.95 | area= large | maxDets=100 ] = 0.471
{
  "anchors": {
    "p4": [
      [
        0.04,
        0.055
      ],
      [
        0.075,
        0.11
      ],
      [
        0.13,
        0.18
      ]
    ],
    "p5": [
      [
        0.18,
        0.24
      ],
      [
        0.32,
        0.42
      ],
      [
        0.52,
        0.62
      ]
    ]
  },
  "batch_size": 1.0,
  "box_parameterization": "yolov5",
  "checkpoint_path": "/home/lidz/YOLO/yolo_final/outputs/dual_scale_three_box_coco_only_noobj1_416_basic_aug_v2_no_noise_40_ddp_20260510_231343/best.pth",
  "coco_ap": 0.17795203443996754,
  "coco_ap50": 0.2901130018073919,
  "coco_ap75": 0.18809068410475777,
  "coco_ap_large": 0.24808408375254784,
  "coco_ap_medium": 0.1935557512517989,
  "coco_ap_small": 0.07619089959992396,
  "coco_ar1": 0.21066443948469363,
  "coco_ar10": 0.32305100971166323,
  "coco_ar100": 0.3378974347210398,
  "coco_ar_large": 0.47055180504218813,
  "coco_ar_medium": 0.36379300531133923,
  "coco_ar_small": 0.12802290108402672,
  "config_path": "/home/lidz/YOLO/yolo_final/configs/dual_scale_three_box_coco_only_noobj1_416_basic_aug_v2_no_noise_40.toml",
  "conv2d_flops": 78381475328.0,
  "device": "cuda",
  "duration_seconds": 0.35508130700327456,
  "images_per_second": 281.62563905139,
  "linear_flops": 0.0,
  "manifest_path": "/home/lidz/YOLO/DataSet/Unified/manifests/coco2017_val.jsonl",
  "measure_iters": 100.0,
  "milliseconds_per_batch": 3.5508130700327456,
  "model_name": "deep_residual_dual_scale_three_box",
  "num_boxes": 3,
  "num_predictions": 240665.0,
  "num_samples": 5000.0,
  "output_shape": {
    "p4": [
      1,
      26,
      26,
      255
    ],
    "p5": [
      1,
      13,
      13,
      255
    ]
  },
  "params_total": 36531294,
  "params_trainable": 36531294,
  "score_alpha": 2.0,
  "score_beta": 1.0,
  "total_flops": 78381475328.0,
  "total_gflops": 78.381475328,
  "warmup_iters": 20.0
}
coco_eval_exit=0
stage=sweep_500
sweep 1/96: alpha=1.5, beta=1.0, threshold=0.03, top_k=20, nms=0.4
creating index...
index created!
Loading and preparing results...
DONE (t=0.01s)
creating index...
index created!
Running per image evaluation...
Evaluate annotation type *bbox*
DONE (t=1.35s).
Accumulating evaluation results...
DONE (t=0.56s).
 Average Precision  (AP) @[ IoU=0.50:0.95 | area=   all | maxDets=100 ] = 0.208
 Average Precision  (AP) @[ IoU=0.50      | area=   all | maxDets=100 ] = 0.311
 Average Precision  (AP) @[ IoU=0.75      | area=   all | maxDets=100 ] = 0.237
 Average Precision  (AP) @[ IoU=0.50:0.95 | area= small | maxDets=100 ] = 0.081
 Average Precision  (AP) @[ IoU=0.50:0.95 | area=medium | maxDets=100 ] = 0.222
 Average Precision  (AP) @[ IoU=0.50:0.95 | area= large | maxDets=100 ] = 0.280
 Average Recall     (AR) @[ IoU=0.50:0.95 | area=   all | maxDets=  1 ] = 0.231
 Average Recall     (AR) @[ IoU=0.50:0.95 | area=   all | maxDets= 10 ] = 0.309
 Average Recall     (AR) @[ IoU=0.50:0.95 | area=   all | maxDets=100 ] = 0.310
 Average Recall     (AR) @[ IoU=0.50:0.95 | area= small | maxDets=100 ] = 0.102
 Average Recall     (AR) @[ IoU=0.50:0.95 | area=medium | maxDets=100 ] = 0.312
 Average Recall     (AR) @[ IoU=0.50:0.95 | area= large | maxDets=100 ] = 0.422
sweep 2/96: alpha=1.5, beta=1.0, threshold=0.03, top_k=20, nms=0.5
creating index...
index created!
Loading and preparing results...
DONE (t=0.01s)
creating index...
index created!
Running per image evaluation...
Evaluate annotation type *bbox*
DONE (t=1.09s).
Accumulating evaluation results...
DONE (t=0.44s).
 Average Precision  (AP) @[ IoU=0.50:0.95 | area=   all | maxDets=100 ] = 0.207
 Average Precision  (AP) @[ IoU=0.50      | area=   all | maxDets=100 ] = 0.306
 Average Precision  (AP) @[ IoU=0.75      | area=   all | maxDets=100 ] = 0.236
 Average Precision  (AP) @[ IoU=0.50:0.95 | area= small | maxDets=100 ] = 0.077
 Average Precision  (AP) @[ IoU=0.50:0.95 | area=medium | maxDets=100 ] = 0.223
 Average Precision  (AP) @[ IoU=0.50:0.95 | area= large | maxDets=100 ] = 0.280
 Average Recall     (AR) @[ IoU=0.50:0.95 | area=   all | maxDets=  1 ] = 0.226
 Average Recall     (AR) @[ IoU=0.50:0.95 | area=   all | maxDets= 10 ] = 0.305
 Average Recall     (AR) @[ IoU=0.50:0.95 | area=   all | maxDets=100 ] = 0.308
 Average Recall     (AR) @[ IoU=0.50:0.95 | area= small | maxDets=100 ] = 0.098
 Average Recall     (AR) @[ IoU=0.50:0.95 | area=medium | maxDets=100 ] = 0.312
 Average Recall     (AR) @[ IoU=0.50:0.95 | area= large | maxDets=100 ] = 0.424
sweep 3/96: alpha=1.5, beta=1.0, threshold=0.03, top_k=20, nms=0.6
creating index...
index created!
Loading and preparing results...
DONE (t=0.01s)
creating index...
index created!
Running per image evaluation...
Evaluate annotation type *bbox*
DONE (t=1.09s).
Accumulating evaluation results...
DONE (t=0.43s).
 Average Precision  (AP) @[ IoU=0.50:0.95 | area=   all | maxDets=100 ] = 0.203
 Average Precision  (AP) @[ IoU=0.50      | area=   all | maxDets=100 ] = 0.296
 Average Precision  (AP) @[ IoU=0.75      | area=   all | maxDets=100 ] = 0.236
 Average Precision  (AP) @[ IoU=0.50:0.95 | area= small | maxDets=100 ] = 0.077
 Average Precision  (AP) @[ IoU=0.50:0.95 | area=medium | maxDets=100 ] = 0.220
 Average Precision  (AP) @[ IoU=0.50:0.95 | area= large | maxDets=100 ] = 0.275
 Average Recall     (AR) @[ IoU=0.50:0.95 | area=   all | maxDets=  1 ] = 0.222
 Average Recall     (AR) @[ IoU=0.50:0.95 | area=   all | maxDets= 10 ] = 0.305
 Average Recall     (AR) @[ IoU=0.50:0.95 | area=   all | maxDets=100 ] = 0.307
 Average Recall     (AR) @[ IoU=0.50:0.95 | area= small | maxDets=100 ] = 0.098
 Average Recall     (AR) @[ IoU=0.50:0.95 | area=medium | maxDets=100 ] = 0.306
 Average Recall     (AR) @[ IoU=0.50:0.95 | area= large | maxDets=100 ] = 0.420
sweep 4/96: alpha=1.5, beta=1.0, threshold=0.03, top_k=50, nms=0.4
creating index...
index created!
Loading and preparing results...
DONE (t=0.02s)
creating index...
index created!
Running per image evaluation...
Evaluate annotation type *bbox*
DONE (t=1.64s).
Accumulating evaluation results...
DONE (t=0.60s).
 Average Precision  (AP) @[ IoU=0.50:0.95 | area=   all | maxDets=100 ] = 0.213
 Average Precision  (AP) @[ IoU=0.50      | area=   all | maxDets=100 ] = 0.323
 Average Precision  (AP) @[ IoU=0.75      | area=   all | maxDets=100 ] = 0.240
 Average Precision  (AP) @[ IoU=0.50:0.95 | area= small | maxDets=100 ] = 0.092
 Average Precision  (AP) @[ IoU=0.50:0.95 | area=medium | maxDets=100 ] = 0.230
 Average Precision  (AP) @[ IoU=0.50:0.95 | area= large | maxDets=100 ] = 0.286
 Average Recall     (AR) @[ IoU=0.50:0.95 | area=   all | maxDets=  1 ] = 0.242
 Average Recall     (AR) @[ IoU=0.50:0.95 | area=   all | maxDets= 10 ] = 0.342
 Average Recall     (AR) @[ IoU=0.50:0.95 | area=   all | maxDets=100 ] = 0.348
 Average Recall     (AR) @[ IoU=0.50:0.95 | area= small | maxDets=100 ] = 0.127
 Average Recall     (AR) @[ IoU=0.50:0.95 | area=medium | maxDets=100 ] = 0.352
 Average Recall     (AR) @[ IoU=0.50:0.95 | area= large | maxDets=100 ] = 0.477
sweep 5/96: alpha=1.5, beta=1.0, threshold=0.03, top_k=50, nms=0.5
creating index...
index created!
Loading and preparing results...
DONE (t=0.02s)
creating index...
index created!
Running per image evaluation...
Evaluate annotation type *bbox*
DONE (t=1.64s).
Accumulating evaluation results...
DONE (t=0.59s).
 Average Precision  (AP) @[ IoU=0.50:0.95 | area=   all | maxDets=100 ] = 0.213
 Average Precision  (AP) @[ IoU=0.50      | area=   all | maxDets=100 ] = 0.320
 Average Precision  (AP) @[ IoU=0.75      | area=   all | maxDets=100 ] = 0.240
 Average Precision  (AP) @[ IoU=0.50:0.95 | area= small | maxDets=100 ] = 0.091
 Average Precision  (AP) @[ IoU=0.50:0.95 | area=medium | maxDets=100 ] = 0.233
 Average Precision  (AP) @[ IoU=0.50:0.95 | area= large | maxDets=100 ] = 0.285
 Average Recall     (AR) @[ IoU=0.50:0.95 | area=   all | maxDets=  1 ] = 0.239
 Average Recall     (AR) @[ IoU=0.50:0.95 | area=   all | maxDets= 10 ] = 0.342
 Average Recall     (AR) @[ IoU=0.50:0.95 | area=   all | maxDets=100 ] = 0.351
 Average Recall     (AR) @[ IoU=0.50:0.95 | area= small | maxDets=100 ] = 0.125
 Average Recall     (AR) @[ IoU=0.50:0.95 | area=medium | maxDets=100 ] = 0.358
 Average Recall     (AR) @[ IoU=0.50:0.95 | area= large | maxDets=100 ] = 0.480
sweep 6/96: alpha=1.5, beta=1.0, threshold=0.03, top_k=50, nms=0.6
creating index...
index created!
Loading and preparing results...
DONE (t=0.02s)
creating index...
index created!
Running per image evaluation...
Evaluate annotation type *bbox*
DONE (t=1.66s).
Accumulating evaluation results...
DONE (t=0.58s).
 Average Precision  (AP) @[ IoU=0.50:0.95 | area=   all | maxDets=100 ] = 0.209
 Average Precision  (AP) @[ IoU=0.50      | area=   all | maxDets=100 ] = 0.308
 Average Precision  (AP) @[ IoU=0.75      | area=   all | maxDets=100 ] = 0.240
 Average Precision  (AP) @[ IoU=0.50:0.95 | area= small | maxDets=100 ] = 0.089
 Average Precision  (AP) @[ IoU=0.50:0.95 | area=medium | maxDets=100 ] = 0.233
 Average Precision  (AP) @[ IoU=0.50:0.95 | area= large | maxDets=100 ] = 0.278
 Average Recall     (AR) @[ IoU=0.50:0.95 | area=   all | maxDets=  1 ] = 0.235
 Average Recall     (AR) @[ IoU=0.50:0.95 | area=   all | maxDets= 10 ] = 0.338
 Average Recall     (AR) @[ IoU=0.50:0.95 | area=   all | maxDets=100 ] = 0.349
 Average Recall     (AR) @[ IoU=0.50:0.95 | area= small | maxDets=100 ] = 0.123
 Average Recall     (AR) @[ IoU=0.50:0.95 | area=medium | maxDets=100 ] = 0.361
 Average Recall     (AR) @[ IoU=0.50:0.95 | area= large | maxDets=100 ] = 0.475
sweep 7/96: alpha=1.5, beta=1.0, threshold=0.03, top_k=100, nms=0.4
creating index...
index created!
Loading and preparing results...
DONE (t=0.12s)
creating index...
index created!
Running per image evaluation...
Evaluate annotation type *bbox*
DONE (t=2.16s).
Accumulating evaluation results...
DONE (t=0.71s).
 Average Precision  (AP) @[ IoU=0.50:0.95 | area=   all | maxDets=100 ] = 0.215
 Average Precision  (AP) @[ IoU=0.50      | area=   all | maxDets=100 ] = 0.327
 Average Precision  (AP) @[ IoU=0.75      | area=   all | maxDets=100 ] = 0.241
 Average Precision  (AP) @[ IoU=0.50:0.95 | area= small | maxDets=100 ] = 0.094
 Average Precision  (AP) @[ IoU=0.50:0.95 | area=medium | maxDets=100 ] = 0.232
 Average Precision  (AP) @[ IoU=0.50:0.95 | area= large | maxDets=100 ] = 0.287
 Average Recall     (AR) @[ IoU=0.50:0.95 | area=   all | maxDets=  1 ] = 0.246
 Average Recall     (AR) @[ IoU=0.50:0.95 | area=   all | maxDets= 10 ] = 0.354
 Average Recall     (AR) @[ IoU=0.50:0.95 | area=   all | maxDets=100 ] = 0.364
 Average Recall     (AR) @[ IoU=0.50:0.95 | area= small | maxDets=100 ] = 0.138
 Average Recall     (AR) @[ IoU=0.50:0.95 | area=medium | maxDets=100 ] = 0.367
 Average Recall     (AR) @[ IoU=0.50:0.95 | area= large | maxDets=100 ] = 0.503
sweep 8/96: alpha=1.5, beta=1.0, threshold=0.03, top_k=100, nms=0.5
creating index...
index created!
Loading and preparing results...
DONE (t=0.03s)
creating index...
index created!
Running per image evaluation...
Evaluate annotation type *bbox*
DONE (t=2.25s).
Accumulating evaluation results...
DONE (t=0.72s).
 Average Precision  (AP) @[ IoU=0.50:0.95 | area=   all | maxDets=100 ] = 0.215
 Average Precision  (AP) @[ IoU=0.50      | area=   all | maxDets=100 ] = 0.325
 Average Precision  (AP) @[ IoU=0.75      | area=   all | maxDets=100 ] = 0.242
 Average Precision  (AP) @[ IoU=0.50:0.95 | area= small | maxDets=100 ] = 0.093
 Average Precision  (AP) @[ IoU=0.50:0.95 | area=medium | maxDets=100 ] = 0.236
 Average Precision  (AP) @[ IoU=0.50:0.95 | area= large | maxDets=100 ] = 0.286
 Average Recall     (AR) @[ IoU=0.50:0.95 | area=   all | maxDets=  1 ] = 0.246
 Average Recall     (AR) @[ IoU=0.50:0.95 | area=   all | maxDets= 10 ] = 0.359
 Average Recall     (AR) @[ IoU=0.50:0.95 | area=   all | maxDets=100 ] = 0.374
 Average Recall     (AR) @[ IoU=0.50:0.95 | area= small | maxDets=100 ] = 0.140
 Average Recall     (AR) @[ IoU=0.50:0.95 | area=medium | maxDets=100 ] = 0.387
 Average Recall     (AR) @[ IoU=0.50:0.95 | area= large | maxDets=100 ] = 0.510
sweep 9/96: alpha=1.5, beta=1.0, threshold=0.03, top_k=100, nms=0.6
creating index...
index created!
Loading and preparing results...
DONE (t=0.12s)
creating index...
index created!
Running per image evaluation...
Evaluate annotation type *bbox*
DONE (t=2.34s).
Accumulating evaluation results...
DONE (t=0.73s).
 Average Precision  (AP) @[ IoU=0.50:0.95 | area=   all | maxDets=100 ] = 0.211
 Average Precision  (AP) @[ IoU=0.50      | area=   all | maxDets=100 ] = 0.313
 Average Precision  (AP) @[ IoU=0.75      | area=   all | maxDets=100 ] = 0.242
 Average Precision  (AP) @[ IoU=0.50:0.95 | area= small | maxDets=100 ] = 0.094
 Average Precision  (AP) @[ IoU=0.50:0.95 | area=medium | maxDets=100 ] = 0.236
 Average Precision  (AP) @[ IoU=0.50:0.95 | area= large | maxDets=100 ] = 0.279
 Average Recall     (AR) @[ IoU=0.50:0.95 | area=   all | maxDets=  1 ] = 0.245
 Average Recall     (AR) @[ IoU=0.50:0.95 | area=   all | maxDets= 10 ] = 0.361
 Average Recall     (AR) @[ IoU=0.50:0.95 | area=   all | maxDets=100 ] = 0.381
 Average Recall     (AR) @[ IoU=0.50:0.95 | area= small | maxDets=100 ] = 0.145
 Average Recall     (AR) @[ IoU=0.50:0.95 | area=medium | maxDets=100 ] = 0.398
 Average Recall     (AR) @[ IoU=0.50:0.95 | area= large | maxDets=100 ] = 0.507
sweep 10/96: alpha=1.5, beta=1.0, threshold=0.03, top_k=200, nms=0.4
creating index...
index created!
Loading and preparing results...
DONE (t=0.12s)
creating index...
index created!
Running per image evaluation...
Evaluate annotation type *bbox*
DONE (t=2.49s).
Accumulating evaluation results...
DONE (t=0.76s).
 Average Precision  (AP) @[ IoU=0.50:0.95 | area=   all | maxDets=100 ] = 0.215
 Average Precision  (AP) @[ IoU=0.50      | area=   all | maxDets=100 ] = 0.328
 Average Precision  (AP) @[ IoU=0.75      | area=   all | maxDets=100 ] = 0.241
 Average Precision  (AP) @[ IoU=0.50:0.95 | area= small | maxDets=100 ] = 0.095
 Average Precision  (AP) @[ IoU=0.50:0.95 | area=medium | maxDets=100 ] = 0.232
 Average Precision  (AP) @[ IoU=0.50:0.95 | area= large | maxDets=100 ] = 0.287
 Average Recall     (AR) @[ IoU=0.50:0.95 | area=   all | maxDets=  1 ] = 0.246
 Average Recall     (AR) @[ IoU=0.50:0.95 | area=   all | maxDets= 10 ] = 0.356
 Average Recall     (AR) @[ IoU=0.50:0.95 | area=   all | maxDets=100 ] = 0.369
 Average Recall     (AR) @[ IoU=0.50:0.95 | area= small | maxDets=100 ] = 0.146
 Average Recall     (AR) @[ IoU=0.50:0.95 | area=medium | maxDets=100 ] = 0.372
 Average Recall     (AR) @[ IoU=0.50:0.95 | area= large | maxDets=100 ] = 0.504
sweep 11/96: alpha=1.5, beta=1.0, threshold=0.03, top_k=200, nms=0.5
creating index...
index created!
Loading and preparing results...
DONE (t=0.14s)
creating index...
index created!
Running per image evaluation...
Evaluate annotation type *bbox*
DONE (t=2.74s).
Accumulating evaluation results...
DONE (t=0.82s).
 Average Precision  (AP) @[ IoU=0.50:0.95 | area=   all | maxDets=100 ] = 0.215
 Average Precision  (AP) @[ IoU=0.50      | area=   all | maxDets=100 ] = 0.325
 Average Precision  (AP) @[ IoU=0.75      | area=   all | maxDets=100 ] = 0.242
 Average Precision  (AP) @[ IoU=0.50:0.95 | area= small | maxDets=100 ] = 0.094
 Average Precision  (AP) @[ IoU=0.50:0.95 | area=medium | maxDets=100 ] = 0.237
 Average Precision  (AP) @[ IoU=0.50:0.95 | area= large | maxDets=100 ] = 0.286
 Average Recall     (AR) @[ IoU=0.50:0.95 | area=   all | maxDets=  1 ] = 0.246
 Average Recall     (AR) @[ IoU=0.50:0.95 | area=   all | maxDets= 10 ] = 0.363
 Average Recall     (AR) @[ IoU=0.50:0.95 | area=   all | maxDets=100 ] = 0.382
 Average Recall     (AR) @[ IoU=0.50:0.95 | area= small | maxDets=100 ] = 0.149
 Average Recall     (AR) @[ IoU=0.50:0.95 | area=medium | maxDets=100 ] = 0.400
 Average Recall     (AR) @[ IoU=0.50:0.95 | area= large | maxDets=100 ] = 0.511
sweep 12/96: alpha=1.5, beta=1.0, threshold=0.03, top_k=200, nms=0.6
creating index...
index created!
Loading and preparing results...
DONE (t=0.15s)
creating index...
index created!
Running per image evaluation...
Evaluate annotation type *bbox*
DONE (t=2.99s).
Accumulating evaluation results...
DONE (t=0.86s).
 Average Precision  (AP) @[ IoU=0.50:0.95 | area=   all | maxDets=100 ] = 0.212
 Average Precision  (AP) @[ IoU=0.50      | area=   all | maxDets=100 ] = 0.315
 Average Precision  (AP) @[ IoU=0.75      | area=   all | maxDets=100 ] = 0.243
 Average Precision  (AP) @[ IoU=0.50:0.95 | area= small | maxDets=100 ] = 0.095
 Average Precision  (AP) @[ IoU=0.50:0.95 | area=medium | maxDets=100 ] = 0.237
 Average Precision  (AP) @[ IoU=0.50:0.95 | area= large | maxDets=100 ] = 0.280
 Average Recall     (AR) @[ IoU=0.50:0.95 | area=   all | maxDets=  1 ] = 0.246
 Average Recall     (AR) @[ IoU=0.50:0.95 | area=   all | maxDets= 10 ] = 0.368
 Average Recall     (AR) @[ IoU=0.50:0.95 | area=   all | maxDets=100 ] = 0.393
 Average Recall     (AR) @[ IoU=0.50:0.95 | area= small | maxDets=100 ] = 0.153
 Average Recall     (AR) @[ IoU=0.50:0.95 | area=medium | maxDets=100 ] = 0.413
 Average Recall     (AR) @[ IoU=0.50:0.95 | area= large | maxDets=100 ] = 0.526
sweep 13/96: alpha=1.5, beta=1.0, threshold=0.05, top_k=20, nms=0.4
creating index...
index created!
Loading and preparing results...
DONE (t=0.01s)
creating index...
index created!
Running per image evaluation...
Evaluate annotation type *bbox*
DONE (t=1.21s).
Accumulating evaluation results...
DONE (t=0.46s).
 Average Precision  (AP) @[ IoU=0.50:0.95 | area=   all | maxDets=100 ] = 0.208
 Average Precision  (AP) @[ IoU=0.50      | area=   all | maxDets=100 ] = 0.311
 Average Precision  (AP) @[ IoU=0.75      | area=   all | maxDets=100 ] = 0.237
 Average Precision  (AP) @[ IoU=0.50:0.95 | area= small | maxDets=100 ] = 0.081
 Average Precision  (AP) @[ IoU=0.50:0.95 | area=medium | maxDets=100 ] = 0.222
 Average Precision  (AP) @[ IoU=0.50:0.95 | area= large | maxDets=100 ] = 0.280
 Average Recall     (AR) @[ IoU=0.50:0.95 | area=   all | maxDets=  1 ] = 0.231
 Average Recall     (AR) @[ IoU=0.50:0.95 | area=   all | maxDets= 10 ] = 0.309
 Average Recall     (AR) @[ IoU=0.50:0.95 | area=   all | maxDets=100 ] = 0.310
 Average Recall     (AR) @[ IoU=0.50:0.95 | area= small | maxDets=100 ] = 0.102
 Average Recall     (AR) @[ IoU=0.50:0.95 | area=medium | maxDets=100 ] = 0.312
 Average Recall     (AR) @[ IoU=0.50:0.95 | area= large | maxDets=100 ] = 0.422
sweep 14/96: alpha=1.5, beta=1.0, threshold=0.05, top_k=20, nms=0.5
creating index...
index created!
Loading and preparing results...
DONE (t=0.01s)
creating index...
index created!
Running per image evaluation...
Evaluate annotation type *bbox*
DONE (t=1.03s).
Accumulating evaluation results...
DONE (t=0.44s).
 Average Precision  (AP) @[ IoU=0.50:0.95 | area=   all | maxDets=100 ] = 0.207
 Average Precision  (AP) @[ IoU=0.50      | area=   all | maxDets=100 ] = 0.306
 Average Precision  (AP) @[ IoU=0.75      | area=   all | maxDets=100 ] = 0.236
 Average Precision  (AP) @[ IoU=0.50:0.95 | area= small | maxDets=100 ] = 0.077
 Average Precision  (AP) @[ IoU=0.50:0.95 | area=medium | maxDets=100 ] = 0.223
 Average Precision  (AP) @[ IoU=0.50:0.95 | area= large | maxDets=100 ] = 0.280
 Average Recall     (AR) @[ IoU=0.50:0.95 | area=   all | maxDets=  1 ] = 0.226
 Average Recall     (AR) @[ IoU=0.50:0.95 | area=   all | maxDets= 10 ] = 0.305
 Average Recall     (AR) @[ IoU=0.50:0.95 | area=   all | maxDets=100 ] = 0.307
 Average Recall     (AR) @[ IoU=0.50:0.95 | area= small | maxDets=100 ] = 0.098
 Average Recall     (AR) @[ IoU=0.50:0.95 | area=medium | maxDets=100 ] = 0.312
 Average Recall     (AR) @[ IoU=0.50:0.95 | area= large | maxDets=100 ] = 0.424
sweep 15/96: alpha=1.5, beta=1.0, threshold=0.05, top_k=20, nms=0.6
creating index...
index created!
Loading and preparing results...
DONE (t=0.01s)
creating index...
index created!
Running per image evaluation...
Evaluate annotation type *bbox*
DONE (t=1.06s).
Accumulating evaluation results...
DONE (t=0.44s).
 Average Precision  (AP) @[ IoU=0.50:0.95 | area=   all | maxDets=100 ] = 0.203
 Average Precision  (AP) @[ IoU=0.50      | area=   all | maxDets=100 ] = 0.296
 Average Precision  (AP) @[ IoU=0.75      | area=   all | maxDets=100 ] = 0.236
 Average Precision  (AP) @[ IoU=0.50:0.95 | area= small | maxDets=100 ] = 0.077
 Average Precision  (AP) @[ IoU=0.50:0.95 | area=medium | maxDets=100 ] = 0.220
 Average Precision  (AP) @[ IoU=0.50:0.95 | area= large | maxDets=100 ] = 0.275
 Average Recall     (AR) @[ IoU=0.50:0.95 | area=   all | maxDets=  1 ] = 0.222
 Average Recall     (AR) @[ IoU=0.50:0.95 | area=   all | maxDets= 10 ] = 0.305
 Average Recall     (AR) @[ IoU=0.50:0.95 | area=   all | maxDets=100 ] = 0.307
 Average Recall     (AR) @[ IoU=0.50:0.95 | area= small | maxDets=100 ] = 0.098
 Average Recall     (AR) @[ IoU=0.50:0.95 | area=medium | maxDets=100 ] = 0.306
 Average Recall     (AR) @[ IoU=0.50:0.95 | area= large | maxDets=100 ] = 0.420
sweep 16/96: alpha=1.5, beta=1.0, threshold=0.05, top_k=50, nms=0.4
creating index...
index created!
Loading and preparing results...
DONE (t=0.02s)
creating index...
index created!
Running per image evaluation...
Evaluate annotation type *bbox*
DONE (t=1.59s).
Accumulating evaluation results...
DONE (t=0.57s).
 Average Precision  (AP) @[ IoU=0.50:0.95 | area=   all | maxDets=100 ] = 0.213
 Average Precision  (AP) @[ IoU=0.50      | area=   all | maxDets=100 ] = 0.323
 Average Precision  (AP) @[ IoU=0.75      | area=   all | maxDets=100 ] = 0.240
 Average Precision  (AP) @[ IoU=0.50:0.95 | area= small | maxDets=100 ] = 0.092
 Average Precision  (AP) @[ IoU=0.50:0.95 | area=medium | maxDets=100 ] = 0.229
 Average Precision  (AP) @[ IoU=0.50:0.95 | area= large | maxDets=100 ] = 0.285
 Average Recall     (AR) @[ IoU=0.50:0.95 | area=   all | maxDets=  1 ] = 0.241
 Average Recall     (AR) @[ IoU=0.50:0.95 | area=   all | maxDets= 10 ] = 0.340
 Average Recall     (AR) @[ IoU=0.50:0.95 | area=   all | maxDets=100 ] = 0.347
 Average Recall     (AR) @[ IoU=0.50:0.95 | area= small | maxDets=100 ] = 0.126
 Average Recall     (AR) @[ IoU=0.50:0.95 | area=medium | maxDets=100 ] = 0.350
 Average Recall     (AR) @[ IoU=0.50:0.95 | area= large | maxDets=100 ] = 0.473
sweep 17/96: alpha=1.5, beta=1.0, threshold=0.05, top_k=50, nms=0.5
creating index...
index created!
Loading and preparing results...
DONE (t=0.11s)
creating index...
index created!
Running per image evaluation...
Evaluate annotation type *bbox*
DONE (t=1.61s).
Accumulating evaluation results...
DONE (t=0.57s).
 Average Precision  (AP) @[ IoU=0.50:0.95 | area=   all | maxDets=100 ] = 0.213
 Average Precision  (AP) @[ IoU=0.50      | area=   all | maxDets=100 ] = 0.320
 Average Precision  (AP) @[ IoU=0.75      | area=   all | maxDets=100 ] = 0.240
 Average Precision  (AP) @[ IoU=0.50:0.95 | area= small | maxDets=100 ] = 0.090
 Average Precision  (AP) @[ IoU=0.50:0.95 | area=medium | maxDets=100 ] = 0.233
 Average Precision  (AP) @[ IoU=0.50:0.95 | area= large | maxDets=100 ] = 0.285
 Average Recall     (AR) @[ IoU=0.50:0.95 | area=   all | maxDets=  1 ] = 0.239
 Average Recall     (AR) @[ IoU=0.50:0.95 | area=   all | maxDets= 10 ] = 0.341
 Average Recall     (AR) @[ IoU=0.50:0.95 | area=   all | maxDets=100 ] = 0.350
 Average Recall     (AR) @[ IoU=0.50:0.95 | area= small | maxDets=100 ] = 0.124
 Average Recall     (AR) @[ IoU=0.50:0.95 | area=medium | maxDets=100 ] = 0.358
 Average Recall     (AR) @[ IoU=0.50:0.95 | area= large | maxDets=100 ] = 0.478
sweep 18/96: alpha=1.5, beta=1.0, threshold=0.05, top_k=50, nms=0.6
creating index...
index created!
Loading and preparing results...
DONE (t=0.02s)
creating index...
index created!
Running per image evaluation...
Evaluate annotation type *bbox*
DONE (t=1.62s).
Accumulating evaluation results...
DONE (t=0.57s).
 Average Precision  (AP) @[ IoU=0.50:0.95 | area=   all | maxDets=100 ] = 0.209
 Average Precision  (AP) @[ IoU=0.50      | area=   all | maxDets=100 ] = 0.308
 Average Precision  (AP) @[ IoU=0.75      | area=   all | maxDets=100 ] = 0.240
 Average Precision  (AP) @[ IoU=0.50:0.95 | area= small | maxDets=100 ] = 0.089
 Average Precision  (AP) @[ IoU=0.50:0.95 | area=medium | maxDets=100 ] = 0.233
 Average Precision  (AP) @[ IoU=0.50:0.95 | area= large | maxDets=100 ] = 0.278
 Average Recall     (AR) @[ IoU=0.50:0.95 | area=   all | maxDets=  1 ] = 0.235
 Average Recall     (AR) @[ IoU=0.50:0.95 | area=   all | maxDets= 10 ] = 0.338
 Average Recall     (AR) @[ IoU=0.50:0.95 | area=   all | maxDets=100 ] = 0.348
 Average Recall     (AR) @[ IoU=0.50:0.95 | area= small | maxDets=100 ] = 0.122
 Average Recall     (AR) @[ IoU=0.50:0.95 | area=medium | maxDets=100 ] = 0.361
 Average Recall     (AR) @[ IoU=0.50:0.95 | area= large | maxDets=100 ] = 0.473
sweep 19/96: alpha=1.5, beta=1.0, threshold=0.05, top_k=100, nms=0.4
creating index...
index created!
Loading and preparing results...
DONE (t=0.02s)
creating index...
index created!
Running per image evaluation...
Evaluate annotation type *bbox*
DONE (t=1.96s).
Accumulating evaluation results...
DONE (t=0.65s).
 Average Precision  (AP) @[ IoU=0.50:0.95 | area=   all | maxDets=100 ] = 0.215
 Average Precision  (AP) @[ IoU=0.50      | area=   all | maxDets=100 ] = 0.326
 Average Precision  (AP) @[ IoU=0.75      | area=   all | maxDets=100 ] = 0.241
 Average Precision  (AP) @[ IoU=0.50:0.95 | area= small | maxDets=100 ] = 0.093
 Average Precision  (AP) @[ IoU=0.50:0.95 | area=medium | maxDets=100 ] = 0.232
 Average Precision  (AP) @[ IoU=0.50:0.95 | area= large | maxDets=100 ] = 0.287
 Average Recall     (AR) @[ IoU=0.50:0.95 | area=   all | maxDets=  1 ] = 0.245
 Average Recall     (AR) @[ IoU=0.50:0.95 | area=   all | maxDets= 10 ] = 0.351
 Average Recall     (AR) @[ IoU=0.50:0.95 | area=   all | maxDets=100 ] = 0.361
 Average Recall     (AR) @[ IoU=0.50:0.95 | area= small | maxDets=100 ] = 0.136
 Average Recall     (AR) @[ IoU=0.50:0.95 | area=medium | maxDets=100 ] = 0.365
 Average Recall     (AR) @[ IoU=0.50:0.95 | area= large | maxDets=100 ] = 0.499
sweep 20/96: alpha=1.5, beta=1.0, threshold=0.05, top_k=100, nms=0.5
creating index...
index created!
Loading and preparing results...
DONE (t=0.02s)
creating index...
index created!
Running per image evaluation...
Evaluate annotation type *bbox*
DONE (t=2.09s).
Accumulating evaluation results...
DONE (t=0.66s).
 Average Precision  (AP) @[ IoU=0.50:0.95 | area=   all | maxDets=100 ] = 0.215
 Average Precision  (AP) @[ IoU=0.50      | area=   all | maxDets=100 ] = 0.324
 Average Precision  (AP) @[ IoU=0.75      | area=   all | maxDets=100 ] = 0.241
 Average Precision  (AP) @[ IoU=0.50:0.95 | area= small | maxDets=100 ] = 0.093
 Average Precision  (AP) @[ IoU=0.50:0.95 | area=medium | maxDets=100 ] = 0.236
 Average Precision  (AP) @[ IoU=0.50:0.95 | area= large | maxDets=100 ] = 0.286
 Average Recall     (AR) @[ IoU=0.50:0.95 | area=   all | maxDets=  1 ] = 0.245
 Average Recall     (AR) @[ IoU=0.50:0.95 | area=   all | maxDets= 10 ] = 0.356
 Average Recall     (AR) @[ IoU=0.50:0.95 | area=   all | maxDets=100 ] = 0.371
 Average Recall     (AR) @[ IoU=0.50:0.95 | area= small | maxDets=100 ] = 0.138
 Average Recall     (AR) @[ IoU=0.50:0.95 | area=medium | maxDets=100 ] = 0.383
 Average Recall     (AR) @[ IoU=0.50:0.95 | area= large | maxDets=100 ] = 0.505
sweep 21/96: alpha=1.5, beta=1.0, threshold=0.05, top_k=100, nms=0.6
creating index...
index created!
Loading and preparing results...
DONE (t=0.12s)
creating index...
index created!
Running per image evaluation...
Evaluate annotation type *bbox*
DONE (t=2.09s).
Accumulating evaluation results...
DONE (t=0.68s).
 Average Precision  (AP) @[ IoU=0.50:0.95 | area=   all | maxDets=100 ] = 0.211
 Average Precision  (AP) @[ IoU=0.50      | area=   all | maxDets=100 ] = 0.313
 Average Precision  (AP) @[ IoU=0.75      | area=   all | maxDets=100 ] = 0.242
 Average Precision  (AP) @[ IoU=0.50:0.95 | area= small | maxDets=100 ] = 0.094
 Average Precision  (AP) @[ IoU=0.50:0.95 | area=medium | maxDets=100 ] = 0.236
 Average Precision  (AP) @[ IoU=0.50:0.95 | area= large | maxDets=100 ] = 0.279
 Average Recall     (AR) @[ IoU=0.50:0.95 | area=   all | maxDets=  1 ] = 0.244
 Average Recall     (AR) @[ IoU=0.50:0.95 | area=   all | maxDets= 10 ] = 0.359
 Average Recall     (AR) @[ IoU=0.50:0.95 | area=   all | maxDets=100 ] = 0.378
 Average Recall     (AR) @[ IoU=0.50:0.95 | area= small | maxDets=100 ] = 0.143
 Average Recall     (AR) @[ IoU=0.50:0.95 | area=medium | maxDets=100 ] = 0.395
 Average Recall     (AR) @[ IoU=0.50:0.95 | area= large | maxDets=100 ] = 0.500
sweep 22/96: alpha=1.5, beta=1.0, threshold=0.05, top_k=200, nms=0.4
creating index...
index created!
Loading and preparing results...
DONE (t=0.12s)
creating index...
index created!
Running per image evaluation...
Evaluate annotation type *bbox*
DONE (t=2.21s).
Accumulating evaluation results...
DONE (t=0.67s).
 Average Precision  (AP) @[ IoU=0.50:0.95 | area=   all | maxDets=100 ] = 0.215
 Average Precision  (AP) @[ IoU=0.50      | area=   all | maxDets=100 ] = 0.327
 Average Precision  (AP) @[ IoU=0.75      | area=   all | maxDets=100 ] = 0.241
 Average Precision  (AP) @[ IoU=0.50:0.95 | area= small | maxDets=100 ] = 0.094
 Average Precision  (AP) @[ IoU=0.50:0.95 | area=medium | maxDets=100 ] = 0.232
 Average Precision  (AP) @[ IoU=0.50:0.95 | area= large | maxDets=100 ] = 0.287
 Average Recall     (AR) @[ IoU=0.50:0.95 | area=   all | maxDets=  1 ] = 0.245
 Average Recall     (AR) @[ IoU=0.50:0.95 | area=   all | maxDets= 10 ] = 0.352
 Average Recall     (AR) @[ IoU=0.50:0.95 | area=   all | maxDets=100 ] = 0.364
 Average Recall     (AR) @[ IoU=0.50:0.95 | area= small | maxDets=100 ] = 0.141
 Average Recall     (AR) @[ IoU=0.50:0.95 | area=medium | maxDets=100 ] = 0.366
 Average Recall     (AR) @[ IoU=0.50:0.95 | area= large | maxDets=100 ] = 0.500
sweep 23/96: alpha=1.5, beta=1.0, threshold=0.05, top_k=200, nms=0.5
creating index...
index created!
Loading and preparing results...
DONE (t=0.13s)
creating index...
index created!
Running per image evaluation...
Evaluate annotation type *bbox*
DONE (t=2.45s).
Accumulating evaluation results...
DONE (t=0.71s).
 Average Precision  (AP) @[ IoU=0.50:0.95 | area=   all | maxDets=100 ] = 0.215
 Average Precision  (AP) @[ IoU=0.50      | area=   all | maxDets=100 ] = 0.324
 Average Precision  (AP) @[ IoU=0.75      | area=   all | maxDets=100 ] = 0.241
 Average Precision  (AP) @[ IoU=0.50:0.95 | area= small | maxDets=100 ] = 0.093
 Average Precision  (AP) @[ IoU=0.50:0.95 | area=medium | maxDets=100 ] = 0.236
 Average Precision  (AP) @[ IoU=0.50:0.95 | area= large | maxDets=100 ] = 0.286
 Average Recall     (AR) @[ IoU=0.50:0.95 | area=   all | maxDets=  1 ] = 0.245
 Average Recall     (AR) @[ IoU=0.50:0.95 | area=   all | maxDets= 10 ] = 0.358
 Average Recall     (AR) @[ IoU=0.50:0.95 | area=   all | maxDets=100 ] = 0.374
 Average Recall     (AR) @[ IoU=0.50:0.95 | area= small | maxDets=100 ] = 0.143
 Average Recall     (AR) @[ IoU=0.50:0.95 | area=medium | maxDets=100 ] = 0.387
 Average Recall     (AR) @[ IoU=0.50:0.95 | area= large | maxDets=100 ] = 0.505
sweep 24/96: alpha=1.5, beta=1.0, threshold=0.05, top_k=200, nms=0.6
creating index...
index created!
Loading and preparing results...
DONE (t=0.14s)
creating index...
index created!
Running per image evaluation...
Evaluate annotation type *bbox*
DONE (t=2.55s).
Accumulating evaluation results...
DONE (t=0.76s).
 Average Precision  (AP) @[ IoU=0.50:0.95 | area=   all | maxDets=100 ] = 0.212
 Average Precision  (AP) @[ IoU=0.50      | area=   all | maxDets=100 ] = 0.314
 Average Precision  (AP) @[ IoU=0.75      | area=   all | maxDets=100 ] = 0.243
 Average Precision  (AP) @[ IoU=0.50:0.95 | area= small | maxDets=100 ] = 0.094
 Average Precision  (AP) @[ IoU=0.50:0.95 | area=medium | maxDets=100 ] = 0.237
 Average Precision  (AP) @[ IoU=0.50:0.95 | area= large | maxDets=100 ] = 0.280
 Average Recall     (AR) @[ IoU=0.50:0.95 | area=   all | maxDets=  1 ] = 0.245
 Average Recall     (AR) @[ IoU=0.50:0.95 | area=   all | maxDets= 10 ] = 0.363
 Average Recall     (AR) @[ IoU=0.50:0.95 | area=   all | maxDets=100 ] = 0.386
 Average Recall     (AR) @[ IoU=0.50:0.95 | area= small | maxDets=100 ] = 0.149
 Average Recall     (AR) @[ IoU=0.50:0.95 | area=medium | maxDets=100 ] = 0.402
 Average Recall     (AR) @[ IoU=0.50:0.95 | area= large | maxDets=100 ] = 0.518
sweep 25/96: alpha=1.5, beta=1.0, threshold=0.1, top_k=20, nms=0.4
creating index...
index created!
Loading and preparing results...
DONE (t=0.01s)
creating index...
index created!
Running per image evaluation...
Evaluate annotation type *bbox*
DONE (t=1.05s).
Accumulating evaluation results...
DONE (t=0.43s).
 Average Precision  (AP) @[ IoU=0.50:0.95 | area=   all | maxDets=100 ] = 0.208
 Average Precision  (AP) @[ IoU=0.50      | area=   all | maxDets=100 ] = 0.310
 Average Precision  (AP) @[ IoU=0.75      | area=   all | maxDets=100 ] = 0.237
 Average Precision  (AP) @[ IoU=0.50:0.95 | area= small | maxDets=100 ] = 0.081
 Average Precision  (AP) @[ IoU=0.50:0.95 | area=medium | maxDets=100 ] = 0.222
 Average Precision  (AP) @[ IoU=0.50:0.95 | area= large | maxDets=100 ] = 0.279
 Average Recall     (AR) @[ IoU=0.50:0.95 | area=   all | maxDets=  1 ] = 0.229
 Average Recall     (AR) @[ IoU=0.50:0.95 | area=   all | maxDets= 10 ] = 0.306
 Average Recall     (AR) @[ IoU=0.50:0.95 | area=   all | maxDets=100 ] = 0.307
 Average Recall     (AR) @[ IoU=0.50:0.95 | area= small | maxDets=100 ] = 0.101
 Average Recall     (AR) @[ IoU=0.50:0.95 | area=medium | maxDets=100 ] = 0.311
 Average Recall     (AR) @[ IoU=0.50:0.95 | area= large | maxDets=100 ] = 0.414
sweep 26/96: alpha=1.5, beta=1.0, threshold=0.1, top_k=20, nms=0.5
creating index...
index created!
Loading and preparing results...
DONE (t=0.01s)
creating index...
index created!
Running per image evaluation...
Evaluate annotation type *bbox*
DONE (t=1.05s).
Accumulating evaluation results...
DONE (t=0.43s).
 Average Precision  (AP) @[ IoU=0.50:0.95 | area=   all | maxDets=100 ] = 0.207
 Average Precision  (AP) @[ IoU=0.50      | area=   all | maxDets=100 ] = 0.305
 Average Precision  (AP) @[ IoU=0.75      | area=   all | maxDets=100 ] = 0.236
 Average Precision  (AP) @[ IoU=0.50:0.95 | area= small | maxDets=100 ] = 0.077
 Average Precision  (AP) @[ IoU=0.50:0.95 | area=medium | maxDets=100 ] = 0.223
 Average Precision  (AP) @[ IoU=0.50:0.95 | area= large | maxDets=100 ] = 0.279
 Average Recall     (AR) @[ IoU=0.50:0.95 | area=   all | maxDets=  1 ] = 0.224
 Average Recall     (AR) @[ IoU=0.50:0.95 | area=   all | maxDets= 10 ] = 0.304
 Average Recall     (AR) @[ IoU=0.50:0.95 | area=   all | maxDets=100 ] = 0.306
 Average Recall     (AR) @[ IoU=0.50:0.95 | area= small | maxDets=100 ] = 0.098
 Average Recall     (AR) @[ IoU=0.50:0.95 | area=medium | maxDets=100 ] = 0.312
 Average Recall     (AR) @[ IoU=0.50:0.95 | area= large | maxDets=100 ] = 0.420
sweep 27/96: alpha=1.5, beta=1.0, threshold=0.1, top_k=20, nms=0.6
creating index...
index created!
Loading and preparing results...
DONE (t=0.01s)
creating index...
index created!
Running per image evaluation...
Evaluate annotation type *bbox*
DONE (t=1.06s).
Accumulating evaluation results...
DONE (t=0.42s).
 Average Precision  (AP) @[ IoU=0.50:0.95 | area=   all | maxDets=100 ] = 0.203
 Average Precision  (AP) @[ IoU=0.50      | area=   all | maxDets=100 ] = 0.295
 Average Precision  (AP) @[ IoU=0.75      | area=   all | maxDets=100 ] = 0.236
 Average Precision  (AP) @[ IoU=0.50:0.95 | area= small | maxDets=100 ] = 0.077
 Average Precision  (AP) @[ IoU=0.50:0.95 | area=medium | maxDets=100 ] = 0.220
 Average Precision  (AP) @[ IoU=0.50:0.95 | area= large | maxDets=100 ] = 0.274
 Average Recall     (AR) @[ IoU=0.50:0.95 | area=   all | maxDets=  1 ] = 0.221
 Average Recall     (AR) @[ IoU=0.50:0.95 | area=   all | maxDets= 10 ] = 0.303
 Average Recall     (AR) @[ IoU=0.50:0.95 | area=   all | maxDets=100 ] = 0.305
 Average Recall     (AR) @[ IoU=0.50:0.95 | area= small | maxDets=100 ] = 0.098
 Average Recall     (AR) @[ IoU=0.50:0.95 | area=medium | maxDets=100 ] = 0.305
 Average Recall     (AR) @[ IoU=0.50:0.95 | area= large | maxDets=100 ] = 0.414
sweep 28/96: alpha=1.5, beta=1.0, threshold=0.1, top_k=50, nms=0.4
creating index...
index created!
Loading and preparing results...
DONE (t=0.01s)
creating index...
index created!
Running per image evaluation...
Evaluate annotation type *bbox*
DONE (t=1.41s).
Accumulating evaluation results...
DONE (t=0.51s).
 Average Precision  (AP) @[ IoU=0.50:0.95 | area=   all | maxDets=100 ] = 0.212
 Average Precision  (AP) @[ IoU=0.50      | area=   all | maxDets=100 ] = 0.321
 Average Precision  (AP) @[ IoU=0.75      | area=   all | maxDets=100 ] = 0.240
 Average Precision  (AP) @[ IoU=0.50:0.95 | area= small | maxDets=100 ] = 0.091
 Average Precision  (AP) @[ IoU=0.50:0.95 | area=medium | maxDets=100 ] = 0.228
 Average Precision  (AP) @[ IoU=0.50:0.95 | area= large | maxDets=100 ] = 0.284
 Average Recall     (AR) @[ IoU=0.50:0.95 | area=   all | maxDets=  1 ] = 0.237
 Average Recall     (AR) @[ IoU=0.50:0.95 | area=   all | maxDets= 10 ] = 0.330
 Average Recall     (AR) @[ IoU=0.50:0.95 | area=   all | maxDets=100 ] = 0.337
 Average Recall     (AR) @[ IoU=0.50:0.95 | area= small | maxDets=100 ] = 0.122
 Average Recall     (AR) @[ IoU=0.50:0.95 | area=medium | maxDets=100 ] = 0.340
 Average Recall     (AR) @[ IoU=0.50:0.95 | area= large | maxDets=100 ] = 0.449
sweep 29/96: alpha=1.5, beta=1.0, threshold=0.1, top_k=50, nms=0.5
creating index...
index created!
Loading and preparing results...
DONE (t=0.01s)
creating index...
index created!
Running per image evaluation...
Evaluate annotation type *bbox*
DONE (t=1.43s).
Accumulating evaluation results...
DONE (t=0.52s).
 Average Precision  (AP) @[ IoU=0.50:0.95 | area=   all | maxDets=100 ] = 0.212
 Average Precision  (AP) @[ IoU=0.50      | area=   all | maxDets=100 ] = 0.318
 Average Precision  (AP) @[ IoU=0.75      | area=   all | maxDets=100 ] = 0.240
 Average Precision  (AP) @[ IoU=0.50:0.95 | area= small | maxDets=100 ] = 0.089
 Average Precision  (AP) @[ IoU=0.50:0.95 | area=medium | maxDets=100 ] = 0.232
 Average Precision  (AP) @[ IoU=0.50:0.95 | area= large | maxDets=100 ] = 0.284
 Average Recall     (AR) @[ IoU=0.50:0.95 | area=   all | maxDets=  1 ] = 0.237
 Average Recall     (AR) @[ IoU=0.50:0.95 | area=   all | maxDets= 10 ] = 0.336
 Average Recall     (AR) @[ IoU=0.50:0.95 | area=   all | maxDets=100 ] = 0.344
 Average Recall     (AR) @[ IoU=0.50:0.95 | area= small | maxDets=100 ] = 0.121
 Average Recall     (AR) @[ IoU=0.50:0.95 | area=medium | maxDets=100 ] = 0.352
 Average Recall     (AR) @[ IoU=0.50:0.95 | area= large | maxDets=100 ] = 0.466
sweep 30/96: alpha=1.5, beta=1.0, threshold=0.1, top_k=50, nms=0.6
creating index...
index created!
Loading and preparing results...
DONE (t=0.01s)
creating index...
index created!
Running per image evaluation...
Evaluate annotation type *bbox*
DONE (t=1.50s).
Accumulating evaluation results...
DONE (t=0.52s).
 Average Precision  (AP) @[ IoU=0.50:0.95 | area=   all | maxDets=100 ] = 0.208
 Average Precision  (AP) @[ IoU=0.50      | area=   all | maxDets=100 ] = 0.307
 Average Precision  (AP) @[ IoU=0.75      | area=   all | maxDets=100 ] = 0.240
 Average Precision  (AP) @[ IoU=0.50:0.95 | area= small | maxDets=100 ] = 0.087
 Average Precision  (AP) @[ IoU=0.50:0.95 | area=medium | maxDets=100 ] = 0.232
 Average Precision  (AP) @[ IoU=0.50:0.95 | area= large | maxDets=100 ] = 0.277
 Average Recall     (AR) @[ IoU=0.50:0.95 | area=   all | maxDets=  1 ] = 0.233
 Average Recall     (AR) @[ IoU=0.50:0.95 | area=   all | maxDets= 10 ] = 0.333
 Average Recall     (AR) @[ IoU=0.50:0.95 | area=   all | maxDets=100 ] = 0.343
 Average Recall     (AR) @[ IoU=0.50:0.95 | area= small | maxDets=100 ] = 0.119
 Average Recall     (AR) @[ IoU=0.50:0.95 | area=medium | maxDets=100 ] = 0.357
 Average Recall     (AR) @[ IoU=0.50:0.95 | area= large | maxDets=100 ] = 0.460
sweep 31/96: alpha=1.5, beta=1.0, threshold=0.1, top_k=100, nms=0.4
creating index...
index created!
Loading and preparing results...
DONE (t=0.10s)
creating index...
index created!
Running per image evaluation...
Evaluate annotation type *bbox*
DONE (t=1.63s).
Accumulating evaluation results...
DONE (t=0.54s).
 Average Precision  (AP) @[ IoU=0.50:0.95 | area=   all | maxDets=100 ] = 0.214
 Average Precision  (AP) @[ IoU=0.50      | area=   all | maxDets=100 ] = 0.323
 Average Precision  (AP) @[ IoU=0.75      | area=   all | maxDets=100 ] = 0.241
 Average Precision  (AP) @[ IoU=0.50:0.95 | area= small | maxDets=100 ] = 0.092
 Average Precision  (AP) @[ IoU=0.50:0.95 | area=medium | maxDets=100 ] = 0.230
 Average Precision  (AP) @[ IoU=0.50:0.95 | area= large | maxDets=100 ] = 0.285
 Average Recall     (AR) @[ IoU=0.50:0.95 | area=   all | maxDets=  1 ] = 0.242
 Average Recall     (AR) @[ IoU=0.50:0.95 | area=   all | maxDets= 10 ] = 0.338
 Average Recall     (AR) @[ IoU=0.50:0.95 | area=   all | maxDets=100 ] = 0.347
 Average Recall     (AR) @[ IoU=0.50:0.95 | area= small | maxDets=100 ] = 0.128
 Average Recall     (AR) @[ IoU=0.50:0.95 | area=medium | maxDets=100 ] = 0.351
 Average Recall     (AR) @[ IoU=0.50:0.95 | area= large | maxDets=100 ] = 0.465
sweep 32/96: alpha=1.5, beta=1.0, threshold=0.1, top_k=100, nms=0.5
creating index...
index created!
Loading and preparing results...
DONE (t=0.02s)
creating index...
index created!
Running per image evaluation...
Evaluate annotation type *bbox*
DONE (t=1.77s).
Accumulating evaluation results...
DONE (t=0.55s).
 Average Precision  (AP) @[ IoU=0.50:0.95 | area=   all | maxDets=100 ] = 0.214
 Average Precision  (AP) @[ IoU=0.50      | area=   all | maxDets=100 ] = 0.322
 Average Precision  (AP) @[ IoU=0.75      | area=   all | maxDets=100 ] = 0.241
 Average Precision  (AP) @[ IoU=0.50:0.95 | area= small | maxDets=100 ] = 0.092
 Average Precision  (AP) @[ IoU=0.50:0.95 | area=medium | maxDets=100 ] = 0.235
 Average Precision  (AP) @[ IoU=0.50:0.95 | area= large | maxDets=100 ] = 0.285
 Average Recall     (AR) @[ IoU=0.50:0.95 | area=   all | maxDets=  1 ] = 0.242
 Average Recall     (AR) @[ IoU=0.50:0.95 | area=   all | maxDets= 10 ] = 0.347
 Average Recall     (AR) @[ IoU=0.50:0.95 | area=   all | maxDets=100 ] = 0.358
 Average Recall     (AR) @[ IoU=0.50:0.95 | area= small | maxDets=100 ] = 0.131
 Average Recall     (AR) @[ IoU=0.50:0.95 | area=medium | maxDets=100 ] = 0.371
 Average Recall     (AR) @[ IoU=0.50:0.95 | area= large | maxDets=100 ] = 0.484
sweep 33/96: alpha=1.5, beta=1.0, threshold=0.1, top_k=100, nms=0.6
creating index...
index created!
Loading and preparing results...
DONE (t=0.02s)
creating index...
index created!
Running per image evaluation...
Evaluate annotation type *bbox*
DONE (t=1.91s).
Accumulating evaluation results...
DONE (t=0.58s).
 Average Precision  (AP) @[ IoU=0.50:0.95 | area=   all | maxDets=100 ] = 0.210
 Average Precision  (AP) @[ IoU=0.50      | area=   all | maxDets=100 ] = 0.311
 Average Precision  (AP) @[ IoU=0.75      | area=   all | maxDets=100 ] = 0.241
 Average Precision  (AP) @[ IoU=0.50:0.95 | area= small | maxDets=100 ] = 0.092
 Average Precision  (AP) @[ IoU=0.50:0.95 | area=medium | maxDets=100 ] = 0.234
 Average Precision  (AP) @[ IoU=0.50:0.95 | area= large | maxDets=100 ] = 0.278
 Average Recall     (AR) @[ IoU=0.50:0.95 | area=   all | maxDets=  1 ] = 0.240
 Average Recall     (AR) @[ IoU=0.50:0.95 | area=   all | maxDets= 10 ] = 0.348
 Average Recall     (AR) @[ IoU=0.50:0.95 | area=   all | maxDets=100 ] = 0.363
 Average Recall     (AR) @[ IoU=0.50:0.95 | area= small | maxDets=100 ] = 0.134
 Average Recall     (AR) @[ IoU=0.50:0.95 | area=medium | maxDets=100 ] = 0.380
 Average Recall     (AR) @[ IoU=0.50:0.95 | area= large | maxDets=100 ] = 0.477
sweep 34/96: alpha=1.5, beta=1.0, threshold=0.1, top_k=200, nms=0.4
creating index...
index created!
Loading and preparing results...
DONE (t=0.01s)
creating index...
index created!
Running per image evaluation...
Evaluate annotation type *bbox*
DONE (t=1.66s).
Accumulating evaluation results...
DONE (t=0.54s).
 Average Precision  (AP) @[ IoU=0.50:0.95 | area=   all | maxDets=100 ] = 0.214
 Average Precision  (AP) @[ IoU=0.50      | area=   all | maxDets=100 ] = 0.323
 Average Precision  (AP) @[ IoU=0.75      | area=   all | maxDets=100 ] = 0.241
 Average Precision  (AP) @[ IoU=0.50:0.95 | area= small | maxDets=100 ] = 0.092
 Average Precision  (AP) @[ IoU=0.50:0.95 | area=medium | maxDets=100 ] = 0.230
 Average Precision  (AP) @[ IoU=0.50:0.95 | area= large | maxDets=100 ] = 0.285
 Average Recall     (AR) @[ IoU=0.50:0.95 | area=   all | maxDets=  1 ] = 0.242
 Average Recall     (AR) @[ IoU=0.50:0.95 | area=   all | maxDets= 10 ] = 0.338
 Average Recall     (AR) @[ IoU=0.50:0.95 | area=   all | maxDets=100 ] = 0.347
 Average Recall     (AR) @[ IoU=0.50:0.95 | area= small | maxDets=100 ] = 0.128
 Average Recall     (AR) @[ IoU=0.50:0.95 | area=medium | maxDets=100 ] = 0.351
 Average Recall     (AR) @[ IoU=0.50:0.95 | area= large | maxDets=100 ] = 0.465
sweep 35/96: alpha=1.5, beta=1.0, threshold=0.1, top_k=200, nms=0.5
creating index...
index created!
Loading and preparing results...
DONE (t=0.10s)
creating index...
index created!
Running per image evaluation...
Evaluate annotation type *bbox*
DONE (t=1.88s).
Accumulating evaluation results...
DONE (t=0.56s).
 Average Precision  (AP) @[ IoU=0.50:0.95 | area=   all | maxDets=100 ] = 0.214
 Average Precision  (AP) @[ IoU=0.50      | area=   all | maxDets=100 ] = 0.322
 Average Precision  (AP) @[ IoU=0.75      | area=   all | maxDets=100 ] = 0.241
 Average Precision  (AP) @[ IoU=0.50:0.95 | area= small | maxDets=100 ] = 0.092
 Average Precision  (AP) @[ IoU=0.50:0.95 | area=medium | maxDets=100 ] = 0.235
 Average Precision  (AP) @[ IoU=0.50:0.95 | area= large | maxDets=100 ] = 0.285
 Average Recall     (AR) @[ IoU=0.50:0.95 | area=   all | maxDets=  1 ] = 0.242
 Average Recall     (AR) @[ IoU=0.50:0.95 | area=   all | maxDets= 10 ] = 0.347
 Average Recall     (AR) @[ IoU=0.50:0.95 | area=   all | maxDets=100 ] = 0.359
 Average Recall     (AR) @[ IoU=0.50:0.95 | area= small | maxDets=100 ] = 0.132
 Average Recall     (AR) @[ IoU=0.50:0.95 | area=medium | maxDets=100 ] = 0.372
 Average Recall     (AR) @[ IoU=0.50:0.95 | area= large | maxDets=100 ] = 0.484
sweep 36/96: alpha=1.5, beta=1.0, threshold=0.1, top_k=200, nms=0.6
creating index...
index created!
Loading and preparing results...
DONE (t=0.02s)
creating index...
index created!
Running per image evaluation...
Evaluate annotation type *bbox*
DONE (t=2.10s).
Accumulating evaluation results...
DONE (t=0.60s).
 Average Precision  (AP) @[ IoU=0.50:0.95 | area=   all | maxDets=100 ] = 0.211
 Average Precision  (AP) @[ IoU=0.50      | area=   all | maxDets=100 ] = 0.312
 Average Precision  (AP) @[ IoU=0.75      | area=   all | maxDets=100 ] = 0.242
 Average Precision  (AP) @[ IoU=0.50:0.95 | area= small | maxDets=100 ] = 0.093
 Average Precision  (AP) @[ IoU=0.50:0.95 | area=medium | maxDets=100 ] = 0.235
 Average Precision  (AP) @[ IoU=0.50:0.95 | area= large | maxDets=100 ] = 0.279
 Average Recall     (AR) @[ IoU=0.50:0.95 | area=   all | maxDets=  1 ] = 0.242
 Average Recall     (AR) @[ IoU=0.50:0.95 | area=   all | maxDets= 10 ] = 0.351
 Average Recall     (AR) @[ IoU=0.50:0.95 | area=   all | maxDets=100 ] = 0.368
 Average Recall     (AR) @[ IoU=0.50:0.95 | area= small | maxDets=100 ] = 0.137
 Average Recall     (AR) @[ IoU=0.50:0.95 | area=medium | maxDets=100 ] = 0.384
 Average Recall     (AR) @[ IoU=0.50:0.95 | area= large | maxDets=100 ] = 0.493
sweep 37/96: alpha=1.5, beta=1.0, threshold=0.2, top_k=20, nms=0.4
creating index...
index created!
Loading and preparing results...
DONE (t=0.01s)
creating index...
index created!
Running per image evaluation...
Evaluate annotation type *bbox*
DONE (t=0.94s).
Accumulating evaluation results...
DONE (t=0.39s).
 Average Precision  (AP) @[ IoU=0.50:0.95 | area=   all | maxDets=100 ] = 0.206
 Average Precision  (AP) @[ IoU=0.50      | area=   all | maxDets=100 ] = 0.306
 Average Precision  (AP) @[ IoU=0.75      | area=   all | maxDets=100 ] = 0.235
 Average Precision  (AP) @[ IoU=0.50:0.95 | area= small | maxDets=100 ] = 0.081
 Average Precision  (AP) @[ IoU=0.50:0.95 | area=medium | maxDets=100 ] = 0.220
 Average Precision  (AP) @[ IoU=0.50:0.95 | area= large | maxDets=100 ] = 0.276
 Average Recall     (AR) @[ IoU=0.50:0.95 | area=   all | maxDets=  1 ] = 0.221
 Average Recall     (AR) @[ IoU=0.50:0.95 | area=   all | maxDets= 10 ] = 0.296
 Average Recall     (AR) @[ IoU=0.50:0.95 | area=   all | maxDets=100 ] = 0.297
 Average Recall     (AR) @[ IoU=0.50:0.95 | area= small | maxDets=100 ] = 0.099
 Average Recall     (AR) @[ IoU=0.50:0.95 | area=medium | maxDets=100 ] = 0.302
 Average Recall     (AR) @[ IoU=0.50:0.95 | area= large | maxDets=100 ] = 0.395
sweep 38/96: alpha=1.5, beta=1.0, threshold=0.2, top_k=20, nms=0.5
creating index...
index created!
Loading and preparing results...
DONE (t=0.01s)
creating index...
index created!
Running per image evaluation...
Evaluate annotation type *bbox*
DONE (t=0.95s).
Accumulating evaluation results...
DONE (t=0.39s).
 Average Precision  (AP) @[ IoU=0.50:0.95 | area=   all | maxDets=100 ] = 0.205
 Average Precision  (AP) @[ IoU=0.50      | area=   all | maxDets=100 ] = 0.303
 Average Precision  (AP) @[ IoU=0.75      | area=   all | maxDets=100 ] = 0.234
 Average Precision  (AP) @[ IoU=0.50:0.95 | area= small | maxDets=100 ] = 0.077
 Average Precision  (AP) @[ IoU=0.50:0.95 | area=medium | maxDets=100 ] = 0.222
 Average Precision  (AP) @[ IoU=0.50:0.95 | area= large | maxDets=100 ] = 0.276
 Average Recall     (AR) @[ IoU=0.50:0.95 | area=   all | maxDets=  1 ] = 0.219
 Average Recall     (AR) @[ IoU=0.50:0.95 | area=   all | maxDets= 10 ] = 0.296
 Average Recall     (AR) @[ IoU=0.50:0.95 | area=   all | maxDets=100 ] = 0.298
 Average Recall     (AR) @[ IoU=0.50:0.95 | area= small | maxDets=100 ] = 0.095
 Average Recall     (AR) @[ IoU=0.50:0.95 | area=medium | maxDets=100 ] = 0.304
 Average Recall     (AR) @[ IoU=0.50:0.95 | area= large | maxDets=100 ] = 0.399
sweep 39/96: alpha=1.5, beta=1.0, threshold=0.2, top_k=20, nms=0.6
creating index...
index created!
Loading and preparing results...
DONE (t=0.01s)
creating index...
index created!
Running per image evaluation...
Evaluate annotation type *bbox*
DONE (t=0.98s).
Accumulating evaluation results...
DONE (t=0.40s).
 Average Precision  (AP) @[ IoU=0.50:0.95 | area=   all | maxDets=100 ] = 0.202
 Average Precision  (AP) @[ IoU=0.50      | area=   all | maxDets=100 ] = 0.293
 Average Precision  (AP) @[ IoU=0.75      | area=   all | maxDets=100 ] = 0.234
 Average Precision  (AP) @[ IoU=0.50:0.95 | area= small | maxDets=100 ] = 0.077
 Average Precision  (AP) @[ IoU=0.50:0.95 | area=medium | maxDets=100 ] = 0.219
 Average Precision  (AP) @[ IoU=0.50:0.95 | area= large | maxDets=100 ] = 0.272
 Average Recall     (AR) @[ IoU=0.50:0.95 | area=   all | maxDets=  1 ] = 0.217
 Average Recall     (AR) @[ IoU=0.50:0.95 | area=   all | maxDets= 10 ] = 0.296
 Average Recall     (AR) @[ IoU=0.50:0.95 | area=   all | maxDets=100 ] = 0.298
 Average Recall     (AR) @[ IoU=0.50:0.95 | area= small | maxDets=100 ] = 0.096
 Average Recall     (AR) @[ IoU=0.50:0.95 | area=medium | maxDets=100 ] = 0.300
 Average Recall     (AR) @[ IoU=0.50:0.95 | area= large | maxDets=100 ] = 0.400
sweep 40/96: alpha=1.5, beta=1.0, threshold=0.2, top_k=50, nms=0.4
creating index...
index created!
Loading and preparing results...
DONE (t=0.01s)
creating index...
index created!
Running per image evaluation...
Evaluate annotation type *bbox*
DONE (t=1.03s).
Accumulating evaluation results...
DONE (t=0.41s).
 Average Precision  (AP) @[ IoU=0.50:0.95 | area=   all | maxDets=100 ] = 0.209
 Average Precision  (AP) @[ IoU=0.50      | area=   all | maxDets=100 ] = 0.313
 Average Precision  (AP) @[ IoU=0.75      | area=   all | maxDets=100 ] = 0.237
 Average Precision  (AP) @[ IoU=0.50:0.95 | area= small | maxDets=100 ] = 0.089
 Average Precision  (AP) @[ IoU=0.50:0.95 | area=medium | maxDets=100 ] = 0.225
 Average Precision  (AP) @[ IoU=0.50:0.95 | area= large | maxDets=100 ] = 0.278
 Average Recall     (AR) @[ IoU=0.50:0.95 | area=   all | maxDets=  1 ] = 0.224
 Average Recall     (AR) @[ IoU=0.50:0.95 | area=   all | maxDets= 10 ] = 0.303
 Average Recall     (AR) @[ IoU=0.50:0.95 | area=   all | maxDets=100 ] = 0.309
 Average Recall     (AR) @[ IoU=0.50:0.95 | area= small | maxDets=100 ] = 0.112
 Average Recall     (AR) @[ IoU=0.50:0.95 | area=medium | maxDets=100 ] = 0.317
 Average Recall     (AR) @[ IoU=0.50:0.95 | area= large | maxDets=100 ] = 0.403
sweep 41/96: alpha=1.5, beta=1.0, threshold=0.2, top_k=50, nms=0.5
creating index...
index created!
Loading and preparing results...
DONE (t=0.01s)
creating index...
index created!
Running per image evaluation...
Evaluate annotation type *bbox*
DONE (t=1.20s).
Accumulating evaluation results...
DONE (t=0.43s).
 Average Precision  (AP) @[ IoU=0.50:0.95 | area=   all | maxDets=100 ] = 0.209
 Average Precision  (AP) @[ IoU=0.50      | area=   all | maxDets=100 ] = 0.311
 Average Precision  (AP) @[ IoU=0.75      | area=   all | maxDets=100 ] = 0.237
 Average Precision  (AP) @[ IoU=0.50:0.95 | area= small | maxDets=100 ] = 0.087
 Average Precision  (AP) @[ IoU=0.50:0.95 | area=medium | maxDets=100 ] = 0.228
 Average Precision  (AP) @[ IoU=0.50:0.95 | area= large | maxDets=100 ] = 0.278
 Average Recall     (AR) @[ IoU=0.50:0.95 | area=   all | maxDets=  1 ] = 0.224
 Average Recall     (AR) @[ IoU=0.50:0.95 | area=   all | maxDets= 10 ] = 0.307
 Average Recall     (AR) @[ IoU=0.50:0.95 | area=   all | maxDets=100 ] = 0.314
 Average Recall     (AR) @[ IoU=0.50:0.95 | area= small | maxDets=100 ] = 0.112
 Average Recall     (AR) @[ IoU=0.50:0.95 | area=medium | maxDets=100 ] = 0.325
 Average Recall     (AR) @[ IoU=0.50:0.95 | area= large | maxDets=100 ] = 0.408
sweep 42/96: alpha=1.5, beta=1.0, threshold=0.2, top_k=50, nms=0.6
creating index...
index created!
Loading and preparing results...
DONE (t=0.01s)
creating index...
index created!
Running per image evaluation...
Evaluate annotation type *bbox*
DONE (t=1.27s).
Accumulating evaluation results...
DONE (t=0.44s).
 Average Precision  (AP) @[ IoU=0.50:0.95 | area=   all | maxDets=100 ] = 0.206
 Average Precision  (AP) @[ IoU=0.50      | area=   all | maxDets=100 ] = 0.301
 Average Precision  (AP) @[ IoU=0.75      | area=   all | maxDets=100 ] = 0.238
 Average Precision  (AP) @[ IoU=0.50:0.95 | area= small | maxDets=100 ] = 0.086
 Average Precision  (AP) @[ IoU=0.50:0.95 | area=medium | maxDets=100 ] = 0.229
 Average Precision  (AP) @[ IoU=0.50:0.95 | area= large | maxDets=100 ] = 0.273
 Average Recall     (AR) @[ IoU=0.50:0.95 | area=   all | maxDets=  1 ] = 0.223
 Average Recall     (AR) @[ IoU=0.50:0.95 | area=   all | maxDets= 10 ] = 0.312
 Average Recall     (AR) @[ IoU=0.50:0.95 | area=   all | maxDets=100 ] = 0.320
 Average Recall     (AR) @[ IoU=0.50:0.95 | area= small | maxDets=100 ] = 0.110
 Average Recall     (AR) @[ IoU=0.50:0.95 | area=medium | maxDets=100 ] = 0.336
 Average Recall     (AR) @[ IoU=0.50:0.95 | area= large | maxDets=100 ] = 0.415
sweep 43/96: alpha=1.5, beta=1.0, threshold=0.2, top_k=100, nms=0.4
creating index...
index created!
Loading and preparing results...
DONE (t=0.01s)
creating index...
index created!
Running per image evaluation...
Evaluate annotation type *bbox*
DONE (t=1.07s).
Accumulating evaluation results...
DONE (t=0.41s).
 Average Precision  (AP) @[ IoU=0.50:0.95 | area=   all | maxDets=100 ] = 0.209
 Average Precision  (AP) @[ IoU=0.50      | area=   all | maxDets=100 ] = 0.314
 Average Precision  (AP) @[ IoU=0.75      | area=   all | maxDets=100 ] = 0.237
 Average Precision  (AP) @[ IoU=0.50:0.95 | area= small | maxDets=100 ] = 0.089
 Average Precision  (AP) @[ IoU=0.50:0.95 | area=medium | maxDets=100 ] = 0.225
 Average Precision  (AP) @[ IoU=0.50:0.95 | area= large | maxDets=100 ] = 0.278
 Average Recall     (AR) @[ IoU=0.50:0.95 | area=   all | maxDets=  1 ] = 0.225
 Average Recall     (AR) @[ IoU=0.50:0.95 | area=   all | maxDets= 10 ] = 0.305
 Average Recall     (AR) @[ IoU=0.50:0.95 | area=   all | maxDets=100 ] = 0.312
 Average Recall     (AR) @[ IoU=0.50:0.95 | area= small | maxDets=100 ] = 0.113
 Average Recall     (AR) @[ IoU=0.50:0.95 | area=medium | maxDets=100 ] = 0.319
 Average Recall     (AR) @[ IoU=0.50:0.95 | area= large | maxDets=100 ] = 0.404
sweep 44/96: alpha=1.5, beta=1.0, threshold=0.2, top_k=100, nms=0.5
creating index...
index created!
Loading and preparing results...
DONE (t=0.01s)
creating index...
index created!
Running per image evaluation...
Evaluate annotation type *bbox*
DONE (t=1.26s).
Accumulating evaluation results...
DONE (t=0.43s).
 Average Precision  (AP) @[ IoU=0.50:0.95 | area=   all | maxDets=100 ] = 0.209
 Average Precision  (AP) @[ IoU=0.50      | area=   all | maxDets=100 ] = 0.312
 Average Precision  (AP) @[ IoU=0.75      | area=   all | maxDets=100 ] = 0.238
 Average Precision  (AP) @[ IoU=0.50:0.95 | area= small | maxDets=100 ] = 0.089
 Average Precision  (AP) @[ IoU=0.50:0.95 | area=medium | maxDets=100 ] = 0.229
 Average Precision  (AP) @[ IoU=0.50:0.95 | area= large | maxDets=100 ] = 0.278
 Average Recall     (AR) @[ IoU=0.50:0.95 | area=   all | maxDets=  1 ] = 0.225
 Average Recall     (AR) @[ IoU=0.50:0.95 | area=   all | maxDets= 10 ] = 0.309
 Average Recall     (AR) @[ IoU=0.50:0.95 | area=   all | maxDets=100 ] = 0.318
 Average Recall     (AR) @[ IoU=0.50:0.95 | area= small | maxDets=100 ] = 0.115
 Average Recall     (AR) @[ IoU=0.50:0.95 | area=medium | maxDets=100 ] = 0.330
 Average Recall     (AR) @[ IoU=0.50:0.95 | area= large | maxDets=100 ] = 0.410
sweep 45/96: alpha=1.5, beta=1.0, threshold=0.2, top_k=100, nms=0.6
creating index...
index created!
Loading and preparing results...
DONE (t=0.01s)
creating index...
index created!
Running per image evaluation...
Evaluate annotation type *bbox*
DONE (t=1.41s).
Accumulating evaluation results...
DONE (t=0.45s).
 Average Precision  (AP) @[ IoU=0.50:0.95 | area=   all | maxDets=100 ] = 0.207
 Average Precision  (AP) @[ IoU=0.50      | area=   all | maxDets=100 ] = 0.303
 Average Precision  (AP) @[ IoU=0.75      | area=   all | maxDets=100 ] = 0.238
 Average Precision  (AP) @[ IoU=0.50:0.95 | area= small | maxDets=100 ] = 0.089
 Average Precision  (AP) @[ IoU=0.50:0.95 | area=medium | maxDets=100 ] = 0.230
 Average Precision  (AP) @[ IoU=0.50:0.95 | area= large | maxDets=100 ] = 0.273
 Average Recall     (AR) @[ IoU=0.50:0.95 | area=   all | maxDets=  1 ] = 0.224
 Average Recall     (AR) @[ IoU=0.50:0.95 | area=   all | maxDets= 10 ] = 0.314
 Average Recall     (AR) @[ IoU=0.50:0.95 | area=   all | maxDets=100 ] = 0.325
 Average Recall     (AR) @[ IoU=0.50:0.95 | area= small | maxDets=100 ] = 0.118
 Average Recall     (AR) @[ IoU=0.50:0.95 | area=medium | maxDets=100 ] = 0.340
 Average Recall     (AR) @[ IoU=0.50:0.95 | area= large | maxDets=100 ] = 0.416
sweep 46/96: alpha=1.5, beta=1.0, threshold=0.2, top_k=200, nms=0.4
creating index...
index created!
Loading and preparing results...
DONE (t=0.01s)
creating index...
index created!
Running per image evaluation...
Evaluate annotation type *bbox*
DONE (t=1.15s).
Accumulating evaluation results...
DONE (t=0.42s).
 Average Precision  (AP) @[ IoU=0.50:0.95 | area=   all | maxDets=100 ] = 0.209
 Average Precision  (AP) @[ IoU=0.50      | area=   all | maxDets=100 ] = 0.314
 Average Precision  (AP) @[ IoU=0.75      | area=   all | maxDets=100 ] = 0.237
 Average Precision  (AP) @[ IoU=0.50:0.95 | area= small | maxDets=100 ] = 0.089
 Average Precision  (AP) @[ IoU=0.50:0.95 | area=medium | maxDets=100 ] = 0.225
 Average Precision  (AP) @[ IoU=0.50:0.95 | area= large | maxDets=100 ] = 0.278
 Average Recall     (AR) @[ IoU=0.50:0.95 | area=   all | maxDets=  1 ] = 0.225
 Average Recall     (AR) @[ IoU=0.50:0.95 | area=   all | maxDets= 10 ] = 0.305
 Average Recall     (AR) @[ IoU=0.50:0.95 | area=   all | maxDets=100 ] = 0.312
 Average Recall     (AR) @[ IoU=0.50:0.95 | area= small | maxDets=100 ] = 0.113
 Average Recall     (AR) @[ IoU=0.50:0.95 | area=medium | maxDets=100 ] = 0.319
 Average Recall     (AR) @[ IoU=0.50:0.95 | area= large | maxDets=100 ] = 0.404
sweep 47/96: alpha=1.5, beta=1.0, threshold=0.2, top_k=200, nms=0.5
creating index...
index created!
Loading and preparing results...
DONE (t=0.01s)
creating index...
index created!
Running per image evaluation...
Evaluate annotation type *bbox*
DONE (t=1.27s).
Accumulating evaluation results...
DONE (t=0.43s).
 Average Precision  (AP) @[ IoU=0.50:0.95 | area=   all | maxDets=100 ] = 0.209
 Average Precision  (AP) @[ IoU=0.50      | area=   all | maxDets=100 ] = 0.312
 Average Precision  (AP) @[ IoU=0.75      | area=   all | maxDets=100 ] = 0.238
 Average Precision  (AP) @[ IoU=0.50:0.95 | area= small | maxDets=100 ] = 0.089
 Average Precision  (AP) @[ IoU=0.50:0.95 | area=medium | maxDets=100 ] = 0.229
 Average Precision  (AP) @[ IoU=0.50:0.95 | area= large | maxDets=100 ] = 0.278
 Average Recall     (AR) @[ IoU=0.50:0.95 | area=   all | maxDets=  1 ] = 0.225
 Average Recall     (AR) @[ IoU=0.50:0.95 | area=   all | maxDets= 10 ] = 0.309
 Average Recall     (AR) @[ IoU=0.50:0.95 | area=   all | maxDets=100 ] = 0.318
 Average Recall     (AR) @[ IoU=0.50:0.95 | area= small | maxDets=100 ] = 0.116
 Average Recall     (AR) @[ IoU=0.50:0.95 | area=medium | maxDets=100 ] = 0.330
 Average Recall     (AR) @[ IoU=0.50:0.95 | area= large | maxDets=100 ] = 0.410
sweep 48/96: alpha=1.5, beta=1.0, threshold=0.2, top_k=200, nms=0.6
creating index...
index created!
Loading and preparing results...
DONE (t=0.01s)
creating index...
index created!
Running per image evaluation...
Evaluate annotation type *bbox*
DONE (t=1.44s).
Accumulating evaluation results...
DONE (t=0.45s).
 Average Precision  (AP) @[ IoU=0.50:0.95 | area=   all | maxDets=100 ] = 0.207
 Average Precision  (AP) @[ IoU=0.50      | area=   all | maxDets=100 ] = 0.304
 Average Precision  (AP) @[ IoU=0.75      | area=   all | maxDets=100 ] = 0.239
 Average Precision  (AP) @[ IoU=0.50:0.95 | area= small | maxDets=100 ] = 0.090
 Average Precision  (AP) @[ IoU=0.50:0.95 | area=medium | maxDets=100 ] = 0.230
 Average Precision  (AP) @[ IoU=0.50:0.95 | area= large | maxDets=100 ] = 0.273
 Average Recall     (AR) @[ IoU=0.50:0.95 | area=   all | maxDets=  1 ] = 0.225
 Average Recall     (AR) @[ IoU=0.50:0.95 | area=   all | maxDets= 10 ] = 0.315
 Average Recall     (AR) @[ IoU=0.50:0.95 | area=   all | maxDets=100 ] = 0.327
 Average Recall     (AR) @[ IoU=0.50:0.95 | area= small | maxDets=100 ] = 0.119
 Average Recall     (AR) @[ IoU=0.50:0.95 | area=medium | maxDets=100 ] = 0.342
 Average Recall     (AR) @[ IoU=0.50:0.95 | area= large | maxDets=100 ] = 0.418
sweep 49/96: alpha=2.0, beta=1.0, threshold=0.03, top_k=20, nms=0.4
creating index...
index created!
Loading and preparing results...
DONE (t=0.01s)
creating index...
index created!
Running per image evaluation...
Evaluate annotation type *bbox*
DONE (t=1.07s).
Accumulating evaluation results...
DONE (t=0.44s).
 Average Precision  (AP) @[ IoU=0.50:0.95 | area=   all | maxDets=100 ] = 0.211
 Average Precision  (AP) @[ IoU=0.50      | area=   all | maxDets=100 ] = 0.313
 Average Precision  (AP) @[ IoU=0.75      | area=   all | maxDets=100 ] = 0.240
 Average Precision  (AP) @[ IoU=0.50:0.95 | area= small | maxDets=100 ] = 0.081
 Average Precision  (AP) @[ IoU=0.50:0.95 | area=medium | maxDets=100 ] = 0.221
 Average Precision  (AP) @[ IoU=0.50:0.95 | area= large | maxDets=100 ] = 0.283
 Average Recall     (AR) @[ IoU=0.50:0.95 | area=   all | maxDets=  1 ] = 0.232
 Average Recall     (AR) @[ IoU=0.50:0.95 | area=   all | maxDets= 10 ] = 0.311
 Average Recall     (AR) @[ IoU=0.50:0.95 | area=   all | maxDets=100 ] = 0.312
 Average Recall     (AR) @[ IoU=0.50:0.95 | area= small | maxDets=100 ] = 0.102
 Average Recall     (AR) @[ IoU=0.50:0.95 | area=medium | maxDets=100 ] = 0.312
 Average Recall     (AR) @[ IoU=0.50:0.95 | area= large | maxDets=100 ] = 0.425
sweep 50/96: alpha=2.0, beta=1.0, threshold=0.03, top_k=20, nms=0.5
creating index...
index created!
Loading and preparing results...
DONE (t=0.01s)
creating index...
index created!
Running per image evaluation...
Evaluate annotation type *bbox*
DONE (t=1.10s).
Accumulating evaluation results...
DONE (t=0.44s).
 Average Precision  (AP) @[ IoU=0.50:0.95 | area=   all | maxDets=100 ] = 0.211
 Average Precision  (AP) @[ IoU=0.50      | area=   all | maxDets=100 ] = 0.310
 Average Precision  (AP) @[ IoU=0.75      | area=   all | maxDets=100 ] = 0.240
 Average Precision  (AP) @[ IoU=0.50:0.95 | area= small | maxDets=100 ] = 0.078
 Average Precision  (AP) @[ IoU=0.50:0.95 | area=medium | maxDets=100 ] = 0.225
 Average Precision  (AP) @[ IoU=0.50:0.95 | area= large | maxDets=100 ] = 0.283
 Average Recall     (AR) @[ IoU=0.50:0.95 | area=   all | maxDets=  1 ] = 0.227
 Average Recall     (AR) @[ IoU=0.50:0.95 | area=   all | maxDets= 10 ] = 0.309
 Average Recall     (AR) @[ IoU=0.50:0.95 | area=   all | maxDets=100 ] = 0.312
 Average Recall     (AR) @[ IoU=0.50:0.95 | area= small | maxDets=100 ] = 0.099
 Average Recall     (AR) @[ IoU=0.50:0.95 | area=medium | maxDets=100 ] = 0.318
 Average Recall     (AR) @[ IoU=0.50:0.95 | area= large | maxDets=100 ] = 0.423
sweep 51/96: alpha=2.0, beta=1.0, threshold=0.03, top_k=20, nms=0.6
creating index...
index created!
Loading and preparing results...
DONE (t=0.01s)
creating index...
index created!
Running per image evaluation...
Evaluate annotation type *bbox*
DONE (t=1.08s).
Accumulating evaluation results...
DONE (t=0.44s).
 Average Precision  (AP) @[ IoU=0.50:0.95 | area=   all | maxDets=100 ] = 0.207
 Average Precision  (AP) @[ IoU=0.50      | area=   all | maxDets=100 ] = 0.300
 Average Precision  (AP) @[ IoU=0.75      | area=   all | maxDets=100 ] = 0.240
 Average Precision  (AP) @[ IoU=0.50:0.95 | area= small | maxDets=100 ] = 0.078
 Average Precision  (AP) @[ IoU=0.50:0.95 | area=medium | maxDets=100 ] = 0.221
 Average Precision  (AP) @[ IoU=0.50:0.95 | area= large | maxDets=100 ] = 0.278
 Average Recall     (AR) @[ IoU=0.50:0.95 | area=   all | maxDets=  1 ] = 0.221
 Average Recall     (AR) @[ IoU=0.50:0.95 | area=   all | maxDets= 10 ] = 0.305
 Average Recall     (AR) @[ IoU=0.50:0.95 | area=   all | maxDets=100 ] = 0.307
 Average Recall     (AR) @[ IoU=0.50:0.95 | area= small | maxDets=100 ] = 0.099
 Average Recall     (AR) @[ IoU=0.50:0.95 | area=medium | maxDets=100 ] = 0.305
 Average Recall     (AR) @[ IoU=0.50:0.95 | area= large | maxDets=100 ] = 0.423
sweep 52/96: alpha=2.0, beta=1.0, threshold=0.03, top_k=50, nms=0.4
creating index...
index created!
Loading and preparing results...
DONE (t=0.02s)
creating index...
index created!
Running per image evaluation...
Evaluate annotation type *bbox*
DONE (t=1.57s).
Accumulating evaluation results...
DONE (t=0.57s).
 Average Precision  (AP) @[ IoU=0.50:0.95 | area=   all | maxDets=100 ] = 0.216
 Average Precision  (AP) @[ IoU=0.50      | area=   all | maxDets=100 ] = 0.326
 Average Precision  (AP) @[ IoU=0.75      | area=   all | maxDets=100 ] = 0.243
 Average Precision  (AP) @[ IoU=0.50:0.95 | area= small | maxDets=100 ] = 0.091
 Average Precision  (AP) @[ IoU=0.50:0.95 | area=medium | maxDets=100 ] = 0.229
 Average Precision  (AP) @[ IoU=0.50:0.95 | area= large | maxDets=100 ] = 0.289
 Average Recall     (AR) @[ IoU=0.50:0.95 | area=   all | maxDets=  1 ] = 0.244
 Average Recall     (AR) @[ IoU=0.50:0.95 | area=   all | maxDets= 10 ] = 0.345
 Average Recall     (AR) @[ IoU=0.50:0.95 | area=   all | maxDets=100 ] = 0.351
 Average Recall     (AR) @[ IoU=0.50:0.95 | area= small | maxDets=100 ] = 0.129
 Average Recall     (AR) @[ IoU=0.50:0.95 | area=medium | maxDets=100 ] = 0.352
 Average Recall     (AR) @[ IoU=0.50:0.95 | area= large | maxDets=100 ] = 0.478
sweep 53/96: alpha=2.0, beta=1.0, threshold=0.03, top_k=50, nms=0.5
creating index...
index created!
Loading and preparing results...
DONE (t=0.02s)
creating index...
index created!
Running per image evaluation...
Evaluate annotation type *bbox*
DONE (t=1.60s).
Accumulating evaluation results...
DONE (t=0.58s).
 Average Precision  (AP) @[ IoU=0.50:0.95 | area=   all | maxDets=100 ] = 0.216
 Average Precision  (AP) @[ IoU=0.50      | area=   all | maxDets=100 ] = 0.323
 Average Precision  (AP) @[ IoU=0.75      | area=   all | maxDets=100 ] = 0.243
 Average Precision  (AP) @[ IoU=0.50:0.95 | area= small | maxDets=100 ] = 0.091
 Average Precision  (AP) @[ IoU=0.50:0.95 | area=medium | maxDets=100 ] = 0.235
 Average Precision  (AP) @[ IoU=0.50:0.95 | area= large | maxDets=100 ] = 0.288
 Average Recall     (AR) @[ IoU=0.50:0.95 | area=   all | maxDets=  1 ] = 0.241
 Average Recall     (AR) @[ IoU=0.50:0.95 | area=   all | maxDets= 10 ] = 0.344
 Average Recall     (AR) @[ IoU=0.50:0.95 | area=   all | maxDets=100 ] = 0.352
 Average Recall     (AR) @[ IoU=0.50:0.95 | area= small | maxDets=100 ] = 0.125
 Average Recall     (AR) @[ IoU=0.50:0.95 | area=medium | maxDets=100 ] = 0.361
 Average Recall     (AR) @[ IoU=0.50:0.95 | area= large | maxDets=100 ] = 0.481
sweep 54/96: alpha=2.0, beta=1.0, threshold=0.03, top_k=50, nms=0.6
creating index...
index created!
Loading and preparing results...
DONE (t=0.02s)
creating index...
index created!
Running per image evaluation...
Evaluate annotation type *bbox*
DONE (t=1.93s).
Accumulating evaluation results...
DONE (t=0.58s).
 Average Precision  (AP) @[ IoU=0.50:0.95 | area=   all | maxDets=100 ] = 0.213
 Average Precision  (AP) @[ IoU=0.50      | area=   all | maxDets=100 ] = 0.313
 Average Precision  (AP) @[ IoU=0.75      | area=   all | maxDets=100 ] = 0.245
 Average Precision  (AP) @[ IoU=0.50:0.95 | area= small | maxDets=100 ] = 0.089
 Average Precision  (AP) @[ IoU=0.50:0.95 | area=medium | maxDets=100 ] = 0.234
 Average Precision  (AP) @[ IoU=0.50:0.95 | area= large | maxDets=100 ] = 0.282
 Average Recall     (AR) @[ IoU=0.50:0.95 | area=   all | maxDets=  1 ] = 0.238
 Average Recall     (AR) @[ IoU=0.50:0.95 | area=   all | maxDets= 10 ] = 0.344
 Average Recall     (AR) @[ IoU=0.50:0.95 | area=   all | maxDets=100 ] = 0.353
 Average Recall     (AR) @[ IoU=0.50:0.95 | area= small | maxDets=100 ] = 0.124
 Average Recall     (AR) @[ IoU=0.50:0.95 | area=medium | maxDets=100 ] = 0.363
 Average Recall     (AR) @[ IoU=0.50:0.95 | area= large | maxDets=100 ] = 0.483
sweep 55/96: alpha=2.0, beta=1.0, threshold=0.03, top_k=100, nms=0.4
creating index...
index created!
Loading and preparing results...
DONE (t=0.02s)
creating index...
index created!
Running per image evaluation...
Evaluate annotation type *bbox*
DONE (t=2.05s).
Accumulating evaluation results...
DONE (t=0.66s).
 Average Precision  (AP) @[ IoU=0.50:0.95 | area=   all | maxDets=100 ] = 0.217
 Average Precision  (AP) @[ IoU=0.50      | area=   all | maxDets=100 ] = 0.329
 Average Precision  (AP) @[ IoU=0.75      | area=   all | maxDets=100 ] = 0.244
 Average Precision  (AP) @[ IoU=0.50:0.95 | area= small | maxDets=100 ] = 0.093
 Average Precision  (AP) @[ IoU=0.50:0.95 | area=medium | maxDets=100 ] = 0.231
 Average Precision  (AP) @[ IoU=0.50:0.95 | area= large | maxDets=100 ] = 0.290
 Average Recall     (AR) @[ IoU=0.50:0.95 | area=   all | maxDets=  1 ] = 0.247
 Average Recall     (AR) @[ IoU=0.50:0.95 | area=   all | maxDets= 10 ] = 0.353
 Average Recall     (AR) @[ IoU=0.50:0.95 | area=   all | maxDets=100 ] = 0.363
 Average Recall     (AR) @[ IoU=0.50:0.95 | area= small | maxDets=100 ] = 0.137
 Average Recall     (AR) @[ IoU=0.50:0.95 | area=medium | maxDets=100 ] = 0.366
 Average Recall     (AR) @[ IoU=0.50:0.95 | area= large | maxDets=100 ] = 0.503
sweep 56/96: alpha=2.0, beta=1.0, threshold=0.03, top_k=100, nms=0.5
creating index...
index created!
Loading and preparing results...
DONE (t=0.14s)
creating index...
index created!
Running per image evaluation...
Evaluate annotation type *bbox*
DONE (t=2.17s).
Accumulating evaluation results...
DONE (t=0.68s).
 Average Precision  (AP) @[ IoU=0.50:0.95 | area=   all | maxDets=100 ] = 0.218
 Average Precision  (AP) @[ IoU=0.50      | area=   all | maxDets=100 ] = 0.327
 Average Precision  (AP) @[ IoU=0.75      | area=   all | maxDets=100 ] = 0.245
 Average Precision  (AP) @[ IoU=0.50:0.95 | area= small | maxDets=100 ] = 0.094
 Average Precision  (AP) @[ IoU=0.50:0.95 | area=medium | maxDets=100 ] = 0.238
 Average Precision  (AP) @[ IoU=0.50:0.95 | area= large | maxDets=100 ] = 0.289
 Average Recall     (AR) @[ IoU=0.50:0.95 | area=   all | maxDets=  1 ] = 0.247
 Average Recall     (AR) @[ IoU=0.50:0.95 | area=   all | maxDets= 10 ] = 0.357
 Average Recall     (AR) @[ IoU=0.50:0.95 | area=   all | maxDets=100 ] = 0.372
 Average Recall     (AR) @[ IoU=0.50:0.95 | area= small | maxDets=100 ] = 0.140
 Average Recall     (AR) @[ IoU=0.50:0.95 | area=medium | maxDets=100 ] = 0.384
 Average Recall     (AR) @[ IoU=0.50:0.95 | area= large | maxDets=100 ] = 0.508
sweep 57/96: alpha=2.0, beta=1.0, threshold=0.03, top_k=100, nms=0.6
creating index...
index created!
Loading and preparing results...
DONE (t=0.03s)
creating index...
index created!
Running per image evaluation...
Evaluate annotation type *bbox*
DONE (t=2.29s).
Accumulating evaluation results...
DONE (t=0.70s).
 Average Precision  (AP) @[ IoU=0.50:0.95 | area=   all | maxDets=100 ] = 0.215
 Average Precision  (AP) @[ IoU=0.50      | area=   all | maxDets=100 ] = 0.318
 Average Precision  (AP) @[ IoU=0.75      | area=   all | maxDets=100 ] = 0.246
 Average Precision  (AP) @[ IoU=0.50:0.95 | area= small | maxDets=100 ] = 0.094
 Average Precision  (AP) @[ IoU=0.50:0.95 | area=medium | maxDets=100 ] = 0.238
 Average Precision  (AP) @[ IoU=0.50:0.95 | area= large | maxDets=100 ] = 0.284
 Average Recall     (AR) @[ IoU=0.50:0.95 | area=   all | maxDets=  1 ] = 0.245
 Average Recall     (AR) @[ IoU=0.50:0.95 | area=   all | maxDets= 10 ] = 0.363
 Average Recall     (AR) @[ IoU=0.50:0.95 | area=   all | maxDets=100 ] = 0.381
 Average Recall     (AR) @[ IoU=0.50:0.95 | area= small | maxDets=100 ] = 0.143
 Average Recall     (AR) @[ IoU=0.50:0.95 | area=medium | maxDets=100 ] = 0.396
 Average Recall     (AR) @[ IoU=0.50:0.95 | area= large | maxDets=100 ] = 0.512
sweep 58/96: alpha=2.0, beta=1.0, threshold=0.03, top_k=200, nms=0.4
creating index...
index created!
Loading and preparing results...
DONE (t=0.13s)
creating index...
index created!
Running per image evaluation...
Evaluate annotation type *bbox*
DONE (t=2.24s).
Accumulating evaluation results...
DONE (t=0.70s).
 Average Precision  (AP) @[ IoU=0.50:0.95 | area=   all | maxDets=100 ] = 0.217
 Average Precision  (AP) @[ IoU=0.50      | area=   all | maxDets=100 ] = 0.329
 Average Precision  (AP) @[ IoU=0.75      | area=   all | maxDets=100 ] = 0.244
 Average Precision  (AP) @[ IoU=0.50:0.95 | area= small | maxDets=100 ] = 0.094
 Average Precision  (AP) @[ IoU=0.50:0.95 | area=medium | maxDets=100 ] = 0.231
 Average Precision  (AP) @[ IoU=0.50:0.95 | area= large | maxDets=100 ] = 0.290
 Average Recall     (AR) @[ IoU=0.50:0.95 | area=   all | maxDets=  1 ] = 0.247
 Average Recall     (AR) @[ IoU=0.50:0.95 | area=   all | maxDets= 10 ] = 0.354
 Average Recall     (AR) @[ IoU=0.50:0.95 | area=   all | maxDets=100 ] = 0.366
 Average Recall     (AR) @[ IoU=0.50:0.95 | area= small | maxDets=100 ] = 0.143
 Average Recall     (AR) @[ IoU=0.50:0.95 | area=medium | maxDets=100 ] = 0.368
 Average Recall     (AR) @[ IoU=0.50:0.95 | area= large | maxDets=100 ] = 0.504
sweep 59/96: alpha=2.0, beta=1.0, threshold=0.03, top_k=200, nms=0.5
creating index...
index created!
Loading and preparing results...
DONE (t=0.14s)
creating index...
index created!
Running per image evaluation...
Evaluate annotation type *bbox*
DONE (t=2.47s).
Accumulating evaluation results...
DONE (t=0.72s).
 Average Precision  (AP) @[ IoU=0.50:0.95 | area=   all | maxDets=100 ] = 0.218
 Average Precision  (AP) @[ IoU=0.50      | area=   all | maxDets=100 ] = 0.328
 Average Precision  (AP) @[ IoU=0.75      | area=   all | maxDets=100 ] = 0.245
 Average Precision  (AP) @[ IoU=0.50:0.95 | area= small | maxDets=100 ] = 0.095
 Average Precision  (AP) @[ IoU=0.50:0.95 | area=medium | maxDets=100 ] = 0.238
 Average Precision  (AP) @[ IoU=0.50:0.95 | area= large | maxDets=100 ] = 0.289
 Average Recall     (AR) @[ IoU=0.50:0.95 | area=   all | maxDets=  1 ] = 0.247
 Average Recall     (AR) @[ IoU=0.50:0.95 | area=   all | maxDets= 10 ] = 0.358
 Average Recall     (AR) @[ IoU=0.50:0.95 | area=   all | maxDets=100 ] = 0.376
 Average Recall     (AR) @[ IoU=0.50:0.95 | area= small | maxDets=100 ] = 0.147
 Average Recall     (AR) @[ IoU=0.50:0.95 | area=medium | maxDets=100 ] = 0.387
 Average Recall     (AR) @[ IoU=0.50:0.95 | area= large | maxDets=100 ] = 0.509
sweep 60/96: alpha=2.0, beta=1.0, threshold=0.03, top_k=200, nms=0.6
creating index...
index created!
Loading and preparing results...
DONE (t=0.15s)
creating index...
index created!
Running per image evaluation...
Evaluate annotation type *bbox*
DONE (t=2.77s).
Accumulating evaluation results...
DONE (t=0.77s).
 Average Precision  (AP) @[ IoU=0.50:0.95 | area=   all | maxDets=100 ] = 0.216
 Average Precision  (AP) @[ IoU=0.50      | area=   all | maxDets=100 ] = 0.319
 Average Precision  (AP) @[ IoU=0.75      | area=   all | maxDets=100 ] = 0.247
 Average Precision  (AP) @[ IoU=0.50:0.95 | area= small | maxDets=100 ] = 0.095
 Average Precision  (AP) @[ IoU=0.50:0.95 | area=medium | maxDets=100 ] = 0.239
 Average Precision  (AP) @[ IoU=0.50:0.95 | area= large | maxDets=100 ] = 0.284
 Average Recall     (AR) @[ IoU=0.50:0.95 | area=   all | maxDets=  1 ] = 0.247
 Average Recall     (AR) @[ IoU=0.50:0.95 | area=   all | maxDets= 10 ] = 0.367
 Average Recall     (AR) @[ IoU=0.50:0.95 | area=   all | maxDets=100 ] = 0.388
 Average Recall     (AR) @[ IoU=0.50:0.95 | area= small | maxDets=100 ] = 0.151
 Average Recall     (AR) @[ IoU=0.50:0.95 | area=medium | maxDets=100 ] = 0.403
 Average Recall     (AR) @[ IoU=0.50:0.95 | area= large | maxDets=100 ] = 0.524
sweep 61/96: alpha=2.0, beta=1.0, threshold=0.05, top_k=20, nms=0.4
creating index...
index created!
Loading and preparing results...
DONE (t=0.01s)
creating index...
index created!
Running per image evaluation...
Evaluate annotation type *bbox*
DONE (t=1.02s).
Accumulating evaluation results...
DONE (t=0.44s).
 Average Precision  (AP) @[ IoU=0.50:0.95 | area=   all | maxDets=100 ] = 0.211
 Average Precision  (AP) @[ IoU=0.50      | area=   all | maxDets=100 ] = 0.312
 Average Precision  (AP) @[ IoU=0.75      | area=   all | maxDets=100 ] = 0.240
 Average Precision  (AP) @[ IoU=0.50:0.95 | area= small | maxDets=100 ] = 0.081
 Average Precision  (AP) @[ IoU=0.50:0.95 | area=medium | maxDets=100 ] = 0.221
 Average Precision  (AP) @[ IoU=0.50:0.95 | area= large | maxDets=100 ] = 0.283
 Average Recall     (AR) @[ IoU=0.50:0.95 | area=   all | maxDets=  1 ] = 0.232
 Average Recall     (AR) @[ IoU=0.50:0.95 | area=   all | maxDets= 10 ] = 0.310
 Average Recall     (AR) @[ IoU=0.50:0.95 | area=   all | maxDets=100 ] = 0.311
 Average Recall     (AR) @[ IoU=0.50:0.95 | area= small | maxDets=100 ] = 0.101
 Average Recall     (AR) @[ IoU=0.50:0.95 | area=medium | maxDets=100 ] = 0.312
 Average Recall     (AR) @[ IoU=0.50:0.95 | area= large | maxDets=100 ] = 0.424
sweep 62/96: alpha=2.0, beta=1.0, threshold=0.05, top_k=20, nms=0.5
creating index...
index created!
Loading and preparing results...
DONE (t=0.13s)
creating index...
index created!
Running per image evaluation...
Evaluate annotation type *bbox*
DONE (t=1.12s).
Accumulating evaluation results...
DONE (t=0.44s).
 Average Precision  (AP) @[ IoU=0.50:0.95 | area=   all | maxDets=100 ] = 0.210
 Average Precision  (AP) @[ IoU=0.50      | area=   all | maxDets=100 ] = 0.310
 Average Precision  (AP) @[ IoU=0.75      | area=   all | maxDets=100 ] = 0.240
 Average Precision  (AP) @[ IoU=0.50:0.95 | area= small | maxDets=100 ] = 0.078
 Average Precision  (AP) @[ IoU=0.50:0.95 | area=medium | maxDets=100 ] = 0.225
 Average Precision  (AP) @[ IoU=0.50:0.95 | area= large | maxDets=100 ] = 0.283
 Average Recall     (AR) @[ IoU=0.50:0.95 | area=   all | maxDets=  1 ] = 0.227
 Average Recall     (AR) @[ IoU=0.50:0.95 | area=   all | maxDets= 10 ] = 0.309
 Average Recall     (AR) @[ IoU=0.50:0.95 | area=   all | maxDets=100 ] = 0.311
 Average Recall     (AR) @[ IoU=0.50:0.95 | area= small | maxDets=100 ] = 0.099
 Average Recall     (AR) @[ IoU=0.50:0.95 | area=medium | maxDets=100 ] = 0.318
 Average Recall     (AR) @[ IoU=0.50:0.95 | area= large | maxDets=100 ] = 0.423
sweep 63/96: alpha=2.0, beta=1.0, threshold=0.05, top_k=20, nms=0.6
creating index...
index created!
Loading and preparing results...
DONE (t=0.01s)
creating index...
index created!
Running per image evaluation...
Evaluate annotation type *bbox*
DONE (t=0.99s).
Accumulating evaluation results...
DONE (t=0.43s).
 Average Precision  (AP) @[ IoU=0.50:0.95 | area=   all | maxDets=100 ] = 0.207
 Average Precision  (AP) @[ IoU=0.50      | area=   all | maxDets=100 ] = 0.300
 Average Precision  (AP) @[ IoU=0.75      | area=   all | maxDets=100 ] = 0.240
 Average Precision  (AP) @[ IoU=0.50:0.95 | area= small | maxDets=100 ] = 0.078
 Average Precision  (AP) @[ IoU=0.50:0.95 | area=medium | maxDets=100 ] = 0.221
 Average Precision  (AP) @[ IoU=0.50:0.95 | area= large | maxDets=100 ] = 0.278
 Average Recall     (AR) @[ IoU=0.50:0.95 | area=   all | maxDets=  1 ] = 0.221
 Average Recall     (AR) @[ IoU=0.50:0.95 | area=   all | maxDets= 10 ] = 0.305
 Average Recall     (AR) @[ IoU=0.50:0.95 | area=   all | maxDets=100 ] = 0.307
 Average Recall     (AR) @[ IoU=0.50:0.95 | area= small | maxDets=100 ] = 0.098
 Average Recall     (AR) @[ IoU=0.50:0.95 | area=medium | maxDets=100 ] = 0.305
 Average Recall     (AR) @[ IoU=0.50:0.95 | area= large | maxDets=100 ] = 0.423
sweep 64/96: alpha=2.0, beta=1.0, threshold=0.05, top_k=50, nms=0.4
creating index...
index created!
Loading and preparing results...
DONE (t=0.01s)
creating index...
index created!
Running per image evaluation...
Evaluate annotation type *bbox*
DONE (t=1.52s).
Accumulating evaluation results...
DONE (t=0.54s).
 Average Precision  (AP) @[ IoU=0.50:0.95 | area=   all | maxDets=100 ] = 0.216
 Average Precision  (AP) @[ IoU=0.50      | area=   all | maxDets=100 ] = 0.325
 Average Precision  (AP) @[ IoU=0.75      | area=   all | maxDets=100 ] = 0.243
 Average Precision  (AP) @[ IoU=0.50:0.95 | area= small | maxDets=100 ] = 0.091
 Average Precision  (AP) @[ IoU=0.50:0.95 | area=medium | maxDets=100 ] = 0.229
 Average Precision  (AP) @[ IoU=0.50:0.95 | area= large | maxDets=100 ] = 0.288
 Average Recall     (AR) @[ IoU=0.50:0.95 | area=   all | maxDets=  1 ] = 0.243
 Average Recall     (AR) @[ IoU=0.50:0.95 | area=   all | maxDets= 10 ] = 0.342
 Average Recall     (AR) @[ IoU=0.50:0.95 | area=   all | maxDets=100 ] = 0.348
 Average Recall     (AR) @[ IoU=0.50:0.95 | area= small | maxDets=100 ] = 0.127
 Average Recall     (AR) @[ IoU=0.50:0.95 | area=medium | maxDets=100 ] = 0.350
 Average Recall     (AR) @[ IoU=0.50:0.95 | area= large | maxDets=100 ] = 0.465
sweep 65/96: alpha=2.0, beta=1.0, threshold=0.05, top_k=50, nms=0.5
creating index...
index created!
Loading and preparing results...
DONE (t=0.11s)
creating index...
index created!
Running per image evaluation...
Evaluate annotation type *bbox*
DONE (t=1.55s).
Accumulating evaluation results...
DONE (t=0.54s).
 Average Precision  (AP) @[ IoU=0.50:0.95 | area=   all | maxDets=100 ] = 0.216
 Average Precision  (AP) @[ IoU=0.50      | area=   all | maxDets=100 ] = 0.323
 Average Precision  (AP) @[ IoU=0.75      | area=   all | maxDets=100 ] = 0.243
 Average Precision  (AP) @[ IoU=0.50:0.95 | area= small | maxDets=100 ] = 0.091
 Average Precision  (AP) @[ IoU=0.50:0.95 | area=medium | maxDets=100 ] = 0.235
 Average Precision  (AP) @[ IoU=0.50:0.95 | area= large | maxDets=100 ] = 0.288
 Average Recall     (AR) @[ IoU=0.50:0.95 | area=   all | maxDets=  1 ] = 0.240
 Average Recall     (AR) @[ IoU=0.50:0.95 | area=   all | maxDets= 10 ] = 0.342
 Average Recall     (AR) @[ IoU=0.50:0.95 | area=   all | maxDets=100 ] = 0.350
 Average Recall     (AR) @[ IoU=0.50:0.95 | area= small | maxDets=100 ] = 0.124
 Average Recall     (AR) @[ IoU=0.50:0.95 | area=medium | maxDets=100 ] = 0.359
 Average Recall     (AR) @[ IoU=0.50:0.95 | area= large | maxDets=100 ] = 0.478
sweep 66/96: alpha=2.0, beta=1.0, threshold=0.05, top_k=50, nms=0.6
creating index...
index created!
Loading and preparing results...
DONE (t=0.02s)
creating index...
index created!
Running per image evaluation...
Evaluate annotation type *bbox*
DONE (t=1.56s).
Accumulating evaluation results...
DONE (t=0.55s).
 Average Precision  (AP) @[ IoU=0.50:0.95 | area=   all | maxDets=100 ] = 0.213
 Average Precision  (AP) @[ IoU=0.50      | area=   all | maxDets=100 ] = 0.313
 Average Precision  (AP) @[ IoU=0.75      | area=   all | maxDets=100 ] = 0.245
 Average Precision  (AP) @[ IoU=0.50:0.95 | area= small | maxDets=100 ] = 0.089
 Average Precision  (AP) @[ IoU=0.50:0.95 | area=medium | maxDets=100 ] = 0.234
 Average Precision  (AP) @[ IoU=0.50:0.95 | area= large | maxDets=100 ] = 0.282
 Average Recall     (AR) @[ IoU=0.50:0.95 | area=   all | maxDets=  1 ] = 0.237
 Average Recall     (AR) @[ IoU=0.50:0.95 | area=   all | maxDets= 10 ] = 0.343
 Average Recall     (AR) @[ IoU=0.50:0.95 | area=   all | maxDets=100 ] = 0.353
 Average Recall     (AR) @[ IoU=0.50:0.95 | area= small | maxDets=100 ] = 0.123
 Average Recall     (AR) @[ IoU=0.50:0.95 | area=medium | maxDets=100 ] = 0.362
 Average Recall     (AR) @[ IoU=0.50:0.95 | area= large | maxDets=100 ] = 0.483
sweep 67/96: alpha=2.0, beta=1.0, threshold=0.05, top_k=100, nms=0.4
creating index...
index created!
Loading and preparing results...
DONE (t=0.02s)
creating index...
index created!
Running per image evaluation...
Evaluate annotation type *bbox*
DONE (t=1.79s).
Accumulating evaluation results...
DONE (t=0.59s).
 Average Precision  (AP) @[ IoU=0.50:0.95 | area=   all | maxDets=100 ] = 0.217
 Average Precision  (AP) @[ IoU=0.50      | area=   all | maxDets=100 ] = 0.327
 Average Precision  (AP) @[ IoU=0.75      | area=   all | maxDets=100 ] = 0.244
 Average Precision  (AP) @[ IoU=0.50:0.95 | area= small | maxDets=100 ] = 0.093
 Average Precision  (AP) @[ IoU=0.50:0.95 | area=medium | maxDets=100 ] = 0.231
 Average Precision  (AP) @[ IoU=0.50:0.95 | area= large | maxDets=100 ] = 0.289
 Average Recall     (AR) @[ IoU=0.50:0.95 | area=   all | maxDets=  1 ] = 0.245
 Average Recall     (AR) @[ IoU=0.50:0.95 | area=   all | maxDets= 10 ] = 0.348
 Average Recall     (AR) @[ IoU=0.50:0.95 | area=   all | maxDets=100 ] = 0.358
 Average Recall     (AR) @[ IoU=0.50:0.95 | area= small | maxDets=100 ] = 0.133
 Average Recall     (AR) @[ IoU=0.50:0.95 | area=medium | maxDets=100 ] = 0.362
 Average Recall     (AR) @[ IoU=0.50:0.95 | area= large | maxDets=100 ] = 0.485
sweep 68/96: alpha=2.0, beta=1.0, threshold=0.05, top_k=100, nms=0.5
creating index...
index created!
Loading and preparing results...
DONE (t=0.02s)
creating index...
index created!
Running per image evaluation...
Evaluate annotation type *bbox*
DONE (t=1.91s).
Accumulating evaluation results...
DONE (t=0.61s).
 Average Precision  (AP) @[ IoU=0.50:0.95 | area=   all | maxDets=100 ] = 0.217
 Average Precision  (AP) @[ IoU=0.50      | area=   all | maxDets=100 ] = 0.326
 Average Precision  (AP) @[ IoU=0.75      | area=   all | maxDets=100 ] = 0.245
 Average Precision  (AP) @[ IoU=0.50:0.95 | area= small | maxDets=100 ] = 0.093
 Average Precision  (AP) @[ IoU=0.50:0.95 | area=medium | maxDets=100 ] = 0.237
 Average Precision  (AP) @[ IoU=0.50:0.95 | area= large | maxDets=100 ] = 0.289
 Average Recall     (AR) @[ IoU=0.50:0.95 | area=   all | maxDets=  1 ] = 0.245
 Average Recall     (AR) @[ IoU=0.50:0.95 | area=   all | maxDets= 10 ] = 0.354
 Average Recall     (AR) @[ IoU=0.50:0.95 | area=   all | maxDets=100 ] = 0.367
 Average Recall     (AR) @[ IoU=0.50:0.95 | area= small | maxDets=100 ] = 0.135
 Average Recall     (AR) @[ IoU=0.50:0.95 | area=medium | maxDets=100 ] = 0.379
 Average Recall     (AR) @[ IoU=0.50:0.95 | area= large | maxDets=100 ] = 0.499
sweep 69/96: alpha=2.0, beta=1.0, threshold=0.05, top_k=100, nms=0.6
creating index...
index created!
Loading and preparing results...
DONE (t=0.02s)
creating index...
index created!
Running per image evaluation...
Evaluate annotation type *bbox*
DONE (t=2.06s).
Accumulating evaluation results...
DONE (t=0.63s).
 Average Precision  (AP) @[ IoU=0.50:0.95 | area=   all | maxDets=100 ] = 0.215
 Average Precision  (AP) @[ IoU=0.50      | area=   all | maxDets=100 ] = 0.317
 Average Precision  (AP) @[ IoU=0.75      | area=   all | maxDets=100 ] = 0.246
 Average Precision  (AP) @[ IoU=0.50:0.95 | area= small | maxDets=100 ] = 0.094
 Average Precision  (AP) @[ IoU=0.50:0.95 | area=medium | maxDets=100 ] = 0.238
 Average Precision  (AP) @[ IoU=0.50:0.95 | area= large | maxDets=100 ] = 0.283
 Average Recall     (AR) @[ IoU=0.50:0.95 | area=   all | maxDets=  1 ] = 0.244
 Average Recall     (AR) @[ IoU=0.50:0.95 | area=   all | maxDets= 10 ] = 0.360
 Average Recall     (AR) @[ IoU=0.50:0.95 | area=   all | maxDets=100 ] = 0.377
 Average Recall     (AR) @[ IoU=0.50:0.95 | area= small | maxDets=100 ] = 0.140
 Average Recall     (AR) @[ IoU=0.50:0.95 | area=medium | maxDets=100 ] = 0.393
 Average Recall     (AR) @[ IoU=0.50:0.95 | area= large | maxDets=100 ] = 0.502
sweep 70/96: alpha=2.0, beta=1.0, threshold=0.05, top_k=200, nms=0.4
creating index...
index created!
Loading and preparing results...
DONE (t=0.02s)
creating index...
index created!
Running per image evaluation...
Evaluate annotation type *bbox*
DONE (t=1.87s).
Accumulating evaluation results...
DONE (t=0.60s).
 Average Precision  (AP) @[ IoU=0.50:0.95 | area=   all | maxDets=100 ] = 0.217
 Average Precision  (AP) @[ IoU=0.50      | area=   all | maxDets=100 ] = 0.328
 Average Precision  (AP) @[ IoU=0.75      | area=   all | maxDets=100 ] = 0.244
 Average Precision  (AP) @[ IoU=0.50:0.95 | area= small | maxDets=100 ] = 0.093
 Average Precision  (AP) @[ IoU=0.50:0.95 | area=medium | maxDets=100 ] = 0.231
 Average Precision  (AP) @[ IoU=0.50:0.95 | area= large | maxDets=100 ] = 0.289
 Average Recall     (AR) @[ IoU=0.50:0.95 | area=   all | maxDets=  1 ] = 0.245
 Average Recall     (AR) @[ IoU=0.50:0.95 | area=   all | maxDets= 10 ] = 0.349
 Average Recall     (AR) @[ IoU=0.50:0.95 | area=   all | maxDets=100 ] = 0.359
 Average Recall     (AR) @[ IoU=0.50:0.95 | area= small | maxDets=100 ] = 0.136
 Average Recall     (AR) @[ IoU=0.50:0.95 | area=medium | maxDets=100 ] = 0.364
 Average Recall     (AR) @[ IoU=0.50:0.95 | area= large | maxDets=100 ] = 0.485
sweep 71/96: alpha=2.0, beta=1.0, threshold=0.05, top_k=200, nms=0.5
creating index...
index created!
Loading and preparing results...
DONE (t=0.13s)
creating index...
index created!
Running per image evaluation...
Evaluate annotation type *bbox*
DONE (t=2.00s).
Accumulating evaluation results...
DONE (t=0.63s).
 Average Precision  (AP) @[ IoU=0.50:0.95 | area=   all | maxDets=100 ] = 0.218
 Average Precision  (AP) @[ IoU=0.50      | area=   all | maxDets=100 ] = 0.327
 Average Precision  (AP) @[ IoU=0.75      | area=   all | maxDets=100 ] = 0.245
 Average Precision  (AP) @[ IoU=0.50:0.95 | area= small | maxDets=100 ] = 0.094
 Average Precision  (AP) @[ IoU=0.50:0.95 | area=medium | maxDets=100 ] = 0.237
 Average Precision  (AP) @[ IoU=0.50:0.95 | area= large | maxDets=100 ] = 0.289
 Average Recall     (AR) @[ IoU=0.50:0.95 | area=   all | maxDets=  1 ] = 0.245
 Average Recall     (AR) @[ IoU=0.50:0.95 | area=   all | maxDets= 10 ] = 0.354
 Average Recall     (AR) @[ IoU=0.50:0.95 | area=   all | maxDets=100 ] = 0.369
 Average Recall     (AR) @[ IoU=0.50:0.95 | area= small | maxDets=100 ] = 0.140
 Average Recall     (AR) @[ IoU=0.50:0.95 | area=medium | maxDets=100 ] = 0.382
 Average Recall     (AR) @[ IoU=0.50:0.95 | area= large | maxDets=100 ] = 0.499
sweep 72/96: alpha=2.0, beta=1.0, threshold=0.05, top_k=200, nms=0.6
creating index...
index created!
Loading and preparing results...
DONE (t=0.13s)
creating index...
index created!
Running per image evaluation...
Evaluate annotation type *bbox*
DONE (t=2.40s).
Accumulating evaluation results...
DONE (t=0.67s).
 Average Precision  (AP) @[ IoU=0.50:0.95 | area=   all | maxDets=100 ] = 0.215
 Average Precision  (AP) @[ IoU=0.50      | area=   all | maxDets=100 ] = 0.318
 Average Precision  (AP) @[ IoU=0.75      | area=   all | maxDets=100 ] = 0.247
 Average Precision  (AP) @[ IoU=0.50:0.95 | area= small | maxDets=100 ] = 0.094
 Average Precision  (AP) @[ IoU=0.50:0.95 | area=medium | maxDets=100 ] = 0.238
 Average Precision  (AP) @[ IoU=0.50:0.95 | area= large | maxDets=100 ] = 0.284
 Average Recall     (AR) @[ IoU=0.50:0.95 | area=   all | maxDets=  1 ] = 0.245
 Average Recall     (AR) @[ IoU=0.50:0.95 | area=   all | maxDets= 10 ] = 0.363
 Average Recall     (AR) @[ IoU=0.50:0.95 | area=   all | maxDets=100 ] = 0.382
 Average Recall     (AR) @[ IoU=0.50:0.95 | area= small | maxDets=100 ] = 0.145
 Average Recall     (AR) @[ IoU=0.50:0.95 | area=medium | maxDets=100 ] = 0.398
 Average Recall     (AR) @[ IoU=0.50:0.95 | area= large | maxDets=100 ] = 0.514
sweep 73/96: alpha=2.0, beta=1.0, threshold=0.1, top_k=20, nms=0.4
creating index...
index created!
Loading and preparing results...
DONE (t=0.01s)
creating index...
index created!
Running per image evaluation...
Evaluate annotation type *bbox*
DONE (t=1.07s).
Accumulating evaluation results...
DONE (t=0.42s).
 Average Precision  (AP) @[ IoU=0.50:0.95 | area=   all | maxDets=100 ] = 0.210
 Average Precision  (AP) @[ IoU=0.50      | area=   all | maxDets=100 ] = 0.311
 Average Precision  (AP) @[ IoU=0.75      | area=   all | maxDets=100 ] = 0.239
 Average Precision  (AP) @[ IoU=0.50:0.95 | area= small | maxDets=100 ] = 0.081
 Average Precision  (AP) @[ IoU=0.50:0.95 | area=medium | maxDets=100 ] = 0.221
 Average Precision  (AP) @[ IoU=0.50:0.95 | area= large | maxDets=100 ] = 0.282
 Average Recall     (AR) @[ IoU=0.50:0.95 | area=   all | maxDets=  1 ] = 0.230
 Average Recall     (AR) @[ IoU=0.50:0.95 | area=   all | maxDets= 10 ] = 0.307
 Average Recall     (AR) @[ IoU=0.50:0.95 | area=   all | maxDets=100 ] = 0.308
 Average Recall     (AR) @[ IoU=0.50:0.95 | area= small | maxDets=100 ] = 0.100
 Average Recall     (AR) @[ IoU=0.50:0.95 | area=medium | maxDets=100 ] = 0.311
 Average Recall     (AR) @[ IoU=0.50:0.95 | area= large | maxDets=100 ] = 0.416
sweep 74/96: alpha=2.0, beta=1.0, threshold=0.1, top_k=20, nms=0.5
creating index...
index created!
Loading and preparing results...
DONE (t=0.01s)
creating index...
index created!
Running per image evaluation...
Evaluate annotation type *bbox*
DONE (t=0.96s).
Accumulating evaluation results...
DONE (t=0.42s).
 Average Precision  (AP) @[ IoU=0.50:0.95 | area=   all | maxDets=100 ] = 0.210
 Average Precision  (AP) @[ IoU=0.50      | area=   all | maxDets=100 ] = 0.309
 Average Precision  (AP) @[ IoU=0.75      | area=   all | maxDets=100 ] = 0.240
 Average Precision  (AP) @[ IoU=0.50:0.95 | area= small | maxDets=100 ] = 0.078
 Average Precision  (AP) @[ IoU=0.50:0.95 | area=medium | maxDets=100 ] = 0.225
 Average Precision  (AP) @[ IoU=0.50:0.95 | area= large | maxDets=100 ] = 0.282
 Average Recall     (AR) @[ IoU=0.50:0.95 | area=   all | maxDets=  1 ] = 0.225
 Average Recall     (AR) @[ IoU=0.50:0.95 | area=   all | maxDets= 10 ] = 0.306
 Average Recall     (AR) @[ IoU=0.50:0.95 | area=   all | maxDets=100 ] = 0.308
 Average Recall     (AR) @[ IoU=0.50:0.95 | area= small | maxDets=100 ] = 0.098
 Average Recall     (AR) @[ IoU=0.50:0.95 | area=medium | maxDets=100 ] = 0.316
 Average Recall     (AR) @[ IoU=0.50:0.95 | area= large | maxDets=100 ] = 0.416
sweep 75/96: alpha=2.0, beta=1.0, threshold=0.1, top_k=20, nms=0.6
creating index...
index created!
Loading and preparing results...
DONE (t=0.11s)
creating index...
index created!
Running per image evaluation...
Evaluate annotation type *bbox*
DONE (t=1.07s).
Accumulating evaluation results...
DONE (t=0.42s).
 Average Precision  (AP) @[ IoU=0.50:0.95 | area=   all | maxDets=100 ] = 0.206
 Average Precision  (AP) @[ IoU=0.50      | area=   all | maxDets=100 ] = 0.299
 Average Precision  (AP) @[ IoU=0.75      | area=   all | maxDets=100 ] = 0.239
 Average Precision  (AP) @[ IoU=0.50:0.95 | area= small | maxDets=100 ] = 0.078
 Average Precision  (AP) @[ IoU=0.50:0.95 | area=medium | maxDets=100 ] = 0.220
 Average Precision  (AP) @[ IoU=0.50:0.95 | area= large | maxDets=100 ] = 0.277
 Average Recall     (AR) @[ IoU=0.50:0.95 | area=   all | maxDets=  1 ] = 0.219
 Average Recall     (AR) @[ IoU=0.50:0.95 | area=   all | maxDets= 10 ] = 0.302
 Average Recall     (AR) @[ IoU=0.50:0.95 | area=   all | maxDets=100 ] = 0.304
 Average Recall     (AR) @[ IoU=0.50:0.95 | area= small | maxDets=100 ] = 0.097
 Average Recall     (AR) @[ IoU=0.50:0.95 | area=medium | maxDets=100 ] = 0.304
 Average Recall     (AR) @[ IoU=0.50:0.95 | area= large | maxDets=100 ] = 0.416
sweep 76/96: alpha=2.0, beta=1.0, threshold=0.1, top_k=50, nms=0.4
creating index...
index created!
Loading and preparing results...
DONE (t=0.01s)
creating index...
index created!
Running per image evaluation...
Evaluate annotation type *bbox*
DONE (t=1.38s).
Accumulating evaluation results...
DONE (t=0.48s).
 Average Precision  (AP) @[ IoU=0.50:0.95 | area=   all | maxDets=100 ] = 0.214
 Average Precision  (AP) @[ IoU=0.50      | area=   all | maxDets=100 ] = 0.322
 Average Precision  (AP) @[ IoU=0.75      | area=   all | maxDets=100 ] = 0.242
 Average Precision  (AP) @[ IoU=0.50:0.95 | area= small | maxDets=100 ] = 0.089
 Average Precision  (AP) @[ IoU=0.50:0.95 | area=medium | maxDets=100 ] = 0.227
 Average Precision  (AP) @[ IoU=0.50:0.95 | area= large | maxDets=100 ] = 0.287
 Average Recall     (AR) @[ IoU=0.50:0.95 | area=   all | maxDets=  1 ] = 0.239
 Average Recall     (AR) @[ IoU=0.50:0.95 | area=   all | maxDets= 10 ] = 0.329
 Average Recall     (AR) @[ IoU=0.50:0.95 | area=   all | maxDets=100 ] = 0.335
 Average Recall     (AR) @[ IoU=0.50:0.95 | area= small | maxDets=100 ] = 0.115
 Average Recall     (AR) @[ IoU=0.50:0.95 | area=medium | maxDets=100 ] = 0.338
 Average Recall     (AR) @[ IoU=0.50:0.95 | area= large | maxDets=100 ] = 0.449
sweep 77/96: alpha=2.0, beta=1.0, threshold=0.1, top_k=50, nms=0.5
creating index...
index created!
Loading and preparing results...
DONE (t=0.01s)
creating index...
index created!
Running per image evaluation...
Evaluate annotation type *bbox*
DONE (t=1.43s).
Accumulating evaluation results...
DONE (t=0.48s).
 Average Precision  (AP) @[ IoU=0.50:0.95 | area=   all | maxDets=100 ] = 0.214
 Average Precision  (AP) @[ IoU=0.50      | area=   all | maxDets=100 ] = 0.320
 Average Precision  (AP) @[ IoU=0.75      | area=   all | maxDets=100 ] = 0.242
 Average Precision  (AP) @[ IoU=0.50:0.95 | area= small | maxDets=100 ] = 0.089
 Average Precision  (AP) @[ IoU=0.50:0.95 | area=medium | maxDets=100 ] = 0.232
 Average Precision  (AP) @[ IoU=0.50:0.95 | area= large | maxDets=100 ] = 0.286
 Average Recall     (AR) @[ IoU=0.50:0.95 | area=   all | maxDets=  1 ] = 0.237
 Average Recall     (AR) @[ IoU=0.50:0.95 | area=   all | maxDets= 10 ] = 0.331
 Average Recall     (AR) @[ IoU=0.50:0.95 | area=   all | maxDets=100 ] = 0.339
 Average Recall     (AR) @[ IoU=0.50:0.95 | area= small | maxDets=100 ] = 0.116
 Average Recall     (AR) @[ IoU=0.50:0.95 | area=medium | maxDets=100 ] = 0.347
 Average Recall     (AR) @[ IoU=0.50:0.95 | area= large | maxDets=100 ] = 0.454
sweep 78/96: alpha=2.0, beta=1.0, threshold=0.1, top_k=50, nms=0.6
creating index...
index created!
Loading and preparing results...
DONE (t=0.01s)
creating index...
index created!
Running per image evaluation...
Evaluate annotation type *bbox*
DONE (t=1.43s).
Accumulating evaluation results...
DONE (t=0.49s).
 Average Precision  (AP) @[ IoU=0.50:0.95 | area=   all | maxDets=100 ] = 0.212
 Average Precision  (AP) @[ IoU=0.50      | area=   all | maxDets=100 ] = 0.311
 Average Precision  (AP) @[ IoU=0.75      | area=   all | maxDets=100 ] = 0.244
 Average Precision  (AP) @[ IoU=0.50:0.95 | area= small | maxDets=100 ] = 0.088
 Average Precision  (AP) @[ IoU=0.50:0.95 | area=medium | maxDets=100 ] = 0.233
 Average Precision  (AP) @[ IoU=0.50:0.95 | area= large | maxDets=100 ] = 0.281
 Average Recall     (AR) @[ IoU=0.50:0.95 | area=   all | maxDets=  1 ] = 0.235
 Average Recall     (AR) @[ IoU=0.50:0.95 | area=   all | maxDets= 10 ] = 0.335
 Average Recall     (AR) @[ IoU=0.50:0.95 | area=   all | maxDets=100 ] = 0.343
 Average Recall     (AR) @[ IoU=0.50:0.95 | area= small | maxDets=100 ] = 0.115
 Average Recall     (AR) @[ IoU=0.50:0.95 | area=medium | maxDets=100 ] = 0.354
 Average Recall     (AR) @[ IoU=0.50:0.95 | area= large | maxDets=100 ] = 0.460
sweep 79/96: alpha=2.0, beta=1.0, threshold=0.1, top_k=100, nms=0.4
creating index...
index created!
Loading and preparing results...
DONE (t=0.01s)
creating index...
index created!
Running per image evaluation...
Evaluate annotation type *bbox*
DONE (t=1.44s).
Accumulating evaluation results...
DONE (t=0.48s).
 Average Precision  (AP) @[ IoU=0.50:0.95 | area=   all | maxDets=100 ] = 0.215
 Average Precision  (AP) @[ IoU=0.50      | area=   all | maxDets=100 ] = 0.323
 Average Precision  (AP) @[ IoU=0.75      | area=   all | maxDets=100 ] = 0.243
 Average Precision  (AP) @[ IoU=0.50:0.95 | area= small | maxDets=100 ] = 0.090
 Average Precision  (AP) @[ IoU=0.50:0.95 | area=medium | maxDets=100 ] = 0.228
 Average Precision  (AP) @[ IoU=0.50:0.95 | area= large | maxDets=100 ] = 0.287
 Average Recall     (AR) @[ IoU=0.50:0.95 | area=   all | maxDets=  1 ] = 0.240
 Average Recall     (AR) @[ IoU=0.50:0.95 | area=   all | maxDets= 10 ] = 0.332
 Average Recall     (AR) @[ IoU=0.50:0.95 | area=   all | maxDets=100 ] = 0.340
 Average Recall     (AR) @[ IoU=0.50:0.95 | area= small | maxDets=100 ] = 0.118
 Average Recall     (AR) @[ IoU=0.50:0.95 | area=medium | maxDets=100 ] = 0.346
 Average Recall     (AR) @[ IoU=0.50:0.95 | area= large | maxDets=100 ] = 0.460
sweep 80/96: alpha=2.0, beta=1.0, threshold=0.1, top_k=100, nms=0.5
creating index...
index created!
Loading and preparing results...
DONE (t=0.01s)
creating index...
index created!
Running per image evaluation...
Evaluate annotation type *bbox*
DONE (t=1.56s).
Accumulating evaluation results...
DONE (t=0.50s).
 Average Precision  (AP) @[ IoU=0.50:0.95 | area=   all | maxDets=100 ] = 0.216
 Average Precision  (AP) @[ IoU=0.50      | area=   all | maxDets=100 ] = 0.323
 Average Precision  (AP) @[ IoU=0.75      | area=   all | maxDets=100 ] = 0.244
 Average Precision  (AP) @[ IoU=0.50:0.95 | area= small | maxDets=100 ] = 0.091
 Average Precision  (AP) @[ IoU=0.50:0.95 | area=medium | maxDets=100 ] = 0.235
 Average Precision  (AP) @[ IoU=0.50:0.95 | area= large | maxDets=100 ] = 0.287
 Average Recall     (AR) @[ IoU=0.50:0.95 | area=   all | maxDets=  1 ] = 0.240
 Average Recall     (AR) @[ IoU=0.50:0.95 | area=   all | maxDets= 10 ] = 0.338
 Average Recall     (AR) @[ IoU=0.50:0.95 | area=   all | maxDets=100 ] = 0.349
 Average Recall     (AR) @[ IoU=0.50:0.95 | area= small | maxDets=100 ] = 0.121
 Average Recall     (AR) @[ IoU=0.50:0.95 | area=medium | maxDets=100 ] = 0.361
 Average Recall     (AR) @[ IoU=0.50:0.95 | area= large | maxDets=100 ] = 0.467
sweep 81/96: alpha=2.0, beta=1.0, threshold=0.1, top_k=100, nms=0.6
creating index...
index created!
Loading and preparing results...
DONE (t=0.02s)
creating index...
index created!
Running per image evaluation...
Evaluate annotation type *bbox*
DONE (t=1.72s).
Accumulating evaluation results...
DONE (t=0.53s).
 Average Precision  (AP) @[ IoU=0.50:0.95 | area=   all | maxDets=100 ] = 0.213
 Average Precision  (AP) @[ IoU=0.50      | area=   all | maxDets=100 ] = 0.314
 Average Precision  (AP) @[ IoU=0.75      | area=   all | maxDets=100 ] = 0.245
 Average Precision  (AP) @[ IoU=0.50:0.95 | area= small | maxDets=100 ] = 0.092
 Average Precision  (AP) @[ IoU=0.50:0.95 | area=medium | maxDets=100 ] = 0.235
 Average Precision  (AP) @[ IoU=0.50:0.95 | area= large | maxDets=100 ] = 0.282
 Average Recall     (AR) @[ IoU=0.50:0.95 | area=   all | maxDets=  1 ] = 0.240
 Average Recall     (AR) @[ IoU=0.50:0.95 | area=   all | maxDets= 10 ] = 0.344
 Average Recall     (AR) @[ IoU=0.50:0.95 | area=   all | maxDets=100 ] = 0.357
 Average Recall     (AR) @[ IoU=0.50:0.95 | area= small | maxDets=100 ] = 0.124
 Average Recall     (AR) @[ IoU=0.50:0.95 | area=medium | maxDets=100 ] = 0.371
 Average Recall     (AR) @[ IoU=0.50:0.95 | area= large | maxDets=100 ] = 0.469
sweep 82/96: alpha=2.0, beta=1.0, threshold=0.1, top_k=200, nms=0.4
creating index...
index created!
Loading and preparing results...
DONE (t=0.01s)
creating index...
index created!
Running per image evaluation...
Evaluate annotation type *bbox*
DONE (t=1.40s).
Accumulating evaluation results...
DONE (t=0.49s).
 Average Precision  (AP) @[ IoU=0.50:0.95 | area=   all | maxDets=100 ] = 0.215
 Average Precision  (AP) @[ IoU=0.50      | area=   all | maxDets=100 ] = 0.323
 Average Precision  (AP) @[ IoU=0.75      | area=   all | maxDets=100 ] = 0.243
 Average Precision  (AP) @[ IoU=0.50:0.95 | area= small | maxDets=100 ] = 0.090
 Average Precision  (AP) @[ IoU=0.50:0.95 | area=medium | maxDets=100 ] = 0.228
 Average Precision  (AP) @[ IoU=0.50:0.95 | area= large | maxDets=100 ] = 0.287
 Average Recall     (AR) @[ IoU=0.50:0.95 | area=   all | maxDets=  1 ] = 0.240
 Average Recall     (AR) @[ IoU=0.50:0.95 | area=   all | maxDets= 10 ] = 0.333
 Average Recall     (AR) @[ IoU=0.50:0.95 | area=   all | maxDets=100 ] = 0.340
 Average Recall     (AR) @[ IoU=0.50:0.95 | area= small | maxDets=100 ] = 0.118
 Average Recall     (AR) @[ IoU=0.50:0.95 | area=medium | maxDets=100 ] = 0.346
 Average Recall     (AR) @[ IoU=0.50:0.95 | area= large | maxDets=100 ] = 0.460
sweep 83/96: alpha=2.0, beta=1.0, threshold=0.1, top_k=200, nms=0.5
creating index...
index created!
Loading and preparing results...
DONE (t=0.01s)
creating index...
index created!
Running per image evaluation...
Evaluate annotation type *bbox*
DONE (t=1.59s).
Accumulating evaluation results...
DONE (t=0.51s).
 Average Precision  (AP) @[ IoU=0.50:0.95 | area=   all | maxDets=100 ] = 0.216
 Average Precision  (AP) @[ IoU=0.50      | area=   all | maxDets=100 ] = 0.323
 Average Precision  (AP) @[ IoU=0.75      | area=   all | maxDets=100 ] = 0.244
 Average Precision  (AP) @[ IoU=0.50:0.95 | area= small | maxDets=100 ] = 0.091
 Average Precision  (AP) @[ IoU=0.50:0.95 | area=medium | maxDets=100 ] = 0.235
 Average Precision  (AP) @[ IoU=0.50:0.95 | area= large | maxDets=100 ] = 0.287
 Average Recall     (AR) @[ IoU=0.50:0.95 | area=   all | maxDets=  1 ] = 0.240
 Average Recall     (AR) @[ IoU=0.50:0.95 | area=   all | maxDets= 10 ] = 0.338
 Average Recall     (AR) @[ IoU=0.50:0.95 | area=   all | maxDets=100 ] = 0.349
 Average Recall     (AR) @[ IoU=0.50:0.95 | area= small | maxDets=100 ] = 0.122
 Average Recall     (AR) @[ IoU=0.50:0.95 | area=medium | maxDets=100 ] = 0.362
 Average Recall     (AR) @[ IoU=0.50:0.95 | area= large | maxDets=100 ] = 0.467
sweep 84/96: alpha=2.0, beta=1.0, threshold=0.1, top_k=200, nms=0.6
creating index...
index created!
Loading and preparing results...
DONE (t=0.11s)
creating index...
index created!
Running per image evaluation...
Evaluate annotation type *bbox*
DONE (t=1.82s).
Accumulating evaluation results...
DONE (t=0.54s).
 Average Precision  (AP) @[ IoU=0.50:0.95 | area=   all | maxDets=100 ] = 0.214
 Average Precision  (AP) @[ IoU=0.50      | area=   all | maxDets=100 ] = 0.314
 Average Precision  (AP) @[ IoU=0.75      | area=   all | maxDets=100 ] = 0.246
 Average Precision  (AP) @[ IoU=0.50:0.95 | area= small | maxDets=100 ] = 0.092
 Average Precision  (AP) @[ IoU=0.50:0.95 | area=medium | maxDets=100 ] = 0.235
 Average Precision  (AP) @[ IoU=0.50:0.95 | area= large | maxDets=100 ] = 0.282
 Average Recall     (AR) @[ IoU=0.50:0.95 | area=   all | maxDets=  1 ] = 0.240
 Average Recall     (AR) @[ IoU=0.50:0.95 | area=   all | maxDets= 10 ] = 0.346
 Average Recall     (AR) @[ IoU=0.50:0.95 | area=   all | maxDets=100 ] = 0.360
 Average Recall     (AR) @[ IoU=0.50:0.95 | area= small | maxDets=100 ] = 0.126
 Average Recall     (AR) @[ IoU=0.50:0.95 | area=medium | maxDets=100 ] = 0.375
 Average Recall     (AR) @[ IoU=0.50:0.95 | area= large | maxDets=100 ] = 0.479
sweep 85/96: alpha=2.0, beta=1.0, threshold=0.2, top_k=20, nms=0.4
creating index...
index created!
Loading and preparing results...
DONE (t=0.01s)
creating index...
index created!
Running per image evaluation...
Evaluate annotation type *bbox*
DONE (t=0.83s).
Accumulating evaluation results...
DONE (t=0.38s).
 Average Precision  (AP) @[ IoU=0.50:0.95 | area=   all | maxDets=100 ] = 0.207
 Average Precision  (AP) @[ IoU=0.50      | area=   all | maxDets=100 ] = 0.305
 Average Precision  (AP) @[ IoU=0.75      | area=   all | maxDets=100 ] = 0.237
 Average Precision  (AP) @[ IoU=0.50:0.95 | area= small | maxDets=100 ] = 0.078
 Average Precision  (AP) @[ IoU=0.50:0.95 | area=medium | maxDets=100 ] = 0.218
 Average Precision  (AP) @[ IoU=0.50:0.95 | area= large | maxDets=100 ] = 0.278
 Average Recall     (AR) @[ IoU=0.50:0.95 | area=   all | maxDets=  1 ] = 0.218
 Average Recall     (AR) @[ IoU=0.50:0.95 | area=   all | maxDets= 10 ] = 0.291
 Average Recall     (AR) @[ IoU=0.50:0.95 | area=   all | maxDets=100 ] = 0.292
 Average Recall     (AR) @[ IoU=0.50:0.95 | area= small | maxDets=100 ] = 0.095
 Average Recall     (AR) @[ IoU=0.50:0.95 | area=medium | maxDets=100 ] = 0.297
 Average Recall     (AR) @[ IoU=0.50:0.95 | area= large | maxDets=100 ] = 0.388
sweep 86/96: alpha=2.0, beta=1.0, threshold=0.2, top_k=20, nms=0.5
creating index...
index created!
Loading and preparing results...
DONE (t=0.01s)
creating index...
index created!
Running per image evaluation...
Evaluate annotation type *bbox*
DONE (t=0.92s).
Accumulating evaluation results...
DONE (t=0.38s).
 Average Precision  (AP) @[ IoU=0.50:0.95 | area=   all | maxDets=100 ] = 0.207
 Average Precision  (AP) @[ IoU=0.50      | area=   all | maxDets=100 ] = 0.304
 Average Precision  (AP) @[ IoU=0.75      | area=   all | maxDets=100 ] = 0.238
 Average Precision  (AP) @[ IoU=0.50:0.95 | area= small | maxDets=100 ] = 0.076
 Average Precision  (AP) @[ IoU=0.50:0.95 | area=medium | maxDets=100 ] = 0.221
 Average Precision  (AP) @[ IoU=0.50:0.95 | area= large | maxDets=100 ] = 0.278
 Average Recall     (AR) @[ IoU=0.50:0.95 | area=   all | maxDets=  1 ] = 0.217
 Average Recall     (AR) @[ IoU=0.50:0.95 | area=   all | maxDets= 10 ] = 0.292
 Average Recall     (AR) @[ IoU=0.50:0.95 | area=   all | maxDets=100 ] = 0.294
 Average Recall     (AR) @[ IoU=0.50:0.95 | area= small | maxDets=100 ] = 0.094
 Average Recall     (AR) @[ IoU=0.50:0.95 | area=medium | maxDets=100 ] = 0.302
 Average Recall     (AR) @[ IoU=0.50:0.95 | area= large | maxDets=100 ] = 0.391
sweep 87/96: alpha=2.0, beta=1.0, threshold=0.2, top_k=20, nms=0.6
creating index...
index created!
Loading and preparing results...
DONE (t=0.01s)
creating index...
index created!
Running per image evaluation...
Evaluate annotation type *bbox*
DONE (t=0.93s).
Accumulating evaluation results...
DONE (t=0.38s).
 Average Precision  (AP) @[ IoU=0.50:0.95 | area=   all | maxDets=100 ] = 0.204
 Average Precision  (AP) @[ IoU=0.50      | area=   all | maxDets=100 ] = 0.295
 Average Precision  (AP) @[ IoU=0.75      | area=   all | maxDets=100 ] = 0.237
 Average Precision  (AP) @[ IoU=0.50:0.95 | area= small | maxDets=100 ] = 0.076
 Average Precision  (AP) @[ IoU=0.50:0.95 | area=medium | maxDets=100 ] = 0.218
 Average Precision  (AP) @[ IoU=0.50:0.95 | area= large | maxDets=100 ] = 0.273
 Average Recall     (AR) @[ IoU=0.50:0.95 | area=   all | maxDets=  1 ] = 0.211
 Average Recall     (AR) @[ IoU=0.50:0.95 | area=   all | maxDets= 10 ] = 0.290
 Average Recall     (AR) @[ IoU=0.50:0.95 | area=   all | maxDets=100 ] = 0.292
 Average Recall     (AR) @[ IoU=0.50:0.95 | area= small | maxDets=100 ] = 0.094
 Average Recall     (AR) @[ IoU=0.50:0.95 | area=medium | maxDets=100 ] = 0.293
 Average Recall     (AR) @[ IoU=0.50:0.95 | area= large | maxDets=100 ] = 0.394
sweep 88/96: alpha=2.0, beta=1.0, threshold=0.2, top_k=50, nms=0.4
creating index...
index created!
Loading and preparing results...
DONE (t=0.01s)
creating index...
index created!
Running per image evaluation...
Evaluate annotation type *bbox*
DONE (t=1.01s).
Accumulating evaluation results...
DONE (t=0.39s).
 Average Precision  (AP) @[ IoU=0.50:0.95 | area=   all | maxDets=100 ] = 0.209
 Average Precision  (AP) @[ IoU=0.50      | area=   all | maxDets=100 ] = 0.309
 Average Precision  (AP) @[ IoU=0.75      | area=   all | maxDets=100 ] = 0.238
 Average Precision  (AP) @[ IoU=0.50:0.95 | area= small | maxDets=100 ] = 0.082
 Average Precision  (AP) @[ IoU=0.50:0.95 | area=medium | maxDets=100 ] = 0.222
 Average Precision  (AP) @[ IoU=0.50:0.95 | area= large | maxDets=100 ] = 0.279
 Average Recall     (AR) @[ IoU=0.50:0.95 | area=   all | maxDets=  1 ] = 0.221
 Average Recall     (AR) @[ IoU=0.50:0.95 | area=   all | maxDets= 10 ] = 0.295
 Average Recall     (AR) @[ IoU=0.50:0.95 | area=   all | maxDets=100 ] = 0.300
 Average Recall     (AR) @[ IoU=0.50:0.95 | area= small | maxDets=100 ] = 0.101
 Average Recall     (AR) @[ IoU=0.50:0.95 | area=medium | maxDets=100 ] = 0.308
 Average Recall     (AR) @[ IoU=0.50:0.95 | area= large | maxDets=100 ] = 0.392
sweep 89/96: alpha=2.0, beta=1.0, threshold=0.2, top_k=50, nms=0.5
creating index...
index created!
Loading and preparing results...
DONE (t=0.01s)
creating index...
index created!
Running per image evaluation...
Evaluate annotation type *bbox*
DONE (t=1.05s).
Accumulating evaluation results...
DONE (t=0.40s).
 Average Precision  (AP) @[ IoU=0.50:0.95 | area=   all | maxDets=100 ] = 0.209
 Average Precision  (AP) @[ IoU=0.50      | area=   all | maxDets=100 ] = 0.309
 Average Precision  (AP) @[ IoU=0.75      | area=   all | maxDets=100 ] = 0.239
 Average Precision  (AP) @[ IoU=0.50:0.95 | area= small | maxDets=100 ] = 0.082
 Average Precision  (AP) @[ IoU=0.50:0.95 | area=medium | maxDets=100 ] = 0.227
 Average Precision  (AP) @[ IoU=0.50:0.95 | area= large | maxDets=100 ] = 0.279
 Average Recall     (AR) @[ IoU=0.50:0.95 | area=   all | maxDets=  1 ] = 0.220
 Average Recall     (AR) @[ IoU=0.50:0.95 | area=   all | maxDets= 10 ] = 0.298
 Average Recall     (AR) @[ IoU=0.50:0.95 | area=   all | maxDets=100 ] = 0.304
 Average Recall     (AR) @[ IoU=0.50:0.95 | area= small | maxDets=100 ] = 0.102
 Average Recall     (AR) @[ IoU=0.50:0.95 | area=medium | maxDets=100 ] = 0.316
 Average Recall     (AR) @[ IoU=0.50:0.95 | area= large | maxDets=100 ] = 0.396
sweep 90/96: alpha=2.0, beta=1.0, threshold=0.2, top_k=50, nms=0.6
creating index...
index created!
Loading and preparing results...
DONE (t=0.09s)
creating index...
index created!
Running per image evaluation...
Evaluate annotation type *bbox*
DONE (t=1.05s).
Accumulating evaluation results...
DONE (t=0.41s).
 Average Precision  (AP) @[ IoU=0.50:0.95 | area=   all | maxDets=100 ] = 0.208
 Average Precision  (AP) @[ IoU=0.50      | area=   all | maxDets=100 ] = 0.302
 Average Precision  (AP) @[ IoU=0.75      | area=   all | maxDets=100 ] = 0.240
 Average Precision  (AP) @[ IoU=0.50:0.95 | area= small | maxDets=100 ] = 0.082
 Average Precision  (AP) @[ IoU=0.50:0.95 | area=medium | maxDets=100 ] = 0.228
 Average Precision  (AP) @[ IoU=0.50:0.95 | area= large | maxDets=100 ] = 0.274
 Average Recall     (AR) @[ IoU=0.50:0.95 | area=   all | maxDets=  1 ] = 0.220
 Average Recall     (AR) @[ IoU=0.50:0.95 | area=   all | maxDets= 10 ] = 0.304
 Average Recall     (AR) @[ IoU=0.50:0.95 | area=   all | maxDets=100 ] = 0.310
 Average Recall     (AR) @[ IoU=0.50:0.95 | area= small | maxDets=100 ] = 0.102
 Average Recall     (AR) @[ IoU=0.50:0.95 | area=medium | maxDets=100 ] = 0.326
 Average Recall     (AR) @[ IoU=0.50:0.95 | area= large | maxDets=100 ] = 0.401
sweep 91/96: alpha=2.0, beta=1.0, threshold=0.2, top_k=100, nms=0.4
creating index...
index created!
Loading and preparing results...
DONE (t=0.01s)
creating index...
index created!
Running per image evaluation...
Evaluate annotation type *bbox*
DONE (t=1.03s).
Accumulating evaluation results...
DONE (t=0.39s).
 Average Precision  (AP) @[ IoU=0.50:0.95 | area=   all | maxDets=100 ] = 0.209
 Average Precision  (AP) @[ IoU=0.50      | area=   all | maxDets=100 ] = 0.310
 Average Precision  (AP) @[ IoU=0.75      | area=   all | maxDets=100 ] = 0.238
 Average Precision  (AP) @[ IoU=0.50:0.95 | area= small | maxDets=100 ] = 0.082
 Average Precision  (AP) @[ IoU=0.50:0.95 | area=medium | maxDets=100 ] = 0.222
 Average Precision  (AP) @[ IoU=0.50:0.95 | area= large | maxDets=100 ] = 0.279
 Average Recall     (AR) @[ IoU=0.50:0.95 | area=   all | maxDets=  1 ] = 0.221
 Average Recall     (AR) @[ IoU=0.50:0.95 | area=   all | maxDets= 10 ] = 0.296
 Average Recall     (AR) @[ IoU=0.50:0.95 | area=   all | maxDets=100 ] = 0.301
 Average Recall     (AR) @[ IoU=0.50:0.95 | area= small | maxDets=100 ] = 0.102
 Average Recall     (AR) @[ IoU=0.50:0.95 | area=medium | maxDets=100 ] = 0.310
 Average Recall     (AR) @[ IoU=0.50:0.95 | area= large | maxDets=100 ] = 0.393
sweep 92/96: alpha=2.0, beta=1.0, threshold=0.2, top_k=100, nms=0.5
creating index...
index created!
Loading and preparing results...
DONE (t=0.01s)
creating index...
index created!
Running per image evaluation...
Evaluate annotation type *bbox*
DONE (t=1.01s).
Accumulating evaluation results...
DONE (t=0.39s).
 Average Precision  (AP) @[ IoU=0.50:0.95 | area=   all | maxDets=100 ] = 0.210
 Average Precision  (AP) @[ IoU=0.50      | area=   all | maxDets=100 ] = 0.310
 Average Precision  (AP) @[ IoU=0.75      | area=   all | maxDets=100 ] = 0.240
 Average Precision  (AP) @[ IoU=0.50:0.95 | area= small | maxDets=100 ] = 0.083
 Average Precision  (AP) @[ IoU=0.50:0.95 | area=medium | maxDets=100 ] = 0.227
 Average Precision  (AP) @[ IoU=0.50:0.95 | area= large | maxDets=100 ] = 0.280
 Average Recall     (AR) @[ IoU=0.50:0.95 | area=   all | maxDets=  1 ] = 0.221
 Average Recall     (AR) @[ IoU=0.50:0.95 | area=   all | maxDets= 10 ] = 0.300
 Average Recall     (AR) @[ IoU=0.50:0.95 | area=   all | maxDets=100 ] = 0.307
 Average Recall     (AR) @[ IoU=0.50:0.95 | area= small | maxDets=100 ] = 0.104
 Average Recall     (AR) @[ IoU=0.50:0.95 | area=medium | maxDets=100 ] = 0.318
 Average Recall     (AR) @[ IoU=0.50:0.95 | area= large | maxDets=100 ] = 0.398
sweep 93/96: alpha=2.0, beta=1.0, threshold=0.2, top_k=100, nms=0.6
creating index...
index created!
Loading and preparing results...
DONE (t=0.01s)
creating index...
index created!
Running per image evaluation...
Evaluate annotation type *bbox*
DONE (t=1.22s).
Accumulating evaluation results...
DONE (t=0.41s).
 Average Precision  (AP) @[ IoU=0.50:0.95 | area=   all | maxDets=100 ] = 0.208
 Average Precision  (AP) @[ IoU=0.50      | area=   all | maxDets=100 ] = 0.303
 Average Precision  (AP) @[ IoU=0.75      | area=   all | maxDets=100 ] = 0.241
 Average Precision  (AP) @[ IoU=0.50:0.95 | area= small | maxDets=100 ] = 0.084
 Average Precision  (AP) @[ IoU=0.50:0.95 | area=medium | maxDets=100 ] = 0.229
 Average Precision  (AP) @[ IoU=0.50:0.95 | area= large | maxDets=100 ] = 0.275
 Average Recall     (AR) @[ IoU=0.50:0.95 | area=   all | maxDets=  1 ] = 0.221
 Average Recall     (AR) @[ IoU=0.50:0.95 | area=   all | maxDets= 10 ] = 0.306
 Average Recall     (AR) @[ IoU=0.50:0.95 | area=   all | maxDets=100 ] = 0.314
 Average Recall     (AR) @[ IoU=0.50:0.95 | area= small | maxDets=100 ] = 0.106
 Average Recall     (AR) @[ IoU=0.50:0.95 | area=medium | maxDets=100 ] = 0.329
 Average Recall     (AR) @[ IoU=0.50:0.95 | area= large | maxDets=100 ] = 0.403
sweep 94/96: alpha=2.0, beta=1.0, threshold=0.2, top_k=200, nms=0.4
creating index...
index created!
Loading and preparing results...
DONE (t=0.01s)
creating index...
index created!
Running per image evaluation...
Evaluate annotation type *bbox*
DONE (t=1.04s).
Accumulating evaluation results...
DONE (t=0.39s).
 Average Precision  (AP) @[ IoU=0.50:0.95 | area=   all | maxDets=100 ] = 0.209
 Average Precision  (AP) @[ IoU=0.50      | area=   all | maxDets=100 ] = 0.310
 Average Precision  (AP) @[ IoU=0.75      | area=   all | maxDets=100 ] = 0.238
 Average Precision  (AP) @[ IoU=0.50:0.95 | area= small | maxDets=100 ] = 0.082
 Average Precision  (AP) @[ IoU=0.50:0.95 | area=medium | maxDets=100 ] = 0.222
 Average Precision  (AP) @[ IoU=0.50:0.95 | area= large | maxDets=100 ] = 0.279
 Average Recall     (AR) @[ IoU=0.50:0.95 | area=   all | maxDets=  1 ] = 0.221
 Average Recall     (AR) @[ IoU=0.50:0.95 | area=   all | maxDets= 10 ] = 0.296
 Average Recall     (AR) @[ IoU=0.50:0.95 | area=   all | maxDets=100 ] = 0.301
 Average Recall     (AR) @[ IoU=0.50:0.95 | area= small | maxDets=100 ] = 0.102
 Average Recall     (AR) @[ IoU=0.50:0.95 | area=medium | maxDets=100 ] = 0.310
 Average Recall     (AR) @[ IoU=0.50:0.95 | area= large | maxDets=100 ] = 0.393
sweep 95/96: alpha=2.0, beta=1.0, threshold=0.2, top_k=200, nms=0.5
creating index...
index created!
Loading and preparing results...
DONE (t=0.01s)
creating index...
index created!
Running per image evaluation...
Evaluate annotation type *bbox*
DONE (t=1.01s).
Accumulating evaluation results...
DONE (t=0.40s).
 Average Precision  (AP) @[ IoU=0.50:0.95 | area=   all | maxDets=100 ] = 0.210
 Average Precision  (AP) @[ IoU=0.50      | area=   all | maxDets=100 ] = 0.310
 Average Precision  (AP) @[ IoU=0.75      | area=   all | maxDets=100 ] = 0.240
 Average Precision  (AP) @[ IoU=0.50:0.95 | area= small | maxDets=100 ] = 0.083
 Average Precision  (AP) @[ IoU=0.50:0.95 | area=medium | maxDets=100 ] = 0.227
 Average Precision  (AP) @[ IoU=0.50:0.95 | area= large | maxDets=100 ] = 0.280
 Average Recall     (AR) @[ IoU=0.50:0.95 | area=   all | maxDets=  1 ] = 0.221
 Average Recall     (AR) @[ IoU=0.50:0.95 | area=   all | maxDets= 10 ] = 0.300
 Average Recall     (AR) @[ IoU=0.50:0.95 | area=   all | maxDets=100 ] = 0.307
 Average Recall     (AR) @[ IoU=0.50:0.95 | area= small | maxDets=100 ] = 0.104
 Average Recall     (AR) @[ IoU=0.50:0.95 | area=medium | maxDets=100 ] = 0.318
 Average Recall     (AR) @[ IoU=0.50:0.95 | area= large | maxDets=100 ] = 0.398
sweep 96/96: alpha=2.0, beta=1.0, threshold=0.2, top_k=200, nms=0.6
creating index...
index created!
Loading and preparing results...
DONE (t=0.01s)
creating index...
index created!
Running per image evaluation...
Evaluate annotation type *bbox*
DONE (t=1.25s).
Accumulating evaluation results...
DONE (t=0.41s).
 Average Precision  (AP) @[ IoU=0.50:0.95 | area=   all | maxDets=100 ] = 0.208
 Average Precision  (AP) @[ IoU=0.50      | area=   all | maxDets=100 ] = 0.303
 Average Precision  (AP) @[ IoU=0.75      | area=   all | maxDets=100 ] = 0.241
 Average Precision  (AP) @[ IoU=0.50:0.95 | area= small | maxDets=100 ] = 0.084
 Average Precision  (AP) @[ IoU=0.50:0.95 | area=medium | maxDets=100 ] = 0.229
 Average Precision  (AP) @[ IoU=0.50:0.95 | area= large | maxDets=100 ] = 0.275
 Average Recall     (AR) @[ IoU=0.50:0.95 | area=   all | maxDets=  1 ] = 0.221
 Average Recall     (AR) @[ IoU=0.50:0.95 | area=   all | maxDets= 10 ] = 0.306
 Average Recall     (AR) @[ IoU=0.50:0.95 | area=   all | maxDets=100 ] = 0.314
 Average Recall     (AR) @[ IoU=0.50:0.95 | area= small | maxDets=100 ] = 0.106
 Average Recall     (AR) @[ IoU=0.50:0.95 | area=medium | maxDets=100 ] = 0.329
 Average Recall     (AR) @[ IoU=0.50:0.95 | area= large | maxDets=100 ] = 0.404
{
  "anchors": {
    "p4": [
      [
        0.04,
        0.055
      ],
      [
        0.075,
        0.11
      ],
      [
        0.13,
        0.18
      ]
    ],
    "p5": [
      [
        0.18,
        0.24
      ],
      [
        0.32,
        0.42
      ],
      [
        0.52,
        0.62
      ]
    ]
  },
  "box_parameterization": "yolov5",
  "checkpoint_path": "/home/lidz/YOLO/yolo_final/outputs/dual_scale_three_box_coco_only_noobj1_416_basic_aug_v2_no_noise_40_ddp_20260510_231343/best.pth",
  "config_path": "/home/lidz/YOLO/yolo_final/configs/dual_scale_three_box_coco_only_noobj1_416_basic_aug_v2_no_noise_40.toml",
  "device": "cuda",
  "manifest_path": "/home/lidz/YOLO/DataSet/Unified/manifests/coco2017_val.jsonl",
  "max_samples": 500,
  "metadata_path": "/home/lidz/YOLO/DataSet/Unified/metadata/class_maps.json",
  "model_name": "deep_residual_dual_scale_three_box",
  "num_boxes": 3,
  "num_combinations": 96,
  "output_shape": {
    "p4": [
      1,
      26,
      26,
      255
    ],
    "p5": [
      1,
      13,
      13,
      255
    ]
  },
  "params_total": 36531294,
  "params_trainable": 36531294,
  "results": [
    {
      "coco_ap": 0.20823880109820372,
      "coco_ap50": 0.31086933590529725,
      "coco_ap75": 0.23694244496739422,
      "coco_ap_large": 0.28008950604421967,
      "coco_ap_medium": 0.22221549298867874,
      "coco_ap_small": 0.08141240248731006,
      "coco_ar1": 0.23080415262679665,
      "coco_ar10": 0.30862013201806804,
      "coco_ar100": 0.3098744856635955,
      "coco_ar_large": 0.4216679282174343,
      "coco_ar_medium": 0.31164175361108903,
      "coco_ar_small": 0.10226467900757451,
      "nms_iou_threshold": 0.4,
      "num_predictions": 9439.0,
      "num_samples": 500.0,
      "score_alpha": 1.5,
      "score_beta": 1.0,
      "score_threshold": 0.03,
      "top_k": 20
    },
    {
      "coco_ap": 0.2070394491713314,
      "coco_ap50": 0.3060623650162902,
      "coco_ap75": 0.2358652978025694,
      "coco_ap_large": 0.27963778520482746,
      "coco_ap_medium": 0.22322994581723163,
      "coco_ap_small": 0.07734210056703077,
      "coco_ar1": 0.225602069900507,
      "coco_ar10": 0.30548556142657873,
      "coco_ar100": 0.3075692486607143,
      "coco_ar_large": 0.4242943692113198,
      "coco_ar_medium": 0.31214891338452805,
      "coco_ar_small": 0.09788439131182981,
      "nms_iou_threshold": 0.5,
      "num_predictions": 9599.0,
      "num_samples": 500.0,
      "score_alpha": 1.5,
      "score_beta": 1.0,
      "score_threshold": 0.03,
      "top_k": 20
    },
    {
      "coco_ap": 0.20337331195480432,
      "coco_ap50": 0.29559808562115725,
      "coco_ap75": 0.23600911978407044,
      "coco_ap_large": 0.27476355426096893,
      "coco_ap_medium": 0.21968488700061717,
      "coco_ap_small": 0.0774675318613818,
      "coco_ar1": 0.22236643807859532,
      "coco_ar10": 0.3048420001330501,
      "coco_ar100": 0.30738075177251245,
      "coco_ar_large": 0.42014234444528664,
      "coco_ar_medium": 0.30568953584808806,
      "coco_ar_small": 0.09806105216255598,
      "nms_iou_threshold": 0.6,
      "num_predictions": 9751.0,
      "num_samples": 500.0,
      "score_alpha": 1.5,
      "score_beta": 1.0,
      "score_threshold": 0.03,
      "top_k": 20
    },
    {
      "coco_ap": 0.21319953022784538,
      "coco_ap50": 0.3233938546427251,
      "coco_ap75": 0.24006732406484427,
      "coco_ap_large": 0.285524818590344,
      "coco_ap_medium": 0.22964943220434192,
      "coco_ap_small": 0.0922479703067541,
      "coco_ar1": 0.24152375567379786,
      "coco_ar10": 0.341727529111769,
      "coco_ar100": 0.3484681159479441,
      "coco_ar_large": 0.476627468522168,
      "coco_ar_medium": 0.3515677807391926,
      "coco_ar_small": 0.1267035004751799,
      "nms_iou_threshold": 0.4,
      "num_predictions": 20275.0,
      "num_samples": 500.0,
      "score_alpha": 1.5,
      "score_beta": 1.0,
      "score_threshold": 0.03,
      "top_k": 50
    },
    {
      "coco_ap": 0.21293093816003097,
      "coco_ap50": 0.3200636675268238,
      "coco_ap75": 0.23988660189485927,
      "coco_ap_large": 0.284774138044477,
      "coco_ap_medium": 0.23320399574656264,
      "coco_ap_small": 0.09059679232478833,
      "coco_ar1": 0.23907366834785057,
      "coco_ar10": 0.3418345687973998,
      "coco_ar100": 0.3508842464605743,
      "coco_ar_large": 0.47981944435036133,
      "coco_ar_medium": 0.358475710881835,
      "coco_ar_small": 0.12524734856889122,
      "nms_iou_threshold": 0.5,
      "num_predictions": 21374.0,
      "num_samples": 500.0,
      "score_alpha": 1.5,
      "score_beta": 1.0,
      "score_threshold": 0.03,
      "top_k": 50
    },
    {
      "coco_ap": 0.20890542779134874,
      "coco_ap50": 0.3077983119159538,
      "coco_ap75": 0.24047077116502286,
      "coco_ap_large": 0.2780266284751427,
      "coco_ap_medium": 0.23250452803589067,
      "coco_ap_small": 0.08871186999726598,
      "coco_ar1": 0.23463573281762068,
      "coco_ar10": 0.33818066648834155,
      "coco_ar100": 0.34888199032992795,
      "coco_ar_large": 0.47539832564537066,
      "coco_ar_medium": 0.36136589524927737,
      "coco_ar_small": 0.12325975336991925,
      "nms_iou_threshold": 0.6,
      "num_predictions": 22453.0,
      "num_samples": 500.0,
      "score_alpha": 1.5,
      "score_beta": 1.0,
      "score_threshold": 0.03,
      "top_k": 50
    },
    {
      "coco_ap": 0.21485659452436529,
      "coco_ap50": 0.3271422427993567,
      "coco_ap75": 0.24141759285486553,
      "coco_ap_large": 0.286845953309235,
      "coco_ap_medium": 0.2319630173727438,
      "coco_ap_small": 0.09386894908022678,
      "coco_ar1": 0.24624478103814032,
      "coco_ar10": 0.35351087906441964,
      "coco_ar100": 0.3642765471667079,
      "coco_ar_large": 0.5031361538656438,
      "coco_ar_medium": 0.3673215018888641,
      "coco_ar_small": 0.13832400940268183,
      "nms_iou_threshold": 0.4,
      "num_predictions": 30949.0,
      "num_samples": 500.0,
      "score_alpha": 1.5,
      "score_beta": 1.0,
      "score_threshold": 0.03,
      "top_k": 100
    },
    {
      "coco_ap": 0.2150547368690156,
      "coco_ap50": 0.32452282428187035,
      "coco_ap75": 0.2415801067788467,
      "coco_ap_large": 0.28640123519943067,
      "coco_ap_medium": 0.23649738361371667,
      "coco_ap_small": 0.09327904807139027,
      "coco_ar1": 0.24624478103814032,
      "coco_ar10": 0.3585390829995082,
      "coco_ar100": 0.37353106302717826,
      "coco_ar_large": 0.5099158268217201,
      "coco_ar_medium": 0.3865245495923033,
      "coco_ar_small": 0.13992801953515063,
      "nms_iou_threshold": 0.5,
      "num_predictions": 34512.0,
      "num_samples": 500.0,
      "score_alpha": 1.5,
      "score_beta": 1.0,
      "score_threshold": 0.03,
      "top_k": 100
    },
    {
      "coco_ap": 0.21137940098770308,
      "coco_ap50": 0.31340175266170095,
      "coco_ap75": 0.24215121067530018,
      "coco_ap_large": 0.27931914945362674,
      "coco_ap_medium": 0.23631211355617984,
      "coco_ap_small": 0.09408748262932076,
      "coco_ar1": 0.24460589757991671,
      "coco_ar10": 0.3609189306653388,
      "coco_ar100": 0.3814253728361771,
      "coco_ar_large": 0.5073918500741057,
      "coco_ar_medium": 0.39774519607011755,
      "coco_ar_small": 0.14525583952938845,
      "nms_iou_threshold": 0.6,
      "num_predictions": 38182.0,
      "num_samples": 500.0,
      "score_alpha": 1.5,
      "score_beta": 1.0,
      "score_threshold": 0.03,
      "top_k": 100
    },
    {
      "coco_ap": 0.21502280872414967,
      "coco_ap50": 0.32770584615502607,
      "coco_ap75": 0.24141715379244189,
      "coco_ap_large": 0.28687006068522464,
      "coco_ap_medium": 0.23194131646148386,
      "coco_ap_small": 0.09456062318549119,
      "coco_ar1": 0.24624478103814032,
      "coco_ar10": 0.35570765542016025,
      "coco_ar100": 0.3688229647908088,
      "coco_ar_large": 0.5042236883626466,
      "coco_ar_medium": 0.3715532499062929,
      "coco_ar_small": 0.1463869881623265,
      "nms_iou_threshold": 0.4,
      "num_predictions": 38516.0,
      "num_samples": 500.0,
      "score_alpha": 1.5,
      "score_beta": 1.0,
      "score_threshold": 0.03,
      "top_k": 200
    },
    {
      "coco_ap": 0.21530455372611398,
      "coco_ap50": 0.325326555204836,
      "coco_ap75": 0.24169664290568796,
      "coco_ap_large": 0.28632095638397026,
      "coco_ap_medium": 0.2369613708954038,
      "coco_ap_small": 0.09399285211837323,
      "coco_ar1": 0.24624478103814032,
      "coco_ar10": 0.36313957144402925,
      "coco_ar100": 0.3816237752582135,
      "coco_ar_large": 0.510626893786985,
      "coco_ar_medium": 0.4001556208334398,
      "coco_ar_small": 0.14881092024770007,
      "nms_iou_threshold": 0.5,
      "num_predictions": 46378.0,
      "num_samples": 500.0,
      "score_alpha": 1.5,
      "score_beta": 1.0,
      "score_threshold": 0.03,
      "top_k": 200
    },
    {
      "coco_ap": 0.21205057203667693,
      "coco_ap50": 0.3147102225433095,
      "coco_ap75": 0.24272003964998604,
      "coco_ap_large": 0.280264134180204,
      "coco_ap_medium": 0.23708629752478463,
      "coco_ap_small": 0.09476601827369069,
      "coco_ar1": 0.24624478103814032,
      "coco_ar10": 0.3678326876202011,
      "coco_ar100": 0.39295674912854106,
      "coco_ar_large": 0.5261833313133789,
      "coco_ar_medium": 0.41301268865524315,
      "coco_ar_small": 0.15310679400119168,
      "nms_iou_threshold": 0.6,
      "num_predictions": 55693.0,
      "num_samples": 500.0,
      "score_alpha": 1.5,
      "score_beta": 1.0,
      "score_threshold": 0.03,
      "top_k": 200
    },
    {
      "coco_ap": 0.20822516171089597,
      "coco_ap50": 0.31082352071034053,
      "coco_ap75": 0.23692877271409296,
      "coco_ap_large": 0.2800837939345472,
      "coco_ap_medium": 0.22221549298867874,
      "coco_ap_small": 0.08138565738855778,
      "coco_ar1": 0.23077327890033783,
      "coco_ar10": 0.3085084610925788,
      "coco_ar100": 0.3097628147381063,
      "coco_ar_large": 0.4215416655911716,
      "coco_ar_medium": 0.31164175361108903,
      "coco_ar_small": 0.10207125540989559,
      "nms_iou_threshold": 0.4,
      "num_predictions": 9156.0,
      "num_samples": 500.0,
      "score_alpha": 1.5,
      "score_beta": 1.0,
      "score_threshold": 0.05,
      "top_k": 20
    },
    {
      "coco_ap": 0.20702320741489194,
      "coco_ap50": 0.306015178844253,
      "coco_ap75": 0.23585044839633776,
      "coco_ap_large": 0.27963189175834,
      "coco_ap_medium": 0.22322994581723163,
      "coco_ap_small": 0.07731200140326823,
      "coco_ar1": 0.22557119617404825,
      "coco_ar10": 0.3053738905010895,
      "coco_ar100": 0.3074575777352251,
      "coco_ar_large": 0.42416810658505716,
      "coco_ar_medium": 0.31214891338452805,
      "coco_ar_small": 0.09769096771415091,
      "nms_iou_threshold": 0.5,
      "num_predictions": 9355.0,
      "num_samples": 500.0,
      "score_alpha": 1.5,
      "score_beta": 1.0,
      "score_threshold": 0.05,
      "top_k": 20
    },
    {
      "coco_ap": 0.20335614475866076,
      "coco_ap50": 0.2955485290845063,
      "coco_ap75": 0.23599240925225773,
      "coco_ap_large": 0.27475704045169325,
      "coco_ap_medium": 0.21968488700061717,
      "coco_ap_small": 0.07743498356150676,
      "coco_ar1": 0.22233556435213658,
      "coco_ar10": 0.3047303292075609,
      "coco_ar100": 0.3072690808470232,
      "coco_ar_large": 0.42001608181902395,
      "coco_ar_medium": 0.30568953584808806,
      "coco_ar_small": 0.09786762856487706,
      "nms_iou_threshold": 0.6,
      "num_predictions": 9569.0,
      "num_samples": 500.0,
      "score_alpha": 1.5,
      "score_beta": 1.0,
      "score_threshold": 0.05,
      "top_k": 20
    },
    {
      "coco_ap": 0.21307333853544586,
      "coco_ap50": 0.322958475682254,
      "coco_ap75": 0.2400381734526402,
      "coco_ap_large": 0.28522987888111245,
      "coco_ap_medium": 0.22947218858987492,
      "coco_ap_small": 0.09203286629370601,
      "coco_ar1": 0.2405147461590767,
      "coco_ar10": 0.3400432326439045,
      "coco_ar100": 0.3467811319582435,
      "coco_ar_large": 0.47275795441558494,
      "coco_ar_medium": 0.35002124067301504,
      "coco_ar_small": 0.12562448450409675,
      "nms_iou_threshold": 0.4,
      "num_predictions": 18407.0,
      "num_samples": 500.0,
      "score_alpha": 1.5,
      "score_beta": 1.0,
      "score_threshold": 0.05,
      "top_k": 50
    },
    {
      "coco_ap": 0.2128606623232474,
      "coco_ap50": 0.31981914989029187,
      "coco_ap75": 0.2398723030522948,
      "coco_ap_large": 0.2846776185901329,
      "coco_ap_medium": 0.23308945266421863,
      "coco_ap_small": 0.09033266868595463,
      "coco_ar1": 0.2389975866647914,
      "coco_ar10": 0.3411602846256724,
      "coco_ar100": 0.3500182434795062,
      "coco_ar_large": 0.4783419209355456,
      "coco_ar_medium": 0.3578028188192149,
      "coco_ar_small": 0.12416833259780806,
      "nms_iou_threshold": 0.5,
      "num_predictions": 19706.0,
      "num_samples": 500.0,
      "score_alpha": 1.5,
      "score_beta": 1.0,
      "score_threshold": 0.05,
      "top_k": 50
    },
    {
      "coco_ap": 0.20886102655863567,
      "coco_ap50": 0.3076055830949366,
      "coco_ap75": 0.24046260365790093,
      "coco_ap_large": 0.2779399211132388,
      "coco_ap_medium": 0.23250452803589067,
      "coco_ap_small": 0.0885185168440744,
      "coco_ar1": 0.23455965113456154,
      "coco_ar10": 0.3377965282475286,
      "coco_ar100": 0.3482982350729832,
      "coco_ar_large": 0.4732413391133842,
      "coco_ar_medium": 0.36136589524927737,
      "coco_ar_small": 0.12225365759593179,
      "nms_iou_threshold": 0.6,
      "num_predictions": 21140.0,
      "num_samples": 500.0,
      "score_alpha": 1.5,
      "score_beta": 1.0,
      "score_threshold": 0.05,
      "top_k": 50
    },
    {
      "coco_ap": 0.21463778497525463,
      "coco_ap50": 0.3264039288450401,
      "coco_ap75": 0.24137150625014445,
      "coco_ap_large": 0.28650117329814173,
      "coco_ap_medium": 0.23168788967631668,
      "coco_ap_small": 0.09340100613594055,
      "coco_ar1": 0.24523577152341913,
      "coco_ar10": 0.3508390695405018,
      "coco_ar100": 0.36146514415579534,
      "coco_ar_large": 0.49867320541562626,
      "coco_ar_medium": 0.36460507218851124,
      "coco_ar_small": 0.13624834703034017,
      "nms_iou_threshold": 0.4,
      "num_predictions": 25811.0,
      "num_samples": 500.0,
      "score_alpha": 1.5,
      "score_beta": 1.0,
      "score_threshold": 0.05,
      "top_k": 100
    },
    {
      "coco_ap": 0.21483791574328348,
      "coco_ap50": 0.3239377264100818,
      "coco_ap75": 0.24149048281296284,
      "coco_ap_large": 0.2861058211229855,
      "coco_ap_medium": 0.23611297736045816,
      "coco_ap_small": 0.09283758082366389,
      "coco_ar1": 0.24523577152341913,
      "coco_ar10": 0.3562843567366834,
      "coco_ar100": 0.3705874645822572,
      "coco_ar_large": 0.5053278889171796,
      "coco_ar_medium": 0.38291019530898057,
      "coco_ar_small": 0.13751011577424427,
      "nms_iou_threshold": 0.5,
      "num_predictions": 29462.0,
      "num_samples": 500.0,
      "score_alpha": 1.5,
      "score_beta": 1.0,
      "score_threshold": 0.05,
      "top_k": 100
    },
    {
      "coco_ap": 0.21118112764068978,
      "coco_ap50": 0.3129277967806182,
      "coco_ap75": 0.24202342083456502,
      "coco_ap_large": 0.27902114065224226,
      "coco_ap_medium": 0.23609347341699544,
      "coco_ap_small": 0.09364813432248777,
      "coco_ar1": 0.24359688806519553,
      "coco_ar10": 0.35875695650777506,
      "coco_ar100": 0.37809642755769485,
      "coco_ar_large": 0.5004872213596572,
      "coco_ar_medium": 0.39506240914045965,
      "coco_ar_small": 0.1425625312235586,
      "nms_iou_threshold": 0.6,
      "num_predictions": 33575.0,
      "num_samples": 500.0,
      "score_alpha": 1.5,
      "score_beta": 1.0,
      "score_threshold": 0.05,
      "top_k": 100
    },
    {
      "coco_ap": 0.214737939018908,
      "coco_ap50": 0.3267683405629636,
      "coco_ap75": 0.24136060421443983,
      "coco_ap_large": 0.28652593449857594,
      "coco_ap_medium": 0.2316129795516117,
      "coco_ap_small": 0.09384788426252243,
      "coco_ar1": 0.24523577152341913,
      "coco_ar10": 0.35191524984717054,
      "coco_ar100": 0.36388244512576867,
      "coco_ar_large": 0.4996260477928873,
      "coco_ar_medium": 0.3663566305958411,
      "coco_ar_small": 0.14070844572811428,
      "nms_iou_threshold": 0.4,
      "num_predictions": 29697.0,
      "num_samples": 500.0,
      "score_alpha": 1.5,
      "score_beta": 1.0,
      "score_threshold": 0.05,
      "top_k": 200
    },
    {
      "coco_ap": 0.21497283347668958,
      "coco_ap50": 0.324486900767425,
      "coco_ap75": 0.2414996162445774,
      "coco_ap_large": 0.28601662594541855,
      "coco_ap_medium": 0.2362456904917123,
      "coco_ap_small": 0.09333603398808825,
      "coco_ar1": 0.24523577152341913,
      "coco_ar10": 0.35750591783646296,
      "coco_ar100": 0.37422681575416583,
      "coco_ar_large": 0.5054528748738136,
      "coco_ar_medium": 0.38730961515097795,
      "coco_ar_small": 0.1434763588229659,
      "nms_iou_threshold": 0.5,
      "num_predictions": 36426.0,
      "num_samples": 500.0,
      "score_alpha": 1.5,
      "score_beta": 1.0,
      "score_threshold": 0.05,
      "top_k": 200
    },
    {
      "coco_ap": 0.21176902483581989,
      "coco_ap50": 0.3140423941457795,
      "coco_ap75": 0.24251869938917703,
      "coco_ap_large": 0.2799448355579642,
      "coco_ap_medium": 0.23652814974987876,
      "coco_ap_small": 0.0942783757550342,
      "coco_ar1": 0.24523577152341913,
      "coco_ar10": 0.3629622690989502,
      "coco_ar100": 0.3860892234470544,
      "coco_ar_large": 0.5183480525611375,
      "coco_ar_medium": 0.40232375494684336,
      "coco_ar_small": 0.14941948692989626,
      "nms_iou_threshold": 0.6,
      "num_predictions": 45126.0,
      "num_samples": 500.0,
      "score_alpha": 1.5,
      "score_beta": 1.0,
      "score_threshold": 0.05,
      "top_k": 200
    },
    {
      "coco_ap": 0.20781372973539466,
      "coco_ap50": 0.3097820527147835,
      "coco_ap75": 0.23667560522561218,
      "coco_ap_large": 0.27889759334895714,
      "coco_ap_medium": 0.22213811463947672,
      "coco_ap_small": 0.08113519673443813,
      "coco_ar1": 0.2291231173928084,
      "coco_ar10": 0.30571982240173046,
      "coco_ar100": 0.3069741760472579,
      "coco_ar_large": 0.4135003309194022,
      "coco_ar_medium": 0.31101086934384115,
      "coco_ar_small": 0.10117556251618107,
      "nms_iou_threshold": 0.4,
      "num_predictions": 8331.0,
      "num_samples": 500.0,
      "score_alpha": 1.5,
      "score_beta": 1.0,
      "score_threshold": 0.1,
      "top_k": 20
    },
    {
      "coco_ap": 0.20680545404686237,
      "coco_ap50": 0.3054370267303255,
      "coco_ap75": 0.23575979212098735,
      "coco_ap_large": 0.27913833431873863,
      "coco_ap_medium": 0.22314904733897042,
      "coco_ap_small": 0.07729591871391821,
      "coco_ar1": 0.22423749036272134,
      "coco_ar10": 0.3036940112040261,
      "coco_ar100": 0.30574220807970903,
      "coco_ar_large": 0.42007097585749165,
      "coco_ar_medium": 0.31159794919720024,
      "coco_ar_small": 0.09758920445494573,
      "nms_iou_threshold": 0.5,
      "num_predictions": 8689.0,
      "num_samples": 500.0,
      "score_alpha": 1.5,
      "score_beta": 1.0,
      "score_threshold": 0.1,
      "top_k": 20
    },
    {
      "coco_ap": 0.20311812351101277,
      "coco_ap50": 0.2950248432816464,
      "coco_ap75": 0.235845277094338,
      "coco_ap_large": 0.27400430530687536,
      "coco_ap_medium": 0.219609745931693,
      "coco_ap_small": 0.07743498356150676,
      "coco_ar1": 0.22100185854080967,
      "coco_ar10": 0.302680766351263,
      "coco_ar100": 0.3052195179907254,
      "coco_ar_large": 0.4140670992396066,
      "coco_ar_medium": 0.3051385716607602,
      "coco_ar_small": 0.09786762856487706,
      "nms_iou_threshold": 0.6,
      "num_predictions": 9030.0,
      "num_samples": 500.0,
      "score_alpha": 1.5,
      "score_beta": 1.0,
      "score_threshold": 0.1,
      "top_k": 20
    },
    {
      "coco_ap": 0.21222437770325517,
      "coco_ap50": 0.3207395144820561,
      "coco_ap75": 0.23951048705626793,
      "coco_ap_large": 0.28382447442865594,
      "coco_ap_medium": 0.22779660597072074,
      "coco_ap_small": 0.09110815379395301,
      "coco_ar1": 0.23708855716166788,
      "coco_ar10": 0.3303528783738902,
      "coco_ar100": 0.3367758138532916,
      "coco_ar_large": 0.44907565320298265,
      "coco_ar_medium": 0.34018584464694857,
      "coco_ar_small": 0.12152310722859175,
      "nms_iou_threshold": 0.4,
      "num_predictions": 14223.0,
      "num_samples": 500.0,
      "score_alpha": 1.5,
      "score_beta": 1.0,
      "score_threshold": 0.1,
      "top_k": 50
    },
    {
      "coco_ap": 0.2123008262138374,
      "coco_ap50": 0.3184047271075165,
      "coco_ap75": 0.2395225325333129,
      "coco_ap_large": 0.28382064546822366,
      "coco_ap_medium": 0.2319833604736612,
      "coco_ap_small": 0.08934207816336734,
      "coco_ar1": 0.23658405589523068,
      "coco_ar10": 0.3358318274880381,
      "coco_ar100": 0.34401340224634,
      "coco_ar_large": 0.4655296779490371,
      "coco_ar_medium": 0.35248753342583083,
      "coco_ar_small": 0.12089088472423254,
      "nms_iou_threshold": 0.5,
      "num_predictions": 15754.0,
      "num_samples": 500.0,
      "score_alpha": 1.5,
      "score_beta": 1.0,
      "score_threshold": 0.1,
      "top_k": 50
    },
    {
      "coco_ap": 0.20839625751955126,
      "coco_ap50": 0.3066779983555683,
      "coco_ap75": 0.24004461781973768,
      "coco_ap_large": 0.2770831402499807,
      "coco_ap_medium": 0.23208213824765497,
      "coco_ap_small": 0.087452562680574,
      "coco_ar1": 0.23267985760759882,
      "coco_ar10": 0.33256664681582104,
      "coco_ar100": 0.3425563475596085,
      "coco_ar_large": 0.459742001796112,
      "coco_ar_medium": 0.3573829508246176,
      "coco_ar_small": 0.11865344919137763,
      "nms_iou_threshold": 0.6,
      "num_predictions": 17532.0,
      "num_samples": 500.0,
      "score_alpha": 1.5,
      "score_beta": 1.0,
      "score_threshold": 0.1,
      "top_k": 50
    },
    {
      "coco_ap": 0.21350191867568383,
      "coco_ap50": 0.3234480806574172,
      "coco_ap75": 0.24077747723557874,
      "coco_ap_large": 0.2848104574174689,
      "coco_ap_medium": 0.22969253242113086,
      "coco_ap_small": 0.0923527624973937,
      "coco_ar1": 0.24151206007658912,
      "coco_ar10": 0.337735423920817,
      "coco_ar100": 0.34652635063076404,
      "coco_ar_large": 0.4653201397062998,
      "coco_ar_medium": 0.35057222942928373,
      "coco_ar_small": 0.1284226310995924,
      "nms_iou_threshold": 0.4,
      "num_predictions": 17164.0,
      "num_samples": 500.0,
      "score_alpha": 1.5,
      "score_beta": 1.0,
      "score_threshold": 0.1,
      "top_k": 100
    },
    {
      "coco_ap": 0.21395180883052897,
      "coco_ap50": 0.3216532837963404,
      "coco_ap75": 0.24100781185762085,
      "coco_ap_large": 0.28490048882916147,
      "coco_ap_medium": 0.23465615017072017,
      "coco_ap_small": 0.09197505898183657,
      "coco_ar1": 0.24151206007658912,
      "coco_ar10": 0.3465276549708376,
      "coco_ar100": 0.3579392300561802,
      "coco_ar_large": 0.48375987099096285,
      "coco_ar_medium": 0.3705911775361287,
      "coco_ar_small": 0.13119589630423548,
      "nms_iou_threshold": 0.5,
      "num_predictions": 20283.0,
      "num_samples": 500.0,
      "score_alpha": 1.5,
      "score_beta": 1.0,
      "score_threshold": 0.1,
      "top_k": 100
    },
    {
      "coco_ap": 0.210277020409578,
      "coco_ap50": 0.3110796360035938,
      "coco_ap75": 0.24125287554716715,
      "coco_ap_large": 0.2779030782447039,
      "coco_ap_medium": 0.23436639031875947,
      "coco_ap_small": 0.09225239041405116,
      "coco_ar1": 0.24017069906778674,
      "coco_ar10": 0.3477074594556838,
      "coco_ar100": 0.36313672928156204,
      "coco_ar_large": 0.4770266641060524,
      "coco_ar_medium": 0.37990466958548713,
      "coco_ar_small": 0.13401485776677954,
      "nms_iou_threshold": 0.6,
      "num_predictions": 24386.0,
      "num_samples": 500.0,
      "score_alpha": 1.5,
      "score_beta": 1.0,
      "score_threshold": 0.1,
      "top_k": 100
    },
    {
      "coco_ap": 0.2135097765740075,
      "coco_ap50": 0.3234865749516703,
      "coco_ap75": 0.24076825802240673,
      "coco_ap_large": 0.28481262696880305,
      "coco_ap_medium": 0.22969552684376907,
      "coco_ap_small": 0.09233872523183333,
      "coco_ar1": 0.24151206007658912,
      "coco_ar10": 0.3378669601616137,
      "coco_ar100": 0.34673581029880624,
      "coco_ar_large": 0.46544933867270805,
      "coco_ar_medium": 0.35080671716377143,
      "coco_ar_small": 0.12848090615786745,
      "nms_iou_threshold": 0.4,
      "num_predictions": 17752.0,
      "num_samples": 500.0,
      "score_alpha": 1.5,
      "score_beta": 1.0,
      "score_threshold": 0.1,
      "top_k": 200
    },
    {
      "coco_ap": 0.21399803206658874,
      "coco_ap50": 0.3218952846539901,
      "coco_ap75": 0.24102009249474293,
      "coco_ap_large": 0.2848703213652669,
      "coco_ap_medium": 0.2347376807473814,
      "coco_ap_small": 0.0921051191284025,
      "coco_ar1": 0.24151206007658912,
      "coco_ar10": 0.346935379001131,
      "coco_ar100": 0.3589270691002972,
      "coco_ar_large": 0.48382025746439283,
      "coco_ar_medium": 0.3723948292953394,
      "coco_ar_small": 0.1321367296644237,
      "nms_iou_threshold": 0.5,
      "num_predictions": 21875.0,
      "num_samples": 500.0,
      "score_alpha": 1.5,
      "score_beta": 1.0,
      "score_threshold": 0.1,
      "top_k": 200
    },
    {
      "coco_ap": 0.21078392433215234,
      "coco_ap50": 0.31197823189758106,
      "coco_ap75": 0.24177533732199344,
      "coco_ap_large": 0.2787941883734696,
      "coco_ap_medium": 0.23475878341861325,
      "coco_ap_small": 0.09296704670650509,
      "coco_ar1": 0.24151206007658912,
      "coco_ar10": 0.35076221457156315,
      "coco_ar100": 0.3682659572976677,
      "coco_ar_large": 0.49308289406252453,
      "coco_ar_medium": 0.3842962526812914,
      "coco_ar_small": 0.1373191113263501,
      "nms_iou_threshold": 0.6,
      "num_predictions": 28159.0,
      "num_samples": 500.0,
      "score_alpha": 1.5,
      "score_beta": 1.0,
      "score_threshold": 0.1,
      "top_k": 200
    },
    {
      "coco_ap": 0.20603133208628466,
      "coco_ap50": 0.3061565606606646,
      "coco_ap75": 0.2350907905083928,
      "coco_ap_large": 0.2761556655855515,
      "coco_ap_medium": 0.2202175576515746,
      "coco_ap_small": 0.080683058294942,
      "coco_ar1": 0.22142587189268467,
      "coco_ar10": 0.2955228584338781,
      "coco_ar100": 0.2967678057529792,
      "coco_ar_large": 0.3948771114978009,
      "coco_ar_medium": 0.3019637088354455,
      "coco_ar_small": 0.09892994662593554,
      "nms_iou_threshold": 0.4,
      "num_predictions": 6336.0,
      "num_samples": 500.0,
      "score_alpha": 1.5,
      "score_beta": 1.0,
      "score_threshold": 0.2,
      "top_k": 20
    },
    {
      "coco_ap": 0.20529618708084116,
      "coco_ap50": 0.3026180959811097,
      "coco_ap75": 0.23440771119134593,
      "coco_ap_large": 0.2761674568027285,
      "coco_ap_medium": 0.2215961493107115,
      "coco_ap_small": 0.07681040468885715,
      "coco_ar1": 0.21920781938809952,
      "coco_ar10": 0.29583657624999343,
      "coco_ar100": 0.2975779069960254,
      "coco_ar_large": 0.3988340592205634,
      "coco_ar_medium": 0.3037502890768129,
      "coco_ar_small": 0.09534390806054087,
      "nms_iou_threshold": 0.5,
      "num_predictions": 6788.0,
      "num_samples": 500.0,
      "score_alpha": 1.5,
      "score_beta": 1.0,
      "score_threshold": 0.2,
      "top_k": 20
    },
    {
      "coco_ap": 0.20188637573601895,
      "coco_ap50": 0.29295068876623664,
      "coco_ap75": 0.2344326167330789,
      "coco_ap_large": 0.2715846529141485,
      "coco_ap_medium": 0.21868275028132692,
      "coco_ap_small": 0.07676398239994023,
      "coco_ar1": 0.21658181459298606,
      "coco_ar10": 0.2958055764414533,
      "coco_ar100": 0.2983389530372434,
      "coco_ar_large": 0.40004521819408184,
      "coco_ar_medium": 0.3002212373407893,
      "coco_ar_small": 0.09561091083315974,
      "nms_iou_threshold": 0.6,
      "num_predictions": 7388.0,
      "num_samples": 500.0,
      "score_alpha": 1.5,
      "score_beta": 1.0,
      "score_threshold": 0.2,
      "top_k": 20
    },
    {
      "coco_ap": 0.20855230087850296,
      "coco_ap50": 0.31266802597788373,
      "coco_ap75": 0.23684970585178827,
      "coco_ap_large": 0.27793566477370296,
      "coco_ap_medium": 0.22450099597377215,
      "coco_ap_small": 0.08905518360995175,
      "coco_ar1": 0.22383814098051735,
      "coco_ar10": 0.30343886144124804,
      "coco_ar100": 0.3090607032665478,
      "coco_ar_large": 0.40266249725992415,
      "coco_ar_medium": 0.3167252222119274,
      "coco_ar_small": 0.11179185549342738,
      "nms_iou_threshold": 0.4,
      "num_predictions": 8346.0,
      "num_samples": 500.0,
      "score_alpha": 1.5,
      "score_beta": 1.0,
      "score_threshold": 0.2,
      "top_k": 50
    },
    {
      "coco_ap": 0.20875704804452117,
      "coco_ap50": 0.31075305869637615,
      "coco_ap75": 0.23688651332897637,
      "coco_ap_large": 0.2780097527554378,
      "coco_ap_medium": 0.22815470821818537,
      "coco_ap_small": 0.08731987593768911,
      "coco_ar1": 0.22383814098051735,
      "coco_ar10": 0.3074816668530593,
      "coco_ar100": 0.3143550869455395,
      "coco_ar_large": 0.4082122140053767,
      "coco_ar_medium": 0.3254237799640487,
      "coco_ar_small": 0.11184836382115738,
      "nms_iou_threshold": 0.5,
      "num_predictions": 9622.0,
      "num_samples": 500.0,
      "score_alpha": 1.5,
      "score_beta": 1.0,
      "score_threshold": 0.2,
      "top_k": 50
    },
    {
      "coco_ap": 0.2058628619070272,
      "coco_ap50": 0.301467507920477,
      "coco_ap75": 0.23783505685604345,
      "coco_ap_large": 0.27284745346905664,
      "coco_ap_medium": 0.22899024070335436,
      "coco_ap_small": 0.08581980809484666,
      "coco_ar1": 0.2232224910680428,
      "coco_ar10": 0.3118831610074312,
      "coco_ar100": 0.319835282769289,
      "coco_ar_large": 0.415010256553874,
      "coco_ar_medium": 0.3360140296481724,
      "coco_ar_small": 0.11048084739029934,
      "nms_iou_threshold": 0.6,
      "num_predictions": 11375.0,
      "num_samples": 500.0,
      "score_alpha": 1.5,
      "score_beta": 1.0,
      "score_threshold": 0.2,
      "top_k": 50
    },
    {
      "coco_ap": 0.20905671950428703,
      "coco_ap50": 0.31358740201733626,
      "coco_ap75": 0.23743005352509308,
      "coco_ap_large": 0.27828892379426357,
      "coco_ap_medium": 0.22519282442942726,
      "coco_ap_small": 0.08942964537208296,
      "coco_ar1": 0.22487148147266478,
      "coco_ar10": 0.3049939557340486,
      "coco_ar100": 0.3117905878179031,
      "coco_ar_large": 0.4038715068871669,
      "coco_ar_medium": 0.31949926808942153,
      "coco_ar_small": 0.11337266357423546,
      "nms_iou_threshold": 0.4,
      "num_predictions": 8732.0,
      "num_samples": 500.0,
      "score_alpha": 1.5,
      "score_beta": 1.0,
      "score_threshold": 0.2,
      "top_k": 100
    },
    {
      "coco_ap": 0.20944954422188553,
      "coco_ap50": 0.312000814055036,
      "coco_ap75": 0.23762384206189205,
      "coco_ap_large": 0.2783980354530377,
      "coco_ap_medium": 0.22895977180487023,
      "coco_ap_small": 0.08893264630007769,
      "coco_ar1": 0.22487148147266478,
      "coco_ar10": 0.30937296030604944,
      "coco_ar100": 0.31829225387783433,
      "coco_ar_large": 0.41041328712468295,
      "coco_ar_medium": 0.3295592414045122,
      "coco_ar_small": 0.11545653115329947,
      "nms_iou_threshold": 0.5,
      "num_predictions": 10365.0,
      "num_samples": 500.0,
      "score_alpha": 1.5,
      "score_beta": 1.0,
      "score_threshold": 0.2,
      "top_k": 100
    },
    {
      "coco_ap": 0.2065265031855363,
      "coco_ap50": 0.30319134620834265,
      "coco_ap75": 0.23824100472004753,
      "coco_ap_large": 0.2727329364110656,
      "coco_ap_medium": 0.22950620748883593,
      "coco_ap_small": 0.08940225126748719,
      "coco_ar1": 0.2243347520014936,
      "coco_ar10": 0.3142036901697742,
      "coco_ar100": 0.3246822552238003,
      "coco_ar_large": 0.4160779058358091,
      "coco_ar_medium": 0.34046376993219973,
      "coco_ar_small": 0.11754580442168129,
      "nms_iou_threshold": 0.6,
      "num_predictions": 13007.0,
      "num_samples": 500.0,
      "score_alpha": 1.5,
      "score_beta": 1.0,
      "score_threshold": 0.2,
      "top_k": 100
    },
    {
      "coco_ap": 0.209056546771274,
      "coco_ap50": 0.31358705323168756,
      "coco_ap75": 0.23742985915631423,
      "coco_ap_large": 0.27828892379426357,
      "coco_ap_medium": 0.22519260300675054,
      "coco_ap_small": 0.08942964537208296,
      "coco_ar1": 0.22487148147266478,
      "coco_ar10": 0.3049939557340486,
      "coco_ar100": 0.3117905878179031,
      "coco_ar_large": 0.4038715068871669,
      "coco_ar_medium": 0.31949926808942153,
      "coco_ar_small": 0.11337266357423546,
      "nms_iou_threshold": 0.4,
      "num_predictions": 8748.0,
      "num_samples": 500.0,
      "score_alpha": 1.5,
      "score_beta": 1.0,
      "score_threshold": 0.2,
      "top_k": 200
    },
    {
      "coco_ap": 0.20945339371155627,
      "coco_ap50": 0.31202632656286855,
      "coco_ap75": 0.23762278487736835,
      "coco_ap_large": 0.2783970644494394,
      "coco_ap_medium": 0.22895844670612234,
      "coco_ap_small": 0.08904948380222598,
      "coco_ar1": 0.22487148147266478,
      "coco_ar10": 0.30937296030604944,
      "coco_ar100": 0.3183294839597405,
      "coco_ar_large": 0.41041328712468295,
      "coco_ar_medium": 0.3295592414045122,
      "coco_ar_small": 0.11588943158619991,
      "nms_iou_threshold": 0.5,
      "num_predictions": 10467.0,
      "num_samples": 500.0,
      "score_alpha": 1.5,
      "score_beta": 1.0,
      "score_threshold": 0.2,
      "top_k": 200
    },
    {
      "coco_ap": 0.20681631927567198,
      "coco_ap50": 0.3036524331812114,
      "coco_ap75": 0.23859539373908167,
      "coco_ap_large": 0.27312561379159433,
      "coco_ap_medium": 0.22959220810944705,
      "coco_ap_small": 0.0896869296374699,
      "coco_ar1": 0.22487148147266478,
      "coco_ar10": 0.31528502064215735,
      "coco_ar100": 0.3265306594773062,
      "coco_ar_large": 0.4177774672393178,
      "coco_ar_medium": 0.3415621612639487,
      "coco_ar_small": 0.11882641270228958,
      "nms_iou_threshold": 0.6,
      "num_predictions": 13466.0,
      "num_samples": 500.0,
      "score_alpha": 1.5,
      "score_beta": 1.0,
      "score_threshold": 0.2,
      "top_k": 200
    },
    {
      "coco_ap": 0.21062097656123063,
      "coco_ap50": 0.3126015177707651,
      "coco_ap75": 0.23977941577412493,
      "coco_ap_large": 0.28290731403831165,
      "coco_ap_medium": 0.2214515149530518,
      "coco_ap_small": 0.08093456698780407,
      "coco_ar1": 0.23227485451822616,
      "coco_ar10": 0.31051670435190537,
      "coco_ar100": 0.3119169239162227,
      "coco_ar_large": 0.4253728293892276,
      "coco_ar_medium": 0.3123623797896291,
      "coco_ar_small": 0.10151698043472039,
      "nms_iou_threshold": 0.4,
      "num_predictions": 9129.0,
      "num_samples": 500.0,
      "score_alpha": 2.0,
      "score_beta": 1.0,
      "score_threshold": 0.03,
      "top_k": 20
    },
    {
      "coco_ap": 0.2105108227517485,
      "coco_ap50": 0.3099443630441481,
      "coco_ap75": 0.24009257811940665,
      "coco_ap_large": 0.2829872104729896,
      "coco_ap_medium": 0.22533537006732762,
      "coco_ap_small": 0.07835333483681495,
      "coco_ar1": 0.22711254707679496,
      "coco_ar10": 0.3094267193976776,
      "coco_ar100": 0.3116390811414297,
      "coco_ar_large": 0.42324404792396514,
      "coco_ar_medium": 0.31846198633719575,
      "coco_ar_small": 0.099122039694499,
      "nms_iou_threshold": 0.5,
      "num_predictions": 9327.0,
      "num_samples": 500.0,
      "score_alpha": 2.0,
      "score_beta": 1.0,
      "score_threshold": 0.03,
      "top_k": 20
    },
    {
      "coco_ap": 0.20675337111272252,
      "coco_ap50": 0.2999212606575084,
      "coco_ap75": 0.2395694799496796,
      "coco_ap_large": 0.2780858880509461,
      "coco_ap_medium": 0.22084171009794828,
      "coco_ap_small": 0.07805339339333388,
      "coco_ar1": 0.2207465377664615,
      "coco_ar10": 0.30491851656521135,
      "coco_ar100": 0.307438331562325,
      "coco_ar_large": 0.4230852774442209,
      "coco_ar_medium": 0.3054876431055115,
      "coco_ar_small": 0.09853955124488714,
      "nms_iou_threshold": 0.6,
      "num_predictions": 9542.0,
      "num_samples": 500.0,
      "score_alpha": 2.0,
      "score_beta": 1.0,
      "score_threshold": 0.03,
      "top_k": 20
    },
    {
      "coco_ap": 0.21589707489800686,
      "coco_ap50": 0.32560018768411697,
      "coco_ap75": 0.24310790770225468,
      "coco_ap_large": 0.2886862773299993,
      "coco_ap_medium": 0.22941836417112424,
      "coco_ap_small": 0.09138217641417216,
      "coco_ar1": 0.24433958342512946,
      "coco_ar10": 0.34460008928372904,
      "coco_ar100": 0.35105164225733676,
      "coco_ar_large": 0.4776332220010057,
      "coco_ar_medium": 0.3524765575084571,
      "coco_ar_small": 0.12860415738280984,
      "nms_iou_threshold": 0.4,
      "num_predictions": 18424.0,
      "num_samples": 500.0,
      "score_alpha": 2.0,
      "score_beta": 1.0,
      "score_threshold": 0.03,
      "top_k": 50
    },
    {
      "coco_ap": 0.21567313759095882,
      "coco_ap50": 0.32302308255912876,
      "coco_ap75": 0.24316242911258,
      "coco_ap_large": 0.287854566091044,
      "coco_ap_medium": 0.23467091726179246,
      "coco_ap_small": 0.09088031528404962,
      "coco_ar1": 0.24072983535932696,
      "coco_ar10": 0.34356713564548064,
      "coco_ar100": 0.3524980022803921,
      "coco_ar_large": 0.4807849894628322,
      "coco_ar_medium": 0.3613405427987384,
      "coco_ar_small": 0.12496644090882131,
      "nms_iou_threshold": 0.5,
      "num_predictions": 19662.0,
      "num_samples": 500.0,
      "score_alpha": 2.0,
      "score_beta": 1.0,
      "score_threshold": 0.03,
      "top_k": 50
    },
    {
      "coco_ap": 0.21274551698373168,
      "coco_ap50": 0.3126679510774858,
      "coco_ap75": 0.24462242254443556,
      "coco_ap_large": 0.2823210483802602,
      "coco_ap_medium": 0.23421658714848143,
      "coco_ap_small": 0.0891716867786629,
      "coco_ar1": 0.2377229930364065,
      "coco_ar10": 0.3435628009359812,
      "coco_ar100": 0.35324365755967274,
      "coco_ar_large": 0.4832918430398359,
      "coco_ar_medium": 0.36282782558492616,
      "coco_ar_small": 0.12369978025603043,
      "nms_iou_threshold": 0.6,
      "num_predictions": 21052.0,
      "num_samples": 500.0,
      "score_alpha": 2.0,
      "score_beta": 1.0,
      "score_threshold": 0.03,
      "top_k": 50
    },
    {
      "coco_ap": 0.2170397288923486,
      "coco_ap50": 0.32850260581820584,
      "coco_ap75": 0.24385348745781402,
      "coco_ap_large": 0.29000810935908305,
      "coco_ap_medium": 0.2310768943049825,
      "coco_ap_small": 0.09333069814409663,
      "coco_ar1": 0.2467219012802577,
      "coco_ar10": 0.352674899165242,
      "coco_ar100": 0.36307320053415043,
      "coco_ar_large": 0.5027303537657211,
      "coco_ar_medium": 0.36614444184183115,
      "coco_ar_small": 0.13733693624524235,
      "nms_iou_threshold": 0.4,
      "num_predictions": 25918.0,
      "num_samples": 500.0,
      "score_alpha": 2.0,
      "score_beta": 1.0,
      "score_threshold": 0.03,
      "top_k": 100
    },
    {
      "coco_ap": 0.21770606078175772,
      "coco_ap50": 0.3271911027724816,
      "coco_ap75": 0.24489166501588883,
      "coco_ap_large": 0.28932825253363104,
      "coco_ap_medium": 0.23754761787522985,
      "coco_ap_small": 0.09385883636955333,
      "coco_ar1": 0.24670567278301658,
      "coco_ar10": 0.3571439530144319,
      "coco_ar100": 0.37188827145717646,
      "coco_ar_large": 0.5079466229992664,
      "coco_ar_medium": 0.38351842460542923,
      "coco_ar_small": 0.1400528874129582,
      "nms_iou_threshold": 0.5,
      "num_predictions": 29472.0,
      "num_samples": 500.0,
      "score_alpha": 2.0,
      "score_beta": 1.0,
      "score_threshold": 0.03,
      "top_k": 100
    },
    {
      "coco_ap": 0.2151228858536866,
      "coco_ap50": 0.31762909520431865,
      "coco_ap75": 0.24646147485944567,
      "coco_ap_large": 0.28369045816018595,
      "coco_ap_medium": 0.23812312009615216,
      "coco_ap_small": 0.09435549481025905,
      "coco_ar1": 0.24536425224855807,
      "coco_ar10": 0.3629631173465437,
      "coco_ar100": 0.3809248532054277,
      "coco_ar_large": 0.5121454036092409,
      "coco_ar_medium": 0.3955444400899896,
      "coco_ar_small": 0.14328911254208504,
      "nms_iou_threshold": 0.6,
      "num_predictions": 33520.0,
      "num_samples": 500.0,
      "score_alpha": 2.0,
      "score_beta": 1.0,
      "score_threshold": 0.03,
      "top_k": 100
    },
    {
      "coco_ap": 0.21719725216300848,
      "coco_ap50": 0.3289988687137683,
      "coco_ap75": 0.24384496864893934,
      "coco_ap_large": 0.29003826609674305,
      "coco_ap_medium": 0.23104905320033794,
      "coco_ap_small": 0.09392168756938314,
      "coco_ar1": 0.2467219012802577,
      "coco_ar10": 0.3543203458929528,
      "coco_ar100": 0.36614489488353086,
      "coco_ar_large": 0.503683196142982,
      "coco_ar_medium": 0.3683247778207957,
      "coco_ar_small": 0.1430776819054816,
      "nms_iou_threshold": 0.4,
      "num_predictions": 29910.0,
      "num_samples": 500.0,
      "score_alpha": 2.0,
      "score_beta": 1.0,
      "score_threshold": 0.03,
      "top_k": 200
    },
    {
      "coco_ap": 0.2178704580600582,
      "coco_ap50": 0.3277803477537162,
      "coco_ap75": 0.2449000304250295,
      "coco_ap_large": 0.28930840750374115,
      "coco_ap_medium": 0.23768207284109205,
      "coco_ap_small": 0.09453346981205214,
      "coco_ar1": 0.2467219012802577,
      "coco_ar10": 0.3584169866580883,
      "coco_ar100": 0.37569490972921976,
      "coco_ar_large": 0.508673636588659,
      "coco_ar_medium": 0.38731961451151475,
      "coco_ar_small": 0.14698787895343082,
      "nms_iou_threshold": 0.5,
      "num_predictions": 36438.0,
      "num_samples": 500.0,
      "score_alpha": 2.0,
      "score_beta": 1.0,
      "score_threshold": 0.03,
      "top_k": 200
    },
    {
      "coco_ap": 0.21559813411255832,
      "coco_ap50": 0.3186027207597134,
      "coco_ap75": 0.2468885399260152,
      "coco_ap_large": 0.28421740437468107,
      "coco_ap_medium": 0.23858775973491328,
      "coco_ap_small": 0.09508691339218414,
      "coco_ar1": 0.2467219012802577,
      "coco_ar10": 0.3665310041535319,
      "coco_ar100": 0.3883628983811785,
      "coco_ar_large": 0.5240938208176332,
      "coco_ar_medium": 0.40323754470497936,
      "coco_ar_small": 0.15068057362663323,
      "nms_iou_threshold": 0.6,
      "num_predictions": 44916.0,
      "num_samples": 500.0,
      "score_alpha": 2.0,
      "score_beta": 1.0,
      "score_threshold": 0.03,
      "top_k": 200
    },
    {
      "coco_ap": 0.2105545353910524,
      "coco_ap50": 0.31244200395073835,
      "coco_ap75": 0.23972182083892207,
      "coco_ap_large": 0.28271028735489245,
      "coco_ap_medium": 0.22137531025715726,
      "coco_ap_small": 0.08088858154039803,
      "coco_ar1": 0.23200514630406738,
      "coco_ar10": 0.3100066298852083,
      "coco_ar100": 0.3114068494495256,
      "coco_ar_large": 0.4236592651756634,
      "coco_ar_medium": 0.3117314955223812,
      "coco_ar_small": 0.1012409122089423,
      "nms_iou_threshold": 0.4,
      "num_predictions": 8757.0,
      "num_samples": 500.0,
      "score_alpha": 2.0,
      "score_beta": 1.0,
      "score_threshold": 0.05,
      "top_k": 20
    },
    {
      "coco_ap": 0.21046593038707206,
      "coco_ap50": 0.30981160598673546,
      "coco_ap75": 0.24005638842389723,
      "coco_ap_large": 0.2829811237987484,
      "coco_ap_medium": 0.22526299950354522,
      "coco_ap_small": 0.07830925931495908,
      "coco_ar1": 0.22684283886263612,
      "coco_ar10": 0.30904072362603574,
      "coco_ar100": 0.31125308536978785,
      "coco_ar_large": 0.42311778529770255,
      "coco_ar_medium": 0.31791102214986794,
      "coco_ar_small": 0.09884597146872091,
      "nms_iou_threshold": 0.5,
      "num_predictions": 9011.0,
      "num_samples": 500.0,
      "score_alpha": 2.0,
      "score_beta": 1.0,
      "score_threshold": 0.05,
      "top_k": 20
    },
    {
      "coco_ap": 0.20672629396751543,
      "coco_ap50": 0.2998107500209049,
      "coco_ap75": 0.2395526087396764,
      "coco_ap_large": 0.2780792579236477,
      "coco_ap_medium": 0.22081748840667623,
      "coco_ap_small": 0.07801335965258027,
      "coco_ar1": 0.22069178059123268,
      "coco_ar10": 0.30478296219095213,
      "coco_ar100": 0.3072672868296131,
      "coco_ar_large": 0.4229590148179582,
      "coco_ar_medium": 0.30536957935108416,
      "coco_ar_small": 0.09826348301910905,
      "nms_iou_threshold": 0.6,
      "num_predictions": 9267.0,
      "num_samples": 500.0,
      "score_alpha": 2.0,
      "score_beta": 1.0,
      "score_threshold": 0.05,
      "top_k": 20
    },
    {
      "coco_ap": 0.21569198806801895,
      "coco_ap50": 0.32491651115292025,
      "coco_ap75": 0.2430431412203756,
      "coco_ap_large": 0.28815057550581313,
      "coco_ap_medium": 0.2292761818623278,
      "coco_ap_small": 0.09106571751739448,
      "coco_ar1": 0.243298021654307,
      "coco_ar10": 0.3419419165809488,
      "coco_ar100": 0.3481870676169558,
      "coco_ar_large": 0.4653892459100469,
      "coco_ar_medium": 0.3504925806358167,
      "coco_ar_small": 0.1267909784770814,
      "nms_iou_threshold": 0.4,
      "num_predictions": 16268.0,
      "num_samples": 500.0,
      "score_alpha": 2.0,
      "score_beta": 1.0,
      "score_threshold": 0.05,
      "top_k": 50
    },
    {
      "coco_ap": 0.2155278593509774,
      "coco_ap50": 0.3225895005776938,
      "coco_ap75": 0.24312357353781974,
      "coco_ap_large": 0.28764385049008767,
      "coco_ap_medium": 0.23450645636738765,
      "coco_ap_small": 0.0907266801450588,
      "coco_ar1": 0.24006802042394754,
      "coco_ar10": 0.34180993409778915,
      "coco_ar100": 0.3504557345073862,
      "coco_ar_large": 0.4780019433377294,
      "coco_ar_medium": 0.35907915157621006,
      "coco_ar_small": 0.12386138689527852,
      "nms_iou_threshold": 0.5,
      "num_predictions": 17588.0,
      "num_samples": 500.0,
      "score_alpha": 2.0,
      "score_beta": 1.0,
      "score_threshold": 0.05,
      "top_k": 50
    },
    {
      "coco_ap": 0.2127010005058314,
      "coco_ap50": 0.3125159451128138,
      "coco_ap75": 0.24460424649937032,
      "coco_ap_large": 0.28231669055011094,
      "coco_ap_medium": 0.2341679268221314,
      "coco_ap_small": 0.0890677729207601,
      "coco_ar1": 0.23745328482224773,
      "coco_ar10": 0.34314058250368884,
      "coco_ar100": 0.35255407502040503,
      "coco_ar_large": 0.4831655804135733,
      "coco_ar_medium": 0.36215791771369993,
      "coco_ar_small": 0.12288759770296542,
      "nms_iou_threshold": 0.6,
      "num_predictions": 19258.0,
      "num_samples": 500.0,
      "score_alpha": 2.0,
      "score_beta": 1.0,
      "score_threshold": 0.05,
      "top_k": 50
    },
    {
      "coco_ap": 0.21669883872993118,
      "coco_ap50": 0.32742026488192943,
      "coco_ap75": 0.24375840739008497,
      "coco_ap_large": 0.2894110952621266,
      "coco_ap_medium": 0.23079601555272095,
      "coco_ap_small": 0.09264686458038732,
      "coco_ar1": 0.24538281706001408,
      "coco_ar10": 0.34847261428722387,
      "coco_ar100": 0.3581413481230797,
      "coco_ar_large": 0.48473790007723966,
      "coco_ar_medium": 0.3623569265065024,
      "coco_ar_small": 0.13291811772095125,
      "nms_iou_threshold": 0.4,
      "num_predictions": 21027.0,
      "num_samples": 500.0,
      "score_alpha": 2.0,
      "score_beta": 1.0,
      "score_threshold": 0.05,
      "top_k": 100
    },
    {
      "coco_ap": 0.21742830671441615,
      "coco_ap50": 0.32639734480945026,
      "coco_ap75": 0.2448309378790273,
      "coco_ap_large": 0.2890019787578587,
      "coco_ap_medium": 0.23732721175128588,
      "coco_ap_small": 0.09317490386302642,
      "coco_ar1": 0.24538281706001408,
      "coco_ar10": 0.3536150183573139,
      "coco_ar100": 0.36720357390537295,
      "coco_ar_large": 0.4987465844445624,
      "coco_ar_medium": 0.37947183549807895,
      "coco_ar_small": 0.135322290710913,
      "nms_iou_threshold": 0.5,
      "num_predictions": 24227.0,
      "num_samples": 500.0,
      "score_alpha": 2.0,
      "score_beta": 1.0,
      "score_threshold": 0.05,
      "top_k": 100
    },
    {
      "coco_ap": 0.21489468554875427,
      "coco_ap50": 0.31699403024810496,
      "coco_ap75": 0.24634694479406108,
      "coco_ap_large": 0.28337690808676036,
      "coco_ap_medium": 0.23795940466641416,
      "coco_ap_small": 0.09376157106113579,
      "coco_ar1": 0.24432269047773558,
      "coco_ar10": 0.3601573999268614,
      "coco_ar100": 0.3768031815880461,
      "coco_ar_large": 0.5023873815252078,
      "coco_ar_medium": 0.3927282205799706,
      "coco_ar_small": 0.1398393569706619,
      "nms_iou_threshold": 0.6,
      "num_predictions": 28428.0,
      "num_samples": 500.0,
      "score_alpha": 2.0,
      "score_beta": 1.0,
      "score_threshold": 0.05,
      "top_k": 100
    },
    {
      "coco_ap": 0.21677709653523286,
      "coco_ap50": 0.3276904017648464,
      "coco_ap75": 0.24373563614400381,
      "coco_ap_large": 0.28939481936482375,
      "coco_ap_medium": 0.23078510990262982,
      "coco_ap_small": 0.09291376107353444,
      "coco_ar1": 0.24538281706001408,
      "coco_ar10": 0.34917373211144004,
      "coco_ar100": 0.35949651371384583,
      "coco_ar_large": 0.48486709904364805,
      "coco_ar_medium": 0.3637057562481894,
      "coco_ar_small": 0.13578605786161868,
      "nms_iou_threshold": 0.4,
      "num_predictions": 22478.0,
      "num_samples": 500.0,
      "score_alpha": 2.0,
      "score_beta": 1.0,
      "score_threshold": 0.05,
      "top_k": 200
    },
    {
      "coco_ap": 0.2175155542154331,
      "coco_ap50": 0.32674902117007293,
      "coco_ap75": 0.24483403585174698,
      "coco_ap_large": 0.2889491026698782,
      "coco_ap_medium": 0.23739463460439894,
      "coco_ap_small": 0.09361406975066967,
      "coco_ar1": 0.24538281706001408,
      "coco_ar10": 0.3540652400445694,
      "coco_ar100": 0.3692186014945038,
      "coco_ar_large": 0.4988211432535932,
      "coco_ar_medium": 0.38164081597885163,
      "coco_ar_small": 0.14001354850197006,
      "nms_iou_threshold": 0.5,
      "num_predictions": 27551.0,
      "num_samples": 500.0,
      "score_alpha": 2.0,
      "score_beta": 1.0,
      "score_threshold": 0.05,
      "top_k": 200
    },
    {
      "coco_ap": 0.21531063902180497,
      "coco_ap50": 0.3178430947582091,
      "coco_ap75": 0.2467781865303774,
      "coco_ap_large": 0.28389462466867155,
      "coco_ap_medium": 0.23837787439588354,
      "coco_ap_small": 0.09446437554759812,
      "coco_ar1": 0.24538281706001408,
      "coco_ar10": 0.3627297863623976,
      "coco_ar100": 0.382396781679708,
      "coco_ar_large": 0.5137765727528627,
      "coco_ar_medium": 0.3984809163974087,
      "coco_ar_small": 0.1447550714561125,
      "nms_iou_threshold": 0.6,
      "num_predictions": 34964.0,
      "num_samples": 500.0,
      "score_alpha": 2.0,
      "score_beta": 1.0,
      "score_threshold": 0.05,
      "top_k": 200
    },
    {
      "coco_ap": 0.210066512531641,
      "coco_ap50": 0.31112853724778494,
      "coco_ap75": 0.2394342480634871,
      "coco_ap_large": 0.28157314650761583,
      "coco_ap_medium": 0.2212367922819713,
      "coco_ap_small": 0.08067598336366319,
      "coco_ar1": 0.2303498547371331,
      "coco_ar10": 0.30688489776894945,
      "coco_ar100": 0.30828511733326686,
      "coco_ar_large": 0.4161625749317133,
      "coco_ar_medium": 0.31079909458998023,
      "coco_ar_small": 0.09974312519086324,
      "nms_iou_threshold": 0.4,
      "num_predictions": 7654.0,
      "num_samples": 500.0,
      "score_alpha": 2.0,
      "score_beta": 1.0,
      "score_threshold": 0.1,
      "top_k": 20
    },
    {
      "coco_ap": 0.20997747046708115,
      "coco_ap50": 0.3087240088825614,
      "coco_ap75": 0.23976556518498846,
      "coco_ap_large": 0.28182327942080754,
      "coco_ap_medium": 0.2249567810346777,
      "coco_ap_small": 0.07815546552648935,
      "coco_ar1": 0.22524258306895448,
      "coco_ar10": 0.3059077219747129,
      "coco_ar100": 0.3080713982267415,
      "coco_ar_large": 0.41561534396104494,
      "coco_ar_medium": 0.3162702386909027,
      "coco_ar_small": 0.09769067749080003,
      "nms_iou_threshold": 0.5,
      "num_predictions": 8038.0,
      "num_samples": 500.0,
      "score_alpha": 2.0,
      "score_beta": 1.0,
      "score_threshold": 0.1,
      "top_k": 20
    },
    {
      "coco_ap": 0.20635407071707135,
      "coco_ap50": 0.29897854888927766,
      "coco_ap75": 0.23930879372556157,
      "coco_ap_large": 0.2771489124313672,
      "coco_ap_medium": 0.22049904361739292,
      "coco_ap_small": 0.07788006583539368,
      "coco_ar1": 0.21909152479755103,
      "coco_ar10": 0.30181639176212105,
      "coco_ar100": 0.3042980288789459,
      "coco_ar_large": 0.41558884861357576,
      "coco_ar_medium": 0.30372094875436234,
      "coco_ar_small": 0.09706078991624893,
      "nms_iou_threshold": 0.6,
      "num_predictions": 8519.0,
      "num_samples": 500.0,
      "score_alpha": 2.0,
      "score_beta": 1.0,
      "score_threshold": 0.1,
      "top_k": 20
    },
    {
      "coco_ap": 0.21436640289693262,
      "coco_ap50": 0.3216323817933161,
      "coco_ap75": 0.2422047055210498,
      "coco_ap_large": 0.2867200740603309,
      "coco_ap_medium": 0.2272019622373798,
      "coco_ap_small": 0.0891287129418776,
      "coco_ar1": 0.23890240842736538,
      "coco_ar10": 0.328974220581993,
      "coco_ar100": 0.334886413241586,
      "coco_ar_large": 0.44890655947063135,
      "coco_ar_medium": 0.3381279874302751,
      "coco_ar_small": 0.11465711992936459,
      "nms_iou_threshold": 0.4,
      "num_predictions": 11832.0,
      "num_samples": 500.0,
      "score_alpha": 2.0,
      "score_beta": 1.0,
      "score_threshold": 0.1,
      "top_k": 50
    },
    {
      "coco_ap": 0.2144602674667075,
      "coco_ap50": 0.32001368279368614,
      "coco_ap75": 0.2424289154016738,
      "coco_ap_large": 0.2861994597124283,
      "coco_ap_medium": 0.23243023481952713,
      "coco_ap_small": 0.08896539222085964,
      "coco_ar1": 0.2368749388425755,
      "coco_ar10": 0.3306998608123509,
      "coco_ar100": 0.3387436225852025,
      "coco_ar_large": 0.45437779102138287,
      "coco_ar_medium": 0.3474654384429773,
      "coco_ar_small": 0.11594633513235586,
      "nms_iou_threshold": 0.5,
      "num_predictions": 13243.0,
      "num_samples": 500.0,
      "score_alpha": 2.0,
      "score_beta": 1.0,
      "score_threshold": 0.1,
      "top_k": 50
    },
    {
      "coco_ap": 0.21186345221002673,
      "coco_ap50": 0.3105342070579601,
      "coco_ap75": 0.24392748909611228,
      "coco_ap_large": 0.28101157069794536,
      "coco_ap_medium": 0.23287417008781658,
      "coco_ap_small": 0.08751260580199403,
      "coco_ar1": 0.23537996955051543,
      "coco_ar10": 0.3345371236004177,
      "coco_ar100": 0.34329225403174857,
      "coco_ar_large": 0.4603108592018098,
      "coco_ar_medium": 0.3538736759650744,
      "coco_ar_small": 0.1153016896444193,
      "nms_iou_threshold": 0.6,
      "num_predictions": 15023.0,
      "num_samples": 500.0,
      "score_alpha": 2.0,
      "score_beta": 1.0,
      "score_threshold": 0.1,
      "top_k": 50
    },
    {
      "coco_ap": 0.21501359948659204,
      "coco_ap50": 0.3230517516922275,
      "coco_ap75": 0.24278553886289725,
      "coco_ap_large": 0.2874620994662761,
      "coco_ap_medium": 0.22834494793197765,
      "coco_ap_small": 0.09004365569852504,
      "coco_ar1": 0.24045047902957056,
      "coco_ar10": 0.3324597825626878,
      "coco_ar100": 0.3401481581945144,
      "coco_ar_large": 0.4601109310660127,
      "coco_ar_medium": 0.3457309856367216,
      "coco_ar_small": 0.11764774157103663,
      "nms_iou_threshold": 0.4,
      "num_predictions": 13096.0,
      "num_samples": 500.0,
      "score_alpha": 2.0,
      "score_beta": 1.0,
      "score_threshold": 0.1,
      "top_k": 100
    },
    {
      "coco_ap": 0.21585761648330612,
      "coco_ap50": 0.3226092585831085,
      "coco_ap75": 0.2438804144659158,
      "coco_ap_large": 0.2871379992625684,
      "coco_ap_medium": 0.23468291432511382,
      "coco_ap_small": 0.09071657231911387,
      "coco_ar1": 0.24045047902957056,
      "coco_ar10": 0.3378538540785049,
      "coco_ar100": 0.3485870890822665,
      "coco_ar_large": 0.46721106007632257,
      "coco_ar_medium": 0.36124019719796463,
      "coco_ar_small": 0.12093154207851621,
      "nms_iou_threshold": 0.5,
      "num_predictions": 15565.0,
      "num_samples": 500.0,
      "score_alpha": 2.0,
      "score_beta": 1.0,
      "score_threshold": 0.1,
      "top_k": 100
    },
    {
      "coco_ap": 0.21340233055283805,
      "coco_ap50": 0.31374505878581394,
      "coco_ap75": 0.24529418230461633,
      "coco_ap_large": 0.2817002796959338,
      "coco_ap_medium": 0.23494953149476558,
      "coco_ap_small": 0.09163170060964522,
      "coco_ar1": 0.23971208240509798,
      "coco_ar10": 0.34441187394659095,
      "coco_ar100": 0.3566903358006327,
      "coco_ar_large": 0.4688347028144758,
      "coco_ar_medium": 0.37127720274027776,
      "coco_ar_small": 0.12391850948372657,
      "nms_iou_threshold": 0.6,
      "num_predictions": 19091.0,
      "num_samples": 500.0,
      "score_alpha": 2.0,
      "score_beta": 1.0,
      "score_threshold": 0.1,
      "top_k": 100
    },
    {
      "coco_ap": 0.21501853550035768,
      "coco_ap50": 0.3230754625136425,
      "coco_ap75": 0.2427808336647821,
      "coco_ap_large": 0.28745967658895566,
      "coco_ap_medium": 0.22834603928920308,
      "coco_ap_small": 0.09003644250944431,
      "coco_ar1": 0.24045047902957056,
      "coco_ar10": 0.33252640481451995,
      "coco_ar100": 0.3402147804463465,
      "coco_ar_large": 0.4601109310660127,
      "coco_ar_medium": 0.34589332329905925,
      "coco_ar_small": 0.11764774157103663,
      "nms_iou_threshold": 0.4,
      "num_predictions": 13302.0,
      "num_samples": 500.0,
      "score_alpha": 2.0,
      "score_beta": 1.0,
      "score_threshold": 0.1,
      "top_k": 200
    },
    {
      "coco_ap": 0.2158840215620972,
      "coco_ap50": 0.32267805407166117,
      "coco_ap75": 0.24390094402499815,
      "coco_ap_large": 0.287126771365003,
      "coco_ap_medium": 0.2347095306373647,
      "coco_ap_small": 0.09088305977185163,
      "coco_ar1": 0.24045047902957056,
      "coco_ar10": 0.33792047633033695,
      "coco_ar100": 0.34903590702295956,
      "coco_ar_large": 0.46721106007632257,
      "coco_ar_medium": 0.3620347187683482,
      "coco_ar_small": 0.12178868493565906,
      "nms_iou_threshold": 0.5,
      "num_predictions": 16104.0,
      "num_samples": 500.0,
      "score_alpha": 2.0,
      "score_beta": 1.0,
      "score_threshold": 0.1,
      "top_k": 200
    },
    {
      "coco_ap": 0.21369348433406102,
      "coco_ap50": 0.31425604847644495,
      "coco_ap75": 0.24559407886509793,
      "coco_ap_large": 0.2821657504335185,
      "coco_ap_medium": 0.23527647607404248,
      "coco_ap_small": 0.09199692679644722,
      "coco_ar1": 0.24045047902957056,
      "coco_ar10": 0.3461094186297391,
      "coco_ar100": 0.35971409954009265,
      "coco_ar_large": 0.4791222122626995,
      "coco_ar_medium": 0.3745742153161025,
      "coco_ar_small": 0.1256489500911388,
      "nms_iou_threshold": 0.6,
      "num_predictions": 20572.0,
      "num_samples": 500.0,
      "score_alpha": 2.0,
      "score_beta": 1.0,
      "score_threshold": 0.1,
      "top_k": 200
    },
    {
      "coco_ap": 0.20704773607975016,
      "coco_ap50": 0.30513826590490395,
      "coco_ap75": 0.23695363383031653,
      "coco_ap_large": 0.2775504214343633,
      "coco_ap_medium": 0.2177543979211934,
      "coco_ap_small": 0.0779122016871932,
      "coco_ar1": 0.21815127937776901,
      "coco_ar10": 0.2906924590983527,
      "coco_ar100": 0.29207117848798114,
      "coco_ar_large": 0.38821625348270133,
      "coco_ar_medium": 0.29696520276230726,
      "coco_ar_small": 0.09457393741020015,
      "nms_iou_threshold": 0.4,
      "num_predictions": 5547.0,
      "num_samples": 500.0,
      "score_alpha": 2.0,
      "score_beta": 1.0,
      "score_threshold": 0.2,
      "top_k": 20
    },
    {
      "coco_ap": 0.2072911288231653,
      "coco_ap50": 0.30362022951401646,
      "coco_ap75": 0.23766160676967638,
      "coco_ap_large": 0.27777743079480977,
      "coco_ap_medium": 0.22145570401622353,
      "coco_ap_small": 0.07635260856162093,
      "coco_ar1": 0.21676356374685143,
      "coco_ar10": 0.2924635083186515,
      "coco_ar100": 0.29439434745160575,
      "coco_ar_large": 0.3913377990781263,
      "coco_ar_medium": 0.3016091089582659,
      "coco_ar_small": 0.09354136201874556,
      "nms_iou_threshold": 0.5,
      "num_predictions": 5969.0,
      "num_samples": 500.0,
      "score_alpha": 2.0,
      "score_beta": 1.0,
      "score_threshold": 0.2,
      "top_k": 20
    },
    {
      "coco_ap": 0.20403089491629595,
      "coco_ap50": 0.294946581773999,
      "coco_ap75": 0.23707146020275385,
      "coco_ap_large": 0.27342765147185055,
      "coco_ap_medium": 0.21787884689693313,
      "coco_ap_small": 0.07640617194390958,
      "coco_ar1": 0.21131793144459973,
      "coco_ar10": 0.28980880026330125,
      "coco_ar100": 0.29211180985119123,
      "coco_ar_large": 0.3939900677916804,
      "coco_ar_medium": 0.29348796700188046,
      "coco_ar_small": 0.09356939433713016,
      "nms_iou_threshold": 0.6,
      "num_predictions": 6541.0,
      "num_samples": 500.0,
      "score_alpha": 2.0,
      "score_beta": 1.0,
      "score_threshold": 0.2,
      "top_k": 20
    },
    {
      "coco_ap": 0.2087869229187228,
      "coco_ap50": 0.3094345665443009,
      "coco_ap75": 0.238167174016086,
      "coco_ap_large": 0.2789994368664715,
      "coco_ap_medium": 0.22151042265525941,
      "coco_ap_small": 0.08171313577312025,
      "coco_ar1": 0.22080870965036453,
      "coco_ar10": 0.29518039200994717,
      "coco_ar100": 0.29950785081824843,
      "coco_ar_large": 0.3919761367562038,
      "coco_ar_medium": 0.30802530909677334,
      "coco_ar_small": 0.10070640354084685,
      "nms_iou_threshold": 0.4,
      "num_predictions": 6609.0,
      "num_samples": 500.0,
      "score_alpha": 2.0,
      "score_beta": 1.0,
      "score_threshold": 0.2,
      "top_k": 50
    },
    {
      "coco_ap": 0.2094832559379544,
      "coco_ap50": 0.3089199640329314,
      "coco_ap75": 0.23915232454216656,
      "coco_ap_large": 0.2792324367225738,
      "coco_ap_medium": 0.22685980513519508,
      "coco_ap_small": 0.08222724036611619,
      "coco_ar1": 0.22009980546641855,
      "coco_ar10": 0.2983808017081016,
      "coco_ar100": 0.30431535431658024,
      "coco_ar_large": 0.3964195127520422,
      "coco_ar_medium": 0.3161593786077072,
      "coco_ar_small": 0.1021494844458578,
      "nms_iou_threshold": 0.5,
      "num_predictions": 7566.0,
      "num_samples": 500.0,
      "score_alpha": 2.0,
      "score_beta": 1.0,
      "score_threshold": 0.2,
      "top_k": 50
    },
    {
      "coco_ap": 0.20752871208748097,
      "coco_ap50": 0.30213241375065997,
      "coco_ap75": 0.24016771411839374,
      "coco_ap_large": 0.2744705370227002,
      "coco_ap_medium": 0.22818914280613306,
      "coco_ap_small": 0.0815140824306899,
      "coco_ar1": 0.21984958468337468,
      "coco_ar10": 0.30400445461229786,
      "coco_ar100": 0.31038487362581674,
      "coco_ar_large": 0.4010403045650719,
      "coco_ar_medium": 0.3264710083230932,
      "coco_ar_small": 0.10225951779742341,
      "nms_iou_threshold": 0.6,
      "num_predictions": 9059.0,
      "num_samples": 500.0,
      "score_alpha": 2.0,
      "score_beta": 1.0,
      "score_threshold": 0.2,
      "top_k": 50
    },
    {
      "coco_ap": 0.20909015496544506,
      "coco_ap50": 0.31004084670135124,
      "coco_ap75": 0.23849005540857768,
      "coco_ap_large": 0.27929526044721975,
      "coco_ap_medium": 0.2219997419643304,
      "coco_ap_small": 0.08227904684497214,
      "coco_ar1": 0.22130318185503303,
      "coco_ar10": 0.29595272376389115,
      "coco_ar100": 0.30103303630620454,
      "coco_ar_large": 0.39301780342287046,
      "coco_ar_medium": 0.3099446541195666,
      "coco_ar_small": 0.10202397485841816,
      "nms_iou_threshold": 0.4,
      "num_predictions": 6743.0,
      "num_samples": 500.0,
      "score_alpha": 2.0,
      "score_beta": 1.0,
      "score_threshold": 0.2,
      "top_k": 100
    },
    {
      "coco_ap": 0.21004645746804088,
      "coco_ap50": 0.3098594553920561,
      "coco_ap75": 0.23979622894815522,
      "coco_ap_large": 0.27971333311692176,
      "coco_ap_medium": 0.22737166924296823,
      "coco_ap_small": 0.0834250291210769,
      "coco_ar1": 0.22130318185503303,
      "coco_ar10": 0.29986203764599156,
      "coco_ar100": 0.3067605132437799,
      "coco_ar_large": 0.3981474188267528,
      "coco_ar_medium": 0.3182800038317807,
      "coco_ar_small": 0.10418107063044081,
      "nms_iou_threshold": 0.5,
      "num_predictions": 7851.0,
      "num_samples": 500.0,
      "score_alpha": 2.0,
      "score_beta": 1.0,
      "score_threshold": 0.2,
      "top_k": 100
    },
    {
      "coco_ap": 0.20820385683955334,
      "coco_ap50": 0.3033621333197926,
      "coco_ap75": 0.24087213639253505,
      "coco_ap_large": 0.2748000308209754,
      "coco_ap_medium": 0.22862348694381804,
      "coco_ap_small": 0.08433373536746301,
      "coco_ar1": 0.22130318185503303,
      "coco_ar10": 0.30561158482020523,
      "coco_ar100": 0.3136147058780849,
      "coco_ar_large": 0.40331195591567054,
      "coco_ar_medium": 0.328991674678534,
      "coco_ar_small": 0.10641142175256853,
      "nms_iou_threshold": 0.6,
      "num_predictions": 9787.0,
      "num_samples": 500.0,
      "score_alpha": 2.0,
      "score_beta": 1.0,
      "score_threshold": 0.2,
      "top_k": 100
    },
    {
      "coco_ap": 0.20909015496544506,
      "coco_ap50": 0.31004084670135124,
      "coco_ap75": 0.23849005540857768,
      "coco_ap_large": 0.27929526044721975,
      "coco_ap_medium": 0.2219997419643304,
      "coco_ap_small": 0.08227904684497214,
      "coco_ar1": 0.22130318185503303,
      "coco_ar10": 0.29595272376389115,
      "coco_ar100": 0.30103303630620454,
      "coco_ar_large": 0.39301780342287046,
      "coco_ar_medium": 0.3099446541195666,
      "coco_ar_small": 0.10202397485841816,
      "nms_iou_threshold": 0.4,
      "num_predictions": 6743.0,
      "num_samples": 500.0,
      "score_alpha": 2.0,
      "score_beta": 1.0,
      "score_threshold": 0.2,
      "top_k": 200
    },
    {
      "coco_ap": 0.21004645746804088,
      "coco_ap50": 0.3098594553920561,
      "coco_ap75": 0.23979622894815522,
      "coco_ap_large": 0.27971333311692176,
      "coco_ap_medium": 0.22737166924296823,
      "coco_ap_small": 0.0834250291210769,
      "coco_ar1": 0.22130318185503303,
      "coco_ar10": 0.29986203764599156,
      "coco_ar100": 0.3067605132437799,
      "coco_ar_large": 0.3981474188267528,
      "coco_ar_medium": 0.3182800038317807,
      "coco_ar_small": 0.10418107063044081,
      "nms_iou_threshold": 0.5,
      "num_predictions": 7851.0,
      "num_samples": 500.0,
      "score_alpha": 2.0,
      "score_beta": 1.0,
      "score_threshold": 0.2,
      "top_k": 200
    },
    {
      "coco_ap": 0.20826994985251626,
      "coco_ap50": 0.3034547732132144,
      "coco_ap75": 0.24095610856038757,
      "coco_ap_large": 0.2749490383858277,
      "coco_ap_medium": 0.2286637846665136,
      "coco_ap_small": 0.08433373536746301,
      "coco_ar1": 0.22130318185503303,
      "coco_ar10": 0.3058084905867312,
      "coco_ar100": 0.31404626416875153,
      "coco_ar_large": 0.40379806702678167,
      "coco_ar_medium": 0.3294596549741005,
      "coco_ar_small": 0.10641142175256853,
      "nms_iou_threshold": 0.6,
      "num_predictions": 9812.0,
      "num_samples": 500.0,
      "score_alpha": 2.0,
      "score_beta": 1.0,
      "score_threshold": 0.2,
      "top_k": 200
    }
  ],
  "sweep_space": {
    "nms_iou_thresholds": [
      0.4,
      0.5,
      0.6
    ],
    "score_alphas": [
      1.5,
      2.0
    ],
    "score_betas": [
      1.0
    ],
    "score_thresholds": [
      0.03,
      0.05,
      0.1,
      0.2
    ],
    "top_ks": [
      20,
      50,
      100,
      200
    ]
  },
  "top_by_ap": [
    {
      "coco_ap": 0.2178704580600582,
      "coco_ap50": 0.3277803477537162,
      "coco_ap75": 0.2449000304250295,
      "coco_ap_large": 0.28930840750374115,
      "coco_ap_medium": 0.23768207284109205,
      "coco_ap_small": 0.09453346981205214,
      "coco_ar1": 0.2467219012802577,
      "coco_ar10": 0.3584169866580883,
      "coco_ar100": 0.37569490972921976,
      "coco_ar_large": 0.508673636588659,
      "coco_ar_medium": 0.38731961451151475,
      "coco_ar_small": 0.14698787895343082,
      "nms_iou_threshold": 0.5,
      "num_predictions": 36438.0,
      "num_samples": 500.0,
      "score_alpha": 2.0,
      "score_beta": 1.0,
      "score_threshold": 0.03,
      "top_k": 200
    },
    {
      "coco_ap": 0.21770606078175772,
      "coco_ap50": 0.3271911027724816,
      "coco_ap75": 0.24489166501588883,
      "coco_ap_large": 0.28932825253363104,
      "coco_ap_medium": 0.23754761787522985,
      "coco_ap_small": 0.09385883636955333,
      "coco_ar1": 0.24670567278301658,
      "coco_ar10": 0.3571439530144319,
      "coco_ar100": 0.37188827145717646,
      "coco_ar_large": 0.5079466229992664,
      "coco_ar_medium": 0.38351842460542923,
      "coco_ar_small": 0.1400528874129582,
      "nms_iou_threshold": 0.5,
      "num_predictions": 29472.0,
      "num_samples": 500.0,
      "score_alpha": 2.0,
      "score_beta": 1.0,
      "score_threshold": 0.03,
      "top_k": 100
    },
    {
      "coco_ap": 0.2175155542154331,
      "coco_ap50": 0.32674902117007293,
      "coco_ap75": 0.24483403585174698,
      "coco_ap_large": 0.2889491026698782,
      "coco_ap_medium": 0.23739463460439894,
      "coco_ap_small": 0.09361406975066967,
      "coco_ar1": 0.24538281706001408,
      "coco_ar10": 0.3540652400445694,
      "coco_ar100": 0.3692186014945038,
      "coco_ar_large": 0.4988211432535932,
      "coco_ar_medium": 0.38164081597885163,
      "coco_ar_small": 0.14001354850197006,
      "nms_iou_threshold": 0.5,
      "num_predictions": 27551.0,
      "num_samples": 500.0,
      "score_alpha": 2.0,
      "score_beta": 1.0,
      "score_threshold": 0.05,
      "top_k": 200
    },
    {
      "coco_ap": 0.21742830671441615,
      "coco_ap50": 0.32639734480945026,
      "coco_ap75": 0.2448309378790273,
      "coco_ap_large": 0.2890019787578587,
      "coco_ap_medium": 0.23732721175128588,
      "coco_ap_small": 0.09317490386302642,
      "coco_ar1": 0.24538281706001408,
      "coco_ar10": 0.3536150183573139,
      "coco_ar100": 0.36720357390537295,
      "coco_ar_large": 0.4987465844445624,
      "coco_ar_medium": 0.37947183549807895,
      "coco_ar_small": 0.135322290710913,
      "nms_iou_threshold": 0.5,
      "num_predictions": 24227.0,
      "num_samples": 500.0,
      "score_alpha": 2.0,
      "score_beta": 1.0,
      "score_threshold": 0.05,
      "top_k": 100
    },
    {
      "coco_ap": 0.21719725216300848,
      "coco_ap50": 0.3289988687137683,
      "coco_ap75": 0.24384496864893934,
      "coco_ap_large": 0.29003826609674305,
      "coco_ap_medium": 0.23104905320033794,
      "coco_ap_small": 0.09392168756938314,
      "coco_ar1": 0.2467219012802577,
      "coco_ar10": 0.3543203458929528,
      "coco_ar100": 0.36614489488353086,
      "coco_ar_large": 0.503683196142982,
      "coco_ar_medium": 0.3683247778207957,
      "coco_ar_small": 0.1430776819054816,
      "nms_iou_threshold": 0.4,
      "num_predictions": 29910.0,
      "num_samples": 500.0,
      "score_alpha": 2.0,
      "score_beta": 1.0,
      "score_threshold": 0.03,
      "top_k": 200
    },
    {
      "coco_ap": 0.2170397288923486,
      "coco_ap50": 0.32850260581820584,
      "coco_ap75": 0.24385348745781402,
      "coco_ap_large": 0.29000810935908305,
      "coco_ap_medium": 0.2310768943049825,
      "coco_ap_small": 0.09333069814409663,
      "coco_ar1": 0.2467219012802577,
      "coco_ar10": 0.352674899165242,
      "coco_ar100": 0.36307320053415043,
      "coco_ar_large": 0.5027303537657211,
      "coco_ar_medium": 0.36614444184183115,
      "coco_ar_small": 0.13733693624524235,
      "nms_iou_threshold": 0.4,
      "num_predictions": 25918.0,
      "num_samples": 500.0,
      "score_alpha": 2.0,
      "score_beta": 1.0,
      "score_threshold": 0.03,
      "top_k": 100
    },
    {
      "coco_ap": 0.21677709653523286,
      "coco_ap50": 0.3276904017648464,
      "coco_ap75": 0.24373563614400381,
      "coco_ap_large": 0.28939481936482375,
      "coco_ap_medium": 0.23078510990262982,
      "coco_ap_small": 0.09291376107353444,
      "coco_ar1": 0.24538281706001408,
      "coco_ar10": 0.34917373211144004,
      "coco_ar100": 0.35949651371384583,
      "coco_ar_large": 0.48486709904364805,
      "coco_ar_medium": 0.3637057562481894,
      "coco_ar_small": 0.13578605786161868,
      "nms_iou_threshold": 0.4,
      "num_predictions": 22478.0,
      "num_samples": 500.0,
      "score_alpha": 2.0,
      "score_beta": 1.0,
      "score_threshold": 0.05,
      "top_k": 200
    },
    {
      "coco_ap": 0.21669883872993118,
      "coco_ap50": 0.32742026488192943,
      "coco_ap75": 0.24375840739008497,
      "coco_ap_large": 0.2894110952621266,
      "coco_ap_medium": 0.23079601555272095,
      "coco_ap_small": 0.09264686458038732,
      "coco_ar1": 0.24538281706001408,
      "coco_ar10": 0.34847261428722387,
      "coco_ar100": 0.3581413481230797,
      "coco_ar_large": 0.48473790007723966,
      "coco_ar_medium": 0.3623569265065024,
      "coco_ar_small": 0.13291811772095125,
      "nms_iou_threshold": 0.4,
      "num_predictions": 21027.0,
      "num_samples": 500.0,
      "score_alpha": 2.0,
      "score_beta": 1.0,
      "score_threshold": 0.05,
      "top_k": 100
    },
    {
      "coco_ap": 0.21589707489800686,
      "coco_ap50": 0.32560018768411697,
      "coco_ap75": 0.24310790770225468,
      "coco_ap_large": 0.2886862773299993,
      "coco_ap_medium": 0.22941836417112424,
      "coco_ap_small": 0.09138217641417216,
      "coco_ar1": 0.24433958342512946,
      "coco_ar10": 0.34460008928372904,
      "coco_ar100": 0.35105164225733676,
      "coco_ar_large": 0.4776332220010057,
      "coco_ar_medium": 0.3524765575084571,
      "coco_ar_small": 0.12860415738280984,
      "nms_iou_threshold": 0.4,
      "num_predictions": 18424.0,
      "num_samples": 500.0,
      "score_alpha": 2.0,
      "score_beta": 1.0,
      "score_threshold": 0.03,
      "top_k": 50
    },
    {
      "coco_ap": 0.2158840215620972,
      "coco_ap50": 0.32267805407166117,
      "coco_ap75": 0.24390094402499815,
      "coco_ap_large": 0.287126771365003,
      "coco_ap_medium": 0.2347095306373647,
      "coco_ap_small": 0.09088305977185163,
      "coco_ar1": 0.24045047902957056,
      "coco_ar10": 0.33792047633033695,
      "coco_ar100": 0.34903590702295956,
      "coco_ar_large": 0.46721106007632257,
      "coco_ar_medium": 0.3620347187683482,
      "coco_ar_small": 0.12178868493565906,
      "nms_iou_threshold": 0.5,
      "num_predictions": 16104.0,
      "num_samples": 500.0,
      "score_alpha": 2.0,
      "score_beta": 1.0,
      "score_threshold": 0.1,
      "top_k": 200
    }
  ],
  "top_by_ap50": [
    {
      "coco_ap": 0.21719725216300848,
      "coco_ap50": 0.3289988687137683,
      "coco_ap75": 0.24384496864893934,
      "coco_ap_large": 0.29003826609674305,
      "coco_ap_medium": 0.23104905320033794,
      "coco_ap_small": 0.09392168756938314,
      "coco_ar1": 0.2467219012802577,
      "coco_ar10": 0.3543203458929528,
      "coco_ar100": 0.36614489488353086,
      "coco_ar_large": 0.503683196142982,
      "coco_ar_medium": 0.3683247778207957,
      "coco_ar_small": 0.1430776819054816,
      "nms_iou_threshold": 0.4,
      "num_predictions": 29910.0,
      "num_samples": 500.0,
      "score_alpha": 2.0,
      "score_beta": 1.0,
      "score_threshold": 0.03,
      "top_k": 200
    },
    {
      "coco_ap": 0.2170397288923486,
      "coco_ap50": 0.32850260581820584,
      "coco_ap75": 0.24385348745781402,
      "coco_ap_large": 0.29000810935908305,
      "coco_ap_medium": 0.2310768943049825,
      "coco_ap_small": 0.09333069814409663,
      "coco_ar1": 0.2467219012802577,
      "coco_ar10": 0.352674899165242,
      "coco_ar100": 0.36307320053415043,
      "coco_ar_large": 0.5027303537657211,
      "coco_ar_medium": 0.36614444184183115,
      "coco_ar_small": 0.13733693624524235,
      "nms_iou_threshold": 0.4,
      "num_predictions": 25918.0,
      "num_samples": 500.0,
      "score_alpha": 2.0,
      "score_beta": 1.0,
      "score_threshold": 0.03,
      "top_k": 100
    },
    {
      "coco_ap": 0.2178704580600582,
      "coco_ap50": 0.3277803477537162,
      "coco_ap75": 0.2449000304250295,
      "coco_ap_large": 0.28930840750374115,
      "coco_ap_medium": 0.23768207284109205,
      "coco_ap_small": 0.09453346981205214,
      "coco_ar1": 0.2467219012802577,
      "coco_ar10": 0.3584169866580883,
      "coco_ar100": 0.37569490972921976,
      "coco_ar_large": 0.508673636588659,
      "coco_ar_medium": 0.38731961451151475,
      "coco_ar_small": 0.14698787895343082,
      "nms_iou_threshold": 0.5,
      "num_predictions": 36438.0,
      "num_samples": 500.0,
      "score_alpha": 2.0,
      "score_beta": 1.0,
      "score_threshold": 0.03,
      "top_k": 200
    },
    {
      "coco_ap": 0.21502280872414967,
      "coco_ap50": 0.32770584615502607,
      "coco_ap75": 0.24141715379244189,
      "coco_ap_large": 0.28687006068522464,
      "coco_ap_medium": 0.23194131646148386,
      "coco_ap_small": 0.09456062318549119,
      "coco_ar1": 0.24624478103814032,
      "coco_ar10": 0.35570765542016025,
      "coco_ar100": 0.3688229647908088,
      "coco_ar_large": 0.5042236883626466,
      "coco_ar_medium": 0.3715532499062929,
      "coco_ar_small": 0.1463869881623265,
      "nms_iou_threshold": 0.4,
      "num_predictions": 38516.0,
      "num_samples": 500.0,
      "score_alpha": 1.5,
      "score_beta": 1.0,
      "score_threshold": 0.03,
      "top_k": 200
    },
    {
      "coco_ap": 0.21677709653523286,
      "coco_ap50": 0.3276904017648464,
      "coco_ap75": 0.24373563614400381,
      "coco_ap_large": 0.28939481936482375,
      "coco_ap_medium": 0.23078510990262982,
      "coco_ap_small": 0.09291376107353444,
      "coco_ar1": 0.24538281706001408,
      "coco_ar10": 0.34917373211144004,
      "coco_ar100": 0.35949651371384583,
      "coco_ar_large": 0.48486709904364805,
      "coco_ar_medium": 0.3637057562481894,
      "coco_ar_small": 0.13578605786161868,
      "nms_iou_threshold": 0.4,
      "num_predictions": 22478.0,
      "num_samples": 500.0,
      "score_alpha": 2.0,
      "score_beta": 1.0,
      "score_threshold": 0.05,
      "top_k": 200
    },
    {
      "coco_ap": 0.21669883872993118,
      "coco_ap50": 0.32742026488192943,
      "coco_ap75": 0.24375840739008497,
      "coco_ap_large": 0.2894110952621266,
      "coco_ap_medium": 0.23079601555272095,
      "coco_ap_small": 0.09264686458038732,
      "coco_ar1": 0.24538281706001408,
      "coco_ar10": 0.34847261428722387,
      "coco_ar100": 0.3581413481230797,
      "coco_ar_large": 0.48473790007723966,
      "coco_ar_medium": 0.3623569265065024,
      "coco_ar_small": 0.13291811772095125,
      "nms_iou_threshold": 0.4,
      "num_predictions": 21027.0,
      "num_samples": 500.0,
      "score_alpha": 2.0,
      "score_beta": 1.0,
      "score_threshold": 0.05,
      "top_k": 100
    },
    {
      "coco_ap": 0.21770606078175772,
      "coco_ap50": 0.3271911027724816,
      "coco_ap75": 0.24489166501588883,
      "coco_ap_large": 0.28932825253363104,
      "coco_ap_medium": 0.23754761787522985,
      "coco_ap_small": 0.09385883636955333,
      "coco_ar1": 0.24670567278301658,
      "coco_ar10": 0.3571439530144319,
      "coco_ar100": 0.37188827145717646,
      "coco_ar_large": 0.5079466229992664,
      "coco_ar_medium": 0.38351842460542923,
      "coco_ar_small": 0.1400528874129582,
      "nms_iou_threshold": 0.5,
      "num_predictions": 29472.0,
      "num_samples": 500.0,
      "score_alpha": 2.0,
      "score_beta": 1.0,
      "score_threshold": 0.03,
      "top_k": 100
    },
    {
      "coco_ap": 0.21485659452436529,
      "coco_ap50": 0.3271422427993567,
      "coco_ap75": 0.24141759285486553,
      "coco_ap_large": 0.286845953309235,
      "coco_ap_medium": 0.2319630173727438,
      "coco_ap_small": 0.09386894908022678,
      "coco_ar1": 0.24624478103814032,
      "coco_ar10": 0.35351087906441964,
      "coco_ar100": 0.3642765471667079,
      "coco_ar_large": 0.5031361538656438,
      "coco_ar_medium": 0.3673215018888641,
      "coco_ar_small": 0.13832400940268183,
      "nms_iou_threshold": 0.4,
      "num_predictions": 30949.0,
      "num_samples": 500.0,
      "score_alpha": 1.5,
      "score_beta": 1.0,
      "score_threshold": 0.03,
      "top_k": 100
    },
    {
      "coco_ap": 0.214737939018908,
      "coco_ap50": 0.3267683405629636,
      "coco_ap75": 0.24136060421443983,
      "coco_ap_large": 0.28652593449857594,
      "coco_ap_medium": 0.2316129795516117,
      "coco_ap_small": 0.09384788426252243,
      "coco_ar1": 0.24523577152341913,
      "coco_ar10": 0.35191524984717054,
      "coco_ar100": 0.36388244512576867,
      "coco_ar_large": 0.4996260477928873,
      "coco_ar_medium": 0.3663566305958411,
      "coco_ar_small": 0.14070844572811428,
      "nms_iou_threshold": 0.4,
      "num_predictions": 29697.0,
      "num_samples": 500.0,
      "score_alpha": 1.5,
      "score_beta": 1.0,
      "score_threshold": 0.05,
      "top_k": 200
    },
    {
      "coco_ap": 0.2175155542154331,
      "coco_ap50": 0.32674902117007293,
      "coco_ap75": 0.24483403585174698,
      "coco_ap_large": 0.2889491026698782,
      "coco_ap_medium": 0.23739463460439894,
      "coco_ap_small": 0.09361406975066967,
      "coco_ar1": 0.24538281706001408,
      "coco_ar10": 0.3540652400445694,
      "coco_ar100": 0.3692186014945038,
      "coco_ar_large": 0.4988211432535932,
      "coco_ar_medium": 0.38164081597885163,
      "coco_ar_small": 0.14001354850197006,
      "nms_iou_threshold": 0.5,
      "num_predictions": 27551.0,
      "num_samples": 500.0,
      "score_alpha": 2.0,
      "score_beta": 1.0,
      "score_threshold": 0.05,
      "top_k": 200
    }
  ],
  "top_by_ar100": [
    {
      "coco_ap": 0.21205057203667693,
      "coco_ap50": 0.3147102225433095,
      "coco_ap75": 0.24272003964998604,
      "coco_ap_large": 0.280264134180204,
      "coco_ap_medium": 0.23708629752478463,
      "coco_ap_small": 0.09476601827369069,
      "coco_ar1": 0.24624478103814032,
      "coco_ar10": 0.3678326876202011,
      "coco_ar100": 0.39295674912854106,
      "coco_ar_large": 0.5261833313133789,
      "coco_ar_medium": 0.41301268865524315,
      "coco_ar_small": 0.15310679400119168,
      "nms_iou_threshold": 0.6,
      "num_predictions": 55693.0,
      "num_samples": 500.0,
      "score_alpha": 1.5,
      "score_beta": 1.0,
      "score_threshold": 0.03,
      "top_k": 200
    },
    {
      "coco_ap": 0.21559813411255832,
      "coco_ap50": 0.3186027207597134,
      "coco_ap75": 0.2468885399260152,
      "coco_ap_large": 0.28421740437468107,
      "coco_ap_medium": 0.23858775973491328,
      "coco_ap_small": 0.09508691339218414,
      "coco_ar1": 0.2467219012802577,
      "coco_ar10": 0.3665310041535319,
      "coco_ar100": 0.3883628983811785,
      "coco_ar_large": 0.5240938208176332,
      "coco_ar_medium": 0.40323754470497936,
      "coco_ar_small": 0.15068057362663323,
      "nms_iou_threshold": 0.6,
      "num_predictions": 44916.0,
      "num_samples": 500.0,
      "score_alpha": 2.0,
      "score_beta": 1.0,
      "score_threshold": 0.03,
      "top_k": 200
    },
    {
      "coco_ap": 0.21176902483581989,
      "coco_ap50": 0.3140423941457795,
      "coco_ap75": 0.24251869938917703,
      "coco_ap_large": 0.2799448355579642,
      "coco_ap_medium": 0.23652814974987876,
      "coco_ap_small": 0.0942783757550342,
      "coco_ar1": 0.24523577152341913,
      "coco_ar10": 0.3629622690989502,
      "coco_ar100": 0.3860892234470544,
      "coco_ar_large": 0.5183480525611375,
      "coco_ar_medium": 0.40232375494684336,
      "coco_ar_small": 0.14941948692989626,
      "nms_iou_threshold": 0.6,
      "num_predictions": 45126.0,
      "num_samples": 500.0,
      "score_alpha": 1.5,
      "score_beta": 1.0,
      "score_threshold": 0.05,
      "top_k": 200
    },
    {
      "coco_ap": 0.21531063902180497,
      "coco_ap50": 0.3178430947582091,
      "coco_ap75": 0.2467781865303774,
      "coco_ap_large": 0.28389462466867155,
      "coco_ap_medium": 0.23837787439588354,
      "coco_ap_small": 0.09446437554759812,
      "coco_ar1": 0.24538281706001408,
      "coco_ar10": 0.3627297863623976,
      "coco_ar100": 0.382396781679708,
      "coco_ar_large": 0.5137765727528627,
      "coco_ar_medium": 0.3984809163974087,
      "coco_ar_small": 0.1447550714561125,
      "nms_iou_threshold": 0.6,
      "num_predictions": 34964.0,
      "num_samples": 500.0,
      "score_alpha": 2.0,
      "score_beta": 1.0,
      "score_threshold": 0.05,
      "top_k": 200
    },
    {
      "coco_ap": 0.21530455372611398,
      "coco_ap50": 0.325326555204836,
      "coco_ap75": 0.24169664290568796,
      "coco_ap_large": 0.28632095638397026,
      "coco_ap_medium": 0.2369613708954038,
      "coco_ap_small": 0.09399285211837323,
      "coco_ar1": 0.24624478103814032,
      "coco_ar10": 0.36313957144402925,
      "coco_ar100": 0.3816237752582135,
      "coco_ar_large": 0.510626893786985,
      "coco_ar_medium": 0.4001556208334398,
      "coco_ar_small": 0.14881092024770007,
      "nms_iou_threshold": 0.5,
      "num_predictions": 46378.0,
      "num_samples": 500.0,
      "score_alpha": 1.5,
      "score_beta": 1.0,
      "score_threshold": 0.03,
      "top_k": 200
    },
    {
      "coco_ap": 0.21137940098770308,
      "coco_ap50": 0.31340175266170095,
      "coco_ap75": 0.24215121067530018,
      "coco_ap_large": 0.27931914945362674,
      "coco_ap_medium": 0.23631211355617984,
      "coco_ap_small": 0.09408748262932076,
      "coco_ar1": 0.24460589757991671,
      "coco_ar10": 0.3609189306653388,
      "coco_ar100": 0.3814253728361771,
      "coco_ar_large": 0.5073918500741057,
      "coco_ar_medium": 0.39774519607011755,
      "coco_ar_small": 0.14525583952938845,
      "nms_iou_threshold": 0.6,
      "num_predictions": 38182.0,
      "num_samples": 500.0,
      "score_alpha": 1.5,
      "score_beta": 1.0,
      "score_threshold": 0.03,
      "top_k": 100
    },
    {
      "coco_ap": 0.2151228858536866,
      "coco_ap50": 0.31762909520431865,
      "coco_ap75": 0.24646147485944567,
      "coco_ap_large": 0.28369045816018595,
      "coco_ap_medium": 0.23812312009615216,
      "coco_ap_small": 0.09435549481025905,
      "coco_ar1": 0.24536425224855807,
      "coco_ar10": 0.3629631173465437,
      "coco_ar100": 0.3809248532054277,
      "coco_ar_large": 0.5121454036092409,
      "coco_ar_medium": 0.3955444400899896,
      "coco_ar_small": 0.14328911254208504,
      "nms_iou_threshold": 0.6,
      "num_predictions": 33520.0,
      "num_samples": 500.0,
      "score_alpha": 2.0,
      "score_beta": 1.0,
      "score_threshold": 0.03,
      "top_k": 100
    },
    {
      "coco_ap": 0.21118112764068978,
      "coco_ap50": 0.3129277967806182,
      "coco_ap75": 0.24202342083456502,
      "coco_ap_large": 0.27902114065224226,
      "coco_ap_medium": 0.23609347341699544,
      "coco_ap_small": 0.09364813432248777,
      "coco_ar1": 0.24359688806519553,
      "coco_ar10": 0.35875695650777506,
      "coco_ar100": 0.37809642755769485,
      "coco_ar_large": 0.5004872213596572,
      "coco_ar_medium": 0.39506240914045965,
      "coco_ar_small": 0.1425625312235586,
      "nms_iou_threshold": 0.6,
      "num_predictions": 33575.0,
      "num_samples": 500.0,
      "score_alpha": 1.5,
      "score_beta": 1.0,
      "score_threshold": 0.05,
      "top_k": 100
    },
    {
      "coco_ap": 0.21489468554875427,
      "coco_ap50": 0.31699403024810496,
      "coco_ap75": 0.24634694479406108,
      "coco_ap_large": 0.28337690808676036,
      "coco_ap_medium": 0.23795940466641416,
      "coco_ap_small": 0.09376157106113579,
      "coco_ar1": 0.24432269047773558,
      "coco_ar10": 0.3601573999268614,
      "coco_ar100": 0.3768031815880461,
      "coco_ar_large": 0.5023873815252078,
      "coco_ar_medium": 0.3927282205799706,
      "coco_ar_small": 0.1398393569706619,
      "nms_iou_threshold": 0.6,
      "num_predictions": 28428.0,
      "num_samples": 500.0,
      "score_alpha": 2.0,
      "score_beta": 1.0,
      "score_threshold": 0.05,
      "top_k": 100
    },
    {
      "coco_ap": 0.2178704580600582,
      "coco_ap50": 0.3277803477537162,
      "coco_ap75": 0.2449000304250295,
      "coco_ap_large": 0.28930840750374115,
      "coco_ap_medium": 0.23768207284109205,
      "coco_ap_small": 0.09453346981205214,
      "coco_ar1": 0.2467219012802577,
      "coco_ar10": 0.3584169866580883,
      "coco_ar100": 0.37569490972921976,
      "coco_ar_large": 0.508673636588659,
      "coco_ar_medium": 0.38731961451151475,
      "coco_ar_small": 0.14698787895343082,
      "nms_iou_threshold": 0.5,
      "num_predictions": 36438.0,
      "num_samples": 500.0,
      "score_alpha": 2.0,
      "score_beta": 1.0,
      "score_threshold": 0.03,
      "top_k": 200
    }
  ]
}
sweep_exit=0
stage=pred_only_vis12
creating index...
index created!
Loading and preparing results...
DONE (t=0.00s)
creating index...
index created!
Running per image evaluation...
Evaluate annotation type *bbox*
DONE (t=0.08s).
Accumulating evaluation results...
DONE (t=0.08s).
 Average Precision  (AP) @[ IoU=0.50:0.95 | area=   all | maxDets=100 ] = 0.247
 Average Precision  (AP) @[ IoU=0.50      | area=   all | maxDets=100 ] = 0.360
 Average Precision  (AP) @[ IoU=0.75      | area=   all | maxDets=100 ] = 0.307
 Average Precision  (AP) @[ IoU=0.50:0.95 | area= small | maxDets=100 ] = 0.122
 Average Precision  (AP) @[ IoU=0.50:0.95 | area=medium | maxDets=100 ] = 0.463
 Average Precision  (AP) @[ IoU=0.50:0.95 | area= large | maxDets=100 ] = 0.395
 Average Recall     (AR) @[ IoU=0.50:0.95 | area=   all | maxDets=  1 ] = 0.214
 Average Recall     (AR) @[ IoU=0.50:0.95 | area=   all | maxDets= 10 ] = 0.340
 Average Recall     (AR) @[ IoU=0.50:0.95 | area=   all | maxDets=100 ] = 0.356
 Average Recall     (AR) @[ IoU=0.50:0.95 | area= small | maxDets=100 ] = 0.132
 Average Recall     (AR) @[ IoU=0.50:0.95 | area=medium | maxDets=100 ] = 0.571
 Average Recall     (AR) @[ IoU=0.50:0.95 | area= large | maxDets=100 ] = 0.520
creating index...
index created!
Loading and preparing results...
DONE (t=0.00s)
creating index...
index created!
Running per image evaluation...
Evaluate annotation type *bbox*
DONE (t=0.08s).
Accumulating evaluation results...
DONE (t=0.08s).
 Average Precision  (AP) @[ IoU=0.50:0.95 | area=   all | maxDets=100 ] = 0.247
 Average Precision  (AP) @[ IoU=0.50      | area=   all | maxDets=100 ] = 0.360
 Average Precision  (AP) @[ IoU=0.75      | area=   all | maxDets=100 ] = 0.307
 Average Precision  (AP) @[ IoU=0.50:0.95 | area= small | maxDets=100 ] = 0.121
 Average Precision  (AP) @[ IoU=0.50:0.95 | area=medium | maxDets=100 ] = 0.463
 Average Precision  (AP) @[ IoU=0.50:0.95 | area= large | maxDets=100 ] = 0.395
 Average Recall     (AR) @[ IoU=0.50:0.95 | area=   all | maxDets=  1 ] = 0.214
 Average Recall     (AR) @[ IoU=0.50:0.95 | area=   all | maxDets= 10 ] = 0.340
 Average Recall     (AR) @[ IoU=0.50:0.95 | area=   all | maxDets=100 ] = 0.355
 Average Recall     (AR) @[ IoU=0.50:0.95 | area= small | maxDets=100 ] = 0.130
 Average Recall     (AR) @[ IoU=0.50:0.95 | area=medium | maxDets=100 ] = 0.571
 Average Recall     (AR) @[ IoU=0.50:0.95 | area= large | maxDets=100 ] = 0.520
creating index...
index created!
Loading and preparing results...
DONE (t=0.00s)
creating index...
index created!
Running per image evaluation...
Evaluate annotation type *bbox*
DONE (t=0.07s).
Accumulating evaluation results...
DONE (t=0.08s).
 Average Precision  (AP) @[ IoU=0.50:0.95 | area=   all | maxDets=100 ] = 0.246
 Average Precision  (AP) @[ IoU=0.50      | area=   all | maxDets=100 ] = 0.359
 Average Precision  (AP) @[ IoU=0.75      | area=   all | maxDets=100 ] = 0.306
 Average Precision  (AP) @[ IoU=0.50:0.95 | area= small | maxDets=100 ] = 0.120
 Average Precision  (AP) @[ IoU=0.50:0.95 | area=medium | maxDets=100 ] = 0.463
 Average Precision  (AP) @[ IoU=0.50:0.95 | area= large | maxDets=100 ] = 0.395
 Average Recall     (AR) @[ IoU=0.50:0.95 | area=   all | maxDets=  1 ] = 0.214
 Average Recall     (AR) @[ IoU=0.50:0.95 | area=   all | maxDets= 10 ] = 0.340
 Average Recall     (AR) @[ IoU=0.50:0.95 | area=   all | maxDets=100 ] = 0.353
 Average Recall     (AR) @[ IoU=0.50:0.95 | area= small | maxDets=100 ] = 0.125
 Average Recall     (AR) @[ IoU=0.50:0.95 | area=medium | maxDets=100 ] = 0.571
 Average Recall     (AR) @[ IoU=0.50:0.95 | area= large | maxDets=100 ] = 0.520
creating index...
index created!
Loading and preparing results...
DONE (t=0.00s)
creating index...
index created!
Running per image evaluation...
Evaluate annotation type *bbox*
DONE (t=0.06s).
Accumulating evaluation results...
DONE (t=0.07s).
 Average Precision  (AP) @[ IoU=0.50:0.95 | area=   all | maxDets=100 ] = 0.245
 Average Precision  (AP) @[ IoU=0.50      | area=   all | maxDets=100 ] = 0.355
 Average Precision  (AP) @[ IoU=0.75      | area=   all | maxDets=100 ] = 0.304
 Average Precision  (AP) @[ IoU=0.50:0.95 | area= small | maxDets=100 ] = 0.120
 Average Precision  (AP) @[ IoU=0.50:0.95 | area=medium | maxDets=100 ] = 0.453
 Average Precision  (AP) @[ IoU=0.50:0.95 | area= large | maxDets=100 ] = 0.395
 Average Recall     (AR) @[ IoU=0.50:0.95 | area=   all | maxDets=  1 ] = 0.209
 Average Recall     (AR) @[ IoU=0.50:0.95 | area=   all | maxDets= 10 ] = 0.332
 Average Recall     (AR) @[ IoU=0.50:0.95 | area=   all | maxDets=100 ] = 0.345
 Average Recall     (AR) @[ IoU=0.50:0.95 | area= small | maxDets=100 ] = 0.125
 Average Recall     (AR) @[ IoU=0.50:0.95 | area=medium | maxDets=100 ] = 0.543
 Average Recall     (AR) @[ IoU=0.50:0.95 | area= large | maxDets=100 ] = 0.520
creating index...
index created!
Loading and preparing results...
DONE (t=0.00s)
creating index...
index created!
Running per image evaluation...
Evaluate annotation type *bbox*
DONE (t=0.04s).
Accumulating evaluation results...
DONE (t=0.07s).
 Average Precision  (AP) @[ IoU=0.50:0.95 | area=   all | maxDets=100 ] = 0.226
 Average Precision  (AP) @[ IoU=0.50      | area=   all | maxDets=100 ] = 0.324
 Average Precision  (AP) @[ IoU=0.75      | area=   all | maxDets=100 ] = 0.285
 Average Precision  (AP) @[ IoU=0.50:0.95 | area= small | maxDets=100 ] = 0.105
 Average Precision  (AP) @[ IoU=0.50:0.95 | area=medium | maxDets=100 ] = 0.414
 Average Precision  (AP) @[ IoU=0.50:0.95 | area= large | maxDets=100 ] = 0.376
 Average Recall     (AR) @[ IoU=0.50:0.95 | area=   all | maxDets=  1 ] = 0.178
 Average Recall     (AR) @[ IoU=0.50:0.95 | area=   all | maxDets= 10 ] = 0.278
 Average Recall     (AR) @[ IoU=0.50:0.95 | area=   all | maxDets=100 ] = 0.291
 Average Recall     (AR) @[ IoU=0.50:0.95 | area= small | maxDets=100 ] = 0.106
 Average Recall     (AR) @[ IoU=0.50:0.95 | area=medium | maxDets=100 ] = 0.444
 Average Recall     (AR) @[ IoU=0.50:0.95 | area= large | maxDets=100 ] = 0.421
creating index...
index created!
Loading and preparing results...
DONE (t=0.00s)
creating index...
index created!
Running per image evaluation...
Evaluate annotation type *bbox*
DONE (t=0.03s).
Accumulating evaluation results...
DONE (t=0.06s).
 Average Precision  (AP) @[ IoU=0.50:0.95 | area=   all | maxDets=100 ] = 0.197
 Average Precision  (AP) @[ IoU=0.50      | area=   all | maxDets=100 ] = 0.279
 Average Precision  (AP) @[ IoU=0.75      | area=   all | maxDets=100 ] = 0.247
 Average Precision  (AP) @[ IoU=0.50:0.95 | area= small | maxDets=100 ] = 0.095
 Average Precision  (AP) @[ IoU=0.50:0.95 | area=medium | maxDets=100 ] = 0.357
 Average Precision  (AP) @[ IoU=0.50:0.95 | area= large | maxDets=100 ] = 0.328
 Average Recall     (AR) @[ IoU=0.50:0.95 | area=   all | maxDets=  1 ] = 0.147
 Average Recall     (AR) @[ IoU=0.50:0.95 | area=   all | maxDets= 10 ] = 0.201
 Average Recall     (AR) @[ IoU=0.50:0.95 | area=   all | maxDets=100 ] = 0.209
 Average Recall     (AR) @[ IoU=0.50:0.95 | area= small | maxDets=100 ] = 0.095
 Average Recall     (AR) @[ IoU=0.50:0.95 | area=medium | maxDets=100 ] = 0.362
 Average Recall     (AR) @[ IoU=0.50:0.95 | area= large | maxDets=100 ] = 0.328
creating index...
index created!
Loading and preparing results...
DONE (t=0.00s)
creating index...
index created!
Running per image evaluation...
Evaluate annotation type *bbox*
DONE (t=0.03s).
Accumulating evaluation results...
DONE (t=0.07s).
 Average Precision  (AP) @[ IoU=0.50:0.95 | area=   all | maxDets=100 ] = 0.178
 Average Precision  (AP) @[ IoU=0.50      | area=   all | maxDets=100 ] = 0.254
 Average Precision  (AP) @[ IoU=0.75      | area=   all | maxDets=100 ] = 0.228
 Average Precision  (AP) @[ IoU=0.50:0.95 | area= small | maxDets=100 ] = 0.098
 Average Precision  (AP) @[ IoU=0.50:0.95 | area=medium | maxDets=100 ] = 0.336
 Average Precision  (AP) @[ IoU=0.50:0.95 | area= large | maxDets=100 ] = 0.345
 Average Recall     (AR) @[ IoU=0.50:0.95 | area=   all | maxDets=  1 ] = 0.156
 Average Recall     (AR) @[ IoU=0.50:0.95 | area=   all | maxDets= 10 ] = 0.212
 Average Recall     (AR) @[ IoU=0.50:0.95 | area=   all | maxDets=100 ] = 0.213
 Average Recall     (AR) @[ IoU=0.50:0.95 | area= small | maxDets=100 ] = 0.098
 Average Recall     (AR) @[ IoU=0.50:0.95 | area=medium | maxDets=100 ] = 0.344
 Average Recall     (AR) @[ IoU=0.50:0.95 | area= large | maxDets=100 ] = 0.377
creating index...
index created!
Loading and preparing results...
DONE (t=0.00s)
creating index...
index created!
Running per image evaluation...
Evaluate annotation type *bbox*
DONE (t=0.05s).
Accumulating evaluation results...
DONE (t=0.07s).
 Average Precision  (AP) @[ IoU=0.50:0.95 | area=   all | maxDets=100 ] = 0.226
 Average Precision  (AP) @[ IoU=0.50      | area=   all | maxDets=100 ] = 0.329
 Average Precision  (AP) @[ IoU=0.75      | area=   all | maxDets=100 ] = 0.280
 Average Precision  (AP) @[ IoU=0.50:0.95 | area= small | maxDets=100 ] = 0.118
 Average Precision  (AP) @[ IoU=0.50:0.95 | area=medium | maxDets=100 ] = 0.427
 Average Precision  (AP) @[ IoU=0.50:0.95 | area= large | maxDets=100 ] = 0.364
 Average Recall     (AR) @[ IoU=0.50:0.95 | area=   all | maxDets=  1 ] = 0.185
 Average Recall     (AR) @[ IoU=0.50:0.95 | area=   all | maxDets= 10 ] = 0.278
 Average Recall     (AR) @[ IoU=0.50:0.95 | area=   all | maxDets=100 ] = 0.289
 Average Recall     (AR) @[ IoU=0.50:0.95 | area= small | maxDets=100 ] = 0.122
 Average Recall     (AR) @[ IoU=0.50:0.95 | area=medium | maxDets=100 ] = 0.491
 Average Recall     (AR) @[ IoU=0.50:0.95 | area= large | maxDets=100 ] = 0.442
creating index...
index created!
Loading and preparing results...
DONE (t=0.00s)
creating index...
index created!
Running per image evaluation...
Evaluate annotation type *bbox*
DONE (t=0.07s).
Accumulating evaluation results...
DONE (t=0.08s).
 Average Precision  (AP) @[ IoU=0.50:0.95 | area=   all | maxDets=100 ] = 0.246
 Average Precision  (AP) @[ IoU=0.50      | area=   all | maxDets=100 ] = 0.359
 Average Precision  (AP) @[ IoU=0.75      | area=   all | maxDets=100 ] = 0.306
 Average Precision  (AP) @[ IoU=0.50:0.95 | area= small | maxDets=100 ] = 0.120
 Average Precision  (AP) @[ IoU=0.50:0.95 | area=medium | maxDets=100 ] = 0.463
 Average Precision  (AP) @[ IoU=0.50:0.95 | area= large | maxDets=100 ] = 0.395
 Average Recall     (AR) @[ IoU=0.50:0.95 | area=   all | maxDets=  1 ] = 0.214
 Average Recall     (AR) @[ IoU=0.50:0.95 | area=   all | maxDets= 10 ] = 0.340
 Average Recall     (AR) @[ IoU=0.50:0.95 | area=   all | maxDets=100 ] = 0.353
 Average Recall     (AR) @[ IoU=0.50:0.95 | area= small | maxDets=100 ] = 0.125
 Average Recall     (AR) @[ IoU=0.50:0.95 | area=medium | maxDets=100 ] = 0.571
 Average Recall     (AR) @[ IoU=0.50:0.95 | area= large | maxDets=100 ] = 0.520
creating index...
index created!
Loading and preparing results...
DONE (t=0.00s)
creating index...
index created!
Running per image evaluation...
Evaluate annotation type *bbox*
DONE (t=0.17s).
Accumulating evaluation results...
DONE (t=0.08s).
 Average Precision  (AP) @[ IoU=0.50:0.95 | area=   all | maxDets=100 ] = 0.247
 Average Precision  (AP) @[ IoU=0.50      | area=   all | maxDets=100 ] = 0.360
 Average Precision  (AP) @[ IoU=0.75      | area=   all | maxDets=100 ] = 0.307
 Average Precision  (AP) @[ IoU=0.50:0.95 | area= small | maxDets=100 ] = 0.122
 Average Precision  (AP) @[ IoU=0.50:0.95 | area=medium | maxDets=100 ] = 0.463
 Average Precision  (AP) @[ IoU=0.50:0.95 | area= large | maxDets=100 ] = 0.395
 Average Recall     (AR) @[ IoU=0.50:0.95 | area=   all | maxDets=  1 ] = 0.214
 Average Recall     (AR) @[ IoU=0.50:0.95 | area=   all | maxDets= 10 ] = 0.342
 Average Recall     (AR) @[ IoU=0.50:0.95 | area=   all | maxDets=100 ] = 0.356
 Average Recall     (AR) @[ IoU=0.50:0.95 | area= small | maxDets=100 ] = 0.130
 Average Recall     (AR) @[ IoU=0.50:0.95 | area=medium | maxDets=100 ] = 0.574
 Average Recall     (AR) @[ IoU=0.50:0.95 | area= large | maxDets=100 ] = 0.520
creating index...
index created!
Loading and preparing results...
DONE (t=0.00s)
creating index...
index created!
Running per image evaluation...
Evaluate annotation type *bbox*
DONE (t=0.07s).
Accumulating evaluation results...
DONE (t=0.08s).
 Average Precision  (AP) @[ IoU=0.50:0.95 | area=   all | maxDets=100 ] = 0.243
 Average Precision  (AP) @[ IoU=0.50      | area=   all | maxDets=100 ] = 0.356
 Average Precision  (AP) @[ IoU=0.75      | area=   all | maxDets=100 ] = 0.303
 Average Precision  (AP) @[ IoU=0.50:0.95 | area= small | maxDets=100 ] = 0.117
 Average Precision  (AP) @[ IoU=0.50:0.95 | area=medium | maxDets=100 ] = 0.446
 Average Precision  (AP) @[ IoU=0.50:0.95 | area= large | maxDets=100 ] = 0.394
 Average Recall     (AR) @[ IoU=0.50:0.95 | area=   all | maxDets=  1 ] = 0.214
 Average Recall     (AR) @[ IoU=0.50:0.95 | area=   all | maxDets= 10 ] = 0.332
 Average Recall     (AR) @[ IoU=0.50:0.95 | area=   all | maxDets=100 ] = 0.342
 Average Recall     (AR) @[ IoU=0.50:0.95 | area= small | maxDets=100 ] = 0.124
 Average Recall     (AR) @[ IoU=0.50:0.95 | area=medium | maxDets=100 ] = 0.522
 Average Recall     (AR) @[ IoU=0.50:0.95 | area= large | maxDets=100 ] = 0.486
creating index...
index created!
Loading and preparing results...
DONE (t=0.00s)
creating index...
index created!
Running per image evaluation...
Evaluate annotation type *bbox*
DONE (t=0.08s).
Accumulating evaluation results...
DONE (t=0.08s).
 Average Precision  (AP) @[ IoU=0.50:0.95 | area=   all | maxDets=100 ] = 0.246
 Average Precision  (AP) @[ IoU=0.50      | area=   all | maxDets=100 ] = 0.359
 Average Precision  (AP) @[ IoU=0.75      | area=   all | maxDets=100 ] = 0.306
 Average Precision  (AP) @[ IoU=0.50:0.95 | area= small | maxDets=100 ] = 0.120
 Average Precision  (AP) @[ IoU=0.50:0.95 | area=medium | maxDets=100 ] = 0.463
 Average Precision  (AP) @[ IoU=0.50:0.95 | area= large | maxDets=100 ] = 0.395
 Average Recall     (AR) @[ IoU=0.50:0.95 | area=   all | maxDets=  1 ] = 0.214
 Average Recall     (AR) @[ IoU=0.50:0.95 | area=   all | maxDets= 10 ] = 0.340
 Average Recall     (AR) @[ IoU=0.50:0.95 | area=   all | maxDets=100 ] = 0.353
 Average Recall     (AR) @[ IoU=0.50:0.95 | area= small | maxDets=100 ] = 0.125
 Average Recall     (AR) @[ IoU=0.50:0.95 | area=medium | maxDets=100 ] = 0.571
 Average Recall     (AR) @[ IoU=0.50:0.95 | area= large | maxDets=100 ] = 0.520
creating index...
index created!
Loading and preparing results...
DONE (t=0.00s)
creating index...
index created!
Running per image evaluation...
Evaluate annotation type *bbox*
DONE (t=0.08s).
Accumulating evaluation results...
DONE (t=0.08s).
 Average Precision  (AP) @[ IoU=0.50:0.95 | area=   all | maxDets=100 ] = 0.241
 Average Precision  (AP) @[ IoU=0.50      | area=   all | maxDets=100 ] = 0.349
 Average Precision  (AP) @[ IoU=0.75      | area=   all | maxDets=100 ] = 0.301
 Average Precision  (AP) @[ IoU=0.50:0.95 | area= small | maxDets=100 ] = 0.120
 Average Precision  (AP) @[ IoU=0.50:0.95 | area=medium | maxDets=100 ] = 0.458
 Average Precision  (AP) @[ IoU=0.50:0.95 | area= large | maxDets=100 ] = 0.356
 Average Recall     (AR) @[ IoU=0.50:0.95 | area=   all | maxDets=  1 ] = 0.209
 Average Recall     (AR) @[ IoU=0.50:0.95 | area=   all | maxDets= 10 ] = 0.310
 Average Recall     (AR) @[ IoU=0.50:0.95 | area=   all | maxDets=100 ] = 0.325
 Average Recall     (AR) @[ IoU=0.50:0.95 | area= small | maxDets=100 ] = 0.128
 Average Recall     (AR) @[ IoU=0.50:0.95 | area=medium | maxDets=100 ] = 0.562
 Average Recall     (AR) @[ IoU=0.50:0.95 | area= large | maxDets=100 ] = 0.431
creating index...
index created!
Loading and preparing results...
DONE (t=0.00s)
creating index...
index created!
Running per image evaluation...
Evaluate annotation type *bbox*
DONE (t=0.08s).
Accumulating evaluation results...
DONE (t=0.08s).
 Average Precision  (AP) @[ IoU=0.50:0.95 | area=   all | maxDets=100 ] = 0.238
 Average Precision  (AP) @[ IoU=0.50      | area=   all | maxDets=100 ] = 0.342
 Average Precision  (AP) @[ IoU=0.75      | area=   all | maxDets=100 ] = 0.301
 Average Precision  (AP) @[ IoU=0.50:0.95 | area= small | maxDets=100 ] = 0.118
 Average Precision  (AP) @[ IoU=0.50:0.95 | area=medium | maxDets=100 ] = 0.451
 Average Precision  (AP) @[ IoU=0.50:0.95 | area= large | maxDets=100 ] = 0.350
 Average Recall     (AR) @[ IoU=0.50:0.95 | area=   all | maxDets=  1 ] = 0.209
 Average Recall     (AR) @[ IoU=0.50:0.95 | area=   all | maxDets= 10 ] = 0.302
 Average Recall     (AR) @[ IoU=0.50:0.95 | area=   all | maxDets=100 ] = 0.322
 Average Recall     (AR) @[ IoU=0.50:0.95 | area= small | maxDets=100 ] = 0.128
 Average Recall     (AR) @[ IoU=0.50:0.95 | area=medium | maxDets=100 ] = 0.552
 Average Recall     (AR) @[ IoU=0.50:0.95 | area= large | maxDets=100 ] = 0.453
{
  "checkpoint_path": "/home/lidz/YOLO/yolo_final/outputs/dual_scale_three_box_coco_only_noobj1_416_basic_aug_v2_no_noise_40_ddp_20260510_231343/best.pth",
  "config_path": "/home/lidz/YOLO/yolo_final/configs/dual_scale_three_box_coco_only_noobj1_416_basic_aug_v2_no_noise_40.toml",
  "manifest_path": "/home/lidz/YOLO/DataSet/Unified/manifests/coco2017_val.jsonl",
  "max_samples": 12,
  "packed_index": "/home/lidz/YOLO/DataSet/Unified/packed/pt/coco2017_val/chunk_1024/index.json",
  "prediction_stats": {
    "prediction_count": 1200,
    "predictions_per_image": {
      "max": 100,
      "mean": 100.0,
      "min": 100
    },
    "samples": 12,
    "score_quantiles": {
      "0.0": 0.0006202734657563269,
      "0.25": 0.04560570791363716,
      "0.5": 0.09866735339164734,
      "0.75": 0.20556166768074036,
      "0.9": 0.37475624680519104,
      "0.95": 0.48161429166793823,
      "0.99": 0.7562462687492371
    },
    "top_predicted_classes": [
      {
        "class_id": 0,
        "count": 263
      },
      {
        "class_id": 73,
        "count": 119
      },
      {
        "class_id": 41,
        "count": 48
      },
      {
        "class_id": 56,
        "count": 48
      },
      {
        "class_id": 2,
        "count": 46
      },
      {
        "class_id": 9,
        "count": 41
      },
      {
        "class_id": 39,
        "count": 38
      },
      {
        "class_id": 46,
        "count": 37
      },
      {
        "class_id": 61,
        "count": 34
      },
      {
        "class_id": 71,
        "count": 33
      },
      {
        "class_id": 72,
        "count": 29
      },
      {
        "class_id": 45,
        "count": 28
      },
      {
        "class_id": 69,
        "count": 24
      },
      {
        "class_id": 58,
        "count": 22
      },
      {
        "class_id": 3,
        "count": 22
      }
    ]
  },
  "storage_mode": "pt",
  "sweeps": {
    "nms_iou_threshold": [
      {
        "coco_ap": 0.24333451779821658,
        "coco_ap50": 0.3556474685249079,
        "coco_ap75": 0.3034531696954779,
        "coco_ap_large": 0.3944546597516894,
        "coco_ap_medium": 0.4455849759996885,
        "coco_ap_small": 0.1166259329479414,
        "coco_ar1": 0.21395962275272623,
        "coco_ar10": 0.3322074860005894,
        "coco_ar100": 0.3418449749484232,
        "coco_ar_large": 0.4862433862433862,
        "coco_ar_medium": 0.5216666666666667,
        "coco_ar_small": 0.12385642135642135,
        "num_predictions": 796.0,
        "num_samples": 12.0,
        "value": 0.4
      },
      {
        "coco_ap": 0.24646344930262526,
        "coco_ap50": 0.3593026740420167,
        "coco_ap75": 0.30646662171829253,
        "coco_ap_large": 0.39538058567761536,
        "coco_ap_medium": 0.4625683424888117,
        "coco_ap_small": 0.12036082894740896,
        "coco_ar1": 0.21395962275272623,
        "coco_ar10": 0.340010315355143,
        "coco_ar100": 0.35283082817565575,
        "coco_ar_large": 0.5195767195767196,
        "coco_ar_medium": 0.5712037037037037,
        "coco_ar_small": 0.12474025974025973,
        "num_predictions": 871.0,
        "num_samples": 12.0,
        "value": 0.5
      },
      {
        "coco_ap": 0.2410549443344288,
        "coco_ap50": 0.3488362934799204,
        "coco_ap75": 0.30106321726625435,
        "coco_ap_large": 0.35647336162187643,
        "coco_ap_medium": 0.4583309461266955,
        "coco_ap_small": 0.11964973204362973,
        "coco_ar1": 0.20878720895962277,
        "coco_ar10": 0.30981579722959035,
        "coco_ar100": 0.32511199528440904,
        "coco_ar_large": 0.4306878306878307,
        "coco_ar_medium": 0.5619444444444445,
        "coco_ar_small": 0.1275901875901876,
        "num_predictions": 951.0,
        "num_samples": 12.0,
        "value": 0.6
      },
      {
        "coco_ap": 0.2377675040187406,
        "coco_ap50": 0.34175687792021353,
        "coco_ap75": 0.30085951474060924,
        "coco_ap_large": 0.350493632696603,
        "coco_ap_medium": 0.45075805904656935,
        "coco_ap_small": 0.11816919982055392,
        "coco_ar1": 0.20878720895962277,
        "coco_ar10": 0.3023224285293251,
        "coco_ar100": 0.3221279104037725,
        "coco_ar_large": 0.4529100529100529,
        "coco_ar_medium": 0.5517592592592593,
        "coco_ar_small": 0.12847402597402596,
        "num_predictions": 1040.0,
        "num_samples": 12.0,
        "value": 0.7
      }
    ],
    "score_threshold": [
      {
        "coco_ap": 0.24686216774216208,
        "coco_ap50": 0.3602823822077358,
        "coco_ap75": 0.30681597501769625,
        "coco_ap_large": 0.39538058567761536,
        "coco_ap_medium": 0.4625683424888117,
        "coco_ap_small": 0.12200627920672061,
        "coco_ar1": 0.21395962275272623,
        "coco_ar10": 0.340010315355143,
        "coco_ar100": 0.3562791040377247,
        "coco_ar_large": 0.5195767195767196,
        "coco_ar_medium": 0.5712037037037037,
        "coco_ar_small": 0.13188311688311688,
        "num_predictions": 1087.0,
        "num_samples": 12.0,
        "value": 0.01
      },
      {
        "coco_ap": 0.24669926277972276,
        "coco_ap50": 0.3597393656662714,
        "coco_ap75": 0.30681597501769625,
        "coco_ap_large": 0.39538058567761536,
        "coco_ap_medium": 0.4625683424888117,
        "coco_ap_small": 0.1213164739624599,
        "coco_ar1": 0.21395962275272623,
        "coco_ar10": 0.340010315355143,
        "coco_ar100": 0.3551296787503684,
        "coco_ar_large": 0.5195767195767196,
        "coco_ar_medium": 0.5712037037037037,
        "coco_ar_small": 0.1295021645021645,
        "num_predictions": 1003.0,
        "num_samples": 12.0,
        "value": 0.03
      },
      {
        "coco_ap": 0.24646344930262526,
        "coco_ap50": 0.3593026740420167,
        "coco_ap75": 0.30646662171829253,
        "coco_ap_large": 0.39538058567761536,
        "coco_ap_medium": 0.4625683424888117,
        "coco_ap_small": 0.12036082894740896,
        "coco_ar1": 0.21395962275272623,
        "coco_ar10": 0.340010315355143,
        "coco_ar100": 0.35283082817565575,
        "coco_ar_large": 0.5195767195767196,
        "coco_ar_medium": 0.5712037037037037,
        "coco_ar_small": 0.12474025974025973,
        "num_predictions": 871.0,
        "num_samples": 12.0,
        "value": 0.05
      },
      {
        "coco_ap": 0.24453272015321076,
        "coco_ap50": 0.35541338334534345,
        "coco_ap75": 0.3041917492006148,
        "coco_ap_large": 0.39538058567761536,
        "coco_ap_medium": 0.4529073763922021,
        "coco_ap_small": 0.12036082894740896,
        "coco_ar1": 0.20878720895962277,
        "coco_ar10": 0.3322516946654878,
        "coco_ar100": 0.34507220748600054,
        "coco_ar_large": 0.5195767195767196,
        "coco_ar_medium": 0.5434259259259259,
        "coco_ar_small": 0.12474025974025973,
        "num_predictions": 592.0,
        "num_samples": 12.0,
        "value": 0.1
      },
      {
        "coco_ap": 0.22619293631506857,
        "coco_ap50": 0.32422402807375583,
        "coco_ap75": 0.2849259889531905,
        "coco_ap_large": 0.37587458745874586,
        "coco_ap_medium": 0.4143210177563384,
        "coco_ap_small": 0.10467266149120755,
        "coco_ar1": 0.1777527262010021,
        "coco_ar10": 0.2782618626584144,
        "coco_ar100": 0.29072870615974067,
        "coco_ar_large": 0.4211640211640212,
        "coco_ar_medium": 0.4439814814814814,
        "coco_ar_small": 0.10648629148629148,
        "num_predictions": 311.0,
        "num_samples": 12.0,
        "value": 0.2
      },
      {
        "coco_ap": 0.19685668365748468,
        "coco_ap50": 0.2792884688542371,
        "coco_ap75": 0.24683584291841787,
        "coco_ap_large": 0.32805280528052805,
        "coco_ap_medium": 0.357075511580462,
        "coco_ap_small": 0.09467115078854824,
        "coco_ar1": 0.14742558208075449,
        "coco_ar10": 0.20125036840554084,
        "coco_ar100": 0.2093847627468317,
        "coco_ar_large": 0.3275132275132275,
        "coco_ar_medium": 0.36203703703703705,
        "coco_ar_small": 0.09535714285714285,
        "num_predictions": 175.0,
        "num_samples": 12.0,
        "value": 0.3
      }
    ],
    "top_k": [
      {
        "coco_ap": 0.17844592956994088,
        "coco_ap50": 0.2539243440721806,
        "coco_ap75": 0.22838730336303256,
        "coco_ap_large": 0.3453190319031903,
        "coco_ap_medium": 0.336002483851624,
        "coco_ap_small": 0.0977357429620513,
        "coco_ar1": 0.15591364574123195,
        "coco_ar10": 0.2116062481579723,
        "coco_ar100": 0.21257883878573533,
        "coco_ar_large": 0.37671957671957673,
        "coco_ar_medium": 0.34388888888888886,
        "coco_ar_small": 0.0980988455988456,
        "num_predictions": 240.0,
        "num_samples": 12.0,
        "value": 20
      },
      {
        "coco_ap": 0.22636785043015975,
        "coco_ap50": 0.32923381614381475,
        "coco_ap75": 0.27979887396953357,
        "coco_ap_large": 0.36389910419613386,
        "coco_ap_medium": 0.4265872443790007,
        "coco_ap_small": 0.11766536124356851,
        "coco_ar1": 0.18464927792514002,
        "coco_ar10": 0.27822870615974066,
        "coco_ar100": 0.289192455054524,
        "coco_ar_large": 0.44179894179894175,
        "coco_ar_medium": 0.4906481481481481,
        "coco_ar_small": 0.12170995670995671,
        "num_predictions": 542.0,
        "num_samples": 12.0,
        "value": 50
      },
      {
        "coco_ap": 0.24646344930262526,
        "coco_ap50": 0.3593026740420167,
        "coco_ap75": 0.30646662171829253,
        "coco_ap_large": 0.39538058567761536,
        "coco_ap_medium": 0.4625683424888117,
        "coco_ap_small": 0.12036082894740896,
        "coco_ar1": 0.21395962275272623,
        "coco_ar10": 0.340010315355143,
        "coco_ar100": 0.35283082817565575,
        "coco_ar_large": 0.5195767195767196,
        "coco_ar_medium": 0.5712037037037037,
        "coco_ar_small": 0.12474025974025973,
        "num_predictions": 871.0,
        "num_samples": 12.0,
        "value": 100
      },
      {
        "coco_ap": 0.24689838752201418,
        "coco_ap50": 0.3601053711505163,
        "coco_ap75": 0.3070604742069897,
        "coco_ap_large": 0.39538058567761536,
        "coco_ap_medium": 0.4628820527216236,
        "coco_ap_small": 0.12203881613388272,
        "coco_ar1": 0.21395962275272623,
        "coco_ar10": 0.34230916592985555,
        "coco_ar100": 0.3557486000589449,
        "coco_ar_large": 0.5195767195767196,
        "coco_ar_medium": 0.5735185185185184,
        "coco_ar_small": 0.12989898989898988,
        "num_predictions": 1112.0,
        "num_samples": 12.0,
        "value": 200
      }
    ]
  },
  "visualization_config": {
    "nms_iou_threshold": 0.5,
    "score_alpha": 2.0,
    "score_beta": 1.0,
    "score_threshold": 0.5,
    "show_gt": false,
    "top_k": 10
  },
  "visualizations": [
    "/home/lidz/YOLO/yolo_final/outputs/evaluations/dual_scale_three_box_coco_only_noobj1_416_basic_aug_v2_no_noise_40_ddp_20260510_231343_display_pred_only_vis12/coco2017_val_000000397133.png",
    "/home/lidz/YOLO/yolo_final/outputs/evaluations/dual_scale_three_box_coco_only_noobj1_416_basic_aug_v2_no_noise_40_ddp_20260510_231343_display_pred_only_vis12/coco2017_val_000000037777.png",
    "/home/lidz/YOLO/yolo_final/outputs/evaluations/dual_scale_three_box_coco_only_noobj1_416_basic_aug_v2_no_noise_40_ddp_20260510_231343_display_pred_only_vis12/coco2017_val_000000252219.png",
    "/home/lidz/YOLO/yolo_final/outputs/evaluations/dual_scale_three_box_coco_only_noobj1_416_basic_aug_v2_no_noise_40_ddp_20260510_231343_display_pred_only_vis12/coco2017_val_000000087038.png",
    "/home/lidz/YOLO/yolo_final/outputs/evaluations/dual_scale_three_box_coco_only_noobj1_416_basic_aug_v2_no_noise_40_ddp_20260510_231343_display_pred_only_vis12/coco2017_val_000000174482.png",
    "/home/lidz/YOLO/yolo_final/outputs/evaluations/dual_scale_three_box_coco_only_noobj1_416_basic_aug_v2_no_noise_40_ddp_20260510_231343_display_pred_only_vis12/coco2017_val_000000403385.png",
    "/home/lidz/YOLO/yolo_final/outputs/evaluations/dual_scale_three_box_coco_only_noobj1_416_basic_aug_v2_no_noise_40_ddp_20260510_231343_display_pred_only_vis12/coco2017_val_000000006818.png",
    "/home/lidz/YOLO/yolo_final/outputs/evaluations/dual_scale_three_box_coco_only_noobj1_416_basic_aug_v2_no_noise_40_ddp_20260510_231343_display_pred_only_vis12/coco2017_val_000000480985.png",
    "/home/lidz/YOLO/yolo_final/outputs/evaluations/dual_scale_three_box_coco_only_noobj1_416_basic_aug_v2_no_noise_40_ddp_20260510_231343_display_pred_only_vis12/coco2017_val_000000458054.png",
    "/home/lidz/YOLO/yolo_final/outputs/evaluations/dual_scale_three_box_coco_only_noobj1_416_basic_aug_v2_no_noise_40_ddp_20260510_231343_display_pred_only_vis12/coco2017_val_000000331352.png",
    "/home/lidz/YOLO/yolo_final/outputs/evaluations/dual_scale_three_box_coco_only_noobj1_416_basic_aug_v2_no_noise_40_ddp_20260510_231343_display_pred_only_vis12/coco2017_val_000000296649.png",
    "/home/lidz/YOLO/yolo_final/outputs/evaluations/dual_scale_three_box_coco_only_noobj1_416_basic_aug_v2_no_noise_40_ddp_20260510_231343_display_pred_only_vis12/coco2017_val_000000386912.png"
  ]
}
pred_only_vis12_exit=0
stage=loss_curves
outputs/evaluations/dual_scale_three_box_coco_only_noobj1_416_basic_aug_v2_no_noise_40_ddp_20260510_231343_loss_curves.png
loss_curves_exit=0
